group,height,nonce,nonce_lsb,lsb_pass,inner_range_pass,extra_nonce,interpolation_role,interpolation_supported,anchor_left,anchor_right,predicted_extra_nonce,anchor_increment,absolute_residual,scaled_residual,extra_nonce_fit,combined_fit
unlisted_controls,28,2396281646,46,True,True,9,unlisted_controls,True,27,30,32.64166851564234,17,23.641668515642337,1.3906863832730787,False,False
unlisted_controls,164,672269844,20,True,True,8,unlisted_controls,False,,,,,,,,
unlisted_controls,165,4078834216,40,True,True,1,unlisted_controls,False,,,,,,,,
unlisted_controls,168,1647037482,42,True,True,3,unlisted_controls,True,167,171,4.319945541184479,10,1.3199455411844792,0.1319945541184479,True,True
unlisted_controls,172,1565279797,53,True,True,6,unlisted_controls,True,171,177,14.70131885182312,8,8.70131885182312,1.08766485647789,False,False
unlisted_controls,174,257790258,50,True,True,19,unlisted_controls,True,171,177,16.265321955003877,8,2.734678044996123,0.3418347556245154,True,True
unlisted_controls,176,1720267529,9,True,True,18,unlisted_controls,True,171,177,19.804499612102404,8,1.8044996121024042,0.22556245151280052,True,True
unlisted_controls,178,4117295153,49,True,True,5,unlisted_controls,True,177,180,23.784455958549223,9,18.784455958549223,2.087161773172136,False,False
unlisted_controls,188,3644554265,25,True,True,3,unlisted_controls,True,187,191,28.525695931477514,7,25.525695931477514,3.6465279902110734,False,False
unlisted_controls,189,1723050534,38,True,True,11,unlisted_controls,True,187,191,30.414346895074946,7,19.414346895074946,2.7734781278678495,False,False
unlisted_controls,193,4006026267,27,True,True,15,unlisted_controls,True,191,200,38.82428157131558,23,23.82428157131558,1.0358383291876339,False,False
unlisted_controls,197,2505039909,37,True,True,31,unlisted_controls,True,191,200,50.5183232269971,23,19.518323226997097,0.8486227489998738,False,False
unlisted_controls,240,80963888,48,True,True,11,unlisted_controls,True,237,241,226.3590848806366,7,215.3590848806366,30.765583554376658,False,False
unlisted_controls,394,94149160,40,True,True,9,unlisted_controls,True,392,395,607.4577464788732,9,598.4577464788732,66.49530516431925,False,False
unlisted_controls,413,158214437,37,True,True,64,unlisted_controls,True,412,415,728.741717791411,23,664.741717791411,28.90181381701787,False,False
unlisted_controls,651,135772446,30,True,True,21,unlisted_controls,True,650,652,1928.357762777242,9,1907.357762777242,211.92864030858243,False,False
unlisted_controls,730,185079318,22,True,True,16,unlisted_controls,True,727,731,62.71046025104602,12,46.71046025104602,3.892538354253835,False,False
unlisted_controls,821,20190514,50,True,True,10,unlisted_controls,True,820,822,474.6508620689655,1,464.6508620689655,116.16271551724138,False,False
unlisted_controls,905,54277128,8,True,True,112,unlisted_controls,True,902,906,961.7093160377359,31,849.7093160377359,27.409977936701157,False,False
unlisted_controls,927,18964486,6,True,True,116,unlisted_controls,True,926,930,1030.1620314389359,16,914.1620314389359,57.13512696493349,False,False
unlisted_controls,1091,138337565,29,True,True,301,unlisted_controls,True,1090,1092,1773.5907029478458,11,1472.5907029478458,133.8718820861678,False,False
unlisted_controls,1123,1046042,26,True,True,306,unlisted_controls,True,1122,1126,1885.0221402214022,6,1579.0221402214022,263.17035670356705,False,False
unlisted_controls,1260,20944946,50,True,True,418,unlisted_controls,True,1257,1261,2456.521503555706,39,2038.5215035557062,52.269782142454005,False,False
unlisted_controls,1296,248236551,7,True,True,119,unlisted_controls,False,,,,,,,,
unlisted_controls,1378,16088840,8,True,True,109,unlisted_controls,True,1377,1380,435.56281407035175,12,326.56281407035175,27.213567839195978,False,False
unlisted_controls,1389,385822774,54,True,True,602,unlisted_controls,False,,,,,,,,
unlisted_controls,1486,57975843,35,True,True,841,unlisted_controls,True,1485,1490,264.40053050397876,10,576.5994694960212,57.65994694960212,False,False
unlisted_controls,1525,68958504,40,True,True,880,unlisted_controls,True,1517,1526,341.2523419203747,26,538.7476580796254,20.721063772293284,False,False
unlisted_controls,1568,88900121,25,True,True,173,unlisted_controls,False,,,,,,,,
unlisted_controls,1964,3414062,46,True,True,12,unlisted_controls,True,1962,1965,237.18214607754734,5,225.18214607754734,45.03642921550947,False,False
unlisted_controls,2133,2873511687,7,True,True,9,unlisted_controls,True,2131,2142,41.19364840740393,1,32.19364840740393,8.048412101850982,False,False
unlisted_controls,2138,316622085,5,True,True,23,unlisted_controls,True,2131,2142,41.626139246453064,1,18.626139246453064,4.656534811613266,False,False
unlisted_controls,2139,1822693891,3,True,True,27,unlisted_controls,True,2131,2142,41.693507469698396,1,14.693507469698396,3.673376867424599,False,False
unlisted_controls,2172,2699047713,33,True,True,11,unlisted_controls,False,,,,,,,,
unlisted_controls,2284,4677151,31,True,True,320,unlisted_controls,True,2282,2285,375.64885496183206,16,55.64885496183206,3.4780534351145036,False,False
unlisted_controls,2502,1568284,28,True,True,1331,unlisted_controls,True,2497,2505,292.6463367855773,28,1038.3536632144228,37.0840594005151,False,False
unlisted_controls,2731,116797992,40,True,True,806,unlisted_controls,True,2730,2732,1335.195945945946,11,529.195945945946,48.10872235872237,False,False
unlisted_controls,2771,53677065,9,True,True,217,unlisted_controls,True,2770,2776,1493.1792395896198,25,1276.1792395896198,51.04716958358479,False,False
unlisted_controls,2959,36337700,36,True,True,421,unlisted_controls,True,2957,2960,192.76699029126215,8,228.23300970873785,28.52912621359223,False,False
unlisted_controls,3124,83125034,42,True,True,586,unlisted_controls,True,3122,3125,394.9716908951798,14,191.0283091048202,13.644879221772872,False,False
unlisted_controls,3142,21853219,35,True,True,37,unlisted_controls,True,3140,3145,460.34671532846716,15,423.34671532846716,28.223114355231143,False,False
unlisted_controls,3174,156768307,51,True,True,1266,unlisted_controls,True,3172,3175,584.1205151793928,13,681.8794848206072,52.45226806312363,False,False
unlisted_controls,3276,80553522,50,True,True,100,unlisted_controls,True,3272,3277,998.7155071900505,26,898.7155071900505,34.565981045771174,False,False
unlisted_controls,3391,72173587,19,True,False,45,unlisted_controls,True,3386,3392,1434.4840294840294,5,1389.4840294840294,277.89680589680586,False,False
unlisted_controls,3419,55860523,43,True,True,73,unlisted_controls,True,3417,3420,1513.4782608695652,8,1440.4782608695652,180.05978260869566,False,False
unlisted_controls,3473,65872156,28,True,True,1569,unlisted_controls,True,3471,3475,1700.901098901099,13,131.90109890109898,10.146238377007613,False,False
unlisted_controls,3518,97773854,30,True,True,280,unlisted_controls,True,3517,3520,1906.504324934186,4,1626.504324934186,406.6260812335465,False,False
unlisted_controls,3596,2609940,20,True,True,292,unlisted_controls,True,3595,3597,2196.2717647058826,7,1904.2717647058826,272.0388235294118,False,False
unlisted_controls,3672,130330643,19,True,True,62,unlisted_controls,True,3671,3675,2437.424708226587,37,2375.424708226587,64.20066778990775,False,False
unlisted_controls,3683,126417195,43,True,True,1781,unlisted_controls,True,3681,3687,2516.959521619135,4,735.9595216191351,183.98988040478378,False,False
unlisted_controls,3700,76897833,41,True,True,21,unlisted_controls,True,3696,3702,2556.093404953745,19,2535.093404953745,133.42596868177606,False,False
unlisted_controls,3701,153547316,52,True,True,1799,unlisted_controls,True,3696,3702,2559.1098179647865,19,760.1098179647865,40.0057798928835,False,False
unlisted_controls,3994,77379356,28,True,True,26,unlisted_controls,True,3991,3995,1071.2698898408812,17,1045.2698898408812,61.48646410828713,False,False
unlisted_controls,4004,42981165,45,True,True,396,unlisted_controls,True,4001,4005,1116.4386281588447,15,720.4386281588447,48.02924187725632,False,False
unlisted_controls,4074,267591433,9,True,True,420,unlisted_controls,True,4072,4076,1424.8135135135135,1,1004.8135135135135,251.20337837837837,False,False
unlisted_controls,4240,375438360,24,True,True,63,unlisted_controls,True,4237,4241,2006.8704545454545,9,1943.8704545454545,215.98560606060607,False,False
unlisted_controls,4283,69534995,19,True,False,73,unlisted_controls,True,4281,4285,2171.625137816979,4,2098.625137816979,524.6562844542448,False,False
unlisted_controls,4303,229817889,33,True,True,2403,unlisted_controls,False,,,,,,,,
unlisted_controls,4304,3153635875,35,True,True,1,unlisted_controls,False,,,,,,,,
unlisted_controls,4332,184115757,45,True,True,176,unlisted_controls,True,4331,4335,82.88196218702095,2,93.11803781297905,23.279509453244764,False,False
unlisted_controls,4391,230206978,2,True,True,2491,unlisted_controls,True,4390,4392,296.988358556461,18,2194.011641443539,121.88953563575215,False,False
unlisted_controls,4410,11741210,26,True,True,884,unlisted_controls,True,4407,4411,374.6796338672769,15,509.3203661327231,33.95469107551487,False,False
unlisted_controls,4438,46459443,51,True,True,35,unlisted_controls,True,4437,4440,453.6896551724138,2,418.6896551724138,104.67241379310344,False,False
unlisted_controls,4466,180514086,38,True,True,815,unlisted_controls,True,4465,4467,574.9430008382229,10,240.05699916177707,24.005699916177708,False,False
unlisted_controls,4495,52950309,37,True,True,844,unlisted_controls,True,4492,4497,708.2823104693141,13,135.7176895306859,10.439822271591224,False,False
unlisted_controls,4603,39272725,21,True,True,18,unlisted_controls,True,4602,4605,220.18384401114207,20,202.18384401114207,10.109192200557104,False,False
unlisted_controls,4679,80877333,21,True,True,2783,unlisted_controls,True,4677,4680,565.5284872298624,3,2217.4715127701375,554.3678781925344,False,False
unlisted_controls,4879,178862852,4,True,True,2983,unlisted_controls,True,4877,4880,1396.2619240097008,10,1586.7380759902992,158.6738075990299,False,False
unlisted_controls,4941,62759738,58,True,False,969,unlisted_controls,True,4940,4942,1598.385731559855,3,629.385731559855,157.34643288996375,False,False
unlisted_controls,4991,19900704,32,True,True,58,unlisted_controls,True,4990,4996,1766.6554174067496,13,1708.6554174067496,131.43503210821152,False,False
unlisted_controls,5030,36008227,35,True,True,1381,unlisted_controls,True,5027,5031,1937.6026637069922,21,556.6026637069922,26.50488874795201,False,False
unlisted_controls,5034,299045632,0,True,True,3139,unlisted_controls,True,5032,5036,1953.719254032258,11,1185.280745967742,107.75279508797654,False,False
unlisted_controls,5099,53635115,43,True,True,3204,unlisted_controls,True,5097,5100,2292.4625492772666,18,911.5374507227334,50.6409694845963,False,False
unlisted_controls,5130,79208470,22,True,True,12,unlisted_controls,True,5126,5132,2425.733333333333,5,2413.733333333333,482.7466666666666,False,False
unlisted_controls,5172,118559257,25,True,True,16,unlisted_controls,False,,,,,,,,
unlisted_controls,5521,116596275,51,True,True,70,unlisted_controls,True,5520,5522,1552.8643578643578,2,1482.8643578643578,370.71608946608944,False,False
unlisted_controls,5709,147556867,3,True,True,16,unlisted_controls,True,5707,5710,2454.5835820895522,7,2438.5835820895522,348.36908315565034,False,False
unlisted_controls,6062,350300473,57,True,True,552,unlisted_controls,True,6061,6066,1555.8733526197364,28,1003.8733526197364,35.85261973641916,False,False
unlisted_controls,6190,45344044,44,True,True,108,unlisted_controls,True,6187,6191,2129.208695652174,7,2021.208695652174,288.74409937888197,False,False
unlisted_controls,6303,112076601,57,True,True,2662,unlisted_controls,True,6302,6305,47.71211022480058,11,2614.2878897751993,237.66253543410903,False,False
unlisted_controls,6387,45179179,43,True,True,232,unlisted_controls,True,6386,6391,399.6032028469751,19,167.60320284697508,8.821221202472373,False,False
unlisted_controls,6401,219758615,23,True,True,2762,unlisted_controls,True,6400,6402,476.23395445134577,16,2285.7660455486543,142.8603778467909,False,False
unlisted_controls,6446,77811988,20,True,True,38,unlisted_controls,True,6445,6447,644.2821397756687,1,606.2821397756687,151.57053494391718,False,False
unlisted_controls,6465,123281456,48,True,True,58,unlisted_controls,True,6460,6466,715.4134328358209,2,657.4134328358209,164.35335820895523,False,False
unlisted_controls,6473,7101702,6,True,True,26,unlisted_controls,True,6472,6475,732.2151344590369,8,706.2151344590369,88.27689180737961,False,False
unlisted_controls,6499,58841877,21,True,True,2861,unlisted_controls,True,6497,6501,939.9231536926147,23,1921.0768463073853,83.52508027423414,False,False
unlisted_controls,6620,122928671,31,True,True,160,unlisted_controls,True,6617,6621,1399.3839891451833,24,1239.3839891451833,51.64099954771597,False,False
unlisted_controls,6880,6678317,45,True,True,116,unlisted_controls,True,6877,6881,2609.9578947368423,18,2493.9578947368423,138.55321637426903,False,False
unlisted_controls,6955,49898549,53,True,True,189,unlisted_controls,True,6952,6956,365.0392803598201,12,176.0392803598201,14.669940029985009,False,False
unlisted_controls,7097,29526804,20,True,True,48,unlisted_controls,True,7095,7102,1002.0125744540039,8,954.0125744540039,119.25157180675049,False,False
unlisted_controls,7262,155582234,26,True,True,98,unlisted_controls,True,7261,7265,1719.212030970816,18,1621.212030970816,90.06733505393422,False,False
unlisted_controls,7309,345388826,26,True,True,47,unlisted_controls,True,7307,7310,1972.93850042123,14,1925.93850042123,137.56703574437356,False,False
unlisted_controls,7322,15175451,27,True,True,758,unlisted_controls,True,7321,7325,2021.4148259078997,30,1263.4148259078997,42.11382753026332,False,False
unlisted_controls,7494,191062833,49,True,True,740,unlisted_controls,True,7492,7495,218.86503067484662,18,521.1349693251534,28.9519427402863,False,False
unlisted_controls,7556,110118423,23,True,True,802,unlisted_controls,True,7555,7557,510.9985984583041,5,291.0014015416959,58.200280308339174,False,False
unlisted_controls,7719,49877300,52,True,True,2264,unlisted_controls,True,7717,7720,1162.2132442284326,17,1101.7867557715674,64.81098563362161,False,False
unlisted_controls,7852,75496996,36,True,True,34,unlisted_controls,True,7851,7855,1736.953481392557,9,1702.953481392557,189.21705348806188,False,False
unlisted_controls,7976,24279841,33,True,True,313,unlisted_controls,True,7975,7980,2301.404296875,9,1988.404296875,220.93381076388889,False,False
unlisted_controls,8003,133968134,6,True,True,153,unlisted_controls,True,8001,8005,2422.4922547332185,20,2269.4922547332185,113.47461273666093,False,False
unlisted_controls,8115,76641323,43,True,True,123,unlisted_controls,True,8112,8116,337.98984771573606,11,214.98984771573606,19.54453161052146,False,False
unlisted_controls,8221,269494784,0,True,True,230,unlisted_controls,True,8210,8232,772.1774057419578,97,542.1774057419578,5.589457791154205,False,False
unlisted_controls,8229,886930999,55,True,True,1164,unlisted_controls,True,8210,8232,812.1410031131096,97,351.8589968868904,3.627412339040107,False,False
unlisted_controls,8272,31367470,46,True,True,335,unlisted_controls,True,8271,8275,980.8550724637681,10,645.8550724637681,64.5855072463768,False,False
unlisted_controls,8301,236367131,27,True,True,639,unlisted_controls,True,8300,8302,1066.1673003802282,5,427.1673003802282,85.43346007604563,False,False
unlisted_controls,8358,4350514,50,True,True,366,unlisted_controls,True,8355,8360,1332.4894613583137,12,966.4894613583137,80.54078844652615,False,False
unlisted_controls,8397,64891934,30,True,True,1334,unlisted_controls,True,8396,8400,1522.0543401552575,15,188.05434015525748,12.5369560103505,False,False
unlisted_controls,8413,399207200,32,True,True,420,unlisted_controls,True,8412,8416,1610.30883998508,5,1190.30883998508,238.06176799701603,False,False
unlisted_controls,8426,16279554,2,True,True,1363,unlisted_controls,True,8422,8431,1662.633190883191,31,299.633190883191,9.665586802683581,False,False
unlisted_controls,8602,7966757,37,True,True,1689,unlisted_controls,True,8601,8605,2432.3700348432058,9,743.3700348432058,82.59667053813398,False,False
unlisted_controls,8649,1790460470,54,True,True,8,unlisted_controls,False,,,,,,,,
unlisted_controls,8692,138250240,0,True,True,1016,unlisted_controls,True,8691,8695,194.1421341206242,24,821.8578658793758,34.24407774497399,False,False
unlisted_controls,8703,318440980,20,True,True,707,unlisted_controls,True,8702,8705,244.8120640131309,7,462.1879359868691,66.02684799812415,False,False
unlisted_controls,8714,143663156,52,True,True,1038,unlisted_controls,True,8712,8715,291.3444613050076,13,746.6555386949924,57.43504143807634,False,False
unlisted_controls,8854,25023493,5,True,True,174,unlisted_controls,True,8852,8855,925.6766211604096,7,751.6766211604096,107.38237445148708,False,False
unlisted_controls,8992,266036511,31,True,True,1317,unlisted_controls,True,8991,8996,1596.1821104940077,26,279.1821104940077,10.737773480538758,False,False
unlisted_controls,9002,67338003,19,True,False,86,unlisted_controls,True,9001,9005,1642.9214567792892,12,1556.9214567792892,129.74345473160744,False,False
unlisted_controls,9247,25763886,46,True,True,3798,unlisted_controls,True,9246,9250,234.88248337028824,12,3563.1175166297116,296.92645971914266,False,False
unlisted_controls,9438,370767916,44,True,True,75,unlisted_controls,True,9437,9440,1123.8584367661858,17,1048.8584367661858,61.697555103893286,False,False
unlisted_controls,9534,28804383,31,True,True,116,unlisted_controls,True,9532,9535,1495.6361731843576,5,1379.6361731843576,275.9272346368715,False,False
unlisted_controls,9576,68294184,40,True,True,1876,unlisted_controls,False,,,,,,,,
unlisted_controls,9739,33105665,1,True,True,4291,unlisted_controls,True,9737,9740,2365.258107213766,17,1925.741892786234,113.27893486977848,False,False
unlisted_controls,9856,316002091,43,True,True,221,unlisted_controls,True,9855,9860,355.4663271080928,5,134.4663271080928,26.89326542161856,False,False
unlisted_controls,10015,182831363,3,True,True,493,unlisted_controls,True,10012,10016,937.9807273857631,15,444.9807273857631,29.66538182571754,False,False
unlisted_controls,10196,42363186,50,True,True,4748,unlisted_controls,True,10195,10197,1908.0684931506848,2,2839.931506849315,709.9828767123288,False,False
unlisted_controls,10217,14767412,52,True,True,692,unlisted_controls,True,10216,10220,2013.2623456790122,17,1321.2623456790122,77.7213144517066,False,False
unlisted_controls,10234,238494996,20,True,True,709,unlisted_controls,True,10232,10235,2079.657235246564,1,1370.6572352465641,342.66430881164104,False,False
unlisted_controls,10318,15620122,26,True,True,43,unlisted_controls,True,10317,10320,2449.252669039146,8,2406.252669039146,300.78158362989325,False,False
unlisted_controls,10457,24048411,27,True,True,824,unlisted_controls,True,10456,10460,476.65909090909093,16,347.34090909090907,21.708806818181817,False,False
unlisted_controls,10551,34539542,22,True,True,1001,unlisted_controls,True,10550,10552,862.1604754829124,1,138.83952451708763,34.709881129271906,False,False
unlisted_controls,10644,154601728,0,True,True,1095,unlisted_controls,True,10642,10645,1115.7854077253219,10,20.785407725321875,2.0785407725321874,False,False
unlisted_controls,10855,85281056,32,True,True,431,unlisted_controls,True,10851,10856,2029.809749492214,10,1598.809749492214,159.8809749492214,False,False
unlisted_controls,10867,83861763,3,True,True,78,unlisted_controls,True,10857,10870,2072.9074675324673,54,1994.9074675324673,36.942730880230876,False,False
unlisted_controls,10983,163591202,34,True,True,345,unlisted_controls,True,10982,10985,2502.505280711506,4,2157.505280711506,539.3763201778766,False,False
unlisted_controls,10990,104448265,9,True,True,35,unlisted_controls,True,10986,10991,2519.1046393498136,10,2484.1046393498136,248.41046393498135,False,False
unlisted_controls,11100,293305654,54,True,True,19,unlisted_controls,True,11097,11101,388.19329896907215,21,369.19329896907215,17.580633284241532,False,False
unlisted_controls,11132,7436333,45,True,True,5688,unlisted_controls,True,11131,11135,518.3911834789516,5,5169.6088165210485,1033.9217633042097,False,False
unlisted_controls,11224,90388526,46,True,True,589,unlisted_controls,True,11222,11225,838.8982880161128,28,249.89828801611282,8.924938857718315,False,False
unlisted_controls,11256,85295367,7,True,True,9,unlisted_controls,True,11255,11257,991.027027027027,4,982.027027027027,245.50675675675674,False,False
unlisted_controls,11364,185843749,37,True,True,109,unlisted_controls,True,11362,11365,1516.556754874652,37,1407.556754874652,38.042074456071674,False,False
unlisted_controls,11406,23254806,22,True,True,124,unlisted_controls,True,11405,11407,1659.2479150871873,3,1535.2479150871873,383.8119787717968,False,False
unlisted_controls,11442,189072953,57,True,True,282,unlisted_controls,True,11441,11445,1827.7144659377627,9,1545.7144659377627,171.74605177086252,False,False
unlisted_controls,11466,38295554,2,True,True,4379,unlisted_controls,True,11465,11467,1954.566844919786,2,2424.433155080214,606.1082887700535,False,False
unlisted_controls,11523,371431188,20,True,True,269,unlisted_controls,True,11522,11525,2215.5725704669753,23,1946.5725704669753,84.63359002030327,False,False
unlisted_controls,11579,210275125,53,True,True,277,unlisted_controls,True,11577,11581,2472.053807106599,14,2195.053807106599,156.78955765047135,False,False
unlisted_controls,11642,66048032,32,True,True,484,unlisted_controls,True,11641,11645,61.72732861973563,14,422.27267138026434,30.16233367001888,False,False
unlisted_controls,11672,179582494,30,True,True,372,unlisted_controls,True,11671,11675,200.90937087549494,3,171.09062912450506,42.772657281126264,False,False
unlisted_controls,11681,404147221,21,True,True,524,unlisted_controls,True,11680,11682,220.7159420289855,11,303.2840579710145,27.57127799736495,False,False
unlisted_controls,11828,58396445,29,True,True,6391,unlisted_controls,True,11827,11830,820.2925945106163,46,5570.707405489384,121.10233490194312,False,False
unlisted_controls,11885,138097921,1,True,True,195,unlisted_controls,True,11881,11887,1151.0229709035223,27,956.0229709035223,35.408258181611934,False,False
unlisted_controls,12083,57036344,56,True,True,198,unlisted_controls,True,12082,12085,592.390243902439,2,394.390243902439,98.59756097560975,False,False
unlisted_controls,12096,24983591,39,True,True,89,unlisted_controls,True,12095,12097,631.0228426395939,3,542.0228426395939,135.50571065989848,False,False
unlisted_controls,12106,19466011,27,True,True,6667,unlisted_controls,True,12105,12107,682.8444022770399,6,5984.15559772296,997.35926628716,False,False
unlisted_controls,12127,15031847,39,True,True,25,unlisted_controls,False,,,,,,,,
unlisted_controls,12193,42843419,27,True,True,308,unlisted_controls,True,12192,12195,998.4329004329004,15,690.4329004329004,46.028860028860024,False,False
unlisted_controls,12316,170217244,28,True,True,311,unlisted_controls,True,12315,12317,1546.6,2,1235.6,308.9,False,False
unlisted_controls,12520,19927061,21,True,True,89,unlisted_controls,True,12517,12521,2570.0667992047715,11,2481.0667992047715,225.55152720043378,False,False
unlisted_controls,12627,445472,32,True,True,5452,unlisted_controls,True,12626,12631,428.34557979334096,7,5023.654420206659,717.6649171723799,False,False
unlisted_controls,12640,23314986,42,True,True,605,unlisted_controls,True,12635,12642,478.3127174333205,25,126.68728256667953,5.0674913026671815,False,False
unlisted_controls,12716,404375584,32,True,True,382,unlisted_controls,True,12715,12717,785.2335570469799,2,403.23355704697985,100.80838926174496,False,False
unlisted_controls,12751,286496038,38,True,True,417,unlisted_controls,True,12750,12752,934.599451303155,8,517.599451303155,64.69993141289437,False,False
unlisted_controls,12801,129165363,51,True,True,371,unlisted_controls,True,12800,12805,1124.4987990392315,8,753.4987990392315,94.18734987990393,False,False
unlisted_controls,12880,178714396,28,True,True,451,unlisted_controls,True,12877,12881,1471.4908256880733,17,1020.4908256880733,60.02887209929843,False,False
unlisted_controls,13003,261718070,54,True,True,255,unlisted_controls,True,13002,13007,1936.6580882352941,7,1681.6580882352941,240.23686974789916,False,False
unlisted_controls,13064,213447980,44,True,True,320,unlisted_controls,True,13061,13066,2190.3187593423017,23,1870.3187593423017,81.31820692792617,False,False
unlisted_controls,13103,54679047,7,True,True,168,unlisted_controls,True,13101,13105,2371.938329430133,2,2203.938329430133,550.9845823575332,False,False
unlisted_controls,13115,54129716,52,True,True,78,unlisted_controls,True,13112,13116,2413.2034383954156,18,2335.2034383954156,129.73352435530086,False,False
unlisted_controls,13181,143887928,56,True,True,440,unlisted_controls,True,13180,13185,67.2315425699026,10,372.7684574300974,37.27684574300974,False,False
unlisted_controls,13256,4204845,45,True,True,53,unlisted_controls,False,,,,,,,,
unlisted_controls,13346,135265581,45,True,True,57,unlisted_controls,True,13340,13347,750.204334365325,4,693.204334365325,173.30108359133126,False,False
unlisted_controls,13444,117946163,51,True,True,24,unlisted_controls,True,13442,13445,1184.59934318555,13,1160.59934318555,89.27687255273462,False,False
unlisted_controls,13454,83424564,52,True,True,252,unlisted_controls,True,13452,13456,1215.7807262569831,11,963.7807262569831,87.61642965972574,False,False
unlisted_controls,13505,164250153,41,True,True,472,unlisted_controls,True,13502,13506,1418.5274240940255,27,946.5274240940255,35.056571262741684,False,False
unlisted_controls,13716,86840102,38,True,True,8219,unlisted_controls,True,13715,13717,2132.2961608775136,7,6086.703839122487,869.529119874641,False,False
unlisted_controls,13729,106644509,29,True,True,506,unlisted_controls,True,13726,13730,2156.809954751131,9,1650.809954751131,183.42332830568122,False,False
unlisted_controls,14203,359381035,43,True,True,42,unlisted_controls,True,14202,14206,1678.636523781562,7,1636.636523781562,233.80521768308026,False,False
unlisted_controls,14303,2535943,7,True,True,1190,unlisted_controls,True,14302,14306,2104.1445597846982,8,914.1445597846982,114.26806997308728,False,False
unlisted_controls,14456,76572465,49,True,True,169,unlisted_controls,True,14455,14460,33.20982800982801,7,135.79017199017198,19.398595998595997,False,False
unlisted_controls,14478,294494502,38,True,True,93,unlisted_controls,True,14477,14481,130.4523076923077,27,37.4523076923077,1.3871225071225073,False,False
unlisted_controls,14483,250882094,46,True,True,444,unlisted_controls,True,14482,14485,154.20343839541547,5,289.79656160458455,57.95931232091691,False,False
unlisted_controls,14486,98255381,21,True,True,784,unlisted_controls,True,14485,14490,158.19090098126674,10,625.8090990187333,62.580909901873326,False,False
unlisted_controls,14496,141928752,48,True,True,71,unlisted_controls,True,14495,14497,181.76298394711992,7,110.76298394711992,15.823283421017132,False,False
unlisted_controls,14524,79382318,46,True,True,1444,unlisted_controls,True,14521,14525,264.7217391304348,12,1179.2782608695652,98.2731884057971,False,False
unlisted_controls,15059,342763308,44,True,True,99,unlisted_controls,True,15057,15061,2555.9263565891474,5,2456.9263565891474,491.3852713178295,False,False
unlisted_controls,15080,112357663,31,True,True,1380,unlisted_controls,True,15077,15081,29.27552314521243,17,1350.7244768547876,79.4543809914581,False,False
unlisted_controls,15082,71873543,7,True,True,122,unlisted_controls,True,15081,15085,33.14333612740989,3,88.8566638725901,22.214165968147526,False,False
unlisted_controls,15206,213489713,49,True,True,246,unlisted_controls,True,15205,15207,517.4792452830188,1,271.4792452830188,67.8698113207547,False,False
unlisted_controls,15354,33290007,23,True,True,23,unlisted_controls,True,15352,15356,1115.054347826087,9,1092.054347826087,121.33937198067633,False,False
unlisted_controls,15701,319726336,0,True,True,373,unlisted_controls,False,,,,,,,,
unlisted_controls,15850,11296516,4,True,True,63,unlisted_controls,True,15847,15852,640.6159737417943,17,577.6159737417943,33.97741022010555,False,False
unlisted_controls,15858,62163207,7,True,True,40,unlisted_controls,True,15857,15861,665.2140198511166,5,625.2140198511166,125.04280397022333,False,False
unlisted_controls,15881,283143984,48,True,True,63,unlisted_controls,True,15880,15882,759.5321100917431,4,696.5321100917431,174.13302752293578,False,False
unlisted_controls,15959,12568627,51,True,True,139,unlisted_controls,True,15957,15960,1074.677966101695,5,935.6779661016949,187.135593220339,False,False
unlisted_controls,16013,3846081569,33,True,True,10,unlisted_controls,False,,,,,,,,
unlisted_controls,16132,2424870,38,True,True,238,unlisted_controls,False,,,,,,,,
unlisted_controls,16158,43916809,9,True,True,339,unlisted_controls,False,,,,,,,,
unlisted_controls,16616,130676741,5,True,True,7082,unlisted_controls,True,16612,16620,248.84670487106018,15,6833.15329512894,455.543553008596,False,False
unlisted_controls,16700,413818669,45,True,True,89,unlisted_controls,True,16696,16701,471.94386852085967,9,382.94386852085967,42.549318724539965,False,False
unlisted_controls,16768,96579892,52,True,True,7234,unlisted_controls,True,16767,16770,734.3405283505155,11,6499.659471649485,590.8781337863168,False,False
unlisted_controls,16777,18131738,26,True,True,36,unlisted_controls,True,16776,16780,757.2498373454782,23,721.2498373454782,31.358688580238184,False,False
unlisted_controls,16929,68418852,36,True,True,188,unlisted_controls,True,16926,16930,1278.133484162896,22,1090.133484162896,49.55152200740436,False,False
unlisted_controls,16956,103144240,48,True,True,587,unlisted_controls,True,16955,16957,1403.1921397379913,8,816.1921397379913,102.02401746724891,False,False
unlisted_controls,17155,337489718,54,True,True,414,unlisted_controls,False,,,,,,,,
unlisted_controls,17156,956755235,35,True,True,316,unlisted_controls,False,,,,,,,,
unlisted_controls,17199,83514673,49,True,True,458,unlisted_controls,True,17196,17200,194.80902255639097,6,263.19097744360903,43.86516290726817,False,False
unlisted_controls,17283,97843489,33,True,True,323,unlisted_controls,True,17282,17285,505.20162932790225,16,182.20162932790225,11.38760183299389,False,False
unlisted_controls,17407,63404578,34,True,True,81,unlisted_controls,True,17406,17411,356.316421167485,19,275.316421167485,14.490337956183419,False,False
unlisted_controls,17453,291532336,48,True,True,123,unlisted_controls,True,17451,17455,492.59023307436183,3,369.59023307436183,92.39755826859046,False,False
unlisted_controls,17558,266142247,39,True,True,1420,unlisted_controls,True,17557,17560,37.096215522771004,15,1382.903784477229,92.19358563181527,False,False
unlisted_controls,17585,67808772,4,True,True,5,unlisted_controls,True,17582,17586,140.98559670781893,49,135.98559670781893,2.7752162593432432,False,False
unlisted_controls,17651,147390471,7,True,True,71,unlisted_controls,True,17650,17652,453.35160289555324,2,382.35160289555324,95.58790072388831,False,False
unlisted_controls,17672,214088725,21,True,True,282,unlisted_controls,True,17670,17675,73.01153523489933,33,208.98846476510067,6.332983780760626,False,False
unlisted_controls,17942,265290515,19,True,False,353,unlisted_controls,True,17937,17947,245.01597396834788,20,107.98402603165212,5.399201301582606,False,False
unlisted_controls,17949,455837220,36,True,True,360,unlisted_controls,True,17947,17950,255.48585485854858,3,104.51414514145142,26.128536285362856,False,False
unlisted_controls,17965,113023232,0,True,True,638,unlisted_controls,True,17962,17967,312.95077245352184,7,325.04922754647816,46.43560393521117,False,False
unlisted_controls,17989,40585513,41,True,True,166,unlisted_controls,True,17987,17991,379.05982905982904,10,213.05982905982904,21.305982905982905,False,False
unlisted_controls,18102,94694970,58,True,False,314,unlisted_controls,True,18101,18105,318.99602649006624,24,4.996026490066242,0.20816777041942677,True,True
unlisted_controls,18169,248504607,31,True,True,381,unlisted_controls,True,18167,18170,203.3832373640435,5,177.6167626359565,35.5233525271913,False,False
unlisted_controls,18183,26670631,39,True,True,25,unlisted_controls,True,18181,18185,243.55459216441875,25,218.55459216441875,8.74218368657675,False,False
unlisted_controls,18230,153423900,28,True,True,28,unlisted_controls,True,18227,18232,493.99072356215214,2,465.99072356215214,116.49768089053804,False,False
unlisted_controls,18440,438528033,33,True,True,79,unlisted_controls,True,18436,18441,811.6942812982999,32,732.6942812982999,22.89669629057187,False,False
unlisted_controls,18528,510272026,26,True,True,168,unlisted_controls,True,18527,18530,140.57534246575344,4,27.424657534246563,6.856164383561641,False,False
unlisted_controls,18557,538699828,52,True,True,197,unlisted_controls,True,18556,18560,264.1112704918033,9,67.11127049180328,7.456807832422587,False,False
unlisted_controls,18597,36952855,23,True,True,8889,unlisted_controls,True,18596,18601,410.23206843606056,16,8478.76793156394,529.9229957227462,False,False
unlisted_controls,18625,146308642,34,True,True,8918,unlisted_controls,True,18622,18626,500.8568080119327,21,8417.143191988067,400.81634247562226,False,False
unlisted_controls,18771,445873436,28,True,True,412,unlisted_controls,True,18770,18772,1219.077177508269,8,807.077177508269,100.88464718853362,False,False
unlisted_controls,19052,257125170,50,True,True,693,unlisted_controls,True,19050,19055,2523.7139773340527,14,1830.7139773340527,130.76528409528947,False,False
unlisted_controls,19220,131865375,31,True,True,95,unlisted_controls,True,19217,19221,488.2287315333673,16,393.2287315333673,24.576795720835456,False,False
unlisted_controls,19242,101622570,42,True,True,883,unlisted_controls,True,19241,19246,642.3410672853828,7,240.6589327146172,34.3798475306596,False,False
unlisted_controls,19522,745584156,28,True,True,1162,unlisted_controls,True,19521,19526,756.6126126126126,16,405.38738738738743,25.336711711711715,False,False
unlisted_controls,19561,189536044,44,True,True,16,unlisted_controls,True,19560,19562,924.5491183879093,11,908.5491183879093,82.59537439890084,False,False
unlisted_controls,19725,263239972,36,True,True,121,unlisted_controls,True,19721,19727,1933.0142582944886,35,1812.0142582944886,51.7718359512711,False,False
unlisted_controls,19842,202119720,40,True,True,17,unlisted_controls,True,19841,19845,2610.4158239143367,39,2593.4158239143367,66.49784163882914,False,False
unlisted_controls,20006,72512547,35,True,True,137,unlisted_controls,False,,,,,,,,
unlisted_controls,20007,326625561,25,True,True,109,unlisted_controls,False,,,,,,,,
unlisted_controls,20042,74766876,28,True,True,373,unlisted_controls,False,,,,,,,,
unlisted_controls,20122,3693367,55,True,True,453,unlisted_controls,False,,,,,,,,
unlisted_controls,20400,584856341,21,True,True,217,unlisted_controls,False,,,,,,,,
unlisted_controls,20466,260116260,36,True,True,36,unlisted_controls,True,20465,20467,109.98133333333334,2,73.98133333333334,18.495333333333335,False,False
unlisted_controls,20741,338696735,31,True,True,15,unlisted_controls,True,20740,20742,1419.1374284226965,15,1404.1374284226965,93.60916189484644,False,False
unlisted_controls,20900,40292098,2,True,True,846,unlisted_controls,True,20897,20901,2108.1467181467183,52,1262.1467181467183,24.272052272052274,False,False
unlisted_controls,21192,245593628,28,True,True,57,unlisted_controls,True,21191,21195,287.24239513288506,8,230.24239513288506,28.780299391610633,False,False
unlisted_controls,21203,176044052,20,True,True,141,unlisted_controls,True,21202,21206,334.66195372750644,22,193.66195372750644,8.802816078523021,False,False
unlisted_controls,21309,372270900,52,True,True,173,unlisted_controls,False,,,,,,,,
unlisted_controls,21312,246429719,23,True,True,18,unlisted_controls,False,,,,,,,,
unlisted_controls,21330,123563285,21,True,True,100,unlisted_controls,False,,,,,,,,
unlisted_controls,21344,520231706,26,True,True,208,unlisted_controls,False,,,,,,,,
unlisted_controls,21357,220746024,40,True,True,127,unlisted_controls,False,,,,,,,,
unlisted_controls,21374,3777507894,54,True,True,81,unlisted_controls,False,,,,,,,,
unlisted_controls,21662,58654214,6,True,True,111,unlisted_controls,False,,,,,,,,
unlisted_controls,21675,128077344,32,True,True,5691,unlisted_controls,True,21672,21676,1947.7447245017586,19,3743.2552754982416,197.01343555253902,False,False
unlisted_controls,21868,89498161,49,True,True,59,unlisted_controls,True,21866,21870,294.6450584484591,13,235.6450584484591,18.12654295757378,False,False
unlisted_controls,22162,200015155,51,True,True,196,unlisted_controls,False,,,,,,,,
unlisted_controls,22279,89861152,32,True,True,42,unlisted_controls,True,22277,22281,872.2963855421687,7,830.2963855421687,118.61376936316695,False,False
unlisted_controls,22373,739678465,1,True,True,127,unlisted_controls,True,22372,22375,1907.1555555555556,63,1780.1555555555556,28.256437389770724,False,False
unlisted_controls,22614,381464834,2,True,True,35,unlisted_controls,True,22612,22615,851.476057462091,1,816.476057462091,204.11901436552276,False,False
unlisted_controls,22753,485408796,28,True,True,271,unlisted_controls,True,22752,22755,2208.2457298136646,5,1937.2457298136646,387.4491459627329,False,False
unlisted_controls,22859,184610085,37,True,True,54,unlisted_controls,True,22856,22860,613.3489377025567,7,559.3489377025567,79.90699110036523,False,False
unlisted_controls,22901,43097898,42,True,True,96,unlisted_controls,False,,,,,,,,
unlisted_controls,22908,270522395,27,True,True,426,unlisted_controls,True,22907,22912,1265.5561694290975,13,839.5561694290975,64.58124380223828,False,False
unlisted_controls,22910,91608359,39,True,True,21,unlisted_controls,True,22907,22912,1269.7817679558011,13,1248.7817679558011,96.06013599660008,False,False
unlisted_controls,23033,463914033,49,True,True,62,unlisted_controls,True,23032,23035,2390.1833740831294,2,2328.1833740831294,582.0458435207823,False,False
unlisted_controls,23074,154828052,20,True,True,20,unlisted_controls,True,23071,23075,2594.4677296886866,17,2574.4677296886866,151.43927821698156,False,False
unlisted_controls,23196,50939434,42,True,True,186,unlisted_controls,True,23195,23197,436.4041958041958,21,250.4041958041958,11.924009324009324,False,False
unlisted_controls,23306,52549687,55,True,True,262,unlisted_controls,True,23302,23307,1470.4212897775274,71,1208.4212897775274,17.020018165880668,False,False
unlisted_controls,23420,55161657,57,True,True,9,unlisted_controls,True,23411,23435,2383.0976334841985,30,2374.0976334841985,79.13658778280661,False,False
unlisted_controls,23507,250477848,24,True,True,49,unlisted_controls,False,,,,,,,,
unlisted_controls,23533,99375915,43,True,True,927,unlisted_controls,True,23532,23536,171.95922150139018,6,755.0407784986098,125.84012974976831,False,False
unlisted_controls,23549,612761858,2,True,True,75,unlisted_controls,True,23546,23551,225.68590272052762,10,150.68590272052762,15.068590272052763,False,False
unlisted_controls,23716,258031910,38,True,True,127,unlisted_controls,True,23715,23720,162.36047254150702,25,35.36047254150702,1.4144189016602808,False,False
unlisted_controls,23933,120804641,33,True,True,335,unlisted_controls,True,23932,23935,2211.047527997815,31,1876.047527997815,60.5176621934779,False,False
unlisted_controls,24007,384303646,30,True,True,144,unlisted_controls,True,24006,24011,2830.3495397687043,33,2686.3495397687043,81.40453150814255,False,False
unlisted_controls,24010,256684086,54,True,True,414,unlisted_controls,True,24006,24011,2844.73495397687,33,2430.73495397687,73.65863496899607,False,False
unlisted_controls,24057,616279045,5,True,True,628,unlisted_controls,True,24056,24061,271.4536811311555,45,356.5463188688445,7.923251530418766,False,False
unlisted_controls,24175,237938991,47,True,True,138,unlisted_controls,True,24172,24177,1120.0253213121043,10,982.0253213121043,98.20253213121043,False,False
unlisted_controls,24240,261368114,50,True,True,254,unlisted_controls,True,24232,24241,72.33510714799368,60,181.66489285200632,3.027748214200105,False,False
unlisted_controls,24403,96804893,29,True,True,115,unlisted_controls,True,24402,24406,410.25320512820514,11,295.25320512820514,26.841200466200466,False,False
unlisted_controls,24467,87003190,54,True,True,15,unlisted_controls,True,24466,24470,781.9721518987342,18,766.9721518987342,42.60956399437412,False,False
unlisted_controls,24685,712757559,55,True,True,1919,unlisted_controls,True,24681,24686,1521.6601919561242,11,397.3398080438758,36.12180073126144,False,False
unlisted_controls,24766,493052469,53,True,True,246,unlisted_controls,True,24760,24776,1855.382159568797,70,1609.382159568797,22.99117370812567,False,False
unlisted_controls,24791,359853314,2,True,True,339,unlisted_controls,True,24781,24792,1938.6533091761696,12,1599.6533091761696,133.30444243134747,False,False
unlisted_controls,24840,151719173,5,True,True,321,unlisted_controls,True,24837,24842,2144.441389290883,8,1823.4413892908829,227.93017366136036,False,False
unlisted_controls,24881,801308960,32,True,True,24,unlisted_controls,True,24877,24882,2334.5643203883496,42,2310.5643203883496,55.01343619972261,False,False
unlisted_controls,25019,100668691,19,True,False,107,unlisted_controls,True,25017,25021,3017.857490864799,29,2910.857490864799,100.3743962367172,False,False
unlisted_controls,25027,115909377,1,True,True,115,unlisted_controls,False,,,,,,,,
unlisted_controls,25040,1362399779,35,True,True,31,unlisted_controls,True,25032,25052,75.07341511032527,2,44.07341511032527,11.018353777581318,False,False
unlisted_controls,25092,129916450,34,True,True,30,unlisted_controls,True,25081,25097,248.66337271750805,88,218.66337271750805,2.484811053608046,False,False
unlisted_controls,25212,106673714,50,True,True,454,unlisted_controls,True,25205,25215,757.8868343852787,39,303.8868343852787,7.791970112443043,False,False
unlisted_controls,25374,58569519,47,True,True,50,unlisted_controls,True,25365,25386,1152.1318620178042,14,1102.1318620178042,78.72370442984315,False,False
unlisted_controls,25459,413042984,40,True,True,34,unlisted_controls,True,25457,25461,1371.5693153000846,9,1337.5693153000846,148.6188128111205,False,False
unlisted_controls,25594,69383965,29,True,True,171,unlisted_controls,True,25586,25596,183.4692198946151,35,12.469219894615094,0.3562634255604313,True,True
unlisted_controls,25665,320350982,6,True,True,243,unlisted_controls,True,25660,25676,265.7626063943924,16,22.762606394392378,1.4226628996495236,False,False
unlisted_controls,25673,1927006748,28,True,True,21,unlisted_controls,True,25660,25676,274.89042271654387,16,253.89042271654387,15.868151419783992,False,False
unlisted_controls,25688,3722626593,33,True,True,59,unlisted_controls,True,25676,25716,294.08038171669625,40,235.08038171669625,5.877009542917406,False,False
unlisted_controls,25744,38537262,46,True,True,322,unlisted_controls,False,,,,,,,,
unlisted_controls,25755,10263337,41,True,True,215,unlisted_controls,False,,,,,,,,
unlisted_controls,25823,3270566663,7,True,True,28,unlisted_controls,True,25816,25832,66.77791846036972,71,38.77791846036972,0.5461678656390101,False,False
unlisted_controls,25837,56217634,34,True,True,5,unlisted_controls,True,25832,25841,128.83282904689864,27,123.83282904689864,4.586401075811061,False,False
unlisted_controls,25959,168821270,22,True,True,16,unlisted_controls,True,25955,25961,538.4843462246777,12,522.4843462246777,43.5403621853898,False,False
unlisted_controls,25989,410074371,3,True,True,86,unlisted_controls,True,25987,25990,656.1154155280501,53,570.1154155280501,10.75689463260472,False,False
unlisted_controls,26023,520204822,22,True,True,341,unlisted_controls,True,26022,26031,176.19735373824327,64,164.80264626175673,2.575041347839949,False,False
unlisted_controls,26225,218722306,2,True,True,163,unlisted_controls,False,,,,,,,,
unlisted_controls,26331,85913627,27,True,True,24,unlisted_controls,True,26330,26332,417.036750483559,6,393.036750483559,65.50612508059316,False,False
unlisted_controls,26335,4251348503,23,True,True,3,unlisted_controls,False,,,,,,,,
unlisted_controls,26341,1918348293,5,True,True,6,unlisted_controls,False,,,,,,,,
unlisted_controls,26412,114026035,51,True,True,11,unlisted_controls,True,26410,26416,385.0719341878707,14,374.0719341878707,26.719423870562192,False,False
unlisted_controls,26492,409187078,6,True,True,364,unlisted_controls,True,26491,26497,852.106077524326,67,488.106077524326,7.28516533618397,False,False
unlisted_controls,26521,27443971,3,True,True,392,unlisted_controls,True,26516,26525,968.296757518797,39,576.296757518797,14.77683993637941,False,False
unlisted_controls,26554,15011614,30,True,True,153,unlisted_controls,True,26541,26556,1148.343544857768,80,995.3435448577679,12.441794310722099,False,False
unlisted_controls,26602,1030296615,39,True,True,99,unlisted_controls,False,,,,,,,,
unlisted_controls,26613,842967828,20,True,True,110,unlisted_controls,True,26611,26615,82.1289489671932,13,27.871051032806804,2.1439270025236,False,False
unlisted_controls,26706,567683881,41,True,True,28,unlisted_controls,True,26705,26707,548.8077908764736,18,520.8077908764736,28.93376615980409,False,False
unlisted_controls,26735,1020528687,47,True,True,545,unlisted_controls,True,26731,26736,61.12025654730091,34,483.8797434526991,14.231757160373503,False,False
unlisted_controls,26881,3877722393,25,True,True,94,unlisted_controls,True,26857,26911,155.44295933453802,1,61.44295933453802,15.360739833634504,False,False
unlisted_controls,26885,2202639130,26,True,True,26,unlisted_controls,True,26857,26911,155.5308313794597,1,129.5308313794597,32.382707844864925,False,False
unlisted_controls,26892,187533871,47,True,True,220,unlisted_controls,True,26857,26911,155.69082002956944,1,64.30917997043056,16.07729499260764,False,False
unlisted_controls,26955,152313640,40,True,True,12,unlisted_controls,True,26950,26956,540.5335168781422,119,528.5335168781422,4.441458125026405,False,False
unlisted_controls,27009,208746005,21,True,True,159,unlisted_controls,True,27006,27012,781.9343434343434,7,622.9343434343434,88.99062049062049,False,False
unlisted_controls,27048,138646840,56,True,True,121,unlisted_controls,True,27045,27050,1023.7839572192513,37,902.7839572192513,24.399566411331115,False,False
unlisted_controls,27058,390513410,2,True,True,14,unlisted_controls,True,27057,27060,1077.236729949632,6,1063.236729949632,177.206121658272,False,False
unlisted_controls,27117,4846901,53,True,True,21,unlisted_controls,True,27116,27122,1376.0674373795762,10,1355.0674373795762,135.5067437379576,False,False
unlisted_controls,27135,265092130,34,True,True,462,unlisted_controls,True,27131,27136,1458.2548806941431,3,996.2548806941431,249.06372017353578,False,False
unlisted_controls,27199,9134881,33,True,True,526,unlisted_controls,True,27197,27205,1779.492372881356,46,1253.492372881356,27.249834193072957,False,False
unlisted_controls,27233,36406573,45,True,True,116,unlisted_controls,True,27231,27237,1971.943596549436,30,1855.943596549436,61.86478655164787,False,False
unlisted_controls,27243,70895126,22,True,True,307,unlisted_controls,True,27241,27257,2010.3637568474996,35,1703.3637568474996,48.66753590992856,False,False
unlisted_controls,27296,78456358,38,True,True,179,unlisted_controls,True,27291,27297,2355.7552962070276,126,2176.7552962070276,17.27583568418276,False,False
unlisted_controls,27474,75248646,6,True,True,101,unlisted_controls,True,27462,27480,109.69414143313898,103,8.69414143313898,0.08440914012756293,True,True
unlisted_controls,27555,19816449,1,True,True,76,unlisted_controls,True,27546,27557,622.9548885693746,34,546.9548885693746,16.086908487334547,False,False
unlisted_controls,27656,549693742,46,True,True,28,unlisted_controls,True,27652,27657,1185.7412333736397,66,1157.7412333736397,17.541533838994543,False,False
unlisted_controls,27681,136057601,1,True,True,199,unlisted_controls,True,27680,27687,1284.8418334409296,72,1085.8418334409296,15.081136575568467,False,False
unlisted_controls,27718,30496790,22,True,True,29,unlisted_controls,True,27717,27721,1466.4154652686764,12,1437.4154652686764,119.78462210572303,False,False
unlisted_controls,27794,401298208,32,True,True,679,unlisted_controls,True,27790,27796,1882.1276724485679,5,1203.1276724485679,240.62553448971357,False,False
unlisted_controls,27799,229146911,31,True,True,165,unlisted_controls,True,27797,27801,1906.2293354943274,34,1741.2293354943274,51.212627514539044,False,False
unlisted_controls,27800,205385478,6,True,True,166,unlisted_controls,True,27797,27801,1910.1900324149108,34,1744.1900324149108,51.29970683573267,False,False
unlisted_controls,27863,123770659,35,True,True,136,unlisted_controls,True,27862,27865,2232.861086375779,10,2096.861086375779,209.6861086375779,False,False
unlisted_controls,27909,51047979,43,True,True,13,unlisted_controls,True,27905,27917,2471.880443944928,19,2458.880443944928,129.4147602076278,False,False
unlisted_controls,27910,32200731,27,True,True,795,unlisted_controls,True,27905,27917,2472.254144422591,19,1677.2541444225908,88.27653391697847,False,False
unlisted_controls,27987,174572060,28,True,True,63,unlisted_controls,True,27985,27992,2861.5333722969026,23,2798.5333722969026,121.67536401290882,False,False
unlisted_controls,28010,12328749,45,True,True,134,unlisted_controls,True,28002,28011,3011.4926528677515,45,2877.4926528677515,63.94428117483892,False,False
unlisted_controls,28087,180871197,29,True,True,771,unlisted_controls,True,28081,28091,3413.167118610023,88,2642.167118610023,30.02462634784117,False,False
unlisted_controls,28310,882265908,52,True,True,24,unlisted_controls,True,28307,28311,4481.072646036737,36,4457.072646036737,123.80757350102047,False,False
unlisted_controls,28361,187479812,4,True,True,85,unlisted_controls,True,28360,28362,4930.862385321101,19,4845.862385321101,255.0453887011106,False,False
unlisted_controls,28438,9086768,48,True,True,403,unlisted_controls,True,28437,28441,5226.033025641025,7,4823.033025641025,689.0047179487179,False,False
unlisted_controls,28603,269459514,58,True,False,569,unlisted_controls,True,28601,28605,6014.110425240055,13,5445.110425240055,418.8546480953888,False,False
unlisted_controls,28640,369946402,34,True,True,175,unlisted_controls,True,28636,28642,6226.409315237508,30,6051.409315237508,201.71364384125027,False,False
unlisted_controls,28723,957769992,8,True,True,448,unlisted_controls,False,,,,,,,,
unlisted_controls,28762,122817306,26,True,True,57,unlisted_controls,True,28752,28805,8.286763401568098,9,48.713236598431905,5.412581844270211,False,False
unlisted_controls,28769,219450119,7,True,True,354,unlisted_controls,True,28752,28805,9.46161350977401,9,344.538386490226,38.28204294335845,False,False
unlisted_controls,28789,774544679,39,True,True,78,unlisted_controls,True,28752,28805,13.804360166033987,9,64.19563983396601,7.132848870440668,False,False
unlisted_controls,28791,1187426051,3,True,True,64,unlisted_controls,True,28752,28805,14.379252847057154,9,49.62074715294285,5.513416350326983,False,False
unlisted_controls,28801,32840248,56,True,True,527,unlisted_controls,True,28752,28805,15.163923085110158,9,511.8360769148898,56.87067521276553,False,False
unlisted_controls,28977,44660244,20,True,True,29,unlisted_controls,True,28970,28986,654.4590509666081,17,625.4590509666081,36.79170888038871,False,False
unlisted_controls,28980,69584683,43,True,True,127,unlisted_controls,True,28970,28986,656.339308728764,17,529.339308728764,31.137606395809645,False,False
unlisted_controls,28991,215378476,44,True,True,43,unlisted_controls,True,28990,28992,677.1061519903499,5,634.1061519903499,126.82123039806997,False,False
unlisted_controls,29011,66726711,55,True,True,158,unlisted_controls,True,29005,29015,775.596607096607,79,617.596607096607,7.817678570843127,False,False
unlisted_controls,29123,50585897,41,True,True,768,unlisted_controls,True,29122,29125,1334.686451084732,3,566.686451084732,141.671612771183,False,False
unlisted_controls,29213,630320689,49,True,True,373,unlisted_controls,True,29207,29216,1702.5424211070874,13,1329.5424211070874,102.27249393131441,False,False
unlisted_controls,29241,280188955,27,True,True,4017,unlisted_controls,True,29240,29245,1835.219699294262,42,2181.7803007057382,51.94715001680329,False,False
unlisted_controls,29263,143230751,31,True,True,22,unlisted_controls,True,29260,29272,1943.2588681931427,60,1921.2588681931427,32.02098113655238,False,False
unlisted_controls,29543,480595226,26,True,True,164,unlisted_controls,True,29540,29545,731.8743961352657,7,567.8743961352657,81.12491373360938,False,False
unlisted_controls,29665,7964975,47,True,True,233,unlisted_controls,False,,,,,,,,
unlisted_controls,29864,78766612,20,True,True,146,unlisted_controls,True,29861,29865,715.5323954824648,1,569.5323954824648,142.3830988706162,False,False
unlisted_controls,29886,307042615,55,True,True,365,unlisted_controls,True,29881,29887,740.3975107950216,2,375.3975107950216,93.8493776987554,False,False
unlisted_controls,29893,87603250,50,True,True,187,unlisted_controls,True,29890,29896,746.2146705346042,8,559.2146705346042,69.90183381682553,False,False
unlisted_controls,29958,51137824,32,True,True,55,unlisted_controls,True,29951,29962,1023.382070949185,5,968.382070949185,193.676414189837,False,False
unlisted_controls,29979,43811897,57,True,True,554,unlisted_controls,True,29977,29985,1124.7978159126365,32,570.7978159126365,17.83743174726989,False,False
unlisted_controls,29987,167367462,38,True,True,28,unlisted_controls,True,29985,29991,1167.6250631632138,41,1139.6250631632138,27.795733247883263,False,False
unlisted_controls,30215,330165523,19,True,True,88,unlisted_controls,True,30150,30241,157.258872651357,94,69.258872651357,0.7367965175676277,False,False
unlisted_controls,30251,101522999,55,True,True,96,unlisted_controls,True,30250,30256,196.321487331359,8,100.32148733135901,12.540185916419876,False,False
unlisted_controls,30613,452703273,41,True,True,561,unlisted_controls,True,30612,30616,995.6927945472249,3,434.69279454722493,108.67319863680623,False,False
unlisted_controls,30674,390995480,24,True,True,774,unlisted_controls,True,30671,30691,1103.413609999183,50,329.4136099991831,6.588272199983662,False,False
unlisted_controls,30809,112478259,51,True,True,718,unlisted_controls,True,30797,30811,1517.6116392970325,38,799.6116392970325,21.042411560448226,False,False
unlisted_controls,31060,197301524,20,True,True,1311,unlisted_controls,True,31047,31072,2126.4706545366716,27,815.4706545366716,30.202616834691543,False,False
unlisted_controls,31155,100457012,52,True,True,5,unlisted_controls,True,31151,31156,2301.409836065574,3,2296.409836065574,574.1024590163935,False,False
unlisted_controls,31167,176646918,6,True,True,38,unlisted_controls,True,31166,31170,2328.067813765182,9,2290.067813765182,254.45197930724245,False,False
unlisted_controls,31189,125452839,39,True,True,60,unlisted_controls,True,31181,31195,2403.004431314623,72,2343.004431314623,32.5417282127031,False,False
unlisted_controls,31191,78401324,44,True,True,226,unlisted_controls,True,31181,31195,2415.8257016248153,72,2189.8257016248153,30.414245855900212,False,False
unlisted_controls,31222,91436591,47,True,True,1118,unlisted_controls,True,31221,31227,2524.414673366834,23,1406.414673366834,61.14846405942757,False,False
unlisted_controls,31225,277053978,26,True,True,1476,unlisted_controls,True,31221,31227,2543.0643216080402,23,1067.0643216080402,46.39410093948001,False,False
unlisted_controls,31313,416009520,48,True,True,275,unlisted_controls,True,31311,31326,2769.8727064220184,52,2494.8727064220184,47.97832127734651,False,False
unlisted_controls,31589,86648840,8,True,True,1497,unlisted_controls,True,31577,31600,3578.506490990118,76,2081.506490990118,27.388243302501554,False,False
unlisted_controls,31602,115776259,3,True,True,5,unlisted_controls,True,31600,31616,3633.953027640198,27,3628.953027640198,134.4056676903777,False,False
unlisted_controls,31615,39591446,22,True,True,1533,unlisted_controls,True,31600,31616,3653.6972359801885,27,2120.6972359801885,78.54434207334032,False,False
unlisted_controls,31624,1114181423,47,True,True,1532,unlisted_controls,True,31622,31627,3678.714979599767,30,2146.714979599767,71.5571659866589,False,False
unlisted_controls,31641,405570604,44,True,True,136,unlisted_controls,True,31631,31642,3696.7507357268983,7,3560.7507357268983,508.67867653241404,False,False
unlisted_controls,31665,318281991,7,True,True,1561,unlisted_controls,True,31661,31667,3736.739417989418,1,2175.739417989418,543.9348544973545,False,False
unlisted_controls,31698,238149933,45,True,True,383,unlisted_controls,True,31695,31710,3844.1304616334724,80,3461.1304616334724,43.264130770418404,False,False
unlisted_controls,31729,122804793,57,True,True,1636,unlisted_controls,True,31710,31736,3971.2088383648274,110,2335.2088383648274,21.229171257862067,False,False
unlisted_controls,31814,30810666,42,True,True,520,unlisted_controls,True,31811,31846,4339.452631578947,49,3819.452631578947,77.94801288936627,False,False
unlisted_controls,32043,74146328,24,True,True,724,unlisted_controls,True,32041,32047,4918.989886219974,3,4194.989886219974,1048.7474715549936,False,False
unlisted_controls,32067,100757764,4,True,True,11,unlisted_controls,True,32066,32072,4963.583333333333,22,4952.583333333333,225.11742424242422,False,False
unlisted_controls,32094,45584156,28,True,True,1804,unlisted_controls,True,32081,32095,5061.284480719186,67,3257.284480719186,48.61618627939083,False,False
unlisted_controls,32363,48503046,6,True,True,12,unlisted_controls,True,32345,32365,5829.880712166172,36,5817.880712166172,161.60779756017143,False,False
unlisted_controls,32403,332991272,40,True,True,36,unlisted_controls,True,32401,32406,6023.286954087346,7,5987.286954087346,855.3267077267637,False,False
unlisted_controls,32467,256311844,36,True,True,2121,unlisted_controls,True,32466,32471,6279.816624365482,3,4158.816624365482,1039.7041560913706,False,False
unlisted_controls,32547,46780713,41,True,True,238,unlisted_controls,True,32541,32551,26.492112538624166,10,211.50788746137584,21.150788746137586,False,False
unlisted_controls,32560,188444465,49,True,True,6,unlisted_controls,True,32551,32567,51.007563244371035,25,45.007563244371035,1.8003025297748414,False,False
unlisted_controls,32710,396238613,21,True,True,36,unlisted_controls,True,32700,32711,490.0668352601156,21,454.0668352601156,21.622230250481696,False,False
unlisted_controls,32730,164523806,30,True,True,16,unlisted_controls,True,32725,32735,578.3935040599625,19,562.3935040599625,29.59965810841908,False,False
unlisted_controls,32921,172437525,21,True,True,139,unlisted_controls,True,32920,32926,1011.1682727946627,1,872.1682727946627,218.04206819866567,False,False
unlisted_controls,32952,91024938,42,True,True,30,unlisted_controls,True,32927,32956,1035.2285432423546,26,1005.2285432423546,38.6626362785521,False,False
unlisted_controls,33172,123809842,50,True,True,90,unlisted_controls,True,33137,33182,1574.4944667462298,43,1484.4944667462298,34.52312713363325,False,False
unlisted_controls,33219,35516447,31,True,True,1027,unlisted_controls,True,33215,33221,1764.2209395973155,14,737.2209395973155,52.65863854266539,False,False
unlisted_controls,33391,124111637,21,True,True,3296,unlisted_controls,True,33376,33395,2293.0092962721947,16,1002.9907037278053,62.686918982987834,False,False
unlisted_controls,33416,36101657,25,True,True,6,unlisted_controls,True,33412,33420,2334.741317898486,41,2328.741317898486,56.79856872923137,False,False
unlisted_controls,33462,316305673,9,True,True,51,unlisted_controls,True,33460,33472,2475.510343442458,70,2424.510343442458,34.63586204917797,False,False
unlisted_controls,33497,556628014,46,True,True,86,unlisted_controls,True,33496,33502,2667.448965024982,14,2581.448965024982,184.3892117874987,False,False
unlisted_controls,33499,39652615,7,True,True,88,unlisted_controls,True,33496,33502,2668.1284796573877,14,2580.1284796573877,184.29489140409913,False,False
unlisted_controls,33509,59514902,22,True,True,51,unlisted_controls,True,33506,33520,2741.3972066447996,68,2690.3972066447996,39.564664803599996,False,False
unlisted_controls,33643,29787431,39,True,True,24,unlisted_controls,True,33641,33647,3023.277365032194,38,2999.277365032194,78.92835171137354,False,False
unlisted_controls,33823,152108085,53,True,True,304,unlisted_controls,True,33822,33830,3639.8120980707395,9,3335.8120980707395,370.6457886745266,False,False
unlisted_controls,33839,578901509,5,True,True,887,unlisted_controls,True,33830,33842,3650.802724397957,4,2763.802724397957,690.9506810994892,False,False
unlisted_controls,33869,101191480,56,True,True,917,unlisted_controls,True,33866,33870,3727.078484848485,17,2810.078484848485,165.29873440285206,False,False
unlisted_controls,34056,141257257,41,True,True,569,unlisted_controls,True,34051,34067,4172.144276196244,56,3603.1442761962444,64.34186207493293,False,False
unlisted_controls,34083,77673241,25,True,True,1131,unlisted_controls,True,34072,34095,4221.8884531193,79,3090.8884531193,39.125170292649365,False,False
unlisted_controls,34166,452655404,44,True,True,487,unlisted_controls,True,34160,34167,4497.418493423675,8,4010.4184934236746,501.3023116779593,False,False
unlisted_controls,34252,73129758,30,True,True,14,unlisted_controls,True,34242,34256,4824.169775227164,32,4810.169775227164,150.31780547584887,False,False
unlisted_controls,34356,324710447,47,True,True,4256,unlisted_controls,True,34350,34366,5199.39030443415,13,943.3903044341496,72.56848495647304,False,False
unlisted_controls,34523,38076453,37,True,True,4425,unlisted_controls,True,34510,34526,5483.847115541756,45,1058.8471155417556,23.529935900927903,False,False
unlisted_controls,34530,373176859,27,True,True,178,unlisted_controls,True,34526,34531,5540.011235955056,44,5362.011235955056,121.86389172625127,False,False
unlisted_controls,34617,681709316,4,True,True,8,unlisted_controls,True,34607,34620,5793.139220365951,76,5785.139220365951,76.12025289955199,False,False
unlisted_controls,34698,174306580,20,True,True,41,unlisted_controls,True,34697,34701,6158.801714898178,10,6117.801714898178,611.7801714898178,False,False
unlisted_controls,34874,285786412,44,True,True,462,unlisted_controls,True,34867,34877,290.2855769230769,35,171.71442307692308,4.906126373626374,False,False
unlisted_controls,34934,403121667,3,True,True,523,unlisted_controls,True,34926,34942,500.12249931488077,90,22.87750068511923,0.25419445205688035,True,True
unlisted_controls,35030,171929399,55,True,True,36,unlisted_controls,True,35026,35031,1077.316642120766,10,1041.316642120766,104.13166421207659,False,False
unlisted_controls,35110,133467676,28,True,True,414,unlisted_controls,True,35106,35112,1534.0257759074173,40,1120.0257759074173,28.00064439768543,False,False
unlisted_controls,35170,262927131,27,True,True,6,unlisted_controls,True,35160,35177,1818.410825815406,35,1812.410825815406,51.783166451868745,False,False
unlisted_controls,35224,159436067,35,True,True,24,unlisted_controls,False,,,,,,,,
unlisted_controls,35254,318669851,27,True,True,396,unlisted_controls,False,,,,,,,,
unlisted_controls,35265,394457136,48,True,True,570,unlisted_controls,False,,,,,,,,
unlisted_controls,35365,132534322,50,True,True,203,unlisted_controls,False,,,,,,,,
unlisted_controls,35701,3948060,28,True,True,99,unlisted_controls,True,35692,35702,587.8009528851244,8,488.8009528851244,61.10011911064055,False,False
unlisted_controls,35808,22515242,42,True,True,31,unlisted_controls,True,35807,35817,946.8212760450369,38,915.8212760450369,24.100559895922025,False,False
unlisted_controls,35908,559595799,23,True,True,1063,unlisted_controls,True,35896,35916,1486.7126725219573,32,423.7126725219573,13.241021016311166,False,False
unlisted_controls,35945,78440469,21,True,True,78,unlisted_controls,True,35942,35946,1629.2720283855706,32,1551.2720283855706,48.47725088704908,False,False
unlisted_controls,35956,131778081,33,True,True,4,unlisted_controls,True,35952,35960,1676.8728761514842,32,1672.8728761514842,52.27727737973388,False,False
unlisted_controls,35958,17264677,37,True,True,99,unlisted_controls,True,35952,35960,1678.9821903787104,32,1579.9821903787104,49.3744434493347,False,False
unlisted_controls,35995,67934244,36,True,True,226,unlisted_controls,True,35986,36006,1786.352430196484,24,1560.352430196484,65.01468459152017,False,False
unlisted_controls,36124,179850009,25,True,True,11,unlisted_controls,True,36122,36135,2157.9569915712123,9,2146.9569915712123,238.5507768412458,False,False
unlisted_controls,36198,250151699,19,True,False,430,unlisted_controls,True,36197,36230,14.698485794567592,65,415.3015142054324,6.38925406469896,False,False
unlisted_controls,36243,65420854,54,True,True,477,unlisted_controls,True,36235,36251,126.11191436118449,46,350.8880856388155,7.62800186171338,False,False
unlisted_controls,36257,18061370,58,True,False,298,unlisted_controls,True,36251,36260,153.7915087187263,8,144.2084912812737,18.026061410159212,False,False
unlisted_controls,36367,32122882,2,True,True,112,unlisted_controls,True,36327,36381,683.2168116826947,292,571.2168116826947,1.9562219578174476,False,False
unlisted_controls,36372,115213596,28,True,True,1533,unlisted_controls,True,36327,36381,697.9111586017402,292,835.0888413982598,2.8598932924597937,False,False
unlisted_controls,36447,8471861,53,True,True,55,unlisted_controls,True,36437,36466,906.2583492583493,53,851.2583492583493,16.061478287893383,False,False
unlisted_controls,36506,194800186,58,True,True,254,unlisted_controls,True,36502,36535,1035.1924867657376,62,781.1924867657376,12.59987881880222,False,False
unlisted_controls,36519,50232107,43,True,True,5,unlisted_controls,True,36502,36535,1067.6457044454366,62,1062.6457044454366,17.13944684589414,False,False
unlisted_controls,36543,235632684,44,True,True,36,unlisted_controls,True,36541,36550,1116.627284886313,10,1080.627284886313,108.0627284886313,False,False
unlisted_controls,36666,136592135,7,True,True,153,unlisted_controls,True,36665,36696,1305.5105732025556,62,1152.5105732025556,18.588880212944446,False,False
unlisted_controls,36673,204097822,30,True,True,573,unlisted_controls,True,36665,36696,1316.032664447044,62,743.032664447044,11.984397813662,False,False
unlisted_controls,36721,85854007,55,True,True,6,unlisted_controls,True,36711,36722,1476.3265765765766,69,1470.3265765765766,21.309080819950385,False,False
unlisted_controls,36851,13718051,35,True,True,39,unlisted_controls,True,36847,36852,1910.5036782736636,2,1871.5036782736636,467.8759195684159,False,False
unlisted_controls,36978,124915225,25,True,True,519,unlisted_controls,True,36967,36980,2192.8543315508023,4,1673.8543315508023,418.46358288770057,False,False
unlisted_controls,36988,332894769,49,True,True,117,unlisted_controls,True,36980,36990,2230.6485871420446,44,2113.6485871420446,48.03746788959192,False,False
unlisted_controls,37114,115798070,54,True,True,7,unlisted_controls,True,37106,37115,2596.63367763632,5,2589.63367763632,517.926735527264,False,False
unlisted_controls,37189,18969891,35,True,True,733,unlisted_controls,True,37181,37192,2810.8862911795964,1,2077.8862911795964,519.4715727948991,False,False
unlisted_controls,37201,59200792,24,True,True,621,unlisted_controls,True,37197,37205,2854.1054536055826,26,2233.1054536055826,85.8886712925224,False,False
unlisted_controls,37400,11203607,23,True,True,602,unlisted_controls,False,,,,,,,,
unlisted_controls,37512,101930021,37,True,True,615,unlisted_controls,False,,,,,,,,
unlisted_controls,37552,3134978,2,True,True,390,unlisted_controls,False,,,,,,,,
unlisted_controls,37634,34604085,53,True,True,54,unlisted_controls,False,,,,,,,,
unlisted_controls,37645,18459412,20,True,True,65,unlisted_controls,False,,,,,,,,
unlisted_controls,37717,294086691,35,True,True,11,unlisted_controls,False,,,,,,,,
unlisted_controls,37871,51066395,27,True,True,26,unlisted_controls,True,37852,37915,277.59510502987087,88,251.59510502987087,2.859035284430351,False,False
unlisted_controls,37894,241601799,7,True,True,51,unlisted_controls,True,37852,37915,309.5245712083253,88,258.5245712083253,2.937779218276424,False,False
unlisted_controls,37936,56709376,0,True,True,233,unlisted_controls,True,37931,37957,345.39982653946225,108,112.39982653946225,1.0407391346246504,False,False
unlisted_controls,37981,138341920,32,True,True,138,unlisted_controls,True,37957,37985,461.9124214177325,18,323.9124214177325,17.995134523207362,False,False
unlisted_controls,38089,201035814,38,True,True,994,unlisted_controls,True,38081,38090,606.3284054910243,8,387.67159450897566,48.45894931362196,False,False
unlisted_controls,38231,78305044,20,True,True,91,unlisted_controls,True,38215,38256,1053.4421715184894,106,962.4421715184894,9.079643127532918,False,False
unlisted_controls,38272,192440374,54,True,True,1181,unlisted_controls,True,38267,38277,1159.148429035753,19,21.851570964247003,1.1500826823287895,False,False
unlisted_controls,38299,10108473,57,True,True,16,unlisted_controls,True,38277,38316,1206.157153024911,101,1190.157153024911,11.783734188365456,False,False
unlisted_controls,38329,95138565,5,True,True,1728,unlisted_controls,True,38316,38332,1295.628795922701,31,432.3712040772989,13.9474581960419,False,False
unlisted_controls,38415,50342916,4,True,True,135,unlisted_controls,True,38410,38420,1704.218407596786,59,1569.218407596786,26.59692216265739,False,False
unlisted_controls,38595,21320988,28,True,True,804,unlisted_controls,True,38590,38597,2427.9178304644365,66,1623.9178304644365,24.60481561309752,False,False
unlisted_controls,38635,709678614,22,True,True,2085,unlisted_controls,True,38625,38637,2575.0794937710107,35,490.0794937710107,14.002271250600305,False,False
unlisted_controls,38651,72974894,46,True,True,353,unlisted_controls,True,38637,38655,2659.055908203125,122,2306.055908203125,18.902097608222338,False,False
unlisted_controls,38684,18128936,40,True,True,157,unlisted_controls,True,38662,38686,2838.8163686382395,111,2681.8163686382395,24.160507825569724,False,False
unlisted_controls,38776,306137396,52,True,True,238,unlisted_controls,True,38771,38792,3036.6545056548703,32,2798.6545056548703,87.4579533017147,False,False
unlisted_controls,38804,51358010,58,True,False,270,unlisted_controls,True,38797,38820,3120.4295240982115,28,2850.4295240982115,101.80105443207898,False,False
unlisted_controls,38843,57386798,46,True,True,2295,unlisted_controls,True,38832,38891,3204.171057655594,232,909.1710576555938,3.91884076575687,False,False
unlisted_controls,38986,421996063,31,True,True,440,unlisted_controls,True,38982,39000,3947.6935793357934,96,3507.6935793357934,36.53847478474785,False,False
unlisted_controls,38997,23059766,54,True,True,193,unlisted_controls,True,38982,39000,3995.4597785977858,96,3802.4597785977858,39.608956027060266,False,False
unlisted_controls,39209,106488610,34,True,True,2674,unlisted_controls,True,39200,39211,4701.192337763878,84,2027.1923377638777,24.13324211623664,False,False
unlisted_controls,39212,233237281,33,True,True,2677,unlisted_controls,True,39211,39217,4726.819956616052,55,2049.819956616052,37.26945375665549,False,False
unlisted_controls,39247,55715846,6,True,True,158,unlisted_controls,True,39242,39256,4850.313875598086,27,4692.313875598086,173.78940279992912,False,False
unlisted_controls,39400,35313439,31,True,True,1751,unlisted_controls,True,39390,39410,5485.024295252226,70,3734.024295252226,53.34320421788894,False,False
unlisted_controls,39438,5988666,58,True,True,203,unlisted_controls,True,39425,39446,5742.563252375924,193,5539.563252375924,28.702400271377844,False,False
unlisted_controls,39458,40632600,24,True,True,1149,unlisted_controls,True,39452,39465,5829.4041656915515,9,4680.4041656915515,520.0449072990613,False,False
unlisted_controls,39470,101689379,35,True,True,10,unlisted_controls,True,39465,39471,5864.790457256461,31,5854.790457256461,188.8642082985955,False,False
unlisted_controls,39579,30537264,48,True,True,28,unlisted_controls,True,39575,39587,6422.328726554788,45,6394.328726554788,142.09619392343973,False,False
unlisted_controls,39602,7485997,45,True,True,174,unlisted_controls,True,39601,39607,6494.434108527132,14,6320.434108527132,451.4595791805094,False,False
unlisted_controls,39657,117430804,20,True,True,204,unlisted_controls,True,39655,39661,199.82118707738542,31,4.178812922614583,0.13480041685853492,True,True
unlisted_controls,39728,77828388,36,True,True,19,unlisted_controls,True,39707,39740,473.1703527691464,133,454.1703527691464,3.414814682474785,False,False
unlisted_controls,39977,51682335,31,True,True,750,unlisted_controls,True,39951,39987,1376.7615203257842,104,626.7615203257842,6.026553080055617,False,False
unlisted_controls,40416,1487382,22,True,True,1205,unlisted_controls,True,40415,40421,2714.195450716091,58,1509.1954507160908,26.020611219242944,False,False
unlisted_controls,40476,32875302,38,True,True,13,unlisted_controls,True,40467,40497,3225.7968970380816,148,3212.7968970380816,21.7080871421492,False,False
unlisted_controls,40575,332804613,5,True,True,1122,unlisted_controls,True,40566,40580,3640.8975946653964,58,2518.8975946653964,43.42926887354132,False,False
unlisted_controls,40632,662716423,7,True,True,453,unlisted_controls,True,40627,40637,3877.526392961877,61,3424.526392961877,56.13977693380126,False,False
unlisted_controls,40747,3991072,32,True,True,267,unlisted_controls,True,40741,40765,4426.2171701112875,147,4159.2171701112875,28.293994354498555,False,False
unlisted_controls,40887,72715315,51,True,True,273,unlisted_controls,True,40885,40902,4926.569847856155,64,4653.569847856155,72.71202887275243,False,False
unlisted_controls,40906,12549176,56,True,True,81,unlisted_controls,True,40902,40911,4978.227963525836,1,4897.227963525836,1224.306990881459,False,False
unlisted_controls,40963,45349172,52,True,True,4286,unlisted_controls,True,40961,40976,5197.487847222223,110,911.4878472222226,8.28625315656566,False,False
unlisted_controls,40970,210932273,49,True,True,55,unlisted_controls,True,40961,40976,5247.594184027777,110,5192.594184027777,47.2054016729798,False,False
unlisted_controls,40993,807628313,25,True,True,4316,unlisted_controls,True,40991,40995,5358.039637599094,16,1042.039637599094,65.12747734994338,False,False
unlisted_controls,41097,847402,42,True,True,386,unlisted_controls,True,41096,41106,5893.3273240319795,174,5507.3273240319795,31.651306459953904,False,False
unlisted_controls,41115,310656823,55,True,True,182,unlisted_controls,True,41110,41117,6152.605890603086,76,5970.605890603086,78.56060382372482,False,False
unlisted_controls,41216,91382831,47,True,True,212,unlisted_controls,True,41215,41240,251.43160967472895,119,39.431609674728946,0.33135806449352057,True,True
unlisted_controls,41323,47629572,4,True,True,102,unlisted_controls,True,41307,41330,766.3530297327814,57,664.3530297327814,11.655316311101426,False,False
unlisted_controls,41488,72029498,58,True,True,20,unlisted_controls,True,41440,41502,1554.2176221997831,454,1534.2176221997831,3.3793339696030467,False,False
unlisted_controls,41534,41097520,48,True,True,684,unlisted_controls,True,41531,41545,1789.374410266088,24,1105.374410266088,46.05726709442033,False,False
unlisted_controls,41596,44233259,43,True,True,1370,unlisted_controls,True,41590,41607,2069.0256484567453,77,699.0256484567453,9.078255174762926,False,False
unlisted_controls,41616,64110881,33,True,True,171,unlisted_controls,True,41607,41621,2135.476833976834,30,1964.4768339768339,65.48256113256113,False,False
unlisted_controls,41618,178452506,26,True,True,770,unlisted_controls,True,41607,41621,2140.162162162162,30,1370.162162162162,45.67207207207207,False,False
unlisted_controls,41721,14051872,32,True,True,3,unlisted_controls,True,41715,41735,2659.7032802504423,232,2656.7032802504423,11.451307242458803,False,False
unlisted_controls,41791,205915947,43,True,True,223,unlisted_controls,True,41787,41802,3127.6638612598827,16,2904.6638612598827,181.54149132874267,False,False
unlisted_controls,41855,19701041,49,True,True,341,unlisted_controls,True,41831,41860,3253.49812881623,44,2912.49812881623,66.19313929127794,False,False
unlisted_controls,41892,170767891,19,True,True,619,unlisted_controls,True,41887,41912,3620.2228312427533,372,3001.2228312427533,8.067803309792348,False,False
unlisted_controls,41908,75489831,39,True,True,485,unlisted_controls,True,41887,41912,3806.791398756193,372,3321.791398756193,8.929546770849981,False,False
unlisted_controls,42011,29219335,7,True,True,501,unlisted_controls,True,41995,42037,4079.4373060471357,94,3578.4373060471357,38.06848197922485,False,False
unlisted_controls,42021,58518803,19,True,True,12,unlisted_controls,True,41995,42037,4096.435041516397,94,4084.435041516397,43.45143661187657,False,False
unlisted_controls,42083,30320920,24,True,True,75,unlisted_controls,True,42062,42085,4403.142979893452,133,4328.142979893452,32.54242842025152,False,False
unlisted_controls,42137,28352263,7,True,True,138,unlisted_controls,True,42131,42141,4530.105612998523,25,4392.105612998523,175.6842245199409,False,False
unlisted_controls,42143,148791059,19,True,False,26,unlisted_controls,True,42141,42146,4558.694934547524,44,4532.694934547524,103.01579396698918,False,False
unlisted_controls,42174,505600535,23,True,True,753,unlisted_controls,True,42146,42202,4683.7025510204085,146,3930.7025510204085,26.92262021246855,False,False
unlisted_controls,42234,32256553,41,True,True,602,unlisted_controls,True,42220,42241,4866.454545454545,139,4264.454545454545,30.679529103989534,False,False
unlisted_controls,42280,15498517,21,True,True,131,unlisted_controls,True,42266,42291,5014.189879294336,119,4883.189879294336,41.0352090697003,False,False
unlisted_controls,42304,101307951,47,True,True,137,unlisted_controls,True,42291,42311,5152.59584295612,128,5015.59584295612,39.184342523094685,False,False
unlisted_controls,42454,596469023,31,True,True,1616,unlisted_controls,True,42445,42466,5942.979048135104,160,4326.979048135104,27.0436190508444,False,False
unlisted_controls,42608,57261606,38,True,True,329,unlisted_controls,True,42592,42616,648.9375,159,319.9375,2.012185534591195,False,False
unlisted_controls,42634,48923959,55,True,True,71,unlisted_controls,True,42616,42636,802.5363957597173,104,731.5363957597173,7.0340038053818965,False,False
unlisted_controls,42908,136226580,20,True,True,3504,unlisted_controls,True,42907,42935,3243.236306020824,76,260.76369397917597,3.431101236568105,False,False
unlisted_controls,43032,86525471,31,True,True,931,unlisted_controls,True,43031,43041,4004.7719928186716,111,3073.7719928186716,27.691639574942986,False,False
unlisted_controls,43128,201117956,4,True,True,394,unlisted_controls,True,43112,43132,4753.901705254401,144,4359.901705254401,30.277095175377788,False,False
unlisted_controls,43251,418382382,46,True,True,75,unlisted_controls,True,43247,43257,5647.19646799117,60,5572.19646799117,92.86994113318616,False,False
unlisted_controls,43354,875481622,22,True,True,403,unlisted_controls,True,43321,43355,6335.6523587412175,184,5932.6523587412175,32.242675862724006,False,False
unlisted_controls,43388,347418131,19,True,False,16,unlisted_controls,False,,,,,,,,
unlisted_controls,43421,36537880,24,True,True,57,unlisted_controls,True,43412,43425,282.52701307639364,81,225.52701307639364,2.7842841120542423,False,False
unlisted_controls,43466,13222656,0,True,True,40,unlisted_controls,True,43425,43480,823.2297205412389,669,783.2297205412389,1.1707469664293555,False,False
unlisted_controls,43534,566302508,44,True,True,904,unlisted_controls,True,43526,43535,1849.352304918877,140,945.352304918877,6.7525164637062645,False,False
unlisted_controls,43630,1089845,53,True,True,185,unlisted_controls,True,43627,43632,2571.261523532266,43,2386.261523532266,55.49445403563409,False,False
unlisted_controls,43759,63276333,45,True,True,7327,unlisted_controls,True,43745,43776,3507.132214641342,216,3819.867785358658,17.684573080364157,False,False
unlisted_controls,43808,238549530,26,True,True,63,unlisted_controls,True,43801,43810,3796.6379853095486,59,3733.6379853095486,63.2819997510093,False,False
unlisted_controls,43882,22614817,33,True,True,8,unlisted_controls,True,43880,43896,4376.699484409526,70,4368.699484409526,62.409992634421805,False,False
unlisted_controls,43897,23990821,37,True,True,4,unlisted_controls,True,43896,43900,4439.159400806607,10,4435.159400806607,443.5159400806607,False,False
unlisted_controls,44075,340653341,29,True,True,2783,unlisted_controls,True,44070,44087,5774.240573552841,134,2991.240573552841,22.322690847409262,False,False
unlisted_controls,44158,5095936,0,True,True,1201,unlisted_controls,True,44131,44232,315.6555122878277,742,885.3444877121723,1.193186641121526,False,False
unlisted_controls,44187,153677875,51,True,True,2,unlisted_controls,True,44131,44232,531.0209051443051,742,529.0209051443051,0.7129661794397643,False,False
unlisted_controls,44210,2559802628,4,True,True,736,unlisted_controls,True,44131,44232,772.474017625906,742,36.47401762590596,0.04915635798639617,True,True
unlisted_controls,44298,26205955,3,True,True,3,unlisted_controls,True,44280,44316,1317.2722104369961,166,1314.2722104369961,7.917302472512025,False,False
unlisted_controls,44385,104027392,0,True,True,362,unlisted_controls,True,44381,44387,1953.7470786808622,12,1591.7470786808622,132.64558989007185,False,False
unlisted_controls,44527,83895338,42,True,True,565,unlisted_controls,True,44525,44530,3432.0725244072523,80,2867.0725244072523,35.83840655509066,False,False
unlisted_controls,44573,40917305,57,True,True,30,unlisted_controls,True,44571,44575,3957.4808970099666,3,3927.4808970099666,981.8702242524917,False,False
unlisted_controls,44641,121730339,35,True,True,1744,unlisted_controls,True,44627,44645,4623.471783295711,268,2879.4717832957112,10.744297698864594,False,False
unlisted_controls,44740,337667370,42,True,True,79,unlisted_controls,True,44732,44741,6140.90607424072,73,6061.90607424072,83.03980923617425,False,False
unlisted_controls,44788,621501750,54,True,True,380,unlisted_controls,True,44782,44791,6511.287581699346,46,6131.287581699346,133.28886047172492,False,False
unlisted_controls,44804,120931621,37,True,True,31,unlisted_controls,False,,,,,,,,
unlisted_controls,44844,2839733783,23,True,True,651,unlisted_controls,True,44812,44852,619.8885371368933,511,31.11146286310668,0.060883488968897614,True,True
unlisted_controls,44851,29873180,28,True,True,65,unlisted_controls,True,44812,44852,711.7778744129414,511,646.7778744129414,1.2657101260527228,False,False
unlisted_controls,45171,216862760,40,True,True,450,unlisted_controls,True,45156,45172,4812.626392815566,201,4362.626392815566,21.704608919480428,False,False
unlisted_controls,45173,311571243,43,True,True,49,unlisted_controls,True,45172,45187,4833.932662538699,196,4784.932662538699,24.412921747646426,False,False
unlisted_controls,45274,134065667,3,True,True,254,unlisted_controls,True,45262,45275,6208.14878738283,178,5954.14878738283,33.45027408642039,False,False
unlisted_controls,45462,133633057,33,True,True,2426,unlisted_controls,True,45452,45465,1253.1529986487892,119,1172.8470013512108,9.855857154211856,False,False
unlisted_controls,45528,694857245,29,True,True,33,unlisted_controls,True,45527,45537,2069.0205320994796,386,2036.0205320994796,5.274664590931295,False,False
unlisted_controls,45582,64292129,33,True,True,9189,unlisted_controls,True,45576,45586,3190.0627548048924,203,5998.937245195108,29.55141500096112,False,False
unlisted_controls,45770,50089516,44,True,True,35,unlisted_controls,True,45766,45780,5033.544758152769,112,4998.544758152769,44.62986391207829,False,False
unlisted_controls,45837,76923444,52,True,True,3136,unlisted_controls,True,45831,45840,5717.356038923869,172,2581.356038923869,15.007883947231797,False,False
unlisted_controls,45895,120669752,56,True,True,483,unlisted_controls,True,45885,45897,6375.3387096774195,78,5892.3387096774195,75.54280397022333,False,False
unlisted_controls,45956,105368835,3,True,True,43,unlisted_controls,True,45955,45960,431.0941926345609,17,388.0941926345609,22.829070154974172,False,False
unlisted_controls,46042,80004910,46,True,True,228,unlisted_controls,True,46022,46045,1151.1764980835749,66,923.1764980835749,13.987522698235983,False,False
unlisted_controls,46090,331069735,39,True,True,43,unlisted_controls,True,46077,46110,1518.8495575221239,204,1475.8495575221239,7.234556654520215,False,False
unlisted_controls,46109,276765206,22,True,True,102,unlisted_controls,True,46077,46110,1634.4345132743363,204,1532.4345132743363,7.511933888599688,False,False
unlisted_controls,46308,198216473,25,True,True,485,unlisted_controls,True,46305,46310,3415.9799139167862,21,2930.9799139167862,139.57047209127555,False,False
unlisted_controls,46552,365358645,53,True,True,264,unlisted_controls,True,46511,46556,5583.80095636581,394,5319.80095636581,13.502032884177183,False,False
unlisted_controls,46579,27257352,8,True,True,531,unlisted_controls,True,46566,46585,5834.664195939414,242,5303.664195939414,21.91596775181576,False,False
unlisted_controls,46607,45596192,32,True,True,102,unlisted_controls,True,46602,46627,5958.192391068719,141,5856.192391068719,41.53327936928169,False,False
unlisted_controls,46612,115841028,4,True,True,162,unlisted_controls,True,46602,46627,5985.854433123781,141,5823.854433123781,41.303932149814045,False,False
unlisted_controls,46653,24694300,28,True,True,340,unlisted_controls,True,46651,46662,6213.595375722543,63,5873.595375722543,93.23167263051656,False,False
unlisted_controls,46661,299250222,46,True,True,1077,unlisted_controls,True,46651,46662,6265.947976878612,63,5188.947976878612,82.36425360124781,False,False
unlisted_controls,46679,104512303,47,True,True,33,unlisted_controls,False,,,,,,,,
unlisted_controls,46737,20231187,19,True,True,41,unlisted_controls,True,46725,46771,377.04535917674093,143,336.04535917674093,2.349967546690496,False,False
unlisted_controls,46834,172242697,9,True,True,508,unlisted_controls,True,46830,46841,925.3559628875311,37,417.35596288753106,11.27989088885219,False,False
unlisted_controls,46842,120530741,53,True,True,9974,unlisted_controls,True,46841,46860,957.457502437295,344,9016.542497562705,26.210879353379955,False,False
unlisted_controls,46960,75104265,9,True,True,10636,unlisted_controls,True,46945,46966,1723.7535753575357,102,8912.246424642464,87.37496494747514,False,False
unlisted_controls,47057,1338426,58,True,True,530,unlisted_controls,True,47046,47066,2534.071197411003,56,2004.0711974110031,35.786985668053624,False,False
unlisted_controls,47143,43075377,49,True,True,3,unlisted_controls,True,47126,47145,3215.9753280839896,85,3212.9753280839896,37.79970974216458,False,False
unlisted_controls,47185,429774131,51,True,True,29,unlisted_controls,True,47162,47187,3675.689193995874,222,3646.689193995874,16.426527900882316,False,False
unlisted_controls,47401,292093187,3,True,True,585,unlisted_controls,True,47390,47405,5234.666471791874,204,4649.666471791874,22.792482704862127,False,False
unlisted_controls,47476,56351799,55,True,True,409,unlisted_controls,True,47470,47477,5513.954907161804,1,5104.954907161804,1276.238726790451,False,False
unlisted_controls,47708,29929990,6,True,True,19,unlisted_controls,True,47705,47726,604.1091682963304,278,585.1091682963304,2.1047092384760084,False,False
unlisted_controls,47864,312395551,31,True,True,2080,unlisted_controls,True,47862,47866,258.7320754716981,109,1821.2679245283018,16.708880041544052,False,False
unlisted_controls,48035,326016292,36,True,True,405,unlisted_controls,True,48030,48052,886.050285825017,176,481.050285825017,2.733240260369415,False,False
unlisted_controls,48221,50094127,47,True,True,194,unlisted_controls,False,,,,,,,,
unlisted_controls,48355,91566614,22,True,True,45,unlisted_controls,True,48346,48392,398.69346759095276,559,353.69346759095276,0.6327253445276436,False,False
unlisted_controls,48429,2082916374,22,True,True,1402,unlisted_controls,True,48406,48441,1519.1348424661262,806,117.1348424661262,0.1453285886676504,True,True
unlisted_controls,48581,103483955,51,True,True,183,unlisted_controls,True,48551,48597,3570.9581594019996,373,3387.9581594019996,9.082997746386058,False,False
unlisted_controls,48939,64634161,49,True,True,351,unlisted_controls,True,48931,48960,1188.7270525131933,328,837.7270525131933,2.554045891808516,False,False
unlisted_controls,49124,25133575,7,True,True,47,unlisted_controls,True,49121,49126,3679.240489130435,245,3632.240489130435,14.825471384205857,False,False
unlisted_controls,49509,60606213,5,True,True,1180,unlisted_controls,False,,,,,,,,
unlisted_controls,49581,391976738,34,True,True,585,unlisted_controls,False,,,,,,,,
unlisted_controls,49636,5009412,4,True,True,1195,unlisted_controls,False,,,,,,,,
unlisted_controls,49779,286246442,42,True,True,74,unlisted_controls,False,,,,,,,,
unlisted_controls,49878,115745570,34,True,True,182,unlisted_controls,True,49867,49957,108.54941078519278,205,73.45058921480722,0.35829555714540107,True,True
unlisted_controls,49959,40050742,54,True,True,69,unlisted_controls,False,,,,,,,,
boundary,0,2083236893,29,True,True,,boundary,False,,,,,,,,
boundary,1,2573394689,1,True,True,4,boundary,False,,,,,,,,
boundary,2,1639830024,8,True,True,11,boundary,False,,,,,,,,
boundary,20344,2290097976,56,True,True,158,boundary,False,,,,,,,,
boundary,20346,1617222711,55,True,True,679,boundary,False,,,,,,,,
boundary,20349,723680027,27,True,True,3,boundary,False,,,,,,,,
boundary,20354,929845294,46,True,True,9,boundary,False,,,,,,,,
boundary,20356,1460592421,37,True,True,172,boundary,False,,,,,,,,
boundary,20362,501504002,2,True,True,178,boundary,False,,,,,,,,
boundary,20363,1370215168,0,True,True,8,boundary,False,,,,,,,,
boundary,20364,481619745,33,True,True,394,boundary,False,,,,,,,,
boundary,20368,476434206,30,True,True,2,boundary,False,,,,,,,,
boundary,20373,502664734,30,True,True,403,boundary,False,,,,,,,,
boundary,20375,446397187,3,True,True,22,boundary,False,,,,,,,,
boundary,20377,1056589358,46,True,True,715,boundary,False,,,,,,,,
boundary,20379,1309459484,28,True,True,26,boundary,False,,,,,,,,
boundary,20382,430364692,20,True,True,29,boundary,False,,,,,,,,
boundary,20394,714175288,56,True,True,733,boundary,False,,,,,,,,
boundary,20399,23897892,36,True,True,428,boundary,False,,,,,,,,
boundary,20400,584856341,21,True,True,217,boundary,False,,,,,,,,
boundary,20402,126756105,9,True,True,741,boundary,False,,,,,,,,
boundary,20415,865532193,33,True,True,754,boundary,False,,,,,,,,
boundary,20418,2217674525,29,True,True,235,boundary,False,,,,,,,,
boundary,20423,792629013,21,True,True,71,boundary,False,,,,,,,,
boundary,20425,851602198,22,True,True,73,boundary,False,,,,,,,,
boundary,20430,134076964,36,True,True,456,boundary,False,,,,,,,,
boundary,20434,9482808,56,True,True,252,boundary,False,,,,,,,,
boundary,21309,372270900,52,True,True,173,boundary,False,,,,,,,,
boundary,21310,24138779,27,True,True,80,boundary,False,,,,,,,,
boundary,21312,246429719,23,True,True,18,boundary,False,,,,,,,,
boundary,21313,1026258441,9,True,True,19,boundary,False,,,,,,,,
boundary,21319,747931648,0,True,True,89,boundary,False,,,,,,,,
boundary,21320,443796758,22,True,True,184,boundary,False,,,,,,,,
boundary,21321,415543351,55,True,True,259,boundary,False,,,,,,,,
boundary,21330,123563285,21,True,True,100,boundary,False,,,,,,,,
boundary,21332,2339948334,46,True,True,38,boundary,False,,,,,,,,
boundary,21336,160806147,3,True,True,200,boundary,False,,,,,,,,
boundary,21341,44851256,56,True,True,279,boundary,False,,,,,,,,
boundary,21344,520231706,26,True,True,208,boundary,False,,,,,,,,
boundary,21353,1583299366,38,True,True,218,boundary,False,,,,,,,,
boundary,21357,220746024,40,True,True,127,boundary,False,,,,,,,,
boundary,21362,322884641,33,True,True,69,boundary,False,,,,,,,,
boundary,21374,3777507894,54,True,True,81,boundary,False,,,,,,,,
boundary,21377,204528682,42,True,True,147,boundary,False,,,,,,,,
boundary,21382,2106882355,51,True,True,251,boundary,False,,,,,,,,
boundary,21386,1621472787,19,True,True,256,boundary,False,,,,,,,,
boundary,21388,857830696,40,True,True,4,boundary,False,,,,,,,,
boundary,21391,392059685,37,True,True,263,boundary,False,,,,,,,,
boundary,21393,3487134250,42,True,True,265,boundary,False,,,,,,,,
boundary,21410,842947639,55,True,True,27,boundary,False,,,,,,,,
boundary,21412,855959072,32,True,True,284,boundary,False,,,,,,,,
boundary,21413,98519068,28,True,True,17,boundary,False,,,,,,,,
boundary,21414,159224115,51,True,True,18,boundary,False,,,,,,,,
boundary,21420,809537540,4,True,True,37,boundary,False,,,,,,,,
boundary,21428,2362501147,27,True,True,32,boundary,False,,,,,,,,
boundary,21433,2093831477,53,True,True,53,boundary,False,,,,,,,,
boundary,21442,874095916,44,True,True,26,boundary,False,,,,,,,,
boundary,21444,183730969,25,True,True,29,boundary,False,,,,,,,,
boundary,21449,1317893941,53,True,True,2037,boundary,False,,,,,,,,
boundary,21450,367726360,24,True,True,2038,boundary,False,,,,,,,,
boundary,21456,661608985,25,True,True,2044,boundary,False,,,,,,,,
boundary,21462,14893595,27,True,True,51,boundary,False,,,,,,,,
boundary,25724,2315543331,35,True,True,20,boundary,False,,,,,,,,
boundary,25725,347581750,54,True,True,681,boundary,False,,,,,,,,
boundary,25727,3516893472,32,True,True,25,boundary,False,,,,,,,,
boundary,25730,3589444646,38,True,True,30,boundary,False,,,,,,,,
boundary,25732,2287886876,28,True,True,32,boundary,False,,,,,,,,
boundary,25733,2002942256,48,True,True,47,boundary,False,,,,,,,,
boundary,25734,231039770,26,True,True,194,boundary,False,,,,,,,,
boundary,25735,1461736733,29,True,True,47,boundary,False,,,,,,,,
boundary,25744,38537262,46,True,True,322,boundary,False,,,,,,,,
boundary,25745,246062138,58,True,False,63,boundary,False,,,,,,,,
boundary,25746,597813011,19,True,True,60,boundary,False,,,,,,,,
boundary,25748,49660203,43,True,True,704,boundary,False,,,,,,,,
boundary,25755,10263337,41,True,True,215,boundary,False,,,,,,,,
boundary,25759,554615829,21,True,True,73,boundary,False,,,,,,,,
boundary,25761,136665392,48,True,True,221,boundary,False,,,,,,,,
boundary,25772,230144532,20,True,True,11,boundary,False,,,,,,,,
boundary,25773,22387755,43,True,True,351,boundary,False,,,,,,,,
boundary,25777,115682086,38,True,True,95,boundary,False,,,,,,,,
boundary,25780,337487903,31,True,True,232,boundary,False,,,,,,,,
boundary,25783,104988959,31,True,True,361,boundary,False,,,,,,,,
boundary,25787,719267121,49,True,True,247,boundary,False,,,,,,,,
boundary,25790,278542343,7,True,True,13,boundary,False,,,,,,,,
boundary,25801,182855719,39,True,True,380,boundary,False,,,,,,,,
boundary,25804,300080948,52,True,True,257,boundary,False,,,,,,,,
boundary,25807,109247802,58,True,False,386,boundary,False,,,,,,,,
boundary,26190,2211466504,8,True,True,100,boundary,False,,,,,,,,
boundary,26201,2554577700,36,True,True,90,boundary,False,,,,,,,,
boundary,26203,2094875400,8,True,True,92,boundary,False,,,,,,,,
boundary,26206,1112440889,57,True,True,4,boundary,False,,,,,,,,
boundary,26215,138708016,48,True,True,104,boundary,False,,,,,,,,
boundary,26218,6511662,46,True,True,156,boundary,False,,,,,,,,
boundary,26225,218722306,2,True,True,163,boundary,False,,,,,,,,
boundary,26226,800519223,55,True,True,164,boundary,False,,,,,,,,
boundary,26244,89541128,8,True,True,562,boundary,False,,,,,,,,
boundary,26245,470345218,2,True,True,37,boundary,False,,,,,,,,
boundary,26246,1769313831,39,True,True,6,boundary,False,,,,,,,,
boundary,28700,789822762,42,True,True,116,boundary,False,,,,,,,,
boundary,28710,36301845,21,True,True,435,boundary,False,,,,,,,,
boundary,28716,615038465,1,True,True,5,boundary,False,,,,,,,,
boundary,28722,129543945,9,True,True,10,boundary,False,,,,,,,,
boundary,28723,957769992,8,True,True,448,boundary,False,,,,,,,,
boundary,28724,873254198,54,True,True,449,boundary,False,,,,,,,,
boundary,28745,80977159,7,True,True,14,boundary,False,,,,,,,,
boundary,28751,331858485,53,True,True,14,boundary,False,,,,,,,,
boundary,35207,61104438,54,True,True,44,boundary,False,,,,,,,,
boundary,35220,596989221,37,True,True,44,boundary,False,,,,,,,,
boundary,35221,8081711,47,True,True,367,boundary,False,,,,,,,,
boundary,35224,159436067,35,True,True,24,boundary,False,,,,,,,,
boundary,35228,223200768,0,True,True,64,boundary,False,,,,,,,,
boundary,35232,196530464,32,True,True,68,boundary,False,,,,,,,,
boundary,35234,44673800,8,True,True,280,boundary,False,,,,,,,,
boundary,35243,190522935,55,True,True,80,boundary,False,,,,,,,,
boundary,35244,726859029,21,True,True,81,boundary,False,,,,,,,,
boundary,35250,363375104,0,True,True,17,boundary,False,,,,,,,,
boundary,35254,318669851,27,True,True,396,boundary,False,,,,,,,,
boundary,35258,44437536,32,True,True,33,boundary,False,,,,,,,,
boundary,35261,54386464,32,True,True,99,boundary,False,,,,,,,,
boundary,35265,394457136,48,True,True,570,boundary,False,,,,,,,,
boundary,35272,65659681,33,True,True,419,boundary,False,,,,,,,,
boundary,35276,154991144,40,True,True,47,boundary,False,,,,,,,,
boundary,35281,99671585,33,True,True,1,boundary,False,,,,,,,,
boundary,35290,313709348,36,True,True,1090,boundary,False,,,,,,,,
boundary,35295,30286599,7,True,True,88,boundary,False,,,,,,,,
boundary,35298,383757879,55,True,True,56,boundary,False,,,,,,,,
boundary,35304,597624613,37,True,True,6,boundary,False,,,,,,,,
boundary,35305,15097911,55,True,True,76,boundary,False,,,,,,,,
boundary,35306,435317785,25,True,True,73,boundary,False,,,,,,,,
boundary,35341,213249817,25,True,True,43,boundary,False,,,,,,,,
boundary,35342,150891050,42,True,True,109,boundary,False,,,,,,,,
boundary,35354,37272602,26,True,True,502,boundary,False,,,,,,,,
boundary,35359,28884517,37,True,True,506,boundary,False,,,,,,,,
boundary,35365,132534322,50,True,True,203,boundary,False,,,,,,,,
boundary,35369,620455708,28,True,True,13,boundary,False,,,,,,,,
boundary,35371,167619332,4,True,True,418,boundary,False,,,,,,,,
boundary,35373,229701656,24,True,True,140,boundary,False,,,,,,,,
boundary,35374,112709913,25,True,True,167,boundary,False,,,,,,,,
boundary,35392,127424052,52,True,True,159,boundary,False,,,,,,,,
boundary,35394,251176707,3,True,True,161,boundary,False,,,,,,,,
boundary,35396,246982662,6,True,True,40,boundary,False,,,,,,,,
boundary,35397,435339833,57,True,True,1197,boundary,False,,,,,,,,
boundary,35398,301669656,24,True,True,1198,boundary,False,,,,,,,,
boundary,35417,204345907,51,True,True,24,boundary,False,,,,,,,,
boundary,35431,19589422,46,True,True,4,boundary,False,,,,,,,,
boundary,35433,160873002,42,True,True,77,boundary,False,,,,,,,,
boundary,35435,154919477,53,True,True,42,boundary,False,,,,,,,,
boundary,35439,490112534,22,True,True,83,boundary,False,,,,,,,,
boundary,35443,66172214,54,True,True,15,boundary,False,,,,,,,,
boundary,35449,285876531,51,True,True,21,boundary,False,,,,,,,,
boundary,35452,171930643,19,True,False,96,boundary,False,,,,,,,,
boundary,35469,16729632,32,True,True,19,boundary,False,,,,,,,,
boundary,35470,84197157,37,True,True,20,boundary,False,,,,,,,,
boundary,35475,125803297,33,True,True,242,boundary,False,,,,,,,,
boundary,35482,220238358,22,True,True,32,boundary,False,,,,,,,,
boundary,35494,27268913,49,True,True,8,boundary,False,,,,,,,,
boundary,35502,138890805,53,True,True,19,boundary,False,,,,,,,,
boundary,35503,41216519,7,True,True,8,boundary,False,,,,,,,,
boundary,35506,215856407,23,True,True,66,boundary,False,,,,,,,,
boundary,37322,46704151,23,True,True,455,boundary,False,,,,,,,,
boundary,37323,100211220,20,True,True,216,boundary,False,,,,,,,,
boundary,37324,22092829,29,True,True,227,boundary,False,,,,,,,,
boundary,37342,12165160,40,True,True,395,boundary,False,,,,,,,,
boundary,37345,64424452,4,True,True,969,boundary,False,,,,,,,,
boundary,37349,11889172,20,True,True,379,boundary,False,,,,,,,,
boundary,37354,128584215,23,True,True,902,boundary,False,,,,,,,,
boundary,37355,96427318,54,True,True,196,boundary,False,,,,,,,,
boundary,37359,32962564,4,True,True,907,boundary,False,,,,,,,,
boundary,37365,20390970,58,True,True,989,boundary,False,,,,,,,,
boundary,37367,124001799,7,True,True,260,boundary,False,,,,,,,,
boundary,37369,119734047,31,True,True,262,boundary,False,,,,,,,,
boundary,37370,14743352,56,True,True,2063,boundary,False,,,,,,,,
boundary,37372,12940335,47,True,True,1433,boundary,False,,,,,,,,
boundary,37373,125061919,31,True,True,1247,boundary,False,,,,,,,,
boundary,37393,10889499,27,True,True,247,boundary,False,,,,,,,,
boundary,37400,11203607,23,True,True,602,boundary,False,,,,,,,,
boundary,37412,4330243,3,True,True,466,boundary,False,,,,,,,,
boundary,37420,228479784,40,True,True,622,boundary,False,,,,,,,,
boundary,37424,107768854,22,True,True,1486,boundary,False,,,,,,,,
boundary,37426,110939691,43,True,True,1301,boundary,False,,,,,,,,
boundary,37429,471759390,30,True,True,323,boundary,False,,,,,,,,
boundary,37439,79605815,55,True,True,1314,boundary,False,,,,,,,,
boundary,37447,115611931,27,True,True,560,boundary,False,,,,,,,,
boundary,37466,56061461,21,True,True,11,boundary,False,,,,,,,,
boundary,37468,87120938,42,True,True,1531,boundary,False,,,,,,,,
boundary,37471,140836383,31,True,True,1021,boundary,False,,,,,,,,
boundary,37490,273557287,39,True,True,693,boundary,False,,,,,,,,
boundary,37496,48091145,9,True,False,9,boundary,False,,,,,,,,
boundary,37498,46399010,34,True,True,11,boundary,False,,,,,,,,
boundary,37499,171728431,47,True,True,309,boundary,False,,,,,,,,
boundary,37504,72803896,56,True,True,228,boundary,False,,,,,,,,
boundary,37512,101930021,37,True,True,615,boundary,False,,,,,,,,
boundary,37515,47226140,28,True,True,37,boundary,False,,,,,,,,
boundary,37522,714772,20,True,True,47,boundary,False,,,,,,,,
boundary,37523,61042979,35,True,True,251,boundary,False,,,,,,,,
boundary,37524,176476462,46,True,True,367,boundary,False,,,,,,,,
boundary,37527,202561068,44,True,True,52,boundary,False,,,,,,,,
boundary,37552,3134978,2,True,True,390,boundary,False,,,,,,,,
boundary,37553,116635398,6,True,True,282,boundary,False,,,,,,,,
boundary,37555,90799109,5,True,True,399,boundary,False,,,,,,,,
boundary,37557,273376297,41,True,True,27,boundary,False,,,,,,,,
boundary,37567,365548822,22,True,True,1000,boundary,False,,,,,,,,
boundary,37569,75690035,51,True,True,6,boundary,False,,,,,,,,
boundary,37582,209823519,31,True,True,1015,boundary,False,,,,,,,,
boundary,37593,64590381,45,True,True,803,boundary,False,,,,,,,,
boundary,37607,244934665,9,True,True,817,boundary,False,,,,,,,,
boundary,37611,16699136,0,True,True,342,boundary,False,,,,,,,,
boundary,37616,152658464,32,True,True,726,boundary,False,,,,,,,,
boundary,37624,46882327,23,True,True,1059,boundary,False,,,,,,,,
boundary,37629,269274394,26,True,True,102,boundary,False,,,,,,,,
boundary,37631,60865289,9,True,True,540,boundary,False,,,,,,,,
boundary,37632,14137914,58,True,False,1704,boundary,False,,,,,,,,
boundary,37634,34604085,53,True,True,54,boundary,False,,,,,,,,
boundary,37636,171919902,30,True,True,368,boundary,False,,,,,,,,
boundary,37640,133503517,29,True,True,232,boundary,False,,,,,,,,
boundary,37643,122401792,0,True,True,484,boundary,False,,,,,,,,
boundary,37645,18459412,20,True,True,65,boundary,False,,,,,,,,
boundary,37647,175484969,41,True,True,758,boundary,False,,,,,,,,
boundary,37648,114444596,52,True,True,1533,boundary,False,,,,,,,,
boundary,37666,41646644,52,True,True,878,boundary,False,,,,,,,,
boundary,37667,124087856,48,True,True,400,boundary,False,,,,,,,,
boundary,37669,130964482,2,True,True,881,boundary,False,,,,,,,,
boundary,37684,795971845,5,True,True,1079,boundary,False,,,,,,,,
boundary,37685,213340985,57,True,True,4,boundary,False,,,,,,,,
boundary,37708,805106984,40,True,True,12,boundary,False,,,,,,,,
boundary,37717,294086691,35,True,True,11,boundary,False,,,,,,,,
boundary,37720,288698395,27,True,True,622,boundary,False,,,,,,,,
boundary,37726,134934017,1,True,True,81,boundary,False,,,,,,,,
boundary,49484,20301571,3,True,True,424,boundary,False,,,,,,,,
boundary,49488,50284819,19,True,False,20,boundary,False,,,,,,,,
boundary,49503,291732514,34,True,True,83,boundary,False,,,,,,,,
boundary,49504,2002139674,26,True,True,1164,boundary,False,,,,,,,,
boundary,49509,60606213,5,True,True,1180,boundary,False,,,,,,,,
boundary,49512,1987412482,2,True,True,1174,boundary,False,,,,,,,,
boundary,49515,13467445,53,True,True,52,boundary,False,,,,,,,,
boundary,49518,2924807169,1,True,True,1189,boundary,False,,,,,,,,
boundary,49523,2829815808,0,True,True,1247,boundary,False,,,,,,,,
boundary,49527,361575468,44,True,True,40,boundary,False,,,,,,,,
boundary,49528,399746837,21,True,True,1428,boundary,False,,,,,,,,
boundary,49529,174193436,28,True,True,97,boundary,False,,,,,,,,
boundary,49532,175678464,0,True,True,157,boundary,False,,,,,,,,
boundary,49534,2622302485,21,True,True,1433,boundary,False,,,,,,,,
boundary,49537,198679609,57,True,True,383,boundary,False,,,,,,,,
boundary,49542,30449708,44,True,True,16,boundary,False,,,,,,,,
boundary,49546,3628556807,7,True,True,1442,boundary,False,,,,,,,,
boundary,49551,254030878,30,True,True,569,boundary,False,,,,,,,,
boundary,49579,131966770,50,True,True,273,boundary,False,,,,,,,,
boundary,49581,391976738,34,True,True,585,boundary,False,,,,,,,,
boundary,49588,30537770,42,True,True,4098,boundary,False,,,,,,,,
boundary,49590,59572743,7,True,True,537,boundary,False,,,,,,,,
boundary,49599,361163796,20,True,True,396,boundary,False,,,,,,,,
boundary,49600,86950189,45,True,True,68,boundary,False,,,,,,,,
boundary,49604,313800240,48,True,True,147,boundary,False,,,,,,,,
boundary,49611,50127661,45,True,True,79,boundary,False,,,,,,,,
boundary,49627,90468637,29,True,True,51,boundary,False,,,,,,,,
boundary,49630,449831473,49,True,True,230,boundary,False,,,,,,,,
boundary,49634,34541828,4,True,True,1140,boundary,False,,,,,,,,
boundary,49636,5009412,4,True,True,1195,boundary,False,,,,,,,,
boundary,49640,36823090,50,True,True,463,boundary,False,,,,,,,,
boundary,49650,192857378,34,True,True,605,boundary,False,,,,,,,,
boundary,49658,15914756,4,True,True,1460,boundary,False,,,,,,,,
boundary,49664,206731797,21,True,True,48,boundary,False,,,,,,,,
boundary,49669,429847,23,True,True,4883,boundary,False,,,,,,,,
boundary,49670,51725077,21,True,True,17,boundary,False,,,,,,,,
boundary,49674,51494959,47,True,True,374,boundary,False,,,,,,,,
boundary,49682,252923158,22,True,True,4,boundary,False,,,,,,,,
boundary,49684,44703515,27,True,True,59,boundary,False,,,,,,,,
boundary,49685,254702089,9,True,True,7,boundary,False,,,,,,,,
boundary,49690,480459781,5,True,True,32,boundary,False,,,,,,,,
boundary,49694,244696112,48,True,True,297,boundary,False,,,,,,,,
boundary,49695,4545308,28,True,True,1,boundary,False,,,,,,,,
boundary,49702,164866590,30,True,True,61,boundary,False,,,,,,,,
boundary,49722,352265497,25,True,True,38,boundary,False,,,,,,,,
boundary,49724,99674925,45,True,True,17,boundary,False,,,,,,,,
boundary,49743,145871640,24,True,True,71,boundary,False,,,,,,,,
boundary,49752,164386357,53,True,True,713,boundary,False,,,,,,,,
boundary,49753,692779,43,True,True,3400,boundary,False,,,,,,,,
boundary,49756,133038358,22,True,True,1326,boundary,False,,,,,,,,
boundary,49758,23611906,2,True,True,154,boundary,False,,,,,,,,
boundary,49763,44669219,35,True,True,82,boundary,False,,,,,,,,
boundary,49764,107987743,31,True,True,32,boundary,False,,,,,,,,
boundary,49768,132176669,29,True,True,211,boundary,False,,,,,,,,
boundary,49777,98148388,36,True,True,64,boundary,False,,,,,,,,
boundary,49779,286246442,42,True,True,74,boundary,False,,,,,,,,
boundary,49780,114656541,29,True,True,1740,boundary,False,,,,,,,,
boundary,49795,33693206,22,True,True,629,boundary,False,,,,,,,,
boundary,49800,255088939,43,True,True,156,boundary,True,49797,49867,19.433258182383582,78,136.56674181761642,1.7508556643284157,False,False
boundary,49803,201274422,54,True,True,363,boundary,True,49797,49867,25.59418487133639,78,337.4058151286636,4.325715578572611,False,False
boundary,49804,125109254,6,True,True,85,boundary,True,49797,49867,26.68265567907953,78,58.31734432092047,0.7476582605246214,False,False
boundary,49809,71438338,2,True,True,181,boundary,True,49797,49867,30.48169167379305,78,150.51830832620695,1.9297219016180378,False,False
boundary,49814,20958008,56,True,True,82,boundary,True,49797,49867,36.54256394309259,78,45.45743605690741,0.5827876417552232,False,False
boundary,49821,148999703,23,True,True,100,boundary,True,49797,49867,50.90492109150276,78,49.09507890849724,0.6294240885704775,False,False
boundary,49823,159524131,35,True,True,1224,boundary,True,49797,49867,54.02176786130762,78,1169.9782321386924,14.999720924855032,False,False
boundary,49829,54237717,21,True,True,76,boundary,True,49797,49867,56.21083728523673,78,19.789162714763272,0.2537072142918368,True,True
boundary,49832,121614892,44,True,True,149,boundary,True,49797,49867,60.57988027676281,78,88.42011972323719,1.1335912785030409,False,False
boundary,49837,26357293,45,True,True,130,boundary,True,49797,49867,64.31221332504082,78,65.68778667495918,0.8421511112174255,False,False
boundary,49845,29303324,28,True,True,43,boundary,True,49797,49867,67.94752390577625,78,24.94752390577625,0.31984005007405447,True,True
boundary,49857,264114970,26,True,True,164,boundary,True,49797,49867,78.85951955220399,78,85.14048044779601,1.09154462112559,False,False
boundary,49870,78294837,53,True,True,9,boundary,True,49867,49957,96.08319456897657,205,87.08319456897657,0.42479607106817835,True,True
boundary,49872,22938681,57,True,True,519,boundary,True,49867,49957,99.10292045600103,205,419.897079543999,2.048278436799995,False,False
boundary,49875,169210632,8,True,True,178,boundary,True,49867,49957,104.48591008069681,205,73.51408991930319,0.3586053166795278,True,True
boundary,49878,115745570,34,True,True,182,boundary,True,49867,49957,108.54941078519278,205,73.45058921480722,0.35829555714540107,True,True
boundary,49880,33470241,33,True,True,194,boundary,True,49867,49957,111.93019085436147,205,82.06980914563853,0.4003405324177489,True,True
boundary,49905,118815794,50,True,True,198,boundary,True,49867,49957,165.45811451261687,205,32.54188548738313,0.15874090481650305,True,True
boundary,49906,32349742,46,True,True,793,boundary,True,49867,49957,165.95046112463174,205,627.0495388753683,3.058778238416431,False,False
boundary,49908,211281690,26,True,True,2,boundary,True,49867,49957,170.46035609068784,205,168.46035609068784,0.8217578345887212,False,False
boundary,49909,118539010,2,True,True,57,boundary,True,49867,49957,171.92426668374537,205,114.92426668374537,0.5606061789450993,False,False
boundary,49910,47422254,46,True,True,21,boundary,True,49867,49957,172.75797361342387,205,151.75797361342387,0.7402827981142628,False,False
boundary,49918,77110571,43,True,True,251,boundary,True,49867,49957,185.1060266427565,205,65.89397335724351,0.32143401637679764,True,True
boundary,49919,12439571,19,True,True,219,boundary,True,49867,49957,185.53929166132957,205,33.46070833867043,0.16322296750570942,True,True
boundary,49922,7234862,46,True,True,36,boundary,True,49867,49957,194.4803061355194,205,158.4803061355194,0.7730746640757045,False,False
boundary,49923,181745975,55,True,True,72,boundary,True,49867,49957,196.64663122838476,205,124.64663122838476,0.6080323474555355,False,False
boundary,49933,67868972,44,True,True,160,boundary,True,49867,49957,222.5309337773793,205,62.53093377737929,0.3050289452555087,True,True
boundary,49935,66421810,50,True,True,123,boundary,True,49867,49957,226.97518252850006,205,103.97518252850006,0.5071960123341466,False,False
boundary,49937,155714360,56,True,True,5223,boundary,True,49867,49957,237.67551556295632,205,4985.324484437044,24.318656021644117,False,False
boundary,49945,43904563,51,True,True,34,boundary,True,49867,49957,251.67128858716538,205,217.67128858716538,1.061811163839831,False,False
boundary,49946,141802541,45,True,True,428,boundary,True,49867,49957,254.08706929678493,205,173.91293070321507,0.8483557595278783,False,False
boundary,49950,500322350,46,True,True,104,boundary,True,49867,49957,271.8246765723069,205,167.82467657230688,0.8186569588893019,False,False
boundary,49974,364849941,21,True,True,382,boundary,False,,,,,,,,
boundary,49988,2116352,0,True,True,218,boundary,False,,,,,,,,
boundary,49989,55677467,27,True,True,1842,boundary,False,,,,,,,,
boundary,49991,82861596,28,True,True,3867,boundary,False,,,,,,,,
boundary,49995,229498658,34,True,True,393,boundary,False,,,,,,,,
boundary,49997,129381128,8,True,True,267,boundary,False,,,,,,,,
boundary,49998,103668025,57,True,True,4,boundary,False,,,,,,,,
boundary,49999,64497466,58,True,True,269,boundary,False,,,,,,,,
boundary,50002,9804838,38,True,True,1619,boundary,False,,,,,,,,
boundary,50006,39977236,20,True,True,261,boundary,False,,,,,,,,
boundary,50011,21225781,53,True,True,387,boundary,False,,,,,,,,
boundary,50019,25746743,55,True,True,165,boundary,False,,,,,,,,
boundary,50020,100005917,29,True,True,32,boundary,False,,,,,,,,
boundary,50026,41715228,28,True,True,430,boundary,False,,,,,,,,
boundary,50027,162031111,7,True,True,523,boundary,False,,,,,,,,
boundary,50031,11979548,28,True,True,226,boundary,False,,,,,,,,
boundary,50032,22896153,25,True,True,1032,boundary,False,,,,,,,,
boundary,50039,32233238,22,True,True,4,boundary,False,,,,,,,,
boundary,50043,40915255,55,True,True,276,boundary,False,,,,,,,,
boundary,50044,102867201,1,True,True,1054,boundary,False,,,,,,,,
boundary,50047,77282601,41,True,True,202,boundary,False,,,,,,,,
boundary,50048,34406942,30,True,True,322,boundary,False,,,,,,,,
boundary,50055,39918637,45,True,True,70,boundary,False,,,,,,,,
boundary,50056,124130862,46,True,True,290,boundary,False,,,,,,,,
boundary,50057,68614952,40,True,True,291,boundary,False,,,,,,,,
boundary,50060,203422497,33,True,True,287,boundary,False,,,,,,,,
boundary,50064,52366897,49,True,True,311,boundary,False,,,,,,,,
boundary,50067,288691222,22,True,True,3,boundary,False,,,,,,,,
boundary,50072,58129177,25,True,True,67,boundary,False,,,,,,,,
boundary,50073,80602422,54,True,True,222,boundary,False,,,,,,,,
boundary,50075,51697410,2,True,True,190,boundary,False,,,,,,,,
boundary,50081,144822051,35,True,True,181,boundary,False,,,,,,,,
boundary,50084,132510729,9,True,False,73,boundary,False,,,,,,,,
boundary,50085,132114709,21,True,True,316,boundary,False,,,,,,,,
boundary,50091,240035869,29,True,True,83,boundary,False,,,,,,,,
boundary,50108,474874140,28,True,True,363,boundary,False,,,,,,,,
boundary,50112,117648676,36,True,True,88,boundary,False,,,,,,,,
boundary,50116,56868403,51,True,True,11,boundary,False,,,,,,,,
boundary,50117,141518342,6,True,True,403,boundary,False,,,,,,,,
boundary,50122,46746676,52,True,True,1885,boundary,False,,,,,,,,
boundary,50124,380132147,51,True,True,53,boundary,False,,,,,,,,
boundary,50132,124614687,31,True,True,571,boundary,False,,,,,,,,
boundary,50147,8158978,2,True,True,175,boundary,False,,,,,,,,
boundary,50149,22812971,43,True,True,249,boundary,False,,,,,,,,
boundary,50152,123944239,47,True,True,239,boundary,False,,,,,,,,
boundary,50159,32791583,31,True,True,248,boundary,False,,,,,,,,
boundary,50169,61406260,52,True,True,259,boundary,False,,,,,,,,
boundary,50171,97954082,34,True,True,152,boundary,False,,,,,,,,
boundary,50175,22100757,21,True,True,338,boundary,False,,,,,,,,
boundary,50182,65744423,39,True,True,432,boundary,False,,,,,,,,
boundary,50183,5521433,25,True,True,119,boundary,False,,,,,,,,
boundary,50201,74359847,39,True,True,2079,boundary,False,,,,,,,,
boundary,50211,85968181,53,True,True,2238,boundary,False,,,,,,,,
boundary,50218,1726977,1,True,True,235,boundary,False,,,,,,,,
boundary,50220,327059249,49,True,True,416,boundary,False,,,,,,,,
boundary,50229,218973989,37,True,True,448,boundary,False,,,,,,,,
boundary,50231,5148210,50,True,True,301,boundary,False,,,,,,,,
boundary,50244,39877894,6,True,True,765,boundary,False,,,,,,,,
boundary,50248,72678406,6,True,True,46,boundary,False,,,,,,,,
boundary,50264,35491888,48,True,True,135,boundary,False,,,,,,,,
boundary,50271,105242154,42,True,True,8,boundary,False,,,,,,,,
boundary,50272,119510820,36,True,True,669,boundary,False,,,,,,,,
boundary,54019,1620509980,28,True,True,5910,boundary,False,,,,,,,,
boundary,54020,46517027,35,True,True,813,boundary,False,,,,,,,,
boundary,54022,53202225,49,True,True,74,boundary,False,,,,,,,,
boundary,54032,115930678,54,True,True,18,boundary,False,,,,,,,,
boundary,54033,582149658,26,True,True,6077,boundary,False,,,,,,,,
boundary,54040,146147336,8,True,True,2492,boundary,False,,,,,,,,
boundary,54042,3875330325,21,True,True,6175,boundary,False,,,,,,,,
boundary,54048,161503509,21,True,True,6390,boundary,False,,,,,,,,
boundary,54049,35782173,29,True,True,556,boundary,False,,,,,,,,
boundary,54051,28723511,55,True,True,205,boundary,False,,,,,,,,
boundary,54054,3117075991,23,True,True,6396,boundary,False,,,,,,,,
boundary,54063,159838246,38,True,True,265,boundary,False,,,,,,,,
boundary,54064,172298248,8,True,True,36,boundary,False,,,,,,,,
boundary,54070,4216097032,8,True,True,220,boundary,False,,,,,,,,
boundary,54071,85076277,53,True,True,1606,boundary,False,,,,,,,,
boundary,54074,2667214362,26,True,True,340,boundary,False,,,,,,,,
boundary,54076,117690664,40,True,True,1340,boundary,False,,,,,,,,
boundary,54081,66470163,19,True,False,735,boundary,False,,,,,,,,
boundary,54085,1531179,43,True,True,889,boundary,False,,,,,,,,
boundary,54087,16776474,26,True,True,861,boundary,False,,,,,,,,
boundary,54089,2177709593,25,True,True,405,boundary,False,,,,,,,,
boundary,54091,238174488,24,True,True,65,boundary,False,,,,,,,,
boundary,54092,129339930,26,True,True,1270,boundary,False,,,,,,,,
boundary,54095,5907227,27,True,True,162,boundary,False,,,,,,,,
boundary,54097,4847640,24,True,True,255,boundary,False,,,,,,,,
boundary,54100,909625363,19,True,True,659,boundary,False,,,,,,,,
boundary,54106,3884890374,6,True,True,827,boundary,False,,,,,,,,
boundary,54111,13389099,43,True,True,881,boundary,False,,,,,,,,
boundary,54112,108163863,23,True,True,1036,boundary,False,,,,,,,,
boundary,54113,2336613398,22,True,True,867,boundary,False,,,,,,,,
boundary,54121,1919509012,20,True,True,869,boundary,False,,,,,,,,
boundary,54131,3647325212,28,True,True,997,boundary,False,,,,,,,,
boundary,54132,4946724,36,True,True,52,boundary,False,,,,,,,,
boundary,54135,390279432,8,True,True,332,boundary,False,,,,,,,,
boundary,54144,4008833281,1,True,True,1205,boundary,False,,,,,,,,
boundary,54148,64259127,55,True,True,85,boundary,False,,,,,,,,
boundary,54153,237534010,58,True,True,21,boundary,False,,,,,,,,
boundary,54154,1006491675,27,True,True,1298,boundary,False,,,,,,,,
boundary,54155,110672428,44,True,True,576,boundary,False,,,,,,,,
boundary,54157,251707395,3,True,True,140,boundary,False,,,,,,,,
boundary,54158,83842304,0,True,True,85,boundary,False,,,,,,,,
boundary,54164,2202397702,6,True,True,1491,boundary,False,,,,,,,,
boundary,54165,90540333,45,True,True,2473,boundary,False,,,,,,,,
boundary,54172,80716599,55,True,True,470,boundary,False,,,,,,,,
boundary,54175,289647131,27,True,True,2020,boundary,False,,,,,,,,
boundary,54180,205999412,52,True,True,673,boundary,False,,,,,,,,
boundary,54182,104833581,45,True,True,1457,boundary,False,,,,,,,,
boundary,54183,1491412486,6,True,True,2074,boundary,False,,,,,,,,
boundary,54188,136040237,45,True,True,1463,boundary,False,,,,,,,,
boundary,54191,1436741395,19,True,True,2229,boundary,False,,,,,,,,
boundary,54201,145413633,1,True,True,528,boundary,False,,,,,,,,
boundary,54206,1801272585,9,True,True,2298,boundary,False,,,,,,,,
boundary,54207,258860316,28,True,True,534,boundary,False,,,,,,,,
boundary,54212,13919271,39,True,True,566,boundary,False,,,,,,,,
boundary,54216,1342444055,23,True,True,2729,boundary,False,,,,,,,,
boundary,54221,88362020,36,True,True,5220,boundary,False,,,,,,,,
boundary,54222,3364071683,3,True,True,2746,boundary,False,,,,,,,,
boundary,54226,25386806,54,True,True,1780,boundary,False,,,,,,,,
boundary,54228,233451541,21,True,True,207,boundary,False,,,,,,,,
boundary,54229,229773314,2,True,True,166,boundary,False,,,,,,,,
boundary,54232,111377454,46,True,True,1049,boundary,False,,,,,,,,
boundary,54234,282464007,7,True,True,2773,boundary,False,,,,,,,,
boundary,54236,130555689,41,True,True,202,boundary,False,,,,,,,,
boundary,54238,319018021,37,True,True,119,boundary,False,,,,,,,,
boundary,54242,3689759,31,True,True,609,boundary,False,,,,,,,,
boundary,54244,3565069339,27,True,True,2781,boundary,False,,,,,,,,
boundary,54249,147632434,50,True,True,5254,boundary,False,,,,,,,,
boundary,54252,6401575,39,True,True,136,boundary,False,,,,,,,,
boundary,54254,2219565589,21,True,True,3034,boundary,False,,,,,,,,
boundary,54256,119136001,1,True,True,60,boundary,False,,,,,,,,
boundary,54258,52777993,9,True,True,935,boundary,False,,,,,,,,
boundary,54264,1605451805,29,True,True,3274,boundary,False,,,,,,,,
boundary,54274,29530169,57,True,True,5281,boundary,False,,,,,,,,
boundary,54275,2422919940,4,True,True,3629,boundary,False,,,,,,,,
boundary,54280,664618,42,True,True,748,boundary,False,,,,,,,,
boundary,54281,912786459,27,True,True,3652,boundary,False,,,,,,,,
boundary,54285,35804205,45,True,True,128,boundary,False,,,,,,,,
boundary,54286,72325147,27,True,True,379,boundary,False,,,,,,,,
boundary,54290,141549601,33,True,True,467,boundary,False,,,,,,,,
boundary,54292,192284980,52,True,True,96,boundary,False,,,,,,,,
boundary,54293,104998153,9,True,True,97,boundary,False,,,,,,,,
boundary,54296,65840902,6,True,True,184,boundary,False,,,,,,,,
boundary,54299,219171,35,True,True,49,boundary,False,,,,,,,,
boundary,54301,3302751766,22,True,True,4057,boundary,False,,,,,,,,
boundary,54304,280531243,43,True,True,276,boundary,False,,,,,,,,
boundary,54306,95599909,37,True,True,20,boundary,False,,,,,,,,
boundary,54308,92877110,54,True,True,44,boundary,False,,,,,,,,
boundary,54309,1925572609,1,True,True,4309,boundary,False,,,,,,,,
boundary,54311,3563032581,5,True,True,4468,boundary,False,,,,,,,,
boundary,54315,215027480,24,True,True,1778,boundary,False,,,,,,,,
boundary,54316,1341027846,6,True,True,4593,boundary,False,,,,,,,,
boundary,54324,353775647,31,True,True,74,boundary,False,,,,,,,,
boundary,54326,81733429,53,True,True,175,boundary,False,,,,,,,,
boundary,54328,210663963,27,True,True,85,boundary,False,,,,,,,,
boundary,54333,248635435,43,True,True,1503,boundary,False,,,,,,,,
boundary,54340,43453221,37,True,True,12,boundary,False,,,,,,,,
boundary,54343,824260096,0,True,True,8,boundary,False,,,,,,,,
boundary,54348,22662422,22,True,True,74,boundary,False,,,,,,,,
boundary,54349,32609580,44,True,True,708,boundary,False,,,,,,,,
boundary,54350,158962975,31,True,True,742,boundary,False,,,,,,,,
boundary,54352,337016073,9,True,True,29,boundary,False,,,,,,,,
boundary,54362,116476705,33,True,True,1580,boundary,False,,,,,,,,
boundary,54369,95984675,35,True,True,62,boundary,False,,,,,,,,
boundary,54371,118943022,46,True,True,23,boundary,False,,,,,,,,
boundary,54378,35114802,50,True,True,1053,boundary,False,,,,,,,,
boundary,54379,534895924,52,True,True,183,boundary,False,,,,,,,,
boundary,54381,873328896,0,True,True,1060,boundary,False,,,,,,,,
boundary,54385,77013047,55,True,True,768,boundary,False,,,,,,,,
boundary,54391,381917223,39,True,True,197,boundary,False,,,,,,,,
boundary,54397,89936928,32,True,True,592,boundary,False,,,,,,,,
boundary,54407,3063446574,46,True,True,89,boundary,False,,,,,,,,
boundary,54413,12110650,58,True,False,1636,boundary,False,,,,,,,,
boundary,54417,49432342,22,True,True,934,boundary,False,,,,,,,,
boundary,54419,240197661,29,True,True,226,boundary,False,,,,,,,,
boundary,54422,123738678,54,True,True,280,boundary,False,,,,,,,,
boundary,54432,88418816,0,True,True,1400,boundary,False,,,,,,,,
boundary,54438,342763310,46,True,True,309,boundary,False,,,,,,,,
boundary,54440,568882460,28,True,True,43,boundary,False,,,,,,,,
boundary,54451,53541144,24,True,True,106,boundary,False,,,,,,,,
boundary,54455,105639942,6,True,True,3846,boundary,False,,,,,,,,
boundary,54463,2919217,49,True,True,65,boundary,False,,,,,,,,
boundary,54464,907294995,19,True,False,29,boundary,False,,,,,,,,
boundary,54465,353162290,50,True,True,18,boundary,False,,,,,,,,
boundary,54468,57825592,56,True,True,336,boundary,False,,,,,,,,
boundary,54471,17580087,55,True,True,354,boundary,False,,,,,,,,
boundary,54473,250217505,33,True,True,46,boundary,False,,,,,,,,
boundary,54480,98028567,23,True,True,2110,boundary,False,,,,,,,,
boundary,54483,68075044,36,True,True,17,boundary,False,,,,,,,,
boundary,54486,2282045219,35,True,True,194,boundary,False,,,,,,,,
boundary,54488,180644901,37,True,True,909,boundary,False,,,,,,,,
boundary,54494,140113196,44,True,True,633,boundary,False,,,,,,,,
boundary,54509,177853204,20,True,True,366,boundary,False,,,,,,,,
boundary,54513,114678574,46,True,True,1225,boundary,False,,,,,,,,
boundary,54523,154969392,48,True,True,1051,boundary,False,,,,,,,,
boundary,54534,225081650,50,True,True,398,boundary,False,,,,,,,,
boundary,54546,51510040,24,True,True,698,boundary,False,,,,,,,,
boundary,54547,32578863,47,True,True,5,boundary,False,,,,,,,,
boundary,54549,43975452,28,True,True,136,boundary,False,,,,,,,,
boundary,54556,93591595,43,True,True,710,boundary,False,,,,,,,,
boundary,54561,182390319,47,True,True,68,boundary,False,,,,,,,,
boundary,54573,3387401262,46,True,True,319,boundary,False,,,,,,,,
boundary,54576,68679712,32,True,True,5,boundary,False,,,,,,,,
boundary,54582,78308401,49,True,True,435,boundary,False,,,,,,,,
boundary,54586,107218738,50,True,True,287,boundary,False,,,,,,,,
boundary,54587,8821780,20,True,True,337,boundary,False,,,,,,,,
boundary,54590,272560644,4,True,True,15,boundary,False,,,,,,,,
boundary,54592,147362092,44,True,True,17,boundary,False,,,,,,,,
boundary,54594,33025830,38,True,True,31,boundary,False,,,,,,,,
boundary,54605,33767711,31,True,True,148,boundary,False,,,,,,,,
boundary,54610,21739576,56,True,True,44,boundary,False,,,,,,,,
