group,height,nonce,nonce_lsb,lsb_pass,inner_range_pass,extra_nonce,interpolation_role,interpolation_supported,anchor_left,anchor_right,predicted_extra_nonce,anchor_increment,absolute_residual,scaled_residual,extra_nonce_fit,combined_fit
listed,106,2687107072,0,True,True,122,anchor_leave_one_out,True,105,107,129.1327124563446,14,7.132712456344592,0.5094794611674709,False,False
listed,173,587443233,33,True,True,21,calibration,True,171,177,15.309542280837858,8,5.690457719162142,0.7113072148952677,False,False
listed,179,2546661175,55,True,True,22,held_out,True,177,180,26.50155440414508,9,4.501554404145079,0.5001727115716754,False,False
listed,198,798850333,29,True,True,36,calibration,True,191,200,53.092407065647244,23,17.092407065647244,0.7431481332890106,False,False
listed,331,1912508199,39,True,True,299,anchor_leave_one_out,True,330,332,305.11229946524065,10,6.112299465240653,0.6112299465240654,False,False
listed,438,2650281008,48,True,True,876,calibration,True,437,440,869.9186991869918,12,6.08130081300817,0.5067750677506808,False,False
listed,486,934762027,43,True,True,1080,anchor_leave_one_out,True,482,487,1095.3278855975486,27,15.32788559754863,0.5676994665758751,False,False
listed,522,3710145049,25,True,True,1271,anchor_leave_one_out,True,520,525,1250.8706863860448,34,20.12931361395522,0.5920386357045653,False,False
listed,531,4249996831,31,True,True,1315,anchor_leave_one_out,True,530,532,1317.5759745425617,5,2.575974542561653,0.5151949085123306,False,False
listed,633,142963459,3,True,True,1833,calibration,True,632,635,1830.4258982035929,5,2.574101796407149,0.5148203592814298,False,False
listed,719,3525052932,4,True,True,18,held_out,True,717,721,28.517548746518106,18,10.517548746518106,0.5843082636954503,False,False
listed,722,2475402808,56,True,True,46,anchor_leave_one_out,True,721,725,36.56405353728489,18,9.435946462715108,0.5242192479286172,False,False
listed,881,1295616799,31,True,True,848,anchor_leave_one_out,True,880,882,840.6129032258065,13,7.387096774193537,0.5682382133995029,False,False
listed,965,1799597091,35,True,True,1160,anchor_leave_one_out,True,962,967,1171.4140593254774,19,11.41405932547741,0.6007399644988111,False,False
listed,1213,2586037024,32,True,True,2270,calibration,True,1212,1215,2264.421965317919,11,5.578034682081125,0.507094062007375,False,False
listed,1334,658635821,45,True,True,199,held_out,True,1332,1335,209.0148538572113,18,10.014853857211307,0.5563807698450726,False,False
listed,1368,3213739544,24,True,True,388,calibration,True,1367,1370,380.23488664987406,14,7.765113350125944,0.5546509535804246,False,False
listed,1401,3772219906,2,True,True,20,anchor_leave_one_out,True,1400,1402,11.059999999999999,14,8.940000000000001,0.6385714285714287,False,False
listed,1403,737400633,57,True,True,15,calibration,True,1402,1405,21.920701754385966,4,6.920701754385966,1.7301754385964916,False,False
listed,1404,895676675,3,True,True,19,held_out,True,1402,1405,24.814736842105262,4,5.814736842105262,1.4536842105263155,False,False
listed,1406,994086171,27,True,True,30,anchor_leave_one_out,True,1405,1407,39.123893805309734,15,9.123893805309734,0.608259587020649,False,False
listed,1410,429606453,53,True,True,63,anchor_leave_one_out,True,1407,1411,46.70870113493064,7,16.291298865069358,2.3273284092956223,False,False
listed,1411,3029937684,20,True,True,47,anchor_leave_one_out,True,1410,1415,63.35143769968051,20,16.35143769968051,0.8175718849840254,False,False
listed,1422,3702616854,22,True,True,87,anchor_leave_one_out,True,1421,1426,90.7932138284251,7,3.7932138284250954,0.5418876897750137,False,False
listed,1429,3087134520,56,True,True,93,held_out,True,1427,1430,104.1271676300578,12,11.127167630057798,0.9272639691714831,False,False
listed,1431,735780628,20,True,True,98,anchor_leave_one_out,True,1430,1432,112.21861924686192,1,14.21861924686192,3.55465481171548,False,False
listed,1432,3919140142,46,True,True,113,anchor_leave_one_out,True,1431,1435,100.65246338215712,8,12.347536617842877,1.5434420772303596,False,False
listed,1435,4152499236,36,True,True,106,anchor_leave_one_out,True,1432,1436,116.85330490405117,6,10.853304904051171,1.8088841506751951,False,False
listed,1438,297394471,39,True,True,124,calibration,True,1437,1441,119.78456790123457,7,4.215432098765433,0.602204585537919,False,False
listed,1449,509198891,43,True,True,149,held_out,True,1447,1450,157.54713656387665,8,8.547136563876649,1.068392070484581,False,False
listed,1450,261600790,22,True,True,160,anchor_leave_one_out,True,1447,1451,154.2998986828774,4,5.700101317122602,1.4250253292806505,False,False
listed,1451,3766929920,0,True,True,156,anchor_leave_one_out,True,1450,1452,169.65755395683453,16,13.657553956834533,0.8535971223021583,False,False
listed,1452,3751744051,51,True,True,176,anchor_leave_one_out,True,1451,1455,163.4780999383097,22,12.521900061690303,0.5691772755313774,False,False
listed,1453,4016638778,58,True,True,158,calibration,True,1452,1455,176.18317757009345,2,18.18317757009345,4.545794392523362,False,False
listed,1454,2746963252,52,True,True,167,held_out,True,1452,1455,177.24672897196263,2,10.246728971962625,2.5616822429906563,False,False
listed,1459,95144704,0,True,True,174,held_out,True,1457,1460,211.14572864321607,40,37.145728643216074,0.9286432160804019,False,False
listed,1460,1252162816,0,True,True,222,anchor_leave_one_out,True,1457,1461,183.2695374800638,2,38.7304625199362,9.68261562998405,False,False
listed,1463,4080527659,43,True,True,229,calibration,True,1462,1465,200.10261780104713,43,28.89738219895287,0.6720321441616947,False,False
listed,1464,3127953960,40,True,True,188,held_out,True,1462,1465,217.21256544502617,43,29.212565445026172,0.6793619870936319,False,False
listed,1465,4050106406,38,True,True,230,anchor_leave_one_out,True,1462,1466,193.4527027027027,9,36.54729729729729,4.0608108108108105,False,False
listed,1466,1386767646,30,True,True,196,anchor_leave_one_out,True,1465,1467,233.72529644268775,5,37.72529644268775,7.54505928853755,False,False
listed,1467,3270406954,42,True,True,235,anchor_leave_one_out,True,1466,1470,197.6454081632653,20,37.3545918367347,1.867729591836735,False,False
listed,1470,4239734038,22,True,True,216,anchor_leave_one_out,True,1467,1472,237.75274988043998,4,21.75274988043998,5.438187470109995,False,False
listed,1472,861277236,52,True,True,239,anchor_leave_one_out,True,1470,1475,219.81973862100045,13,19.180261378999546,1.4754047214615036,False,False
listed,1478,2903110953,41,True,True,236,calibration,True,1477,1480,242.3657142857143,5,6.36571428571429,1.273142857142858,False,False
listed,1483,2232507446,54,True,True,259,calibration,True,1482,1485,245.5179211469534,17,13.482078853046602,0.7930634619439177,False,False
listed,1491,857674262,22,True,True,273,anchor_leave_one_out,True,1490,1492,280.4878048780488,12,7.487804878048792,0.6239837398373993,False,False
listed,1492,3780540712,40,True,True,284,anchor_leave_one_out,True,1491,1495,275.12402167369055,14,8.87597832630945,0.6339984518792464,False,False
listed,1493,2709114931,51,True,True,276,calibration,True,1492,1495,285.47977288857345,3,9.47977288857345,2.3699432221433625,False,False
listed,1494,1785182008,56,True,True,295,held_out,True,1492,1495,286.5890702625976,3,8.410929737402398,2.1027324343505995,False,False
listed,1496,547926300,28,True,True,300,anchor_leave_one_out,True,1495,1497,288.62808750882147,3,11.371912491178534,2.8429781227946336,False,False
listed,1497,764929071,47,True,True,290,anchor_leave_one_out,True,1496,1500,300.0,0,10.0,2.5,False,False
listed,1498,1569994030,46,True,True,302,calibration,True,1497,1500,292.6870007262164,10,9.31299927378359,0.9312999273783589,False,False
listed,1503,4164136483,35,True,True,304,calibration,True,1502,1505,308.4315476190476,4,4.431547619047592,1.107886904761898,False,False
listed,1509,2537900342,54,True,True,315,held_out,True,1506,1510,312.37507598784197,3,2.624924012158033,0.6562310030395082,False,False
listed,1517,478621494,54,True,True,318,anchor_leave_one_out,True,1516,1526,335.64565217391305,9,17.64565217391305,1.9606280193236723,False,False
listed,1529,269550637,45,True,True,366,held_out,True,1527,1530,349.656328164082,28,16.343671835917974,0.5837025655684991,False,False
listed,1531,1403062314,42,True,True,362,anchor_leave_one_out,True,1530,1532,369.33224755700326,9,7.332247557003257,0.8146941730003618,False,False
listed,1533,4001633567,31,True,True,372,calibration,True,1532,1535,389.70212765957444,22,17.702127659574444,0.8046421663442929,False,False
listed,1536,725013511,7,True,True,374,anchor_leave_one_out,True,1535,1537,402.2156652360515,5,28.215665236051507,5.643133047210301,False,False
listed,1537,947900217,57,True,True,405,anchor_leave_one_out,True,1536,1540,376.1358024691358,7,28.864197530864203,4.123456790123457,False,False
listed,1540,3969507614,30,True,True,381,anchor_leave_one_out,True,1537,1541,407.7877358490566,3,26.787735849056617,6.696933962264154,False,False
listed,1541,3639891745,33,True,True,408,anchor_leave_one_out,True,1540,1542,381.56890012642225,5,26.43109987357775,5.28621997471555,False,False
listed,1542,4233862665,9,True,True,386,anchor_leave_one_out,True,1541,1545,411.0157743785851,9,25.015774378585093,2.779530486509455,False,False
listed,1543,2858714630,6,True,True,409,calibration,True,1542,1545,392.4629762760604,31,16.537023723939626,0.5334523781916009,False,False
listed,1545,69803819,43,True,True,417,anchor_leave_one_out,True,1542,1546,403.9840875186474,26,13.015912481352586,0.500612018513561,False,False
listed,1546,2185167662,46,True,True,412,anchor_leave_one_out,True,1545,1550,418.4000752728641,6,6.400075272864115,1.0666792121440192,False,False
listed,1550,3290727688,8,True,True,423,anchor_leave_one_out,True,1546,1551,418.5558620689655,7,4.444137931034504,0.6348768472906434,False,False
listed,1551,3709222198,54,True,True,419,anchor_leave_one_out,True,1550,1552,423.832328106152,5,4.8323281061519765,0.9664656212303953,False,False
listed,1553,3633594426,58,True,True,432,calibration,True,1552,1555,429.77069096431285,4,2.2293090356871517,0.5573272589217879,False,False
listed,1554,177861396,20,True,True,427,held_out,True,1552,1555,430.211085801063,4,3.211085801063007,0.8027714502657517,False,False
listed,1556,1037026604,44,True,True,435,anchor_leave_one_out,True,1555,1557,442.73545554335897,15,7.735455543358967,0.5156970362239311,False,False
listed,1557,2830379556,36,True,True,447,anchor_leave_one_out,True,1556,1560,435.9527062532843,7,11.047293746715695,1.578184820959385,False,False
listed,1560,3858013479,39,True,True,442,anchor_leave_one_out,True,1557,1561,461.7223880597015,24,19.722388059701473,0.8217661691542281,False,False
listed,1561,3968277280,32,True,True,471,anchor_leave_one_out,True,1560,1562,443.3740053050398,2,27.625994694960184,6.906498673740046,False,False
listed,1563,819373577,9,True,True,473,calibration,True,1562,1566,454.5811138014528,19,18.418886198547227,0.969415063081433,False,False
listed,1567,137262592,0,True,True,475,anchor_leave_one_out,True,1566,1570,464.39277108433737,3,10.607228915662631,2.651807228915658,False,False
listed,1570,570446359,23,True,True,466,anchor_leave_one_out,True,1567,1572,480.74175035868006,12,14.741750358680065,1.2284791965566721,False,False
listed,1572,627398969,57,True,True,487,anchor_leave_one_out,True,1570,1575,470.1306818181818,12,16.869318181818187,1.4057765151515156,False,False
listed,1575,2820646713,57,True,True,478,anchor_leave_one_out,True,1572,1577,500.71287128712873,19,22.712871287128735,1.1954142782699335,False,False
listed,1577,2013197093,37,True,True,506,anchor_leave_one_out,True,1575,1580,486.4392370572207,29,19.56076294277932,0.6745090669923903,False,False
listed,1578,3085586742,54,True,True,482,calibration,True,1577,1580,506.6725595695619,1,24.672559569561884,6.168139892390471,False,False
listed,1581,876942390,54,True,True,488,anchor_leave_one_out,True,1580,1582,508.480056980057,2,20.480056980056986,5.1200142450142465,False,False
listed,1582,3725282335,31,True,True,509,anchor_leave_one_out,True,1581,1585,492.97727272727275,24,16.022727272727252,0.6676136363636355,False,False
listed,1584,4023886882,34,True,True,489,held_out,True,1582,1585,510.6215053763441,3,21.62150537634409,5.405376344086022,False,False
listed,1586,515958838,54,True,True,490,anchor_leave_one_out,True,1585,1587,513.1747805267358,2,23.174780526735844,5.793695131683961,False,False
listed,1587,2628464168,40,True,True,514,anchor_leave_one_out,True,1586,1590,492.75439531166757,10,21.245604688332435,2.1245604688332436,False,False
listed,1590,1941197613,45,True,True,500,anchor_leave_one_out,True,1587,1592,514.6494746895893,1,14.649474689589283,3.662368672397321,False,False
listed,1593,3566581545,41,True,True,523,calibration,True,1592,1595,517.3464052287582,9,5.653594771241842,0.6281771968046491,False,False
listed,1594,4212865044,20,True,True,516,held_out,True,1592,1595,521.4444444444445,9,5.444444444444457,0.6049382716049396,False,False
listed,1595,1421701377,1,True,True,524,anchor_leave_one_out,True,1592,1596,517.3649635036496,4,6.635036496350381,1.6587591240875952,False,False
listed,1596,797924663,55,True,True,519,anchor_leave_one_out,True,1595,1597,524.8185726569218,1,5.818572656921788,1.454643164230447,False,False
listed,1604,2390306587,27,True,True,544,held_out,True,1602,1605,535.4195979899497,10,8.580402010050307,0.8580402010050306,False,False
listed,1608,2505509889,1,True,True,541,calibration,True,1606,1610,557.8818267419962,29,16.88182674199618,0.5821319566205578,False,False
listed,1610,1308135682,2,True,True,576,anchor_leave_one_out,True,1606,1611,547.0,0,29.0,7.25,False,False
listed,1611,2057854513,49,True,True,547,anchor_leave_one_out,True,1610,1612,576.9832402234637,2,29.983240223463667,7.495810055865917,False,False
listed,1612,2426546984,40,True,True,578,anchor_leave_one_out,True,1611,1615,552.2,36,25.799999999999955,0.7166666666666655,False,False
listed,1613,1742160160,32,True,True,549,calibration,True,1612,1615,580.1150278293136,5,31.11502782931359,6.223005565862718,False,False
listed,1616,1058010167,55,True,True,553,anchor_leave_one_out,True,1615,1617,585.2745792736936,4,32.274579273693575,8.068644818423394,False,False
listed,1617,3176486713,57,True,True,587,anchor_leave_one_out,True,1616,1620,553.5059740259741,2,33.49402597402593,8.373506493506483,False,False
listed,1620,1475515444,52,True,True,555,anchor_leave_one_out,True,1617,1622,603.3006407097092,23,48.30064070970923,2.1000278569438793,False,False
listed,1622,1676573448,8,True,True,610,anchor_leave_one_out,True,1620,1625,574.89898989899,60,35.10101010101005,0.5850168350168341,False,False
listed,1623,3487179299,35,True,True,569,calibration,True,1622,1625,611.3979848866499,5,42.39798488664985,8.47959697732997,False,False
listed,1630,3994417179,27,True,True,634,anchor_leave_one_out,True,1627,1632,587.1866490996925,19,46.813350900307455,2.4638605737003925,False,False
listed,1632,1702078254,46,True,True,591,anchor_leave_one_out,True,1630,1635,635.3333333333334,4,44.33333333333337,11.083333333333343,False,False
listed,1634,4039950108,28,True,True,596,held_out,True,1632,1635,633.4748358862145,47,37.474835886214464,0.797336933749244,False,False
listed,1635,2639250690,2,True,True,638,anchor_leave_one_out,True,1632,1636,595.806310254163,12,42.19368974583699,3.5161408121530826,False,False
listed,1636,2231953666,2,True,True,603,anchor_leave_one_out,True,1635,1637,639.9612903225807,2,36.96129032258068,9.24032258064517,False,False
listed,1637,220395044,36,True,True,640,anchor_leave_one_out,True,1636,1640,603.0383886255925,3,36.96161137440754,9.240402843601885,False,False
listed,1640,927880504,56,True,True,606,anchor_leave_one_out,True,1637,1641,647.5745454545455,10,41.5745454545455,4.15745454545455,False,False
listed,1641,998249249,33,True,True,650,anchor_leave_one_out,True,1640,1642,611.8,6,38.200000000000045,6.366666666666674,False,False
listed,1644,1970449463,55,True,True,655,held_out,True,1642,1645,633.7012987012987,30,21.298701298701303,0.7099567099567101,False,False
listed,1649,2188046893,45,True,True,668,held_out,True,1647,1651,674.1213171577123,11,6.121317157712269,0.5564833779738426,False,False
listed,1653,4137811754,42,True,True,681,calibration,True,1651,1655,677.2586666666666,1,3.7413333333333867,0.9353333333333467,False,False
listed,1654,2824880949,53,True,True,687,held_out,True,1651,1655,677.8286666666667,1,9.171333333333337,2.292833333333334,False,False
listed,1655,861629236,52,True,True,678,anchor_leave_one_out,True,1651,1656,688.0294117647059,14,10.029411764705856,0.7163865546218469,False,False
listed,1658,385308458,42,True,True,683,calibration,True,1657,1660,703.5798898071625,7,20.579889807162544,2.939984258166078,False,False
listed,1662,3536372270,46,True,True,687,anchor_leave_one_out,True,1661,1665,708.7700156985871,11,21.770015698587144,1.9790923362351949,False,False
listed,1665,3063599136,32,True,True,718,anchor_leave_one_out,True,1662,1666,688.706304868316,2,29.29369513168399,7.323423782920997,False,False
listed,1666,41277206,22,True,True,689,anchor_leave_one_out,True,1665,1667,720.431718061674,6,31.43171806167402,5.23861967694567,False,False
listed,1667,3875377926,6,True,True,724,anchor_leave_one_out,True,1666,1670,694.3345307588685,44,29.665469241131518,0.6742152100257163,False,False
listed,1669,1873343507,19,True,True,690,held_out,True,1667,1670,727.4721512519162,9,37.472151251916216,4.163572361324024,False,False
listed,1675,2866439221,53,True,True,739,anchor_leave_one_out,True,1672,1676,711.6689265536723,1,27.33107344632765,6.832768361581913,False,False
listed,1676,50986790,38,True,True,712,anchor_leave_one_out,True,1675,1677,739.5836653386455,1,27.58366533864546,6.895916334661365,False,False
listed,1679,4195024158,30,True,True,730,held_out,True,1677,1680,750.1888341543514,17,20.18883415435141,1.18757847966773,False,False
listed,1681,227606790,6,True,True,733,anchor_leave_one_out,True,1680,1682,757.1677301731996,2,24.16773017319963,6.041932543299907,False,False
listed,1682,3808820271,47,True,True,759,anchor_leave_one_out,True,1681,1685,741.1463310580205,19,17.85366894197955,0.9396667864199763,False,False
listed,1685,2076309561,57,True,True,752,anchor_leave_one_out,True,1682,1686,769.8221895664952,11,17.82218956649524,1.6201990514995672,False,False
listed,1686,3094131495,39,True,True,770,anchor_leave_one_out,True,1685,1687,752.5389755011136,22,17.461024498886445,0.7936829317675657,False,False
listed,1688,3180087343,47,True,True,765,calibration,True,1687,1690,774.2669362992922,6,9.266936299292183,1.5444893832153639,False,False
listed,1689,2543587364,36,True,True,766,held_out,True,1687,1690,779.3569261880688,6,13.356926188068769,2.2261543646781283,False,False
listed,1694,1057118516,52,True,True,792,held_out,True,1692,1695,771.4635761589404,8,20.53642384105956,2.567052980132445,False,False
listed,1695,3095154478,46,True,True,775,anchor_leave_one_out,True,1692,1696,789.3226723525231,26,14.322672352523114,0.5508720135585813,False,False
listed,1696,2508680229,37,True,True,793,anchor_leave_one_out,True,1695,1697,776.1987951807229,7,16.80120481927713,2.4001721170395904,False,False
listed,1699,2912132921,57,True,True,799,held_out,True,1697,1700,783.639880952381,3,15.360119047619037,3.840029761904759,False,False
listed,1703,2028549176,56,True,True,789,calibration,True,1702,1705,805.3813420621931,16,16.381342062193085,1.0238338788870678,False,False
listed,1706,3676633384,40,True,True,799,anchor_leave_one_out,True,1705,1707,818.046511627907,8,19.046511627906966,2.3808139534883708,False,False
listed,1707,1734698293,53,True,True,824,anchor_leave_one_out,True,1706,1710,802.3822665883735,6,21.617733411626546,3.602955568604424,False,False
listed,1710,720655145,41,True,True,805,anchor_leave_one_out,True,1707,1711,833.7966689798751,19,28.796668979875108,1.515614156835532,False,False
listed,1711,1576563251,51,True,True,843,anchor_leave_one_out,True,1710,1712,812.2624277456647,9,30.737572254335305,3.415285806037256,False,False
listed,1714,859810606,46,True,True,847,held_out,True,1712,1715,815.8186666666667,2,31.181333333333328,7.795333333333332,False,False
listed,1717,3621709879,55,True,True,848,anchor_leave_one_out,True,1715,1721,816.7106076210092,4,31.289392378990783,7.822348094747696,False,False
listed,1723,397091363,35,True,True,851,calibration,True,1722,1725,822.4624090541633,2,28.537590945836655,7.134397736459164,False,False
listed,1724,3628504368,48,True,True,857,held_out,True,1722,1725,823.2772837510105,2,33.722716248989514,8.430679062247378,False,False
listed,1725,3235258374,6,True,True,824,anchor_leave_one_out,True,1722,1726,849.5569306930693,36,25.556930693069262,0.7099147414741461,False,False
listed,1726,1237857055,31,True,True,858,anchor_leave_one_out,True,1725,1727,825.3024054982818,3,32.697594501718186,8.174398625429546,False,False
listed,1728,2371692055,23,True,True,861,calibration,True,1727,1730,827.4524752475247,1,33.54752475247528,8.38688118811882,False,False
listed,1729,918424887,55,True,True,862,held_out,True,1727,1730,827.860396039604,1,34.139603960396016,8.534900990099004,False,False
listed,1730,4227804165,5,True,True,828,anchor_leave_one_out,True,1727,1731,850.1211613623674,41,22.12116136236739,0.5395405210333509,False,False
listed,1731,1497935417,57,True,True,868,anchor_leave_one_out,True,1730,1732,837.2178111587983,11,30.782188841201673,2.798380803745607,False,False
listed,1732,3002775072,32,True,True,839,anchor_leave_one_out,True,1731,1736,868.439379243453,6,29.439379243453004,4.906563207242168,False,False
listed,1734,3367453973,21,True,True,841,held_out,True,1732,1736,864.4761904761905,35,23.47619047619048,0.670748299319728,False,False
listed,1740,1564422682,26,True,True,848,anchor_leave_one_out,True,1737,1741,879.922510654785,7,31.922510654785015,4.5603586649692875,False,False
listed,1741,2547066914,34,True,True,882,anchor_leave_one_out,True,1740,1742,851.0157480314961,6,30.98425196850394,5.164041994750657,False,False
listed,1744,1327792438,54,True,True,891,held_out,True,1742,1745,855.195530726257,8,35.80446927374305,4.4755586592178815,False,False
listed,1745,2817374521,57,True,True,862,anchor_leave_one_out,True,1742,1746,896.3919478981646,50,34.39194789816463,0.6878389579632926,False,False
listed,1746,867459080,8,True,True,904,anchor_leave_one_out,True,1745,1747,866.1661600810537,16,37.833839918946296,2.3646149949341435,False,False
listed,1747,2446918450,50,True,True,878,anchor_leave_one_out,True,1746,1750,907.9890710382514,9,29.98907103825138,3.3321190042501536,False,False
listed,1749,3683223324,28,True,True,880,held_out,True,1747,1750,908.6870229007634,35,28.687022900763395,0.819629225736097,False,False
listed,1753,3021251111,39,True,True,885,calibration,True,1751,1755,936.671862821512,16,51.671862821512036,3.2294914263445023,False,False
listed,1754,3063662621,29,True,True,888,held_out,True,1751,1755,945.5884645362432,16,57.58846453624324,3.5992790335152023,False,False
listed,1756,1909944867,35,True,True,898,anchor_leave_one_out,True,1755,1757,947.5221238938053,2,49.522123893805315,12.380530973451329,False,False
listed,1757,2677773368,56,True,True,948,anchor_leave_one_out,True,1756,1760,908.9630872483222,55,39.036912751677846,0.7097620500305063,False,False
listed,1759,2741590833,49,True,True,904,held_out,True,1757,1760,952.5389773679799,5,48.538977367979896,9.70779547359598,False,False
listed,1763,3335415069,29,True,True,916,calibration,True,1762,1765,958.6052141527002,11,42.60521415270023,3.8732012866091114,False,False
listed,1766,3504797474,34,True,True,917,anchor_leave_one_out,True,1765,1767,967.4242828552368,5,50.42428285523681,10.084856571047363,False,False
listed,1768,3352354607,47,True,True,923,calibration,True,1767,1770,972.5495495495495,4,49.54954954954951,12.387387387387378,False,False
listed,1769,4242195734,22,True,True,925,held_out,True,1767,1770,974.3667953667954,4,49.36679536679537,12.341698841698843,False,False
listed,1774,2731268887,23,True,True,988,held_out,True,1772,1775,934.7683741648107,12,53.231625835189334,4.435968819599111,False,False
listed,1776,2546884919,55,True,True,944,anchor_leave_one_out,True,1775,1777,978.4444444444445,50,34.44444444444446,0.6888888888888891,False,False
listed,1777,869511973,37,True,True,989,anchor_leave_one_out,True,1776,1781,945.4771341463414,17,43.52286585365857,2.560168579626975,False,False
listed,1781,2408049954,34,True,True,961,anchor_leave_one_out,True,1777,1782,994.6687697160884,8,33.66876971608838,4.208596214511047,False,False
listed,1782,3372832040,40,True,True,997,anchor_leave_one_out,True,1781,1785,965.5038090401218,12,31.496190959878163,2.6246825799898468,False,False
listed,1785,3658818094,46,True,True,973,anchor_leave_one_out,True,1782,1786,1004.8552421500798,12,31.85524215007979,2.654603512506649,False,False
listed,1786,3424117511,7,True,True,1009,anchor_leave_one_out,True,1785,1787,978.0802348336595,8,30.91976516634054,3.8649706457925674,False,False
listed,1788,3603529770,42,True,True,1011,calibration,True,1787,1790,981.4563492063492,3,29.54365079365084,7.38591269841271,False,False
listed,1790,1839652889,25,True,True,984,anchor_leave_one_out,True,1787,1791,1010.5565058032987,32,26.556505803298705,0.8298908063530845,False,False
listed,1791,3674781220,36,True,True,1013,anchor_leave_one_out,True,1790,1792,985.8078512396694,7,27.19214876033061,3.88459268004723,False,False
listed,1793,3427533092,36,True,True,1038,calibration,True,1792,1795,998.563967611336,17,39.43603238866399,2.3197666110978816,False,False
listed,1794,2241039379,19,True,True,1039,held_out,True,1792,1795,1001.0417004048583,17,37.95829959514174,2.2328411526553964,False,False
listed,1795,1043134750,30,True,True,1008,anchor_leave_one_out,True,1792,1796,1042.0971555227188,56,34.09715552271882,0.6088777771914076,False,False
listed,1796,649861406,30,True,True,1047,anchor_leave_one_out,True,1795,1797,1010.4716106604867,9,36.528389339513296,4.058709926612589,False,False
listed,1798,1751567142,38,True,True,1049,calibration,True,1797,1800,1017.9172881355933,3,31.082711864406747,7.770677966101687,False,False
listed,1799,1756727316,20,True,True,1054,held_out,True,1797,1800,1019.9064406779661,3,34.09355932203391,8.523389830508478,False,False
listed,1801,3503785005,45,True,True,1024,anchor_leave_one_out,True,1800,1802,1058.4434389140272,48,34.44343891402718,0.717571644042233,False,False
listed,1802,3625259574,54,True,True,1068,anchor_leave_one_out,True,1801,1805,1029.2339869281045,39,38.766013071895486,0.9940003351768073,False,False
listed,1805,618223106,2,True,True,1063,anchor_leave_one_out,True,1802,1806,1077.54829408938,10,14.548294089380079,1.4548294089380078,False,False
listed,1806,595110680,24,True,True,1078,anchor_leave_one_out,True,1805,1807,1063.866930171278,7,14.133069828722,2.019009975531714,False,False
listed,1807,445433653,53,True,True,1070,anchor_leave_one_out,True,1806,1810,1078.6114942528736,2,8.611494252873626,2.1528735632184066,False,False
listed,1809,3171905074,50,True,True,1089,held_out,True,1807,1810,1075.3311258278145,10,13.668874172185497,1.3668874172185497,False,False
listed,1811,1761024293,37,True,True,1093,anchor_leave_one_out,True,1810,1812,1081.169034090909,2,11.830965909090992,2.957741477272748,False,False
listed,1812,864398114,34,True,True,1082,anchor_leave_one_out,True,1811,1815,1096.1464625568888,13,14.146462556888764,1.0881894274529818,False,False
listed,1814,1436214300,28,True,True,1083,held_out,True,1812,1815,1099.8296943231442,24,16.829694323144167,0.7012372634643403,False,False
listed,1817,3945242920,40,True,True,1112,anchor_leave_one_out,True,1816,1821,1108.1935983479607,6,3.8064016520393125,0.6344002753398854,False,False
listed,1821,1873655829,21,True,True,1111,anchor_leave_one_out,True,1817,1825,1113.2037201062888,3,2.203720106288756,0.550930026572189,False,False
listed,1824,785082632,8,True,True,1121,held_out,True,1821,1825,1112.8431952662722,4,8.156804733727768,2.039201183431942,False,False
listed,1827,3193202470,38,True,True,1125,anchor_leave_one_out,True,1825,1830,1116.2916495269437,4,8.70835047305627,2.1770876182640677,False,False
listed,1830,19830838,54,True,True,1119,anchor_leave_one_out,True,1827,1831,1134.3295546558704,14,15.329554655870425,1.0949681897050303,False,False
listed,1831,895500066,34,True,True,1139,anchor_leave_one_out,True,1830,1832,1119.6237698713096,1,19.376230128690395,4.844057532172599,False,False
listed,1832,1643524915,51,True,True,1120,anchor_leave_one_out,True,1831,1835,1139.8037735849057,3,19.803773584905684,4.950943396226421,False,False
listed,1833,2831802387,19,True,True,1141,calibration,True,1832,1835,1124.7628865979382,22,16.237113402061823,0.7380506091846283,False,False
listed,1834,1636505118,30,True,True,1123,held_out,True,1832,1835,1138.7437407952873,22,15.743740795287295,0.7156245816039679,False,False
listed,1838,2065028899,35,True,True,1125,calibration,True,1837,1840,1146.5182648401826,3,21.51826484018261,5.3795662100456525,False,False
listed,1839,2943903281,49,True,True,1129,held_out,True,1837,1840,1147.3059360730595,3,18.305936073059456,4.576484018264864,False,False
listed,1842,2609638146,2,True,True,1134,anchor_leave_one_out,True,1840,1845,1148.7367747440273,11,14.736774744027343,1.3397067949115766,False,False
listed,1847,2180909616,48,True,True,1181,anchor_leave_one_out,True,1846,1850,1166.0642201834862,9,14.935779816513786,1.6595310907237542,False,False
listed,1850,789049348,4,True,True,1173,anchor_leave_one_out,True,1847,1851,1190.698969072165,14,17.698969072165028,1.2642120765832163,False,False
listed,1851,898669350,38,True,True,1195,anchor_leave_one_out,True,1850,1852,1175.2189128816083,5,19.781087118391724,3.956217423678345,False,False
listed,1852,611629826,2,True,True,1178,anchor_leave_one_out,True,1851,1855,1197.685118619698,5,19.68511861969796,3.9370237239395918,False,False
listed,1854,582695478,54,True,True,1179,held_out,True,1852,1855,1190.776397515528,22,11.77639751552806,0.5352907961603663,False,False
listed,1855,1153737522,50,True,True,1200,anchor_leave_one_out,True,1852,1856,1181.6349952963312,6,18.365004703668774,3.060834117278129,False,False
listed,1859,4176985119,31,True,True,1195,held_out,True,1857,1860,1209.8235294117646,25,14.823529411764639,0.5929411764705855,False,False
listed,1861,2384503827,19,True,True,1215,anchor_leave_one_out,True,1860,1862,1212.7125077784692,2,2.2874922215307834,0.5718730553826958,False,False
listed,1865,2312312859,27,True,True,1230,anchor_leave_one_out,True,1862,1866,1222.4622166246852,11,7.5377833753148025,0.6852530341195275,False,False
listed,1866,280454442,42,True,True,1224,anchor_leave_one_out,True,1865,1867,1232.7281105990783,8,8.728110599078263,1.091013824884783,False,False
listed,1867,886710568,40,True,True,1238,anchor_leave_one_out,True,1866,1870,1227.171066525871,14,10.828933474128917,0.7734952481520655,False,False
listed,1868,3519590706,50,True,True,1234,calibration,True,1867,1870,1238.0,0,4.0,1.0,False,False
listed,1869,3114673690,26,True,True,1247,held_out,True,1867,1870,1238.0,0,9.0,2.25,False,False
listed,1870,2674180394,42,True,True,1238,anchor_leave_one_out,True,1867,1872,1240.1139971139971,3,2.1139971139971294,0.5284992784992824,False,False
listed,1873,3036980004,36,True,True,1259,calibration,True,1872,1875,1241.6929955290611,6,17.307004470938864,2.8845007451564775,False,False
listed,1874,3955711031,55,True,True,1276,held_out,True,1872,1875,1245.7749627421758,6,30.22503725782417,5.037506209637361,False,False
listed,1875,2835702292,20,True,True,1247,anchor_leave_one_out,True,1872,1876,1267.1216545012167,40,20.121654501216653,0.5030413625304163,False,False
listed,1880,2611887383,23,True,True,1256,anchor_leave_one_out,True,1877,1881,1290.3750623441397,9,34.37506234413968,3.819451371571075,False,False
listed,1881,1667863574,22,True,True,1292,anchor_leave_one_out,True,1880,1882,1271.2551252847381,37,20.744874715261858,0.5606722896016718,False,False
listed,1885,2519626540,44,True,True,1273,anchor_leave_one_out,True,1882,1886,1306.6132246376812,14,33.61322463768124,2.4009446169772315,False,False
listed,1886,3559649562,26,True,True,1307,anchor_leave_one_out,True,1885,1887,1274.9750231267344,35,32.02497687326559,0.9149993392361596,False,False
listed,1890,2654805031,39,True,True,1286,anchor_leave_one_out,True,1887,1891,1317.2394655704009,10,31.239465570400853,3.1239465570400853,False,False
listed,1891,4131331620,36,True,True,1318,anchor_leave_one_out,True,1890,1892,1286.604081632653,6,31.395918367346894,5.232653061224482,False,False
listed,1893,1962001446,38,True,True,1321,calibration,True,1892,1895,1296.827140549273,12,24.172859450726946,2.0144049542272455,False,False
listed,1897,4126580774,38,True,True,1325,anchor_leave_one_out,True,1896,1901,1311.7393209200438,9,13.260679079956162,1.4734087866617958,False,False
listed,1901,3153356802,2,True,True,1320,anchor_leave_one_out,True,1897,1902,1348.0730401529636,36,28.073040152963586,0.7798066709156551,False,False
listed,1902,556359172,4,True,True,1361,anchor_leave_one_out,True,1901,1905,1333.777166437414,32,27.222833562585947,0.8507135488308109,False,False
listed,1905,1996636968,40,True,True,1352,anchor_leave_one_out,True,1902,1906,1363.6960926193922,3,11.696092619392175,2.9240231548480438,False,False
listed,1906,3812676383,31,True,True,1364,anchor_leave_one_out,True,1905,1907,1352.7608695652175,7,11.23913043478251,1.6055900621117871,False,False
listed,1907,2808986916,36,True,True,1359,anchor_leave_one_out,True,1906,1910,1381.9375,39,22.9375,0.5881410256410257,False,False
listed,1910,783169836,44,True,True,1403,anchor_leave_one_out,True,1907,1911,1384.135359116022,27,18.864640883977927,0.6986904031102936,False,False
listed,1911,2353722136,24,True,True,1386,anchor_leave_one_out,True,1910,1915,1404.0615711252653,15,18.061571125265345,1.2041047416843564,False,False
listed,1924,2342370858,42,True,True,8,held_out,True,1922,1925,12.526011560693641,8,4.526011560693641,0.5657514450867052,False,False
listed,1931,3505807625,9,True,True,66,anchor_leave_one_out,True,1930,1932,58.53147877013177,12,7.46852122986823,0.6223767691556858,False,False
listed,1941,529517599,31,True,True,118,anchor_leave_one_out,True,1940,1942,113.79795808704998,7,4.202041912950023,0.6002917018500032,False,False
listed,1951,691669283,35,True,True,143,anchor_leave_one_out,True,1950,1952,150.71701492537312,13,7.717014925373121,0.5936165327210093,False,False
listed,1974,1717081400,56,True,True,259,held_out,True,1972,1975,269.2522522522523,17,10.252252252252276,0.6030736618971927,False,False
listed,2046,1177992737,33,True,True,661,anchor_leave_one_out,True,2045,2047,658.8772845953002,4,2.122715404699761,0.5306788511749403,False,False
listed,2088,2068111404,44,True,True,901,calibration,True,2086,2090,893.2341920374707,15,7.765807962529266,0.5177205308352844,False,False
listed,2142,2309875479,23,True,True,42,anchor_leave_one_out,True,2131,2145,84.45066908596053,54,42.45066908596053,0.7861235015918616,False,False
listed,2201,1704903190,22,True,True,99,anchor_leave_one_out,True,2200,2202,106.296867907399,13,7.296867907399005,0.561297531338385,False,False
listed,2286,3344532504,24,True,True,383,anchor_leave_one_out,True,2285,2287,386.5515898767034,7,3.5515898767034173,0.5073699823862025,False,False
listed,2354,365591350,54,True,True,704,held_out,True,2352,2356,707.5264663805436,7,3.5264663805436385,0.503780911506234,False,False
listed,2404,10767365,5,True,True,14,held_out,True,2402,2405,23.216101694915253,18,9.216101694915253,0.512005649717514,False,False
listed,2431,3200639764,20,True,True,64,anchor_leave_one_out,True,2430,2432,58.55018587360595,10,5.4498141263940525,0.5449814126394052,False,False
listed,2528,2397095972,36,True,True,367,calibration,True,2527,2530,357.74633431085044,15,9.253665689149557,0.6169110459433038,False,False
listed,2641,11912213,21,True,True,952,anchor_leave_one_out,True,2640,2642,962.6133415688697,17,10.613341568869714,0.6243142099335126,False,False
listed,2724,2882404911,47,True,True,1293,held_out,True,2722,2725,1301.762835074966,17,8.762835074966006,0.5154608867627062,False,False
listed,2927,4064069895,7,True,True,53,anchor_leave_one_out,True,2926,2930,30.889357218124342,38,22.110642781875658,0.5818590205756752,False,False
listed,2942,1493803783,7,True,True,136,anchor_leave_one_out,True,2941,2945,118.22452504317789,35,17.77547495682211,0.5078707130520602,False,False
listed,2952,964268324,36,True,True,172,anchor_leave_one_out,True,2951,2955,166.4004001143184,10,5.599599885681613,0.5599599885681613,False,False
listed,2955,122312748,44,True,True,175,anchor_leave_one_out,True,2952,2957,183.9126688402422,17,8.91266884024219,0.5242746376613053,False,False
listed,3018,91371011,3,True,True,437,calibration,True,3016,3021,425.61186142102173,21,11.388138578978271,0.5422923132846795,False,False
listed,3068,2451346966,22,True,True,126,calibration,True,3067,3070,132.29104919976288,12,6.291049199762881,0.5242540999802401,False,False
listed,3221,1595650350,46,True,True,780,anchor_leave_one_out,True,3217,3222,791.5521601685986,21,11.552160168598562,0.5501028651713601,False,False
listed,3236,1677005092,36,True,True,834,anchor_leave_one_out,True,3235,3237,827.6867800329128,11,6.313219967087207,0.5739290879170188,False,False
listed,3246,3572533510,6,True,True,849,anchor_leave_one_out,True,3245,3247,859.5696202531645,20,10.569620253164544,0.5284810126582272,False,False
listed,3286,3884225033,9,True,True,1025,anchor_leave_one_out,True,3285,3287,1031.893892108783,13,6.893892108782893,0.5302993929832994,False,False
listed,3324,3332385047,23,True,True,1191,held_out,True,3322,3325,1195.587123862841,8,4.587123862841054,0.5733904828551317,False,False
listed,3460,2144179512,56,True,True,1669,anchor_leave_one_out,True,3457,3465,1647.5235732009926,42,21.476426799007413,0.5113434952144622,False,False
listed,3464,398086423,23,True,True,1671,held_out,True,3460,3465,1675.781378903948,8,4.7813789039480525,0.5976723629935066,False,False
listed,3520,335804196,36,True,True,1909,anchor_leave_one_out,True,3517,3522,1916.419018404908,14,7.419018404908002,0.5299298860648572,False,False
listed,3603,2038170417,49,True,True,2231,calibration,True,3601,3605,2218.6442953020132,20,12.355704697986766,0.6177852348993383,False,False
listed,3613,1473214249,41,True,True,2245,calibration,True,3611,3615,2253.1274787535413,15,8.127478753541254,0.5418319169027502,False,False
listed,3647,4029155074,2,True,True,2360,anchor_leave_one_out,True,3646,3650,2355.1102040816327,8,4.8897959183673265,0.6112244897959158,False,False
listed,3676,2941966615,23,True,True,2471,anchor_leave_one_out,True,3675,3677,2477.427423981641,13,6.4274239816409136,0.49441722935699334,False,False
listed,3704,198247212,44,True,True,2573,held_out,True,3702,3705,2565.5453732677693,15,7.454626732230736,0.49697511548204903,False,False
listed,3770,936099347,19,True,True,227,anchor_leave_one_out,True,3767,3771,236.06896551724137,17,9.068965517241367,0.5334685598377275,False,False
listed,3771,1827564829,29,True,True,239,anchor_leave_one_out,True,3770,3775,231.03378042722306,14,7.966219572776936,0.5690156837697812,False,False
listed,3834,4134544433,49,True,True,449,held_out,True,3832,3835,453.11237230419977,8,4.112372304199766,0.5140465380249708,False,False
listed,3843,2941798694,38,True,True,485,calibration,True,3842,3846,478.5906221821461,11,6.409377817853908,0.5826707107139917,False,False
listed,3901,2404414501,37,True,True,688,anchor_leave_one_out,True,3900,3902,685.1177474402731,5,2.8822525597269077,0.5764505119453815,False,False
listed,3929,3276248582,6,True,True,842,held_out,True,3927,3930,847.1382488479263,9,5.13824884792632,0.57091653865848,False,False
listed,3982,2544135456,32,True,True,1043,anchor_leave_one_out,True,3981,3986,1033.9176401869158,18,9.082359813084167,0.5045755451713426,False,False
listed,4019,3301133824,0,True,True,1175,held_out,True,4016,4020,1180.442799461642,10,5.4427994616419255,0.5442799461641925,False,False
listed,4021,978749742,46,True,True,1200,anchor_leave_one_out,True,4020,4022,1189.156589147287,19,10.843410852713077,0.5707058343533199,False,False
listed,4058,1045213997,45,True,True,1373,calibration,True,4057,4061,1362.0471607314726,22,10.952839268527441,0.49785633038761096,False,False
listed,4072,3140927007,31,True,True,1424,anchor_leave_one_out,True,4071,4076,1417.9635499207607,12,6.03645007923933,0.5030375066032775,False,False
listed,4123,3288022274,2,True,True,1600,calibration,True,4121,4127,1591.0377855887523,18,8.962214411247714,0.497900800624873,False,False
listed,4174,949874201,25,True,True,1725,held_out,True,4172,4175,1734.9155844155844,17,9.915584415584362,0.5832696715049625,False,False
listed,4294,3298899990,22,True,True,2203,held_out,True,4292,4295,2208.6483807005948,11,5.648380700594771,0.5134891545995246,False,False
listed,4524,3225091623,39,True,True,805,held_out,True,4522,4525,799.6073878627968,9,5.392612137203173,0.5991791263559081,False,False
listed,4534,377580075,43,True,True,855,held_out,True,4532,4536,859.184126984127,8,4.184126984127033,0.5230158730158792,False,False
listed,4571,2328368435,51,True,True,116,anchor_leave_one_out,True,4567,4572,126.2675483214649,20,10.2675483214649,0.513377416073245,False,False
listed,4573,461108792,56,True,True,133,calibration,True,4572,4575,139.91905231984205,14,6.919052319842052,0.49421802284586086,False,False
listed,4621,3129209906,50,True,True,315,anchor_leave_one_out,True,4620,4622,302.2269129287599,24,12.773087071240127,0.5322119613016719,False,False
listed,4733,4056764957,29,True,True,757,calibration,True,4732,4735,748.7415500170707,16,8.258449982929278,0.5161531239330799,False,False
listed,4796,617952795,27,True,True,1076,anchor_leave_one_out,True,4792,4797,1088.9228892142507,25,12.922889214250745,0.5169155685700297,False,False
listed,4803,3785985280,0,True,True,1140,calibration,True,4802,4805,1130.3875066172577,16,9.612493382742286,0.6007808364213929,False,False
listed,4863,1865595425,33,True,True,1352,calibration,True,4862,4866,1342.9626783754115,16,9.037321624588458,0.5648326015367786,False,False
listed,4901,3823919657,41,True,True,1443,anchor_leave_one_out,True,4900,4902,1445.4704184704185,5,2.470418470418508,0.4940836940837016,False,False
listed,4988,913145344,0,True,True,1763,calibration,True,4987,4990,1756.482608695652,13,6.517391304347939,0.5013377926421492,False,False
listed,5037,252641565,29,True,True,1967,anchor_leave_one_out,True,5036,5040,1958.981958079066,16,8.01804192093391,0.5011276200583694,False,False
listed,5101,133242647,23,True,True,2301,anchor_leave_one_out,True,5100,5102,2310.3434237995825,18,9.343423799582524,0.5190790999768069,False,False
listed,5133,2897698837,21,True,True,2465,calibration,True,5132,5136,2438.6267402153926,46,26.3732597846074,0.5733317344479869,False,False
listed,5229,1668338992,48,True,True,236,held_out,True,5227,5230,233.00581395348837,6,2.9941860465116292,0.4990310077519382,False,False
listed,5338,514902822,38,True,True,670,calibration,True,5337,5340,675.5715705765408,11,5.5715705765408075,0.5065064160491644,False,False
listed,5396,600514354,50,True,True,919,anchor_leave_one_out,True,5395,5397,923.0212136161815,7,4.021213616181512,0.5744590880259304,False,False
listed,5468,321002758,6,True,True,1290,calibration,True,5467,5470,1286.8550106609807,6,3.1449893390192756,0.524164889836546,False,False
listed,5498,1725547292,28,True,True,1443,calibration,True,5497,5500,1429.5117728531857,21,13.488227146814324,0.6422965308006822,False,False
listed,5538,1363631386,26,True,True,1633,calibration,True,5537,5540,1626.1245813797723,13,6.87541862022772,0.5288783554021322,False,False
listed,5808,1693478451,51,True,True,229,calibration,True,5807,5810,214.86393613328704,25,14.13606386671296,0.5654425546685183,False,False
listed,5911,3977939246,46,True,True,819,anchor_leave_one_out,True,5910,5912,810.6326530612245,16,8.36734693877554,0.5229591836734713,False,False
listed,5921,641357626,58,True,True,897,anchor_leave_one_out,True,5920,5922,892.3905172413793,9,4.609482758620743,0.5121647509578603,False,False
listed,5984,2703071524,36,True,True,1179,held_out,True,5982,5985,1192.217877094972,23,13.217877094971982,0.5746903084770427,False,False
listed,6032,2691239987,51,True,True,1435,anchor_leave_one_out,True,6031,6035,1420.0198881292729,22,14.980111870727114,0.6809141759421415,False,False
listed,6102,243721783,55,True,True,1749,anchor_leave_one_out,True,6101,6106,1742.5176809210527,13,6.482319078947285,0.4986399291497911,False,False
listed,6166,3908315178,42,True,True,2004,anchor_leave_one_out,True,6165,6167,2007.2440506329115,6,3.244050632911467,0.5406751054852444,False,False
listed,6376,1460906018,34,True,True,344,anchor_leave_one_out,True,6375,6377,352.3635181975737,17,8.363518197573683,0.4919716586808049,False,False
listed,6382,1058252291,3,True,True,393,anchor_leave_one_out,True,6381,6386,383.83784844915584,17,9.162151550844158,0.5389500912261269,False,False
listed,6504,487406619,27,True,True,960,held_out,True,6502,6506,975.7893772893773,31,15.789377289377285,0.509334751270235,False,False
listed,6571,2788667396,4,True,True,1198,anchor_leave_one_out,True,6570,6572,1192.932092004381,10,5.0679079956189526,0.5067907995618952,False,False
listed,6607,3395252258,34,True,True,1352,anchor_leave_one_out,True,6605,6611,1337.8307123034228,26,14.169287696577157,0.5449726037145061,False,False
listed,6628,1217457209,57,True,True,1446,calibration,True,6626,6630,1437.7456465886382,16,8.254353411361762,0.5158970882101102,False,False
listed,6633,1636725542,38,True,True,1479,calibration,True,6632,6636,1467.960254854369,19,11.03974514563106,0.5810392181911084,False,False
listed,6713,220823070,30,True,True,1864,calibration,True,6712,6715,1859.0546875,9,4.9453125,0.5494791666666666,False,False
listed,6736,1795800090,26,True,True,1988,anchor_leave_one_out,True,6732,6737,2006.6392961876834,33,18.639296187683385,0.5648271572025269,False,False
listed,6756,526999342,46,True,True,2095,anchor_leave_one_out,True,6755,6757,2088.5351800554017,11,6.4648199445982755,0.5877109040543886,False,False
listed,6801,3263362561,1,True,True,2311,anchor_leave_one_out,True,6800,6802,2318.5453857791226,13,7.5453857791226255,0.5804142907017404,False,False
listed,6802,3093752625,49,True,True,2323,anchor_leave_one_out,True,6801,6805,2313.5260223048326,15,9.473977695167378,0.6315985130111585,False,False
listed,6805,3133339652,4,True,True,2326,anchor_leave_one_out,True,6802,6807,2332.917036098797,14,6.917036098796871,0.49407400705691934,False,False
listed,6856,2936570650,26,True,True,2508,anchor_leave_one_out,True,6855,6857,2512.6415735794076,8,4.641573579407577,0.5801966974259471,False,False
listed,6887,2438166038,22,True,True,29,anchor_leave_one_out,True,6886,6890,17.175471115230152,19,11.824528884769848,0.6223436255142025,False,False
listed,6984,2159476274,50,True,True,499,held_out,True,6982,6985,506.4169315226813,12,7.4169315226812955,0.6180776268901079,False,False
listed,7074,1357557302,54,True,True,870,held_out,True,7072,7075,875.3717948717949,9,5.371794871794918,0.596866096866102,False,False
listed,7111,2276753692,28,True,True,1065,anchor_leave_one_out,True,7110,7112,1057.1455696202531,14,7.854430379746873,0.5610307414104909,False,False
listed,7114,1358492189,29,True,True,1075,held_out,True,7112,7115,1070.6862848134524,8,4.313715186547597,0.5392143983184496,False,False
listed,7124,1093694763,43,True,True,1093,held_out,True,7122,7125,1099.2221206581353,10,6.222120658135282,0.6222120658135282,False,False
listed,7157,1507429893,5,True,True,1290,anchor_leave_one_out,True,7156,7160,1276.9677204658901,24,13.032279534109875,0.5430116472545782,False,False
listed,7168,183093555,51,True,True,1322,calibration,True,7166,7170,1334.4602076124568,21,12.46020761245677,0.5933432196407986,False,False
listed,7286,2694807847,39,True,True,1814,anchor_leave_one_out,True,7285,7287,1827.9886091127098,23,13.98860911270981,0.6082003962047743,False,False
listed,7354,663295492,4,True,True,2182,held_out,True,7352,7355,2186.523609653725,8,4.523609653725089,0.5654512067156361,False,False
listed,7406,2687560213,21,True,True,2429,anchor_leave_one_out,True,7405,7407,2442.8339749759384,25,13.833974975938418,0.5533589990375367,False,False
listed,7505,4043618358,54,True,True,252,anchor_leave_one_out,True,7501,7506,261.08635842567827,18,9.08635842567827,0.5047976903154594,False,False
listed,7653,1634007586,34,True,True,851,calibration,True,7650,7655,836.8846333489024,22,14.115366651097588,0.6416075750498904,False,False
listed,7662,1325846573,45,True,True,904,anchor_leave_one_out,True,7661,7665,895.9952941176471,14,8.004705882352937,0.5717647058823526,False,False
listed,7693,1361545762,34,True,True,1047,calibration,True,7692,7696,1036.6368857689854,20,10.363114231014606,0.5181557115507303,False,False
listed,7704,1849597497,57,True,True,1070,held_out,True,7702,7705,1078.390799031477,16,8.390799031476945,0.5244249394673091,False,False
listed,7765,3147374619,27,True,True,1328,anchor_leave_one_out,True,7762,7766,1349.314072693383,34,21.31407269338297,0.6268844909818521,False,False
listed,7768,2128474936,56,True,True,1365,calibration,True,7767,7770,1360.0251857968622,9,4.974814203137839,0.5527571336819821,False,False
listed,7901,338910249,41,True,True,1912,anchor_leave_one_out,True,7900,7902,1907.8961538461538,7,4.103846153846234,0.5862637362637477,False,False
listed,7944,4079031323,27,True,True,2143,held_out,True,7942,7947,2147.4719101123596,9,4.471910112359637,0.49687890137329305,False,False
listed,7961,2045111324,28,True,True,2219,anchor_leave_one_out,True,7960,7962,2210.1515869256277,14,8.848413074372274,0.6320295053123053,False,False
listed,7962,2309348648,40,True,True,2220,anchor_leave_one_out,True,7961,7965,2232.186975826344,18,12.186975826344224,0.6770542125746791,False,False
listed,7965,2233334785,1,True,True,2237,anchor_leave_one_out,True,7962,7966,2226.0363423212193,19,10.963657678780692,0.577034614672668,False,False
listed,7979,868232737,33,True,True,2302,held_out,True,7975,7980,2307.4599609375,9,5.4599609375,0.6066623263888888,False,False
listed,7988,3038053401,25,True,True,2360,calibration,True,7987,7990,2355.301710730949,8,4.698289269051202,0.5872861586314002,False,False
listed,8056,2186541111,55,True,True,73,anchor_leave_one_out,True,8055,8057,81.68888888888888,16,8.688888888888883,0.5430555555555552,False,False
listed,8069,1926410290,50,True,True,173,held_out,True,8067,8070,184.21328125,22,11.213281249999994,0.509694602272727,False,False
listed,8097,2882607645,29,True,True,280,anchor_leave_one_out,True,8096,8100,274.7549167927383,10,5.2450832072617,0.52450832072617,False,False
listed,8100,1188561669,5,True,True,283,anchor_leave_one_out,True,8097,8101,290.73680063041763,15,7.736800630417633,0.5157867086945089,False,False
listed,8130,3666359552,0,True,True,418,anchor_leave_one_out,True,8127,8131,422.8188824662813,8,4.818882466281309,0.6023603082851636,False,False
listed,8182,2546579487,31,True,True,686,anchor_leave_one_out,True,8181,8185,681.8966216216216,7,4.103378378378352,0.5861969111969074,False,False
listed,8384,477427480,24,True,True,1419,held_out,True,8382,8385,1423.9083056478405,9,4.908305647840507,0.5453672942045008,False,False
listed,8410,1928027136,0,True,True,1583,anchor_leave_one_out,True,8407,8411,1596.6729272873624,25,13.672927287362427,0.5469170914944971,False,False
listed,8456,1146467373,45,True,True,1757,anchor_leave_one_out,True,8455,8457,1754.430055401662,5,2.5699445983379974,0.5139889196675995,False,False
listed,8466,447255048,8,True,True,1805,anchor_leave_one_out,True,8465,8467,1800.670520231214,8,4.329479768786086,0.5411849710982608,False,False
listed,8481,3970288167,39,True,True,1885,anchor_leave_one_out,True,8480,8482,1879.4223433242507,10,5.577656675749267,0.5577656675749267,False,False
listed,8486,929123624,40,True,True,1909,anchor_leave_one_out,True,8485,8487,1916.1902356902358,14,7.190235690235795,0.513588263588271,False,False
listed,8756,1873536810,42,True,True,479,anchor_leave_one_out,True,8755,8757,470.6315426997245,17,8.368457300275509,0.49226219413385347,False,False
listed,8776,426085663,31,True,True,554,anchor_leave_one_out,True,8775,8777,559.1451885199775,8,5.145188519977523,0.6431485649971904,False,False
listed,8818,606375964,28,True,True,788,calibration,True,8816,8820,784.8819512195122,6,3.118048780487811,0.5196747967479686,False,False
listed,8834,1763357723,27,True,True,854,held_out,True,8832,8835,867.3644740209879,27,13.364474020987927,0.4949805192958492,False,False
listed,8882,3590714375,7,True,True,1067,anchor_leave_one_out,True,8881,8885,1054.0225151015925,22,12.97748489840751,0.5898856772003414,False,False
listed,8885,301221671,39,True,True,1070,anchor_leave_one_out,True,8882,8886,1080.0295566502464,16,10.029556650246377,0.6268472906403986,False,False
listed,8890,1541892358,6,True,True,1091,anchor_leave_one_out,True,8887,8891,1098.15374841169,14,7.153748411690003,0.5109820294064288,False,False
listed,8891,3210329378,34,True,True,1101,anchor_leave_one_out,True,8890,8895,1093.1731748726656,14,7.826825127334359,0.55905893766674,False,False
listed,8978,688972077,45,True,True,1569,calibration,True,8977,8981,1562.9467965530162,11,6.053203446983844,0.5502912224530767,False,False
listed,8983,330887728,48,True,True,1572,calibration,True,8981,8985,1574.691113490364,5,2.691113490363932,0.5382226980727864,False,False
listed,9039,2077430584,56,True,True,1800,held_out,True,9037,9040,1806.990732159407,14,6.990732159406889,0.49933801138620637,False,False
listed,9081,3674819878,38,True,True,2050,anchor_leave_one_out,True,9080,9082,2042.2424242424242,15,7.757575757575751,0.5171717171717167,False,False
listed,9276,3684451102,30,True,True,335,anchor_leave_one_out,True,9275,9277,339.99359658484525,9,4.99359658484525,0.5548440649828055,False,False
listed,9281,2645491715,3,True,True,363,anchor_leave_one_out,True,9280,9282,370.93923789907313,16,7.9392378990731345,0.4962023686920709,False,False
listed,9307,3148958761,41,True,True,470,anchor_leave_one_out,True,9305,9310,467.87381878821566,4,2.126181211784342,0.5315453029460855,False,False
listed,9381,4188513801,9,True,True,851,anchor_leave_one_out,True,9380,9382,844.0188866799205,13,6.981113320079544,0.5370087169291957,False,False
listed,9384,3028447279,47,True,True,855,held_out,True,9382,9385,862.8262463343109,13,7.826246334310895,0.6020189487931458,False,False
listed,9397,2654603807,31,True,True,934,anchor_leave_one_out,True,9396,9400,920.2343324250681,22,13.765667574931854,0.6257121624969024,False,False
listed,9493,2639955465,9,True,True,1377,calibration,True,9492,9497,1365.5825777202072,23,11.417422279792845,0.49640966433881933,False,False
listed,9596,1114102318,46,True,True,1801,anchor_leave_one_out,True,9595,9597,1792.05384063173,17,8.946159368269946,0.5262446687217616,False,False
listed,9664,3870331962,58,True,True,2005,held_out,True,9662,9665,2009.4466361394857,9,4.44663613948569,0.4940706821650767,False,False
listed,9674,3474107173,37,True,True,2038,held_out,True,9672,9675,2044.769494430163,13,6.769494430162922,0.5207303407817633,False,False
listed,9831,2008523059,51,True,True,245,anchor_leave_one_out,True,9830,9835,234.2787666878576,21,10.721233312142402,0.5105349196258286,False,False
listed,9841,2749377590,54,True,True,263,anchor_leave_one_out,True,9840,9842,258.90375123395853,7,4.0962487660414695,0.5851783951487813,False,False
listed,9903,2428832033,33,True,True,543,calibration,True,9902,9906,551.359,14,8.359000000000037,0.5970714285714313,False,False
listed,9989,3129511978,42,True,True,816,held_out,True,9987,9990,819.5965965965966,7,3.596596596596555,0.5137995137995078,False,False
listed,10013,1829789981,29,True,True,938,calibration,True,10012,10016,930.2545850170967,15,7.7454149829032986,0.5163609988602199,False,False
listed,10088,1694588725,53,True,True,1306,calibration,True,10087,10090,1289.5772151898734,32,16.422784810126586,0.5132120253164558,False,False
listed,10124,2688843030,22,True,True,1470,held_out,True,10122,10125,1484.3666666666666,28,14.36666666666656,0.5130952380952343,False,False
listed,10221,412357909,21,True,True,2034,anchor_leave_one_out,True,10220,10222,2031.4572127139365,5,2.542787286063458,0.5085574572126916,False,False
listed,10232,2682927927,55,True,True,2079,anchor_leave_one_out,True,10231,10235,2074.824267782427,8,4.175732217573113,0.5219665271966392,False,False
listed,10269,2272435973,5,True,True,2238,held_out,True,10267,10270,2245.2978399756616,14,7.297839975661645,0.5212742839758319,False,False
listed,10274,83701504,0,True,True,2262,held_out,True,10272,10275,2258.97458703939,6,3.0254129606100832,0.5042354934350138,False,False
listed,10279,2454511148,44,True,True,2295,held_out,True,10277,10280,2289.436021831413,11,5.5639781685868,0.5058161971442545,False,False
listed,10338,375129381,37,True,True,2570,calibration,True,10337,10340,2559.962128043282,20,10.037871956717936,0.5018935978358968,False,False
listed,10464,4193537576,40,True,True,511,held_out,True,10462,10466,500.2706270627063,19,10.729372937293704,0.5647038388049318,False,False
listed,10476,1154094868,20,True,True,536,anchor_leave_one_out,True,10475,10477,541.0188221007893,10,5.0188221007892935,0.5018822100789293,False,False
listed,10498,721272614,38,True,True,653,calibration,True,10497,10500,642.3394227256119,20,10.66057727438806,0.5330288637194031,False,False
listed,10538,2418988321,33,True,True,826,calibration,True,10537,10540,820.7626096491229,10,5.237390350877149,0.5237390350877149,False,False
listed,10592,4195508504,24,True,True,986,anchor_leave_one_out,True,10591,10595,976.3153891164424,19,9.684610883557639,0.5097163622925073,False,False
listed,10597,1644238380,44,True,True,1000,anchor_leave_one_out,True,10596,10601,994.5860724233984,11,5.413927576601623,0.49217523423651116,False,False
listed,10630,2765068344,56,True,True,1069,anchor_leave_one_out,True,10627,10631,1081.5949656750572,25,12.59496567505721,0.5037986270022884,False,False
listed,10631,1844362280,40,True,True,1086,anchor_leave_one_out,True,10630,10632,1076.4630769230769,18,9.53692307692313,0.5298290598290628,False,False
listed,10643,256608040,40,True,True,1119,calibration,True,10642,10645,1113.7424892703862,10,5.257510729613841,0.5257510729613841,False,False
listed,10747,621264179,51,True,True,1531,anchor_leave_one_out,True,10746,10750,1521.5286225402504,15,9.471377459749647,0.6314251639833098,False,False
listed,10750,1610813233,49,True,True,1533,anchor_leave_one_out,True,10747,10751,1542.5888554216867,18,9.58885542168673,0.5327141900937072,False,False
listed,10946,3766229541,37,True,True,2380,anchor_leave_one_out,True,10945,10947,2371.320964039786,15,8.67903596021415,0.5786023973476101,False,False
listed,11096,4040443446,54,True,True,356,anchor_leave_one_out,True,11091,11097,366.9632299927902,18,10.963229992790218,0.60906833293279,False,False
listed,11160,2069907738,26,True,True,586,anchor_leave_one_out,True,11155,11161,592.8031203566122,13,6.803120356612226,0.5233169505086328,False,False
listed,11269,1892564254,30,True,True,1046,held_out,True,11266,11271,1054.2829117191534,15,8.28291171915339,0.5521941146102259,False,False
listed,11436,4284443447,55,True,True,1815,anchor_leave_one_out,True,11435,11440,1820.4337209302325,11,5.433720930232539,0.4939746300211399,False,False
listed,11440,2535956786,50,True,True,1825,anchor_leave_one_out,True,11436,11441,1818.928964482241,11,6.071035517758901,0.5519123197962638,False,False
listed,11463,676155938,34,True,True,1952,calibration,True,11462,11465,1943.4498416050687,14,8.550158394931259,0.610725599637947,False,False
listed,11660,4162100224,0,True,True,142,anchor_leave_one_out,True,11656,11661,152.92813393221724,18,10.928133932217236,0.6071185517898464,False,False
listed,11698,1239179822,46,True,True,283,calibration,True,11697,11700,285.1130529765156,4,2.1130529765155757,0.5282632441288939,False,False
listed,11709,1575933958,6,True,True,316,held_out,True,11707,11711,326.88972055888223,19,10.889720558882232,0.5731431873095911,False,False
listed,11723,2665330981,37,True,True,377,calibration,True,11721,11727,358.6682760579381,30,18.3317239420619,0.6110574647353967,False,False
listed,11766,3676076066,34,True,True,558,anchor_leave_one_out,True,11765,11767,555.3174946004319,5,2.682505399568072,0.5365010799136144,False,False
listed,11781,3401318421,21,True,True,638,anchor_leave_one_out,True,11780,11782,641.0120724346076,6,3.012072434607603,0.5020120724346006,False,False
listed,11797,2123481909,53,True,True,715,anchor_leave_one_out,True,11796,11800,705.5030586541922,15,9.49694134580784,0.633129423053856,False,False
listed,11934,2972342305,33,True,True,1356,held_out,True,11932,11936,1366.6014109347443,20,10.601410934744308,0.5300705467372154,False,False
listed,12049,3464995072,0,True,True,410,held_out,True,12047,12050,422.9794754846066,20,12.97947548460661,0.6489737742303305,False,False
listed,12136,3005044762,26,True,True,776,anchor_leave_one_out,True,12135,12137,778.651362984218,5,2.6513629842180535,0.5302725968436107,False,False
listed,12291,3227234086,38,True,True,1435,anchor_leave_one_out,True,12290,12292,1430.2519768054824,8,4.7480231945176,0.5935028993147,False,False
listed,12294,1903570746,58,True,True,1438,held_out,True,12292,12295,1447.0303846153847,17,9.030384615384719,0.5311990950226305,False,False
listed,12296,296156166,6,True,True,1454,anchor_leave_one_out,True,12295,12297,1462.6680731364277,14,8.668073136427665,0.6191480811734047,False,False
listed,12476,3383161386,42,True,True,2376,anchor_leave_one_out,True,12475,12477,2373.844233055886,4,2.1557669441140206,0.5389417360285051,False,False
listed,12491,3131692547,3,True,True,2433,anchor_leave_one_out,True,12490,12492,2442.955841252096,20,9.95584125209598,0.49779206260479897,False,False
listed,12686,2191364130,34,True,True,672,anchor_leave_one_out,True,12685,12687,675.6039197812215,7,3.6039197812215207,0.5148456830316458,False,False
listed,12845,3259756830,30,True,True,1344,anchor_leave_one_out,True,12842,12846,1340.6972111553785,6,3.3027888446215456,0.5504648074369243,False,False
listed,12846,2466409769,41,True,True,1345,anchor_leave_one_out,True,12845,12847,1357.8848008119767,16,12.884800811976675,0.8053000507485422,False,False
listed,12886,2600189973,21,True,True,1497,anchor_leave_one_out,True,12885,12890,1491.1860649247822,11,5.813935075217842,0.528539552292531,False,False
listed,12891,3597830968,56,True,True,1501,anchor_leave_one_out,True,12890,12892,1503.5424873382105,5,2.542487338210549,0.5084974676421098,False,False
listed,12915,2814994433,1,True,True,1594,anchor_leave_one_out,True,12912,12916,1597.311776061776,6,3.3117760617760723,0.5519626769626788,False,False
listed,12936,3976515078,6,True,True,1646,anchor_leave_one_out,True,12935,12937,1650.6325632563257,8,4.632563256325739,0.5790704070407173,False,False
listed,13044,1031843358,30,True,True,2117,held_out,True,13042,13045,2124.8030211480364,13,7.8030211480363505,0.6002323960027962,False,False
listed,13080,720760119,55,True,True,2250,anchor_leave_one_out,True,13076,13082,2244.2859309182813,8,5.714069081718662,0.7142586352148328,False,False
listed,13082,3062015533,45,True,True,2251,anchor_leave_one_out,True,13080,13085,2276.8326071456863,34,25.832607145686325,0.7597825631084213,False,False
listed,13176,3030660637,29,True,True,52,anchor_leave_one_out,True,13175,13177,58.90581963571746,12,6.905819635717457,0.5754849696431213,False,False
listed,13177,2043678240,32,True,True,63,anchor_leave_one_out,True,13176,13180,56.0835548803646,14,6.916445119635398,0.4940317942596713,False,False
listed,13214,3953786410,42,True,True,208,held_out,True,13212,13215,203.77935943060498,8,4.220640569395016,0.527580071174377,False,False
listed,13249,1254470697,41,True,True,367,held_out,True,13247,13250,375.3109619686801,16,8.31096196868009,0.5194351230425056,False,False
listed,13281,1340659997,29,True,True,491,anchor_leave_one_out,True,13280,13282,496.0727650727651,9,5.072765072765094,0.563640563640566,False,False
listed,13361,2477013526,22,True,True,834,anchor_leave_one_out,True,13360,13362,839.0281124497992,8,5.02811244979921,0.6285140562249012,False,False
listed,13401,2390742827,43,True,True,1053,anchor_leave_one_out,True,13400,13402,1047.4829351535836,9,5.5170648464163605,0.6130072051573734,False,False
listed,13432,2694564636,28,True,True,1157,anchor_leave_one_out,True,13431,13437,1146.0288894151076,19,10.971110584892358,0.5774268728890715,False,False
listed,13437,1446260226,2,True,True,1159,anchor_leave_one_out,True,13432,13440,1166.0013380909902,14,7.0013380909902025,0.5000955779278716,False,False
listed,13439,3079292206,46,True,True,1160,held_out,True,13437,13440,1166.6452217364147,12,6.645221736414669,0.5537684780345558,False,False
listed,13447,1649357102,46,True,True,1205,anchor_leave_one_out,True,13446,13451,1196.5294794362956,16,8.47052056370444,0.5294075352315275,False,False
listed,13485,2502281238,22,True,True,1333,anchor_leave_one_out,True,13482,13487,1346.1398458748868,21,13.13984587488676,0.625706946423179,False,False
listed,13806,2936033315,35,True,True,2575,anchor_leave_one_out,True,13805,13807,2563.5792253521126,22,11.420774647887356,0.5191261203585161,False,False
listed,13820,1773402395,27,True,True,26,anchor_leave_one_out,True,13817,13822,32.14904458598726,12,6.149044585987262,0.5124203821656051,False,False
listed,13823,530177060,36,True,True,47,calibration,True,13822,13825,40.83212896053363,12,6.16787103946637,0.5139892532888641,False,False
listed,13861,3779651589,5,True,True,209,anchor_leave_one_out,True,13860,13862,203.52801358234296,8,5.471986417657035,0.6839983022071294,False,False
listed,13899,4084097580,44,True,True,296,held_out,True,13877,13900,311.7568444075722,31,15.756844407572203,0.5082853034700711,False,False
listed,13943,3803965239,55,True,True,506,calibration,True,13942,13946,498.97158507360496,13,7.028414926395044,0.540647302030388,False,False
listed,14058,4016023093,53,True,True,1020,calibration,True,14057,14060,1026.7351834430856,13,6.735183443085589,0.5180910340835069,False,False
listed,14059,3486475297,33,True,True,1021,held_out,True,14057,14060,1028.6796801505175,13,7.67968015051747,0.5907446269628823,False,False
listed,14116,1102067713,1,True,True,1280,anchor_leave_one_out,True,14115,14117,1284.5424802110817,9,4.542480211081738,0.5047200234535265,False,False
listed,14186,954360624,48,True,True,1623,anchor_leave_one_out,True,14185,14187,1617.79173290938,10,5.208267090619984,0.5208267090619983,False,False
listed,14204,903867673,25,True,True,1675,held_out,True,14202,14206,1678.9776864357018,7,3.9776864357017985,0.5682409193859712,False,False
listed,14209,822238755,35,True,True,1700,held_out,True,14207,14210,1692.088248143294,16,7.911751856705905,0.49448449104411907,False,False
listed,14230,4138851106,34,True,True,1738,anchor_leave_one_out,True,14227,14231,1743.7223974763408,10,5.722397476340802,0.5722397476340803,False,False
listed,14422,3962428209,49,True,True,2582,anchor_leave_one_out,True,14420,14426,2577.5079419889503,9,4.492058011049721,0.4991175567833024,False,False
listed,14626,3166653188,4,True,True,633,anchor_leave_one_out,True,14625,14627,628.739420935412,8,4.260579064588001,0.5325723830735001,False,False
listed,14675,3174200584,8,True,True,851,anchor_leave_one_out,True,14672,14676,843.2554272517322,12,7.744572748267842,0.6453810623556535,False,False
listed,14676,3615990537,9,True,True,852,anchor_leave_one_out,True,14675,14677,858.6792861005949,9,6.679286100594936,0.7421429000661041,False,False
listed,14857,4271520313,57,True,True,1663,anchor_leave_one_out,True,14856,14860,1654.8594083562061,16,8.140591643793869,0.5087869777371168,False,False
listed,14916,3130628867,3,True,True,1980,anchor_leave_one_out,True,14915,14917,1971.6092184368738,15,8.390781563126211,0.5593854375417474,False,False
listed,14948,530730281,41,True,True,2097,calibration,True,14947,14950,2105.977695167286,16,8.977695167286129,0.561105947955383,False,False
listed,14955,1175782957,45,True,True,2137,anchor_leave_one_out,True,14952,14956,2143.2658895364975,11,6.265889536497525,0.569626321499775,False,False
listed,15026,2426717474,34,True,True,2399,anchor_leave_one_out,True,15025,15027,2394.373751783167,8,4.626248216833119,0.5782810271041399,False,False
listed,15032,2009842460,28,True,True,2423,anchor_leave_one_out,True,15031,15035,2418.7302383939773,7,4.269761606022712,0.6099659437175303,False,False
listed,15035,1002852884,20,True,True,2424,anchor_leave_one_out,True,15032,15036,2426.6297640653356,5,2.629764065335621,0.5259528130671243,False,False
listed,15048,2837292856,56,True,True,2496,calibration,True,15047,15050,2504.8282483464905,12,8.828248346490454,0.7356873622075378,False,False
listed,15168,3906012706,34,True,True,390,calibration,True,15165,15170,385.4094117647059,8,4.590588235294092,0.5738235294117615,False,False
listed,15183,519652636,28,True,True,461,calibration,True,15181,15190,444.7836363636364,30,16.21636363636361,0.5405454545454537,False,False
listed,15284,4008765992,40,True,True,804,held_out,True,15282,15285,808.9680426098536,9,4.968042609853569,0.5520047344281743,False,False
listed,15289,594026779,27,True,True,824,held_out,True,15286,15290,836.2732882750514,24,12.273288275051414,0.5113870114604756,False,False
listed,15330,1005851698,50,True,True,1038,anchor_leave_one_out,True,15327,15331,1013.4652384128043,39,24.534761587195703,0.629096450953736,False,False
listed,15427,3283534390,54,True,True,1377,anchor_leave_one_out,True,15422,15431,1402.5333363798381,41,25.533336379838147,0.6227643019472718,False,False
listed,15453,1712867872,32,True,True,1565,calibration,True,15452,15455,1573.597487001733,17,8.597487001733043,0.5057345295137085,False,False
listed,15502,4197383473,49,True,True,1787,anchor_leave_one_out,True,15501,15505,1775.3966870095903,23,11.603312990409677,0.5044918691482468,False,False
listed,15521,2123643674,26,True,True,1906,anchor_leave_one_out,True,15520,15522,1894.4623655913979,20,11.537634408602116,0.5768817204301058,False,False
listed,15548,3227446324,52,True,True,1991,calibration,True,15547,15550,1981.6640365448504,17,9.335963455149567,0.549174320891151,False,False
listed,15553,2349953586,50,True,True,2017,calibration,True,15551,15555,2001.7124923453766,27,15.287507654623369,0.5662039872082729,False,False
listed,15646,241954837,21,True,True,2443,anchor_leave_one_out,True,15642,15647,2460.1948700866087,33,17.194870086608717,0.5210566692911732,False,False
listed,15650,3129952822,54,True,True,2478,anchor_leave_one_out,True,15647,15651,2472.2892730045755,10,5.710726995424466,0.5710726995424465,False,False
listed,15651,1815024677,37,True,True,2479,anchor_leave_one_out,True,15650,15652,2482.5179691956646,6,3.517969195664591,0.5863281992774318,False,False
listed,15689,756913722,58,True,True,2583,held_out,True,15687,15690,2590.768775872265,15,7.768775872264996,0.517918391484333,False,False
listed,15725,876069653,21,True,True,79,anchor_leave_one_out,True,15720,15726,93.63858093126386,26,14.63858093126386,0.5630223435101485,False,False
listed,15782,4159304216,24,True,True,366,anchor_leave_one_out,True,15780,15786,359.55934857500785,12,6.440651424992154,0.5367209520826796,False,False
listed,15831,1058219066,58,True,True,546,anchor_leave_one_out,True,15830,15832,540.9121338912134,9,5.087866108786557,0.5653184565318397,False,False
listed,15908,4204239647,31,True,True,862,calibration,True,15907,15910,855.6478449716004,12,6.352155028399579,0.5293462523666316,False,False
listed,15983,1234382386,50,True,True,1191,calibration,True,15982,15985,1188.431803490627,5,2.5681965093729104,0.5136393018745821,False,False
listed,15998,3308415262,30,True,True,1295,calibration,True,15997,16005,1277.779945376512,28,17.220054623488068,0.6150019508388596,False,False
listed,15999,516557345,33,True,True,1296,held_out,True,15997,16005,1281.0846664065548,28,14.915333593445212,0.5326904854801862,False,False
listed,16050,2032013847,23,True,True,169,anchor_leave_one_out,True,16047,16051,180.79813927262475,23,11.798139272624752,0.5129625770706414,False,False
listed,16059,1966236210,50,True,True,218,held_out,True,16056,16060,224.04135486411974,12,6.041354864119739,0.503446238676645,False,False
listed,16078,759885096,40,True,True,299,calibration,True,16076,16080,295.94885598923287,6,3.051144010767132,0.508524001794522,False,False
listed,16145,454026020,36,True,True,565,anchor_leave_one_out,True,16142,16146,573.7795484727756,16,8.77954847277556,0.5487217795484725,False,False
listed,16146,3074583606,54,True,True,576,anchor_leave_one_out,True,16145,16147,568.7358490566038,12,7.264150943396203,0.6053459119496836,False,False
listed,16164,256695585,33,True,True,632,held_out,True,16162,16165,636.4840400190567,9,4.4840400190566925,0.49822666878407695,False,False
listed,16263,2567348488,8,True,True,1096,calibration,True,16262,16265,1074.3124497991969,34,21.687550200803116,0.6378691235530328,False,False
listed,16293,2158980139,43,True,True,1256,calibration,True,16292,16296,1247.4779151943462,15,8.522084805653776,0.5681389870435851,False,False
listed,16401,3290134560,32,True,True,1739,anchor_leave_one_out,True,16400,16402,1742.207135777998,6,3.207135777998019,0.5345226296663365,False,False
listed,16406,676967979,43,True,True,1749,anchor_leave_one_out,True,16402,16407,1757.870794734276,18,8.870794734275933,0.49282192968199623,False,False
listed,16413,3874280231,39,True,True,1801,calibration,True,16412,16415,1809.1367781155016,16,8.136778115501556,0.5085486322188473,False,False
listed,16435,1543194162,50,True,True,1943,anchor_leave_one_out,True,16432,16436,1972.5861333333332,46,29.586133333333237,0.6431768115942008,False,False
listed,16436,1642147102,30,True,True,1985,anchor_leave_one_out,True,16435,16441,1958.074190776282,52,26.925809223718034,0.5178040235330391,False,False
listed,16458,2324656176,48,True,True,2109,calibration,True,16457,16460,2099.733703190014,18,9.266296809986216,0.5147942672214564,False,False
listed,16468,1224822792,8,True,True,2140,calibration,True,16467,16470,2145.9481290833496,11,5.948129083349613,0.5407390075772376,False,False
listed,16489,1615424303,47,True,True,2245,held_out,True,16487,16490,2219.1758828488464,28,25.824117151153587,0.9222898982554852,False,False
listed,16602,2467939891,51,True,True,211,anchor_leave_one_out,True,16601,16605,203.30331099724083,13,7.696689002759172,0.5920530002122439,False,False
listed,16609,674912540,28,True,True,216,held_out,True,16607,16610,227.03710440160057,15,11.037104401600573,0.7358069601067049,False,False
listed,16651,1822299180,44,True,True,352,anchor_leave_one_out,True,16650,16652,345.57615894039736,9,6.423841059602637,0.7137601177336264,False,False
listed,16659,982399794,50,True,True,371,held_out,True,16657,16660,374.7204710144928,7,3.720471014492773,0.5314958592132533,False,False
listed,16790,2542201641,41,True,True,799,anchor_leave_one_out,True,16787,16791,805.0431034482758,9,6.043103448275815,0.6714559386973128,False,False
listed,16791,3459302918,6,True,True,807,anchor_leave_one_out,True,16790,16792,801.0657229524772,9,5.934277047522755,0.6593641163914172,False,False
listed,16804,343669299,51,True,True,838,held_out,True,16802,16805,849.1080687445383,20,11.108068744538286,0.5554034372269143,False,False
listed,16808,684905734,6,True,True,870,calibration,True,16805,16810,861.6117083279368,16,8.388291672063247,0.5242682295039529,False,False
listed,16819,2750389808,48,True,True,903,held_out,True,16817,16820,906.0926014319809,6,3.0926014319809383,0.515433571996823,False,False
listed,16851,401067318,54,True,True,998,anchor_leave_one_out,True,16850,16852,994.557478368356,6,3.442521631644013,0.5737536052740021,False,False
listed,16853,3147107349,21,True,True,1019,calibration,True,16852,16855,1005.1158292050012,25,13.884170794998795,0.5553668317999518,False,False
listed,16856,2012780076,44,True,True,1038,anchor_leave_one_out,True,16855,16860,1026.708253358925,17,11.291746641074951,0.6642203906514678,False,False
listed,16864,2996509224,40,True,True,1045,held_out,True,16860,16865,1051.101818181818,12,6.101818181818089,0.5084848484848408,False,False
listed,16872,1115180590,46,True,True,1091,anchor_leave_one_out,True,16870,16876,1083.8475409836065,12,7.15245901639355,0.5960382513661292,False,False
listed,16884,559797767,7,True,True,1133,held_out,True,16882,16886,1126.2941822173436,13,6.705817782656368,0.5158321371274129,False,False
listed,16971,4190052355,3,True,True,1436,anchor_leave_one_out,True,16970,16972,1443.9157990040742,16,7.915799004074188,0.49473743775463674,False,False
listed,16986,2053166109,29,True,True,1510,anchor_leave_one_out,True,16985,16992,1492.3250860232672,29,17.674913976732796,0.6094797923011309,False,False
listed,17013,643121972,52,True,True,1571,calibration,True,17011,17015,1573.9408783783783,5,2.940878378378329,0.5881756756756659,False,False
listed,17017,2151473200,48,True,True,1597,anchor_leave_one_out,True,17016,17020,1584.3730761337986,24,12.626923866201423,0.5261218277583927,False,False
listed,17090,2163545603,3,True,True,72,anchor_leave_one_out,True,17087,17091,62.075554063129616,19,9.924445936870384,0.5223392598352834,False,False
listed,17093,4196558364,28,True,True,98,calibration,True,17092,17095,81.62436375975568,25,16.37563624024432,0.6550254496097727,False,False
listed,17121,2943261232,48,True,True,189,anchor_leave_one_out,True,17120,17122,195.98390746794067,12,6.983907467940668,0.5819922889950556,False,False
listed,17217,3408750138,58,True,True,283,anchor_leave_one_out,True,17216,17220,276.05591397849463,12,6.94408602150537,0.5786738351254476,False,False
listed,17284,510079746,2,True,True,517,held_out,True,17282,17285,508.7780040733198,16,8.221995926680222,0.5138747454175139,False,False
listed,17307,2084696375,55,True,True,648,anchor_leave_one_out,True,17306,17311,636.424125116135,21,11.575874883865026,0.551232137326906,False,False
listed,17341,3811274247,7,True,True,70,anchor_leave_one_out,True,17340,17342,73.62043795620438,6,3.620437956204384,0.603406326034064,False,False
listed,17362,3974965781,21,True,True,163,anchor_leave_one_out,True,17361,17365,154.25590382138256,14,8.74409617861744,0.6245782984726743,False,False
listed,17409,1821307140,4,True,True,372,held_out,True,17406,17411,361.7168576104746,19,10.28314238952538,0.5412180205013358,False,False
listed,17462,3392408877,45,True,True,523,anchor_leave_one_out,True,17461,17465,519.4914383561644,7,3.5085616438356055,0.501223091976515,False,False
listed,17497,3261663279,47,True,True,645,anchor_leave_one_out,True,17496,17501,650.7924281984334,11,5.792428198433413,0.5265843816757648,False,False
listed,17528,2374088484,36,True,True,712,calibration,True,17527,17530,707.7429492344883,8,4.257050765511735,0.5321313456889669,False,False
listed,17635,1987825960,40,True,True,368,anchor_leave_one_out,True,17630,17636,385.7310859095852,33,17.731085909585204,0.537305633623794,False,False
listed,17747,280509487,47,True,True,392,anchor_leave_one_out,True,17746,17750,384.6015458937198,14,7.398454106280212,0.5284610075914438,False,False
listed,17791,740456761,57,True,True,542,anchor_leave_one_out,True,17790,17792,546.7344488905056,7,4.734448890505632,0.6763498415008046,False,False
listed,17795,1681608468,20,True,True,553,anchor_leave_one_out,True,17792,17796,563.1214882308276,20,10.121488230827595,0.5060744115413798,False,False
listed,17796,217756169,9,True,True,568,anchor_leave_one_out,True,17795,17797,558.8558815152378,16,9.144118484762203,0.5715074052976377,False,False
listed,17826,244502785,1,True,True,660,anchor_leave_one_out,True,17822,17827,677.4070796460177,29,17.407079646017678,0.6002441257247475,False,False
listed,17827,164106809,57,True,True,680,anchor_leave_one_out,True,17826,17830,664.9214157168566,28,15.078584283143414,0.5385208672551219,False,False
listed,17828,609711652,36,True,True,687,calibration,True,17827,17830,682.4803493449782,8,4.519650655021792,0.564956331877724,False,False
listed,17921,264955157,21,True,True,182,anchor_leave_one_out,True,17920,17922,189.78730087502805,15,7.787300875028052,0.5191533916685368,False,False
listed,17943,1780317953,1,True,True,235,calibration,True,17937,17947,246.03357491495342,20,11.03357491495342,0.551678745747671,False,False
listed,17944,4161975831,23,True,True,237,held_out,True,17937,17947,247.06005028841886,20,10.060050288418864,0.5030025144209432,False,False
listed,17995,2112652041,9,True,True,389,anchor_leave_one_out,True,17992,17996,399.5794738792145,16,10.579473879214504,0.6612171174509065,False,False
listed,18036,1581481244,28,True,True,23,anchor_leave_one_out,True,18035,18037,43.5028434600419,31,20.502843460041902,0.6613820470981259,False,False
listed,18037,511338287,47,True,True,51,anchor_leave_one_out,True,18036,18042,30.165815640956733,33,20.834184359043267,0.6313389199710081,False,False
listed,18079,1952946460,28,True,True,223,held_out,True,18076,18081,217.62158846979455,10,5.3784115302054545,0.5378411530205455,False,False
listed,18088,694354976,32,True,True,285,calibration,True,18087,18092,278.37736860922416,13,6.622631390775837,0.5094331839058336,False,False
listed,18103,4237629705,9,True,True,319,calibration,True,18101,18105,333.841059602649,24,14.841059602649011,0.6183774834437088,False,False
listed,18198,576177415,7,True,True,371,calibration,True,18196,18200,363.4449806949807,15,7.5550193050193,0.5036679536679534,False,False
listed,18233,4085509670,38,True,True,547,calibration,True,18232,18235,509.85015218918284,59,37.149847810817164,0.6296584374714773,False,False
listed,18282,4128158240,32,True,True,131,anchor_leave_one_out,True,18281,18286,118.54706963447008,18,12.452930365529923,0.6918294647516624,False,False
listed,18323,1800762629,5,True,True,290,calibration,True,18322,18325,298.0939289805269,15,8.093928980526925,0.5395952653684617,False,False
listed,18329,431822626,34,True,True,309,held_out,True,18327,18330,311.69422345209273,5,2.6942234520927286,0.5388446904185458,False,False
listed,18375,89052458,42,True,True,523,anchor_leave_one_out,True,18371,18377,534.8979517853907,22,11.89795178539066,0.54081599024503,False,False
listed,18394,3230240291,35,True,True,624,held_out,True,18390,18395,629.0881448582167,9,5.088144858216651,0.565349428690739,False,False
listed,18413,1208636969,41,True,True,684,calibration,True,18407,18415,696.6456834532374,24,12.645683453237439,0.5269034772182266,False,False
listed,18422,3235268394,42,True,True,730,anchor_leave_one_out,True,18421,18425,721.9343086632243,13,8.065691336775672,0.6204377951365901,False,False
listed,18476,2562849054,30,True,True,945,anchor_leave_one_out,True,18475,18477,948.9445919044459,7,3.9445919044459288,0.5635131292065613,False,False
listed,18589,3518954784,32,True,True,371,held_out,True,18586,18591,378.42804788663574,14,7.4280478866357385,0.5305748490454099,False,False
listed,18656,6363929,25,True,True,633,anchor_leave_one_out,True,18655,18657,642.9138381201044,19,9.913838120104401,0.5217809536897053,False,False
listed,18687,3553932847,47,True,True,777,anchor_leave_one_out,True,18685,18690,758.0576779026218,32,18.942322097378224,0.5919475655430695,False,False
listed,18755,3228552227,35,True,True,1109,anchor_leave_one_out,True,18752,18757,1123.5489232209738,29,14.548923220973847,0.5016870076197878,False,False
listed,18868,3617424688,48,True,True,1642,calibration,True,18866,18870,1647.416903409091,10,5.416903409090992,0.5416903409090992,False,False
listed,18960,3791301144,24,True,True,2006,anchor_leave_one_out,True,18957,18961,2018.0659517426272,18,12.065951742627249,0.6703306523681805,False,False
listed,18990,710755104,32,True,True,2176,anchor_leave_one_out,True,18986,18991,2193.0086746015736,32,17.008674601573603,0.5315210812991751,False,False
listed,18991,2358139431,39,True,True,2200,anchor_leave_one_out,True,18990,18995,2182.16783919598,34,17.832160804020077,0.5244753177652964,False,False
listed,19038,2740813600,32,True,True,2457,calibration,True,19037,19040,2454.059880239521,5,2.940119760478865,0.588023952095773,False,False
listed,19043,2225779457,1,True,True,2474,calibration,True,19042,19045,2468.2244897959185,11,5.775510204081456,0.5250463821892233,False,False
listed,19054,1930241573,37,True,True,2521,held_out,True,19050,19055,2528.111171073934,14,7.111171073934202,0.5079407909953001,False,False
listed,19103,1498182446,46,True,True,2760,calibration,True,19102,19105,2751.867780097425,16,8.132219902574889,0.5082637439109305,False,False
listed,19116,4209115412,20,True,True,16,anchor_leave_one_out,True,19115,19117,20.35272727272727,8,4.352727272727272,0.544090909090909,False,False
listed,19185,3015734060,44,True,True,341,anchor_leave_one_out,True,19181,19187,348.0693377620926,12,7.069337762092573,0.5891114801743811,False,False
listed,19235,979492130,34,True,True,580,anchor_leave_one_out,True,19232,19236,604.9575776206578,47,24.957577620657844,0.5310122898012307,False,False
listed,19236,49133600,32,True,True,610,anchor_leave_one_out,True,19235,19237,588.5673371974088,36,21.432662802591153,0.5953517445164209,False,False
listed,19256,1747524904,40,True,True,711,anchor_leave_one_out,True,19255,19257,705.4480519480519,10,5.551948051948102,0.5551948051948102,False,False
listed,19275,854966831,47,True,True,784,anchor_leave_one_out,True,19271,19276,787.3893395133256,6,3.389339513325581,0.5648899188875968,False,False
listed,19294,3909498624,0,True,True,832,held_out,True,19292,19295,842.2457011845624,15,10.24570118456245,0.6830467456374966,False,False
listed,19319,3114470441,41,True,True,966,held_out,True,19317,19321,971.5442786069651,11,5.544278606965122,0.5040253279059201,False,False
listed,19346,1626452009,41,True,True,1127,anchor_leave_one_out,True,19345,19347,1114.7951635846373,21,12.204836415362706,0.5811826864458431,False,False
listed,19411,3147243286,22,True,True,201,anchor_leave_one_out,True,19410,19412,194.69921875,11,6.30078125,0.5727982954545454,False,False
listed,19444,3001695002,26,True,True,315,held_out,True,19441,19445,324.53559322033897,15,9.535593220338967,0.6357062146892645,False,False
listed,19474,3437000985,25,True,True,530,held_out,True,19472,19476,519.0631970260223,19,10.936802973977706,0.5756212091567213,False,False
listed,19538,3522105628,28,True,True,836,calibration,True,19537,19541,815.4234467455622,35,20.57655325443784,0.5879015215553669,False,False
listed,19588,544328739,35,True,True,1081,calibration,True,19587,19590,1094.9154861944778,23,13.915486194477808,0.6050211388903395,False,False
listed,19589,3254333230,46,True,True,1087,held_out,True,19587,19590,1099.6756302521007,23,12.675630252100746,0.5511143587869889,False,False
listed,19643,3960244755,19,True,True,1423,calibration,True,19642,19645,1411.2382430174266,22,11.761756982573388,0.5346253173896994,False,False
listed,19694,2055752741,37,True,True,1741,held_out,True,19692,19695,1763.2068292682927,37,22.206829268292722,0.6001845748187222,False,False
listed,19715,3596189700,4,True,True,1849,anchor_leave_one_out,True,19711,19716,1861.672596585804,23,12.672596585804058,0.5509824602523503,False,False
listed,19728,440285216,32,True,True,1941,calibration,True,19727,19730,1943.3572854291417,4,2.3572854291417116,0.5893213572854279,False,False
listed,19734,3335307033,25,True,True,1951,held_out,True,19732,19735,1975.7273053462504,50,24.727305346250432,0.49454610692500867,False,False
listed,19746,2510631941,5,True,True,2053,anchor_leave_one_out,True,19745,19747,2074.6611071682046,41,21.66110716820458,0.52831968702938,False,False
listed,19750,2750753559,23,True,True,2111,anchor_leave_one_out,True,19747,19751,2099.570368538214,21,11.429631461785903,0.5442681648469477,False,False
listed,19809,1214208041,41,True,True,2483,held_out,True,19807,19811,2468.691459348551,29,14.30854065144922,0.493397953498249,False,False
listed,19821,3655758891,43,True,True,2560,anchor_leave_one_out,True,19817,19825,2533.8117004946275,53,26.18829950537247,0.4941188585919334,False,False
listed,19873,1670741269,21,True,True,2807,calibration,True,19872,19875,2797.5596529284167,14,9.440347071583346,0.6743105051130962,False,False
listed,19874,1489811714,2,True,True,2808,held_out,True,19872,19875,2801.0173535791755,14,6.982646420824494,0.49876045863032104,False,False
listed,19908,4077854747,27,True,True,2969,calibration,True,19907,19910,2965.239852398524,7,3.760147601476092,0.5371639430680132,False,False
listed,19931,3363036930,2,True,True,3044,anchor_leave_one_out,True,19930,19932,3046.19516798792,4,2.195167987919831,0.5487919969799577,False,False
listed,19999,1085206531,3,True,True,104,held_out,True,19997,20000,106.12714025500911,4,2.1271402550091096,0.5317850637522774,False,False
listed,20021,544018222,46,True,True,99,anchor_leave_one_out,True,20020,20022,90.89688481043227,16,8.103115189567731,0.5064446993479832,False,False
listed,20041,2673719832,24,True,True,218,anchor_leave_one_out,True,20040,20045,202.71772428884026,23,15.282275711159741,0.6644467700504235,False,False
listed,20164,3287825448,40,True,True,814,held_out,True,20162,20165,821.646404744255,12,7.646404744255051,0.6372003953545876,False,False
listed,20173,72905505,33,True,True,889,calibration,True,20171,20176,881.3587928464977,15,7.6412071535022505,0.5094138102334834,False,False
listed,20177,1540694023,7,True,True,905,anchor_leave_one_out,True,20176,20180,895.5898916967509,17,9.410108303249103,0.5535357825440649,False,False
listed,20180,1575329286,6,True,True,910,anchor_leave_one_out,True,20177,20181,922.4789081885856,20,12.478908188585592,0.6239454094292796,False,False
listed,20270,370165785,25,True,True,1294,anchor_leave_one_out,True,20267,20271,1299.6876841484973,11,5.687684148497283,0.5170621953179348,False,False
listed,20276,1559029016,24,True,True,1327,anchor_leave_one_out,True,20275,20277,1333.8833951380304,11,6.883395138030437,0.6257631943664034,False,False
listed,20277,3111389221,37,True,True,1336,anchor_leave_one_out,True,20276,20281,1328.5780835143617,14,7.421916485638349,0.5301368918313106,False,False
listed,20292,2956818460,28,True,True,1429,anchor_leave_one_out,True,20291,20295,1414.697956929873,26,14.302043070126956,0.5500785796202675,False,False
listed,20449,3725209634,34,True,True,20,held_out,True,20446,20451,37.20967741935484,35,17.20967741935484,0.491705069124424,False,False
listed,20480,1362074135,23,True,True,170,anchor_leave_one_out,True,20477,20482,181.11789737171463,21,11.117897371714633,0.5294236843673635,False,False
listed,20513,4291141934,46,True,True,324,calibration,True,20511,20515,332.41479684657367,14,8.414796846573665,0.6010569176124047,False,False
listed,20546,1542871048,8,True,True,488,anchor_leave_one_out,True,20545,20547,469.87917651029363,26,18.120823489706368,0.6969547496040911,False,False
listed,20590,1154837510,6,True,True,775,anchor_leave_one_out,True,20587,20591,780.7932489451476,8,5.7932489451476386,0.7241561181434548,False,False
listed,20622,3054066459,27,True,True,946,anchor_leave_one_out,True,20621,20627,932.4049429657795,23,13.595057034220531,0.5910894362704578,False,False
listed,20633,1499227396,4,True,True,962,calibration,True,20631,20635,967.9316770186335,10,5.931677018633536,0.5931677018633537,False,False
listed,20634,3503323654,6,True,True,964,held_out,True,20631,20635,969.611801242236,10,5.61180124223597,0.561180124223597,False,False
listed,20680,668763440,48,True,True,1147,anchor_leave_one_out,True,20677,20681,1159.6363636363637,23,12.63636363636374,0.5494071146245104,False,False
listed,20691,228926721,1,True,True,1215,anchor_leave_one_out,True,20690,20692,1229.2075949367088,24,14.207594936708801,0.5919831223628668,False,False
listed,20744,3875843843,3,True,True,1430,held_out,True,20742,20745,1449.499870365569,31,19.499870365568995,0.6290280763086773,False,False
listed,20753,1178180139,43,True,True,1478,calibration,True,20750,20755,1480.4095890410958,4,2.409589041095842,0.6023972602739605,False,False
listed,20814,1082225664,0,True,True,1779,held_out,True,20810,20815,1787.0234515935058,15,8.023451593505797,0.5348967729003865,False,False
listed,20953,3574299431,39,True,True,2293,calibration,True,20952,20955,2288.913405238829,7,4.086594761171,0.5837992515958571,False,False
listed,20985,1712247815,7,True,True,2435,anchor_leave_one_out,True,20982,20986,2440.2909848259446,8,5.2909848259446335,0.6613731032430792,False,False
listed,21007,2854519556,4,True,True,2550,anchor_leave_one_out,True,21006,21010,2545.7406737880033,8,4.259326211996722,0.5324157764995903,False,False
listed,21051,1151201836,44,True,True,2774,anchor_leave_one_out,True,21050,21052,2781.5145095763205,13,7.514509576320506,0.5780391981785005,False,False
listed,21138,1434874140,28,True,True,18,calibration,True,21137,21140,10.97840172786177,14,7.021598272138229,0.5015427337241593,False,False
listed,21201,3049147676,28,True,True,330,anchor_leave_one_out,True,21200,21202,324.736188296829,9,5.263811703170973,0.5848679670189969,False,False
listed,21236,3284177941,21,True,True,533,anchor_leave_one_out,True,21235,21237,523.7097762794974,17,9.290223720502581,0.5464837482648577,False,False
listed,21248,1567910164,20,True,True,598,calibration,True,21246,21250,591.4561272682078,13,6.5438727317922485,0.5033748255224807,False,False
listed,21301,1651895315,19,True,True,893,anchor_leave_one_out,True,21300,21302,884.627457514162,11,8.37254248583804,0.7611402259852763,False,False
listed,21492,2221780255,31,True,True,198,anchor_leave_one_out,True,21491,21495,174.5966386554622,46,23.403361344537814,0.5087687248812568,False,False
listed,21501,2749761048,24,True,True,261,anchor_leave_one_out,True,21500,21502,267.6798360044726,13,6.679836004472577,0.5138335388055828,False,False
listed,21526,626759713,33,True,True,637,anchor_leave_one_out,True,21525,21527,628.8224815724816,16,8.177518427518407,0.5110949017199005,False,False
listed,21527,719347222,22,True,True,643,anchor_leave_one_out,True,21526,21530,674.0164653052497,45,31.016465305249653,0.6892547845611035,False,False
listed,21601,2172776733,29,True,True,1339,anchor_leave_one_out,True,21600,21602,1345.208221283135,11,6.20822128313489,0.5643837530122627,False,False
listed,21615,4096091429,37,True,True,1405,anchor_leave_one_out,True,21612,21616,1426.8910891089108,44,21.89108910891082,0.4975247524752459,False,False
listed,21681,4135288602,26,True,True,2004,anchor_leave_one_out,True,21680,21682,1982.8541968162083,39,21.145803183791713,0.542200081635685,False,False
listed,21735,3118722847,31,True,True,89,anchor_leave_one_out,True,21732,21736,62.69462947543714,53,26.30537052456286,0.4963277457464691,False,False
listed,21743,2050551316,20,True,True,153,calibration,True,21742,21745,141.99463389302406,21,11.005366106975941,0.5240650527131401,False,False
listed,21759,2876961823,31,True,True,226,held_out,True,21757,21761,270.5739503215231,83,44.573950321523114,0.5370355460424472,False,False
listed,21762,3851874592,32,True,True,312,anchor_leave_one_out,True,21761,21765,306.18981481481484,11,5.810185185185162,0.5281986531986511,False,False
listed,21792,1663170852,36,True,True,518,anchor_leave_one_out,True,21791,21795,515.3551724137931,5,2.6448275862069295,0.5289655172413859,False,False
listed,21873,1150099989,21,True,True,305,calibration,True,21872,21875,311.6187630714072,12,6.618763071407216,0.5515635892839347,False,False
listed,21910,3073213212,28,True,True,599,anchor_leave_one_out,True,21906,21911,577.0118644067796,44,21.988135593220363,0.49973035439137187,False,False
listed,22004,869060119,23,True,True,1313,held_out,True,22002,22005,1324.644564379337,17,11.644564379336998,0.6849743752551175,False,False
listed,22018,1844505120,32,True,True,1436,calibration,True,22017,22020,1442.4375329931374,13,6.437532993137438,0.4951948456259568,False,False
listed,22019,4051065116,28,True,True,1439,held_out,True,22017,22020,1446.184497624494,13,7.184497624494043,0.5526536634226187,False,False
listed,22020,425362458,26,True,True,1447,anchor_leave_one_out,True,22017,22021,1472.22541218932,41,25.225412189319968,0.6152539558370724,False,False
listed,22022,2096487974,38,True,True,1501,anchor_leave_one_out,True,22021,22025,1480.2667265379434,37,20.73327346205656,0.5603587422177448,False,False
listed,22101,3544680215,23,True,True,2342,anchor_leave_one_out,True,22100,22102,2348.356783919598,12,6.356783919598001,0.5297319932998334,False,False
listed,22138,1292442911,31,True,True,2793,calibration,True,22137,22140,2763.3571910871033,59,29.642808912896726,0.5024204900490971,False,False
listed,22214,2968800036,36,True,True,289,held_out,True,22212,22215,293.7661016949153,9,4.766101694915278,0.5295668549905864,False,False
listed,22314,3816026903,23,True,True,1219,held_out,True,22312,22315,1197.6078648573803,40,21.392135142619736,0.5348033785654934,False,False
listed,22353,195474967,23,True,True,1608,calibration,True,22352,22355,1641.376647398844,58,33.37664739884394,0.5754594379111024,False,False
listed,22354,3991409942,22,True,True,1613,held_out,True,22352,22355,1650.3347976878613,58,37.33479768786128,0.6437034084114014,False,False
listed,22356,381008147,19,True,True,1680,anchor_leave_one_out,True,22355,22357,1671.2572127139365,17,8.742787286063503,0.514281605062559,False,False
listed,22370,1596526617,25,True,True,1770,anchor_leave_one_out,True,22366,22371,1828.0683424980361,112,58.068342498036145,0.5184673437324656,False,False
listed,22384,3409244445,29,True,True,2002,held_out,True,22381,22387,2008.514563106796,12,6.514563106796004,0.542880258899667,False,False
listed,22391,2456692255,31,True,True,2089,anchor_leave_one_out,True,22390,22392,2094.4641509433964,9,5.464150943396362,0.6071278825995958,False,False
listed,22396,195195160,24,True,True,2200,anchor_leave_one_out,True,22395,22400,2173.4860168341024,52,26.51398316589757,0.5098842916518763,False,False
listed,22502,622296341,21,True,True,300,anchor_leave_one_out,True,22501,22505,291.0839730169807,16,8.916026983019322,0.5572516864387076,False,False
listed,22505,1348381207,23,True,True,302,anchor_leave_one_out,True,22502,22506,311.0679245283019,16,9.067924528301887,0.566745283018868,False,False
listed,22519,2913445157,37,True,True,444,held_out,True,22517,22520,455.35586124401914,18,11.355861244019138,0.6308811802232854,False,False
listed,22568,479261718,22,True,True,368,calibration,True,22567,22570,347.00733822548364,41,20.992661774516364,0.5120161408418625,False,False
listed,22615,516606488,24,True,True,852,anchor_leave_one_out,True,22612,22616,854.0449574726609,4,2.04495747266094,0.511239368165235,False,False
listed,22633,3095628822,22,True,True,972,calibration,True,22632,22635,966.0948905109489,11,5.905109489051142,0.5368281353682857,False,False
listed,22663,3806563609,25,True,True,1260,calibration,True,22661,22665,1249.8139621240252,20,10.186037875974762,0.5093018937987381,False,False
listed,22676,4049951769,25,True,True,1349,anchor_leave_one_out,True,22675,22677,1342.9811534112325,12,6.018846588767474,0.5015705490639562,False,False
listed,22681,1812728341,21,True,True,1360,anchor_leave_one_out,True,22680,22682,1362.3981900452488,4,2.398190045248839,0.5995475113122097,False,False
listed,22703,1361400852,20,True,True,1642,calibration,True,22702,22705,1678.0179183135706,61,36.01791831357059,0.590457677271649,False,False
listed,22713,2577255201,33,True,True,1789,calibration,True,22712,22715,1772.633445945946,25,16.36655405405395,0.654662162162158,False,False
listed,22829,287791138,34,True,True,227,held_out,True,22825,22830,230.59534560611323,6,3.595345606113227,0.5992242676855378,False,False
listed,22853,4023602205,29,True,True,596,calibration,True,22852,22856,561.4126085315213,70,34.5873914684787,0.49410559240683855,False,False
listed,22906,3307412507,27,True,True,1221,anchor_leave_one_out,True,22905,22907,1252.414531117995,44,31.41453111799501,0.7139666163180685,False,False
listed,22907,167904290,34,True,True,1264,anchor_leave_one_out,True,22906,22912,1230.9185451790113,56,33.08145482098871,0.5907402646605127,False,False
listed,22937,1739630109,29,True,True,1570,anchor_leave_one_out,True,22936,22940,1546.7266830041806,47,23.273316995819414,0.4951769573578599,False,False
listed,22998,3092977954,34,True,True,2049,calibration,True,22996,23000,2037.4435661764705,23,11.55643382352946,0.5024536445012808,False,False
listed,23060,1184257830,38,True,True,2537,anchor_leave_one_out,True,23057,23061,2556.6585365853657,32,19.65853658536571,0.6143292682926784,False,False
listed,23061,3161766421,21,True,True,2561,anchor_leave_one_out,True,23060,23067,2540.7641884564405,39,20.23581154355952,0.5188669626553724,False,False
listed,23063,3531774244,36,True,True,2574,calibration,True,23061,23067,2565.669245132035,15,8.33075486796497,0.5553836578643313,False,False
listed,23110,600105507,35,True,True,2799,anchor_leave_one_out,True,23106,23111,2834.748589695374,63,35.748589695373994,0.567437931672603,False,False
listed,23155,2438534691,35,True,True,129,anchor_leave_one_out,True,23152,23156,145.90265486725664,32,16.902654867256643,0.5282079646017701,False,False
listed,23159,657019420,28,True,True,166,held_out,True,23157,23161,171.38760139049828,10,5.387601390498276,0.5387601390498276,False,False
listed,23170,3989684259,35,True,True,248,anchor_leave_one_out,True,23167,23171,263.07056538627535,25,15.070565386275348,0.6028226154510139,False,False
listed,23171,923112987,27,True,True,266,anchor_leave_one_out,True,23170,23172,252.23273942093542,21,13.767260579064583,0.6555838370983135,False,False
listed,23194,513686555,27,True,True,426,held_out,True,23191,23195,429.6238896680692,7,3.6238896680691823,0.5176985240098831,False,False
listed,23195,3603264291,35,True,True,431,anchor_leave_one_out,True,23191,23197,447.9903865411576,28,16.99038654115759,0.6067995193270568,False,False
listed,23203,2343832602,26,True,True,489,calibration,True,23202,23205,497.45289256198345,17,8.452892561983447,0.4972289742343204,False,False
listed,23209,4123553830,38,True,True,523,held_out,True,23207,23210,537.3753462603878,24,14.3753462603878,0.5989727608494917,False,False
listed,23257,2051777568,32,True,True,1049,anchor_leave_one_out,True,23256,23260,1027.1048387096773,42,21.895161290322676,0.5213133640553018,False,False
listed,23289,1184085779,19,True,True,1297,held_out,True,23285,23291,1331.1681348142474,64,34.16813481424742,0.533877106472616,False,False
listed,23314,2931723301,37,True,True,1535,held_out,True,23312,23315,1505.861581920904,47,29.138418079096027,0.6199663421084262,False,False
listed,23328,2400325154,34,True,True,1659,calibration,True,23327,23330,1685.9307553956835,53,26.93075539568349,0.5081274602959149,False,False
listed,23357,3232430118,38,True,True,1935,anchor_leave_one_out,True,23356,23361,1923.9222048475372,18,11.07779515246284,0.6154330640257134,False,False
listed,23406,2278294039,23,True,True,2343,anchor_leave_one_out,True,23405,23407,2349.3340883352207,11,6.334088335220713,0.5758262122927921,False,False
listed,23447,2954598436,36,True,True,2476,anchor_leave_one_out,True,23445,23450,2455.144893111639,32,20.855106888361206,0.6517220902612877,False,False
listed,23450,1164622612,20,True,True,2482,anchor_leave_one_out,True,23447,23451,2495.6994062983995,27,13.69940629839948,0.50738541845924,False,False
listed,23519,275082004,20,True,True,52,held_out,True,23515,23522,100.7476275968197,88,48.7476275968197,0.5539503136002238,False,False
listed,23529,1886231844,36,True,True,156,held_out,True,23525,23530,160.88754889178617,9,4.887548891786167,0.5430609879762408,False,False
listed,23594,3618407960,24,True,True,481,held_out,True,23591,23597,511.37253545485993,60,30.37253545485993,0.5062089242476655,False,False
listed,23711,1001151007,31,True,True,148,anchor_leave_one_out,True,23710,23712,135.11610583097868,25,12.883894169021318,0.5153557667608527,False,False
listed,23712,1474112035,35,True,True,149,anchor_leave_one_out,True,23711,23715,155.02362669816893,11,6.0236266981689255,0.5476024271062659,False,False
listed,23762,28651033,25,True,True,509,anchor_leave_one_out,True,23760,23765,528.8322197475873,39,19.83221974758726,0.50851845506634,False,False
listed,23805,2773046038,22,True,True,898,anchor_leave_one_out,True,23802,23806,921.9469964664311,46,23.946996466431074,0.5205868797050234,False,False
listed,23815,37254683,27,True,True,1083,anchor_leave_one_out,True,23812,23817,1061.6503156872268,38,21.349684312773206,0.5618337977045581,False,False
listed,23956,3141511454,30,True,True,2447,anchor_leave_one_out,True,23955,23961,2426.982706002035,33,20.017293997965226,0.6065846666050069,False,False
listed,23984,2772455204,36,True,True,2585,held_out,True,23982,23986,2606.3801797851347,40,21.380179785134715,0.5345044946283679,False,False
listed,24026,3878005540,36,True,True,105,anchor_leave_one_out,True,24025,24027,117.27786259541985,21,12.277862595419847,0.5846601235914213,False,False
listed,24049,2816533787,27,True,True,185,held_out,True,24045,24050,207.64133915574965,37,22.641339155749648,0.611928085290531,False,False
listed,24080,3842105876,20,True,True,392,anchor_leave_one_out,True,24076,24082,411.13435162094765,31,19.134351620947655,0.6172371490628276,False,False
listed,24082,1016173081,25,True,True,417,anchor_leave_one_out,True,24080,24085,397.2697749196141,27,19.73022508038588,0.7307490770513289,False,False
listed,24149,37776932,36,True,True,995,held_out,True,24146,24150,988.238997376858,12,6.761002623141962,0.5634168852618302,False,False
listed,24163,12649498,26,True,True,1061,calibration,True,24162,24165,1056.025787965616,10,4.9742120343839815,0.49742120343839813,False,False
listed,24253,278938625,1,True,True,117,calibration,True,24252,24255,105.61852166525064,21,11.38147833474936,0.5419751587975886,False,False
listed,24288,2301944854,22,True,True,101,calibration,True,24285,24290,88.62509754955518,20,12.374902450444822,0.6187451225222411,False,False
listed,24291,3707033375,31,True,True,113,anchor_leave_one_out,True,24290,24297,105.23459589223793,15,7.765404107762066,0.5176936071841377,False,False
listed,24363,1784759067,27,True,True,283,calibration,True,24362,24367,255.13914587421738,52,27.860854125782623,0.5357856562650505,False,False
listed,24382,1558770969,25,True,True,329,anchor_leave_one_out,True,24380,24386,335.7968317270411,13,6.796831727041081,0.5228332097723908,False,False
listed,24450,3908637977,25,True,True,617,anchor_leave_one_out,True,24447,24452,626.8746608790017,16,9.87466087900168,0.617166304937605,False,False
listed,24469,51948060,28,True,True,798,held_out,True,24466,24470,787.0227848101266,18,10.977215189873391,0.6098452883262995,False,False
listed,24504,51583262,30,True,True,911,held_out,True,24501,24510,898.4915308066907,19,12.508469193309338,0.6583404838583862,False,False
listed,24574,3751277093,37,True,True,1233,held_out,True,24572,24575,1255.9261521377014,41,22.926152137701365,0.5591744423829601,False,False
listed,24598,2945832736,32,True,True,1340,calibration,True,24592,24600,1357.34123089864,30,17.341230898640106,0.5780410299546702,False,False
listed,24721,3951449892,36,True,True,1669,anchor_leave_one_out,True,24716,24726,1703.0,54,34.0,0.6296296296296297,False,False
listed,24754,2379987481,25,True,True,1825,held_out,True,24752,24760,1806.585569575262,26,18.41443042473793,0.7082473240283819,False,False
listed,24898,3780278556,28,True,True,2416,calibration,True,24896,24901,2394.281549946676,40,21.718450053323977,0.5429612513330995,False,False
listed,24986,124081691,27,True,True,2890,anchor_leave_one_out,True,24981,24997,2865.6623134328356,49,24.337686567164383,0.4966874809625384,False,False
listed,24997,1387521310,30,True,True,2896,anchor_leave_one_out,True,24986,25002,2912.1766109785203,32,16.17661097852033,0.5055190930787603,False,False
listed,25017,1521484570,26,True,True,3005,anchor_leave_one_out,True,25015,25021,3025.9599888080584,35,20.95998880805837,0.598856823087382,False,False
listed,25032,504916502,22,True,True,74,anchor_leave_one_out,True,25031,25052,3.1051877841824496,75,70.89481221581755,0.9452641628775673,False,False
listed,25052,729289501,29,True,True,76,anchor_leave_one_out,True,25032,25062,110.17631221104162,49,34.17631221104162,0.6974757594090126,False,False
listed,25128,206769429,21,True,True,377,calibration,True,25127,25131,358.9487919606585,31,18.051208039341475,0.5822970335271443,False,False
listed,25129,3034997286,38,True,True,382,held_out,True,25127,25131,360.4799016463545,31,21.520098353645494,0.6941967210853385,False,False
listed,25161,3502116632,24,True,True,515,anchor_leave_one_out,True,25157,25165,495.7422180014773,35,19.257781998522717,0.5502223428149348,False,False
listed,25171,2529786132,20,True,True,561,anchor_leave_one_out,True,25165,25176,535.4608953144052,46,25.539104685594793,0.5551979279477129,False,False
listed,25176,1940222494,30,True,True,563,anchor_leave_one_out,True,25171,25180,586.4862288135594,35,23.486228813559364,0.671035108958839,False,False
listed,25400,3592319521,33,True,True,1171,anchor_leave_one_out,True,25395,25406,1167.4131404623497,7,3.586859537650298,0.512408505378614,False,False
listed,25406,465210910,30,True,True,1172,anchor_leave_one_out,True,25400,25410,1201.9101123595506,42,29.910112359550567,0.7121455323702516,False,False
listed,25410,2423229734,38,True,True,1213,anchor_leave_one_out,True,25406,25412,1188.1261591546258,43,24.87384084537416,0.5784614150087014,False,False
listed,25439,1206954008,24,True,True,1276,held_out,True,25427,25440,1307.7648815873692,59,31.764881587369246,0.538387823514733,False,False
listed,25466,4280634901,21,True,True,1431,anchor_leave_one_out,True,25465,25471,1413.6803288454664,23,17.31967115453358,0.7530291806318948,False,False
listed,25574,1065643288,24,True,True,89,held_out,True,25572,25576,91.6248429867411,4,2.6248429867411005,0.6562107466852751,False,False
listed,25576,4093482263,23,True,True,92,anchor_leave_one_out,True,25572,25577,107.99365804160325,22,15.993658041603254,0.7269844564365116,False,False
listed,25648,343669762,2,True,True,251,calibration,True,25646,25660,107.38426011453907,194,143.61573988546093,0.7402873189972212,False,False
listed,25984,3048292379,27,True,True,603,held_out,True,25977,25987,620.4474195961106,27,17.44741959611065,0.6462007257818759,False,False
listed,26018,1703242242,2,True,True,165,calibration,True,26016,26022,158.93440845643042,9,6.065591543569582,0.6739546159521758,False,False
listed,26055,1862888215,23,True,True,404,anchor_leave_one_out,True,26052,26062,392.5185396463206,20,11.481460353679381,0.574073017683969,False,False
listed,26125,1197239304,8,True,True,797,anchor_leave_one_out,True,26121,26126,787.9478471801092,15,9.052152819890807,0.6034768546593872,False,False
listed,26126,548144922,26,True,True,799,anchor_leave_one_out,True,26125,26127,807.9535367545076,13,8.953536754507581,0.6887335965005832,False,False
listed,26153,2618605576,8,True,True,944,calibration,True,26147,26155,957.642372315567,25,13.642372315566945,0.5456948926226778,False,False
listed,26357,2751107587,3,True,True,95,anchor_leave_one_out,True,26350,26362,115.7378587196468,42,20.737858719646795,0.4937585409439713,False,False
listed,26362,1534660098,2,True,True,136,anchor_leave_one_out,True,26357,26366,115.15830893118594,42,20.841691068814058,0.49623073973366805,False,False
listed,26428,989224726,22,True,True,434,calibration,True,26425,26432,454.3661408052743,38,20.366140805274313,0.5359510738230082,False,False
listed,26453,2837017628,28,True,True,554,calibration,True,26452,26457,551.0089736399327,6,2.9910263600672806,0.49850439334454677,False,False
listed,26459,3550822912,0,True,True,560,held_out,True,26457,26460,589.0329142011834,45,29.032914201183416,0.6451758711374093,False,False
listed,26540,95909127,7,True,True,1082,anchor_leave_one_out,True,26536,26541,1087.6553646075245,10,5.6553646075244615,0.5655364607524461,False,False
listed,26557,18598171,27,True,True,1199,anchor_leave_one_out,True,26556,26561,1178.2767113979955,36,20.72328860200446,0.575646905611235,False,False
listed,26615,2876794137,25,True,True,87,anchor_leave_one_out,True,26611,26617,129.15732413453247,68,42.15732413453247,0.6199606490372422,False,False
listed,26617,3207975962,26,True,True,142,anchor_leave_one_out,True,26615,26630,93.87220634095634,69,48.12779365904366,0.697504255928169,False,False
listed,26628,2799207686,6,True,True,147,calibration,True,26617,26630,154.10087307886573,14,7.100873078865732,0.5072052199189808,False,False
listed,26648,1336711424,0,True,True,175,calibration,True,26642,26650,213.56600421894083,55,38.56600421894083,0.7012000767080151,False,False
listed,26699,2388428053,21,True,True,457,held_out,True,26696,26700,500.3158628380262,54,43.31586283802619,0.8021456081115962,False,False
listed,26721,3613941506,2,True,True,633,anchor_leave_one_out,True,26720,26725,626.8621281464531,10,6.137871853546926,0.6137871853546926,False,False
listed,26783,39457799,7,True,True,229,calibration,True,26782,26787,226.92789968652036,4,2.0721003134796376,0.5180250783699094,False,False
listed,26857,863919874,2,True,True,155,anchor_leave_one_out,True,26847,26911,137.51362814978415,22,17.486371850215846,0.7948350841007202,False,False
listed,26911,44144148,20,True,True,156,anchor_leave_one_out,True,26857,26912,160.9358203442417,6,4.935820344241705,0.8226367240402842,False,False
listed,26928,3392764163,3,True,True,233,calibration,True,26926,26931,240.9548373731096,13,7.954837373109598,0.6119105671622768,False,False
listed,26938,2119901981,29,True,True,317,calibration,True,26935,26940,346.53853853853855,55,29.538538538538546,0.5370643370643372,False,False
listed,26941,3959173385,9,True,True,376,anchor_leave_one_out,True,26940,26942,399.7279894875164,43,23.727989487516425,0.5518137090120099,False,False
listed,26983,1684150792,8,True,True,653,calibration,True,26981,26991,637.0653026905829,30,15.93469730941706,0.5311565769805687,False,False
listed,27029,2261418759,7,True,True,820,held_out,True,27026,27032,832.8465845464725,25,12.846584546472513,0.5138633818589006,False,False
listed,27086,24703515,27,True,True,1222,anchor_leave_one_out,True,27082,27097,1181.8998444185142,77,40.10015558148575,0.5207812413179967,False,False
listed,27145,772968200,8,True,True,1479,anchor_leave_one_out,True,27142,27151,1470.2709971038478,15,8.729002896152224,0.5819335264101483,False,False
listed,27180,665792513,1,True,True,1620,anchor_leave_one_out,True,27175,27182,1601.0778520995912,35,18.922147900408845,0.5406327971545384,False,False
listed,27184,654451461,5,True,True,1624,held_out,True,27182,27186,1638.9580188679245,27,14.958018867924466,0.5540006988120173,False,False
listed,27240,1270502918,6,True,True,1999,anchor_leave_one_out,True,27237,27241,2006.633239831697,12,7.633239831696983,0.636103319308082,False,False
listed,27393,127542278,6,True,True,630,calibration,True,27392,27396,608.1437068760409,44,21.856293123959063,0.49673393463543325,False,False
listed,27432,2184223768,24,True,True,91,anchor_leave_one_out,True,27421,27435,112.99005194119201,44,21.990051941192007,0.4997739077543638,False,False
listed,27439,748829189,5,True,True,126,held_out,True,27435,27440,138.34442595673877,19,12.344425956738775,0.6497066293020408,False,False
listed,27441,3445347612,28,True,True,143,anchor_leave_one_out,True,27440,27442,160.1643013899049,26,17.164301389904892,0.6601654380732651,False,False
listed,27613,588382237,29,True,True,947,calibration,True,27611,27616,925.7683215130023,42,21.23167848699768,0.5055161544523257,False,False
listed,27678,2687713282,2,True,True,1278,calibration,True,27676,27680,1268.1810393258427,19,9.818960674157324,0.516787403903017,False,False
listed,27704,3667356180,20,True,True,1393,held_out,True,27700,27707,1410.6954963378525,26,17.695496337852546,0.6805960129943287,False,False
listed,27709,1189709568,0,True,True,1458,held_out,True,27707,27717,1426.1587577639752,48,31.841242236024755,0.6633592132505157,False,False
listed,27738,1866348546,2,True,True,1510,calibration,True,27732,27741,1529.3534619032564,32,19.353461903256402,0.6047956844767626,False,False
listed,27739,898118934,22,True,True,1516,held_out,True,27732,27741,1534.4777110338287,32,18.477711033828655,0.5774284698071455,False,False
listed,27825,1388698900,20,True,True,1984,anchor_leave_one_out,True,27817,27826,2041.88871497887,106,57.888714978869984,0.5461199526308489,False,False
listed,27826,1385220627,19,True,True,2065,anchor_leave_one_out,True,27825,27830,2019.7586993725042,90,45.241300627495775,0.5026811180832864,False,False
listed,28035,565290497,1,True,True,3140,anchor_leave_one_out,True,28027,28036,3179.887565152643,63,39.88756515264322,0.6331359548038606,False,False
listed,28037,688239109,5,True,True,3230,anchor_leave_one_out,True,28036,28040,3199.943184530914,52,30.056815469085905,0.5780156820978058,False,False
listed,28133,1048153609,9,True,True,3611,calibration,True,28131,28137,3599.621951219512,23,11.378048780487916,0.494697773064692,False,False
listed,28139,1431600136,8,True,True,3624,held_out,True,28137,28140,3617.1838289962825,11,6.8161710037175,0.6196519094288636,False,False
listed,28189,3170272771,3,True,True,3852,held_out,True,28182,28190,3864.943470887507,23,12.943470887506919,0.5627596038046486,False,False
listed,28231,1188342281,9,True,True,4077,anchor_leave_one_out,True,28230,28236,4056.641358826805,36,20.358641173194883,0.5655178103665245,False,False
listed,28257,2694329604,4,True,True,4172,anchor_leave_one_out,True,28252,28262,4156.44500087858,31,15.554999121420224,0.5017741652071039,False,False
listed,28266,904855810,2,True,True,4225,anchor_leave_one_out,True,28265,28270,4214.930154591171,18,10.069845408828769,0.5594358560460427,False,False
listed,28288,128556057,25,True,True,4283,calibration,True,28286,28291,4288.645388288514,10,5.6453882885143685,0.5645388288514368,False,False
listed,28291,2061024533,21,True,True,4290,anchor_leave_one_out,True,28286,28292,4320.229545029021,54,30.22954502902121,0.5598063894263187,False,False
listed,28292,1404523012,4,True,True,4334,anchor_leave_one_out,True,28291,28296,4297.037767756483,55,36.962232243517064,0.6720405862457648,False,False
listed,28309,3983968025,25,True,True,4487,held_out,True,28307,28311,4466.554691378455,36,20.445308621545337,0.5679252394873705,False,False
listed,28350,1598984969,9,True,True,4833,anchor_leave_one_out,True,28347,28351,4801.36888822025,57,31.631111779750427,0.5549317856096566,False,False
listed,28463,1087854080,0,True,True,5372,calibration,True,28461,28465,5381.434617814277,19,9.434617814276862,0.4965588323303612,False,False
listed,28629,3624066840,24,True,True,6140,held_out,True,28627,28631,6149.457052520639,16,9.457052520639081,0.5910657825399426,False,False
listed,28661,111601684,20,True,True,6386,anchor_leave_one_out,True,28657,28666,6409.599750623442,42,23.59975062344165,0.5618988243676584,False,False
listed,28799,1421985540,4,True,True,9,held_out,True,28752,28805,15.074520168872175,9,6.074520168872175,0.6749466854302416,False,False
listed,28832,1495755272,8,True,True,139,anchor_leave_one_out,True,28825,28835,165.7077028885832,53,26.707702888583214,0.5039189224260984,False,False
listed,28835,340745729,1,True,True,189,anchor_leave_one_out,True,28832,28851,153.2240831036676,63,35.775916896332404,0.567871696767181,False,False
listed,28918,697658395,27,True,True,400,calibration,True,28917,28921,391.1146568765885,16,8.885343123411474,0.5553339452132171,False,False
listed,29021,1477937415,7,True,True,909,anchor_leave_one_out,True,29017,29026,880.32712305026,50,28.672876949740044,0.5734575389948009,False,False
listed,29042,1689258267,27,True,True,931,anchor_leave_one_out,True,29037,29045,949.9700042247571,30,18.970004224757076,0.6323334741585692,False,False
listed,29048,2204348674,2,True,True,1012,calibration,True,29045,29062,963.3950821479766,59,48.60491785202339,0.8238121669834473,False,False
listed,29078,3172056345,25,True,True,1160,calibration,True,29076,29080,1146.4041863207547,23,13.595813679245339,0.5911223338802322,False,False
listed,29093,1117775364,4,True,True,1229,calibration,True,29090,29097,1208.480466768138,39,20.519533231861942,0.5261418777400498,False,False
listed,29094,2090137864,8,True,True,1233,held_out,True,29090,29097,1211.9365804160325,39,21.063419583967516,0.5400876816401927,False,False
listed,29264,3426100487,7,True,True,1975,held_out,True,29260,29272,1944.2910191007236,60,30.708980899276412,0.5118163483212735,False,False
listed,29393,2710567941,5,True,True,186,calibration,True,29386,29397,159.5922345236239,48,26.407765476376113,0.5501617807578357,False,False
listed,29403,2421111812,4,True,True,190,calibration,True,29397,29406,196.6260202415932,11,6.62602024159321,0.6023654765084736,False,False
listed,29427,138106624,0,True,True,336,anchor_leave_one_out,True,29425,29431,322.7415051598288,23,13.258494840171181,0.576456297398747,False,False
listed,29456,3459812120,24,True,True,355,anchor_leave_one_out,True,29450,29460,381.3288146986332,53,26.32881469863321,0.4967700886534568,False,False
listed,29554,258267169,33,True,True,71,held_out,True,29552,29566,25.202584539193687,58,45.79741546080631,0.7896106113932123,False,False
listed,29570,173213460,20,True,True,85,anchor_leave_one_out,True,29566,29571,105.04159592529712,39,20.041595925297116,0.5138870750076183,False,False
listed,29588,3079896346,26,True,True,257,calibration,True,29587,29592,241.1179540709812,25,15.882045929018801,0.635281837160752,False,False
listed,29641,300986625,1,True,True,467,anchor_leave_one_out,True,29640,29647,453.2563795170406,17,13.743620482959386,0.8084482637034933,False,False
listed,29647,3397829120,0,True,True,468,anchor_leave_one_out,True,29641,29657,494.5332496863237,52,26.5332496863237,0.5102548016600712,False,False
listed,29738,214021383,7,True,True,348,calibration,True,29735,29742,330.6657381615599,34,17.334261838440113,0.5098312305423562,False,False
listed,29758,3460646935,23,True,True,390,calibration,True,29750,29760,414.15823355220806,44,24.15823355220806,0.5490507625501831,False,False
listed,29765,1043244041,9,True,True,434,anchor_leave_one_out,True,29760,29771,443.03155522163786,16,9.03155522163786,0.5644722013523662,False,False
listed,29904,3738468118,22,True,True,818,held_out,True,29901,29910,826.0826844642195,16,8.082684464219483,0.5051677790137177,False,False
listed,29944,3859976200,8,True,True,962,held_out,True,29937,29945,997.9856571507378,73,35.98565715073778,0.49295420754435315,False,False
listed,29969,2004145416,8,True,True,1036,held_out,True,29966,29977,1084.5264483627204,88,48.52644836272043,0.5514369132127321,False,False
listed,30013,905808899,3,True,True,1266,calibration,True,30010,30016,1290.621896429416,37,24.621896429415983,0.665456660254486,False,False
listed,30040,3935088154,26,True,True,1336,anchor_leave_one_out,True,30022,30045,1357.9489138834035,43,21.94891388340352,0.5104398577535703,False,False
listed,30081,1898191899,27,True,True,1570,anchor_leave_one_out,True,30075,30087,1524.8840169731259,86,45.11598302687412,0.5246044538008618,False,False
listed,30104,2769597449,9,True,True,1586,held_out,True,30095,30110,1616.3905571635312,53,30.390557163531184,0.5734067389345506,False,False
listed,30117,3090864901,5,True,True,1638,anchor_leave_one_out,True,30110,30120,1650.4068694798823,21,12.406869479882289,0.5908033085658233,False,False
listed,30521,4208862749,29,True,True,747,anchor_leave_one_out,True,30507,30532,776.6026350461133,59,29.602635046113278,0.5017395770527674,False,False
listed,30592,3661723670,22,True,True,937,anchor_leave_one_out,True,30576,30595,966.2677057697566,58,29.267705769756617,0.5046156167199417,False,False
listed,30730,3082807556,4,True,True,1259,anchor_leave_one_out,True,30725,30741,1237.3129139072848,37,21.687086092715163,0.5861374619652746,False,False
listed,30769,123945217,1,True,True,1392,held_out,True,30761,30771,1406.8343603648016,26,14.834360364801569,0.5705523217231373,False,False
listed,30828,3074339840,0,True,True,1620,calibration,True,30822,30835,1576.781389076197,86,43.218610923803,0.5025419874860814,False,False
listed,30916,1598991113,9,True,True,1776,anchor_leave_one_out,True,30910,30920,1789.143606870229,21,13.14360687022895,0.6258860414394738,False,False
listed,30968,667695645,29,True,True,1854,calibration,True,30961,30970,1878.2423508694694,41,24.24235086946942,0.5912768504748639,False,False
listed,31175,4255482133,21,True,True,2361,anchor_leave_one_out,True,31170,31181,2344.143694155559,27,16.856305844441067,0.6243076238681877,False,False
listed,31218,3537946899,19,True,True,2501,calibration,True,31210,31221,2515.8728236184706,28,14.872823618470647,0.5311722720882374,False,False
listed,31430,3449900800,0,True,True,3097,anchor_leave_one_out,True,31426,31441,3090.579957003473,11,6.420042996527172,0.5836402724115611,False,False
listed,31473,401505542,6,True,True,3254,calibration,True,31472,31480,3216.5645913607786,61,37.43540863922135,0.6136952235937926,False,False
listed,31495,4105026817,1,True,True,3307,anchor_leave_one_out,True,31492,31501,3291.5767918088736,30,15.423208191126378,0.5141069397042126,False,False
listed,31507,1682244377,25,True,True,3336,anchor_leave_one_out,True,31501,31515,3324.5617715617714,23,11.438228438228634,0.4973142799229841,False,False
listed,31576,983509786,26,True,True,3519,anchor_leave_one_out,True,31567,31577,3546.4803090727814,43,27.480309072781438,0.6390769551809636,False,False
listed,31762,3004730630,6,True,True,4097,anchor_leave_one_out,True,31752,31767,4133.824167784416,73,36.824167784416204,0.5044406545810439,False,False
listed,31790,2546203163,27,True,True,4228,anchor_leave_one_out,True,31780,31791,4249.689259317503,44,21.689259317502547,0.49293771176142154,False,False
listed,31791,867273732,4,True,True,4254,anchor_leave_one_out,True,31790,31795,4232.89661426844,39,21.103385731559683,0.5411124546553765,False,False
listed,31856,1341892888,24,True,True,4387,anchor_leave_one_out,True,31846,31860,4397.650167473018,19,10.650167473017973,0.5605351301588407,False,False
listed,31887,2586961688,24,True,True,4503,anchor_leave_one_out,True,31882,31897,4534.268414004209,63,31.268414004209262,0.49632403181284546,False,False
listed,31927,2996191237,5,True,True,4638,anchor_leave_one_out,True,31926,31936,4621.520217026224,31,16.47978297377631,0.5316059023798809,False,False
listed,31953,971361049,25,True,True,4722,calibration,True,31951,31957,4694.31973926124,41,27.6802607387599,0.675128310701461,False,False
listed,31970,2452993030,6,True,True,4767,anchor_leave_one_out,True,31967,31972,4783.5178019834175,28,16.517801983417485,0.5899214994077673,False,False
listed,31999,1370413826,2,True,True,4839,held_out,True,31997,32001,4846.459387483355,15,7.4593874833553855,0.49729249889035904,False,False
listed,32020,1957612315,27,True,True,4856,anchor_leave_one_out,True,32016,32021,4872.13493397359,23,16.134933973589796,0.7015188684169477,False,False
listed,32021,627006470,6,True,True,4877,anchor_leave_one_out,True,32020,32026,4862.811855670103,24,14.188144329897113,0.5911726804123797,False,False
listed,32461,1803525382,6,True,True,6205,anchor_leave_one_out,True,32455,32466,6244.7453754080525,80,39.745375408052496,0.4968171926006562,False,False
listed,32466,1824424988,28,True,True,6279,anchor_leave_one_out,True,32461,32471,6237.976056593507,77,41.023943406493345,0.5327784857986149,False,False
listed,32471,532034307,3,True,True,6282,anchor_leave_one_out,True,32466,32472,6312.466522210184,49,30.46652221018394,0.6217657593915089,False,False
listed,32479,843148036,4,True,True,6348,held_out,True,32476,32481,6356.932474701012,17,8.932474701012325,0.5254396882948427,False,False
listed,32543,1294438681,25,True,True,28,calibration,True,32541,32551,22.896405919661735,10,5.103594080338265,0.5103594080338265,False,False
listed,32797,1900637720,24,True,True,734,anchor_leave_one_out,True,32795,32805,746.9486127393513,25,12.948612739351347,0.5179445095740539,False,False
listed,32805,91297305,25,True,True,756,anchor_leave_one_out,True,32797,32832,738.6202892355916,35,17.3797107644084,0.4965631646973829,False,False
listed,32869,1043395868,28,True,True,863,held_out,True,32867,32875,839.5112417848495,45,23.488758215150483,0.5219724047811218,False,False
listed,32926,227511319,23,True,True,1012,anchor_leave_one_out,True,32920,32927,1014.6449608213996,5,2.64496082139965,0.52899216427993,False,False
listed,32960,1599574277,5,True,True,1058,anchor_leave_one_out,True,32956,32970,1048.6551940908378,17,9.344805909162233,0.5496944652448372,False,False
listed,32970,56750617,25,True,True,1059,anchor_leave_one_out,True,32960,32976,1094.737268034045,68,35.73726803404497,0.5255480593241908,False,False
listed,33126,1035729174,22,True,True,1540,anchor_leave_one_out,True,33121,33137,1522.7846407624634,29,17.21535923753663,0.5936330771564355,False,False
listed,33393,3840629506,2,True,True,2285,calibration,True,33376,33395,2294.4342288742214,16,9.43422887422139,0.5896393046388368,False,False
listed,33457,3561607680,0,True,True,2444,anchor_leave_one_out,True,33450,33460,2451.4701707270287,14,7.470170727028744,0.5335836233591961,False,False
listed,33468,414376966,6,True,True,2462,calibration,True,33460,33472,2506.6370757180157,70,44.637075718015694,0.637672510257367,False,False
listed,33627,1045269251,3,True,True,2925,anchor_leave_one_out,True,33622,33631,2953.611776203274,52,28.611776203274076,0.5502264654475784,False,False
listed,33664,741845271,23,True,True,3094,held_out,True,33657,33665,3104.0684352172243,16,10.068435217224305,0.6292772010765191,False,False
listed,33734,2686768131,3,True,True,3283,held_out,True,33710,33737,3355.307157057654,109,72.30715705765397,0.6633684133729721,False,False
listed,33744,321123867,27,True,True,3391,held_out,True,33741,33747,3377.232693004712,27,13.767306995287981,0.50990025908474,False,False
listed,33765,704699143,7,True,True,3445,anchor_leave_one_out,True,33760,33766,3463.7568555758685,33,18.756855575868485,0.5683895629051056,False,False
listed,33766,2024557317,5,True,True,3468,anchor_leave_one_out,True,33765,33771,3450.245856353591,30,17.75414364640892,0.5918047882136307,False,False
listed,33801,1390585624,24,True,True,3557,anchor_leave_one_out,True,33797,33811,3545.275142953246,19,11.724857046754096,0.6170977393028472,False,False
listed,33850,1395836953,25,True,True,3669,anchor_leave_one_out,True,33846,33852,3677.859038737446,14,8.859038737446099,0.63278848124615,False,False
listed,33912,1623854595,3,True,True,3802,anchor_leave_one_out,True,33896,33916,3845.6425482544037,80,43.642548254403664,0.5455318531800458,False,False
listed,33968,2757756161,1,True,True,3952,calibration,True,33960,33977,3966.6551317920776,29,14.655131792077555,0.5053493721406054,False,False
listed,34049,3544431384,24,True,True,4105,held_out,True,34035,34051,4130.122656361815,50,25.122656361814734,0.5024531272362946,False,False
listed,34160,3222480903,7,True,True,4491,anchor_leave_one_out,True,34157,34167,4469.262679162072,43,21.737320837927655,0.5055190892541315,False,False
listed,34220,539755284,20,True,True,4720,anchor_leave_one_out,True,34206,34227,4734.451676678579,26,14.451676678579133,0.5558337184068898,False,False
listed,34243,2470002713,25,True,True,4826,calibration,True,34242,34256,4806.611350231149,32,19.388649768850883,0.6058953052765901,False,False
listed,34261,3451045145,25,True,True,4847,anchor_leave_one_out,True,34256,34262,4871.421221864952,45,24.421221864951804,0.5426938192211512,False,False
listed,34363,2509977608,8,True,True,5198,calibration,True,34350,34366,5204.735274652548,13,6.7352746525475595,0.5180980501959661,False,False
listed,34701,3389669129,9,True,True,6164,anchor_leave_one_out,True,34697,34715,6156.202069716775,13,7.797930283224559,0.5998407910172738,False,False
listed,34715,3885673479,7,True,True,6167,anchor_leave_one_out,True,34701,34720,6202.229452054795,61,35.22945205479482,0.5775320008982757,False,False
listed,34753,3682131463,7,True,True,6390,calibration,True,34752,34755,6365.47024308466,48,24.52975691533993,0.5110366024029153,False,False
listed,34947,1649504532,20,True,True,604,anchor_leave_one_out,True,34946,34951,581.7345501580915,43,22.26544984190855,0.5178011591141523,False,False
listed,34949,730287643,27,True,True,606,held_out,True,34947,34951,611.0293047308944,10,5.02930473089441,0.5029304730894409,False,False
listed,35026,2902969363,19,True,True,1072,anchor_leave_one_out,True,35025,35031,1048.3946700507615,39,23.605329949238467,0.605264870493294,False,False
listed,35036,1508153875,19,True,True,1234,anchor_leave_one_out,True,35032,35046,1135.5404313995864,168,98.4595686004136,0.5860688607167477,False,False
listed,35063,1933664005,5,True,True,1319,calibration,True,35060,35066,1299.6430913348945,32,19.356908665105493,0.6049033957845467,False,False
listed,35519,2496566807,23,True,True,80,held_out,True,35511,35527,42.27550200803213,68,37.72449799196787,0.5547720292936452,False,False
listed,35573,22433818,26,True,True,339,calibration,True,35562,35595,255.69669826059786,140,83.30330173940214,0.5950235838528725,False,False
listed,35719,4053478682,26,True,True,604,held_out,True,35702,35721,634.6752605005909,55,30.675260500590866,0.5577320091016521,False,False
listed,35735,3528417563,27,True,True,754,anchor_leave_one_out,True,35727,35741,737.6320971867008,29,16.367902813299224,0.5644104418379043,False,False
listed,35828,1166603781,5,True,True,1081,calibration,True,35822,35836,1022.370132648695,107,58.62986735130505,0.5479426855262154,False,False
listed,35923,3983150080,0,True,True,1500,calibration,True,35916,35930,1521.1603586817282,42,21.160358681728212,0.5038180638506717,False,False
listed,36031,1600912666,26,True,True,1960,anchor_leave_one_out,True,36030,36037,1935.6426426426426,40,24.357357357357387,0.6089339339339347,False,False
listed,36112,2659852572,28,True,True,2128,anchor_leave_one_out,True,36107,36115,2142.2454391574197,28,14.245439157419696,0.5087656841935606,False,False
listed,36115,1182294294,22,True,True,2155,anchor_leave_one_out,True,36112,36122,2139.4468709256844,29,15.55312907431562,0.5363147956660559,False,False
listed,36725,640248837,5,True,True,1552,anchor_leave_one_out,True,36722,36735,1495.121675531915,115,56.87832446808511,0.49459412580943574,False,False
listed,36781,289572378,26,True,True,1780,anchor_leave_one_out,True,36772,36786,1797.046898848342,29,17.046898848341925,0.5878240982186871,False,False
listed,36818,3279336199,7,True,True,1878,calibration,True,36812,36826,1883.682604415694,10,5.682604415693959,0.5682604415693959,False,False
listed,37278,2175723016,8,True,True,3174,calibration,True,37271,37301,3159.073363256462,30,14.926636743537983,0.49755455811793275,False,False
listed,37808,137413946,58,True,False,152,calibration,True,37797,37815,166.77907127150434,52,14.779071271504336,0.28421290906739105,True,True
listed,38004,1560972313,25,True,True,484,held_out,True,37996,38005,492.6312930097791,15,8.631293009779085,0.5754195339852723,False,False
listed,38034,700148484,4,True,True,572,held_out,True,38025,38047,552.06594269266,37,19.934057307340026,0.5387583056037845,False,False
listed,38143,971410947,3,True,True,704,calibration,True,38127,38150,722.9789190045966,28,18.978919004596605,0.6778185358784502,False,False
listed,38205,1296815362,2,True,True,929,anchor_leave_one_out,True,38201,38207,940.0401505646173,20,11.040150564617306,0.5520075282308653,False,False
listed,38597,1681439764,20,True,True,2439,anchor_leave_one_out,True,38590,38606,2401.678913324709,72,37.3210866752911,0.5183484260457097,False,False
listed,38612,1656078592,0,True,True,2448,anchor_leave_one_out,True,38606,38620,2482.698248517446,55,34.69824851744579,0.6308772457717416,False,False
listed,38819,3065687068,28,True,True,3115,held_out,True,38797,38820,3135.2287561887442,28,20.228756188744228,0.7224555781694367,False,False
listed,38979,185222402,2,True,True,3880,held_out,True,38972,38982,3900.549936251594,38,20.549936251593863,0.5407877960945754,False,False
listed,39650,1526272259,3,True,True,194,anchor_leave_one_out,True,39647,39655,186.28191563413617,14,7.718084365863831,0.5512917404188451,False,False
listed,39655,2050268162,2,True,True,195,anchor_leave_one_out,True,39650,39661,214.06110721793974,32,19.061107217939735,0.5956596005606167,False,False
listed,39684,3671998744,24,True,True,359,held_out,True,39680,39707,320.86414154885745,64,38.13585845114255,0.5958727882991024,False,False
listed,39764,2574452992,0,True,True,601,held_out,True,39762,39770,584.0612552806276,26,16.93874471937238,0.6514901815143224,False,False
listed,40184,3462181141,21,True,True,1974,held_out,True,40182,40190,1948.4245020346968,39,25.575497965303157,0.6557819991103374,False,False
listed,40369,4220049152,0,True,True,2436,held_out,True,40357,40370,2480.396692527562,55,44.39669252756221,0.807212591410222,False,False
listed,40504,4184569348,4,True,True,3352,held_out,True,40497,40507,3382.270970030147,43,30.270970030147055,0.7039760472127222,False,False
listed,40733,3268461573,5,True,True,4356,calibration,True,40720,40741,4377.150979004482,38,21.150979004481997,0.5566047106442631,False,False
listed,40822,3039216153,25,True,True,4734,anchor_leave_one_out,True,40815,40837,4691.702229712211,73,42.29777028778881,0.5794215107916275,False,False
listed,40837,2041068568,24,True,True,4736,anchor_leave_one_out,True,40822,40855,4799.585010563772,126,63.5850105637719,0.5046429409823167,False,False
listed,40863,4062859524,4,True,True,4861,calibration,True,40855,40867,4864.641036356038,6,3.6410363560380574,0.6068393926730096,False,False
listed,41192,439569157,5,True,True,183,anchor_leave_one_out,True,41191,41200,156.32997781948472,35,26.670022180515275,0.7620006337290078,False,False
listed,41708,1885076224,0,True,True,2612,calibration,True,41702,41715,2560.075590551181,80,51.924409448819006,0.6490551181102375,False,False
listed,41757,2150352134,6,True,True,2910,anchor_leave_one_out,True,41750,41762,2949.3764463872462,72,39.37644638724623,0.5468950887117532,False,False
listed,41762,780957462,22,True,True,2973,anchor_leave_one_out,True,41757,41775,2926.931809804644,72,46.06819019535578,0.6398359749354969,False,False
listed,41932,3946055688,8,True,True,3885,anchor_leave_one_out,True,41912,41936,3913.835455435847,48,28.835455435847052,0.6007386549134802,False,False
listed,42097,3131440660,20,True,True,4417,anchor_leave_one_out,True,42085,42102,4442.733860342556,49,25.733860342556,0.5251808233174694,False,False
listed,42349,3575866134,22,True,True,5596,held_out,True,42347,42360,5555.149191006514,64,40.85080899348577,0.6382938905232152,False,False
listed,42383,1154565633,1,True,True,5676,calibration,True,42380,42387,5650.611789859499,37,25.388210140500632,0.6861678416351522,False,False
listed,42794,3220517908,20,True,True,2733,held_out,True,42787,42797,2682.2243536280234,101,50.77564637197656,0.502729171999768,False,False
listed,43156,3330189828,4,True,True,4961,anchor_leave_one_out,True,43141,43161,5002.472908672295,66,41.47290867229458,0.6283774041256754,False,False
listed,43239,2267488006,6,True,True,5624,held_out,True,43236,43247,5594.637495422922,50,29.362504577077743,0.5872500915415548,False,False
listed,43507,353054778,58,True,True,876,anchor_leave_one_out,True,43482,43521,1382.548115942029,578,506.54811594202897,0.8763808234291158,False,False
listed,43514,1944504322,2,True,True,1569,held_out,True,43507,43521,1205.822483550329,706,363.177516449671,0.5144157456794206,False,False
listed,43583,1860498970,26,True,True,2411,calibration,True,43576,43601,2333.6945244956773,147,77.30547550432266,0.52588758846478,False,False
listed,43607,3113728794,26,True,True,2433,anchor_leave_one_out,True,43601,43610,2485.0423989853234,95,52.042398985323416,0.5478147261612991,False,False
listed,43610,57046807,23,True,True,2511,anchor_leave_one_out,True,43607,43627,2448.7380116959066,116,62.26198830409339,0.5367412784835637,False,False
listed,44743,1147756571,27,True,True,6219,calibration,True,44741,44752,6169.3967684021545,87,49.60323159784548,0.5701520873315572,False,False
listed,44838,775835162,26,True,True,59,calibration,True,44812,44852,597.471734214646,511,538.471734214646,1.0537607323182896,False,False
listed,44887,90795540,20,True,True,1368,anchor_leave_one_out,True,44885,44896,1296.2343597262952,142,71.76564027370478,0.5053918329134139,False,False
listed,45003,62997764,4,True,True,3217,calibration,True,45000,45011,3136.816529357918,137,80.18347064208183,0.5852808076064367,False,False
listed,45019,2576662291,19,True,True,3466,held_out,True,45017,45030,3361.72496538994,177,104.27503461006017,0.5891244893223738,False,False
listed,45278,959258133,21,True,True,6252,calibration,True,45275,45287,6228.222625329815,38,23.777374670185054,0.6257203860575015,False,False
listed,45594,338424602,26,True,True,3358,held_out,True,45590,45600,3344.7156580211335,25,13.28434197886645,0.531373679154658,False,False
listed,45948,491246598,6,True,True,387,calibration,True,45945,45955,408.3983911128136,43,21.398391112813613,0.4976370026235724,False,False
listed,45981,2484010502,6,True,True,500,anchor_leave_one_out,True,45975,45986,542.2883323152107,78,42.28833231521071,0.5421581066052655,False,False
listed,46006,28967451,27,True,True,797,anchor_leave_one_out,True,45995,46011,903.505059797608,216,106.50505979760806,0.49307898054448174,False,False
listed,46293,2402186009,25,True,True,3127,calibration,True,46280,46302,3236.0858082417017,194,109.08580824170167,0.5622979806273282,False,False
listed,46310,1343745280,0,True,True,3423,anchor_leave_one_out,True,46305,46322,3406.97548106766,23,16.024518932340015,0.6967182144495659,False,False
listed,46459,48997139,19,True,True,5026,held_out,True,46457,46467,4984.972118959108,68,41.02788104089177,0.6033511917778202,False,False
listed,46670,2448899,3,True,True,6277,anchor_leave_one_out,True,46665,46672,6300.074203993524,45,23.074203993523952,0.5127600887449767,False,False
listed,46710,666935,55,True,True,196,anchor_leave_one_out,True,46706,46712,275.5350933676755,104,79.53509336767547,0.7647605131507257,False,False
listed,46712,2174221076,20,True,True,290,anchor_leave_one_out,True,46710,46725,206.0510067114094,156,83.9489932885906,0.5381345723627603,False,False
listed,46776,65440276,20,True,True,61,anchor_leave_one_out,True,46771,46781,523.4970414201183,80,462.4970414201183,5.781213017751479,False,False
listed,46821,1020257812,20,True,True,909,anchor_leave_one_out,True,46816,46830,882.5840020709293,44,26.415997929070727,0.600363589297062,False,False
listed,46830,189288968,8,True,True,910,anchor_leave_one_out,True,46821,46841,928.8128452290697,38,18.812845229069694,0.49507487444920245,False,False
listed,46844,340226349,45,True,True,319,held_out,True,46841,46860,1042.3065674022866,344,723.3065674022866,2.1026353703554843,False,False
listed,46944,4293691671,23,True,True,1641,held_out,True,46940,46945,1656.4165701042873,23,15.416570104287302,0.6702856567081436,False,False
listed,47121,822434071,23,True,True,3143,anchor_leave_one_out,True,47120,47126,3128.495419479267,27,14.504580520732816,0.5372066859530672,False,False
listed,47146,1474313737,9,True,True,3246,anchor_leave_one_out,True,47145,47151,3240.0281329923273,10,5.971867007672699,0.59718670076727,False,False
listed,47151,3208302615,23,True,True,3247,anchor_leave_one_out,True,47146,47152,3263.445499587118,31,16.445499587117865,0.5304999866812214,False,False
listed,47179,3238929667,3,True,True,3515,held_out,True,47162,47187,3624.4098314007256,222,109.40983140072558,0.49283707838164675,False,False
listed,47267,240345606,6,True,True,3974,anchor_leave_one_out,True,47256,47272,4012.839249092917,65,38.839249092916816,0.5975269091217972,False,False
listed,47528,3513025793,1,True,True,5831,calibration,True,47527,47537,5803.125201752363,50,27.874798247637045,0.5574959649527409,False,False
listed,47565,485872648,8,True,True,6002,anchor_leave_one_out,True,47562,47576,5945.202848211185,87,56.79715178881543,0.652840825158798,False,False
listed,47582,1807829251,3,True,True,6029,anchor_leave_one_out,True,47576,47585,6074.608278727825,78,45.608278727824654,0.5847215221515981,False,False
listed,48110,2492972804,4,True,True,294,anchor_leave_one_out,True,48102,48131,258.8353504081058,54,35.164649591894204,0.6511972146647075,False,False
listed,48131,4192412437,21,True,True,295,anchor_leave_one_out,True,48110,48137,381.5802908875037,124,86.58029088750368,0.698228152318578,False,False
listed,48137,2680792072,8,True,True,418,anchor_leave_one_out,True,48131,48146,331.14741838055517,127,86.85258161944483,0.6838785954286994,False,False
listed,48294,28242212,36,True,True,241,held_out,True,48277,48346,94.99293393841562,243,146.0070660615844,0.6008521237102239,False,False
listed,48509,112982789,5,True,True,3100,held_out,True,48507,48526,3050.6892086330936,84,49.310791366906415,0.5870332305584097,False,False
listed,48559,398182933,21,True,True,3615,held_out,True,48551,48597,3390.3785069410737,373,224.62149305892626,0.6022023942598559,False,False
listed,48730,854769159,7,True,True,5269,anchor_leave_one_out,True,48727,48737,5230.4023523646165,69,38.59764763538351,0.5593861976142538,False,False
listed,48737,787969820,28,True,True,5270,anchor_leave_one_out,True,48730,48742,5365.178551500949,184,95.17855150094874,0.5172747364181997,False,False
listed,49327,2778266140,28,True,True,5964,anchor_leave_one_out,True,49315,49352,5851.8735408560315,207,112.12645914396853,0.5416737156713456,False,False
listed,49443,18916631,23,True,True,8,calibration,True,49431,49476,269.26610778443114,438,261.26610778443114,0.5964979629781533,False,False
