height,script,extra_nonce,first_push_matches_bits,number_minimal,only_two_direct_pushes
3,04ffff001d010e,14,True,True,True
4,04ffff001d011a,26,True,True,True
5,04ffff001d0120,32,True,True,True
6,04ffff001d0123,35,True,True,True
7,04ffff001d012b,43,True,True,True
8,04ffff001d012c,44,True,True,True
9,04ffff001d0134,52,True,True,True
10,04ffff001d0136,54,True,True,True
11,04ffff001d013b,59,True,True,True
13,04ffff001d013c,60,True,True,True
14,04ffff001d013e,62,True,True,True
15,04ffff001d010a,10,True,True,True
16,04ffff001d010b,11,True,True,True
17,04ffff001d010d,13,True,True,True
18,04ffff001d0112,18,True,True,True
19,04ffff001d0116,22,True,True,True
20,04ffff001d0120,32,True,True,True
21,04ffff001d0125,37,True,True,True
22,04ffff001d0130,48,True,True,True
23,04ffff001d0131,49,True,True,True
24,04ffff001d013f,63,True,True,True
25,04ffff001d0141,65,True,True,True
26,04ffff001d0105,5,True,True,True
27,04ffff001d0110,16,True,True,True
30,04ffff001d0121,33,True,True,True
31,04ffff001d0129,41,True,True,True
32,04ffff001d0136,54,True,True,True
33,04ffff001d0138,56,True,True,True
34,04ffff001d0147,71,True,True,True
35,04ffff001d014d,77,True,True,True
36,04ffff001d0150,80,True,True,True
37,04ffff001d0157,87,True,True,True
38,04ffff001d0107,7,True,True,True
39,04ffff001d0109,9,True,True,True
40,04ffff001d010e,14,True,True,True
41,04ffff001d0112,18,True,True,True
42,04ffff001d0115,21,True,True,True
43,04ffff001d0116,22,True,True,True
44,04ffff001d011e,30,True,True,True
45,04ffff001d0121,33,True,True,True
46,04ffff001d0124,36,True,True,True
47,04ffff001d0130,48,True,True,True
48,04ffff001d0137,55,True,True,True
49,04ffff001d013a,58,True,True,True
50,04ffff001d013f,63,True,True,True
51,04ffff001d0144,68,True,True,True
52,04ffff001d0156,86,True,True,True
53,04ffff001d0161,97,True,True,True
54,04ffff001d0162,98,True,True,True
55,04ffff001d0173,115,True,True,True
56,04ffff001d0174,116,True,True,True
57,04ffff001d017a,122,True,True,True
58,04ffff001d028200,130,True,True,True
59,04ffff001d028300,131,True,True,True
60,04ffff001d028c00,140,True,True,True
61,04ffff001d029200,146,True,True,True
62,04ffff001d029400,148,True,True,True
63,04ffff001d029f00,159,True,True,True
65,04ffff001d02a100,161,True,True,True
66,04ffff001d02a700,167,True,True,True
67,04ffff001d02ad00,173,True,True,True
68,04ffff001d02b400,180,True,True,True
69,04ffff001d02b500,181,True,True,True
70,04ffff001d02bc00,188,True,True,True
71,04ffff001d02c600,198,True,True,True
72,04ffff001d02c700,199,True,True,True
73,04ffff001d0101,1,True,True,True
74,04ffff001d0103,3,True,True,True
75,04ffff001d0104,4,True,True,True
76,04ffff001d010b,11,True,True,True
77,04ffff001d010e,14,True,True,True
79,04ffff001d0103,3,True,True,True
80,04ffff001d0104,4,True,True,True
81,04ffff001d0105,5,True,True,True
82,04ffff001d010b,11,True,True,True
83,04ffff001d0110,16,True,True,True
84,04ffff001d0115,21,True,True,True
85,04ffff001d0119,25,True,True,True
86,04ffff001d011a,26,True,True,True
87,04ffff001d0120,32,True,True,True
88,04ffff001d0121,33,True,True,True
89,04ffff001d0122,34,True,True,True
90,04ffff001d0123,35,True,True,True
91,04ffff001d012a,42,True,True,True
92,04ffff001d012f,47,True,True,True
93,04ffff001d0130,48,True,True,True
94,04ffff001d0132,50,True,True,True
95,04ffff001d0137,55,True,True,True
96,04ffff001d013a,58,True,True,True
97,04ffff001d013e,62,True,True,True
98,04ffff001d0143,67,True,True,True
99,04ffff001d0145,69,True,True,True
100,04ffff001d014d,77,True,True,True
101,04ffff001d014e,78,True,True,True
102,04ffff001d0154,84,True,True,True
103,04ffff001d0155,85,True,True,True
104,04ffff001d016f,111,True,True,True
105,04ffff001d0179,121,True,True,True
106,04ffff001d017a,122,True,True,True
107,04ffff001d028700,135,True,True,True
108,04ffff001d028a00,138,True,True,True
109,04ffff001d028f00,143,True,True,True
110,04ffff001d02a400,164,True,True,True
111,04ffff001d02a700,167,True,True,True
112,04ffff001d02aa00,170,True,True,True
113,04ffff001d02ab00,171,True,True,True
114,04ffff001d02ae00,174,True,True,True
115,04ffff001d02af00,175,True,True,True
116,04ffff001d02b100,177,True,True,True
117,04ffff001d02b800,184,True,True,True
118,04ffff001d02bf00,191,True,True,True
119,04ffff001d02c400,196,True,True,True
120,04ffff001d02cc00,204,True,True,True
121,04ffff001d02d100,209,True,True,True
122,04ffff001d02da00,218,True,True,True
123,04ffff001d02df00,223,True,True,True
124,04ffff001d02e900,233,True,True,True
125,04ffff001d02ed00,237,True,True,True
126,04ffff001d02f400,244,True,True,True
128,04ffff001d0109,9,True,True,True
129,04ffff001d010c,12,True,True,True
130,04ffff001d0115,21,True,True,True
132,04ffff001d0120,32,True,True,True
133,04ffff001d0121,33,True,True,True
134,04ffff001d0123,35,True,True,True
135,04ffff001d0124,36,True,True,True
136,04ffff001d0127,39,True,True,True
137,04ffff001d0129,41,True,True,True
138,04ffff001d012c,44,True,True,True
139,04ffff001d012d,45,True,True,True
140,04ffff001d014d,77,True,True,True
141,04ffff001d014e,78,True,True,True
142,04ffff001d0153,83,True,True,True
143,04ffff001d015c,92,True,True,True
144,04ffff001d0172,114,True,True,True
145,04ffff001d028700,135,True,True,True
146,04ffff001d028800,136,True,True,True
147,04ffff001d028a00,138,True,True,True
148,04ffff001d028c00,140,True,True,True
149,04ffff001d029100,145,True,True,True
150,04ffff001d02a600,166,True,True,True
151,04ffff001d02ae00,174,True,True,True
152,04ffff001d02b700,183,True,True,True
153,04ffff001d02b900,185,True,True,True
154,04ffff001d02bd00,189,True,True,True
155,04ffff001d02c400,196,True,True,True
156,04ffff001d02cb00,203,True,True,True
157,04ffff001d02d200,210,True,True,True
158,04ffff001d02d400,212,True,True,True
159,04ffff001d02d500,213,True,True,True
160,04ffff001d02d600,214,True,True,True
161,04ffff001d02d900,217,True,True,True
162,04ffff001d02db00,219,True,True,True
166,04ffff001d0101,1,True,True,True
167,04ffff001d0104,4,True,True,True
171,04ffff001d010e,14,True,True,True
173,04ffff001d0115,21,True,True,True
177,04ffff001d0116,22,True,True,True
179,04ffff001d0116,22,True,True,True
180,04ffff001d011f,31,True,True,True
181,04ffff001d0128,40,True,True,True
182,04ffff001d0129,41,True,True,True
183,04ffff001d012a,42,True,True,True
184,04ffff001d0102,2,True,True,True
185,04ffff001d0111,17,True,True,True
187,04ffff001d011a,26,True,True,True
191,04ffff001d0121,33,True,True,True
198,04ffff001d0124,36,True,True,True
199,04ffff001d0130,48,True,True,True
200,04ffff001d0138,56,True,True,True
201,04ffff001d013b,59,True,True,True
202,04ffff001d013c,60,True,True,True
203,04ffff001d0144,68,True,True,True
205,04ffff001d0146,70,True,True,True
207,04ffff001d0154,84,True,True,True
208,04ffff001d0158,88,True,True,True
209,04ffff001d015a,90,True,True,True
211,04ffff001d015b,91,True,True,True
212,04ffff001d015c,92,True,True,True
213,04ffff001d0167,103,True,True,True
214,04ffff001d016d,109,True,True,True
215,04ffff001d0176,118,True,True,True
216,04ffff001d028300,131,True,True,True
217,04ffff001d028500,133,True,True,True
218,04ffff001d029400,148,True,True,True
219,04ffff001d029600,150,True,True,True
220,04ffff001d029a00,154,True,True,True
221,04ffff001d029e00,158,True,True,True
222,04ffff001d02a100,161,True,True,True
223,04ffff001d02a300,163,True,True,True
224,04ffff001d02ac00,172,True,True,True
225,04ffff001d02b100,177,True,True,True
226,04ffff001d02bd00,189,True,True,True
227,04ffff001d02c500,197,True,True,True
228,04ffff001d02c700,199,True,True,True
229,04ffff001d02c900,201,True,True,True
230,04ffff001d02ca00,202,True,True,True
231,04ffff001d02d400,212,True,True,True
232,04ffff001d02d600,214,True,True,True
233,04ffff001d02d800,216,True,True,True
234,04ffff001d02dc00,220,True,True,True
237,04ffff001d02dd00,221,True,True,True
238,04ffff001d02e200,226,True,True,True
239,04ffff001d02e300,227,True,True,True
241,04ffff001d02e400,228,True,True,True
242,04ffff001d02f500,245,True,True,True
243,04ffff001d02fc00,252,True,True,True
244,04ffff001d02fd00,253,True,True,True
245,04ffff001d02fe00,254,True,True,True
246,04ffff001d020001,256,True,True,True
247,04ffff001d020501,261,True,True,True
248,04ffff001d020a01,266,True,True,True
249,04ffff001d021501,277,True,True,True
250,04ffff001d021701,279,True,True,True
251,04ffff001d021901,281,True,True,True
252,04ffff001d021e01,286,True,True,True
253,04ffff001d022201,290,True,True,True
254,04ffff001d022901,297,True,True,True
255,04ffff001d023001,304,True,True,True
256,04ffff001d023201,306,True,True,True
257,04ffff001d023601,310,True,True,True
258,04ffff001d023d01,317,True,True,True
259,04ffff001d024e01,334,True,True,True
260,04ffff001d025601,342,True,True,True
261,04ffff001d025801,344,True,True,True
262,04ffff001d025d01,349,True,True,True
263,04ffff001d026201,354,True,True,True
264,04ffff001d026901,361,True,True,True
269,04ffff001d027101,369,True,True,True
270,04ffff001d027801,376,True,True,True
271,04ffff001d027a01,378,True,True,True
272,04ffff001d027d01,381,True,True,True
273,04ffff001d028801,392,True,True,True
274,04ffff001d028901,393,True,True,True
275,04ffff001d028d01,397,True,True,True
276,04ffff001d0102,2,True,True,True
277,04ffff001d0107,7,True,True,True
279,04ffff001d0108,8,True,True,True
280,04ffff001d0109,9,True,True,True
281,04ffff001d010d,13,True,True,True
282,04ffff001d0111,17,True,True,True
283,04ffff001d0117,23,True,True,True
284,04ffff001d011c,28,True,True,True
285,04ffff001d012b,43,True,True,True
286,04ffff001d0133,51,True,True,True
287,04ffff001d013b,59,True,True,True
288,04ffff001d013d,61,True,True,True
289,04ffff001d013f,63,True,True,True
290,04ffff001d0143,67,True,True,True
291,04ffff001d0149,73,True,True,True
292,04ffff001d014f,79,True,True,True
293,04ffff001d0152,82,True,True,True
294,04ffff001d015a,90,True,True,True
295,04ffff001d015d,93,True,True,True
297,04ffff001d015e,94,True,True,True
298,04ffff001d0160,96,True,True,True
299,04ffff001d0164,100,True,True,True
300,04ffff001d016a,106,True,True,True
301,04ffff001d016f,111,True,True,True
302,04ffff001d0170,112,True,True,True
303,04ffff001d017a,122,True,True,True
304,04ffff001d028200,130,True,True,True
305,04ffff001d028800,136,True,True,True
306,04ffff001d029400,148,True,True,True
307,04ffff001d02a000,160,True,True,True
308,04ffff001d02a600,166,True,True,True
310,04ffff001d02a800,168,True,True,True
312,04ffff001d02b000,176,True,True,True
313,04ffff001d02b100,177,True,True,True
314,04ffff001d02ba00,186,True,True,True
315,04ffff001d02bd00,189,True,True,True
316,04ffff001d02c800,200,True,True,True
318,04ffff001d02d400,212,True,True,True
319,04ffff001d02d800,216,True,True,True
321,04ffff001d02da00,218,True,True,True
322,04ffff001d02dd00,221,True,True,True
323,04ffff001d02de00,222,True,True,True
324,04ffff001d02e300,227,True,True,True
325,04ffff001d02f300,243,True,True,True
326,04ffff001d02f600,246,True,True,True
327,04ffff001d021b01,283,True,True,True
328,04ffff001d021c01,284,True,True,True
330,04ffff001d022a01,298,True,True,True
331,04ffff001d022b01,299,True,True,True
332,04ffff001d023401,308,True,True,True
333,04ffff001d023801,312,True,True,True
335,04ffff001d023901,313,True,True,True
336,04ffff001d023f01,319,True,True,True
337,04ffff001d024601,326,True,True,True
338,04ffff001d024a01,330,True,True,True
339,04ffff001d024c01,332,True,True,True
340,04ffff001d024f01,335,True,True,True
341,04ffff001d025701,343,True,True,True
342,04ffff001d025a01,346,True,True,True
343,04ffff001d025b01,347,True,True,True
344,04ffff001d026201,354,True,True,True
345,04ffff001d026501,357,True,True,True
346,04ffff001d026701,359,True,True,True
347,04ffff001d026e01,366,True,True,True
348,04ffff001d027001,368,True,True,True
349,04ffff001d027401,372,True,True,True
350,04ffff001d027801,376,True,True,True
351,04ffff001d029101,401,True,True,True
352,04ffff001d029201,402,True,True,True
353,04ffff001d029301,403,True,True,True
354,04ffff001d029501,405,True,True,True
355,04ffff001d02a201,418,True,True,True
356,04ffff001d02a801,424,True,True,True
358,04ffff001d02ae01,430,True,True,True
359,04ffff001d02b101,433,True,True,True
362,04ffff001d02b501,437,True,True,True
363,04ffff001d02bd01,445,True,True,True
364,04ffff001d02c501,453,True,True,True
365,04ffff001d02cb01,459,True,True,True
366,04ffff001d02cd01,461,True,True,True
367,04ffff001d02ce01,462,True,True,True
368,04ffff001d02d101,465,True,True,True
369,04ffff001d02d701,471,True,True,True
370,04ffff001d02e001,480,True,True,True
371,04ffff001d02e101,481,True,True,True
373,04ffff001d02e201,482,True,True,True
374,04ffff001d02f201,498,True,True,True
375,04ffff001d02f701,503,True,True,True
376,04ffff001d02fd01,509,True,True,True
377,04ffff001d020102,513,True,True,True
378,04ffff001d020a02,522,True,True,True
379,04ffff001d020c02,524,True,True,True
380,04ffff001d020e02,526,True,True,True
381,04ffff001d021502,533,True,True,True
382,04ffff001d021702,535,True,True,True
383,04ffff001d022102,545,True,True,True
384,04ffff001d022302,547,True,True,True
385,04ffff001d023002,560,True,True,True
386,04ffff001d023902,569,True,True,True
387,04ffff001d023b02,571,True,True,True
388,04ffff001d023c02,572,True,True,True
389,04ffff001d023e02,574,True,True,True
390,04ffff001d024f02,591,True,True,True
391,04ffff001d025702,599,True,True,True
392,04ffff001d025902,601,True,True,True
393,04ffff001d026102,609,True,True,True
395,04ffff001d026202,610,True,True,True
396,04ffff001d026702,615,True,True,True
397,04ffff001d026902,617,True,True,True
398,04ffff001d026f02,623,True,True,True
399,04ffff001d027302,627,True,True,True
400,04ffff001d027502,629,True,True,True
401,04ffff001d027c02,636,True,True,True
402,04ffff001d027e02,638,True,True,True
403,04ffff001d028102,641,True,True,True
404,04ffff001d028302,643,True,True,True
405,04ffff001d02a002,672,True,True,True
406,04ffff001d02b202,690,True,True,True
408,04ffff001d02bb02,699,True,True,True
409,04ffff001d02be02,702,True,True,True
410,04ffff001d02c502,709,True,True,True
411,04ffff001d02c602,710,True,True,True
412,04ffff001d02cc02,716,True,True,True
414,04ffff001d02e202,738,True,True,True
415,04ffff001d02e302,739,True,True,True
416,04ffff001d02e402,740,True,True,True
418,04ffff001d02ec02,748,True,True,True
420,04ffff001d02ed02,749,True,True,True
422,04ffff001d02ee02,750,True,True,True
423,04ffff001d02f802,760,True,True,True
424,04ffff001d02fb02,763,True,True,True
425,04ffff001d02ff02,767,True,True,True
426,04ffff001d020503,773,True,True,True
427,04ffff001d021903,793,True,True,True
428,04ffff001d022703,807,True,True,True
429,04ffff001d023403,820,True,True,True
430,04ffff001d023603,822,True,True,True
432,04ffff001d023f03,831,True,True,True
434,04ffff001d024f03,847,True,True,True
435,04ffff001d025903,857,True,True,True
436,04ffff001d025b03,859,True,True,True
437,04ffff001d026203,866,True,True,True
438,04ffff001d026c03,876,True,True,True
440,04ffff001d026e03,878,True,True,True
441,04ffff001d027603,886,True,True,True
443,04ffff001d027a03,890,True,True,True
444,04ffff001d028203,898,True,True,True
445,04ffff001d028703,903,True,True,True
446,04ffff001d028903,905,True,True,True
447,04ffff001d028b03,907,True,True,True
448,04ffff001d028c03,908,True,True,True
449,04ffff001d029803,920,True,True,True
451,04ffff001d02af03,943,True,True,True
452,04ffff001d02b403,948,True,True,True
453,04ffff001d02b803,952,True,True,True
454,04ffff001d02b903,953,True,True,True
455,04ffff001d02bb03,955,True,True,True
456,04ffff001d02c703,967,True,True,True
457,04ffff001d02cf03,975,True,True,True
458,04ffff001d02d103,977,True,True,True
459,04ffff001d02d303,979,True,True,True
460,04ffff001d02d403,980,True,True,True
462,04ffff001d02d603,982,True,True,True
464,04ffff001d02d803,984,True,True,True
466,04ffff001d02de03,990,True,True,True
467,04ffff001d02df03,991,True,True,True
468,04ffff001d02e903,1001,True,True,True
469,04ffff001d02f503,1013,True,True,True
470,04ffff001d02f903,1017,True,True,True
471,04ffff001d02fb03,1019,True,True,True
472,04ffff001d02ff03,1023,True,True,True
474,04ffff001d020204,1026,True,True,True
475,04ffff001d020b04,1035,True,True,True
476,04ffff001d020f04,1039,True,True,True
477,04ffff001d021204,1042,True,True,True
478,04ffff001d021304,1043,True,True,True
479,04ffff001d021e04,1054,True,True,True
480,04ffff001d022404,1060,True,True,True
481,04ffff001d023104,1073,True,True,True
482,04ffff001d023204,1074,True,True,True
483,04ffff001d023304,1075,True,True,True
484,04ffff001d023504,1077,True,True,True
486,04ffff001d023804,1080,True,True,True
487,04ffff001d024d04,1101,True,True,True
488,04ffff001d024e04,1102,True,True,True
489,04ffff001d025a04,1114,True,True,True
491,04ffff001d025d04,1117,True,True,True
492,04ffff001d025f04,1119,True,True,True
494,04ffff001d026004,1120,True,True,True
495,04ffff001d026204,1122,True,True,True
496,04ffff001d026e04,1134,True,True,True
497,04ffff001d027104,1137,True,True,True
498,04ffff001d027204,1138,True,True,True
499,04ffff001d027604,1142,True,True,True
500,04ffff001d027904,1145,True,True,True
502,04ffff001d027a04,1146,True,True,True
503,04ffff001d028204,1154,True,True,True
504,04ffff001d028804,1160,True,True,True
505,04ffff001d028f04,1167,True,True,True
507,04ffff001d029804,1176,True,True,True
508,04ffff001d029b04,1179,True,True,True
510,04ffff001d029e04,1182,True,True,True
511,04ffff001d02a304,1187,True,True,True
513,04ffff001d02ac04,1196,True,True,True
514,04ffff001d02af04,1199,True,True,True
515,04ffff001d02b104,1201,True,True,True
516,04ffff001d02ba04,1210,True,True,True
517,04ffff001d02bb04,1211,True,True,True
518,04ffff001d02c504,1221,True,True,True
519,04ffff001d02cd04,1229,True,True,True
520,04ffff001d02da04,1242,True,True,True
522,04ffff001d02f704,1271,True,True,True
523,04ffff001d02fa04,1274,True,True,True
524,04ffff001d02fb04,1275,True,True,True
525,04ffff001d02fc04,1276,True,True,True
526,04ffff001d02fd04,1277,True,True,True
527,04ffff001d020405,1284,True,True,True
529,04ffff001d020e05,1294,True,True,True
530,04ffff001d022205,1314,True,True,True
531,04ffff001d022305,1315,True,True,True
532,04ffff001d022705,1319,True,True,True
533,04ffff001d022c05,1324,True,True,True
534,04ffff001d025105,1361,True,True,True
535,04ffff001d025605,1366,True,True,True
536,04ffff001d025705,1367,True,True,True
537,04ffff001d025905,1369,True,True,True
538,04ffff001d025e05,1374,True,True,True
539,04ffff001d026705,1383,True,True,True
540,04ffff001d026805,1384,True,True,True
542,04ffff001d026905,1385,True,True,True
543,04ffff001d026c05,1388,True,True,True
544,04ffff001d027705,1399,True,True,True
545,04ffff001d027c05,1404,True,True,True
546,04ffff001d029105,1425,True,True,True
547,04ffff001d029205,1426,True,True,True
548,04ffff001d029905,1433,True,True,True
549,04ffff001d029b05,1435,True,True,True
550,04ffff001d029f05,1439,True,True,True
551,04ffff001d02a405,1444,True,True,True
552,04ffff001d02ab05,1451,True,True,True
553,04ffff001d02c105,1473,True,True,True
554,04ffff001d02c205,1474,True,True,True
555,04ffff001d02c605,1478,True,True,True
556,04ffff001d02d005,1488,True,True,True
557,04ffff001d02d605,1494,True,True,True
558,04ffff001d02dd05,1501,True,True,True
559,04ffff001d02e705,1511,True,True,True
560,04ffff001d02e805,1512,True,True,True
561,04ffff001d02ea05,1514,True,True,True
564,04ffff001d02eb05,1515,True,True,True
565,04ffff001d02ec05,1516,True,True,True
566,04ffff001d02fb05,1531,True,True,True
568,04ffff001d020206,1538,True,True,True
569,04ffff001d020306,1539,True,True,True
570,04ffff001d020606,1542,True,True,True
571,04ffff001d020706,1543,True,True,True
572,04ffff001d021006,1552,True,True,True
573,04ffff001d021106,1553,True,True,True
574,04ffff001d021206,1554,True,True,True
576,04ffff001d021b06,1563,True,True,True
577,04ffff001d023206,1586,True,True,True
578,04ffff001d023606,1590,True,True,True
579,04ffff001d023a06,1594,True,True,True
580,04ffff001d023f06,1599,True,True,True
581,04ffff001d024106,1601,True,True,True
582,04ffff001d024206,1602,True,True,True
583,04ffff001d024606,1606,True,True,True
584,04ffff001d024c06,1612,True,True,True
585,04ffff001d025206,1618,True,True,True
586,04ffff001d025d06,1629,True,True,True
587,04ffff001d027b06,1659,True,True,True
588,04ffff001d028106,1665,True,True,True
589,04ffff001d028206,1666,True,True,True
590,04ffff001d028806,1672,True,True,True
592,04ffff001d028b06,1675,True,True,True
593,04ffff001d028c06,1676,True,True,True
594,04ffff001d029b06,1691,True,True,True
595,04ffff001d029f06,1695,True,True,True
597,04ffff001d02a306,1699,True,True,True
599,04ffff001d02ad06,1709,True,True,True
600,04ffff001d02af06,1711,True,True,True
601,04ffff001d02b106,1713,True,True,True
602,04ffff001d02b906,1721,True,True,True
603,04ffff001d02c606,1734,True,True,True
605,04ffff001d02cb06,1739,True,True,True
606,04ffff001d02d306,1747,True,True,True
608,04ffff001d02d506,1749,True,True,True
609,04ffff001d02d606,1750,True,True,True
610,04ffff001d02dd06,1757,True,True,True
611,04ffff001d02de06,1758,True,True,True
612,04ffff001d02e106,1761,True,True,True
615,04ffff001d02e406,1764,True,True,True
616,04ffff001d02e706,1767,True,True,True
617,04ffff001d02ea06,1770,True,True,True
618,04ffff001d02f506,1781,True,True,True
619,04ffff001d02f606,1782,True,True,True
620,04ffff001d02fe06,1790,True,True,True
621,04ffff001d02ff06,1791,True,True,True
622,04ffff001d020007,1792,True,True,True
623,04ffff001d020707,1799,True,True,True
625,04ffff001d020807,1800,True,True,True
626,04ffff001d020d07,1805,True,True,True
627,04ffff001d021607,1814,True,True,True
628,04ffff001d021707,1815,True,True,True
629,04ffff001d021a07,1818,True,True,True
630,04ffff001d021c07,1820,True,True,True
631,04ffff001d021d07,1821,True,True,True
632,04ffff001d022507,1829,True,True,True
633,04ffff001d022907,1833,True,True,True
635,04ffff001d022a07,1834,True,True,True
636,04ffff001d022f07,1839,True,True,True
637,04ffff001d023907,1849,True,True,True
638,04ffff001d023f07,1855,True,True,True
639,04ffff001d024307,1859,True,True,True
640,04ffff001d024407,1860,True,True,True
641,04ffff001d024607,1862,True,True,True
642,04ffff001d024a07,1866,True,True,True
643,04ffff001d024b07,1867,True,True,True
645,04ffff001d025207,1874,True,True,True
646,04ffff001d025a07,1882,True,True,True
647,04ffff001d025f07,1887,True,True,True
648,04ffff001d026e07,1902,True,True,True
649,04ffff001d027107,1905,True,True,True
650,04ffff001d028007,1920,True,True,True
652,04ffff001d028907,1929,True,True,True
653,04ffff001d028e07,1934,True,True,True
654,04ffff001d029a07,1946,True,True,True
655,04ffff001d029b07,1947,True,True,True
656,04ffff001d02a607,1958,True,True,True
657,04ffff001d02b707,1975,True,True,True
659,04ffff001d02b907,1977,True,True,True
660,04ffff001d0107,7,True,True,True
661,04ffff001d010d,13,True,True,True
662,04ffff001d0114,20,True,True,True
663,04ffff001d0115,21,True,True,True
664,04ffff001d0119,25,True,True,True
667,04ffff001d0123,35,True,True,True
668,04ffff001d0124,36,True,True,True
669,04ffff001d0129,41,True,True,True
670,04ffff001d013d,61,True,True,True
671,04ffff001d0145,69,True,True,True
672,04ffff001d0148,72,True,True,True
674,04ffff001d014b,75,True,True,True
675,04ffff001d0157,87,True,True,True
676,04ffff001d015a,90,True,True,True
677,04ffff001d0161,97,True,True,True
678,04ffff001d0162,98,True,True,True
679,04ffff001d0167,103,True,True,True
680,04ffff001d0168,104,True,True,True
681,04ffff001d016b,107,True,True,True
682,04ffff001d0174,116,True,True,True
683,04ffff001d0176,118,True,True,True
684,04ffff001d028000,128,True,True,True
686,04ffff001d029100,145,True,True,True
688,04ffff001d029800,152,True,True,True
689,04ffff001d02aa00,170,True,True,True
690,04ffff001d02ab00,171,True,True,True
691,04ffff001d02ad00,173,True,True,True
692,04ffff001d02b500,181,True,True,True
693,04ffff001d02c000,192,True,True,True
694,04ffff001d02c500,197,True,True,True
695,04ffff001d02e900,233,True,True,True
696,04ffff001d02f800,248,True,True,True
697,04ffff001d02fe00,254,True,True,True
698,04ffff001d020101,257,True,True,True
700,04ffff001d020901,265,True,True,True
701,04ffff001d021701,279,True,True,True
703,04ffff001d021901,281,True,True,True
704,04ffff001d021d01,285,True,True,True
705,04ffff001d022101,289,True,True,True
706,04ffff001d022301,291,True,True,True
708,04ffff001d022401,292,True,True,True
709,04ffff001d023801,312,True,True,True
710,04ffff001d023a01,314,True,True,True
711,04ffff001d023d01,317,True,True,True
712,04ffff001d0105,5,True,True,True
714,04ffff001d0109,9,True,True,True
715,04ffff001d010b,11,True,True,True
716,04ffff001d010c,12,True,True,True
717,04ffff001d010f,15,True,True,True
718,04ffff001d0110,16,True,True,True
719,04ffff001d0112,18,True,True,True
721,04ffff001d0121,33,True,True,True
722,04ffff001d012e,46,True,True,True
723,04ffff001d012f,47,True,True,True
724,04ffff001d0131,49,True,True,True
725,04ffff001d0133,51,True,True,True
727,04ffff001d0135,53,True,True,True
729,04ffff001d0139,57,True,True,True
731,04ffff001d0141,65,True,True,True
732,04ffff001d0143,67,True,True,True
733,04ffff001d0148,72,True,True,True
734,04ffff001d0149,73,True,True,True
735,04ffff001d014f,79,True,True,True
736,04ffff001d0153,83,True,True,True
737,04ffff001d0156,86,True,True,True
738,04ffff001d015a,90,True,True,True
741,04ffff001d0179,121,True,True,True
742,04ffff001d017e,126,True,True,True
743,04ffff001d028b00,139,True,True,True
744,04ffff001d028c00,140,True,True,True
745,04ffff001d029400,148,True,True,True
746,04ffff001d029600,150,True,True,True
747,04ffff001d029e00,158,True,True,True
749,04ffff001d029f00,159,True,True,True
750,04ffff001d02a000,160,True,True,True
751,04ffff001d02a200,162,True,True,True
753,04ffff001d02a500,165,True,True,True
754,04ffff001d02aa00,170,True,True,True
755,04ffff001d02b300,179,True,True,True
756,04ffff001d02b600,182,True,True,True
758,04ffff001d02b900,185,True,True,True
759,04ffff001d02c300,195,True,True,True
761,04ffff001d02c400,196,True,True,True
762,04ffff001d02c600,198,True,True,True
763,04ffff001d02c700,199,True,True,True
764,04ffff001d02c900,201,True,True,True
765,04ffff001d02d500,213,True,True,True
766,04ffff001d02dc00,220,True,True,True
768,04ffff001d02e100,225,True,True,True
769,04ffff001d02f000,240,True,True,True
770,04ffff001d02f100,241,True,True,True
771,04ffff001d02f400,244,True,True,True
774,04ffff001d02fb00,251,True,True,True
775,04ffff001d02ff00,255,True,True,True
776,04ffff001d020101,257,True,True,True
778,04ffff001d021601,278,True,True,True
779,04ffff001d021f01,287,True,True,True
780,04ffff001d022001,288,True,True,True
781,04ffff001d022101,289,True,True,True
783,04ffff001d022501,293,True,True,True
784,04ffff001d023d01,317,True,True,True
785,04ffff001d024101,321,True,True,True
789,04ffff001d024301,323,True,True,True
790,04ffff001d024401,324,True,True,True
791,04ffff001d024901,329,True,True,True
792,04ffff001d025501,341,True,True,True
793,04ffff001d025701,343,True,True,True
794,04ffff001d025b01,347,True,True,True
795,04ffff001d026801,360,True,True,True
796,04ffff001d026f01,367,True,True,True
797,04ffff001d027401,372,True,True,True
798,04ffff001d027e01,382,True,True,True
799,04ffff001d027f01,383,True,True,True
800,04ffff001d028301,387,True,True,True
801,04ffff001d028a01,394,True,True,True
802,04ffff001d028b01,395,True,True,True
804,04ffff001d028d01,397,True,True,True
805,04ffff001d029301,403,True,True,True
806,04ffff001d029c01,412,True,True,True
807,04ffff001d029f01,415,True,True,True
808,04ffff001d02a701,423,True,True,True
810,04ffff001d02b301,435,True,True,True
812,04ffff001d02c001,448,True,True,True
815,04ffff001d02c801,456,True,True,True
816,04ffff001d02ca01,458,True,True,True
817,04ffff001d02cb01,459,True,True,True
818,04ffff001d02d101,465,True,True,True
820,04ffff001d02da01,474,True,True,True
822,04ffff001d02db01,475,True,True,True
823,04ffff001d02e101,481,True,True,True
825,04ffff001d02e401,484,True,True,True
826,04ffff001d02e601,486,True,True,True
827,04ffff001d02e701,487,True,True,True
829,04ffff001d02eb01,491,True,True,True
831,04ffff001d02ee01,494,True,True,True
832,04ffff001d02fb01,507,True,True,True
833,04ffff001d020002,512,True,True,True
834,04ffff001d022002,544,True,True,True
835,04ffff001d022502,549,True,True,True
836,04ffff001d022602,550,True,True,True
837,04ffff001d022802,552,True,True,True
838,04ffff001d022a02,554,True,True,True
839,04ffff001d022d02,557,True,True,True
840,04ffff001d023b02,571,True,True,True
841,04ffff001d023d02,573,True,True,True
843,04ffff001d024602,582,True,True,True
845,04ffff001d024c02,588,True,True,True
846,04ffff001d025402,596,True,True,True
847,04ffff001d025a02,602,True,True,True
848,04ffff001d026502,613,True,True,True
849,04ffff001d027102,625,True,True,True
851,04ffff001d027902,633,True,True,True
852,04ffff001d027b02,635,True,True,True
853,04ffff001d028202,642,True,True,True
854,04ffff001d029002,656,True,True,True
855,04ffff001d029102,657,True,True,True
856,04ffff001d029602,662,True,True,True
857,04ffff001d029702,663,True,True,True
859,04ffff001d02a002,672,True,True,True
860,04ffff001d02a502,677,True,True,True
861,04ffff001d02ac02,684,True,True,True
862,04ffff001d02af02,687,True,True,True
863,04ffff001d02b802,696,True,True,True
864,04ffff001d02ca02,714,True,True,True
865,04ffff001d02cf02,719,True,True,True
867,04ffff001d02d202,722,True,True,True
868,04ffff001d02d702,727,True,True,True
870,04ffff001d02ea02,746,True,True,True
871,04ffff001d02f502,757,True,True,True
872,04ffff001d020303,771,True,True,True
873,04ffff001d020f03,783,True,True,True
874,04ffff001d021103,785,True,True,True
875,04ffff001d021503,789,True,True,True
876,04ffff001d021703,791,True,True,True
877,04ffff001d021e03,798,True,True,True
878,04ffff001d022403,804,True,True,True
879,04ffff001d023103,817,True,True,True
880,04ffff001d024403,836,True,True,True
881,04ffff001d025003,848,True,True,True
882,04ffff001d025103,849,True,True,True
883,04ffff001d025803,856,True,True,True
884,04ffff001d025a03,858,True,True,True
886,04ffff001d025d03,861,True,True,True
888,04ffff001d025e03,862,True,True,True
889,04ffff001d026203,866,True,True,True
890,04ffff001d027703,887,True,True,True
891,04ffff001d027a03,890,True,True,True
892,04ffff001d027d03,893,True,True,True
893,04ffff001d028503,901,True,True,True
894,04ffff001d029603,918,True,True,True
895,04ffff001d029a03,922,True,True,True
896,04ffff001d02a003,928,True,True,True
897,04ffff001d02a203,930,True,True,True
898,04ffff001d02a403,932,True,True,True
900,04ffff001d02aa03,938,True,True,True
901,04ffff001d02ab03,939,True,True,True
902,04ffff001d02ad03,941,True,True,True
903,04ffff001d02b903,953,True,True,True
904,04ffff001d02bf03,959,True,True,True
906,04ffff001d02cc03,972,True,True,True
908,04ffff001d02cd03,973,True,True,True
909,04ffff001d02ce03,974,True,True,True
910,04ffff001d02d203,978,True,True,True
911,04ffff001d02d303,979,True,True,True
912,04ffff001d02d603,982,True,True,True
914,04ffff001d02d903,985,True,True,True
916,04ffff001d02da03,986,True,True,True
917,04ffff001d02e003,992,True,True,True
918,04ffff001d02e303,995,True,True,True
919,04ffff001d02eb03,1003,True,True,True
920,04ffff001d02ec03,1004,True,True,True
921,04ffff001d02ef03,1007,True,True,True
922,04ffff001d02f403,1012,True,True,True
924,04ffff001d02fc03,1020,True,True,True
925,04ffff001d020004,1024,True,True,True
926,04ffff001d020404,1028,True,True,True
928,04ffff001d020804,1032,True,True,True
929,04ffff001d021004,1040,True,True,True
930,04ffff001d021404,1044,True,True,True
931,04ffff001d021904,1049,True,True,True
932,04ffff001d021f04,1055,True,True,True
933,04ffff001d022404,1060,True,True,True
934,04ffff001d022704,1063,True,True,True
936,04ffff001d022904,1065,True,True,True
937,04ffff001d022e04,1070,True,True,True
938,04ffff001d023104,1073,True,True,True
939,04ffff001d023c04,1084,True,True,True
942,04ffff001d023f04,1087,True,True,True
943,04ffff001d024104,1089,True,True,True
944,04ffff001d024504,1093,True,True,True
946,04ffff001d024904,1097,True,True,True
947,04ffff001d024a04,1098,True,True,True
948,04ffff001d025204,1106,True,True,True
950,04ffff001d025404,1108,True,True,True
951,04ffff001d025904,1113,True,True,True
952,04ffff001d025e04,1118,True,True,True
953,04ffff001d026604,1126,True,True,True
954,04ffff001d026a04,1130,True,True,True
957,04ffff001d027104,1137,True,True,True
960,04ffff001d027c04,1148,True,True,True
961,04ffff001d027d04,1149,True,True,True
962,04ffff001d028504,1157,True,True,True
963,04ffff001d028604,1158,True,True,True
965,04ffff001d028804,1160,True,True,True
967,04ffff001d029804,1176,True,True,True
968,04ffff001d02a004,1184,True,True,True
969,04ffff001d02aa04,1194,True,True,True
970,04ffff001d02ad04,1197,True,True,True
971,04ffff001d02ae04,1198,True,True,True
972,04ffff001d02af04,1199,True,True,True
973,04ffff001d02b504,1205,True,True,True
974,04ffff001d02c604,1222,True,True,True
975,04ffff001d02c904,1225,True,True,True
976,04ffff001d02ca04,1226,True,True,True
977,04ffff001d02cd04,1229,True,True,True
978,04ffff001d02ce04,1230,True,True,True
980,04ffff001d02d504,1237,True,True,True
981,04ffff001d02d904,1241,True,True,True
982,04ffff001d02de04,1246,True,True,True
983,04ffff001d02df04,1247,True,True,True
985,04ffff001d02e304,1251,True,True,True
987,04ffff001d02e504,1253,True,True,True
989,04ffff001d02e904,1257,True,True,True
990,04ffff001d02eb04,1259,True,True,True
991,04ffff001d02f004,1264,True,True,True
995,04ffff001d02f804,1272,True,True,True
997,04ffff001d02fa04,1274,True,True,True
1000,04ffff001d02fd04,1277,True,True,True
1001,04ffff001d02ff04,1279,True,True,True
1002,04ffff001d021905,1305,True,True,True
1004,04ffff001d021a05,1306,True,True,True
1005,04ffff001d022205,1314,True,True,True
1006,04ffff001d022d05,1325,True,True,True
1007,04ffff001d023405,1332,True,True,True
1008,04ffff001d023505,1333,True,True,True
1009,04ffff001d023e05,1342,True,True,True
1011,04ffff001d023f05,1343,True,True,True
1012,04ffff001d024005,1344,True,True,True
1013,04ffff001d024205,1346,True,True,True
1015,04ffff001d024905,1353,True,True,True
1016,04ffff001d025005,1360,True,True,True
1017,04ffff001d026305,1379,True,True,True
1019,04ffff001d028d05,1421,True,True,True
1020,04ffff001d028f05,1423,True,True,True
1021,04ffff001d029605,1430,True,True,True
1022,04ffff001d029705,1431,True,True,True
1024,04ffff001d029f05,1439,True,True,True
1026,04ffff001d02a005,1440,True,True,True
1029,04ffff001d02a105,1441,True,True,True
1030,04ffff001d02a505,1445,True,True,True
1032,04ffff001d02a605,1446,True,True,True
1033,04ffff001d02a705,1447,True,True,True
1034,04ffff001d02b105,1457,True,True,True
1035,04ffff001d02b305,1459,True,True,True
1036,04ffff001d02b705,1463,True,True,True
1037,04ffff001d02b905,1465,True,True,True
1038,04ffff001d02be05,1470,True,True,True
1039,04ffff001d02c205,1474,True,True,True
1040,04ffff001d02dc05,1500,True,True,True
1041,04ffff001d02e805,1512,True,True,True
1043,04ffff001d02ea05,1514,True,True,True
1044,04ffff001d02ef05,1519,True,True,True
1045,04ffff001d02f005,1520,True,True,True
1046,04ffff001d02f405,1524,True,True,True
1047,04ffff001d02fb05,1531,True,True,True
1048,04ffff001d02ff05,1535,True,True,True
1049,04ffff001d020006,1536,True,True,True
1050,04ffff001d020206,1538,True,True,True
1051,04ffff001d020a06,1546,True,True,True
1052,04ffff001d020c06,1548,True,True,True
1053,04ffff001d020d06,1549,True,True,True
1054,04ffff001d021006,1552,True,True,True
1055,04ffff001d021206,1554,True,True,True
1056,04ffff001d021a06,1562,True,True,True
1057,04ffff001d021c06,1564,True,True,True
1058,04ffff001d022106,1569,True,True,True
1059,04ffff001d022e06,1582,True,True,True
1062,04ffff001d023f06,1599,True,True,True
1064,04ffff001d024606,1606,True,True,True
1066,04ffff001d025006,1616,True,True,True
1067,04ffff001d025106,1617,True,True,True
1069,04ffff001d025406,1620,True,True,True
1070,04ffff001d025f06,1631,True,True,True
1071,04ffff001d026406,1636,True,True,True
1072,04ffff001d026b06,1643,True,True,True
1073,04ffff001d027606,1654,True,True,True
1074,04ffff001d027906,1657,True,True,True
1076,04ffff001d028606,1670,True,True,True
1077,04ffff001d029f06,1695,True,True,True
1078,04ffff001d02a006,1696,True,True,True
1079,04ffff001d02b106,1713,True,True,True
1080,04ffff001d02b506,1717,True,True,True
1081,04ffff001d02bf06,1727,True,True,True
1082,04ffff001d02c606,1734,True,True,True
1084,04ffff001d02c806,1736,True,True,True
1085,04ffff001d02c906,1737,True,True,True
1086,04ffff001d02ce06,1742,True,True,True
1087,04ffff001d02cf06,1743,True,True,True
1089,04ffff001d02e306,1763,True,True,True
1090,04ffff001d02e406,1764,True,True,True
1092,04ffff001d02ef06,1775,True,True,True
1095,04ffff001d020107,1793,True,True,True
1097,04ffff001d020407,1796,True,True,True
1098,04ffff001d021507,1813,True,True,True
1099,04ffff001d021907,1817,True,True,True
1100,04ffff001d022107,1825,True,True,True
1101,04ffff001d022307,1827,True,True,True
1103,04ffff001d022807,1832,True,True,True
1104,04ffff001d022907,1833,True,True,True
1106,04ffff001d023207,1842,True,True,True
1108,04ffff001d023307,1843,True,True,True
1109,04ffff001d023507,1845,True,True,True
1110,04ffff001d023807,1848,True,True,True
1111,04ffff001d023a07,1850,True,True,True
1112,04ffff001d023b07,1851,True,True,True
1115,04ffff001d024207,1858,True,True,True
1117,04ffff001d024e07,1870,True,True,True
1118,04ffff001d025107,1873,True,True,True
1120,04ffff001d025607,1878,True,True,True
1121,04ffff001d025907,1881,True,True,True
1122,04ffff001d025d07,1885,True,True,True
1124,04ffff001d025f07,1887,True,True,True
1126,04ffff001d026307,1891,True,True,True
1127,04ffff001d026507,1893,True,True,True
1128,04ffff001d026e07,1902,True,True,True
1129,04ffff001d027007,1904,True,True,True
1130,04ffff001d027407,1908,True,True,True
1131,04ffff001d027707,1911,True,True,True
1132,04ffff001d027d07,1917,True,True,True
1133,04ffff001d028707,1927,True,True,True
1134,04ffff001d028e07,1934,True,True,True
1137,04ffff001d029507,1941,True,True,True
1138,04ffff001d029907,1945,True,True,True
1140,04ffff001d029d07,1949,True,True,True
1141,04ffff001d02ab07,1963,True,True,True
1142,04ffff001d02ac07,1964,True,True,True
1145,04ffff001d02b607,1974,True,True,True
1146,04ffff001d02bf07,1983,True,True,True
1147,04ffff001d02c307,1987,True,True,True
1148,04ffff001d02c807,1992,True,True,True
1149,04ffff001d02ce07,1998,True,True,True
1151,04ffff001d02d007,2000,True,True,True
1152,04ffff001d02d207,2002,True,True,True
1154,04ffff001d02d507,2005,True,True,True
1155,04ffff001d02d807,2008,True,True,True
1156,04ffff001d02e907,2025,True,True,True
1157,04ffff001d02f007,2032,True,True,True
1158,04ffff001d02f507,2037,True,True,True
1159,04ffff001d02f907,2041,True,True,True
1161,04ffff001d02fb07,2043,True,True,True
1162,04ffff001d02fd07,2045,True,True,True
1163,04ffff001d02fe07,2046,True,True,True
1164,04ffff001d02ff07,2047,True,True,True
1165,04ffff001d020b08,2059,True,True,True
1166,04ffff001d020f08,2063,True,True,True
1167,04ffff001d021008,2064,True,True,True
1168,04ffff001d021308,2067,True,True,True
1169,04ffff001d021508,2069,True,True,True
1170,04ffff001d022308,2083,True,True,True
1171,04ffff001d022908,2089,True,True,True
1173,04ffff001d022d08,2093,True,True,True
1174,04ffff001d022f08,2095,True,True,True
1175,04ffff001d023008,2096,True,True,True
1176,04ffff001d024108,2113,True,True,True
1177,04ffff001d024808,2120,True,True,True
1180,04ffff001d024a08,2122,True,True,True
1181,04ffff001d025408,2132,True,True,True
1182,04ffff001d025808,2136,True,True,True
1183,04ffff001d025a08,2138,True,True,True
1184,04ffff001d025d08,2141,True,True,True
1185,04ffff001d026608,2150,True,True,True
1186,04ffff001d027808,2168,True,True,True
1187,04ffff001d027d08,2173,True,True,True
1188,04ffff001d028108,2177,True,True,True
1189,04ffff001d028308,2179,True,True,True
1190,04ffff001d028c08,2188,True,True,True
1191,04ffff001d028f08,2191,True,True,True
1193,04ffff001d029308,2195,True,True,True
1194,04ffff001d029708,2199,True,True,True
1196,04ffff001d029908,2201,True,True,True
1198,04ffff001d029b08,2203,True,True,True
1199,04ffff001d02a108,2209,True,True,True
1200,04ffff001d02a708,2215,True,True,True
1201,04ffff001d02b108,2225,True,True,True
1202,04ffff001d02b308,2227,True,True,True
1203,04ffff001d02b808,2232,True,True,True
1204,04ffff001d02ba08,2234,True,True,True
1205,04ffff001d02bd08,2237,True,True,True
1207,04ffff001d02be08,2238,True,True,True
1209,04ffff001d02c308,2243,True,True,True
1210,04ffff001d02c408,2244,True,True,True
1211,04ffff001d02cf08,2255,True,True,True
1212,04ffff001d02d608,2262,True,True,True
1213,04ffff001d02de08,2270,True,True,True
1215,04ffff001d02e108,2273,True,True,True
1220,04ffff001d02ef08,2287,True,True,True
1221,04ffff001d02f108,2289,True,True,True
1222,04ffff001d02f308,2291,True,True,True
1223,04ffff001d02f908,2297,True,True,True
1224,04ffff001d020009,2304,True,True,True
1225,04ffff001d020d09,2317,True,True,True
1226,04ffff001d020f09,2319,True,True,True
1228,04ffff001d021009,2320,True,True,True
1229,04ffff001d021409,2324,True,True,True
1230,04ffff001d021f09,2335,True,True,True
1231,04ffff001d022509,2341,True,True,True
1232,04ffff001d022709,2343,True,True,True
1234,04ffff001d022809,2344,True,True,True
1235,04ffff001d022909,2345,True,True,True
1236,04ffff001d022e09,2350,True,True,True
1237,04ffff001d023109,2353,True,True,True
1238,04ffff001d023409,2356,True,True,True
1239,04ffff001d023c09,2364,True,True,True
1241,04ffff001d024a09,2378,True,True,True
1243,04ffff001d024f09,2383,True,True,True
1244,04ffff001d025609,2390,True,True,True
1246,04ffff001d025c09,2396,True,True,True
1247,04ffff001d026109,2401,True,True,True
1249,04ffff001d026d09,2413,True,True,True
1250,04ffff001d026e09,2414,True,True,True
1251,04ffff001d027109,2417,True,True,True
1252,04ffff001d027509,2421,True,True,True
1253,04ffff001d027c09,2428,True,True,True
1256,04ffff001d027e09,2430,True,True,True
1257,04ffff001d028109,2433,True,True,True
1258,04ffff001d029809,2456,True,True,True
1259,04ffff001d02a409,2468,True,True,True
1261,04ffff001d02a809,2472,True,True,True
1262,04ffff001d02b009,2480,True,True,True
1264,04ffff001d02b609,2486,True,True,True
1265,04ffff001d02b709,2487,True,True,True
1266,04ffff001d02ba09,2490,True,True,True
1268,04ffff001d02c609,2502,True,True,True
1271,04ffff001d02da09,2522,True,True,True
1272,04ffff001d02dc09,2524,True,True,True
1273,04ffff001d02e009,2528,True,True,True
1274,04ffff001d02f209,2546,True,True,True
1275,04ffff001d02f609,2550,True,True,True
1277,04ffff001d02f709,2551,True,True,True
1278,04ffff001d02f809,2552,True,True,True
1279,04ffff001d02fc09,2556,True,True,True
1280,04ffff001d02fd09,2557,True,True,True
1281,04ffff001d02fe09,2558,True,True,True
1282,04ffff001d02030a,2563,True,True,True
1283,04ffff001d02040a,2564,True,True,True
1286,04ffff001d020c0a,2572,True,True,True
1287,04ffff001d02100a,2576,True,True,True
1288,04ffff001d021e0a,2590,True,True,True
1290,04ffff001d021f0a,2591,True,True,True
1291,04ffff001d022a0a,2602,True,True,True
1292,04ffff001d022f0a,2607,True,True,True
1293,04ffff001d02320a,2610,True,True,True
1294,04ffff001d02340a,2612,True,True,True
1295,04ffff001d02360a,2614,True,True,True
1300,04ffff001d0110,16,True,True,True
1301,04ffff001d0111,17,True,True,True
1302,04ffff001d012a,42,True,True,True
1303,04ffff001d012b,43,True,True,True
1304,04ffff001d012f,47,True,True,True
1305,04ffff001d0138,56,True,True,True
1306,04ffff001d013b,59,True,True,True
1307,04ffff001d0146,70,True,True,True
1308,04ffff001d014a,74,True,True,True
1310,04ffff001d014e,78,True,True,True
1311,04ffff001d014f,79,True,True,True
1312,04ffff001d0156,86,True,True,True
1313,04ffff001d015a,90,True,True,True
1314,04ffff001d015c,92,True,True,True
1315,04ffff001d015f,95,True,True,True
1317,04ffff001d0169,105,True,True,True
1318,04ffff001d016a,106,True,True,True
1319,04ffff001d0179,121,True,True,True
1320,04ffff001d028200,130,True,True,True
1321,04ffff001d028800,136,True,True,True
1322,04ffff001d029500,149,True,True,True
1323,04ffff001d029600,150,True,True,True
1324,04ffff001d029c00,156,True,True,True
1325,04ffff001d029f00,159,True,True,True
1326,04ffff001d02a400,164,True,True,True
1327,04ffff001d02a600,166,True,True,True
1328,04ffff001d02b500,181,True,True,True
1329,04ffff001d02b900,185,True,True,True
1330,04ffff001d02c000,192,True,True,True
1331,04ffff001d02c300,195,True,True,True
1332,04ffff001d02c400,196,True,True,True
1334,04ffff001d02c700,199,True,True,True
1335,04ffff001d02d600,214,True,True,True
1336,04ffff001d02ed00,237,True,True,True
1337,04ffff001d02ee00,238,True,True,True
1338,04ffff001d02fe00,254,True,True,True
1339,04ffff001d020201,258,True,True,True
1340,04ffff001d020301,259,True,True,True
1341,04ffff001d020601,262,True,True,True
1343,04ffff001d020c01,268,True,True,True
1344,04ffff001d021001,272,True,True,True
1345,04ffff001d021101,273,True,True,True
1346,04ffff001d021401,276,True,True,True
1347,04ffff001d021601,278,True,True,True
1348,04ffff001d021901,281,True,True,True
1349,04ffff001d022301,291,True,True,True
1350,04ffff001d022d01,301,True,True,True
1351,04ffff001d023001,304,True,True,True
1353,04ffff001d023c01,316,True,True,True
1354,04ffff001d024001,320,True,True,True
1355,04ffff001d024801,328,True,True,True
1356,04ffff001d024e01,334,True,True,True
1357,04ffff001d024f01,335,True,True,True
1358,04ffff001d025101,337,True,True,True
1359,04ffff001d025301,339,True,True,True
1360,04ffff001d025601,342,True,True,True
1361,04ffff001d025c01,348,True,True,True
1362,04ffff001d025e01,350,True,True,True
1363,04ffff001d027501,373,True,True,True
1364,04ffff001d027701,375,True,True,True
1365,04ffff001d027801,376,True,True,True
1366,04ffff001d027901,377,True,True,True
1367,04ffff001d027a01,378,True,True,True
1368,04ffff001d028401,388,True,True,True
1369,04ffff001d028601,390,True,True,True
1370,04ffff001d028801,392,True,True,True
1372,04ffff001d028a01,394,True,True,True
1373,04ffff001d029201,402,True,True,True
1374,04ffff001d029901,409,True,True,True
1375,04ffff001d02a801,424,True,True,True
1377,04ffff001d02b301,435,True,True,True
1379,04ffff001d02bd01,445,True,True,True
1380,04ffff001d02bf01,447,True,True,True
1381,04ffff001d02c301,451,True,True,True
1382,04ffff001d02d501,469,True,True,True
1384,04ffff001d02db01,475,True,True,True
1386,04ffff001d02de01,478,True,True,True
1400,04ffff001d0107,7,True,True,True
1401,04ffff001d0114,20,True,True,True
1402,04ffff001d0115,21,True,True,True
1403,04ffff001d010f,15,True,True,True
1404,04ffff001d0113,19,True,True,True
1405,04ffff001d0119,25,True,True,True
1406,04ffff001d011e,30,True,True,True
1407,04ffff001d0128,40,True,True,True
1410,04ffff001d013f,63,True,True,True
1411,04ffff001d012f,47,True,True,True
1413,04ffff001d0149,73,True,True,True
1414,04ffff001d014e,78,True,True,True
1415,04ffff001d0153,83,True,True,True
1416,04ffff001d0153,83,True,True,True
1418,04ffff001d0156,86,True,True,True
1419,04ffff001d0157,87,True,True,True
1420,04ffff001d0159,89,True,True,True
1421,04ffff001d015a,90,True,True,True
1422,04ffff001d0157,87,True,True,True
1423,04ffff001d0158,88,True,True,True
1424,04ffff001d015b,91,True,True,True
1426,04ffff001d0161,97,True,True,True
1427,04ffff001d0164,100,True,True,True
1428,04ffff001d0169,105,True,True,True
1429,04ffff001d015d,93,True,True,True
1430,04ffff001d0170,112,True,True,True
1431,04ffff001d0162,98,True,True,True
1432,04ffff001d0171,113,True,True,True
1433,04ffff001d0169,105,True,True,True
1434,04ffff001d0172,114,True,True,True
1435,04ffff001d016a,106,True,True,True
1436,04ffff001d0177,119,True,True,True
1437,04ffff001d0176,118,True,True,True
1438,04ffff001d017c,124,True,True,True
1439,04ffff001d0178,120,True,True,True
1441,04ffff001d017d,125,True,True,True
1442,04ffff001d017d,125,True,True,True
1443,04ffff001d028100,129,True,True,True
1444,04ffff001d028200,130,True,True,True
1445,04ffff001d028200,130,True,True,True
1446,04ffff001d028900,137,True,True,True
1447,04ffff001d029800,152,True,True,True
1448,04ffff001d029c00,156,True,True,True
1449,04ffff001d029500,149,True,True,True
1450,04ffff001d02a000,160,True,True,True
1451,04ffff001d029c00,156,True,True,True
1452,04ffff001d02b000,176,True,True,True
1453,04ffff001d029e00,158,True,True,True
1454,04ffff001d02a700,167,True,True,True
1455,04ffff001d02b200,178,True,True,True
1456,04ffff001d02b300,179,True,True,True
1457,04ffff001d02b600,182,True,True,True
1458,04ffff001d02a900,169,True,True,True
1459,04ffff001d02ae00,174,True,True,True
1460,04ffff001d02de00,222,True,True,True
1461,04ffff001d02b800,184,True,True,True
1462,04ffff001d02bb00,187,True,True,True
1463,04ffff001d02e500,229,True,True,True
1464,04ffff001d02bc00,188,True,True,True
1465,04ffff001d02e600,230,True,True,True
1466,04ffff001d02c400,196,True,True,True
1467,04ffff001d02eb00,235,True,True,True
1468,04ffff001d02d000,208,True,True,True
1469,04ffff001d02ee00,238,True,True,True
1470,04ffff001d02d800,216,True,True,True
1472,04ffff001d02ef00,239,True,True,True
1473,04ffff001d02e300,227,True,True,True
1474,04ffff001d02f000,240,True,True,True
1475,04ffff001d02e500,229,True,True,True
1476,04ffff001d02ea00,234,True,True,True
1477,04ffff001d02f100,241,True,True,True
1478,04ffff001d02ec00,236,True,True,True
1480,04ffff001d02f600,246,True,True,True
1481,04ffff001d02ed00,237,True,True,True
1482,04ffff001d02f500,245,True,True,True
1483,04ffff001d020301,259,True,True,True
1484,04ffff001d020101,257,True,True,True
1485,04ffff001d020601,262,True,True,True
1488,04ffff001d020e01,270,True,True,True
1489,04ffff001d020c01,268,True,True,True
1490,04ffff001d021001,272,True,True,True
1491,04ffff001d021101,273,True,True,True
1492,04ffff001d021c01,284,True,True,True
1493,04ffff001d021401,276,True,True,True
1494,04ffff001d022701,295,True,True,True
1495,04ffff001d021f01,287,True,True,True
1496,04ffff001d022c01,300,True,True,True
1497,04ffff001d022201,290,True,True,True
1498,04ffff001d022e01,302,True,True,True
1499,04ffff001d022501,293,True,True,True
1500,04ffff001d022c01,300,True,True,True
1501,04ffff001d022f01,303,True,True,True
1502,04ffff001d023401,308,True,True,True
1503,04ffff001d023001,304,True,True,True
1504,04ffff001d023601,310,True,True,True
1505,04ffff001d023801,312,True,True,True
1506,04ffff001d023701,311,True,True,True
1508,04ffff001d023801,312,True,True,True
1509,04ffff001d023b01,315,True,True,True
1510,04ffff001d023a01,314,True,True,True
1511,04ffff001d023c01,316,True,True,True
1512,04ffff001d023d01,317,True,True,True
1515,04ffff001d024a01,330,True,True,True
1516,04ffff001d024f01,335,True,True,True
1517,04ffff001d023e01,318,True,True,True
1518,04ffff001d025101,337,True,True,True
1519,04ffff001d024001,320,True,True,True
1523,04ffff001d024601,326,True,True,True
1524,04ffff001d025201,338,True,True,True
1526,04ffff001d025801,344,True,True,True
1527,04ffff001d025501,341,True,True,True
1528,04ffff001d026701,359,True,True,True
1529,04ffff001d026e01,366,True,True,True
1530,04ffff001d027101,369,True,True,True
1531,04ffff001d026a01,362,True,True,True
1532,04ffff001d027a01,378,True,True,True
1533,04ffff001d027401,372,True,True,True
1534,04ffff001d028901,393,True,True,True
1535,04ffff001d029001,400,True,True,True
1536,04ffff001d027601,374,True,True,True
1537,04ffff001d029501,405,True,True,True
1538,04ffff001d027701,375,True,True,True
1539,04ffff001d027b01,379,True,True,True
1540,04ffff001d027d01,381,True,True,True
1541,04ffff001d029801,408,True,True,True
1542,04ffff001d028201,386,True,True,True
1543,04ffff001d029901,409,True,True,True
1544,04ffff001d028f01,399,True,True,True
1545,04ffff001d02a101,417,True,True,True
1546,04ffff001d029c01,412,True,True,True
1548,04ffff001d02a401,420,True,True,True
1549,04ffff001d02a001,416,True,True,True
1550,04ffff001d02a701,423,True,True,True
1551,04ffff001d02a301,419,True,True,True
1552,04ffff001d02ac01,428,True,True,True
1553,04ffff001d02b001,432,True,True,True
1554,04ffff001d02ab01,427,True,True,True
1555,04ffff001d02b001,432,True,True,True
1556,04ffff001d02b301,435,True,True,True
1557,04ffff001d02bf01,447,True,True,True
1558,04ffff001d02b401,436,True,True,True
1559,04ffff001d02cc01,460,True,True,True
1560,04ffff001d02ba01,442,True,True,True
1561,04ffff001d02d701,471,True,True,True
1562,04ffff001d02bc01,444,True,True,True
1563,04ffff001d02d901,473,True,True,True
1564,04ffff001d02c201,450,True,True,True
1566,04ffff001d02cf01,463,True,True,True
1567,04ffff001d02db01,475,True,True,True
1569,04ffff001d02e601,486,True,True,True
1570,04ffff001d02d201,466,True,True,True
1572,04ffff001d02e701,487,True,True,True
1573,04ffff001d02d701,471,True,True,True
1574,04ffff001d02ed01,493,True,True,True
1575,04ffff001d02de01,478,True,True,True
1577,04ffff001d02fa01,506,True,True,True
1578,04ffff001d02e201,482,True,True,True
1580,04ffff001d02fb01,507,True,True,True
1581,04ffff001d02e801,488,True,True,True
1582,04ffff001d02fd01,509,True,True,True
1583,04ffff001d02ff01,511,True,True,True
1584,04ffff001d02e901,489,True,True,True
1585,04ffff001d020002,512,True,True,True
1586,04ffff001d02ea01,490,True,True,True
1587,04ffff001d020202,514,True,True,True
1588,04ffff001d02ed01,493,True,True,True
1589,04ffff001d020802,520,True,True,True
1590,04ffff001d02f401,500,True,True,True
1592,04ffff001d020302,515,True,True,True
1593,04ffff001d020b02,523,True,True,True
1594,04ffff001d020402,516,True,True,True
1595,04ffff001d020c02,524,True,True,True
1596,04ffff001d020702,519,True,True,True
1597,04ffff001d020d02,525,True,True,True
1599,04ffff001d021402,532,True,True,True
1600,04ffff001d021802,536,True,True,True
1601,04ffff001d021e02,542,True,True,True
1602,04ffff001d021102,529,True,True,True
1603,04ffff001d021502,533,True,True,True
1604,04ffff001d022002,544,True,True,True
1605,04ffff001d021b02,539,True,True,True
1606,04ffff001d022302,547,True,True,True
1608,04ffff001d021d02,541,True,True,True
1609,04ffff001d023802,568,True,True,True
1610,04ffff001d024002,576,True,True,True
1611,04ffff001d022302,547,True,True,True
1612,04ffff001d024202,578,True,True,True
1613,04ffff001d022502,549,True,True,True
1615,04ffff001d024702,583,True,True,True
1616,04ffff001d022902,553,True,True,True
1617,04ffff001d024b02,587,True,True,True
1618,04ffff001d022a02,554,True,True,True
1619,04ffff001d025402,596,True,True,True
1620,04ffff001d022b02,555,True,True,True
1622,04ffff001d026202,610,True,True,True
1623,04ffff001d023902,569,True,True,True
1624,04ffff001d026602,614,True,True,True
1625,04ffff001d026702,615,True,True,True
1626,04ffff001d023a02,570,True,True,True
1627,04ffff001d023c02,572,True,True,True
1628,04ffff001d024302,579,True,True,True
1629,04ffff001d027902,633,True,True,True
1630,04ffff001d027a02,634,True,True,True
1632,04ffff001d024f02,591,True,True,True
1633,04ffff001d027c02,636,True,True,True
1634,04ffff001d025402,596,True,True,True
1635,04ffff001d027e02,638,True,True,True
1636,04ffff001d025b02,603,True,True,True
1637,04ffff001d028002,640,True,True,True
1638,04ffff001d025d02,605,True,True,True
1639,04ffff001d028402,644,True,True,True
1640,04ffff001d025e02,606,True,True,True
1641,04ffff001d028a02,650,True,True,True
1642,04ffff001d026402,612,True,True,True
1643,04ffff001d026a02,618,True,True,True
1644,04ffff001d028f02,655,True,True,True
1645,04ffff001d028202,642,True,True,True
1646,04ffff001d029a02,666,True,True,True
1647,04ffff001d029a02,666,True,True,True
1648,04ffff001d029e02,670,True,True,True
1649,04ffff001d029c02,668,True,True,True
1651,04ffff001d02a502,677,True,True,True
1653,04ffff001d02a902,681,True,True,True
1654,04ffff001d02af02,687,True,True,True
1655,04ffff001d02a602,678,True,True,True
1656,04ffff001d02b302,691,True,True,True
1657,04ffff001d02bb02,699,True,True,True
1658,04ffff001d02ab02,683,True,True,True
1660,04ffff001d02c202,706,True,True,True
1661,04ffff001d02c302,707,True,True,True
1662,04ffff001d02af02,687,True,True,True
1663,04ffff001d02c802,712,True,True,True
1665,04ffff001d02ce02,718,True,True,True
1666,04ffff001d02b102,689,True,True,True
1667,04ffff001d02d402,724,True,True,True
1668,04ffff001d02d502,725,True,True,True
1669,04ffff001d02b202,690,True,True,True
1670,04ffff001d02dd02,733,True,True,True
1671,04ffff001d02c602,710,True,True,True
1672,04ffff001d02c702,711,True,True,True
1675,04ffff001d02e302,739,True,True,True
1676,04ffff001d02c802,712,True,True,True
1677,04ffff001d02e402,740,True,True,True
1679,04ffff001d02da02,730,True,True,True
1680,04ffff001d02f502,757,True,True,True
1681,04ffff001d02dd02,733,True,True,True
1682,04ffff001d02f702,759,True,True,True
1683,04ffff001d02de02,734,True,True,True
1684,04ffff001d02e302,739,True,True,True
1685,04ffff001d02f002,752,True,True,True
1686,04ffff001d020203,770,True,True,True
1687,04ffff001d020603,774,True,True,True
1688,04ffff001d02fd02,765,True,True,True
1689,04ffff001d02fe02,766,True,True,True
1690,04ffff001d020c03,780,True,True,True
1691,04ffff001d021103,785,True,True,True
1692,04ffff001d02ff02,767,True,True,True
1693,04ffff001d020203,770,True,True,True
1694,04ffff001d021803,792,True,True,True
1695,04ffff001d020703,775,True,True,True
1696,04ffff001d021903,793,True,True,True
1697,04ffff001d020e03,782,True,True,True
1698,04ffff001d020f03,783,True,True,True
1699,04ffff001d021f03,799,True,True,True
1700,04ffff001d021103,785,True,True,True
1702,04ffff001d022003,800,True,True,True
1703,04ffff001d021503,789,True,True,True
1704,04ffff001d022c03,812,True,True,True
1705,04ffff001d023003,816,True,True,True
1706,04ffff001d021f03,799,True,True,True
1707,04ffff001d023803,824,True,True,True
1708,04ffff001d022403,804,True,True,True
1709,04ffff001d023e03,830,True,True,True
1710,04ffff001d022503,805,True,True,True
1711,04ffff001d024b03,843,True,True,True
1712,04ffff001d022e03,814,True,True,True
1714,04ffff001d024f03,847,True,True,True
1715,04ffff001d023003,816,True,True,True
1717,04ffff001d025003,848,True,True,True
1718,04ffff001d023303,819,True,True,True
1719,04ffff001d025103,849,True,True,True
1721,04ffff001d023403,820,True,True,True
1722,04ffff001d023603,822,True,True,True
1723,04ffff001d025303,851,True,True,True
1724,04ffff001d025903,857,True,True,True
1725,04ffff001d023803,824,True,True,True
1726,04ffff001d025a03,858,True,True,True
1727,04ffff001d023b03,827,True,True,True
1728,04ffff001d025d03,861,True,True,True
1729,04ffff001d025e03,862,True,True,True
1730,04ffff001d023c03,828,True,True,True
1731,04ffff001d026403,868,True,True,True
1732,04ffff001d024703,839,True,True,True
1733,04ffff001d026503,869,True,True,True
1734,04ffff001d024903,841,True,True,True
1736,04ffff001d026a03,874,True,True,True
1737,04ffff001d026b03,875,True,True,True
1738,04ffff001d024e03,846,True,True,True
1739,04ffff001d026f03,879,True,True,True
1740,04ffff001d025003,848,True,True,True
1741,04ffff001d027203,882,True,True,True
1742,04ffff001d025603,854,True,True,True
1744,04ffff001d027b03,891,True,True,True
1745,04ffff001d025e03,862,True,True,True
1746,04ffff001d028803,904,True,True,True
1747,04ffff001d026e03,878,True,True,True
1748,04ffff001d028f03,911,True,True,True
1749,04ffff001d027003,880,True,True,True
1750,04ffff001d029103,913,True,True,True
1751,04ffff001d02a203,930,True,True,True
1753,04ffff001d027503,885,True,True,True
1754,04ffff001d027803,888,True,True,True
1755,04ffff001d02b203,946,True,True,True
1756,04ffff001d028203,898,True,True,True
1757,04ffff001d02b403,948,True,True,True
1759,04ffff001d028803,904,True,True,True
1760,04ffff001d02b903,953,True,True,True
1762,04ffff001d02bb03,955,True,True,True
1763,04ffff001d029403,916,True,True,True
1764,04ffff001d02c303,963,True,True,True
1765,04ffff001d02c603,966,True,True,True
1766,04ffff001d029503,917,True,True,True
1767,04ffff001d02cb03,971,True,True,True
1768,04ffff001d029b03,923,True,True,True
1769,04ffff001d029d03,925,True,True,True
1770,04ffff001d02cf03,975,True,True,True
1771,04ffff001d02d403,980,True,True,True
1772,04ffff001d029f03,927,True,True,True
1774,04ffff001d02dc03,988,True,True,True
1775,04ffff001d02ab03,939,True,True,True
1776,04ffff001d02b003,944,True,True,True
1777,04ffff001d02dd03,989,True,True,True
1778,04ffff001d02bd03,957,True,True,True
1779,04ffff001d02e403,996,True,True,True
1781,04ffff001d02c103,961,True,True,True
1782,04ffff001d02e503,997,True,True,True
1783,04ffff001d02ca03,970,True,True,True
1784,04ffff001d02eb03,1003,True,True,True
1785,04ffff001d02cd03,973,True,True,True
1786,04ffff001d02f103,1009,True,True,True
1787,04ffff001d02d503,981,True,True,True
1788,04ffff001d02f303,1011,True,True,True
1789,04ffff001d02d703,983,True,True,True
1790,04ffff001d02d803,984,True,True,True
1791,04ffff001d02f503,1013,True,True,True
1792,04ffff001d02df03,991,True,True,True
1793,04ffff001d020e04,1038,True,True,True
1794,04ffff001d020f04,1039,True,True,True
1795,04ffff001d02f003,1008,True,True,True
1796,04ffff001d021704,1047,True,True,True
1797,04ffff001d02f903,1017,True,True,True
1798,04ffff001d021904,1049,True,True,True
1799,04ffff001d021e04,1054,True,True,True
1800,04ffff001d02fc03,1020,True,True,True
1801,04ffff001d020004,1024,True,True,True
1802,04ffff001d022c04,1068,True,True,True
1803,04ffff001d023304,1075,True,True,True
1804,04ffff001d021404,1044,True,True,True
1805,04ffff001d022704,1063,True,True,True
1806,04ffff001d023604,1078,True,True,True
1807,04ffff001d022e04,1070,True,True,True
1808,04ffff001d023104,1073,True,True,True
1809,04ffff001d024104,1089,True,True,True
1810,04ffff001d023804,1080,True,True,True
1811,04ffff001d024504,1093,True,True,True
1812,04ffff001d023a04,1082,True,True,True
1813,04ffff001d024b04,1099,True,True,True
1814,04ffff001d023b04,1083,True,True,True
1815,04ffff001d025204,1106,True,True,True
1816,04ffff001d025104,1105,True,True,True
1817,04ffff001d025804,1112,True,True,True
1818,04ffff001d025404,1108,True,True,True
1819,04ffff001d025f04,1119,True,True,True
1821,04ffff001d025704,1111,True,True,True
1823,04ffff001d025a04,1114,True,True,True
1824,04ffff001d026104,1121,True,True,True
1825,04ffff001d025b04,1115,True,True,True
1827,04ffff001d026504,1125,True,True,True
1828,04ffff001d025e04,1118,True,True,True
1829,04ffff001d027204,1138,True,True,True
1830,04ffff001d025f04,1119,True,True,True
1831,04ffff001d027304,1139,True,True,True
1832,04ffff001d026004,1120,True,True,True
1833,04ffff001d027504,1141,True,True,True
1834,04ffff001d026304,1123,True,True,True
1835,04ffff001d027604,1142,True,True,True
1837,04ffff001d027904,1145,True,True,True
1838,04ffff001d026504,1125,True,True,True
1839,04ffff001d026904,1129,True,True,True
1840,04ffff001d027c04,1148,True,True,True
1842,04ffff001d026e04,1134,True,True,True
1843,04ffff001d027f04,1151,True,True,True
1844,04ffff001d027f04,1151,True,True,True
1845,04ffff001d028704,1159,True,True,True
1846,04ffff001d028c04,1164,True,True,True
1847,04ffff001d029d04,1181,True,True,True
1848,04ffff001d029404,1172,True,True,True
1849,04ffff001d02a404,1188,True,True,True
1850,04ffff001d029504,1173,True,True,True
1851,04ffff001d02ab04,1195,True,True,True
1852,04ffff001d029a04,1178,True,True,True
1853,04ffff001d02ac04,1196,True,True,True
1854,04ffff001d029b04,1179,True,True,True
1855,04ffff001d02b004,1200,True,True,True
1856,04ffff001d02a004,1184,True,True,True
1857,04ffff001d02a204,1186,True,True,True
1858,04ffff001d02b204,1202,True,True,True
1859,04ffff001d02ab04,1195,True,True,True
1860,04ffff001d02bb04,1211,True,True,True
1861,04ffff001d02bf04,1215,True,True,True
1862,04ffff001d02bd04,1213,True,True,True
1863,04ffff001d02c904,1225,True,True,True
1865,04ffff001d02ce04,1230,True,True,True
1866,04ffff001d02c804,1224,True,True,True
1867,04ffff001d02d604,1238,True,True,True
1868,04ffff001d02d204,1234,True,True,True
1869,04ffff001d02df04,1247,True,True,True
1870,04ffff001d02d604,1238,True,True,True
1872,04ffff001d02d904,1241,True,True,True
1873,04ffff001d02eb04,1259,True,True,True
1874,04ffff001d02fc04,1276,True,True,True
1875,04ffff001d02df04,1247,True,True,True
1876,04ffff001d020105,1281,True,True,True
1877,04ffff001d020305,1283,True,True,True
1878,04ffff001d02e704,1255,True,True,True
1879,04ffff001d020505,1285,True,True,True
1880,04ffff001d02e804,1256,True,True,True
1881,04ffff001d020c05,1292,True,True,True
1882,04ffff001d020d05,1293,True,True,True
1883,04ffff001d02f204,1266,True,True,True
1884,04ffff001d021905,1305,True,True,True
1885,04ffff001d02f904,1273,True,True,True
1886,04ffff001d021b05,1307,True,True,True
1887,04ffff001d021c05,1308,True,True,True
1888,04ffff001d02fe04,1278,True,True,True
1889,04ffff001d022005,1312,True,True,True
1890,04ffff001d020605,1286,True,True,True
1891,04ffff001d022605,1318,True,True,True
1892,04ffff001d020c05,1292,True,True,True
1893,04ffff001d022905,1321,True,True,True
1894,04ffff001d021705,1303,True,True,True
1895,04ffff001d021805,1304,True,True,True
1896,04ffff001d021f05,1311,True,True,True
1897,04ffff001d022d05,1325,True,True,True
1898,04ffff001d023a05,1338,True,True,True
1899,04ffff001d022605,1318,True,True,True
1901,04ffff001d022805,1320,True,True,True
1902,04ffff001d025105,1361,True,True,True
1903,04ffff001d024205,1346,True,True,True
1905,04ffff001d024805,1352,True,True,True
1906,04ffff001d025405,1364,True,True,True
1907,04ffff001d024f05,1359,True,True,True
1908,04ffff001d025f05,1375,True,True,True
1910,04ffff001d027b05,1403,True,True,True
1911,04ffff001d026a05,1386,True,True,True
1913,04ffff001d028005,1408,True,True,True
1914,04ffff001d028205,1410,True,True,True
1915,04ffff001d028a05,1418,True,True,True
1921,04ffff001d0105,5,True,True,True
1922,04ffff001d0107,7,True,True,True
1924,04ffff001d0108,8,True,True,True
1925,04ffff001d010f,15,True,True,True
1926,04ffff001d0126,38,True,True,True
1927,04ffff001d012a,42,True,True,True
1928,04ffff001d012c,44,True,True,True
1930,04ffff001d0137,55,True,True,True
1931,04ffff001d0142,66,True,True,True
1932,04ffff001d0143,67,True,True,True
1933,04ffff001d0155,85,True,True,True
1934,04ffff001d0160,96,True,True,True
1937,04ffff001d0164,100,True,True,True
1939,04ffff001d0169,105,True,True,True
1940,04ffff001d0170,112,True,True,True
1941,04ffff001d0176,118,True,True,True
1942,04ffff001d0177,119,True,True,True
1943,04ffff001d0178,120,True,True,True
1944,04ffff001d017f,127,True,True,True
1945,04ffff001d028200,130,True,True,True
1946,04ffff001d028400,132,True,True,True
1948,04ffff001d028900,137,True,True,True
1949,04ffff001d028b00,139,True,True,True
1950,04ffff001d028d00,141,True,True,True
1951,04ffff001d028f00,143,True,True,True
1952,04ffff001d029a00,154,True,True,True
1953,04ffff001d02a300,163,True,True,True
1954,04ffff001d02a500,165,True,True,True
1955,04ffff001d02a800,168,True,True,True
1956,04ffff001d02a900,169,True,True,True
1957,04ffff001d02ae00,174,True,True,True
1958,04ffff001d02b100,177,True,True,True
1959,04ffff001d02bb00,187,True,True,True
1960,04ffff001d02bd00,189,True,True,True
1961,04ffff001d02c700,199,True,True,True
1962,04ffff001d02eb00,235,True,True,True
1963,04ffff001d02ec00,236,True,True,True
1965,04ffff001d02f000,240,True,True,True
1966,04ffff001d02f300,243,True,True,True
1968,04ffff001d02fc00,252,True,True,True
1970,04ffff001d02ff00,255,True,True,True
1972,04ffff001d020101,257,True,True,True
1973,04ffff001d020201,258,True,True,True
1974,04ffff001d020301,259,True,True,True
1975,04ffff001d021201,274,True,True,True
1976,04ffff001d021a01,282,True,True,True
1977,04ffff001d021e01,286,True,True,True
1979,04ffff001d022001,288,True,True,True
1980,04ffff001d022501,293,True,True,True
1981,04ffff001d022b01,299,True,True,True
1982,04ffff001d023201,306,True,True,True
1983,04ffff001d023301,307,True,True,True
1984,04ffff001d023c01,316,True,True,True
1985,04ffff001d023e01,318,True,True,True
1986,04ffff001d023f01,319,True,True,True
1987,04ffff001d025201,338,True,True,True
1988,04ffff001d025a01,346,True,True,True
1989,04ffff001d025e01,350,True,True,True
1990,04ffff001d026401,356,True,True,True
1991,04ffff001d026601,358,True,True,True
1992,04ffff001d026d01,365,True,True,True
1993,04ffff001d027201,370,True,True,True
1994,04ffff001d027e01,382,True,True,True
1995,04ffff001d028001,384,True,True,True
1997,04ffff001d028201,386,True,True,True
1998,04ffff001d028d01,397,True,True,True
1999,04ffff001d029701,407,True,True,True
2000,04ffff001d029b01,411,True,True,True
2001,04ffff001d02a701,423,True,True,True
2002,04ffff001d02b401,436,True,True,True
2004,04ffff001d02b701,439,True,True,True
2005,04ffff001d02bd01,445,True,True,True
2006,04ffff001d02c401,452,True,True,True
2007,04ffff001d02c501,453,True,True,True
2008,04ffff001d02c801,456,True,True,True
2009,04ffff001d02d201,466,True,True,True
2010,04ffff001d02d501,469,True,True,True
2011,04ffff001d02e501,485,True,True,True
2012,04ffff001d02f401,500,True,True,True
2013,04ffff001d02f901,505,True,True,True
2014,04ffff001d02fc01,508,True,True,True
2015,04ffff001d02fe01,510,True,True,True
2016,04ffff001d020202,514,True,True,True
2017,04ffff001d020702,519,True,True,True
2018,04ffff001d020a02,522,True,True,True
2019,04ffff001d020b02,523,True,True,True
2020,04ffff001d020c02,524,True,True,True
2021,04ffff001d021502,533,True,True,True
2022,04ffff001d022602,550,True,True,True
2023,04ffff001d022e02,558,True,True,True
2024,04ffff001d023b02,571,True,True,True
2026,04ffff001d024002,576,True,True,True
2027,04ffff001d024102,577,True,True,True
2028,04ffff001d024202,578,True,True,True
2029,04ffff001d024c02,588,True,True,True
2030,04ffff001d025602,598,True,True,True
2032,04ffff001d026d02,621,True,True,True
2034,04ffff001d027702,631,True,True,True
2035,04ffff001d027802,632,True,True,True
2036,04ffff001d027b02,635,True,True,True
2037,04ffff001d027d02,637,True,True,True
2039,04ffff001d028002,640,True,True,True
2040,04ffff001d028102,641,True,True,True
2041,04ffff001d028502,645,True,True,True
2042,04ffff001d028902,649,True,True,True
2043,04ffff001d028d02,653,True,True,True
2044,04ffff001d028f02,655,True,True,True
2045,04ffff001d029202,658,True,True,True
2046,04ffff001d029502,661,True,True,True
2047,04ffff001d029602,662,True,True,True
2048,04ffff001d029a02,666,True,True,True
2049,04ffff001d029e02,670,True,True,True
2050,04ffff001d02a802,680,True,True,True
2051,04ffff001d02ca02,714,True,True,True
2052,04ffff001d02cb02,715,True,True,True
2053,04ffff001d02d702,727,True,True,True
2054,04ffff001d02d802,728,True,True,True
2055,04ffff001d02e502,741,True,True,True
2056,04ffff001d02e802,744,True,True,True
2057,04ffff001d02ee02,750,True,True,True
2058,04ffff001d02f002,752,True,True,True
2059,04ffff001d02f702,759,True,True,True
2060,04ffff001d02fa02,762,True,True,True
2061,04ffff001d020103,769,True,True,True
2063,04ffff001d020303,771,True,True,True
2064,04ffff001d021103,785,True,True,True
2065,04ffff001d021803,792,True,True,True
2066,04ffff001d021a03,794,True,True,True
2067,04ffff001d022e03,814,True,True,True
2068,04ffff001d023003,816,True,True,True
2069,04ffff001d023403,820,True,True,True
2071,04ffff001d023f03,831,True,True,True
2072,04ffff001d024003,832,True,True,True
2073,04ffff001d024303,835,True,True,True
2074,04ffff001d024503,837,True,True,True
2075,04ffff001d024f03,847,True,True,True
2076,04ffff001d025103,849,True,True,True
2077,04ffff001d025d03,861,True,True,True
2079,04ffff001d026203,866,True,True,True
2080,04ffff001d026b03,875,True,True,True
2081,04ffff001d026e03,878,True,True,True
2082,04ffff001d027203,882,True,True,True
2083,04ffff001d027303,883,True,True,True
2084,04ffff001d027403,884,True,True,True
2086,04ffff001d027803,888,True,True,True
2088,04ffff001d028503,901,True,True,True
2090,04ffff001d028703,903,True,True,True
2091,04ffff001d028803,904,True,True,True
2092,04ffff001d028b03,907,True,True,True
2093,04ffff001d029003,912,True,True,True
2094,04ffff001d029503,917,True,True,True
2095,04ffff001d029603,918,True,True,True
2096,04ffff001d029903,921,True,True,True
2097,04ffff001d029b03,923,True,True,True
2098,04ffff001d02a103,929,True,True,True
2101,04ffff001d02a503,933,True,True,True
2103,04ffff001d02ae03,942,True,True,True
2105,04ffff001d02b103,945,True,True,True
2106,04ffff001d02b803,952,True,True,True
2107,04ffff001d02b903,953,True,True,True
2109,04ffff001d02be03,958,True,True,True
2110,04ffff001d02c603,966,True,True,True
2111,04ffff001d02cd03,973,True,True,True
2112,04ffff001d02d003,976,True,True,True
2113,04ffff001d02d403,980,True,True,True
2115,04ffff001d02d503,981,True,True,True
2118,04ffff001d02d903,985,True,True,True
2120,04ffff001d02da03,986,True,True,True
2121,04ffff001d02db03,987,True,True,True
2122,04ffff001d02dd03,989,True,True,True
2123,04ffff001d02f903,1017,True,True,True
2124,04ffff001d02fd03,1021,True,True,True
2125,04ffff001d020804,1032,True,True,True
2126,04ffff001d020c04,1036,True,True,True
2128,04ffff001d0101,1,True,True,True
2129,04ffff001d0112,18,True,True,True
2131,04ffff001d0129,41,True,True,True
2142,04ffff001d012a,42,True,True,True
2143,04ffff001d0136,54,True,True,True
2144,04ffff001d0158,88,True,True,True
2145,04ffff001d015f,95,True,True,True
2146,04ffff001d0163,99,True,True,True
2149,04ffff001d0179,121,True,True,True
2150,04ffff001d017d,125,True,True,True
2151,04ffff001d028000,128,True,True,True
2153,04ffff001d028900,137,True,True,True
2155,04ffff001d028a00,138,True,True,True
2156,04ffff001d028d00,141,True,True,True
2157,04ffff001d028e00,142,True,True,True
2159,04ffff001d029300,147,True,True,True
2160,04ffff001d02a200,162,True,True,True
2162,04ffff001d02a500,165,True,True,True
2164,04ffff001d02b200,178,True,True,True
2166,04ffff001d02bc00,188,True,True,True
2167,04ffff001d02c900,201,True,True,True
2168,04ffff001d02d500,213,True,True,True
2169,04ffff001d02dc00,220,True,True,True
2170,04ffff001d02de00,222,True,True,True
2171,04ffff001d02e400,228,True,True,True
2173,04ffff001d0104,4,True,True,True
2174,04ffff001d0107,7,True,True,True
2175,04ffff001d0108,8,True,True,True
2177,04ffff001d0109,9,True,True,True
2179,04ffff001d010b,11,True,True,True
2180,04ffff001d010c,12,True,True,True
2181,04ffff001d010e,14,True,True,True
2182,04ffff001d010f,15,True,True,True
2183,04ffff001d0114,20,True,True,True
2185,04ffff001d0117,23,True,True,True
2187,04ffff001d011c,28,True,True,True
2188,04ffff001d011e,30,True,True,True
2191,04ffff001d0127,39,True,True,True
2192,04ffff001d0128,40,True,True,True
2193,04ffff001d0132,50,True,True,True
2194,04ffff001d0134,52,True,True,True
2195,04ffff001d013d,61,True,True,True
2196,04ffff001d013f,63,True,True,True
2198,04ffff001d0154,84,True,True,True
2199,04ffff001d0155,85,True,True,True
2200,04ffff001d0162,98,True,True,True
2201,04ffff001d0163,99,True,True,True
2202,04ffff001d016f,111,True,True,True
2204,04ffff001d0175,117,True,True,True
2206,04ffff001d0177,119,True,True,True
2207,04ffff001d017c,124,True,True,True
2208,04ffff001d028500,133,True,True,True
2210,04ffff001d028700,135,True,True,True
2213,04ffff001d028c00,140,True,True,True
2215,04ffff001d028f00,143,True,True,True
2216,04ffff001d029100,145,True,True,True
2217,04ffff001d029800,152,True,True,True
2218,04ffff001d029c00,156,True,True,True
2220,04ffff001d02ac00,172,True,True,True
2221,04ffff001d02ae00,174,True,True,True
2222,04ffff001d02b100,177,True,True,True
2223,04ffff001d02b900,185,True,True,True
2225,04ffff001d02ba00,186,True,True,True
2226,04ffff001d02bb00,187,True,True,True
2227,04ffff001d02bd00,189,True,True,True
2229,04ffff001d02c100,193,True,True,True
2231,04ffff001d02c800,200,True,True,True
2232,04ffff001d02cb00,203,True,True,True
2233,04ffff001d02d100,209,True,True,True
2235,04ffff001d02d200,210,True,True,True
2236,04ffff001d02d400,212,True,True,True
2237,04ffff001d02da00,218,True,True,True
2238,04ffff001d02db00,219,True,True,True
2239,04ffff001d02de00,222,True,True,True
2240,04ffff001d02e800,232,True,True,True
2241,04ffff001d02e900,233,True,True,True
2242,04ffff001d02eb00,235,True,True,True
2244,04ffff001d02ff00,255,True,True,True
2246,04ffff001d020601,262,True,True,True
2248,04ffff001d020a01,266,True,True,True
2251,04ffff001d021301,275,True,True,True
2254,04ffff001d021401,276,True,True,True
2256,04ffff001d021701,279,True,True,True
2257,04ffff001d021801,280,True,True,True
2258,04ffff001d021b01,283,True,True,True
2260,04ffff001d022001,288,True,True,True
2262,04ffff001d022201,290,True,True,True
2263,04ffff001d022801,296,True,True,True
2264,04ffff001d022d01,301,True,True,True
2265,04ffff001d023101,305,True,True,True
2267,04ffff001d023501,309,True,True,True
2268,04ffff001d023601,310,True,True,True
2271,04ffff001d023901,313,True,True,True
2273,04ffff001d024001,320,True,True,True
2274,04ffff001d024101,321,True,True,True
2276,04ffff001d024501,325,True,True,True
2277,04ffff001d024801,328,True,True,True
2278,04ffff001d026001,352,True,True,True
2280,04ffff001d026601,358,True,True,True
2281,04ffff001d026901,361,True,True,True
2282,04ffff001d026e01,366,True,True,True
2283,04ffff001d027401,372,True,True,True
2285,04ffff001d027e01,382,True,True,True
2286,04ffff001d027f01,383,True,True,True
2287,04ffff001d028501,389,True,True,True
2289,04ffff001d028d01,397,True,True,True
2291,04ffff001d029101,401,True,True,True
2293,04ffff001d029701,407,True,True,True
2294,04ffff001d029901,409,True,True,True
2295,04ffff001d029d01,413,True,True,True
2298,04ffff001d02a801,424,True,True,True
2299,04ffff001d02ad01,429,True,True,True
2301,04ffff001d02b001,432,True,True,True
2302,04ffff001d02b101,433,True,True,True
2303,04ffff001d02b401,436,True,True,True
2305,04ffff001d02b501,437,True,True,True
2306,04ffff001d02bb01,443,True,True,True
2307,04ffff001d02bd01,445,True,True,True
2308,04ffff001d02be01,446,True,True,True
2309,04ffff001d02c001,448,True,True,True
2310,04ffff001d02d501,469,True,True,True
2311,04ffff001d02d601,470,True,True,True
2312,04ffff001d02d801,472,True,True,True
2314,04ffff001d02dc01,476,True,True,True
2315,04ffff001d02df01,479,True,True,True
2316,04ffff001d02e301,483,True,True,True
2317,04ffff001d02e501,485,True,True,True
2318,04ffff001d021602,534,True,True,True
2320,04ffff001d022002,544,True,True,True
2321,04ffff001d022102,545,True,True,True
2322,04ffff001d023002,560,True,True,True
2324,04ffff001d023102,561,True,True,True
2325,04ffff001d023602,566,True,True,True
2326,04ffff001d023902,569,True,True,True
2328,04ffff001d023d02,573,True,True,True
2329,04ffff001d024a02,586,True,True,True
2331,04ffff001d024b02,587,True,True,True
2332,04ffff001d025402,596,True,True,True
2333,04ffff001d025602,598,True,True,True
2335,04ffff001d025d02,605,True,True,True
2336,04ffff001d026802,616,True,True,True
2337,04ffff001d026c02,620,True,True,True
2340,04ffff001d027402,628,True,True,True
2341,04ffff001d028a02,650,True,True,True
2342,04ffff001d028c02,652,True,True,True
2344,04ffff001d029202,658,True,True,True
2345,04ffff001d029902,665,True,True,True
2346,04ffff001d029c02,668,True,True,True
2347,04ffff001d02a002,672,True,True,True
2348,04ffff001d02a102,673,True,True,True
2349,04ffff001d02bd02,701,True,True,True
2350,04ffff001d02be02,702,True,True,True
2352,04ffff001d02bf02,703,True,True,True
2354,04ffff001d02c002,704,True,True,True
2356,04ffff001d02c602,710,True,True,True
2358,04ffff001d02c702,711,True,True,True
2361,04ffff001d02ca02,714,True,True,True
2363,04ffff001d02cb02,715,True,True,True
2364,04ffff001d02d002,720,True,True,True
2365,04ffff001d02d502,725,True,True,True
2366,04ffff001d02d602,726,True,True,True
2368,04ffff001d02de02,734,True,True,True
2369,04ffff001d02e902,745,True,True,True
2370,04ffff001d02f102,753,True,True,True
2371,04ffff001d02f302,755,True,True,True
2372,04ffff001d020303,771,True,True,True
2373,04ffff001d020703,775,True,True,True
2374,04ffff001d020a03,778,True,True,True
2375,04ffff001d021303,787,True,True,True
2376,04ffff001d021603,790,True,True,True
2377,04ffff001d022203,802,True,True,True
2378,04ffff001d022403,804,True,True,True
2380,04ffff001d023103,817,True,True,True
2381,04ffff001d024303,835,True,True,True
2382,04ffff001d024d03,845,True,True,True
2383,04ffff001d024f03,847,True,True,True
2384,04ffff001d025d03,861,True,True,True
2385,04ffff001d026003,864,True,True,True
2386,04ffff001d026a03,874,True,True,True
2388,04ffff001d026c03,876,True,True,True
2389,04ffff001d027303,883,True,True,True
2391,04ffff001d028703,903,True,True,True
2392,04ffff001d029803,920,True,True,True
2393,04ffff001d02a003,928,True,True,True
2394,04ffff001d02a503,933,True,True,True
2395,04ffff001d02b403,948,True,True,True
2396,04ffff001d02b803,952,True,True,True
2397,04ffff001d02bc03,956,True,True,True
2398,04ffff001d0106,6,True,True,True
2399,04ffff001d0107,7,True,True,True
2402,04ffff001d0108,8,True,True,True
2403,04ffff001d010c,12,True,True,True
2404,04ffff001d010e,14,True,True,True
2405,04ffff001d011a,26,True,True,True
2406,04ffff001d011c,28,True,True,True
2409,04ffff001d012c,44,True,True,True
2410,04ffff001d012d,45,True,True,True
2411,04ffff001d012e,46,True,True,True
2412,04ffff001d012f,47,True,True,True
2413,04ffff001d0132,50,True,True,True
2414,04ffff001d0136,54,True,True,True
2415,04ffff001d013d,61,True,True,True
2416,04ffff001d0106,6,True,True,True
2417,04ffff001d010a,10,True,True,True
2418,04ffff001d010b,11,True,True,True
2419,04ffff001d010c,12,True,True,True
2420,04ffff001d0111,17,True,True,True
2423,04ffff001d0115,21,True,True,True
2424,04ffff001d011d,29,True,True,True
2426,04ffff001d0123,35,True,True,True
2427,04ffff001d0128,40,True,True,True
2428,04ffff001d0132,50,True,True,True
2429,04ffff001d0136,54,True,True,True
2430,04ffff001d0137,55,True,True,True
2431,04ffff001d0140,64,True,True,True
2432,04ffff001d0141,65,True,True,True
2433,04ffff001d0143,67,True,True,True
2434,04ffff001d0144,68,True,True,True
2436,04ffff001d014f,79,True,True,True
2437,04ffff001d0154,84,True,True,True
2438,04ffff001d0159,89,True,True,True
2439,04ffff001d015b,91,True,True,True
2441,04ffff001d0161,97,True,True,True
2442,04ffff001d0166,102,True,True,True
2443,04ffff001d016a,106,True,True,True
2444,04ffff001d016b,107,True,True,True
2445,04ffff001d016c,108,True,True,True
2446,04ffff001d0174,116,True,True,True
2448,04ffff001d0177,119,True,True,True
2449,04ffff001d0178,120,True,True,True
2450,04ffff001d017e,126,True,True,True
2451,04ffff001d028600,134,True,True,True
2453,04ffff001d028e00,142,True,True,True
2454,04ffff001d029600,150,True,True,True
2456,04ffff001d029900,153,True,True,True
2458,04ffff001d029f00,159,True,True,True
2459,04ffff001d02a000,160,True,True,True
2460,04ffff001d02a200,162,True,True,True
2461,04ffff001d02a900,169,True,True,True
2463,04ffff001d02ab00,171,True,True,True
2465,04ffff001d02ae00,174,True,True,True
2467,04ffff001d02b000,176,True,True,True
2469,04ffff001d02b400,180,True,True,True
2470,04ffff001d02b700,183,True,True,True
2472,04ffff001d02b800,184,True,True,True
2473,04ffff001d02c000,192,True,True,True
2474,04ffff001d02c400,196,True,True,True
2476,04ffff001d02cc00,204,True,True,True
2477,04ffff001d02cd00,205,True,True,True
2478,04ffff001d02d500,213,True,True,True
2479,04ffff001d02e100,225,True,True,True
2481,04ffff001d02e300,227,True,True,True
2483,04ffff001d02e900,233,True,True,True
2484,04ffff001d02ec00,236,True,True,True
2485,04ffff001d02ee00,238,True,True,True
2487,04ffff001d02ef00,239,True,True,True
2490,04ffff001d02f100,241,True,True,True
2491,04ffff001d02f400,244,True,True,True
2494,04ffff001d02fc00,252,True,True,True
2495,04ffff001d02fd00,253,True,True,True
2496,04ffff001d020501,261,True,True,True
2497,04ffff001d021301,275,True,True,True
2499,04ffff001d021f01,287,True,True,True
2503,04ffff001d022801,296,True,True,True
2505,04ffff001d022f01,303,True,True,True
2507,04ffff001d023001,304,True,True,True
2508,04ffff001d023301,307,True,True,True
2510,04ffff001d024101,321,True,True,True
2511,04ffff001d024401,324,True,True,True
2515,04ffff001d024501,325,True,True,True
2516,04ffff001d024801,328,True,True,True
2519,04ffff001d024b01,331,True,True,True
2520,04ffff001d024f01,335,True,True,True
2521,04ffff001d025301,339,True,True,True
2522,04ffff001d025401,340,True,True,True
2523,04ffff001d025b01,347,True,True,True
2524,04ffff001d025e01,350,True,True,True
2526,04ffff001d026001,352,True,True,True
2527,04ffff001d026201,354,True,True,True
2528,04ffff001d026f01,367,True,True,True
2529,04ffff001d027001,368,True,True,True
2530,04ffff001d027101,369,True,True,True
2531,04ffff001d028301,387,True,True,True
2532,04ffff001d028901,393,True,True,True
2533,04ffff001d028e01,398,True,True,True
2534,04ffff001d029101,401,True,True,True
2535,04ffff001d029201,402,True,True,True
2537,04ffff001d029301,403,True,True,True
2538,04ffff001d029501,405,True,True,True
2539,04ffff001d029801,408,True,True,True
2542,04ffff001d029a01,410,True,True,True
2543,04ffff001d02af01,431,True,True,True
2544,04ffff001d02b901,441,True,True,True
2545,04ffff001d02c201,450,True,True,True
2546,04ffff001d02c901,457,True,True,True
2547,04ffff001d02d101,465,True,True,True
2548,04ffff001d02d601,470,True,True,True
2549,04ffff001d02d701,471,True,True,True
2550,04ffff001d02db01,475,True,True,True
2551,04ffff001d02e301,483,True,True,True
2552,04ffff001d02e601,486,True,True,True
2553,04ffff001d02f001,496,True,True,True
2554,04ffff001d02f601,502,True,True,True
2555,04ffff001d02fa01,506,True,True,True
2558,04ffff001d020e02,526,True,True,True
2559,04ffff001d021c02,540,True,True,True
2560,04ffff001d022102,545,True,True,True
2561,04ffff001d023002,560,True,True,True
2562,04ffff001d023d02,573,True,True,True
2563,04ffff001d024002,576,True,True,True
2564,04ffff001d024302,579,True,True,True
2566,04ffff001d024c02,588,True,True,True
2567,04ffff001d025002,592,True,True,True
2569,04ffff001d026102,609,True,True,True
2571,04ffff001d026902,617,True,True,True
2572,04ffff001d027002,624,True,True,True
2573,04ffff001d027502,629,True,True,True
2574,04ffff001d027b02,635,True,True,True
2577,04ffff001d028b02,651,True,True,True
2578,04ffff001d029902,665,True,True,True
2579,04ffff001d029a02,666,True,True,True
2580,04ffff001d029e02,670,True,True,True
2582,04ffff001d02a602,678,True,True,True
2583,04ffff001d02ad02,685,True,True,True
2584,04ffff001d02b002,688,True,True,True
2585,04ffff001d02b602,694,True,True,True
2586,04ffff001d02b702,695,True,True,True
2587,04ffff001d02b802,696,True,True,True
2588,04ffff001d02ba02,698,True,True,True
2589,04ffff001d02cc02,716,True,True,True
2590,04ffff001d02ce02,718,True,True,True
2593,04ffff001d02d002,720,True,True,True
2594,04ffff001d02d202,722,True,True,True
2595,04ffff001d02da02,730,True,True,True
2596,04ffff001d02e702,743,True,True,True
2598,04ffff001d02ef02,751,True,True,True
2601,04ffff001d02f402,756,True,True,True
2603,04ffff001d020303,771,True,True,True
2604,04ffff001d021003,784,True,True,True
2605,04ffff001d021c03,796,True,True,True
2606,04ffff001d022303,803,True,True,True
2609,04ffff001d022c03,812,True,True,True
2610,04ffff001d023003,816,True,True,True
2613,04ffff001d023903,825,True,True,True
2615,04ffff001d023f03,831,True,True,True
2616,04ffff001d024803,840,True,True,True
2617,04ffff001d025003,848,True,True,True
2619,04ffff001d025c03,860,True,True,True
2622,04ffff001d026303,867,True,True,True
2624,04ffff001d026403,868,True,True,True
2626,04ffff001d026703,871,True,True,True
2627,04ffff001d026a03,874,True,True,True
2629,04ffff001d027203,882,True,True,True
2631,04ffff001d027503,885,True,True,True
2633,04ffff001d028d03,909,True,True,True
2635,04ffff001d029803,920,True,True,True
2637,04ffff001d029d03,925,True,True,True
2638,04ffff001d029f03,927,True,True,True
2639,04ffff001d02aa03,938,True,True,True
2640,04ffff001d02b703,951,True,True,True
2641,04ffff001d02b803,952,True,True,True
2642,04ffff001d02c803,968,True,True,True
2645,04ffff001d02ce03,974,True,True,True
2646,04ffff001d02cf03,975,True,True,True
2647,04ffff001d02d303,979,True,True,True
2648,04ffff001d02da03,986,True,True,True
2649,04ffff001d02db03,987,True,True,True
2650,04ffff001d02ed03,1005,True,True,True
2652,04ffff001d02f403,1012,True,True,True
2653,04ffff001d02f603,1014,True,True,True
2655,04ffff001d020c04,1036,True,True,True
2657,04ffff001d021504,1045,True,True,True
2660,04ffff001d021604,1046,True,True,True
2661,04ffff001d022404,1060,True,True,True
2663,04ffff001d023604,1078,True,True,True
2666,04ffff001d024304,1091,True,True,True
2667,04ffff001d024404,1092,True,True,True
2668,04ffff001d025004,1104,True,True,True
2670,04ffff001d025104,1105,True,True,True
2671,04ffff001d025304,1107,True,True,True
2674,04ffff001d025604,1110,True,True,True
2675,04ffff001d026004,1120,True,True,True
2677,04ffff001d026704,1127,True,True,True
2678,04ffff001d026e04,1134,True,True,True
2679,04ffff001d027404,1140,True,True,True
2680,04ffff001d027504,1141,True,True,True
2681,04ffff001d028104,1153,True,True,True
2682,04ffff001d028504,1157,True,True,True
2683,04ffff001d028604,1158,True,True,True
2687,04ffff001d028804,1160,True,True,True
2689,04ffff001d028e04,1166,True,True,True
2691,04ffff001d029404,1172,True,True,True
2692,04ffff001d02a104,1185,True,True,True
2694,04ffff001d02a804,1192,True,True,True
2695,04ffff001d02ac04,1196,True,True,True
2699,04ffff001d02b904,1209,True,True,True
2700,04ffff001d02c404,1220,True,True,True
2701,04ffff001d02c504,1221,True,True,True
2703,04ffff001d02ca04,1226,True,True,True
2704,04ffff001d02d004,1232,True,True,True
2705,04ffff001d02d104,1233,True,True,True
2707,04ffff001d02d204,1234,True,True,True
2708,04ffff001d02d504,1237,True,True,True
2709,04ffff001d02d604,1238,True,True,True
2710,04ffff001d02d704,1239,True,True,True
2711,04ffff001d02e404,1252,True,True,True
2712,04ffff001d02e504,1253,True,True,True
2713,04ffff001d02eb04,1259,True,True,True
2714,04ffff001d02ec04,1260,True,True,True
2715,04ffff001d02f104,1265,True,True,True
2719,04ffff001d02fe04,1278,True,True,True
2720,04ffff001d020005,1280,True,True,True
2721,04ffff001d020505,1285,True,True,True
2722,04ffff001d020c05,1292,True,True,True
2724,04ffff001d020d05,1293,True,True,True
2725,04ffff001d021d05,1309,True,True,True
2726,04ffff001d022005,1312,True,True,True
2729,04ffff001d022605,1318,True,True,True
2730,04ffff001d023405,1332,True,True,True
2732,04ffff001d023f05,1343,True,True,True
2734,04ffff001d024105,1345,True,True,True
2736,04ffff001d024a05,1354,True,True,True
2737,04ffff001d024b05,1355,True,True,True
2739,04ffff001d024c05,1356,True,True,True
2741,04ffff001d024d05,1357,True,True,True
2742,04ffff001d025005,1360,True,True,True
2743,04ffff001d025305,1363,True,True,True
2744,04ffff001d025705,1367,True,True,True
2745,04ffff001d026205,1378,True,True,True
2746,04ffff001d026a05,1386,True,True,True
2747,04ffff001d026b05,1387,True,True,True
2749,04ffff001d027e05,1406,True,True,True
2750,04ffff001d028305,1411,True,True,True
2751,04ffff001d028705,1415,True,True,True
2752,04ffff001d028805,1416,True,True,True
2753,04ffff001d028f05,1423,True,True,True
2754,04ffff001d029305,1427,True,True,True
2756,04ffff001d029405,1428,True,True,True
2757,04ffff001d029705,1431,True,True,True
2758,04ffff001d02b905,1465,True,True,True
2761,04ffff001d02ba05,1466,True,True,True
2763,04ffff001d02bc05,1468,True,True,True
2765,04ffff001d02bf05,1471,True,True,True
2766,04ffff001d02c105,1473,True,True,True
2767,04ffff001d02c905,1481,True,True,True
2769,04ffff001d02cc05,1484,True,True,True
2770,04ffff001d02d105,1489,True,True,True
2773,04ffff001d02d705,1495,True,True,True
2774,04ffff001d02d905,1497,True,True,True
2776,04ffff001d02ea05,1514,True,True,True
2777,04ffff001d02eb05,1515,True,True,True
2778,04ffff001d02ed05,1517,True,True,True
2780,04ffff001d02ef05,1519,True,True,True
2781,04ffff001d02f105,1521,True,True,True
2784,04ffff001d02fb05,1531,True,True,True
2785,04ffff001d02fc05,1532,True,True,True
2786,04ffff001d02fd05,1533,True,True,True
2788,04ffff001d020206,1538,True,True,True
2789,04ffff001d020a06,1546,True,True,True
2791,04ffff001d020b06,1547,True,True,True
2792,04ffff001d021306,1555,True,True,True
2793,04ffff001d021606,1558,True,True,True
2795,04ffff001d021b06,1563,True,True,True
2796,04ffff001d021c06,1564,True,True,True
2797,04ffff001d021d06,1565,True,True,True
2799,04ffff001d021f06,1567,True,True,True
2801,04ffff001d022006,1568,True,True,True
2802,04ffff001d022206,1570,True,True,True
2803,04ffff001d022506,1573,True,True,True
2804,04ffff001d022606,1574,True,True,True
2808,04ffff001d023406,1588,True,True,True
2809,04ffff001d023706,1591,True,True,True
2810,04ffff001d023906,1593,True,True,True
2811,04ffff001d023f06,1599,True,True,True
2812,04ffff001d024006,1600,True,True,True
2814,04ffff001d024106,1601,True,True,True
2817,04ffff001d024606,1606,True,True,True
2819,04ffff001d024f06,1615,True,True,True
2822,04ffff001d025106,1617,True,True,True
2823,04ffff001d025806,1624,True,True,True
2824,04ffff001d025b06,1627,True,True,True
2828,04ffff001d026906,1641,True,True,True
2829,04ffff001d027806,1656,True,True,True
2830,04ffff001d028406,1668,True,True,True
2832,04ffff001d028606,1670,True,True,True
2833,04ffff001d029006,1680,True,True,True
2834,04ffff001d029b06,1691,True,True,True
2835,04ffff001d02a006,1696,True,True,True
2836,04ffff001d02a606,1702,True,True,True
2837,04ffff001d02ad06,1709,True,True,True
2838,04ffff001d02b106,1713,True,True,True
2839,04ffff001d02b306,1715,True,True,True
2840,04ffff001d02b806,1720,True,True,True
2841,04ffff001d02bc06,1724,True,True,True
2842,04ffff001d02be06,1726,True,True,True
2844,04ffff001d02c106,1729,True,True,True
2846,04ffff001d02c206,1730,True,True,True
2847,04ffff001d02c306,1731,True,True,True
2849,04ffff001d02c506,1733,True,True,True
2851,04ffff001d02c606,1734,True,True,True
2852,04ffff001d02ca06,1738,True,True,True
2855,04ffff001d02cb06,1739,True,True,True
2856,04ffff001d02cd06,1741,True,True,True
2858,04ffff001d02dd06,1757,True,True,True
2859,04ffff001d02eb06,1771,True,True,True
2860,04ffff001d02ed06,1773,True,True,True
2861,04ffff001d02ef06,1775,True,True,True
2863,04ffff001d02f406,1780,True,True,True
2864,04ffff001d02f806,1784,True,True,True
2866,04ffff001d02fe06,1790,True,True,True
2868,04ffff001d02ff06,1791,True,True,True
2869,04ffff001d020007,1792,True,True,True
2873,04ffff001d020507,1797,True,True,True
2874,04ffff001d020607,1798,True,True,True
2875,04ffff001d020707,1799,True,True,True
2876,04ffff001d020c07,1804,True,True,True
2877,04ffff001d021107,1809,True,True,True
2878,04ffff001d022107,1825,True,True,True
2879,04ffff001d022407,1828,True,True,True
2880,04ffff001d022807,1832,True,True,True
2882,04ffff001d022a07,1834,True,True,True
2885,04ffff001d023a07,1850,True,True,True
2886,04ffff001d023b07,1851,True,True,True
2887,04ffff001d024207,1858,True,True,True
2888,04ffff001d024407,1860,True,True,True
2889,04ffff001d024807,1864,True,True,True
2890,04ffff001d024d07,1869,True,True,True
2892,04ffff001d025307,1875,True,True,True
2894,04ffff001d025607,1878,True,True,True
2896,04ffff001d025707,1879,True,True,True
2897,04ffff001d025807,1880,True,True,True
2899,04ffff001d025907,1881,True,True,True
2900,04ffff001d025b07,1883,True,True,True
2902,04ffff001d025e07,1886,True,True,True
2903,04ffff001d026107,1889,True,True,True
2907,04ffff001d026607,1894,True,True,True
2908,04ffff001d027207,1906,True,True,True
2909,04ffff001d027407,1908,True,True,True
2910,04ffff001d027707,1911,True,True,True
2911,04ffff001d028607,1926,True,True,True
2912,04ffff001d028807,1928,True,True,True
2913,04ffff001d029007,1936,True,True,True
2914,04ffff001d029307,1939,True,True,True
2915,04ffff001d029407,1940,True,True,True
2916,04ffff001d029507,1941,True,True,True
2918,04ffff001d02a407,1956,True,True,True
2924,04ffff001d0108,8,True,True,True
2925,04ffff001d0109,9,True,True,True
2926,04ffff001d0116,22,True,True,True
2927,04ffff001d0135,53,True,True,True
2928,04ffff001d013b,59,True,True,True
2930,04ffff001d013c,60,True,True,True
2931,04ffff001d013e,62,True,True,True
2932,04ffff001d0142,66,True,True,True
2933,04ffff001d0147,71,True,True,True
2935,04ffff001d0151,81,True,True,True
2936,04ffff001d0153,83,True,True,True
2937,04ffff001d0156,86,True,True,True
2939,04ffff001d015f,95,True,True,True
2941,04ffff001d016d,109,True,True,True
2942,04ffff001d028800,136,True,True,True
2944,04ffff001d028c00,140,True,True,True
2945,04ffff001d029000,144,True,True,True
2947,04ffff001d029300,147,True,True,True
2949,04ffff001d029500,149,True,True,True
2950,04ffff001d029f00,159,True,True,True
2951,04ffff001d02a500,165,True,True,True
2952,04ffff001d02ac00,172,True,True,True
2953,04ffff001d02ad00,173,True,True,True
2955,04ffff001d02af00,175,True,True,True
2957,04ffff001d02bd00,189,True,True,True
2960,04ffff001d02c500,197,True,True,True
2961,04ffff001d02c600,198,True,True,True
2962,04ffff001d02c900,201,True,True,True
2964,04ffff001d02cd00,205,True,True,True
2965,04ffff001d02d100,209,True,True,True
2966,04ffff001d02d200,210,True,True,True
2968,04ffff001d02d400,212,True,True,True
2969,04ffff001d02de00,222,True,True,True
2970,04ffff001d02e100,225,True,True,True
2971,04ffff001d02e700,231,True,True,True
2972,04ffff001d02ef00,239,True,True,True
2973,04ffff001d02fa00,250,True,True,True
2974,04ffff001d02fe00,254,True,True,True
2975,04ffff001d020301,259,True,True,True
2976,04ffff001d020a01,266,True,True,True
2979,04ffff001d020c01,268,True,True,True
2980,04ffff001d020f01,271,True,True,True
2981,04ffff001d021901,281,True,True,True
2982,04ffff001d022001,288,True,True,True
2983,04ffff001d022101,289,True,True,True
2985,04ffff001d023601,310,True,True,True
2987,04ffff001d023801,312,True,True,True
2988,04ffff001d023b01,315,True,True,True
2989,04ffff001d023d01,317,True,True,True
2991,04ffff001d023f01,319,True,True,True
2992,04ffff001d024d01,333,True,True,True
2994,04ffff001d025101,337,True,True,True
2996,04ffff001d025601,342,True,True,True
2997,04ffff001d025701,343,True,True,True
2998,04ffff001d025901,345,True,True,True
2999,04ffff001d026d01,365,True,True,True
3000,04ffff001d026f01,367,True,True,True
3001,04ffff001d027001,368,True,True,True
3002,04ffff001d027101,369,True,True,True
3003,04ffff001d027701,375,True,True,True
3005,04ffff001d027b01,379,True,True,True
3006,04ffff001d028001,384,True,True,True
3008,04ffff001d028c01,396,True,True,True
3009,04ffff001d028f01,399,True,True,True
3011,04ffff001d029501,405,True,True,True
3012,04ffff001d029901,409,True,True,True
3013,04ffff001d029f01,415,True,True,True
3015,04ffff001d02a201,418,True,True,True
3016,04ffff001d02a501,421,True,True,True
3018,04ffff001d02b501,437,True,True,True
3019,04ffff001d02b601,438,True,True,True
3021,04ffff001d02ba01,442,True,True,True
3022,04ffff001d02bc01,444,True,True,True
3024,04ffff001d02bd01,445,True,True,True
3025,04ffff001d02c101,449,True,True,True
3026,04ffff001d02c301,451,True,True,True
3027,04ffff001d02c901,457,True,True,True
3029,04ffff001d02cf01,463,True,True,True
3030,04ffff001d02d001,464,True,True,True
3031,04ffff001d02d301,467,True,True,True
3033,04ffff001d02d501,469,True,True,True
3034,04ffff001d02d601,470,True,True,True
3037,04ffff001d0103,3,True,True,True
3039,04ffff001d0106,6,True,True,True
3040,04ffff001d0108,8,True,True,True
3041,04ffff001d0111,17,True,True,True
3042,04ffff001d0116,22,True,True,True
3043,04ffff001d011b,27,True,True,True
3045,04ffff001d0121,33,True,True,True
3047,04ffff001d0122,34,True,True,True
3049,04ffff001d012b,43,True,True,True
3050,04ffff001d012c,44,True,True,True
3051,04ffff001d0138,56,True,True,True
3052,04ffff001d013a,58,True,True,True
3054,04ffff001d0140,64,True,True,True
3055,04ffff001d0145,69,True,True,True
3060,04ffff001d015f,95,True,True,True
3062,04ffff001d0168,104,True,True,True
3063,04ffff001d016c,108,True,True,True
3064,04ffff001d016e,110,True,True,True
3065,04ffff001d0176,118,True,True,True
3066,04ffff001d0177,119,True,True,True
3067,04ffff001d017d,125,True,True,True
3068,04ffff001d017e,126,True,True,True
3070,04ffff001d028900,137,True,True,True
3071,04ffff001d029700,151,True,True,True
3072,04ffff001d02a100,161,True,True,True
3073,04ffff001d02ac00,172,True,True,True
3074,04ffff001d02c100,193,True,True,True
3075,04ffff001d02c600,198,True,True,True
3076,04ffff001d02d100,209,True,True,True
3077,04ffff001d02d500,213,True,True,True
3078,04ffff001d02d800,216,True,True,True
3080,04ffff001d02da00,218,True,True,True
3081,04ffff001d02e700,231,True,True,True
3082,04ffff001d02ed00,237,True,True,True
3083,04ffff001d02f000,240,True,True,True
3084,04ffff001d02f100,241,True,True,True
3085,04ffff001d02f200,242,True,True,True
3086,04ffff001d02f400,244,True,True,True
3087,04ffff001d02f700,247,True,True,True
3088,04ffff001d02f900,249,True,True,True
3089,04ffff001d020501,261,True,True,True
3090,04ffff001d020601,262,True,True,True
3092,04ffff001d020a01,266,True,True,True
3093,04ffff001d020b01,267,True,True,True
3094,04ffff001d021f01,287,True,True,True
3096,04ffff001d022401,292,True,True,True
3097,04ffff001d022701,295,True,True,True
3099,04ffff001d022801,296,True,True,True
3101,04ffff001d022f01,303,True,True,True
3102,04ffff001d023901,313,True,True,True
3104,04ffff001d024201,322,True,True,True
3105,04ffff001d024801,328,True,True,True
3107,04ffff001d024e01,334,True,True,True
3108,04ffff001d025101,337,True,True,True
3109,04ffff001d025501,341,True,True,True
3110,04ffff001d025e01,350,True,True,True
3112,04ffff001d026001,352,True,True,True
3113,04ffff001d026401,356,True,True,True
3114,04ffff001d026601,358,True,True,True
3115,04ffff001d026801,360,True,True,True
3118,04ffff001d027801,376,True,True,True
3120,04ffff001d027c01,380,True,True,True
3122,04ffff001d027e01,382,True,True,True
3123,04ffff001d028101,385,True,True,True
3125,04ffff001d028c01,396,True,True,True
3127,04ffff001d029901,409,True,True,True
3129,04ffff001d029a01,410,True,True,True
3130,04ffff001d02a401,420,True,True,True
3131,04ffff001d02b001,432,True,True,True
3133,04ffff001d02b201,434,True,True,True
3134,04ffff001d02b301,435,True,True,True
3135,04ffff001d02b701,439,True,True,True
3137,04ffff001d02bc01,444,True,True,True
3139,04ffff001d02c101,449,True,True,True
3140,04ffff001d02c801,456,True,True,True
3143,04ffff001d02d301,467,True,True,True
3144,04ffff001d02d401,468,True,True,True
3145,04ffff001d02d701,471,True,True,True
3149,04ffff001d02f101,497,True,True,True
3150,04ffff001d020102,513,True,True,True
3152,04ffff001d020a02,522,True,True,True
3153,04ffff001d020b02,523,True,True,True
3155,04ffff001d020d02,525,True,True,True
3156,04ffff001d020e02,526,True,True,True
3157,04ffff001d021302,531,True,True,True
3161,04ffff001d022b02,555,True,True,True
3162,04ffff001d022d02,557,True,True,True
3163,04ffff001d023002,560,True,True,True
3166,04ffff001d023202,562,True,True,True
3168,04ffff001d023602,566,True,True,True
3169,04ffff001d023b02,571,True,True,True
3172,04ffff001d024002,576,True,True,True
3173,04ffff001d024802,584,True,True,True
3175,04ffff001d024d02,589,True,True,True
3176,04ffff001d025502,597,True,True,True
3177,04ffff001d025802,600,True,True,True
3178,04ffff001d025b02,603,True,True,True
3180,04ffff001d025c02,604,True,True,True
3181,04ffff001d025f02,607,True,True,True
3183,04ffff001d026202,610,True,True,True
3184,04ffff001d026f02,623,True,True,True
3185,04ffff001d027502,629,True,True,True
3187,04ffff001d028202,642,True,True,True
3188,04ffff001d028702,647,True,True,True
3190,04ffff001d028a02,650,True,True,True
3191,04ffff001d028f02,655,True,True,True
3193,04ffff001d029302,659,True,True,True
3195,04ffff001d029602,662,True,True,True
3196,04ffff001d02a402,676,True,True,True
3197,04ffff001d02a702,679,True,True,True
3198,04ffff001d02b002,688,True,True,True
3199,04ffff001d02b302,691,True,True,True
3200,04ffff001d02be02,702,True,True,True
3201,04ffff001d02c002,704,True,True,True
3204,04ffff001d02d702,727,True,True,True
3206,04ffff001d02dc02,732,True,True,True
3207,04ffff001d02e102,737,True,True,True
3209,04ffff001d02e402,740,True,True,True
3210,04ffff001d02eb02,747,True,True,True
3211,04ffff001d02ec02,748,True,True,True
3212,04ffff001d02ed02,749,True,True,True
3213,04ffff001d02f102,753,True,True,True
3214,04ffff001d02f502,757,True,True,True
3216,04ffff001d02f602,758,True,True,True
3217,04ffff001d020703,775,True,True,True
3218,04ffff001d020803,776,True,True,True
3219,04ffff001d020903,777,True,True,True
3221,04ffff001d020c03,780,True,True,True
3222,04ffff001d021c03,796,True,True,True
3224,04ffff001d021e03,798,True,True,True
3227,04ffff001d022203,802,True,True,True
3228,04ffff001d022403,804,True,True,True
3229,04ffff001d022d03,813,True,True,True
3231,04ffff001d022e03,814,True,True,True
3232,04ffff001d023203,818,True,True,True
3233,04ffff001d023303,819,True,True,True
3234,04ffff001d023503,821,True,True,True
3235,04ffff001d023803,824,True,True,True
3236,04ffff001d024203,834,True,True,True
3237,04ffff001d024303,835,True,True,True
3238,04ffff001d024603,838,True,True,True
3239,04ffff001d024703,839,True,True,True
3241,04ffff001d024a03,842,True,True,True
3242,04ffff001d024b03,843,True,True,True
3243,04ffff001d024c03,844,True,True,True
3245,04ffff001d025003,848,True,True,True
3246,04ffff001d025103,849,True,True,True
3247,04ffff001d026403,868,True,True,True
3249,04ffff001d026c03,876,True,True,True
3251,04ffff001d027503,885,True,True,True
3252,04ffff001d027603,886,True,True,True
3253,04ffff001d027903,889,True,True,True
3255,04ffff001d027c03,892,True,True,True
3256,04ffff001d028303,899,True,True,True
3258,04ffff001d028a03,906,True,True,True
3259,04ffff001d029703,919,True,True,True
3260,04ffff001d029c03,924,True,True,True
3262,04ffff001d02a703,935,True,True,True
3263,04ffff001d02ac03,940,True,True,True
3264,04ffff001d02b003,944,True,True,True
3265,04ffff001d02be03,958,True,True,True
3267,04ffff001d02c103,961,True,True,True
3269,04ffff001d02c603,966,True,True,True
3270,04ffff001d02c703,967,True,True,True
3271,04ffff001d02c803,968,True,True,True
3272,04ffff001d02d103,977,True,True,True
3273,04ffff001d02de03,990,True,True,True
3274,04ffff001d02ea03,1002,True,True,True
3277,04ffff001d02eb03,1003,True,True,True
3278,04ffff001d02ee03,1006,True,True,True
3279,04ffff001d02f103,1009,True,True,True
3281,04ffff001d02f503,1013,True,True,True
3282,04ffff001d02f603,1014,True,True,True
3283,04ffff001d02f703,1015,True,True,True
3284,04ffff001d02fe03,1022,True,True,True
3285,04ffff001d020004,1024,True,True,True
3286,04ffff001d020104,1025,True,True,True
3287,04ffff001d020d04,1037,True,True,True
3289,04ffff001d021304,1043,True,True,True
3290,04ffff001d021904,1049,True,True,True
3291,04ffff001d021f04,1055,True,True,True
3292,04ffff001d022404,1060,True,True,True
3296,04ffff001d022704,1063,True,True,True
3297,04ffff001d022d04,1069,True,True,True
3299,04ffff001d022e04,1070,True,True,True
3300,04ffff001d023b04,1083,True,True,True
3301,04ffff001d023f04,1087,True,True,True
3302,04ffff001d024004,1088,True,True,True
3304,04ffff001d024604,1094,True,True,True
3305,04ffff001d026104,1121,True,True,True
3308,04ffff001d026904,1129,True,True,True
3309,04ffff001d026a04,1130,True,True,True
3310,04ffff001d026b04,1131,True,True,True
3311,04ffff001d027204,1138,True,True,True
3312,04ffff001d027804,1144,True,True,True
3313,04ffff001d027b04,1147,True,True,True
3314,04ffff001d028404,1156,True,True,True
3316,04ffff001d028d04,1165,True,True,True
3317,04ffff001d029404,1172,True,True,True
3319,04ffff001d029804,1176,True,True,True
3320,04ffff001d029d04,1181,True,True,True
3321,04ffff001d02a204,1186,True,True,True
3322,04ffff001d02a604,1190,True,True,True
3324,04ffff001d02a704,1191,True,True,True
3325,04ffff001d02ae04,1198,True,True,True
3327,04ffff001d02b804,1208,True,True,True
3329,04ffff001d02bc04,1212,True,True,True
3330,04ffff001d02cf04,1231,True,True,True
3332,04ffff001d02d304,1235,True,True,True
3333,04ffff001d02d404,1236,True,True,True
3335,04ffff001d02d904,1241,True,True,True
3337,04ffff001d02dc04,1244,True,True,True
3338,04ffff001d02e704,1255,True,True,True
3339,04ffff001d02ea04,1258,True,True,True
3340,04ffff001d02f504,1269,True,True,True
3341,04ffff001d02f704,1271,True,True,True
3342,04ffff001d02f804,1272,True,True,True
3343,04ffff001d02f904,1273,True,True,True
3344,04ffff001d02ff04,1279,True,True,True
3345,04ffff001d020405,1284,True,True,True
3347,04ffff001d020605,1286,True,True,True
3349,04ffff001d020805,1288,True,True,True
3351,04ffff001d021005,1296,True,True,True
3352,04ffff001d021705,1303,True,True,True
3353,04ffff001d021d05,1309,True,True,True
3354,04ffff001d022005,1312,True,True,True
3355,04ffff001d022605,1318,True,True,True
3359,04ffff001d023d05,1341,True,True,True
3362,04ffff001d024505,1349,True,True,True
3363,04ffff001d024d05,1357,True,True,True
3364,04ffff001d024f05,1359,True,True,True
3366,04ffff001d025605,1366,True,True,True
3367,04ffff001d025f05,1375,True,True,True
3369,04ffff001d026405,1380,True,True,True
3370,04ffff001d026a05,1386,True,True,True
3372,04ffff001d026b05,1387,True,True,True
3373,04ffff001d027105,1393,True,True,True
3375,04ffff001d027205,1394,True,True,True
3377,04ffff001d027505,1397,True,True,True
3378,04ffff001d028305,1411,True,True,True
3379,04ffff001d028705,1415,True,True,True
3380,04ffff001d028805,1416,True,True,True
3382,04ffff001d028d05,1421,True,True,True
3384,04ffff001d028e05,1422,True,True,True
3385,04ffff001d029305,1427,True,True,True
3386,04ffff001d029605,1430,True,True,True
3388,04ffff001d029705,1431,True,True,True
3389,04ffff001d029a05,1434,True,True,True
3392,04ffff001d029b05,1435,True,True,True
3393,04ffff001d029f05,1439,True,True,True
3394,04ffff001d02a505,1445,True,True,True
3395,04ffff001d02aa05,1450,True,True,True
3400,04ffff001d02b905,1465,True,True,True
3401,04ffff001d02bb05,1467,True,True,True
3402,04ffff001d02bc05,1468,True,True,True
3403,04ffff001d02bd05,1469,True,True,True
3405,04ffff001d02be05,1470,True,True,True
3408,04ffff001d02c705,1479,True,True,True
3410,04ffff001d02cc05,1484,True,True,True
3411,04ffff001d02cf05,1487,True,True,True
3412,04ffff001d02d005,1488,True,True,True
3414,04ffff001d02d305,1491,True,True,True
3415,04ffff001d02d505,1493,True,True,True
3417,04ffff001d02e505,1509,True,True,True
3420,04ffff001d02ed05,1517,True,True,True
3421,04ffff001d02ef05,1519,True,True,True
3422,04ffff001d02f705,1527,True,True,True
3423,04ffff001d02f805,1528,True,True,True
3424,04ffff001d02fa05,1530,True,True,True
3427,04ffff001d020606,1542,True,True,True
3429,04ffff001d020706,1543,True,True,True
3430,04ffff001d020a06,1546,True,True,True
3431,04ffff001d020e06,1550,True,True,True
3432,04ffff001d021506,1557,True,True,True
3433,04ffff001d021906,1561,True,True,True
3434,04ffff001d021b06,1563,True,True,True
3436,04ffff001d021c06,1564,True,True,True
3437,04ffff001d021e06,1566,True,True,True
3440,04ffff001d022906,1577,True,True,True
3441,04ffff001d022f06,1583,True,True,True
3443,04ffff001d023706,1591,True,True,True
3445,04ffff001d023806,1592,True,True,True
3446,04ffff001d023906,1593,True,True,True
3447,04ffff001d024706,1607,True,True,True
3448,04ffff001d024b06,1611,True,True,True
3449,04ffff001d024d06,1613,True,True,True
3452,04ffff001d024f06,1615,True,True,True
3453,04ffff001d025306,1619,True,True,True
3454,04ffff001d025b06,1627,True,True,True
3455,04ffff001d025d06,1629,True,True,True
3457,04ffff001d026306,1635,True,True,True
3459,04ffff001d027d06,1661,True,True,True
3460,04ffff001d028506,1669,True,True,True
3463,04ffff001d028606,1670,True,True,True
3464,04ffff001d028706,1671,True,True,True
3465,04ffff001d028d06,1677,True,True,True
3467,04ffff001d029106,1681,True,True,True
3468,04ffff001d029206,1682,True,True,True
3470,04ffff001d029a06,1690,True,True,True
3471,04ffff001d02a106,1697,True,True,True
3474,04ffff001d02aa06,1706,True,True,True
3475,04ffff001d02ae06,1710,True,True,True
3477,04ffff001d02b206,1714,True,True,True
3479,04ffff001d02b406,1716,True,True,True
3482,04ffff001d02bc06,1724,True,True,True
3484,04ffff001d02be06,1726,True,True,True
3485,04ffff001d02c306,1731,True,True,True
3486,04ffff001d02c606,1734,True,True,True
3487,04ffff001d02c806,1736,True,True,True
3490,04ffff001d02d306,1747,True,True,True
3491,04ffff001d02e606,1766,True,True,True
3492,04ffff001d02e706,1767,True,True,True
3493,04ffff001d02f106,1777,True,True,True
3494,04ffff001d02f206,1778,True,True,True
3495,04ffff001d02fc06,1788,True,True,True
3496,04ffff001d020b07,1803,True,True,True
3498,04ffff001d021007,1808,True,True,True
3499,04ffff001d021407,1812,True,True,True
3500,04ffff001d021707,1815,True,True,True
3501,04ffff001d021c07,1820,True,True,True
3505,04ffff001d022107,1825,True,True,True
3507,04ffff001d023807,1848,True,True,True
3510,04ffff001d023f07,1855,True,True,True
3511,04ffff001d024807,1864,True,True,True
3512,04ffff001d025107,1873,True,True,True
3515,04ffff001d026207,1890,True,True,True
3516,04ffff001d026b07,1899,True,True,True
3517,04ffff001d027107,1905,True,True,True
3519,04ffff001d027307,1907,True,True,True
3520,04ffff001d027507,1909,True,True,True
3522,04ffff001d027f07,1919,True,True,True
3524,04ffff001d028507,1925,True,True,True
3525,04ffff001d029407,1940,True,True,True
3526,04ffff001d029907,1945,True,True,True
3527,04ffff001d02a607,1958,True,True,True
3528,04ffff001d02b307,1971,True,True,True
3529,04ffff001d02bc07,1980,True,True,True
3531,04ffff001d02bf07,1983,True,True,True
3534,04ffff001d02c607,1990,True,True,True
3537,04ffff001d02c907,1993,True,True,True
3538,04ffff001d02d107,2001,True,True,True
3540,04ffff001d02de07,2014,True,True,True
3541,04ffff001d02e307,2019,True,True,True
3542,04ffff001d02e807,2024,True,True,True
3543,04ffff001d02ec07,2028,True,True,True
3545,04ffff001d02ed07,2029,True,True,True
3547,04ffff001d02f007,2032,True,True,True
3548,04ffff001d02f107,2033,True,True,True
3550,04ffff001d02f607,2038,True,True,True
3552,04ffff001d020008,2048,True,True,True
3553,04ffff001d020208,2050,True,True,True
3554,04ffff001d020308,2051,True,True,True
3555,04ffff001d020e08,2062,True,True,True
3556,04ffff001d020f08,2063,True,True,True
3558,04ffff001d021208,2066,True,True,True
3559,04ffff001d021908,2073,True,True,True
3560,04ffff001d021b08,2075,True,True,True
3562,04ffff001d021d08,2077,True,True,True
3564,04ffff001d022708,2087,True,True,True
3566,04ffff001d022e08,2094,True,True,True
3567,04ffff001d022f08,2095,True,True,True
3569,04ffff001d023808,2104,True,True,True
3570,04ffff001d024208,2114,True,True,True
3571,04ffff001d024f08,2127,True,True,True
3572,04ffff001d025208,2130,True,True,True
3574,04ffff001d025308,2131,True,True,True
3575,04ffff001d025408,2132,True,True,True
3576,04ffff001d025708,2135,True,True,True
3577,04ffff001d025808,2136,True,True,True
3578,04ffff001d025b08,2139,True,True,True
3579,04ffff001d025f08,2143,True,True,True
3580,04ffff001d026208,2146,True,True,True
3582,04ffff001d026508,2149,True,True,True
3583,04ffff001d026708,2151,True,True,True
3584,04ffff001d026a08,2154,True,True,True
3585,04ffff001d027108,2161,True,True,True
3586,04ffff001d027508,2165,True,True,True
3587,04ffff001d027708,2167,True,True,True
3588,04ffff001d027808,2168,True,True,True
3590,04ffff001d028008,2176,True,True,True
3591,04ffff001d028108,2177,True,True,True
3592,04ffff001d028308,2179,True,True,True
3593,04ffff001d028408,2180,True,True,True
3594,04ffff001d028b08,2187,True,True,True
3595,04ffff001d029408,2196,True,True,True
3597,04ffff001d029b08,2203,True,True,True
3599,04ffff001d029f08,2207,True,True,True
3600,04ffff001d02a208,2210,True,True,True
3601,04ffff001d02a408,2212,True,True,True
3603,04ffff001d02b708,2231,True,True,True
3605,04ffff001d02b808,2232,True,True,True
3606,04ffff001d02ba08,2234,True,True,True
3608,04ffff001d02bf08,2239,True,True,True
3610,04ffff001d02c108,2241,True,True,True
3611,04ffff001d02c408,2244,True,True,True
3613,04ffff001d02c508,2245,True,True,True
3615,04ffff001d02d308,2259,True,True,True
3616,04ffff001d02d908,2265,True,True,True
3618,04ffff001d02db08,2267,True,True,True
3621,04ffff001d02e108,2273,True,True,True
3622,04ffff001d02e508,2277,True,True,True
3625,04ffff001d02ed08,2285,True,True,True
3626,04ffff001d02f108,2289,True,True,True
3630,04ffff001d02fa08,2298,True,True,True
3631,04ffff001d020009,2304,True,True,True
3634,04ffff001d020409,2308,True,True,True
3635,04ffff001d020809,2312,True,True,True
3637,04ffff001d020d09,2317,True,True,True
3639,04ffff001d021709,2327,True,True,True
3640,04ffff001d021c09,2332,True,True,True
3641,04ffff001d022309,2339,True,True,True
3642,04ffff001d022a09,2346,True,True,True
3643,04ffff001d022d09,2349,True,True,True
3645,04ffff001d023009,2352,True,True,True
3646,04ffff001d023109,2353,True,True,True
3647,04ffff001d023809,2360,True,True,True
3650,04ffff001d023909,2361,True,True,True
3653,04ffff001d023f09,2367,True,True,True
3655,04ffff001d024409,2372,True,True,True
3658,04ffff001d025009,2384,True,True,True
3659,04ffff001d025309,2387,True,True,True
3661,04ffff001d026a09,2410,True,True,True
3663,04ffff001d027409,2420,True,True,True
3664,04ffff001d027809,2424,True,True,True
3666,04ffff001d027a09,2426,True,True,True
3667,04ffff001d027c09,2428,True,True,True
3668,04ffff001d027d09,2429,True,True,True
3671,04ffff001d027f09,2431,True,True,True
3673,04ffff001d028d09,2445,True,True,True
3674,04ffff001d028f09,2447,True,True,True
3675,04ffff001d02a409,2468,True,True,True
3676,04ffff001d02a709,2471,True,True,True
3677,04ffff001d02b109,2481,True,True,True
3678,04ffff001d02c709,2503,True,True,True
3680,04ffff001d02d009,2512,True,True,True
3681,04ffff001d02d309,2515,True,True,True
3684,04ffff001d02d409,2516,True,True,True
3687,04ffff001d02d709,2519,True,True,True
3689,04ffff001d02d809,2520,True,True,True
3690,04ffff001d02db09,2523,True,True,True
3691,04ffff001d02de09,2526,True,True,True
3693,04ffff001d02e509,2533,True,True,True
3694,04ffff001d02ec09,2540,True,True,True
3696,04ffff001d02ed09,2541,True,True,True
3698,04ffff001d02f109,2545,True,True,True
3699,04ffff001d02fd09,2557,True,True,True
3702,04ffff001d02000a,2560,True,True,True
3703,04ffff001d02060a,2566,True,True,True
3704,04ffff001d020d0a,2573,True,True,True
3705,04ffff001d020f0a,2575,True,True,True
3706,04ffff001d02100a,2576,True,True,True
3707,04ffff001d02170a,2583,True,True,True
3708,04ffff001d02200a,2592,True,True,True
3709,04ffff001d022a0a,2602,True,True,True
3710,04ffff001d022e0a,2606,True,True,True
3711,04ffff001d02370a,2615,True,True,True
3713,04ffff001d0103,3,True,True,True
3714,04ffff001d0104,4,True,True,True
3715,04ffff001d0107,7,True,True,True
3717,04ffff001d010e,14,True,True,True
3718,04ffff001d0111,17,True,True,True
3719,04ffff001d0115,21,True,True,True
3720,04ffff001d0119,25,True,True,True
3722,04ffff001d011a,26,True,True,True
3723,04ffff001d0122,34,True,True,True
3724,04ffff001d012d,45,True,True,True
3725,04ffff001d012e,46,True,True,True
3726,04ffff001d012f,47,True,True,True
3727,04ffff001d0133,51,True,True,True
3728,04ffff001d0136,54,True,True,True
3729,04ffff001d0139,57,True,True,True
3730,04ffff001d0140,64,True,True,True
3731,04ffff001d014d,77,True,True,True
3733,04ffff001d014f,79,True,True,True
3734,04ffff001d0155,85,True,True,True
3735,04ffff001d015c,92,True,True,True
3737,04ffff001d0164,100,True,True,True
3738,04ffff001d016d,109,True,True,True
3740,04ffff001d0174,116,True,True,True
3741,04ffff001d0176,118,True,True,True
3742,04ffff001d0177,119,True,True,True
3743,04ffff001d028500,133,True,True,True
3746,04ffff001d029300,147,True,True,True
3747,04ffff001d029400,148,True,True,True
3748,04ffff001d029700,151,True,True,True
3749,04ffff001d02a000,160,True,True,True
3750,04ffff001d02a500,165,True,True,True
3751,04ffff001d02ab00,171,True,True,True
3752,04ffff001d02b400,180,True,True,True
3754,04ffff001d02b500,181,True,True,True
3755,04ffff001d02be00,190,True,True,True
3756,04ffff001d02c400,196,True,True,True
3757,04ffff001d02c600,198,True,True,True
3760,04ffff001d02cb00,203,True,True,True
3761,04ffff001d02d500,213,True,True,True
3763,04ffff001d02d700,215,True,True,True
3764,04ffff001d02db00,219,True,True,True
3765,04ffff001d02dc00,220,True,True,True
3767,04ffff001d02de00,222,True,True,True
3769,04ffff001d02df00,223,True,True,True
3770,04ffff001d02e300,227,True,True,True
3771,04ffff001d02ef00,239,True,True,True
3775,04ffff001d02f100,241,True,True,True
3776,04ffff001d02f800,248,True,True,True
3777,04ffff001d02fd00,253,True,True,True
3779,04ffff001d020001,256,True,True,True
3780,04ffff001d020101,257,True,True,True
3781,04ffff001d020601,262,True,True,True
3782,04ffff001d020a01,266,True,True,True
3783,04ffff001d020f01,271,True,True,True
3786,04ffff001d021001,272,True,True,True
3787,04ffff001d021501,277,True,True,True
3789,04ffff001d021c01,284,True,True,True
3790,04ffff001d022301,291,True,True,True
3791,04ffff001d022601,294,True,True,True
3792,04ffff001d023201,306,True,True,True
3793,04ffff001d023d01,317,True,True,True
3794,04ffff001d023e01,318,True,True,True
3795,04ffff001d024901,329,True,True,True
3796,04ffff001d024d01,333,True,True,True
3798,04ffff001d024f01,335,True,True,True
3800,04ffff001d025901,345,True,True,True
3801,04ffff001d025c01,348,True,True,True
3802,04ffff001d025e01,350,True,True,True
3803,04ffff001d025f01,351,True,True,True
3806,04ffff001d026501,357,True,True,True
3807,04ffff001d026701,359,True,True,True
3808,04ffff001d026a01,362,True,True,True
3812,04ffff001d026d01,365,True,True,True
3815,04ffff001d026e01,366,True,True,True
3816,04ffff001d027501,373,True,True,True
3818,04ffff001d027f01,383,True,True,True
3819,04ffff001d028401,388,True,True,True
3820,04ffff001d028701,391,True,True,True
3823,04ffff001d028a01,394,True,True,True
3824,04ffff001d028d01,397,True,True,True
3826,04ffff001d029101,401,True,True,True
3829,04ffff001d02b601,438,True,True,True
3830,04ffff001d02b701,439,True,True,True
3831,04ffff001d02bb01,443,True,True,True
3832,04ffff001d02c001,448,True,True,True
3834,04ffff001d02c101,449,True,True,True
3835,04ffff001d02c801,456,True,True,True
3837,04ffff001d02c901,457,True,True,True
3838,04ffff001d02cb01,459,True,True,True
3840,04ffff001d02d001,464,True,True,True
3841,04ffff001d02d301,467,True,True,True
3842,04ffff001d02db01,475,True,True,True
3843,04ffff001d02e501,485,True,True,True
3846,04ffff001d02e601,486,True,True,True
3847,04ffff001d02e701,487,True,True,True
3848,04ffff001d02ec01,492,True,True,True
3850,04ffff001d02fa01,506,True,True,True
3852,04ffff001d02fc01,508,True,True,True
3853,04ffff001d02fd01,509,True,True,True
3854,04ffff001d02ff01,511,True,True,True
3855,04ffff001d020102,513,True,True,True
3856,04ffff001d020902,521,True,True,True
3857,04ffff001d020a02,522,True,True,True
3859,04ffff001d020c02,524,True,True,True
3862,04ffff001d021202,530,True,True,True
3864,04ffff001d021302,531,True,True,True
3865,04ffff001d021602,534,True,True,True
3866,04ffff001d021802,536,True,True,True
3867,04ffff001d022002,544,True,True,True
3868,04ffff001d022102,545,True,True,True
3870,04ffff001d022402,548,True,True,True
3872,04ffff001d022a02,554,True,True,True
3873,04ffff001d023002,560,True,True,True
3874,04ffff001d023a02,570,True,True,True
3875,04ffff001d023c02,572,True,True,True
3876,04ffff001d023f02,575,True,True,True
3877,04ffff001d024102,577,True,True,True
3878,04ffff001d024402,580,True,True,True
3880,04ffff001d024502,581,True,True,True
3883,04ffff001d024a02,586,True,True,True
3884,04ffff001d024c02,588,True,True,True
3886,04ffff001d024d02,589,True,True,True
3888,04ffff001d026002,608,True,True,True
3889,04ffff001d027802,632,True,True,True
3890,04ffff001d027902,633,True,True,True
3891,04ffff001d028202,642,True,True,True
3892,04ffff001d028702,647,True,True,True
3894,04ffff001d028d02,653,True,True,True
3895,04ffff001d029002,656,True,True,True
3896,04ffff001d02a102,673,True,True,True
3897,04ffff001d02a702,679,True,True,True
3899,04ffff001d02ab02,683,True,True,True
3900,04ffff001d02ac02,684,True,True,True
3901,04ffff001d02b002,688,True,True,True
3902,04ffff001d02b102,689,True,True,True
3905,04ffff001d02b202,690,True,True,True
3906,04ffff001d02ba02,698,True,True,True
3907,04ffff001d02cf02,719,True,True,True
3908,04ffff001d02dc02,732,True,True,True
3910,04ffff001d02ea02,746,True,True,True
3911,04ffff001d02eb02,747,True,True,True
3912,04ffff001d02ed02,749,True,True,True
3913,04ffff001d020203,770,True,True,True
3914,04ffff001d020a03,778,True,True,True
3915,04ffff001d021103,785,True,True,True
3916,04ffff001d021203,786,True,True,True
3917,04ffff001d021403,788,True,True,True
3919,04ffff001d022003,800,True,True,True
3920,04ffff001d022c03,812,True,True,True
3921,04ffff001d022f03,815,True,True,True
3922,04ffff001d023703,823,True,True,True
3923,04ffff001d023b03,827,True,True,True
3925,04ffff001d023c03,828,True,True,True
3926,04ffff001d023e03,830,True,True,True
3927,04ffff001d024903,841,True,True,True
3929,04ffff001d024a03,842,True,True,True
3930,04ffff001d025203,850,True,True,True
3931,04ffff001d025703,855,True,True,True
3932,04ffff001d025803,856,True,True,True
3936,04ffff001d025a03,858,True,True,True
3937,04ffff001d025b03,859,True,True,True
3939,04ffff001d025f03,863,True,True,True
3940,04ffff001d026303,867,True,True,True
3941,04ffff001d026603,870,True,True,True
3943,04ffff001d027103,881,True,True,True
3944,04ffff001d027e03,894,True,True,True
3946,04ffff001d028d03,909,True,True,True
3947,04ffff001d029003,912,True,True,True
3948,04ffff001d029503,917,True,True,True
3950,04ffff001d029703,919,True,True,True
3951,04ffff001d029903,921,True,True,True
3952,04ffff001d029d03,925,True,True,True
3954,04ffff001d02a003,928,True,True,True
3956,04ffff001d02a603,934,True,True,True
3957,04ffff001d02a803,936,True,True,True
3959,04ffff001d02ae03,942,True,True,True
3960,04ffff001d02b003,944,True,True,True
3962,04ffff001d02b203,946,True,True,True
3963,04ffff001d02b903,953,True,True,True
3964,04ffff001d02bf03,959,True,True,True
3966,04ffff001d02c803,968,True,True,True
3967,04ffff001d02c903,969,True,True,True
3968,04ffff001d02d503,981,True,True,True
3969,04ffff001d02d603,982,True,True,True
3970,04ffff001d02db03,987,True,True,True
3972,04ffff001d02e803,1000,True,True,True
3974,04ffff001d02ea03,1002,True,True,True
3975,04ffff001d02eb03,1003,True,True,True
3976,04ffff001d02f603,1014,True,True,True
3977,04ffff001d02fa03,1018,True,True,True
3978,04ffff001d02fc03,1020,True,True,True
3979,04ffff001d020204,1026,True,True,True
3981,04ffff001d020704,1031,True,True,True
3982,04ffff001d021304,1043,True,True,True
3983,04ffff001d021704,1047,True,True,True
3984,04ffff001d021804,1048,True,True,True
3986,04ffff001d021904,1049,True,True,True
3988,04ffff001d021d04,1053,True,True,True
3989,04ffff001d021f04,1055,True,True,True
3990,04ffff001d022404,1060,True,True,True
3991,04ffff001d022604,1062,True,True,True
3993,04ffff001d022904,1065,True,True,True
3995,04ffff001d023704,1079,True,True,True
3996,04ffff001d023a04,1082,True,True,True
3998,04ffff001d024404,1092,True,True,True
3999,04ffff001d024e04,1102,True,True,True
4000,04ffff001d024f04,1103,True,True,True
4001,04ffff001d025304,1107,True,True,True
4003,04ffff001d025d04,1117,True,True,True
4005,04ffff001d026204,1122,True,True,True
4006,04ffff001d026804,1128,True,True,True
4007,04ffff001d026904,1129,True,True,True
4008,04ffff001d027004,1136,True,True,True
4009,04ffff001d027704,1143,True,True,True
4010,04ffff001d027904,1145,True,True,True
4011,04ffff001d027e04,1150,True,True,True
4012,04ffff001d028704,1159,True,True,True
4013,04ffff001d028904,1161,True,True,True
4015,04ffff001d029004,1168,True,True,True
4016,04ffff001d029504,1173,True,True,True
4018,04ffff001d029604,1174,True,True,True
4019,04ffff001d029704,1175,True,True,True
4020,04ffff001d029f04,1183,True,True,True
4021,04ffff001d02b004,1200,True,True,True
4022,04ffff001d02b204,1202,True,True,True
4023,04ffff001d02b804,1208,True,True,True
4024,04ffff001d02c204,1218,True,True,True
4027,04ffff001d02c504,1221,True,True,True
4028,04ffff001d02ca04,1226,True,True,True
4032,04ffff001d02de04,1246,True,True,True
4034,04ffff001d02f004,1264,True,True,True
4035,04ffff001d02f204,1266,True,True,True
4036,04ffff001d02f404,1268,True,True,True
4038,04ffff001d02f904,1273,True,True,True
4041,04ffff001d02fe04,1278,True,True,True
4042,04ffff001d020705,1287,True,True,True
4044,04ffff001d021f05,1311,True,True,True
4045,04ffff001d022205,1314,True,True,True
4047,04ffff001d022905,1321,True,True,True
4050,04ffff001d022b05,1323,True,True,True
4051,04ffff001d023a05,1338,True,True,True
4052,04ffff001d023c05,1340,True,True,True
4053,04ffff001d024205,1346,True,True,True
4054,04ffff001d024505,1349,True,True,True
4056,04ffff001d024605,1350,True,True,True
4057,04ffff001d024805,1352,True,True,True
4058,04ffff001d025d05,1373,True,True,True
4061,04ffff001d025e05,1374,True,True,True
4063,04ffff001d026c05,1388,True,True,True
4064,04ffff001d027205,1394,True,True,True
4065,04ffff001d028005,1408,True,True,True
4068,04ffff001d028205,1410,True,True,True
4070,04ffff001d028305,1411,True,True,True
4071,04ffff001d028505,1413,True,True,True
4072,04ffff001d029005,1424,True,True,True
4076,04ffff001d029105,1425,True,True,True
4078,04ffff001d029905,1433,True,True,True
4079,04ffff001d029b05,1435,True,True,True
4081,04ffff001d029f05,1439,True,True,True
4082,04ffff001d02b005,1456,True,True,True
4083,04ffff001d02bc05,1468,True,True,True
4084,04ffff001d02bf05,1471,True,True,True
4085,04ffff001d02c005,1472,True,True,True
4086,04ffff001d02ce05,1486,True,True,True
4088,04ffff001d02cf05,1487,True,True,True
4089,04ffff001d02d005,1488,True,True,True
4090,04ffff001d02d505,1493,True,True,True
4091,04ffff001d02d605,1494,True,True,True
4094,04ffff001d02d905,1497,True,True,True
4095,04ffff001d02da05,1498,True,True,True
4096,04ffff001d02db05,1499,True,True,True
4097,04ffff001d02e505,1509,True,True,True
4098,04ffff001d02e905,1513,True,True,True
4100,04ffff001d02ed05,1517,True,True,True
4101,04ffff001d02f005,1520,True,True,True
4102,04ffff001d02f405,1524,True,True,True
4103,04ffff001d02f905,1529,True,True,True
4105,04ffff001d020306,1539,True,True,True
4106,04ffff001d020c06,1548,True,True,True
4107,04ffff001d020e06,1550,True,True,True
4109,04ffff001d021006,1552,True,True,True
4111,04ffff001d021306,1555,True,True,True
4112,04ffff001d021506,1557,True,True,True
4114,04ffff001d022506,1573,True,True,True
4116,04ffff001d022d06,1581,True,True,True
4118,04ffff001d023006,1584,True,True,True
4120,04ffff001d023106,1585,True,True,True
4121,04ffff001d023206,1586,True,True,True
4123,04ffff001d024006,1600,True,True,True
4124,04ffff001d024306,1603,True,True,True
4127,04ffff001d024406,1604,True,True,True
4128,04ffff001d024e06,1614,True,True,True
4129,04ffff001d025206,1618,True,True,True
4130,04ffff001d025306,1619,True,True,True
4131,04ffff001d025706,1623,True,True,True
4132,04ffff001d025d06,1629,True,True,True
4133,04ffff001d025e06,1630,True,True,True
4135,04ffff001d026006,1632,True,True,True
4136,04ffff001d026106,1633,True,True,True
4137,04ffff001d026306,1635,True,True,True
4138,04ffff001d026506,1637,True,True,True
4140,04ffff001d026c06,1644,True,True,True
4141,04ffff001d027306,1651,True,True,True
4142,04ffff001d027706,1655,True,True,True
4144,04ffff001d028106,1665,True,True,True
4146,04ffff001d028406,1668,True,True,True
4147,04ffff001d028b06,1675,True,True,True
4148,04ffff001d028c06,1676,True,True,True
4149,04ffff001d029106,1681,True,True,True
4151,04ffff001d029206,1682,True,True,True
4152,04ffff001d029306,1683,True,True,True
4153,04ffff001d029706,1687,True,True,True
4154,04ffff001d029a06,1690,True,True,True
4157,04ffff001d029b06,1691,True,True,True
4158,04ffff001d02a006,1696,True,True,True
4161,04ffff001d02a106,1697,True,True,True
4162,04ffff001d02a506,1701,True,True,True
4163,04ffff001d02ad06,1709,True,True,True
4165,04ffff001d02af06,1711,True,True,True
4167,04ffff001d02b106,1713,True,True,True
4168,04ffff001d02b206,1714,True,True,True
4170,04ffff001d02b606,1718,True,True,True
4172,04ffff001d02ba06,1722,True,True,True
4173,04ffff001d02bc06,1724,True,True,True
4174,04ffff001d02bd06,1725,True,True,True
4175,04ffff001d02cb06,1739,True,True,True
4176,04ffff001d02cd06,1741,True,True,True
4177,04ffff001d02dc06,1756,True,True,True
4178,04ffff001d02de06,1758,True,True,True
4179,04ffff001d02e906,1769,True,True,True
4180,04ffff001d02ea06,1770,True,True,True
4183,04ffff001d02ee06,1774,True,True,True
4187,04ffff001d02f006,1776,True,True,True
4188,04ffff001d02f306,1779,True,True,True
4191,04ffff001d02fc06,1788,True,True,True
4192,04ffff001d020507,1797,True,True,True
4194,04ffff001d020607,1798,True,True,True
4196,04ffff001d021107,1809,True,True,True
4197,04ffff001d021807,1816,True,True,True
4199,04ffff001d022407,1828,True,True,True
4200,04ffff001d022607,1830,True,True,True
4201,04ffff001d022a07,1834,True,True,True
4202,04ffff001d022b07,1835,True,True,True
4203,04ffff001d023a07,1850,True,True,True
4205,04ffff001d023e07,1854,True,True,True
4207,04ffff001d024007,1856,True,True,True
4208,04ffff001d024307,1859,True,True,True
4209,04ffff001d024507,1861,True,True,True
4210,04ffff001d024907,1865,True,True,True
4211,04ffff001d024c07,1868,True,True,True
4212,04ffff001d025407,1876,True,True,True
4213,04ffff001d025607,1878,True,True,True
4214,04ffff001d025d07,1885,True,True,True
4216,04ffff001d026607,1894,True,True,True
4218,04ffff001d027b07,1915,True,True,True
4219,04ffff001d028407,1924,True,True,True
4220,04ffff001d028f07,1935,True,True,True
4222,04ffff001d029d07,1949,True,True,True
4224,04ffff001d029f07,1951,True,True,True
4225,04ffff001d02a107,1953,True,True,True
4227,04ffff001d02ad07,1965,True,True,True
4229,04ffff001d02af07,1967,True,True,True
4230,04ffff001d02b307,1971,True,True,True
4231,04ffff001d02b707,1975,True,True,True
4232,04ffff001d02bb07,1979,True,True,True
4233,04ffff001d02c207,1986,True,True,True
4234,04ffff001d02c407,1988,True,True,True
4235,04ffff001d02c907,1993,True,True,True
4237,04ffff001d02ce07,1998,True,True,True
4239,04ffff001d02d607,2006,True,True,True
4241,04ffff001d02d707,2007,True,True,True
4242,04ffff001d02d807,2008,True,True,True
4244,04ffff001d02dd07,2013,True,True,True
4245,04ffff001d02de07,2014,True,True,True
4246,04ffff001d02e707,2023,True,True,True
4248,04ffff001d02e807,2024,True,True,True
4249,04ffff001d02ed07,2029,True,True,True
4253,04ffff001d02f207,2034,True,True,True
4254,04ffff001d02f407,2036,True,True,True
4256,04ffff001d02f507,2037,True,True,True
4257,04ffff001d02ff07,2047,True,True,True
4258,04ffff001d020408,2052,True,True,True
4259,04ffff001d021c08,2076,True,True,True
4261,04ffff001d022408,2084,True,True,True
4262,04ffff001d022b08,2091,True,True,True
4263,04ffff001d023108,2097,True,True,True
4264,04ffff001d023308,2099,True,True,True
4268,04ffff001d024508,2117,True,True,True
4269,04ffff001d024a08,2122,True,True,True
4271,04ffff001d025608,2134,True,True,True
4273,04ffff001d026708,2151,True,True,True
4274,04ffff001d026808,2152,True,True,True
4275,04ffff001d026e08,2158,True,True,True
4277,04ffff001d027308,2163,True,True,True
4280,04ffff001d027608,2166,True,True,True
4281,04ffff001d027808,2168,True,True,True
4285,04ffff001d027c08,2172,True,True,True
4286,04ffff001d028708,2183,True,True,True
4287,04ffff001d028808,2184,True,True,True
4288,04ffff001d029008,2192,True,True,True
4291,04ffff001d029408,2196,True,True,True
4292,04ffff001d029908,2201,True,True,True
4294,04ffff001d029b08,2203,True,True,True
4295,04ffff001d02a408,2212,True,True,True
4296,04ffff001d02ac08,2220,True,True,True
4297,04ffff001d02b108,2225,True,True,True
4298,04ffff001d02b408,2228,True,True,True
4299,04ffff001d02b708,2231,True,True,True
4300,04ffff001d02b908,2233,True,True,True
4301,04ffff001d02bc08,2236,True,True,True
4307,04ffff001d0104,4,True,True,True
4308,04ffff001d0105,5,True,True,True
4309,04ffff001d0106,6,True,True,True
4310,04ffff001d0107,7,True,True,True
4311,04ffff001d010a,10,True,True,True
4312,04ffff001d010b,11,True,True,True
4313,04ffff001d0111,17,True,True,True
4314,04ffff001d011f,31,True,True,True
4316,04ffff001d012a,42,True,True,True
4317,04ffff001d0130,48,True,True,True
4318,04ffff001d0133,51,True,True,True
4320,04ffff001d0134,52,True,True,True
4321,04ffff001d013b,59,True,True,True
4322,04ffff001d0140,64,True,True,True
4323,04ffff001d0142,66,True,True,True
4324,04ffff001d0143,67,True,True,True
4326,04ffff001d0148,72,True,True,True
4327,04ffff001d0149,73,True,True,True
4330,04ffff001d014a,74,True,True,True
4331,04ffff001d0152,82,True,True,True
4333,04ffff001d0153,83,True,True,True
4335,04ffff001d0154,84,True,True,True
4336,04ffff001d0155,85,True,True,True
4339,04ffff001d0156,86,True,True,True
4342,04ffff001d0161,97,True,True,True
4343,04ffff001d016b,107,True,True,True
4344,04ffff001d016f,111,True,True,True
4346,04ffff001d0175,117,True,True,True
4348,04ffff001d017b,123,True,True,True
4349,04ffff001d017e,126,True,True,True
4351,04ffff001d028200,130,True,True,True
4352,04ffff001d028700,135,True,True,True
4353,04ffff001d028800,136,True,True,True
4354,04ffff001d028c00,140,True,True,True
4356,04ffff001d029200,146,True,True,True
4357,04ffff001d029500,149,True,True,True
4359,04ffff001d029600,150,True,True,True
4360,04ffff001d029900,153,True,True,True
4363,04ffff001d02a100,161,True,True,True
4365,04ffff001d02a800,168,True,True,True
4366,04ffff001d02af00,175,True,True,True
4367,04ffff001d02b000,176,True,True,True
4368,04ffff001d02b300,179,True,True,True
4370,04ffff001d02b400,180,True,True,True
4371,04ffff001d02b700,183,True,True,True
4372,04ffff001d02b900,185,True,True,True
4373,04ffff001d02bf00,191,True,True,True
4374,04ffff001d02c200,194,True,True,True
4375,04ffff001d02d500,213,True,True,True
4376,04ffff001d02df00,223,True,True,True
4377,04ffff001d02e100,225,True,True,True
4379,04ffff001d02e300,227,True,True,True
4380,04ffff001d02eb00,235,True,True,True
4381,04ffff001d02ec00,236,True,True,True
4383,04ffff001d02f900,249,True,True,True
4385,04ffff001d020301,259,True,True,True
4386,04ffff001d020501,261,True,True,True
4387,04ffff001d020601,262,True,True,True
4388,04ffff001d020b01,267,True,True,True
4389,04ffff001d021801,280,True,True,True
4390,04ffff001d021901,281,True,True,True
4392,04ffff001d022b01,299,True,True,True
4394,04ffff001d022c01,300,True,True,True
4395,04ffff001d024801,328,True,True,True
4396,04ffff001d024a01,330,True,True,True
4397,04ffff001d025801,344,True,True,True
4398,04ffff001d025d01,349,True,True,True
4399,04ffff001d026001,352,True,True,True
4401,04ffff001d026301,355,True,True,True
4402,04ffff001d026401,356,True,True,True
4403,04ffff001d026701,359,True,True,True
4407,04ffff001d026a01,362,True,True,True
4408,04ffff001d027401,372,True,True,True
4409,04ffff001d027501,373,True,True,True
4411,04ffff001d027901,377,True,True,True
4412,04ffff001d027d01,381,True,True,True
4413,04ffff001d028501,389,True,True,True
4414,04ffff001d028701,391,True,True,True
4416,04ffff001d028901,393,True,True,True
4417,04ffff001d028c01,396,True,True,True
4418,04ffff001d029101,401,True,True,True
4419,04ffff001d029201,402,True,True,True
4421,04ffff001d029a01,410,True,True,True
4422,04ffff001d029f01,415,True,True,True
4423,04ffff001d02a201,418,True,True,True
4424,04ffff001d02a801,424,True,True,True
4425,04ffff001d02a901,425,True,True,True
4427,04ffff001d02ae01,430,True,True,True
4429,04ffff001d02af01,431,True,True,True
4430,04ffff001d02b201,434,True,True,True
4432,04ffff001d02b801,440,True,True,True
4433,04ffff001d02bc01,444,True,True,True
4436,04ffff001d02c401,452,True,True,True
4437,04ffff001d02c501,453,True,True,True
4440,04ffff001d02c701,455,True,True,True
4444,04ffff001d02ca01,458,True,True,True
4445,04ffff001d02d201,466,True,True,True
4447,04ffff001d02e301,483,True,True,True
4448,04ffff001d02ea01,490,True,True,True
4450,04ffff001d02f401,500,True,True,True
4451,04ffff001d02f901,505,True,True,True
4452,04ffff001d020c02,524,True,True,True
4453,04ffff001d020e02,526,True,True,True
4454,04ffff001d021002,528,True,True,True
4455,04ffff001d021402,532,True,True,True
4456,04ffff001d021d02,541,True,True,True
4457,04ffff001d022302,547,True,True,True
4458,04ffff001d022a02,554,True,True,True
4460,04ffff001d022b02,555,True,True,True
4461,04ffff001d022f02,559,True,True,True
4462,04ffff001d023202,562,True,True,True
4463,04ffff001d023602,566,True,True,True
4464,04ffff001d023802,568,True,True,True
4465,04ffff001d023902,569,True,True,True
4467,04ffff001d024302,579,True,True,True
4468,04ffff001d024702,583,True,True,True
4472,04ffff001d024b02,587,True,True,True
4474,04ffff001d025102,593,True,True,True
4476,04ffff001d025902,601,True,True,True
4477,04ffff001d025d02,605,True,True,True
4478,04ffff001d025f02,607,True,True,True
4479,04ffff001d027002,624,True,True,True
4480,04ffff001d027302,627,True,True,True
4481,04ffff001d027b02,635,True,True,True
4484,04ffff001d028002,640,True,True,True
4486,04ffff001d028c02,652,True,True,True
4487,04ffff001d028e02,654,True,True,True
4488,04ffff001d029d02,669,True,True,True
4489,04ffff001d02af02,687,True,True,True
4490,04ffff001d02b302,691,True,True,True
4491,04ffff001d02b602,694,True,True,True
4492,04ffff001d02b902,697,True,True,True
4493,04ffff001d02c102,705,True,True,True
4494,04ffff001d02c402,708,True,True,True
4497,04ffff001d02c602,710,True,True,True
4498,04ffff001d02cb02,715,True,True,True
4500,04ffff001d02d002,720,True,True,True
4502,04ffff001d02d402,724,True,True,True
4503,04ffff001d02e002,736,True,True,True
4504,04ffff001d02e302,739,True,True,True
4505,04ffff001d02e402,740,True,True,True
4506,04ffff001d02ec02,748,True,True,True
4507,04ffff001d02ed02,749,True,True,True
4509,04ffff001d02f102,753,True,True,True
4510,04ffff001d02f302,755,True,True,True
4511,04ffff001d02ff02,767,True,True,True
4512,04ffff001d020103,769,True,True,True
4515,04ffff001d020603,774,True,True,True
4516,04ffff001d020703,775,True,True,True
4517,04ffff001d020e03,782,True,True,True
4518,04ffff001d021003,784,True,True,True
4519,04ffff001d021503,789,True,True,True
4520,04ffff001d021a03,794,True,True,True
4522,04ffff001d021d03,797,True,True,True
4524,04ffff001d022503,805,True,True,True
4525,04ffff001d022603,806,True,True,True
4526,04ffff001d022b03,811,True,True,True
4527,04ffff001d022c03,812,True,True,True
4528,04ffff001d023903,825,True,True,True
4529,04ffff001d023a03,826,True,True,True
4530,04ffff001d024903,841,True,True,True
4531,04ffff001d025003,848,True,True,True
4532,04ffff001d025503,853,True,True,True
4534,04ffff001d025703,855,True,True,True
4536,04ffff001d025d03,861,True,True,True
4537,04ffff001d025f03,863,True,True,True
4538,04ffff001d026103,865,True,True,True
4539,04ffff001d026403,868,True,True,True
4540,04ffff001d027003,880,True,True,True
4541,04ffff001d028503,901,True,True,True
4542,04ffff001d028603,902,True,True,True
4545,04ffff001d028a03,906,True,True,True
4546,04ffff001d029b03,923,True,True,True
4548,04ffff001d011a,26,True,True,True
4549,04ffff001d011e,30,True,True,True
4550,04ffff001d011f,31,True,True,True
4551,04ffff001d0120,32,True,True,True
4552,04ffff001d0125,37,True,True,True
4553,04ffff001d0127,39,True,True,True
4554,04ffff001d0134,52,True,True,True
4555,04ffff001d0137,55,True,True,True
4557,04ffff001d0143,67,True,True,True
4558,04ffff001d014a,74,True,True,True
4560,04ffff001d0150,80,True,True,True
4562,04ffff001d0165,101,True,True,True
4563,04ffff001d0167,103,True,True,True
4565,04ffff001d016c,108,True,True,True
4566,04ffff001d016e,110,True,True,True
4567,04ffff001d0170,112,True,True,True
4569,04ffff001d0172,114,True,True,True
4571,04ffff001d0174,116,True,True,True
4572,04ffff001d028400,132,True,True,True
4573,04ffff001d028500,133,True,True,True
4575,04ffff001d029200,146,True,True,True
4576,04ffff001d029300,147,True,True,True
4577,04ffff001d029400,148,True,True,True
4578,04ffff001d029b00,155,True,True,True
4579,04ffff001d029c00,156,True,True,True
4580,04ffff001d029e00,158,True,True,True
4581,04ffff001d02a600,166,True,True,True
4582,04ffff001d02a800,168,True,True,True
4583,04ffff001d02ae00,174,True,True,True
4585,04ffff001d02be00,190,True,True,True
4586,04ffff001d02bf00,191,True,True,True
4589,04ffff001d02c300,195,True,True,True
4590,04ffff001d02c600,198,True,True,True
4591,04ffff001d02c700,199,True,True,True
4594,04ffff001d02cb00,203,True,True,True
4595,04ffff001d02cf00,207,True,True,True
4597,04ffff001d02d100,209,True,True,True
4598,04ffff001d02d400,212,True,True,True
4600,04ffff001d02d900,217,True,True,True
4601,04ffff001d02da00,218,True,True,True
4602,04ffff001d02db00,219,True,True,True
4604,04ffff001d02de00,222,True,True,True
4605,04ffff001d02ef00,239,True,True,True
4606,04ffff001d02f200,242,True,True,True
4608,04ffff001d02f300,243,True,True,True
4609,04ffff001d02fa00,250,True,True,True
4611,04ffff001d02fb00,251,True,True,True
4613,04ffff001d020101,257,True,True,True
4614,04ffff001d020301,259,True,True,True
4615,04ffff001d020b01,267,True,True,True
4616,04ffff001d021001,272,True,True,True
4618,04ffff001d021a01,282,True,True,True
4619,04ffff001d022201,290,True,True,True
4620,04ffff001d022401,292,True,True,True
4621,04ffff001d023b01,315,True,True,True
4622,04ffff001d023c01,316,True,True,True
4623,04ffff001d023f01,319,True,True,True
4626,04ffff001d024201,322,True,True,True
4627,04ffff001d024901,329,True,True,True
4629,04ffff001d024d01,333,True,True,True
4631,04ffff001d025101,337,True,True,True
4633,04ffff001d025201,338,True,True,True
4634,04ffff001d025601,342,True,True,True
4635,04ffff001d025901,345,True,True,True
4636,04ffff001d025d01,349,True,True,True
4638,04ffff001d026401,356,True,True,True
4639,04ffff001d027001,368,True,True,True
4640,04ffff001d027601,374,True,True,True
4641,04ffff001d027701,375,True,True,True
4642,04ffff001d027d01,381,True,True,True
4643,04ffff001d028401,388,True,True,True
4644,04ffff001d029201,402,True,True,True
4645,04ffff001d029501,405,True,True,True
4646,04ffff001d029a01,410,True,True,True
4647,04ffff001d029e01,414,True,True,True
4648,04ffff001d029f01,415,True,True,True
4649,04ffff001d02ae01,430,True,True,True
4651,04ffff001d02b001,432,True,True,True
4652,04ffff001d02bb01,443,True,True,True
4653,04ffff001d02c301,451,True,True,True
4654,04ffff001d02c401,452,True,True,True
4655,04ffff001d02cb01,459,True,True,True
4656,04ffff001d02d401,468,True,True,True
4657,04ffff001d02d901,473,True,True,True
4660,04ffff001d02e301,483,True,True,True
4662,04ffff001d02f001,496,True,True,True
4663,04ffff001d02f101,497,True,True,True
4664,04ffff001d02f501,501,True,True,True
4665,04ffff001d02f601,502,True,True,True
4667,04ffff001d020002,512,True,True,True
4668,04ffff001d020902,521,True,True,True
4670,04ffff001d022102,545,True,True,True
4671,04ffff001d022602,550,True,True,True
4673,04ffff001d022702,551,True,True,True
4674,04ffff001d022b02,555,True,True,True
4675,04ffff001d022c02,556,True,True,True
4676,04ffff001d023102,561,True,True,True
4677,04ffff001d023302,563,True,True,True
4680,04ffff001d023602,566,True,True,True
4681,04ffff001d023902,569,True,True,True
4682,04ffff001d023b02,571,True,True,True
4685,04ffff001d024302,579,True,True,True
4686,04ffff001d024402,580,True,True,True
4687,04ffff001d024b02,587,True,True,True
4688,04ffff001d024f02,591,True,True,True
4689,04ffff001d025902,601,True,True,True
4691,04ffff001d025d02,605,True,True,True
4693,04ffff001d026602,614,True,True,True
4694,04ffff001d026f02,623,True,True,True
4695,04ffff001d027202,626,True,True,True
4696,04ffff001d027602,630,True,True,True
4697,04ffff001d027e02,638,True,True,True
4698,04ffff001d027f02,639,True,True,True
4699,04ffff001d028202,642,True,True,True
4700,04ffff001d028302,643,True,True,True
4701,04ffff001d028902,649,True,True,True
4702,04ffff001d028b02,651,True,True,True
4703,04ffff001d028f02,655,True,True,True
4704,04ffff001d029802,664,True,True,True
4707,04ffff001d029a02,666,True,True,True
4708,04ffff001d02a102,673,True,True,True
4709,04ffff001d02a202,674,True,True,True
4710,04ffff001d02b002,688,True,True,True
4712,04ffff001d02b402,692,True,True,True
4714,04ffff001d02b902,697,True,True,True
4715,04ffff001d02bb02,699,True,True,True
4716,04ffff001d02bc02,700,True,True,True
4717,04ffff001d02bf02,703,True,True,True
4718,04ffff001d02c202,706,True,True,True
4719,04ffff001d02c502,709,True,True,True
4720,04ffff001d02c702,711,True,True,True
4721,04ffff001d02ce02,718,True,True,True
4722,04ffff001d02cf02,719,True,True,True
4723,04ffff001d02d202,722,True,True,True
4724,04ffff001d02d402,724,True,True,True
4725,04ffff001d02da02,730,True,True,True
4727,04ffff001d02db02,731,True,True,True
4728,04ffff001d02dc02,732,True,True,True
4731,04ffff001d02e302,739,True,True,True
4732,04ffff001d02e802,744,True,True,True
4733,04ffff001d02f502,757,True,True,True
4734,04ffff001d02f602,758,True,True,True
4735,04ffff001d02f802,760,True,True,True
4736,04ffff001d020d03,781,True,True,True
4737,04ffff001d021203,786,True,True,True
4738,04ffff001d021403,788,True,True,True
4739,04ffff001d021703,791,True,True,True
4741,04ffff001d021803,792,True,True,True
4742,04ffff001d021f03,799,True,True,True
4743,04ffff001d022303,803,True,True,True
4744,04ffff001d022403,804,True,True,True
4745,04ffff001d022c03,812,True,True,True
4746,04ffff001d022f03,815,True,True,True
4748,04ffff001d023a03,826,True,True,True
4749,04ffff001d023c03,828,True,True,True
4750,04ffff001d024c03,844,True,True,True
4752,04ffff001d025503,853,True,True,True
4753,04ffff001d025603,854,True,True,True
4755,04ffff001d025b03,859,True,True,True
4757,04ffff001d025c03,860,True,True,True
4758,04ffff001d026203,866,True,True,True
4759,04ffff001d026603,870,True,True,True
4761,04ffff001d027003,880,True,True,True
4762,04ffff001d027603,886,True,True,True
4763,04ffff001d027a03,890,True,True,True
4764,04ffff001d027d03,893,True,True,True
4765,04ffff001d027f03,895,True,True,True
4766,04ffff001d028203,898,True,True,True
4769,04ffff001d028803,904,True,True,True
4771,04ffff001d028a03,906,True,True,True
4772,04ffff001d028b03,907,True,True,True
4774,04ffff001d029303,915,True,True,True
4775,04ffff001d029603,918,True,True,True
4777,04ffff001d029f03,927,True,True,True
4778,04ffff001d02a003,928,True,True,True
4779,04ffff001d02ac03,940,True,True,True
4780,04ffff001d02af03,943,True,True,True
4781,04ffff001d02b603,950,True,True,True
4783,04ffff001d02b903,953,True,True,True
4784,04ffff001d02c603,966,True,True,True
4785,04ffff001d02e903,1001,True,True,True
4786,04ffff001d02f303,1011,True,True,True
4787,04ffff001d02f703,1015,True,True,True
4788,04ffff001d02fa03,1018,True,True,True
4789,04ffff001d020304,1027,True,True,True
4790,04ffff001d022004,1056,True,True,True
4791,04ffff001d022504,1061,True,True,True
4792,04ffff001d023004,1072,True,True,True
4793,04ffff001d023204,1074,True,True,True
4796,04ffff001d023404,1076,True,True,True
4797,04ffff001d024904,1097,True,True,True
4798,04ffff001d024a04,1098,True,True,True
4799,04ffff001d024b04,1099,True,True,True
4800,04ffff001d025d04,1117,True,True,True
4802,04ffff001d026604,1126,True,True,True
4803,04ffff001d027404,1140,True,True,True
4805,04ffff001d027604,1142,True,True,True
4806,04ffff001d027904,1145,True,True,True
4807,04ffff001d027b04,1147,True,True,True
4809,04ffff001d027f04,1151,True,True,True
4810,04ffff001d028704,1159,True,True,True
4811,04ffff001d029004,1168,True,True,True
4812,04ffff001d029104,1169,True,True,True
4813,04ffff001d029204,1170,True,True,True
4814,04ffff001d029404,1172,True,True,True
4816,04ffff001d029504,1173,True,True,True
4817,04ffff001d029604,1174,True,True,True
4819,04ffff001d029704,1175,True,True,True
4820,04ffff001d029b04,1179,True,True,True
4821,04ffff001d029f04,1183,True,True,True
4823,04ffff001d02a104,1185,True,True,True
4824,04ffff001d02a804,1192,True,True,True
4826,04ffff001d02ac04,1196,True,True,True
4827,04ffff001d02ae04,1198,True,True,True
4828,04ffff001d02b104,1201,True,True,True
4829,04ffff001d02b204,1202,True,True,True
4832,04ffff001d02b404,1204,True,True,True
4833,04ffff001d02bb04,1211,True,True,True
4834,04ffff001d02c204,1218,True,True,True
4835,04ffff001d02db04,1243,True,True,True
4836,04ffff001d02e404,1252,True,True,True
4837,04ffff001d02e804,1256,True,True,True
4838,04ffff001d02f604,1270,True,True,True
4839,04ffff001d02f804,1272,True,True,True
4841,04ffff001d02fd04,1277,True,True,True
4842,04ffff001d020305,1283,True,True,True
4844,04ffff001d020505,1285,True,True,True
4845,04ffff001d020905,1289,True,True,True
4846,04ffff001d020c05,1292,True,True,True
4847,04ffff001d021105,1297,True,True,True
4850,04ffff001d021905,1305,True,True,True
4853,04ffff001d021d05,1309,True,True,True
4855,04ffff001d021f05,1311,True,True,True
4857,04ffff001d022205,1314,True,True,True
4858,04ffff001d022605,1318,True,True,True
4860,04ffff001d022d05,1325,True,True,True
4861,04ffff001d023405,1332,True,True,True
4862,04ffff001d023905,1337,True,True,True
4863,04ffff001d024805,1352,True,True,True
4866,04ffff001d024905,1353,True,True,True
4867,04ffff001d024d05,1357,True,True,True
4868,04ffff001d025305,1363,True,True,True
4870,04ffff001d025505,1365,True,True,True
4872,04ffff001d025705,1367,True,True,True
4873,04ffff001d025a05,1370,True,True,True
4875,04ffff001d026405,1380,True,True,True
4876,04ffff001d026605,1382,True,True,True
4877,04ffff001d026c05,1388,True,True,True
4878,04ffff001d027105,1393,True,True,True
4880,04ffff001d027605,1398,True,True,True
4881,04ffff001d027705,1399,True,True,True
4882,04ffff001d027805,1400,True,True,True
4884,04ffff001d027905,1401,True,True,True
4885,04ffff001d027d05,1405,True,True,True
4887,04ffff001d028705,1415,True,True,True
4889,04ffff001d028d05,1421,True,True,True
4891,04ffff001d029105,1425,True,True,True
4894,04ffff001d029205,1426,True,True,True
4895,04ffff001d029405,1428,True,True,True
4896,04ffff001d029605,1430,True,True,True
4899,04ffff001d029c05,1436,True,True,True
4900,04ffff001d02a205,1442,True,True,True
4901,04ffff001d02a305,1443,True,True,True
4902,04ffff001d02a705,1447,True,True,True
4903,04ffff001d02a805,1448,True,True,True
4905,04ffff001d02aa05,1450,True,True,True
4906,04ffff001d02b105,1457,True,True,True
4907,04ffff001d02b805,1464,True,True,True
4910,04ffff001d02c105,1473,True,True,True
4911,04ffff001d02c705,1479,True,True,True
4913,04ffff001d02c905,1481,True,True,True
4914,04ffff001d02d205,1490,True,True,True
4915,04ffff001d02d405,1492,True,True,True
4916,04ffff001d02e005,1504,True,True,True
4917,04ffff001d02e205,1506,True,True,True
4919,04ffff001d02f305,1523,True,True,True
4920,04ffff001d02fa05,1530,True,True,True
4922,04ffff001d02fd05,1533,True,True,True
4923,04ffff001d02fe05,1534,True,True,True
4925,04ffff001d020506,1541,True,True,True
4926,04ffff001d020706,1543,True,True,True
4927,04ffff001d021306,1555,True,True,True
4928,04ffff001d021a06,1562,True,True,True
4929,04ffff001d021d06,1565,True,True,True
4931,04ffff001d021e06,1566,True,True,True
4933,04ffff001d022f06,1583,True,True,True
4934,04ffff001d023006,1584,True,True,True
4936,04ffff001d023806,1592,True,True,True
4937,04ffff001d023906,1593,True,True,True
4938,04ffff001d023b06,1595,True,True,True
4939,04ffff001d023c06,1596,True,True,True
4940,04ffff001d023d06,1597,True,True,True
4942,04ffff001d024006,1600,True,True,True
4943,04ffff001d024a06,1610,True,True,True
4944,04ffff001d024f06,1615,True,True,True
4946,04ffff001d025106,1617,True,True,True
4947,04ffff001d025606,1622,True,True,True
4948,04ffff001d025b06,1627,True,True,True
4949,04ffff001d025c06,1628,True,True,True
4951,04ffff001d026206,1634,True,True,True
4953,04ffff001d026606,1638,True,True,True
4954,04ffff001d027506,1653,True,True,True
4956,04ffff001d027b06,1659,True,True,True
4957,04ffff001d028606,1670,True,True,True
4958,04ffff001d028706,1671,True,True,True
4960,04ffff001d028e06,1678,True,True,True
4962,04ffff001d029106,1681,True,True,True
4964,04ffff001d029406,1684,True,True,True
4965,04ffff001d029806,1688,True,True,True
4967,04ffff001d029d06,1693,True,True,True
4968,04ffff001d02a206,1698,True,True,True
4969,04ffff001d02a606,1702,True,True,True
4971,04ffff001d02a906,1705,True,True,True
4972,04ffff001d02ab06,1707,True,True,True
4973,04ffff001d02af06,1711,True,True,True
4974,04ffff001d02b106,1713,True,True,True
4976,04ffff001d02b206,1714,True,True,True
4978,04ffff001d02b406,1716,True,True,True
4980,04ffff001d02b806,1720,True,True,True
4981,04ffff001d02bb06,1723,True,True,True
4982,04ffff001d02bc06,1724,True,True,True
4983,04ffff001d02ce06,1742,True,True,True
4985,04ffff001d02d306,1747,True,True,True
4987,04ffff001d02d706,1751,True,True,True
4988,04ffff001d02e306,1763,True,True,True
4990,04ffff001d02e406,1764,True,True,True
4993,04ffff001d02e606,1766,True,True,True
4996,04ffff001d02f106,1777,True,True,True
4997,04ffff001d02f406,1780,True,True,True
5000,04ffff001d02fd06,1789,True,True,True
5001,04ffff001d020007,1792,True,True,True
5002,04ffff001d020807,1800,True,True,True
5003,04ffff001d021107,1809,True,True,True
5004,04ffff001d021307,1811,True,True,True
5006,04ffff001d021707,1815,True,True,True
5009,04ffff001d022007,1824,True,True,True
5010,04ffff001d022807,1832,True,True,True
5011,04ffff001d022a07,1834,True,True,True
5012,04ffff001d023507,1845,True,True,True
5014,04ffff001d023807,1848,True,True,True
5016,04ffff001d023a07,1850,True,True,True
5017,04ffff001d023b07,1851,True,True,True
5018,04ffff001d023c07,1852,True,True,True
5020,04ffff001d024507,1861,True,True,True
5021,04ffff001d024d07,1869,True,True,True
5022,04ffff001d024e07,1870,True,True,True
5023,04ffff001d024f07,1871,True,True,True
5024,04ffff001d027707,1911,True,True,True
5025,04ffff001d027a07,1914,True,True,True
5026,04ffff001d027c07,1916,True,True,True
5027,04ffff001d028107,1921,True,True,True
5028,04ffff001d028907,1929,True,True,True
5029,04ffff001d029007,1936,True,True,True
5031,04ffff001d029607,1942,True,True,True
5032,04ffff001d029807,1944,True,True,True
5033,04ffff001d029b07,1947,True,True,True
5036,04ffff001d02a307,1955,True,True,True
5037,04ffff001d02af07,1967,True,True,True
5038,04ffff001d02b007,1968,True,True,True
5039,04ffff001d02b207,1970,True,True,True
5040,04ffff001d02b307,1971,True,True,True
5041,04ffff001d02b707,1975,True,True,True
5042,04ffff001d02b907,1977,True,True,True
5043,04ffff001d02bb07,1979,True,True,True
5044,04ffff001d02be07,1982,True,True,True
5045,04ffff001d02ca07,1994,True,True,True
5046,04ffff001d02cb07,1995,True,True,True
5047,04ffff001d02d307,2003,True,True,True
5048,04ffff001d02d407,2004,True,True,True
5049,04ffff001d02d907,2009,True,True,True
5050,04ffff001d02dd07,2013,True,True,True
5051,04ffff001d02e107,2017,True,True,True
5052,04ffff001d02e207,2018,True,True,True
5053,04ffff001d02ef07,2031,True,True,True
5054,04ffff001d02f307,2035,True,True,True
5055,04ffff001d02f407,2036,True,True,True
5056,04ffff001d02f707,2039,True,True,True
5057,04ffff001d02fe07,2046,True,True,True
5059,04ffff001d020608,2054,True,True,True
5060,04ffff001d020e08,2062,True,True,True
5061,04ffff001d020f08,2063,True,True,True
5062,04ffff001d021e08,2078,True,True,True
5063,04ffff001d022508,2085,True,True,True
5064,04ffff001d022908,2089,True,True,True
5066,04ffff001d022e08,2094,True,True,True
5068,04ffff001d023e08,2110,True,True,True
5069,04ffff001d024208,2114,True,True,True
5070,04ffff001d024308,2115,True,True,True
5071,04ffff001d025208,2130,True,True,True
5073,04ffff001d025308,2131,True,True,True
5074,04ffff001d025608,2134,True,True,True
5076,04ffff001d026d08,2157,True,True,True
5078,04ffff001d027b08,2171,True,True,True
5079,04ffff001d027d08,2173,True,True,True
5080,04ffff001d028408,2180,True,True,True
5081,04ffff001d029108,2193,True,True,True
5082,04ffff001d02a208,2210,True,True,True
5083,04ffff001d02a608,2214,True,True,True
5085,04ffff001d02a908,2217,True,True,True
5086,04ffff001d02ac08,2220,True,True,True
5087,04ffff001d02ae08,2222,True,True,True
5088,04ffff001d02c208,2242,True,True,True
5089,04ffff001d02c608,2246,True,True,True
5090,04ffff001d02c808,2248,True,True,True
5092,04ffff001d02d608,2262,True,True,True
5093,04ffff001d02df08,2271,True,True,True
5094,04ffff001d02e608,2278,True,True,True
5095,04ffff001d02e708,2279,True,True,True
5097,04ffff001d02ea08,2282,True,True,True
5098,04ffff001d02ee08,2286,True,True,True
5100,04ffff001d02fc08,2300,True,True,True
5101,04ffff001d02fd08,2301,True,True,True
5102,04ffff001d020e09,2318,True,True,True
5103,04ffff001d021e09,2334,True,True,True
5104,04ffff001d022109,2337,True,True,True
5106,04ffff001d022309,2339,True,True,True
5107,04ffff001d022509,2341,True,True,True
5109,04ffff001d022d09,2349,True,True,True
5110,04ffff001d022e09,2350,True,True,True
5111,04ffff001d022f09,2351,True,True,True
5113,04ffff001d023209,2354,True,True,True
5114,04ffff001d024409,2372,True,True,True
5115,04ffff001d024609,2374,True,True,True
5116,04ffff001d024c09,2380,True,True,True
5117,04ffff001d024f09,2383,True,True,True
5118,04ffff001d025009,2384,True,True,True
5119,04ffff001d025b09,2395,True,True,True
5122,04ffff001d026009,2400,True,True,True
5123,04ffff001d026209,2402,True,True,True
5124,04ffff001d026409,2404,True,True,True
5125,04ffff001d026b09,2411,True,True,True
5126,04ffff001d027509,2421,True,True,True
5128,04ffff001d027709,2423,True,True,True
5129,04ffff001d027909,2425,True,True,True
5132,04ffff001d027a09,2426,True,True,True
5133,04ffff001d02a109,2465,True,True,True
5134,04ffff001d02a209,2466,True,True,True
5136,04ffff001d02a809,2472,True,True,True
5137,04ffff001d02b109,2481,True,True,True
5138,04ffff001d02b409,2484,True,True,True
5140,04ffff001d02c509,2501,True,True,True
5141,04ffff001d02c809,2504,True,True,True
5142,04ffff001d02ca09,2506,True,True,True
5143,04ffff001d02cc09,2508,True,True,True
5144,04ffff001d02cd09,2509,True,True,True
5145,04ffff001d02d009,2512,True,True,True
5147,04ffff001d02d209,2514,True,True,True
5148,04ffff001d02d509,2517,True,True,True
5150,04ffff001d02e609,2534,True,True,True
5151,04ffff001d02e809,2536,True,True,True
5153,04ffff001d02f009,2544,True,True,True
5154,04ffff001d02fb09,2555,True,True,True
5156,04ffff001d02030a,2563,True,True,True
5157,04ffff001d020e0a,2574,True,True,True
5158,04ffff001d02120a,2578,True,True,True
5159,04ffff001d02130a,2579,True,True,True
5161,04ffff001d02140a,2580,True,True,True
5162,04ffff001d02170a,2583,True,True,True
5163,04ffff001d022a0a,2602,True,True,True
5164,04ffff001d022b0a,2603,True,True,True
5165,04ffff001d022f0a,2607,True,True,True
5167,04ffff001d02310a,2609,True,True,True
5168,04ffff001d02360a,2614,True,True,True
5173,04ffff001d0109,9,True,True,True
5175,04ffff001d010a,10,True,True,True
5177,04ffff001d0112,18,True,True,True
5178,04ffff001d0116,22,True,True,True
5179,04ffff001d012c,44,True,True,True
5181,04ffff001d0134,52,True,True,True
5182,04ffff001d013c,60,True,True,True
5183,04ffff001d0141,65,True,True,True
5184,04ffff001d0148,72,True,True,True
5185,04ffff001d0149,73,True,True,True
5186,04ffff001d014f,79,True,True,True
5187,04ffff001d0153,83,True,True,True
5188,04ffff001d015a,90,True,True,True
5190,04ffff001d0160,96,True,True,True
5192,04ffff001d0164,100,True,True,True
5193,04ffff001d017f,127,True,True,True
5195,04ffff001d028300,131,True,True,True
5196,04ffff001d028600,134,True,True,True
5197,04ffff001d029400,148,True,True,True
5198,04ffff001d029c00,156,True,True,True
5203,04ffff001d02a400,164,True,True,True
5204,04ffff001d02a800,168,True,True,True
5206,04ffff001d02ac00,172,True,True,True
5207,04ffff001d02b300,179,True,True,True
5209,04ffff001d02b700,183,True,True,True
5210,04ffff001d02b800,184,True,True,True
5212,04ffff001d02b900,185,True,True,True
5214,04ffff001d02be00,190,True,True,True
5216,04ffff001d02c200,194,True,True,True
5217,04ffff001d02c500,197,True,True,True
5218,04ffff001d02c600,198,True,True,True
5220,04ffff001d02cc00,204,True,True,True
5221,04ffff001d02d000,208,True,True,True
5222,04ffff001d02d100,209,True,True,True
5223,04ffff001d02d300,211,True,True,True
5224,04ffff001d02d400,212,True,True,True
5225,04ffff001d02e200,226,True,True,True
5226,04ffff001d02e300,227,True,True,True
5227,04ffff001d02e700,231,True,True,True
5229,04ffff001d02ec00,236,True,True,True
5230,04ffff001d02ed00,237,True,True,True
5231,04ffff001d02f800,248,True,True,True
5232,04ffff001d02fa00,250,True,True,True
5233,04ffff001d020301,259,True,True,True
5235,04ffff001d020801,264,True,True,True
5237,04ffff001d020901,265,True,True,True
5239,04ffff001d020a01,266,True,True,True
5241,04ffff001d020d01,269,True,True,True
5242,04ffff001d021101,273,True,True,True
5243,04ffff001d021c01,284,True,True,True
5244,04ffff001d021d01,285,True,True,True
5245,04ffff001d021f01,287,True,True,True
5247,04ffff001d022601,294,True,True,True
5249,04ffff001d022801,296,True,True,True
5250,04ffff001d022d01,301,True,True,True
5251,04ffff001d023201,306,True,True,True
5252,04ffff001d024801,328,True,True,True
5253,04ffff001d025301,339,True,True,True
5255,04ffff001d025c01,348,True,True,True
5256,04ffff001d026301,355,True,True,True
5257,04ffff001d026801,360,True,True,True
5259,04ffff001d026f01,367,True,True,True
5261,04ffff001d027001,368,True,True,True
5263,04ffff001d027401,372,True,True,True
5264,04ffff001d027801,376,True,True,True
5266,04ffff001d028201,386,True,True,True
5267,04ffff001d028301,387,True,True,True
5268,04ffff001d028501,389,True,True,True
5269,04ffff001d028b01,395,True,True,True
5270,04ffff001d028f01,399,True,True,True
5271,04ffff001d029c01,412,True,True,True
5272,04ffff001d029e01,414,True,True,True
5274,04ffff001d02ab01,427,True,True,True
5275,04ffff001d02ad01,429,True,True,True
5276,04ffff001d02b401,436,True,True,True
5277,04ffff001d02b901,441,True,True,True
5279,04ffff001d02be01,446,True,True,True
5280,04ffff001d02c201,450,True,True,True
5281,04ffff001d02c501,453,True,True,True
5283,04ffff001d02cd01,461,True,True,True
5284,04ffff001d02d501,469,True,True,True
5285,04ffff001d02d601,470,True,True,True
5287,04ffff001d02da01,474,True,True,True
5289,04ffff001d02df01,479,True,True,True
5290,04ffff001d02e501,485,True,True,True
5291,04ffff001d02e601,486,True,True,True
5292,04ffff001d02f101,497,True,True,True
5293,04ffff001d02f201,498,True,True,True
5294,04ffff001d02f401,500,True,True,True
5296,04ffff001d02fb01,507,True,True,True
5297,04ffff001d020202,514,True,True,True
5298,04ffff001d020902,521,True,True,True
5299,04ffff001d020c02,524,True,True,True
5300,04ffff001d021402,532,True,True,True
5301,04ffff001d021c02,540,True,True,True
5302,04ffff001d021d02,541,True,True,True
5303,04ffff001d022102,545,True,True,True
5304,04ffff001d022602,550,True,True,True
5307,04ffff001d022702,551,True,True,True
5308,04ffff001d022e02,558,True,True,True
5309,04ffff001d022f02,559,True,True,True
5310,04ffff001d023302,563,True,True,True
5312,04ffff001d023502,565,True,True,True
5313,04ffff001d024302,579,True,True,True
5314,04ffff001d024502,581,True,True,True
5315,04ffff001d025202,594,True,True,True
5316,04ffff001d025502,597,True,True,True
5317,04ffff001d025602,598,True,True,True
5318,04ffff001d025702,599,True,True,True
5321,04ffff001d025a02,602,True,True,True
5322,04ffff001d025b02,603,True,True,True
5324,04ffff001d026402,612,True,True,True
5325,04ffff001d026602,614,True,True,True
5326,04ffff001d026a02,618,True,True,True
5327,04ffff001d027402,628,True,True,True
5328,04ffff001d027902,633,True,True,True
5329,04ffff001d027a02,634,True,True,True
5330,04ffff001d027b02,635,True,True,True
5331,04ffff001d027e02,638,True,True,True
5332,04ffff001d028402,644,True,True,True
5333,04ffff001d028502,645,True,True,True
5334,04ffff001d029102,657,True,True,True
5335,04ffff001d029202,658,True,True,True
5336,04ffff001d029902,665,True,True,True
5337,04ffff001d029d02,669,True,True,True
5338,04ffff001d029e02,670,True,True,True
5340,04ffff001d02a802,680,True,True,True
5342,04ffff001d02ac02,684,True,True,True
5343,04ffff001d02bd02,701,True,True,True
5344,04ffff001d02c702,711,True,True,True
5345,04ffff001d02cc02,716,True,True,True
5346,04ffff001d02d202,722,True,True,True
5347,04ffff001d02d402,724,True,True,True
5348,04ffff001d02d702,727,True,True,True
5349,04ffff001d02e002,736,True,True,True
5350,04ffff001d02e402,740,True,True,True
5352,04ffff001d02ee02,750,True,True,True
5353,04ffff001d02f002,752,True,True,True
5354,04ffff001d02f102,753,True,True,True
5355,04ffff001d02f902,761,True,True,True
5357,04ffff001d020003,768,True,True,True
5358,04ffff001d020703,775,True,True,True
5359,04ffff001d020903,777,True,True,True
5360,04ffff001d020b03,779,True,True,True
5361,04ffff001d021303,787,True,True,True
5362,04ffff001d021603,790,True,True,True
5363,04ffff001d021a03,794,True,True,True
5364,04ffff001d022003,800,True,True,True
5365,04ffff001d022803,808,True,True,True
5367,04ffff001d023303,819,True,True,True
5369,04ffff001d023503,821,True,True,True
5370,04ffff001d023603,822,True,True,True
5373,04ffff001d023d03,829,True,True,True
5374,04ffff001d024803,840,True,True,True
5376,04ffff001d024b03,843,True,True,True
5377,04ffff001d024d03,845,True,True,True
5378,04ffff001d024f03,847,True,True,True
5380,04ffff001d025a03,858,True,True,True
5382,04ffff001d025f03,863,True,True,True
5383,04ffff001d026003,864,True,True,True
5384,04ffff001d026103,865,True,True,True
5385,04ffff001d026803,872,True,True,True
5386,04ffff001d026b03,875,True,True,True
5387,04ffff001d026c03,876,True,True,True
5388,04ffff001d027103,881,True,True,True
5389,04ffff001d027603,886,True,True,True
5391,04ffff001d027d03,893,True,True,True
5392,04ffff001d028103,897,True,True,True
5393,04ffff001d029103,913,True,True,True
5394,04ffff001d029203,914,True,True,True
5395,04ffff001d029603,918,True,True,True
5396,04ffff001d029703,919,True,True,True
5397,04ffff001d029d03,925,True,True,True
5398,04ffff001d02a203,930,True,True,True
5399,04ffff001d02a303,931,True,True,True
5400,04ffff001d02a503,933,True,True,True
5402,04ffff001d02ae03,942,True,True,True
5403,04ffff001d02b303,947,True,True,True
5405,04ffff001d02b903,953,True,True,True
5407,04ffff001d02bc03,956,True,True,True
5408,04ffff001d02c103,961,True,True,True
5409,04ffff001d02c303,963,True,True,True
5410,04ffff001d02c803,968,True,True,True
5412,04ffff001d02ca03,970,True,True,True
5414,04ffff001d02ce03,974,True,True,True
5415,04ffff001d02cf03,975,True,True,True
5416,04ffff001d02d403,980,True,True,True
5417,04ffff001d02e303,995,True,True,True
5420,04ffff001d02ef03,1007,True,True,True
5421,04ffff001d02f503,1013,True,True,True
5422,04ffff001d020004,1024,True,True,True
5423,04ffff001d020404,1028,True,True,True
5424,04ffff001d020504,1029,True,True,True
5425,04ffff001d020c04,1036,True,True,True
5426,04ffff001d020e04,1038,True,True,True
5427,04ffff001d021304,1043,True,True,True
5429,04ffff001d021c04,1052,True,True,True
5430,04ffff001d022c04,1068,True,True,True
5431,04ffff001d022e04,1070,True,True,True
5432,04ffff001d023404,1076,True,True,True
5433,04ffff001d023c04,1084,True,True,True
5434,04ffff001d024004,1088,True,True,True
5435,04ffff001d024604,1094,True,True,True
5436,04ffff001d024904,1097,True,True,True
5437,04ffff001d025404,1108,True,True,True
5438,04ffff001d025604,1110,True,True,True
5439,04ffff001d026504,1125,True,True,True
5440,04ffff001d027704,1143,True,True,True
5441,04ffff001d027b04,1147,True,True,True
5442,04ffff001d027c04,1148,True,True,True
5443,04ffff001d028204,1154,True,True,True
5444,04ffff001d028604,1158,True,True,True
5445,04ffff001d028904,1161,True,True,True
5446,04ffff001d028c04,1164,True,True,True
5447,04ffff001d029704,1175,True,True,True
5448,04ffff001d02a204,1186,True,True,True
5449,04ffff001d02ac04,1196,True,True,True
5450,04ffff001d02af04,1199,True,True,True
5451,04ffff001d02c204,1218,True,True,True
5453,04ffff001d02c404,1220,True,True,True
5454,04ffff001d02ce04,1230,True,True,True
5455,04ffff001d02d104,1233,True,True,True
5456,04ffff001d02d304,1235,True,True,True
5457,04ffff001d02db04,1243,True,True,True
5458,04ffff001d02e404,1252,True,True,True
5460,04ffff001d02ec04,1260,True,True,True
5462,04ffff001d02f504,1269,True,True,True
5464,04ffff001d020005,1280,True,True,True
5466,04ffff001d020305,1283,True,True,True
5467,04ffff001d020505,1285,True,True,True
5468,04ffff001d020a05,1290,True,True,True
5470,04ffff001d020b05,1291,True,True,True
5471,04ffff001d021705,1303,True,True,True
5472,04ffff001d021905,1305,True,True,True
5473,04ffff001d021a05,1306,True,True,True
5474,04ffff001d021b05,1307,True,True,True
5475,04ffff001d021d05,1309,True,True,True
5477,04ffff001d022005,1312,True,True,True
5479,04ffff001d023405,1332,True,True,True
5482,04ffff001d023705,1335,True,True,True
5483,04ffff001d024205,1346,True,True,True
5484,04ffff001d025205,1362,True,True,True
5485,04ffff001d025805,1368,True,True,True
5487,04ffff001d025a05,1370,True,True,True
5488,04ffff001d025c05,1372,True,True,True
5489,04ffff001d025d05,1373,True,True,True
5490,04ffff001d026105,1377,True,True,True
5491,04ffff001d026605,1382,True,True,True
5492,04ffff001d026805,1384,True,True,True
5493,04ffff001d027305,1395,True,True,True
5494,04ffff001d027c05,1404,True,True,True
5495,04ffff001d028605,1414,True,True,True
5496,04ffff001d028905,1417,True,True,True
5497,04ffff001d029005,1424,True,True,True
5498,04ffff001d02a305,1443,True,True,True
5499,04ffff001d02a405,1444,True,True,True
5500,04ffff001d02a505,1445,True,True,True
5502,04ffff001d02aa05,1450,True,True,True
5503,04ffff001d02ac05,1452,True,True,True
5504,04ffff001d02ae05,1454,True,True,True
5505,04ffff001d02b305,1459,True,True,True
5507,04ffff001d02b605,1462,True,True,True
5508,04ffff001d02c705,1479,True,True,True
5509,04ffff001d02c805,1480,True,True,True
5510,04ffff001d02d405,1492,True,True,True
5511,04ffff001d02d905,1497,True,True,True
5512,04ffff001d02de05,1502,True,True,True
5513,04ffff001d02e105,1505,True,True,True
5515,04ffff001d02f605,1526,True,True,True
5516,04ffff001d020006,1536,True,True,True
5518,04ffff001d020406,1540,True,True,True
5520,04ffff001d021006,1552,True,True,True
5522,04ffff001d021206,1554,True,True,True
5523,04ffff001d021a06,1562,True,True,True
5524,04ffff001d021b06,1563,True,True,True
5526,04ffff001d022006,1568,True,True,True
5527,04ffff001d022906,1577,True,True,True
5528,04ffff001d022c06,1580,True,True,True
5529,04ffff001d022d06,1581,True,True,True
5530,04ffff001d022e06,1582,True,True,True
5532,04ffff001d023b06,1595,True,True,True
5533,04ffff001d024206,1602,True,True,True
5534,04ffff001d024606,1606,True,True,True
5535,04ffff001d024f06,1615,True,True,True
5536,04ffff001d025606,1622,True,True,True
5537,04ffff001d025806,1624,True,True,True
5538,04ffff001d026106,1633,True,True,True
5539,04ffff001d026306,1635,True,True,True
5540,04ffff001d026506,1637,True,True,True
5541,04ffff001d026a06,1642,True,True,True
5543,04ffff001d026e06,1646,True,True,True
5544,04ffff001d028006,1664,True,True,True
5545,04ffff001d028106,1665,True,True,True
5547,04ffff001d028406,1668,True,True,True
5549,04ffff001d028906,1673,True,True,True
5550,04ffff001d029206,1682,True,True,True
5551,04ffff001d029606,1686,True,True,True
5552,04ffff001d029906,1689,True,True,True
5553,04ffff001d029b06,1691,True,True,True
5554,04ffff001d02a606,1702,True,True,True
5556,04ffff001d02ab06,1707,True,True,True
5557,04ffff001d02b406,1716,True,True,True
5558,04ffff001d02b606,1718,True,True,True
5559,04ffff001d02b806,1720,True,True,True
5561,04ffff001d02d606,1750,True,True,True
5563,04ffff001d02dc06,1756,True,True,True
5564,04ffff001d02e406,1764,True,True,True
5565,04ffff001d02ea06,1770,True,True,True
5566,04ffff001d02ef06,1775,True,True,True
5568,04ffff001d02f406,1780,True,True,True
5571,04ffff001d02fc06,1788,True,True,True
5572,04ffff001d022607,1830,True,True,True
5573,04ffff001d022b07,1835,True,True,True
5574,04ffff001d022d07,1837,True,True,True
5576,04ffff001d023307,1843,True,True,True
5577,04ffff001d023507,1845,True,True,True
5578,04ffff001d023907,1849,True,True,True
5579,04ffff001d023b07,1851,True,True,True
5580,04ffff001d024407,1860,True,True,True
5581,04ffff001d025107,1873,True,True,True
5583,04ffff001d025607,1878,True,True,True
5584,04ffff001d025807,1880,True,True,True
5585,04ffff001d025d07,1885,True,True,True
5586,04ffff001d026107,1889,True,True,True
5587,04ffff001d026207,1890,True,True,True
5588,04ffff001d026607,1894,True,True,True
5589,04ffff001d027107,1905,True,True,True
5590,04ffff001d027407,1908,True,True,True
5591,04ffff001d027807,1912,True,True,True
5592,04ffff001d027e07,1918,True,True,True
5593,04ffff001d028507,1925,True,True,True
5594,04ffff001d029507,1941,True,True,True
5595,04ffff001d029907,1945,True,True,True
5596,04ffff001d029b07,1947,True,True,True
5597,04ffff001d029e07,1950,True,True,True
5598,04ffff001d029f07,1951,True,True,True
5599,04ffff001d02a107,1953,True,True,True
5600,04ffff001d02a607,1958,True,True,True
5601,04ffff001d02ad07,1965,True,True,True
5602,04ffff001d02ae07,1966,True,True,True
5603,04ffff001d02b307,1971,True,True,True
5604,04ffff001d02b707,1975,True,True,True
5605,04ffff001d02b807,1976,True,True,True
5607,04ffff001d02c007,1984,True,True,True
5608,04ffff001d02c107,1985,True,True,True
5609,04ffff001d02c207,1986,True,True,True
5610,04ffff001d02c807,1992,True,True,True
5611,04ffff001d02cd07,1997,True,True,True
5612,04ffff001d02d607,2006,True,True,True
5614,04ffff001d02eb07,2027,True,True,True
5615,04ffff001d02f507,2037,True,True,True
5616,04ffff001d02fe07,2046,True,True,True
5617,04ffff001d020408,2052,True,True,True
5618,04ffff001d020e08,2062,True,True,True
5619,04ffff001d021008,2064,True,True,True
5620,04ffff001d021408,2068,True,True,True
5621,04ffff001d021708,2071,True,True,True
5622,04ffff001d021c08,2076,True,True,True
5623,04ffff001d022108,2081,True,True,True
5624,04ffff001d022308,2083,True,True,True
5625,04ffff001d022a08,2090,True,True,True
5626,04ffff001d022b08,2091,True,True,True
5627,04ffff001d022c08,2092,True,True,True
5629,04ffff001d022d08,2093,True,True,True
5630,04ffff001d023a08,2106,True,True,True
5631,04ffff001d024208,2114,True,True,True
5632,04ffff001d024f08,2127,True,True,True
5633,04ffff001d025e08,2142,True,True,True
5635,04ffff001d025f08,2143,True,True,True
5636,04ffff001d026508,2149,True,True,True
5637,04ffff001d026a08,2154,True,True,True
5639,04ffff001d026e08,2158,True,True,True
5640,04ffff001d027208,2162,True,True,True
5641,04ffff001d027508,2165,True,True,True
5642,04ffff001d027b08,2171,True,True,True
5643,04ffff001d027f08,2175,True,True,True
5644,04ffff001d028108,2177,True,True,True
5645,04ffff001d028508,2181,True,True,True
5646,04ffff001d02a008,2208,True,True,True
5647,04ffff001d02a708,2215,True,True,True
5648,04ffff001d02aa08,2218,True,True,True
5649,04ffff001d02ae08,2222,True,True,True
5650,04ffff001d02af08,2223,True,True,True
5651,04ffff001d02b108,2225,True,True,True
5652,04ffff001d02b308,2227,True,True,True
5653,04ffff001d02b608,2230,True,True,True
5654,04ffff001d02bc08,2236,True,True,True
5655,04ffff001d02c408,2244,True,True,True
5656,04ffff001d02cc08,2252,True,True,True
5657,04ffff001d02ce08,2254,True,True,True
5658,04ffff001d02d108,2257,True,True,True
5659,04ffff001d02d908,2265,True,True,True
5660,04ffff001d02da08,2266,True,True,True
5661,04ffff001d02dc08,2268,True,True,True
5662,04ffff001d02e308,2275,True,True,True
5663,04ffff001d02e908,2281,True,True,True
5666,04ffff001d02ea08,2282,True,True,True
5667,04ffff001d02eb08,2283,True,True,True
5668,04ffff001d02ef08,2287,True,True,True
5669,04ffff001d02f008,2288,True,True,True
5670,04ffff001d02f208,2290,True,True,True
5671,04ffff001d02f408,2292,True,True,True
5672,04ffff001d02f608,2294,True,True,True
5673,04ffff001d020009,2304,True,True,True
5674,04ffff001d020909,2313,True,True,True
5675,04ffff001d020c09,2316,True,True,True
5676,04ffff001d021209,2322,True,True,True
5677,04ffff001d021709,2327,True,True,True
5679,04ffff001d021b09,2331,True,True,True
5680,04ffff001d022009,2336,True,True,True
5681,04ffff001d022109,2337,True,True,True
5683,04ffff001d022509,2341,True,True,True
5684,04ffff001d022609,2342,True,True,True
5686,04ffff001d022909,2345,True,True,True
5687,04ffff001d023009,2352,True,True,True
5688,04ffff001d023409,2356,True,True,True
5689,04ffff001d024009,2368,True,True,True
5690,04ffff001d024209,2370,True,True,True
5691,04ffff001d024a09,2378,True,True,True
5692,04ffff001d024c09,2380,True,True,True
5693,04ffff001d025909,2393,True,True,True
5694,04ffff001d025a09,2394,True,True,True
5695,04ffff001d025d09,2397,True,True,True
5697,04ffff001d026609,2406,True,True,True
5699,04ffff001d026909,2409,True,True,True
5700,04ffff001d027109,2417,True,True,True
5701,04ffff001d027409,2420,True,True,True
5703,04ffff001d027509,2421,True,True,True
5704,04ffff001d028809,2440,True,True,True
5705,04ffff001d028909,2441,True,True,True
5706,04ffff001d028f09,2447,True,True,True
5707,04ffff001d029309,2451,True,True,True
5708,04ffff001d029409,2452,True,True,True
5710,04ffff001d029a09,2458,True,True,True
5711,04ffff001d029b09,2459,True,True,True
5712,04ffff001d02a109,2465,True,True,True
5714,04ffff001d02a609,2470,True,True,True
5715,04ffff001d02ac09,2476,True,True,True
5716,04ffff001d02b309,2483,True,True,True
5717,04ffff001d02c109,2497,True,True,True
5718,04ffff001d02c709,2503,True,True,True
5719,04ffff001d02c809,2504,True,True,True
5722,04ffff001d02cc09,2508,True,True,True
5725,04ffff001d02cf09,2511,True,True,True
5726,04ffff001d02d509,2517,True,True,True
5727,04ffff001d02dd09,2525,True,True,True
5728,04ffff001d02e709,2535,True,True,True
5729,04ffff001d02e909,2537,True,True,True
5730,04ffff001d02ef09,2543,True,True,True
5731,04ffff001d02f109,2545,True,True,True
5732,04ffff001d02f309,2547,True,True,True
5734,04ffff001d02f809,2552,True,True,True
5737,04ffff001d020b0a,2571,True,True,True
5738,04ffff001d020f0a,2575,True,True,True
5739,04ffff001d02150a,2581,True,True,True
5740,04ffff001d02200a,2592,True,True,True
5741,04ffff001d02240a,2596,True,True,True
5742,04ffff001d02270a,2599,True,True,True
5744,04ffff001d022b0a,2603,True,True,True
5745,04ffff001d02300a,2608,True,True,True
5746,04ffff001d02350a,2613,True,True,True
5749,04ffff001d0109,9,True,True,True
5750,04ffff001d010b,11,True,True,True
5752,04ffff001d010d,13,True,True,True
5754,04ffff001d0114,20,True,True,True
5755,04ffff001d011e,30,True,True,True
5757,04ffff001d0120,32,True,True,True
5758,04ffff001d0121,33,True,True,True
5759,04ffff001d012b,43,True,True,True
5761,04ffff001d012d,45,True,True,True
5762,04ffff001d0130,48,True,True,True
5764,04ffff001d0135,53,True,True,True
5765,04ffff001d0136,54,True,True,True
5766,04ffff001d013b,59,True,True,True
5767,04ffff001d013d,61,True,True,True
5768,04ffff001d0145,69,True,True,True
5770,04ffff001d0151,81,True,True,True
5771,04ffff001d0154,84,True,True,True
5773,04ffff001d0155,85,True,True,True
5774,04ffff001d015a,90,True,True,True
5775,04ffff001d015e,94,True,True,True
5776,04ffff001d0169,105,True,True,True
5779,04ffff001d0176,118,True,True,True
5780,04ffff001d0177,119,True,True,True
5781,04ffff001d0178,120,True,True,True
5782,04ffff001d017a,122,True,True,True
5783,04ffff001d017b,123,True,True,True
5784,04ffff001d028200,130,True,True,True
5785,04ffff001d028500,133,True,True,True
5786,04ffff001d028800,136,True,True,True
5787,04ffff001d028900,137,True,True,True
5789,04ffff001d028e00,142,True,True,True
5790,04ffff001d028f00,143,True,True,True
5792,04ffff001d029600,150,True,True,True
5794,04ffff001d029900,153,True,True,True
5795,04ffff001d029c00,156,True,True,True
5797,04ffff001d02a500,165,True,True,True
5799,04ffff001d02a900,169,True,True,True
5800,04ffff001d02b400,180,True,True,True
5801,04ffff001d02bc00,188,True,True,True
5803,04ffff001d02c000,192,True,True,True
5805,04ffff001d02cb00,203,True,True,True
5806,04ffff001d02cf00,207,True,True,True
5807,04ffff001d02d000,208,True,True,True
5808,04ffff001d02e500,229,True,True,True
5809,04ffff001d02e600,230,True,True,True
5810,04ffff001d02e900,233,True,True,True
5811,04ffff001d02eb00,235,True,True,True
5812,04ffff001d02ef00,239,True,True,True
5813,04ffff001d02f400,244,True,True,True
5814,04ffff001d02f500,245,True,True,True
5815,04ffff001d020301,259,True,True,True
5817,04ffff001d020501,261,True,True,True
5818,04ffff001d021701,279,True,True,True
5819,04ffff001d021c01,284,True,True,True
5821,04ffff001d022101,289,True,True,True
5822,04ffff001d023301,307,True,True,True
5823,04ffff001d023d01,317,True,True,True
5824,04ffff001d023f01,319,True,True,True
5825,04ffff001d024c01,332,True,True,True
5826,04ffff001d024e01,334,True,True,True
5827,04ffff001d025801,344,True,True,True
5828,04ffff001d025b01,347,True,True,True
5829,04ffff001d026001,352,True,True,True
5831,04ffff001d026601,358,True,True,True
5832,04ffff001d026801,360,True,True,True
5833,04ffff001d026f01,367,True,True,True
5835,04ffff001d027001,368,True,True,True
5836,04ffff001d027401,372,True,True,True
5837,04ffff001d027701,375,True,True,True
5838,04ffff001d027a01,378,True,True,True
5839,04ffff001d028001,384,True,True,True
5840,04ffff001d028101,385,True,True,True
5841,04ffff001d028701,391,True,True,True
5842,04ffff001d028c01,396,True,True,True
5844,04ffff001d028f01,399,True,True,True
5845,04ffff001d029101,401,True,True,True
5846,04ffff001d029a01,410,True,True,True
5847,04ffff001d02ac01,428,True,True,True
5848,04ffff001d02ae01,430,True,True,True
5849,04ffff001d02cc01,460,True,True,True
5850,04ffff001d02e101,481,True,True,True
5851,04ffff001d02e201,482,True,True,True
5852,04ffff001d02e601,486,True,True,True
5853,04ffff001d02eb01,491,True,True,True
5854,04ffff001d02f401,500,True,True,True
5855,04ffff001d020502,517,True,True,True
5856,04ffff001d020602,518,True,True,True
5857,04ffff001d020802,520,True,True,True
5858,04ffff001d021602,534,True,True,True
5859,04ffff001d021c02,540,True,True,True
5860,04ffff001d022702,551,True,True,True
5861,04ffff001d022e02,558,True,True,True
5862,04ffff001d022f02,559,True,True,True
5863,04ffff001d023102,561,True,True,True
5865,04ffff001d023602,566,True,True,True
5866,04ffff001d023c02,572,True,True,True
5867,04ffff001d024502,581,True,True,True
5868,04ffff001d024702,583,True,True,True
5869,04ffff001d025702,599,True,True,True
5870,04ffff001d025f02,607,True,True,True
5871,04ffff001d027002,624,True,True,True
5872,04ffff001d027f02,639,True,True,True
5873,04ffff001d028402,644,True,True,True
5874,04ffff001d028e02,654,True,True,True
5875,04ffff001d02a102,673,True,True,True
5876,04ffff001d02a202,674,True,True,True
5877,04ffff001d02a402,676,True,True,True
5878,04ffff001d02a502,677,True,True,True
5879,04ffff001d02a702,679,True,True,True
5880,04ffff001d02aa02,682,True,True,True
5881,04ffff001d02ad02,685,True,True,True
5883,04ffff001d02b202,690,True,True,True
5884,04ffff001d02b602,694,True,True,True
5885,04ffff001d02b802,696,True,True,True
5886,04ffff001d02c302,707,True,True,True
5888,04ffff001d02c402,708,True,True,True
5889,04ffff001d02c502,709,True,True,True
5890,04ffff001d02c802,712,True,True,True
5891,04ffff001d02ca02,714,True,True,True
5892,04ffff001d02cf02,719,True,True,True
5893,04ffff001d02e002,736,True,True,True
5894,04ffff001d02ec02,748,True,True,True
5896,04ffff001d02f002,752,True,True,True
5897,04ffff001d02f502,757,True,True,True
5898,04ffff001d02f702,759,True,True,True
5899,04ffff001d020003,768,True,True,True
5900,04ffff001d020603,774,True,True,True
5901,04ffff001d020703,775,True,True,True
5902,04ffff001d020b03,779,True,True,True
5903,04ffff001d020d03,781,True,True,True
5904,04ffff001d021203,786,True,True,True
5907,04ffff001d021a03,794,True,True,True
5908,04ffff001d022003,800,True,True,True
5909,04ffff001d022203,802,True,True,True
5910,04ffff001d022503,805,True,True,True
5911,04ffff001d023303,819,True,True,True
5912,04ffff001d023503,821,True,True,True
5913,04ffff001d024403,836,True,True,True
5914,04ffff001d024e03,846,True,True,True
5915,04ffff001d025103,849,True,True,True
5916,04ffff001d025203,850,True,True,True
5917,04ffff001d025f03,863,True,True,True
5918,04ffff001d026703,871,True,True,True
5919,04ffff001d026903,873,True,True,True
5920,04ffff001d027903,889,True,True,True
5921,04ffff001d028103,897,True,True,True
5922,04ffff001d028203,898,True,True,True
5923,04ffff001d028803,904,True,True,True
5924,04ffff001d029703,919,True,True,True
5925,04ffff001d029b03,923,True,True,True
5926,04ffff001d02a103,929,True,True,True
5927,04ffff001d02a203,930,True,True,True
5929,04ffff001d02a503,933,True,True,True
5930,04ffff001d02a903,937,True,True,True
5931,04ffff001d02ab03,939,True,True,True
5932,04ffff001d02ae03,942,True,True,True
5933,04ffff001d02b403,948,True,True,True
5934,04ffff001d02cc03,972,True,True,True
5935,04ffff001d02ce03,974,True,True,True
5937,04ffff001d02d003,976,True,True,True
5938,04ffff001d02dd03,989,True,True,True
5940,04ffff001d02de03,990,True,True,True
5941,04ffff001d02df03,991,True,True,True
5942,04ffff001d02e203,994,True,True,True
5943,04ffff001d02e303,995,True,True,True
5946,04ffff001d02e903,1001,True,True,True
5947,04ffff001d02ed03,1005,True,True,True
5948,04ffff001d02f603,1014,True,True,True
5949,04ffff001d02f903,1017,True,True,True
5950,04ffff001d02fe03,1022,True,True,True
5951,04ffff001d020104,1025,True,True,True
5952,04ffff001d021004,1040,True,True,True
5954,04ffff001d021104,1041,True,True,True
5955,04ffff001d021904,1049,True,True,True
5956,04ffff001d021c04,1052,True,True,True
5957,04ffff001d022204,1058,True,True,True
5958,04ffff001d022e04,1070,True,True,True
5959,04ffff001d023104,1073,True,True,True
5960,04ffff001d023b04,1083,True,True,True
5962,04ffff001d023c04,1084,True,True,True
5963,04ffff001d023e04,1086,True,True,True
5964,04ffff001d024404,1092,True,True,True
5965,04ffff001d024504,1093,True,True,True
5967,04ffff001d025304,1107,True,True,True
5968,04ffff001d025c04,1116,True,True,True
5969,04ffff001d025d04,1117,True,True,True
5970,04ffff001d025e04,1118,True,True,True
5971,04ffff001d025f04,1119,True,True,True
5972,04ffff001d026004,1120,True,True,True
5973,04ffff001d026604,1126,True,True,True
5975,04ffff001d026e04,1134,True,True,True
5976,04ffff001d027604,1142,True,True,True
5977,04ffff001d027e04,1150,True,True,True
5978,04ffff001d028304,1155,True,True,True
5979,04ffff001d028504,1157,True,True,True
5980,04ffff001d028f04,1167,True,True,True
5981,04ffff001d029604,1174,True,True,True
5982,04ffff001d029704,1175,True,True,True
5983,04ffff001d029804,1176,True,True,True
5984,04ffff001d029b04,1179,True,True,True
5985,04ffff001d02ae04,1198,True,True,True
5987,04ffff001d02b304,1203,True,True,True
5988,04ffff001d02b504,1205,True,True,True
5989,04ffff001d02b704,1207,True,True,True
5990,04ffff001d02bc04,1212,True,True,True
5991,04ffff001d02c004,1216,True,True,True
5993,04ffff001d02d704,1239,True,True,True
5994,04ffff001d02db04,1243,True,True,True
5995,04ffff001d02e704,1255,True,True,True
5996,04ffff001d02ea04,1258,True,True,True
5998,04ffff001d02ec04,1260,True,True,True
6000,04ffff001d02f904,1273,True,True,True
6001,04ffff001d02fc04,1276,True,True,True
6002,04ffff001d02ff04,1279,True,True,True
6005,04ffff001d020305,1283,True,True,True
6006,04ffff001d020b05,1291,True,True,True
6008,04ffff001d020c05,1292,True,True,True
6009,04ffff001d021205,1298,True,True,True
6010,04ffff001d021405,1300,True,True,True
6011,04ffff001d021805,1304,True,True,True
6012,04ffff001d021f05,1311,True,True,True
6013,04ffff001d022805,1320,True,True,True
6014,04ffff001d022d05,1325,True,True,True
6015,04ffff001d022f05,1327,True,True,True
6016,04ffff001d023405,1332,True,True,True
6017,04ffff001d023505,1333,True,True,True
6018,04ffff001d023a05,1338,True,True,True
6019,04ffff001d023e05,1342,True,True,True
6020,04ffff001d024705,1351,True,True,True
6021,04ffff001d025305,1363,True,True,True
6023,04ffff001d026005,1376,True,True,True
6024,04ffff001d026105,1377,True,True,True
6025,04ffff001d026505,1381,True,True,True
6026,04ffff001d026805,1384,True,True,True
6028,04ffff001d026c05,1388,True,True,True
6029,04ffff001d027905,1401,True,True,True
6030,04ffff001d028105,1409,True,True,True
6031,04ffff001d028805,1416,True,True,True
6032,04ffff001d029b05,1435,True,True,True
6033,04ffff001d029c05,1436,True,True,True
6034,04ffff001d029d05,1437,True,True,True
6035,04ffff001d029e05,1438,True,True,True
6037,04ffff001d029f05,1439,True,True,True
6039,04ffff001d02a505,1445,True,True,True
6041,04ffff001d02a905,1449,True,True,True
6042,04ffff001d02ac05,1452,True,True,True
6043,04ffff001d02b305,1459,True,True,True
6044,04ffff001d02b705,1463,True,True,True
6045,04ffff001d02b905,1465,True,True,True
6046,04ffff001d02c405,1476,True,True,True
6047,04ffff001d02cf05,1487,True,True,True
6049,04ffff001d02d105,1489,True,True,True
6050,04ffff001d02d205,1490,True,True,True
6051,04ffff001d02d905,1497,True,True,True
6052,04ffff001d02dd05,1501,True,True,True
6053,04ffff001d02df05,1503,True,True,True
6054,04ffff001d02e005,1504,True,True,True
6055,04ffff001d02e905,1513,True,True,True
6056,04ffff001d02ec05,1516,True,True,True
6058,04ffff001d02ee05,1518,True,True,True
6059,04ffff001d02f505,1525,True,True,True
6060,04ffff001d02fc05,1532,True,True,True
6061,04ffff001d020a06,1546,True,True,True
6063,04ffff001d020e06,1550,True,True,True
6064,04ffff001d021e06,1566,True,True,True
6066,04ffff001d022606,1574,True,True,True
6067,04ffff001d022706,1575,True,True,True
6068,04ffff001d023306,1587,True,True,True
6069,04ffff001d023406,1588,True,True,True
6070,04ffff001d023f06,1599,True,True,True
6071,04ffff001d024406,1604,True,True,True
6072,04ffff001d024506,1605,True,True,True
6073,04ffff001d024906,1609,True,True,True
6074,04ffff001d024a06,1610,True,True,True
6075,04ffff001d024b06,1611,True,True,True
6076,04ffff001d025206,1618,True,True,True
6077,04ffff001d025b06,1627,True,True,True
6079,04ffff001d026106,1633,True,True,True
6080,04ffff001d026406,1636,True,True,True
6082,04ffff001d026a06,1642,True,True,True
6083,04ffff001d026f06,1647,True,True,True
6084,04ffff001d027a06,1658,True,True,True
6085,04ffff001d027f06,1663,True,True,True
6086,04ffff001d028506,1669,True,True,True
6087,04ffff001d028a06,1674,True,True,True
6088,04ffff001d028b06,1675,True,True,True
6089,04ffff001d029d06,1693,True,True,True
6091,04ffff001d02a006,1696,True,True,True
6092,04ffff001d02a106,1697,True,True,True
6093,04ffff001d02ac06,1708,True,True,True
6094,04ffff001d02ad06,1709,True,True,True
6095,04ffff001d02ae06,1710,True,True,True
6096,04ffff001d02b006,1712,True,True,True
6097,04ffff001d02b406,1716,True,True,True
6098,04ffff001d02b806,1720,True,True,True
6099,04ffff001d02bb06,1723,True,True,True
6100,04ffff001d02c606,1734,True,True,True
6101,04ffff001d02cc06,1740,True,True,True
6102,04ffff001d02d506,1749,True,True,True
6104,04ffff001d02d606,1750,True,True,True
6106,04ffff001d02d906,1753,True,True,True
6107,04ffff001d02dd06,1757,True,True,True
6108,04ffff001d02e106,1761,True,True,True
6109,04ffff001d02e706,1767,True,True,True
6110,04ffff001d02ef06,1775,True,True,True
6111,04ffff001d02fe06,1790,True,True,True
6113,04ffff001d020207,1794,True,True,True
6114,04ffff001d020707,1799,True,True,True
6115,04ffff001d020807,1800,True,True,True
6117,04ffff001d020907,1801,True,True,True
6118,04ffff001d020c07,1804,True,True,True
6119,04ffff001d022407,1828,True,True,True
6120,04ffff001d022d07,1837,True,True,True
6121,04ffff001d023607,1846,True,True,True
6124,04ffff001d023d07,1853,True,True,True
6125,04ffff001d023e07,1854,True,True,True
6126,04ffff001d024907,1865,True,True,True
6128,04ffff001d024b07,1867,True,True,True
6129,04ffff001d025907,1881,True,True,True
6130,04ffff001d025b07,1883,True,True,True
6131,04ffff001d025e07,1886,True,True,True
6132,04ffff001d026307,1891,True,True,True
6133,04ffff001d026807,1896,True,True,True
6134,04ffff001d026a07,1898,True,True,True
6135,04ffff001d027507,1909,True,True,True
6136,04ffff001d027907,1913,True,True,True
6137,04ffff001d027e07,1918,True,True,True
6138,04ffff001d028107,1921,True,True,True
6139,04ffff001d028407,1924,True,True,True
6140,04ffff001d028b07,1931,True,True,True
6141,04ffff001d029707,1943,True,True,True
6143,04ffff001d029f07,1951,True,True,True
6144,04ffff001d02a107,1953,True,True,True
6145,04ffff001d02a407,1956,True,True,True
6148,04ffff001d02a507,1957,True,True,True
6149,04ffff001d02a607,1958,True,True,True
6150,04ffff001d02a907,1961,True,True,True
6151,04ffff001d02ab07,1963,True,True,True
6152,04ffff001d02b207,1970,True,True,True
6153,04ffff001d02b507,1973,True,True,True
6154,04ffff001d02bc07,1980,True,True,True
6155,04ffff001d02be07,1982,True,True,True
6156,04ffff001d02c107,1985,True,True,True
6157,04ffff001d02c207,1986,True,True,True
6158,04ffff001d02c407,1988,True,True,True
6159,04ffff001d02c607,1990,True,True,True
6160,04ffff001d02c907,1993,True,True,True
6161,04ffff001d02ca07,1994,True,True,True
6163,04ffff001d02cd07,1997,True,True,True
6164,04ffff001d02ce07,1998,True,True,True
6165,04ffff001d02d307,2003,True,True,True
6166,04ffff001d02d407,2004,True,True,True
6167,04ffff001d02d907,2009,True,True,True
6168,04ffff001d02da07,2010,True,True,True
6169,04ffff001d02ef07,2031,True,True,True
6170,04ffff001d02f007,2032,True,True,True
6171,04ffff001d02f407,2036,True,True,True
6172,04ffff001d02f807,2040,True,True,True
6173,04ffff001d020108,2049,True,True,True
6175,04ffff001d020c08,2060,True,True,True
6176,04ffff001d021108,2065,True,True,True
6177,04ffff001d021208,2066,True,True,True
6178,04ffff001d021b08,2075,True,True,True
6179,04ffff001d022708,2087,True,True,True
6181,04ffff001d022e08,2094,True,True,True
6182,04ffff001d023408,2100,True,True,True
6183,04ffff001d023808,2104,True,True,True
6185,04ffff001d024108,2113,True,True,True
6186,04ffff001d024408,2116,True,True,True
6187,04ffff001d024c08,2124,True,True,True
6188,04ffff001d024f08,2127,True,True,True
6189,04ffff001d025208,2130,True,True,True
6191,04ffff001d025308,2131,True,True,True
6195,04ffff001d025608,2134,True,True,True
6196,04ffff001d025b08,2139,True,True,True
6197,04ffff001d025f08,2143,True,True,True
6198,04ffff001d026008,2144,True,True,True
6199,04ffff001d026f08,2159,True,True,True
6200,04ffff001d027008,2160,True,True,True
6201,04ffff001d028208,2178,True,True,True
6202,04ffff001d028b08,2187,True,True,True
6203,04ffff001d029208,2194,True,True,True
6204,04ffff001d029408,2196,True,True,True
6206,04ffff001d029608,2198,True,True,True
6208,04ffff001d029908,2201,True,True,True
6209,04ffff001d02a208,2210,True,True,True
6210,04ffff001d02a608,2214,True,True,True
6211,04ffff001d02af08,2223,True,True,True
6212,04ffff001d02b108,2225,True,True,True
6213,04ffff001d02b508,2229,True,True,True
6215,04ffff001d02c108,2241,True,True,True
6217,04ffff001d02c708,2247,True,True,True
6218,04ffff001d02cf08,2255,True,True,True
6219,04ffff001d02d108,2257,True,True,True
6220,04ffff001d02d508,2261,True,True,True
6221,04ffff001d02d908,2265,True,True,True
6222,04ffff001d02e708,2279,True,True,True
6223,04ffff001d02ee08,2286,True,True,True
6224,04ffff001d02ff08,2303,True,True,True
6225,04ffff001d020009,2304,True,True,True
6226,04ffff001d020409,2308,True,True,True
6227,04ffff001d020709,2311,True,True,True
6228,04ffff001d021509,2325,True,True,True
6229,04ffff001d021809,2328,True,True,True
6230,04ffff001d022409,2340,True,True,True
6231,04ffff001d022709,2343,True,True,True
6232,04ffff001d022c09,2348,True,True,True
6233,04ffff001d022e09,2350,True,True,True
6235,04ffff001d023409,2356,True,True,True
6236,04ffff001d023b09,2363,True,True,True
6237,04ffff001d024009,2368,True,True,True
6238,04ffff001d024109,2369,True,True,True
6239,04ffff001d024f09,2383,True,True,True
6242,04ffff001d025009,2384,True,True,True
6243,04ffff001d026509,2405,True,True,True
6244,04ffff001d026909,2409,True,True,True
6245,04ffff001d026e09,2414,True,True,True
6246,04ffff001d027509,2421,True,True,True
6247,04ffff001d027c09,2428,True,True,True
6249,04ffff001d028109,2433,True,True,True
6250,04ffff001d028809,2440,True,True,True
6251,04ffff001d029809,2456,True,True,True
6252,04ffff001d029a09,2458,True,True,True
6253,04ffff001d029d09,2461,True,True,True
6254,04ffff001d02a209,2466,True,True,True
6255,04ffff001d02ab09,2475,True,True,True
6256,04ffff001d02b209,2482,True,True,True
6257,04ffff001d02b809,2488,True,True,True
6259,04ffff001d02c109,2497,True,True,True
6260,04ffff001d02c509,2501,True,True,True
6261,04ffff001d02cb09,2507,True,True,True
6263,04ffff001d02d409,2516,True,True,True
6265,04ffff001d02df09,2527,True,True,True
6268,04ffff001d02e809,2536,True,True,True
6270,04ffff001d02ea09,2538,True,True,True
6273,04ffff001d02eb09,2539,True,True,True
6274,04ffff001d02ef09,2543,True,True,True
6275,04ffff001d02f209,2546,True,True,True
6277,04ffff001d02f709,2551,True,True,True
6278,04ffff001d02fb09,2555,True,True,True
6280,04ffff001d02fc09,2556,True,True,True
6281,04ffff001d02070a,2567,True,True,True
6283,04ffff001d02130a,2579,True,True,True
6284,04ffff001d02150a,2581,True,True,True
6285,04ffff001d02180a,2584,True,True,True
6286,04ffff001d021b0a,2587,True,True,True
6287,04ffff001d02200a,2592,True,True,True
6288,04ffff001d02240a,2596,True,True,True
6290,04ffff001d022e0a,2606,True,True,True
6291,04ffff001d02320a,2610,True,True,True
6292,04ffff001d02330a,2611,True,True,True
6293,04ffff001d02360a,2614,True,True,True
6295,04ffff001d010a,10,True,True,True
6297,04ffff001d0117,23,True,True,True
6298,04ffff001d011f,31,True,True,True
6299,04ffff001d0120,32,True,True,True
6300,04ffff001d0121,33,True,True,True
6301,04ffff001d0123,35,True,True,True
6302,04ffff001d012d,45,True,True,True
6304,04ffff001d0131,49,True,True,True
6305,04ffff001d0138,56,True,True,True
6306,04ffff001d0139,57,True,True,True
6308,04ffff001d0146,70,True,True,True
6309,04ffff001d0148,72,True,True,True
6310,04ffff001d014d,77,True,True,True
6312,04ffff001d014e,78,True,True,True
6313,04ffff001d0152,82,True,True,True
6314,04ffff001d015b,91,True,True,True
6315,04ffff001d0166,102,True,True,True
6317,04ffff001d0168,104,True,True,True
6318,04ffff001d0169,105,True,True,True
6319,04ffff001d016d,109,True,True,True
6320,04ffff001d0175,117,True,True,True
6321,04ffff001d0177,119,True,True,True
6322,04ffff001d0178,120,True,True,True
6323,04ffff001d017a,122,True,True,True
6324,04ffff001d017b,123,True,True,True
6325,04ffff001d017c,124,True,True,True
6326,04ffff001d017e,126,True,True,True
6327,04ffff001d028000,128,True,True,True
6328,04ffff001d028400,132,True,True,True
6329,04ffff001d028600,134,True,True,True
6330,04ffff001d028800,136,True,True,True
6332,04ffff001d028c00,140,True,True,True
6333,04ffff001d028f00,143,True,True,True
6334,04ffff001d029500,149,True,True,True
6336,04ffff001d029b00,155,True,True,True
6337,04ffff001d02a100,161,True,True,True
6339,04ffff001d02a600,166,True,True,True
6340,04ffff001d02aa00,170,True,True,True
6341,04ffff001d02ae00,174,True,True,True
6342,04ffff001d02b700,183,True,True,True
6343,04ffff001d02b800,184,True,True,True
6344,04ffff001d02bf00,191,True,True,True
6345,04ffff001d02c300,195,True,True,True
6346,04ffff001d02c600,198,True,True,True
6347,04ffff001d02cc00,204,True,True,True
6348,04ffff001d02cd00,205,True,True,True
6349,04ffff001d02d900,217,True,True,True
6350,04ffff001d02e100,225,True,True,True
6351,04ffff001d02e700,231,True,True,True
6352,04ffff001d02ef00,239,True,True,True
6353,04ffff001d02f200,242,True,True,True
6354,04ffff001d02fc00,252,True,True,True
6355,04ffff001d02fd00,253,True,True,True
6356,04ffff001d02fe00,254,True,True,True
6357,04ffff001d02ff00,255,True,True,True
6358,04ffff001d020901,265,True,True,True
6359,04ffff001d021101,273,True,True,True
6361,04ffff001d021501,277,True,True,True
6363,04ffff001d021901,281,True,True,True
6364,04ffff001d022001,288,True,True,True
6365,04ffff001d022b01,299,True,True,True
6367,04ffff001d024001,320,True,True,True
6369,04ffff001d024201,322,True,True,True
6370,04ffff001d024601,326,True,True,True
6371,04ffff001d024701,327,True,True,True
6372,04ffff001d024e01,334,True,True,True
6373,04ffff001d024f01,335,True,True,True
6374,04ffff001d025501,341,True,True,True
6375,04ffff001d025601,342,True,True,True
6376,04ffff001d025801,344,True,True,True
6377,04ffff001d026701,359,True,True,True
6378,04ffff001d026801,360,True,True,True
6379,04ffff001d027001,368,True,True,True
6380,04ffff001d027801,376,True,True,True
6381,04ffff001d027c01,380,True,True,True
6382,04ffff001d028901,393,True,True,True
6383,04ffff001d028a01,394,True,True,True
6384,04ffff001d028b01,395,True,True,True
6386,04ffff001d028d01,397,True,True,True
6388,04ffff001d028f01,399,True,True,True
6389,04ffff001d029e01,414,True,True,True
6391,04ffff001d02a001,416,True,True,True
6392,04ffff001d02a101,417,True,True,True
6394,04ffff001d02ae01,430,True,True,True
6395,04ffff001d02b501,437,True,True,True
6396,04ffff001d02bc01,444,True,True,True
6397,04ffff001d02c101,449,True,True,True
6398,04ffff001d02c401,452,True,True,True
6399,04ffff001d02ce01,462,True,True,True
6400,04ffff001d02cf01,463,True,True,True
6402,04ffff001d02df01,479,True,True,True
6403,04ffff001d02e101,481,True,True,True
6404,04ffff001d02e701,487,True,True,True
6406,04ffff001d02f101,497,True,True,True
6407,04ffff001d02f901,505,True,True,True
6408,04ffff001d020002,512,True,True,True
6409,04ffff001d020802,520,True,True,True
6410,04ffff001d020b02,523,True,True,True
6411,04ffff001d021002,528,True,True,True
6412,04ffff001d021702,535,True,True,True
6413,04ffff001d021a02,538,True,True,True
6414,04ffff001d021c02,540,True,True,True
6416,04ffff001d022202,546,True,True,True
6418,04ffff001d022402,548,True,True,True
6419,04ffff001d023202,562,True,True,True
6420,04ffff001d023502,565,True,True,True
6422,04ffff001d023702,567,True,True,True
6423,04ffff001d023b02,571,True,True,True
6424,04ffff001d024d02,589,True,True,True
6425,04ffff001d024f02,591,True,True,True
6427,04ffff001d025602,598,True,True,True
6429,04ffff001d025c02,604,True,True,True
6430,04ffff001d025d02,605,True,True,True
6431,04ffff001d025f02,607,True,True,True
6432,04ffff001d026302,611,True,True,True
6433,04ffff001d026502,613,True,True,True
6434,04ffff001d026702,615,True,True,True
6435,04ffff001d026b02,619,True,True,True
6438,04ffff001d026c02,620,True,True,True
6439,04ffff001d026e02,622,True,True,True
6440,04ffff001d027002,624,True,True,True
6441,04ffff001d027302,627,True,True,True
6442,04ffff001d027a02,634,True,True,True
6444,04ffff001d027d02,637,True,True,True
6445,04ffff001d028402,644,True,True,True
6447,04ffff001d028502,645,True,True,True
6449,04ffff001d029702,663,True,True,True
6450,04ffff001d029e02,670,True,True,True
6452,04ffff001d02a002,672,True,True,True
6453,04ffff001d02a602,678,True,True,True
6456,04ffff001d02ab02,683,True,True,True
6457,04ffff001d02af02,687,True,True,True
6458,04ffff001d02b902,697,True,True,True
6459,04ffff001d02c802,712,True,True,True
6460,04ffff001d02ca02,714,True,True,True
6466,04ffff001d02cc02,716,True,True,True
6467,04ffff001d02cd02,717,True,True,True
6468,04ffff001d02d102,721,True,True,True
6469,04ffff001d02d402,724,True,True,True
6470,04ffff001d02d502,725,True,True,True
6471,04ffff001d02d802,728,True,True,True
6472,04ffff001d02dc02,732,True,True,True
6474,04ffff001d02e002,736,True,True,True
6475,04ffff001d02e402,740,True,True,True
6476,04ffff001d02e702,743,True,True,True
6477,04ffff001d02f102,753,True,True,True
6479,04ffff001d021103,785,True,True,True
6480,04ffff001d021503,789,True,True,True
6482,04ffff001d022703,807,True,True,True
6483,04ffff001d022a03,810,True,True,True
6485,04ffff001d023d03,829,True,True,True
6487,04ffff001d024d03,845,True,True,True
6488,04ffff001d024e03,846,True,True,True
6489,04ffff001d025503,853,True,True,True
6490,04ffff001d025703,855,True,True,True
6491,04ffff001d026c03,876,True,True,True
6492,04ffff001d027503,885,True,True,True
6493,04ffff001d028603,902,True,True,True
6494,04ffff001d029103,913,True,True,True
6495,04ffff001d029203,914,True,True,True
6496,04ffff001d029d03,925,True,True,True
6497,04ffff001d029f03,927,True,True,True
6498,04ffff001d02a403,932,True,True,True
6501,04ffff001d02b603,950,True,True,True
6502,04ffff001d02b803,952,True,True,True
6503,04ffff001d02bd03,957,True,True,True
6504,04ffff001d02c003,960,True,True,True
6506,04ffff001d02d703,983,True,True,True
6510,04ffff001d02dd03,989,True,True,True
6511,04ffff001d02e203,994,True,True,True
6512,04ffff001d02e603,998,True,True,True
6514,04ffff001d02e703,999,True,True,True
6515,04ffff001d02ed03,1005,True,True,True
6516,04ffff001d02ee03,1006,True,True,True
6518,04ffff001d02ef03,1007,True,True,True
6519,04ffff001d02f603,1014,True,True,True
6520,04ffff001d020004,1024,True,True,True
6521,04ffff001d020704,1031,True,True,True
6522,04ffff001d020c04,1036,True,True,True
6523,04ffff001d020f04,1039,True,True,True
6524,04ffff001d021304,1043,True,True,True
6525,04ffff001d021604,1046,True,True,True
6526,04ffff001d021a04,1050,True,True,True
6528,04ffff001d022004,1056,True,True,True
6530,04ffff001d022204,1058,True,True,True
6532,04ffff001d022304,1059,True,True,True
6533,04ffff001d022404,1060,True,True,True
6534,04ffff001d022604,1062,True,True,True
6535,04ffff001d022c04,1068,True,True,True
6536,04ffff001d022e04,1070,True,True,True
6537,04ffff001d023104,1073,True,True,True
6538,04ffff001d023a04,1082,True,True,True
6540,04ffff001d023d04,1085,True,True,True
6541,04ffff001d023f04,1087,True,True,True
6542,04ffff001d024004,1088,True,True,True
6543,04ffff001d024104,1089,True,True,True
6544,04ffff001d024304,1091,True,True,True
6546,04ffff001d024a04,1098,True,True,True
6547,04ffff001d024c04,1100,True,True,True
6548,04ffff001d024f04,1103,True,True,True
6549,04ffff001d025604,1110,True,True,True
6551,04ffff001d025904,1113,True,True,True
6554,04ffff001d026d04,1133,True,True,True
6555,04ffff001d027804,1144,True,True,True
6556,04ffff001d027d04,1149,True,True,True
6557,04ffff001d027e04,1150,True,True,True
6558,04ffff001d028204,1154,True,True,True
6559,04ffff001d028704,1159,True,True,True
6560,04ffff001d028d04,1165,True,True,True
6563,04ffff001d029104,1169,True,True,True
6564,04ffff001d029904,1177,True,True,True
6567,04ffff001d029d04,1181,True,True,True
6569,04ffff001d02a304,1187,True,True,True
6570,04ffff001d02a504,1189,True,True,True
6571,04ffff001d02ae04,1198,True,True,True
6572,04ffff001d02af04,1199,True,True,True
6573,04ffff001d02b004,1200,True,True,True
6574,04ffff001d02b204,1202,True,True,True
6575,04ffff001d02b704,1207,True,True,True
6577,04ffff001d02bc04,1212,True,True,True
6578,04ffff001d02bd04,1213,True,True,True
6579,04ffff001d02c304,1219,True,True,True
6580,04ffff001d02c504,1221,True,True,True
6581,04ffff001d02cc04,1228,True,True,True
6583,04ffff001d02d504,1237,True,True,True
6584,04ffff001d02d804,1240,True,True,True
6586,04ffff001d02d904,1241,True,True,True
6587,04ffff001d02e004,1248,True,True,True
6588,04ffff001d02e504,1253,True,True,True
6589,04ffff001d02f504,1269,True,True,True
6591,04ffff001d02f804,1272,True,True,True
6592,04ffff001d020505,1285,True,True,True
6593,04ffff001d020a05,1290,True,True,True
6595,04ffff001d020b05,1291,True,True,True
6596,04ffff001d020f05,1295,True,True,True
6597,04ffff001d021505,1301,True,True,True
6598,04ffff001d021e05,1310,True,True,True
6599,04ffff001d022005,1312,True,True,True
6601,04ffff001d022105,1313,True,True,True
6602,04ffff001d022605,1318,True,True,True
6604,04ffff001d022b05,1323,True,True,True
6605,04ffff001d023305,1331,True,True,True
6607,04ffff001d024805,1352,True,True,True
6608,04ffff001d024a05,1354,True,True,True
6609,04ffff001d024b05,1355,True,True,True
6611,04ffff001d024d05,1357,True,True,True
6614,04ffff001d025e05,1374,True,True,True
6615,04ffff001d025f05,1375,True,True,True
6616,04ffff001d026205,1378,True,True,True
6617,04ffff001d026405,1380,True,True,True
6618,04ffff001d027005,1392,True,True,True
6619,04ffff001d027b05,1403,True,True,True
6621,04ffff001d027c05,1404,True,True,True
6624,04ffff001d029605,1430,True,True,True
6625,04ffff001d029705,1431,True,True,True
6626,04ffff001d029905,1433,True,True,True
6628,04ffff001d02a605,1446,True,True,True
6629,04ffff001d02a805,1448,True,True,True
6630,04ffff001d02a905,1449,True,True,True
6631,04ffff001d02b405,1460,True,True,True
6632,04ffff001d02b805,1464,True,True,True
6633,04ffff001d02c705,1479,True,True,True
6634,04ffff001d02c805,1480,True,True,True
6636,04ffff001d02cb05,1483,True,True,True
6637,04ffff001d02d405,1492,True,True,True
6638,04ffff001d02d605,1494,True,True,True
6639,04ffff001d02e805,1512,True,True,True
6640,04ffff001d02e905,1513,True,True,True
6641,04ffff001d02ec05,1516,True,True,True
6642,04ffff001d02f505,1525,True,True,True
6643,04ffff001d02fb05,1531,True,True,True
6644,04ffff001d020406,1540,True,True,True
6646,04ffff001d020506,1541,True,True,True
6648,04ffff001d020a06,1546,True,True,True
6649,04ffff001d021106,1553,True,True,True
6650,04ffff001d021306,1555,True,True,True
6651,04ffff001d021706,1559,True,True,True
6652,04ffff001d022006,1568,True,True,True
6653,04ffff001d022406,1572,True,True,True
6654,04ffff001d022906,1577,True,True,True
6655,04ffff001d023406,1588,True,True,True
6658,04ffff001d023806,1592,True,True,True
6659,04ffff001d023c06,1596,True,True,True
6660,04ffff001d024206,1602,True,True,True
6661,04ffff001d024306,1603,True,True,True
6662,04ffff001d024e06,1614,True,True,True
6663,04ffff001d025306,1619,True,True,True
6664,04ffff001d025906,1625,True,True,True
6665,04ffff001d025b06,1627,True,True,True
6666,04ffff001d025e06,1630,True,True,True
6667,04ffff001d026506,1637,True,True,True
6668,04ffff001d026906,1641,True,True,True
6669,04ffff001d026b06,1643,True,True,True
6670,04ffff001d026c06,1644,True,True,True
6671,04ffff001d026e06,1646,True,True,True
6672,04ffff001d027406,1652,True,True,True
6673,04ffff001d027706,1655,True,True,True
6677,04ffff001d028006,1664,True,True,True
6678,04ffff001d028e06,1678,True,True,True
6680,04ffff001d029b06,1691,True,True,True
6681,04ffff001d029d06,1693,True,True,True
6683,04ffff001d02a506,1701,True,True,True
6684,04ffff001d02ac06,1708,True,True,True
6685,04ffff001d02b106,1713,True,True,True
6686,04ffff001d02b506,1717,True,True,True
6687,04ffff001d02c306,1731,True,True,True
6688,04ffff001d02c606,1734,True,True,True
6689,04ffff001d02ca06,1738,True,True,True
6690,04ffff001d02cb06,1739,True,True,True
6691,04ffff001d02cf06,1743,True,True,True
6694,04ffff001d02d006,1744,True,True,True
6696,04ffff001d02d206,1746,True,True,True
6697,04ffff001d02d706,1751,True,True,True
6698,04ffff001d02e406,1764,True,True,True
6699,04ffff001d02ea06,1770,True,True,True
6700,04ffff001d020207,1794,True,True,True
6702,04ffff001d020b07,1803,True,True,True
6703,04ffff001d020e07,1806,True,True,True
6704,04ffff001d021a07,1818,True,True,True
6705,04ffff001d021c07,1820,True,True,True
6706,04ffff001d023007,1840,True,True,True
6707,04ffff001d023507,1845,True,True,True
6708,04ffff001d023b07,1851,True,True,True
6709,04ffff001d023c07,1852,True,True,True
6711,04ffff001d023f07,1855,True,True,True
6712,04ffff001d024107,1857,True,True,True
6713,04ffff001d024807,1864,True,True,True
6714,04ffff001d024907,1865,True,True,True
6715,04ffff001d024a07,1866,True,True,True
6716,04ffff001d024f07,1871,True,True,True
6717,04ffff001d025107,1873,True,True,True
6718,04ffff001d025907,1881,True,True,True
6719,04ffff001d025a07,1882,True,True,True
6720,04ffff001d025c07,1884,True,True,True
6723,04ffff001d025d07,1885,True,True,True
6724,04ffff001d027807,1912,True,True,True
6726,04ffff001d027d07,1917,True,True,True
6729,04ffff001d028307,1923,True,True,True
6730,04ffff001d029b07,1947,True,True,True
6731,04ffff001d02b807,1976,True,True,True
6732,04ffff001d02bf07,1983,True,True,True
6733,04ffff001d02c007,1984,True,True,True
6734,04ffff001d02c207,1986,True,True,True
6736,04ffff001d02c407,1988,True,True,True
6737,04ffff001d02e007,2016,True,True,True
6738,04ffff001d02f007,2032,True,True,True
6739,04ffff001d02f607,2038,True,True,True
6740,04ffff001d02fd07,2045,True,True,True
6741,04ffff001d02ff07,2047,True,True,True
6743,04ffff001d020008,2048,True,True,True
6744,04ffff001d020b08,2059,True,True,True
6745,04ffff001d020c08,2060,True,True,True
6746,04ffff001d020d08,2061,True,True,True
6747,04ffff001d020e08,2062,True,True,True
6748,04ffff001d021108,2065,True,True,True
6749,04ffff001d021708,2071,True,True,True
6750,04ffff001d021d08,2077,True,True,True
6751,04ffff001d021e08,2078,True,True,True
6752,04ffff001d022108,2081,True,True,True
6753,04ffff001d022308,2083,True,True,True
6755,04ffff001d022608,2086,True,True,True
6756,04ffff001d022f08,2095,True,True,True
6757,04ffff001d023108,2097,True,True,True
6758,04ffff001d023508,2101,True,True,True
6759,04ffff001d024008,2112,True,True,True
6760,04ffff001d024908,2121,True,True,True
6762,04ffff001d025008,2128,True,True,True
6763,04ffff001d025108,2129,True,True,True
6764,04ffff001d025208,2130,True,True,True
6765,04ffff001d025608,2134,True,True,True
6767,04ffff001d025908,2137,True,True,True
6769,04ffff001d025b08,2139,True,True,True
6770,04ffff001d025d08,2141,True,True,True
6772,04ffff001d026208,2146,True,True,True
6773,04ffff001d026d08,2157,True,True,True
6774,04ffff001d027208,2162,True,True,True
6775,04ffff001d027808,2168,True,True,True
6777,04ffff001d028008,2176,True,True,True
6778,04ffff001d028408,2180,True,True,True
6779,04ffff001d028708,2183,True,True,True
6780,04ffff001d028e08,2190,True,True,True
6781,04ffff001d029008,2192,True,True,True
6782,04ffff001d029308,2195,True,True,True
6783,04ffff001d029c08,2204,True,True,True
6785,04ffff001d02a308,2211,True,True,True
6786,04ffff001d02a408,2212,True,True,True
6788,04ffff001d02af08,2223,True,True,True
6790,04ffff001d02b408,2228,True,True,True
6791,04ffff001d02be08,2238,True,True,True
6792,04ffff001d02bf08,2239,True,True,True
6793,04ffff001d02c508,2245,True,True,True
6794,04ffff001d02ef08,2287,True,True,True
6796,04ffff001d02ff08,2303,True,True,True
6797,04ffff001d020009,2304,True,True,True
6799,04ffff001d020209,2306,True,True,True
6800,04ffff001d020609,2310,True,True,True
6801,04ffff001d020709,2311,True,True,True
6802,04ffff001d021309,2323,True,True,True
6803,04ffff001d021509,2325,True,True,True
6805,04ffff001d021609,2326,True,True,True
6807,04ffff001d022109,2337,True,True,True
6808,04ffff001d022609,2342,True,True,True
6810,04ffff001d022909,2345,True,True,True
6813,04ffff001d023809,2360,True,True,True
6814,04ffff001d023d09,2365,True,True,True
6815,04ffff001d023e09,2366,True,True,True
6816,04ffff001d024009,2368,True,True,True
6817,04ffff001d024909,2377,True,True,True
6818,04ffff001d024b09,2379,True,True,True
6819,04ffff001d024c09,2380,True,True,True
6820,04ffff001d024d09,2381,True,True,True
6821,04ffff001d024e09,2382,True,True,True
6822,04ffff001d025109,2385,True,True,True
6823,04ffff001d025209,2386,True,True,True
6824,04ffff001d025909,2393,True,True,True
6825,04ffff001d025a09,2394,True,True,True
6826,04ffff001d026009,2400,True,True,True
6827,04ffff001d026309,2403,True,True,True
6828,04ffff001d026809,2408,True,True,True
6830,04ffff001d026b09,2411,True,True,True
6831,04ffff001d026c09,2412,True,True,True
6832,04ffff001d027109,2417,True,True,True
6835,04ffff001d027809,2424,True,True,True
6837,04ffff001d027c09,2428,True,True,True
6838,04ffff001d028609,2438,True,True,True
6839,04ffff001d028709,2439,True,True,True
6841,04ffff001d028909,2441,True,True,True
6842,04ffff001d028a09,2442,True,True,True
6843,04ffff001d028c09,2444,True,True,True
6845,04ffff001d029009,2448,True,True,True
6846,04ffff001d029609,2454,True,True,True
6848,04ffff001d029a09,2458,True,True,True
6849,04ffff001d02a309,2467,True,True,True
6850,04ffff001d02ac09,2476,True,True,True
6851,04ffff001d02ad09,2477,True,True,True
6852,04ffff001d02b009,2480,True,True,True
6853,04ffff001d02b209,2482,True,True,True
6855,04ffff001d02cb09,2507,True,True,True
6856,04ffff001d02cc09,2508,True,True,True
6857,04ffff001d02d309,2515,True,True,True
6859,04ffff001d02da09,2522,True,True,True
6861,04ffff001d02e309,2531,True,True,True
6863,04ffff001d02e509,2533,True,True,True
6866,04ffff001d02f209,2546,True,True,True
6867,04ffff001d02f709,2551,True,True,True
6868,04ffff001d02050a,2565,True,True,True
6869,04ffff001d02070a,2567,True,True,True
6870,04ffff001d020d0a,2573,True,True,True
6871,04ffff001d02170a,2583,True,True,True
6872,04ffff001d021a0a,2586,True,True,True
6873,04ffff001d02200a,2592,True,True,True
6874,04ffff001d02210a,2593,True,True,True
6875,04ffff001d02220a,2594,True,True,True
6876,04ffff001d02230a,2595,True,True,True
6877,04ffff001d02250a,2597,True,True,True
6878,04ffff001d02300a,2608,True,True,True
6879,04ffff001d02330a,2611,True,True,True
6881,04ffff001d02370a,2615,True,True,True
6882,04ffff001d0102,2,True,True,True
6883,04ffff001d0104,4,True,True,True
6884,04ffff001d0109,9,True,True,True
6886,04ffff001d010e,14,True,True,True
6887,04ffff001d011d,29,True,True,True
6888,04ffff001d011e,30,True,True,True
6889,04ffff001d011f,31,True,True,True
6890,04ffff001d0121,33,True,True,True
6891,04ffff001d0125,37,True,True,True
6892,04ffff001d0133,51,True,True,True
6893,04ffff001d013d,61,True,True,True
6896,04ffff001d0147,71,True,True,True
6897,04ffff001d014a,74,True,True,True
6898,04ffff001d014d,77,True,True,True
6899,04ffff001d014f,79,True,True,True
6900,04ffff001d015a,90,True,True,True
6901,04ffff001d0176,118,True,True,True
6902,04ffff001d028500,133,True,True,True
6903,04ffff001d028c00,140,True,True,True
6904,04ffff001d029100,145,True,True,True
6906,04ffff001d029400,148,True,True,True
6907,04ffff001d029800,152,True,True,True
6909,04ffff001d02a200,162,True,True,True
6911,04ffff001d02a600,166,True,True,True
6912,04ffff001d02a800,168,True,True,True
6913,04ffff001d02ae00,174,True,True,True
6914,04ffff001d02af00,175,True,True,True
6916,04ffff001d02b200,178,True,True,True
6918,04ffff001d02b400,180,True,True,True
6919,04ffff001d02b700,183,True,True,True
6922,04ffff001d02cd00,205,True,True,True
6923,04ffff001d02ce00,206,True,True,True
6924,04ffff001d02d100,209,True,True,True
6925,04ffff001d02d200,210,True,True,True
6926,04ffff001d02e500,229,True,True,True
6927,04ffff001d02ef00,239,True,True,True
6928,04ffff001d02f100,241,True,True,True
6929,04ffff001d02f400,244,True,True,True
6931,04ffff001d02f800,248,True,True,True
6932,04ffff001d02f900,249,True,True,True
6933,04ffff001d020501,261,True,True,True
6934,04ffff001d020901,265,True,True,True
6935,04ffff001d021601,278,True,True,True
6937,04ffff001d021a01,282,True,True,True
6938,04ffff001d022301,291,True,True,True
6939,04ffff001d022401,292,True,True,True
6940,04ffff001d023001,304,True,True,True
6941,04ffff001d023501,309,True,True,True
6942,04ffff001d023701,311,True,True,True
6943,04ffff001d023901,313,True,True,True
6944,04ffff001d024101,321,True,True,True
6945,04ffff001d024201,322,True,True,True
6946,04ffff001d024701,327,True,True,True
6947,04ffff001d024d01,333,True,True,True
6948,04ffff001d024e01,334,True,True,True
6951,04ffff001d025c01,348,True,True,True
6952,04ffff001d026201,354,True,True,True
6953,04ffff001d026301,355,True,True,True
6954,04ffff001d026c01,364,True,True,True
6956,04ffff001d026e01,366,True,True,True
6957,04ffff001d027a01,378,True,True,True
6958,04ffff001d027e01,382,True,True,True
6959,04ffff001d028b01,395,True,True,True
6961,04ffff001d028e01,398,True,True,True
6964,04ffff001d029801,408,True,True,True
6965,04ffff001d029b01,411,True,True,True
6966,04ffff001d029e01,414,True,True,True
6967,04ffff001d02a201,418,True,True,True
6969,04ffff001d02a401,420,True,True,True
6971,04ffff001d02b801,440,True,True,True
6973,04ffff001d02c501,453,True,True,True
6975,04ffff001d02c601,454,True,True,True
6976,04ffff001d02ca01,458,True,True,True
6977,04ffff001d02d401,468,True,True,True
6978,04ffff001d02d701,471,True,True,True
6979,04ffff001d02d901,473,True,True,True
6980,04ffff001d02e501,485,True,True,True
6981,04ffff001d02e901,489,True,True,True
6982,04ffff001d02f101,497,True,True,True
6983,04ffff001d02f201,498,True,True,True
6984,04ffff001d02f301,499,True,True,True
6985,04ffff001d02fd01,509,True,True,True
6986,04ffff001d020302,515,True,True,True
6987,04ffff001d020502,517,True,True,True
6988,04ffff001d021002,528,True,True,True
6989,04ffff001d021302,531,True,True,True
6990,04ffff001d021902,537,True,True,True
6993,04ffff001d022102,545,True,True,True
6994,04ffff001d022702,551,True,True,True
6995,04ffff001d022b02,555,True,True,True
6996,04ffff001d023702,567,True,True,True
6997,04ffff001d023d02,573,True,True,True
6999,04ffff001d023f02,575,True,True,True
7000,04ffff001d024002,576,True,True,True
7001,04ffff001d024402,580,True,True,True
7002,04ffff001d025702,599,True,True,True
7003,04ffff001d025a02,602,True,True,True
7004,04ffff001d026002,608,True,True,True
7005,04ffff001d026902,617,True,True,True
7006,04ffff001d026c02,620,True,True,True
7007,04ffff001d026e02,622,True,True,True
7008,04ffff001d027502,629,True,True,True
7009,04ffff001d027c02,636,True,True,True
7010,04ffff001d028602,646,True,True,True
7011,04ffff001d028a02,650,True,True,True
7013,04ffff001d029202,658,True,True,True
7014,04ffff001d029a02,666,True,True,True
7016,04ffff001d02a102,673,True,True,True
7017,04ffff001d02a602,678,True,True,True
7018,04ffff001d02aa02,682,True,True,True
7019,04ffff001d02c102,705,True,True,True
7020,04ffff001d02c402,708,True,True,True
7021,04ffff001d02c602,710,True,True,True
7023,04ffff001d02c902,713,True,True,True
7024,04ffff001d02cc02,716,True,True,True
7025,04ffff001d02d202,722,True,True,True
7027,04ffff001d02d702,727,True,True,True
7029,04ffff001d02d902,729,True,True,True
7030,04ffff001d02da02,730,True,True,True
7031,04ffff001d02e002,736,True,True,True
7032,04ffff001d02e202,738,True,True,True
7033,04ffff001d02e502,741,True,True,True
7035,04ffff001d02f202,754,True,True,True
7036,04ffff001d02f302,755,True,True,True
7037,04ffff001d02f702,759,True,True,True
7038,04ffff001d02f802,760,True,True,True
7040,04ffff001d02fa02,762,True,True,True
7041,04ffff001d020203,770,True,True,True
7042,04ffff001d020603,774,True,True,True
7043,04ffff001d020803,776,True,True,True
7044,04ffff001d021603,790,True,True,True
7045,04ffff001d021703,791,True,True,True
7046,04ffff001d021c03,796,True,True,True
7047,04ffff001d021d03,797,True,True,True
7049,04ffff001d022103,801,True,True,True
7050,04ffff001d022303,803,True,True,True
7051,04ffff001d022603,806,True,True,True
7052,04ffff001d022b03,811,True,True,True
7054,04ffff001d022c03,812,True,True,True
7058,04ffff001d023203,818,True,True,True
7059,04ffff001d023703,823,True,True,True
7060,04ffff001d023d03,829,True,True,True
7061,04ffff001d024503,837,True,True,True
7062,04ffff001d024603,838,True,True,True
7063,04ffff001d024803,840,True,True,True
7065,04ffff001d024a03,842,True,True,True
7066,04ffff001d025703,855,True,True,True
7068,04ffff001d025903,857,True,True,True
7069,04ffff001d025c03,860,True,True,True
7070,04ffff001d025f03,863,True,True,True
7072,04ffff001d026503,869,True,True,True
7074,04ffff001d026603,870,True,True,True
7075,04ffff001d026e03,878,True,True,True
7076,04ffff001d027a03,890,True,True,True
7077,04ffff001d028903,905,True,True,True
7078,04ffff001d029403,916,True,True,True
7079,04ffff001d029703,919,True,True,True
7080,04ffff001d02ad03,941,True,True,True
7081,04ffff001d02b003,944,True,True,True
7082,04ffff001d02b203,946,True,True,True
7084,04ffff001d02b903,953,True,True,True
7085,04ffff001d02c203,962,True,True,True
7086,04ffff001d02c703,967,True,True,True
7087,04ffff001d02cb03,971,True,True,True
7089,04ffff001d02d103,977,True,True,True
7090,04ffff001d02d803,984,True,True,True
7091,04ffff001d02df03,991,True,True,True
7092,04ffff001d02e003,992,True,True,True
7093,04ffff001d02e403,996,True,True,True
7094,04ffff001d02e603,998,True,True,True
7095,04ffff001d02e703,999,True,True,True
7099,04ffff001d02ea03,1002,True,True,True
7102,04ffff001d02ef03,1007,True,True,True
7103,04ffff001d02f503,1013,True,True,True
7104,04ffff001d02f703,1015,True,True,True
7106,04ffff001d020104,1025,True,True,True
7107,04ffff001d020604,1030,True,True,True
7108,04ffff001d021104,1041,True,True,True
7110,04ffff001d021e04,1054,True,True,True
7111,04ffff001d022904,1065,True,True,True
7112,04ffff001d022c04,1068,True,True,True
7114,04ffff001d023304,1075,True,True,True
7115,04ffff001d023404,1076,True,True,True
7119,04ffff001d023504,1077,True,True,True
7120,04ffff001d023604,1078,True,True,True
7122,04ffff001d024304,1091,True,True,True
7123,04ffff001d024404,1092,True,True,True
7124,04ffff001d024504,1093,True,True,True
7125,04ffff001d024d04,1101,True,True,True
7126,04ffff001d025404,1108,True,True,True
7127,04ffff001d025d04,1117,True,True,True
7128,04ffff001d026404,1124,True,True,True
7130,04ffff001d026e04,1134,True,True,True
7131,04ffff001d028104,1153,True,True,True
7135,04ffff001d02a904,1193,True,True,True
7136,04ffff001d02aa04,1194,True,True,True
7137,04ffff001d02ab04,1195,True,True,True
7138,04ffff001d02b904,1209,True,True,True
7140,04ffff001d02d104,1233,True,True,True
7141,04ffff001d02d304,1235,True,True,True
7142,04ffff001d02dc04,1244,True,True,True
7143,04ffff001d02dd04,1245,True,True,True
7144,04ffff001d02df04,1247,True,True,True
7145,04ffff001d02e204,1250,True,True,True
7146,04ffff001d02e304,1251,True,True,True
7147,04ffff001d02e504,1253,True,True,True
7148,04ffff001d02e904,1257,True,True,True
7149,04ffff001d02ec04,1260,True,True,True
7151,04ffff001d02f004,1264,True,True,True
7153,04ffff001d02f304,1267,True,True,True
7155,04ffff001d02f704,1271,True,True,True
7156,04ffff001d02f804,1272,True,True,True
7157,04ffff001d020a05,1290,True,True,True
7159,04ffff001d020d05,1293,True,True,True
7160,04ffff001d021005,1296,True,True,True
7162,04ffff001d021105,1297,True,True,True
7163,04ffff001d021205,1298,True,True,True
7164,04ffff001d021905,1305,True,True,True
7165,04ffff001d021c05,1308,True,True,True
7166,04ffff001d022805,1320,True,True,True
7168,04ffff001d022a05,1322,True,True,True
7170,04ffff001d023d05,1341,True,True,True
7171,04ffff001d024705,1351,True,True,True
7172,04ffff001d024b05,1355,True,True,True
7173,04ffff001d025005,1360,True,True,True
7174,04ffff001d025305,1363,True,True,True
7175,04ffff001d025605,1366,True,True,True
7177,04ffff001d025c05,1372,True,True,True
7178,04ffff001d025f05,1375,True,True,True
7179,04ffff001d026905,1385,True,True,True
7181,04ffff001d026a05,1386,True,True,True
7182,04ffff001d027105,1393,True,True,True
7186,04ffff001d027205,1394,True,True,True
7187,04ffff001d027405,1396,True,True,True
7188,04ffff001d027505,1397,True,True,True
7189,04ffff001d027705,1399,True,True,True
7190,04ffff001d027d05,1405,True,True,True
7192,04ffff001d028005,1408,True,True,True
7195,04ffff001d028805,1416,True,True,True
7196,04ffff001d028a05,1418,True,True,True
7197,04ffff001d028d05,1421,True,True,True
7198,04ffff001d02a705,1447,True,True,True
7199,04ffff001d02b405,1460,True,True,True
7201,04ffff001d02bb05,1467,True,True,True
7202,04ffff001d02be05,1470,True,True,True
7203,04ffff001d02bf05,1471,True,True,True
7205,04ffff001d02c005,1472,True,True,True
7207,04ffff001d02cb05,1483,True,True,True
7208,04ffff001d02cf05,1487,True,True,True
7209,04ffff001d02d505,1493,True,True,True
7210,04ffff001d02dc05,1500,True,True,True
7212,04ffff001d02de05,1502,True,True,True
7213,04ffff001d02e105,1505,True,True,True
7214,04ffff001d02e505,1509,True,True,True
7217,04ffff001d02eb05,1515,True,True,True
7218,04ffff001d02ed05,1517,True,True,True
7219,04ffff001d02f105,1521,True,True,True
7220,04ffff001d02f805,1528,True,True,True
7221,04ffff001d02f905,1529,True,True,True
7222,04ffff001d020806,1544,True,True,True
7223,04ffff001d020b06,1547,True,True,True
7224,04ffff001d020c06,1548,True,True,True
7226,04ffff001d021906,1561,True,True,True
7228,04ffff001d021c06,1564,True,True,True
7229,04ffff001d021d06,1565,True,True,True
7231,04ffff001d022b06,1579,True,True,True
7233,04ffff001d022e06,1582,True,True,True
7234,04ffff001d022f06,1583,True,True,True
7237,04ffff001d023106,1585,True,True,True
7238,04ffff001d023406,1588,True,True,True
7239,04ffff001d023706,1591,True,True,True
7240,04ffff001d023e06,1598,True,True,True
7242,04ffff001d024806,1608,True,True,True
7243,04ffff001d024f06,1615,True,True,True
7245,04ffff001d025b06,1627,True,True,True
7246,04ffff001d026006,1632,True,True,True
7247,04ffff001d026706,1639,True,True,True
7248,04ffff001d026c06,1644,True,True,True
7249,04ffff001d026f06,1647,True,True,True
7250,04ffff001d027506,1653,True,True,True
7251,04ffff001d027806,1656,True,True,True
7252,04ffff001d028306,1667,True,True,True
7253,04ffff001d028506,1669,True,True,True
7254,04ffff001d028706,1671,True,True,True
7255,04ffff001d029706,1687,True,True,True
7256,04ffff001d029906,1689,True,True,True
7257,04ffff001d02a106,1697,True,True,True
7258,04ffff001d02a706,1703,True,True,True
7259,04ffff001d02a806,1704,True,True,True
7260,04ffff001d02ae06,1710,True,True,True
7261,04ffff001d02af06,1711,True,True,True
7264,04ffff001d02ba06,1722,True,True,True
7265,04ffff001d02c106,1729,True,True,True
7266,04ffff001d02c406,1732,True,True,True
7267,04ffff001d02c906,1737,True,True,True
7269,04ffff001d02d406,1748,True,True,True
7270,04ffff001d02da06,1754,True,True,True
7271,04ffff001d02df06,1759,True,True,True
7272,04ffff001d02e106,1761,True,True,True
7273,04ffff001d02e706,1767,True,True,True
7274,04ffff001d02ea06,1770,True,True,True
7275,04ffff001d02f106,1777,True,True,True
7276,04ffff001d02f206,1778,True,True,True
7278,04ffff001d02f806,1784,True,True,True
7279,04ffff001d02fc06,1788,True,True,True
7281,04ffff001d02ff06,1791,True,True,True
7282,04ffff001d020507,1797,True,True,True
7283,04ffff001d020d07,1805,True,True,True
7284,04ffff001d021107,1809,True,True,True
7285,04ffff001d021507,1813,True,True,True
7286,04ffff001d021607,1814,True,True,True
7287,04ffff001d022c07,1836,True,True,True
7288,04ffff001d023207,1842,True,True,True
7289,04ffff001d023a07,1850,True,True,True
7290,04ffff001d024107,1857,True,True,True
7291,04ffff001d024807,1864,True,True,True
7292,04ffff001d024b07,1867,True,True,True
7293,04ffff001d025107,1873,True,True,True
7294,04ffff001d026507,1893,True,True,True
7295,04ffff001d026e07,1902,True,True,True
7296,04ffff001d027207,1906,True,True,True
7297,04ffff001d027e07,1918,True,True,True
7298,04ffff001d028407,1924,True,True,True
7300,04ffff001d029207,1938,True,True,True
7301,04ffff001d029507,1941,True,True,True
7303,04ffff001d029e07,1950,True,True,True
7304,04ffff001d02a407,1956,True,True,True
7305,04ffff001d02a707,1959,True,True,True
7307,04ffff001d02a807,1960,True,True,True
7308,04ffff001d02a907,1961,True,True,True
7310,04ffff001d02b607,1974,True,True,True
7311,04ffff001d02c407,1988,True,True,True
7313,04ffff001d02c607,1990,True,True,True
7314,04ffff001d02cb07,1995,True,True,True
7315,04ffff001d02d107,2001,True,True,True
7316,04ffff001d02d507,2005,True,True,True
7318,04ffff001d02da07,2010,True,True,True
7320,04ffff001d02e007,2016,True,True,True
7321,04ffff001d02e307,2019,True,True,True
7323,04ffff001d02fc07,2044,True,True,True
7324,04ffff001d02fe07,2046,True,True,True
7325,04ffff001d020108,2049,True,True,True
7326,04ffff001d020908,2057,True,True,True
7327,04ffff001d020a08,2058,True,True,True
7328,04ffff001d020f08,2063,True,True,True
7329,04ffff001d021308,2067,True,True,True
7330,04ffff001d022808,2088,True,True,True
7331,04ffff001d022a08,2090,True,True,True
7332,04ffff001d023208,2098,True,True,True
7333,04ffff001d024108,2113,True,True,True
7336,04ffff001d024808,2120,True,True,True
7337,04ffff001d024c08,2124,True,True,True
7338,04ffff001d024f08,2127,True,True,True
7339,04ffff001d025108,2129,True,True,True
7340,04ffff001d025608,2134,True,True,True
7341,04ffff001d025708,2135,True,True,True
7342,04ffff001d025b08,2139,True,True,True
7344,04ffff001d026708,2151,True,True,True
7345,04ffff001d026e08,2158,True,True,True
7346,04ffff001d027008,2160,True,True,True
7347,04ffff001d027308,2163,True,True,True
7348,04ffff001d027508,2165,True,True,True
7349,04ffff001d027c08,2172,True,True,True
7350,04ffff001d027e08,2174,True,True,True
7351,04ffff001d028108,2177,True,True,True
7352,04ffff001d028508,2181,True,True,True
7354,04ffff001d028608,2182,True,True,True
7355,04ffff001d028d08,2189,True,True,True
7357,04ffff001d029908,2201,True,True,True
7359,04ffff001d02a308,2211,True,True,True
7360,04ffff001d02a808,2216,True,True,True
7362,04ffff001d02c708,2247,True,True,True
7363,04ffff001d02cc08,2252,True,True,True
7364,04ffff001d02ce08,2254,True,True,True
7365,04ffff001d02d208,2258,True,True,True
7367,04ffff001d02d308,2259,True,True,True
7369,04ffff001d02d708,2263,True,True,True
7371,04ffff001d02da08,2266,True,True,True
7372,04ffff001d02dc08,2268,True,True,True
7373,04ffff001d02dd08,2269,True,True,True
7374,04ffff001d02e108,2273,True,True,True
7375,04ffff001d02e608,2278,True,True,True
7376,04ffff001d02e808,2280,True,True,True
7377,04ffff001d02f508,2293,True,True,True
7380,04ffff001d020709,2311,True,True,True
7381,04ffff001d020a09,2314,True,True,True
7383,04ffff001d020c09,2316,True,True,True
7384,04ffff001d020f09,2319,True,True,True
7386,04ffff001d021609,2326,True,True,True
7387,04ffff001d021b09,2331,True,True,True
7388,04ffff001d022009,2336,True,True,True
7389,04ffff001d022609,2342,True,True,True
7390,04ffff001d022809,2344,True,True,True
7391,04ffff001d022b09,2347,True,True,True
7392,04ffff001d023009,2352,True,True,True
7394,04ffff001d023109,2353,True,True,True
7395,04ffff001d023809,2360,True,True,True
7396,04ffff001d023d09,2365,True,True,True
7397,04ffff001d025809,2392,True,True,True
7398,04ffff001d025b09,2395,True,True,True
7399,04ffff001d026209,2402,True,True,True
7400,04ffff001d027809,2424,True,True,True
7403,04ffff001d027909,2425,True,True,True
7404,04ffff001d027b09,2427,True,True,True
7405,04ffff001d027c09,2428,True,True,True
7406,04ffff001d027d09,2429,True,True,True
7407,04ffff001d029509,2453,True,True,True
7408,04ffff001d029609,2454,True,True,True
7409,04ffff001d029909,2457,True,True,True
7410,04ffff001d029e09,2462,True,True,True
7411,04ffff001d02a009,2464,True,True,True
7413,04ffff001d02a609,2470,True,True,True
7414,04ffff001d02ab09,2475,True,True,True
7415,04ffff001d02ac09,2476,True,True,True
7416,04ffff001d02b409,2484,True,True,True
7417,04ffff001d02c309,2499,True,True,True
7418,04ffff001d02c409,2500,True,True,True
7419,04ffff001d02c609,2502,True,True,True
7420,04ffff001d02ca09,2506,True,True,True
7422,04ffff001d02cb09,2507,True,True,True
7423,04ffff001d02cd09,2509,True,True,True
7425,04ffff001d02dc09,2524,True,True,True
7426,04ffff001d02e009,2528,True,True,True
7427,04ffff001d02ec09,2540,True,True,True
7428,04ffff001d02f409,2548,True,True,True
7431,04ffff001d02f809,2552,True,True,True
7432,04ffff001d020f0a,2575,True,True,True
7433,04ffff001d02100a,2576,True,True,True
7434,04ffff001d02180a,2584,True,True,True
7435,04ffff001d021b0a,2587,True,True,True
7436,04ffff001d021d0a,2589,True,True,True
7439,04ffff001d02230a,2595,True,True,True
7440,04ffff001d02250a,2597,True,True,True
7443,04ffff001d022f0a,2607,True,True,True
7444,04ffff001d0108,8,True,True,True
7445,04ffff001d010e,14,True,True,True
7446,04ffff001d0112,18,True,True,True
7447,04ffff001d0118,24,True,True,True
7448,04ffff001d011d,29,True,True,True
7449,04ffff001d0123,35,True,True,True
7451,04ffff001d0128,40,True,True,True
7452,04ffff001d012b,43,True,True,True
7453,04ffff001d012e,46,True,True,True
7454,04ffff001d0135,53,True,True,True
7456,04ffff001d0137,55,True,True,True
7457,04ffff001d0143,67,True,True,True
7458,04ffff001d0146,70,True,True,True
7459,04ffff001d0147,71,True,True,True
7460,04ffff001d0157,87,True,True,True
7462,04ffff001d0163,99,True,True,True
7463,04ffff001d0164,100,True,True,True
7465,04ffff001d0169,105,True,True,True
7467,04ffff001d016a,106,True,True,True
7468,04ffff001d0171,113,True,True,True
7469,04ffff001d017d,125,True,True,True
7470,04ffff001d028200,130,True,True,True
7471,04ffff001d028700,135,True,True,True
7472,04ffff001d028d00,141,True,True,True
7474,04ffff001d029100,145,True,True,True
7475,04ffff001d029800,152,True,True,True
7478,04ffff001d029c00,156,True,True,True
7479,04ffff001d02a000,160,True,True,True
7480,04ffff001d02a100,161,True,True,True
7481,04ffff001d02a200,162,True,True,True
7482,04ffff001d02a300,163,True,True,True
7484,04ffff001d02ab00,171,True,True,True
7485,04ffff001d02ae00,174,True,True,True
7486,04ffff001d02b300,179,True,True,True
7488,04ffff001d02b600,182,True,True,True
7489,04ffff001d02ba00,186,True,True,True
7490,04ffff001d02c700,199,True,True,True
7491,04ffff001d02cd00,205,True,True,True
7492,04ffff001d02cf00,207,True,True,True
7493,04ffff001d02d400,212,True,True,True
7495,04ffff001d02e100,225,True,True,True
7496,04ffff001d02e600,230,True,True,True
7497,04ffff001d02e800,232,True,True,True
7499,04ffff001d02f300,243,True,True,True
7500,04ffff001d02f500,245,True,True,True
7501,04ffff001d02f700,247,True,True,True
7503,04ffff001d02f900,249,True,True,True
7504,04ffff001d02fa00,250,True,True,True
7505,04ffff001d02fc00,252,True,True,True
7506,04ffff001d020901,265,True,True,True
7509,04ffff001d021901,281,True,True,True
7510,04ffff001d022201,290,True,True,True
7512,04ffff001d022701,295,True,True,True
7515,04ffff001d022d01,301,True,True,True
7516,04ffff001d023201,306,True,True,True
7517,04ffff001d023501,309,True,True,True
7518,04ffff001d023901,313,True,True,True
7519,04ffff001d023b01,315,True,True,True
7520,04ffff001d024701,327,True,True,True
7521,04ffff001d024c01,332,True,True,True
7522,04ffff001d024e01,334,True,True,True
7524,04ffff001d025c01,348,True,True,True
7525,04ffff001d026601,358,True,True,True
7526,04ffff001d026f01,367,True,True,True
7527,04ffff001d027401,372,True,True,True
7528,04ffff001d027501,373,True,True,True
7529,04ffff001d028501,389,True,True,True
7530,04ffff001d029401,404,True,True,True
7531,04ffff001d029501,405,True,True,True
7532,04ffff001d029901,409,True,True,True
7534,04ffff001d029b01,411,True,True,True
7536,04ffff001d029d01,413,True,True,True
7537,04ffff001d02a401,420,True,True,True
7538,04ffff001d02a801,424,True,True,True
7540,04ffff001d02ab01,427,True,True,True
7541,04ffff001d02ad01,429,True,True,True
7542,04ffff001d02b401,436,True,True,True
7543,04ffff001d02b701,439,True,True,True
7544,04ffff001d02c501,453,True,True,True
7546,04ffff001d02d601,470,True,True,True
7547,04ffff001d02d701,471,True,True,True
7548,04ffff001d02e301,483,True,True,True
7549,04ffff001d02e801,488,True,True,True
7550,04ffff001d02ed01,493,True,True,True
7551,04ffff001d02f601,502,True,True,True
7552,04ffff001d02f901,505,True,True,True
7554,04ffff001d02fc01,508,True,True,True
7555,04ffff001d02fe01,510,True,True,True
7557,04ffff001d020302,515,True,True,True
7558,04ffff001d020a02,522,True,True,True
7559,04ffff001d020d02,525,True,True,True
7560,04ffff001d021002,528,True,True,True
7562,04ffff001d021102,529,True,True,True
7563,04ffff001d021b02,539,True,True,True
7564,04ffff001d022202,546,True,True,True
7567,04ffff001d022702,551,True,True,True
7570,04ffff001d022e02,558,True,True,True
7572,04ffff001d022f02,559,True,True,True
7574,04ffff001d023202,562,True,True,True
7576,04ffff001d024802,584,True,True,True
7577,04ffff001d024c02,588,True,True,True
7579,04ffff001d024d02,589,True,True,True
7581,04ffff001d025202,594,True,True,True
7584,04ffff001d025d02,605,True,True,True
7585,04ffff001d026502,613,True,True,True
7586,04ffff001d026702,615,True,True,True
7587,04ffff001d026902,617,True,True,True
7589,04ffff001d026a02,618,True,True,True
7590,04ffff001d027002,624,True,True,True
7591,04ffff001d027202,626,True,True,True
7592,04ffff001d027302,627,True,True,True
7593,04ffff001d027402,628,True,True,True
7594,04ffff001d027f02,639,True,True,True
7595,04ffff001d028802,648,True,True,True
7596,04ffff001d029402,660,True,True,True
7597,04ffff001d029802,664,True,True,True
7598,04ffff001d029a02,666,True,True,True
7599,04ffff001d029c02,668,True,True,True
7600,04ffff001d02a402,676,True,True,True
7602,04ffff001d02ac02,684,True,True,True
7603,04ffff001d02ad02,685,True,True,True
7604,04ffff001d02b102,689,True,True,True
7605,04ffff001d02b402,692,True,True,True
7606,04ffff001d02bc02,700,True,True,True
7608,04ffff001d02c902,713,True,True,True
7611,04ffff001d02cb02,715,True,True,True
7613,04ffff001d02cd02,717,True,True,True
7615,04ffff001d02ce02,718,True,True,True
7616,04ffff001d02d702,727,True,True,True
7617,04ffff001d02e202,738,True,True,True
7619,04ffff001d02e302,739,True,True,True
7620,04ffff001d02f102,753,True,True,True
7621,04ffff001d02f502,757,True,True,True
7623,04ffff001d02f602,758,True,True,True
7624,04ffff001d020003,768,True,True,True
7629,04ffff001d020303,771,True,True,True
7630,04ffff001d020603,774,True,True,True
7632,04ffff001d020703,775,True,True,True
7634,04ffff001d020903,777,True,True,True
7635,04ffff001d020a03,778,True,True,True
7637,04ffff001d020c03,780,True,True,True
7638,04ffff001d020f03,783,True,True,True
7639,04ffff001d021003,784,True,True,True
7640,04ffff001d021703,791,True,True,True
7641,04ffff001d021b03,795,True,True,True
7642,04ffff001d021d03,797,True,True,True
7644,04ffff001d022503,805,True,True,True
7645,04ffff001d022a03,810,True,True,True
7646,04ffff001d022e03,814,True,True,True
7647,04ffff001d023403,820,True,True,True
7648,04ffff001d023903,825,True,True,True
7650,04ffff001d023e03,830,True,True,True
7653,04ffff001d025303,851,True,True,True
7655,04ffff001d025403,852,True,True,True
7656,04ffff001d026303,867,True,True,True
7657,04ffff001d026b03,875,True,True,True
7658,04ffff001d027403,884,True,True,True
7659,04ffff001d027903,889,True,True,True
7661,04ffff001d027e03,894,True,True,True
7662,04ffff001d028803,904,True,True,True
7664,04ffff001d028b03,907,True,True,True
7665,04ffff001d028c03,908,True,True,True
7666,04ffff001d028f03,911,True,True,True
7667,04ffff001d029003,912,True,True,True
7669,04ffff001d029903,921,True,True,True
7670,04ffff001d029a03,922,True,True,True
7671,04ffff001d02a103,929,True,True,True
7672,04ffff001d02a903,937,True,True,True
7673,04ffff001d02aa03,938,True,True,True
7676,04ffff001d02bb03,955,True,True,True
7677,04ffff001d02bd03,957,True,True,True
7678,04ffff001d02bf03,959,True,True,True
7679,04ffff001d02c303,963,True,True,True
7680,04ffff001d02c503,965,True,True,True
7682,04ffff001d02ce03,974,True,True,True
7683,04ffff001d02d003,976,True,True,True
7684,04ffff001d02d703,983,True,True,True
7685,04ffff001d02df03,991,True,True,True
7686,04ffff001d02e303,995,True,True,True
7687,04ffff001d02e603,998,True,True,True
7688,04ffff001d02e803,1000,True,True,True
7689,04ffff001d02ed03,1005,True,True,True
7690,04ffff001d02f303,1011,True,True,True
7691,04ffff001d02f903,1017,True,True,True
7692,04ffff001d020604,1030,True,True,True
7693,04ffff001d021704,1047,True,True,True
7694,04ffff001d021904,1049,True,True,True
7696,04ffff001d021a04,1050,True,True,True
7698,04ffff001d021b04,1051,True,True,True
7699,04ffff001d022004,1056,True,True,True
7700,04ffff001d022304,1059,True,True,True
7702,04ffff001d022d04,1069,True,True,True
7704,04ffff001d022e04,1070,True,True,True
7705,04ffff001d023d04,1085,True,True,True
7708,04ffff001d024f04,1103,True,True,True
7710,04ffff001d025104,1105,True,True,True
7711,04ffff001d025504,1109,True,True,True
7712,04ffff001d026604,1126,True,True,True
7713,04ffff001d026904,1129,True,True,True
7714,04ffff001d027204,1138,True,True,True
7715,04ffff001d027904,1145,True,True,True
7717,04ffff001d027b04,1147,True,True,True
7718,04ffff001d028204,1154,True,True,True
7720,04ffff001d028c04,1164,True,True,True
7721,04ffff001d028d04,1165,True,True,True
7722,04ffff001d029004,1168,True,True,True
7723,04ffff001d029604,1174,True,True,True
7725,04ffff001d029904,1177,True,True,True
7726,04ffff001d029a04,1178,True,True,True
7728,04ffff001d02a404,1188,True,True,True
7729,04ffff001d02ae04,1198,True,True,True
7730,04ffff001d02b104,1201,True,True,True
7731,04ffff001d02be04,1214,True,True,True
7732,04ffff001d02c504,1221,True,True,True
7733,04ffff001d02c904,1225,True,True,True
7734,04ffff001d02cf04,1231,True,True,True
7735,04ffff001d02d004,1232,True,True,True
7737,04ffff001d02d104,1233,True,True,True
7738,04ffff001d02d304,1235,True,True,True
7739,04ffff001d02d504,1237,True,True,True
7740,04ffff001d02e604,1254,True,True,True
7741,04ffff001d02e804,1256,True,True,True
7742,04ffff001d02ed04,1261,True,True,True
7743,04ffff001d02f204,1266,True,True,True
7744,04ffff001d02f504,1269,True,True,True
7746,04ffff001d02f604,1270,True,True,True
7747,04ffff001d020705,1287,True,True,True
7749,04ffff001d020e05,1294,True,True,True
7750,04ffff001d021405,1300,True,True,True
7752,04ffff001d021505,1301,True,True,True
7753,04ffff001d021805,1304,True,True,True
7754,04ffff001d021b05,1307,True,True,True
7755,04ffff001d021f05,1311,True,True,True
7757,04ffff001d022205,1314,True,True,True
7758,04ffff001d022305,1315,True,True,True
7759,04ffff001d022505,1317,True,True,True
7760,04ffff001d022605,1318,True,True,True
7761,04ffff001d022705,1319,True,True,True
7762,04ffff001d022a05,1322,True,True,True
7763,04ffff001d022d05,1325,True,True,True
7764,04ffff001d022f05,1327,True,True,True
7765,04ffff001d023005,1328,True,True,True
7766,04ffff001d024c05,1356,True,True,True
7767,04ffff001d024e05,1358,True,True,True
7768,04ffff001d025505,1365,True,True,True
7769,04ffff001d025605,1366,True,True,True
7770,04ffff001d025705,1367,True,True,True
7773,04ffff001d025a05,1370,True,True,True
7775,04ffff001d025b05,1371,True,True,True
7777,04ffff001d025e05,1374,True,True,True
7778,04ffff001d025f05,1375,True,True,True
7779,04ffff001d027205,1394,True,True,True
7780,04ffff001d027805,1400,True,True,True
7781,04ffff001d027a05,1402,True,True,True
7782,04ffff001d028005,1408,True,True,True
7783,04ffff001d028e05,1422,True,True,True
7786,04ffff001d029305,1427,True,True,True
7788,04ffff001d029705,1431,True,True,True
7789,04ffff001d029a05,1434,True,True,True
7791,04ffff001d029e05,1438,True,True,True
7792,04ffff001d02a005,1440,True,True,True
7793,04ffff001d02b005,1456,True,True,True
7794,04ffff001d02b205,1458,True,True,True
7795,04ffff001d02bb05,1467,True,True,True
7796,04ffff001d02ca05,1482,True,True,True
7797,04ffff001d02d105,1489,True,True,True
7798,04ffff001d02d305,1491,True,True,True
7799,04ffff001d02e105,1505,True,True,True
7800,04ffff001d02e205,1506,True,True,True
7802,04ffff001d02e405,1508,True,True,True
7803,04ffff001d02eb05,1515,True,True,True
7805,04ffff001d02f705,1527,True,True,True
7806,04ffff001d020506,1541,True,True,True
7808,04ffff001d020606,1542,True,True,True
7809,04ffff001d021b06,1563,True,True,True
7810,04ffff001d021c06,1564,True,True,True
7812,04ffff001d022706,1575,True,True,True
7815,04ffff001d022c06,1580,True,True,True
7816,04ffff001d022f06,1583,True,True,True
7817,04ffff001d023606,1590,True,True,True
7818,04ffff001d023e06,1598,True,True,True
7821,04ffff001d024606,1606,True,True,True
7822,04ffff001d024706,1607,True,True,True
7823,04ffff001d024806,1608,True,True,True
7824,04ffff001d024f06,1615,True,True,True
7825,04ffff001d025106,1617,True,True,True
7826,04ffff001d025506,1621,True,True,True
7827,04ffff001d025a06,1626,True,True,True
7829,04ffff001d025f06,1631,True,True,True
7830,04ffff001d026206,1634,True,True,True
7832,04ffff001d026406,1636,True,True,True
7833,04ffff001d026e06,1646,True,True,True
7834,04ffff001d027006,1648,True,True,True
7835,04ffff001d027506,1653,True,True,True
7836,04ffff001d027606,1654,True,True,True
7837,04ffff001d027c06,1660,True,True,True
7838,04ffff001d028006,1664,True,True,True
7839,04ffff001d028206,1666,True,True,True
7840,04ffff001d028706,1671,True,True,True
7841,04ffff001d028806,1672,True,True,True
7842,04ffff001d029606,1686,True,True,True
7845,04ffff001d029f06,1695,True,True,True
7846,04ffff001d02a806,1704,True,True,True
7847,04ffff001d02b406,1716,True,True,True
7848,04ffff001d02be06,1726,True,True,True
7849,04ffff001d02bf06,1727,True,True,True
7850,04ffff001d02c406,1732,True,True,True
7851,04ffff001d02c806,1736,True,True,True
7853,04ffff001d02cc06,1740,True,True,True
7854,04ffff001d02d006,1744,True,True,True
7855,04ffff001d02d106,1745,True,True,True
7856,04ffff001d02d706,1751,True,True,True
7857,04ffff001d02da06,1754,True,True,True
7858,04ffff001d02e006,1760,True,True,True
7859,04ffff001d02e606,1766,True,True,True
7860,04ffff001d02e706,1767,True,True,True
7861,04ffff001d02e906,1769,True,True,True
7862,04ffff001d02ee06,1774,True,True,True
7863,04ffff001d02f006,1776,True,True,True
7864,04ffff001d02f806,1784,True,True,True
7865,04ffff001d02fc06,1788,True,True,True
7866,04ffff001d02ff06,1791,True,True,True
7867,04ffff001d020507,1797,True,True,True
7868,04ffff001d020607,1798,True,True,True
7870,04ffff001d020707,1799,True,True,True
7871,04ffff001d020e07,1806,True,True,True
7872,04ffff001d020f07,1807,True,True,True
7873,04ffff001d021307,1811,True,True,True
7874,04ffff001d021407,1812,True,True,True
7875,04ffff001d021607,1814,True,True,True
7876,04ffff001d021b07,1819,True,True,True
7878,04ffff001d021c07,1820,True,True,True
7879,04ffff001d021d07,1821,True,True,True
7880,04ffff001d022907,1833,True,True,True
7882,04ffff001d023007,1840,True,True,True
7883,04ffff001d023607,1846,True,True,True
7887,04ffff001d023d07,1853,True,True,True
7889,04ffff001d023f07,1855,True,True,True
7890,04ffff001d024507,1861,True,True,True
7892,04ffff001d024707,1863,True,True,True
7893,04ffff001d025707,1879,True,True,True
7894,04ffff001d025e07,1886,True,True,True
7895,04ffff001d026007,1888,True,True,True
7896,04ffff001d026107,1889,True,True,True
7897,04ffff001d026607,1894,True,True,True
7898,04ffff001d026c07,1900,True,True,True
7899,04ffff001d026f07,1903,True,True,True
7900,04ffff001d027207,1906,True,True,True
7901,04ffff001d027807,1912,True,True,True
7902,04ffff001d027907,1913,True,True,True
7903,04ffff001d027a07,1914,True,True,True
7904,04ffff001d028807,1928,True,True,True
7905,04ffff001d028c07,1932,True,True,True
7906,04ffff001d028d07,1933,True,True,True
7907,04ffff001d029c07,1948,True,True,True
7909,04ffff001d02a607,1958,True,True,True
7910,04ffff001d02ac07,1964,True,True,True
7911,04ffff001d02ad07,1965,True,True,True
7913,04ffff001d02af07,1967,True,True,True
7914,04ffff001d02b007,1968,True,True,True
7917,04ffff001d02b207,1970,True,True,True
7918,04ffff001d02c107,1985,True,True,True
7919,04ffff001d02cd07,1997,True,True,True
7920,04ffff001d02cf07,1999,True,True,True
7921,04ffff001d02e307,2019,True,True,True
7922,04ffff001d02e407,2020,True,True,True
7924,04ffff001d02f107,2033,True,True,True
7925,04ffff001d02f807,2040,True,True,True
7926,04ffff001d020208,2050,True,True,True
7927,04ffff001d020a08,2058,True,True,True
7929,04ffff001d022008,2080,True,True,True
7931,04ffff001d022208,2082,True,True,True
7933,04ffff001d023c08,2108,True,True,True
7935,04ffff001d023f08,2111,True,True,True
7936,04ffff001d024908,2121,True,True,True
7937,04ffff001d024c08,2124,True,True,True
7938,04ffff001d025408,2132,True,True,True
7939,04ffff001d025508,2133,True,True,True
7940,04ffff001d025808,2136,True,True,True
7941,04ffff001d025c08,2140,True,True,True
7942,04ffff001d025e08,2142,True,True,True
7944,04ffff001d025f08,2143,True,True,True
7947,04ffff001d026708,2151,True,True,True
7948,04ffff001d026908,2153,True,True,True
7950,04ffff001d027708,2167,True,True,True
7951,04ffff001d027e08,2174,True,True,True
7953,04ffff001d027f08,2175,True,True,True
7954,04ffff001d028108,2177,True,True,True
7955,04ffff001d028208,2178,True,True,True
7956,04ffff001d028608,2182,True,True,True
7957,04ffff001d028908,2185,True,True,True
7958,04ffff001d028d08,2189,True,True,True
7959,04ffff001d029408,2196,True,True,True
7960,04ffff001d029e08,2206,True,True,True
7961,04ffff001d02ab08,2219,True,True,True
7962,04ffff001d02ac08,2220,True,True,True
7965,04ffff001d02bd08,2237,True,True,True
7966,04ffff001d02bf08,2239,True,True,True
7967,04ffff001d02c408,2244,True,True,True
7968,04ffff001d02c808,2248,True,True,True
7969,04ffff001d02ce08,2254,True,True,True
7971,04ffff001d02d808,2264,True,True,True
7972,04ffff001d02e708,2279,True,True,True
7973,04ffff001d02f108,2289,True,True,True
7974,04ffff001d02f508,2293,True,True,True
7975,04ffff001d02fd08,2301,True,True,True
7979,04ffff001d02fe08,2302,True,True,True
7980,04ffff001d020609,2310,True,True,True
7981,04ffff001d020f09,2319,True,True,True
7982,04ffff001d021709,2327,True,True,True
7983,04ffff001d021e09,2334,True,True,True
7984,04ffff001d022509,2341,True,True,True
7985,04ffff001d022909,2345,True,True,True
7986,04ffff001d022b09,2347,True,True,True
7987,04ffff001d023109,2353,True,True,True
7988,04ffff001d023809,2360,True,True,True
7990,04ffff001d023909,2361,True,True,True
7991,04ffff001d025309,2387,True,True,True
7992,04ffff001d025c09,2396,True,True,True
7993,04ffff001d026109,2401,True,True,True
7994,04ffff001d026509,2405,True,True,True
7998,04ffff001d026709,2407,True,True,True
8001,04ffff001d026c09,2412,True,True,True
8004,04ffff001d027b09,2427,True,True,True
8005,04ffff001d028009,2432,True,True,True
8007,04ffff001d028509,2437,True,True,True
8008,04ffff001d028d09,2445,True,True,True
8010,04ffff001d029a09,2458,True,True,True
8011,04ffff001d02a409,2468,True,True,True
8012,04ffff001d02b809,2488,True,True,True
8013,04ffff001d02be09,2494,True,True,True
8014,04ffff001d02c109,2497,True,True,True
8015,04ffff001d02c709,2503,True,True,True
8016,04ffff001d02cb09,2507,True,True,True
8018,04ffff001d02cf09,2511,True,True,True
8020,04ffff001d02d009,2512,True,True,True
8021,04ffff001d02d509,2517,True,True,True
8022,04ffff001d02d909,2521,True,True,True
8023,04ffff001d02e209,2530,True,True,True
8024,04ffff001d02ea09,2538,True,True,True
8026,04ffff001d02ec09,2540,True,True,True
8027,04ffff001d02f109,2545,True,True,True
8030,04ffff001d02f709,2551,True,True,True
8031,04ffff001d02fb09,2555,True,True,True
8032,04ffff001d02fc09,2556,True,True,True
8033,04ffff001d02000a,2560,True,True,True
8035,04ffff001d02010a,2561,True,True,True
8036,04ffff001d02060a,2566,True,True,True
8038,04ffff001d02110a,2577,True,True,True
8039,04ffff001d02180a,2584,True,True,True
8042,04ffff001d022d0a,2605,True,True,True
8043,04ffff001d02340a,2612,True,True,True
8044,04ffff001d02360a,2614,True,True,True
8047,04ffff001d0106,6,True,True,True
8048,04ffff001d010a,10,True,True,True
8049,04ffff001d010c,12,True,True,True
8050,04ffff001d011d,29,True,True,True
8052,04ffff001d011e,30,True,True,True
8053,04ffff001d0141,65,True,True,True
8054,04ffff001d0144,68,True,True,True
8055,04ffff001d0148,72,True,True,True
8056,04ffff001d0149,73,True,True,True
8057,04ffff001d0158,88,True,True,True
8058,04ffff001d0164,100,True,True,True
8059,04ffff001d0166,102,True,True,True
8060,04ffff001d016d,109,True,True,True
8062,04ffff001d028200,130,True,True,True
8063,04ffff001d028b00,139,True,True,True
8064,04ffff001d029f00,159,True,True,True
8065,04ffff001d02a500,165,True,True,True
8067,04ffff001d02a700,167,True,True,True
8068,04ffff001d02aa00,170,True,True,True
8069,04ffff001d02ad00,173,True,True,True
8070,04ffff001d02bd00,189,True,True,True
8071,04ffff001d02c000,192,True,True,True
8073,04ffff001d02c200,194,True,True,True
8076,04ffff001d02c400,196,True,True,True
8078,04ffff001d02c500,197,True,True,True
8079,04ffff001d02c700,199,True,True,True
8080,04ffff001d02c900,201,True,True,True
8082,04ffff001d02ce00,206,True,True,True
8083,04ffff001d02d400,212,True,True,True
8084,04ffff001d02da00,218,True,True,True
8085,04ffff001d02dc00,220,True,True,True
8087,04ffff001d02e100,225,True,True,True
8090,04ffff001d02ed00,237,True,True,True
8091,04ffff001d02f500,245,True,True,True
8092,04ffff001d02f600,246,True,True,True
8093,04ffff001d02f700,247,True,True,True
8094,04ffff001d020101,257,True,True,True
8096,04ffff001d021101,273,True,True,True
8097,04ffff001d021801,280,True,True,True
8099,04ffff001d021a01,282,True,True,True
8100,04ffff001d021b01,283,True,True,True
8101,04ffff001d022701,295,True,True,True
8103,04ffff001d023001,304,True,True,True
8104,04ffff001d023c01,316,True,True,True
8105,04ffff001d023d01,317,True,True,True
8106,04ffff001d023e01,318,True,True,True
8107,04ffff001d023f01,319,True,True,True
8109,04ffff001d024501,325,True,True,True
8110,04ffff001d024901,329,True,True,True
8111,04ffff001d024a01,330,True,True,True
8112,04ffff001d024b01,331,True,True,True
8114,04ffff001d025001,336,True,True,True
8116,04ffff001d025601,342,True,True,True
8117,04ffff001d025701,343,True,True,True
8118,04ffff001d025a01,346,True,True,True
8119,04ffff001d026401,356,True,True,True
8120,04ffff001d026601,358,True,True,True
8122,04ffff001d026701,359,True,True,True
8123,04ffff001d026c01,364,True,True,True
8124,04ffff001d028301,387,True,True,True
8125,04ffff001d028e01,398,True,True,True
8126,04ffff001d029701,407,True,True,True
8127,04ffff001d02a101,417,True,True,True
8130,04ffff001d02a201,418,True,True,True
8131,04ffff001d02a901,425,True,True,True
8132,04ffff001d02aa01,426,True,True,True
8133,04ffff001d02b301,435,True,True,True
8134,04ffff001d02b601,438,True,True,True
8135,04ffff001d02ba01,442,True,True,True
8136,04ffff001d02c301,451,True,True,True
8137,04ffff001d02ca01,458,True,True,True
8139,04ffff001d02cb01,459,True,True,True
8140,04ffff001d02d201,466,True,True,True
8141,04ffff001d02d301,467,True,True,True
8142,04ffff001d02d601,470,True,True,True
8143,04ffff001d02dc01,476,True,True,True
8144,04ffff001d02de01,478,True,True,True
8146,04ffff001d02e301,483,True,True,True
8147,04ffff001d02e901,489,True,True,True
8148,04ffff001d02f801,504,True,True,True
8149,04ffff001d02fd01,509,True,True,True
8150,04ffff001d02ff01,511,True,True,True
8152,04ffff001d020702,519,True,True,True
8154,04ffff001d020802,520,True,True,True
8155,04ffff001d020b02,523,True,True,True
8157,04ffff001d021202,530,True,True,True
8158,04ffff001d021d02,541,True,True,True
8160,04ffff001d022d02,557,True,True,True
8161,04ffff001d022e02,558,True,True,True
8162,04ffff001d024102,577,True,True,True
8163,04ffff001d024302,579,True,True,True
8164,04ffff001d024702,583,True,True,True
8165,04ffff001d024f02,591,True,True,True
8167,04ffff001d025302,595,True,True,True
8169,04ffff001d026202,610,True,True,True
8170,04ffff001d026a02,618,True,True,True
8171,04ffff001d026c02,620,True,True,True
8174,04ffff001d026f02,623,True,True,True
8175,04ffff001d027e02,638,True,True,True
8176,04ffff001d028202,642,True,True,True
8178,04ffff001d029902,665,True,True,True
8180,04ffff001d02a502,677,True,True,True
8181,04ffff001d02a802,680,True,True,True
8182,04ffff001d02ae02,686,True,True,True
8185,04ffff001d02af02,687,True,True,True
8186,04ffff001d02b002,688,True,True,True
8188,04ffff001d02b302,691,True,True,True
8190,04ffff001d02ba02,698,True,True,True
8191,04ffff001d02bb02,699,True,True,True
8194,04ffff001d02c002,704,True,True,True
8195,04ffff001d02c102,705,True,True,True
8196,04ffff001d02c502,709,True,True,True
8197,04ffff001d02ca02,714,True,True,True
8198,04ffff001d02cc02,716,True,True,True
8200,04ffff001d02ce02,718,True,True,True
8201,04ffff001d02cf02,719,True,True,True
8202,04ffff001d02d502,725,True,True,True
8204,04ffff001d02d802,728,True,True,True
8207,04ffff001d02d902,729,True,True,True
8208,04ffff001d02da02,730,True,True,True
8209,04ffff001d02dc02,732,True,True,True
8210,04ffff001d02df02,735,True,True,True
8232,04ffff001d024003,832,True,True,True
8233,04ffff001d024803,840,True,True,True
8234,04ffff001d024c03,844,True,True,True
8237,04ffff001d025303,851,True,True,True
8239,04ffff001d025c03,860,True,True,True
8241,04ffff001d025f03,863,True,True,True
8242,04ffff001d026103,865,True,True,True
8244,04ffff001d026203,866,True,True,True
8246,04ffff001d026d03,877,True,True,True
8247,04ffff001d027503,885,True,True,True
8248,04ffff001d027b03,891,True,True,True
8249,04ffff001d027e03,894,True,True,True
8250,04ffff001d028503,901,True,True,True
8253,04ffff001d028803,904,True,True,True
8254,04ffff001d028c03,908,True,True,True
8257,04ffff001d029203,914,True,True,True
8258,04ffff001d029603,918,True,True,True
8259,04ffff001d029b03,923,True,True,True
8260,04ffff001d029d03,925,True,True,True
8261,04ffff001d029e03,926,True,True,True
8262,04ffff001d029f03,927,True,True,True
8263,04ffff001d02a103,929,True,True,True
8264,04ffff001d02aa03,938,True,True,True
8265,04ffff001d02ab03,939,True,True,True
8266,04ffff001d02ac03,940,True,True,True
8267,04ffff001d02b203,946,True,True,True
8268,04ffff001d02b303,947,True,True,True
8269,04ffff001d02ca03,970,True,True,True
8270,04ffff001d02d203,978,True,True,True
8271,04ffff001d02d303,979,True,True,True
8273,04ffff001d02da03,986,True,True,True
8275,04ffff001d02dd03,989,True,True,True
8277,04ffff001d02e103,993,True,True,True
8278,04ffff001d02e503,997,True,True,True
8280,04ffff001d02ec03,1004,True,True,True
8281,04ffff001d02f603,1014,True,True,True
8283,04ffff001d02f803,1016,True,True,True
8284,04ffff001d02fb03,1019,True,True,True
8286,04ffff001d02ff03,1023,True,True,True
8287,04ffff001d020304,1027,True,True,True
8289,04ffff001d020404,1028,True,True,True
8293,04ffff001d020904,1033,True,True,True
8294,04ffff001d021804,1048,True,True,True
8296,04ffff001d022104,1057,True,True,True
8298,04ffff001d022204,1058,True,True,True
8300,04ffff001d022704,1063,True,True,True
8302,04ffff001d022c04,1068,True,True,True
8303,04ffff001d022e04,1070,True,True,True
8304,04ffff001d023504,1077,True,True,True
8306,04ffff001d023604,1078,True,True,True
8307,04ffff001d023904,1081,True,True,True
8309,04ffff001d023b04,1083,True,True,True
8310,04ffff001d024704,1095,True,True,True
8311,04ffff001d024804,1096,True,True,True
8312,04ffff001d024e04,1102,True,True,True
8314,04ffff001d025104,1105,True,True,True
8316,04ffff001d025904,1113,True,True,True
8318,04ffff001d025a04,1114,True,True,True
8319,04ffff001d026104,1121,True,True,True
8320,04ffff001d026304,1123,True,True,True
8321,04ffff001d026504,1125,True,True,True
8322,04ffff001d026a04,1130,True,True,True
8324,04ffff001d027604,1142,True,True,True
8325,04ffff001d028004,1152,True,True,True
8327,04ffff001d029404,1172,True,True,True
8329,04ffff001d029f04,1183,True,True,True
8330,04ffff001d02a904,1193,True,True,True
8331,04ffff001d02ac04,1196,True,True,True
8332,04ffff001d02af04,1199,True,True,True
8334,04ffff001d02b204,1202,True,True,True
8335,04ffff001d02bb04,1211,True,True,True
8336,04ffff001d02bf04,1215,True,True,True
8337,04ffff001d02c304,1219,True,True,True
8340,04ffff001d02c904,1225,True,True,True
8342,04ffff001d02d304,1235,True,True,True
8343,04ffff001d02df04,1247,True,True,True
8344,04ffff001d02e204,1250,True,True,True
8345,04ffff001d02ec04,1260,True,True,True
8346,04ffff001d02ee04,1262,True,True,True
8347,04ffff001d02ff04,1279,True,True,True
8348,04ffff001d020005,1280,True,True,True
8349,04ffff001d020705,1287,True,True,True
8350,04ffff001d020c05,1292,True,True,True
8352,04ffff001d021305,1299,True,True,True
8353,04ffff001d021b05,1307,True,True,True
8354,04ffff001d021e05,1310,True,True,True
8355,04ffff001d023305,1331,True,True,True
8359,04ffff001d023505,1333,True,True,True
8360,04ffff001d023f05,1343,True,True,True
8361,04ffff001d024205,1346,True,True,True
8362,04ffff001d024705,1351,True,True,True
8364,04ffff001d024b05,1355,True,True,True
8365,04ffff001d024f05,1359,True,True,True
8366,04ffff001d025205,1362,True,True,True
8369,04ffff001d025f05,1375,True,True,True
8372,04ffff001d026005,1376,True,True,True
8373,04ffff001d026205,1378,True,True,True
8374,04ffff001d026b05,1387,True,True,True
8375,04ffff001d027005,1392,True,True,True
8376,04ffff001d027405,1396,True,True,True
8377,04ffff001d027705,1399,True,True,True
8378,04ffff001d027c05,1404,True,True,True
8379,04ffff001d028305,1411,True,True,True
8380,04ffff001d028605,1414,True,True,True
8381,04ffff001d028705,1415,True,True,True
8382,04ffff001d028a05,1418,True,True,True
8384,04ffff001d028b05,1419,True,True,True
8385,04ffff001d029305,1427,True,True,True
8386,04ffff001d02a705,1447,True,True,True
8387,04ffff001d02c405,1476,True,True,True
8388,04ffff001d02c905,1481,True,True,True
8389,04ffff001d02d305,1491,True,True,True
8391,04ffff001d02d805,1496,True,True,True
8393,04ffff001d02da05,1498,True,True,True
8394,04ffff001d02db05,1499,True,True,True
8395,04ffff001d02e305,1507,True,True,True
8396,04ffff001d02ee05,1518,True,True,True
8398,04ffff001d02f005,1520,True,True,True
8399,04ffff001d02f105,1521,True,True,True
8400,04ffff001d02fd05,1533,True,True,True
8403,04ffff001d020706,1543,True,True,True
8404,04ffff001d020d06,1549,True,True,True
8405,04ffff001d021106,1553,True,True,True
8406,04ffff001d021906,1561,True,True,True
8407,04ffff001d022706,1575,True,True,True
8408,04ffff001d022806,1576,True,True,True
8409,04ffff001d022c06,1580,True,True,True
8410,04ffff001d022f06,1583,True,True,True
8411,04ffff001d024006,1600,True,True,True
8412,04ffff001d024806,1608,True,True,True
8416,04ffff001d024d06,1613,True,True,True
8418,04ffff001d025206,1618,True,True,True
8419,04ffff001d025906,1625,True,True,True
8420,04ffff001d025d06,1629,True,True,True
8421,04ffff001d026a06,1642,True,True,True
8422,04ffff001d027606,1654,True,True,True
8424,04ffff001d028606,1670,True,True,True
8428,04ffff001d028906,1673,True,True,True
8429,04ffff001d028e06,1678,True,True,True
8431,04ffff001d029506,1685,True,True,True
8432,04ffff001d029d06,1693,True,True,True
8434,04ffff001d029f06,1695,True,True,True
8435,04ffff001d02a206,1698,True,True,True
8436,04ffff001d02a506,1701,True,True,True
8438,04ffff001d02aa06,1706,True,True,True
8439,04ffff001d02ad06,1709,True,True,True
8440,04ffff001d02b006,1712,True,True,True
8441,04ffff001d02b106,1713,True,True,True
8442,04ffff001d02b206,1714,True,True,True
8444,04ffff001d02b906,1721,True,True,True
8445,04ffff001d02bd06,1725,True,True,True
8447,04ffff001d02c106,1729,True,True,True
8449,04ffff001d02c406,1732,True,True,True
8450,04ffff001d02c706,1735,True,True,True
8452,04ffff001d02cb06,1739,True,True,True
8453,04ffff001d02cd06,1741,True,True,True
8454,04ffff001d02ce06,1742,True,True,True
8455,04ffff001d02d906,1753,True,True,True
8456,04ffff001d02dd06,1757,True,True,True
8457,04ffff001d02de06,1758,True,True,True
8459,04ffff001d02e206,1762,True,True,True
8460,04ffff001d02ea06,1770,True,True,True
8461,04ffff001d02f206,1778,True,True,True
8462,04ffff001d02f806,1784,True,True,True
8463,04ffff001d02ff06,1791,True,True,True
8464,04ffff001d020207,1794,True,True,True
8465,04ffff001d020607,1798,True,True,True
8466,04ffff001d020d07,1805,True,True,True
8467,04ffff001d020e07,1806,True,True,True
8468,04ffff001d021407,1812,True,True,True
8469,04ffff001d022107,1825,True,True,True
8470,04ffff001d022507,1829,True,True,True
8471,04ffff001d022607,1830,True,True,True
8473,04ffff001d022807,1832,True,True,True
8474,04ffff001d022d07,1837,True,True,True
8475,04ffff001d023907,1849,True,True,True
8476,04ffff001d023b07,1851,True,True,True
8477,04ffff001d023d07,1853,True,True,True
8478,04ffff001d023e07,1854,True,True,True
8479,04ffff001d024107,1857,True,True,True
8480,04ffff001d025407,1876,True,True,True
8481,04ffff001d025d07,1885,True,True,True
8482,04ffff001d025e07,1886,True,True,True
8483,04ffff001d026307,1891,True,True,True
8484,04ffff001d026707,1895,True,True,True
8485,04ffff001d027407,1908,True,True,True
8486,04ffff001d027507,1909,True,True,True
8487,04ffff001d028207,1922,True,True,True
8489,04ffff001d028707,1927,True,True,True
8490,04ffff001d028c07,1932,True,True,True
8491,04ffff001d029a07,1946,True,True,True
8492,04ffff001d02a407,1956,True,True,True
8494,04ffff001d02a807,1960,True,True,True
8495,04ffff001d02ab07,1963,True,True,True
8496,04ffff001d02b207,1970,True,True,True
8497,04ffff001d02b407,1972,True,True,True
8498,04ffff001d02b507,1973,True,True,True
8499,04ffff001d02c107,1985,True,True,True
8500,04ffff001d02c907,1993,True,True,True
8501,04ffff001d02d607,2006,True,True,True
8502,04ffff001d02d807,2008,True,True,True
8503,04ffff001d02dc07,2012,True,True,True
8506,04ffff001d02dd07,2013,True,True,True
8507,04ffff001d02e007,2016,True,True,True
8508,04ffff001d02e207,2018,True,True,True
8510,04ffff001d02e607,2022,True,True,True
8511,04ffff001d02ed07,2029,True,True,True
8512,04ffff001d02f207,2034,True,True,True
8513,04ffff001d02f307,2035,True,True,True
8514,04ffff001d02f707,2039,True,True,True
8515,04ffff001d02fb07,2043,True,True,True
8516,04ffff001d02fc07,2044,True,True,True
8518,04ffff001d020408,2052,True,True,True
8519,04ffff001d020608,2054,True,True,True
8520,04ffff001d021508,2069,True,True,True
8521,04ffff001d021808,2072,True,True,True
8522,04ffff001d021a08,2074,True,True,True
8523,04ffff001d022208,2082,True,True,True
8524,04ffff001d022308,2083,True,True,True
8525,04ffff001d022408,2084,True,True,True
8526,04ffff001d022608,2086,True,True,True
8527,04ffff001d022908,2089,True,True,True
8528,04ffff001d023d08,2109,True,True,True
8531,04ffff001d024608,2118,True,True,True
8534,04ffff001d024d08,2125,True,True,True
8535,04ffff001d025808,2136,True,True,True
8536,04ffff001d025d08,2141,True,True,True
8537,04ffff001d027808,2168,True,True,True
8538,04ffff001d027b08,2171,True,True,True
8539,04ffff001d027c08,2172,True,True,True
8540,04ffff001d028208,2178,True,True,True
8541,04ffff001d028508,2181,True,True,True
8542,04ffff001d028608,2182,True,True,True
8543,04ffff001d028908,2185,True,True,True
8544,04ffff001d029c08,2204,True,True,True
8546,04ffff001d02a808,2216,True,True,True
8547,04ffff001d02ae08,2222,True,True,True
8548,04ffff001d02b008,2224,True,True,True
8549,04ffff001d02b308,2227,True,True,True
8550,04ffff001d02be08,2238,True,True,True
8551,04ffff001d02cb08,2251,True,True,True
8552,04ffff001d02d008,2256,True,True,True
8553,04ffff001d02d208,2258,True,True,True
8555,04ffff001d02d408,2260,True,True,True
8556,04ffff001d02d508,2261,True,True,True
8557,04ffff001d02df08,2271,True,True,True
8558,04ffff001d02e608,2278,True,True,True
8559,04ffff001d02f808,2296,True,True,True
8560,04ffff001d02fa08,2298,True,True,True
8561,04ffff001d02fc08,2300,True,True,True
8563,04ffff001d020109,2305,True,True,True
8564,04ffff001d020609,2310,True,True,True
8565,04ffff001d020b09,2315,True,True,True
8566,04ffff001d020f09,2319,True,True,True
8567,04ffff001d021409,2324,True,True,True
8569,04ffff001d021809,2328,True,True,True
8570,04ffff001d021a09,2330,True,True,True
8571,04ffff001d021b09,2331,True,True,True
8573,04ffff001d021c09,2332,True,True,True
8574,04ffff001d021f09,2335,True,True,True
8575,04ffff001d022f09,2351,True,True,True
8576,04ffff001d023109,2353,True,True,True
8577,04ffff001d023a09,2362,True,True,True
8579,04ffff001d023b09,2363,True,True,True
8580,04ffff001d024109,2369,True,True,True
8581,04ffff001d024209,2370,True,True,True
8582,04ffff001d024c09,2380,True,True,True
8583,04ffff001d025809,2392,True,True,True
8585,04ffff001d025e09,2398,True,True,True
8586,04ffff001d025f09,2399,True,True,True
8588,04ffff001d026209,2402,True,True,True
8589,04ffff001d026409,2404,True,True,True
8590,04ffff001d026b09,2411,True,True,True
8591,04ffff001d026d09,2413,True,True,True
8592,04ffff001d026e09,2414,True,True,True
8593,04ffff001d027009,2416,True,True,True
8596,04ffff001d027109,2417,True,True,True
8598,04ffff001d027209,2418,True,True,True
8599,04ffff001d027609,2422,True,True,True
8600,04ffff001d027709,2423,True,True,True
8601,04ffff001d028009,2432,True,True,True
8603,04ffff001d028709,2439,True,True,True
8605,04ffff001d028909,2441,True,True,True
8606,04ffff001d029109,2449,True,True,True
8607,04ffff001d029309,2451,True,True,True
8608,04ffff001d029e09,2462,True,True,True
8609,04ffff001d02a009,2464,True,True,True
8610,04ffff001d02a309,2467,True,True,True
8612,04ffff001d02ab09,2475,True,True,True
8613,04ffff001d02ac09,2476,True,True,True
8614,04ffff001d02ae09,2478,True,True,True
8616,04ffff001d02af09,2479,True,True,True
8617,04ffff001d02b909,2489,True,True,True
8618,04ffff001d02c209,2498,True,True,True
8619,04ffff001d02cb09,2507,True,True,True
8621,04ffff001d02e609,2534,True,True,True
8622,04ffff001d02eb09,2539,True,True,True
8624,04ffff001d02ef09,2543,True,True,True
8625,04ffff001d02f509,2549,True,True,True
8628,04ffff001d02f909,2553,True,True,True
8629,04ffff001d02fc09,2556,True,True,True
8630,04ffff001d02010a,2561,True,True,True
8631,04ffff001d02030a,2563,True,True,True
8632,04ffff001d02080a,2568,True,True,True
8634,04ffff001d020e0a,2574,True,True,True
8635,04ffff001d02100a,2576,True,True,True
8636,04ffff001d02180a,2584,True,True,True
8638,04ffff001d02190a,2585,True,True,True
8639,04ffff001d021e0a,2590,True,True,True
8640,04ffff001d02260a,2598,True,True,True
8641,04ffff001d022c0a,2604,True,True,True
8642,04ffff001d022d0a,2605,True,True,True
8643,04ffff001d02340a,2612,True,True,True
8644,04ffff001d02380a,2616,True,True,True
8650,04ffff001d010d,13,True,True,True
8652,04ffff001d0110,16,True,True,True
8653,04ffff001d0111,17,True,True,True
8655,04ffff001d0116,22,True,True,True
8656,04ffff001d011e,30,True,True,True
8657,04ffff001d0125,37,True,True,True
8658,04ffff001d0129,41,True,True,True
8659,04ffff001d012b,43,True,True,True
8661,04ffff001d0136,54,True,True,True
8663,04ffff001d013d,61,True,True,True
8664,04ffff001d0146,70,True,True,True
8665,04ffff001d014d,77,True,True,True
8667,04ffff001d0150,80,True,True,True
8668,04ffff001d0152,82,True,True,True
8669,04ffff001d0159,89,True,True,True
8670,04ffff001d015a,90,True,True,True
8671,04ffff001d015c,92,True,True,True
8672,04ffff001d0163,99,True,True,True
8673,04ffff001d0166,102,True,True,True
8674,04ffff001d0173,115,True,True,True
8675,04ffff001d017c,124,True,True,True
8676,04ffff001d029500,149,True,True,True
8677,04ffff001d029600,150,True,True,True
8678,04ffff001d029700,151,True,True,True
8679,04ffff001d029a00,154,True,True,True
8680,04ffff001d029b00,155,True,True,True
8681,04ffff001d02a000,160,True,True,True
8682,04ffff001d02a100,161,True,True,True
8683,04ffff001d02a300,163,True,True,True
8685,04ffff001d02a600,166,True,True,True
8686,04ffff001d02b200,178,True,True,True
8688,04ffff001d02b300,179,True,True,True
8690,04ffff001d02b800,184,True,True,True
8691,04ffff001d02bd00,189,True,True,True
8693,04ffff001d02be00,190,True,True,True
8694,04ffff001d02d400,212,True,True,True
8695,04ffff001d02d500,213,True,True,True
8696,04ffff001d02d600,214,True,True,True
8697,04ffff001d02de00,222,True,True,True
8699,04ffff001d02e400,228,True,True,True
8701,04ffff001d02ea00,234,True,True,True
8702,04ffff001d02f200,242,True,True,True
8704,04ffff001d02f500,245,True,True,True
8705,04ffff001d02f900,249,True,True,True
8706,04ffff001d02fc00,252,True,True,True
8707,04ffff001d020401,260,True,True,True
8710,04ffff001d021701,279,True,True,True
8712,04ffff001d021b01,283,True,True,True
8713,04ffff001d021c01,284,True,True,True
8715,04ffff001d022801,296,True,True,True
8718,04ffff001d023f01,319,True,True,True
8719,04ffff001d024601,326,True,True,True
8720,04ffff001d024701,327,True,True,True
8722,04ffff001d024e01,334,True,True,True
8724,04ffff001d025001,336,True,True,True
8725,04ffff001d025401,340,True,True,True
8726,04ffff001d025801,344,True,True,True
8728,04ffff001d025e01,350,True,True,True
8729,04ffff001d026901,361,True,True,True
8730,04ffff001d026b01,363,True,True,True
8732,04ffff001d026e01,366,True,True,True
8733,04ffff001d027101,369,True,True,True
8734,04ffff001d027901,377,True,True,True
8735,04ffff001d027a01,378,True,True,True
8736,04ffff001d028301,387,True,True,True
8737,04ffff001d028701,391,True,True,True
8738,04ffff001d029101,401,True,True,True
8739,04ffff001d029801,408,True,True,True
8740,04ffff001d029c01,412,True,True,True
8742,04ffff001d029d01,413,True,True,True
8743,04ffff001d029f01,415,True,True,True
8744,04ffff001d02a501,421,True,True,True
8745,04ffff001d02a801,424,True,True,True
8746,04ffff001d02b401,436,True,True,True
8747,04ffff001d02b501,437,True,True,True
8748,04ffff001d02bd01,445,True,True,True
8749,04ffff001d02be01,446,True,True,True
8751,04ffff001d02c001,448,True,True,True
8752,04ffff001d02c701,455,True,True,True
8753,04ffff001d02c801,456,True,True,True
8754,04ffff001d02c901,457,True,True,True
8755,04ffff001d02d101,465,True,True,True
8756,04ffff001d02df01,479,True,True,True
8757,04ffff001d02e201,482,True,True,True
8758,04ffff001d02e301,483,True,True,True
8759,04ffff001d02e601,486,True,True,True
8760,04ffff001d02e801,488,True,True,True
8761,04ffff001d02ef01,495,True,True,True
8762,04ffff001d02f701,503,True,True,True
8763,04ffff001d020002,512,True,True,True
8766,04ffff001d020102,513,True,True,True
8768,04ffff001d020302,515,True,True,True
8769,04ffff001d020602,518,True,True,True
8770,04ffff001d020b02,523,True,True,True
8771,04ffff001d020f02,527,True,True,True
8772,04ffff001d021502,533,True,True,True
8773,04ffff001d021e02,542,True,True,True
8774,04ffff001d022002,544,True,True,True
8775,04ffff001d022902,553,True,True,True
8776,04ffff001d022a02,554,True,True,True
8777,04ffff001d023102,561,True,True,True
8778,04ffff001d023202,562,True,True,True
8779,04ffff001d023a02,570,True,True,True
8781,04ffff001d023f02,575,True,True,True
8783,04ffff001d025102,593,True,True,True
8785,04ffff001d025302,595,True,True,True
8786,04ffff001d025402,596,True,True,True
8787,04ffff001d025c02,604,True,True,True
8788,04ffff001d026002,608,True,True,True
8789,04ffff001d027102,625,True,True,True
8790,04ffff001d027c02,636,True,True,True
8791,04ffff001d028302,643,True,True,True
8792,04ffff001d029e02,670,True,True,True
8793,04ffff001d02a702,679,True,True,True
8795,04ffff001d02a802,680,True,True,True
8796,04ffff001d02ad02,685,True,True,True
8797,04ffff001d02b402,692,True,True,True
8798,04ffff001d02ba02,698,True,True,True
8799,04ffff001d02c702,711,True,True,True
8800,04ffff001d02cc02,716,True,True,True
8801,04ffff001d02d002,720,True,True,True
8802,04ffff001d02d102,721,True,True,True
8803,04ffff001d02d502,725,True,True,True
8804,04ffff001d02d602,726,True,True,True
8806,04ffff001d02db02,731,True,True,True
8807,04ffff001d02dc02,732,True,True,True
8809,04ffff001d02e302,739,True,True,True
8810,04ffff001d02ec02,748,True,True,True
8811,04ffff001d02ee02,750,True,True,True
8812,04ffff001d02f702,759,True,True,True
8813,04ffff001d02f802,760,True,True,True
8815,04ffff001d020703,775,True,True,True
8816,04ffff001d020f03,783,True,True,True
8818,04ffff001d021403,788,True,True,True
8820,04ffff001d021503,789,True,True,True
8821,04ffff001d021703,791,True,True,True
8822,04ffff001d022703,807,True,True,True
8823,04ffff001d022b03,811,True,True,True
8824,04ffff001d023303,819,True,True,True
8825,04ffff001d023b03,827,True,True,True
8826,04ffff001d024003,832,True,True,True
8828,04ffff001d024103,833,True,True,True
8829,04ffff001d024403,836,True,True,True
8830,04ffff001d024903,841,True,True,True
8831,04ffff001d024b03,843,True,True,True
8832,04ffff001d025303,851,True,True,True
8833,04ffff001d025503,853,True,True,True
8834,04ffff001d025603,854,True,True,True
8835,04ffff001d026e03,878,True,True,True
8836,04ffff001d027603,886,True,True,True
8837,04ffff001d027803,888,True,True,True
8839,04ffff001d027d03,893,True,True,True
8840,04ffff001d027f03,895,True,True,True
8842,04ffff001d028603,902,True,True,True
8843,04ffff001d028a03,906,True,True,True
8844,04ffff001d029003,912,True,True,True
8846,04ffff001d029103,913,True,True,True
8847,04ffff001d029203,914,True,True,True
8848,04ffff001d029403,916,True,True,True
8850,04ffff001d029703,919,True,True,True
8851,04ffff001d029803,920,True,True,True
8852,04ffff001d029903,921,True,True,True
8853,04ffff001d029c03,924,True,True,True
8855,04ffff001d02a003,928,True,True,True
8856,04ffff001d02a103,929,True,True,True
8857,04ffff001d02a203,930,True,True,True
8859,04ffff001d02a603,934,True,True,True
8860,04ffff001d02a803,936,True,True,True
8861,04ffff001d02b003,944,True,True,True
8862,04ffff001d02c703,967,True,True,True
8863,04ffff001d02ce03,974,True,True,True
8866,04ffff001d02d903,985,True,True,True
8868,04ffff001d02da03,986,True,True,True
8870,04ffff001d02df03,991,True,True,True
8871,04ffff001d02e703,999,True,True,True
8872,04ffff001d02e903,1001,True,True,True
8873,04ffff001d02f503,1013,True,True,True
8874,04ffff001d02f603,1014,True,True,True
8875,04ffff001d02fc03,1020,True,True,True
8876,04ffff001d020204,1026,True,True,True
8877,04ffff001d021104,1041,True,True,True
8878,04ffff001d021204,1042,True,True,True
8879,04ffff001d021304,1043,True,True,True
8880,04ffff001d021404,1044,True,True,True
8881,04ffff001d021804,1048,True,True,True
8882,04ffff001d022b04,1067,True,True,True
8883,04ffff001d022c04,1068,True,True,True
8884,04ffff001d022d04,1069,True,True,True
8885,04ffff001d022e04,1070,True,True,True
8886,04ffff001d023b04,1083,True,True,True
8887,04ffff001d023f04,1087,True,True,True
8888,04ffff001d024104,1089,True,True,True
8889,04ffff001d024204,1090,True,True,True
8890,04ffff001d024304,1091,True,True,True
8891,04ffff001d024d04,1101,True,True,True
8893,04ffff001d024e04,1102,True,True,True
8894,04ffff001d024f04,1103,True,True,True
8895,04ffff001d025104,1105,True,True,True
8896,04ffff001d025604,1110,True,True,True
8897,04ffff001d025904,1113,True,True,True
8898,04ffff001d026a04,1130,True,True,True
8900,04ffff001d027004,1136,True,True,True
8901,04ffff001d027304,1139,True,True,True
8902,04ffff001d027d04,1149,True,True,True
8904,04ffff001d027e04,1150,True,True,True
8906,04ffff001d029b04,1179,True,True,True
8907,04ffff001d02a304,1187,True,True,True
8910,04ffff001d02b904,1209,True,True,True
8911,04ffff001d02c104,1217,True,True,True
8912,04ffff001d02c404,1220,True,True,True
8913,04ffff001d02d504,1237,True,True,True
8914,04ffff001d02d804,1240,True,True,True
8915,04ffff001d02d904,1241,True,True,True
8916,04ffff001d02e404,1252,True,True,True
8917,04ffff001d020005,1280,True,True,True
8919,04ffff001d020305,1283,True,True,True
8923,04ffff001d020805,1288,True,True,True
8924,04ffff001d021105,1297,True,True,True
8925,04ffff001d021a05,1306,True,True,True
8926,04ffff001d021b05,1307,True,True,True
8927,04ffff001d021e05,1310,True,True,True
8929,04ffff001d022405,1316,True,True,True
8930,04ffff001d022905,1321,True,True,True
8931,04ffff001d022e05,1326,True,True,True
8933,04ffff001d023205,1330,True,True,True
8936,04ffff001d023905,1337,True,True,True
8937,04ffff001d024805,1352,True,True,True
8939,04ffff001d025005,1360,True,True,True
8940,04ffff001d025205,1362,True,True,True
8942,04ffff001d025705,1367,True,True,True
8943,04ffff001d025b05,1371,True,True,True
8944,04ffff001d026705,1383,True,True,True
8945,04ffff001d026905,1385,True,True,True
8946,04ffff001d026a05,1386,True,True,True
8947,04ffff001d026b05,1387,True,True,True
8948,04ffff001d026d05,1389,True,True,True
8949,04ffff001d027505,1397,True,True,True
8951,04ffff001d027805,1400,True,True,True
8953,04ffff001d028205,1410,True,True,True
8955,04ffff001d028b05,1419,True,True,True
8956,04ffff001d029305,1427,True,True,True
8957,04ffff001d029b05,1435,True,True,True
8959,04ffff001d02ab05,1451,True,True,True
8960,04ffff001d02b105,1457,True,True,True
8961,04ffff001d02b205,1458,True,True,True
8962,04ffff001d02c705,1479,True,True,True
8963,04ffff001d02d005,1488,True,True,True
8965,04ffff001d02d405,1492,True,True,True
8966,04ffff001d02db05,1499,True,True,True
8969,04ffff001d02e205,1506,True,True,True
8971,04ffff001d02f505,1525,True,True,True
8972,04ffff001d02f605,1526,True,True,True
8973,04ffff001d020706,1543,True,True,True
8974,04ffff001d020a06,1546,True,True,True
8975,04ffff001d020e06,1550,True,True,True
8976,04ffff001d021606,1558,True,True,True
8977,04ffff001d021806,1560,True,True,True
8978,04ffff001d022106,1569,True,True,True
8979,04ffff001d022206,1570,True,True,True
8981,04ffff001d022306,1571,True,True,True
8983,04ffff001d022406,1572,True,True,True
8985,04ffff001d022806,1576,True,True,True
8986,04ffff001d022c06,1580,True,True,True
8987,04ffff001d022f06,1583,True,True,True
8988,04ffff001d023206,1586,True,True,True
8990,04ffff001d023306,1587,True,True,True
8991,04ffff001d023506,1589,True,True,True
8993,04ffff001d024106,1601,True,True,True
8994,04ffff001d024306,1603,True,True,True
8996,04ffff001d024f06,1615,True,True,True
8997,04ffff001d025006,1616,True,True,True
8998,04ffff001d025306,1619,True,True,True
8999,04ffff001d025d06,1629,True,True,True
9000,04ffff001d026606,1638,True,True,True
9001,04ffff001d026a06,1642,True,True,True
9004,04ffff001d026c06,1644,True,True,True
9005,04ffff001d027606,1654,True,True,True
9007,04ffff001d027f06,1663,True,True,True
9008,04ffff001d028406,1668,True,True,True
9009,04ffff001d029206,1682,True,True,True
9011,04ffff001d029406,1684,True,True,True
9012,04ffff001d029706,1687,True,True,True
9013,04ffff001d029906,1689,True,True,True
9014,04ffff001d029a06,1690,True,True,True
9015,04ffff001d029f06,1695,True,True,True
9016,04ffff001d02a306,1699,True,True,True
9018,04ffff001d02a706,1703,True,True,True
9020,04ffff001d02a806,1704,True,True,True
9021,04ffff001d02b806,1720,True,True,True
9022,04ffff001d02be06,1726,True,True,True
9023,04ffff001d02c306,1731,True,True,True
9025,04ffff001d02c606,1734,True,True,True
9027,04ffff001d02d106,1745,True,True,True
9028,04ffff001d02d706,1751,True,True,True
9029,04ffff001d02db06,1755,True,True,True
9030,04ffff001d02e606,1766,True,True,True
9031,04ffff001d02e806,1768,True,True,True
9032,04ffff001d02eb06,1771,True,True,True
9033,04ffff001d02f006,1776,True,True,True
9034,04ffff001d02f206,1778,True,True,True
9035,04ffff001d02f306,1779,True,True,True
9036,04ffff001d02fc06,1788,True,True,True
9037,04ffff001d020507,1797,True,True,True
9038,04ffff001d020707,1799,True,True,True
9039,04ffff001d020807,1800,True,True,True
9040,04ffff001d021307,1811,True,True,True
9041,04ffff001d022307,1827,True,True,True
9043,04ffff001d022407,1828,True,True,True
9044,04ffff001d023007,1840,True,True,True
9046,04ffff001d023107,1841,True,True,True
9047,04ffff001d023607,1846,True,True,True
9048,04ffff001d023807,1848,True,True,True
9049,04ffff001d023a07,1850,True,True,True
9050,04ffff001d023f07,1855,True,True,True
9051,04ffff001d024507,1861,True,True,True
9053,04ffff001d025f07,1887,True,True,True
9054,04ffff001d026507,1893,True,True,True
9055,04ffff001d026707,1895,True,True,True
9056,04ffff001d026907,1897,True,True,True
9057,04ffff001d026a07,1898,True,True,True
9058,04ffff001d027107,1905,True,True,True
9059,04ffff001d027707,1911,True,True,True
9061,04ffff001d028407,1924,True,True,True
9062,04ffff001d028807,1928,True,True,True
9063,04ffff001d028b07,1931,True,True,True
9064,04ffff001d029307,1939,True,True,True
9065,04ffff001d029707,1943,True,True,True
9066,04ffff001d029b07,1947,True,True,True
9067,04ffff001d029f07,1951,True,True,True
9068,04ffff001d02a107,1953,True,True,True
9069,04ffff001d02b407,1972,True,True,True
9070,04ffff001d02bc07,1980,True,True,True
9071,04ffff001d02c907,1993,True,True,True
9072,04ffff001d02cd07,1997,True,True,True
9073,04ffff001d02ce07,1998,True,True,True
9074,04ffff001d02d007,2000,True,True,True
9075,04ffff001d02d107,2001,True,True,True
9076,04ffff001d02dd07,2013,True,True,True
9078,04ffff001d02df07,2015,True,True,True
9079,04ffff001d02e407,2020,True,True,True
9080,04ffff001d02f407,2036,True,True,True
9081,04ffff001d020208,2050,True,True,True
9082,04ffff001d020308,2051,True,True,True
9083,04ffff001d020d08,2061,True,True,True
9084,04ffff001d020f08,2063,True,True,True
9085,04ffff001d021408,2068,True,True,True
9087,04ffff001d021608,2070,True,True,True
9088,04ffff001d021908,2073,True,True,True
9089,04ffff001d021b08,2075,True,True,True
9090,04ffff001d022208,2082,True,True,True
9092,04ffff001d022a08,2090,True,True,True
9093,04ffff001d022e08,2094,True,True,True
9095,04ffff001d023b08,2107,True,True,True
9096,04ffff001d023c08,2108,True,True,True
9097,04ffff001d023f08,2111,True,True,True
9099,04ffff001d024208,2114,True,True,True
9100,04ffff001d024908,2121,True,True,True
9101,04ffff001d024f08,2127,True,True,True
9102,04ffff001d025308,2131,True,True,True
9104,04ffff001d027108,2161,True,True,True
9105,04ffff001d027208,2162,True,True,True
9106,04ffff001d027508,2165,True,True,True
9107,04ffff001d027b08,2171,True,True,True
9108,04ffff001d027c08,2172,True,True,True
9110,04ffff001d027f08,2175,True,True,True
9113,04ffff001d028108,2177,True,True,True
9114,04ffff001d028408,2180,True,True,True
9115,04ffff001d029608,2198,True,True,True
9116,04ffff001d029908,2201,True,True,True
9118,04ffff001d029c08,2204,True,True,True
9119,04ffff001d02b908,2233,True,True,True
9120,04ffff001d02c708,2247,True,True,True
9123,04ffff001d02cd08,2253,True,True,True
9124,04ffff001d02d008,2256,True,True,True
9126,04ffff001d02d508,2261,True,True,True
9127,04ffff001d02d908,2265,True,True,True
9128,04ffff001d02de08,2270,True,True,True
9129,04ffff001d02fa08,2298,True,True,True
9130,04ffff001d02fb08,2299,True,True,True
9132,04ffff001d02ff08,2303,True,True,True
9133,04ffff001d020609,2310,True,True,True
9135,04ffff001d020a09,2314,True,True,True
9136,04ffff001d020b09,2315,True,True,True
9137,04ffff001d020f09,2319,True,True,True
9138,04ffff001d021209,2322,True,True,True
9139,04ffff001d021409,2324,True,True,True
9140,04ffff001d021d09,2333,True,True,True
9141,04ffff001d022709,2343,True,True,True
9143,04ffff001d023409,2356,True,True,True
9144,04ffff001d023809,2360,True,True,True
9147,04ffff001d023b09,2363,True,True,True
9148,04ffff001d024609,2374,True,True,True
9149,04ffff001d025009,2384,True,True,True
9150,04ffff001d025709,2391,True,True,True
9151,04ffff001d026b09,2411,True,True,True
9153,04ffff001d027709,2423,True,True,True
9154,04ffff001d027809,2424,True,True,True
9159,04ffff001d028109,2433,True,True,True
9161,04ffff001d028b09,2443,True,True,True
9162,04ffff001d028e09,2446,True,True,True
9163,04ffff001d029d09,2461,True,True,True
9164,04ffff001d02a809,2472,True,True,True
9165,04ffff001d02a909,2473,True,True,True
9166,04ffff001d02aa09,2474,True,True,True
9167,04ffff001d02ab09,2475,True,True,True
9168,04ffff001d02ad09,2477,True,True,True
9169,04ffff001d02b209,2482,True,True,True
9171,04ffff001d02b909,2489,True,True,True
9172,04ffff001d02bc09,2492,True,True,True
9173,04ffff001d02be09,2494,True,True,True
9174,04ffff001d02c109,2497,True,True,True
9175,04ffff001d02c909,2505,True,True,True
9179,04ffff001d02d809,2520,True,True,True
9180,04ffff001d02da09,2522,True,True,True
9181,04ffff001d02e509,2533,True,True,True
9182,04ffff001d02ef09,2543,True,True,True
9184,04ffff001d02f309,2547,True,True,True
9185,04ffff001d02040a,2564,True,True,True
9187,04ffff001d020c0a,2572,True,True,True
9188,04ffff001d02140a,2580,True,True,True
9189,04ffff001d02160a,2582,True,True,True
9192,04ffff001d021c0a,2588,True,True,True
9193,04ffff001d021e0a,2590,True,True,True
9194,04ffff001d02200a,2592,True,True,True
9195,04ffff001d02220a,2594,True,True,True
9198,04ffff001d02240a,2596,True,True,True
9200,04ffff001d02290a,2601,True,True,True
9201,04ffff001d022b0a,2603,True,True,True
9202,04ffff001d022e0a,2606,True,True,True
9203,04ffff001d02330a,2611,True,True,True
9205,04ffff001d02340a,2612,True,True,True
9207,04ffff001d0107,7,True,True,True
9208,04ffff001d0110,16,True,True,True
9209,04ffff001d0112,18,True,True,True
9210,04ffff001d0113,19,True,True,True
9213,04ffff001d0114,20,True,True,True
9215,04ffff001d012a,42,True,True,True
9216,04ffff001d012c,44,True,True,True
9218,04ffff001d0135,53,True,True,True
9219,04ffff001d0148,72,True,True,True
9222,04ffff001d0164,100,True,True,True
9223,04ffff001d0165,101,True,True,True
9225,04ffff001d0169,105,True,True,True
9226,04ffff001d0171,113,True,True,True
9227,04ffff001d0173,115,True,True,True
9229,04ffff001d028b00,139,True,True,True
9231,04ffff001d029500,149,True,True,True
9232,04ffff001d029700,151,True,True,True
9236,04ffff001d029e00,158,True,True,True
9237,04ffff001d02a600,166,True,True,True
9238,04ffff001d02ad00,173,True,True,True
9239,04ffff001d02b000,176,True,True,True
9241,04ffff001d02b200,178,True,True,True
9242,04ffff001d02c100,193,True,True,True
9244,04ffff001d02cb00,203,True,True,True
9245,04ffff001d02dd00,221,True,True,True
9246,04ffff001d02e800,232,True,True,True
9248,04ffff001d02ee00,238,True,True,True
9249,04ffff001d02f000,240,True,True,True
9250,04ffff001d02f400,244,True,True,True
9252,04ffff001d02f500,245,True,True,True
9253,04ffff001d02fa00,250,True,True,True
9254,04ffff001d020401,260,True,True,True
9256,04ffff001d020701,263,True,True,True
9257,04ffff001d020901,265,True,True,True
9258,04ffff001d020c01,268,True,True,True
9259,04ffff001d020d01,269,True,True,True
9260,04ffff001d021001,272,True,True,True
9262,04ffff001d021201,274,True,True,True
9263,04ffff001d021401,276,True,True,True
9264,04ffff001d021701,279,True,True,True
9265,04ffff001d021f01,287,True,True,True
9266,04ffff001d022a01,298,True,True,True
9267,04ffff001d023501,309,True,True,True
9268,04ffff001d023e01,318,True,True,True
9270,04ffff001d024201,322,True,True,True
9271,04ffff001d024b01,331,True,True,True
9273,04ffff001d024d01,333,True,True,True
9275,04ffff001d024e01,334,True,True,True
9276,04ffff001d024f01,335,True,True,True
9277,04ffff001d025701,343,True,True,True
9278,04ffff001d025b01,347,True,True,True
9280,04ffff001d026a01,362,True,True,True
9281,04ffff001d026b01,363,True,True,True
9282,04ffff001d027a01,378,True,True,True
9283,04ffff001d027c01,380,True,True,True
9284,04ffff001d027e01,382,True,True,True
9286,04ffff001d028f01,399,True,True,True
9287,04ffff001d029001,400,True,True,True
9288,04ffff001d029301,403,True,True,True
9289,04ffff001d029501,405,True,True,True
9290,04ffff001d029a01,410,True,True,True
9291,04ffff001d029b01,411,True,True,True
9292,04ffff001d029e01,414,True,True,True
9293,04ffff001d02a101,417,True,True,True
9294,04ffff001d02a301,419,True,True,True
9295,04ffff001d02ab01,427,True,True,True
9297,04ffff001d02ad01,429,True,True,True
9298,04ffff001d02ae01,430,True,True,True
9299,04ffff001d02b001,432,True,True,True
9301,04ffff001d02b701,439,True,True,True
9303,04ffff001d02c801,456,True,True,True
9304,04ffff001d02ce01,462,True,True,True
9305,04ffff001d02d301,467,True,True,True
9307,04ffff001d02d601,470,True,True,True
9310,04ffff001d02d701,471,True,True,True
9311,04ffff001d02e201,482,True,True,True
9312,04ffff001d02e401,484,True,True,True
9313,04ffff001d02ef01,495,True,True,True
9314,04ffff001d02fb01,507,True,True,True
9315,04ffff001d020b02,523,True,True,True
9318,04ffff001d021102,529,True,True,True
9319,04ffff001d021902,537,True,True,True
9320,04ffff001d022502,549,True,True,True
9321,04ffff001d022602,550,True,True,True
9323,04ffff001d023002,560,True,True,True
9324,04ffff001d023602,566,True,True,True
9325,04ffff001d023802,568,True,True,True
9326,04ffff001d023902,569,True,True,True
9327,04ffff001d023a02,570,True,True,True
9328,04ffff001d024302,579,True,True,True
9330,04ffff001d024802,584,True,True,True
9331,04ffff001d024f02,591,True,True,True
9332,04ffff001d025f02,607,True,True,True
9333,04ffff001d026302,611,True,True,True
9334,04ffff001d026b02,619,True,True,True
9335,04ffff001d026d02,621,True,True,True
9336,04ffff001d026e02,622,True,True,True
9337,04ffff001d027802,632,True,True,True
9339,04ffff001d027c02,636,True,True,True
9341,04ffff001d028202,642,True,True,True
9343,04ffff001d028602,646,True,True,True
9344,04ffff001d028a02,650,True,True,True
9345,04ffff001d029402,660,True,True,True
9346,04ffff001d029602,662,True,True,True
9347,04ffff001d029b02,667,True,True,True
9348,04ffff001d029f02,671,True,True,True
9349,04ffff001d02a402,676,True,True,True
9350,04ffff001d02a702,679,True,True,True
9351,04ffff001d02a802,680,True,True,True
9352,04ffff001d02a902,681,True,True,True
9353,04ffff001d02aa02,682,True,True,True
9354,04ffff001d02af02,687,True,True,True
9355,04ffff001d02b002,688,True,True,True
9356,04ffff001d02b102,689,True,True,True
9360,04ffff001d02c302,707,True,True,True
9361,04ffff001d02c602,710,True,True,True
9362,04ffff001d02c802,712,True,True,True
9363,04ffff001d02d002,720,True,True,True
9365,04ffff001d02d402,724,True,True,True
9366,04ffff001d02d702,727,True,True,True
9367,04ffff001d02da02,730,True,True,True
9368,04ffff001d02df02,735,True,True,True
9369,04ffff001d02e202,738,True,True,True
9371,04ffff001d02ea02,746,True,True,True
9372,04ffff001d02ee02,750,True,True,True
9373,04ffff001d02ef02,751,True,True,True
9374,04ffff001d02f802,760,True,True,True
9375,04ffff001d021103,785,True,True,True
9376,04ffff001d022403,804,True,True,True
9377,04ffff001d022803,808,True,True,True
9378,04ffff001d023903,825,True,True,True
9379,04ffff001d023d03,829,True,True,True
9380,04ffff001d024803,840,True,True,True
9381,04ffff001d025303,851,True,True,True
9382,04ffff001d025503,853,True,True,True
9383,04ffff001d025603,854,True,True,True
9384,04ffff001d025703,855,True,True,True
9385,04ffff001d026203,866,True,True,True
9386,04ffff001d026703,871,True,True,True
9387,04ffff001d026903,873,True,True,True
9388,04ffff001d026c03,876,True,True,True
9389,04ffff001d027303,883,True,True,True
9390,04ffff001d027503,885,True,True,True
9391,04ffff001d027603,886,True,True,True
9392,04ffff001d027703,887,True,True,True
9393,04ffff001d028403,900,True,True,True
9394,04ffff001d028503,901,True,True,True
9395,04ffff001d028703,903,True,True,True
9396,04ffff001d029203,914,True,True,True
9397,04ffff001d02a603,934,True,True,True
9399,04ffff001d02a703,935,True,True,True
9400,04ffff001d02a803,936,True,True,True
9401,04ffff001d02b203,946,True,True,True
9402,04ffff001d02bc03,956,True,True,True
9404,04ffff001d02c203,962,True,True,True
9405,04ffff001d02c303,963,True,True,True
9407,04ffff001d02c403,964,True,True,True
9408,04ffff001d02d003,976,True,True,True
9409,04ffff001d02d103,977,True,True,True
9410,04ffff001d02d703,983,True,True,True
9411,04ffff001d02dd03,989,True,True,True
9413,04ffff001d02e003,992,True,True,True
9414,04ffff001d02e703,999,True,True,True
9415,04ffff001d02eb03,1003,True,True,True
9416,04ffff001d02f203,1010,True,True,True
9417,04ffff001d02f303,1011,True,True,True
9418,04ffff001d02f503,1013,True,True,True
9419,04ffff001d02f603,1014,True,True,True
9420,04ffff001d02f903,1017,True,True,True
9421,04ffff001d02fa03,1018,True,True,True
9422,04ffff001d02fc03,1020,True,True,True
9423,04ffff001d02fd03,1021,True,True,True
9425,04ffff001d020504,1029,True,True,True
9426,04ffff001d020a04,1034,True,True,True
9428,04ffff001d021704,1047,True,True,True
9429,04ffff001d021d04,1053,True,True,True
9430,04ffff001d022104,1057,True,True,True
9431,04ffff001d022d04,1069,True,True,True
9432,04ffff001d024204,1090,True,True,True
9433,04ffff001d024c04,1100,True,True,True
9434,04ffff001d025204,1106,True,True,True
9435,04ffff001d025704,1111,True,True,True
9437,04ffff001d025c04,1116,True,True,True
9439,04ffff001d026804,1128,True,True,True
9440,04ffff001d026d04,1133,True,True,True
9443,04ffff001d027e04,1150,True,True,True
9444,04ffff001d028504,1157,True,True,True
9445,04ffff001d028804,1160,True,True,True
9446,04ffff001d028904,1161,True,True,True
9447,04ffff001d028b04,1163,True,True,True
9448,04ffff001d028f04,1167,True,True,True
9450,04ffff001d029404,1172,True,True,True
9452,04ffff001d029b04,1179,True,True,True
9453,04ffff001d029f04,1183,True,True,True
9454,04ffff001d02a504,1189,True,True,True
9456,04ffff001d02b004,1200,True,True,True
9457,04ffff001d02b104,1201,True,True,True
9458,04ffff001d02b404,1204,True,True,True
9460,04ffff001d02b504,1205,True,True,True
9461,04ffff001d02b704,1207,True,True,True
9463,04ffff001d02b804,1208,True,True,True
9465,04ffff001d02ba04,1210,True,True,True
9468,04ffff001d02c504,1221,True,True,True
9469,04ffff001d02d004,1232,True,True,True
9470,04ffff001d02d704,1239,True,True,True
9471,04ffff001d02d904,1241,True,True,True
9473,04ffff001d02da04,1242,True,True,True
9475,04ffff001d02df04,1247,True,True,True
9476,04ffff001d02ee04,1262,True,True,True
9477,04ffff001d020405,1284,True,True,True
9478,04ffff001d020805,1288,True,True,True
9479,04ffff001d020b05,1291,True,True,True
9480,04ffff001d021205,1298,True,True,True
9481,04ffff001d021d05,1309,True,True,True
9482,04ffff001d021f05,1311,True,True,True
9483,04ffff001d022105,1313,True,True,True
9484,04ffff001d022d05,1325,True,True,True
9485,04ffff001d023405,1332,True,True,True
9486,04ffff001d024605,1350,True,True,True
9488,04ffff001d024805,1352,True,True,True
9489,04ffff001d024b05,1355,True,True,True
9490,04ffff001d024f05,1359,True,True,True
9491,04ffff001d025105,1361,True,True,True
9492,04ffff001d025205,1362,True,True,True
9493,04ffff001d026105,1377,True,True,True
9494,04ffff001d026705,1383,True,True,True
9497,04ffff001d026905,1385,True,True,True
9498,04ffff001d026b05,1387,True,True,True
9499,04ffff001d026c05,1388,True,True,True
9501,04ffff001d026d05,1389,True,True,True
9502,04ffff001d027305,1395,True,True,True
9503,04ffff001d027405,1396,True,True,True
9504,04ffff001d027505,1397,True,True,True
9506,04ffff001d027905,1401,True,True,True
9508,04ffff001d027b05,1403,True,True,True
9509,04ffff001d027c05,1404,True,True,True
9510,04ffff001d027d05,1405,True,True,True
9513,04ffff001d028405,1412,True,True,True
9514,04ffff001d028a05,1418,True,True,True
9515,04ffff001d029005,1424,True,True,True
9517,04ffff001d029405,1428,True,True,True
9518,04ffff001d029c05,1436,True,True,True
9521,04ffff001d02a605,1446,True,True,True
9522,04ffff001d02a905,1449,True,True,True
9526,04ffff001d02ad05,1453,True,True,True
9527,04ffff001d02b105,1457,True,True,True
9529,04ffff001d02c305,1475,True,True,True
9531,04ffff001d02c905,1481,True,True,True
9532,04ffff001d02d505,1493,True,True,True
9535,04ffff001d02da05,1498,True,True,True
9537,04ffff001d02de05,1502,True,True,True
9538,04ffff001d02e105,1505,True,True,True
9540,04ffff001d02e405,1508,True,True,True
9541,04ffff001d02eb05,1515,True,True,True
9542,04ffff001d02ec05,1516,True,True,True
9543,04ffff001d02f905,1529,True,True,True
9544,04ffff001d02fe05,1534,True,True,True
9545,04ffff001d020306,1539,True,True,True
9546,04ffff001d020706,1543,True,True,True
9547,04ffff001d020806,1544,True,True,True
9548,04ffff001d020906,1545,True,True,True
9549,04ffff001d020a06,1546,True,True,True
9550,04ffff001d020d06,1549,True,True,True
9551,04ffff001d021b06,1563,True,True,True
9552,04ffff001d022606,1574,True,True,True
9554,04ffff001d022f06,1583,True,True,True
9557,04ffff001d023606,1590,True,True,True
9558,04ffff001d023906,1593,True,True,True
9560,04ffff001d024206,1602,True,True,True
9561,04ffff001d024906,1609,True,True,True
9562,04ffff001d024a06,1610,True,True,True
9563,04ffff001d024b06,1611,True,True,True
9564,04ffff001d025206,1618,True,True,True
9565,04ffff001d025906,1625,True,True,True
9567,04ffff001d026806,1640,True,True,True
9568,04ffff001d026c06,1644,True,True,True
9570,04ffff001d028e06,1678,True,True,True
9571,04ffff001d028f06,1679,True,True,True
9572,04ffff001d029406,1684,True,True,True
9574,04ffff001d029506,1685,True,True,True
9575,04ffff001d029906,1689,True,True,True
9577,04ffff001d029d06,1693,True,True,True
9578,04ffff001d029f06,1695,True,True,True
9579,04ffff001d02a206,1698,True,True,True
9580,04ffff001d02a606,1702,True,True,True
9581,04ffff001d02aa06,1706,True,True,True
9582,04ffff001d02ad06,1709,True,True,True
9583,04ffff001d02b606,1718,True,True,True
9584,04ffff001d02c306,1731,True,True,True
9585,04ffff001d02c806,1736,True,True,True
9586,04ffff001d02d006,1744,True,True,True
9588,04ffff001d02d406,1748,True,True,True
9589,04ffff001d02da06,1754,True,True,True
9590,04ffff001d02dc06,1756,True,True,True
9591,04ffff001d02e006,1760,True,True,True
9592,04ffff001d02eb06,1771,True,True,True
9593,04ffff001d02f306,1779,True,True,True
9594,04ffff001d02f806,1784,True,True,True
9595,04ffff001d02f906,1785,True,True,True
9596,04ffff001d020907,1801,True,True,True
9597,04ffff001d020a07,1802,True,True,True
9598,04ffff001d020c07,1804,True,True,True
9599,04ffff001d021107,1809,True,True,True
9600,04ffff001d021507,1813,True,True,True
9601,04ffff001d021807,1816,True,True,True
9602,04ffff001d021c07,1820,True,True,True
9603,04ffff001d022607,1830,True,True,True
9604,04ffff001d023107,1841,True,True,True
9606,04ffff001d023207,1842,True,True,True
9607,04ffff001d023407,1844,True,True,True
9608,04ffff001d023607,1846,True,True,True
9609,04ffff001d024107,1857,True,True,True
9610,04ffff001d024a07,1866,True,True,True
9611,04ffff001d024b07,1867,True,True,True
9612,04ffff001d024d07,1869,True,True,True
9613,04ffff001d024e07,1870,True,True,True
9614,04ffff001d025207,1874,True,True,True
9615,04ffff001d025507,1877,True,True,True
9616,04ffff001d025d07,1885,True,True,True
9617,04ffff001d025e07,1886,True,True,True
9618,04ffff001d026007,1888,True,True,True
9619,04ffff001d026207,1890,True,True,True
9620,04ffff001d026307,1891,True,True,True
9621,04ffff001d026607,1894,True,True,True
9624,04ffff001d026c07,1900,True,True,True
9626,04ffff001d026d07,1901,True,True,True
9627,04ffff001d027407,1908,True,True,True
9629,04ffff001d027f07,1919,True,True,True
9630,04ffff001d028507,1925,True,True,True
9631,04ffff001d028907,1929,True,True,True
9633,04ffff001d028a07,1930,True,True,True
9634,04ffff001d028b07,1931,True,True,True
9636,04ffff001d029207,1938,True,True,True
9637,04ffff001d029407,1940,True,True,True
9638,04ffff001d029507,1941,True,True,True
9639,04ffff001d029607,1942,True,True,True
9642,04ffff001d029907,1945,True,True,True
9643,04ffff001d029c07,1948,True,True,True
9644,04ffff001d029d07,1949,True,True,True
9645,04ffff001d02a907,1961,True,True,True
9646,04ffff001d02ac07,1964,True,True,True
9648,04ffff001d02ad07,1965,True,True,True
9649,04ffff001d02b307,1971,True,True,True
9650,04ffff001d02b507,1973,True,True,True
9651,04ffff001d02bb07,1979,True,True,True
9652,04ffff001d02bf07,1983,True,True,True
9653,04ffff001d02c007,1984,True,True,True
9654,04ffff001d02c807,1992,True,True,True
9655,04ffff001d02ca07,1994,True,True,True
9658,04ffff001d02cb07,1995,True,True,True
9660,04ffff001d02cd07,1997,True,True,True
9661,04ffff001d02cf07,1999,True,True,True
9662,04ffff001d02d207,2002,True,True,True
9663,04ffff001d02d307,2003,True,True,True
9664,04ffff001d02d507,2005,True,True,True
9665,04ffff001d02db07,2011,True,True,True
9667,04ffff001d02dc07,2012,True,True,True
9668,04ffff001d02e207,2018,True,True,True
9669,04ffff001d02ed07,2029,True,True,True
9671,04ffff001d02ef07,2031,True,True,True
9672,04ffff001d02f307,2035,True,True,True
9673,04ffff001d02f507,2037,True,True,True
9674,04ffff001d02f607,2038,True,True,True
9675,04ffff001d020008,2048,True,True,True
9677,04ffff001d020808,2056,True,True,True
9678,04ffff001d020c08,2060,True,True,True
9680,04ffff001d021608,2070,True,True,True
9681,04ffff001d021b08,2075,True,True,True
9682,04ffff001d021e08,2078,True,True,True
9683,04ffff001d022008,2080,True,True,True
9684,04ffff001d022108,2081,True,True,True
9685,04ffff001d022708,2087,True,True,True
9686,04ffff001d023008,2096,True,True,True
9687,04ffff001d023a08,2106,True,True,True
9690,04ffff001d023c08,2108,True,True,True
9691,04ffff001d023d08,2109,True,True,True
9692,04ffff001d023f08,2111,True,True,True
9694,04ffff001d024d08,2125,True,True,True
9696,04ffff001d025608,2134,True,True,True
9697,04ffff001d025808,2136,True,True,True
9698,04ffff001d025e08,2142,True,True,True
9700,04ffff001d025f08,2143,True,True,True
9702,04ffff001d026d08,2157,True,True,True
9703,04ffff001d027608,2166,True,True,True
9704,04ffff001d027a08,2170,True,True,True
9705,04ffff001d028608,2182,True,True,True
9707,04ffff001d028a08,2186,True,True,True
9709,04ffff001d029008,2192,True,True,True
9710,04ffff001d029508,2197,True,True,True
9712,04ffff001d02b008,2224,True,True,True
9713,04ffff001d02b308,2227,True,True,True
9715,04ffff001d02bd08,2237,True,True,True
9717,04ffff001d02da08,2266,True,True,True
9718,04ffff001d02de08,2270,True,True,True
9720,04ffff001d02e208,2274,True,True,True
9721,04ffff001d02e408,2276,True,True,True
9722,04ffff001d02e808,2280,True,True,True
9723,04ffff001d02e908,2281,True,True,True
9725,04ffff001d02f208,2290,True,True,True
9726,04ffff001d02fa08,2298,True,True,True
9728,04ffff001d02fc08,2300,True,True,True
9729,04ffff001d020509,2309,True,True,True
9730,04ffff001d020f09,2319,True,True,True
9732,04ffff001d021009,2320,True,True,True
9733,04ffff001d022109,2337,True,True,True
9734,04ffff001d022b09,2347,True,True,True
9737,04ffff001d023509,2357,True,True,True
9738,04ffff001d023b09,2363,True,True,True
9740,04ffff001d024609,2374,True,True,True
9741,04ffff001d026909,2409,True,True,True
9742,04ffff001d026f09,2415,True,True,True
9744,04ffff001d027309,2419,True,True,True
9745,04ffff001d027809,2424,True,True,True
9746,04ffff001d027e09,2430,True,True,True
9747,04ffff001d029009,2448,True,True,True
9748,04ffff001d029109,2449,True,True,True
9749,04ffff001d029a09,2458,True,True,True
9750,04ffff001d02a009,2464,True,True,True
9751,04ffff001d02b009,2480,True,True,True
9752,04ffff001d02bc09,2492,True,True,True
9753,04ffff001d02c409,2500,True,True,True
9754,04ffff001d02d109,2513,True,True,True
9756,04ffff001d02d709,2519,True,True,True
9757,04ffff001d02e709,2535,True,True,True
9758,04ffff001d02ea09,2538,True,True,True
9759,04ffff001d02ef09,2543,True,True,True
9761,04ffff001d02000a,2560,True,True,True
9762,04ffff001d02050a,2565,True,True,True
9763,04ffff001d02060a,2566,True,True,True
9764,04ffff001d02090a,2569,True,True,True
9765,04ffff001d020d0a,2573,True,True,True
9766,04ffff001d020f0a,2575,True,True,True
9767,04ffff001d02100a,2576,True,True,True
9768,04ffff001d02180a,2584,True,True,True
9769,04ffff001d021c0a,2588,True,True,True
9771,04ffff001d021f0a,2591,True,True,True
9772,04ffff001d02210a,2593,True,True,True
9773,04ffff001d02230a,2595,True,True,True
9774,04ffff001d02240a,2596,True,True,True
9776,04ffff001d022a0a,2602,True,True,True
9777,04ffff001d022b0a,2603,True,True,True
9778,04ffff001d02300a,2608,True,True,True
9781,04ffff001d0104,4,True,True,True
9782,04ffff001d0113,19,True,True,True
9783,04ffff001d0117,23,True,True,True
9784,04ffff001d011a,26,True,True,True
9785,04ffff001d011d,29,True,True,True
9786,04ffff001d011f,31,True,True,True
9788,04ffff001d0123,35,True,True,True
9790,04ffff001d0126,38,True,True,True
9791,04ffff001d012d,45,True,True,True
9793,04ffff001d0132,50,True,True,True
9794,04ffff001d0134,52,True,True,True
9796,04ffff001d013d,61,True,True,True
9799,04ffff001d013f,63,True,True,True
9800,04ffff001d0140,64,True,True,True
9801,04ffff001d0143,67,True,True,True
9802,04ffff001d015f,95,True,True,True
9803,04ffff001d0166,102,True,True,True
9808,04ffff001d0170,112,True,True,True
9810,04ffff001d0174,116,True,True,True
9812,04ffff001d0176,118,True,True,True
9813,04ffff001d0179,121,True,True,True
9814,04ffff001d017a,122,True,True,True
9815,04ffff001d028600,134,True,True,True
9816,04ffff001d028b00,139,True,True,True
9818,04ffff001d028f00,143,True,True,True
9819,04ffff001d029200,146,True,True,True
9820,04ffff001d029400,148,True,True,True
9821,04ffff001d029b00,155,True,True,True
9822,04ffff001d02a500,165,True,True,True
9823,04ffff001d02a600,166,True,True,True
9824,04ffff001d02ad00,173,True,True,True
9825,04ffff001d02bc00,188,True,True,True
9826,04ffff001d02d200,210,True,True,True
9827,04ffff001d02da00,218,True,True,True
9828,04ffff001d02de00,222,True,True,True
9830,04ffff001d02e600,230,True,True,True
9831,04ffff001d02f500,245,True,True,True
9833,04ffff001d02fa00,250,True,True,True
9835,04ffff001d02fb00,251,True,True,True
9836,04ffff001d02fc00,252,True,True,True
9837,04ffff001d02fd00,253,True,True,True
9839,04ffff001d02fe00,254,True,True,True
9840,04ffff001d020101,257,True,True,True
9841,04ffff001d020701,263,True,True,True
9842,04ffff001d020801,264,True,True,True
9844,04ffff001d021f01,287,True,True,True
9845,04ffff001d022201,290,True,True,True
9846,04ffff001d023001,304,True,True,True
9847,04ffff001d023301,307,True,True,True
9848,04ffff001d023401,308,True,True,True
9849,04ffff001d023b01,315,True,True,True
9850,04ffff001d024701,327,True,True,True
9851,04ffff001d024801,328,True,True,True
9852,04ffff001d024a01,330,True,True,True
9854,04ffff001d024e01,334,True,True,True
9855,04ffff001d026001,352,True,True,True
9858,04ffff001d026301,355,True,True,True
9860,04ffff001d026501,357,True,True,True
9861,04ffff001d027001,368,True,True,True
9862,04ffff001d027a01,378,True,True,True
9863,04ffff001d028201,386,True,True,True
9864,04ffff001d028301,387,True,True,True
9866,04ffff001d029801,408,True,True,True
9867,04ffff001d02a201,418,True,True,True
9869,04ffff001d02a401,420,True,True,True
9871,04ffff001d02aa01,426,True,True,True
9873,04ffff001d02ab01,427,True,True,True
9874,04ffff001d02b101,433,True,True,True
9875,04ffff001d02b301,435,True,True,True
9877,04ffff001d02b501,437,True,True,True
9879,04ffff001d02b801,440,True,True,True
9880,04ffff001d02be01,446,True,True,True
9882,04ffff001d02c701,455,True,True,True
9883,04ffff001d02cf01,463,True,True,True
9884,04ffff001d02d301,467,True,True,True
9885,04ffff001d02d501,469,True,True,True
9886,04ffff001d02d901,473,True,True,True
9889,04ffff001d02e501,485,True,True,True
9891,04ffff001d02f001,496,True,True,True
9892,04ffff001d02f301,499,True,True,True
9894,04ffff001d02f701,503,True,True,True
9895,04ffff001d02f801,504,True,True,True
9898,04ffff001d020502,517,True,True,True
9899,04ffff001d020702,519,True,True,True
9900,04ffff001d021702,535,True,True,True
9902,04ffff001d021e02,542,True,True,True
9903,04ffff001d021f02,543,True,True,True
9906,04ffff001d022c02,556,True,True,True
9908,04ffff001d023a02,570,True,True,True
9909,04ffff001d023c02,572,True,True,True
9910,04ffff001d024102,577,True,True,True
9911,04ffff001d024502,581,True,True,True
9912,04ffff001d024802,584,True,True,True
9913,04ffff001d024902,585,True,True,True
9914,04ffff001d024a02,586,True,True,True
9917,04ffff001d024b02,587,True,True,True
9918,04ffff001d025302,595,True,True,True
9921,04ffff001d025502,597,True,True,True
9922,04ffff001d026702,615,True,True,True
9923,04ffff001d026902,617,True,True,True
9924,04ffff001d027302,627,True,True,True
9925,04ffff001d027402,628,True,True,True
9926,04ffff001d027702,631,True,True,True
9927,04ffff001d027802,632,True,True,True
9928,04ffff001d027b02,635,True,True,True
9929,04ffff001d027e02,638,True,True,True
9931,04ffff001d028102,641,True,True,True
9932,04ffff001d028502,645,True,True,True
9933,04ffff001d028602,646,True,True,True
9934,04ffff001d028a02,650,True,True,True
9936,04ffff001d028e02,654,True,True,True
9938,04ffff001d029002,656,True,True,True
9939,04ffff001d029202,658,True,True,True
9940,04ffff001d029502,661,True,True,True
9942,04ffff001d029b02,667,True,True,True
9944,04ffff001d029f02,671,True,True,True
9945,04ffff001d02a102,673,True,True,True
9946,04ffff001d02a202,674,True,True,True
9947,04ffff001d02a302,675,True,True,True
9948,04ffff001d02a502,677,True,True,True
9949,04ffff001d02a702,679,True,True,True
9951,04ffff001d02a902,681,True,True,True
9952,04ffff001d02b002,688,True,True,True
9953,04ffff001d02b702,695,True,True,True
9955,04ffff001d02ba02,698,True,True,True
9956,04ffff001d02c002,704,True,True,True
9957,04ffff001d02c502,709,True,True,True
9959,04ffff001d02ca02,714,True,True,True
9960,04ffff001d02d102,721,True,True,True
9961,04ffff001d02df02,735,True,True,True
9962,04ffff001d02e102,737,True,True,True
9963,04ffff001d02e402,740,True,True,True
9964,04ffff001d02e602,742,True,True,True
9965,04ffff001d02e702,743,True,True,True
9967,04ffff001d02f202,754,True,True,True
9968,04ffff001d02f802,760,True,True,True
9969,04ffff001d02fa02,762,True,True,True
9970,04ffff001d02fb02,763,True,True,True
9971,04ffff001d02fc02,764,True,True,True
9972,04ffff001d020303,771,True,True,True
9974,04ffff001d020603,774,True,True,True
9976,04ffff001d020c03,780,True,True,True
9977,04ffff001d021203,786,True,True,True
9980,04ffff001d021603,790,True,True,True
9984,04ffff001d021d03,797,True,True,True
9985,04ffff001d022a03,810,True,True,True
9986,04ffff001d022c03,812,True,True,True
9987,04ffff001d022f03,815,True,True,True
9989,04ffff001d023003,816,True,True,True
9990,04ffff001d023603,822,True,True,True
9991,04ffff001d023a03,826,True,True,True
9994,04ffff001d024a03,842,True,True,True
9996,04ffff001d024e03,846,True,True,True
9997,04ffff001d026003,864,True,True,True
9999,04ffff001d026c03,876,True,True,True
10000,04ffff001d026f03,879,True,True,True
10001,04ffff001d027303,883,True,True,True
10002,04ffff001d027703,887,True,True,True
10003,04ffff001d027e03,894,True,True,True
10004,04ffff001d028403,900,True,True,True
10005,04ffff001d028503,901,True,True,True
10006,04ffff001d028903,905,True,True,True
10008,04ffff001d029203,914,True,True,True
10009,04ffff001d029503,917,True,True,True
10011,04ffff001d029703,919,True,True,True
10012,04ffff001d029f03,927,True,True,True
10013,04ffff001d02aa03,938,True,True,True
10014,04ffff001d02ab03,939,True,True,True
10016,04ffff001d02ae03,942,True,True,True
10017,04ffff001d02c003,960,True,True,True
10018,04ffff001d02d903,985,True,True,True
10019,04ffff001d02da03,986,True,True,True
10020,04ffff001d02dc03,988,True,True,True
10021,04ffff001d02df03,991,True,True,True
10022,04ffff001d02e403,996,True,True,True
10023,04ffff001d02e803,1000,True,True,True
10024,04ffff001d02ff03,1023,True,True,True
10025,04ffff001d020a04,1034,True,True,True
10026,04ffff001d020e04,1038,True,True,True
10027,04ffff001d021b04,1051,True,True,True
10028,04ffff001d022004,1056,True,True,True
10029,04ffff001d022404,1060,True,True,True
10030,04ffff001d022604,1062,True,True,True
10031,04ffff001d022c04,1068,True,True,True
10032,04ffff001d022d04,1069,True,True,True
10033,04ffff001d023104,1073,True,True,True
10034,04ffff001d023604,1078,True,True,True
10035,04ffff001d023a04,1082,True,True,True
10036,04ffff001d023c04,1084,True,True,True
10037,04ffff001d023f04,1087,True,True,True
10039,04ffff001d024004,1088,True,True,True
10041,04ffff001d024204,1090,True,True,True
10042,04ffff001d024304,1091,True,True,True
10043,04ffff001d024604,1094,True,True,True
10044,04ffff001d024904,1097,True,True,True
10045,04ffff001d024a04,1098,True,True,True
10046,04ffff001d024f04,1103,True,True,True
10047,04ffff001d025004,1104,True,True,True
10048,04ffff001d025204,1106,True,True,True
10050,04ffff001d025604,1110,True,True,True
10051,04ffff001d025704,1111,True,True,True
10052,04ffff001d025904,1113,True,True,True
10054,04ffff001d026104,1121,True,True,True
10055,04ffff001d028104,1153,True,True,True
10058,04ffff001d028204,1154,True,True,True
10059,04ffff001d028904,1161,True,True,True
10060,04ffff001d029504,1173,True,True,True
10061,04ffff001d029604,1174,True,True,True
10063,04ffff001d029a04,1178,True,True,True
10064,04ffff001d029c04,1180,True,True,True
10065,04ffff001d029f04,1183,True,True,True
10066,04ffff001d02ae04,1198,True,True,True
10067,04ffff001d02b204,1202,True,True,True
10068,04ffff001d02b504,1205,True,True,True
10069,04ffff001d02b804,1208,True,True,True
10070,04ffff001d02b904,1209,True,True,True
10072,04ffff001d02bb04,1211,True,True,True
10073,04ffff001d02c304,1219,True,True,True
10074,04ffff001d02c604,1222,True,True,True
10075,04ffff001d02c804,1224,True,True,True
10076,04ffff001d02d704,1239,True,True,True
10077,04ffff001d02da04,1242,True,True,True
10079,04ffff001d02dd04,1245,True,True,True
10080,04ffff001d02e304,1251,True,True,True
10081,04ffff001d02e704,1255,True,True,True
10082,04ffff001d02ec04,1260,True,True,True
10083,04ffff001d02f604,1270,True,True,True
10084,04ffff001d02fa04,1274,True,True,True
10085,04ffff001d02fd04,1277,True,True,True
10086,04ffff001d02fe04,1278,True,True,True
10087,04ffff001d020105,1281,True,True,True
10088,04ffff001d021a05,1306,True,True,True
10089,04ffff001d021b05,1307,True,True,True
10090,04ffff001d022105,1313,True,True,True
10091,04ffff001d022205,1314,True,True,True
10092,04ffff001d023605,1334,True,True,True
10094,04ffff001d023f05,1343,True,True,True
10095,04ffff001d024405,1348,True,True,True
10096,04ffff001d024f05,1359,True,True,True
10097,04ffff001d025505,1365,True,True,True
10098,04ffff001d025605,1366,True,True,True
10099,04ffff001d026305,1379,True,True,True
10100,04ffff001d026505,1381,True,True,True
10101,04ffff001d026805,1384,True,True,True
10102,04ffff001d026a05,1386,True,True,True
10103,04ffff001d027205,1394,True,True,True
10105,04ffff001d027305,1395,True,True,True
10106,04ffff001d027c05,1404,True,True,True
10108,04ffff001d028105,1409,True,True,True
10109,04ffff001d028305,1411,True,True,True
10110,04ffff001d028405,1412,True,True,True
10111,04ffff001d028705,1415,True,True,True
10112,04ffff001d028905,1417,True,True,True
10113,04ffff001d028a05,1418,True,True,True
10114,04ffff001d028f05,1423,True,True,True
10115,04ffff001d029005,1424,True,True,True
10116,04ffff001d029705,1431,True,True,True
10118,04ffff001d029905,1433,True,True,True
10119,04ffff001d02a705,1447,True,True,True
10120,04ffff001d02ab05,1451,True,True,True
10121,04ffff001d02b405,1460,True,True,True
10122,04ffff001d02b905,1465,True,True,True
10123,04ffff001d02bd05,1469,True,True,True
10124,04ffff001d02be05,1470,True,True,True
10125,04ffff001d02d505,1493,True,True,True
10127,04ffff001d02e105,1505,True,True,True
10128,04ffff001d02e305,1507,True,True,True
10129,04ffff001d02e805,1512,True,True,True
10130,04ffff001d02f005,1520,True,True,True
10131,04ffff001d02f505,1525,True,True,True
10132,04ffff001d02fc05,1532,True,True,True
10134,04ffff001d02fd05,1533,True,True,True
10135,04ffff001d020206,1538,True,True,True
10136,04ffff001d020706,1543,True,True,True
10137,04ffff001d021106,1553,True,True,True
10138,04ffff001d021206,1554,True,True,True
10139,04ffff001d021706,1559,True,True,True
10140,04ffff001d021a06,1562,True,True,True
10141,04ffff001d022406,1572,True,True,True
10142,04ffff001d023106,1585,True,True,True
10143,04ffff001d023606,1590,True,True,True
10144,04ffff001d023906,1593,True,True,True
10145,04ffff001d023b06,1595,True,True,True
10146,04ffff001d024306,1603,True,True,True
10147,04ffff001d025106,1617,True,True,True
10148,04ffff001d025706,1623,True,True,True
10149,04ffff001d025a06,1626,True,True,True
10150,04ffff001d026006,1632,True,True,True
10151,04ffff001d026606,1638,True,True,True
10152,04ffff001d026f06,1647,True,True,True
10153,04ffff001d027606,1654,True,True,True
10154,04ffff001d027906,1657,True,True,True
10156,04ffff001d027e06,1662,True,True,True
10157,04ffff001d028306,1667,True,True,True
10158,04ffff001d028706,1671,True,True,True
10160,04ffff001d029106,1681,True,True,True
10161,04ffff001d029606,1686,True,True,True
10162,04ffff001d029b06,1691,True,True,True
10163,04ffff001d029d06,1693,True,True,True
10164,04ffff001d02a206,1698,True,True,True
10165,04ffff001d02a306,1699,True,True,True
10166,04ffff001d02a606,1702,True,True,True
10167,04ffff001d02aa06,1706,True,True,True
10168,04ffff001d02b406,1716,True,True,True
10169,04ffff001d02b706,1719,True,True,True
10170,04ffff001d02bb06,1723,True,True,True
10171,04ffff001d02be06,1726,True,True,True
10173,04ffff001d02db06,1755,True,True,True
10174,04ffff001d02e906,1769,True,True,True
10175,04ffff001d02f006,1776,True,True,True
10176,04ffff001d02f906,1785,True,True,True
10177,04ffff001d020007,1792,True,True,True
10178,04ffff001d020407,1796,True,True,True
10179,04ffff001d020c07,1804,True,True,True
10180,04ffff001d020e07,1806,True,True,True
10181,04ffff001d021607,1814,True,True,True
10182,04ffff001d022507,1829,True,True,True
10183,04ffff001d022707,1831,True,True,True
10184,04ffff001d023607,1846,True,True,True
10185,04ffff001d023707,1847,True,True,True
10186,04ffff001d023807,1848,True,True,True
10187,04ffff001d024b07,1867,True,True,True
10189,04ffff001d024c07,1868,True,True,True
10190,04ffff001d025307,1875,True,True,True
10191,04ffff001d026107,1889,True,True,True
10192,04ffff001d026507,1893,True,True,True
10193,04ffff001d026f07,1903,True,True,True
10194,04ffff001d027107,1905,True,True,True
10195,04ffff001d027307,1907,True,True,True
10197,04ffff001d027507,1909,True,True,True
10198,04ffff001d027907,1913,True,True,True
10200,04ffff001d027f07,1919,True,True,True
10201,04ffff001d028307,1923,True,True,True
10202,04ffff001d028f07,1935,True,True,True
10203,04ffff001d029a07,1946,True,True,True
10204,04ffff001d02aa07,1962,True,True,True
10205,04ffff001d02ad07,1965,True,True,True
10206,04ffff001d02b407,1972,True,True,True
10207,04ffff001d02b507,1973,True,True,True
10208,04ffff001d02b907,1977,True,True,True
10209,04ffff001d02c307,1987,True,True,True
10211,04ffff001d02d007,2000,True,True,True
10213,04ffff001d02d107,2001,True,True,True
10215,04ffff001d02da07,2010,True,True,True
10216,04ffff001d02dd07,2013,True,True,True
10218,04ffff001d02e807,2024,True,True,True
10219,04ffff001d02eb07,2027,True,True,True
10220,04ffff001d02ee07,2030,True,True,True
10221,04ffff001d02f207,2034,True,True,True
10222,04ffff001d02f307,2035,True,True,True
10223,04ffff001d02f807,2040,True,True,True
10224,04ffff001d02ff07,2047,True,True,True
10226,04ffff001d020408,2052,True,True,True
10227,04ffff001d020608,2054,True,True,True
10228,04ffff001d021108,2065,True,True,True
10230,04ffff001d021408,2068,True,True,True
10231,04ffff001d021808,2072,True,True,True
10232,04ffff001d021f08,2079,True,True,True
10235,04ffff001d022008,2080,True,True,True
10236,04ffff001d022508,2085,True,True,True
10237,04ffff001d022908,2089,True,True,True
10238,04ffff001d023308,2099,True,True,True
10240,04ffff001d023708,2103,True,True,True
10241,04ffff001d023a08,2106,True,True,True
10242,04ffff001d024608,2118,True,True,True
10245,04ffff001d024e08,2126,True,True,True
10246,04ffff001d025008,2128,True,True,True
10247,04ffff001d025808,2136,True,True,True
10248,04ffff001d025908,2137,True,True,True
10249,04ffff001d025e08,2142,True,True,True
10250,04ffff001d026008,2144,True,True,True
10251,04ffff001d026608,2150,True,True,True
10252,04ffff001d027008,2160,True,True,True
10253,04ffff001d027708,2167,True,True,True
10254,04ffff001d027a08,2170,True,True,True
10255,04ffff001d028108,2177,True,True,True
10256,04ffff001d028708,2183,True,True,True
10257,04ffff001d029308,2195,True,True,True
10258,04ffff001d029f08,2207,True,True,True
10259,04ffff001d02a308,2211,True,True,True
10260,04ffff001d02a408,2212,True,True,True
10261,04ffff001d02a708,2215,True,True,True
10262,04ffff001d02ac08,2220,True,True,True
10263,04ffff001d02af08,2223,True,True,True
10264,04ffff001d02b008,2224,True,True,True
10265,04ffff001d02b408,2228,True,True,True
10266,04ffff001d02ba08,2234,True,True,True
10267,04ffff001d02bc08,2236,True,True,True
10268,04ffff001d02bd08,2237,True,True,True
10269,04ffff001d02be08,2238,True,True,True
10270,04ffff001d02ca08,2250,True,True,True
10271,04ffff001d02cd08,2253,True,True,True
10272,04ffff001d02d108,2257,True,True,True
10274,04ffff001d02d608,2262,True,True,True
10275,04ffff001d02d708,2263,True,True,True
10276,04ffff001d02e208,2274,True,True,True
10277,04ffff001d02ed08,2285,True,True,True
10279,04ffff001d02f708,2295,True,True,True
10280,04ffff001d02f808,2296,True,True,True
10281,04ffff001d02fd08,2301,True,True,True
10282,04ffff001d020209,2306,True,True,True
10283,04ffff001d020809,2312,True,True,True
10284,04ffff001d020e09,2318,True,True,True
10285,04ffff001d021609,2326,True,True,True
10287,04ffff001d021d09,2333,True,True,True
10288,04ffff001d022409,2340,True,True,True
10289,04ffff001d022709,2343,True,True,True
10291,04ffff001d022909,2345,True,True,True
10292,04ffff001d022a09,2346,True,True,True
10293,04ffff001d022d09,2349,True,True,True
10294,04ffff001d022e09,2350,True,True,True
10295,04ffff001d023509,2357,True,True,True
10296,04ffff001d023909,2361,True,True,True
10298,04ffff001d024609,2374,True,True,True
10299,04ffff001d024d09,2381,True,True,True
10300,04ffff001d024e09,2382,True,True,True
10301,04ffff001d025009,2384,True,True,True
10302,04ffff001d025209,2386,True,True,True
10303,04ffff001d025709,2391,True,True,True
10304,04ffff001d025d09,2397,True,True,True
10305,04ffff001d026209,2402,True,True,True
10306,04ffff001d026409,2404,True,True,True
10307,04ffff001d026609,2406,True,True,True
10308,04ffff001d026809,2408,True,True,True
10309,04ffff001d026909,2409,True,True,True
10310,04ffff001d027009,2416,True,True,True
10312,04ffff001d027609,2422,True,True,True
10313,04ffff001d027a09,2426,True,True,True
10314,04ffff001d028909,2441,True,True,True
10315,04ffff001d028d09,2445,True,True,True
10316,04ffff001d029009,2448,True,True,True
10317,04ffff001d029109,2449,True,True,True
10319,04ffff001d029309,2451,True,True,True
10320,04ffff001d029909,2457,True,True,True
10321,04ffff001d029c09,2460,True,True,True
10322,04ffff001d029f09,2463,True,True,True
10323,04ffff001d02a409,2468,True,True,True
10324,04ffff001d02aa09,2474,True,True,True
10325,04ffff001d02ae09,2478,True,True,True
10326,04ffff001d02b109,2481,True,True,True
10327,04ffff001d02b209,2482,True,True,True
10328,04ffff001d02b409,2484,True,True,True
10329,04ffff001d02bc09,2492,True,True,True
10330,04ffff001d02be09,2494,True,True,True
10331,04ffff001d02bf09,2495,True,True,True
10333,04ffff001d02c609,2502,True,True,True
10334,04ffff001d02c809,2504,True,True,True
10335,04ffff001d02dd09,2525,True,True,True
10336,04ffff001d02ea09,2538,True,True,True
10337,04ffff001d02f809,2552,True,True,True
10338,04ffff001d020a0a,2570,True,True,True
10340,04ffff001d020c0a,2572,True,True,True
10341,04ffff001d02120a,2578,True,True,True
10342,04ffff001d02160a,2582,True,True,True
10343,04ffff001d021f0a,2591,True,True,True
10344,04ffff001d02210a,2593,True,True,True
10345,04ffff001d02220a,2594,True,True,True
10346,04ffff001d02240a,2596,True,True,True
10347,04ffff001d022d0a,2605,True,True,True
10348,04ffff001d02300a,2608,True,True,True
10350,04ffff001d02320a,2610,True,True,True
10352,04ffff001d02340a,2612,True,True,True
10353,04ffff001d02370a,2615,True,True,True
10356,04ffff001d0104,4,True,True,True
10357,04ffff001d0109,9,True,True,True
10359,04ffff001d010d,13,True,True,True
10361,04ffff001d010e,14,True,True,True
10362,04ffff001d0111,17,True,True,True
10364,04ffff001d0115,21,True,True,True
10365,04ffff001d0116,22,True,True,True
10367,04ffff001d0131,49,True,True,True
10368,04ffff001d0140,64,True,True,True
10369,04ffff001d0146,70,True,True,True
10370,04ffff001d014c,76,True,True,True
10371,04ffff001d014e,78,True,True,True
10372,04ffff001d0155,85,True,True,True
10373,04ffff001d015b,91,True,True,True
10375,04ffff001d015e,94,True,True,True
10376,04ffff001d015f,95,True,True,True
10377,04ffff001d0166,102,True,True,True
10378,04ffff001d0171,113,True,True,True
10379,04ffff001d0172,114,True,True,True
10381,04ffff001d0175,117,True,True,True
10382,04ffff001d017b,123,True,True,True
10383,04ffff001d028300,131,True,True,True
10384,04ffff001d028400,132,True,True,True
10385,04ffff001d028c00,140,True,True,True
10388,04ffff001d029700,151,True,True,True
10390,04ffff001d029b00,155,True,True,True
10391,04ffff001d029d00,157,True,True,True
10392,04ffff001d02a400,164,True,True,True
10394,04ffff001d02b300,179,True,True,True
10395,04ffff001d02c100,193,True,True,True
10397,04ffff001d02cc00,204,True,True,True
10398,04ffff001d02d800,216,True,True,True
10399,04ffff001d02e400,228,True,True,True
10401,04ffff001d02e800,232,True,True,True
10402,04ffff001d02e900,233,True,True,True
10403,04ffff001d02ed00,237,True,True,True
10404,04ffff001d02ef00,239,True,True,True
10405,04ffff001d02f600,246,True,True,True
10406,04ffff001d02fd00,253,True,True,True
10407,04ffff001d020a01,266,True,True,True
10409,04ffff001d020e01,270,True,True,True
10410,04ffff001d021201,274,True,True,True
10411,04ffff001d022601,294,True,True,True
10412,04ffff001d022801,296,True,True,True
10414,04ffff001d023001,304,True,True,True
10415,04ffff001d023c01,316,True,True,True
10416,04ffff001d024201,322,True,True,True
10417,04ffff001d024b01,331,True,True,True
10418,04ffff001d024c01,332,True,True,True
10419,04ffff001d024e01,334,True,True,True
10422,04ffff001d024f01,335,True,True,True
10423,04ffff001d026101,353,True,True,True
10424,04ffff001d026401,356,True,True,True
10425,04ffff001d026901,361,True,True,True
10426,04ffff001d026b01,363,True,True,True
10427,04ffff001d027b01,379,True,True,True
10428,04ffff001d027d01,381,True,True,True
10429,04ffff001d028001,384,True,True,True
10430,04ffff001d028301,387,True,True,True
10431,04ffff001d028701,391,True,True,True
10433,04ffff001d028901,393,True,True,True
10434,04ffff001d028e01,398,True,True,True
10435,04ffff001d029001,400,True,True,True
10436,04ffff001d029201,402,True,True,True
10438,04ffff001d029501,405,True,True,True
10439,04ffff001d029a01,410,True,True,True
10441,04ffff001d029e01,414,True,True,True
10442,04ffff001d02a301,419,True,True,True
10443,04ffff001d02a501,421,True,True,True
10444,04ffff001d02a801,424,True,True,True
10445,04ffff001d02ac01,428,True,True,True
10446,04ffff001d02ae01,430,True,True,True
10447,04ffff001d02b201,434,True,True,True
10448,04ffff001d02ba01,442,True,True,True
10449,04ffff001d02bf01,447,True,True,True
10450,04ffff001d02c901,457,True,True,True
10451,04ffff001d02cf01,463,True,True,True
10452,04ffff001d02d301,467,True,True,True
10454,04ffff001d02d601,470,True,True,True
10456,04ffff001d02dc01,476,True,True,True
10459,04ffff001d02e301,483,True,True,True
10460,04ffff001d02ec01,492,True,True,True
10462,04ffff001d02ee01,494,True,True,True
10464,04ffff001d02ff01,511,True,True,True
10466,04ffff001d020102,513,True,True,True
10467,04ffff001d020502,517,True,True,True
10470,04ffff001d020902,521,True,True,True
10471,04ffff001d020a02,522,True,True,True
10472,04ffff001d020c02,524,True,True,True
10473,04ffff001d020e02,526,True,True,True
10474,04ffff001d020f02,527,True,True,True
10475,04ffff001d021602,534,True,True,True
10476,04ffff001d021802,536,True,True,True
10477,04ffff001d022002,544,True,True,True
10478,04ffff001d022502,549,True,True,True
10479,04ffff001d022602,550,True,True,True
10480,04ffff001d022702,551,True,True,True
10481,04ffff001d023102,561,True,True,True
10482,04ffff001d023502,565,True,True,True
10483,04ffff001d023702,567,True,True,True
10485,04ffff001d023802,568,True,True,True
10486,04ffff001d024802,584,True,True,True
10487,04ffff001d024c02,588,True,True,True
10488,04ffff001d025e02,606,True,True,True
10489,04ffff001d026002,608,True,True,True
10490,04ffff001d026b02,619,True,True,True
10491,04ffff001d026d02,621,True,True,True
10493,04ffff001d026e02,622,True,True,True
10494,04ffff001d027a02,634,True,True,True
10495,04ffff001d027c02,636,True,True,True
10497,04ffff001d027f02,639,True,True,True
10498,04ffff001d028d02,653,True,True,True
10499,04ffff001d028f02,655,True,True,True
10500,04ffff001d029302,659,True,True,True
10502,04ffff001d029802,664,True,True,True
10503,04ffff001d029a02,666,True,True,True
10504,04ffff001d02a202,674,True,True,True
10506,04ffff001d02a402,676,True,True,True
10507,04ffff001d02a502,677,True,True,True
10508,04ffff001d02aa02,682,True,True,True
10511,04ffff001d02ac02,684,True,True,True
10512,04ffff001d02af02,687,True,True,True
10513,04ffff001d02c702,711,True,True,True
10515,04ffff001d02c902,713,True,True,True
10516,04ffff001d02ca02,714,True,True,True
10518,04ffff001d02d002,720,True,True,True
10520,04ffff001d02d102,721,True,True,True
10522,04ffff001d02d702,727,True,True,True
10523,04ffff001d02da02,730,True,True,True
10525,04ffff001d02e602,742,True,True,True
10526,04ffff001d02e802,744,True,True,True
10527,04ffff001d02ed02,749,True,True,True
10528,04ffff001d02f602,758,True,True,True
10530,04ffff001d02f902,761,True,True,True
10531,04ffff001d020703,775,True,True,True
10532,04ffff001d020903,777,True,True,True
10533,04ffff001d020d03,781,True,True,True
10534,04ffff001d022603,806,True,True,True
10535,04ffff001d022c03,812,True,True,True
10537,04ffff001d023303,819,True,True,True
10538,04ffff001d023a03,826,True,True,True
10539,04ffff001d023b03,827,True,True,True
10540,04ffff001d023d03,829,True,True,True
10542,04ffff001d024c03,844,True,True,True
10543,04ffff001d025103,849,True,True,True
10544,04ffff001d025403,852,True,True,True
10546,04ffff001d025703,855,True,True,True
10548,04ffff001d025803,856,True,True,True
10549,04ffff001d025a03,858,True,True,True
10550,04ffff001d025e03,862,True,True,True
10552,04ffff001d025f03,863,True,True,True
10554,04ffff001d026103,865,True,True,True
10555,04ffff001d026403,868,True,True,True
10561,04ffff001d026703,871,True,True,True
10562,04ffff001d026c03,876,True,True,True
10563,04ffff001d027003,880,True,True,True
10564,04ffff001d027803,888,True,True,True
10565,04ffff001d027b03,891,True,True,True
10567,04ffff001d027e03,894,True,True,True
10568,04ffff001d028403,900,True,True,True
10569,04ffff001d028703,903,True,True,True
10570,04ffff001d028803,904,True,True,True
10571,04ffff001d028e03,910,True,True,True
10572,04ffff001d029503,917,True,True,True
10573,04ffff001d029703,919,True,True,True
10575,04ffff001d029f03,927,True,True,True
10577,04ffff001d02a003,928,True,True,True
10579,04ffff001d02a103,929,True,True,True
10580,04ffff001d02a603,934,True,True,True
10581,04ffff001d02a903,937,True,True,True
10582,04ffff001d02b203,946,True,True,True
10583,04ffff001d02b703,951,True,True,True
10584,04ffff001d02bb03,955,True,True,True
10586,04ffff001d02c103,961,True,True,True
10587,04ffff001d02c203,962,True,True,True
10588,04ffff001d02c303,963,True,True,True
10589,04ffff001d02c403,964,True,True,True
10590,04ffff001d02c503,965,True,True,True
10591,04ffff001d02c903,969,True,True,True
10592,04ffff001d02da03,986,True,True,True
10594,04ffff001d02db03,987,True,True,True
10595,04ffff001d02dc03,988,True,True,True
10596,04ffff001d02e003,992,True,True,True
10597,04ffff001d02e803,1000,True,True,True
10599,04ffff001d02ea03,1002,True,True,True
10601,04ffff001d02eb03,1003,True,True,True
10602,04ffff001d02ed03,1005,True,True,True
10603,04ffff001d02f303,1011,True,True,True
10604,04ffff001d02f503,1013,True,True,True
10607,04ffff001d02f803,1016,True,True,True
10608,04ffff001d02f903,1017,True,True,True
10609,04ffff001d02fe03,1022,True,True,True
10610,04ffff001d020004,1024,True,True,True
10611,04ffff001d020504,1029,True,True,True
10612,04ffff001d020604,1030,True,True,True
10613,04ffff001d020904,1033,True,True,True
10614,04ffff001d020a04,1034,True,True,True
10615,04ffff001d020b04,1035,True,True,True
10616,04ffff001d020c04,1036,True,True,True
10617,04ffff001d020d04,1037,True,True,True
10618,04ffff001d020f04,1039,True,True,True
10620,04ffff001d021304,1043,True,True,True
10621,04ffff001d021504,1045,True,True,True
10622,04ffff001d021604,1046,True,True,True
10623,04ffff001d021704,1047,True,True,True
10624,04ffff001d022004,1056,True,True,True
10625,04ffff001d022204,1058,True,True,True
10627,04ffff001d022504,1061,True,True,True
10629,04ffff001d022704,1063,True,True,True
10630,04ffff001d022d04,1069,True,True,True
10631,04ffff001d023e04,1086,True,True,True
10632,04ffff001d023f04,1087,True,True,True
10633,04ffff001d024004,1088,True,True,True
10634,04ffff001d024104,1089,True,True,True
10635,04ffff001d024604,1094,True,True,True
10637,04ffff001d024a04,1098,True,True,True
10638,04ffff001d024d04,1101,True,True,True
10639,04ffff001d024e04,1102,True,True,True
10640,04ffff001d025104,1105,True,True,True
10641,04ffff001d025304,1107,True,True,True
10642,04ffff001d025604,1110,True,True,True
10643,04ffff001d025f04,1119,True,True,True
10645,04ffff001d026004,1120,True,True,True
10647,04ffff001d026504,1125,True,True,True
10648,04ffff001d026604,1126,True,True,True
10649,04ffff001d027304,1139,True,True,True
10650,04ffff001d027504,1141,True,True,True
10652,04ffff001d027a04,1146,True,True,True
10653,04ffff001d027d04,1149,True,True,True
10654,04ffff001d027e04,1150,True,True,True
10655,04ffff001d028004,1152,True,True,True
10656,04ffff001d028504,1157,True,True,True
10658,04ffff001d028904,1161,True,True,True
10659,04ffff001d028c04,1164,True,True,True
10660,04ffff001d028d04,1165,True,True,True
10661,04ffff001d028e04,1166,True,True,True
10662,04ffff001d029004,1168,True,True,True
10663,04ffff001d02a204,1186,True,True,True
10665,04ffff001d02a604,1190,True,True,True
10666,04ffff001d02ae04,1198,True,True,True
10668,04ffff001d02b004,1200,True,True,True
10669,04ffff001d02b204,1202,True,True,True
10670,04ffff001d02b404,1204,True,True,True
10671,04ffff001d02bb04,1211,True,True,True
10672,04ffff001d02bf04,1215,True,True,True
10673,04ffff001d02c304,1219,True,True,True
10674,04ffff001d02cf04,1231,True,True,True
10675,04ffff001d02d004,1232,True,True,True
10676,04ffff001d02d104,1233,True,True,True
10678,04ffff001d02d304,1235,True,True,True
10679,04ffff001d02d704,1239,True,True,True
10680,04ffff001d02d904,1241,True,True,True
10681,04ffff001d02e004,1248,True,True,True
10682,04ffff001d02e204,1250,True,True,True
10685,04ffff001d02e504,1253,True,True,True
10686,04ffff001d02ef04,1263,True,True,True
10687,04ffff001d02f504,1269,True,True,True
10688,04ffff001d02f704,1271,True,True,True
10689,04ffff001d020505,1285,True,True,True
10691,04ffff001d020905,1289,True,True,True
10692,04ffff001d020c05,1292,True,True,True
10693,04ffff001d020d05,1293,True,True,True
10694,04ffff001d021705,1303,True,True,True
10695,04ffff001d021f05,1311,True,True,True
10696,04ffff001d022005,1312,True,True,True
10697,04ffff001d022505,1317,True,True,True
10698,04ffff001d022605,1318,True,True,True
10699,04ffff001d022c05,1324,True,True,True
10700,04ffff001d023405,1332,True,True,True
10701,04ffff001d023805,1336,True,True,True
10703,04ffff001d024205,1346,True,True,True
10704,04ffff001d024a05,1354,True,True,True
10705,04ffff001d024c05,1356,True,True,True
10706,04ffff001d025c05,1372,True,True,True
10707,04ffff001d026105,1377,True,True,True
10708,04ffff001d026505,1381,True,True,True
10709,04ffff001d026605,1382,True,True,True
10710,04ffff001d026805,1384,True,True,True
10712,04ffff001d026b05,1387,True,True,True
10713,04ffff001d026e05,1390,True,True,True
10714,04ffff001d027405,1396,True,True,True
10715,04ffff001d027905,1401,True,True,True
10716,04ffff001d027c05,1404,True,True,True
10717,04ffff001d028005,1408,True,True,True
10718,04ffff001d028405,1412,True,True,True
10722,04ffff001d028b05,1419,True,True,True
10723,04ffff001d028c05,1420,True,True,True
10724,04ffff001d028f05,1423,True,True,True
10725,04ffff001d029405,1428,True,True,True
10727,04ffff001d029805,1432,True,True,True
10729,04ffff001d029c05,1436,True,True,True
10730,04ffff001d029e05,1438,True,True,True
10732,04ffff001d02a005,1440,True,True,True
10733,04ffff001d02a805,1448,True,True,True
10735,04ffff001d02aa05,1450,True,True,True
10736,04ffff001d02ae05,1454,True,True,True
10737,04ffff001d02b205,1458,True,True,True
10738,04ffff001d02c005,1472,True,True,True
10739,04ffff001d02c105,1473,True,True,True
10740,04ffff001d02cd05,1485,True,True,True
10741,04ffff001d02dc05,1500,True,True,True
10744,04ffff001d02e305,1507,True,True,True
10746,04ffff001d02ee05,1518,True,True,True
10747,04ffff001d02fb05,1531,True,True,True
10749,04ffff001d02fc05,1532,True,True,True
10750,04ffff001d02fd05,1533,True,True,True
10751,04ffff001d020d06,1549,True,True,True
10752,04ffff001d021406,1556,True,True,True
10754,04ffff001d021806,1560,True,True,True
10755,04ffff001d021b06,1563,True,True,True
10757,04ffff001d022506,1573,True,True,True
10758,04ffff001d022806,1576,True,True,True
10759,04ffff001d022906,1577,True,True,True
10760,04ffff001d023906,1593,True,True,True
10761,04ffff001d023e06,1598,True,True,True
10762,04ffff001d024206,1602,True,True,True
10764,04ffff001d024e06,1614,True,True,True
10765,04ffff001d025106,1617,True,True,True
10766,04ffff001d026906,1641,True,True,True
10768,04ffff001d026d06,1645,True,True,True
10769,04ffff001d026e06,1646,True,True,True
10770,04ffff001d027606,1654,True,True,True
10771,04ffff001d027a06,1658,True,True,True
10773,04ffff001d028806,1672,True,True,True
10775,04ffff001d028b06,1675,True,True,True
10776,04ffff001d028e06,1678,True,True,True
10778,04ffff001d029c06,1692,True,True,True
10779,04ffff001d029d06,1693,True,True,True
10780,04ffff001d02a306,1699,True,True,True
10781,04ffff001d02a806,1704,True,True,True
10782,04ffff001d02b706,1719,True,True,True
10784,04ffff001d02bf06,1727,True,True,True
10785,04ffff001d02c606,1734,True,True,True
10786,04ffff001d02c806,1736,True,True,True
10787,04ffff001d02db06,1755,True,True,True
10788,04ffff001d02df06,1759,True,True,True
10789,04ffff001d02e806,1768,True,True,True
10790,04ffff001d02f206,1778,True,True,True
10791,04ffff001d02f606,1782,True,True,True
10792,04ffff001d02f906,1785,True,True,True
10793,04ffff001d020107,1793,True,True,True
10795,04ffff001d020207,1794,True,True,True
10796,04ffff001d020a07,1802,True,True,True
10798,04ffff001d020d07,1805,True,True,True
10799,04ffff001d020f07,1807,True,True,True
10800,04ffff001d021707,1815,True,True,True
10801,04ffff001d021807,1816,True,True,True
10802,04ffff001d021a07,1818,True,True,True
10803,04ffff001d021b07,1819,True,True,True
10804,04ffff001d022207,1826,True,True,True
10805,04ffff001d022507,1829,True,True,True
10807,04ffff001d022607,1830,True,True,True
10808,04ffff001d023807,1848,True,True,True
10809,04ffff001d023a07,1850,True,True,True
10811,04ffff001d024107,1857,True,True,True
10813,04ffff001d024707,1863,True,True,True
10814,04ffff001d024807,1864,True,True,True
10815,04ffff001d024d07,1869,True,True,True
10816,04ffff001d025807,1880,True,True,True
10817,04ffff001d026207,1890,True,True,True
10818,04ffff001d026707,1895,True,True,True
10819,04ffff001d026b07,1899,True,True,True
10820,04ffff001d026f07,1903,True,True,True
10821,04ffff001d027207,1906,True,True,True
10822,04ffff001d027807,1912,True,True,True
10824,04ffff001d027907,1913,True,True,True
10826,04ffff001d028107,1921,True,True,True
10828,04ffff001d028607,1926,True,True,True
10829,04ffff001d029107,1937,True,True,True
10830,04ffff001d029707,1943,True,True,True
10831,04ffff001d029907,1945,True,True,True
10832,04ffff001d029b07,1947,True,True,True
10835,04ffff001d02a207,1954,True,True,True
10837,04ffff001d02a407,1956,True,True,True
10838,04ffff001d02ac07,1964,True,True,True
10839,04ffff001d02b207,1970,True,True,True
10840,04ffff001d02b607,1974,True,True,True
10841,04ffff001d02b807,1976,True,True,True
10842,04ffff001d02ba07,1978,True,True,True
10843,04ffff001d02bc07,1980,True,True,True
10845,04ffff001d02c907,1993,True,True,True
10846,04ffff001d02cb07,1995,True,True,True
10847,04ffff001d02d207,2002,True,True,True
10848,04ffff001d02d907,2009,True,True,True
10849,04ffff001d02de07,2014,True,True,True
10851,04ffff001d02e607,2022,True,True,True
10853,04ffff001d02ef07,2031,True,True,True
10856,04ffff001d02f007,2032,True,True,True
10857,04ffff001d02f207,2034,True,True,True
10858,04ffff001d02f707,2039,True,True,True
10859,04ffff001d02fd07,2045,True,True,True
10863,04ffff001d020308,2051,True,True,True
10864,04ffff001d020d08,2061,True,True,True
10868,04ffff001d021f08,2079,True,True,True
10869,04ffff001d022708,2087,True,True,True
10870,04ffff001d022808,2088,True,True,True
10871,04ffff001d022b08,2091,True,True,True
10872,04ffff001d023508,2101,True,True,True
10873,04ffff001d023908,2105,True,True,True
10874,04ffff001d024408,2116,True,True,True
10875,04ffff001d024908,2121,True,True,True
10877,04ffff001d025608,2134,True,True,True
10878,04ffff001d025908,2137,True,True,True
10880,04ffff001d025c08,2140,True,True,True
10881,04ffff001d025e08,2142,True,True,True
10882,04ffff001d026008,2144,True,True,True
10884,04ffff001d026308,2147,True,True,True
10885,04ffff001d026408,2148,True,True,True
10886,04ffff001d026c08,2156,True,True,True
10887,04ffff001d027008,2160,True,True,True
10889,04ffff001d027508,2165,True,True,True
10890,04ffff001d027a08,2170,True,True,True
10891,04ffff001d027c08,2172,True,True,True
10893,04ffff001d028208,2178,True,True,True
10894,04ffff001d028308,2179,True,True,True
10895,04ffff001d028d08,2189,True,True,True
10896,04ffff001d028e08,2190,True,True,True
10898,04ffff001d029708,2199,True,True,True
10900,04ffff001d029f08,2207,True,True,True
10901,04ffff001d02a108,2209,True,True,True
10902,04ffff001d02a208,2210,True,True,True
10904,04ffff001d02af08,2223,True,True,True
10905,04ffff001d02b008,2224,True,True,True
10906,04ffff001d02b308,2227,True,True,True
10908,04ffff001d02ba08,2234,True,True,True
10910,04ffff001d02bb08,2235,True,True,True
10911,04ffff001d02be08,2238,True,True,True
10912,04ffff001d02c108,2241,True,True,True
10913,04ffff001d02c608,2246,True,True,True
10915,04ffff001d02c708,2247,True,True,True
10916,04ffff001d02d008,2256,True,True,True
10917,04ffff001d02e308,2275,True,True,True
10918,04ffff001d02ea08,2282,True,True,True
10921,04ffff001d02eb08,2283,True,True,True
10923,04ffff001d02ec08,2284,True,True,True
10924,04ffff001d02ee08,2286,True,True,True
10925,04ffff001d02ef08,2287,True,True,True
10927,04ffff001d02f208,2290,True,True,True
10928,04ffff001d02f408,2292,True,True,True
10929,04ffff001d020009,2304,True,True,True
10932,04ffff001d020309,2307,True,True,True
10933,04ffff001d022509,2341,True,True,True
10934,04ffff001d022709,2343,True,True,True
10936,04ffff001d022809,2344,True,True,True
10937,04ffff001d022b09,2347,True,True,True
10938,04ffff001d023209,2354,True,True,True
10939,04ffff001d023709,2359,True,True,True
10940,04ffff001d023809,2360,True,True,True
10941,04ffff001d023a09,2362,True,True,True
10943,04ffff001d023b09,2363,True,True,True
10944,04ffff001d023e09,2366,True,True,True
10945,04ffff001d023f09,2367,True,True,True
10946,04ffff001d024c09,2380,True,True,True
10947,04ffff001d024e09,2382,True,True,True
10948,04ffff001d024f09,2383,True,True,True
10949,04ffff001d025709,2391,True,True,True
10950,04ffff001d025a09,2394,True,True,True
10953,04ffff001d025e09,2398,True,True,True
10954,04ffff001d026709,2407,True,True,True
10955,04ffff001d026809,2408,True,True,True
10956,04ffff001d026b09,2411,True,True,True
10958,04ffff001d027109,2417,True,True,True
10960,04ffff001d027609,2422,True,True,True
10961,04ffff001d027809,2424,True,True,True
10962,04ffff001d027f09,2431,True,True,True
10963,04ffff001d028409,2436,True,True,True
10964,04ffff001d028709,2439,True,True,True
10965,04ffff001d028809,2440,True,True,True
10966,04ffff001d029209,2450,True,True,True
10967,04ffff001d029909,2457,True,True,True
10969,04ffff001d02a309,2467,True,True,True
10971,04ffff001d02a609,2470,True,True,True
10972,04ffff001d02ac09,2476,True,True,True
10973,04ffff001d02ad09,2477,True,True,True
10975,04ffff001d02b109,2481,True,True,True
10976,04ffff001d02b509,2485,True,True,True
10977,04ffff001d02b709,2487,True,True,True
10978,04ffff001d02bb09,2491,True,True,True
10980,04ffff001d02bd09,2493,True,True,True
10981,04ffff001d02c409,2500,True,True,True
10982,04ffff001d02c509,2501,True,True,True
10984,04ffff001d02c809,2504,True,True,True
10985,04ffff001d02c909,2505,True,True,True
10986,04ffff001d02d009,2512,True,True,True
10988,04ffff001d02d309,2515,True,True,True
10989,04ffff001d02d509,2517,True,True,True
10991,04ffff001d02da09,2522,True,True,True
10992,04ffff001d02dd09,2525,True,True,True
10993,04ffff001d02e009,2528,True,True,True
10994,04ffff001d02e809,2536,True,True,True
10995,04ffff001d02ee09,2542,True,True,True
10996,04ffff001d02f509,2549,True,True,True
10997,04ffff001d02fd09,2557,True,True,True
10999,04ffff001d02020a,2562,True,True,True
11001,04ffff001d02090a,2569,True,True,True
11002,04ffff001d021c0a,2588,True,True,True
11003,04ffff001d02270a,2599,True,True,True
11004,04ffff001d02350a,2613,True,True,True
11007,04ffff001d0108,8,True,True,True
11008,04ffff001d0111,17,True,True,True
11009,04ffff001d0116,22,True,True,True
11010,04ffff001d011a,26,True,True,True
11011,04ffff001d011c,28,True,True,True
11012,04ffff001d0121,33,True,True,True
11013,04ffff001d0123,35,True,True,True
11014,04ffff001d013f,63,True,True,True
11016,04ffff001d0143,67,True,True,True
11017,04ffff001d0145,69,True,True,True
11019,04ffff001d0148,72,True,True,True
11020,04ffff001d0149,73,True,True,True
11022,04ffff001d014f,79,True,True,True
11023,04ffff001d0150,80,True,True,True
11025,04ffff001d0152,82,True,True,True
11026,04ffff001d0153,83,True,True,True
11027,04ffff001d0155,85,True,True,True
11028,04ffff001d0159,89,True,True,True
11029,04ffff001d0166,102,True,True,True
11031,04ffff001d016b,107,True,True,True
11032,04ffff001d0170,112,True,True,True
11033,04ffff001d0172,114,True,True,True
11034,04ffff001d017f,127,True,True,True
11036,04ffff001d028800,136,True,True,True
11040,04ffff001d028a00,138,True,True,True
11041,04ffff001d029100,145,True,True,True
11042,04ffff001d029300,147,True,True,True
11043,04ffff001d029a00,154,True,True,True
11044,04ffff001d029f00,159,True,True,True
11045,04ffff001d02b000,176,True,True,True
11047,04ffff001d02b100,177,True,True,True
11048,04ffff001d02b500,181,True,True,True
11049,04ffff001d02b700,183,True,True,True
11050,04ffff001d02c200,194,True,True,True
11052,04ffff001d02c300,195,True,True,True
11054,04ffff001d02c900,201,True,True,True
11056,04ffff001d02d800,216,True,True,True
11057,04ffff001d02d900,217,True,True,True
11059,04ffff001d02db00,219,True,True,True
11060,04ffff001d02dc00,220,True,True,True
11061,04ffff001d02dd00,221,True,True,True
11062,04ffff001d02e000,224,True,True,True
11063,04ffff001d02f700,247,True,True,True
11064,04ffff001d020301,259,True,True,True
11066,04ffff001d021301,275,True,True,True
11068,04ffff001d021501,277,True,True,True
11069,04ffff001d021601,278,True,True,True
11070,04ffff001d021701,279,True,True,True
11071,04ffff001d021a01,282,True,True,True
11073,04ffff001d021b01,283,True,True,True
11074,04ffff001d021f01,287,True,True,True
11076,04ffff001d022301,291,True,True,True
11078,04ffff001d022901,297,True,True,True
11079,04ffff001d022d01,301,True,True,True
11081,04ffff001d023e01,318,True,True,True
11082,04ffff001d023f01,319,True,True,True
11083,04ffff001d024a01,330,True,True,True
11084,04ffff001d024c01,332,True,True,True
11085,04ffff001d025301,339,True,True,True
11086,04ffff001d025701,343,True,True,True
11087,04ffff001d025901,345,True,True,True
11090,04ffff001d025f01,351,True,True,True
11091,04ffff001d026001,352,True,True,True
11093,04ffff001d026201,354,True,True,True
11094,04ffff001d026301,355,True,True,True
11096,04ffff001d026401,356,True,True,True
11097,04ffff001d027201,370,True,True,True
11098,04ffff001d027501,373,True,True,True
11099,04ffff001d027e01,382,True,True,True
11101,04ffff001d028701,391,True,True,True
11103,04ffff001d028901,393,True,True,True
11104,04ffff001d028c01,396,True,True,True
11106,04ffff001d028f01,399,True,True,True
11107,04ffff001d029a01,410,True,True,True
11109,04ffff001d029c01,412,True,True,True
11111,04ffff001d029f01,415,True,True,True
11112,04ffff001d02a301,419,True,True,True
11113,04ffff001d02a501,421,True,True,True
11114,04ffff001d02af01,431,True,True,True
11115,04ffff001d02b401,436,True,True,True
11116,04ffff001d02b601,438,True,True,True
11118,04ffff001d02b901,441,True,True,True
11119,04ffff001d02bd01,445,True,True,True
11120,04ffff001d02c501,453,True,True,True
11121,04ffff001d02c901,457,True,True,True
11122,04ffff001d02cd01,461,True,True,True
11123,04ffff001d02d601,470,True,True,True
11124,04ffff001d02e701,487,True,True,True
11125,04ffff001d02e801,488,True,True,True
11126,04ffff001d02ed01,493,True,True,True
11128,04ffff001d020302,515,True,True,True
11130,04ffff001d020502,517,True,True,True
11131,04ffff001d020602,518,True,True,True
11133,04ffff001d020802,520,True,True,True
11135,04ffff001d020b02,523,True,True,True
11136,04ffff001d020f02,527,True,True,True
11138,04ffff001d021502,533,True,True,True
11139,04ffff001d021602,534,True,True,True
11140,04ffff001d021f02,543,True,True,True
11141,04ffff001d022002,544,True,True,True
11143,04ffff001d022a02,554,True,True,True
11144,04ffff001d022d02,557,True,True,True
11145,04ffff001d023502,565,True,True,True
11146,04ffff001d023702,567,True,True,True
11148,04ffff001d023b02,571,True,True,True
11149,04ffff001d024302,579,True,True,True
11152,04ffff001d024502,581,True,True,True
11154,04ffff001d024602,582,True,True,True
11155,04ffff001d024702,583,True,True,True
11159,04ffff001d024902,585,True,True,True
11160,04ffff001d024a02,586,True,True,True
11161,04ffff001d025402,596,True,True,True
11162,04ffff001d025502,597,True,True,True
11163,04ffff001d025c02,604,True,True,True
11164,04ffff001d026402,612,True,True,True
11166,04ffff001d026a02,618,True,True,True
11167,04ffff001d026c02,620,True,True,True
11168,04ffff001d027102,625,True,True,True
11169,04ffff001d027802,632,True,True,True
11170,04ffff001d027f02,639,True,True,True
11171,04ffff001d028302,643,True,True,True
11172,04ffff001d028802,648,True,True,True
11174,04ffff001d028b02,651,True,True,True
11175,04ffff001d028d02,653,True,True,True
11176,04ffff001d029002,656,True,True,True
11178,04ffff001d029602,662,True,True,True
11179,04ffff001d029902,665,True,True,True
11181,04ffff001d02a402,676,True,True,True
11182,04ffff001d02a502,677,True,True,True
11183,04ffff001d02a602,678,True,True,True
11185,04ffff001d02a802,680,True,True,True
11188,04ffff001d02aa02,682,True,True,True
11189,04ffff001d02ab02,683,True,True,True
11191,04ffff001d02af02,687,True,True,True
11192,04ffff001d02bb02,699,True,True,True
11193,04ffff001d02be02,702,True,True,True
11195,04ffff001d02c702,711,True,True,True
11196,04ffff001d02cc02,716,True,True,True
11197,04ffff001d02cf02,719,True,True,True
11198,04ffff001d02d102,721,True,True,True
11199,04ffff001d02d702,727,True,True,True
11200,04ffff001d02e102,737,True,True,True
11201,04ffff001d02e202,738,True,True,True
11203,04ffff001d02e802,744,True,True,True
11204,04ffff001d02f002,752,True,True,True
11206,04ffff001d02f102,753,True,True,True
11207,04ffff001d02f602,758,True,True,True
11208,04ffff001d02fc02,764,True,True,True
11210,04ffff001d020503,773,True,True,True
11211,04ffff001d020703,775,True,True,True
11214,04ffff001d020f03,783,True,True,True
11215,04ffff001d021103,785,True,True,True
11216,04ffff001d021203,786,True,True,True
11219,04ffff001d021703,791,True,True,True
11221,04ffff001d022203,802,True,True,True
11222,04ffff001d022e03,814,True,True,True
11223,04ffff001d024703,839,True,True,True
11225,04ffff001d024a03,842,True,True,True
11226,04ffff001d024b03,843,True,True,True
11227,04ffff001d024e03,846,True,True,True
11228,04ffff001d025a03,858,True,True,True
11230,04ffff001d026503,869,True,True,True
11231,04ffff001d026603,870,True,True,True
11232,04ffff001d026903,873,True,True,True
11233,04ffff001d026a03,874,True,True,True
11234,04ffff001d027703,887,True,True,True
11235,04ffff001d027c03,892,True,True,True
11236,04ffff001d028103,897,True,True,True
11237,04ffff001d028303,899,True,True,True
11239,04ffff001d028b03,907,True,True,True
11241,04ffff001d028e03,910,True,True,True
11243,04ffff001d029403,916,True,True,True
11245,04ffff001d029503,917,True,True,True
11246,04ffff001d029e03,926,True,True,True
11247,04ffff001d02a303,931,True,True,True
11248,04ffff001d02a503,933,True,True,True
11249,04ffff001d02b203,946,True,True,True
11250,04ffff001d02bd03,957,True,True,True
11252,04ffff001d02bf03,959,True,True,True
11253,04ffff001d02ca03,970,True,True,True
11254,04ffff001d02d003,976,True,True,True
11255,04ffff001d02dc03,988,True,True,True
11257,04ffff001d02e003,992,True,True,True
11259,04ffff001d02e103,993,True,True,True
11260,04ffff001d02f203,1010,True,True,True
11261,04ffff001d02fc03,1020,True,True,True
11262,04ffff001d020604,1030,True,True,True
11263,04ffff001d020704,1031,True,True,True
11265,04ffff001d020b04,1035,True,True,True
11266,04ffff001d021304,1043,True,True,True
11269,04ffff001d021604,1046,True,True,True
11271,04ffff001d022204,1058,True,True,True
11272,04ffff001d022804,1064,True,True,True
11273,04ffff001d022d04,1069,True,True,True
11274,04ffff001d023504,1077,True,True,True
11276,04ffff001d023a04,1082,True,True,True
11277,04ffff001d023d04,1085,True,True,True
11280,04ffff001d024a04,1098,True,True,True
11281,04ffff001d024e04,1102,True,True,True
11282,04ffff001d024f04,1103,True,True,True
11283,04ffff001d025804,1112,True,True,True
11284,04ffff001d025a04,1114,True,True,True
11285,04ffff001d025e04,1118,True,True,True
11286,04ffff001d026504,1125,True,True,True
11287,04ffff001d026704,1127,True,True,True
11288,04ffff001d026904,1129,True,True,True
11289,04ffff001d026d04,1133,True,True,True
11290,04ffff001d026e04,1134,True,True,True
11291,04ffff001d027004,1136,True,True,True
11292,04ffff001d027104,1137,True,True,True
11293,04ffff001d027604,1142,True,True,True
11294,04ffff001d027e04,1150,True,True,True
11295,04ffff001d028304,1155,True,True,True
11296,04ffff001d028704,1159,True,True,True
11297,04ffff001d028e04,1166,True,True,True
11298,04ffff001d029504,1173,True,True,True
11301,04ffff001d02a604,1190,True,True,True
11302,04ffff001d02a804,1192,True,True,True
11303,04ffff001d02ae04,1198,True,True,True
11304,04ffff001d02af04,1199,True,True,True
11306,04ffff001d02b104,1201,True,True,True
11307,04ffff001d02b204,1202,True,True,True
11308,04ffff001d02b904,1209,True,True,True
11309,04ffff001d02bc04,1212,True,True,True
11312,04ffff001d02c004,1216,True,True,True
11313,04ffff001d02cb04,1227,True,True,True
11314,04ffff001d02d804,1240,True,True,True
11315,04ffff001d02db04,1243,True,True,True
11316,04ffff001d02e004,1248,True,True,True
11318,04ffff001d02f904,1273,True,True,True
11319,04ffff001d020405,1284,True,True,True
11321,04ffff001d020b05,1291,True,True,True
11322,04ffff001d020c05,1292,True,True,True
11323,04ffff001d020f05,1295,True,True,True
11324,04ffff001d021a05,1306,True,True,True
11326,04ffff001d022605,1318,True,True,True
11327,04ffff001d022b05,1323,True,True,True
11328,04ffff001d022c05,1324,True,True,True
11330,04ffff001d022d05,1325,True,True,True
11331,04ffff001d023005,1328,True,True,True
11332,04ffff001d023405,1332,True,True,True
11333,04ffff001d023505,1333,True,True,True
11334,04ffff001d023705,1335,True,True,True
11335,04ffff001d023c05,1340,True,True,True
11336,04ffff001d023e05,1342,True,True,True
11338,04ffff001d024205,1346,True,True,True
11339,04ffff001d024805,1352,True,True,True
11340,04ffff001d024a05,1354,True,True,True
11341,04ffff001d025905,1369,True,True,True
11342,04ffff001d025b05,1371,True,True,True
11343,04ffff001d026005,1376,True,True,True
11344,04ffff001d026105,1377,True,True,True
11345,04ffff001d026305,1379,True,True,True
11347,04ffff001d026b05,1387,True,True,True
11348,04ffff001d027a05,1402,True,True,True
11349,04ffff001d028c05,1420,True,True,True
11350,04ffff001d029505,1429,True,True,True
11351,04ffff001d029605,1430,True,True,True
11353,04ffff001d02a605,1446,True,True,True
11354,04ffff001d02ae05,1454,True,True,True
11355,04ffff001d02af05,1455,True,True,True
11356,04ffff001d02b605,1462,True,True,True
11357,04ffff001d02b905,1465,True,True,True
11358,04ffff001d02be05,1470,True,True,True
11360,04ffff001d02c105,1473,True,True,True
11361,04ffff001d02c205,1474,True,True,True
11362,04ffff001d02d105,1489,True,True,True
11363,04ffff001d02e705,1511,True,True,True
11365,04ffff001d02f605,1526,True,True,True
11367,04ffff001d02ff05,1535,True,True,True
11369,04ffff001d020206,1538,True,True,True
11372,04ffff001d020b06,1547,True,True,True
11373,04ffff001d020e06,1550,True,True,True
11374,04ffff001d021206,1554,True,True,True
11375,04ffff001d021d06,1565,True,True,True
11377,04ffff001d021e06,1566,True,True,True
11379,04ffff001d022006,1568,True,True,True
11381,04ffff001d022906,1577,True,True,True
11383,04ffff001d022b06,1579,True,True,True
11386,04ffff001d023506,1589,True,True,True
11387,04ffff001d023906,1593,True,True,True
11388,04ffff001d023d06,1597,True,True,True
11389,04ffff001d024306,1603,True,True,True
11391,04ffff001d024b06,1611,True,True,True
11393,04ffff001d024c06,1612,True,True,True
11394,04ffff001d025a06,1626,True,True,True
11395,04ffff001d026106,1633,True,True,True
11396,04ffff001d026206,1634,True,True,True
11399,04ffff001d026506,1637,True,True,True
11400,04ffff001d026e06,1646,True,True,True
11401,04ffff001d027106,1649,True,True,True
11402,04ffff001d027206,1650,True,True,True
11403,04ffff001d027906,1657,True,True,True
11405,04ffff001d027b06,1659,True,True,True
11407,04ffff001d027e06,1662,True,True,True
11408,04ffff001d028c06,1676,True,True,True
11409,04ffff001d028e06,1678,True,True,True
11413,04ffff001d029a06,1690,True,True,True
11414,04ffff001d029c06,1692,True,True,True
11415,04ffff001d02ae06,1710,True,True,True
11417,04ffff001d02b906,1721,True,True,True
11418,04ffff001d02bc06,1724,True,True,True
11419,04ffff001d02be06,1726,True,True,True
11420,04ffff001d02c006,1728,True,True,True
11421,04ffff001d02c306,1731,True,True,True
11422,04ffff001d02c906,1737,True,True,True
11423,04ffff001d02cc06,1740,True,True,True
11424,04ffff001d02d006,1744,True,True,True
11425,04ffff001d02d806,1752,True,True,True
11426,04ffff001d02de06,1758,True,True,True
11428,04ffff001d02e906,1769,True,True,True
11429,04ffff001d02eb06,1771,True,True,True
11430,04ffff001d02f206,1778,True,True,True
11431,04ffff001d02f306,1779,True,True,True
11433,04ffff001d02fa06,1786,True,True,True
11434,04ffff001d020007,1792,True,True,True
11435,04ffff001d021607,1814,True,True,True
11436,04ffff001d021707,1815,True,True,True
11440,04ffff001d022107,1825,True,True,True
11441,04ffff001d022207,1826,True,True,True
11444,04ffff001d022807,1832,True,True,True
11445,04ffff001d022b07,1835,True,True,True
11446,04ffff001d023107,1841,True,True,True
11447,04ffff001d023607,1846,True,True,True
11448,04ffff001d023907,1849,True,True,True
11449,04ffff001d024207,1858,True,True,True
11450,04ffff001d024407,1860,True,True,True
11451,04ffff001d024b07,1867,True,True,True
11453,04ffff001d025e07,1886,True,True,True
11454,04ffff001d026a07,1898,True,True,True
11455,04ffff001d026b07,1899,True,True,True
11456,04ffff001d027507,1909,True,True,True
11457,04ffff001d028607,1926,True,True,True
11458,04ffff001d028807,1928,True,True,True
11459,04ffff001d028a07,1930,True,True,True
11460,04ffff001d029107,1937,True,True,True
11462,04ffff001d029307,1939,True,True,True
11463,04ffff001d02a007,1952,True,True,True
11465,04ffff001d02a107,1953,True,True,True
11467,04ffff001d02a307,1955,True,True,True
11468,04ffff001d02ae07,1966,True,True,True
11470,04ffff001d02af07,1967,True,True,True
11471,04ffff001d02b207,1970,True,True,True
11472,04ffff001d02b707,1975,True,True,True
11473,04ffff001d02bb07,1979,True,True,True
11474,04ffff001d02c007,1984,True,True,True
11476,04ffff001d02c207,1986,True,True,True
11477,04ffff001d02ca07,1994,True,True,True
11479,04ffff001d02cb07,1995,True,True,True
11480,04ffff001d02cd07,1997,True,True,True
11481,04ffff001d02cf07,1999,True,True,True
11483,04ffff001d02d907,2009,True,True,True
11485,04ffff001d02da07,2010,True,True,True
11486,04ffff001d02dd07,2013,True,True,True
11488,04ffff001d02e307,2019,True,True,True
11490,04ffff001d02ea07,2026,True,True,True
11491,04ffff001d02ee07,2030,True,True,True
11493,04ffff001d020608,2054,True,True,True
11494,04ffff001d021c08,2076,True,True,True
11495,04ffff001d022308,2083,True,True,True
11496,04ffff001d023208,2098,True,True,True
11497,04ffff001d023808,2104,True,True,True
11498,04ffff001d023e08,2110,True,True,True
11502,04ffff001d024008,2112,True,True,True
11503,04ffff001d024308,2115,True,True,True
11505,04ffff001d025208,2130,True,True,True
11506,04ffff001d025608,2134,True,True,True
11507,04ffff001d025e08,2142,True,True,True
11508,04ffff001d026308,2147,True,True,True
11509,04ffff001d026708,2151,True,True,True
11510,04ffff001d026b08,2155,True,True,True
11512,04ffff001d027008,2160,True,True,True
11513,04ffff001d027708,2167,True,True,True
11514,04ffff001d028108,2177,True,True,True
11515,04ffff001d028508,2181,True,True,True
11516,04ffff001d028908,2185,True,True,True
11518,04ffff001d028b08,2187,True,True,True
11519,04ffff001d029408,2196,True,True,True
11522,04ffff001d029c08,2204,True,True,True
11524,04ffff001d02a808,2216,True,True,True
11525,04ffff001d02b308,2227,True,True,True
11526,04ffff001d02b608,2230,True,True,True
11528,04ffff001d02b908,2233,True,True,True
11529,04ffff001d02bc08,2236,True,True,True
11531,04ffff001d02c408,2244,True,True,True
11532,04ffff001d02ca08,2250,True,True,True
11533,04ffff001d02cb08,2251,True,True,True
11534,04ffff001d02d008,2256,True,True,True
11535,04ffff001d02d808,2264,True,True,True
11536,04ffff001d02e108,2273,True,True,True
11537,04ffff001d02f708,2295,True,True,True
11538,04ffff001d02f908,2297,True,True,True
11539,04ffff001d020009,2304,True,True,True
11540,04ffff001d020209,2306,True,True,True
11541,04ffff001d020809,2312,True,True,True
11542,04ffff001d020a09,2314,True,True,True
11544,04ffff001d021209,2322,True,True,True
11546,04ffff001d022209,2338,True,True,True
11548,04ffff001d022309,2339,True,True,True
11549,04ffff001d022909,2345,True,True,True
11550,04ffff001d023009,2352,True,True,True
11551,04ffff001d023909,2361,True,True,True
11553,04ffff001d024709,2375,True,True,True
11554,04ffff001d024809,2376,True,True,True
11556,04ffff001d024f09,2383,True,True,True
11557,04ffff001d025109,2385,True,True,True
11558,04ffff001d025709,2391,True,True,True
11559,04ffff001d025809,2392,True,True,True
11560,04ffff001d025c09,2396,True,True,True
11562,04ffff001d026109,2401,True,True,True
11563,04ffff001d026d09,2413,True,True,True
11564,04ffff001d027009,2416,True,True,True
11565,04ffff001d027109,2417,True,True,True
11566,04ffff001d027809,2424,True,True,True
11567,04ffff001d027d09,2429,True,True,True
11569,04ffff001d028209,2434,True,True,True
11571,04ffff001d028309,2435,True,True,True
11572,04ffff001d028609,2438,True,True,True
11573,04ffff001d028f09,2447,True,True,True
11576,04ffff001d029709,2455,True,True,True
11577,04ffff001d029f09,2463,True,True,True
11578,04ffff001d02a909,2473,True,True,True
11581,04ffff001d02ad09,2477,True,True,True
11582,04ffff001d02b109,2481,True,True,True
11585,04ffff001d02b609,2486,True,True,True
11586,04ffff001d02c509,2501,True,True,True
11587,04ffff001d02ce09,2510,True,True,True
11588,04ffff001d02d409,2516,True,True,True
11589,04ffff001d02e409,2532,True,True,True
11590,04ffff001d02e509,2533,True,True,True
11591,04ffff001d02e709,2535,True,True,True
11592,04ffff001d02eb09,2539,True,True,True
11593,04ffff001d02ec09,2540,True,True,True
11595,04ffff001d02ed09,2541,True,True,True
11596,04ffff001d02ee09,2542,True,True,True
11597,04ffff001d02f009,2544,True,True,True
11598,04ffff001d02f209,2546,True,True,True
11599,04ffff001d02f309,2547,True,True,True
11600,04ffff001d02f509,2549,True,True,True
11601,04ffff001d02f909,2553,True,True,True
11603,04ffff001d02fc09,2556,True,True,True
11604,04ffff001d02010a,2561,True,True,True
11607,04ffff001d02060a,2566,True,True,True
11608,04ffff001d02070a,2567,True,True,True
11609,04ffff001d02110a,2577,True,True,True
11611,04ffff001d02140a,2580,True,True,True
11613,04ffff001d02160a,2582,True,True,True
11615,04ffff001d02170a,2583,True,True,True
11617,04ffff001d021b0a,2587,True,True,True
11618,04ffff001d021c0a,2588,True,True,True
11620,04ffff001d02260a,2598,True,True,True
11623,04ffff001d02350a,2613,True,True,True
11625,04ffff001d02360a,2614,True,True,True
11628,04ffff001d0103,3,True,True,True
11629,04ffff001d0109,9,True,True,True
11630,04ffff001d010a,10,True,True,True
11631,04ffff001d010b,11,True,True,True
11633,04ffff001d0118,24,True,True,True
11634,04ffff001d011d,29,True,True,True
11635,04ffff001d0124,36,True,True,True
11636,04ffff001d012b,43,True,True,True
11638,04ffff001d0131,49,True,True,True
11640,04ffff001d0134,52,True,True,True
11641,04ffff001d013d,61,True,True,True
11643,04ffff001d0140,64,True,True,True
11644,04ffff001d0146,70,True,True,True
11645,04ffff001d014b,75,True,True,True
11646,04ffff001d0150,80,True,True,True
11647,04ffff001d015d,93,True,True,True
11648,04ffff001d016f,111,True,True,True
11649,04ffff001d0172,114,True,True,True
11651,04ffff001d0176,118,True,True,True
11652,04ffff001d017b,123,True,True,True
11653,04ffff001d017d,125,True,True,True
11654,04ffff001d028200,130,True,True,True
11655,04ffff001d028400,132,True,True,True
11656,04ffff001d028b00,139,True,True,True
11659,04ffff001d028d00,141,True,True,True
11660,04ffff001d028e00,142,True,True,True
11661,04ffff001d029d00,157,True,True,True
11662,04ffff001d02a500,165,True,True,True
11663,04ffff001d02b100,177,True,True,True
11664,04ffff001d02b400,180,True,True,True
11665,04ffff001d02b800,184,True,True,True
11666,04ffff001d02bd00,189,True,True,True
11667,04ffff001d02bf00,191,True,True,True
11668,04ffff001d02c500,197,True,True,True
11671,04ffff001d02c800,200,True,True,True
11673,04ffff001d02c900,201,True,True,True
11675,04ffff001d02cb00,203,True,True,True
11676,04ffff001d02cc00,204,True,True,True
11678,04ffff001d02ce00,206,True,True,True
11680,04ffff001d02d500,213,True,True,True
11682,04ffff001d02e000,224,True,True,True
11683,04ffff001d02e700,231,True,True,True
11685,04ffff001d02ed00,237,True,True,True
11687,04ffff001d02f200,242,True,True,True
11689,04ffff001d02fb00,251,True,True,True
11691,04ffff001d02fc00,252,True,True,True
11692,04ffff001d020401,260,True,True,True
11693,04ffff001d021001,272,True,True,True
11694,04ffff001d021101,273,True,True,True
11695,04ffff001d021701,279,True,True,True
11696,04ffff001d021901,281,True,True,True
11697,04ffff001d021a01,282,True,True,True
11698,04ffff001d021b01,283,True,True,True
11700,04ffff001d021e01,286,True,True,True
11701,04ffff001d022501,293,True,True,True
11702,04ffff001d022801,296,True,True,True
11703,04ffff001d023301,307,True,True,True
11704,04ffff001d023601,310,True,True,True
11706,04ffff001d023801,312,True,True,True
11707,04ffff001d023901,313,True,True,True
11708,04ffff001d023b01,315,True,True,True
11709,04ffff001d023c01,316,True,True,True
11711,04ffff001d024c01,332,True,True,True
11712,04ffff001d024d01,333,True,True,True
11713,04ffff001d024e01,334,True,True,True
11714,04ffff001d025301,339,True,True,True
11715,04ffff001d025401,340,True,True,True
11718,04ffff001d025601,342,True,True,True
11719,04ffff001d025c01,348,True,True,True
11720,04ffff001d025d01,349,True,True,True
11721,04ffff001d025f01,351,True,True,True
11723,04ffff001d027901,377,True,True,True
11724,04ffff001d027c01,380,True,True,True
11727,04ffff001d027d01,381,True,True,True
11729,04ffff001d028101,385,True,True,True
11731,04ffff001d028301,387,True,True,True
11732,04ffff001d028b01,395,True,True,True
11733,04ffff001d028e01,398,True,True,True
11734,04ffff001d028f01,399,True,True,True
11735,04ffff001d029501,405,True,True,True
11736,04ffff001d029c01,412,True,True,True
11741,04ffff001d02a301,419,True,True,True
11742,04ffff001d02af01,431,True,True,True
11743,04ffff001d02b201,434,True,True,True
11744,04ffff001d02b301,435,True,True,True
11745,04ffff001d02b401,436,True,True,True
11746,04ffff001d02c201,450,True,True,True
11748,04ffff001d02cd01,461,True,True,True
11750,04ffff001d02d901,473,True,True,True
11753,04ffff001d02e501,485,True,True,True
11754,04ffff001d02ef01,495,True,True,True
11756,04ffff001d02f301,499,True,True,True
11757,04ffff001d02f501,501,True,True,True
11758,04ffff001d02f901,505,True,True,True
11760,04ffff001d02fe01,510,True,True,True
11761,04ffff001d020202,514,True,True,True
11762,04ffff001d021002,528,True,True,True
11764,04ffff001d021502,533,True,True,True
11765,04ffff001d022a02,554,True,True,True
11766,04ffff001d022e02,558,True,True,True
11767,04ffff001d022f02,559,True,True,True
11769,04ffff001d023e02,574,True,True,True
11771,04ffff001d025502,597,True,True,True
11773,04ffff001d026202,610,True,True,True
11774,04ffff001d026302,611,True,True,True
11775,04ffff001d026b02,619,True,True,True
11777,04ffff001d026d02,621,True,True,True
11778,04ffff001d027902,633,True,True,True
11780,04ffff001d027d02,637,True,True,True
11781,04ffff001d027e02,638,True,True,True
11782,04ffff001d028302,643,True,True,True
11783,04ffff001d028502,645,True,True,True
11784,04ffff001d029402,660,True,True,True
11786,04ffff001d029a02,666,True,True,True
11787,04ffff001d029b02,667,True,True,True
11788,04ffff001d029d02,669,True,True,True
11789,04ffff001d029e02,670,True,True,True
11790,04ffff001d029f02,671,True,True,True
11793,04ffff001d02b002,688,True,True,True
11794,04ffff001d02b402,692,True,True,True
11795,04ffff001d02bb02,699,True,True,True
11796,04ffff001d02be02,702,True,True,True
11797,04ffff001d02cb02,715,True,True,True
11799,04ffff001d02cc02,716,True,True,True
11800,04ffff001d02cd02,717,True,True,True
11802,04ffff001d02ce02,718,True,True,True
11805,04ffff001d02d002,720,True,True,True
11806,04ffff001d02d302,723,True,True,True
11808,04ffff001d02db02,731,True,True,True
11809,04ffff001d02dc02,732,True,True,True
11810,04ffff001d02dd02,733,True,True,True
11811,04ffff001d02e102,737,True,True,True
11812,04ffff001d02e202,738,True,True,True
11813,04ffff001d02e302,739,True,True,True
11814,04ffff001d02e502,741,True,True,True
11815,04ffff001d02e802,744,True,True,True
11816,04ffff001d02f102,753,True,True,True
11817,04ffff001d020103,769,True,True,True
11820,04ffff001d020903,777,True,True,True
11821,04ffff001d020e03,782,True,True,True
11822,04ffff001d021103,785,True,True,True
11823,04ffff001d021603,790,True,True,True
11824,04ffff001d021703,791,True,True,True
11825,04ffff001d022003,800,True,True,True
11826,04ffff001d022303,803,True,True,True
11827,04ffff001d022703,807,True,True,True
11829,04ffff001d022c03,812,True,True,True
11830,04ffff001d025503,853,True,True,True
11831,04ffff001d026303,867,True,True,True
11832,04ffff001d026b03,875,True,True,True
11833,04ffff001d026f03,879,True,True,True
11834,04ffff001d027803,888,True,True,True
11836,04ffff001d028603,902,True,True,True
11837,04ffff001d029103,913,True,True,True
11839,04ffff001d029403,916,True,True,True
11842,04ffff001d029e03,926,True,True,True
11843,04ffff001d02a403,932,True,True,True
11844,04ffff001d02ab03,939,True,True,True
11845,04ffff001d02ad03,941,True,True,True
11846,04ffff001d02af03,943,True,True,True
11848,04ffff001d02b103,945,True,True,True
11850,04ffff001d02c303,963,True,True,True
11851,04ffff001d02c803,968,True,True,True
11852,04ffff001d02cc03,972,True,True,True
11853,04ffff001d02ce03,974,True,True,True
11854,04ffff001d02dd03,989,True,True,True
11855,04ffff001d02e203,994,True,True,True
11856,04ffff001d02eb03,1003,True,True,True
11857,04ffff001d02ec03,1004,True,True,True
11858,04ffff001d02f203,1010,True,True,True
11861,04ffff001d02fd03,1021,True,True,True
11862,04ffff001d020104,1025,True,True,True
11863,04ffff001d021004,1040,True,True,True
11864,04ffff001d021104,1041,True,True,True
11865,04ffff001d021504,1045,True,True,True
11867,04ffff001d021604,1046,True,True,True
11868,04ffff001d021804,1048,True,True,True
11869,04ffff001d022904,1065,True,True,True
11870,04ffff001d023504,1077,True,True,True
11871,04ffff001d023d04,1085,True,True,True
11873,04ffff001d024304,1091,True,True,True
11874,04ffff001d025004,1104,True,True,True
11875,04ffff001d025704,1111,True,True,True
11878,04ffff001d025c04,1116,True,True,True
11879,04ffff001d026004,1120,True,True,True
11881,04ffff001d026704,1127,True,True,True
11883,04ffff001d026804,1128,True,True,True
11884,04ffff001d027004,1136,True,True,True
11887,04ffff001d028204,1154,True,True,True
11888,04ffff001d028b04,1163,True,True,True
11889,04ffff001d029204,1170,True,True,True
11892,04ffff001d029604,1174,True,True,True
11893,04ffff001d029704,1175,True,True,True
11894,04ffff001d029904,1177,True,True,True
11895,04ffff001d029f04,1183,True,True,True
11898,04ffff001d02a304,1187,True,True,True
11899,04ffff001d02a404,1188,True,True,True
11900,04ffff001d02a604,1190,True,True,True
11901,04ffff001d02b304,1203,True,True,True
11903,04ffff001d02bf04,1215,True,True,True
11905,04ffff001d02c804,1224,True,True,True
11906,04ffff001d02d504,1237,True,True,True
11908,04ffff001d02da04,1242,True,True,True
11909,04ffff001d02dd04,1245,True,True,True
11910,04ffff001d02ee04,1262,True,True,True
11912,04ffff001d02f104,1265,True,True,True
11913,04ffff001d020105,1281,True,True,True
11914,04ffff001d020805,1288,True,True,True
11915,04ffff001d020e05,1294,True,True,True
11916,04ffff001d021105,1297,True,True,True
11917,04ffff001d021705,1303,True,True,True
11918,04ffff001d022305,1315,True,True,True
11920,04ffff001d023505,1333,True,True,True
11923,04ffff001d023605,1334,True,True,True
11924,04ffff001d023705,1335,True,True,True
11925,04ffff001d023a05,1338,True,True,True
11927,04ffff001d023b05,1339,True,True,True
11929,04ffff001d023e05,1342,True,True,True
11930,04ffff001d024405,1348,True,True,True
11931,04ffff001d024705,1351,True,True,True
11932,04ffff001d024a05,1354,True,True,True
11933,04ffff001d024b05,1355,True,True,True
11934,04ffff001d024c05,1356,True,True,True
11936,04ffff001d025e05,1374,True,True,True
11938,04ffff001d026405,1380,True,True,True
11939,04ffff001d026a05,1386,True,True,True
11940,04ffff001d026f05,1391,True,True,True
11941,04ffff001d027005,1392,True,True,True
11942,04ffff001d027205,1394,True,True,True
11943,04ffff001d027305,1395,True,True,True
11944,04ffff001d027405,1396,True,True,True
11945,04ffff001d027505,1397,True,True,True
11946,04ffff001d027705,1399,True,True,True
11947,04ffff001d027805,1400,True,True,True
11949,04ffff001d028005,1408,True,True,True
11950,04ffff001d028905,1417,True,True,True
11951,04ffff001d028e05,1422,True,True,True
11952,04ffff001d029205,1426,True,True,True
11953,04ffff001d029705,1431,True,True,True
11954,04ffff001d02aa05,1450,True,True,True
11955,04ffff001d02b105,1457,True,True,True
11957,04ffff001d02b405,1460,True,True,True
11958,04ffff001d02c205,1474,True,True,True
11959,04ffff001d02c305,1475,True,True,True
11960,04ffff001d02c505,1477,True,True,True
11961,04ffff001d02cc05,1484,True,True,True
11962,04ffff001d02d305,1491,True,True,True
11963,04ffff001d02d705,1495,True,True,True
11968,04ffff001d0101,1,True,True,True
11969,04ffff001d0105,5,True,True,True
11970,04ffff001d010d,13,True,True,True
11971,04ffff001d010f,15,True,True,True
11972,04ffff001d0119,25,True,True,True
11973,04ffff001d011c,28,True,True,True
11974,04ffff001d011d,29,True,True,True
11977,04ffff001d012c,44,True,True,True
11978,04ffff001d012f,47,True,True,True
11979,04ffff001d0130,48,True,True,True
11980,04ffff001d0138,56,True,True,True
11981,04ffff001d0152,82,True,True,True
11982,04ffff001d0156,86,True,True,True
11984,04ffff001d015d,93,True,True,True
11985,04ffff001d0169,105,True,True,True
11986,04ffff001d028600,134,True,True,True
11988,04ffff001d029a00,154,True,True,True
11989,04ffff001d029c00,156,True,True,True
11990,04ffff001d02a200,162,True,True,True
11991,04ffff001d02a500,165,True,True,True
11993,04ffff001d02a600,166,True,True,True
11994,04ffff001d02ab00,171,True,True,True
11995,04ffff001d02b900,185,True,True,True
11996,04ffff001d02bc00,188,True,True,True
11997,04ffff001d02c400,196,True,True,True
11998,04ffff001d02c800,200,True,True,True
12000,04ffff001d02db00,219,True,True,True
12002,04ffff001d02dc00,220,True,True,True
12003,04ffff001d02e800,232,True,True,True
12004,04ffff001d02eb00,235,True,True,True
12006,04ffff001d02f500,245,True,True,True
12007,04ffff001d02f800,248,True,True,True
12009,04ffff001d02f900,249,True,True,True
12011,04ffff001d02fe00,254,True,True,True
12012,04ffff001d02ff00,255,True,True,True
12013,04ffff001d020201,258,True,True,True
12014,04ffff001d020401,260,True,True,True
12015,04ffff001d020501,261,True,True,True
12017,04ffff001d020d01,269,True,True,True
12018,04ffff001d020f01,271,True,True,True
12019,04ffff001d021c01,284,True,True,True
12020,04ffff001d021f01,287,True,True,True
12021,04ffff001d022301,291,True,True,True
12022,04ffff001d022501,293,True,True,True
12023,04ffff001d022601,294,True,True,True
12026,04ffff001d023101,305,True,True,True
12027,04ffff001d023301,307,True,True,True
12029,04ffff001d023601,310,True,True,True
12031,04ffff001d023901,313,True,True,True
12034,04ffff001d024301,323,True,True,True
12035,04ffff001d024601,326,True,True,True
12037,04ffff001d024f01,335,True,True,True
12038,04ffff001d025d01,349,True,True,True
12039,04ffff001d026201,354,True,True,True
12040,04ffff001d026f01,367,True,True,True
12041,04ffff001d027a01,378,True,True,True
12042,04ffff001d027c01,380,True,True,True
12043,04ffff001d028a01,394,True,True,True
12044,04ffff001d028c01,396,True,True,True
12045,04ffff001d029301,403,True,True,True
12046,04ffff001d029801,408,True,True,True
12047,04ffff001d029901,409,True,True,True
12049,04ffff001d029a01,410,True,True,True
12050,04ffff001d02ad01,429,True,True,True
12051,04ffff001d02af01,431,True,True,True
12052,04ffff001d02b001,432,True,True,True
12053,04ffff001d02b101,433,True,True,True
12054,04ffff001d02b401,436,True,True,True
12055,04ffff001d02bb01,443,True,True,True
12056,04ffff001d02c301,451,True,True,True
12057,04ffff001d02cc01,460,True,True,True
12058,04ffff001d02d201,466,True,True,True
12060,04ffff001d02d501,469,True,True,True
12061,04ffff001d02d801,472,True,True,True
12062,04ffff001d02db01,475,True,True,True
12063,04ffff001d02ef01,495,True,True,True
12065,04ffff001d02ff01,511,True,True,True
12067,04ffff001d020502,517,True,True,True
12068,04ffff001d020702,519,True,True,True
12069,04ffff001d021202,530,True,True,True
12070,04ffff001d021902,537,True,True,True
12071,04ffff001d021f02,543,True,True,True
12073,04ffff001d022102,545,True,True,True
12074,04ffff001d022702,551,True,True,True
12075,04ffff001d022c02,556,True,True,True
12076,04ffff001d022e02,558,True,True,True
12077,04ffff001d023302,563,True,True,True
12078,04ffff001d023902,569,True,True,True
12079,04ffff001d023a02,570,True,True,True
12080,04ffff001d024402,580,True,True,True
12081,04ffff001d024b02,587,True,True,True
12082,04ffff001d025002,592,True,True,True
12085,04ffff001d025202,594,True,True,True
12086,04ffff001d025b02,603,True,True,True
12087,04ffff001d025c02,604,True,True,True
12088,04ffff001d026102,609,True,True,True
12089,04ffff001d026802,616,True,True,True
12090,04ffff001d026e02,622,True,True,True
12092,04ffff001d027102,625,True,True,True
12093,04ffff001d027402,628,True,True,True
12094,04ffff001d027502,629,True,True,True
12095,04ffff001d027702,631,True,True,True
12097,04ffff001d027a02,634,True,True,True
12099,04ffff001d028102,641,True,True,True
12100,04ffff001d028302,643,True,True,True
12101,04ffff001d029002,656,True,True,True
12102,04ffff001d029c02,668,True,True,True
12103,04ffff001d02a502,677,True,True,True
12104,04ffff001d02a802,680,True,True,True
12105,04ffff001d02a902,681,True,True,True
12107,04ffff001d02af02,687,True,True,True
12108,04ffff001d02bb02,699,True,True,True
12109,04ffff001d02bd02,701,True,True,True
12111,04ffff001d02bf02,703,True,True,True
12112,04ffff001d02c002,704,True,True,True
12113,04ffff001d02c402,708,True,True,True
12115,04ffff001d02c902,713,True,True,True
12116,04ffff001d02cc02,716,True,True,True
12117,04ffff001d02d102,721,True,True,True
12118,04ffff001d02d202,722,True,True,True
12119,04ffff001d02d602,726,True,True,True
12121,04ffff001d02db02,731,True,True,True
12122,04ffff001d02de02,734,True,True,True
12124,04ffff001d02ea02,746,True,True,True
12125,04ffff001d02ed02,749,True,True,True
12126,04ffff001d02f202,754,True,True,True
12128,04ffff001d02f402,756,True,True,True
12129,04ffff001d02f602,758,True,True,True
12131,04ffff001d02f702,759,True,True,True
12132,04ffff001d02f902,761,True,True,True
12133,04ffff001d02fc02,764,True,True,True
12134,04ffff001d020603,774,True,True,True
12135,04ffff001d020703,775,True,True,True
12136,04ffff001d020803,776,True,True,True
12137,04ffff001d020c03,780,True,True,True
12139,04ffff001d021a03,794,True,True,True
12141,04ffff001d022503,805,True,True,True
12142,04ffff001d022803,808,True,True,True
12144,04ffff001d022b03,811,True,True,True
12146,04ffff001d023303,819,True,True,True
12147,04ffff001d024903,841,True,True,True
12148,04ffff001d024e03,846,True,True,True
12150,04ffff001d025603,854,True,True,True
12151,04ffff001d025a03,858,True,True,True
12152,04ffff001d025b03,859,True,True,True
12154,04ffff001d026403,868,True,True,True
12155,04ffff001d026803,872,True,True,True
12156,04ffff001d026c03,876,True,True,True
12157,04ffff001d026f03,879,True,True,True
12159,04ffff001d027003,880,True,True,True
12160,04ffff001d027603,886,True,True,True
12162,04ffff001d027703,887,True,True,True
12163,04ffff001d027903,889,True,True,True
12165,04ffff001d028103,897,True,True,True
12167,04ffff001d028b03,907,True,True,True
12169,04ffff001d028f03,911,True,True,True
12171,04ffff001d029703,919,True,True,True
12172,04ffff001d029a03,922,True,True,True
12173,04ffff001d029c03,924,True,True,True
12174,04ffff001d02a303,931,True,True,True
12175,04ffff001d02b003,944,True,True,True
12177,04ffff001d02b103,945,True,True,True
12178,04ffff001d02b503,949,True,True,True
12179,04ffff001d02ba03,954,True,True,True
12180,04ffff001d02bb03,955,True,True,True
12181,04ffff001d02c203,962,True,True,True
12183,04ffff001d02c803,968,True,True,True
12184,04ffff001d02db03,987,True,True,True
12187,04ffff001d02dd03,989,True,True,True
12189,04ffff001d02de03,990,True,True,True
12192,04ffff001d02e603,998,True,True,True
12194,04ffff001d02e803,1000,True,True,True
12195,04ffff001d02f503,1013,True,True,True
12196,04ffff001d02fb03,1019,True,True,True
12197,04ffff001d02fd03,1021,True,True,True
12199,04ffff001d020504,1029,True,True,True
12200,04ffff001d020804,1032,True,True,True
12202,04ffff001d020b04,1035,True,True,True
12203,04ffff001d020f04,1039,True,True,True
12204,04ffff001d021504,1045,True,True,True
12205,04ffff001d021b04,1051,True,True,True
12207,04ffff001d021d04,1053,True,True,True
12208,04ffff001d023a04,1082,True,True,True
12209,04ffff001d024a04,1098,True,True,True
12210,04ffff001d025b04,1115,True,True,True
12211,04ffff001d025c04,1116,True,True,True
12212,04ffff001d026004,1120,True,True,True
12214,04ffff001d026304,1123,True,True,True
12215,04ffff001d026404,1124,True,True,True
12216,04ffff001d026a04,1130,True,True,True
12217,04ffff001d026b04,1131,True,True,True
12219,04ffff001d027604,1142,True,True,True
12220,04ffff001d027904,1145,True,True,True
12221,04ffff001d028604,1158,True,True,True
12222,04ffff001d028a04,1162,True,True,True
12223,04ffff001d028c04,1164,True,True,True
12224,04ffff001d028e04,1166,True,True,True
12225,04ffff001d029104,1169,True,True,True
12226,04ffff001d029304,1171,True,True,True
12227,04ffff001d029504,1173,True,True,True
12228,04ffff001d029704,1175,True,True,True
12229,04ffff001d02a004,1184,True,True,True
12230,04ffff001d02a304,1187,True,True,True
12231,04ffff001d02a504,1189,True,True,True
12232,04ffff001d02a604,1190,True,True,True
12235,04ffff001d02a904,1193,True,True,True
12237,04ffff001d02ae04,1198,True,True,True
12238,04ffff001d02b004,1200,True,True,True
12240,04ffff001d02bb04,1211,True,True,True
12242,04ffff001d02bf04,1215,True,True,True
12243,04ffff001d02c004,1216,True,True,True
12244,04ffff001d02c304,1219,True,True,True
12245,04ffff001d02c504,1221,True,True,True
12246,04ffff001d02c704,1223,True,True,True
12247,04ffff001d02ca04,1226,True,True,True
12248,04ffff001d02d504,1237,True,True,True
12250,04ffff001d02db04,1243,True,True,True
12251,04ffff001d02dd04,1245,True,True,True
12253,04ffff001d02e004,1248,True,True,True
12254,04ffff001d02e404,1252,True,True,True
12256,04ffff001d02f304,1267,True,True,True
12257,04ffff001d02f404,1268,True,True,True
12258,04ffff001d02fa04,1274,True,True,True
12259,04ffff001d020205,1282,True,True,True
12260,04ffff001d020705,1287,True,True,True
12261,04ffff001d020905,1289,True,True,True
12262,04ffff001d020a05,1290,True,True,True
12263,04ffff001d020b05,1291,True,True,True
12264,04ffff001d020f05,1295,True,True,True
12266,04ffff001d021605,1302,True,True,True
12267,04ffff001d021905,1305,True,True,True
12268,04ffff001d021b05,1307,True,True,True
12269,04ffff001d022005,1312,True,True,True
12271,04ffff001d022505,1317,True,True,True
12272,04ffff001d022905,1321,True,True,True
12274,04ffff001d023105,1329,True,True,True
12276,04ffff001d023b05,1339,True,True,True
12277,04ffff001d024405,1348,True,True,True
12279,04ffff001d024c05,1356,True,True,True
12280,04ffff001d025605,1366,True,True,True
12281,04ffff001d025c05,1372,True,True,True
12283,04ffff001d026405,1380,True,True,True
12285,04ffff001d026b05,1387,True,True,True
12286,04ffff001d027005,1392,True,True,True
12287,04ffff001d028405,1412,True,True,True
12289,04ffff001d029005,1424,True,True,True
12290,04ffff001d029405,1428,True,True,True
12291,04ffff001d029b05,1435,True,True,True
12292,04ffff001d029c05,1436,True,True,True
12293,04ffff001d029d05,1437,True,True,True
12294,04ffff001d029e05,1438,True,True,True
12295,04ffff001d02ad05,1453,True,True,True
12296,04ffff001d02ae05,1454,True,True,True
12297,04ffff001d02bb05,1467,True,True,True
12298,04ffff001d02bf05,1471,True,True,True
12300,04ffff001d02c205,1474,True,True,True
12301,04ffff001d02c605,1478,True,True,True
12302,04ffff001d02c905,1481,True,True,True
12303,04ffff001d02ce05,1486,True,True,True
12304,04ffff001d02d405,1492,True,True,True
12305,04ffff001d02da05,1498,True,True,True
12306,04ffff001d02e005,1504,True,True,True
12307,04ffff001d02e305,1507,True,True,True
12308,04ffff001d02eb05,1515,True,True,True
12309,04ffff001d02f105,1521,True,True,True
12310,04ffff001d02f505,1525,True,True,True
12312,04ffff001d02fb05,1531,True,True,True
12313,04ffff001d020506,1541,True,True,True
12315,04ffff001d020906,1545,True,True,True
12317,04ffff001d020b06,1547,True,True,True
12318,04ffff001d022006,1568,True,True,True
12319,04ffff001d022a06,1578,True,True,True
12320,04ffff001d023406,1588,True,True,True
12321,04ffff001d024b06,1611,True,True,True
12322,04ffff001d024c06,1612,True,True,True
12324,04ffff001d024d06,1613,True,True,True
12325,04ffff001d024f06,1615,True,True,True
12326,04ffff001d026206,1634,True,True,True
12327,04ffff001d026406,1636,True,True,True
12328,04ffff001d027606,1654,True,True,True
12329,04ffff001d027b06,1659,True,True,True
12331,04ffff001d027c06,1660,True,True,True
12332,04ffff001d028606,1670,True,True,True
12336,04ffff001d028c06,1676,True,True,True
12337,04ffff001d029006,1680,True,True,True
12338,04ffff001d029706,1687,True,True,True
12341,04ffff001d029c06,1692,True,True,True
12344,04ffff001d02a106,1697,True,True,True
12345,04ffff001d02aa06,1706,True,True,True
12346,04ffff001d02af06,1711,True,True,True
12347,04ffff001d02b306,1715,True,True,True
12348,04ffff001d02b406,1716,True,True,True
12350,04ffff001d02b706,1719,True,True,True
12351,04ffff001d02b806,1720,True,True,True
12352,04ffff001d02b906,1721,True,True,True
12353,04ffff001d02ed06,1773,True,True,True
12354,04ffff001d02f206,1778,True,True,True
12355,04ffff001d02f306,1779,True,True,True
12356,04ffff001d02f406,1780,True,True,True
12357,04ffff001d02fa06,1786,True,True,True
12358,04ffff001d02fb06,1787,True,True,True
12359,04ffff001d02ff06,1791,True,True,True
12360,04ffff001d020707,1799,True,True,True
12361,04ffff001d020807,1800,True,True,True
12363,04ffff001d020a07,1802,True,True,True
12365,04ffff001d021307,1811,True,True,True
12366,04ffff001d021507,1813,True,True,True
12367,04ffff001d022407,1828,True,True,True
12368,04ffff001d022507,1829,True,True,True
12369,04ffff001d022e07,1838,True,True,True
12370,04ffff001d023007,1840,True,True,True
12371,04ffff001d023307,1843,True,True,True
12372,04ffff001d023f07,1855,True,True,True
12373,04ffff001d024007,1856,True,True,True
12374,04ffff001d024607,1862,True,True,True
12375,04ffff001d024a07,1866,True,True,True
12376,04ffff001d024d07,1869,True,True,True
12377,04ffff001d025207,1874,True,True,True
12378,04ffff001d025b07,1883,True,True,True
12379,04ffff001d026507,1893,True,True,True
12380,04ffff001d028707,1927,True,True,True
12381,04ffff001d029007,1936,True,True,True
12382,04ffff001d029907,1945,True,True,True
12383,04ffff001d029d07,1949,True,True,True
12384,04ffff001d02af07,1967,True,True,True
12386,04ffff001d02b107,1969,True,True,True
12387,04ffff001d02c407,1988,True,True,True
12388,04ffff001d02d107,2001,True,True,True
12389,04ffff001d02d207,2002,True,True,True
12390,04ffff001d02de07,2014,True,True,True
12391,04ffff001d02f007,2032,True,True,True
12393,04ffff001d02f307,2035,True,True,True
12394,04ffff001d02fd07,2045,True,True,True
12395,04ffff001d020908,2057,True,True,True
12396,04ffff001d021108,2065,True,True,True
12397,04ffff001d021308,2067,True,True,True
12398,04ffff001d021a08,2074,True,True,True
12399,04ffff001d021e08,2078,True,True,True
12400,04ffff001d022108,2081,True,True,True
12402,04ffff001d022908,2089,True,True,True
12403,04ffff001d022d08,2093,True,True,True
12405,04ffff001d023208,2098,True,True,True
12406,04ffff001d023608,2102,True,True,True
12408,04ffff001d023b08,2107,True,True,True
12409,04ffff001d023c08,2108,True,True,True
12410,04ffff001d023d08,2109,True,True,True
12412,04ffff001d024508,2117,True,True,True
12413,04ffff001d025b08,2139,True,True,True
12414,04ffff001d025e08,2142,True,True,True
12415,04ffff001d026908,2153,True,True,True
12416,04ffff001d026a08,2154,True,True,True
12417,04ffff001d026b08,2155,True,True,True
12419,04ffff001d027208,2162,True,True,True
12420,04ffff001d027f08,2175,True,True,True
12421,04ffff001d028508,2181,True,True,True
12422,04ffff001d028608,2182,True,True,True
12423,04ffff001d028708,2183,True,True,True
12424,04ffff001d029408,2196,True,True,True
12425,04ffff001d02a108,2209,True,True,True
12427,04ffff001d02a208,2210,True,True,True
12428,04ffff001d02a608,2214,True,True,True
12429,04ffff001d02a808,2216,True,True,True
12431,04ffff001d02ae08,2222,True,True,True
12433,04ffff001d02c108,2241,True,True,True
12435,04ffff001d02c308,2243,True,True,True
12436,04ffff001d02cd08,2253,True,True,True
12438,04ffff001d02d308,2259,True,True,True
12439,04ffff001d02da08,2266,True,True,True
12440,04ffff001d02de08,2270,True,True,True
12442,04ffff001d02e408,2276,True,True,True
12443,04ffff001d02e608,2278,True,True,True
12444,04ffff001d02e908,2281,True,True,True
12445,04ffff001d02eb08,2283,True,True,True
12446,04ffff001d02ec08,2284,True,True,True
12448,04ffff001d02ef08,2287,True,True,True
12449,04ffff001d02f108,2289,True,True,True
12451,04ffff001d02f208,2290,True,True,True
12452,04ffff001d02f308,2291,True,True,True
12454,04ffff001d02f508,2293,True,True,True
12455,04ffff001d02f708,2295,True,True,True
12457,04ffff001d02fa08,2298,True,True,True
12458,04ffff001d020909,2313,True,True,True
12460,04ffff001d021309,2323,True,True,True
12462,04ffff001d021409,2324,True,True,True
12464,04ffff001d021509,2325,True,True,True
12465,04ffff001d021609,2326,True,True,True
12466,04ffff001d021709,2327,True,True,True
12467,04ffff001d021909,2329,True,True,True
12469,04ffff001d021f09,2335,True,True,True
12471,04ffff001d022709,2343,True,True,True
12472,04ffff001d023009,2352,True,True,True
12473,04ffff001d023f09,2367,True,True,True
12475,04ffff001d024509,2373,True,True,True
12476,04ffff001d024809,2376,True,True,True
12477,04ffff001d024909,2377,True,True,True
12479,04ffff001d025109,2385,True,True,True
12480,04ffff001d025309,2387,True,True,True
12481,04ffff001d025d09,2397,True,True,True
12483,04ffff001d025e09,2398,True,True,True
12485,04ffff001d026309,2403,True,True,True
12486,04ffff001d026409,2404,True,True,True
12487,04ffff001d027109,2417,True,True,True
12488,04ffff001d027709,2423,True,True,True
12489,04ffff001d027d09,2429,True,True,True
12490,04ffff001d028009,2432,True,True,True
12491,04ffff001d028109,2433,True,True,True
12492,04ffff001d029409,2452,True,True,True
12496,04ffff001d029c09,2460,True,True,True
12497,04ffff001d02a009,2464,True,True,True
12498,04ffff001d02a209,2466,True,True,True
12500,04ffff001d02ae09,2478,True,True,True
12501,04ffff001d02c009,2496,True,True,True
12504,04ffff001d02c309,2499,True,True,True
12505,04ffff001d02c609,2502,True,True,True
12507,04ffff001d02c809,2504,True,True,True
12509,04ffff001d02cf09,2511,True,True,True
12510,04ffff001d02da09,2522,True,True,True
12511,04ffff001d02e509,2533,True,True,True
12513,04ffff001d02e709,2535,True,True,True
12514,04ffff001d02f109,2545,True,True,True
12516,04ffff001d02000a,2560,True,True,True
12517,04ffff001d02010a,2561,True,True,True
12518,04ffff001d02090a,2569,True,True,True
12519,04ffff001d020a0a,2570,True,True,True
12521,04ffff001d020c0a,2572,True,True,True
12523,04ffff001d020f0a,2575,True,True,True
12524,04ffff001d02100a,2576,True,True,True
12526,04ffff001d02150a,2581,True,True,True
12529,04ffff001d0102,2,True,True,True
12530,04ffff001d0103,3,True,True,True
12531,04ffff001d0109,9,True,True,True
12533,04ffff001d010b,11,True,True,True
12534,04ffff001d010f,15,True,True,True
12535,04ffff001d0110,16,True,True,True
12536,04ffff001d0121,33,True,True,True
12538,04ffff001d0124,36,True,True,True
12540,04ffff001d0125,37,True,True,True
12541,04ffff001d0128,40,True,True,True
12543,04ffff001d012c,44,True,True,True
12544,04ffff001d012d,45,True,True,True
12546,04ffff001d013a,58,True,True,True
12547,04ffff001d0147,71,True,True,True
12548,04ffff001d0148,72,True,True,True
12549,04ffff001d014e,78,True,True,True
12550,04ffff001d0151,81,True,True,True
12552,04ffff001d0155,85,True,True,True
12554,04ffff001d0156,86,True,True,True
12555,04ffff001d0158,88,True,True,True
12557,04ffff001d0162,98,True,True,True
12558,04ffff001d0164,100,True,True,True
12559,04ffff001d016d,109,True,True,True
12560,04ffff001d0173,115,True,True,True
12562,04ffff001d0174,116,True,True,True
12564,04ffff001d0176,118,True,True,True
12565,04ffff001d0179,121,True,True,True
12566,04ffff001d017d,125,True,True,True
12567,04ffff001d028000,128,True,True,True
12569,04ffff001d028200,130,True,True,True
12570,04ffff001d028a00,138,True,True,True
12571,04ffff001d029300,147,True,True,True
12572,04ffff001d029400,148,True,True,True
12573,04ffff001d029d00,157,True,True,True
12574,04ffff001d02a600,166,True,True,True
12575,04ffff001d02ac00,172,True,True,True
12576,04ffff001d02b700,183,True,True,True
12577,04ffff001d02ba00,186,True,True,True
12579,04ffff001d02bc00,188,True,True,True
12580,04ffff001d02bf00,191,True,True,True
12582,04ffff001d02c300,195,True,True,True
12583,04ffff001d02c900,201,True,True,True
12584,04ffff001d02cb00,203,True,True,True
12585,04ffff001d02cc00,204,True,True,True
12586,04ffff001d02d200,210,True,True,True
12587,04ffff001d02da00,218,True,True,True
12589,04ffff001d02df00,223,True,True,True
12590,04ffff001d02e000,224,True,True,True
12591,04ffff001d02ec00,236,True,True,True
12592,04ffff001d02f800,248,True,True,True
12594,04ffff001d020301,259,True,True,True
12595,04ffff001d020a01,266,True,True,True
12596,04ffff001d021501,277,True,True,True
12597,04ffff001d021a01,282,True,True,True
12598,04ffff001d021d01,285,True,True,True
12599,04ffff001d022b01,299,True,True,True
12600,04ffff001d023001,304,True,True,True
12601,04ffff001d023301,307,True,True,True
12602,04ffff001d023b01,315,True,True,True
12603,04ffff001d023e01,318,True,True,True
12604,04ffff001d024601,326,True,True,True
12605,04ffff001d024d01,333,True,True,True
12606,04ffff001d025601,342,True,True,True
12607,04ffff001d025c01,348,True,True,True
12608,04ffff001d027401,372,True,True,True
12609,04ffff001d027c01,380,True,True,True
12610,04ffff001d027f01,383,True,True,True
12611,04ffff001d028101,385,True,True,True
12612,04ffff001d028301,387,True,True,True
12613,04ffff001d028801,392,True,True,True
12616,04ffff001d028901,393,True,True,True
12617,04ffff001d028b01,395,True,True,True
12619,04ffff001d028e01,398,True,True,True
12620,04ffff001d029001,400,True,True,True
12621,04ffff001d029901,409,True,True,True
12622,04ffff001d02a401,420,True,True,True
12623,04ffff001d02a901,425,True,True,True
12626,04ffff001d02ac01,428,True,True,True
12628,04ffff001d02ad01,429,True,True,True
12631,04ffff001d02b301,435,True,True,True
12632,04ffff001d02b801,440,True,True,True
12633,04ffff001d02b901,441,True,True,True
12634,04ffff001d02c301,451,True,True,True
12635,04ffff001d02cc01,460,True,True,True
12638,04ffff001d02e401,484,True,True,True
12642,04ffff001d02e501,485,True,True,True
12644,04ffff001d02f601,502,True,True,True
12647,04ffff001d020102,513,True,True,True
12648,04ffff001d020302,515,True,True,True
12649,04ffff001d020a02,522,True,True,True
12650,04ffff001d020b02,523,True,True,True
12651,04ffff001d020f02,527,True,True,True
12652,04ffff001d021102,529,True,True,True
12654,04ffff001d021a02,538,True,True,True
12655,04ffff001d021b02,539,True,True,True
12656,04ffff001d021f02,543,True,True,True
12657,04ffff001d022502,549,True,True,True
12660,04ffff001d022c02,556,True,True,True
12661,04ffff001d022d02,557,True,True,True
12663,04ffff001d024302,579,True,True,True
12664,04ffff001d025102,593,True,True,True
12666,04ffff001d026202,610,True,True,True
12667,04ffff001d026402,612,True,True,True
12668,04ffff001d026502,613,True,True,True
12670,04ffff001d026c02,620,True,True,True
12672,04ffff001d026e02,622,True,True,True
12674,04ffff001d026f02,623,True,True,True
12675,04ffff001d027502,629,True,True,True
12676,04ffff001d027b02,635,True,True,True
12677,04ffff001d028602,646,True,True,True
12678,04ffff001d028b02,651,True,True,True
12679,04ffff001d028d02,653,True,True,True
12681,04ffff001d028f02,655,True,True,True
12682,04ffff001d029202,658,True,True,True
12683,04ffff001d029502,661,True,True,True
12684,04ffff001d029c02,668,True,True,True
12685,04ffff001d029f02,671,True,True,True
12686,04ffff001d02a002,672,True,True,True
12687,04ffff001d02a602,678,True,True,True
12690,04ffff001d02a802,680,True,True,True
12692,04ffff001d02aa02,682,True,True,True
12693,04ffff001d02b602,694,True,True,True
12695,04ffff001d02bc02,700,True,True,True
12696,04ffff001d02bd02,701,True,True,True
12697,04ffff001d02c502,709,True,True,True
12699,04ffff001d02d002,720,True,True,True
12700,04ffff001d02d202,722,True,True,True
12701,04ffff001d02d402,724,True,True,True
12702,04ffff001d02db02,731,True,True,True
12703,04ffff001d02dc02,732,True,True,True
12704,04ffff001d02e002,736,True,True,True
12705,04ffff001d02eb02,747,True,True,True
12706,04ffff001d02f002,752,True,True,True
12707,04ffff001d02f202,754,True,True,True
12708,04ffff001d02f702,759,True,True,True
12710,04ffff001d020103,769,True,True,True
12711,04ffff001d020503,773,True,True,True
12714,04ffff001d020703,775,True,True,True
12715,04ffff001d021003,784,True,True,True
12717,04ffff001d021203,786,True,True,True
12718,04ffff001d021c03,796,True,True,True
12719,04ffff001d021d03,797,True,True,True
12721,04ffff001d022203,802,True,True,True
12722,04ffff001d022c03,812,True,True,True
12724,04ffff001d022f03,815,True,True,True
12725,04ffff001d023303,819,True,True,True
12726,04ffff001d023b03,827,True,True,True
12727,04ffff001d023c03,828,True,True,True
12730,04ffff001d024b03,843,True,True,True
12731,04ffff001d025203,850,True,True,True
12732,04ffff001d025903,857,True,True,True
12734,04ffff001d026b03,875,True,True,True
12736,04ffff001d027a03,890,True,True,True
12738,04ffff001d028003,896,True,True,True
12739,04ffff001d028103,897,True,True,True
12740,04ffff001d028a03,906,True,True,True
12742,04ffff001d029403,916,True,True,True
12743,04ffff001d029703,919,True,True,True
12744,04ffff001d029803,920,True,True,True
12745,04ffff001d029a03,922,True,True,True
12746,04ffff001d029f03,927,True,True,True
12748,04ffff001d02a203,930,True,True,True
12750,04ffff001d02a303,931,True,True,True
12752,04ffff001d02ab03,939,True,True,True
12755,04ffff001d02ad03,941,True,True,True
12756,04ffff001d02b603,950,True,True,True
12757,04ffff001d02be03,958,True,True,True
12758,04ffff001d02bf03,959,True,True,True
12759,04ffff001d02ca03,970,True,True,True
12762,04ffff001d02cd03,973,True,True,True
12763,04ffff001d02cf03,975,True,True,True
12765,04ffff001d02d903,985,True,True,True
12766,04ffff001d02db03,987,True,True,True
12767,04ffff001d02e003,992,True,True,True
12769,04ffff001d02e203,994,True,True,True
12771,04ffff001d02ed03,1005,True,True,True
12773,04ffff001d02f003,1008,True,True,True
12774,04ffff001d02f303,1011,True,True,True
12776,04ffff001d02fb03,1019,True,True,True
12777,04ffff001d020404,1028,True,True,True
12778,04ffff001d020504,1029,True,True,True
12780,04ffff001d020c04,1036,True,True,True
12781,04ffff001d021004,1040,True,True,True
12782,04ffff001d021104,1041,True,True,True
12783,04ffff001d021204,1042,True,True,True
12784,04ffff001d021c04,1052,True,True,True
12785,04ffff001d022004,1056,True,True,True
12786,04ffff001d022404,1060,True,True,True
12787,04ffff001d022b04,1067,True,True,True
12788,04ffff001d023804,1080,True,True,True
12789,04ffff001d023c04,1084,True,True,True
12791,04ffff001d023e04,1086,True,True,True
12792,04ffff001d024904,1097,True,True,True
12793,04ffff001d024b04,1099,True,True,True
12794,04ffff001d024c04,1100,True,True,True
12795,04ffff001d024d04,1101,True,True,True
12796,04ffff001d025004,1104,True,True,True
12797,04ffff001d025d04,1117,True,True,True
12798,04ffff001d025f04,1119,True,True,True
12799,04ffff001d026004,1120,True,True,True
12800,04ffff001d026304,1123,True,True,True
12803,04ffff001d026404,1124,True,True,True
12804,04ffff001d026604,1126,True,True,True
12805,04ffff001d026b04,1131,True,True,True
12807,04ffff001d026e04,1134,True,True,True
12808,04ffff001d027204,1138,True,True,True
12809,04ffff001d027804,1144,True,True,True
12810,04ffff001d027904,1145,True,True,True
12811,04ffff001d027c04,1148,True,True,True
12813,04ffff001d027e04,1150,True,True,True
12815,04ffff001d028004,1152,True,True,True
12817,04ffff001d028504,1157,True,True,True
12818,04ffff001d028604,1158,True,True,True
12819,04ffff001d02a004,1184,True,True,True
12821,04ffff001d02a104,1185,True,True,True
12822,04ffff001d02aa04,1194,True,True,True
12823,04ffff001d02af04,1199,True,True,True
12826,04ffff001d02bc04,1212,True,True,True
12827,04ffff001d02bf04,1215,True,True,True
12828,04ffff001d02c704,1223,True,True,True
12829,04ffff001d02ca04,1226,True,True,True
12830,04ffff001d02d104,1233,True,True,True
12831,04ffff001d02da04,1242,True,True,True
12832,04ffff001d02eb04,1259,True,True,True
12834,04ffff001d02f204,1266,True,True,True
12835,04ffff001d02fa04,1274,True,True,True
12838,04ffff001d020705,1287,True,True,True
12839,04ffff001d021405,1300,True,True,True
12840,04ffff001d022f05,1327,True,True,True
12842,04ffff001d023b05,1339,True,True,True
12845,04ffff001d024005,1344,True,True,True
12846,04ffff001d024105,1345,True,True,True
12847,04ffff001d025005,1360,True,True,True
12848,04ffff001d025705,1367,True,True,True
12850,04ffff001d025905,1369,True,True,True
12851,04ffff001d025f05,1375,True,True,True
12852,04ffff001d026005,1376,True,True,True
12853,04ffff001d026205,1378,True,True,True
12854,04ffff001d026c05,1388,True,True,True
12856,04ffff001d026e05,1390,True,True,True
12858,04ffff001d027405,1396,True,True,True
12859,04ffff001d027705,1399,True,True,True
12860,04ffff001d027c05,1404,True,True,True
12861,04ffff001d028505,1413,True,True,True
12862,04ffff001d028705,1415,True,True,True
12863,04ffff001d028c05,1420,True,True,True
12865,04ffff001d028f05,1423,True,True,True
12866,04ffff001d029305,1427,True,True,True
12867,04ffff001d029405,1428,True,True,True
12868,04ffff001d029705,1431,True,True,True
12869,04ffff001d029e05,1438,True,True,True
12870,04ffff001d02a205,1442,True,True,True
12871,04ffff001d02a405,1444,True,True,True
12872,04ffff001d02a905,1449,True,True,True
12873,04ffff001d02ae05,1454,True,True,True
12877,04ffff001d02b205,1458,True,True,True
12878,04ffff001d02c205,1474,True,True,True
12881,04ffff001d02c305,1475,True,True,True
12883,04ffff001d02c505,1477,True,True,True
12884,04ffff001d02cc05,1484,True,True,True
12885,04ffff001d02d105,1489,True,True,True
12886,04ffff001d02d905,1497,True,True,True
12888,04ffff001d02db05,1499,True,True,True
12890,04ffff001d02dc05,1500,True,True,True
12891,04ffff001d02dd05,1501,True,True,True
12892,04ffff001d02e105,1505,True,True,True
12893,04ffff001d02e205,1506,True,True,True
12894,04ffff001d02ec05,1516,True,True,True
12895,04ffff001d02f105,1521,True,True,True
12896,04ffff001d02f705,1527,True,True,True
12897,04ffff001d02fc05,1532,True,True,True
12898,04ffff001d02fd05,1533,True,True,True
12899,04ffff001d020106,1537,True,True,True
12900,04ffff001d020306,1539,True,True,True
12901,04ffff001d020406,1540,True,True,True
12903,04ffff001d021706,1559,True,True,True
12904,04ffff001d022006,1568,True,True,True
12908,04ffff001d022106,1569,True,True,True
12909,04ffff001d023206,1586,True,True,True
12910,04ffff001d023406,1588,True,True,True
12911,04ffff001d023606,1590,True,True,True
12912,04ffff001d023906,1593,True,True,True
12915,04ffff001d023a06,1594,True,True,True
12916,04ffff001d023f06,1599,True,True,True
12918,04ffff001d024106,1601,True,True,True
12920,04ffff001d024d06,1613,True,True,True
12922,04ffff001d025106,1617,True,True,True
12923,04ffff001d025306,1619,True,True,True
12925,04ffff001d025a06,1626,True,True,True
12926,04ffff001d025c06,1628,True,True,True
12928,04ffff001d025d06,1629,True,True,True
12929,04ffff001d025e06,1630,True,True,True
12930,04ffff001d025f06,1631,True,True,True
12931,04ffff001d026106,1633,True,True,True
12932,04ffff001d026606,1638,True,True,True
12933,04ffff001d026906,1641,True,True,True
12935,04ffff001d026d06,1645,True,True,True
12936,04ffff001d026e06,1646,True,True,True
12937,04ffff001d027506,1653,True,True,True
12938,04ffff001d027806,1656,True,True,True
12940,04ffff001d027b06,1659,True,True,True
12943,04ffff001d027d06,1661,True,True,True
12944,04ffff001d028106,1665,True,True,True
12945,04ffff001d028806,1672,True,True,True
12946,04ffff001d028b06,1675,True,True,True
12947,04ffff001d029706,1687,True,True,True
12948,04ffff001d029d06,1693,True,True,True
12949,04ffff001d02a106,1697,True,True,True
12950,04ffff001d02b606,1718,True,True,True
12951,04ffff001d02bc06,1724,True,True,True
12952,04ffff001d02c806,1736,True,True,True
12953,04ffff001d02cb06,1739,True,True,True
12954,04ffff001d02d406,1748,True,True,True
12956,04ffff001d02d906,1753,True,True,True
12957,04ffff001d02df06,1759,True,True,True
12958,04ffff001d02e006,1760,True,True,True
12962,04ffff001d02e206,1762,True,True,True
12964,04ffff001d02e506,1765,True,True,True
12965,04ffff001d02ef06,1775,True,True,True
12966,04ffff001d02f806,1784,True,True,True
12969,04ffff001d020107,1793,True,True,True
12970,04ffff001d020a07,1802,True,True,True
12972,04ffff001d021107,1809,True,True,True
12973,04ffff001d022107,1825,True,True,True
12975,04ffff001d022207,1826,True,True,True
12979,04ffff001d022d07,1837,True,True,True
12981,04ffff001d022e07,1838,True,True,True
12984,04ffff001d023f07,1855,True,True,True
12985,04ffff001d024f07,1871,True,True,True
12987,04ffff001d025407,1876,True,True,True
12988,04ffff001d025607,1878,True,True,True
12990,04ffff001d025f07,1887,True,True,True
12991,04ffff001d026107,1889,True,True,True
12993,04ffff001d026507,1893,True,True,True
12994,04ffff001d026707,1895,True,True,True
12996,04ffff001d026c07,1900,True,True,True
12997,04ffff001d027307,1907,True,True,True
12998,04ffff001d027507,1909,True,True,True
12999,04ffff001d027807,1912,True,True,True
13000,04ffff001d028307,1923,True,True,True
13001,04ffff001d028a07,1930,True,True,True
13002,04ffff001d028d07,1933,True,True,True
13004,04ffff001d029207,1938,True,True,True
13007,04ffff001d029407,1940,True,True,True
13009,04ffff001d029607,1942,True,True,True
13010,04ffff001d02a007,1952,True,True,True
13011,04ffff001d02a407,1956,True,True,True
13012,04ffff001d02a907,1961,True,True,True
13013,04ffff001d02ae07,1966,True,True,True
13014,04ffff001d02b007,1968,True,True,True
13016,04ffff001d02b107,1969,True,True,True
13017,04ffff001d02ba07,1978,True,True,True
13018,04ffff001d02bc07,1980,True,True,True
13019,04ffff001d02c007,1984,True,True,True
13020,04ffff001d02d607,2006,True,True,True
13021,04ffff001d02d707,2007,True,True,True
13022,04ffff001d02db07,2011,True,True,True
13023,04ffff001d02df07,2015,True,True,True
13024,04ffff001d02e307,2019,True,True,True
13025,04ffff001d02e407,2020,True,True,True
13026,04ffff001d02f107,2033,True,True,True
13028,04ffff001d02fa07,2042,True,True,True
13030,04ffff001d02fd07,2045,True,True,True
13031,04ffff001d020108,2049,True,True,True
13032,04ffff001d020508,2053,True,True,True
13033,04ffff001d020808,2056,True,True,True
13035,04ffff001d020908,2057,True,True,True
13036,04ffff001d021a08,2074,True,True,True
13037,04ffff001d021c08,2076,True,True,True
13038,04ffff001d022508,2085,True,True,True
13039,04ffff001d022f08,2095,True,True,True
13042,04ffff001d024308,2115,True,True,True
13043,04ffff001d024408,2116,True,True,True
13044,04ffff001d024508,2117,True,True,True
13045,04ffff001d025008,2128,True,True,True
13047,04ffff001d025608,2134,True,True,True
13048,04ffff001d025e08,2142,True,True,True
13049,04ffff001d026008,2144,True,True,True
13050,04ffff001d026208,2146,True,True,True
13051,04ffff001d026808,2152,True,True,True
13052,04ffff001d026a08,2154,True,True,True
13054,04ffff001d026f08,2159,True,True,True
13056,04ffff001d027208,2162,True,True,True
13057,04ffff001d027608,2166,True,True,True
13059,04ffff001d027c08,2172,True,True,True
13061,04ffff001d027d08,2173,True,True,True
13063,04ffff001d028d08,2189,True,True,True
13066,04ffff001d029408,2196,True,True,True
13067,04ffff001d029908,2201,True,True,True
13068,04ffff001d029d08,2205,True,True,True
13069,04ffff001d029f08,2207,True,True,True
13070,04ffff001d02a708,2215,True,True,True
13071,04ffff001d02a808,2216,True,True,True
13072,04ffff001d02aa08,2218,True,True,True
13074,04ffff001d02b508,2229,True,True,True
13075,04ffff001d02be08,2238,True,True,True
13076,04ffff001d02c308,2243,True,True,True
13078,04ffff001d02c408,2244,True,True,True
13080,04ffff001d02ca08,2250,True,True,True
13082,04ffff001d02cb08,2251,True,True,True
13083,04ffff001d02d108,2257,True,True,True
13084,04ffff001d02dc08,2268,True,True,True
13085,04ffff001d02ec08,2284,True,True,True
13086,04ffff001d02f408,2292,True,True,True
13087,04ffff001d020609,2310,True,True,True
13088,04ffff001d020b09,2315,True,True,True
13090,04ffff001d020d09,2317,True,True,True
13091,04ffff001d021609,2326,True,True,True
13092,04ffff001d021b09,2331,True,True,True
13094,04ffff001d021c09,2332,True,True,True
13095,04ffff001d021f09,2335,True,True,True
13096,04ffff001d022209,2338,True,True,True
13097,04ffff001d022909,2345,True,True,True
13098,04ffff001d023a09,2362,True,True,True
13099,04ffff001d024009,2368,True,True,True
13100,04ffff001d024209,2370,True,True,True
13101,04ffff001d024309,2371,True,True,True
13105,04ffff001d024509,2373,True,True,True
13106,04ffff001d024809,2376,True,True,True
13107,04ffff001d024909,2377,True,True,True
13108,04ffff001d024b09,2379,True,True,True
13109,04ffff001d025309,2387,True,True,True
13110,04ffff001d025b09,2395,True,True,True
13111,04ffff001d025c09,2396,True,True,True
13112,04ffff001d025d09,2397,True,True,True
13113,04ffff001d026209,2402,True,True,True
13114,04ffff001d026409,2404,True,True,True
13116,04ffff001d026f09,2415,True,True,True
13118,04ffff001d028209,2434,True,True,True
13119,04ffff001d028809,2440,True,True,True
13120,04ffff001d028909,2441,True,True,True
13121,04ffff001d029109,2449,True,True,True
13122,04ffff001d029209,2450,True,True,True
13124,04ffff001d029809,2456,True,True,True
13125,04ffff001d029b09,2459,True,True,True
13126,04ffff001d02a109,2465,True,True,True
13127,04ffff001d02a809,2472,True,True,True
13129,04ffff001d02ad09,2477,True,True,True
13132,04ffff001d02af09,2479,True,True,True
13134,04ffff001d02b009,2480,True,True,True
13138,04ffff001d02d709,2519,True,True,True
13139,04ffff001d02d809,2520,True,True,True
13140,04ffff001d02db09,2523,True,True,True
13141,04ffff001d02e009,2528,True,True,True
13142,04ffff001d02e609,2534,True,True,True
13144,04ffff001d02ea09,2538,True,True,True
13149,04ffff001d02fb09,2555,True,True,True
13151,04ffff001d02fd09,2557,True,True,True
13152,04ffff001d02070a,2567,True,True,True
13153,04ffff001d02080a,2568,True,True,True
13154,04ffff001d020b0a,2571,True,True,True
13155,04ffff001d020c0a,2572,True,True,True
13156,04ffff001d020d0a,2573,True,True,True
13157,04ffff001d021b0a,2587,True,True,True
13160,04ffff001d02250a,2597,True,True,True
13161,04ffff001d02270a,2599,True,True,True
13163,04ffff001d022d0a,2605,True,True,True
13165,04ffff001d02310a,2609,True,True,True
13166,04ffff001d0112,18,True,True,True
13168,04ffff001d011d,29,True,True,True
13169,04ffff001d0123,35,True,True,True
13171,04ffff001d0124,36,True,True,True
13172,04ffff001d0129,41,True,True,True
13173,04ffff001d012c,44,True,True,True
13174,04ffff001d0131,49,True,True,True
13175,04ffff001d0133,51,True,True,True
13176,04ffff001d0134,52,True,True,True
13177,04ffff001d013f,63,True,True,True
13178,04ffff001d0141,65,True,True,True
13180,04ffff001d0142,66,True,True,True
13183,04ffff001d0147,71,True,True,True
13184,04ffff001d0149,73,True,True,True
13185,04ffff001d014c,76,True,True,True
13187,04ffff001d0151,81,True,True,True
13188,04ffff001d0164,100,True,True,True
13190,04ffff001d0174,116,True,True,True
13192,04ffff001d0176,118,True,True,True
13193,04ffff001d0179,121,True,True,True
13194,04ffff001d017b,123,True,True,True
13197,04ffff001d028200,130,True,True,True
13201,04ffff001d028400,132,True,True,True
13202,04ffff001d028800,136,True,True,True
13203,04ffff001d029100,145,True,True,True
13204,04ffff001d029900,153,True,True,True
13206,04ffff001d029e00,158,True,True,True
13207,04ffff001d02ac00,172,True,True,True
13208,04ffff001d02b100,177,True,True,True
13209,04ffff001d02b200,178,True,True,True
13211,04ffff001d02c200,194,True,True,True
13212,04ffff001d02ca00,202,True,True,True
13214,04ffff001d02d000,208,True,True,True
13215,04ffff001d02d200,210,True,True,True
13218,04ffff001d02d300,211,True,True,True
13219,04ffff001d02db00,219,True,True,True
13221,04ffff001d02de00,222,True,True,True
13222,04ffff001d02f600,246,True,True,True
13223,04ffff001d020001,256,True,True,True
13224,04ffff001d020101,257,True,True,True
13225,04ffff001d020501,261,True,True,True
13226,04ffff001d020601,262,True,True,True
13227,04ffff001d020a01,266,True,True,True
13228,04ffff001d021301,275,True,True,True
13229,04ffff001d021701,279,True,True,True
13230,04ffff001d021a01,282,True,True,True
13231,04ffff001d022001,288,True,True,True
13232,04ffff001d022401,292,True,True,True
13233,04ffff001d022501,293,True,True,True
13234,04ffff001d022601,294,True,True,True
13235,04ffff001d022901,297,True,True,True
13236,04ffff001d023101,305,True,True,True
13237,04ffff001d024201,322,True,True,True
13238,04ffff001d024401,324,True,True,True
13240,04ffff001d024801,328,True,True,True
13241,04ffff001d024a01,330,True,True,True
13242,04ffff001d025601,342,True,True,True
13244,04ffff001d025a01,346,True,True,True
13247,04ffff001d026c01,364,True,True,True
13249,04ffff001d026f01,367,True,True,True
13250,04ffff001d027c01,380,True,True,True
13252,04ffff001d027f01,383,True,True,True
13253,04ffff001d028e01,398,True,True,True
13255,04ffff001d029601,406,True,True,True
13258,04ffff001d029801,408,True,True,True
13259,04ffff001d02a501,421,True,True,True
13260,04ffff001d02aa01,426,True,True,True
13261,04ffff001d02ad01,429,True,True,True
13262,04ffff001d02ae01,430,True,True,True
13263,04ffff001d02b101,433,True,True,True
13266,04ffff001d02b301,435,True,True,True
13267,04ffff001d02b601,438,True,True,True
13268,04ffff001d02bd01,445,True,True,True
13269,04ffff001d02c401,452,True,True,True
13273,04ffff001d02c501,453,True,True,True
13274,04ffff001d02ca01,458,True,True,True
13275,04ffff001d02cb01,459,True,True,True
13276,04ffff001d02d201,466,True,True,True
13278,04ffff001d02d601,470,True,True,True
13279,04ffff001d02de01,478,True,True,True
13280,04ffff001d02e901,489,True,True,True
13281,04ffff001d02eb01,491,True,True,True
13282,04ffff001d02f201,498,True,True,True
13283,04ffff001d02f301,499,True,True,True
13284,04ffff001d02fa01,506,True,True,True
13286,04ffff001d02fe01,510,True,True,True
13287,04ffff001d020002,512,True,True,True
13288,04ffff001d020602,518,True,True,True
13289,04ffff001d020a02,522,True,True,True
13292,04ffff001d020f02,527,True,True,True
13293,04ffff001d021c02,540,True,True,True
13296,04ffff001d023602,566,True,True,True
13298,04ffff001d023702,567,True,True,True
13299,04ffff001d023a02,570,True,True,True
13300,04ffff001d023d02,573,True,True,True
13301,04ffff001d023e02,574,True,True,True
13302,04ffff001d024202,578,True,True,True
13303,04ffff001d024502,581,True,True,True
13304,04ffff001d024b02,587,True,True,True
13305,04ffff001d024c02,588,True,True,True
13306,04ffff001d025502,597,True,True,True
13309,04ffff001d025802,600,True,True,True
13310,04ffff001d025a02,602,True,True,True
13311,04ffff001d025f02,607,True,True,True
13312,04ffff001d026402,612,True,True,True
13313,04ffff001d026802,616,True,True,True
13314,04ffff001d026e02,622,True,True,True
13317,04ffff001d026f02,623,True,True,True
13320,04ffff001d027502,629,True,True,True
13321,04ffff001d028102,641,True,True,True
13322,04ffff001d029a02,666,True,True,True
13323,04ffff001d02a602,678,True,True,True
13325,04ffff001d02af02,687,True,True,True
13326,04ffff001d02b002,688,True,True,True
13327,04ffff001d02b102,689,True,True,True
13328,04ffff001d02b702,695,True,True,True
13329,04ffff001d02c202,706,True,True,True
13330,04ffff001d02c902,713,True,True,True
13333,04ffff001d02cb02,715,True,True,True
13335,04ffff001d02d002,720,True,True,True
13336,04ffff001d02db02,731,True,True,True
13337,04ffff001d02df02,735,True,True,True
13338,04ffff001d02e802,744,True,True,True
13340,04ffff001d02ec02,748,True,True,True
13344,04ffff001d02ef02,751,True,True,True
13347,04ffff001d02f002,752,True,True,True
13348,04ffff001d02f202,754,True,True,True
13349,04ffff001d02f902,761,True,True,True
13352,04ffff001d020003,768,True,True,True
13353,04ffff001d021303,787,True,True,True
13354,04ffff001d022503,805,True,True,True
13355,04ffff001d022903,809,True,True,True
13357,04ffff001d023b03,827,True,True,True
13360,04ffff001d024103,833,True,True,True
13361,04ffff001d024203,834,True,True,True
13362,04ffff001d024903,841,True,True,True
13364,04ffff001d025103,849,True,True,True
13365,04ffff001d025203,850,True,True,True
13366,04ffff001d025403,852,True,True,True
13367,04ffff001d025e03,862,True,True,True
13369,04ffff001d026403,868,True,True,True
13370,04ffff001d026503,869,True,True,True
13371,04ffff001d026603,870,True,True,True
13372,04ffff001d026803,872,True,True,True
13375,04ffff001d026c03,876,True,True,True
13376,04ffff001d027903,889,True,True,True
13377,04ffff001d027c03,892,True,True,True
13378,04ffff001d029603,918,True,True,True
13380,04ffff001d02a203,930,True,True,True
13381,04ffff001d02ac03,940,True,True,True
13382,04ffff001d02c003,960,True,True,True
13383,04ffff001d02cf03,975,True,True,True
13386,04ffff001d02d303,979,True,True,True
13389,04ffff001d02e503,997,True,True,True
13390,04ffff001d02e903,1001,True,True,True
13391,04ffff001d02f203,1010,True,True,True
13392,04ffff001d02f403,1012,True,True,True
13394,04ffff001d020104,1025,True,True,True
13395,04ffff001d020404,1028,True,True,True
13396,04ffff001d020704,1031,True,True,True
13397,04ffff001d020f04,1039,True,True,True
13398,04ffff001d021004,1040,True,True,True
13399,04ffff001d021104,1041,True,True,True
13400,04ffff001d021504,1045,True,True,True
13401,04ffff001d021d04,1053,True,True,True
13402,04ffff001d021e04,1054,True,True,True
13403,04ffff001d022104,1057,True,True,True
13404,04ffff001d022504,1061,True,True,True
13405,04ffff001d022b04,1067,True,True,True
13406,04ffff001d022d04,1069,True,True,True
13407,04ffff001d023104,1073,True,True,True
13408,04ffff001d023604,1078,True,True,True
13409,04ffff001d024404,1092,True,True,True
13410,04ffff001d024604,1094,True,True,True
13411,04ffff001d024704,1095,True,True,True
13415,04ffff001d024904,1097,True,True,True
13416,04ffff001d024b04,1099,True,True,True
13417,04ffff001d025104,1105,True,True,True
13419,04ffff001d025504,1109,True,True,True
13421,04ffff001d025f04,1119,True,True,True
13422,04ffff001d026204,1122,True,True,True
13427,04ffff001d026404,1124,True,True,True
13429,04ffff001d026504,1125,True,True,True
13430,04ffff001d027304,1139,True,True,True
13431,04ffff001d027404,1140,True,True,True
13432,04ffff001d028504,1157,True,True,True
13434,04ffff001d028604,1158,True,True,True
13437,04ffff001d028704,1159,True,True,True
13439,04ffff001d028804,1160,True,True,True
13440,04ffff001d029304,1171,True,True,True
13442,04ffff001d029904,1177,True,True,True
13443,04ffff001d029e04,1182,True,True,True
13445,04ffff001d02a604,1190,True,True,True
13446,04ffff001d02a904,1193,True,True,True
13447,04ffff001d02b504,1205,True,True,True
13448,04ffff001d02b804,1208,True,True,True
13451,04ffff001d02b904,1209,True,True,True
13452,04ffff001d02bd04,1213,True,True,True
13456,04ffff001d02c804,1224,True,True,True
13458,04ffff001d02c904,1225,True,True,True
13460,04ffff001d02ce04,1230,True,True,True
13461,04ffff001d02d004,1232,True,True,True
13462,04ffff001d02f104,1265,True,True,True
13465,04ffff001d02fc04,1276,True,True,True
13466,04ffff001d02fe04,1278,True,True,True
13469,04ffff001d02ff04,1279,True,True,True
13470,04ffff001d020405,1284,True,True,True
13473,04ffff001d020a05,1290,True,True,True
13474,04ffff001d021005,1296,True,True,True
13475,04ffff001d021205,1298,True,True,True
13476,04ffff001d021905,1305,True,True,True
13477,04ffff001d021a05,1306,True,True,True
13478,04ffff001d021e05,1310,True,True,True
13479,04ffff001d022205,1314,True,True,True
13480,04ffff001d022905,1321,True,True,True
13482,04ffff001d023105,1329,True,True,True
13483,04ffff001d023305,1331,True,True,True
13484,04ffff001d023405,1332,True,True,True
13485,04ffff001d023505,1333,True,True,True
13487,04ffff001d024605,1350,True,True,True
13488,04ffff001d024705,1351,True,True,True
13491,04ffff001d024f05,1359,True,True,True
13492,04ffff001d025005,1360,True,True,True
13493,04ffff001d025205,1362,True,True,True
13496,04ffff001d025d05,1373,True,True,True
13497,04ffff001d026005,1376,True,True,True
13498,04ffff001d026505,1381,True,True,True
13499,04ffff001d026705,1383,True,True,True
13500,04ffff001d026b05,1387,True,True,True
13501,04ffff001d026c05,1388,True,True,True
13502,04ffff001d027205,1394,True,True,True
13503,04ffff001d027c05,1404,True,True,True
13504,04ffff001d028605,1414,True,True,True
13506,04ffff001d028d05,1421,True,True,True
13507,04ffff001d029105,1425,True,True,True
13508,04ffff001d029305,1427,True,True,True
13509,04ffff001d029c05,1436,True,True,True
13512,04ffff001d02b005,1456,True,True,True
13513,04ffff001d02ba05,1466,True,True,True
13514,04ffff001d02bd05,1469,True,True,True
13515,04ffff001d02c205,1474,True,True,True
13517,04ffff001d02c305,1475,True,True,True
13519,04ffff001d02c405,1476,True,True,True
13520,04ffff001d02c605,1478,True,True,True
13521,04ffff001d02c705,1479,True,True,True
13524,04ffff001d02c905,1481,True,True,True
13526,04ffff001d02cc05,1484,True,True,True
13527,04ffff001d02cf05,1487,True,True,True
13528,04ffff001d02d705,1495,True,True,True
13530,04ffff001d02d905,1497,True,True,True
13531,04ffff001d02e005,1504,True,True,True
13532,04ffff001d02ec05,1516,True,True,True
13535,04ffff001d02f305,1523,True,True,True
13538,04ffff001d02fa05,1530,True,True,True
13541,04ffff001d020406,1540,True,True,True
13542,04ffff001d020806,1544,True,True,True
13544,04ffff001d021606,1558,True,True,True
13545,04ffff001d021b06,1563,True,True,True
13547,04ffff001d021c06,1564,True,True,True
13549,04ffff001d021d06,1565,True,True,True
13550,04ffff001d021f06,1567,True,True,True
13551,04ffff001d022006,1568,True,True,True
13552,04ffff001d022206,1570,True,True,True
13553,04ffff001d022906,1577,True,True,True
13554,04ffff001d022c06,1580,True,True,True
13555,04ffff001d022d06,1581,True,True,True
13557,04ffff001d023106,1585,True,True,True
13558,04ffff001d023306,1587,True,True,True
13559,04ffff001d023506,1589,True,True,True
13560,04ffff001d023706,1591,True,True,True
13561,04ffff001d023906,1593,True,True,True
13562,04ffff001d023d06,1597,True,True,True
13563,04ffff001d023e06,1598,True,True,True
13564,04ffff001d024a06,1610,True,True,True
13566,04ffff001d025406,1620,True,True,True
13569,04ffff001d025506,1621,True,True,True
13572,04ffff001d026006,1632,True,True,True
13574,04ffff001d026206,1634,True,True,True
13575,04ffff001d026606,1638,True,True,True
13576,04ffff001d026906,1641,True,True,True
13577,04ffff001d026a06,1642,True,True,True
13580,04ffff001d027206,1650,True,True,True
13584,04ffff001d027b06,1659,True,True,True
13585,04ffff001d027e06,1662,True,True,True
13587,04ffff001d028b06,1675,True,True,True
13589,04ffff001d028f06,1679,True,True,True
13590,04ffff001d029f06,1695,True,True,True
13591,04ffff001d02a406,1700,True,True,True
13592,04ffff001d02a606,1702,True,True,True
13594,04ffff001d02ae06,1710,True,True,True
13596,04ffff001d02b006,1712,True,True,True
13597,04ffff001d02ba06,1722,True,True,True
13598,04ffff001d02bc06,1724,True,True,True
13599,04ffff001d02bd06,1725,True,True,True
13601,04ffff001d02be06,1726,True,True,True
13602,04ffff001d02bf06,1727,True,True,True
13604,04ffff001d02c206,1730,True,True,True
13605,04ffff001d02c306,1731,True,True,True
13607,04ffff001d02c906,1737,True,True,True
13608,04ffff001d02ca06,1738,True,True,True
13609,04ffff001d02cb06,1739,True,True,True
13610,04ffff001d02cc06,1740,True,True,True
13612,04ffff001d02cd06,1741,True,True,True
13614,04ffff001d02cf06,1743,True,True,True
13615,04ffff001d02d106,1745,True,True,True
13616,04ffff001d02d206,1746,True,True,True
13617,04ffff001d02d506,1749,True,True,True
13619,04ffff001d02dc06,1756,True,True,True
13620,04ffff001d02e006,1760,True,True,True
13622,04ffff001d02e906,1769,True,True,True
13624,04ffff001d02ea06,1770,True,True,True
13625,04ffff001d02f206,1778,True,True,True
13626,04ffff001d02f606,1782,True,True,True
13627,04ffff001d02fb06,1787,True,True,True
13628,04ffff001d020007,1792,True,True,True
13629,04ffff001d020607,1798,True,True,True
13631,04ffff001d020a07,1802,True,True,True
13633,04ffff001d020f07,1807,True,True,True
13636,04ffff001d021207,1810,True,True,True
13637,04ffff001d021707,1815,True,True,True
13639,04ffff001d021f07,1823,True,True,True
13640,04ffff001d022007,1824,True,True,True
13641,04ffff001d022807,1832,True,True,True
13642,04ffff001d022b07,1835,True,True,True
13644,04ffff001d022e07,1838,True,True,True
13645,04ffff001d022f07,1839,True,True,True
13647,04ffff001d023707,1847,True,True,True
13649,04ffff001d023b07,1851,True,True,True
13650,04ffff001d024307,1859,True,True,True
13652,04ffff001d024407,1860,True,True,True
13653,04ffff001d024507,1861,True,True,True
13654,04ffff001d025407,1876,True,True,True
13655,04ffff001d026507,1893,True,True,True
13657,04ffff001d026a07,1898,True,True,True
13658,04ffff001d027107,1905,True,True,True
13660,04ffff001d027607,1910,True,True,True
13663,04ffff001d027d07,1917,True,True,True
13664,04ffff001d028407,1924,True,True,True
13666,04ffff001d028b07,1931,True,True,True
13668,04ffff001d028d07,1933,True,True,True
13670,04ffff001d028e07,1934,True,True,True
13671,04ffff001d029e07,1950,True,True,True
13672,04ffff001d02a107,1953,True,True,True
13673,04ffff001d02a507,1957,True,True,True
13674,04ffff001d02b107,1969,True,True,True
13676,04ffff001d02b207,1970,True,True,True
13677,04ffff001d02ca07,1994,True,True,True
13678,04ffff001d02d007,2000,True,True,True
13679,04ffff001d02d207,2002,True,True,True
13680,04ffff001d02d907,2009,True,True,True
13681,04ffff001d02da07,2010,True,True,True
13682,04ffff001d02de07,2014,True,True,True
13685,04ffff001d02e807,2024,True,True,True
13686,04ffff001d02ed07,2029,True,True,True
13688,04ffff001d02f407,2036,True,True,True
13689,04ffff001d02f507,2037,True,True,True
13690,04ffff001d02fd07,2045,True,True,True
13691,04ffff001d02fe07,2046,True,True,True
13692,04ffff001d020308,2051,True,True,True
13695,04ffff001d020608,2054,True,True,True
13697,04ffff001d020708,2055,True,True,True
13698,04ffff001d021908,2073,True,True,True
13699,04ffff001d022208,2082,True,True,True
13702,04ffff001d022508,2085,True,True,True
13705,04ffff001d022608,2086,True,True,True
13707,04ffff001d023808,2104,True,True,True
13708,04ffff001d023908,2105,True,True,True
13709,04ffff001d023d08,2109,True,True,True
13710,04ffff001d024608,2118,True,True,True
13711,04ffff001d024908,2121,True,True,True
13712,04ffff001d024a08,2122,True,True,True
13714,04ffff001d024c08,2124,True,True,True
13715,04ffff001d024e08,2126,True,True,True
13717,04ffff001d025508,2133,True,True,True
13719,04ffff001d025708,2135,True,True,True
13720,04ffff001d025e08,2142,True,True,True
13722,04ffff001d026108,2145,True,True,True
13723,04ffff001d026408,2148,True,True,True
13724,04ffff001d026508,2149,True,True,True
13725,04ffff001d026608,2150,True,True,True
13726,04ffff001d026708,2151,True,True,True
13728,04ffff001d026e08,2158,True,True,True
13730,04ffff001d027008,2160,True,True,True
13731,04ffff001d027408,2164,True,True,True
13732,04ffff001d027e08,2174,True,True,True
13733,04ffff001d028608,2182,True,True,True
13735,04ffff001d028f08,2191,True,True,True
13736,04ffff001d029d08,2205,True,True,True
13738,04ffff001d029e08,2206,True,True,True
13739,04ffff001d02a408,2212,True,True,True
13740,04ffff001d02a708,2215,True,True,True
13741,04ffff001d02ac08,2220,True,True,True
13743,04ffff001d02ad08,2221,True,True,True
13744,04ffff001d02b708,2231,True,True,True
13745,04ffff001d02b808,2232,True,True,True
13747,04ffff001d02b908,2233,True,True,True
13751,04ffff001d02cd08,2253,True,True,True
13752,04ffff001d02d208,2258,True,True,True
13753,04ffff001d02db08,2267,True,True,True
13754,04ffff001d02e208,2274,True,True,True
13755,04ffff001d02e308,2275,True,True,True
13757,04ffff001d02e408,2276,True,True,True
13759,04ffff001d02ec08,2284,True,True,True
13760,04ffff001d02ee08,2286,True,True,True
13761,04ffff001d02f508,2293,True,True,True
13762,04ffff001d02f608,2294,True,True,True
13763,04ffff001d020209,2306,True,True,True
13766,04ffff001d020d09,2317,True,True,True
13767,04ffff001d021409,2324,True,True,True
13768,04ffff001d021a09,2330,True,True,True
13769,04ffff001d021c09,2332,True,True,True
13771,04ffff001d023209,2354,True,True,True
13772,04ffff001d023609,2358,True,True,True
13773,04ffff001d023a09,2362,True,True,True
13774,04ffff001d024309,2371,True,True,True
13775,04ffff001d024709,2375,True,True,True
13776,04ffff001d025409,2388,True,True,True
13778,04ffff001d026209,2402,True,True,True
13779,04ffff001d026909,2409,True,True,True
13780,04ffff001d026e09,2414,True,True,True
13781,04ffff001d027809,2424,True,True,True
13783,04ffff001d027909,2425,True,True,True
13784,04ffff001d027a09,2426,True,True,True
13785,04ffff001d027c09,2428,True,True,True
13786,04ffff001d028409,2436,True,True,True
13787,04ffff001d028809,2440,True,True,True
13788,04ffff001d029409,2452,True,True,True
13790,04ffff001d029709,2455,True,True,True
13791,04ffff001d029809,2456,True,True,True
13793,04ffff001d02ab09,2475,True,True,True
13794,04ffff001d02b009,2480,True,True,True
13795,04ffff001d02b609,2486,True,True,True
13796,04ffff001d02bc09,2492,True,True,True
13797,04ffff001d02c609,2502,True,True,True
13798,04ffff001d02cd09,2509,True,True,True
13799,04ffff001d02d009,2512,True,True,True
13801,04ffff001d02d509,2517,True,True,True
13802,04ffff001d02e009,2528,True,True,True
13803,04ffff001d02e309,2531,True,True,True
13805,04ffff001d02fb09,2555,True,True,True
13806,04ffff001d020f0a,2575,True,True,True
13807,04ffff001d02110a,2577,True,True,True
13808,04ffff001d022c0a,2604,True,True,True
13810,04ffff001d02330a,2611,True,True,True
13811,04ffff001d02370a,2615,True,True,True
13812,04ffff001d0102,2,True,True,True
13813,04ffff001d0103,3,True,True,True
13814,04ffff001d0116,22,True,True,True
13815,04ffff001d0118,24,True,True,True
13817,04ffff001d0119,25,True,True,True
13820,04ffff001d011a,26,True,True,True
13822,04ffff001d0125,37,True,True,True
13823,04ffff001d012f,47,True,True,True
13824,04ffff001d0130,48,True,True,True
13825,04ffff001d0131,49,True,True,True
13826,04ffff001d0144,68,True,True,True
13827,04ffff001d014c,76,True,True,True
13829,04ffff001d0153,83,True,True,True
13830,04ffff001d0155,85,True,True,True
13836,04ffff001d0168,104,True,True,True
13837,04ffff001d016c,108,True,True,True
13838,04ffff001d0172,114,True,True,True
13839,04ffff001d0179,121,True,True,True
13841,04ffff001d017c,124,True,True,True
13843,04ffff001d017d,125,True,True,True
13844,04ffff001d028000,128,True,True,True
13846,04ffff001d028b00,139,True,True,True
13847,04ffff001d028e00,142,True,True,True
13849,04ffff001d02a100,161,True,True,True
13850,04ffff001d02a600,166,True,True,True
13855,04ffff001d02ad00,173,True,True,True
13856,04ffff001d02b300,179,True,True,True
13857,04ffff001d02b600,182,True,True,True
13858,04ffff001d02bb00,187,True,True,True
13859,04ffff001d02c500,197,True,True,True
13860,04ffff001d02ca00,202,True,True,True
13861,04ffff001d02d100,209,True,True,True
13862,04ffff001d02d200,210,True,True,True
13863,04ffff001d02e000,224,True,True,True
13864,04ffff001d02e100,225,True,True,True
13865,04ffff001d02e700,231,True,True,True
13866,04ffff001d02e800,232,True,True,True
13867,04ffff001d02ec00,236,True,True,True
13868,04ffff001d02f200,242,True,True,True
13870,04ffff001d02f400,244,True,True,True
13871,04ffff001d02f700,247,True,True,True
13872,04ffff001d020001,256,True,True,True
13873,04ffff001d020701,263,True,True,True
13874,04ffff001d021201,274,True,True,True
13875,04ffff001d021501,277,True,True,True
13876,04ffff001d021801,280,True,True,True
13877,04ffff001d021901,281,True,True,True
13878,04ffff001d021a01,282,True,True,True
13899,04ffff001d022801,296,True,True,True
13900,04ffff001d023801,312,True,True,True
13901,04ffff001d023b01,315,True,True,True
13902,04ffff001d023c01,316,True,True,True
13903,04ffff001d023d01,317,True,True,True
13905,04ffff001d024501,325,True,True,True
13906,04ffff001d024b01,331,True,True,True
13907,04ffff001d025901,345,True,True,True
13908,04ffff001d025e01,350,True,True,True
13909,04ffff001d026401,356,True,True,True
13910,04ffff001d026d01,365,True,True,True
13911,04ffff001d027301,371,True,True,True
13914,04ffff001d027401,372,True,True,True
13915,04ffff001d027701,375,True,True,True
13916,04ffff001d027d01,381,True,True,True
13917,04ffff001d028a01,394,True,True,True
13919,04ffff001d028c01,396,True,True,True
13920,04ffff001d028e01,398,True,True,True
13921,04ffff001d02a201,418,True,True,True
13922,04ffff001d02a901,425,True,True,True
13924,04ffff001d02b401,436,True,True,True
13925,04ffff001d02b901,441,True,True,True
13928,04ffff001d02c001,448,True,True,True
13930,04ffff001d02c401,452,True,True,True
13932,04ffff001d02c501,453,True,True,True
13933,04ffff001d02c601,454,True,True,True
13935,04ffff001d02c801,456,True,True,True
13936,04ffff001d02d101,465,True,True,True
13937,04ffff001d02d501,469,True,True,True
13938,04ffff001d02d601,470,True,True,True
13939,04ffff001d02e401,484,True,True,True
13940,04ffff001d02e701,487,True,True,True
13941,04ffff001d02e901,489,True,True,True
13942,04ffff001d02f101,497,True,True,True
13943,04ffff001d02fa01,506,True,True,True
13944,04ffff001d02fc01,508,True,True,True
13946,04ffff001d02fe01,510,True,True,True
13947,04ffff001d020402,516,True,True,True
13948,04ffff001d020c02,524,True,True,True
13949,04ffff001d021302,531,True,True,True
13951,04ffff001d022d02,557,True,True,True
13953,04ffff001d023702,567,True,True,True
13954,04ffff001d023a02,570,True,True,True
13955,04ffff001d023c02,572,True,True,True
13957,04ffff001d024d02,589,True,True,True
13958,04ffff001d025102,593,True,True,True
13959,04ffff001d025c02,604,True,True,True
13960,04ffff001d026302,611,True,True,True
13961,04ffff001d026802,616,True,True,True
13963,04ffff001d026902,617,True,True,True
13964,04ffff001d026c02,620,True,True,True
13965,04ffff001d026e02,622,True,True,True
13968,04ffff001d026f02,623,True,True,True
13969,04ffff001d027d02,637,True,True,True
13970,04ffff001d027e02,638,True,True,True
13972,04ffff001d028902,649,True,True,True
13974,04ffff001d029802,664,True,True,True
13975,04ffff001d02a002,672,True,True,True
13976,04ffff001d02a802,680,True,True,True
13978,04ffff001d02b002,688,True,True,True
13979,04ffff001d02b402,692,True,True,True
13980,04ffff001d02b802,696,True,True,True
13981,04ffff001d02c902,713,True,True,True
13982,04ffff001d02cb02,715,True,True,True
13985,04ffff001d02e202,738,True,True,True
13986,04ffff001d02e502,741,True,True,True
13987,04ffff001d02e802,744,True,True,True
13989,04ffff001d02ec02,748,True,True,True
13990,04ffff001d02f002,752,True,True,True
13991,04ffff001d02f802,760,True,True,True
13993,04ffff001d02f902,761,True,True,True
13994,04ffff001d020403,772,True,True,True
13995,04ffff001d020803,776,True,True,True
13996,04ffff001d020f03,783,True,True,True
13998,04ffff001d021303,787,True,True,True
13999,04ffff001d021803,792,True,True,True
14000,04ffff001d021e03,798,True,True,True
14001,04ffff001d022803,808,True,True,True
14003,04ffff001d022b03,811,True,True,True
14004,04ffff001d022d03,813,True,True,True
14006,04ffff001d022e03,814,True,True,True
14008,04ffff001d023103,817,True,True,True
14009,04ffff001d023403,820,True,True,True
14010,04ffff001d023f03,831,True,True,True
14012,04ffff001d024503,837,True,True,True
14015,04ffff001d025103,849,True,True,True
14016,04ffff001d025203,850,True,True,True
14019,04ffff001d026603,870,True,True,True
14020,04ffff001d026c03,876,True,True,True
14021,04ffff001d027103,881,True,True,True
14023,04ffff001d027903,889,True,True,True
14024,04ffff001d027f03,895,True,True,True
14025,04ffff001d028203,898,True,True,True
14026,04ffff001d028703,903,True,True,True
14027,04ffff001d028803,904,True,True,True
14028,04ffff001d028a03,906,True,True,True
14030,04ffff001d029003,912,True,True,True
14031,04ffff001d029303,915,True,True,True
14032,04ffff001d029903,921,True,True,True
14033,04ffff001d02a203,930,True,True,True
14034,04ffff001d02a603,934,True,True,True
14035,04ffff001d02aa03,938,True,True,True
14038,04ffff001d02af03,943,True,True,True
14039,04ffff001d02b003,944,True,True,True
14040,04ffff001d02b603,950,True,True,True
14041,04ffff001d02bb03,955,True,True,True
14043,04ffff001d02bf03,959,True,True,True
14045,04ffff001d02c003,960,True,True,True
14046,04ffff001d02c103,961,True,True,True
14048,04ffff001d02ca03,970,True,True,True
14049,04ffff001d02d903,985,True,True,True
14051,04ffff001d02ea03,1002,True,True,True
14052,04ffff001d02ee03,1006,True,True,True
14053,04ffff001d02f003,1008,True,True,True
14057,04ffff001d02fb03,1019,True,True,True
14058,04ffff001d02fc03,1020,True,True,True
14059,04ffff001d02fd03,1021,True,True,True
14060,04ffff001d020804,1032,True,True,True
14062,04ffff001d020904,1033,True,True,True
14063,04ffff001d020b04,1035,True,True,True
14064,04ffff001d020f04,1039,True,True,True
14065,04ffff001d021204,1042,True,True,True
14066,04ffff001d021404,1044,True,True,True
14067,04ffff001d021704,1047,True,True,True
14068,04ffff001d021d04,1053,True,True,True
14069,04ffff001d022104,1057,True,True,True
14070,04ffff001d022504,1061,True,True,True
14071,04ffff001d022904,1065,True,True,True
14072,04ffff001d023004,1072,True,True,True
14073,04ffff001d023904,1081,True,True,True
14074,04ffff001d024704,1095,True,True,True
14075,04ffff001d024904,1097,True,True,True
14077,04ffff001d024c04,1100,True,True,True
14078,04ffff001d025104,1105,True,True,True
14080,04ffff001d025304,1107,True,True,True
14081,04ffff001d025904,1113,True,True,True
14082,04ffff001d026704,1127,True,True,True
14084,04ffff001d027104,1137,True,True,True
14086,04ffff001d027704,1143,True,True,True
14087,04ffff001d027b04,1147,True,True,True
14088,04ffff001d027e04,1150,True,True,True
14089,04ffff001d027f04,1151,True,True,True
14091,04ffff001d028004,1152,True,True,True
14092,04ffff001d028504,1157,True,True,True
14093,04ffff001d028604,1158,True,True,True
14094,04ffff001d028804,1160,True,True,True
14095,04ffff001d028e04,1166,True,True,True
14096,04ffff001d029004,1168,True,True,True
14098,04ffff001d029d04,1181,True,True,True
14099,04ffff001d02a904,1193,True,True,True
14100,04ffff001d02ad04,1197,True,True,True
14101,04ffff001d02ae04,1198,True,True,True
14103,04ffff001d02b204,1202,True,True,True
14105,04ffff001d02c604,1222,True,True,True
14107,04ffff001d02ca04,1226,True,True,True
14108,04ffff001d02d804,1240,True,True,True
14111,04ffff001d02e904,1257,True,True,True
14112,04ffff001d02f004,1264,True,True,True
14114,04ffff001d02fe04,1278,True,True,True
14115,04ffff001d02ff04,1279,True,True,True
14116,04ffff001d020005,1280,True,True,True
14117,04ffff001d020805,1288,True,True,True
14118,04ffff001d020a05,1290,True,True,True
14120,04ffff001d021105,1297,True,True,True
14121,04ffff001d021305,1299,True,True,True
14123,04ffff001d021905,1305,True,True,True
14124,04ffff001d022205,1314,True,True,True
14125,04ffff001d022305,1315,True,True,True
14127,04ffff001d022505,1317,True,True,True
14129,04ffff001d022c05,1324,True,True,True
14131,04ffff001d022f05,1327,True,True,True
14132,04ffff001d023805,1336,True,True,True
14134,04ffff001d023905,1337,True,True,True
14135,04ffff001d024705,1351,True,True,True
14136,04ffff001d024c05,1356,True,True,True
14137,04ffff001d026605,1382,True,True,True
14139,04ffff001d026705,1383,True,True,True
14140,04ffff001d026d05,1389,True,True,True
14141,04ffff001d026e05,1390,True,True,True
14142,04ffff001d027405,1396,True,True,True
14144,04ffff001d027e05,1406,True,True,True
14145,04ffff001d028f05,1423,True,True,True
14147,04ffff001d029205,1426,True,True,True
14148,04ffff001d029305,1427,True,True,True
14149,04ffff001d029d05,1437,True,True,True
14152,04ffff001d02a005,1440,True,True,True
14153,04ffff001d02a805,1448,True,True,True
14154,04ffff001d02b105,1457,True,True,True
14156,04ffff001d02bc05,1468,True,True,True
14157,04ffff001d02ca05,1482,True,True,True
14158,04ffff001d02cb05,1483,True,True,True
14160,04ffff001d02d905,1497,True,True,True
14161,04ffff001d02e305,1507,True,True,True
14162,04ffff001d02e705,1511,True,True,True
14163,04ffff001d02ea05,1514,True,True,True
14164,04ffff001d02ee05,1518,True,True,True
14165,04ffff001d02f105,1521,True,True,True
14167,04ffff001d02f205,1522,True,True,True
14168,04ffff001d02f305,1523,True,True,True
14169,04ffff001d020006,1536,True,True,True
14172,04ffff001d020e06,1550,True,True,True
14173,04ffff001d021606,1558,True,True,True
14174,04ffff001d021706,1559,True,True,True
14176,04ffff001d021c06,1564,True,True,True
14177,04ffff001d022306,1571,True,True,True
14178,04ffff001d022606,1574,True,True,True
14180,04ffff001d022c06,1580,True,True,True
14182,04ffff001d024406,1604,True,True,True
14183,04ffff001d024a06,1610,True,True,True
14184,04ffff001d024b06,1611,True,True,True
14185,04ffff001d024e06,1614,True,True,True
14186,04ffff001d025706,1623,True,True,True
14187,04ffff001d025806,1624,True,True,True
14188,04ffff001d025906,1625,True,True,True
14190,04ffff001d025b06,1627,True,True,True
14192,04ffff001d025e06,1630,True,True,True
14193,04ffff001d026f06,1647,True,True,True
14194,04ffff001d027106,1649,True,True,True
14195,04ffff001d027c06,1660,True,True,True
14196,04ffff001d027d06,1661,True,True,True
14197,04ffff001d027e06,1662,True,True,True
14198,04ffff001d028606,1670,True,True,True
14200,04ffff001d028706,1671,True,True,True
14202,04ffff001d028a06,1674,True,True,True
14204,04ffff001d028b06,1675,True,True,True
14206,04ffff001d029106,1681,True,True,True
14207,04ffff001d029606,1686,True,True,True
14208,04ffff001d029f06,1695,True,True,True
14209,04ffff001d02a406,1700,True,True,True
14210,04ffff001d02a606,1702,True,True,True
14211,04ffff001d02aa06,1706,True,True,True
14213,04ffff001d02ad06,1709,True,True,True
14214,04ffff001d02b106,1713,True,True,True
14216,04ffff001d02b306,1715,True,True,True
14218,04ffff001d02b406,1716,True,True,True
14219,04ffff001d02ba06,1722,True,True,True
14220,04ffff001d02bf06,1727,True,True,True
14221,04ffff001d02c106,1729,True,True,True
14222,04ffff001d02c206,1730,True,True,True
14224,04ffff001d02c406,1732,True,True,True
14225,04ffff001d02c606,1734,True,True,True
14227,04ffff001d02c706,1735,True,True,True
14229,04ffff001d02c806,1736,True,True,True
14230,04ffff001d02ca06,1738,True,True,True
14231,04ffff001d02d106,1745,True,True,True
14233,04ffff001d02da06,1754,True,True,True
14234,04ffff001d02df06,1759,True,True,True
14237,04ffff001d02e006,1760,True,True,True
14238,04ffff001d02e306,1763,True,True,True
14240,04ffff001d02e906,1769,True,True,True
14242,04ffff001d02ed06,1773,True,True,True
14244,04ffff001d02f706,1783,True,True,True
14245,04ffff001d02f906,1785,True,True,True
14246,04ffff001d021007,1808,True,True,True
14248,04ffff001d021407,1812,True,True,True
14249,04ffff001d021a07,1818,True,True,True
14250,04ffff001d021c07,1820,True,True,True
14251,04ffff001d022007,1824,True,True,True
14252,04ffff001d022507,1829,True,True,True
14253,04ffff001d022607,1830,True,True,True
14254,04ffff001d023607,1846,True,True,True
14255,04ffff001d023a07,1850,True,True,True
14256,04ffff001d024407,1860,True,True,True
14258,04ffff001d024607,1862,True,True,True
14259,04ffff001d024907,1865,True,True,True
14261,04ffff001d024d07,1869,True,True,True
14262,04ffff001d024e07,1870,True,True,True
14265,04ffff001d025107,1873,True,True,True
14267,04ffff001d025907,1881,True,True,True
14268,04ffff001d026107,1889,True,True,True
14269,04ffff001d026807,1896,True,True,True
14270,04ffff001d027007,1904,True,True,True
14272,04ffff001d028907,1929,True,True,True
14273,04ffff001d029107,1937,True,True,True
14274,04ffff001d029f07,1951,True,True,True
14275,04ffff001d02a007,1952,True,True,True
14277,04ffff001d02a507,1957,True,True,True
14278,04ffff001d02a907,1961,True,True,True
14280,04ffff001d02b607,1974,True,True,True
14281,04ffff001d02c007,1984,True,True,True
14283,04ffff001d02ce07,1998,True,True,True
14285,04ffff001d02d207,2002,True,True,True
14286,04ffff001d02d407,2004,True,True,True
14287,04ffff001d02d507,2005,True,True,True
14289,04ffff001d02dc07,2012,True,True,True
14290,04ffff001d02e107,2017,True,True,True
14293,04ffff001d02ec07,2028,True,True,True
14294,04ffff001d020f08,2063,True,True,True
14299,04ffff001d022308,2083,True,True,True
14300,04ffff001d022908,2089,True,True,True
14301,04ffff001d023408,2100,True,True,True
14302,04ffff001d023808,2104,True,True,True
14304,04ffff001d023b08,2107,True,True,True
14306,04ffff001d024008,2112,True,True,True
14307,04ffff001d024b08,2123,True,True,True
14308,04ffff001d025208,2130,True,True,True
14309,04ffff001d025508,2133,True,True,True
14312,04ffff001d025908,2137,True,True,True
14313,04ffff001d025f08,2143,True,True,True
14314,04ffff001d026108,2145,True,True,True
14315,04ffff001d026508,2149,True,True,True
14316,04ffff001d026908,2153,True,True,True
14318,04ffff001d027508,2165,True,True,True
14320,04ffff001d027908,2169,True,True,True
14321,04ffff001d028808,2184,True,True,True
14322,04ffff001d029308,2195,True,True,True
14326,04ffff001d029908,2201,True,True,True
14329,04ffff001d029d08,2205,True,True,True
14330,04ffff001d029f08,2207,True,True,True
14332,04ffff001d02a308,2211,True,True,True
14333,04ffff001d02a908,2217,True,True,True
14334,04ffff001d02b508,2229,True,True,True
14335,04ffff001d02b908,2233,True,True,True
14336,04ffff001d02ba08,2234,True,True,True
14337,04ffff001d02c008,2240,True,True,True
14339,04ffff001d02c408,2244,True,True,True
14341,04ffff001d02c908,2249,True,True,True
14342,04ffff001d02d408,2260,True,True,True
14343,04ffff001d02db08,2267,True,True,True
14344,04ffff001d02dd08,2269,True,True,True
14345,04ffff001d02e308,2275,True,True,True
14347,04ffff001d02f508,2293,True,True,True
14348,04ffff001d02f808,2296,True,True,True
14349,04ffff001d02f908,2297,True,True,True
14351,04ffff001d020209,2306,True,True,True
14352,04ffff001d020309,2307,True,True,True
14354,04ffff001d020a09,2314,True,True,True
14357,04ffff001d020c09,2316,True,True,True
14358,04ffff001d021409,2324,True,True,True
14360,04ffff001d021509,2325,True,True,True
14364,04ffff001d021909,2329,True,True,True
14366,04ffff001d021d09,2333,True,True,True
14367,04ffff001d022109,2337,True,True,True
14368,04ffff001d022309,2339,True,True,True
14369,04ffff001d022509,2341,True,True,True
14370,04ffff001d023209,2354,True,True,True
14371,04ffff001d023509,2357,True,True,True
14373,04ffff001d023909,2361,True,True,True
14375,04ffff001d023c09,2364,True,True,True
14376,04ffff001d023e09,2366,True,True,True
14377,04ffff001d024009,2368,True,True,True
14378,04ffff001d024a09,2378,True,True,True
14379,04ffff001d024c09,2380,True,True,True
14380,04ffff001d026e09,2414,True,True,True
14381,04ffff001d027509,2421,True,True,True
14382,04ffff001d028009,2432,True,True,True
14383,04ffff001d028909,2441,True,True,True
14384,04ffff001d028d09,2445,True,True,True
14387,04ffff001d028e09,2446,True,True,True
14389,04ffff001d029609,2454,True,True,True
14391,04ffff001d029809,2456,True,True,True
14392,04ffff001d029e09,2462,True,True,True
14393,04ffff001d02a709,2471,True,True,True
14396,04ffff001d02ac09,2476,True,True,True
14398,04ffff001d02b109,2481,True,True,True
14400,04ffff001d02b409,2484,True,True,True
14402,04ffff001d02bb09,2491,True,True,True
14403,04ffff001d02c109,2497,True,True,True
14404,04ffff001d02ca09,2506,True,True,True
14405,04ffff001d02cc09,2508,True,True,True
14406,04ffff001d02dc09,2524,True,True,True
14407,04ffff001d02e409,2532,True,True,True
14408,04ffff001d02ec09,2540,True,True,True
14409,04ffff001d02ed09,2541,True,True,True
14410,04ffff001d02f109,2545,True,True,True
14411,04ffff001d02f909,2553,True,True,True
14413,04ffff001d02fc09,2556,True,True,True
14416,04ffff001d02060a,2566,True,True,True
14417,04ffff001d02070a,2567,True,True,True
14419,04ffff001d02090a,2569,True,True,True
14420,04ffff001d020f0a,2575,True,True,True
14422,04ffff001d02160a,2582,True,True,True
14423,04ffff001d02170a,2583,True,True,True
14426,04ffff001d02180a,2584,True,True,True
14427,04ffff001d021a0a,2586,True,True,True
14428,04ffff001d021d0a,2589,True,True,True
14429,04ffff001d02200a,2592,True,True,True
14431,04ffff001d02240a,2596,True,True,True
14433,04ffff001d02250a,2597,True,True,True
14435,04ffff001d02360a,2614,True,True,True
14436,04ffff001d02380a,2616,True,True,True
14445,04ffff001d0103,3,True,True,True
14446,04ffff001d0105,5,True,True,True
14447,04ffff001d0106,6,True,True,True
14448,04ffff001d010a,10,True,True,True
14449,04ffff001d010c,12,True,True,True
14453,04ffff001d011c,28,True,True,True
14455,04ffff001d0121,33,True,True,True
14458,04ffff001d0123,35,True,True,True
14460,04ffff001d0128,40,True,True,True
14462,04ffff001d013f,63,True,True,True
14464,04ffff001d0143,67,True,True,True
14467,04ffff001d0150,80,True,True,True
14468,04ffff001d0155,85,True,True,True
14469,04ffff001d0156,86,True,True,True
14470,04ffff001d015c,92,True,True,True
14472,04ffff001d015d,93,True,True,True
14474,04ffff001d0160,96,True,True,True
14475,04ffff001d0167,103,True,True,True
14477,04ffff001d017c,124,True,True,True
14479,04ffff001d017d,125,True,True,True
14481,04ffff001d029700,151,True,True,True
14482,04ffff001d029800,152,True,True,True
14484,04ffff001d029c00,156,True,True,True
14485,04ffff001d029d00,157,True,True,True
14488,04ffff001d029e00,158,True,True,True
14489,04ffff001d02a400,164,True,True,True
14490,04ffff001d02a700,167,True,True,True
14491,04ffff001d02ae00,174,True,True,True
14494,04ffff001d02af00,175,True,True,True
14495,04ffff001d02b300,179,True,True,True
14497,04ffff001d02ba00,186,True,True,True
14498,04ffff001d02c000,192,True,True,True
14499,04ffff001d02c400,196,True,True,True
14501,04ffff001d02c600,198,True,True,True
14502,04ffff001d02cb00,203,True,True,True
14503,04ffff001d02ce00,206,True,True,True
14505,04ffff001d02d300,211,True,True,True
14506,04ffff001d02d400,212,True,True,True
14508,04ffff001d02dc00,220,True,True,True
14511,04ffff001d02df00,223,True,True,True
14513,04ffff001d02e900,233,True,True,True
14515,04ffff001d02ea00,234,True,True,True
14516,04ffff001d02ee00,238,True,True,True
14517,04ffff001d02f100,241,True,True,True
14518,04ffff001d02f900,249,True,True,True
14519,04ffff001d02fb00,251,True,True,True
14520,04ffff001d02fc00,252,True,True,True
14521,04ffff001d020301,259,True,True,True
14523,04ffff001d020601,262,True,True,True
14525,04ffff001d020f01,271,True,True,True
14526,04ffff001d021401,276,True,True,True
14529,04ffff001d021501,277,True,True,True
14531,04ffff001d021a01,282,True,True,True
14534,04ffff001d021f01,287,True,True,True
14535,04ffff001d022101,289,True,True,True
14539,04ffff001d022401,292,True,True,True
14540,04ffff001d022601,294,True,True,True
14541,04ffff001d022701,295,True,True,True
14543,04ffff001d022a01,298,True,True,True
14545,04ffff001d023b01,315,True,True,True
14549,04ffff001d023c01,316,True,True,True
14551,04ffff001d023f01,319,True,True,True
14552,04ffff001d024601,326,True,True,True
14553,04ffff001d024e01,334,True,True,True
14554,04ffff001d025001,336,True,True,True
14555,04ffff001d025101,337,True,True,True
14556,04ffff001d025701,343,True,True,True
14558,04ffff001d025901,345,True,True,True
14559,04ffff001d026401,356,True,True,True
14560,04ffff001d026801,360,True,True,True
14561,04ffff001d026a01,362,True,True,True
14562,04ffff001d026b01,363,True,True,True
14563,04ffff001d027201,370,True,True,True
14566,04ffff001d027a01,378,True,True,True
14567,04ffff001d027c01,380,True,True,True
14568,04ffff001d028001,384,True,True,True
14569,04ffff001d028701,391,True,True,True
14571,04ffff001d029101,401,True,True,True
14572,04ffff001d02a001,416,True,True,True
14573,04ffff001d02a201,418,True,True,True
14576,04ffff001d02ac01,428,True,True,True
14577,04ffff001d02b501,437,True,True,True
14578,04ffff001d02b601,438,True,True,True
14580,04ffff001d02b901,441,True,True,True
14581,04ffff001d02c801,456,True,True,True
14582,04ffff001d02cc01,460,True,True,True
14583,04ffff001d02cd01,461,True,True,True
14585,04ffff001d02ce01,462,True,True,True
14586,04ffff001d02cf01,463,True,True,True
14588,04ffff001d02d901,473,True,True,True
14589,04ffff001d02dd01,477,True,True,True
14590,04ffff001d02e301,483,True,True,True
14591,04ffff001d02e701,487,True,True,True
14592,04ffff001d02f101,497,True,True,True
14593,04ffff001d02fb01,507,True,True,True
14594,04ffff001d02fd01,509,True,True,True
14595,04ffff001d02ff01,511,True,True,True
14596,04ffff001d020702,519,True,True,True
14597,04ffff001d020802,520,True,True,True
14598,04ffff001d021002,528,True,True,True
14599,04ffff001d021602,534,True,True,True
14600,04ffff001d021902,537,True,True,True
14601,04ffff001d022502,549,True,True,True
14602,04ffff001d022702,551,True,True,True
14603,04ffff001d022802,552,True,True,True
14604,04ffff001d023102,561,True,True,True
14606,04ffff001d023302,563,True,True,True
14608,04ffff001d023402,564,True,True,True
14610,04ffff001d023902,569,True,True,True
14611,04ffff001d023a02,570,True,True,True
14612,04ffff001d023f02,575,True,True,True
14614,04ffff001d024102,577,True,True,True
14615,04ffff001d024802,584,True,True,True
14617,04ffff001d024a02,586,True,True,True
14618,04ffff001d024c02,588,True,True,True
14619,04ffff001d025302,595,True,True,True
14621,04ffff001d025a02,602,True,True,True
14623,04ffff001d026102,609,True,True,True
14625,04ffff001d027202,626,True,True,True
14626,04ffff001d027902,633,True,True,True
14627,04ffff001d027a02,634,True,True,True
14630,04ffff001d027b02,635,True,True,True
14631,04ffff001d027d02,637,True,True,True
14632,04ffff001d027f02,639,True,True,True
14633,04ffff001d028f02,655,True,True,True
14635,04ffff001d029302,659,True,True,True
14637,04ffff001d029402,660,True,True,True
14639,04ffff001d029a02,666,True,True,True
14641,04ffff001d02a302,675,True,True,True
14642,04ffff001d02a402,676,True,True,True
14643,04ffff001d02a502,677,True,True,True
14644,04ffff001d02ac02,684,True,True,True
14645,04ffff001d02bb02,699,True,True,True
14647,04ffff001d02d202,722,True,True,True
14648,04ffff001d02d302,723,True,True,True
14649,04ffff001d02ef02,751,True,True,True
14651,04ffff001d02f202,754,True,True,True
14652,04ffff001d02f502,757,True,True,True
14654,04ffff001d02fc02,764,True,True,True
14656,04ffff001d02ff02,767,True,True,True
14657,04ffff001d020a03,778,True,True,True
14658,04ffff001d020b03,779,True,True,True
14661,04ffff001d021303,787,True,True,True
14662,04ffff001d021a03,794,True,True,True
14664,04ffff001d021e03,798,True,True,True
14666,04ffff001d022103,801,True,True,True
14667,04ffff001d022b03,811,True,True,True
14668,04ffff001d023403,820,True,True,True
14669,04ffff001d023503,821,True,True,True
14670,04ffff001d023603,822,True,True,True
14671,04ffff001d023a03,826,True,True,True
14672,04ffff001d024803,840,True,True,True
14673,04ffff001d024e03,846,True,True,True
14675,04ffff001d025303,851,True,True,True
14676,04ffff001d025403,852,True,True,True
14677,04ffff001d025c03,860,True,True,True
14678,04ffff001d025d03,861,True,True,True
14680,04ffff001d026803,872,True,True,True
14681,04ffff001d027403,884,True,True,True
14682,04ffff001d027803,888,True,True,True
14683,04ffff001d027a03,890,True,True,True
14684,04ffff001d027d03,893,True,True,True
14685,04ffff001d028703,903,True,True,True
14686,04ffff001d028f03,911,True,True,True
14687,04ffff001d029203,914,True,True,True
14688,04ffff001d029403,916,True,True,True
14689,04ffff001d029503,917,True,True,True
14690,04ffff001d029d03,925,True,True,True
14692,04ffff001d029f03,927,True,True,True
14693,04ffff001d02a703,935,True,True,True
14694,04ffff001d02ac03,940,True,True,True
14695,04ffff001d02b003,944,True,True,True
14696,04ffff001d02bc03,956,True,True,True
14697,04ffff001d02c003,960,True,True,True
14698,04ffff001d02c303,963,True,True,True
14699,04ffff001d02c603,966,True,True,True
14700,04ffff001d02c803,968,True,True,True
14701,04ffff001d02ca03,970,True,True,True
14704,04ffff001d02cd03,973,True,True,True
14706,04ffff001d02d403,980,True,True,True
14709,04ffff001d02da03,986,True,True,True
14710,04ffff001d02df03,991,True,True,True
14711,04ffff001d02e703,999,True,True,True
14712,04ffff001d02f203,1010,True,True,True
14713,04ffff001d020204,1026,True,True,True
14715,04ffff001d020804,1032,True,True,True
14716,04ffff001d020a04,1034,True,True,True
14717,04ffff001d020d04,1037,True,True,True
14719,04ffff001d020f04,1039,True,True,True
14720,04ffff001d021a04,1050,True,True,True
14721,04ffff001d021d04,1053,True,True,True
14722,04ffff001d022904,1065,True,True,True
14723,04ffff001d022b04,1067,True,True,True
14724,04ffff001d023a04,1082,True,True,True
14727,04ffff001d024504,1093,True,True,True
14728,04ffff001d024c04,1100,True,True,True
14729,04ffff001d025104,1105,True,True,True
14730,04ffff001d025304,1107,True,True,True
14731,04ffff001d025404,1108,True,True,True
14732,04ffff001d025704,1111,True,True,True
14733,04ffff001d025d04,1117,True,True,True
14734,04ffff001d026104,1121,True,True,True
14735,04ffff001d026804,1128,True,True,True
14737,04ffff001d026f04,1135,True,True,True
14738,04ffff001d027504,1141,True,True,True
14739,04ffff001d028704,1159,True,True,True
14740,04ffff001d028f04,1167,True,True,True
14741,04ffff001d029a04,1178,True,True,True
14743,04ffff001d029d04,1181,True,True,True
14745,04ffff001d029e04,1182,True,True,True
14746,04ffff001d02a104,1185,True,True,True
14747,04ffff001d02a404,1188,True,True,True
14749,04ffff001d02a504,1189,True,True,True
14750,04ffff001d02a604,1190,True,True,True
14751,04ffff001d02a804,1192,True,True,True
14752,04ffff001d02b904,1209,True,True,True
14753,04ffff001d02c404,1220,True,True,True
14754,04ffff001d02c504,1221,True,True,True
14755,04ffff001d02ca04,1226,True,True,True
14756,04ffff001d02d004,1232,True,True,True
14758,04ffff001d02d504,1237,True,True,True
14759,04ffff001d02d604,1238,True,True,True
14760,04ffff001d02dc04,1244,True,True,True
14761,04ffff001d02e304,1251,True,True,True
14762,04ffff001d02ec04,1260,True,True,True
14763,04ffff001d02f804,1272,True,True,True
14764,04ffff001d020d05,1293,True,True,True
14765,04ffff001d020e05,1294,True,True,True
14766,04ffff001d021005,1296,True,True,True
14768,04ffff001d021605,1302,True,True,True
14769,04ffff001d021705,1303,True,True,True
14771,04ffff001d021c05,1308,True,True,True
14772,04ffff001d021f05,1311,True,True,True
14773,04ffff001d022205,1314,True,True,True
14774,04ffff001d022e05,1326,True,True,True
14776,04ffff001d023505,1333,True,True,True
14777,04ffff001d024605,1350,True,True,True
14779,04ffff001d024d05,1357,True,True,True
14780,04ffff001d024e05,1358,True,True,True
14782,04ffff001d024f05,1359,True,True,True
14783,04ffff001d025205,1362,True,True,True
14785,04ffff001d025705,1367,True,True,True
14787,04ffff001d025a05,1370,True,True,True
14789,04ffff001d026005,1376,True,True,True
14790,04ffff001d026105,1377,True,True,True
14792,04ffff001d026405,1380,True,True,True
14793,04ffff001d026805,1384,True,True,True
14794,04ffff001d026905,1385,True,True,True
14795,04ffff001d027105,1393,True,True,True
14797,04ffff001d027705,1399,True,True,True
14798,04ffff001d027a05,1402,True,True,True
14799,04ffff001d028105,1409,True,True,True
14801,04ffff001d028305,1411,True,True,True
14803,04ffff001d028805,1416,True,True,True
14804,04ffff001d028b05,1419,True,True,True
14805,04ffff001d028e05,1422,True,True,True
14806,04ffff001d029405,1428,True,True,True
14808,04ffff001d029b05,1435,True,True,True
14809,04ffff001d02a305,1443,True,True,True
14810,04ffff001d02b305,1459,True,True,True
14811,04ffff001d02b405,1460,True,True,True
14812,04ffff001d02b505,1461,True,True,True
14814,04ffff001d02bd05,1469,True,True,True
14816,04ffff001d02c005,1472,True,True,True
14817,04ffff001d02c405,1476,True,True,True
14818,04ffff001d02ce05,1486,True,True,True
14819,04ffff001d02d005,1488,True,True,True
14820,04ffff001d02d505,1493,True,True,True
14823,04ffff001d02ef05,1519,True,True,True
14824,04ffff001d02f105,1521,True,True,True
14825,04ffff001d021006,1552,True,True,True
14827,04ffff001d021706,1559,True,True,True
14828,04ffff001d022206,1570,True,True,True
14829,04ffff001d022a06,1578,True,True,True
14830,04ffff001d022e06,1582,True,True,True
14831,04ffff001d023106,1585,True,True,True
14833,04ffff001d023206,1586,True,True,True
14836,04ffff001d023806,1592,True,True,True
14837,04ffff001d023906,1593,True,True,True
14838,04ffff001d023f06,1599,True,True,True
14839,04ffff001d024506,1605,True,True,True
14840,04ffff001d024806,1608,True,True,True
14841,04ffff001d024c06,1612,True,True,True
14842,04ffff001d025306,1619,True,True,True
14843,04ffff001d025406,1620,True,True,True
14845,04ffff001d025d06,1629,True,True,True
14847,04ffff001d025f06,1631,True,True,True
14848,04ffff001d026006,1632,True,True,True
14849,04ffff001d026306,1635,True,True,True
14851,04ffff001d026506,1637,True,True,True
14852,04ffff001d026706,1639,True,True,True
14853,04ffff001d026c06,1644,True,True,True
14855,04ffff001d027106,1649,True,True,True
14856,04ffff001d027406,1652,True,True,True
14857,04ffff001d027f06,1663,True,True,True
14858,04ffff001d028106,1665,True,True,True
14859,04ffff001d028306,1667,True,True,True
14860,04ffff001d028406,1668,True,True,True
14862,04ffff001d028e06,1678,True,True,True
14863,04ffff001d028f06,1679,True,True,True
14865,04ffff001d029b06,1691,True,True,True
14866,04ffff001d029f06,1695,True,True,True
14868,04ffff001d02ad06,1709,True,True,True
14869,04ffff001d02af06,1711,True,True,True
14870,04ffff001d02b206,1714,True,True,True
14871,04ffff001d02b806,1720,True,True,True
14873,04ffff001d02bd06,1725,True,True,True
14874,04ffff001d02c206,1730,True,True,True
14875,04ffff001d02d006,1744,True,True,True
14876,04ffff001d02dd06,1757,True,True,True
14877,04ffff001d02e906,1769,True,True,True
14878,04ffff001d02ec06,1772,True,True,True
14879,04ffff001d02f406,1780,True,True,True
14880,04ffff001d02fa06,1786,True,True,True
14881,04ffff001d02fb06,1787,True,True,True
14883,04ffff001d020807,1800,True,True,True
14884,04ffff001d020a07,1802,True,True,True
14886,04ffff001d020b07,1803,True,True,True
14887,04ffff001d020c07,1804,True,True,True
14888,04ffff001d021607,1814,True,True,True
14889,04ffff001d021d07,1821,True,True,True
14890,04ffff001d021e07,1822,True,True,True
14891,04ffff001d022807,1832,True,True,True
14892,04ffff001d022d07,1837,True,True,True
14893,04ffff001d023007,1840,True,True,True
14894,04ffff001d024007,1856,True,True,True
14897,04ffff001d027107,1905,True,True,True
14898,04ffff001d027507,1909,True,True,True
14899,04ffff001d027707,1911,True,True,True
14901,04ffff001d028507,1925,True,True,True
14902,04ffff001d028a07,1930,True,True,True
14903,04ffff001d028c07,1932,True,True,True
14904,04ffff001d029007,1936,True,True,True
14905,04ffff001d029207,1938,True,True,True
14906,04ffff001d029e07,1950,True,True,True
14908,04ffff001d029f07,1951,True,True,True
14909,04ffff001d02a207,1954,True,True,True
14911,04ffff001d02a507,1957,True,True,True
14912,04ffff001d02a607,1958,True,True,True
14913,04ffff001d02ad07,1965,True,True,True
14915,04ffff001d02af07,1967,True,True,True
14916,04ffff001d02bc07,1980,True,True,True
14917,04ffff001d02be07,1982,True,True,True
14919,04ffff001d02c107,1985,True,True,True
14921,04ffff001d02c207,1986,True,True,True
14922,04ffff001d02cd07,1997,True,True,True
14924,04ffff001d02d107,2001,True,True,True
14925,04ffff001d02d507,2005,True,True,True
14926,04ffff001d02d807,2008,True,True,True
14927,04ffff001d02dc07,2012,True,True,True
14928,04ffff001d02df07,2015,True,True,True
14929,04ffff001d02e807,2024,True,True,True
14930,04ffff001d02e907,2025,True,True,True
14931,04ffff001d02f707,2039,True,True,True
14933,04ffff001d02fb07,2043,True,True,True
14934,04ffff001d020808,2056,True,True,True
14935,04ffff001d020b08,2059,True,True,True
14938,04ffff001d020e08,2062,True,True,True
14940,04ffff001d020f08,2063,True,True,True
14943,04ffff001d022908,2089,True,True,True
14946,04ffff001d022d08,2093,True,True,True
14947,04ffff001d023008,2096,True,True,True
14948,04ffff001d023108,2097,True,True,True
14950,04ffff001d024008,2112,True,True,True
14951,04ffff001d024608,2118,True,True,True
14952,04ffff001d025608,2134,True,True,True
14953,04ffff001d025708,2135,True,True,True
14954,04ffff001d025808,2136,True,True,True
14955,04ffff001d025908,2137,True,True,True
14956,04ffff001d026108,2145,True,True,True
14959,04ffff001d026b08,2155,True,True,True
14960,04ffff001d027108,2161,True,True,True
14961,04ffff001d027608,2166,True,True,True
14962,04ffff001d027708,2167,True,True,True
14963,04ffff001d027a08,2170,True,True,True
14964,04ffff001d028108,2177,True,True,True
14965,04ffff001d028308,2179,True,True,True
14966,04ffff001d028b08,2187,True,True,True
14967,04ffff001d028e08,2190,True,True,True
14968,04ffff001d028f08,2191,True,True,True
14969,04ffff001d029808,2200,True,True,True
14970,04ffff001d029a08,2202,True,True,True
14971,04ffff001d02a108,2209,True,True,True
14972,04ffff001d02af08,2223,True,True,True
14973,04ffff001d02b008,2224,True,True,True
14974,04ffff001d02bf08,2239,True,True,True
14975,04ffff001d02c208,2242,True,True,True
14976,04ffff001d02ca08,2250,True,True,True
14978,04ffff001d02d008,2256,True,True,True
14980,04ffff001d02d908,2265,True,True,True
14981,04ffff001d02e008,2272,True,True,True
14983,04ffff001d02e408,2276,True,True,True
14984,04ffff001d02e708,2279,True,True,True
14985,04ffff001d02f408,2292,True,True,True
14986,04ffff001d02f908,2297,True,True,True
14988,04ffff001d02fe08,2302,True,True,True
14989,04ffff001d02ff08,2303,True,True,True
14990,04ffff001d020309,2307,True,True,True
14991,04ffff001d020809,2312,True,True,True
14993,04ffff001d020c09,2316,True,True,True
14994,04ffff001d021109,2321,True,True,True
14996,04ffff001d021409,2324,True,True,True
14997,04ffff001d021509,2325,True,True,True
14998,04ffff001d021c09,2332,True,True,True
15000,04ffff001d022009,2336,True,True,True
15001,04ffff001d022209,2338,True,True,True
15003,04ffff001d022409,2340,True,True,True
15004,04ffff001d022709,2343,True,True,True
15007,04ffff001d023209,2354,True,True,True
15008,04ffff001d023409,2356,True,True,True
15009,04ffff001d023509,2357,True,True,True
15010,04ffff001d023609,2358,True,True,True
15011,04ffff001d023909,2361,True,True,True
15013,04ffff001d023c09,2364,True,True,True
15015,04ffff001d024009,2368,True,True,True
15016,04ffff001d024409,2372,True,True,True
15017,04ffff001d024709,2375,True,True,True
15018,04ffff001d024909,2377,True,True,True
15019,04ffff001d024b09,2379,True,True,True
15020,04ffff001d024d09,2381,True,True,True
15021,04ffff001d024e09,2382,True,True,True
15022,04ffff001d025209,2386,True,True,True
15023,04ffff001d025309,2387,True,True,True
15024,04ffff001d025509,2389,True,True,True
15025,04ffff001d025809,2392,True,True,True
15026,04ffff001d025f09,2399,True,True,True
15027,04ffff001d026009,2400,True,True,True
15028,04ffff001d026809,2408,True,True,True
15029,04ffff001d026f09,2415,True,True,True
15031,04ffff001d027109,2417,True,True,True
15032,04ffff001d027709,2423,True,True,True
15035,04ffff001d027809,2424,True,True,True
15036,04ffff001d027c09,2428,True,True,True
15038,04ffff001d028209,2434,True,True,True
15041,04ffff001d02a209,2466,True,True,True
15042,04ffff001d02a509,2469,True,True,True
15043,04ffff001d02ac09,2476,True,True,True
15044,04ffff001d02b009,2480,True,True,True
15045,04ffff001d02b809,2488,True,True,True
15046,04ffff001d02bc09,2492,True,True,True
15047,04ffff001d02be09,2494,True,True,True
15048,04ffff001d02c009,2496,True,True,True
15049,04ffff001d02c709,2503,True,True,True
15050,04ffff001d02ca09,2506,True,True,True
15051,04ffff001d02cb09,2507,True,True,True
15052,04ffff001d02cc09,2508,True,True,True
15053,04ffff001d02d509,2517,True,True,True
15054,04ffff001d02e609,2534,True,True,True
15056,04ffff001d02f509,2549,True,True,True
15057,04ffff001d02f809,2552,True,True,True
15058,04ffff001d02fb09,2555,True,True,True
15061,04ffff001d02fd09,2557,True,True,True
15062,04ffff001d02000a,2560,True,True,True
15063,04ffff001d02020a,2562,True,True,True
15064,04ffff001d02040a,2564,True,True,True
15065,04ffff001d02090a,2569,True,True,True
15066,04ffff001d020e0a,2574,True,True,True
15068,04ffff001d021b0a,2587,True,True,True
15069,04ffff001d02210a,2593,True,True,True
15070,04ffff001d02240a,2596,True,True,True
15074,04ffff001d0102,2,True,True,True
15075,04ffff001d010a,10,True,True,True
15076,04ffff001d010c,12,True,True,True
15077,04ffff001d0110,16,True,True,True
15078,04ffff001d011d,29,True,True,True
15079,04ffff001d011e,30,True,True,True
15081,04ffff001d0121,33,True,True,True
15083,04ffff001d0123,35,True,True,True
15085,04ffff001d0124,36,True,True,True
15087,04ffff001d012a,42,True,True,True
15089,04ffff001d0138,56,True,True,True
15091,04ffff001d0140,64,True,True,True
15092,04ffff001d0141,65,True,True,True
15093,04ffff001d014b,75,True,True,True
15095,04ffff001d0168,104,True,True,True
15097,04ffff001d016c,108,True,True,True
15100,04ffff001d016d,109,True,True,True
15101,04ffff001d0170,112,True,True,True
15102,04ffff001d0173,115,True,True,True
15103,04ffff001d017c,124,True,True,True
15104,04ffff001d028600,134,True,True,True
15105,04ffff001d028e00,142,True,True,True
15106,04ffff001d029800,152,True,True,True
15107,04ffff001d029f00,159,True,True,True
15108,04ffff001d02a300,163,True,True,True
15109,04ffff001d02a500,165,True,True,True
15111,04ffff001d02a700,167,True,True,True
15112,04ffff001d02b100,177,True,True,True
15113,04ffff001d02b200,178,True,True,True
15114,04ffff001d02c000,192,True,True,True
15115,04ffff001d02c600,198,True,True,True
15116,04ffff001d02c900,201,True,True,True
15117,04ffff001d02ca00,202,True,True,True
15118,04ffff001d02cd00,205,True,True,True
15120,04ffff001d02d100,209,True,True,True
15121,04ffff001d02dd00,221,True,True,True
15122,04ffff001d02e000,224,True,True,True
15123,04ffff001d02e200,226,True,True,True
15124,04ffff001d02ed00,237,True,True,True
15125,04ffff001d02fc00,252,True,True,True
15126,04ffff001d02fd00,253,True,True,True
15127,04ffff001d02fe00,254,True,True,True
15128,04ffff001d020001,256,True,True,True
15129,04ffff001d020401,260,True,True,True
15130,04ffff001d020701,263,True,True,True
15132,04ffff001d020901,265,True,True,True
15133,04ffff001d021201,274,True,True,True
15135,04ffff001d021601,278,True,True,True
15136,04ffff001d021c01,284,True,True,True
15137,04ffff001d022601,294,True,True,True
15138,04ffff001d022701,295,True,True,True
15140,04ffff001d022b01,299,True,True,True
15141,04ffff001d022d01,301,True,True,True
15142,04ffff001d022e01,302,True,True,True
15143,04ffff001d023601,310,True,True,True
15147,04ffff001d023801,312,True,True,True
15150,04ffff001d023b01,315,True,True,True
15152,04ffff001d024001,320,True,True,True
15153,04ffff001d024401,324,True,True,True
15154,04ffff001d024701,327,True,True,True
15156,04ffff001d024801,328,True,True,True
15157,04ffff001d024a01,330,True,True,True
15159,04ffff001d024e01,334,True,True,True
15161,04ffff001d025e01,350,True,True,True
15162,04ffff001d026f01,367,True,True,True
15163,04ffff001d027a01,378,True,True,True
15165,04ffff001d027f01,383,True,True,True
15168,04ffff001d028601,390,True,True,True
15170,04ffff001d028701,391,True,True,True
15171,04ffff001d028c01,396,True,True,True
15172,04ffff001d028e01,398,True,True,True
15173,04ffff001d029801,408,True,True,True
15174,04ffff001d029e01,414,True,True,True
15175,04ffff001d02a701,423,True,True,True
15177,04ffff001d02ac01,428,True,True,True
15178,04ffff001d02ad01,429,True,True,True
15179,04ffff001d02b001,432,True,True,True
15180,04ffff001d02b201,434,True,True,True
15181,04ffff001d02b501,437,True,True,True
15183,04ffff001d02cd01,461,True,True,True
15184,04ffff001d02ce01,462,True,True,True
15188,04ffff001d02d001,464,True,True,True
15189,04ffff001d02d201,466,True,True,True
15190,04ffff001d02d301,467,True,True,True
15192,04ffff001d02d501,469,True,True,True
15194,04ffff001d02d801,472,True,True,True
15195,04ffff001d02da01,474,True,True,True
15196,04ffff001d02dd01,477,True,True,True
15197,04ffff001d02e601,486,True,True,True
15198,04ffff001d02e701,487,True,True,True
15200,04ffff001d02e801,488,True,True,True
15202,04ffff001d02e901,489,True,True,True
15203,04ffff001d02f101,497,True,True,True
15204,04ffff001d02f901,505,True,True,True
15205,04ffff001d020502,517,True,True,True
15207,04ffff001d020602,518,True,True,True
15209,04ffff001d020f02,527,True,True,True
15210,04ffff001d021102,529,True,True,True
15212,04ffff001d021402,532,True,True,True
15214,04ffff001d021b02,539,True,True,True
15215,04ffff001d021d02,541,True,True,True
15216,04ffff001d022d02,557,True,True,True
15217,04ffff001d023502,565,True,True,True
15218,04ffff001d023d02,573,True,True,True
15219,04ffff001d024002,576,True,True,True
15220,04ffff001d024102,577,True,True,True
15221,04ffff001d024302,579,True,True,True
15222,04ffff001d024702,583,True,True,True
15223,04ffff001d024902,585,True,True,True
15225,04ffff001d024a02,586,True,True,True
15226,04ffff001d024b02,587,True,True,True
15227,04ffff001d024d02,589,True,True,True
15228,04ffff001d024f02,591,True,True,True
15229,04ffff001d025302,595,True,True,True
15230,04ffff001d025502,597,True,True,True
15231,04ffff001d025b02,603,True,True,True
15232,04ffff001d025d02,605,True,True,True
15233,04ffff001d025e02,606,True,True,True
15234,04ffff001d026c02,620,True,True,True
15236,04ffff001d027302,627,True,True,True
15237,04ffff001d027a02,634,True,True,True
15238,04ffff001d027b02,635,True,True,True
15239,04ffff001d028002,640,True,True,True
15242,04ffff001d028302,643,True,True,True
15243,04ffff001d028902,649,True,True,True
15244,04ffff001d028a02,650,True,True,True
15245,04ffff001d029a02,666,True,True,True
15246,04ffff001d029b02,667,True,True,True
15247,04ffff001d029e02,670,True,True,True
15249,04ffff001d02ab02,683,True,True,True
15250,04ffff001d02ac02,684,True,True,True
15251,04ffff001d02af02,687,True,True,True
15252,04ffff001d02b002,688,True,True,True
15253,04ffff001d02b102,689,True,True,True
15254,04ffff001d02b202,690,True,True,True
15255,04ffff001d02b402,692,True,True,True
15256,04ffff001d02b602,694,True,True,True
15257,04ffff001d02b802,696,True,True,True
15258,04ffff001d02ba02,698,True,True,True
15259,04ffff001d02bb02,699,True,True,True
15260,04ffff001d02c202,706,True,True,True
15261,04ffff001d02c402,708,True,True,True
15262,04ffff001d02c502,709,True,True,True
15263,04ffff001d02c802,712,True,True,True
15264,04ffff001d02cd02,717,True,True,True
15265,04ffff001d02cf02,719,True,True,True
15266,04ffff001d02d002,720,True,True,True
15267,04ffff001d02d102,721,True,True,True
15270,04ffff001d02dd02,733,True,True,True
15271,04ffff001d02ec02,748,True,True,True
15272,04ffff001d02f402,756,True,True,True
15273,04ffff001d02f902,761,True,True,True
15274,04ffff001d02fb02,763,True,True,True
15276,04ffff001d020103,769,True,True,True
15277,04ffff001d020203,770,True,True,True
15278,04ffff001d020403,772,True,True,True
15279,04ffff001d020903,777,True,True,True
15280,04ffff001d021d03,797,True,True,True
15281,04ffff001d021e03,798,True,True,True
15282,04ffff001d022303,803,True,True,True
15284,04ffff001d022403,804,True,True,True
15285,04ffff001d022c03,812,True,True,True
15286,04ffff001d023203,818,True,True,True
15288,04ffff001d023503,821,True,True,True
15289,04ffff001d023803,824,True,True,True
15290,04ffff001d024a03,842,True,True,True
15291,04ffff001d024e03,846,True,True,True
15292,04ffff001d025103,849,True,True,True
15293,04ffff001d025703,855,True,True,True
15294,04ffff001d025803,856,True,True,True
15295,04ffff001d025a03,858,True,True,True
15296,04ffff001d025b03,859,True,True,True
15297,04ffff001d026203,866,True,True,True
15298,04ffff001d026a03,874,True,True,True
15299,04ffff001d026f03,879,True,True,True
15301,04ffff001d027203,882,True,True,True
15302,04ffff001d028603,902,True,True,True
15303,04ffff001d028903,905,True,True,True
15304,04ffff001d029403,916,True,True,True
15306,04ffff001d029803,920,True,True,True
15307,04ffff001d029903,921,True,True,True
15308,04ffff001d029d03,925,True,True,True
15309,04ffff001d029f03,927,True,True,True
15310,04ffff001d02a003,928,True,True,True
15311,04ffff001d02a103,929,True,True,True
15314,04ffff001d02a303,931,True,True,True
15315,04ffff001d02b303,947,True,True,True
15316,04ffff001d02b703,951,True,True,True
15317,04ffff001d02c703,967,True,True,True
15318,04ffff001d02cb03,971,True,True,True
15320,04ffff001d02d703,983,True,True,True
15321,04ffff001d02d803,984,True,True,True
15322,04ffff001d02dd03,989,True,True,True
15323,04ffff001d02e003,992,True,True,True
15324,04ffff001d02e103,993,True,True,True
15325,04ffff001d02e303,995,True,True,True
15326,04ffff001d02e403,996,True,True,True
15327,04ffff001d02eb03,1003,True,True,True
15328,04ffff001d02f003,1008,True,True,True
15329,04ffff001d02f403,1012,True,True,True
15330,04ffff001d020e04,1038,True,True,True
15331,04ffff001d021204,1042,True,True,True
15332,04ffff001d021304,1043,True,True,True
15333,04ffff001d021504,1045,True,True,True
15334,04ffff001d021a04,1050,True,True,True
15335,04ffff001d021e04,1054,True,True,True
15336,04ffff001d021f04,1055,True,True,True
15337,04ffff001d022204,1058,True,True,True
15338,04ffff001d022704,1063,True,True,True
15339,04ffff001d022e04,1070,True,True,True
15340,04ffff001d023104,1073,True,True,True
15341,04ffff001d023804,1080,True,True,True
15342,04ffff001d023a04,1082,True,True,True
15343,04ffff001d023c04,1084,True,True,True
15344,04ffff001d023d04,1085,True,True,True
15345,04ffff001d024204,1090,True,True,True
15346,04ffff001d024604,1094,True,True,True
15347,04ffff001d024904,1097,True,True,True
15349,04ffff001d025004,1104,True,True,True
15350,04ffff001d025304,1107,True,True,True
15352,04ffff001d025804,1112,True,True,True
15353,04ffff001d025f04,1119,True,True,True
15356,04ffff001d026104,1121,True,True,True
15358,04ffff001d026504,1125,True,True,True
15359,04ffff001d026604,1126,True,True,True
15360,04ffff001d026704,1127,True,True,True
15361,04ffff001d026e04,1134,True,True,True
15362,04ffff001d027304,1139,True,True,True
15364,04ffff001d027904,1145,True,True,True
15365,04ffff001d027a04,1146,True,True,True
15366,04ffff001d02a004,1184,True,True,True
15367,04ffff001d02a704,1191,True,True,True
15368,04ffff001d02ab04,1195,True,True,True
15370,04ffff001d02ad04,1197,True,True,True
15372,04ffff001d02b304,1203,True,True,True
15374,04ffff001d02b904,1209,True,True,True
15375,04ffff001d02bc04,1212,True,True,True
15376,04ffff001d02c104,1217,True,True,True
15379,04ffff001d02c404,1220,True,True,True
15380,04ffff001d02cb04,1227,True,True,True
15382,04ffff001d02cf04,1231,True,True,True
15383,04ffff001d02d304,1235,True,True,True
15384,04ffff001d02d604,1238,True,True,True
15385,04ffff001d02d704,1239,True,True,True
15386,04ffff001d02db04,1243,True,True,True
15387,04ffff001d02e304,1251,True,True,True
15388,04ffff001d02e604,1254,True,True,True
15389,04ffff001d02e704,1255,True,True,True
15390,04ffff001d02ec04,1260,True,True,True
15391,04ffff001d02f004,1264,True,True,True
15392,04ffff001d02f804,1272,True,True,True
15393,04ffff001d02fe04,1278,True,True,True
15394,04ffff001d02ff04,1279,True,True,True
15395,04ffff001d020305,1283,True,True,True
15397,04ffff001d020705,1287,True,True,True
15398,04ffff001d020805,1288,True,True,True
15400,04ffff001d021205,1298,True,True,True
15401,04ffff001d021405,1300,True,True,True
15404,04ffff001d021505,1301,True,True,True
15405,04ffff001d021705,1303,True,True,True
15406,04ffff001d021c05,1308,True,True,True
15408,04ffff001d022005,1312,True,True,True
15409,04ffff001d022105,1313,True,True,True
15410,04ffff001d022905,1321,True,True,True
15411,04ffff001d022a05,1322,True,True,True
15412,04ffff001d022b05,1323,True,True,True
15415,04ffff001d023705,1335,True,True,True
15416,04ffff001d024205,1346,True,True,True
15417,04ffff001d024905,1353,True,True,True
15418,04ffff001d024a05,1354,True,True,True
15420,04ffff001d025005,1360,True,True,True
15422,04ffff001d025605,1366,True,True,True
15423,04ffff001d025705,1367,True,True,True
15427,04ffff001d026105,1377,True,True,True
15428,04ffff001d026205,1378,True,True,True
15429,04ffff001d026405,1380,True,True,True
15431,04ffff001d027f05,1407,True,True,True
15432,04ffff001d028405,1412,True,True,True
15434,04ffff001d028705,1415,True,True,True
15435,04ffff001d028c05,1420,True,True,True
15436,04ffff001d029c05,1436,True,True,True
15437,04ffff001d02ae05,1454,True,True,True
15438,04ffff001d02be05,1470,True,True,True
15439,04ffff001d02cc05,1484,True,True,True
15442,04ffff001d02cf05,1487,True,True,True
15443,04ffff001d02d905,1497,True,True,True
15444,04ffff001d02e605,1510,True,True,True
15445,04ffff001d02f205,1522,True,True,True
15446,04ffff001d02fa05,1530,True,True,True
15447,04ffff001d020306,1539,True,True,True
15448,04ffff001d020406,1540,True,True,True
15449,04ffff001d020906,1545,True,True,True
15451,04ffff001d020c06,1548,True,True,True
15452,04ffff001d021c06,1564,True,True,True
15453,04ffff001d021d06,1565,True,True,True
15454,04ffff001d022506,1573,True,True,True
15455,04ffff001d022d06,1581,True,True,True
15456,04ffff001d023306,1587,True,True,True
15457,04ffff001d023e06,1598,True,True,True
15458,04ffff001d024406,1604,True,True,True
15459,04ffff001d024706,1607,True,True,True
15460,04ffff001d024806,1608,True,True,True
15461,04ffff001d024906,1609,True,True,True
15462,04ffff001d024b06,1611,True,True,True
15464,04ffff001d024c06,1612,True,True,True
15465,04ffff001d025006,1616,True,True,True
15466,04ffff001d025906,1625,True,True,True
15467,04ffff001d026006,1632,True,True,True
15468,04ffff001d026906,1641,True,True,True
15469,04ffff001d026e06,1646,True,True,True
15470,04ffff001d027906,1657,True,True,True
15471,04ffff001d027d06,1661,True,True,True
15472,04ffff001d028606,1670,True,True,True
15473,04ffff001d028e06,1678,True,True,True
15474,04ffff001d029a06,1690,True,True,True
15475,04ffff001d029f06,1695,True,True,True
15476,04ffff001d02a006,1696,True,True,True
15477,04ffff001d02a406,1700,True,True,True
15479,04ffff001d02a506,1701,True,True,True
15480,04ffff001d02a806,1704,True,True,True
15481,04ffff001d02ad06,1709,True,True,True
15482,04ffff001d02b006,1712,True,True,True
15484,04ffff001d02b206,1714,True,True,True
15485,04ffff001d02b306,1715,True,True,True
15486,04ffff001d02b706,1719,True,True,True
15487,04ffff001d02b906,1721,True,True,True
15488,04ffff001d02c406,1732,True,True,True
15489,04ffff001d02c506,1733,True,True,True
15490,04ffff001d02cc06,1740,True,True,True
15491,04ffff001d02d106,1745,True,True,True
15492,04ffff001d02d606,1750,True,True,True
15493,04ffff001d02d706,1751,True,True,True
15494,04ffff001d02d906,1753,True,True,True
15495,04ffff001d02dc06,1756,True,True,True
15496,04ffff001d02de06,1758,True,True,True
15497,04ffff001d02df06,1759,True,True,True
15499,04ffff001d02e606,1766,True,True,True
15501,04ffff001d02e906,1769,True,True,True
15502,04ffff001d02fb06,1787,True,True,True
15503,04ffff001d02fc06,1788,True,True,True
15504,04ffff001d02fd06,1789,True,True,True
15505,04ffff001d020007,1792,True,True,True
15506,04ffff001d020107,1793,True,True,True
15507,04ffff001d020807,1800,True,True,True
15508,04ffff001d021007,1808,True,True,True
15509,04ffff001d021807,1816,True,True,True
15511,04ffff001d021c07,1820,True,True,True
15513,04ffff001d021d07,1821,True,True,True
15514,04ffff001d023b07,1851,True,True,True
15515,04ffff001d025007,1872,True,True,True
15516,04ffff001d025207,1874,True,True,True
15517,04ffff001d025407,1876,True,True,True
15518,04ffff001d025b07,1883,True,True,True
15519,04ffff001d025f07,1887,True,True,True
15520,04ffff001d026007,1888,True,True,True
15521,04ffff001d027207,1906,True,True,True
15522,04ffff001d027407,1908,True,True,True
15523,04ffff001d027507,1909,True,True,True
15524,04ffff001d027907,1913,True,True,True
15526,04ffff001d028507,1925,True,True,True
15530,04ffff001d028707,1927,True,True,True
15531,04ffff001d028a07,1930,True,True,True
15532,04ffff001d029007,1936,True,True,True
15534,04ffff001d029e07,1950,True,True,True
15536,04ffff001d02a607,1958,True,True,True
15538,04ffff001d02a707,1959,True,True,True
15539,04ffff001d02aa07,1962,True,True,True
15541,04ffff001d02ab07,1963,True,True,True
15542,04ffff001d02af07,1967,True,True,True
15543,04ffff001d02b107,1969,True,True,True
15544,04ffff001d02b707,1975,True,True,True
15546,04ffff001d02b907,1977,True,True,True
15547,04ffff001d02ba07,1978,True,True,True
15548,04ffff001d02c707,1991,True,True,True
15549,04ffff001d02c907,1993,True,True,True
15550,04ffff001d02cb07,1995,True,True,True
15551,04ffff001d02cc07,1996,True,True,True
15553,04ffff001d02e107,2017,True,True,True
15554,04ffff001d02e507,2021,True,True,True
15555,04ffff001d02e707,2023,True,True,True
15556,04ffff001d02ed07,2029,True,True,True
15557,04ffff001d02f607,2038,True,True,True
15558,04ffff001d020708,2055,True,True,True
15559,04ffff001d020908,2057,True,True,True
15560,04ffff001d020f08,2063,True,True,True
15561,04ffff001d021608,2070,True,True,True
15563,04ffff001d021708,2071,True,True,True
15565,04ffff001d021a08,2074,True,True,True
15566,04ffff001d021c08,2076,True,True,True
15570,04ffff001d021d08,2077,True,True,True
15572,04ffff001d022208,2082,True,True,True
15573,04ffff001d022708,2087,True,True,True
15574,04ffff001d022b08,2091,True,True,True
15575,04ffff001d023608,2102,True,True,True
15576,04ffff001d023e08,2110,True,True,True
15578,04ffff001d024508,2117,True,True,True
15579,04ffff001d024608,2118,True,True,True
15580,04ffff001d025408,2132,True,True,True
15581,04ffff001d025c08,2140,True,True,True
15582,04ffff001d026808,2152,True,True,True
15583,04ffff001d026e08,2158,True,True,True
15584,04ffff001d028208,2178,True,True,True
15585,04ffff001d028908,2185,True,True,True
15586,04ffff001d028a08,2186,True,True,True
15588,04ffff001d028c08,2188,True,True,True
15589,04ffff001d029708,2199,True,True,True
15590,04ffff001d029a08,2202,True,True,True
15592,04ffff001d029b08,2203,True,True,True
15593,04ffff001d02ad08,2221,True,True,True
15594,04ffff001d02b108,2225,True,True,True
15595,04ffff001d02b808,2232,True,True,True
15596,04ffff001d02ba08,2234,True,True,True
15598,04ffff001d02c208,2242,True,True,True
15599,04ffff001d02c308,2243,True,True,True
15600,04ffff001d02c808,2248,True,True,True
15601,04ffff001d02db08,2267,True,True,True
15602,04ffff001d02e308,2275,True,True,True
15603,04ffff001d02e808,2280,True,True,True
15605,04ffff001d02ee08,2286,True,True,True
15606,04ffff001d02ef08,2287,True,True,True
15607,04ffff001d02fe08,2302,True,True,True
15608,04ffff001d020509,2309,True,True,True
15609,04ffff001d020809,2312,True,True,True
15610,04ffff001d021309,2323,True,True,True
15611,04ffff001d021509,2325,True,True,True
15612,04ffff001d021c09,2332,True,True,True
15613,04ffff001d021d09,2333,True,True,True
15614,04ffff001d022409,2340,True,True,True
15615,04ffff001d023b09,2363,True,True,True
15617,04ffff001d023d09,2365,True,True,True
15618,04ffff001d024309,2371,True,True,True
15619,04ffff001d024809,2376,True,True,True
15620,04ffff001d024909,2377,True,True,True
15621,04ffff001d024d09,2381,True,True,True
15623,04ffff001d025009,2384,True,True,True
15624,04ffff001d025109,2385,True,True,True
15625,04ffff001d025409,2388,True,True,True
15627,04ffff001d025b09,2395,True,True,True
15628,04ffff001d025c09,2396,True,True,True
15630,04ffff001d026109,2401,True,True,True
15631,04ffff001d026209,2402,True,True,True
15634,04ffff001d026509,2405,True,True,True
15635,04ffff001d026609,2406,True,True,True
15636,04ffff001d026d09,2413,True,True,True
15637,04ffff001d027009,2416,True,True,True
15639,04ffff001d027609,2422,True,True,True
15640,04ffff001d027809,2424,True,True,True
15641,04ffff001d028309,2435,True,True,True
15642,04ffff001d028409,2436,True,True,True
15644,04ffff001d028509,2437,True,True,True
15646,04ffff001d028b09,2443,True,True,True
15647,04ffff001d02a509,2469,True,True,True
15650,04ffff001d02ae09,2478,True,True,True
15651,04ffff001d02af09,2479,True,True,True
15652,04ffff001d02b409,2484,True,True,True
15654,04ffff001d02b609,2486,True,True,True
15657,04ffff001d02b909,2489,True,True,True
15658,04ffff001d02bf09,2495,True,True,True
15659,04ffff001d02ca09,2506,True,True,True
15660,04ffff001d02cb09,2507,True,True,True
15666,04ffff001d02ce09,2510,True,True,True
15667,04ffff001d02d009,2512,True,True,True
15670,04ffff001d02d409,2516,True,True,True
15672,04ffff001d02e409,2532,True,True,True
15673,04ffff001d02e609,2534,True,True,True
15674,04ffff001d02ec09,2540,True,True,True
15675,04ffff001d02ee09,2542,True,True,True
15676,04ffff001d02f009,2544,True,True,True
15677,04ffff001d02f209,2546,True,True,True
15680,04ffff001d02fa09,2554,True,True,True
15683,04ffff001d02080a,2568,True,True,True
15684,04ffff001d020e0a,2574,True,True,True
15686,04ffff001d02110a,2577,True,True,True
15687,04ffff001d02140a,2580,True,True,True
15689,04ffff001d02170a,2583,True,True,True
15690,04ffff001d02230a,2595,True,True,True
15692,04ffff001d022b0a,2603,True,True,True
15693,04ffff001d02320a,2610,True,True,True
15699,04ffff001d0101,1,True,True,True
15702,04ffff001d0111,17,True,True,True
15703,04ffff001d0112,18,True,True,True
15705,04ffff001d011e,30,True,True,True
15707,04ffff001d011f,31,True,True,True
15708,04ffff001d0129,41,True,True,True
15709,04ffff001d012c,44,True,True,True
15710,04ffff001d0130,48,True,True,True
15711,04ffff001d0132,50,True,True,True
15713,04ffff001d0135,53,True,True,True
15715,04ffff001d0138,56,True,True,True
15716,04ffff001d0142,66,True,True,True
15718,04ffff001d0144,68,True,True,True
15720,04ffff001d0149,73,True,True,True
15723,04ffff001d014a,74,True,True,True
15724,04ffff001d014d,77,True,True,True
15725,04ffff001d014f,79,True,True,True
15726,04ffff001d0163,99,True,True,True
15727,04ffff001d0165,101,True,True,True
15728,04ffff001d0170,112,True,True,True
15729,04ffff001d0172,114,True,True,True
15730,04ffff001d0179,121,True,True,True
15731,04ffff001d028300,131,True,True,True
15733,04ffff001d028800,136,True,True,True
15734,04ffff001d028900,137,True,True,True
15735,04ffff001d029000,144,True,True,True
15737,04ffff001d029300,147,True,True,True
15738,04ffff001d029700,151,True,True,True
15740,04ffff001d029900,153,True,True,True
15741,04ffff001d02a300,163,True,True,True
15742,04ffff001d02a800,168,True,True,True
15743,04ffff001d02ad00,173,True,True,True
15744,04ffff001d02ae00,174,True,True,True
15745,04ffff001d02b800,184,True,True,True
15747,04ffff001d02c800,200,True,True,True
15748,04ffff001d02ce00,206,True,True,True
15749,04ffff001d02d800,216,True,True,True
15750,04ffff001d02f700,247,True,True,True
15751,04ffff001d02fd00,253,True,True,True
15752,04ffff001d020401,260,True,True,True
15753,04ffff001d020801,264,True,True,True
15754,04ffff001d020a01,266,True,True,True
15755,04ffff001d020c01,268,True,True,True
15756,04ffff001d020d01,269,True,True,True
15758,04ffff001d021801,280,True,True,True
15759,04ffff001d021a01,282,True,True,True
15760,04ffff001d021e01,286,True,True,True
15761,04ffff001d022601,294,True,True,True
15763,04ffff001d023901,313,True,True,True
15765,04ffff001d023a01,314,True,True,True
15766,04ffff001d023d01,317,True,True,True
15767,04ffff001d024301,323,True,True,True
15769,04ffff001d024401,324,True,True,True
15771,04ffff001d024a01,330,True,True,True
15772,04ffff001d024d01,333,True,True,True
15773,04ffff001d025001,336,True,True,True
15774,04ffff001d025101,337,True,True,True
15775,04ffff001d025501,341,True,True,True
15777,04ffff001d025c01,348,True,True,True
15779,04ffff001d026001,352,True,True,True
15780,04ffff001d026501,357,True,True,True
15782,04ffff001d026e01,366,True,True,True
15784,04ffff001d027001,368,True,True,True
15786,04ffff001d027101,369,True,True,True
15788,04ffff001d027501,373,True,True,True
15789,04ffff001d027801,376,True,True,True
15791,04ffff001d027b01,379,True,True,True
15792,04ffff001d027c01,380,True,True,True
15793,04ffff001d027d01,381,True,True,True
15796,04ffff001d028201,386,True,True,True
15797,04ffff001d028501,389,True,True,True
15798,04ffff001d028801,392,True,True,True
15800,04ffff001d029001,400,True,True,True
15801,04ffff001d029801,408,True,True,True
15802,04ffff001d029a01,410,True,True,True
15805,04ffff001d029f01,415,True,True,True
15806,04ffff001d02a101,417,True,True,True
15808,04ffff001d02a301,419,True,True,True
15809,04ffff001d02ab01,427,True,True,True
15811,04ffff001d02b601,438,True,True,True
15813,04ffff001d02bc01,444,True,True,True
15814,04ffff001d02c601,454,True,True,True
15815,04ffff001d02cb01,459,True,True,True
15816,04ffff001d02ce01,462,True,True,True
15817,04ffff001d02d201,466,True,True,True
15818,04ffff001d02da01,474,True,True,True
15819,04ffff001d02e501,485,True,True,True
15820,04ffff001d02e701,487,True,True,True
15823,04ffff001d02ef01,495,True,True,True
15824,04ffff001d020402,516,True,True,True
15825,04ffff001d020802,520,True,True,True
15826,04ffff001d021002,528,True,True,True
15827,04ffff001d021202,530,True,True,True
15828,04ffff001d021302,531,True,True,True
15829,04ffff001d021602,534,True,True,True
15830,04ffff001d021a02,538,True,True,True
15831,04ffff001d022202,546,True,True,True
15832,04ffff001d022302,547,True,True,True
15833,04ffff001d022602,550,True,True,True
15834,04ffff001d023002,560,True,True,True
15835,04ffff001d023502,565,True,True,True
15836,04ffff001d023702,567,True,True,True
15837,04ffff001d024d02,589,True,True,True
15838,04ffff001d025002,592,True,True,True
15839,04ffff001d025102,593,True,True,True
15840,04ffff001d025302,595,True,True,True
15841,04ffff001d025902,601,True,True,True
15842,04ffff001d025c02,604,True,True,True
15843,04ffff001d026602,614,True,True,True
15844,04ffff001d026b02,619,True,True,True
15845,04ffff001d027102,625,True,True,True
15846,04ffff001d027602,630,True,True,True
15847,04ffff001d027702,631,True,True,True
15848,04ffff001d027a02,634,True,True,True
15849,04ffff001d027f02,639,True,True,True
15852,04ffff001d028802,648,True,True,True
15853,04ffff001d028b02,651,True,True,True
15854,04ffff001d028c02,652,True,True,True
15855,04ffff001d029002,656,True,True,True
15856,04ffff001d029702,663,True,True,True
15857,04ffff001d029902,665,True,True,True
15859,04ffff001d029d02,669,True,True,True
15861,04ffff001d029e02,670,True,True,True
15862,04ffff001d02a102,673,True,True,True
15864,04ffff001d02a502,677,True,True,True
15865,04ffff001d02ac02,684,True,True,True
15866,04ffff001d02af02,687,True,True,True
15867,04ffff001d02b002,688,True,True,True
15868,04ffff001d02b202,690,True,True,True
15869,04ffff001d02b302,691,True,True,True
15870,04ffff001d02ba02,698,True,True,True
15871,04ffff001d02c302,707,True,True,True
15872,04ffff001d02cc02,716,True,True,True
15873,04ffff001d02d202,722,True,True,True
15874,04ffff001d02d502,725,True,True,True
15876,04ffff001d02d702,727,True,True,True
15877,04ffff001d02dc02,732,True,True,True
15878,04ffff001d02de02,734,True,True,True
15879,04ffff001d02eb02,747,True,True,True
15880,04ffff001d02f502,757,True,True,True
15882,04ffff001d02f902,761,True,True,True
15883,04ffff001d02fa02,762,True,True,True
15884,04ffff001d02ff02,767,True,True,True
15887,04ffff001d020403,772,True,True,True
15888,04ffff001d020703,775,True,True,True
15890,04ffff001d020a03,778,True,True,True
15891,04ffff001d020b03,779,True,True,True
15892,04ffff001d021803,792,True,True,True
15893,04ffff001d021c03,796,True,True,True
15894,04ffff001d021d03,797,True,True,True
15895,04ffff001d022203,802,True,True,True
15896,04ffff001d023303,819,True,True,True
15897,04ffff001d023503,821,True,True,True
15898,04ffff001d023603,822,True,True,True
15899,04ffff001d023903,825,True,True,True
15900,04ffff001d023b03,827,True,True,True
15901,04ffff001d023c03,828,True,True,True
15902,04ffff001d024a03,842,True,True,True
15904,04ffff001d024b03,843,True,True,True
15906,04ffff001d025103,849,True,True,True
15907,04ffff001d025603,854,True,True,True
15908,04ffff001d025e03,862,True,True,True
15909,04ffff001d025f03,863,True,True,True
15910,04ffff001d026203,866,True,True,True
15911,04ffff001d026303,867,True,True,True
15912,04ffff001d026903,873,True,True,True
15913,04ffff001d026f03,879,True,True,True
15914,04ffff001d027103,881,True,True,True
15915,04ffff001d027303,883,True,True,True
15916,04ffff001d027703,887,True,True,True
15917,04ffff001d027903,889,True,True,True
15918,04ffff001d028403,900,True,True,True
15919,04ffff001d028b03,907,True,True,True
15920,04ffff001d028d03,909,True,True,True
15922,04ffff001d029c03,924,True,True,True
15924,04ffff001d029d03,925,True,True,True
15925,04ffff001d02a103,929,True,True,True
15926,04ffff001d02a403,932,True,True,True
15928,04ffff001d02a703,935,True,True,True
15929,04ffff001d02b103,945,True,True,True
15930,04ffff001d02b303,947,True,True,True
15931,04ffff001d02b703,951,True,True,True
15932,04ffff001d02c003,960,True,True,True
15933,04ffff001d02d003,976,True,True,True
15934,04ffff001d02d103,977,True,True,True
15935,04ffff001d02d503,981,True,True,True
15936,04ffff001d02da03,986,True,True,True
15937,04ffff001d02dc03,988,True,True,True
15938,04ffff001d02e503,997,True,True,True
15939,04ffff001d02e703,999,True,True,True
15940,04ffff001d02eb03,1003,True,True,True
15941,04ffff001d02ef03,1007,True,True,True
15942,04ffff001d02f003,1008,True,True,True
15944,04ffff001d02f103,1009,True,True,True
15945,04ffff001d02f803,1016,True,True,True
15948,04ffff001d02fd03,1021,True,True,True
15949,04ffff001d02ff03,1023,True,True,True
15950,04ffff001d020804,1032,True,True,True
15951,04ffff001d021204,1042,True,True,True
15952,04ffff001d021704,1047,True,True,True
15953,04ffff001d021a04,1050,True,True,True
15954,04ffff001d021c04,1052,True,True,True
15955,04ffff001d022504,1061,True,True,True
15956,04ffff001d022704,1063,True,True,True
15957,04ffff001d023104,1073,True,True,True
15958,04ffff001d023304,1075,True,True,True
15960,04ffff001d023604,1078,True,True,True
15961,04ffff001d023c04,1084,True,True,True
15962,04ffff001d024804,1096,True,True,True
15964,04ffff001d025104,1105,True,True,True
15965,04ffff001d025204,1106,True,True,True
15967,04ffff001d026204,1122,True,True,True
15968,04ffff001d027504,1141,True,True,True
15969,04ffff001d027b04,1147,True,True,True
15972,04ffff001d028504,1157,True,True,True
15974,04ffff001d028604,1158,True,True,True
15976,04ffff001d028c04,1164,True,True,True
15977,04ffff001d029304,1171,True,True,True
15978,04ffff001d029904,1177,True,True,True
15980,04ffff001d029f04,1183,True,True,True
15981,04ffff001d02a104,1185,True,True,True
15982,04ffff001d02a304,1187,True,True,True
15983,04ffff001d02a704,1191,True,True,True
15985,04ffff001d02a804,1192,True,True,True
15986,04ffff001d02ad04,1197,True,True,True
15987,04ffff001d02ae04,1198,True,True,True
15989,04ffff001d02ba04,1210,True,True,True
15990,04ffff001d02bb04,1211,True,True,True
15991,04ffff001d02bd04,1213,True,True,True
15992,04ffff001d02c204,1218,True,True,True
15993,04ffff001d02cd04,1229,True,True,True
15994,04ffff001d02d704,1239,True,True,True
15995,04ffff001d02dd04,1245,True,True,True
15996,04ffff001d02eb04,1259,True,True,True
15997,04ffff001d02fa04,1274,True,True,True
15998,04ffff001d020f05,1295,True,True,True
15999,04ffff001d021005,1296,True,True,True
16003,04ffff001d021105,1297,True,True,True
16004,04ffff001d021505,1301,True,True,True
16005,04ffff001d021605,1302,True,True,True
16006,04ffff001d021d05,1309,True,True,True
16007,04ffff001d022405,1316,True,True,True
16008,04ffff001d022c05,1324,True,True,True
16009,04ffff001d023105,1329,True,True,True
16014,04ffff001d010d,13,True,True,True
16015,04ffff001d0112,18,True,True,True
16016,04ffff001d0113,19,True,True,True
16017,04ffff001d0115,21,True,True,True
16018,04ffff001d0118,24,True,True,True
16019,04ffff001d011f,31,True,True,True
16020,04ffff001d0120,32,True,True,True
16021,04ffff001d0124,36,True,True,True
16022,04ffff001d012a,42,True,True,True
16023,04ffff001d0134,52,True,True,True
16024,04ffff001d0136,54,True,True,True
16025,04ffff001d013a,58,True,True,True
16026,04ffff001d013b,59,True,True,True
16028,04ffff001d013c,60,True,True,True
16029,04ffff001d0143,67,True,True,True
16030,04ffff001d0146,70,True,True,True
16031,04ffff001d014b,75,True,True,True
16032,04ffff001d0151,81,True,True,True
16033,04ffff001d0159,89,True,True,True
16034,04ffff001d015b,91,True,True,True
16035,04ffff001d015e,94,True,True,True
16036,04ffff001d0164,100,True,True,True
16037,04ffff001d0167,103,True,True,True
16038,04ffff001d0168,104,True,True,True
16040,04ffff001d0170,112,True,True,True
16041,04ffff001d0172,114,True,True,True
16042,04ffff001d017a,122,True,True,True
16043,04ffff001d028300,131,True,True,True
16044,04ffff001d029c00,156,True,True,True
16045,04ffff001d029e00,158,True,True,True
16047,04ffff001d02a200,162,True,True,True
16048,04ffff001d02a300,163,True,True,True
16049,04ffff001d02a800,168,True,True,True
16050,04ffff001d02a900,169,True,True,True
16051,04ffff001d02b900,185,True,True,True
16052,04ffff001d02c400,196,True,True,True
16053,04ffff001d02cb00,203,True,True,True
16054,04ffff001d02d000,208,True,True,True
16055,04ffff001d02d500,213,True,True,True
16056,04ffff001d02d700,215,True,True,True
16058,04ffff001d02d800,216,True,True,True
16059,04ffff001d02da00,218,True,True,True
16060,04ffff001d02e300,227,True,True,True
16061,04ffff001d02e400,228,True,True,True
16063,04ffff001d02ec00,236,True,True,True
16064,04ffff001d02f800,248,True,True,True
16065,04ffff001d02fb00,251,True,True,True
16067,04ffff001d020701,263,True,True,True
16068,04ffff001d020b01,267,True,True,True
16069,04ffff001d020c01,268,True,True,True
16070,04ffff001d020d01,269,True,True,True
16072,04ffff001d021101,273,True,True,True
16073,04ffff001d021601,278,True,True,True
16075,04ffff001d021901,281,True,True,True
16076,04ffff001d022601,294,True,True,True
16078,04ffff001d022b01,299,True,True,True
16080,04ffff001d022c01,300,True,True,True
16081,04ffff001d022e01,302,True,True,True
16082,04ffff001d023201,306,True,True,True
16084,04ffff001d023e01,318,True,True,True
16087,04ffff001d024b01,331,True,True,True
16088,04ffff001d024d01,333,True,True,True
16090,04ffff001d025801,344,True,True,True
16091,04ffff001d025b01,347,True,True,True
16092,04ffff001d026001,352,True,True,True
16093,04ffff001d026701,359,True,True,True
16094,04ffff001d027001,368,True,True,True
16095,04ffff001d027201,370,True,True,True
16096,04ffff001d027e01,382,True,True,True
16097,04ffff001d028601,390,True,True,True
16098,04ffff001d028a01,394,True,True,True
16099,04ffff001d028f01,399,True,True,True
16100,04ffff001d029301,403,True,True,True
16101,04ffff001d029701,407,True,True,True
16102,04ffff001d02a101,417,True,True,True
16103,04ffff001d02a301,419,True,True,True
16104,04ffff001d02aa01,426,True,True,True
16105,04ffff001d02ae01,430,True,True,True
16106,04ffff001d02b201,434,True,True,True
16107,04ffff001d02be01,446,True,True,True
16108,04ffff001d02bf01,447,True,True,True
16110,04ffff001d02c501,453,True,True,True
16112,04ffff001d02c601,454,True,True,True
16114,04ffff001d02c701,455,True,True,True
16115,04ffff001d02ce01,462,True,True,True
16117,04ffff001d02d201,466,True,True,True
16118,04ffff001d02d901,473,True,True,True
16119,04ffff001d02dd01,477,True,True,True
16121,04ffff001d02e301,483,True,True,True
16123,04ffff001d02ef01,495,True,True,True
16124,04ffff001d02f601,502,True,True,True
16125,04ffff001d02fb01,507,True,True,True
16126,04ffff001d02fe01,510,True,True,True
16127,04ffff001d020202,514,True,True,True
16128,04ffff001d020502,517,True,True,True
16129,04ffff001d020902,521,True,True,True
16131,04ffff001d020c02,524,True,True,True
16133,04ffff001d020f02,527,True,True,True
16134,04ffff001d021902,537,True,True,True
16135,04ffff001d021a02,538,True,True,True
16136,04ffff001d021c02,540,True,True,True
16137,04ffff001d021f02,543,True,True,True
16138,04ffff001d022202,546,True,True,True
16139,04ffff001d022a02,554,True,True,True
16142,04ffff001d023002,560,True,True,True
16143,04ffff001d023102,561,True,True,True
16144,04ffff001d023402,564,True,True,True
16145,04ffff001d023502,565,True,True,True
16146,04ffff001d024002,576,True,True,True
16147,04ffff001d024102,577,True,True,True
16149,04ffff001d025402,596,True,True,True
16150,04ffff001d025702,599,True,True,True
16152,04ffff001d025b02,603,True,True,True
16153,04ffff001d025e02,606,True,True,True
16154,04ffff001d026c02,620,True,True,True
16156,04ffff001d027002,624,True,True,True
16157,04ffff001d027202,626,True,True,True
16160,04ffff001d027502,629,True,True,True
16161,04ffff001d027602,630,True,True,True
16162,04ffff001d027702,631,True,True,True
16164,04ffff001d027802,632,True,True,True
16165,04ffff001d028002,640,True,True,True
16166,04ffff001d028202,642,True,True,True
16167,04ffff001d028902,649,True,True,True
16168,04ffff001d029202,658,True,True,True
16169,04ffff001d029a02,666,True,True,True
16170,04ffff001d029c02,668,True,True,True
16171,04ffff001d02a102,673,True,True,True
16172,04ffff001d02a302,675,True,True,True
16173,04ffff001d02a702,679,True,True,True
16175,04ffff001d02b502,693,True,True,True
16177,04ffff001d02b802,696,True,True,True
16180,04ffff001d02ba02,698,True,True,True
16182,04ffff001d02bd02,701,True,True,True
16184,04ffff001d02c002,704,True,True,True
16186,04ffff001d02cd02,717,True,True,True
16187,04ffff001d02d102,721,True,True,True
16188,04ffff001d02d202,722,True,True,True
16189,04ffff001d02dc02,732,True,True,True
16191,04ffff001d02df02,735,True,True,True
16192,04ffff001d02e502,741,True,True,True
16193,04ffff001d02ee02,750,True,True,True
16194,04ffff001d02ef02,751,True,True,True
16195,04ffff001d02f202,754,True,True,True
16196,04ffff001d02f302,755,True,True,True
16197,04ffff001d02f902,761,True,True,True
16198,04ffff001d020103,769,True,True,True
16199,04ffff001d020203,770,True,True,True
16200,04ffff001d020603,774,True,True,True
16201,04ffff001d020903,777,True,True,True
16202,04ffff001d020d03,781,True,True,True
16205,04ffff001d021303,787,True,True,True
16206,04ffff001d021803,792,True,True,True
16208,04ffff001d021f03,799,True,True,True
16209,04ffff001d022003,800,True,True,True
16210,04ffff001d022203,802,True,True,True
16211,04ffff001d022903,809,True,True,True
16213,04ffff001d022e03,814,True,True,True
16214,04ffff001d023103,817,True,True,True
16215,04ffff001d023d03,829,True,True,True
16216,04ffff001d024103,833,True,True,True
16218,04ffff001d024903,841,True,True,True
16219,04ffff001d025703,855,True,True,True
16220,04ffff001d027203,882,True,True,True
16221,04ffff001d027403,884,True,True,True
16222,04ffff001d027a03,890,True,True,True
16223,04ffff001d028003,896,True,True,True
16224,04ffff001d028103,897,True,True,True
16227,04ffff001d028703,903,True,True,True
16228,04ffff001d029303,915,True,True,True
16230,04ffff001d029803,920,True,True,True
16231,04ffff001d02ae03,942,True,True,True
16233,04ffff001d02bd03,957,True,True,True
16234,04ffff001d02c703,967,True,True,True
16235,04ffff001d02c803,968,True,True,True
16236,04ffff001d02ca03,970,True,True,True
16238,04ffff001d02d103,977,True,True,True
16239,04ffff001d02d303,979,True,True,True
16240,04ffff001d02d403,980,True,True,True
16243,04ffff001d02d803,984,True,True,True
16244,04ffff001d02e203,994,True,True,True
16245,04ffff001d02e903,1001,True,True,True
16247,04ffff001d02ea03,1002,True,True,True
16248,04ffff001d02eb03,1003,True,True,True
16249,04ffff001d02f403,1012,True,True,True
16250,04ffff001d02f603,1014,True,True,True
16251,04ffff001d020104,1025,True,True,True
16252,04ffff001d020204,1026,True,True,True
16253,04ffff001d020304,1027,True,True,True
16254,04ffff001d020b04,1035,True,True,True
16256,04ffff001d021804,1048,True,True,True
16257,04ffff001d021a04,1050,True,True,True
16259,04ffff001d021e04,1054,True,True,True
16260,04ffff001d022104,1057,True,True,True
16261,04ffff001d022204,1058,True,True,True
16262,04ffff001d022904,1065,True,True,True
16263,04ffff001d024804,1096,True,True,True
16264,04ffff001d024a04,1098,True,True,True
16265,04ffff001d024b04,1099,True,True,True
16266,04ffff001d024f04,1103,True,True,True
16268,04ffff001d025404,1108,True,True,True
16269,04ffff001d025604,1110,True,True,True
16270,04ffff001d026604,1126,True,True,True
16272,04ffff001d027304,1139,True,True,True
16273,04ffff001d027604,1142,True,True,True
16274,04ffff001d027704,1143,True,True,True
16275,04ffff001d027d04,1149,True,True,True
16276,04ffff001d028104,1153,True,True,True
16277,04ffff001d028804,1160,True,True,True
16278,04ffff001d028904,1161,True,True,True
16279,04ffff001d029604,1174,True,True,True
16280,04ffff001d029904,1177,True,True,True
16281,04ffff001d029b04,1179,True,True,True
16282,04ffff001d02a004,1184,True,True,True
16283,04ffff001d02a404,1188,True,True,True
16284,04ffff001d02a604,1190,True,True,True
16285,04ffff001d02af04,1199,True,True,True
16286,04ffff001d02b704,1207,True,True,True
16287,04ffff001d02be04,1214,True,True,True
16288,04ffff001d02c104,1217,True,True,True
16289,04ffff001d02c604,1222,True,True,True
16290,04ffff001d02d604,1238,True,True,True
16292,04ffff001d02dd04,1245,True,True,True
16293,04ffff001d02e804,1256,True,True,True
16294,04ffff001d02ea04,1258,True,True,True
16296,04ffff001d02ec04,1260,True,True,True
16297,04ffff001d02ef04,1263,True,True,True
16298,04ffff001d02f204,1266,True,True,True
16299,04ffff001d020505,1285,True,True,True
16300,04ffff001d020805,1288,True,True,True
16301,04ffff001d021005,1296,True,True,True
16302,04ffff001d021305,1299,True,True,True
16303,04ffff001d021705,1303,True,True,True
16304,04ffff001d021b05,1307,True,True,True
16305,04ffff001d022005,1312,True,True,True
16306,04ffff001d022105,1313,True,True,True
16307,04ffff001d022705,1319,True,True,True
16308,04ffff001d022b05,1323,True,True,True
16309,04ffff001d023605,1334,True,True,True
16310,04ffff001d024005,1344,True,True,True
16314,04ffff001d024105,1345,True,True,True
16315,04ffff001d024505,1349,True,True,True
16316,04ffff001d024e05,1358,True,True,True
16317,04ffff001d024f05,1359,True,True,True
16318,04ffff001d025205,1362,True,True,True
16319,04ffff001d025605,1366,True,True,True
16320,04ffff001d025905,1369,True,True,True
16321,04ffff001d026005,1376,True,True,True
16322,04ffff001d026905,1385,True,True,True
16323,04ffff001d026a05,1386,True,True,True
16326,04ffff001d028105,1409,True,True,True
16327,04ffff001d028d05,1421,True,True,True
16328,04ffff001d029005,1424,True,True,True
16329,04ffff001d029305,1427,True,True,True
16330,04ffff001d02a405,1444,True,True,True
16331,04ffff001d02a605,1446,True,True,True
16333,04ffff001d02ae05,1454,True,True,True
16334,04ffff001d02b005,1456,True,True,True
16335,04ffff001d02b205,1458,True,True,True
16337,04ffff001d02bf05,1471,True,True,True
16338,04ffff001d02c405,1476,True,True,True
16339,04ffff001d02ca05,1482,True,True,True
16340,04ffff001d02ce05,1486,True,True,True
16341,04ffff001d02d405,1492,True,True,True
16342,04ffff001d02d705,1495,True,True,True
16344,04ffff001d02e905,1513,True,True,True
16345,04ffff001d02ea05,1514,True,True,True
16346,04ffff001d02f805,1528,True,True,True
16347,04ffff001d02fc05,1532,True,True,True
16349,04ffff001d020006,1536,True,True,True
16350,04ffff001d020a06,1546,True,True,True
16351,04ffff001d020b06,1547,True,True,True
16352,04ffff001d020f06,1551,True,True,True
16353,04ffff001d021706,1559,True,True,True
16354,04ffff001d021806,1560,True,True,True
16355,04ffff001d021906,1561,True,True,True
16356,04ffff001d021d06,1565,True,True,True
16357,04ffff001d021e06,1566,True,True,True
16358,04ffff001d022306,1571,True,True,True
16360,04ffff001d023206,1586,True,True,True
16361,04ffff001d023306,1587,True,True,True
16362,04ffff001d023606,1590,True,True,True
16363,04ffff001d023906,1593,True,True,True
16364,04ffff001d024b06,1611,True,True,True
16365,04ffff001d024c06,1612,True,True,True
16367,04ffff001d024d06,1613,True,True,True
16368,04ffff001d025806,1624,True,True,True
16369,04ffff001d025a06,1626,True,True,True
16370,04ffff001d026106,1633,True,True,True
16371,04ffff001d026506,1637,True,True,True
16372,04ffff001d026d06,1645,True,True,True
16373,04ffff001d026e06,1646,True,True,True
16374,04ffff001d027106,1649,True,True,True
16376,04ffff001d027406,1652,True,True,True
16377,04ffff001d027506,1653,True,True,True
16378,04ffff001d027d06,1661,True,True,True
16379,04ffff001d027f06,1663,True,True,True
16380,04ffff001d028006,1664,True,True,True
16381,04ffff001d028506,1669,True,True,True
16382,04ffff001d028806,1672,True,True,True
16383,04ffff001d029106,1681,True,True,True
16384,04ffff001d029206,1682,True,True,True
16385,04ffff001d029406,1684,True,True,True
16386,04ffff001d029906,1689,True,True,True
16387,04ffff001d029a06,1690,True,True,True
16388,04ffff001d029c06,1692,True,True,True
16389,04ffff001d02a106,1697,True,True,True
16390,04ffff001d02a406,1700,True,True,True
16392,04ffff001d02ad06,1709,True,True,True
16393,04ffff001d02b206,1714,True,True,True
16394,04ffff001d02b306,1715,True,True,True
16395,04ffff001d02b406,1716,True,True,True
16396,04ffff001d02b606,1718,True,True,True
16397,04ffff001d02b906,1721,True,True,True
16398,04ffff001d02c606,1734,True,True,True
16399,04ffff001d02c906,1737,True,True,True
16400,04ffff001d02ca06,1738,True,True,True
16401,04ffff001d02cb06,1739,True,True,True
16402,04ffff001d02d006,1744,True,True,True
16403,04ffff001d02d306,1747,True,True,True
16404,04ffff001d02d406,1748,True,True,True
16406,04ffff001d02d506,1749,True,True,True
16407,04ffff001d02e206,1762,True,True,True
16408,04ffff001d02f006,1776,True,True,True
16409,04ffff001d02f806,1784,True,True,True
16410,04ffff001d020107,1793,True,True,True
16411,04ffff001d020307,1795,True,True,True
16412,04ffff001d020607,1798,True,True,True
16413,04ffff001d020907,1801,True,True,True
16415,04ffff001d021607,1814,True,True,True
16416,04ffff001d021807,1816,True,True,True
16417,04ffff001d023107,1841,True,True,True
16418,04ffff001d023507,1845,True,True,True
16419,04ffff001d023e07,1854,True,True,True
16420,04ffff001d024607,1862,True,True,True
16421,04ffff001d025107,1873,True,True,True
16422,04ffff001d025607,1878,True,True,True
16424,04ffff001d025c07,1884,True,True,True
16425,04ffff001d025d07,1885,True,True,True
16426,04ffff001d026607,1894,True,True,True
16428,04ffff001d026e07,1902,True,True,True
16429,04ffff001d026f07,1903,True,True,True
16430,04ffff001d028207,1922,True,True,True
16431,04ffff001d028d07,1933,True,True,True
16432,04ffff001d029307,1939,True,True,True
16434,04ffff001d029607,1942,True,True,True
16435,04ffff001d029707,1943,True,True,True
16436,04ffff001d02c107,1985,True,True,True
16438,04ffff001d02c207,1986,True,True,True
16439,04ffff001d02c807,1992,True,True,True
16441,04ffff001d02cb07,1995,True,True,True
16442,04ffff001d02cf07,1999,True,True,True
16443,04ffff001d02d207,2002,True,True,True
16444,04ffff001d02d307,2003,True,True,True
16445,04ffff001d02dd07,2013,True,True,True
16446,04ffff001d02e807,2024,True,True,True
16447,04ffff001d02f807,2040,True,True,True
16448,04ffff001d02fe07,2046,True,True,True
16449,04ffff001d020808,2056,True,True,True
16450,04ffff001d020f08,2063,True,True,True
16451,04ffff001d021208,2066,True,True,True
16452,04ffff001d021508,2069,True,True,True
16453,04ffff001d021a08,2074,True,True,True
16454,04ffff001d021b08,2075,True,True,True
16455,04ffff001d022208,2082,True,True,True
16456,04ffff001d022f08,2095,True,True,True
16457,04ffff001d023108,2097,True,True,True
16458,04ffff001d023d08,2109,True,True,True
16459,04ffff001d024208,2114,True,True,True
16460,04ffff001d024308,2115,True,True,True
16461,04ffff001d024708,2119,True,True,True
16462,04ffff001d024a08,2122,True,True,True
16463,04ffff001d025008,2128,True,True,True
16464,04ffff001d025508,2133,True,True,True
16467,04ffff001d025808,2136,True,True,True
16468,04ffff001d025c08,2140,True,True,True
16469,04ffff001d025e08,2142,True,True,True
16470,04ffff001d026308,2147,True,True,True
16471,04ffff001d026508,2149,True,True,True
16472,04ffff001d026808,2152,True,True,True
16473,04ffff001d026908,2153,True,True,True
16474,04ffff001d026a08,2154,True,True,True
16475,04ffff001d027708,2167,True,True,True
16476,04ffff001d027908,2169,True,True,True
16477,04ffff001d027c08,2172,True,True,True
16478,04ffff001d028108,2177,True,True,True
16479,04ffff001d028508,2181,True,True,True
16480,04ffff001d028708,2183,True,True,True
16481,04ffff001d028808,2184,True,True,True
16482,04ffff001d028a08,2186,True,True,True
16483,04ffff001d028b08,2187,True,True,True
16484,04ffff001d029208,2194,True,True,True
16485,04ffff001d029d08,2205,True,True,True
16486,04ffff001d02a308,2211,True,True,True
16487,04ffff001d02aa08,2218,True,True,True
16488,04ffff001d02af08,2223,True,True,True
16489,04ffff001d02c508,2245,True,True,True
16490,04ffff001d02c608,2246,True,True,True
16491,04ffff001d02d408,2260,True,True,True
16492,04ffff001d02d508,2261,True,True,True
16494,04ffff001d02db08,2267,True,True,True
16495,04ffff001d02de08,2270,True,True,True
16496,04ffff001d02e208,2274,True,True,True
16497,04ffff001d02e808,2280,True,True,True
16498,04ffff001d02eb08,2283,True,True,True
16499,04ffff001d02ee08,2286,True,True,True
16500,04ffff001d02f308,2291,True,True,True
16501,04ffff001d02f808,2296,True,True,True
16502,04ffff001d020109,2305,True,True,True
16503,04ffff001d020509,2309,True,True,True
16504,04ffff001d020809,2312,True,True,True
16505,04ffff001d020c09,2316,True,True,True
16506,04ffff001d021109,2321,True,True,True
16507,04ffff001d021709,2327,True,True,True
16509,04ffff001d021c09,2332,True,True,True
16510,04ffff001d021e09,2334,True,True,True
16511,04ffff001d022009,2336,True,True,True
16512,04ffff001d022109,2337,True,True,True
16513,04ffff001d022209,2338,True,True,True
16514,04ffff001d022609,2342,True,True,True
16515,04ffff001d022909,2345,True,True,True
16516,04ffff001d022e09,2350,True,True,True
16517,04ffff001d023209,2354,True,True,True
16518,04ffff001d023509,2357,True,True,True
16519,04ffff001d024009,2368,True,True,True
16520,04ffff001d024109,2369,True,True,True
16521,04ffff001d024309,2371,True,True,True
16522,04ffff001d024409,2372,True,True,True
16523,04ffff001d024e09,2382,True,True,True
16524,04ffff001d025409,2388,True,True,True
16525,04ffff001d025909,2393,True,True,True
16526,04ffff001d025b09,2395,True,True,True
16528,04ffff001d025d09,2397,True,True,True
16529,04ffff001d025e09,2398,True,True,True
16531,04ffff001d026409,2404,True,True,True
16533,04ffff001d026809,2408,True,True,True
16535,04ffff001d028009,2432,True,True,True
16536,04ffff001d029109,2449,True,True,True
16537,04ffff001d029209,2450,True,True,True
16538,04ffff001d029309,2451,True,True,True
16539,04ffff001d02a609,2470,True,True,True
16540,04ffff001d02a709,2471,True,True,True
16541,04ffff001d02ac09,2476,True,True,True
16543,04ffff001d02af09,2479,True,True,True
16545,04ffff001d02b009,2480,True,True,True
16546,04ffff001d02b209,2482,True,True,True
16547,04ffff001d02b809,2488,True,True,True
16548,04ffff001d02bb09,2491,True,True,True
16550,04ffff001d02bd09,2493,True,True,True
16551,04ffff001d02be09,2494,True,True,True
16552,04ffff001d02bf09,2495,True,True,True
16553,04ffff001d02c009,2496,True,True,True
16554,04ffff001d02c509,2501,True,True,True
16555,04ffff001d02c809,2504,True,True,True
16556,04ffff001d02cd09,2509,True,True,True
16557,04ffff001d02d109,2513,True,True,True
16558,04ffff001d02d309,2515,True,True,True
16559,04ffff001d02d709,2519,True,True,True
16560,04ffff001d02e909,2537,True,True,True
16562,04ffff001d02f509,2549,True,True,True
16563,04ffff001d02f809,2552,True,True,True
16564,04ffff001d0102,2,True,True,True
16565,04ffff001d010a,10,True,True,True
16566,04ffff001d010b,11,True,True,True
16567,04ffff001d0112,18,True,True,True
16569,04ffff001d012e,46,True,True,True
16570,04ffff001d0138,56,True,True,True
16571,04ffff001d013c,60,True,True,True
16572,04ffff001d013d,61,True,True,True
16573,04ffff001d013e,62,True,True,True
16575,04ffff001d0146,70,True,True,True
16576,04ffff001d0156,86,True,True,True
16577,04ffff001d0157,87,True,True,True
16578,04ffff001d0158,88,True,True,True
16579,04ffff001d015b,91,True,True,True
16580,04ffff001d015e,94,True,True,True
16581,04ffff001d0163,99,True,True,True
16582,04ffff001d016c,108,True,True,True
16583,04ffff001d0170,112,True,True,True
16584,04ffff001d017e,126,True,True,True
16585,04ffff001d028200,130,True,True,True
16586,04ffff001d028800,136,True,True,True
16587,04ffff001d028b00,139,True,True,True
16588,04ffff001d028c00,140,True,True,True
16589,04ffff001d029000,144,True,True,True
16590,04ffff001d029600,150,True,True,True
16591,04ffff001d029700,151,True,True,True
16592,04ffff001d02a800,168,True,True,True
16593,04ffff001d02aa00,170,True,True,True
16595,04ffff001d02ad00,173,True,True,True
16596,04ffff001d02ae00,174,True,True,True
16597,04ffff001d02af00,175,True,True,True
16598,04ffff001d02b400,180,True,True,True
16599,04ffff001d02b600,182,True,True,True
16600,04ffff001d02c500,197,True,True,True
16601,04ffff001d02c900,201,True,True,True
16602,04ffff001d02d300,211,True,True,True
16604,04ffff001d02d500,213,True,True,True
16605,04ffff001d02d600,214,True,True,True
16607,04ffff001d02d700,215,True,True,True
16609,04ffff001d02d800,216,True,True,True
16610,04ffff001d02e600,230,True,True,True
16611,04ffff001d02ed00,237,True,True,True
16612,04ffff001d02ef00,239,True,True,True
16613,04ffff001d02fa00,250,True,True,True
16618,04ffff001d02fb00,251,True,True,True
16620,04ffff001d02fe00,254,True,True,True
16622,04ffff001d020401,260,True,True,True
16623,04ffff001d020e01,270,True,True,True
16625,04ffff001d021201,274,True,True,True
16627,04ffff001d021601,278,True,True,True
16628,04ffff001d021801,280,True,True,True
16630,04ffff001d021901,281,True,True,True
16632,04ffff001d021a01,282,True,True,True
16633,04ffff001d021c01,284,True,True,True
16634,04ffff001d022101,289,True,True,True
16635,04ffff001d022801,296,True,True,True
16637,04ffff001d022a01,298,True,True,True
16639,04ffff001d022c01,300,True,True,True
16641,04ffff001d022d01,301,True,True,True
16642,04ffff001d023001,304,True,True,True
16643,04ffff001d023501,309,True,True,True
16644,04ffff001d023901,313,True,True,True
16645,04ffff001d023e01,318,True,True,True
16646,04ffff001d024001,320,True,True,True
16647,04ffff001d024601,326,True,True,True
16649,04ffff001d024e01,334,True,True,True
16650,04ffff001d025801,344,True,True,True
16651,04ffff001d026001,352,True,True,True
16652,04ffff001d026101,353,True,True,True
16653,04ffff001d026301,355,True,True,True
16654,04ffff001d026601,358,True,True,True
16655,04ffff001d026901,361,True,True,True
16657,04ffff001d027101,369,True,True,True
16658,04ffff001d027201,370,True,True,True
16659,04ffff001d027301,371,True,True,True
16660,04ffff001d027801,376,True,True,True
16662,04ffff001d027b01,379,True,True,True
16664,04ffff001d027c01,380,True,True,True
16666,04ffff001d028c01,396,True,True,True
16668,04ffff001d028e01,398,True,True,True
16671,04ffff001d029801,408,True,True,True
16673,04ffff001d02a401,420,True,True,True
16675,04ffff001d02a501,421,True,True,True
16677,04ffff001d02ad01,429,True,True,True
16678,04ffff001d02b501,437,True,True,True
16682,04ffff001d02bd01,445,True,True,True
16684,04ffff001d02c301,451,True,True,True
16686,04ffff001d02c501,453,True,True,True
16689,04ffff001d02c801,456,True,True,True
16690,04ffff001d02c901,457,True,True,True
16692,04ffff001d02cd01,461,True,True,True
16693,04ffff001d02d001,464,True,True,True
16695,04ffff001d02d101,465,True,True,True
16696,04ffff001d02d201,466,True,True,True
16698,04ffff001d02d801,472,True,True,True
16701,04ffff001d02db01,475,True,True,True
16703,04ffff001d02e501,485,True,True,True
16704,04ffff001d02f001,496,True,True,True
16705,04ffff001d02f701,503,True,True,True
16706,04ffff001d020302,515,True,True,True
16708,04ffff001d020502,517,True,True,True
16709,04ffff001d020702,519,True,True,True
16711,04ffff001d020802,520,True,True,True
16712,04ffff001d020902,521,True,True,True
16714,04ffff001d020e02,526,True,True,True
16717,04ffff001d021802,536,True,True,True
16722,04ffff001d021f02,543,True,True,True
16723,04ffff001d022502,549,True,True,True
16724,04ffff001d022902,553,True,True,True
16725,04ffff001d023a02,570,True,True,True
16726,04ffff001d023f02,575,True,True,True
16728,04ffff001d024502,581,True,True,True
16729,04ffff001d024802,584,True,True,True
16730,04ffff001d024e02,590,True,True,True
16731,04ffff001d025202,594,True,True,True
16732,04ffff001d025602,598,True,True,True
16733,04ffff001d025702,599,True,True,True
16734,04ffff001d025902,601,True,True,True
16735,04ffff001d025e02,606,True,True,True
16736,04ffff001d026202,610,True,True,True
16737,04ffff001d026802,616,True,True,True
16738,04ffff001d026a02,618,True,True,True
16739,04ffff001d026f02,623,True,True,True
16741,04ffff001d027502,629,True,True,True
16742,04ffff001d027d02,637,True,True,True
16743,04ffff001d028b02,651,True,True,True
16744,04ffff001d028d02,653,True,True,True
16746,04ffff001d029c02,668,True,True,True
16749,04ffff001d029f02,671,True,True,True
16750,04ffff001d02ac02,684,True,True,True
16753,04ffff001d02af02,687,True,True,True
16756,04ffff001d02b002,688,True,True,True
16757,04ffff001d02b302,691,True,True,True
16758,04ffff001d02bc02,700,True,True,True
16760,04ffff001d02c202,706,True,True,True
16761,04ffff001d02c302,707,True,True,True
16762,04ffff001d02c402,708,True,True,True
16764,04ffff001d02d002,720,True,True,True
16765,04ffff001d02d202,722,True,True,True
16767,04ffff001d02d902,729,True,True,True
16769,04ffff001d02df02,735,True,True,True
16770,04ffff001d02e402,740,True,True,True
16771,04ffff001d02e702,743,True,True,True
16773,04ffff001d02e902,745,True,True,True
16775,04ffff001d02ec02,748,True,True,True
16776,04ffff001d02f102,753,True,True,True
16779,04ffff001d02ff02,767,True,True,True
16780,04ffff001d020803,776,True,True,True
16782,04ffff001d021403,788,True,True,True
16784,04ffff001d021803,792,True,True,True
16785,04ffff001d021903,793,True,True,True
16786,04ffff001d021c03,796,True,True,True
16787,04ffff001d021e03,798,True,True,True
16790,04ffff001d021f03,799,True,True,True
16791,04ffff001d022703,807,True,True,True
16792,04ffff001d022803,808,True,True,True
16793,04ffff001d022903,809,True,True,True
16795,04ffff001d023203,818,True,True,True
16798,04ffff001d023903,825,True,True,True
16799,04ffff001d023c03,828,True,True,True
16800,04ffff001d023e03,830,True,True,True
16802,04ffff001d024403,836,True,True,True
16804,04ffff001d024603,838,True,True,True
16805,04ffff001d025803,856,True,True,True
16808,04ffff001d026603,870,True,True,True
16809,04ffff001d026703,871,True,True,True
16810,04ffff001d026803,872,True,True,True
16811,04ffff001d026b03,875,True,True,True
16812,04ffff001d026e03,878,True,True,True
16813,04ffff001d027503,885,True,True,True
16815,04ffff001d027803,888,True,True,True
16816,04ffff001d028403,900,True,True,True
16817,04ffff001d028603,902,True,True,True
16819,04ffff001d028703,903,True,True,True
16820,04ffff001d028c03,908,True,True,True
16823,04ffff001d029703,919,True,True,True
16824,04ffff001d029d03,925,True,True,True
16826,04ffff001d02a003,928,True,True,True
16828,04ffff001d02a103,929,True,True,True
16829,04ffff001d02a303,931,True,True,True
16830,04ffff001d02a603,934,True,True,True
16832,04ffff001d02a703,935,True,True,True
16833,04ffff001d02a803,936,True,True,True
16834,04ffff001d02b003,944,True,True,True
16835,04ffff001d02b103,945,True,True,True
16836,04ffff001d02bb03,955,True,True,True
16837,04ffff001d02bc03,956,True,True,True
16840,04ffff001d02bd03,957,True,True,True
16841,04ffff001d02c303,963,True,True,True
16842,04ffff001d02c403,964,True,True,True
16846,04ffff001d02cb03,971,True,True,True
16847,04ffff001d02cf03,975,True,True,True
16849,04ffff001d02d803,984,True,True,True
16850,04ffff001d02e103,993,True,True,True
16851,04ffff001d02e603,998,True,True,True
16852,04ffff001d02e703,999,True,True,True
16853,04ffff001d02fb03,1019,True,True,True
16854,04ffff001d02ff03,1023,True,True,True
16855,04ffff001d020004,1024,True,True,True
16856,04ffff001d020e04,1038,True,True,True
16858,04ffff001d021004,1040,True,True,True
16860,04ffff001d021104,1041,True,True,True
16863,04ffff001d021404,1044,True,True,True
16864,04ffff001d021504,1045,True,True,True
16865,04ffff001d021d04,1053,True,True,True
16866,04ffff001d021e04,1054,True,True,True
16867,04ffff001d022b04,1067,True,True,True
16869,04ffff001d023404,1076,True,True,True
16870,04ffff001d023904,1081,True,True,True
16872,04ffff001d024304,1091,True,True,True
16876,04ffff001d024504,1093,True,True,True
16877,04ffff001d024704,1095,True,True,True
16878,04ffff001d024f04,1103,True,True,True
16879,04ffff001d025204,1106,True,True,True
16881,04ffff001d025504,1109,True,True,True
16882,04ffff001d026104,1121,True,True,True
16884,04ffff001d026d04,1133,True,True,True
16886,04ffff001d026e04,1134,True,True,True
16887,04ffff001d027604,1142,True,True,True
16888,04ffff001d027804,1144,True,True,True
16889,04ffff001d027a04,1146,True,True,True
16890,04ffff001d027c04,1148,True,True,True
16891,04ffff001d027e04,1150,True,True,True
16893,04ffff001d028104,1153,True,True,True
16894,04ffff001d028504,1157,True,True,True
16896,04ffff001d028804,1160,True,True,True
16898,04ffff001d029104,1169,True,True,True
16900,04ffff001d029204,1170,True,True,True
16906,04ffff001d02a804,1192,True,True,True
16907,04ffff001d02bc04,1212,True,True,True
16908,04ffff001d02c204,1218,True,True,True
16909,04ffff001d02c304,1219,True,True,True
16911,04ffff001d02c404,1220,True,True,True
16913,04ffff001d02ce04,1230,True,True,True
16914,04ffff001d02d804,1240,True,True,True
16916,04ffff001d02de04,1246,True,True,True
16919,04ffff001d02e904,1257,True,True,True
16920,04ffff001d02ea04,1258,True,True,True
16923,04ffff001d02f204,1266,True,True,True
16925,04ffff001d02f404,1268,True,True,True
16926,04ffff001d02f504,1269,True,True,True
16930,04ffff001d020b05,1291,True,True,True
16933,04ffff001d020e05,1294,True,True,True
16935,04ffff001d021b05,1307,True,True,True
16936,04ffff001d021d05,1309,True,True,True
16937,04ffff001d022305,1315,True,True,True
16939,04ffff001d022e05,1326,True,True,True
16940,04ffff001d023405,1332,True,True,True
16941,04ffff001d023d05,1341,True,True,True
16942,04ffff001d024005,1344,True,True,True
16945,04ffff001d024e05,1358,True,True,True
16947,04ffff001d025005,1360,True,True,True
16948,04ffff001d025405,1364,True,True,True
16951,04ffff001d026205,1378,True,True,True
16952,04ffff001d026a05,1386,True,True,True
16953,04ffff001d027505,1397,True,True,True
16955,04ffff001d027705,1399,True,True,True
16957,04ffff001d027f05,1407,True,True,True
16958,04ffff001d028505,1413,True,True,True
16961,04ffff001d028a05,1418,True,True,True
16964,04ffff001d028e05,1422,True,True,True
16969,04ffff001d029505,1429,True,True,True
16970,04ffff001d029a05,1434,True,True,True
16971,04ffff001d029c05,1436,True,True,True
16972,04ffff001d02aa05,1450,True,True,True
16974,04ffff001d02b405,1460,True,True,True
16975,04ffff001d02b805,1464,True,True,True
16978,04ffff001d02b905,1465,True,True,True
16979,04ffff001d02ba05,1466,True,True,True
16982,04ffff001d02bc05,1468,True,True,True
16984,04ffff001d02c105,1473,True,True,True
16985,04ffff001d02cc05,1484,True,True,True
16986,04ffff001d02e605,1510,True,True,True
16988,04ffff001d02e805,1512,True,True,True
16992,04ffff001d02e905,1513,True,True,True
16993,04ffff001d02f305,1523,True,True,True
16994,04ffff001d02f705,1527,True,True,True
16997,04ffff001d02f805,1528,True,True,True
17000,04ffff001d02fe05,1534,True,True,True
17001,04ffff001d020506,1541,True,True,True
17003,04ffff001d020606,1542,True,True,True
17004,04ffff001d020b06,1547,True,True,True
17005,04ffff001d021006,1552,True,True,True
17006,04ffff001d021606,1558,True,True,True
17007,04ffff001d021906,1561,True,True,True
17010,04ffff001d021f06,1567,True,True,True
17011,04ffff001d022206,1570,True,True,True
17013,04ffff001d022306,1571,True,True,True
17015,04ffff001d022706,1575,True,True,True
17016,04ffff001d022a06,1578,True,True,True
17017,04ffff001d023d06,1597,True,True,True
17019,04ffff001d023f06,1599,True,True,True
17020,04ffff001d024206,1602,True,True,True
17021,04ffff001d024306,1603,True,True,True
17022,04ffff001d024606,1606,True,True,True
17024,04ffff001d025206,1618,True,True,True
17025,04ffff001d025e06,1630,True,True,True
17026,04ffff001d026706,1639,True,True,True
17027,04ffff001d026d06,1645,True,True,True
17028,04ffff001d027406,1652,True,True,True
17030,04ffff001d0102,2,True,True,True
17031,04ffff001d010d,13,True,True,True
17032,04ffff001d0115,21,True,True,True
17033,04ffff001d011b,27,True,True,True
17035,04ffff001d011f,31,True,True,True
17038,04ffff001d0121,33,True,True,True
17040,04ffff001d0127,39,True,True,True
17042,04ffff001d012d,45,True,True,True
17043,04ffff001d0131,49,True,True,True
17044,04ffff001d0137,55,True,True,True
17045,04ffff001d013a,58,True,True,True
17046,04ffff001d013c,60,True,True,True
17047,04ffff001d0140,64,True,True,True
17050,04ffff001d014c,76,True,True,True
17051,04ffff001d015b,91,True,True,True
17053,04ffff001d0162,98,True,True,True
17055,04ffff001d0166,102,True,True,True
17056,04ffff001d016b,107,True,True,True
17057,04ffff001d016e,110,True,True,True
17058,04ffff001d0173,115,True,True,True
17059,04ffff001d028200,130,True,True,True
17060,04ffff001d028800,136,True,True,True
17061,04ffff001d028a00,138,True,True,True
17063,04ffff001d028e00,142,True,True,True
17064,04ffff001d029000,144,True,True,True
17066,04ffff001d029a00,154,True,True,True
17067,04ffff001d02a000,160,True,True,True
17068,04ffff001d02ab00,171,True,True,True
17069,04ffff001d02b000,176,True,True,True
17070,04ffff001d02b200,178,True,True,True
17071,04ffff001d02b300,179,True,True,True
17073,04ffff001d02b400,180,True,True,True
17075,04ffff001d02b500,181,True,True,True
17076,04ffff001d02bd00,189,True,True,True
17079,04ffff001d0103,3,True,True,True
17080,04ffff001d010e,14,True,True,True
17081,04ffff001d011a,26,True,True,True
17082,04ffff001d011b,27,True,True,True
17083,04ffff001d0127,39,True,True,True
17084,04ffff001d0128,40,True,True,True
17085,04ffff001d0132,50,True,True,True
17087,04ffff001d0137,55,True,True,True
17088,04ffff001d013f,63,True,True,True
17090,04ffff001d0148,72,True,True,True
17091,04ffff001d014a,74,True,True,True
17092,04ffff001d014c,76,True,True,True
17093,04ffff001d0162,98,True,True,True
17095,04ffff001d0165,101,True,True,True
17098,04ffff001d0172,114,True,True,True
17099,04ffff001d0173,115,True,True,True
17101,04ffff001d017a,122,True,True,True
17103,04ffff001d017f,127,True,True,True
17106,04ffff001d028700,135,True,True,True
17107,04ffff001d028d00,141,True,True,True
17108,04ffff001d028e00,142,True,True,True
17110,04ffff001d029700,151,True,True,True
17112,04ffff001d029900,153,True,True,True
17113,04ffff001d02a800,168,True,True,True
17114,04ffff001d02b200,178,True,True,True
17115,04ffff001d02b500,181,True,True,True
17117,04ffff001d02b700,183,True,True,True
17118,04ffff001d02ba00,186,True,True,True
17120,04ffff001d02bc00,188,True,True,True
17121,04ffff001d02bd00,189,True,True,True
17122,04ffff001d02c800,200,True,True,True
17126,04ffff001d02ca00,202,True,True,True
17128,04ffff001d02d600,214,True,True,True
17129,04ffff001d02de00,222,True,True,True
17131,04ffff001d02e800,232,True,True,True
17132,04ffff001d02ef00,239,True,True,True
17136,04ffff001d02f000,240,True,True,True
17141,04ffff001d02fc00,252,True,True,True
17142,04ffff001d02fd00,253,True,True,True
17144,04ffff001d020801,264,True,True,True
17145,04ffff001d020a01,266,True,True,True
17158,04ffff001d0102,2,True,True,True
17159,04ffff001d0103,3,True,True,True
17160,04ffff001d0109,9,True,True,True
17161,04ffff001d010f,15,True,True,True
17163,04ffff001d0117,23,True,True,True
17165,04ffff001d011b,27,True,True,True
17166,04ffff001d0120,32,True,True,True
17167,04ffff001d0121,33,True,True,True
17168,04ffff001d0129,41,True,True,True
17169,04ffff001d0139,57,True,True,True
17170,04ffff001d013c,60,True,True,True
17171,04ffff001d0141,65,True,True,True
17172,04ffff001d0155,85,True,True,True
17173,04ffff001d0156,86,True,True,True
17174,04ffff001d0162,98,True,True,True
17175,04ffff001d0165,101,True,True,True
17177,04ffff001d016c,108,True,True,True
17179,04ffff001d017a,122,True,True,True
17180,04ffff001d028300,131,True,True,True
17182,04ffff001d028f00,143,True,True,True
17184,04ffff001d029700,151,True,True,True
17186,04ffff001d029d00,157,True,True,True
17187,04ffff001d029f00,159,True,True,True
17189,04ffff001d02a500,165,True,True,True
17190,04ffff001d02a700,167,True,True,True
17191,04ffff001d02ac00,172,True,True,True
17192,04ffff001d02ad00,173,True,True,True
17194,04ffff001d02b400,180,True,True,True
17196,04ffff001d02bf00,191,True,True,True
17198,04ffff001d02c200,194,True,True,True
17200,04ffff001d02c500,197,True,True,True
17201,04ffff001d02ce00,206,True,True,True
17202,04ffff001d02d100,209,True,True,True
17203,04ffff001d02d500,213,True,True,True
17205,04ffff001d02dc00,220,True,True,True
17206,04ffff001d02e700,231,True,True,True
17208,04ffff001d02eb00,235,True,True,True
17210,04ffff001d02f000,240,True,True,True
17212,04ffff001d020301,259,True,True,True
17213,04ffff001d020601,262,True,True,True
17214,04ffff001d020901,265,True,True,True
17216,04ffff001d021201,274,True,True,True
17217,04ffff001d021b01,283,True,True,True
17219,04ffff001d021c01,284,True,True,True
17220,04ffff001d021e01,286,True,True,True
17222,04ffff001d022101,289,True,True,True
17223,04ffff001d022201,290,True,True,True
17224,04ffff001d022701,295,True,True,True
17225,04ffff001d022c01,300,True,True,True
17226,04ffff001d023101,305,True,True,True
17227,04ffff001d023901,313,True,True,True
17229,04ffff001d024501,325,True,True,True
17231,04ffff001d024701,327,True,True,True
17232,04ffff001d025401,340,True,True,True
17234,04ffff001d025d01,349,True,True,True
17235,04ffff001d026201,354,True,True,True
17236,04ffff001d026301,355,True,True,True
17238,04ffff001d026a01,362,True,True,True
17239,04ffff001d026f01,367,True,True,True
17240,04ffff001d027001,368,True,True,True
17241,04ffff001d027101,369,True,True,True
17243,04ffff001d027801,376,True,True,True
17245,04ffff001d027e01,382,True,True,True
17247,04ffff001d028301,387,True,True,True
17249,04ffff001d028801,392,True,True,True
17250,04ffff001d029201,402,True,True,True
17251,04ffff001d029401,404,True,True,True
17252,04ffff001d029b01,411,True,True,True
17253,04ffff001d02a001,416,True,True,True
17254,04ffff001d02a301,419,True,True,True
17256,04ffff001d02a401,420,True,True,True
17258,04ffff001d02b201,434,True,True,True
17260,04ffff001d02b301,435,True,True,True
17261,04ffff001d02b801,440,True,True,True
17263,04ffff001d02be01,446,True,True,True
17266,04ffff001d02d401,468,True,True,True
17267,04ffff001d02d601,470,True,True,True
17268,04ffff001d02da01,474,True,True,True
17270,04ffff001d02e101,481,True,True,True
17272,04ffff001d02e401,484,True,True,True
17275,04ffff001d02e701,487,True,True,True
17276,04ffff001d02e801,488,True,True,True
17278,04ffff001d02ef01,495,True,True,True
17281,04ffff001d02f101,497,True,True,True
17282,04ffff001d02f601,502,True,True,True
17284,04ffff001d020502,517,True,True,True
17285,04ffff001d020602,518,True,True,True
17286,04ffff001d020702,519,True,True,True
17288,04ffff001d020a02,522,True,True,True
17289,04ffff001d020d02,525,True,True,True
17290,04ffff001d021702,535,True,True,True
17291,04ffff001d021c02,540,True,True,True
17292,04ffff001d021f02,543,True,True,True
17293,04ffff001d022702,551,True,True,True
17294,04ffff001d022802,552,True,True,True
17297,04ffff001d024402,580,True,True,True
17299,04ffff001d024702,583,True,True,True
17300,04ffff001d024802,584,True,True,True
17301,04ffff001d024902,585,True,True,True
17302,04ffff001d024b02,587,True,True,True
17303,04ffff001d025402,596,True,True,True
17304,04ffff001d025a02,602,True,True,True
17305,04ffff001d025c02,604,True,True,True
17306,04ffff001d027902,633,True,True,True
17307,04ffff001d028802,648,True,True,True
17308,04ffff001d028b02,651,True,True,True
17309,04ffff001d028c02,652,True,True,True
17311,04ffff001d028e02,654,True,True,True
17313,04ffff001d029002,656,True,True,True
17314,04ffff001d029402,660,True,True,True
17315,04ffff001d029502,661,True,True,True
17316,04ffff001d029702,663,True,True,True
17317,04ffff001d029802,664,True,True,True
17318,04ffff001d02aa02,682,True,True,True
17319,04ffff001d02bf02,703,True,True,True
17320,04ffff001d02cb02,715,True,True,True
17321,04ffff001d02cc02,716,True,True,True
17322,04ffff001d02ce02,718,True,True,True
17323,04ffff001d02d602,726,True,True,True
17324,04ffff001d02dd02,733,True,True,True
17325,04ffff001d02e202,738,True,True,True
17326,04ffff001d02ed02,749,True,True,True
17328,04ffff001d02ef02,751,True,True,True
17329,04ffff001d02f302,755,True,True,True
17331,04ffff001d02f802,760,True,True,True
17336,04ffff001d011f,31,True,True,True
17337,04ffff001d0121,33,True,True,True
17339,04ffff001d0131,49,True,True,True
17340,04ffff001d0145,69,True,True,True
17341,04ffff001d0146,70,True,True,True
17342,04ffff001d014b,75,True,True,True
17344,04ffff001d0150,80,True,True,True
17345,04ffff001d0154,84,True,True,True
17347,04ffff001d0156,86,True,True,True
17348,04ffff001d0159,89,True,True,True
17349,04ffff001d015c,92,True,True,True
17350,04ffff001d015d,93,True,True,True
17351,04ffff001d016a,106,True,True,True
17352,04ffff001d0172,114,True,True,True
17353,04ffff001d0178,120,True,True,True
17354,04ffff001d017d,125,True,True,True
17355,04ffff001d028000,128,True,True,True
17356,04ffff001d028100,129,True,True,True
17358,04ffff001d028800,136,True,True,True
17359,04ffff001d028f00,143,True,True,True
17360,04ffff001d029100,145,True,True,True
17361,04ffff001d029600,150,True,True,True
17362,04ffff001d02a300,163,True,True,True
17365,04ffff001d02a400,164,True,True,True
17369,04ffff001d02aa00,170,True,True,True
17370,04ffff001d02b200,178,True,True,True
17371,04ffff001d02b400,180,True,True,True
17372,04ffff001d02b900,185,True,True,True
17373,04ffff001d02bb00,187,True,True,True
17375,04ffff001d02c500,197,True,True,True
17377,04ffff001d02d500,213,True,True,True
17378,04ffff001d02d600,214,True,True,True
17381,04ffff001d02d900,217,True,True,True
17382,04ffff001d02dc00,220,True,True,True
17383,04ffff001d02e200,226,True,True,True
17384,04ffff001d02f000,240,True,True,True
17385,04ffff001d02f300,243,True,True,True
17386,04ffff001d02f600,246,True,True,True
17387,04ffff001d02fe00,254,True,True,True
17389,04ffff001d020001,256,True,True,True
17390,04ffff001d020401,260,True,True,True
17391,04ffff001d020601,262,True,True,True
17392,04ffff001d022501,293,True,True,True
17393,04ffff001d022801,296,True,True,True
17394,04ffff001d022a01,298,True,True,True
17395,04ffff001d022e01,302,True,True,True
17396,04ffff001d023001,304,True,True,True
17397,04ffff001d023a01,314,True,True,True
17398,04ffff001d024001,320,True,True,True
17399,04ffff001d024301,323,True,True,True
17400,04ffff001d024501,325,True,True,True
17401,04ffff001d025601,342,True,True,True
17402,04ffff001d025901,345,True,True,True
17403,04ffff001d026101,353,True,True,True
17405,04ffff001d026201,354,True,True,True
17406,04ffff001d026301,355,True,True,True
17408,04ffff001d026b01,363,True,True,True
17409,04ffff001d027401,372,True,True,True
17411,04ffff001d027601,374,True,True,True
17412,04ffff001d027801,376,True,True,True
17413,04ffff001d027a01,378,True,True,True
17416,04ffff001d028201,386,True,True,True
17417,04ffff001d028501,389,True,True,True
17421,04ffff001d029401,404,True,True,True
17422,04ffff001d029e01,414,True,True,True
17426,04ffff001d029f01,415,True,True,True
17429,04ffff001d02a201,418,True,True,True
17430,04ffff001d02a301,419,True,True,True
17431,04ffff001d02a701,423,True,True,True
17432,04ffff001d02a801,424,True,True,True
17435,04ffff001d02ab01,427,True,True,True
17437,04ffff001d02ae01,430,True,True,True
17438,04ffff001d02c601,454,True,True,True
17442,04ffff001d02cf01,463,True,True,True
17443,04ffff001d02d001,464,True,True,True
17445,04ffff001d02d601,470,True,True,True
17446,04ffff001d02d701,471,True,True,True
17447,04ffff001d02d901,473,True,True,True
17448,04ffff001d02dd01,477,True,True,True
17450,04ffff001d02e001,480,True,True,True
17451,04ffff001d02eb01,491,True,True,True
17454,04ffff001d02ed01,493,True,True,True
17455,04ffff001d02ee01,494,True,True,True
17457,04ffff001d02f301,499,True,True,True
17459,04ffff001d020502,517,True,True,True
17460,04ffff001d020602,518,True,True,True
17461,04ffff001d020702,519,True,True,True
17462,04ffff001d020b02,523,True,True,True
17463,04ffff001d020c02,524,True,True,True
17464,04ffff001d020d02,525,True,True,True
17465,04ffff001d020e02,526,True,True,True
17467,04ffff001d020f02,527,True,True,True
17468,04ffff001d021002,528,True,True,True
17469,04ffff001d021102,529,True,True,True
17470,04ffff001d021502,533,True,True,True
17471,04ffff001d021602,534,True,True,True
17472,04ffff001d021902,537,True,True,True
17473,04ffff001d022402,548,True,True,True
17474,04ffff001d022a02,554,True,True,True
17476,04ffff001d023c02,572,True,True,True
17477,04ffff001d024102,577,True,True,True
17478,04ffff001d024202,578,True,True,True
17479,04ffff001d024802,584,True,True,True
17481,04ffff001d024c02,588,True,True,True
17482,04ffff001d025702,599,True,True,True
17484,04ffff001d025a02,602,True,True,True
17485,04ffff001d025b02,603,True,True,True
17486,04ffff001d025c02,604,True,True,True
17487,04ffff001d026102,609,True,True,True
17489,04ffff001d026202,610,True,True,True
17490,04ffff001d026602,614,True,True,True
17491,04ffff001d026f02,623,True,True,True
17492,04ffff001d027002,624,True,True,True
17493,04ffff001d027402,628,True,True,True
17494,04ffff001d028002,640,True,True,True
17495,04ffff001d028102,641,True,True,True
17496,04ffff001d028402,644,True,True,True
17497,04ffff001d028502,645,True,True,True
17499,04ffff001d028602,646,True,True,True
17501,04ffff001d028f02,655,True,True,True
17504,04ffff001d029202,658,True,True,True
17507,04ffff001d029502,661,True,True,True
17509,04ffff001d029902,665,True,True,True
17510,04ffff001d02a002,672,True,True,True
17511,04ffff001d02a102,673,True,True,True
17513,04ffff001d02a302,675,True,True,True
17515,04ffff001d02a402,676,True,True,True
17516,04ffff001d02a802,680,True,True,True
17519,04ffff001d02a902,681,True,True,True
17521,04ffff001d02ac02,684,True,True,True
17522,04ffff001d02b402,692,True,True,True
17523,04ffff001d02ba02,698,True,True,True
17524,04ffff001d02be02,702,True,True,True
17526,04ffff001d02c002,704,True,True,True
17527,04ffff001d02c102,705,True,True,True
17528,04ffff001d02c802,712,True,True,True
17530,04ffff001d02c902,713,True,True,True
17532,04ffff001d02cd02,717,True,True,True
17534,04ffff001d02d002,720,True,True,True
17536,04ffff001d02d102,721,True,True,True
17539,04ffff001d02db02,731,True,True,True
17541,04ffff001d02e102,737,True,True,True
17542,04ffff001d02e602,742,True,True,True
17543,04ffff001d02ed02,749,True,True,True
17544,04ffff001d02ee02,750,True,True,True
17547,04ffff001d02f102,753,True,True,True
17548,04ffff001d02f802,760,True,True,True
17550,04ffff001d02ff02,767,True,True,True
17551,04ffff001d020503,773,True,True,True
17553,04ffff001d0103,3,True,True,True
17556,04ffff001d010c,12,True,True,True
17557,04ffff001d0120,32,True,True,True
17559,04ffff001d0127,39,True,True,True
17560,04ffff001d012f,47,True,True,True
17562,04ffff001d0131,49,True,True,True
17563,04ffff001d0139,57,True,True,True
17564,04ffff001d013b,59,True,True,True
17566,04ffff001d013c,60,True,True,True
17567,04ffff001d0140,64,True,True,True
17568,04ffff001d0146,70,True,True,True
17569,04ffff001d014a,74,True,True,True
17570,04ffff001d014c,76,True,True,True
17571,04ffff001d0157,87,True,True,True
17574,04ffff001d015f,95,True,True,True
17575,04ffff001d0161,97,True,True,True
17578,04ffff001d0167,103,True,True,True
17579,04ffff001d016b,107,True,True,True
17581,04ffff001d016c,108,True,True,True
17582,04ffff001d0178,120,True,True,True
17583,04ffff001d028400,132,True,True,True
17584,04ffff001d028f00,143,True,True,True
17586,04ffff001d02a900,169,True,True,True
17587,04ffff001d02ac00,172,True,True,True
17588,04ffff001d02b500,181,True,True,True
17590,04ffff001d02b700,183,True,True,True
17592,04ffff001d02be00,190,True,True,True
17594,04ffff001d02c600,198,True,True,True
17595,04ffff001d02d100,209,True,True,True
17596,04ffff001d02d400,212,True,True,True
17597,04ffff001d02db00,219,True,True,True
17600,04ffff001d02df00,223,True,True,True
17601,04ffff001d02e500,229,True,True,True
17602,04ffff001d02ef00,239,True,True,True
17603,04ffff001d02f400,244,True,True,True
17604,04ffff001d020101,257,True,True,True
17605,04ffff001d020301,259,True,True,True
17607,04ffff001d021101,273,True,True,True
17608,04ffff001d021701,279,True,True,True
17609,04ffff001d021d01,285,True,True,True
17610,04ffff001d021f01,287,True,True,True
17611,04ffff001d023001,304,True,True,True
17612,04ffff001d023401,308,True,True,True
17614,04ffff001d023b01,315,True,True,True
17615,04ffff001d023d01,317,True,True,True
17620,04ffff001d023f01,319,True,True,True
17621,04ffff001d024401,324,True,True,True
17622,04ffff001d024501,325,True,True,True
17624,04ffff001d024701,327,True,True,True
17625,04ffff001d025301,339,True,True,True
17626,04ffff001d025501,341,True,True,True
17629,04ffff001d025c01,348,True,True,True
17630,04ffff001d026a01,362,True,True,True
17634,04ffff001d026b01,363,True,True,True
17635,04ffff001d027001,368,True,True,True
17636,04ffff001d028b01,395,True,True,True
17637,04ffff001d028e01,398,True,True,True
17638,04ffff001d029f01,415,True,True,True
17639,04ffff001d02a301,419,True,True,True
17640,04ffff001d02b001,432,True,True,True
17641,04ffff001d02b101,433,True,True,True
17642,04ffff001d02b601,438,True,True,True
17643,04ffff001d02b801,440,True,True,True
17644,04ffff001d02c001,448,True,True,True
17647,04ffff001d02c101,449,True,True,True
17650,04ffff001d02c501,453,True,True,True
17652,04ffff001d02c701,455,True,True,True
17655,04ffff001d02ca01,458,True,True,True
17656,04ffff001d02cc01,460,True,True,True
17659,04ffff001d0104,4,True,True,True
17660,04ffff001d0107,7,True,True,True
17662,04ffff001d0111,17,True,True,True
17663,04ffff001d011a,26,True,True,True
17664,04ffff001d0120,32,True,True,True
17665,04ffff001d012a,42,True,True,True
17666,04ffff001d0136,54,True,True,True
17667,04ffff001d013a,58,True,True,True
17669,04ffff001d013d,61,True,True,True
17670,04ffff001d013e,62,True,True,True
17674,04ffff001d015b,91,True,True,True
17675,04ffff001d015f,95,True,True,True
17676,04ffff001d0165,101,True,True,True
17677,04ffff001d0168,104,True,True,True
17678,04ffff001d016a,106,True,True,True
17679,04ffff001d016d,109,True,True,True
17682,04ffff001d0171,113,True,True,True
17683,04ffff001d0178,120,True,True,True
17684,04ffff001d0179,121,True,True,True
17685,04ffff001d017d,125,True,True,True
17686,04ffff001d028700,135,True,True,True
17687,04ffff001d028800,136,True,True,True
17688,04ffff001d028d00,141,True,True,True
17689,04ffff001d029300,147,True,True,True
17690,04ffff001d029400,148,True,True,True
17692,04ffff001d029600,150,True,True,True
17694,04ffff001d02b000,176,True,True,True
17696,04ffff001d02b500,181,True,True,True
17697,04ffff001d02b900,185,True,True,True
17698,04ffff001d02cc00,204,True,True,True
17701,04ffff001d02ce00,206,True,True,True
17702,04ffff001d02d400,212,True,True,True
17703,04ffff001d02d700,215,True,True,True
17705,04ffff001d02e600,230,True,True,True
17706,04ffff001d02ee00,238,True,True,True
17707,04ffff001d02f000,240,True,True,True
17708,04ffff001d02fa00,250,True,True,True
17710,04ffff001d020301,259,True,True,True
17711,04ffff001d020601,262,True,True,True
17714,04ffff001d020801,264,True,True,True
17716,04ffff001d020d01,269,True,True,True
17717,04ffff001d020e01,270,True,True,True
17718,04ffff001d021401,276,True,True,True
17721,04ffff001d021701,279,True,True,True
17722,04ffff001d021a01,282,True,True,True
17723,04ffff001d021d01,285,True,True,True
17725,04ffff001d021f01,287,True,True,True
17726,04ffff001d022801,296,True,True,True
17727,04ffff001d024201,322,True,True,True
17728,04ffff001d024401,324,True,True,True
17730,04ffff001d024501,325,True,True,True
17731,04ffff001d025001,336,True,True,True
17733,04ffff001d026301,355,True,True,True
17735,04ffff001d026401,356,True,True,True
17738,04ffff001d026b01,363,True,True,True
17739,04ffff001d026c01,364,True,True,True
17740,04ffff001d026f01,367,True,True,True
17741,04ffff001d027001,368,True,True,True
17743,04ffff001d027201,370,True,True,True
17744,04ffff001d027401,372,True,True,True
17745,04ffff001d027a01,378,True,True,True
17746,04ffff001d027f01,383,True,True,True
17747,04ffff001d028801,392,True,True,True
17748,04ffff001d028901,393,True,True,True
17749,04ffff001d028c01,396,True,True,True
17750,04ffff001d028d01,397,True,True,True
17751,04ffff001d028e01,398,True,True,True
17752,04ffff001d029401,404,True,True,True
17753,04ffff001d029601,406,True,True,True
17756,04ffff001d029a01,410,True,True,True
17757,04ffff001d029d01,413,True,True,True
17758,04ffff001d02a101,417,True,True,True
17759,04ffff001d02a801,424,True,True,True
17760,04ffff001d02af01,431,True,True,True
17762,04ffff001d02b301,435,True,True,True
17764,04ffff001d02b801,440,True,True,True
17765,04ffff001d02cf01,463,True,True,True
17767,04ffff001d02db01,475,True,True,True
17769,04ffff001d02e701,487,True,True,True
17772,04ffff001d02ed01,493,True,True,True
17773,04ffff001d02f501,501,True,True,True
17778,04ffff001d02fd01,509,True,True,True
17779,04ffff001d02fe01,510,True,True,True
17781,04ffff001d020902,521,True,True,True
17783,04ffff001d020c02,524,True,True,True
17786,04ffff001d020f02,527,True,True,True
17788,04ffff001d021a02,538,True,True,True
17789,04ffff001d021b02,539,True,True,True
17790,04ffff001d021d02,541,True,True,True
17791,04ffff001d021e02,542,True,True,True
17792,04ffff001d022402,548,True,True,True
17793,04ffff001d022502,549,True,True,True
17795,04ffff001d022902,553,True,True,True
17796,04ffff001d023802,568,True,True,True
17797,04ffff001d023902,569,True,True,True
17799,04ffff001d023c02,572,True,True,True
17800,04ffff001d024102,577,True,True,True
17801,04ffff001d024302,579,True,True,True
17804,04ffff001d024402,580,True,True,True
17805,04ffff001d025102,593,True,True,True
17806,04ffff001d025d02,605,True,True,True
17807,04ffff001d025e02,606,True,True,True
17808,04ffff001d026102,609,True,True,True
17809,04ffff001d026402,612,True,True,True
17810,04ffff001d026502,613,True,True,True
17811,04ffff001d026602,614,True,True,True
17813,04ffff001d027002,624,True,True,True
17815,04ffff001d027402,628,True,True,True
17817,04ffff001d028002,640,True,True,True
17818,04ffff001d028302,643,True,True,True
17819,04ffff001d028502,645,True,True,True
17821,04ffff001d028a02,650,True,True,True
17822,04ffff001d028b02,651,True,True,True
17823,04ffff001d029002,656,True,True,True
17824,04ffff001d029202,658,True,True,True
17826,04ffff001d029402,660,True,True,True
17827,04ffff001d02a802,680,True,True,True
17828,04ffff001d02af02,687,True,True,True
17830,04ffff001d02b002,688,True,True,True
17832,04ffff001d02b702,695,True,True,True
17833,04ffff001d02b802,696,True,True,True
17834,04ffff001d02bc02,700,True,True,True
17836,04ffff001d02c202,706,True,True,True
17837,04ffff001d02d402,724,True,True,True
17838,04ffff001d02d502,725,True,True,True
17839,04ffff001d02e102,737,True,True,True
17840,04ffff001d02ea02,746,True,True,True
17841,04ffff001d02f102,753,True,True,True
17844,04ffff001d02f902,761,True,True,True
17847,04ffff001d020303,771,True,True,True
17852,04ffff001d020e03,782,True,True,True
17853,04ffff001d021103,785,True,True,True
17854,04ffff001d021603,790,True,True,True
17855,04ffff001d021903,793,True,True,True
17856,04ffff001d021f03,799,True,True,True
17858,04ffff001d022703,807,True,True,True
17862,04ffff001d022903,809,True,True,True
17863,04ffff001d023003,816,True,True,True
17864,04ffff001d023203,818,True,True,True
17865,04ffff001d023403,820,True,True,True
17866,04ffff001d024603,838,True,True,True
17867,04ffff001d024903,841,True,True,True
17868,04ffff001d025d03,861,True,True,True
17870,04ffff001d025e03,862,True,True,True
17872,04ffff001d026503,869,True,True,True
17873,04ffff001d026b03,875,True,True,True
17876,04ffff001d0106,6,True,True,True
17877,04ffff001d010a,10,True,True,True
17879,04ffff001d0110,16,True,True,True
17880,04ffff001d0112,18,True,True,True
17881,04ffff001d0118,24,True,True,True
17882,04ffff001d0123,35,True,True,True
17883,04ffff001d0126,38,True,True,True
17884,04ffff001d0129,41,True,True,True
17886,04ffff001d012b,43,True,True,True
17888,04ffff001d012c,44,True,True,True
17889,04ffff001d0132,50,True,True,True
17890,04ffff001d0133,51,True,True,True
17891,04ffff001d0134,52,True,True,True
17892,04ffff001d0135,53,True,True,True
17894,04ffff001d0139,57,True,True,True
17895,04ffff001d013f,63,True,True,True
17896,04ffff001d0142,66,True,True,True
17897,04ffff001d0144,68,True,True,True
17898,04ffff001d0149,73,True,True,True
17899,04ffff001d014e,78,True,True,True
17900,04ffff001d0165,101,True,True,True
17901,04ffff001d016a,106,True,True,True
17902,04ffff001d016e,110,True,True,True
17905,04ffff001d0171,113,True,True,True
17906,04ffff001d0174,116,True,True,True
17907,04ffff001d0176,118,True,True,True
17909,04ffff001d0179,121,True,True,True
17910,04ffff001d017e,126,True,True,True
17911,04ffff001d028600,134,True,True,True
17913,04ffff001d02a300,163,True,True,True
17915,04ffff001d02ac00,172,True,True,True
17916,04ffff001d02b000,176,True,True,True
17920,04ffff001d02b500,181,True,True,True
17921,04ffff001d02b600,182,True,True,True
17922,04ffff001d02c400,196,True,True,True
17923,04ffff001d02c900,201,True,True,True
17929,04ffff001d02d600,214,True,True,True
17930,04ffff001d02db00,219,True,True,True
17932,04ffff001d02de00,222,True,True,True
17933,04ffff001d02e200,226,True,True,True
17937,04ffff001d02e900,233,True,True,True
17939,04ffff001d02ea00,234,True,True,True
17943,04ffff001d02eb00,235,True,True,True
17944,04ffff001d02ed00,237,True,True,True
17947,04ffff001d02fd00,253,True,True,True
17948,04ffff001d02ff00,255,True,True,True
17950,04ffff001d020001,256,True,True,True
17951,04ffff001d020501,261,True,True,True
17953,04ffff001d020f01,271,True,True,True
17954,04ffff001d021101,273,True,True,True
17956,04ffff001d021401,276,True,True,True
17958,04ffff001d021d01,285,True,True,True
17959,04ffff001d022101,289,True,True,True
17960,04ffff001d022f01,303,True,True,True
17962,04ffff001d023401,308,True,True,True
17963,04ffff001d023701,311,True,True,True
17964,04ffff001d023901,313,True,True,True
17967,04ffff001d023b01,315,True,True,True
17969,04ffff001d024e01,334,True,True,True
17970,04ffff001d025601,342,True,True,True
17971,04ffff001d025901,345,True,True,True
17972,04ffff001d025a01,346,True,True,True
17976,04ffff001d026101,353,True,True,True
17978,04ffff001d026b01,363,True,True,True
17981,04ffff001d026e01,366,True,True,True
17983,04ffff001d026f01,367,True,True,True
17986,04ffff001d027601,374,True,True,True
17987,04ffff001d027701,375,True,True,True
17988,04ffff001d027d01,381,True,True,True
17991,04ffff001d028101,385,True,True,True
17992,04ffff001d028301,387,True,True,True
17994,04ffff001d028401,388,True,True,True
17995,04ffff001d028501,389,True,True,True
17996,04ffff001d029301,403,True,True,True
17999,04ffff001d029801,408,True,True,True
18000,04ffff001d029b01,411,True,True,True
18001,04ffff001d029e01,414,True,True,True
18002,04ffff001d029f01,415,True,True,True
18004,04ffff001d02ad01,429,True,True,True
18006,04ffff001d02b001,432,True,True,True
18009,04ffff001d02b101,433,True,True,True
18011,04ffff001d02b401,436,True,True,True
18013,04ffff001d02b501,437,True,True,True
18014,04ffff001d02b701,439,True,True,True
18015,04ffff001d02b801,440,True,True,True
18033,04ffff001d0101,1,True,True,True
18034,04ffff001d010d,13,True,True,True
18035,04ffff001d0114,20,True,True,True
18036,04ffff001d0117,23,True,True,True
18037,04ffff001d0133,51,True,True,True
18042,04ffff001d0138,56,True,True,True
18044,04ffff001d013b,59,True,True,True
18046,04ffff001d013f,63,True,True,True
18049,04ffff001d0157,87,True,True,True
18052,04ffff001d015b,91,True,True,True
18053,04ffff001d016d,109,True,True,True
18054,04ffff001d017f,127,True,True,True
18058,04ffff001d029100,145,True,True,True
18059,04ffff001d029600,150,True,True,True
18060,04ffff001d029e00,158,True,True,True
18063,04ffff001d02b100,177,True,True,True
18064,04ffff001d02bb00,187,True,True,True
18065,04ffff001d02c100,193,True,True,True
18069,04ffff001d02c900,201,True,True,True
18070,04ffff001d02ce00,206,True,True,True
18073,04ffff001d02d300,211,True,True,True
18076,04ffff001d02d600,214,True,True,True
18079,04ffff001d02df00,223,True,True,True
18081,04ffff001d02e000,224,True,True,True
18083,04ffff001d02ff00,255,True,True,True
18084,04ffff001d020301,259,True,True,True
18086,04ffff001d020e01,270,True,True,True
18087,04ffff001d021401,276,True,True,True
18088,04ffff001d021d01,285,True,True,True
18089,04ffff001d022001,288,True,True,True
18092,04ffff001d022101,289,True,True,True
18093,04ffff001d022901,297,True,True,True
18094,04ffff001d022b01,299,True,True,True
18095,04ffff001d023201,306,True,True,True
18097,04ffff001d023901,313,True,True,True
18098,04ffff001d023a01,314,True,True,True
18101,04ffff001d023e01,318,True,True,True
18103,04ffff001d023f01,319,True,True,True
18105,04ffff001d025601,342,True,True,True
18107,04ffff001d025e01,350,True,True,True
18108,04ffff001d026101,353,True,True,True
18109,04ffff001d026801,360,True,True,True
18110,04ffff001d026d01,365,True,True,True
18111,04ffff001d027701,375,True,True,True
18112,04ffff001d029101,401,True,True,True
18113,04ffff001d029301,403,True,True,True
18114,04ffff001d029601,406,True,True,True
18115,04ffff001d029701,407,True,True,True
18117,04ffff001d029801,408,True,True,True
18118,04ffff001d029901,409,True,True,True
18120,04ffff001d029e01,414,True,True,True
18124,04ffff001d0107,7,True,True,True
18127,04ffff001d0111,17,True,True,True
18128,04ffff001d0113,19,True,True,True
18129,04ffff001d0123,35,True,True,True
18131,04ffff001d0147,71,True,True,True
18132,04ffff001d014b,75,True,True,True
18134,04ffff001d0151,81,True,True,True
18135,04ffff001d015c,92,True,True,True
18137,04ffff001d0160,96,True,True,True
18138,04ffff001d0165,101,True,True,True
18139,04ffff001d0167,103,True,True,True
18142,04ffff001d0168,104,True,True,True
18145,04ffff001d0169,105,True,True,True
18146,04ffff001d016c,108,True,True,True
18147,04ffff001d016d,109,True,True,True
18149,04ffff001d0177,119,True,True,True
18151,04ffff001d017c,124,True,True,True
18155,04ffff001d017d,125,True,True,True
18157,04ffff001d017e,126,True,True,True
18158,04ffff001d029400,148,True,True,True
18160,04ffff001d02ab00,171,True,True,True
18161,04ffff001d02ac00,172,True,True,True
18162,04ffff001d02ad00,173,True,True,True
18163,04ffff001d02bb00,187,True,True,True
18164,04ffff001d02bc00,188,True,True,True
18166,04ffff001d02bf00,191,True,True,True
18167,04ffff001d02c900,201,True,True,True
18168,04ffff001d02cc00,204,True,True,True
18170,04ffff001d02ce00,206,True,True,True
18171,04ffff001d02d100,209,True,True,True
18173,04ffff001d02d300,211,True,True,True
18174,04ffff001d02d400,212,True,True,True
18175,04ffff001d02d700,215,True,True,True
18177,04ffff001d02d800,216,True,True,True
18178,04ffff001d02db00,219,True,True,True
18179,04ffff001d02e000,224,True,True,True
18180,04ffff001d02e300,227,True,True,True
18181,04ffff001d02ec00,236,True,True,True
18184,04ffff001d02f300,243,True,True,True
18185,04ffff001d020501,261,True,True,True
18188,04ffff001d020a01,266,True,True,True
18189,04ffff001d023701,311,True,True,True
18192,04ffff001d023f01,319,True,True,True
18194,04ffff001d024a01,330,True,True,True
18195,04ffff001d025801,344,True,True,True
18196,04ffff001d026a01,362,True,True,True
18198,04ffff001d027301,371,True,True,True
18199,04ffff001d027401,372,True,True,True
18200,04ffff001d027901,377,True,True,True
18202,04ffff001d028301,387,True,True,True
18204,04ffff001d028801,392,True,True,True
18205,04ffff001d028f01,399,True,True,True
18206,04ffff001d029201,402,True,True,True
18208,04ffff001d029701,407,True,True,True
18210,04ffff001d02a001,416,True,True,True
18212,04ffff001d02b101,433,True,True,True
18214,04ffff001d02c401,452,True,True,True
18216,04ffff001d02c701,455,True,True,True
18217,04ffff001d02c901,457,True,True,True
18221,04ffff001d02ca01,458,True,True,True
18222,04ffff001d02cd01,461,True,True,True
18223,04ffff001d02d601,470,True,True,True
18224,04ffff001d02d901,473,True,True,True
18225,04ffff001d02ec01,492,True,True,True
18227,04ffff001d02ed01,493,True,True,True
18232,04ffff001d02ef01,495,True,True,True
18233,04ffff001d022302,547,True,True,True
18234,04ffff001d022902,553,True,True,True
18235,04ffff001d022a02,554,True,True,True
18236,04ffff001d023102,561,True,True,True
18237,04ffff001d023402,564,True,True,True
18238,04ffff001d023902,569,True,True,True
18239,04ffff001d024702,583,True,True,True
18240,04ffff001d024c02,588,True,True,True
18241,04ffff001d024d02,589,True,True,True
18243,04ffff001d026e02,622,True,True,True
18245,04ffff001d027002,624,True,True,True
18246,04ffff001d027202,626,True,True,True
18247,04ffff001d027402,628,True,True,True
18248,04ffff001d027a02,634,True,True,True
18250,04ffff001d028102,641,True,True,True
18251,04ffff001d028202,642,True,True,True
18265,04ffff001d0105,5,True,True,True
18266,04ffff001d010e,14,True,True,True
18267,04ffff001d011a,26,True,True,True
18268,04ffff001d0123,35,True,True,True
18269,04ffff001d012c,44,True,True,True
18270,04ffff001d012f,47,True,True,True
18271,04ffff001d0139,57,True,True,True
18272,04ffff001d013a,58,True,True,True
18274,04ffff001d0143,67,True,True,True
18275,04ffff001d0144,68,True,True,True
18277,04ffff001d014b,75,True,True,True
18278,04ffff001d014f,79,True,True,True
18280,04ffff001d0159,89,True,True,True
18281,04ffff001d0173,115,True,True,True
18282,04ffff001d028300,131,True,True,True
18283,04ffff001d028400,132,True,True,True
18286,04ffff001d028500,133,True,True,True
18288,04ffff001d028b00,139,True,True,True
18289,04ffff001d029b00,155,True,True,True
18291,04ffff001d029d00,157,True,True,True
18293,04ffff001d02ab00,171,True,True,True
18294,04ffff001d02b100,177,True,True,True
18295,04ffff001d02b800,184,True,True,True
18296,04ffff001d02ba00,186,True,True,True
18298,04ffff001d02bb00,187,True,True,True
18299,04ffff001d02c300,195,True,True,True
18301,04ffff001d02c700,199,True,True,True
18302,04ffff001d02cc00,204,True,True,True
18303,04ffff001d02cf00,207,True,True,True
18305,04ffff001d02d300,211,True,True,True
18306,04ffff001d02de00,222,True,True,True
18308,04ffff001d02f200,242,True,True,True
18309,04ffff001d02f300,243,True,True,True
18312,04ffff001d020b01,267,True,True,True
18313,04ffff001d020c01,268,True,True,True
18314,04ffff001d021301,275,True,True,True
18315,04ffff001d021401,276,True,True,True
18317,04ffff001d021601,278,True,True,True
18318,04ffff001d021701,279,True,True,True
18319,04ffff001d021b01,283,True,True,True
18320,04ffff001d021d01,285,True,True,True
18322,04ffff001d021f01,287,True,True,True
18323,04ffff001d022201,290,True,True,True
18325,04ffff001d022e01,302,True,True,True
18327,04ffff001d023401,308,True,True,True
18329,04ffff001d023501,309,True,True,True
18330,04ffff001d023901,313,True,True,True
18331,04ffff001d023b01,315,True,True,True
18332,04ffff001d024b01,331,True,True,True
18333,04ffff001d024f01,335,True,True,True
18335,04ffff001d025601,342,True,True,True
18337,04ffff001d026201,354,True,True,True
18340,04ffff001d026b01,363,True,True,True
18341,04ffff001d027801,376,True,True,True
18343,04ffff001d027c01,380,True,True,True
18345,04ffff001d028001,384,True,True,True
18348,04ffff001d028101,385,True,True,True
18349,04ffff001d028c01,396,True,True,True
18350,04ffff001d028d01,397,True,True,True
18351,04ffff001d029601,406,True,True,True
18352,04ffff001d02a401,420,True,True,True
18354,04ffff001d02b801,440,True,True,True
18355,04ffff001d02ba01,442,True,True,True
18356,04ffff001d02c201,450,True,True,True
18357,04ffff001d02cf01,463,True,True,True
18359,04ffff001d02d801,472,True,True,True
18363,04ffff001d02dc01,476,True,True,True
18365,04ffff001d02e101,481,True,True,True
18366,04ffff001d02e901,489,True,True,True
18367,04ffff001d02ee01,494,True,True,True
18369,04ffff001d02ef01,495,True,True,True
18370,04ffff001d020202,514,True,True,True
18371,04ffff001d020802,520,True,True,True
18373,04ffff001d020902,521,True,True,True
18375,04ffff001d020b02,523,True,True,True
18377,04ffff001d021e02,542,True,True,True
18378,04ffff001d022a02,554,True,True,True
18379,04ffff001d022d02,557,True,True,True
18381,04ffff001d023202,562,True,True,True
18382,04ffff001d023802,568,True,True,True
18383,04ffff001d023b02,571,True,True,True
18384,04ffff001d024302,579,True,True,True
18386,04ffff001d024802,584,True,True,True
18387,04ffff001d024d02,589,True,True,True
18388,04ffff001d025202,594,True,True,True
18389,04ffff001d026e02,622,True,True,True
18390,04ffff001d026f02,623,True,True,True
18394,04ffff001d027002,624,True,True,True
18395,04ffff001d027802,632,True,True,True
18397,04ffff001d027a02,634,True,True,True
18398,04ffff001d027e02,638,True,True,True
18400,04ffff001d028102,641,True,True,True
18401,04ffff001d028602,646,True,True,True
18403,04ffff001d028c02,652,True,True,True
18404,04ffff001d029202,658,True,True,True
18405,04ffff001d02a302,675,True,True,True
18407,04ffff001d02a502,677,True,True,True
18409,04ffff001d02a602,678,True,True,True
18413,04ffff001d02ac02,684,True,True,True
18415,04ffff001d02bd02,701,True,True,True
18417,04ffff001d02c102,705,True,True,True
18419,04ffff001d02c502,709,True,True,True
18420,04ffff001d02ca02,714,True,True,True
18421,04ffff001d02ce02,718,True,True,True
18422,04ffff001d02da02,730,True,True,True
18425,04ffff001d02db02,731,True,True,True
18427,04ffff001d02de02,734,True,True,True
18428,04ffff001d02eb02,747,True,True,True
18430,04ffff001d02ef02,751,True,True,True
18433,04ffff001d02f002,752,True,True,True
18434,04ffff001d02f302,755,True,True,True
18436,04ffff001d020d03,781,True,True,True
18438,04ffff001d021003,784,True,True,True
18439,04ffff001d021b03,795,True,True,True
18441,04ffff001d022d03,813,True,True,True
18442,04ffff001d023703,823,True,True,True
18443,04ffff001d023b03,827,True,True,True
18444,04ffff001d023c03,828,True,True,True
18445,04ffff001d024103,833,True,True,True
18446,04ffff001d024703,839,True,True,True
18448,04ffff001d024d03,845,True,True,True
18449,04ffff001d025003,848,True,True,True
18451,04ffff001d025f03,863,True,True,True
18452,04ffff001d026103,865,True,True,True
18455,04ffff001d027403,884,True,True,True
18456,04ffff001d027703,887,True,True,True
18457,04ffff001d027b03,891,True,True,True
18458,04ffff001d027f03,895,True,True,True
18460,04ffff001d028703,903,True,True,True
18464,04ffff001d028803,904,True,True,True
18466,04ffff001d029003,912,True,True,True
18467,04ffff001d029103,913,True,True,True
18470,04ffff001d029303,915,True,True,True
18472,04ffff001d029a03,922,True,True,True
18474,04ffff001d02a803,936,True,True,True
18475,04ffff001d02b003,944,True,True,True
18476,04ffff001d02b103,945,True,True,True
18477,04ffff001d02b703,951,True,True,True
18478,04ffff001d02c303,963,True,True,True
18479,04ffff001d02c503,965,True,True,True
18481,04ffff001d02ed03,1005,True,True,True
18483,04ffff001d02ff03,1023,True,True,True
18485,04ffff001d020a04,1034,True,True,True
18487,04ffff001d020d04,1037,True,True,True
18489,04ffff001d021104,1041,True,True,True
18490,04ffff001d021204,1042,True,True,True
18491,04ffff001d021b04,1051,True,True,True
18494,04ffff001d021e04,1054,True,True,True
18497,04ffff001d022004,1056,True,True,True
18498,04ffff001d022204,1058,True,True,True
18501,04ffff001d022404,1060,True,True,True
18502,04ffff001d022504,1061,True,True,True
18503,04ffff001d022604,1062,True,True,True
18506,04ffff001d022b04,1067,True,True,True
18507,04ffff001d022c04,1068,True,True,True
18510,04ffff001d0101,1,True,True,True
18511,04ffff001d0108,8,True,True,True
18512,04ffff001d0109,9,True,True,True
18513,04ffff001d010f,15,True,True,True
18514,04ffff001d0119,25,True,True,True
18515,04ffff001d0121,33,True,True,True
18516,04ffff001d0128,40,True,True,True
18517,04ffff001d0129,41,True,True,True
18518,04ffff001d012f,47,True,True,True
18519,04ffff001d013c,60,True,True,True
18520,04ffff001d013f,63,True,True,True
18523,04ffff001d016b,107,True,True,True
18524,04ffff001d016d,109,True,True,True
18525,04ffff001d017d,125,True,True,True
18526,04ffff001d028400,132,True,True,True
18527,04ffff001d028a00,138,True,True,True
18530,04ffff001d028e00,142,True,True,True
18531,04ffff001d029900,153,True,True,True
18533,04ffff001d02a100,161,True,True,True
18535,04ffff001d02aa00,170,True,True,True
18536,04ffff001d02ab00,171,True,True,True
18537,04ffff001d02ad00,173,True,True,True
18539,04ffff001d02b500,181,True,True,True
18541,04ffff001d02b600,182,True,True,True
18542,04ffff001d02b800,184,True,True,True
18545,04ffff001d02c400,196,True,True,True
18546,04ffff001d02c700,199,True,True,True
18547,04ffff001d02ce00,206,True,True,True
18550,04ffff001d02e700,231,True,True,True
18551,04ffff001d02ee00,238,True,True,True
18553,04ffff001d020001,256,True,True,True
18554,04ffff001d020201,258,True,True,True
18555,04ffff001d020401,260,True,True,True
18556,04ffff001d020501,261,True,True,True
18558,04ffff001d020801,264,True,True,True
18560,04ffff001d020e01,270,True,True,True
18562,04ffff001d021101,273,True,True,True
18566,04ffff001d021201,274,True,True,True
18568,04ffff001d021601,278,True,True,True
18569,04ffff001d022501,293,True,True,True
18570,04ffff001d023001,304,True,True,True
18571,04ffff001d023201,306,True,True,True
18573,04ffff001d023401,308,True,True,True
18574,04ffff001d023701,311,True,True,True
18575,04ffff001d023a01,314,True,True,True
18576,04ffff001d024301,323,True,True,True
18577,04ffff001d024a01,330,True,True,True
18580,04ffff001d025501,341,True,True,True
18581,04ffff001d025801,344,True,True,True
18583,04ffff001d026d01,365,True,True,True
18584,04ffff001d027001,368,True,True,True
18586,04ffff001d027201,370,True,True,True
18589,04ffff001d027301,371,True,True,True
18591,04ffff001d028001,384,True,True,True
18593,04ffff001d028501,389,True,True,True
18594,04ffff001d028901,393,True,True,True
18596,04ffff001d029801,408,True,True,True
18598,04ffff001d02a501,421,True,True,True
18601,04ffff001d02a801,424,True,True,True
18603,04ffff001d02af01,431,True,True,True
18605,04ffff001d02b601,438,True,True,True
18607,04ffff001d02b901,441,True,True,True
18609,04ffff001d02c801,456,True,True,True
18610,04ffff001d02ca01,458,True,True,True
18612,04ffff001d02d001,464,True,True,True
18614,04ffff001d02d601,470,True,True,True
18616,04ffff001d02d901,473,True,True,True
18617,04ffff001d02da01,474,True,True,True
18618,04ffff001d02db01,475,True,True,True
18619,04ffff001d02dc01,476,True,True,True
18621,04ffff001d02de01,478,True,True,True
18622,04ffff001d02e001,480,True,True,True
18623,04ffff001d02e601,486,True,True,True
18624,04ffff001d02ea01,490,True,True,True
18626,04ffff001d02f501,501,True,True,True
18628,04ffff001d02f701,503,True,True,True
18629,04ffff001d020002,512,True,True,True
18630,04ffff001d021102,529,True,True,True
18631,04ffff001d021602,534,True,True,True
18632,04ffff001d021902,537,True,True,True
18633,04ffff001d022402,548,True,True,True
18634,04ffff001d023602,566,True,True,True
18636,04ffff001d023c02,572,True,True,True
18637,04ffff001d023e02,574,True,True,True
18638,04ffff001d024502,581,True,True,True
18641,04ffff001d024802,584,True,True,True
18642,04ffff001d025702,599,True,True,True
18643,04ffff001d026102,609,True,True,True
18644,04ffff001d026502,613,True,True,True
18646,04ffff001d026802,616,True,True,True
18648,04ffff001d026c02,620,True,True,True
18651,04ffff001d027002,624,True,True,True
18653,04ffff001d027402,628,True,True,True
18655,04ffff001d027802,632,True,True,True
18656,04ffff001d027902,633,True,True,True
18657,04ffff001d028b02,651,True,True,True
18659,04ffff001d029402,660,True,True,True
18660,04ffff001d029e02,670,True,True,True
18663,04ffff001d02a302,675,True,True,True
18664,04ffff001d02a502,677,True,True,True
18666,04ffff001d02b102,689,True,True,True
18668,04ffff001d02bd02,701,True,True,True
18673,04ffff001d02bf02,703,True,True,True
18674,04ffff001d02c202,706,True,True,True
18676,04ffff001d02c802,712,True,True,True
18677,04ffff001d02d102,721,True,True,True
18678,04ffff001d02d502,725,True,True,True
18679,04ffff001d02d702,727,True,True,True
18680,04ffff001d02df02,735,True,True,True
18681,04ffff001d02e302,739,True,True,True
18683,04ffff001d02e602,742,True,True,True
18684,04ffff001d02ed02,749,True,True,True
18685,04ffff001d02f102,753,True,True,True
18687,04ffff001d020903,777,True,True,True
18689,04ffff001d020f03,783,True,True,True
18690,04ffff001d021103,785,True,True,True
18691,04ffff001d022503,805,True,True,True
18693,04ffff001d022b03,811,True,True,True
18694,04ffff001d023103,817,True,True,True
18696,04ffff001d023303,819,True,True,True
18697,04ffff001d023603,822,True,True,True
18699,04ffff001d023b03,827,True,True,True
18701,04ffff001d024203,834,True,True,True
18702,04ffff001d025303,851,True,True,True
18703,04ffff001d025c03,860,True,True,True
18704,04ffff001d025e03,862,True,True,True
18706,04ffff001d026903,873,True,True,True
18708,04ffff001d026a03,874,True,True,True
18710,04ffff001d027803,888,True,True,True
18711,04ffff001d029603,918,True,True,True
18712,04ffff001d02a103,929,True,True,True
18713,04ffff001d02a203,930,True,True,True
18716,04ffff001d02a503,933,True,True,True
18718,04ffff001d02a903,937,True,True,True
18720,04ffff001d02b103,945,True,True,True
18721,04ffff001d02b803,952,True,True,True
18722,04ffff001d02be03,958,True,True,True
18723,04ffff001d02c003,960,True,True,True
18724,04ffff001d02c503,965,True,True,True
18725,04ffff001d02ce03,974,True,True,True
18727,04ffff001d02d003,976,True,True,True
18728,04ffff001d02dd03,989,True,True,True
18729,04ffff001d02eb03,1003,True,True,True
18730,04ffff001d02f603,1014,True,True,True
18733,04ffff001d021004,1040,True,True,True
18735,04ffff001d021404,1044,True,True,True
18736,04ffff001d021504,1045,True,True,True
18738,04ffff001d022304,1059,True,True,True
18739,04ffff001d022704,1063,True,True,True
18742,04ffff001d022e04,1070,True,True,True
18743,04ffff001d023704,1079,True,True,True
18744,04ffff001d023b04,1083,True,True,True
18746,04ffff001d023e04,1086,True,True,True
18747,04ffff001d024604,1094,True,True,True
18750,04ffff001d024a04,1098,True,True,True
18752,04ffff001d024c04,1100,True,True,True
18753,04ffff001d025404,1108,True,True,True
18755,04ffff001d025504,1109,True,True,True
18757,04ffff001d026904,1129,True,True,True
18759,04ffff001d027804,1144,True,True,True
18761,04ffff001d027e04,1150,True,True,True
18764,04ffff001d029b04,1179,True,True,True
18766,04ffff001d029f04,1183,True,True,True
18767,04ffff001d02a504,1189,True,True,True
18768,04ffff001d02a604,1190,True,True,True
18769,04ffff001d02a904,1193,True,True,True
18770,04ffff001d02bd04,1213,True,True,True
18772,04ffff001d02c504,1221,True,True,True
18773,04ffff001d02d304,1235,True,True,True
18776,04ffff001d02d504,1237,True,True,True
18777,04ffff001d02db04,1243,True,True,True
18778,04ffff001d02df04,1247,True,True,True
18779,04ffff001d02ea04,1258,True,True,True
18780,04ffff001d020105,1281,True,True,True
18781,04ffff001d020405,1284,True,True,True
18782,04ffff001d020d05,1293,True,True,True
18784,04ffff001d021105,1297,True,True,True
18785,04ffff001d021405,1300,True,True,True
18786,04ffff001d021805,1304,True,True,True
18788,04ffff001d021a05,1306,True,True,True
18789,04ffff001d021f05,1311,True,True,True
18790,04ffff001d022005,1312,True,True,True
18792,04ffff001d022305,1315,True,True,True
18794,04ffff001d022505,1317,True,True,True
18795,04ffff001d022705,1319,True,True,True
18796,04ffff001d022d05,1325,True,True,True
18797,04ffff001d023a05,1338,True,True,True
18799,04ffff001d024105,1345,True,True,True
18801,04ffff001d024605,1350,True,True,True
18803,04ffff001d024f05,1359,True,True,True
18804,04ffff001d026005,1376,True,True,True
18805,04ffff001d026205,1378,True,True,True
18807,04ffff001d026e05,1390,True,True,True
18808,04ffff001d027005,1392,True,True,True
18809,04ffff001d027305,1395,True,True,True
18810,04ffff001d027705,1399,True,True,True
18812,04ffff001d027b05,1403,True,True,True
18814,04ffff001d027c05,1404,True,True,True
18815,04ffff001d028505,1413,True,True,True
18816,04ffff001d028d05,1421,True,True,True
18817,04ffff001d02a205,1442,True,True,True
18819,04ffff001d02a505,1445,True,True,True
18820,04ffff001d02ae05,1454,True,True,True
18822,04ffff001d02af05,1455,True,True,True
18823,04ffff001d02bf05,1471,True,True,True
18825,04ffff001d02c205,1474,True,True,True
18827,04ffff001d02c905,1481,True,True,True
18830,04ffff001d02cd05,1485,True,True,True
18831,04ffff001d02ce05,1486,True,True,True
18834,04ffff001d02cf05,1487,True,True,True
18835,04ffff001d02d505,1493,True,True,True
18837,04ffff001d02d705,1495,True,True,True
18838,04ffff001d02de05,1502,True,True,True
18839,04ffff001d02e105,1505,True,True,True
18841,04ffff001d02ec05,1516,True,True,True
18842,04ffff001d02fc05,1532,True,True,True
18844,04ffff001d020e06,1550,True,True,True
18846,04ffff001d021206,1554,True,True,True
18847,04ffff001d021906,1561,True,True,True
18849,04ffff001d022506,1573,True,True,True
18851,04ffff001d022606,1574,True,True,True
18854,04ffff001d022706,1575,True,True,True
18855,04ffff001d022906,1577,True,True,True
18857,04ffff001d022d06,1581,True,True,True
18858,04ffff001d024006,1600,True,True,True
18860,04ffff001d024106,1601,True,True,True
18861,04ffff001d024c06,1612,True,True,True
18862,04ffff001d025306,1619,True,True,True
18863,04ffff001d025406,1620,True,True,True
18864,04ffff001d025d06,1629,True,True,True
18865,04ffff001d025f06,1631,True,True,True
18866,04ffff001d026906,1641,True,True,True
18868,04ffff001d026a06,1642,True,True,True
18870,04ffff001d027306,1651,True,True,True
18873,04ffff001d027e06,1662,True,True,True
18874,04ffff001d027f06,1663,True,True,True
18875,04ffff001d028b06,1675,True,True,True
18877,04ffff001d028c06,1676,True,True,True
18878,04ffff001d029106,1681,True,True,True
18879,04ffff001d029306,1683,True,True,True
18882,04ffff001d02a206,1698,True,True,True
18884,04ffff001d02a406,1700,True,True,True
18886,04ffff001d02a606,1702,True,True,True
18887,04ffff001d02ae06,1710,True,True,True
18888,04ffff001d02af06,1711,True,True,True
18890,04ffff001d02b206,1714,True,True,True
18892,04ffff001d02be06,1726,True,True,True
18893,04ffff001d02c306,1731,True,True,True
18895,04ffff001d02c606,1734,True,True,True
18897,04ffff001d02c706,1735,True,True,True
18898,04ffff001d02cb06,1739,True,True,True
18900,04ffff001d02d206,1746,True,True,True
18901,04ffff001d02d406,1748,True,True,True
18903,04ffff001d02d906,1753,True,True,True
18904,04ffff001d02e206,1762,True,True,True
18905,04ffff001d02f206,1778,True,True,True
18906,04ffff001d02f606,1782,True,True,True
18909,04ffff001d02f706,1783,True,True,True
18910,04ffff001d02f806,1784,True,True,True
18911,04ffff001d02f906,1785,True,True,True
18914,04ffff001d02fa06,1786,True,True,True
18915,04ffff001d02fe06,1790,True,True,True
18917,04ffff001d020107,1793,True,True,True
18919,04ffff001d020507,1797,True,True,True
18920,04ffff001d020e07,1806,True,True,True
18921,04ffff001d021307,1811,True,True,True
18923,04ffff001d021607,1814,True,True,True
18924,04ffff001d021b07,1819,True,True,True
18927,04ffff001d023107,1841,True,True,True
18929,04ffff001d023a07,1850,True,True,True
18930,04ffff001d023f07,1855,True,True,True
18932,04ffff001d024507,1861,True,True,True
18933,04ffff001d024d07,1869,True,True,True
18934,04ffff001d025707,1879,True,True,True
18936,04ffff001d025a07,1882,True,True,True
18937,04ffff001d025b07,1883,True,True,True
18938,04ffff001d025c07,1884,True,True,True
18939,04ffff001d026207,1890,True,True,True
18940,04ffff001d026b07,1899,True,True,True
18941,04ffff001d027107,1905,True,True,True
18942,04ffff001d027907,1913,True,True,True
18943,04ffff001d028807,1928,True,True,True
18944,04ffff001d028f07,1935,True,True,True
18946,04ffff001d029107,1937,True,True,True
18948,04ffff001d02b207,1970,True,True,True
18949,04ffff001d02b607,1974,True,True,True
18950,04ffff001d02bd07,1981,True,True,True
18952,04ffff001d02be07,1982,True,True,True
18954,04ffff001d02c507,1989,True,True,True
18956,04ffff001d02cd07,1997,True,True,True
18957,04ffff001d02d307,2003,True,True,True
18958,04ffff001d02d507,2005,True,True,True
18960,04ffff001d02d607,2006,True,True,True
18961,04ffff001d02e507,2021,True,True,True
18964,04ffff001d02ef07,2031,True,True,True
18965,04ffff001d02f307,2035,True,True,True
18966,04ffff001d02fa07,2042,True,True,True
18967,04ffff001d02fb07,2043,True,True,True
18968,04ffff001d02fc07,2044,True,True,True
18969,04ffff001d020c08,2060,True,True,True
18970,04ffff001d021508,2069,True,True,True
18971,04ffff001d021708,2071,True,True,True
18972,04ffff001d021a08,2074,True,True,True
18973,04ffff001d021d08,2077,True,True,True
18974,04ffff001d022008,2080,True,True,True
18975,04ffff001d022908,2089,True,True,True
18976,04ffff001d022e08,2094,True,True,True
18977,04ffff001d023908,2105,True,True,True
18978,04ffff001d023b08,2107,True,True,True
18980,04ffff001d023f08,2111,True,True,True
18981,04ffff001d025308,2131,True,True,True
18982,04ffff001d026508,2149,True,True,True
18984,04ffff001d026d08,2157,True,True,True
18985,04ffff001d027108,2161,True,True,True
18986,04ffff001d027808,2168,True,True,True
18988,04ffff001d027b08,2171,True,True,True
18990,04ffff001d028008,2176,True,True,True
18991,04ffff001d029808,2200,True,True,True
18993,04ffff001d029c08,2204,True,True,True
18994,04ffff001d029d08,2205,True,True,True
18995,04ffff001d02a208,2210,True,True,True
18999,04ffff001d02a608,2214,True,True,True
19001,04ffff001d02ac08,2220,True,True,True
19002,04ffff001d02ad08,2221,True,True,True
19003,04ffff001d02b008,2224,True,True,True
19005,04ffff001d02bb08,2235,True,True,True
19006,04ffff001d02c108,2241,True,True,True
19008,04ffff001d02d508,2261,True,True,True
19009,04ffff001d02d908,2265,True,True,True
19010,04ffff001d02ea08,2282,True,True,True
19011,04ffff001d020409,2308,True,True,True
19014,04ffff001d020b09,2315,True,True,True
19016,04ffff001d021d09,2333,True,True,True
19017,04ffff001d021e09,2334,True,True,True
19018,04ffff001d021f09,2335,True,True,True
19020,04ffff001d022f09,2351,True,True,True
19022,04ffff001d023d09,2365,True,True,True
19025,04ffff001d023f09,2367,True,True,True
19026,04ffff001d024509,2373,True,True,True
19027,04ffff001d025809,2392,True,True,True
19028,04ffff001d025c09,2396,True,True,True
19029,04ffff001d025d09,2397,True,True,True
19030,04ffff001d026409,2404,True,True,True
19031,04ffff001d027c09,2428,True,True,True
19032,04ffff001d027e09,2430,True,True,True
19034,04ffff001d028409,2436,True,True,True
19035,04ffff001d028b09,2443,True,True,True
19037,04ffff001d029509,2453,True,True,True
19038,04ffff001d029909,2457,True,True,True
19040,04ffff001d029a09,2458,True,True,True
19041,04ffff001d02a109,2465,True,True,True
19042,04ffff001d02a209,2466,True,True,True
19043,04ffff001d02aa09,2474,True,True,True
19044,04ffff001d02ab09,2475,True,True,True
19045,04ffff001d02ad09,2477,True,True,True
19047,04ffff001d02b109,2481,True,True,True
19048,04ffff001d02b509,2485,True,True,True
19049,04ffff001d02c509,2501,True,True,True
19050,04ffff001d02d409,2516,True,True,True
19053,04ffff001d02d809,2520,True,True,True
19054,04ffff001d02d909,2521,True,True,True
19055,04ffff001d02e209,2530,True,True,True
19056,04ffff001d02e609,2534,True,True,True
19057,04ffff001d02e709,2535,True,True,True
19058,04ffff001d02f209,2546,True,True,True
19059,04ffff001d02f409,2548,True,True,True
19060,04ffff001d02020a,2562,True,True,True
19061,04ffff001d02140a,2580,True,True,True
19062,04ffff001d021f0a,2591,True,True,True
19065,04ffff001d02230a,2595,True,True,True
19068,04ffff001d02250a,2597,True,True,True
19069,04ffff001d022b0a,2603,True,True,True
19070,04ffff001d022c0a,2604,True,True,True
19071,04ffff001d022d0a,2605,True,True,True
19072,04ffff001d023d0a,2621,True,True,True
19073,04ffff001d02420a,2626,True,True,True
19074,04ffff001d02450a,2629,True,True,True
19075,04ffff001d02470a,2631,True,True,True
19076,04ffff001d024b0a,2635,True,True,True
19078,04ffff001d02560a,2646,True,True,True
19079,04ffff001d025a0a,2650,True,True,True
19080,04ffff001d025b0a,2651,True,True,True
19081,04ffff001d025e0a,2654,True,True,True
19082,04ffff001d025f0a,2655,True,True,True
19083,04ffff001d02640a,2660,True,True,True
19085,04ffff001d02690a,2665,True,True,True
19086,04ffff001d02780a,2680,True,True,True
19087,04ffff001d02840a,2692,True,True,True
19088,04ffff001d028e0a,2702,True,True,True
19089,04ffff001d02a00a,2720,True,True,True
19090,04ffff001d02a70a,2727,True,True,True
19091,04ffff001d02aa0a,2730,True,True,True
19092,04ffff001d02ab0a,2731,True,True,True
19093,04ffff001d02ad0a,2733,True,True,True
19097,04ffff001d02b00a,2736,True,True,True
19100,04ffff001d02b80a,2744,True,True,True
19101,04ffff001d02b90a,2745,True,True,True
19102,04ffff001d02ba0a,2746,True,True,True
19103,04ffff001d02c80a,2760,True,True,True
19105,04ffff001d02ca0a,2762,True,True,True
19113,04ffff001d0103,3,True,True,True
19114,04ffff001d0107,7,True,True,True
19115,04ffff001d010f,15,True,True,True
19116,04ffff001d0110,16,True,True,True
19117,04ffff001d0117,23,True,True,True
19118,04ffff001d011c,28,True,True,True
19121,04ffff001d0124,36,True,True,True
19122,04ffff001d0125,37,True,True,True
19123,04ffff001d0133,51,True,True,True
19124,04ffff001d0136,54,True,True,True
19127,04ffff001d0141,65,True,True,True
19128,04ffff001d0147,71,True,True,True
19130,04ffff001d0152,82,True,True,True
19131,04ffff001d016c,108,True,True,True
19133,04ffff001d0170,112,True,True,True
19134,04ffff001d017c,124,True,True,True
19136,04ffff001d028200,130,True,True,True
19137,04ffff001d028300,131,True,True,True
19140,04ffff001d028400,132,True,True,True
19142,04ffff001d028700,135,True,True,True
19145,04ffff001d028b00,139,True,True,True
19146,04ffff001d029100,145,True,True,True
19149,04ffff001d029300,147,True,True,True
19150,04ffff001d029400,148,True,True,True
19151,04ffff001d029600,150,True,True,True
19152,04ffff001d029e00,158,True,True,True
19155,04ffff001d02b300,179,True,True,True
19156,04ffff001d02bb00,187,True,True,True
19157,04ffff001d02bf00,191,True,True,True
19159,04ffff001d02c300,195,True,True,True
19160,04ffff001d02c500,197,True,True,True
19162,04ffff001d02c700,199,True,True,True
19163,04ffff001d02d700,215,True,True,True
19164,04ffff001d02df00,223,True,True,True
19165,04ffff001d02e100,225,True,True,True
19166,04ffff001d02f000,240,True,True,True
19167,04ffff001d02f700,247,True,True,True
19169,04ffff001d020a01,266,True,True,True
19170,04ffff001d021601,278,True,True,True
19171,04ffff001d021701,279,True,True,True
19173,04ffff001d021b01,283,True,True,True
19174,04ffff001d022a01,298,True,True,True
19176,04ffff001d023501,309,True,True,True
19177,04ffff001d024401,324,True,True,True
19179,04ffff001d024901,329,True,True,True
19180,04ffff001d025101,337,True,True,True
19181,04ffff001d025201,338,True,True,True
19183,04ffff001d025301,339,True,True,True
19185,04ffff001d025501,341,True,True,True
19187,04ffff001d025e01,350,True,True,True
19189,04ffff001d026501,357,True,True,True
19192,04ffff001d027101,369,True,True,True
19193,04ffff001d027f01,383,True,True,True
19194,04ffff001d028601,390,True,True,True
19195,04ffff001d029001,400,True,True,True
19199,04ffff001d029701,407,True,True,True
19200,04ffff001d02a001,416,True,True,True
19203,04ffff001d02a301,419,True,True,True
19204,04ffff001d02a901,425,True,True,True
19206,04ffff001d02ae01,430,True,True,True
19208,04ffff001d02af01,431,True,True,True
19209,04ffff001d02b501,437,True,True,True
19210,04ffff001d02c801,456,True,True,True
19211,04ffff001d02cc01,460,True,True,True
19212,04ffff001d02d101,465,True,True,True
19214,04ffff001d02d701,471,True,True,True
19215,04ffff001d02d801,472,True,True,True
19217,04ffff001d02db01,475,True,True,True
19219,04ffff001d02dd01,477,True,True,True
19221,04ffff001d02eb01,491,True,True,True
19223,04ffff001d02f401,500,True,True,True
19224,04ffff001d020602,518,True,True,True
19225,04ffff001d021702,535,True,True,True
19227,04ffff001d022202,546,True,True,True
19228,04ffff001d022902,553,True,True,True
19229,04ffff001d022a02,554,True,True,True
19232,04ffff001d023302,563,True,True,True
19233,04ffff001d023502,565,True,True,True
19234,04ffff001d023a02,570,True,True,True
19235,04ffff001d024402,580,True,True,True
19236,04ffff001d026202,610,True,True,True
19237,04ffff001d026802,616,True,True,True
19238,04ffff001d026e02,622,True,True,True
19239,04ffff001d026f02,623,True,True,True
19240,04ffff001d028002,640,True,True,True
19241,04ffff001d028202,642,True,True,True
19243,04ffff001d028802,648,True,True,True
19246,04ffff001d028902,649,True,True,True
19247,04ffff001d028e02,654,True,True,True
19248,04ffff001d029302,659,True,True,True
19251,04ffff001d029502,661,True,True,True
19252,04ffff001d02b702,695,True,True,True
19253,04ffff001d02ba02,698,True,True,True
19255,04ffff001d02bf02,703,True,True,True
19256,04ffff001d02c702,711,True,True,True
19257,04ffff001d02c902,713,True,True,True
19258,04ffff001d02cb02,715,True,True,True
19259,04ffff001d02cd02,717,True,True,True
19262,04ffff001d02ce02,718,True,True,True
19263,04ffff001d02d802,728,True,True,True
19264,04ffff001d02e702,743,True,True,True
19265,04ffff001d02f202,754,True,True,True
19267,04ffff001d020c03,780,True,True,True
19270,04ffff001d020d03,781,True,True,True
19271,04ffff001d020f03,783,True,True,True
19275,04ffff001d021003,784,True,True,True
19276,04ffff001d021503,789,True,True,True
19278,04ffff001d021903,793,True,True,True
19279,04ffff001d021e03,798,True,True,True
19280,04ffff001d022203,802,True,True,True
19281,04ffff001d022303,803,True,True,True
19283,04ffff001d022b03,811,True,True,True
19284,04ffff001d023203,818,True,True,True
19286,04ffff001d023403,820,True,True,True
19288,04ffff001d023b03,827,True,True,True
19290,04ffff001d023e03,830,True,True,True
19292,04ffff001d023f03,831,True,True,True
19294,04ffff001d024003,832,True,True,True
19295,04ffff001d024e03,846,True,True,True
19297,04ffff001d025f03,863,True,True,True
19299,04ffff001d026e03,878,True,True,True
19300,04ffff001d027303,883,True,True,True
19301,04ffff001d028203,898,True,True,True
19302,04ffff001d028703,903,True,True,True
19303,04ffff001d028e03,910,True,True,True
19306,04ffff001d029503,917,True,True,True
19307,04ffff001d029703,919,True,True,True
19309,04ffff001d029803,920,True,True,True
19313,04ffff001d02a803,936,True,True,True
19316,04ffff001d02be03,958,True,True,True
19317,04ffff001d02c203,962,True,True,True
19318,04ffff001d02c403,964,True,True,True
19319,04ffff001d02c603,966,True,True,True
19321,04ffff001d02cd03,973,True,True,True
19322,04ffff001d02d003,976,True,True,True
19323,04ffff001d02d503,981,True,True,True
19325,04ffff001d02dc03,988,True,True,True
19326,04ffff001d02e103,993,True,True,True
19328,04ffff001d02e603,998,True,True,True
19330,04ffff001d02ef03,1007,True,True,True
19331,04ffff001d02f403,1012,True,True,True
19332,04ffff001d02f703,1015,True,True,True
19333,04ffff001d02fe03,1022,True,True,True
19334,04ffff001d020604,1030,True,True,True
19336,04ffff001d020e04,1038,True,True,True
19337,04ffff001d021304,1043,True,True,True
19338,04ffff001d022404,1060,True,True,True
19340,04ffff001d023004,1072,True,True,True
19341,04ffff001d023404,1076,True,True,True
19342,04ffff001d023c04,1084,True,True,True
19343,04ffff001d024004,1088,True,True,True
19344,04ffff001d024304,1091,True,True,True
19345,04ffff001d025504,1109,True,True,True
19346,04ffff001d026704,1127,True,True,True
19347,04ffff001d026a04,1130,True,True,True
19348,04ffff001d027a04,1146,True,True,True
19349,04ffff001d027c04,1148,True,True,True
19352,04ffff001d028204,1154,True,True,True
19353,04ffff001d028604,1158,True,True,True
19354,04ffff001d028904,1161,True,True,True
19356,04ffff001d028c04,1164,True,True,True
19358,04ffff001d028e04,1166,True,True,True
19359,04ffff001d029004,1168,True,True,True
19360,04ffff001d029304,1171,True,True,True
19361,04ffff001d029704,1175,True,True,True
19363,04ffff001d02a704,1191,True,True,True
19364,04ffff001d02a804,1192,True,True,True
19365,04ffff001d02b704,1207,True,True,True
19367,04ffff001d02bc04,1212,True,True,True
19368,04ffff001d02cb04,1227,True,True,True
19371,04ffff001d0108,8,True,True,True
19372,04ffff001d010f,15,True,True,True
19376,04ffff001d0127,39,True,True,True
19377,04ffff001d0135,53,True,True,True
19379,04ffff001d013d,61,True,True,True
19381,04ffff001d0143,67,True,True,True
19382,04ffff001d0145,69,True,True,True
19384,04ffff001d0146,70,True,True,True
19386,04ffff001d014b,75,True,True,True
19387,04ffff001d015f,95,True,True,True
19390,04ffff001d0166,102,True,True,True
19391,04ffff001d0172,114,True,True,True
19393,04ffff001d0178,120,True,True,True
19394,04ffff001d028100,129,True,True,True
19395,04ffff001d028800,136,True,True,True
19397,04ffff001d029100,145,True,True,True
19398,04ffff001d029700,151,True,True,True
19399,04ffff001d029c00,156,True,True,True
19400,04ffff001d02a200,162,True,True,True
19402,04ffff001d02a500,165,True,True,True
19406,04ffff001d02a600,166,True,True,True
19407,04ffff001d02b400,180,True,True,True
19408,04ffff001d02b700,183,True,True,True
19409,04ffff001d02b800,184,True,True,True
19410,04ffff001d02c000,192,True,True,True
19411,04ffff001d02c900,201,True,True,True
19412,04ffff001d02cb00,203,True,True,True
19415,04ffff001d02dd00,221,True,True,True
19418,04ffff001d02e300,227,True,True,True
19419,04ffff001d02ea00,234,True,True,True
19421,04ffff001d02f100,241,True,True,True
19424,04ffff001d02f800,248,True,True,True
19425,04ffff001d02fe00,254,True,True,True
19426,04ffff001d020701,263,True,True,True
19427,04ffff001d020801,264,True,True,True
19429,04ffff001d020d01,269,True,True,True
19430,04ffff001d020f01,271,True,True,True
19431,04ffff001d021501,277,True,True,True
19433,04ffff001d021c01,284,True,True,True
19434,04ffff001d022101,289,True,True,True
19436,04ffff001d022b01,299,True,True,True
19438,04ffff001d022c01,300,True,True,True
19439,04ffff001d022f01,303,True,True,True
19440,04ffff001d023301,307,True,True,True
19441,04ffff001d023701,311,True,True,True
19443,04ffff001d023901,313,True,True,True
19444,04ffff001d023b01,315,True,True,True
19445,04ffff001d024601,326,True,True,True
19446,04ffff001d024901,329,True,True,True
19448,04ffff001d024e01,334,True,True,True
19449,04ffff001d025801,344,True,True,True
19451,04ffff001d025a01,346,True,True,True
19452,04ffff001d026301,355,True,True,True
19454,04ffff001d027001,368,True,True,True
19455,04ffff001d027301,371,True,True,True
19456,04ffff001d027a01,378,True,True,True
19457,04ffff001d028001,384,True,True,True
19458,04ffff001d028b01,395,True,True,True
19459,04ffff001d029301,403,True,True,True
19460,04ffff001d029901,409,True,True,True
19461,04ffff001d029b01,411,True,True,True
19462,04ffff001d029f01,415,True,True,True
19463,04ffff001d02b301,435,True,True,True
19465,04ffff001d02c501,453,True,True,True
19466,04ffff001d02cd01,461,True,True,True
19467,04ffff001d02cf01,463,True,True,True
19469,04ffff001d02d701,471,True,True,True
19471,04ffff001d02fb01,507,True,True,True
19472,04ffff001d020002,512,True,True,True
19473,04ffff001d020202,514,True,True,True
19474,04ffff001d021202,530,True,True,True
19476,04ffff001d021302,531,True,True,True
19477,04ffff001d021b02,539,True,True,True
19478,04ffff001d022002,544,True,True,True
19479,04ffff001d022202,546,True,True,True
19481,04ffff001d022402,548,True,True,True
19482,04ffff001d022a02,554,True,True,True
19483,04ffff001d023402,564,True,True,True
19486,04ffff001d023802,568,True,True,True
19489,04ffff001d023b02,571,True,True,True
19490,04ffff001d024602,582,True,True,True
19493,04ffff001d024802,584,True,True,True
19494,04ffff001d024b02,587,True,True,True
19495,04ffff001d025102,593,True,True,True
19496,04ffff001d025202,594,True,True,True
19497,04ffff001d025c02,604,True,True,True
19498,04ffff001d026702,615,True,True,True
19500,04ffff001d026f02,623,True,True,True
19501,04ffff001d027302,627,True,True,True
19502,04ffff001d027802,632,True,True,True
19503,04ffff001d027c02,636,True,True,True
19504,04ffff001d028902,649,True,True,True
19506,04ffff001d028f02,655,True,True,True
19507,04ffff001d029402,660,True,True,True
19508,04ffff001d029602,662,True,True,True
19509,04ffff001d029e02,670,True,True,True
19510,04ffff001d02a502,677,True,True,True
19511,04ffff001d02b802,696,True,True,True
19512,04ffff001d02bb02,699,True,True,True
19513,04ffff001d02c202,706,True,True,True
19514,04ffff001d02c502,709,True,True,True
19515,04ffff001d02c802,712,True,True,True
19516,04ffff001d02d002,720,True,True,True
19517,04ffff001d02d102,721,True,True,True
19518,04ffff001d02db02,731,True,True,True
19519,04ffff001d02e302,739,True,True,True
19521,04ffff001d02f002,752,True,True,True
19523,04ffff001d02f102,753,True,True,True
19524,04ffff001d02ff02,767,True,True,True
19526,04ffff001d020003,768,True,True,True
19528,04ffff001d020703,775,True,True,True
19529,04ffff001d020903,777,True,True,True
19530,04ffff001d021103,785,True,True,True
19531,04ffff001d021203,786,True,True,True
19532,04ffff001d021603,790,True,True,True
19533,04ffff001d021a03,794,True,True,True
19534,04ffff001d021c03,796,True,True,True
19535,04ffff001d022703,807,True,True,True
19536,04ffff001d022803,808,True,True,True
19537,04ffff001d022a03,810,True,True,True
19538,04ffff001d024403,836,True,True,True
19539,04ffff001d024703,839,True,True,True
19541,04ffff001d024d03,845,True,True,True
19542,04ffff001d024f03,847,True,True,True
19543,04ffff001d025d03,861,True,True,True
19544,04ffff001d026103,865,True,True,True
19545,04ffff001d026303,867,True,True,True
19546,04ffff001d026503,869,True,True,True
19547,04ffff001d026b03,875,True,True,True
19548,04ffff001d026f03,879,True,True,True
19549,04ffff001d027203,882,True,True,True
19551,04ffff001d027603,886,True,True,True
19552,04ffff001d027c03,892,True,True,True
19553,04ffff001d028003,896,True,True,True
19556,04ffff001d028c03,908,True,True,True
19557,04ffff001d029103,913,True,True,True
19559,04ffff001d029703,919,True,True,True
19560,04ffff001d029a03,922,True,True,True
19562,04ffff001d02a503,933,True,True,True
19563,04ffff001d02a603,934,True,True,True
19564,04ffff001d02ae03,942,True,True,True
19565,04ffff001d02b903,953,True,True,True
19566,04ffff001d02ba03,954,True,True,True
19568,04ffff001d02cb03,971,True,True,True
19569,04ffff001d02da03,986,True,True,True
19570,04ffff001d02e603,998,True,True,True
19571,04ffff001d02ea03,1002,True,True,True
19572,04ffff001d02f303,1011,True,True,True
19573,04ffff001d02fa03,1018,True,True,True
19574,04ffff001d02fc03,1020,True,True,True
19575,04ffff001d021004,1040,True,True,True
19576,04ffff001d021204,1042,True,True,True
19577,04ffff001d021904,1049,True,True,True
19578,04ffff001d021d04,1053,True,True,True
19579,04ffff001d022204,1058,True,True,True
19580,04ffff001d022704,1063,True,True,True
19581,04ffff001d022804,1064,True,True,True
19583,04ffff001d022904,1065,True,True,True
19587,04ffff001d023804,1080,True,True,True
19588,04ffff001d023904,1081,True,True,True
19589,04ffff001d023f04,1087,True,True,True
19590,04ffff001d024f04,1103,True,True,True
19592,04ffff001d025604,1110,True,True,True
19593,04ffff001d026004,1120,True,True,True
19594,04ffff001d026b04,1131,True,True,True
19595,04ffff001d027804,1144,True,True,True
19596,04ffff001d028404,1156,True,True,True
19597,04ffff001d029304,1171,True,True,True
19598,04ffff001d029604,1174,True,True,True
19601,04ffff001d029d04,1181,True,True,True
19602,04ffff001d02a104,1185,True,True,True
19603,04ffff001d02a704,1191,True,True,True
19604,04ffff001d02ae04,1198,True,True,True
19605,04ffff001d02b604,1206,True,True,True
19606,04ffff001d02ba04,1210,True,True,True
19607,04ffff001d02c304,1219,True,True,True
19608,04ffff001d02c604,1222,True,True,True
19609,04ffff001d02c704,1223,True,True,True
19610,04ffff001d02d104,1233,True,True,True
19611,04ffff001d02d404,1236,True,True,True
19612,04ffff001d02e904,1257,True,True,True
19613,04ffff001d02eb04,1259,True,True,True
19614,04ffff001d02f004,1264,True,True,True
19615,04ffff001d02f704,1271,True,True,True
19616,04ffff001d02fc04,1276,True,True,True
19617,04ffff001d020205,1282,True,True,True
19618,04ffff001d020505,1285,True,True,True
19619,04ffff001d020705,1287,True,True,True
19621,04ffff001d020805,1288,True,True,True
19622,04ffff001d020905,1289,True,True,True
19623,04ffff001d021005,1296,True,True,True
19625,04ffff001d021405,1300,True,True,True
19626,04ffff001d021905,1305,True,True,True
19628,04ffff001d021e05,1310,True,True,True
19630,04ffff001d023d05,1341,True,True,True
19632,04ffff001d024505,1349,True,True,True
19633,04ffff001d024705,1351,True,True,True
19634,04ffff001d025005,1360,True,True,True
19635,04ffff001d025b05,1371,True,True,True
19637,04ffff001d027305,1395,True,True,True
19638,04ffff001d027605,1398,True,True,True
19639,04ffff001d027905,1401,True,True,True
19640,04ffff001d027a05,1402,True,True,True
19641,04ffff001d027e05,1406,True,True,True
19642,04ffff001d027f05,1407,True,True,True
19643,04ffff001d028f05,1423,True,True,True
19644,04ffff001d029005,1424,True,True,True
19645,04ffff001d029505,1429,True,True,True
19646,04ffff001d029c05,1436,True,True,True
19648,04ffff001d029e05,1438,True,True,True
19649,04ffff001d02a605,1446,True,True,True
19650,04ffff001d02ba05,1466,True,True,True
19652,04ffff001d02bb05,1467,True,True,True
19653,04ffff001d02bf05,1471,True,True,True
19654,04ffff001d02cd05,1485,True,True,True
19656,04ffff001d02e005,1504,True,True,True
19657,04ffff001d02e605,1510,True,True,True
19658,04ffff001d02f405,1524,True,True,True
19662,04ffff001d02f705,1527,True,True,True
19665,04ffff001d02fa05,1530,True,True,True
19666,04ffff001d020906,1545,True,True,True
19667,04ffff001d021406,1556,True,True,True
19668,04ffff001d023306,1587,True,True,True
19669,04ffff001d024106,1601,True,True,True
19670,04ffff001d024606,1606,True,True,True
19672,04ffff001d025406,1620,True,True,True
19673,04ffff001d025606,1622,True,True,True
19674,04ffff001d025906,1625,True,True,True
19675,04ffff001d026406,1636,True,True,True
19676,04ffff001d026d06,1645,True,True,True
19677,04ffff001d026e06,1646,True,True,True
19678,04ffff001d027306,1651,True,True,True
19679,04ffff001d027a06,1658,True,True,True
19681,04ffff001d028206,1666,True,True,True
19682,04ffff001d028a06,1674,True,True,True
19684,04ffff001d028f06,1679,True,True,True
19686,04ffff001d029406,1684,True,True,True
19688,04ffff001d029f06,1695,True,True,True
19689,04ffff001d02ac06,1708,True,True,True
19690,04ffff001d02b506,1717,True,True,True
19692,04ffff001d02c906,1737,True,True,True
19693,04ffff001d02cb06,1739,True,True,True
19694,04ffff001d02cd06,1741,True,True,True
19695,04ffff001d02ee06,1774,True,True,True
19696,04ffff001d02f306,1779,True,True,True
19697,04ffff001d02f406,1780,True,True,True
19698,04ffff001d02fb06,1787,True,True,True
19700,04ffff001d02fd06,1789,True,True,True
19703,04ffff001d020607,1798,True,True,True
19705,04ffff001d021707,1815,True,True,True
19706,04ffff001d021f07,1823,True,True,True
19707,04ffff001d022007,1824,True,True,True
19708,04ffff001d022907,1833,True,True,True
19709,04ffff001d022d07,1837,True,True,True
19710,04ffff001d022e07,1838,True,True,True
19711,04ffff001d023407,1844,True,True,True
19714,04ffff001d023707,1847,True,True,True
19715,04ffff001d023907,1849,True,True,True
19716,04ffff001d024b07,1867,True,True,True
19717,04ffff001d025407,1876,True,True,True
19719,04ffff001d026807,1896,True,True,True
19720,04ffff001d026e07,1902,True,True,True
19721,04ffff001d027107,1905,True,True,True
19727,04ffff001d029407,1940,True,True,True
19728,04ffff001d029507,1941,True,True,True
19730,04ffff001d029807,1944,True,True,True
19731,04ffff001d029907,1945,True,True,True
19732,04ffff001d029a07,1946,True,True,True
19734,04ffff001d029f07,1951,True,True,True
19735,04ffff001d02cc07,1996,True,True,True
19737,04ffff001d02de07,2014,True,True,True
19738,04ffff001d02e107,2017,True,True,True
19739,04ffff001d02ea07,2026,True,True,True
19741,04ffff001d02f007,2032,True,True,True
19742,04ffff001d02f707,2039,True,True,True
19743,04ffff001d02f807,2040,True,True,True
19744,04ffff001d02fd07,2045,True,True,True
19745,04ffff001d020208,2050,True,True,True
19746,04ffff001d020508,2053,True,True,True
19747,04ffff001d022b08,2091,True,True,True
19748,04ffff001d023c08,2108,True,True,True
19750,04ffff001d023f08,2111,True,True,True
19751,04ffff001d024008,2112,True,True,True
19753,04ffff001d024308,2115,True,True,True
19754,04ffff001d024b08,2123,True,True,True
19755,04ffff001d025608,2134,True,True,True
19756,04ffff001d025808,2136,True,True,True
19758,04ffff001d026908,2153,True,True,True
19759,04ffff001d027908,2169,True,True,True
19762,04ffff001d027d08,2173,True,True,True
19763,04ffff001d028008,2176,True,True,True
19765,04ffff001d028808,2184,True,True,True
19767,04ffff001d028a08,2186,True,True,True
19768,04ffff001d02a208,2210,True,True,True
19770,04ffff001d02a708,2215,True,True,True
19771,04ffff001d02a808,2216,True,True,True
19773,04ffff001d02b808,2232,True,True,True
19774,04ffff001d02bb08,2235,True,True,True
19777,04ffff001d02c408,2244,True,True,True
19778,04ffff001d02ca08,2250,True,True,True
19783,04ffff001d02d708,2263,True,True,True
19784,04ffff001d02e108,2273,True,True,True
19785,04ffff001d02ea08,2282,True,True,True
19786,04ffff001d02f408,2292,True,True,True
19789,04ffff001d02fa08,2298,True,True,True
19790,04ffff001d020209,2306,True,True,True
19791,04ffff001d020509,2309,True,True,True
19792,04ffff001d020a09,2314,True,True,True
19794,04ffff001d021209,2322,True,True,True
19795,04ffff001d023809,2360,True,True,True
19796,04ffff001d024209,2370,True,True,True
19797,04ffff001d024409,2372,True,True,True
19798,04ffff001d024509,2373,True,True,True
19799,04ffff001d026509,2405,True,True,True
19800,04ffff001d026b09,2411,True,True,True
19801,04ffff001d026e09,2414,True,True,True
19802,04ffff001d027009,2416,True,True,True
19803,04ffff001d028109,2433,True,True,True
19804,04ffff001d028e09,2446,True,True,True
19805,04ffff001d029509,2453,True,True,True
19806,04ffff001d029a09,2458,True,True,True
19807,04ffff001d029b09,2459,True,True,True
19808,04ffff001d02a609,2470,True,True,True
19809,04ffff001d02b309,2483,True,True,True
19811,04ffff001d02b809,2488,True,True,True
19812,04ffff001d02b909,2489,True,True,True
19814,04ffff001d02bc09,2492,True,True,True
19816,04ffff001d02c709,2503,True,True,True
19817,04ffff001d02d309,2515,True,True,True
19818,04ffff001d02ea09,2538,True,True,True
19821,04ffff001d02000a,2560,True,True,True
19823,04ffff001d02040a,2564,True,True,True
19824,04ffff001d02060a,2566,True,True,True
19825,04ffff001d02080a,2568,True,True,True
19826,04ffff001d020b0a,2571,True,True,True
19827,04ffff001d020d0a,2573,True,True,True
19828,04ffff001d02130a,2579,True,True,True
19829,04ffff001d02140a,2580,True,True,True
19832,04ffff001d02180a,2584,True,True,True
19833,04ffff001d021e0a,2590,True,True,True
19834,04ffff001d02200a,2592,True,True,True
19836,04ffff001d02260a,2598,True,True,True
19837,04ffff001d02290a,2601,True,True,True
19840,04ffff001d022c0a,2604,True,True,True
19841,04ffff001d022e0a,2606,True,True,True
19843,04ffff001d02490a,2633,True,True,True
19845,04ffff001d02550a,2645,True,True,True
19848,04ffff001d02580a,2648,True,True,True
19849,04ffff001d025e0a,2654,True,True,True
19852,04ffff001d02680a,2664,True,True,True
19853,04ffff001d026b0a,2667,True,True,True
19854,04ffff001d02720a,2674,True,True,True
19855,04ffff001d02740a,2676,True,True,True
19856,04ffff001d027c0a,2684,True,True,True
19857,04ffff001d027e0a,2686,True,True,True
19859,04ffff001d02850a,2693,True,True,True
19860,04ffff001d02970a,2711,True,True,True
19861,04ffff001d02980a,2712,True,True,True
19863,04ffff001d02ad0a,2733,True,True,True
19864,04ffff001d02c90a,2761,True,True,True
19865,04ffff001d02ca0a,2762,True,True,True
19868,04ffff001d02cb0a,2763,True,True,True
19869,04ffff001d02cf0a,2767,True,True,True
19870,04ffff001d02e60a,2790,True,True,True
19871,04ffff001d02e90a,2793,True,True,True
19872,04ffff001d02eb0a,2795,True,True,True
19873,04ffff001d02f70a,2807,True,True,True
19874,04ffff001d02f80a,2808,True,True,True
19875,04ffff001d02f90a,2809,True,True,True
19877,04ffff001d02fa0a,2810,True,True,True
19878,04ffff001d02000b,2816,True,True,True
19879,04ffff001d020d0b,2829,True,True,True
19880,04ffff001d020e0b,2830,True,True,True
19882,04ffff001d021d0b,2845,True,True,True
19884,04ffff001d021e0b,2846,True,True,True
19887,04ffff001d02210b,2849,True,True,True
19888,04ffff001d02240b,2852,True,True,True
19889,04ffff001d02270b,2855,True,True,True
19890,04ffff001d02390b,2873,True,True,True
19891,04ffff001d023d0b,2877,True,True,True
19892,04ffff001d02480b,2888,True,True,True
19894,04ffff001d02490b,2889,True,True,True
19895,04ffff001d02560b,2902,True,True,True
19897,04ffff001d02570b,2903,True,True,True
19898,04ffff001d025d0b,2909,True,True,True
19899,04ffff001d02600b,2912,True,True,True
19900,04ffff001d02680b,2920,True,True,True
19902,04ffff001d026b0b,2923,True,True,True
19903,04ffff001d027b0b,2939,True,True,True
19904,04ffff001d027d0b,2941,True,True,True
19905,04ffff001d02810b,2945,True,True,True
19906,04ffff001d028e0b,2958,True,True,True
19907,04ffff001d02930b,2963,True,True,True
19908,04ffff001d02990b,2969,True,True,True
19910,04ffff001d029a0b,2970,True,True,True
19911,04ffff001d02a90b,2985,True,True,True
19912,04ffff001d02aa0b,2986,True,True,True
19913,04ffff001d02ad0b,2989,True,True,True
19914,04ffff001d02ae0b,2990,True,True,True
19915,04ffff001d02b60b,2998,True,True,True
19916,04ffff001d02bd0b,3005,True,True,True
19917,04ffff001d02be0b,3006,True,True,True
19918,04ffff001d02c40b,3012,True,True,True
19919,04ffff001d02cb0b,3019,True,True,True
19920,04ffff001d02cd0b,3021,True,True,True
19921,04ffff001d02ce0b,3022,True,True,True
19922,04ffff001d02d00b,3024,True,True,True
19925,04ffff001d02d30b,3027,True,True,True
19926,04ffff001d02d60b,3030,True,True,True
19927,04ffff001d02d70b,3031,True,True,True
19928,04ffff001d02db0b,3035,True,True,True
19930,04ffff001d02e30b,3043,True,True,True
19931,04ffff001d02e40b,3044,True,True,True
19932,04ffff001d02e70b,3047,True,True,True
19933,04ffff001d02ed0b,3053,True,True,True
19934,04ffff001d02ef0b,3055,True,True,True
19936,04ffff001d02f60b,3062,True,True,True
19937,04ffff001d02f70b,3063,True,True,True
19939,04ffff001d02110c,3089,True,True,True
19940,04ffff001d02190c,3097,True,True,True
19943,04ffff001d021a0c,3098,True,True,True
19944,04ffff001d02210c,3105,True,True,True
19945,04ffff001d02300c,3120,True,True,True
19947,04ffff001d02490c,3145,True,True,True
19949,04ffff001d024a0c,3146,True,True,True
19951,04ffff001d02580c,3160,True,True,True
19952,04ffff001d025a0c,3162,True,True,True
19953,04ffff001d025f0c,3167,True,True,True
19955,04ffff001d02680c,3176,True,True,True
19956,04ffff001d02730c,3187,True,True,True
19959,04ffff001d027b0c,3195,True,True,True
19960,04ffff001d027c0c,3196,True,True,True
19962,04ffff001d02860c,3206,True,True,True
19963,04ffff001d029f0c,3231,True,True,True
19965,04ffff001d02a60c,3238,True,True,True
19967,04ffff001d02aa0c,3242,True,True,True
19968,04ffff001d02ab0c,3243,True,True,True
19970,04ffff001d02af0c,3247,True,True,True
19972,04ffff001d02b40c,3252,True,True,True
19973,04ffff001d02b80c,3256,True,True,True
19974,04ffff001d02bc0c,3260,True,True,True
19975,04ffff001d02c30c,3267,True,True,True
19976,04ffff001d02c80c,3272,True,True,True
19978,04ffff001d010b,11,True,True,True
19979,04ffff001d010e,14,True,True,True
19980,04ffff001d0117,23,True,True,True
19983,04ffff001d0125,37,True,True,True
19985,04ffff001d012d,45,True,True,True
19986,04ffff001d0137,55,True,True,True
19988,04ffff001d013b,59,True,True,True
19989,04ffff001d013c,60,True,True,True
19990,04ffff001d013d,61,True,True,True
19991,04ffff001d013f,63,True,True,True
19992,04ffff001d0148,72,True,True,True
19993,04ffff001d0149,73,True,True,True
19994,04ffff001d0153,83,True,True,True
19995,04ffff001d0160,96,True,True,True
19996,04ffff001d0163,99,True,True,True
19997,04ffff001d0167,103,True,True,True
19999,04ffff001d0168,104,True,True,True
20000,04ffff001d016b,107,True,True,True
20004,04ffff001d016c,108,True,True,True
20008,04ffff001d0101,1,True,True,True
20009,04ffff001d0112,18,True,True,True
20010,04ffff001d011a,26,True,True,True
20011,04ffff001d011d,29,True,True,True
20012,04ffff001d012a,42,True,True,True
20013,04ffff001d012c,44,True,True,True
20014,04ffff001d0143,67,True,True,True
20015,04ffff001d0148,72,True,True,True
20016,04ffff001d014b,75,True,True,True
20017,04ffff001d014e,78,True,True,True
20018,04ffff001d0152,82,True,True,True
20020,04ffff001d0154,84,True,True,True
20021,04ffff001d0163,99,True,True,True
20022,04ffff001d0164,100,True,True,True
20023,04ffff001d016a,106,True,True,True
20026,04ffff001d016e,110,True,True,True
20027,04ffff001d016f,111,True,True,True
20028,04ffff001d028700,135,True,True,True
20030,04ffff001d029300,147,True,True,True
20032,04ffff001d029400,148,True,True,True
20033,04ffff001d029a00,154,True,True,True
20034,04ffff001d02a000,160,True,True,True
20035,04ffff001d02ac00,172,True,True,True
20037,04ffff001d02bb00,187,True,True,True
20038,04ffff001d02bc00,188,True,True,True
20039,04ffff001d02c100,193,True,True,True
20040,04ffff001d02c800,200,True,True,True
20041,04ffff001d02da00,218,True,True,True
20043,04ffff001d02db00,219,True,True,True
20044,04ffff001d02dc00,220,True,True,True
20045,04ffff001d02df00,223,True,True,True
20047,04ffff001d02ea00,234,True,True,True
20048,04ffff001d02f900,249,True,True,True
20051,04ffff001d020601,262,True,True,True
20052,04ffff001d020b01,267,True,True,True
20053,04ffff001d020e01,270,True,True,True
20054,04ffff001d021401,276,True,True,True
20057,04ffff001d021e01,286,True,True,True
20058,04ffff001d022001,288,True,True,True
20059,04ffff001d022b01,299,True,True,True
20060,04ffff001d022f01,303,True,True,True
20061,04ffff001d023201,306,True,True,True
20062,04ffff001d024601,326,True,True,True
20063,04ffff001d024f01,335,True,True,True
20065,04ffff001d026001,352,True,True,True
20066,04ffff001d026d01,365,True,True,True
20068,04ffff001d027d01,381,True,True,True
20071,04ffff001d028f01,399,True,True,True
20073,04ffff001d029501,405,True,True,True
20074,04ffff001d02a001,416,True,True,True
20075,04ffff001d02a501,421,True,True,True
20078,04ffff001d02a901,425,True,True,True
20081,04ffff001d02ab01,427,True,True,True
20083,04ffff001d02b301,435,True,True,True
20087,04ffff001d02bd01,445,True,True,True
20089,04ffff001d02c301,451,True,True,True
20091,04ffff001d02c401,452,True,True,True
20092,04ffff001d02cc01,460,True,True,True
20093,04ffff001d02e101,481,True,True,True
20094,04ffff001d02e801,488,True,True,True
20096,04ffff001d02ee01,494,True,True,True
20097,04ffff001d02f601,502,True,True,True
20098,04ffff001d020202,514,True,True,True
20099,04ffff001d020e02,526,True,True,True
20101,04ffff001d021002,528,True,True,True
20102,04ffff001d021b02,539,True,True,True
20103,04ffff001d022202,546,True,True,True
20104,04ffff001d022502,549,True,True,True
20106,04ffff001d022a02,554,True,True,True
20107,04ffff001d022f02,559,True,True,True
20108,04ffff001d023302,563,True,True,True
20109,04ffff001d023402,564,True,True,True
20110,04ffff001d023902,569,True,True,True
20111,04ffff001d024b02,587,True,True,True
20112,04ffff001d025602,598,True,True,True
20114,04ffff001d025a02,602,True,True,True
20117,04ffff001d025c02,604,True,True,True
20118,04ffff001d026202,610,True,True,True
20119,04ffff001d026702,615,True,True,True
20121,04ffff001d026902,617,True,True,True
20124,04ffff001d027d02,637,True,True,True
20125,04ffff001d028502,645,True,True,True
20127,04ffff001d028802,648,True,True,True
20128,04ffff001d028902,649,True,True,True
20129,04ffff001d029102,657,True,True,True
20130,04ffff001d029602,662,True,True,True
20131,04ffff001d029a02,666,True,True,True
20133,04ffff001d02ac02,684,True,True,True
20134,04ffff001d02ad02,685,True,True,True
20135,04ffff001d02ae02,686,True,True,True
20136,04ffff001d02b402,692,True,True,True
20138,04ffff001d02b802,696,True,True,True
20139,04ffff001d02b902,697,True,True,True
20141,04ffff001d02be02,702,True,True,True
20143,04ffff001d02c702,711,True,True,True
20144,04ffff001d02cd02,717,True,True,True
20145,04ffff001d02d902,729,True,True,True
20146,04ffff001d02db02,731,True,True,True
20147,04ffff001d02dc02,732,True,True,True
20148,04ffff001d02dd02,733,True,True,True
20150,04ffff001d02e602,742,True,True,True
20151,04ffff001d02e902,745,True,True,True
20152,04ffff001d02ea02,746,True,True,True
20153,04ffff001d02ef02,751,True,True,True
20155,04ffff001d02f402,756,True,True,True
20156,04ffff001d02f702,759,True,True,True
20157,04ffff001d020603,774,True,True,True
20161,04ffff001d020b03,779,True,True,True
20162,04ffff001d022d03,813,True,True,True
20164,04ffff001d022e03,814,True,True,True
20165,04ffff001d023903,825,True,True,True
20166,04ffff001d024a03,842,True,True,True
20167,04ffff001d025903,857,True,True,True
20168,04ffff001d026103,865,True,True,True
20169,04ffff001d026803,872,True,True,True
20171,04ffff001d026e03,878,True,True,True
20173,04ffff001d027903,889,True,True,True
20174,04ffff001d027b03,891,True,True,True
20176,04ffff001d027d03,893,True,True,True
20177,04ffff001d028903,905,True,True,True
20179,04ffff001d028d03,909,True,True,True
20180,04ffff001d028e03,910,True,True,True
20181,04ffff001d029d03,925,True,True,True
20182,04ffff001d02ab03,939,True,True,True
20183,04ffff001d02b503,949,True,True,True
20184,04ffff001d02b703,951,True,True,True
20185,04ffff001d02cc03,972,True,True,True
20186,04ffff001d02d603,982,True,True,True
20211,04ffff001d02ff03,1023,True,True,True
20212,04ffff001d020004,1024,True,True,True
20213,04ffff001d020404,1028,True,True,True
20214,04ffff001d020c04,1036,True,True,True
20216,04ffff001d020f04,1039,True,True,True
20217,04ffff001d021104,1041,True,True,True
20218,04ffff001d021204,1042,True,True,True
20219,04ffff001d021b04,1051,True,True,True
20220,04ffff001d022304,1059,True,True,True
20221,04ffff001d022804,1064,True,True,True
20222,04ffff001d022904,1065,True,True,True
20223,04ffff001d022b04,1067,True,True,True
20224,04ffff001d023a04,1082,True,True,True
20226,04ffff001d024404,1092,True,True,True
20229,04ffff001d025604,1110,True,True,True
20230,04ffff001d025904,1113,True,True,True
20231,04ffff001d025b04,1115,True,True,True
20232,04ffff001d025d04,1117,True,True,True
20233,04ffff001d026a04,1130,True,True,True
20234,04ffff001d027104,1137,True,True,True
20235,04ffff001d027704,1143,True,True,True
20237,04ffff001d028104,1153,True,True,True
20238,04ffff001d028404,1156,True,True,True
20239,04ffff001d028604,1158,True,True,True
20240,04ffff001d028c04,1164,True,True,True
20241,04ffff001d028e04,1166,True,True,True
20242,04ffff001d029c04,1180,True,True,True
20243,04ffff001d029f04,1183,True,True,True
20248,04ffff001d02c604,1222,True,True,True
20251,04ffff001d02cd04,1229,True,True,True
20252,04ffff001d02d104,1233,True,True,True
20253,04ffff001d02d204,1234,True,True,True
20254,04ffff001d02d404,1236,True,True,True
20256,04ffff001d02d904,1241,True,True,True
20257,04ffff001d02db04,1243,True,True,True
20258,04ffff001d02de04,1246,True,True,True
20259,04ffff001d02df04,1247,True,True,True
20261,04ffff001d02ef04,1263,True,True,True
20262,04ffff001d02f304,1267,True,True,True
20263,04ffff001d02fd04,1277,True,True,True
20264,04ffff001d020005,1280,True,True,True
20265,04ffff001d020305,1283,True,True,True
20266,04ffff001d020905,1289,True,True,True
20267,04ffff001d020c05,1292,True,True,True
20268,04ffff001d020d05,1293,True,True,True
20270,04ffff001d020e05,1294,True,True,True
20271,04ffff001d021705,1303,True,True,True
20273,04ffff001d021d05,1309,True,True,True
20274,04ffff001d021e05,1310,True,True,True
20275,04ffff001d022d05,1325,True,True,True
20276,04ffff001d022f05,1327,True,True,True
20277,04ffff001d023805,1336,True,True,True
20279,04ffff001d023905,1337,True,True,True
20281,04ffff001d023d05,1341,True,True,True
20282,04ffff001d023f05,1343,True,True,True
20283,04ffff001d024905,1353,True,True,True
20284,04ffff001d024e05,1358,True,True,True
20286,04ffff001d026905,1385,True,True,True
20287,04ffff001d026b05,1387,True,True,True
20289,04ffff001d027205,1394,True,True,True
20290,04ffff001d027505,1397,True,True,True
20291,04ffff001d027d05,1405,True,True,True
20292,04ffff001d029505,1429,True,True,True
20295,04ffff001d029705,1431,True,True,True
20297,04ffff001d029a05,1434,True,True,True
20298,04ffff001d02a805,1448,True,True,True
20312,04ffff001d02e005,1504,True,True,True
20313,04ffff001d02e605,1510,True,True,True
20314,04ffff001d02e905,1513,True,True,True
20315,04ffff001d02f105,1521,True,True,True
20317,04ffff001d02f305,1523,True,True,True
20318,04ffff001d02f705,1527,True,True,True
20319,04ffff001d02fd05,1533,True,True,True
20321,04ffff001d020006,1536,True,True,True
20322,04ffff001d020106,1537,True,True,True
20323,04ffff001d020306,1539,True,True,True
20340,04ffff001d020806,1544,True,True,True
20341,04ffff001d020906,1545,True,True,True
20342,04ffff001d020c06,1548,True,True,True
20442,04ffff001d0101,1,True,True,True
20444,04ffff001d0107,7,True,True,True
20445,04ffff001d0109,9,True,True,True
20446,04ffff001d0110,16,True,True,True
20449,04ffff001d0114,20,True,True,True
20451,04ffff001d0133,51,True,True,True
20453,04ffff001d0134,52,True,True,True
20454,04ffff001d0142,66,True,True,True
20455,04ffff001d0146,70,True,True,True
20456,04ffff001d014b,75,True,True,True
20457,04ffff001d014c,76,True,True,True
20459,04ffff001d0151,81,True,True,True
20460,04ffff001d0152,82,True,True,True
20462,04ffff001d0155,85,True,True,True
20463,04ffff001d015e,94,True,True,True
20465,04ffff001d016d,109,True,True,True
20467,04ffff001d016f,111,True,True,True
20469,04ffff001d0172,114,True,True,True
20471,04ffff001d028600,134,True,True,True
20472,04ffff001d029000,144,True,True,True
20473,04ffff001d029700,151,True,True,True
20475,04ffff001d02a100,161,True,True,True
20476,04ffff001d02a400,164,True,True,True
20477,04ffff001d02a600,166,True,True,True
20478,04ffff001d02a800,168,True,True,True
20480,04ffff001d02aa00,170,True,True,True
20482,04ffff001d02bb00,187,True,True,True
20485,04ffff001d02ce00,206,True,True,True
20486,04ffff001d02de00,222,True,True,True
20487,04ffff001d02e200,226,True,True,True
20488,04ffff001d02e600,230,True,True,True
20489,04ffff001d02e900,233,True,True,True
20490,04ffff001d02eb00,235,True,True,True
20492,04ffff001d02fb00,251,True,True,True
20494,04ffff001d021001,272,True,True,True
20495,04ffff001d021201,274,True,True,True
20496,04ffff001d021801,280,True,True,True
20497,04ffff001d021f01,287,True,True,True
20498,04ffff001d022301,291,True,True,True
20499,04ffff001d022a01,298,True,True,True
20500,04ffff001d022b01,299,True,True,True
20501,04ffff001d022c01,300,True,True,True
20506,04ffff001d022d01,301,True,True,True
20509,04ffff001d023c01,316,True,True,True
20510,04ffff001d023f01,319,True,True,True
20511,04ffff001d024101,321,True,True,True
20513,04ffff001d024401,324,True,True,True
20515,04ffff001d024f01,335,True,True,True
20516,04ffff001d025201,338,True,True,True
20517,04ffff001d025c01,348,True,True,True
20520,04ffff001d026e01,366,True,True,True
20521,04ffff001d027201,370,True,True,True
20527,04ffff001d027701,375,True,True,True
20528,04ffff001d027801,376,True,True,True
20529,04ffff001d028c01,396,True,True,True
20530,04ffff001d028e01,398,True,True,True
20531,04ffff001d029d01,413,True,True,True
20532,04ffff001d02a001,416,True,True,True
20533,04ffff001d02a201,418,True,True,True
20534,04ffff001d02a901,425,True,True,True
20536,04ffff001d02b401,436,True,True,True
20537,04ffff001d02b501,437,True,True,True
20538,04ffff001d02bc01,444,True,True,True
20542,04ffff001d02c601,454,True,True,True
20544,04ffff001d02ce01,462,True,True,True
20545,04ffff001d02d001,464,True,True,True
20546,04ffff001d02e801,488,True,True,True
20547,04ffff001d02ea01,490,True,True,True
20550,04ffff001d020602,518,True,True,True
20551,04ffff001d020e02,526,True,True,True
20552,04ffff001d021102,529,True,True,True
20554,04ffff001d021b02,539,True,True,True
20555,04ffff001d022002,544,True,True,True
20556,04ffff001d023902,569,True,True,True
20559,04ffff001d024202,578,True,True,True
20560,04ffff001d024b02,587,True,True,True
20561,04ffff001d024c02,588,True,True,True
20562,04ffff001d024d02,589,True,True,True
20563,04ffff001d025702,599,True,True,True
20564,04ffff001d025e02,606,True,True,True
20566,04ffff001d025f02,607,True,True,True
20568,04ffff001d026102,609,True,True,True
20569,04ffff001d026f02,623,True,True,True
20571,04ffff001d027102,625,True,True,True
20573,04ffff001d027302,627,True,True,True
20574,04ffff001d028202,642,True,True,True
20576,04ffff001d028402,644,True,True,True
20577,04ffff001d028802,648,True,True,True
20579,04ffff001d028e02,654,True,True,True
20580,04ffff001d02b402,692,True,True,True
20581,04ffff001d02cb02,715,True,True,True
20584,04ffff001d02d902,729,True,True,True
20585,04ffff001d02ef02,751,True,True,True
20586,04ffff001d020003,768,True,True,True
20587,04ffff001d020603,774,True,True,True
20590,04ffff001d020703,775,True,True,True
20591,04ffff001d020e03,782,True,True,True
20593,04ffff001d021403,788,True,True,True
20594,04ffff001d022c03,812,True,True,True
20598,04ffff001d022e03,814,True,True,True
20600,04ffff001d023303,819,True,True,True
20601,04ffff001d024103,833,True,True,True
20604,04ffff001d024a03,842,True,True,True
20606,04ffff001d025903,857,True,True,True
20608,04ffff001d026403,868,True,True,True
20613,04ffff001d026603,870,True,True,True
20615,04ffff001d026a03,874,True,True,True
20617,04ffff001d027a03,890,True,True,True
20618,04ffff001d028503,901,True,True,True
20619,04ffff001d028703,903,True,True,True
20620,04ffff001d028c03,908,True,True,True
20621,04ffff001d02a203,930,True,True,True
20622,04ffff001d02b203,946,True,True,True
20623,04ffff001d02b403,948,True,True,True
20627,04ffff001d02b903,953,True,True,True
20628,04ffff001d02bb03,955,True,True,True
20630,04ffff001d02c003,960,True,True,True
20631,04ffff001d02c103,961,True,True,True
20633,04ffff001d02c203,962,True,True,True
20634,04ffff001d02c403,964,True,True,True
20635,04ffff001d02cb03,971,True,True,True
20637,04ffff001d02ce03,974,True,True,True
20639,04ffff001d02d103,977,True,True,True
20640,04ffff001d02ea03,1002,True,True,True
20641,04ffff001d02ec03,1004,True,True,True
20643,04ffff001d02f303,1011,True,True,True
20644,04ffff001d02f703,1015,True,True,True
20646,04ffff001d02f903,1017,True,True,True
20648,04ffff001d02fa03,1018,True,True,True
20649,04ffff001d020904,1033,True,True,True
20651,04ffff001d020a04,1034,True,True,True
20652,04ffff001d020b04,1035,True,True,True
20654,04ffff001d021704,1047,True,True,True
20655,04ffff001d021904,1049,True,True,True
20657,04ffff001d022504,1061,True,True,True
20658,04ffff001d022c04,1068,True,True,True
20660,04ffff001d024604,1094,True,True,True
20661,04ffff001d024704,1095,True,True,True
20662,04ffff001d024b04,1099,True,True,True
20664,04ffff001d024f04,1103,True,True,True
20666,04ffff001d025a04,1114,True,True,True
20670,04ffff001d026404,1124,True,True,True
20672,04ffff001d026604,1126,True,True,True
20674,04ffff001d026b04,1131,True,True,True
20675,04ffff001d026c04,1132,True,True,True
20677,04ffff001d027804,1144,True,True,True
20679,04ffff001d027904,1145,True,True,True
20680,04ffff001d027b04,1147,True,True,True
20681,04ffff001d028f04,1167,True,True,True
20684,04ffff001d029504,1173,True,True,True
20685,04ffff001d029b04,1179,True,True,True
20687,04ffff001d029d04,1181,True,True,True
20688,04ffff001d029e04,1182,True,True,True
20689,04ffff001d02aa04,1194,True,True,True
20690,04ffff001d02ba04,1210,True,True,True
20691,04ffff001d02bf04,1215,True,True,True
20692,04ffff001d02d204,1234,True,True,True
20693,04ffff001d02df04,1247,True,True,True
20694,04ffff001d02f104,1265,True,True,True
20695,04ffff001d02fb04,1275,True,True,True
20697,04ffff001d02fc04,1276,True,True,True
20699,04ffff001d020005,1280,True,True,True
20700,04ffff001d020205,1282,True,True,True
20702,04ffff001d020605,1286,True,True,True
20703,04ffff001d020c05,1292,True,True,True
20705,04ffff001d021205,1298,True,True,True
20706,04ffff001d021705,1303,True,True,True
20707,04ffff001d021805,1304,True,True,True
20708,04ffff001d021905,1305,True,True,True
20709,04ffff001d021b05,1307,True,True,True
20710,04ffff001d022405,1316,True,True,True
20711,04ffff001d022f05,1327,True,True,True
20713,04ffff001d023405,1332,True,True,True
20714,04ffff001d023a05,1338,True,True,True
20715,04ffff001d024305,1347,True,True,True
20718,04ffff001d024405,1348,True,True,True
20719,04ffff001d024a05,1354,True,True,True
20720,04ffff001d024e05,1358,True,True,True
20723,04ffff001d025305,1363,True,True,True
20725,04ffff001d025b05,1371,True,True,True
20726,04ffff001d026105,1377,True,True,True
20731,04ffff001d026505,1381,True,True,True
20732,04ffff001d026905,1385,True,True,True
20733,04ffff001d027805,1400,True,True,True
20734,04ffff001d027905,1401,True,True,True
20739,04ffff001d028105,1409,True,True,True
20740,04ffff001d028505,1413,True,True,True
20742,04ffff001d029405,1428,True,True,True
20744,04ffff001d029605,1430,True,True,True
20745,04ffff001d02b305,1459,True,True,True
20746,04ffff001d02bb05,1467,True,True,True
20748,04ffff001d02c205,1474,True,True,True
20750,04ffff001d02c505,1477,True,True,True
20753,04ffff001d02c605,1478,True,True,True
20755,04ffff001d02c905,1481,True,True,True
20756,04ffff001d02cd05,1485,True,True,True
20757,04ffff001d02ce05,1486,True,True,True
20758,04ffff001d02d205,1490,True,True,True
20759,04ffff001d02d505,1493,True,True,True
20760,04ffff001d02dc05,1500,True,True,True
20761,04ffff001d02e005,1504,True,True,True
20762,04ffff001d020606,1542,True,True,True
20764,04ffff001d020d06,1549,True,True,True
20765,04ffff001d021106,1553,True,True,True
20767,04ffff001d021406,1556,True,True,True
20771,04ffff001d021706,1559,True,True,True
20772,04ffff001d021f06,1567,True,True,True
20773,04ffff001d022306,1571,True,True,True
20777,04ffff001d022a06,1578,True,True,True
20778,04ffff001d023c06,1596,True,True,True
20779,04ffff001d023e06,1598,True,True,True
20782,04ffff001d024206,1602,True,True,True
20783,04ffff001d024b06,1611,True,True,True
20784,04ffff001d025306,1619,True,True,True
20786,04ffff001d025806,1624,True,True,True
20788,04ffff001d026f06,1647,True,True,True
20789,04ffff001d027306,1651,True,True,True
20791,04ffff001d028006,1664,True,True,True
20793,04ffff001d028306,1667,True,True,True
20794,04ffff001d029506,1685,True,True,True
20795,04ffff001d02ad06,1709,True,True,True
20796,04ffff001d02b406,1716,True,True,True
20797,04ffff001d02bd06,1725,True,True,True
20798,04ffff001d02c106,1729,True,True,True
20801,04ffff001d02d006,1744,True,True,True
20802,04ffff001d02d606,1750,True,True,True
20803,04ffff001d02d806,1752,True,True,True
20804,04ffff001d02d906,1753,True,True,True
20806,04ffff001d02da06,1754,True,True,True
20808,04ffff001d02e106,1761,True,True,True
20810,04ffff001d02ef06,1775,True,True,True
20814,04ffff001d02f306,1779,True,True,True
20815,04ffff001d02fe06,1790,True,True,True
20817,04ffff001d020b07,1803,True,True,True
20818,04ffff001d020e07,1806,True,True,True
20819,04ffff001d022007,1824,True,True,True
20820,04ffff001d022207,1826,True,True,True
20821,04ffff001d022b07,1835,True,True,True
20824,04ffff001d022d07,1837,True,True,True
20826,04ffff001d023007,1840,True,True,True
20827,04ffff001d023407,1844,True,True,True
20828,04ffff001d023707,1847,True,True,True
20829,04ffff001d024207,1858,True,True,True
20832,04ffff001d024907,1865,True,True,True
20833,04ffff001d025607,1878,True,True,True
20835,04ffff001d025e07,1886,True,True,True
20837,04ffff001d026507,1893,True,True,True
20840,04ffff001d026a07,1898,True,True,True
20841,04ffff001d027207,1906,True,True,True
20843,04ffff001d027407,1908,True,True,True
20844,04ffff001d027807,1912,True,True,True
20847,04ffff001d027d07,1917,True,True,True
20849,04ffff001d028107,1921,True,True,True
20850,04ffff001d028207,1922,True,True,True
20852,04ffff001d028807,1928,True,True,True
20853,04ffff001d028f07,1935,True,True,True
20854,04ffff001d029007,1936,True,True,True
20856,04ffff001d029707,1943,True,True,True
20857,04ffff001d029807,1944,True,True,True
20858,04ffff001d02a207,1954,True,True,True
20860,04ffff001d02ab07,1963,True,True,True
20861,04ffff001d02c007,1984,True,True,True
20863,04ffff001d02c407,1988,True,True,True
20864,04ffff001d02cb07,1995,True,True,True
20865,04ffff001d02dd07,2013,True,True,True
20866,04ffff001d02e207,2018,True,True,True
20867,04ffff001d02e607,2022,True,True,True
20869,04ffff001d02e807,2024,True,True,True
20870,04ffff001d02eb07,2027,True,True,True
20872,04ffff001d02f307,2035,True,True,True
20873,04ffff001d02f407,2036,True,True,True
20874,04ffff001d02f707,2039,True,True,True
20877,04ffff001d02fb07,2043,True,True,True
20880,04ffff001d02fd07,2045,True,True,True
20881,04ffff001d02ff07,2047,True,True,True
20884,04ffff001d020008,2048,True,True,True
20885,04ffff001d020208,2050,True,True,True
20887,04ffff001d020708,2055,True,True,True
20889,04ffff001d020a08,2058,True,True,True
20892,04ffff001d020c08,2060,True,True,True
20893,04ffff001d021008,2064,True,True,True
20894,04ffff001d022308,2083,True,True,True
20897,04ffff001d022608,2086,True,True,True
20898,04ffff001d023e08,2110,True,True,True
20899,04ffff001d024a08,2122,True,True,True
20901,04ffff001d025a08,2138,True,True,True
20902,04ffff001d025f08,2143,True,True,True
20904,04ffff001d026108,2145,True,True,True
20907,04ffff001d026408,2148,True,True,True
20908,04ffff001d026708,2151,True,True,True
20912,04ffff001d026e08,2158,True,True,True
20913,04ffff001d027208,2162,True,True,True
20914,04ffff001d027708,2167,True,True,True
20915,04ffff001d028608,2182,True,True,True
20918,04ffff001d028b08,2187,True,True,True
20919,04ffff001d028f08,2191,True,True,True
20923,04ffff001d029c08,2204,True,True,True
20924,04ffff001d029e08,2206,True,True,True
20926,04ffff001d02a508,2213,True,True,True
20928,04ffff001d02aa08,2218,True,True,True
20929,04ffff001d02ac08,2220,True,True,True
20930,04ffff001d02ae08,2222,True,True,True
20932,04ffff001d02b308,2227,True,True,True
20934,04ffff001d02bb08,2235,True,True,True
20936,04ffff001d02c508,2245,True,True,True
20939,04ffff001d02c708,2247,True,True,True
20940,04ffff001d02c808,2248,True,True,True
20942,04ffff001d02d708,2263,True,True,True
20945,04ffff001d02e008,2272,True,True,True
20947,04ffff001d02e108,2273,True,True,True
20949,04ffff001d02e708,2279,True,True,True
20951,04ffff001d02eb08,2283,True,True,True
20952,04ffff001d02ef08,2287,True,True,True
20953,04ffff001d02f508,2293,True,True,True
20955,04ffff001d02f608,2294,True,True,True
20956,04ffff001d02f708,2295,True,True,True
20957,04ffff001d02fa08,2298,True,True,True
20958,04ffff001d021109,2321,True,True,True
20959,04ffff001d021509,2325,True,True,True
20960,04ffff001d022009,2336,True,True,True
20961,04ffff001d022109,2337,True,True,True
20963,04ffff001d022509,2341,True,True,True
20965,04ffff001d023809,2360,True,True,True
20966,04ffff001d023909,2361,True,True,True
20969,04ffff001d024209,2370,True,True,True
20970,04ffff001d024909,2377,True,True,True
20971,04ffff001d024c09,2380,True,True,True
20972,04ffff001d025509,2389,True,True,True
20973,04ffff001d025809,2392,True,True,True
20974,04ffff001d025d09,2397,True,True,True
20975,04ffff001d026109,2401,True,True,True
20976,04ffff001d026609,2406,True,True,True
20977,04ffff001d026b09,2411,True,True,True
20979,04ffff001d027909,2425,True,True,True
20980,04ffff001d028009,2432,True,True,True
20982,04ffff001d028209,2434,True,True,True
20985,04ffff001d028309,2435,True,True,True
20986,04ffff001d028a09,2442,True,True,True
20988,04ffff001d029709,2455,True,True,True
20989,04ffff001d029d09,2461,True,True,True
20990,04ffff001d02a009,2464,True,True,True
20991,04ffff001d02a709,2471,True,True,True
20993,04ffff001d02b209,2482,True,True,True
20994,04ffff001d02b709,2487,True,True,True
20995,04ffff001d02d009,2512,True,True,True
20996,04ffff001d02d109,2513,True,True,True
20997,04ffff001d02d709,2519,True,True,True
20998,04ffff001d02dc09,2524,True,True,True
21000,04ffff001d02de09,2526,True,True,True
21001,04ffff001d02e309,2531,True,True,True
21003,04ffff001d02e509,2533,True,True,True
21004,04ffff001d02ed09,2541,True,True,True
21006,04ffff001d02f009,2544,True,True,True
21007,04ffff001d02f609,2550,True,True,True
21009,04ffff001d02f709,2551,True,True,True
21010,04ffff001d02f809,2552,True,True,True
21012,04ffff001d02f909,2553,True,True,True
21014,04ffff001d02ff09,2559,True,True,True
21015,04ffff001d02140a,2580,True,True,True
21016,04ffff001d02190a,2585,True,True,True
21017,04ffff001d021f0a,2591,True,True,True
21018,04ffff001d02220a,2594,True,True,True
21020,04ffff001d022d0a,2605,True,True,True
21021,04ffff001d02310a,2609,True,True,True
21022,04ffff001d02320a,2610,True,True,True
21023,04ffff001d02390a,2617,True,True,True
21024,04ffff001d023a0a,2618,True,True,True
21026,04ffff001d023f0a,2623,True,True,True
21027,04ffff001d02500a,2640,True,True,True
21028,04ffff001d02550a,2645,True,True,True
21030,04ffff001d02640a,2660,True,True,True
21031,04ffff001d02770a,2679,True,True,True
21032,04ffff001d02800a,2688,True,True,True
21033,04ffff001d02830a,2691,True,True,True
21034,04ffff001d02870a,2695,True,True,True
21035,04ffff001d02880a,2696,True,True,True
21038,04ffff001d028b0a,2699,True,True,True
21039,04ffff001d02930a,2707,True,True,True
21040,04ffff001d02940a,2708,True,True,True
21042,04ffff001d02970a,2711,True,True,True
21043,04ffff001d02a50a,2725,True,True,True
21044,04ffff001d02b20a,2738,True,True,True
21046,04ffff001d02b40a,2740,True,True,True
21047,04ffff001d02b90a,2745,True,True,True
21049,04ffff001d02cd0a,2765,True,True,True
21050,04ffff001d02d50a,2773,True,True,True
21051,04ffff001d02d60a,2774,True,True,True
21052,04ffff001d02e20a,2786,True,True,True
21054,04ffff001d02e40a,2788,True,True,True
21055,04ffff001d02ec0a,2796,True,True,True
21056,04ffff001d02f20a,2802,True,True,True
21058,04ffff001d02f80a,2808,True,True,True
21060,04ffff001d02fd0a,2813,True,True,True
21061,04ffff001d02060b,2822,True,True,True
21062,04ffff001d020d0b,2829,True,True,True
21064,04ffff001d02190b,2841,True,True,True
21065,04ffff001d021b0b,2843,True,True,True
21066,04ffff001d02200b,2848,True,True,True
21067,04ffff001d02220b,2850,True,True,True
21068,04ffff001d02230b,2851,True,True,True
21069,04ffff001d02250b,2853,True,True,True
21070,04ffff001d02390b,2873,True,True,True
21071,04ffff001d023b0b,2875,True,True,True
21072,04ffff001d023e0b,2878,True,True,True
21073,04ffff001d02410b,2881,True,True,True
21074,04ffff001d02450b,2885,True,True,True
21076,04ffff001d02490b,2889,True,True,True
21077,04ffff001d02500b,2896,True,True,True
21079,04ffff001d025a0b,2906,True,True,True
21080,04ffff001d02600b,2912,True,True,True
21082,04ffff001d02630b,2915,True,True,True
21083,04ffff001d02640b,2916,True,True,True
21084,04ffff001d026b0b,2923,True,True,True
21087,04ffff001d02890b,2953,True,True,True
21088,04ffff001d02920b,2962,True,True,True
21089,04ffff001d029c0b,2972,True,True,True
21090,04ffff001d02a90b,2985,True,True,True
21092,04ffff001d02b30b,2995,True,True,True
21094,04ffff001d02b90b,3001,True,True,True
21095,04ffff001d02bd0b,3005,True,True,True
21097,04ffff001d02bf0b,3007,True,True,True
21098,04ffff001d02cd0b,3021,True,True,True
21099,04ffff001d02d30b,3027,True,True,True
21101,04ffff001d02d70b,3031,True,True,True
21102,04ffff001d02dc0b,3036,True,True,True
21103,04ffff001d02dd0b,3037,True,True,True
21104,04ffff001d02e30b,3043,True,True,True
21105,04ffff001d02ef0b,3055,True,True,True
21106,04ffff001d02f00b,3056,True,True,True
21108,04ffff001d02f70b,3063,True,True,True
21109,04ffff001d02f80b,3064,True,True,True
21110,04ffff001d02090c,3081,True,True,True
21111,04ffff001d02160c,3094,True,True,True
21113,04ffff001d02190c,3097,True,True,True
21115,04ffff001d021d0c,3101,True,True,True
21117,04ffff001d02290c,3113,True,True,True
21119,04ffff001d022d0c,3117,True,True,True
21120,04ffff001d022f0c,3119,True,True,True
21122,04ffff001d02360c,3126,True,True,True
21123,04ffff001d02420c,3138,True,True,True
21124,04ffff001d025d0c,3165,True,True,True
21125,04ffff001d026d0c,3181,True,True,True
21126,04ffff001d02810c,3201,True,True,True
21127,04ffff001d02890c,3209,True,True,True
21128,04ffff001d02950c,3221,True,True,True
21130,04ffff001d02a30c,3235,True,True,True
21131,04ffff001d02af0c,3247,True,True,True
21132,04ffff001d02ba0c,3258,True,True,True
21133,04ffff001d02c60c,3270,True,True,True
21134,04ffff001d0102,2,True,True,True
21135,04ffff001d0105,5,True,True,True
21136,04ffff001d0106,6,True,True,True
21137,04ffff001d0109,9,True,True,True
21138,04ffff001d0112,18,True,True,True
21139,04ffff001d0115,21,True,True,True
21140,04ffff001d0117,23,True,True,True
21141,04ffff001d012c,44,True,True,True
21142,04ffff001d0145,69,True,True,True
21143,04ffff001d014c,76,True,True,True
21144,04ffff001d014f,79,True,True,True
21146,04ffff001d0150,80,True,True,True
21148,04ffff001d0158,88,True,True,True
21149,04ffff001d015b,91,True,True,True
21150,04ffff001d015c,92,True,True,True
21151,04ffff001d015f,95,True,True,True
21152,04ffff001d0161,97,True,True,True
21153,04ffff001d0165,101,True,True,True
21155,04ffff001d0170,112,True,True,True
21156,04ffff001d0172,114,True,True,True
21157,04ffff001d0173,115,True,True,True
21158,04ffff001d0176,118,True,True,True
21160,04ffff001d0178,120,True,True,True
21161,04ffff001d0179,121,True,True,True
21162,04ffff001d028300,131,True,True,True
21163,04ffff001d029400,148,True,True,True
21164,04ffff001d029700,151,True,True,True
21166,04ffff001d02a400,164,True,True,True
21167,04ffff001d02aa00,170,True,True,True
21168,04ffff001d02ac00,172,True,True,True
21171,04ffff001d02b300,179,True,True,True
21172,04ffff001d02bc00,188,True,True,True
21176,04ffff001d02ca00,202,True,True,True
21177,04ffff001d02d100,209,True,True,True
21178,04ffff001d02d800,216,True,True,True
21179,04ffff001d02e100,225,True,True,True
21181,04ffff001d02f900,249,True,True,True
21182,04ffff001d020201,258,True,True,True
21183,04ffff001d020301,259,True,True,True
21185,04ffff001d021501,277,True,True,True
21186,04ffff001d021601,278,True,True,True
21191,04ffff001d021e01,286,True,True,True
21193,04ffff001d022401,292,True,True,True
21195,04ffff001d022601,294,True,True,True
21197,04ffff001d023f01,319,True,True,True
21198,04ffff001d024101,321,True,True,True
21200,04ffff001d024201,322,True,True,True
21201,04ffff001d024a01,330,True,True,True
21202,04ffff001d024b01,331,True,True,True
21204,04ffff001d025101,337,True,True,True
21206,04ffff001d026101,353,True,True,True
21207,04ffff001d026b01,363,True,True,True
21208,04ffff001d026c01,364,True,True,True
21209,04ffff001d027c01,380,True,True,True
21211,04ffff001d027e01,382,True,True,True
21215,04ffff001d028a01,394,True,True,True
21216,04ffff001d028e01,398,True,True,True
21217,04ffff001d028f01,399,True,True,True
21218,04ffff001d029a01,410,True,True,True
21219,04ffff001d02a101,417,True,True,True
21220,04ffff001d02a501,421,True,True,True
21222,04ffff001d02b301,435,True,True,True
21223,04ffff001d02b601,438,True,True,True
21224,04ffff001d02b801,440,True,True,True
21225,04ffff001d02bd01,445,True,True,True
21227,04ffff001d02c701,455,True,True,True
21228,04ffff001d02de01,478,True,True,True
21229,04ffff001d02eb01,491,True,True,True
21230,04ffff001d02ed01,493,True,True,True
21231,04ffff001d02f001,496,True,True,True
21232,04ffff001d02fe01,510,True,True,True
21233,04ffff001d020302,515,True,True,True
21235,04ffff001d020702,519,True,True,True
21236,04ffff001d021502,533,True,True,True
21237,04ffff001d021802,536,True,True,True
21238,04ffff001d021c02,540,True,True,True
21239,04ffff001d022d02,557,True,True,True
21242,04ffff001d022e02,558,True,True,True
21243,04ffff001d023602,566,True,True,True
21244,04ffff001d023e02,574,True,True,True
21245,04ffff001d024802,584,True,True,True
21246,04ffff001d024b02,587,True,True,True
21248,04ffff001d025602,598,True,True,True
21250,04ffff001d025802,600,True,True,True
21251,04ffff001d026202,610,True,True,True
21252,04ffff001d026a02,618,True,True,True
21253,04ffff001d026b02,619,True,True,True
21256,04ffff001d027602,630,True,True,True
21257,04ffff001d028902,649,True,True,True
21258,04ffff001d028f02,655,True,True,True
21260,04ffff001d029502,661,True,True,True
21262,04ffff001d029802,664,True,True,True
21264,04ffff001d029c02,668,True,True,True
21265,04ffff001d02a002,672,True,True,True
21266,04ffff001d02b202,690,True,True,True
21267,04ffff001d02b602,694,True,True,True
21268,04ffff001d02b802,696,True,True,True
21269,04ffff001d02b902,697,True,True,True
21271,04ffff001d02c002,704,True,True,True
21272,04ffff001d02c202,706,True,True,True
21273,04ffff001d02c302,707,True,True,True
21274,04ffff001d02cc02,716,True,True,True
21275,04ffff001d02d402,724,True,True,True
21276,04ffff001d02dc02,732,True,True,True
21277,04ffff001d02e802,744,True,True,True
21279,04ffff001d02f402,756,True,True,True
21280,04ffff001d02fa02,762,True,True,True
21281,04ffff001d02fd02,765,True,True,True
21282,04ffff001d020003,768,True,True,True
21283,04ffff001d020203,770,True,True,True
21284,04ffff001d020403,772,True,True,True
21286,04ffff001d020f03,783,True,True,True
21287,04ffff001d021403,788,True,True,True
21288,04ffff001d021503,789,True,True,True
21289,04ffff001d022903,809,True,True,True
21290,04ffff001d022f03,815,True,True,True
21291,04ffff001d023003,816,True,True,True
21292,04ffff001d023303,819,True,True,True
21293,04ffff001d023b03,827,True,True,True
21295,04ffff001d024803,840,True,True,True
21296,04ffff001d025903,857,True,True,True
21297,04ffff001d025d03,861,True,True,True
21298,04ffff001d026803,872,True,True,True
21299,04ffff001d026b03,875,True,True,True
21300,04ffff001d027303,883,True,True,True
21301,04ffff001d027d03,893,True,True,True
21302,04ffff001d027e03,894,True,True,True
21304,04ffff001d028203,898,True,True,True
21305,04ffff001d029603,918,True,True,True
21307,04ffff001d029803,920,True,True,True
21308,04ffff001d02a003,928,True,True,True
21467,04ffff001d010d,13,True,True,True
21468,04ffff001d0112,18,True,True,True
21469,04ffff001d0117,23,True,True,True
21471,04ffff001d0119,25,True,True,True
21472,04ffff001d0120,32,True,True,True
21473,04ffff001d012e,46,True,True,True
21474,04ffff001d0136,54,True,True,True
21475,04ffff001d013b,59,True,True,True
21476,04ffff001d013d,61,True,True,True
21477,04ffff001d014d,77,True,True,True
21478,04ffff001d0150,80,True,True,True
21479,04ffff001d0159,89,True,True,True
21481,04ffff001d015f,95,True,True,True
21482,04ffff001d0162,98,True,True,True
21483,04ffff001d016d,109,True,True,True
21484,04ffff001d016e,110,True,True,True
21486,04ffff001d0171,113,True,True,True
21488,04ffff001d029100,145,True,True,True
21490,04ffff001d02a100,161,True,True,True
21491,04ffff001d02a600,166,True,True,True
21492,04ffff001d02c600,198,True,True,True
21493,04ffff001d02c700,199,True,True,True
21495,04ffff001d02d400,212,True,True,True
21496,04ffff001d02dc00,220,True,True,True
21497,04ffff001d02e100,225,True,True,True
21498,04ffff001d02e900,233,True,True,True
21499,04ffff001d02f900,249,True,True,True
21500,04ffff001d020401,260,True,True,True
21501,04ffff001d020501,261,True,True,True
21502,04ffff001d021101,273,True,True,True
21503,04ffff001d024001,320,True,True,True
21504,04ffff001d024301,323,True,True,True
21505,04ffff001d025101,337,True,True,True
21506,04ffff001d026301,355,True,True,True
21507,04ffff001d026a01,362,True,True,True
21508,04ffff001d028401,388,True,True,True
21510,04ffff001d029401,404,True,True,True
21511,04ffff001d02b801,440,True,True,True
21512,04ffff001d02da01,474,True,True,True
21513,04ffff001d02ec01,492,True,True,True
21514,04ffff001d02f801,504,True,True,True
21515,04ffff001d02fb01,507,True,True,True
21516,04ffff001d021b02,539,True,True,True
21517,04ffff001d021c02,540,True,True,True
21518,04ffff001d022b02,555,True,True,True
21519,04ffff001d023302,563,True,True,True
21521,04ffff001d024d02,589,True,True,True
21523,04ffff001d026a02,618,True,True,True
21525,04ffff001d027302,627,True,True,True
21526,04ffff001d027d02,637,True,True,True
21527,04ffff001d028302,643,True,True,True
21528,04ffff001d028e02,654,True,True,True
21529,04ffff001d028f02,655,True,True,True
21530,04ffff001d02aa02,682,True,True,True
21531,04ffff001d02ab02,683,True,True,True
21532,04ffff001d02ae02,686,True,True,True
21533,04ffff001d02af02,687,True,True,True
21534,04ffff001d02b302,691,True,True,True
21535,04ffff001d02c202,706,True,True,True
21536,04ffff001d02d702,727,True,True,True
21537,04ffff001d02da02,730,True,True,True
21538,04ffff001d02e702,743,True,True,True
21539,04ffff001d02fc02,764,True,True,True
21540,04ffff001d020003,768,True,True,True
21541,04ffff001d020303,771,True,True,True
21542,04ffff001d021403,788,True,True,True
21543,04ffff001d023f03,831,True,True,True
21544,04ffff001d024803,840,True,True,True
21546,04ffff001d025d03,861,True,True,True
21547,04ffff001d026b03,875,True,True,True
21548,04ffff001d027003,880,True,True,True
21549,04ffff001d027303,883,True,True,True
21550,04ffff001d029c03,924,True,True,True
21551,04ffff001d02a103,929,True,True,True
21552,04ffff001d02bc03,956,True,True,True
21553,04ffff001d02c103,961,True,True,True
21554,04ffff001d02c503,965,True,True,True
21557,04ffff001d02cb03,971,True,True,True
21558,04ffff001d02d503,981,True,True,True
21559,04ffff001d02dc03,988,True,True,True
21560,04ffff001d02e303,995,True,True,True
21561,04ffff001d02ef03,1007,True,True,True
21562,04ffff001d02fb03,1019,True,True,True
21563,04ffff001d020104,1025,True,True,True
21564,04ffff001d021a04,1050,True,True,True
21565,04ffff001d022504,1061,True,True,True
21566,04ffff001d025104,1105,True,True,True
21567,04ffff001d025304,1107,True,True,True
21568,04ffff001d025b04,1115,True,True,True
21569,04ffff001d026204,1122,True,True,True
21572,04ffff001d026c04,1132,True,True,True
21573,04ffff001d027b04,1147,True,True,True
21574,04ffff001d028c04,1164,True,True,True
21575,04ffff001d02a004,1184,True,True,True
21578,04ffff001d02b104,1201,True,True,True
21579,04ffff001d02c304,1219,True,True,True
21580,04ffff001d02cf04,1231,True,True,True
21598,04ffff001d021305,1299,True,True,True
21599,04ffff001d021805,1304,True,True,True
21600,04ffff001d023805,1336,True,True,True
21601,04ffff001d023b05,1339,True,True,True
21602,04ffff001d024305,1347,True,True,True
21603,04ffff001d024705,1351,True,True,True
21604,04ffff001d024905,1353,True,True,True
21607,04ffff001d025405,1364,True,True,True
21610,04ffff001d025905,1369,True,True,True
21612,04ffff001d027005,1392,True,True,True
21613,04ffff001d027605,1398,True,True,True
21614,04ffff001d027a05,1402,True,True,True
21615,04ffff001d027d05,1405,True,True,True
21616,04ffff001d029c05,1436,True,True,True
21617,04ffff001d02ac05,1452,True,True,True
21619,04ffff001d02d605,1494,True,True,True
21620,04ffff001d02d805,1496,True,True,True
21621,04ffff001d02e905,1513,True,True,True
21622,04ffff001d02f905,1529,True,True,True
21623,04ffff001d020c06,1548,True,True,True
21625,04ffff001d021306,1555,True,True,True
21626,04ffff001d022806,1576,True,True,True
21627,04ffff001d023b06,1595,True,True,True
21628,04ffff001d025606,1622,True,True,True
21630,04ffff001d025e06,1630,True,True,True
21631,04ffff001d026906,1641,True,True,True
21632,04ffff001d028706,1671,True,True,True
21635,04ffff001d029b06,1691,True,True,True
21636,04ffff001d029d06,1693,True,True,True
21637,04ffff001d02a006,1696,True,True,True
21638,04ffff001d02a506,1701,True,True,True
21639,04ffff001d02a606,1702,True,True,True
21640,04ffff001d02b606,1718,True,True,True
21641,04ffff001d02bb06,1723,True,True,True
21642,04ffff001d02bf06,1727,True,True,True
21643,04ffff001d02cc06,1740,True,True,True
21644,04ffff001d02cf06,1743,True,True,True
21645,04ffff001d02ee06,1774,True,True,True
21647,04ffff001d020707,1799,True,True,True
21649,04ffff001d021007,1808,True,True,True
21650,04ffff001d021c07,1820,True,True,True
21652,04ffff001d021e07,1822,True,True,True
21653,04ffff001d022907,1833,True,True,True
21654,04ffff001d022b07,1835,True,True,True
21655,04ffff001d022e07,1838,True,True,True
21658,04ffff001d023a07,1850,True,True,True
21661,04ffff001d024307,1859,True,True,True
21663,04ffff001d024c07,1868,True,True,True
21665,04ffff001d025007,1872,True,True,True
21666,04ffff001d025407,1876,True,True,True
21669,04ffff001d025507,1877,True,True,True
21670,04ffff001d028207,1922,True,True,True
21672,04ffff001d028b07,1931,True,True,True
21673,04ffff001d028f07,1935,True,True,True
21676,04ffff001d029e07,1950,True,True,True
21677,04ffff001d02a207,1954,True,True,True
21678,04ffff001d02a407,1956,True,True,True
21679,04ffff001d02aa07,1962,True,True,True
21680,04ffff001d02b207,1970,True,True,True
21681,04ffff001d02d407,2004,True,True,True
21682,04ffff001d02d907,2009,True,True,True
21684,04ffff001d02da07,2010,True,True,True
21685,04ffff001d02e207,2018,True,True,True
21686,04ffff001d02e707,2023,True,True,True
21688,04ffff001d02f707,2039,True,True,True
21690,04ffff001d02fd07,2045,True,True,True
21691,04ffff001d020508,2053,True,True,True
21692,04ffff001d020708,2055,True,True,True
21693,04ffff001d021f08,2079,True,True,True
21694,04ffff001d022208,2082,True,True,True
21698,04ffff001d023d08,2109,True,True,True
21699,04ffff001d024108,2113,True,True,True
21702,04ffff001d025b08,2139,True,True,True
21703,04ffff001d028408,2180,True,True,True
21705,04ffff001d028508,2181,True,True,True
21706,04ffff001d028d08,2189,True,True,True
21708,04ffff001d029d08,2205,True,True,True
21710,04ffff001d029e08,2206,True,True,True
21711,04ffff001d02a208,2210,True,True,True
21714,04ffff001d02b108,2225,True,True,True
21715,04ffff001d02b408,2228,True,True,True
21716,04ffff001d02bc08,2236,True,True,True
21717,04ffff001d02da08,2266,True,True,True
21719,04ffff001d02e808,2280,True,True,True
21722,04ffff001d020809,2312,True,True,True
21724,04ffff001d021a09,2330,True,True,True
21725,04ffff001d022109,2337,True,True,True
21728,04ffff001d0101,1,True,True,True
21729,04ffff001d010d,13,True,True,True
21730,04ffff001d0118,24,True,True,True
21731,04ffff001d011f,31,True,True,True
21732,04ffff001d0125,37,True,True,True
21733,04ffff001d013b,59,True,True,True
21735,04ffff001d0159,89,True,True,True
21736,04ffff001d015a,90,True,True,True
21737,04ffff001d015c,92,True,True,True
21738,04ffff001d016f,111,True,True,True
21740,04ffff001d017d,125,True,True,True
21741,04ffff001d028700,135,True,True,True
21742,04ffff001d028900,137,True,True,True
21743,04ffff001d029900,153,True,True,True
21744,04ffff001d029d00,157,True,True,True
21745,04ffff001d029e00,158,True,True,True
21746,04ffff001d029f00,159,True,True,True
21748,04ffff001d02a400,164,True,True,True
21749,04ffff001d02a600,166,True,True,True
21751,04ffff001d02ac00,172,True,True,True
21753,04ffff001d02b300,179,True,True,True
21754,04ffff001d02c300,195,True,True,True
21755,04ffff001d02c500,197,True,True,True
21756,04ffff001d02d600,214,True,True,True
21757,04ffff001d02dd00,221,True,True,True
21758,04ffff001d02e000,224,True,True,True
21759,04ffff001d02e200,226,True,True,True
21761,04ffff001d023001,304,True,True,True
21762,04ffff001d023801,312,True,True,True
21765,04ffff001d023b01,315,True,True,True
21769,04ffff001d025301,339,True,True,True
21771,04ffff001d026101,353,True,True,True
21772,04ffff001d026301,355,True,True,True
21775,04ffff001d027501,373,True,True,True
21776,04ffff001d028301,387,True,True,True
21777,04ffff001d029301,403,True,True,True
21778,04ffff001d029901,409,True,True,True
21781,04ffff001d02b301,435,True,True,True
21782,04ffff001d02c001,448,True,True,True
21783,04ffff001d02c201,450,True,True,True
21784,04ffff001d02d501,469,True,True,True
21785,04ffff001d02dc01,476,True,True,True
21787,04ffff001d02dd01,477,True,True,True
21789,04ffff001d02ec01,492,True,True,True
21791,04ffff001d020202,514,True,True,True
21792,04ffff001d020602,518,True,True,True
21795,04ffff001d020702,519,True,True,True
21796,04ffff001d020902,521,True,True,True
21798,04ffff001d020f02,527,True,True,True
21802,04ffff001d022002,544,True,True,True
21803,04ffff001d022102,545,True,True,True
21806,04ffff001d023502,565,True,True,True
21807,04ffff001d023602,566,True,True,True
21808,04ffff001d024002,576,True,True,True
21809,04ffff001d024f02,591,True,True,True
21810,04ffff001d025102,593,True,True,True
21812,04ffff001d0112,18,True,True,True
21815,04ffff001d012b,43,True,True,True
21816,04ffff001d012d,45,True,True,True
21820,04ffff001d013b,59,True,True,True
21821,04ffff001d0158,88,True,True,True
21822,04ffff001d015a,90,True,True,True
21823,04ffff001d015f,95,True,True,True
21825,04ffff001d0161,97,True,True,True
21826,04ffff001d016d,109,True,True,True
21828,04ffff001d017e,126,True,True,True
21830,04ffff001d028c00,140,True,True,True
21831,04ffff001d029000,144,True,True,True
21832,04ffff001d029a00,154,True,True,True
21833,04ffff001d02b600,182,True,True,True
21836,04ffff001d02bc00,188,True,True,True
21839,04ffff001d02bd00,189,True,True,True
21841,04ffff001d02ce00,206,True,True,True
21843,04ffff001d02d400,212,True,True,True
21846,04ffff001d02d900,217,True,True,True
21848,04ffff001d02e200,226,True,True,True
21849,04ffff001d02e900,233,True,True,True
21850,04ffff001d02ea00,234,True,True,True
21851,04ffff001d02f500,245,True,True,True
21855,04ffff001d02fc00,252,True,True,True
21857,04ffff001d020101,257,True,True,True
21860,04ffff001d020601,262,True,True,True
21862,04ffff001d020f01,271,True,True,True
21865,04ffff001d021301,275,True,True,True
21866,04ffff001d022001,288,True,True,True
21870,04ffff001d022d01,301,True,True,True
21872,04ffff001d023001,304,True,True,True
21873,04ffff001d023101,305,True,True,True
21875,04ffff001d023c01,316,True,True,True
21876,04ffff001d024801,328,True,True,True
21878,04ffff001d024e01,334,True,True,True
21881,04ffff001d026d01,365,True,True,True
21883,04ffff001d026e01,366,True,True,True
21885,04ffff001d028a01,394,True,True,True
21888,04ffff001d029b01,411,True,True,True
21889,04ffff001d02a401,420,True,True,True
21892,04ffff001d02bb01,443,True,True,True
21893,04ffff001d02d401,468,True,True,True
21894,04ffff001d02e201,482,True,True,True
21895,04ffff001d02e901,489,True,True,True
21896,04ffff001d02f401,500,True,True,True
21897,04ffff001d020102,513,True,True,True
21898,04ffff001d020402,516,True,True,True
21901,04ffff001d020c02,524,True,True,True
21903,04ffff001d021002,528,True,True,True
21904,04ffff001d021602,534,True,True,True
21905,04ffff001d021d02,541,True,True,True
21906,04ffff001d022c02,556,True,True,True
21908,04ffff001d023402,564,True,True,True
21910,04ffff001d025702,599,True,True,True
21911,04ffff001d025802,600,True,True,True
21912,04ffff001d026402,612,True,True,True
21913,04ffff001d026802,616,True,True,True
21916,04ffff001d026a02,618,True,True,True
21919,04ffff001d027b02,635,True,True,True
21921,04ffff001d028402,644,True,True,True
21922,04ffff001d028b02,651,True,True,True
21924,04ffff001d028d02,653,True,True,True
21925,04ffff001d029402,660,True,True,True
21926,04ffff001d029702,663,True,True,True
21927,04ffff001d029f02,671,True,True,True
21928,04ffff001d02a002,672,True,True,True
21929,04ffff001d02b202,690,True,True,True
21931,04ffff001d02b802,696,True,True,True
21932,04ffff001d02ba02,698,True,True,True
21933,04ffff001d02d202,722,True,True,True
21935,04ffff001d021203,786,True,True,True
21937,04ffff001d021503,789,True,True,True
21938,04ffff001d024003,832,True,True,True
21940,04ffff001d024803,840,True,True,True
21941,04ffff001d024b03,843,True,True,True
21944,04ffff001d025003,848,True,True,True
21946,04ffff001d025303,851,True,True,True
21949,04ffff001d026803,872,True,True,True
21951,04ffff001d027603,886,True,True,True
21952,04ffff001d027b03,891,True,True,True
21955,04ffff001d028203,898,True,True,True
21956,04ffff001d028f03,911,True,True,True
21958,04ffff001d029303,915,True,True,True
21962,04ffff001d02c803,968,True,True,True
21964,04ffff001d02d403,980,True,True,True
21965,04ffff001d02eb03,1003,True,True,True
21966,04ffff001d02ee03,1006,True,True,True
21967,04ffff001d02f303,1011,True,True,True
21970,04ffff001d020004,1024,True,True,True
21971,04ffff001d020204,1026,True,True,True
21972,04ffff001d021504,1045,True,True,True
21973,04ffff001d021704,1047,True,True,True
21974,04ffff001d021e04,1054,True,True,True
21976,04ffff001d022104,1057,True,True,True
21978,04ffff001d023104,1073,True,True,True
21979,04ffff001d024804,1096,True,True,True
21980,04ffff001d025b04,1115,True,True,True
21982,04ffff001d026104,1121,True,True,True
21984,04ffff001d026e04,1134,True,True,True
21985,04ffff001d027a04,1146,True,True,True
21988,04ffff001d028404,1156,True,True,True
21989,04ffff001d029504,1173,True,True,True
21991,04ffff001d02a304,1187,True,True,True
21992,04ffff001d02a504,1189,True,True,True
21993,04ffff001d02bf04,1215,True,True,True
21995,04ffff001d02c004,1216,True,True,True
21997,04ffff001d02d204,1234,True,True,True
21998,04ffff001d02f604,1270,True,True,True
21999,04ffff001d020405,1284,True,True,True
22000,04ffff001d021405,1300,True,True,True
22001,04ffff001d021605,1302,True,True,True
22002,04ffff001d021f05,1311,True,True,True
22004,04ffff001d022105,1313,True,True,True
22005,04ffff001d023005,1328,True,True,True
22007,04ffff001d023805,1336,True,True,True
22008,04ffff001d025105,1361,True,True,True
22009,04ffff001d026e05,1390,True,True,True
22010,04ffff001d027505,1397,True,True,True
22014,04ffff001d027c05,1404,True,True,True
22015,04ffff001d029605,1430,True,True,True
22017,04ffff001d029a05,1434,True,True,True
22018,04ffff001d029c05,1436,True,True,True
22019,04ffff001d029f05,1439,True,True,True
22020,04ffff001d02a705,1447,True,True,True
22021,04ffff001d02c305,1475,True,True,True
22022,04ffff001d02dd05,1501,True,True,True
22023,04ffff001d02de05,1502,True,True,True
22024,04ffff001d02e205,1506,True,True,True
22025,04ffff001d02e805,1512,True,True,True
22026,04ffff001d02ea05,1514,True,True,True
22028,04ffff001d02ec05,1516,True,True,True
22029,04ffff001d02f105,1521,True,True,True
22030,04ffff001d02fa05,1530,True,True,True
22031,04ffff001d02fc05,1532,True,True,True
22032,04ffff001d022f06,1583,True,True,True
22033,04ffff001d023906,1593,True,True,True
22037,04ffff001d025c06,1628,True,True,True
22038,04ffff001d026506,1637,True,True,True
22040,04ffff001d026e06,1646,True,True,True
22043,04ffff001d027806,1656,True,True,True
22044,04ffff001d027a06,1658,True,True,True
22045,04ffff001d028206,1666,True,True,True
22046,04ffff001d028806,1672,True,True,True
22048,04ffff001d029706,1687,True,True,True
22049,04ffff001d02ae06,1710,True,True,True
22050,04ffff001d02bb06,1723,True,True,True
22051,04ffff001d02cc06,1740,True,True,True
22052,04ffff001d02d206,1746,True,True,True
22054,04ffff001d02dc06,1756,True,True,True
22055,04ffff001d02e506,1765,True,True,True
22057,04ffff001d02ea06,1770,True,True,True
22058,04ffff001d02f706,1783,True,True,True
22059,04ffff001d02fa06,1786,True,True,True
22060,04ffff001d020007,1792,True,True,True
22061,04ffff001d023107,1841,True,True,True
22062,04ffff001d023e07,1854,True,True,True
22064,04ffff001d024607,1862,True,True,True
22065,04ffff001d025307,1875,True,True,True
22068,04ffff001d026f07,1903,True,True,True
22069,04ffff001d028f07,1935,True,True,True
22070,04ffff001d029a07,1946,True,True,True
22071,04ffff001d02c507,1989,True,True,True
22072,04ffff001d02ce07,1998,True,True,True
22075,04ffff001d02db07,2011,True,True,True
22077,04ffff001d02df07,2015,True,True,True
22078,04ffff001d02ea07,2026,True,True,True
22079,04ffff001d020708,2055,True,True,True
22082,04ffff001d021508,2069,True,True,True
22083,04ffff001d021e08,2078,True,True,True
22084,04ffff001d025c08,2140,True,True,True
22085,04ffff001d027608,2166,True,True,True
22086,04ffff001d028408,2180,True,True,True
22088,04ffff001d028508,2181,True,True,True
22090,04ffff001d02bb08,2235,True,True,True
22091,04ffff001d02ea08,2282,True,True,True
22092,04ffff001d02fe08,2302,True,True,True
22093,04ffff001d020509,2309,True,True,True
22095,04ffff001d020d09,2317,True,True,True
22097,04ffff001d021009,2320,True,True,True
22098,04ffff001d021409,2324,True,True,True
22099,04ffff001d021c09,2332,True,True,True
22100,04ffff001d022509,2341,True,True,True
22101,04ffff001d022609,2342,True,True,True
22102,04ffff001d023109,2353,True,True,True
22104,04ffff001d023f09,2367,True,True,True
22106,04ffff001d024909,2377,True,True,True
22107,04ffff001d025109,2385,True,True,True
22108,04ffff001d027009,2416,True,True,True
22109,04ffff001d027109,2417,True,True,True
22110,04ffff001d027b09,2427,True,True,True
22112,04ffff001d027c09,2428,True,True,True
22114,04ffff001d028309,2435,True,True,True
22115,04ffff001d028509,2437,True,True,True
22117,04ffff001d028609,2438,True,True,True
22118,04ffff001d02ad09,2477,True,True,True
22119,04ffff001d02af09,2479,True,True,True
22120,04ffff001d02e409,2532,True,True,True
22121,04ffff001d02f409,2548,True,True,True
22122,04ffff001d02170a,2583,True,True,True
22123,04ffff001d021d0a,2589,True,True,True
22124,04ffff001d02460a,2630,True,True,True
22125,04ffff001d02580a,2648,True,True,True
22126,04ffff001d026b0a,2667,True,True,True
22127,04ffff001d026f0a,2671,True,True,True
22128,04ffff001d027a0a,2682,True,True,True
22129,04ffff001d02910a,2705,True,True,True
22130,04ffff001d02990a,2713,True,True,True
22131,04ffff001d029d0a,2717,True,True,True
22133,04ffff001d02a10a,2721,True,True,True
22134,04ffff001d02af0a,2735,True,True,True
22136,04ffff001d02b60a,2742,True,True,True
22137,04ffff001d02b70a,2743,True,True,True
22138,04ffff001d02e90a,2793,True,True,True
22139,04ffff001d02ea0a,2794,True,True,True
22140,04ffff001d02f20a,2802,True,True,True
22141,04ffff001d02f40a,2804,True,True,True
22142,04ffff001d02fd0a,2813,True,True,True
22143,04ffff001d02080b,2824,True,True,True
22144,04ffff001d020d0b,2829,True,True,True
22145,04ffff001d02160b,2838,True,True,True
22146,04ffff001d021d0b,2845,True,True,True
22149,04ffff001d02230b,2851,True,True,True
22150,04ffff001d02310b,2865,True,True,True
22151,04ffff001d02360b,2870,True,True,True
22153,04ffff001d02570b,2903,True,True,True
22154,04ffff001d025a0b,2906,True,True,True
22155,04ffff001d028f0b,2959,True,True,True
22157,04ffff001d02ce0b,3022,True,True,True
22164,04ffff001d0108,8,True,True,True
22166,04ffff001d010a,10,True,True,True
22169,04ffff001d0127,39,True,True,True
22170,04ffff001d012f,47,True,True,True
22171,04ffff001d0138,56,True,True,True
22172,04ffff001d013e,62,True,True,True
22174,04ffff001d0140,64,True,True,True
22175,04ffff001d014a,74,True,True,True
22176,04ffff001d0158,88,True,True,True
22177,04ffff001d0159,89,True,True,True
22180,04ffff001d028700,135,True,True,True
22182,04ffff001d028d00,141,True,True,True
22183,04ffff001d029700,151,True,True,True
22186,04ffff001d02a000,160,True,True,True
22188,04ffff001d02a200,162,True,True,True
22189,04ffff001d02a300,163,True,True,True
22190,04ffff001d02a400,164,True,True,True
22191,04ffff001d02a500,165,True,True,True
22193,04ffff001d02b200,178,True,True,True
22194,04ffff001d02bf00,191,True,True,True
22195,04ffff001d02ca00,202,True,True,True
22197,04ffff001d02d200,210,True,True,True
22198,04ffff001d02d900,217,True,True,True
22199,04ffff001d02da00,218,True,True,True
22200,04ffff001d02dc00,220,True,True,True
22201,04ffff001d02e000,224,True,True,True
22202,04ffff001d02e600,230,True,True,True
22203,04ffff001d02ee00,238,True,True,True
22204,04ffff001d02f200,242,True,True,True
22206,04ffff001d02f300,243,True,True,True
22207,04ffff001d02fb00,251,True,True,True
22209,04ffff001d020f01,271,True,True,True
22211,04ffff001d021d01,285,True,True,True
22212,04ffff001d022001,288,True,True,True
22214,04ffff001d022101,289,True,True,True
22215,04ffff001d022901,297,True,True,True
22217,04ffff001d022c01,300,True,True,True
22218,04ffff001d022e01,302,True,True,True
22219,04ffff001d023601,310,True,True,True
22221,04ffff001d023e01,318,True,True,True
22224,04ffff001d026101,353,True,True,True
22226,04ffff001d027001,368,True,True,True
22227,04ffff001d027401,372,True,True,True
22229,04ffff001d028501,389,True,True,True
22230,04ffff001d029501,405,True,True,True
22231,04ffff001d02ab01,427,True,True,True
22232,04ffff001d02b101,433,True,True,True
22233,04ffff001d02b301,435,True,True,True
22234,04ffff001d02cc01,460,True,True,True
22235,04ffff001d02d901,473,True,True,True
22236,04ffff001d02f001,496,True,True,True
22237,04ffff001d02f601,502,True,True,True
22238,04ffff001d020a02,522,True,True,True
22240,04ffff001d020f02,527,True,True,True
22241,04ffff001d021102,529,True,True,True
22242,04ffff001d021302,531,True,True,True
22243,04ffff001d021502,533,True,True,True
22244,04ffff001d021902,537,True,True,True
22245,04ffff001d022902,553,True,True,True
22246,04ffff001d022d02,557,True,True,True
22248,04ffff001d022f02,559,True,True,True
22249,04ffff001d023802,568,True,True,True
22251,04ffff001d024b02,587,True,True,True
22252,04ffff001d026402,612,True,True,True
22253,04ffff001d027102,625,True,True,True
22254,04ffff001d027802,632,True,True,True
22255,04ffff001d028102,641,True,True,True
22257,04ffff001d029102,657,True,True,True
22259,04ffff001d02c302,707,True,True,True
22262,04ffff001d02dd02,733,True,True,True
22263,04ffff001d02ef02,751,True,True,True
22264,04ffff001d02f702,759,True,True,True
22265,04ffff001d02fe02,766,True,True,True
22266,04ffff001d02ff02,767,True,True,True
22269,04ffff001d021d03,797,True,True,True
22270,04ffff001d022703,807,True,True,True
22272,04ffff001d022f03,815,True,True,True
22273,04ffff001d023003,816,True,True,True
22275,04ffff001d023503,821,True,True,True
22276,04ffff001d025403,852,True,True,True
22277,04ffff001d026303,867,True,True,True
22278,04ffff001d026603,870,True,True,True
22281,04ffff001d026a03,874,True,True,True
22282,04ffff001d026d03,877,True,True,True
22283,04ffff001d027003,880,True,True,True
22285,04ffff001d029e03,926,True,True,True
22286,04ffff001d02a903,937,True,True,True
22288,04ffff001d02b203,946,True,True,True
22291,04ffff001d02c403,964,True,True,True
22292,04ffff001d02c803,968,True,True,True
22293,04ffff001d02fd03,1021,True,True,True
22294,04ffff001d020104,1025,True,True,True
22295,04ffff001d020204,1026,True,True,True
22297,04ffff001d020604,1030,True,True,True
22299,04ffff001d021104,1041,True,True,True
22300,04ffff001d021704,1047,True,True,True
22302,04ffff001d023204,1074,True,True,True
22303,04ffff001d023b04,1083,True,True,True
22305,04ffff001d024c04,1100,True,True,True
22306,04ffff001d026204,1122,True,True,True
22307,04ffff001d027504,1141,True,True,True
22308,04ffff001d027704,1143,True,True,True
22309,04ffff001d028004,1152,True,True,True
22310,04ffff001d029804,1176,True,True,True
22312,04ffff001d029e04,1182,True,True,True
22314,04ffff001d02c304,1219,True,True,True
22315,04ffff001d02c604,1222,True,True,True
22316,04ffff001d02c704,1223,True,True,True
22317,04ffff001d02ea04,1258,True,True,True
22319,04ffff001d02f304,1267,True,True,True
22320,04ffff001d02fb04,1275,True,True,True
22321,04ffff001d021c05,1308,True,True,True
22322,04ffff001d022505,1317,True,True,True
22323,04ffff001d023f05,1343,True,True,True
22324,04ffff001d024b05,1355,True,True,True
22326,04ffff001d025105,1361,True,True,True
22327,04ffff001d025505,1365,True,True,True
22328,04ffff001d025a05,1370,True,True,True
22329,04ffff001d026805,1384,True,True,True
22331,04ffff001d026d05,1389,True,True,True
22332,04ffff001d027505,1397,True,True,True
22334,04ffff001d028205,1410,True,True,True
22336,04ffff001d028f05,1423,True,True,True
22337,04ffff001d029205,1426,True,True,True
22338,04ffff001d02ac05,1452,True,True,True
22339,04ffff001d02be05,1470,True,True,True
22340,04ffff001d02db05,1499,True,True,True
22341,04ffff001d02dc05,1500,True,True,True
22342,04ffff001d02de05,1502,True,True,True
22343,04ffff001d02e405,1508,True,True,True
22344,04ffff001d02f405,1524,True,True,True
22345,04ffff001d020906,1545,True,True,True
22346,04ffff001d022506,1573,True,True,True
22349,04ffff001d023606,1590,True,True,True
22350,04ffff001d023e06,1598,True,True,True
22352,04ffff001d024606,1606,True,True,True
22353,04ffff001d024806,1608,True,True,True
22354,04ffff001d024d06,1613,True,True,True
22355,04ffff001d028006,1664,True,True,True
22356,04ffff001d029006,1680,True,True,True
22357,04ffff001d029106,1681,True,True,True
22359,04ffff001d029906,1689,True,True,True
22361,04ffff001d02a206,1698,True,True,True
22362,04ffff001d02ad06,1709,True,True,True
22363,04ffff001d02b406,1716,True,True,True
22364,04ffff001d02d206,1746,True,True,True
22365,04ffff001d02d806,1752,True,True,True
22366,04ffff001d02db06,1755,True,True,True
22368,04ffff001d02e706,1767,True,True,True
22370,04ffff001d02ea06,1770,True,True,True
22371,04ffff001d024b07,1867,True,True,True
22372,04ffff001d025707,1879,True,True,True
22374,04ffff001d026b07,1899,True,True,True
22375,04ffff001d029607,1942,True,True,True
22376,04ffff001d029a07,1946,True,True,True
22377,04ffff001d02a607,1958,True,True,True
22378,04ffff001d02b907,1977,True,True,True
22379,04ffff001d02ce07,1998,True,True,True
22381,04ffff001d02d107,2001,True,True,True
22384,04ffff001d02d207,2002,True,True,True
22387,04ffff001d02dd07,2013,True,True,True
22388,04ffff001d020508,2053,True,True,True
22390,04ffff001d022808,2088,True,True,True
22391,04ffff001d022908,2089,True,True,True
22392,04ffff001d023108,2097,True,True,True
22393,04ffff001d026308,2147,True,True,True
22394,04ffff001d026608,2150,True,True,True
22395,04ffff001d026f08,2159,True,True,True
22396,04ffff001d029808,2200,True,True,True
22400,04ffff001d02a308,2211,True,True,True
22403,04ffff001d02a808,2216,True,True,True
22405,04ffff001d02ad08,2221,True,True,True
22408,04ffff001d02d208,2258,True,True,True
22410,04ffff001d02e908,2281,True,True,True
22411,04ffff001d02ea08,2282,True,True,True
22412,04ffff001d022609,2342,True,True,True
22416,04ffff001d022e09,2350,True,True,True
22417,04ffff001d022f09,2351,True,True,True
22420,04ffff001d023009,2352,True,True,True
22421,04ffff001d023d09,2365,True,True,True
22422,04ffff001d023e09,2366,True,True,True
22423,04ffff001d024f09,2383,True,True,True
22424,04ffff001d027209,2418,True,True,True
22425,04ffff001d028709,2439,True,True,True
22426,04ffff001d028909,2441,True,True,True
22427,04ffff001d028f09,2447,True,True,True
22428,04ffff001d029609,2454,True,True,True
22429,04ffff001d029909,2457,True,True,True
22430,04ffff001d029f09,2463,True,True,True
22431,04ffff001d02b109,2481,True,True,True
22432,04ffff001d02b409,2484,True,True,True
22434,04ffff001d02b709,2487,True,True,True
22435,04ffff001d02b809,2488,True,True,True
22436,04ffff001d02c009,2496,True,True,True
22437,04ffff001d02c809,2504,True,True,True
22438,04ffff001d02db09,2523,True,True,True
22440,04ffff001d02e309,2531,True,True,True
22442,04ffff001d02e609,2534,True,True,True
22443,04ffff001d02f309,2547,True,True,True
22444,04ffff001d02000a,2560,True,True,True
22445,04ffff001d02010a,2561,True,True,True
22446,04ffff001d02180a,2584,True,True,True
22448,04ffff001d021b0a,2587,True,True,True
22449,04ffff001d02470a,2631,True,True,True
22450,04ffff001d02530a,2643,True,True,True
22451,04ffff001d025a0a,2650,True,True,True
22452,04ffff001d025c0a,2652,True,True,True
22453,04ffff001d02620a,2658,True,True,True
22454,04ffff001d026e0a,2670,True,True,True
22455,04ffff001d028b0a,2699,True,True,True
22457,04ffff001d02b90a,2745,True,True,True
22464,04ffff001d010b,11,True,True,True
22465,04ffff001d011c,28,True,True,True
22466,04ffff001d011f,31,True,True,True
22467,04ffff001d0127,39,True,True,True
22468,04ffff001d0130,48,True,True,True
22469,04ffff001d0138,56,True,True,True
22471,04ffff001d0140,64,True,True,True
22473,04ffff001d0142,66,True,True,True
22474,04ffff001d0144,68,True,True,True
22476,04ffff001d0150,80,True,True,True
22477,04ffff001d0155,85,True,True,True
22478,04ffff001d015b,91,True,True,True
22479,04ffff001d0170,112,True,True,True
22480,04ffff001d017f,127,True,True,True
22481,04ffff001d028900,137,True,True,True
22482,04ffff001d029800,152,True,True,True
22483,04ffff001d029b00,155,True,True,True
22484,04ffff001d02a100,161,True,True,True
22485,04ffff001d02a400,164,True,True,True
22487,04ffff001d02a500,165,True,True,True
22488,04ffff001d02a700,167,True,True,True
22489,04ffff001d02aa00,170,True,True,True
22491,04ffff001d02ae00,174,True,True,True
22492,04ffff001d02bb00,187,True,True,True
22493,04ffff001d02c000,192,True,True,True
22495,04ffff001d02c600,198,True,True,True
22496,04ffff001d02c900,201,True,True,True
22497,04ffff001d02df00,223,True,True,True
22498,04ffff001d02e700,231,True,True,True
22500,04ffff001d021c01,284,True,True,True
22501,04ffff001d021e01,286,True,True,True
22502,04ffff001d022c01,300,True,True,True
22503,04ffff001d022d01,301,True,True,True
22505,04ffff001d022e01,302,True,True,True
22506,04ffff001d023c01,316,True,True,True
22507,04ffff001d024d01,333,True,True,True
22509,04ffff001d025801,344,True,True,True
22510,04ffff001d025d01,349,True,True,True
22511,04ffff001d027c01,380,True,True,True
22512,04ffff001d028001,384,True,True,True
22513,04ffff001d029101,401,True,True,True
22514,04ffff001d02a801,424,True,True,True
22517,04ffff001d02b901,441,True,True,True
22519,04ffff001d02bc01,444,True,True,True
22520,04ffff001d02cb01,459,True,True,True
22521,04ffff001d02e201,482,True,True,True
22522,04ffff001d02ef01,495,True,True,True
22523,04ffff001d020c02,524,True,True,True
22524,04ffff001d021202,530,True,True,True
22525,04ffff001d021f02,543,True,True,True
22528,04ffff001d0107,7,True,True,True
22529,04ffff001d0110,16,True,True,True
22530,04ffff001d0119,25,True,True,True
22531,04ffff001d011e,30,True,True,True
22532,04ffff001d0121,33,True,True,True
22533,04ffff001d012c,44,True,True,True
22534,04ffff001d0141,65,True,True,True
22535,04ffff001d0149,73,True,True,True
22536,04ffff001d0167,103,True,True,True
22537,04ffff001d0177,119,True,True,True
22538,04ffff001d028800,136,True,True,True
22539,04ffff001d028900,137,True,True,True
22540,04ffff001d029100,145,True,True,True
22541,04ffff001d029200,146,True,True,True
22542,04ffff001d029600,150,True,True,True
22543,04ffff001d02a600,166,True,True,True
22544,04ffff001d02b800,184,True,True,True
22545,04ffff001d02c300,195,True,True,True
22546,04ffff001d02ca00,202,True,True,True
22548,04ffff001d02cf00,207,True,True,True
22549,04ffff001d02d400,212,True,True,True
22550,04ffff001d02db00,219,True,True,True
22551,04ffff001d02e800,232,True,True,True
22552,04ffff001d02ed00,237,True,True,True
22553,04ffff001d02f200,242,True,True,True
22554,04ffff001d020001,256,True,True,True
22555,04ffff001d020601,262,True,True,True
22556,04ffff001d021d01,285,True,True,True
22557,04ffff001d022001,288,True,True,True
22558,04ffff001d022601,294,True,True,True
22559,04ffff001d022a01,298,True,True,True
22560,04ffff001d023101,305,True,True,True
22561,04ffff001d023401,308,True,True,True
22562,04ffff001d023f01,319,True,True,True
22563,04ffff001d024301,323,True,True,True
22564,04ffff001d024901,329,True,True,True
22567,04ffff001d024f01,335,True,True,True
22568,04ffff001d027001,368,True,True,True
22570,04ffff001d027801,376,True,True,True
22571,04ffff001d029e01,414,True,True,True
22572,04ffff001d02bc01,444,True,True,True
22573,04ffff001d02c101,449,True,True,True
22574,04ffff001d02c501,453,True,True,True
22575,04ffff001d02e401,484,True,True,True
22576,04ffff001d02ea01,490,True,True,True
22577,04ffff001d02fb01,507,True,True,True
22578,04ffff001d02fe01,510,True,True,True
22579,04ffff001d020002,512,True,True,True
22580,04ffff001d021f02,543,True,True,True
22581,04ffff001d022302,547,True,True,True
22582,04ffff001d022b02,555,True,True,True
22583,04ffff001d022f02,559,True,True,True
22584,04ffff001d025802,600,True,True,True
22585,04ffff001d028002,640,True,True,True
22587,04ffff001d028202,642,True,True,True
22588,04ffff001d028502,645,True,True,True
22590,04ffff001d028e02,654,True,True,True
22591,04ffff001d029b02,667,True,True,True
22592,04ffff001d02a102,673,True,True,True
22593,04ffff001d02a802,680,True,True,True
22594,04ffff001d02ab02,683,True,True,True
22595,04ffff001d02b502,693,True,True,True
22597,04ffff001d02bc02,700,True,True,True
22598,04ffff001d02be02,702,True,True,True
22599,04ffff001d02ce02,718,True,True,True
22601,04ffff001d02eb02,747,True,True,True
22602,04ffff001d020e03,782,True,True,True
22603,04ffff001d021403,788,True,True,True
22604,04ffff001d021a03,794,True,True,True
22606,04ffff001d021f03,799,True,True,True
22607,04ffff001d022403,804,True,True,True
22608,04ffff001d023803,824,True,True,True
22610,04ffff001d024d03,845,True,True,True
22611,04ffff001d024f03,847,True,True,True
22612,04ffff001d025303,851,True,True,True
22615,04ffff001d025403,852,True,True,True
22616,04ffff001d025703,855,True,True,True
22617,04ffff001d026703,871,True,True,True
22620,04ffff001d027703,887,True,True,True
22622,04ffff001d027a03,890,True,True,True
22624,04ffff001d029003,912,True,True,True
22625,04ffff001d029503,917,True,True,True
22626,04ffff001d029603,918,True,True,True
22628,04ffff001d02aa03,938,True,True,True
22629,04ffff001d02b003,944,True,True,True
22631,04ffff001d02bf03,959,True,True,True
22632,04ffff001d02c203,962,True,True,True
22633,04ffff001d02cc03,972,True,True,True
22635,04ffff001d02cd03,973,True,True,True
22637,04ffff001d02d403,980,True,True,True
22638,04ffff001d02ed03,1005,True,True,True
22641,04ffff001d020404,1028,True,True,True
22642,04ffff001d020a04,1034,True,True,True
22643,04ffff001d021204,1042,True,True,True
22644,04ffff001d021504,1045,True,True,True
22645,04ffff001d022a04,1066,True,True,True
22646,04ffff001d023c04,1084,True,True,True
22647,04ffff001d024104,1089,True,True,True
22648,04ffff001d025004,1104,True,True,True
22649,04ffff001d026e04,1134,True,True,True
22650,04ffff001d027104,1137,True,True,True
22651,04ffff001d027204,1138,True,True,True
22652,04ffff001d027d04,1149,True,True,True
22654,04ffff001d028b04,1163,True,True,True
22655,04ffff001d029504,1173,True,True,True
22656,04ffff001d02ba04,1210,True,True,True
22657,04ffff001d02cb04,1227,True,True,True
22658,04ffff001d02d304,1235,True,True,True
22659,04ffff001d02d804,1240,True,True,True
22661,04ffff001d02db04,1243,True,True,True
22663,04ffff001d02ec04,1260,True,True,True
22664,04ffff001d02ee04,1262,True,True,True
22665,04ffff001d02ef04,1263,True,True,True
22666,04ffff001d02f004,1264,True,True,True
22667,04ffff001d02f104,1265,True,True,True
22668,04ffff001d02f304,1267,True,True,True
22671,04ffff001d020005,1280,True,True,True
22672,04ffff001d020905,1289,True,True,True
22673,04ffff001d021705,1303,True,True,True
22674,04ffff001d022805,1320,True,True,True
22675,04ffff001d023d05,1341,True,True,True
22676,04ffff001d024505,1349,True,True,True
22677,04ffff001d024905,1353,True,True,True
22679,04ffff001d024a05,1354,True,True,True
22680,04ffff001d024f05,1359,True,True,True
22681,04ffff001d025005,1360,True,True,True
22682,04ffff001d025305,1363,True,True,True
22684,04ffff001d025605,1366,True,True,True
22687,04ffff001d026405,1380,True,True,True
22688,04ffff001d027005,1392,True,True,True
22691,04ffff001d028305,1411,True,True,True
22692,04ffff001d028e05,1422,True,True,True
22693,04ffff001d029205,1426,True,True,True
22694,04ffff001d02b505,1461,True,True,True
22695,04ffff001d02b805,1464,True,True,True
22697,04ffff001d02cb05,1483,True,True,True
22698,04ffff001d02ed05,1517,True,True,True
22699,04ffff001d024306,1603,True,True,True
22700,04ffff001d025906,1625,True,True,True
22701,04ffff001d026706,1639,True,True,True
22702,04ffff001d026906,1641,True,True,True
22703,04ffff001d026a06,1642,True,True,True
22705,04ffff001d02a606,1702,True,True,True
22706,04ffff001d02ab06,1707,True,True,True
22707,04ffff001d02b706,1719,True,True,True
22708,04ffff001d02cd06,1741,True,True,True
22709,04ffff001d02d006,1744,True,True,True
22710,04ffff001d02db06,1755,True,True,True
22712,04ffff001d02e706,1767,True,True,True
22713,04ffff001d02fd06,1789,True,True,True
22714,04ffff001d02fe06,1790,True,True,True
22715,04ffff001d020007,1792,True,True,True
22716,04ffff001d022707,1831,True,True,True
22718,04ffff001d023607,1846,True,True,True
22719,04ffff001d025507,1877,True,True,True
22721,04ffff001d025b07,1883,True,True,True
22724,04ffff001d028507,1925,True,True,True
22725,04ffff001d028707,1927,True,True,True
22727,04ffff001d028c07,1932,True,True,True
22728,04ffff001d029907,1945,True,True,True
22729,04ffff001d02aa07,1962,True,True,True
22730,04ffff001d02b707,1975,True,True,True
22733,04ffff001d02dd07,2013,True,True,True
22734,04ffff001d02e507,2021,True,True,True
22736,04ffff001d02ee07,2030,True,True,True
22738,04ffff001d020008,2048,True,True,True
22739,04ffff001d020208,2050,True,True,True
22742,04ffff001d021608,2070,True,True,True
22745,04ffff001d022c08,2092,True,True,True
22746,04ffff001d024b08,2123,True,True,True
22747,04ffff001d025108,2129,True,True,True
22748,04ffff001d026b08,2155,True,True,True
22749,04ffff001d026f08,2159,True,True,True
22750,04ffff001d027408,2164,True,True,True
22751,04ffff001d027808,2168,True,True,True
22752,04ffff001d029e08,2206,True,True,True
22755,04ffff001d02a308,2211,True,True,True
22756,04ffff001d02a508,2213,True,True,True
22757,04ffff001d02ab08,2219,True,True,True
22758,04ffff001d02b908,2233,True,True,True
22759,04ffff001d02c108,2241,True,True,True
22760,04ffff001d02cb08,2251,True,True,True
22761,04ffff001d02d608,2262,True,True,True
22762,04ffff001d02dc08,2268,True,True,True
22763,04ffff001d02ec08,2284,True,True,True
22766,04ffff001d020209,2306,True,True,True
22767,04ffff001d020f09,2319,True,True,True
22769,04ffff001d021009,2320,True,True,True
22770,04ffff001d021a09,2330,True,True,True
22771,04ffff001d022e09,2350,True,True,True
22772,04ffff001d023b09,2363,True,True,True
22773,04ffff001d024509,2373,True,True,True
22774,04ffff001d025409,2388,True,True,True
22775,04ffff001d025e09,2398,True,True,True
22777,04ffff001d027009,2416,True,True,True
22778,04ffff001d028109,2433,True,True,True
22780,04ffff001d028809,2440,True,True,True
22781,04ffff001d029609,2454,True,True,True
22782,04ffff001d029a09,2458,True,True,True
22783,04ffff001d029e09,2462,True,True,True
22784,04ffff001d02ad09,2477,True,True,True
22785,04ffff001d02b209,2482,True,True,True
22786,04ffff001d02b909,2489,True,True,True
22788,04ffff001d02c009,2496,True,True,True
22789,04ffff001d02c509,2501,True,True,True
22794,04ffff001d0124,36,True,True,True
22795,04ffff001d012a,42,True,True,True
22796,04ffff001d012c,44,True,True,True
22798,04ffff001d013e,62,True,True,True
22799,04ffff001d0148,72,True,True,True
22800,04ffff001d014d,77,True,True,True
22801,04ffff001d015d,93,True,True,True
22802,04ffff001d0177,119,True,True,True
22803,04ffff001d028000,128,True,True,True
22804,04ffff001d028300,131,True,True,True
22805,04ffff001d028700,135,True,True,True
22806,04ffff001d029000,144,True,True,True
22808,04ffff001d029200,146,True,True,True
22809,04ffff001d029600,150,True,True,True
22810,04ffff001d029700,151,True,True,True
22811,04ffff001d029900,153,True,True,True
22814,04ffff001d02a000,160,True,True,True
22815,04ffff001d02b700,183,True,True,True
22816,04ffff001d02b800,184,True,True,True
22817,04ffff001d02c000,192,True,True,True
22818,04ffff001d02c700,199,True,True,True
22823,04ffff001d02d000,208,True,True,True
22824,04ffff001d02d700,215,True,True,True
22825,04ffff001d02e200,226,True,True,True
22829,04ffff001d02e300,227,True,True,True
22830,04ffff001d02e800,232,True,True,True
22832,04ffff001d02fd00,253,True,True,True
22833,04ffff001d02fe00,254,True,True,True
22834,04ffff001d021c01,284,True,True,True
22835,04ffff001d022c01,300,True,True,True
22837,04ffff001d023501,309,True,True,True
22838,04ffff001d024e01,334,True,True,True
22840,04ffff001d026201,354,True,True,True
22841,04ffff001d028001,384,True,True,True
22843,04ffff001d028c01,396,True,True,True
22844,04ffff001d029701,407,True,True,True
22845,04ffff001d029e01,414,True,True,True
22846,04ffff001d02bb01,443,True,True,True
22847,04ffff001d02c301,451,True,True,True
22848,04ffff001d02d001,464,True,True,True
22849,04ffff001d02d201,466,True,True,True
22851,04ffff001d02e301,483,True,True,True
22852,04ffff001d021a02,538,True,True,True
22853,04ffff001d025402,596,True,True,True
22854,04ffff001d025802,600,True,True,True
22856,04ffff001d026002,608,True,True,True
22860,04ffff001d026702,615,True,True,True
22861,04ffff001d028e02,654,True,True,True
22863,04ffff001d029702,663,True,True,True
22864,04ffff001d02ab02,683,True,True,True
22865,04ffff001d02bc02,700,True,True,True
22867,04ffff001d02bf02,703,True,True,True
22868,04ffff001d02dc02,732,True,True,True
22869,04ffff001d02e102,737,True,True,True
22870,04ffff001d02e602,742,True,True,True
22871,04ffff001d02fd02,765,True,True,True
22873,04ffff001d022003,800,True,True,True
22875,04ffff001d022f03,815,True,True,True
22876,04ffff001d025903,857,True,True,True
22877,04ffff001d028603,902,True,True,True
22878,04ffff001d028e03,910,True,True,True
22879,04ffff001d02cc03,972,True,True,True
22880,04ffff001d02d403,980,True,True,True
22881,04ffff001d02dc03,988,True,True,True
22882,04ffff001d02f003,1008,True,True,True
22883,04ffff001d02fb03,1019,True,True,True
22884,04ffff001d020404,1028,True,True,True
22886,04ffff001d020a04,1034,True,True,True
22888,04ffff001d022f04,1071,True,True,True
22889,04ffff001d023804,1080,True,True,True
22890,04ffff001d023b04,1083,True,True,True
22891,04ffff001d024504,1093,True,True,True
22892,04ffff001d024b04,1099,True,True,True
22893,04ffff001d025304,1107,True,True,True
22894,04ffff001d025e04,1118,True,True,True
22896,04ffff001d028404,1156,True,True,True
22898,04ffff001d029204,1170,True,True,True
22899,04ffff001d029804,1176,True,True,True
22900,04ffff001d029a04,1178,True,True,True
22903,04ffff001d029b04,1179,True,True,True
22904,04ffff001d02a304,1187,True,True,True
22905,04ffff001d02c404,1220,True,True,True
22906,04ffff001d02c504,1221,True,True,True
22907,04ffff001d02f004,1264,True,True,True
22909,04ffff001d02f104,1265,True,True,True
22912,04ffff001d02fd04,1277,True,True,True
22913,04ffff001d020105,1281,True,True,True
22914,04ffff001d021c05,1308,True,True,True
22916,04ffff001d022505,1317,True,True,True
22917,04ffff001d023005,1328,True,True,True
22920,04ffff001d024405,1348,True,True,True
22921,04ffff001d025405,1364,True,True,True
22922,04ffff001d025c05,1372,True,True,True
22923,04ffff001d029105,1425,True,True,True
22924,04ffff001d029505,1429,True,True,True
22925,04ffff001d02ab05,1451,True,True,True
22926,04ffff001d02b405,1460,True,True,True
22927,04ffff001d02be05,1470,True,True,True
22929,04ffff001d02cb05,1483,True,True,True
22930,04ffff001d02db05,1499,True,True,True
22931,04ffff001d02e405,1508,True,True,True
22932,04ffff001d02ef05,1519,True,True,True
22933,04ffff001d02f605,1526,True,True,True
22934,04ffff001d02f905,1529,True,True,True
22936,04ffff001d02fd05,1533,True,True,True
22937,04ffff001d022206,1570,True,True,True
22938,04ffff001d022406,1572,True,True,True
22939,04ffff001d022706,1575,True,True,True
22940,04ffff001d022c06,1580,True,True,True
22941,04ffff001d023c06,1596,True,True,True
22942,04ffff001d024306,1603,True,True,True
22943,04ffff001d025f06,1631,True,True,True
22944,04ffff001d026106,1633,True,True,True
22953,04ffff001d029706,1687,True,True,True
22955,04ffff001d02ae06,1710,True,True,True
22958,04ffff001d02be06,1726,True,True,True
22959,04ffff001d02c006,1728,True,True,True
22960,04ffff001d02d306,1747,True,True,True
22961,04ffff001d02dd06,1757,True,True,True
22965,04ffff001d020107,1793,True,True,True
22967,04ffff001d020407,1796,True,True,True
22968,04ffff001d020f07,1807,True,True,True
22969,04ffff001d022c07,1836,True,True,True
22971,04ffff001d022f07,1839,True,True,True
22973,04ffff001d024207,1858,True,True,True
22974,04ffff001d024307,1859,True,True,True
22975,04ffff001d024707,1863,True,True,True
22976,04ffff001d024807,1864,True,True,True
22977,04ffff001d025507,1877,True,True,True
22978,04ffff001d027607,1910,True,True,True
22979,04ffff001d028207,1922,True,True,True
22980,04ffff001d028707,1927,True,True,True
22981,04ffff001d028d07,1933,True,True,True
22982,04ffff001d02a307,1955,True,True,True
22983,04ffff001d02a507,1957,True,True,True
22984,04ffff001d02a707,1959,True,True,True
22985,04ffff001d02b407,1972,True,True,True
22987,04ffff001d02c207,1986,True,True,True
22989,04ffff001d02c707,1991,True,True,True
22990,04ffff001d02d107,2001,True,True,True
22992,04ffff001d02da07,2010,True,True,True
22993,04ffff001d02dd07,2013,True,True,True
22995,04ffff001d02e107,2017,True,True,True
22996,04ffff001d02f107,2033,True,True,True
22998,04ffff001d020108,2049,True,True,True
22999,04ffff001d020508,2053,True,True,True
23000,04ffff001d020808,2056,True,True,True
23001,04ffff001d021008,2064,True,True,True
23003,04ffff001d023608,2102,True,True,True
23004,04ffff001d023808,2104,True,True,True
23006,04ffff001d023f08,2111,True,True,True
23007,04ffff001d027008,2160,True,True,True
23009,04ffff001d028708,2183,True,True,True
23010,04ffff001d028f08,2191,True,True,True
23011,04ffff001d029008,2192,True,True,True
23012,04ffff001d029a08,2202,True,True,True
23013,04ffff001d02bd08,2237,True,True,True
23014,04ffff001d02c108,2241,True,True,True
23015,04ffff001d02c208,2242,True,True,True
23016,04ffff001d02c308,2243,True,True,True
23017,04ffff001d02ca08,2250,True,True,True
23018,04ffff001d02d108,2257,True,True,True
23021,04ffff001d02db08,2267,True,True,True
23022,04ffff001d02e708,2279,True,True,True
23023,04ffff001d02fa08,2298,True,True,True
23024,04ffff001d020309,2307,True,True,True
23025,04ffff001d023609,2358,True,True,True
23026,04ffff001d024209,2370,True,True,True
23027,04ffff001d024909,2377,True,True,True
23030,04ffff001d024e09,2382,True,True,True
23032,04ffff001d025509,2389,True,True,True
23035,04ffff001d025709,2391,True,True,True
23037,04ffff001d025d09,2397,True,True,True
23038,04ffff001d026e09,2414,True,True,True
23039,04ffff001d027309,2419,True,True,True
23040,04ffff001d027c09,2428,True,True,True
23043,04ffff001d027d09,2429,True,True,True
23045,04ffff001d028009,2432,True,True,True
23047,04ffff001d028809,2440,True,True,True
23048,04ffff001d028d09,2445,True,True,True
23049,04ffff001d029109,2449,True,True,True
23050,04ffff001d02b709,2487,True,True,True
23053,04ffff001d02b809,2488,True,True,True
23054,04ffff001d02d009,2512,True,True,True
23056,04ffff001d02d409,2516,True,True,True
23057,04ffff001d02e109,2529,True,True,True
23059,04ffff001d02e609,2534,True,True,True
23060,04ffff001d02e909,2537,True,True,True
23061,04ffff001d02010a,2561,True,True,True
23063,04ffff001d020e0a,2574,True,True,True
23064,04ffff001d020f0a,2575,True,True,True
23067,04ffff001d02100a,2576,True,True,True
23071,04ffff001d021a0a,2586,True,True,True
23073,04ffff001d02290a,2601,True,True,True
23075,04ffff001d022b0a,2603,True,True,True
23078,04ffff001d023c0a,2620,True,True,True
23079,04ffff001d023e0a,2622,True,True,True
23080,04ffff001d02410a,2625,True,True,True
23081,04ffff001d02450a,2629,True,True,True
23083,04ffff001d024b0a,2635,True,True,True
23084,04ffff001d024c0a,2636,True,True,True
23085,04ffff001d024f0a,2639,True,True,True
23086,04ffff001d02520a,2642,True,True,True
23087,04ffff001d02550a,2645,True,True,True
23088,04ffff001d025f0a,2655,True,True,True
23089,04ffff001d02690a,2665,True,True,True
23090,04ffff001d026b0a,2667,True,True,True
23091,04ffff001d027e0a,2686,True,True,True
23092,04ffff001d02800a,2688,True,True,True
23093,04ffff001d02870a,2695,True,True,True
23094,04ffff001d02880a,2696,True,True,True
23096,04ffff001d02910a,2705,True,True,True
23097,04ffff001d02960a,2710,True,True,True
23098,04ffff001d029b0a,2715,True,True,True
23102,04ffff001d029c0a,2716,True,True,True
23103,04ffff001d02cf0a,2767,True,True,True
23104,04ffff001d02d80a,2776,True,True,True
23105,04ffff001d02da0a,2778,True,True,True
23106,04ffff001d02e20a,2786,True,True,True
23108,04ffff001d02e60a,2790,True,True,True
23109,04ffff001d02ed0a,2797,True,True,True
23110,04ffff001d02ef0a,2799,True,True,True
23111,04ffff001d02210b,2849,True,True,True
23113,04ffff001d02240b,2852,True,True,True
23114,04ffff001d02260b,2854,True,True,True
23115,04ffff001d02430b,2883,True,True,True
23117,04ffff001d02450b,2885,True,True,True
23118,04ffff001d02540b,2900,True,True,True
23119,04ffff001d02550b,2901,True,True,True
23120,04ffff001d02560b,2902,True,True,True
23121,04ffff001d02630b,2915,True,True,True
23124,04ffff001d02690b,2921,True,True,True
23126,04ffff001d02740b,2932,True,True,True
23127,04ffff001d02890b,2953,True,True,True
23130,04ffff001d02990b,2969,True,True,True
23132,04ffff001d02a30b,2979,True,True,True
23135,04ffff001d02ab0b,2987,True,True,True
23136,04ffff001d02ba0b,3002,True,True,True
23137,04ffff001d02c50b,3013,True,True,True
23138,04ffff001d010d,13,True,True,True
23140,04ffff001d0115,21,True,True,True
23142,04ffff001d0136,54,True,True,True
23145,04ffff001d0147,71,True,True,True
23146,04ffff001d014f,79,True,True,True
23147,04ffff001d0150,80,True,True,True
23149,04ffff001d016a,106,True,True,True
23152,04ffff001d0177,119,True,True,True
23154,04ffff001d017c,124,True,True,True
23155,04ffff001d028100,129,True,True,True
23156,04ffff001d029700,151,True,True,True
23157,04ffff001d02a500,165,True,True,True
23159,04ffff001d02a600,166,True,True,True
23161,04ffff001d02af00,175,True,True,True
23162,04ffff001d02b100,177,True,True,True
23163,04ffff001d02b700,183,True,True,True
23164,04ffff001d02c100,193,True,True,True
23165,04ffff001d02e100,225,True,True,True
23166,04ffff001d02e700,231,True,True,True
23167,04ffff001d02f100,241,True,True,True
23168,04ffff001d02f200,242,True,True,True
23169,04ffff001d02f500,245,True,True,True
23170,04ffff001d02f800,248,True,True,True
23171,04ffff001d020a01,266,True,True,True
23172,04ffff001d020d01,269,True,True,True
23175,04ffff001d021901,281,True,True,True
23176,04ffff001d022701,295,True,True,True
23178,04ffff001d022d01,301,True,True,True
23179,04ffff001d023001,304,True,True,True
23181,04ffff001d023101,305,True,True,True
23182,04ffff001d024d01,333,True,True,True
23183,04ffff001d025501,341,True,True,True
23184,04ffff001d025901,345,True,True,True
23185,04ffff001d026e01,366,True,True,True
23186,04ffff001d028301,387,True,True,True
23188,04ffff001d028d01,397,True,True,True
23190,04ffff001d02a501,421,True,True,True
23191,04ffff001d02a801,424,True,True,True
23193,04ffff001d02a901,425,True,True,True
23194,04ffff001d02aa01,426,True,True,True
23195,04ffff001d02af01,431,True,True,True
23197,04ffff001d02c401,452,True,True,True
23199,04ffff001d02d301,467,True,True,True
23200,04ffff001d02d901,473,True,True,True
23202,04ffff001d02e701,487,True,True,True
23203,04ffff001d02e901,489,True,True,True
23205,04ffff001d02f801,504,True,True,True
23206,04ffff001d02fb01,507,True,True,True
23207,04ffff001d020602,518,True,True,True
23208,04ffff001d020802,520,True,True,True
23209,04ffff001d020b02,523,True,True,True
23210,04ffff001d021e02,542,True,True,True
23212,04ffff001d021f02,543,True,True,True
23213,04ffff001d023502,565,True,True,True
23214,04ffff001d024202,578,True,True,True
23215,04ffff001d024b02,587,True,True,True
23216,04ffff001d024c02,588,True,True,True
23217,04ffff001d027202,626,True,True,True
23218,04ffff001d027902,633,True,True,True
23221,04ffff001d028402,644,True,True,True
23223,04ffff001d028802,648,True,True,True
23224,04ffff001d028b02,651,True,True,True
23225,04ffff001d029f02,671,True,True,True
23227,04ffff001d02bf02,703,True,True,True
23228,04ffff001d02c102,705,True,True,True
23229,04ffff001d02ce02,718,True,True,True
23231,04ffff001d02d702,727,True,True,True
23232,04ffff001d02ed02,749,True,True,True
23233,04ffff001d02ee02,750,True,True,True
23234,04ffff001d02f802,760,True,True,True
23235,04ffff001d02fe02,766,True,True,True
23236,04ffff001d020803,776,True,True,True
23237,04ffff001d020b03,779,True,True,True
23238,04ffff001d021303,787,True,True,True
23239,04ffff001d023d03,829,True,True,True
23241,04ffff001d024203,834,True,True,True
23242,04ffff001d025103,849,True,True,True
23243,04ffff001d026603,870,True,True,True
23244,04ffff001d027503,885,True,True,True
23246,04ffff001d028b03,907,True,True,True
23247,04ffff001d029503,917,True,True,True
23249,04ffff001d029a03,922,True,True,True
23251,04ffff001d029c03,924,True,True,True
23253,04ffff001d02ac03,940,True,True,True
23254,04ffff001d02ce03,974,True,True,True
23256,04ffff001d02f703,1015,True,True,True
23257,04ffff001d021904,1049,True,True,True
23258,04ffff001d021b04,1051,True,True,True
23260,04ffff001d022104,1057,True,True,True
23261,04ffff001d022504,1061,True,True,True
23262,04ffff001d022604,1062,True,True,True
23263,04ffff001d024504,1093,True,True,True
23264,04ffff001d024704,1095,True,True,True
23265,04ffff001d024a04,1098,True,True,True
23266,04ffff001d024c04,1100,True,True,True
23267,04ffff001d025004,1104,True,True,True
23269,04ffff001d025904,1113,True,True,True
23270,04ffff001d026004,1120,True,True,True
23271,04ffff001d026a04,1130,True,True,True
23273,04ffff001d026d04,1133,True,True,True
23274,04ffff001d029104,1169,True,True,True
23275,04ffff001d029d04,1181,True,True,True
23276,04ffff001d02aa04,1194,True,True,True
23277,04ffff001d02ab04,1195,True,True,True
23278,04ffff001d02b404,1204,True,True,True
23279,04ffff001d02b704,1207,True,True,True
23280,04ffff001d02c504,1221,True,True,True
23282,04ffff001d02fa04,1274,True,True,True
23283,04ffff001d02fe04,1278,True,True,True
23285,04ffff001d020005,1280,True,True,True
23288,04ffff001d021005,1296,True,True,True
23289,04ffff001d021105,1297,True,True,True
23291,04ffff001d024005,1344,True,True,True
23292,04ffff001d024205,1346,True,True,True
23293,04ffff001d025205,1362,True,True,True
23295,04ffff001d025505,1365,True,True,True
23297,04ffff001d025805,1368,True,True,True
23298,04ffff001d026d05,1389,True,True,True
23300,04ffff001d027705,1399,True,True,True
23301,04ffff001d027a05,1402,True,True,True
23302,04ffff001d027c05,1404,True,True,True
23303,04ffff001d02a205,1442,True,True,True
23304,04ffff001d02b605,1462,True,True,True
23307,04ffff001d02c305,1475,True,True,True
23309,04ffff001d02c805,1480,True,True,True
23311,04ffff001d02ca05,1482,True,True,True
23312,04ffff001d02d105,1489,True,True,True
23313,04ffff001d02d505,1493,True,True,True
23314,04ffff001d02ff05,1535,True,True,True
23315,04ffff001d020006,1536,True,True,True
23316,04ffff001d021306,1555,True,True,True
23319,04ffff001d022506,1573,True,True,True
23320,04ffff001d023006,1584,True,True,True
23322,04ffff001d023d06,1597,True,True,True
23323,04ffff001d024406,1604,True,True,True
23324,04ffff001d026806,1640,True,True,True
23325,04ffff001d027206,1650,True,True,True
23326,04ffff001d027706,1655,True,True,True
23327,04ffff001d027906,1657,True,True,True
23328,04ffff001d027b06,1659,True,True,True
23330,04ffff001d02ae06,1710,True,True,True
23331,04ffff001d02b606,1718,True,True,True
23333,04ffff001d02dc06,1756,True,True,True
23335,04ffff001d02ed06,1773,True,True,True
23336,04ffff001d02f206,1778,True,True,True
23337,04ffff001d02f406,1780,True,True,True
23338,04ffff001d02f706,1783,True,True,True
23341,04ffff001d020107,1793,True,True,True
23342,04ffff001d020207,1794,True,True,True
23346,04ffff001d020807,1800,True,True,True
23348,04ffff001d026007,1888,True,True,True
23350,04ffff001d027007,1904,True,True,True
23351,04ffff001d027307,1907,True,True,True
23353,04ffff001d027807,1912,True,True,True
23355,04ffff001d027b07,1915,True,True,True
23356,04ffff001d027f07,1919,True,True,True
23357,04ffff001d028f07,1935,True,True,True
23358,04ffff001d029007,1936,True,True,True
23361,04ffff001d029107,1937,True,True,True
23363,04ffff001d029807,1944,True,True,True
23364,04ffff001d029c07,1948,True,True,True
23365,04ffff001d02a007,1952,True,True,True
23368,04ffff001d02b207,1970,True,True,True
23369,04ffff001d02b807,1976,True,True,True
23370,04ffff001d02c207,1986,True,True,True
23372,04ffff001d02c307,1987,True,True,True
23373,04ffff001d02c707,1991,True,True,True
23374,04ffff001d02d307,2003,True,True,True
23375,04ffff001d02dd07,2013,True,True,True
23378,04ffff001d02e707,2023,True,True,True
23379,04ffff001d02ee07,2030,True,True,True
23380,04ffff001d02f507,2037,True,True,True
23381,04ffff001d020508,2053,True,True,True
23382,04ffff001d020808,2056,True,True,True
23383,04ffff001d020b08,2059,True,True,True
23384,04ffff001d021008,2064,True,True,True
23386,04ffff001d021708,2071,True,True,True
23387,04ffff001d021808,2072,True,True,True
23388,04ffff001d023308,2099,True,True,True
23390,04ffff001d024408,2116,True,True,True
23391,04ffff001d025f08,2143,True,True,True
23392,04ffff001d026708,2151,True,True,True
23393,04ffff001d027108,2161,True,True,True
23395,04ffff001d027308,2163,True,True,True
23397,04ffff001d028a08,2186,True,True,True
23398,04ffff001d028c08,2188,True,True,True
23399,04ffff001d02ae08,2222,True,True,True
23400,04ffff001d02db08,2267,True,True,True
23401,04ffff001d02e408,2276,True,True,True
23402,04ffff001d02f508,2293,True,True,True
23403,04ffff001d020d09,2317,True,True,True
23404,04ffff001d021b09,2331,True,True,True
23405,04ffff001d022509,2341,True,True,True
23406,04ffff001d022709,2343,True,True,True
23407,04ffff001d023009,2352,True,True,True
23409,04ffff001d023909,2361,True,True,True
23411,04ffff001d024609,2374,True,True,True
23435,04ffff001d026409,2404,True,True,True
23437,04ffff001d026509,2405,True,True,True
23440,04ffff001d026f09,2415,True,True,True
23442,04ffff001d028709,2439,True,True,True
23444,04ffff001d029109,2449,True,True,True
23445,04ffff001d029209,2450,True,True,True
23447,04ffff001d02ac09,2476,True,True,True
23448,04ffff001d02af09,2479,True,True,True
23449,04ffff001d02b009,2480,True,True,True
23450,04ffff001d02b209,2482,True,True,True
23451,04ffff001d02c709,2503,True,True,True
23452,04ffff001d02c809,2504,True,True,True
23453,04ffff001d02ee09,2542,True,True,True
23454,04ffff001d02f309,2547,True,True,True
23455,04ffff001d020f0a,2575,True,True,True
23457,04ffff001d02220a,2594,True,True,True
23458,04ffff001d022c0a,2604,True,True,True
23459,04ffff001d02310a,2609,True,True,True
23460,04ffff001d02490a,2633,True,True,True
23461,04ffff001d02600a,2656,True,True,True
23462,04ffff001d02610a,2657,True,True,True
23464,04ffff001d028f0a,2703,True,True,True
23465,04ffff001d02950a,2709,True,True,True
23468,04ffff001d02aa0a,2730,True,True,True
23469,04ffff001d02b70a,2743,True,True,True
23471,04ffff001d02bf0a,2751,True,True,True
23475,04ffff001d02c70a,2759,True,True,True
23478,04ffff001d02ca0a,2762,True,True,True
23479,04ffff001d02e50a,2789,True,True,True
23480,04ffff001d02fa0a,2810,True,True,True
23481,04ffff001d020e0b,2830,True,True,True
23483,04ffff001d02130b,2835,True,True,True
23485,04ffff001d021a0b,2842,True,True,True
23486,04ffff001d021d0b,2845,True,True,True
23487,04ffff001d02480b,2888,True,True,True
23489,04ffff001d025d0b,2909,True,True,True
23491,04ffff001d02600b,2912,True,True,True
23492,04ffff001d02620b,2914,True,True,True
23494,04ffff001d027c0b,2940,True,True,True
23496,04ffff001d027e0b,2942,True,True,True
23497,04ffff001d027f0b,2943,True,True,True
23499,04ffff001d02900b,2960,True,True,True
23500,04ffff001d02950b,2965,True,True,True
23502,04ffff001d02ac0b,2988,True,True,True
23504,04ffff001d02bc0b,3004,True,True,True
23505,04ffff001d02ca0b,3018,True,True,True
23510,04ffff001d0103,3,True,True,True
23511,04ffff001d010d,13,True,True,True
23512,04ffff001d0126,38,True,True,True
23513,04ffff001d0127,39,True,True,True
23515,04ffff001d012d,45,True,True,True
23518,04ffff001d0131,49,True,True,True
23519,04ffff001d0134,52,True,True,True
23522,04ffff001d028500,133,True,True,True
23523,04ffff001d029400,148,True,True,True
23525,04ffff001d029b00,155,True,True,True
23529,04ffff001d029c00,156,True,True,True
23530,04ffff001d02a400,164,True,True,True
23532,04ffff001d02ab00,171,True,True,True
23534,04ffff001d02ae00,174,True,True,True
23536,04ffff001d02b100,177,True,True,True
23537,04ffff001d02b200,178,True,True,True
23540,04ffff001d02b500,181,True,True,True
23543,04ffff001d02c000,192,True,True,True
23545,04ffff001d02c900,201,True,True,True
23546,04ffff001d02db00,219,True,True,True
23548,04ffff001d02e000,224,True,True,True
23551,04ffff001d02e500,229,True,True,True
23553,04ffff001d02f300,243,True,True,True
23556,04ffff001d02f900,249,True,True,True
23557,04ffff001d020901,265,True,True,True
23558,04ffff001d021b01,283,True,True,True
23562,04ffff001d022c01,300,True,True,True
23563,04ffff001d022d01,301,True,True,True
23564,04ffff001d024001,320,True,True,True
23566,04ffff001d024201,322,True,True,True
23567,04ffff001d024501,325,True,True,True
23568,04ffff001d024801,328,True,True,True
23570,04ffff001d025d01,349,True,True,True
23573,04ffff001d025f01,351,True,True,True
23574,04ffff001d026f01,367,True,True,True
23575,04ffff001d028001,384,True,True,True
23577,04ffff001d028a01,394,True,True,True
23579,04ffff001d02b801,440,True,True,True
23582,04ffff001d02bf01,447,True,True,True
23583,04ffff001d02c601,454,True,True,True
23584,04ffff001d02ca01,458,True,True,True
23589,04ffff001d02cb01,459,True,True,True
23590,04ffff001d02d901,473,True,True,True
23591,04ffff001d02de01,478,True,True,True
23593,04ffff001d02e001,480,True,True,True
23594,04ffff001d02e101,481,True,True,True
23597,04ffff001d021a02,538,True,True,True
23599,04ffff001d022702,551,True,True,True
23600,04ffff001d022c02,556,True,True,True
23601,04ffff001d023802,568,True,True,True
23603,04ffff001d023f02,575,True,True,True
23607,04ffff001d025702,599,True,True,True
23608,04ffff001d025f02,607,True,True,True
23611,04ffff001d027e02,638,True,True,True
23612,04ffff001d028a02,650,True,True,True
23614,04ffff001d029202,658,True,True,True
23616,04ffff001d029d02,669,True,True,True
23618,04ffff001d029e02,670,True,True,True
23620,04ffff001d02b802,696,True,True,True
23621,04ffff001d02bc02,700,True,True,True
23625,04ffff001d02c602,710,True,True,True
23627,04ffff001d02d002,720,True,True,True
23628,04ffff001d02f102,753,True,True,True
23629,04ffff001d020803,776,True,True,True
23630,04ffff001d020903,777,True,True,True
23633,04ffff001d020b03,779,True,True,True
23635,04ffff001d022403,804,True,True,True
23638,04ffff001d023103,817,True,True,True
23639,04ffff001d023f03,831,True,True,True
23641,04ffff001d025c03,860,True,True,True
23642,04ffff001d025f03,863,True,True,True
23644,04ffff001d027003,880,True,True,True
23646,04ffff001d027603,886,True,True,True
23647,04ffff001d027703,887,True,True,True
23650,04ffff001d028003,896,True,True,True
23651,04ffff001d028403,900,True,True,True
23652,04ffff001d028a03,906,True,True,True
23653,04ffff001d02bc03,956,True,True,True
23654,04ffff001d02e003,992,True,True,True
23655,04ffff001d02e703,999,True,True,True
23656,04ffff001d020204,1026,True,True,True
23658,04ffff001d020704,1031,True,True,True
23659,04ffff001d021804,1048,True,True,True
23660,04ffff001d022304,1059,True,True,True
23662,04ffff001d022504,1061,True,True,True
23664,04ffff001d022f04,1071,True,True,True
23666,04ffff001d024304,1091,True,True,True
23667,04ffff001d025204,1106,True,True,True
23670,04ffff001d025404,1108,True,True,True
23671,04ffff001d026c04,1132,True,True,True
23672,04ffff001d026e04,1134,True,True,True
23674,04ffff001d027a04,1146,True,True,True
23677,04ffff001d0107,7,True,True,True
23678,04ffff001d010e,14,True,True,True
23680,04ffff001d0112,18,True,True,True
23683,04ffff001d0118,24,True,True,True
23686,04ffff001d011e,30,True,True,True
23687,04ffff001d0121,33,True,True,True
23688,04ffff001d0125,37,True,True,True
23690,04ffff001d012f,47,True,True,True
23692,04ffff001d0132,50,True,True,True
23694,04ffff001d0139,57,True,True,True
23696,04ffff001d0144,68,True,True,True
23699,04ffff001d014b,75,True,True,True
23700,04ffff001d0152,82,True,True,True
23703,04ffff001d0163,99,True,True,True
23705,04ffff001d0169,105,True,True,True
23707,04ffff001d0177,119,True,True,True
23710,04ffff001d017c,124,True,True,True
23711,04ffff001d029400,148,True,True,True
23712,04ffff001d029500,149,True,True,True
23713,04ffff001d029900,153,True,True,True
23715,04ffff001d029f00,159,True,True,True
23719,04ffff001d02a800,168,True,True,True
23720,04ffff001d02b800,184,True,True,True
23724,04ffff001d02bb00,187,True,True,True
23727,04ffff001d02c800,200,True,True,True
23729,04ffff001d02dd00,221,True,True,True
23731,04ffff001d02eb00,235,True,True,True
23732,04ffff001d02f300,243,True,True,True
23736,04ffff001d020e01,270,True,True,True
23738,04ffff001d021e01,286,True,True,True
23740,04ffff001d021f01,287,True,True,True
23741,04ffff001d022501,293,True,True,True
23746,04ffff001d022e01,302,True,True,True
23748,04ffff001d023d01,317,True,True,True
23749,04ffff001d026001,352,True,True,True
23750,04ffff001d027501,373,True,True,True
23753,04ffff001d029001,400,True,True,True
23755,04ffff001d02a701,423,True,True,True
23756,04ffff001d02bb01,443,True,True,True
23758,04ffff001d02cd01,461,True,True,True
23760,04ffff001d02f801,504,True,True,True
23762,04ffff001d02fd01,509,True,True,True
23763,04ffff001d020102,513,True,True,True
23765,04ffff001d021f02,543,True,True,True
23766,04ffff001d022602,550,True,True,True
23767,04ffff001d023102,561,True,True,True
23769,04ffff001d023802,568,True,True,True
23772,04ffff001d024102,577,True,True,True
23774,04ffff001d024602,582,True,True,True
23776,04ffff001d025402,596,True,True,True
23778,04ffff001d026102,609,True,True,True
23779,04ffff001d027202,626,True,True,True
23781,04ffff001d028302,643,True,True,True
23782,04ffff001d028902,649,True,True,True
23783,04ffff001d028a02,650,True,True,True
23784,04ffff001d029102,657,True,True,True
23785,04ffff001d029f02,671,True,True,True
23786,04ffff001d02a002,672,True,True,True
23787,04ffff001d02b902,697,True,True,True
23788,04ffff001d02c702,711,True,True,True
23789,04ffff001d02ef02,751,True,True,True
23790,04ffff001d021803,792,True,True,True
23792,04ffff001d024003,832,True,True,True
23794,04ffff001d025d03,861,True,True,True
23796,04ffff001d025f03,863,True,True,True
23797,04ffff001d026303,867,True,True,True
23798,04ffff001d026903,873,True,True,True
23799,04ffff001d026b03,875,True,True,True
23801,04ffff001d027103,881,True,True,True
23802,04ffff001d027703,887,True,True,True
23804,04ffff001d027903,889,True,True,True
23805,04ffff001d028203,898,True,True,True
23806,04ffff001d02a503,933,True,True,True
23809,04ffff001d02d003,976,True,True,True
23810,04ffff001d02e303,995,True,True,True
23811,04ffff001d020f04,1039,True,True,True
23812,04ffff001d021604,1046,True,True,True
23813,04ffff001d021904,1049,True,True,True
23815,04ffff001d023b04,1083,True,True,True
23817,04ffff001d023c04,1084,True,True,True
23818,04ffff001d023f04,1087,True,True,True
23821,04ffff001d025904,1113,True,True,True
23822,04ffff001d026904,1129,True,True,True
23823,04ffff001d027604,1142,True,True,True
23825,04ffff001d028a04,1162,True,True,True
23829,04ffff001d028e04,1166,True,True,True
23830,04ffff001d02c404,1220,True,True,True
23831,04ffff001d02df04,1247,True,True,True
23833,04ffff001d02e004,1248,True,True,True
23835,04ffff001d021005,1296,True,True,True
23838,04ffff001d022c05,1324,True,True,True
23839,04ffff001d023405,1332,True,True,True
23840,04ffff001d023805,1336,True,True,True
23842,04ffff001d023e05,1342,True,True,True
23843,04ffff001d024405,1348,True,True,True
23844,04ffff001d025605,1366,True,True,True
23847,04ffff001d026b05,1387,True,True,True
23849,04ffff001d026c05,1388,True,True,True
23850,04ffff001d027c05,1404,True,True,True
23851,04ffff001d027d05,1405,True,True,True
23853,04ffff001d028705,1415,True,True,True
23855,04ffff001d02a205,1442,True,True,True
23857,04ffff001d02bd05,1469,True,True,True
23859,04ffff001d02c705,1479,True,True,True
23860,04ffff001d02d005,1488,True,True,True
23861,04ffff001d02d505,1493,True,True,True
23864,04ffff001d020606,1542,True,True,True
23865,04ffff001d020906,1545,True,True,True
23867,04ffff001d020d06,1549,True,True,True
23869,04ffff001d021306,1555,True,True,True
23871,04ffff001d023006,1584,True,True,True
23873,04ffff001d023406,1588,True,True,True
23874,04ffff001d023506,1589,True,True,True
23875,04ffff001d023906,1593,True,True,True
23876,04ffff001d025506,1621,True,True,True
23877,04ffff001d025906,1625,True,True,True
23880,04ffff001d026506,1637,True,True,True
23882,04ffff001d026606,1638,True,True,True
23884,04ffff001d027306,1651,True,True,True
23885,04ffff001d027d06,1661,True,True,True
23886,04ffff001d027e06,1662,True,True,True
23888,04ffff001d02a906,1705,True,True,True
23889,04ffff001d02b406,1716,True,True,True
23890,04ffff001d02bb06,1723,True,True,True
23892,04ffff001d02c806,1736,True,True,True
23893,04ffff001d02e906,1769,True,True,True
23894,04ffff001d02f106,1777,True,True,True
23895,04ffff001d020c07,1804,True,True,True
23896,04ffff001d022a07,1834,True,True,True
23897,04ffff001d023207,1842,True,True,True
23898,04ffff001d024607,1862,True,True,True
23899,04ffff001d026007,1888,True,True,True
23901,04ffff001d026807,1896,True,True,True
23903,04ffff001d027c07,1916,True,True,True
23904,04ffff001d029b07,1947,True,True,True
23906,04ffff001d029f07,1951,True,True,True
23908,04ffff001d02c007,1984,True,True,True
23912,04ffff001d02cf07,1999,True,True,True
23913,04ffff001d02d107,2001,True,True,True
23915,04ffff001d02d307,2003,True,True,True
23916,04ffff001d02e007,2016,True,True,True
23918,04ffff001d020e08,2062,True,True,True
23919,04ffff001d021d08,2077,True,True,True
23920,04ffff001d023f08,2111,True,True,True
23922,04ffff001d025008,2128,True,True,True
23924,04ffff001d025708,2135,True,True,True
23926,04ffff001d025f08,2143,True,True,True
23927,04ffff001d026208,2146,True,True,True
23928,04ffff001d028908,2185,True,True,True
23929,04ffff001d029508,2197,True,True,True
23930,04ffff001d029608,2198,True,True,True
23932,04ffff001d029f08,2207,True,True,True
23934,04ffff001d02b908,2233,True,True,True
23935,04ffff001d02be08,2238,True,True,True
23936,04ffff001d02c308,2243,True,True,True
23937,04ffff001d02ca08,2250,True,True,True
23939,04ffff001d02de08,2270,True,True,True
23941,04ffff001d02e308,2275,True,True,True
23942,04ffff001d02f308,2291,True,True,True
23944,04ffff001d02f508,2293,True,True,True
23945,04ffff001d02fe08,2302,True,True,True
23946,04ffff001d021409,2324,True,True,True
23948,04ffff001d022809,2344,True,True,True
23951,04ffff001d023b09,2363,True,True,True
23952,04ffff001d024c09,2380,True,True,True
23953,04ffff001d024f09,2383,True,True,True
23955,04ffff001d027409,2420,True,True,True
23956,04ffff001d028f09,2447,True,True,True
23959,04ffff001d029409,2452,True,True,True
23961,04ffff001d029509,2453,True,True,True
23962,04ffff001d029d09,2461,True,True,True
23963,04ffff001d02a909,2473,True,True,True
23965,04ffff001d02c409,2500,True,True,True
23967,04ffff001d02cb09,2507,True,True,True
23970,04ffff001d02d109,2513,True,True,True
23972,04ffff001d02dd09,2525,True,True,True
23973,04ffff001d02de09,2526,True,True,True
23975,04ffff001d02e409,2532,True,True,True
23976,04ffff001d02e609,2534,True,True,True
23978,04ffff001d02ee09,2542,True,True,True
23981,04ffff001d020a0a,2570,True,True,True
23982,04ffff001d02140a,2580,True,True,True
23983,04ffff001d02150a,2581,True,True,True
23984,04ffff001d02190a,2585,True,True,True
23986,04ffff001d023c0a,2620,True,True,True
23987,04ffff001d02490a,2633,True,True,True
23989,04ffff001d02820a,2690,True,True,True
23990,04ffff001d02830a,2691,True,True,True
23992,04ffff001d029b0a,2715,True,True,True
23994,04ffff001d02b70a,2743,True,True,True
23995,04ffff001d02ba0a,2746,True,True,True
23999,04ffff001d02c20a,2754,True,True,True
24000,04ffff001d02c60a,2758,True,True,True
24001,04ffff001d02d90a,2777,True,True,True
24002,04ffff001d02dd0a,2781,True,True,True
24004,04ffff001d02fb0a,2811,True,True,True
24006,04ffff001d02010b,2817,True,True,True
24009,04ffff001d02190b,2841,True,True,True
24011,04ffff001d02220b,2850,True,True,True
24014,04ffff001d0103,3,True,True,True
24015,04ffff001d0105,5,True,True,True
24016,04ffff001d010d,13,True,True,True
24017,04ffff001d0125,37,True,True,True
24018,04ffff001d0146,70,True,True,True
24020,04ffff001d014a,74,True,True,True
24021,04ffff001d014e,78,True,True,True
24023,04ffff001d0151,81,True,True,True
24024,04ffff001d0161,97,True,True,True
24025,04ffff001d0167,103,True,True,True
24026,04ffff001d0169,105,True,True,True
24027,04ffff001d017c,124,True,True,True
24029,04ffff001d028800,136,True,True,True
24032,04ffff001d028a00,138,True,True,True
24034,04ffff001d028b00,139,True,True,True
24035,04ffff001d029000,144,True,True,True
24037,04ffff001d029200,146,True,True,True
24038,04ffff001d029600,150,True,True,True
24039,04ffff001d02a000,160,True,True,True
24040,04ffff001d02a400,164,True,True,True
24042,04ffff001d02a500,165,True,True,True
24043,04ffff001d02a600,166,True,True,True
24045,04ffff001d02b300,179,True,True,True
24049,04ffff001d02b900,185,True,True,True
24050,04ffff001d02d800,216,True,True,True
24051,04ffff001d02e000,224,True,True,True
24054,04ffff001d02ef00,239,True,True,True
24055,04ffff001d02f100,241,True,True,True
24056,04ffff001d02fe00,254,True,True,True
24058,04ffff001d021001,272,True,True,True
24059,04ffff001d021c01,284,True,True,True
24061,04ffff001d022b01,299,True,True,True
24062,04ffff001d024201,322,True,True,True
24063,04ffff001d025301,339,True,True,True
24065,04ffff001d025f01,351,True,True,True
24069,04ffff001d026201,354,True,True,True
24073,04ffff001d027301,371,True,True,True
24076,04ffff001d028201,386,True,True,True
24080,04ffff001d028801,392,True,True,True
24082,04ffff001d02a101,417,True,True,True
24085,04ffff001d02a301,419,True,True,True
24087,04ffff001d02a401,420,True,True,True
24091,04ffff001d02b701,439,True,True,True
24093,04ffff001d02c701,455,True,True,True
24094,04ffff001d02da01,474,True,True,True
24095,04ffff001d02eb01,491,True,True,True
24096,04ffff001d02ec01,492,True,True,True
24098,04ffff001d020502,517,True,True,True
24099,04ffff001d020d02,525,True,True,True
24100,04ffff001d022e02,558,True,True,True
24102,04ffff001d024e02,590,True,True,True
24103,04ffff001d026102,609,True,True,True
24104,04ffff001d027c02,636,True,True,True
24106,04ffff001d028102,641,True,True,True
24108,04ffff001d029a02,666,True,True,True
24110,04ffff001d02b702,695,True,True,True
24112,04ffff001d02bc02,700,True,True,True
24115,04ffff001d02c502,709,True,True,True
24116,04ffff001d02dd02,733,True,True,True
24118,04ffff001d02e902,745,True,True,True
24121,04ffff001d020903,777,True,True,True
24124,04ffff001d020f03,783,True,True,True
24125,04ffff001d021003,784,True,True,True
24126,04ffff001d021803,792,True,True,True
24128,04ffff001d022b03,811,True,True,True
24129,04ffff001d023503,821,True,True,True
24130,04ffff001d025503,853,True,True,True
24132,04ffff001d025a03,858,True,True,True
24133,04ffff001d025d03,861,True,True,True
24134,04ffff001d026c03,876,True,True,True
24135,04ffff001d027703,887,True,True,True
24136,04ffff001d027a03,890,True,True,True
24137,04ffff001d027d03,893,True,True,True
24138,04ffff001d028903,905,True,True,True
24139,04ffff001d029803,920,True,True,True
24140,04ffff001d029903,921,True,True,True
24141,04ffff001d029c03,924,True,True,True
24142,04ffff001d02a203,930,True,True,True
24144,04ffff001d02a903,937,True,True,True
24145,04ffff001d02cc03,972,True,True,True
24146,04ffff001d02d803,984,True,True,True
24149,04ffff001d02e303,995,True,True,True
24150,04ffff001d02e403,996,True,True,True
24152,04ffff001d02f303,1011,True,True,True
24154,04ffff001d02f503,1013,True,True,True
24160,04ffff001d021004,1040,True,True,True
24161,04ffff001d021504,1045,True,True,True
24162,04ffff001d021c04,1052,True,True,True
24163,04ffff001d022504,1061,True,True,True
24165,04ffff001d022604,1062,True,True,True
24167,04ffff001d023404,1076,True,True,True
24168,04ffff001d023504,1077,True,True,True
24169,04ffff001d024c04,1100,True,True,True
24172,04ffff001d025a04,1114,True,True,True
24174,04ffff001d026304,1123,True,True,True
24177,04ffff001d026404,1124,True,True,True
24178,04ffff001d026504,1125,True,True,True
24179,04ffff001d027104,1137,True,True,True
24180,04ffff001d028204,1154,True,True,True
24181,04ffff001d028a04,1162,True,True,True
24184,04ffff001d028f04,1167,True,True,True
24186,04ffff001d029504,1173,True,True,True
24187,04ffff001d02b504,1205,True,True,True
24188,04ffff001d02db04,1243,True,True,True
24189,04ffff001d02fb04,1275,True,True,True
24190,04ffff001d02fd04,1277,True,True,True
24191,04ffff001d021105,1297,True,True,True
24195,04ffff001d022a05,1322,True,True,True
24197,04ffff001d022f05,1327,True,True,True
24199,04ffff001d023205,1330,True,True,True
24201,04ffff001d023705,1335,True,True,True
24204,04ffff001d024605,1350,True,True,True
24206,04ffff001d025f05,1375,True,True,True
24208,04ffff001d028e05,1422,True,True,True
24209,04ffff001d029a05,1434,True,True,True
24210,04ffff001d029e05,1438,True,True,True
24211,04ffff001d02aa05,1450,True,True,True
24212,04ffff001d02ab05,1451,True,True,True
24214,04ffff001d02b705,1463,True,True,True
24215,04ffff001d02bb05,1467,True,True,True
24217,04ffff001d02c305,1475,True,True,True
24218,04ffff001d02c605,1478,True,True,True
24220,04ffff001d02cc05,1484,True,True,True
24221,04ffff001d02cd05,1485,True,True,True
24222,04ffff001d02d105,1489,True,True,True
24223,04ffff001d02d505,1493,True,True,True
24224,04ffff001d02ef05,1519,True,True,True
24225,04ffff001d020c06,1548,True,True,True
24227,04ffff001d021806,1560,True,True,True
24228,04ffff001d021f06,1567,True,True,True
24231,04ffff001d0111,17,True,True,True
24232,04ffff001d0116,22,True,True,True
24234,04ffff001d0129,41,True,True,True
24239,04ffff001d013c,60,True,True,True
24241,04ffff001d0152,82,True,True,True
24249,04ffff001d0160,96,True,True,True
24252,04ffff001d0162,98,True,True,True
24253,04ffff001d0175,117,True,True,True
24255,04ffff001d0177,119,True,True,True
24257,04ffff001d017e,126,True,True,True
24262,04ffff001d0105,5,True,True,True
24263,04ffff001d011a,26,True,True,True
24266,04ffff001d011c,28,True,True,True
24268,04ffff001d0123,35,True,True,True
24269,04ffff001d0125,37,True,True,True
24272,04ffff001d0129,41,True,True,True
24276,04ffff001d012f,47,True,True,True
24279,04ffff001d0134,52,True,True,True
24282,04ffff001d0148,72,True,True,True
24285,04ffff001d0153,83,True,True,True
24288,04ffff001d0165,101,True,True,True
24290,04ffff001d0167,103,True,True,True
24291,04ffff001d0171,113,True,True,True
24297,04ffff001d0176,118,True,True,True
24300,04ffff001d017b,123,True,True,True
24304,04ffff001d028200,130,True,True,True
24307,04ffff001d028d00,141,True,True,True
24311,04ffff001d028f00,143,True,True,True
24318,04ffff001d029e00,158,True,True,True
24320,04ffff001d029f00,159,True,True,True
24321,04ffff001d02a000,160,True,True,True
24324,04ffff001d02a300,163,True,True,True
24331,04ffff001d02a400,164,True,True,True
24332,04ffff001d02a900,169,True,True,True
24335,04ffff001d02b100,177,True,True,True
24337,04ffff001d02b900,185,True,True,True
24341,04ffff001d02c300,195,True,True,True
24342,04ffff001d02cd00,205,True,True,True
24343,04ffff001d02d100,209,True,True,True
24346,04ffff001d02d900,217,True,True,True
24351,04ffff001d02db00,219,True,True,True
24353,04ffff001d02e300,227,True,True,True
24357,04ffff001d02f000,240,True,True,True
24358,04ffff001d02f100,241,True,True,True
24361,04ffff001d02f500,245,True,True,True
24362,04ffff001d02fc00,252,True,True,True
24363,04ffff001d021b01,283,True,True,True
24364,04ffff001d022101,289,True,True,True
24367,04ffff001d023001,304,True,True,True
24373,04ffff001d023901,313,True,True,True
24375,04ffff001d023a01,314,True,True,True
24380,04ffff001d024801,328,True,True,True
24382,04ffff001d024901,329,True,True,True
24386,04ffff001d025501,341,True,True,True
24388,04ffff001d025901,345,True,True,True
24390,04ffff001d026601,358,True,True,True
24394,04ffff001d026d01,365,True,True,True
24397,04ffff001d028301,387,True,True,True
24399,04ffff001d028401,388,True,True,True
24400,04ffff001d028601,390,True,True,True
24401,04ffff001d028c01,396,True,True,True
24402,04ffff001d029501,405,True,True,True
24406,04ffff001d02a001,416,True,True,True
24413,04ffff001d02c401,452,True,True,True
24414,04ffff001d02e801,488,True,True,True
24415,04ffff001d02eb01,491,True,True,True
24416,04ffff001d02ef01,495,True,True,True
24418,04ffff001d02f701,503,True,True,True
24419,04ffff001d02fa01,506,True,True,True
24423,04ffff001d02fc01,508,True,True,True
24425,04ffff001d020302,515,True,True,True
24427,04ffff001d021402,532,True,True,True
24428,04ffff001d021a02,538,True,True,True
24430,04ffff001d022102,545,True,True,True
24433,04ffff001d022302,547,True,True,True
24434,04ffff001d023102,561,True,True,True
24438,04ffff001d025802,600,True,True,True
24441,04ffff001d026002,608,True,True,True
24447,04ffff001d026602,614,True,True,True
24449,04ffff001d026702,615,True,True,True
24450,04ffff001d026902,617,True,True,True
24452,04ffff001d027602,630,True,True,True
24453,04ffff001d028402,644,True,True,True
24454,04ffff001d028502,645,True,True,True
24455,04ffff001d029702,663,True,True,True
24457,04ffff001d02b502,693,True,True,True
24461,04ffff001d02be02,702,True,True,True
24462,04ffff001d02d502,725,True,True,True
24463,04ffff001d02d602,726,True,True,True
24464,04ffff001d020003,768,True,True,True
24466,04ffff001d020d03,781,True,True,True
24469,04ffff001d021e03,798,True,True,True
24470,04ffff001d021f03,799,True,True,True
24473,04ffff001d023003,816,True,True,True
24477,04ffff001d024203,834,True,True,True
24481,04ffff001d024803,840,True,True,True
24482,04ffff001d024a03,842,True,True,True
24486,04ffff001d024d03,845,True,True,True
24488,04ffff001d025903,857,True,True,True
24490,04ffff001d025d03,861,True,True,True
24491,04ffff001d026503,869,True,True,True
24494,04ffff001d026c03,876,True,True,True
24496,04ffff001d027503,885,True,True,True
24501,04ffff001d027e03,894,True,True,True
24503,04ffff001d028803,904,True,True,True
24504,04ffff001d028f03,911,True,True,True
24510,04ffff001d029103,913,True,True,True
24511,04ffff001d02a003,928,True,True,True
24517,04ffff001d02ac03,940,True,True,True
24521,04ffff001d02b203,946,True,True,True
24522,04ffff001d02b703,951,True,True,True
24527,04ffff001d02cc03,972,True,True,True
24531,04ffff001d02ef03,1007,True,True,True
24532,04ffff001d02f303,1011,True,True,True
24535,04ffff001d02f903,1017,True,True,True
24537,04ffff001d023604,1078,True,True,True
24539,04ffff001d024404,1092,True,True,True
24543,04ffff001d024604,1094,True,True,True
24545,04ffff001d025204,1106,True,True,True
24549,04ffff001d026c04,1132,True,True,True
24554,04ffff001d028f04,1167,True,True,True
24557,04ffff001d02a104,1185,True,True,True
24560,04ffff001d02a604,1190,True,True,True
24566,04ffff001d02b604,1206,True,True,True
24567,04ffff001d02b704,1207,True,True,True
24570,04ffff001d02c104,1217,True,True,True
24572,04ffff001d02d004,1232,True,True,True
24574,04ffff001d02d104,1233,True,True,True
24575,04ffff001d02f904,1273,True,True,True
24578,04ffff001d02fd04,1277,True,True,True
24579,04ffff001d02fe04,1278,True,True,True
24580,04ffff001d020605,1286,True,True,True
24584,04ffff001d021005,1296,True,True,True
24587,04ffff001d022205,1314,True,True,True
24589,04ffff001d022705,1319,True,True,True
24591,04ffff001d022b05,1323,True,True,True
24592,04ffff001d023705,1335,True,True,True
24598,04ffff001d023c05,1340,True,True,True
24600,04ffff001d025505,1365,True,True,True
24604,04ffff001d026505,1381,True,True,True
24609,04ffff001d026905,1385,True,True,True
24611,04ffff001d026f05,1391,True,True,True
24613,04ffff001d027605,1398,True,True,True
24615,04ffff001d028e05,1422,True,True,True
24618,04ffff001d029105,1425,True,True,True
24624,04ffff001d029c05,1436,True,True,True
24629,04ffff001d029e05,1438,True,True,True
24633,04ffff001d02a105,1441,True,True,True
24639,04ffff001d02af05,1455,True,True,True
24644,04ffff001d02ba05,1466,True,True,True
24651,04ffff001d02c205,1474,True,True,True
24654,04ffff001d02c405,1476,True,True,True
24658,04ffff001d02d205,1490,True,True,True
24659,04ffff001d02d305,1491,True,True,True
24662,04ffff001d02d505,1493,True,True,True
24666,04ffff001d02d605,1494,True,True,True
24675,04ffff001d02e705,1511,True,True,True
24681,04ffff001d02e805,1512,True,True,True
24686,04ffff001d02f305,1523,True,True,True
24687,04ffff001d02f405,1524,True,True,True
24690,04ffff001d02fb05,1531,True,True,True
24693,04ffff001d020506,1541,True,True,True
24702,04ffff001d022106,1569,True,True,True
24706,04ffff001d022806,1576,True,True,True
24710,04ffff001d024306,1603,True,True,True
24711,04ffff001d024406,1604,True,True,True
24713,04ffff001d026806,1640,True,True,True
24714,04ffff001d026f06,1647,True,True,True
24716,04ffff001d028306,1667,True,True,True
24721,04ffff001d028506,1669,True,True,True
24723,04ffff001d028d06,1677,True,True,True
24726,04ffff001d02b906,1721,True,True,True
24731,04ffff001d02c306,1731,True,True,True
24738,04ffff001d02d106,1745,True,True,True
24739,04ffff001d02d406,1748,True,True,True
24740,04ffff001d02e606,1766,True,True,True
24743,04ffff001d02fc06,1788,True,True,True
24747,04ffff001d020107,1793,True,True,True
24749,04ffff001d020407,1796,True,True,True
24752,04ffff001d020b07,1803,True,True,True
24754,04ffff001d022107,1825,True,True,True
24760,04ffff001d022507,1829,True,True,True
24763,04ffff001d022f07,1839,True,True,True
24769,04ffff001d026707,1895,True,True,True
24773,04ffff001d026a07,1898,True,True,True
24776,04ffff001d026b07,1899,True,True,True
24778,04ffff001d027407,1908,True,True,True
24781,04ffff001d028807,1928,True,True,True
24788,04ffff001d029107,1937,True,True,True
24792,04ffff001d029407,1940,True,True,True
24793,04ffff001d029707,1943,True,True,True
24797,04ffff001d02a507,1957,True,True,True
24800,04ffff001d02aa07,1962,True,True,True
24802,04ffff001d02bd07,1981,True,True,True
24806,04ffff001d02c307,1987,True,True,True
24808,04ffff001d02ca07,1994,True,True,True
24809,04ffff001d02d507,2005,True,True,True
24814,04ffff001d02fc07,2044,True,True,True
24818,04ffff001d020c08,2060,True,True,True
24819,04ffff001d021508,2069,True,True,True
24820,04ffff001d021608,2070,True,True,True
24826,04ffff001d023208,2098,True,True,True
24833,04ffff001d024808,2120,True,True,True
24835,04ffff001d024c08,2124,True,True,True
24837,04ffff001d025908,2137,True,True,True
24842,04ffff001d026108,2145,True,True,True
24843,04ffff001d026908,2153,True,True,True
24846,04ffff001d026a08,2154,True,True,True
24847,04ffff001d026d08,2157,True,True,True
24850,04ffff001d027308,2163,True,True,True
24854,04ffff001d028008,2176,True,True,True
24855,04ffff001d028108,2177,True,True,True
24860,04ffff001d029808,2200,True,True,True
24862,04ffff001d02b308,2227,True,True,True
24865,04ffff001d02b608,2230,True,True,True
24868,04ffff001d02c908,2249,True,True,True
24870,04ffff001d02d708,2263,True,True,True
24872,04ffff001d02dd08,2269,True,True,True
24873,04ffff001d02ed08,2285,True,True,True
24877,04ffff001d02f608,2294,True,True,True
24878,04ffff001d02f808,2296,True,True,True
24879,04ffff001d020f09,2319,True,True,True
24882,04ffff001d022009,2336,True,True,True
24888,04ffff001d022a09,2346,True,True,True
24891,04ffff001d023909,2361,True,True,True
24896,04ffff001d024a09,2378,True,True,True
24898,04ffff001d027009,2416,True,True,True
24901,04ffff001d027209,2418,True,True,True
24903,04ffff001d027809,2424,True,True,True
24905,04ffff001d028209,2434,True,True,True
24906,04ffff001d028509,2437,True,True,True
24909,04ffff001d02a309,2467,True,True,True
24910,04ffff001d02a809,2472,True,True,True
24912,04ffff001d02ac09,2476,True,True,True
24914,04ffff001d02b909,2489,True,True,True
24917,04ffff001d02dd09,2525,True,True,True
24922,04ffff001d02e209,2530,True,True,True
24926,04ffff001d02e909,2537,True,True,True
24928,04ffff001d02f109,2545,True,True,True
24930,04ffff001d02170a,2583,True,True,True
24934,04ffff001d02240a,2596,True,True,True
24936,04ffff001d022d0a,2605,True,True,True
24939,04ffff001d02350a,2613,True,True,True
24942,04ffff001d023f0a,2623,True,True,True
24945,04ffff001d02430a,2627,True,True,True
24947,04ffff001d02540a,2644,True,True,True
24949,04ffff001d025e0a,2654,True,True,True
24951,04ffff001d02650a,2661,True,True,True
24953,04ffff001d02700a,2672,True,True,True
24954,04ffff001d02740a,2676,True,True,True
24955,04ffff001d027e0a,2686,True,True,True
24956,04ffff001d02800a,2688,True,True,True
24958,04ffff001d02ae0a,2734,True,True,True
24962,04ffff001d02c40a,2756,True,True,True
24965,04ffff001d02d00a,2768,True,True,True
24966,04ffff001d02e80a,2792,True,True,True
24970,04ffff001d02fa0a,2810,True,True,True
24973,04ffff001d02020b,2818,True,True,True
24977,04ffff001d02090b,2825,True,True,True
24978,04ffff001d020c0b,2828,True,True,True
24981,04ffff001d021f0b,2847,True,True,True
24984,04ffff001d02240b,2852,True,True,True
24986,04ffff001d024a0b,2890,True,True,True
24994,04ffff001d024d0b,2893,True,True,True
24997,04ffff001d02500b,2896,True,True,True
25002,04ffff001d026a0b,2922,True,True,True
25004,04ffff001d02780b,2936,True,True,True
25011,04ffff001d02a60b,2982,True,True,True
25015,04ffff001d02b70b,2999,True,True,True
25017,04ffff001d02bd0b,3005,True,True,True
25021,04ffff001d02da0b,3034,True,True,True
25023,04ffff001d02dc0b,3036,True,True,True
25031,04ffff001d0101,1,True,True,True
25032,04ffff001d014a,74,True,True,True
25052,04ffff001d014c,76,True,True,True
25053,04ffff001d015e,94,True,True,True
25059,04ffff001d0164,100,True,True,True
25062,04ffff001d017b,123,True,True,True
25064,04ffff001d028400,132,True,True,True
25065,04ffff001d028500,133,True,True,True
25067,04ffff001d028900,137,True,True,True
25068,04ffff001d029700,151,True,True,True
25069,04ffff001d029a00,154,True,True,True
25073,04ffff001d029c00,156,True,True,True
25076,04ffff001d02af00,175,True,True,True
25081,04ffff001d02ba00,186,True,True,True
25084,04ffff001d02df00,223,True,True,True
25088,04ffff001d020701,263,True,True,True
25094,04ffff001d020e01,270,True,True,True
25097,04ffff001d021201,274,True,True,True
25101,04ffff001d021c01,284,True,True,True
25104,04ffff001d022a01,298,True,True,True
25108,04ffff001d023701,311,True,True,True
25109,04ffff001d023a01,314,True,True,True
25113,04ffff001d024001,320,True,True,True
25117,04ffff001d025101,337,True,True,True
25121,04ffff001d025401,340,True,True,True
25123,04ffff001d026001,352,True,True,True
25127,04ffff001d026101,353,True,True,True
25128,04ffff001d027901,377,True,True,True
25129,04ffff001d027e01,382,True,True,True
25131,04ffff001d028001,384,True,True,True
25132,04ffff001d029301,403,True,True,True
25135,04ffff001d029901,409,True,True,True
25140,04ffff001d029e01,414,True,True,True
25143,04ffff001d02a501,421,True,True,True
25144,04ffff001d02b801,440,True,True,True
25146,04ffff001d02b901,441,True,True,True
25147,04ffff001d02cc01,460,True,True,True
25152,04ffff001d02d201,466,True,True,True
25155,04ffff001d02d801,472,True,True,True
25157,04ffff001d02e201,482,True,True,True
25158,04ffff001d02ec01,492,True,True,True
25161,04ffff001d020302,515,True,True,True
25165,04ffff001d020502,517,True,True,True
25169,04ffff001d021c02,540,True,True,True
25171,04ffff001d023102,561,True,True,True
25174,04ffff001d023202,562,True,True,True
25176,04ffff001d023302,563,True,True,True
25179,04ffff001d023802,568,True,True,True
25180,04ffff001d025402,596,True,True,True
25183,04ffff001d025702,599,True,True,True
25184,04ffff001d026002,608,True,True,True
25186,04ffff001d026202,610,True,True,True
25187,04ffff001d026602,614,True,True,True
25189,04ffff001d02a102,673,True,True,True
25194,04ffff001d02c102,705,True,True,True
25199,04ffff001d02c402,708,True,True,True
25201,04ffff001d02cb02,715,True,True,True
25205,04ffff001d02d902,729,True,True,True
25208,04ffff001d02de02,734,True,True,True
25209,04ffff001d02df02,735,True,True,True
25213,04ffff001d02eb02,747,True,True,True
25215,04ffff001d020003,768,True,True,True
25218,04ffff001d020103,769,True,True,True
25221,04ffff001d022203,802,True,True,True
25224,04ffff001d022c03,812,True,True,True
25226,04ffff001d024b03,843,True,True,True
25228,04ffff001d025403,852,True,True,True
25232,04ffff001d025703,855,True,True,True
25238,04ffff001d025d03,861,True,True,True
25244,04ffff001d026d03,877,True,True,True
25245,04ffff001d026f03,879,True,True,True
25247,04ffff001d027603,886,True,True,True
25250,04ffff001d027b03,891,True,True,True
25257,04ffff001d028303,899,True,True,True
25260,04ffff001d028603,902,True,True,True
25263,04ffff001d028c03,908,True,True,True
25266,04ffff001d029303,915,True,True,True
25272,04ffff001d029603,918,True,True,True
25273,04ffff001d02a003,928,True,True,True
25281,04ffff001d02bd03,957,True,True,True
25283,04ffff001d02d303,979,True,True,True
25286,04ffff001d02e203,994,True,True,True
25292,04ffff001d02ed03,1005,True,True,True
25303,04ffff001d02f003,1008,True,True,True
25309,04ffff001d02f803,1016,True,True,True
25323,04ffff001d022e04,1070,True,True,True
25326,04ffff001d023104,1073,True,True,True
25335,04ffff001d023504,1077,True,True,True
25341,04ffff001d024d04,1101,True,True,True
25343,04ffff001d026404,1124,True,True,True
25349,04ffff001d026704,1127,True,True,True
25352,04ffff001d026c04,1132,True,True,True
25358,04ffff001d027704,1143,True,True,True
25365,04ffff001d027b04,1147,True,True,True
25373,04ffff001d028404,1156,True,True,True
25386,04ffff001d028904,1161,True,True,True
25395,04ffff001d028d04,1165,True,True,True
25400,04ffff001d029304,1171,True,True,True
25406,04ffff001d029404,1172,True,True,True
25408,04ffff001d029a04,1178,True,True,True
25410,04ffff001d02bd04,1213,True,True,True
25412,04ffff001d02bf04,1215,True,True,True
25414,04ffff001d02c104,1217,True,True,True
25425,04ffff001d02cd04,1229,True,True,True
25427,04ffff001d02e404,1252,True,True,True
25433,04ffff001d02f204,1266,True,True,True
25439,04ffff001d02fc04,1276,True,True,True
25440,04ffff001d021f05,1311,True,True,True
25449,04ffff001d023905,1337,True,True,True
25455,04ffff001d023f05,1343,True,True,True
25456,04ffff001d025205,1362,True,True,True
25457,04ffff001d025505,1365,True,True,True
25461,04ffff001d025e05,1374,True,True,True
25462,04ffff001d026b05,1387,True,True,True
25465,04ffff001d028205,1410,True,True,True
25466,04ffff001d029705,1431,True,True,True
25471,04ffff001d029905,1433,True,True,True
25475,04ffff001d029c05,1436,True,True,True
25476,04ffff001d029e05,1438,True,True,True
25477,04ffff001d02a305,1443,True,True,True
25482,04ffff001d02ca05,1482,True,True,True
25485,04ffff001d02e605,1510,True,True,True
25488,04ffff001d02ef05,1519,True,True,True
25494,04ffff001d022e06,1582,True,True,True
25499,04ffff001d024b06,1611,True,True,True
25506,04ffff001d027e06,1662,True,True,True
25512,04ffff001d028206,1666,True,True,True
25515,04ffff001d029706,1687,True,True,True
25522,04ffff001d02b006,1712,True,True,True
25527,04ffff001d02dd06,1757,True,True,True
25533,04ffff001d02e206,1762,True,True,True
25538,04ffff001d02ec06,1772,True,True,True
25539,04ffff001d0105,5,True,True,True
25542,04ffff001d0109,9,True,True,True
25543,04ffff001d010c,12,True,True,True
25544,04ffff001d013f,63,True,True,True
25545,04ffff001d0144,68,True,True,True
25549,04ffff001d0145,69,True,True,True
25556,04ffff001d0147,71,True,True,True
25562,04ffff001d014a,74,True,True,True
25569,04ffff001d0153,83,True,True,True
25572,04ffff001d0158,88,True,True,True
25574,04ffff001d0159,89,True,True,True
25576,04ffff001d015c,92,True,True,True
25577,04ffff001d016e,110,True,True,True
25581,04ffff001d0178,120,True,True,True
25582,04ffff001d028100,129,True,True,True
25586,04ffff001d029500,149,True,True,True
25596,04ffff001d02b800,184,True,True,True
25599,04ffff001d02ba00,186,True,True,True
25604,04ffff001d02c300,195,True,True,True
25605,04ffff001d02c700,199,True,True,True
25611,04ffff001d02d500,213,True,True,True
25616,04ffff001d020401,260,True,True,True
25622,04ffff001d010a,10,True,True,True
25628,04ffff001d0119,25,True,True,True
25632,04ffff001d0122,34,True,True,True
25633,04ffff001d012a,42,True,True,True
25640,04ffff001d0138,56,True,True,True
25643,04ffff001d013c,60,True,True,True
25646,04ffff001d0145,69,True,True,True
25648,04ffff001d02fb00,251,True,True,True
25660,04ffff001d020701,263,True,True,True
25676,04ffff001d021701,279,True,True,True
25716,04ffff001d023f01,319,True,True,True
25811,04ffff001d0103,3,True,True,True
25816,04ffff001d0127,39,True,True,True
25829,04ffff001d0155,85,True,True,True
25832,04ffff001d016e,110,True,True,True
25834,04ffff001d017d,125,True,True,True
25841,04ffff001d028900,137,True,True,True
25846,04ffff001d029200,146,True,True,True
25850,04ffff001d029a00,154,True,True,True
25859,04ffff001d02b400,180,True,True,True
25863,04ffff001d02ba00,186,True,True,True
25864,04ffff001d02c600,198,True,True,True
25867,04ffff001d02cf00,207,True,True,True
25870,04ffff001d02d500,213,True,True,True
25871,04ffff001d02eb00,235,True,True,True
25875,04ffff001d02f000,240,True,True,True
25877,04ffff001d02f800,248,True,True,True
25880,04ffff001d02fc00,252,True,True,True
25882,04ffff001d020201,258,True,True,True
25884,04ffff001d020a01,266,True,True,True
25888,04ffff001d020e01,270,True,True,True
25889,04ffff001d022b01,299,True,True,True
25893,04ffff001d022e01,302,True,True,True
25895,04ffff001d023e01,318,True,True,True
25904,04ffff001d025101,337,True,True,True
25909,04ffff001d025201,338,True,True,True
25913,04ffff001d025301,339,True,True,True
25917,04ffff001d025c01,348,True,True,True
25921,04ffff001d027101,369,True,True,True
25922,04ffff001d028901,393,True,True,True
25928,04ffff001d029601,406,True,True,True
25931,04ffff001d029f01,415,True,True,True
25938,04ffff001d02d501,469,True,True,True
25939,04ffff001d02d901,473,True,True,True
25941,04ffff001d02e701,487,True,True,True
25945,04ffff001d02f901,505,True,True,True
25947,04ffff001d02fb01,507,True,True,True
25951,04ffff001d020702,519,True,True,True
25952,04ffff001d020b02,523,True,True,True
25955,04ffff001d021502,533,True,True,True
25958,04ffff001d021a02,538,True,True,True
25961,04ffff001d022102,545,True,True,True
25963,04ffff001d022a02,554,True,True,True
25967,04ffff001d023802,568,True,True,True
25969,04ffff001d024802,584,True,True,True
25977,04ffff001d025402,596,True,True,True
25979,04ffff001d025a02,602,True,True,True
25984,04ffff001d025b02,603,True,True,True
25987,04ffff001d026f02,623,True,True,True
25988,04ffff001d029902,665,True,True,True
25990,04ffff001d02a402,676,True,True,True
25993,04ffff001d0147,71,True,True,True
25996,04ffff001d0148,72,True,True,True
25997,04ffff001d014f,79,True,True,True
26001,04ffff001d0159,89,True,True,True
26006,04ffff001d0162,98,True,True,True
26009,04ffff001d017c,124,True,True,True
26012,04ffff001d029b00,155,True,True,True
26016,04ffff001d029d00,157,True,True,True
26018,04ffff001d02a500,165,True,True,True
26022,04ffff001d02a600,166,True,True,True
26024,04ffff001d02b900,185,True,True,True
26029,04ffff001d02ca00,202,True,True,True
26031,04ffff001d02e600,230,True,True,True
26034,04ffff001d02ff00,255,True,True,True
26036,04ffff001d020001,256,True,True,True
26039,04ffff001d024501,325,True,True,True
26041,04ffff001d025801,344,True,True,True
26044,04ffff001d025901,345,True,True,True
26046,04ffff001d025b01,347,True,True,True
26049,04ffff001d026801,360,True,True,True
26052,04ffff001d028501,389,True,True,True
26054,04ffff001d028b01,395,True,True,True
26055,04ffff001d029401,404,True,True,True
26062,04ffff001d029901,409,True,True,True
26064,04ffff001d02a901,425,True,True,True
26068,04ffff001d02ad01,429,True,True,True
26072,04ffff001d02d901,473,True,True,True
26074,04ffff001d02e101,481,True,True,True
26077,04ffff001d02ee01,494,True,True,True
26078,04ffff001d02f401,500,True,True,True
26080,04ffff001d020202,514,True,True,True
26085,04ffff001d020b02,523,True,True,True
26087,04ffff001d021502,533,True,True,True
26088,04ffff001d022102,545,True,True,True
26089,04ffff001d022b02,555,True,True,True
26091,04ffff001d023402,564,True,True,True
26092,04ffff001d024702,583,True,True,True
26093,04ffff001d024a02,586,True,True,True
26094,04ffff001d024b02,587,True,True,True
26096,04ffff001d025102,593,True,True,True
26098,04ffff001d026f02,623,True,True,True
26099,04ffff001d027402,628,True,True,True
26103,04ffff001d027502,629,True,True,True
26106,04ffff001d02b802,696,True,True,True
26110,04ffff001d02c102,705,True,True,True
26112,04ffff001d02d602,726,True,True,True
26113,04ffff001d02dd02,733,True,True,True
26120,04ffff001d02f402,756,True,True,True
26121,04ffff001d021003,784,True,True,True
26123,04ffff001d021903,793,True,True,True
26125,04ffff001d021d03,797,True,True,True
26126,04ffff001d021f03,799,True,True,True
26127,04ffff001d022a03,810,True,True,True
26129,04ffff001d022e03,814,True,True,True
26134,04ffff001d023903,825,True,True,True
26136,04ffff001d026b03,875,True,True,True
26140,04ffff001d027703,887,True,True,True
26141,04ffff001d028403,900,True,True,True
26143,04ffff001d028c03,908,True,True,True
26145,04ffff001d029703,919,True,True,True
26147,04ffff001d02a803,936,True,True,True
26149,04ffff001d02ad03,941,True,True,True
26153,04ffff001d02b003,944,True,True,True
26155,04ffff001d02c103,961,True,True,True
26157,04ffff001d02c303,963,True,True,True
26160,04ffff001d02c603,966,True,True,True
26163,04ffff001d02e303,995,True,True,True
26165,04ffff001d02e503,997,True,True,True
26167,04ffff001d02ec03,1004,True,True,True
26171,04ffff001d020004,1024,True,True,True
26173,04ffff001d020904,1033,True,True,True
26176,04ffff001d022004,1056,True,True,True
26179,04ffff001d022a04,1066,True,True,True
26180,04ffff001d022f04,1071,True,True,True
26185,04ffff001d023904,1081,True,True,True
26251,04ffff001d0111,17,True,True,True
26252,04ffff001d0115,21,True,True,True
26254,04ffff001d0126,38,True,True,True
26257,04ffff001d0132,50,True,True,True
26259,04ffff001d0133,51,True,True,True
26260,04ffff001d0140,64,True,True,True
26261,04ffff001d014a,74,True,True,True
26265,04ffff001d0154,84,True,True,True
26267,04ffff001d0160,96,True,True,True
26270,04ffff001d0165,101,True,True,True
26271,04ffff001d0170,112,True,True,True
26273,04ffff001d0176,118,True,True,True
26274,04ffff001d028800,136,True,True,True
26275,04ffff001d029100,145,True,True,True
26276,04ffff001d029800,152,True,True,True
26277,04ffff001d029d00,157,True,True,True
26278,04ffff001d02a700,167,True,True,True
26279,04ffff001d02af00,175,True,True,True
26280,04ffff001d02c200,194,True,True,True
26283,04ffff001d02d800,216,True,True,True
26285,04ffff001d02e400,228,True,True,True
26289,04ffff001d02f400,244,True,True,True
26290,04ffff001d02f800,248,True,True,True
26293,04ffff001d021501,277,True,True,True
26297,04ffff001d023b01,315,True,True,True
26299,04ffff001d024a01,330,True,True,True
26301,04ffff001d024f01,335,True,True,True
26305,04ffff001d026501,357,True,True,True
26307,04ffff001d027801,376,True,True,True
26308,04ffff001d027f01,383,True,True,True
26311,04ffff001d028401,388,True,True,True
26319,04ffff001d028a01,394,True,True,True
26326,04ffff001d029701,407,True,True,True
26330,04ffff001d02a001,416,True,True,True
26332,04ffff001d02a601,422,True,True,True
26342,04ffff001d010a,10,True,True,True
26344,04ffff001d0110,16,True,True,True
26347,04ffff001d0151,81,True,True,True
26350,04ffff001d015e,94,True,True,True
26357,04ffff001d015f,95,True,True,True
26359,04ffff001d0168,104,True,True,True
26362,04ffff001d028800,136,True,True,True
26366,04ffff001d028900,137,True,True,True
26371,04ffff001d029f00,159,True,True,True
26376,04ffff001d02c800,200,True,True,True
26377,04ffff001d02c900,201,True,True,True
26379,04ffff001d02db00,219,True,True,True
26382,04ffff001d02eb00,235,True,True,True
26383,04ffff001d021601,278,True,True,True
26388,04ffff001d023101,305,True,True,True
26394,04ffff001d024501,325,True,True,True
26398,04ffff001d024901,329,True,True,True
26401,04ffff001d024a01,330,True,True,True
26402,04ffff001d025501,341,True,True,True
26404,04ffff001d026301,355,True,True,True
26409,04ffff001d026f01,367,True,True,True
26410,04ffff001d027b01,379,True,True,True
26416,04ffff001d028901,393,True,True,True
26423,04ffff001d02a601,422,True,True,True
26424,04ffff001d02a901,425,True,True,True
26425,04ffff001d02ad01,429,True,True,True
26428,04ffff001d02b201,434,True,True,True
26432,04ffff001d02d301,467,True,True,True
26434,04ffff001d02e101,481,True,True,True
26435,04ffff001d02f401,500,True,True,True
26439,04ffff001d02fc01,508,True,True,True
26444,04ffff001d021902,537,True,True,True
26446,04ffff001d021b02,539,True,True,True
26452,04ffff001d022502,549,True,True,True
26453,04ffff001d022a02,554,True,True,True
26457,04ffff001d022b02,555,True,True,True
26459,04ffff001d023002,560,True,True,True
26460,04ffff001d025802,600,True,True,True
26463,04ffff001d026202,610,True,True,True
26464,04ffff001d028f02,655,True,True,True
26466,04ffff001d02c602,710,True,True,True
26468,04ffff001d02cf02,719,True,True,True
26473,04ffff001d02d802,728,True,True,True
26477,04ffff001d02ec02,748,True,True,True
26480,04ffff001d02f402,756,True,True,True
26482,04ffff001d020b03,779,True,True,True
26486,04ffff001d021803,792,True,True,True
26489,04ffff001d022603,806,True,True,True
26491,04ffff001d024403,836,True,True,True
26494,04ffff001d026c03,876,True,True,True
26497,04ffff001d028703,903,True,True,True
26499,04ffff001d028c03,908,True,True,True
26503,04ffff001d029603,918,True,True,True
26505,04ffff001d029b03,923,True,True,True
26506,04ffff001d029d03,925,True,True,True
26507,04ffff001d029e03,926,True,True,True
26516,04ffff001d02b103,945,True,True,True
26519,04ffff001d02c503,965,True,True,True
26525,04ffff001d02d803,984,True,True,True
26526,04ffff001d02d903,985,True,True,True
26527,04ffff001d02fd03,1021,True,True,True
26528,04ffff001d020404,1028,True,True,True
26533,04ffff001d023104,1073,True,True,True
26536,04ffff001d023704,1079,True,True,True
26540,04ffff001d023a04,1082,True,True,True
26541,04ffff001d024104,1089,True,True,True
26543,04ffff001d025404,1108,True,True,True
26549,04ffff001d027a04,1146,True,True,True
26556,04ffff001d029104,1169,True,True,True
26557,04ffff001d02af04,1199,True,True,True
26558,04ffff001d02b004,1200,True,True,True
26561,04ffff001d02b504,1205,True,True,True
26563,04ffff001d02c004,1216,True,True,True
26567,04ffff001d020c05,1292,True,True,True
26570,04ffff001d021205,1298,True,True,True
26574,04ffff001d021705,1303,True,True,True
26575,04ffff001d021a05,1306,True,True,True
26579,04ffff001d021e05,1310,True,True,True
26584,04ffff001d025305,1363,True,True,True
26589,04ffff001d026a05,1386,True,True,True
26593,04ffff001d026e05,1390,True,True,True
26605,04ffff001d0114,20,True,True,True
26606,04ffff001d0117,23,True,True,True
26608,04ffff001d0123,35,True,True,True
26609,04ffff001d0142,66,True,True,True
26611,04ffff001d014a,74,True,True,True
26615,04ffff001d0157,87,True,True,True
26617,04ffff001d028e00,142,True,True,True
26623,04ffff001d029000,144,True,True,True
26628,04ffff001d029300,147,True,True,True
26630,04ffff001d029c00,156,True,True,True
26639,04ffff001d02a500,165,True,True,True
26642,04ffff001d02ac00,172,True,True,True
26648,04ffff001d02af00,175,True,True,True
26650,04ffff001d02e300,227,True,True,True
26655,04ffff001d02e600,230,True,True,True
26687,04ffff001d02a001,416,True,True,True
26689,04ffff001d02a601,422,True,True,True
26691,04ffff001d02a901,425,True,True,True
26692,04ffff001d02b301,435,True,True,True
26696,04ffff001d02c501,453,True,True,True
26699,04ffff001d02c901,457,True,True,True
26700,04ffff001d02fb01,507,True,True,True
26701,04ffff001d020002,512,True,True,True
26704,04ffff001d020b02,523,True,True,True
26705,04ffff001d021602,534,True,True,True
26707,04ffff001d022802,552,True,True,True
26710,04ffff001d022f02,559,True,True,True
26715,04ffff001d024302,579,True,True,True
26717,04ffff001d025402,596,True,True,True
26720,04ffff001d027102,625,True,True,True
26721,04ffff001d027902,633,True,True,True
26725,04ffff001d027b02,635,True,True,True
26727,04ffff001d029f02,671,True,True,True
26728,04ffff001d02a402,676,True,True,True
26730,04ffff001d011a,26,True,True,True
26731,04ffff001d011f,31,True,True,True
26733,04ffff001d012a,42,True,True,True
26736,04ffff001d0141,65,True,True,True
26741,04ffff001d0149,73,True,True,True
26748,04ffff001d014c,76,True,True,True
26750,04ffff001d014e,78,True,True,True
26753,04ffff001d0153,83,True,True,True
26756,04ffff001d0162,98,True,True,True
26757,04ffff001d0167,103,True,True,True
26759,04ffff001d028c00,140,True,True,True
26761,04ffff001d02a000,160,True,True,True
26768,04ffff001d02b500,181,True,True,True
26769,04ffff001d02c900,201,True,True,True
26773,04ffff001d02d500,213,True,True,True
26774,04ffff001d02d700,215,True,True,True
26782,04ffff001d02e200,226,True,True,True
26783,04ffff001d02e500,229,True,True,True
26787,04ffff001d02e600,230,True,True,True
26791,04ffff001d02ea00,234,True,True,True
26793,04ffff001d02f300,243,True,True,True
26798,04ffff001d010c,12,True,True,True
26809,04ffff001d012d,45,True,True,True
26813,04ffff001d0173,115,True,True,True
26847,04ffff001d028600,134,True,True,True
26853,04ffff001d028b00,139,True,True,True
26854,04ffff001d029300,147,True,True,True
26857,04ffff001d029b00,155,True,True,True
26911,04ffff001d029c00,156,True,True,True
26912,04ffff001d02a100,161,True,True,True
26918,04ffff001d02bf00,191,True,True,True
26919,04ffff001d02d300,211,True,True,True
26921,04ffff001d02e400,228,True,True,True
26924,04ffff001d02e600,230,True,True,True
26926,04ffff001d02e800,232,True,True,True
26928,04ffff001d02e900,233,True,True,True
26931,04ffff001d02f500,245,True,True,True
26932,04ffff001d021101,273,True,True,True
26934,04ffff001d022601,294,True,True,True
26935,04ffff001d023401,308,True,True,True
26938,04ffff001d023d01,317,True,True,True
26940,04ffff001d026b01,363,True,True,True
26941,04ffff001d027801,376,True,True,True
26942,04ffff001d029601,406,True,True,True
26944,04ffff001d02af01,431,True,True,True
26946,04ffff001d02bb01,443,True,True,True
26949,04ffff001d02c201,450,True,True,True
26950,04ffff001d02c501,453,True,True,True
26954,04ffff001d023602,566,True,True,True
26956,04ffff001d023c02,572,True,True,True
26957,04ffff001d024c02,588,True,True,True
26958,04ffff001d025002,592,True,True,True
26962,04ffff001d025802,600,True,True,True
26966,04ffff001d025902,601,True,True,True
26969,04ffff001d025d02,605,True,True,True
26970,04ffff001d026702,615,True,True,True
26972,04ffff001d026c02,620,True,True,True
26977,04ffff001d026e02,622,True,True,True
26981,04ffff001d027902,633,True,True,True
26983,04ffff001d028d02,653,True,True,True
26989,04ffff001d028f02,655,True,True,True
26991,04ffff001d029702,663,True,True,True
26995,04ffff001d02a802,680,True,True,True
26997,04ffff001d02c302,707,True,True,True
26998,04ffff001d02c802,712,True,True,True
27000,04ffff001d02d702,727,True,True,True
27002,04ffff001d020203,770,True,True,True
27006,04ffff001d020b03,779,True,True,True
27012,04ffff001d021203,786,True,True,True
27019,04ffff001d022a03,810,True,True,True
27022,04ffff001d022c03,812,True,True,True
27026,04ffff001d022e03,814,True,True,True
27029,04ffff001d023403,820,True,True,True
27032,04ffff001d024703,839,True,True,True
27033,04ffff001d025403,852,True,True,True
27034,04ffff001d025b03,859,True,True,True
27037,04ffff001d026d03,877,True,True,True
27038,04ffff001d027c03,892,True,True,True
27039,04ffff001d028703,903,True,True,True
27042,04ffff001d02b403,948,True,True,True
27045,04ffff001d02dd03,989,True,True,True
27050,04ffff001d020204,1026,True,True,True
27053,04ffff001d020a04,1034,True,True,True
27055,04ffff001d022704,1063,True,True,True
27057,04ffff001d023404,1076,True,True,True
27060,04ffff001d023a04,1082,True,True,True
27065,04ffff001d024604,1094,True,True,True
27069,04ffff001d025304,1107,True,True,True
27071,04ffff001d026b04,1131,True,True,True
27073,04ffff001d026c04,1132,True,True,True
27076,04ffff001d027c04,1148,True,True,True
27080,04ffff001d027e04,1150,True,True,True
27082,04ffff001d028f04,1167,True,True,True
27086,04ffff001d02c604,1222,True,True,True
27088,04ffff001d02c804,1224,True,True,True
27089,04ffff001d02d604,1238,True,True,True
27093,04ffff001d02d904,1241,True,True,True
27097,04ffff001d02dc04,1244,True,True,True
27099,04ffff001d02fb04,1275,True,True,True
27100,04ffff001d021205,1298,True,True,True
27101,04ffff001d021d05,1309,True,True,True
27105,04ffff001d022f05,1327,True,True,True
27110,04ffff001d023105,1329,True,True,True
27112,04ffff001d024905,1353,True,True,True
27114,04ffff001d025605,1366,True,True,True
27116,04ffff001d026005,1376,True,True,True
27118,04ffff001d026205,1378,True,True,True
27122,04ffff001d026a05,1386,True,True,True
27130,04ffff001d029505,1429,True,True,True
27131,04ffff001d02b005,1456,True,True,True
27136,04ffff001d02b305,1459,True,True,True
27140,04ffff001d02b605,1462,True,True,True
27142,04ffff001d02b905,1465,True,True,True
27143,04ffff001d02bd05,1469,True,True,True
27144,04ffff001d02c605,1478,True,True,True
27145,04ffff001d02c705,1479,True,True,True
27151,04ffff001d02c805,1480,True,True,True
27157,04ffff001d02cb05,1483,True,True,True
27163,04ffff001d02e005,1504,True,True,True
27170,04ffff001d02f505,1525,True,True,True
27172,04ffff001d021606,1558,True,True,True
27175,04ffff001d023406,1588,True,True,True
27180,04ffff001d025406,1620,True,True,True
27182,04ffff001d025706,1623,True,True,True
27184,04ffff001d025806,1624,True,True,True
27186,04ffff001d027206,1650,True,True,True
27189,04ffff001d02d606,1750,True,True,True
27190,04ffff001d02da06,1754,True,True,True
27192,04ffff001d02e506,1765,True,True,True
27197,04ffff001d02ea06,1770,True,True,True
27205,04ffff001d021807,1816,True,True,True
27208,04ffff001d021c07,1820,True,True,True
27210,04ffff001d022d07,1837,True,True,True
27213,04ffff001d023607,1846,True,True,True
27220,04ffff001d029307,1939,True,True,True
27224,04ffff001d02a407,1956,True,True,True
27229,04ffff001d02ab07,1963,True,True,True
27231,04ffff001d02af07,1967,True,True,True
27237,04ffff001d02cd07,1997,True,True,True
27238,04ffff001d02ce07,1998,True,True,True
27240,04ffff001d02cf07,1999,True,True,True
27241,04ffff001d02d907,2009,True,True,True
27248,04ffff001d02ef07,2031,True,True,True
27253,04ffff001d02f007,2032,True,True,True
27254,04ffff001d02f307,2035,True,True,True
27257,04ffff001d02fc07,2044,True,True,True
27260,04ffff001d020108,2049,True,True,True
27263,04ffff001d023b08,2107,True,True,True
27266,04ffff001d024008,2112,True,True,True
27272,04ffff001d029908,2201,True,True,True
27275,04ffff001d029c08,2204,True,True,True
27279,04ffff001d02a008,2208,True,True,True
27281,04ffff001d02a708,2215,True,True,True
27283,04ffff001d02a908,2217,True,True,True
27286,04ffff001d02b608,2230,True,True,True
27291,04ffff001d02b908,2233,True,True,True
27293,04ffff001d02f308,2291,True,True,True
27294,04ffff001d020709,2311,True,True,True
27297,04ffff001d023709,2359,True,True,True
27308,04ffff001d016b,107,True,True,True
27309,04ffff001d029e00,158,True,True,True
27312,04ffff001d02a000,160,True,True,True
27314,04ffff001d02aa00,170,True,True,True
27319,04ffff001d02c000,192,True,True,True
27323,04ffff001d02c300,195,True,True,True
27326,04ffff001d02cd00,205,True,True,True
27330,04ffff001d02d200,210,True,True,True
27337,04ffff001d02f000,240,True,True,True
27338,04ffff001d02fc00,252,True,True,True
27339,04ffff001d022401,292,True,True,True
27344,04ffff001d023a01,314,True,True,True
27346,04ffff001d023f01,319,True,True,True
27349,04ffff001d026001,352,True,True,True
27350,04ffff001d026301,355,True,True,True
27351,04ffff001d026601,358,True,True,True
27352,04ffff001d027401,372,True,True,True
27355,04ffff001d027b01,379,True,True,True
27357,04ffff001d028f01,399,True,True,True
27358,04ffff001d029001,400,True,True,True
27360,04ffff001d029f01,415,True,True,True
27362,04ffff001d02a401,420,True,True,True
27365,04ffff001d02d901,473,True,True,True
27367,04ffff001d02e001,480,True,True,True
27369,04ffff001d02f601,502,True,True,True
27371,04ffff001d020502,517,True,True,True
27372,04ffff001d020802,520,True,True,True
27374,04ffff001d021302,531,True,True,True
27379,04ffff001d023f02,575,True,True,True
27385,04ffff001d024602,582,True,True,True
27392,04ffff001d025402,596,True,True,True
27393,04ffff001d027602,630,True,True,True
27396,04ffff001d028002,640,True,True,True
27400,04ffff001d029b02,667,True,True,True
27404,04ffff001d02b302,691,True,True,True
27405,04ffff001d0117,23,True,True,True
27406,04ffff001d0126,38,True,True,True
27408,04ffff001d0128,40,True,True,True
27409,04ffff001d012d,45,True,True,True
27410,04ffff001d0143,67,True,True,True
27415,04ffff001d0149,73,True,True,True
27421,04ffff001d014e,78,True,True,True
27423,04ffff001d0152,82,True,True,True
27424,04ffff001d0158,88,True,True,True
27428,04ffff001d0159,89,True,True,True
27432,04ffff001d015b,91,True,True,True
27435,04ffff001d017a,122,True,True,True
27439,04ffff001d017e,126,True,True,True
27440,04ffff001d028d00,141,True,True,True
27441,04ffff001d028f00,143,True,True,True
27442,04ffff001d02a700,167,True,True,True
27444,04ffff001d02af00,175,True,True,True
27445,04ffff001d02bf00,191,True,True,True
27447,04ffff001d02db00,219,True,True,True
27449,04ffff001d0104,4,True,True,True
27450,04ffff001d0106,6,True,True,True
27453,04ffff001d010b,11,True,True,True
27455,04ffff001d010d,13,True,True,True
27456,04ffff001d0117,23,True,True,True
27458,04ffff001d011b,27,True,True,True
27459,04ffff001d0125,37,True,True,True
27462,04ffff001d0134,52,True,True,True
27469,04ffff001d0141,65,True,True,True
27473,04ffff001d015c,92,True,True,True
27479,04ffff001d029500,149,True,True,True
27480,04ffff001d029b00,155,True,True,True
27484,04ffff001d02a600,166,True,True,True
27487,04ffff001d02c700,199,True,True,True
27491,04ffff001d02d600,214,True,True,True
27495,04ffff001d02e000,224,True,True,True
27496,04ffff001d02e500,229,True,True,True
27498,04ffff001d020501,261,True,True,True
27501,04ffff001d021001,272,True,True,True
27504,04ffff001d022701,295,True,True,True
27505,04ffff001d023301,307,True,True,True
27507,04ffff001d024501,325,True,True,True
27513,04ffff001d025a01,346,True,True,True
27515,04ffff001d026d01,365,True,True,True
27518,04ffff001d027401,372,True,True,True
27520,04ffff001d027a01,378,True,True,True
27521,04ffff001d02a401,420,True,True,True
27524,04ffff001d02b901,441,True,True,True
27525,04ffff001d02c501,453,True,True,True
27528,04ffff001d02e101,481,True,True,True
27529,04ffff001d02ee01,494,True,True,True
27531,04ffff001d021302,531,True,True,True
27533,04ffff001d021902,537,True,True,True
27534,04ffff001d022502,549,True,True,True
27539,04ffff001d022a02,554,True,True,True
27543,04ffff001d023302,563,True,True,True
27545,04ffff001d024d02,589,True,True,True
27546,04ffff001d025802,600,True,True,True
27549,04ffff001d026102,609,True,True,True
27553,04ffff001d027502,629,True,True,True
27557,04ffff001d027a02,634,True,True,True
27559,04ffff001d028b02,651,True,True,True
27561,04ffff001d029702,663,True,True,True
27565,04ffff001d02a702,679,True,True,True
27566,04ffff001d02b702,695,True,True,True
27568,04ffff001d02b802,696,True,True,True
27573,04ffff001d02cb02,715,True,True,True
27575,04ffff001d02d602,726,True,True,True
27579,04ffff001d02d802,728,True,True,True
27583,04ffff001d02e902,745,True,True,True
27585,04ffff001d02fd02,765,True,True,True
27587,04ffff001d020e03,782,True,True,True
27589,04ffff001d021d03,797,True,True,True
27591,04ffff001d023f03,831,True,True,True
27592,04ffff001d025903,857,True,True,True
27596,04ffff001d027303,883,True,True,True
27598,04ffff001d027403,884,True,True,True
27602,04ffff001d027d03,893,True,True,True
27606,04ffff001d028703,903,True,True,True
27611,04ffff001d029003,912,True,True,True
27613,04ffff001d02b303,947,True,True,True
27616,04ffff001d02ba03,954,True,True,True
27617,04ffff001d02bf03,959,True,True,True
27618,04ffff001d02c403,964,True,True,True
27625,04ffff001d02fa03,1018,True,True,True
27628,04ffff001d02fe03,1022,True,True,True
27629,04ffff001d021704,1047,True,True,True
27632,04ffff001d021a04,1050,True,True,True
27635,04ffff001d022b04,1067,True,True,True
27637,04ffff001d022d04,1069,True,True,True
27642,04ffff001d025204,1106,True,True,True
27643,04ffff001d026304,1123,True,True,True
27650,04ffff001d027504,1141,True,True,True
27652,04ffff001d027904,1145,True,True,True
27653,04ffff001d028a04,1162,True,True,True
27657,04ffff001d02bb04,1211,True,True,True
27659,04ffff001d02c304,1219,True,True,True
27665,04ffff001d02c604,1222,True,True,True
27666,04ffff001d02cf04,1231,True,True,True
27668,04ffff001d02d804,1240,True,True,True
27673,04ffff001d02e204,1250,True,True,True
27676,04ffff001d02ed04,1261,True,True,True
27678,04ffff001d02fe04,1278,True,True,True
27680,04ffff001d020005,1280,True,True,True
27683,04ffff001d022a05,1322,True,True,True
27687,04ffff001d024805,1352,True,True,True
27690,04ffff001d024f05,1359,True,True,True
27696,04ffff001d025505,1365,True,True,True
27699,04ffff001d026605,1382,True,True,True
27700,04ffff001d026f05,1391,True,True,True
27704,04ffff001d027105,1393,True,True,True
27707,04ffff001d028905,1417,True,True,True
27709,04ffff001d02b205,1458,True,True,True
27717,04ffff001d02b905,1465,True,True,True
27721,04ffff001d02c505,1477,True,True,True
27722,04ffff001d02cf05,1487,True,True,True
27725,04ffff001d02d205,1490,True,True,True
27727,04ffff001d02da05,1498,True,True,True
27731,04ffff001d02dd05,1501,True,True,True
27732,04ffff001d02e305,1507,True,True,True
27738,04ffff001d02e605,1510,True,True,True
27739,04ffff001d02ec05,1516,True,True,True
27741,04ffff001d020306,1539,True,True,True
27747,04ffff001d020e06,1550,True,True,True
27751,04ffff001d021806,1560,True,True,True
27755,04ffff001d021d06,1565,True,True,True
27757,04ffff001d022c06,1580,True,True,True
27760,04ffff001d023006,1584,True,True,True
27762,04ffff001d023306,1587,True,True,True
27767,04ffff001d024906,1609,True,True,True
27771,04ffff001d025906,1625,True,True,True
27774,04ffff001d026f06,1647,True,True,True
27775,04ffff001d027106,1649,True,True,True
27778,04ffff001d028806,1672,True,True,True
27779,04ffff001d02a106,1697,True,True,True
27780,04ffff001d02ed06,1773,True,True,True
27781,04ffff001d02fe06,1790,True,True,True
27782,04ffff001d021d07,1821,True,True,True
27789,04ffff001d025507,1877,True,True,True
27790,04ffff001d025607,1878,True,True,True
27796,04ffff001d025b07,1883,True,True,True
27797,04ffff001d025d07,1885,True,True,True
27801,04ffff001d027f07,1919,True,True,True
27808,04ffff001d028f07,1935,True,True,True
27809,04ffff001d029c07,1948,True,True,True
27812,04ffff001d029f07,1951,True,True,True
27817,04ffff001d02a707,1959,True,True,True
27825,04ffff001d02c007,1984,True,True,True
27826,04ffff001d021108,2065,True,True,True
27830,04ffff001d021a08,2074,True,True,True
27838,04ffff001d022708,2087,True,True,True
27839,04ffff001d022b08,2091,True,True,True
27840,04ffff001d023308,2099,True,True,True
27844,04ffff001d024b08,2123,True,True,True
27845,04ffff001d025708,2135,True,True,True
27848,04ffff001d027a08,2170,True,True,True
27849,04ffff001d027e08,2174,True,True,True
27852,04ffff001d028208,2178,True,True,True
27853,04ffff001d028508,2181,True,True,True
27855,04ffff001d028e08,2190,True,True,True
27856,04ffff001d029608,2198,True,True,True
27860,04ffff001d02b008,2224,True,True,True
27862,04ffff001d02b708,2231,True,True,True
27865,04ffff001d02c108,2241,True,True,True
27867,04ffff001d02e208,2274,True,True,True
27870,04ffff001d02ed08,2285,True,True,True
27873,04ffff001d02f508,2293,True,True,True
27875,04ffff001d02fc08,2300,True,True,True
27876,04ffff001d02fe08,2302,True,True,True
27877,04ffff001d020809,2312,True,True,True
27882,04ffff001d021409,2324,True,True,True
27885,04ffff001d021909,2329,True,True,True
27887,04ffff001d022209,2338,True,True,True
27890,04ffff001d023e09,2366,True,True,True
27894,04ffff001d024709,2375,True,True,True
27896,04ffff001d024809,2376,True,True,True
27898,04ffff001d028409,2436,True,True,True
27905,04ffff001d02a209,2466,True,True,True
27913,04ffff001d02b309,2483,True,True,True
27917,04ffff001d02b509,2485,True,True,True
27920,04ffff001d02b609,2486,True,True,True
27921,04ffff001d02bb09,2491,True,True,True
27925,04ffff001d02c109,2497,True,True,True
27926,04ffff001d02e109,2529,True,True,True
27929,04ffff001d02ea09,2538,True,True,True
27930,04ffff001d020b0a,2571,True,True,True
27933,04ffff001d020d0a,2573,True,True,True
27940,04ffff001d021c0a,2588,True,True,True
27943,04ffff001d02260a,2598,True,True,True
27944,04ffff001d02320a,2610,True,True,True
27947,04ffff001d02440a,2628,True,True,True
27949,04ffff001d024b0a,2635,True,True,True
27951,04ffff001d02540a,2644,True,True,True
27952,04ffff001d025d0a,2653,True,True,True
27955,04ffff001d02750a,2677,True,True,True
27957,04ffff001d02780a,2680,True,True,True
27962,04ffff001d02840a,2692,True,True,True
27967,04ffff001d028d0a,2701,True,True,True
27972,04ffff001d02a20a,2722,True,True,True
27977,04ffff001d02d00a,2768,True,True,True
27978,04ffff001d02d80a,2776,True,True,True
27980,04ffff001d02df0a,2783,True,True,True
27984,04ffff001d02090b,2825,True,True,True
27985,04ffff001d02240b,2852,True,True,True
27988,04ffff001d02310b,2865,True,True,True
27992,04ffff001d023b0b,2875,True,True,True
27995,04ffff001d02580b,2904,True,True,True
27997,04ffff001d025b0b,2907,True,True,True
28000,04ffff001d02730b,2931,True,True,True
28002,04ffff001d02980b,2968,True,True,True
28008,04ffff001d02b40b,2996,True,True,True
28011,04ffff001d02c50b,3013,True,True,True
28016,04ffff001d02db0b,3035,True,True,True
28017,04ffff001d02e50b,3045,True,True,True
28018,04ffff001d02e60b,3046,True,True,True
28019,04ffff001d02ec0b,3052,True,True,True
28022,04ffff001d020b0c,3083,True,True,True
28023,04ffff001d020d0c,3085,True,True,True
28024,04ffff001d022d0c,3117,True,True,True
28027,04ffff001d02370c,3127,True,True,True
28028,04ffff001d023e0c,3134,True,True,True
28035,04ffff001d02440c,3140,True,True,True
28036,04ffff001d02760c,3190,True,True,True
28037,04ffff001d029e0c,3230,True,True,True
28040,04ffff001d02aa0c,3242,True,True,True
28042,04ffff001d02b70c,3255,True,True,True
28046,04ffff001d02bb0c,3259,True,True,True
28050,04ffff001d02bd0c,3261,True,True,True
28054,04ffff001d02c40c,3268,True,True,True
28055,04ffff001d02cc0c,3276,True,True,True
28058,04ffff001d02d20c,3282,True,True,True
28062,04ffff001d02e60c,3302,True,True,True
28064,04ffff001d02eb0c,3307,True,True,True
28068,04ffff001d02fd0c,3325,True,True,True
28072,04ffff001d020c0d,3340,True,True,True
28074,04ffff001d020d0d,3341,True,True,True
28076,04ffff001d021e0d,3358,True,True,True
28081,04ffff001d02250d,3365,True,True,True
28083,04ffff001d02550d,3413,True,True,True
28089,04ffff001d026b0d,3435,True,True,True
28091,04ffff001d027d0d,3453,True,True,True
28095,04ffff001d02890d,3465,True,True,True
28098,04ffff001d02950d,3477,True,True,True
28099,04ffff001d029e0d,3486,True,True,True
28102,04ffff001d02a50d,3493,True,True,True
28104,04ffff001d02ab0d,3499,True,True,True
28108,04ffff001d02ac0d,3500,True,True,True
28109,04ffff001d02c30d,3523,True,True,True
28111,04ffff001d02d40d,3540,True,True,True
28114,04ffff001d02d70d,3543,True,True,True
28119,04ffff001d02e40d,3556,True,True,True
28125,04ffff001d02eb0d,3563,True,True,True
28129,04ffff001d02fa0d,3578,True,True,True
28131,04ffff001d02090e,3593,True,True,True
28133,04ffff001d021b0e,3611,True,True,True
28137,04ffff001d02200e,3616,True,True,True
28139,04ffff001d02280e,3624,True,True,True
28140,04ffff001d022b0e,3627,True,True,True
28143,04ffff001d023e0e,3646,True,True,True
28144,04ffff001d02480e,3656,True,True,True
28145,04ffff001d024b0e,3659,True,True,True
28147,04ffff001d02500e,3664,True,True,True
28148,04ffff001d026c0e,3692,True,True,True
28151,04ffff001d027f0e,3711,True,True,True
28154,04ffff001d02950e,3733,True,True,True
28155,04ffff001d02960e,3734,True,True,True
28158,04ffff001d029b0e,3739,True,True,True
28162,04ffff001d02a10e,3745,True,True,True
28164,04ffff001d02ae0e,3758,True,True,True
28165,04ffff001d02af0e,3759,True,True,True
28168,04ffff001d02bc0e,3772,True,True,True
28169,04ffff001d02d80e,3800,True,True,True
28174,04ffff001d02e20e,3810,True,True,True
28176,04ffff001d02e50e,3813,True,True,True
28180,04ffff001d02ed0e,3821,True,True,True
28181,04ffff001d02f80e,3832,True,True,True
28182,04ffff001d02060f,3846,True,True,True
28189,04ffff001d020c0f,3852,True,True,True
28190,04ffff001d021d0f,3869,True,True,True
28193,04ffff001d02220f,3874,True,True,True
28194,04ffff001d022d0f,3885,True,True,True
28196,04ffff001d02300f,3888,True,True,True
28197,04ffff001d023f0f,3903,True,True,True
28200,04ffff001d02530f,3923,True,True,True
28201,04ffff001d02600f,3936,True,True,True
28202,04ffff001d026c0f,3948,True,True,True
28206,04ffff001d02740f,3956,True,True,True
28209,04ffff001d029a0f,3994,True,True,True
28211,04ffff001d02a20f,4002,True,True,True
28214,04ffff001d02a50f,4005,True,True,True
28217,04ffff001d02af0f,4015,True,True,True
28219,04ffff001d02b80f,4024,True,True,True
28220,04ffff001d02bb0f,4027,True,True,True
28225,04ffff001d02c70f,4039,True,True,True
28230,04ffff001d02cd0f,4045,True,True,True
28231,04ffff001d02ed0f,4077,True,True,True
28236,04ffff001d02f10f,4081,True,True,True
28237,04ffff001d02f40f,4084,True,True,True
28241,04ffff001d02fa0f,4090,True,True,True
28242,04ffff001d020710,4103,True,True,True
28247,04ffff001d022210,4130,True,True,True
28251,04ffff001d022d10,4141,True,True,True
28252,04ffff001d023210,4146,True,True,True
28254,04ffff001d024010,4160,True,True,True
28257,04ffff001d024c10,4172,True,True,True
28259,04ffff001d024e10,4174,True,True,True
28262,04ffff001d025110,4177,True,True,True
28265,04ffff001d027410,4212,True,True,True
28266,04ffff001d028110,4225,True,True,True
28270,04ffff001d028610,4230,True,True,True
28272,04ffff001d029910,4249,True,True,True
28274,04ffff001d02a110,4257,True,True,True
28276,04ffff001d02a510,4261,True,True,True
28279,04ffff001d02aa10,4266,True,True,True
28282,04ffff001d02ae10,4270,True,True,True
28285,04ffff001d02b510,4277,True,True,True
28286,04ffff001d02b810,4280,True,True,True
28288,04ffff001d02bb10,4283,True,True,True
28291,04ffff001d02c210,4290,True,True,True
28292,04ffff001d02ee10,4334,True,True,True
28293,04ffff001d02f310,4339,True,True,True
28296,04ffff001d02f910,4345,True,True,True
28298,04ffff001d020911,4361,True,True,True
28299,04ffff001d023011,4400,True,True,True
28302,04ffff001d024311,4419,True,True,True
28303,04ffff001d025411,4436,True,True,True
28304,04ffff001d026111,4449,True,True,True
28307,04ffff001d026a11,4458,True,True,True
28308,04ffff001d027911,4473,True,True,True
28309,04ffff001d028711,4487,True,True,True
28311,04ffff001d028e11,4494,True,True,True
28316,04ffff001d029711,4503,True,True,True
28318,04ffff001d029a11,4506,True,True,True
28319,04ffff001d02a011,4512,True,True,True
28321,04ffff001d02c011,4544,True,True,True
28322,04ffff001d02c511,4549,True,True,True
28323,04ffff001d02e311,4579,True,True,True
28324,04ffff001d02e611,4582,True,True,True
28326,04ffff001d02ed11,4589,True,True,True
28327,04ffff001d02f211,4594,True,True,True
28328,04ffff001d020d12,4621,True,True,True
28329,04ffff001d021112,4625,True,True,True
28333,04ffff001d021812,4632,True,True,True
28334,04ffff001d021a12,4634,True,True,True
28338,04ffff001d024912,4681,True,True,True
28340,04ffff001d025012,4688,True,True,True
28341,04ffff001d025612,4694,True,True,True
28342,04ffff001d027412,4724,True,True,True
28345,04ffff001d029412,4756,True,True,True
28346,04ffff001d02a712,4775,True,True,True
28347,04ffff001d02b412,4788,True,True,True
28348,04ffff001d02ba12,4794,True,True,True
28350,04ffff001d02e112,4833,True,True,True
28351,04ffff001d02ed12,4845,True,True,True
28353,04ffff001d020513,4869,True,True,True
28354,04ffff001d021413,4884,True,True,True
28355,04ffff001d021613,4886,True,True,True
28356,04ffff001d022e13,4910,True,True,True
28360,04ffff001d023313,4915,True,True,True
28362,04ffff001d024613,4934,True,True,True
28366,04ffff001d025813,4952,True,True,True
28369,04ffff001d025b13,4955,True,True,True
28370,04ffff001d026913,4969,True,True,True
28376,04ffff001d026a13,4970,True,True,True
28380,04ffff001d027913,4985,True,True,True
28384,04ffff001d027d13,4989,True,True,True
28387,04ffff001d029113,5009,True,True,True
28389,04ffff001d02a113,5025,True,True,True
28391,04ffff001d02a413,5028,True,True,True
28395,04ffff001d02b513,5045,True,True,True
28398,04ffff001d02bd13,5053,True,True,True
28400,04ffff001d02e013,5088,True,True,True
28403,04ffff001d02e513,5093,True,True,True
28405,04ffff001d02ea13,5098,True,True,True
28408,04ffff001d02eb13,5099,True,True,True
28413,04ffff001d02f313,5107,True,True,True
28414,04ffff001d02f813,5112,True,True,True
28416,04ffff001d020f14,5135,True,True,True
28419,04ffff001d022b14,5163,True,True,True
28420,04ffff001d022c14,5164,True,True,True
28424,04ffff001d023a14,5178,True,True,True
28429,04ffff001d025214,5202,True,True,True
28432,04ffff001d025f14,5215,True,True,True
28434,04ffff001d026314,5219,True,True,True
28437,04ffff001d026a14,5226,True,True,True
28441,04ffff001d027114,5233,True,True,True
28443,04ffff001d027614,5238,True,True,True
28444,04ffff001d029214,5266,True,True,True
28446,04ffff001d029414,5268,True,True,True
28448,04ffff001d029e14,5278,True,True,True
28449,04ffff001d02ad14,5293,True,True,True
28450,04ffff001d02b314,5299,True,True,True
28451,04ffff001d02b914,5305,True,True,True
28453,04ffff001d02c814,5320,True,True,True
28455,04ffff001d02df14,5343,True,True,True
28459,04ffff001d02f514,5365,True,True,True
28461,04ffff001d02f914,5369,True,True,True
28463,04ffff001d02fc14,5372,True,True,True
28465,04ffff001d020c15,5388,True,True,True
28466,04ffff001d021615,5398,True,True,True
28467,04ffff001d022415,5412,True,True,True
28468,04ffff001d023115,5425,True,True,True
28473,04ffff001d026f15,5487,True,True,True
28474,04ffff001d028015,5504,True,True,True
28476,04ffff001d028215,5506,True,True,True
28477,04ffff001d028c15,5516,True,True,True
28479,04ffff001d028f15,5519,True,True,True
28482,04ffff001d029d15,5533,True,True,True
28484,04ffff001d02a015,5536,True,True,True
28486,04ffff001d02a315,5539,True,True,True
28490,04ffff001d02af15,5551,True,True,True
28491,04ffff001d02b415,5556,True,True,True
28494,04ffff001d02ba15,5562,True,True,True
28497,04ffff001d02c515,5573,True,True,True
28501,04ffff001d02c815,5576,True,True,True
28503,04ffff001d02dd15,5597,True,True,True
28507,04ffff001d02fe15,5630,True,True,True
28509,04ffff001d02ff15,5631,True,True,True
28514,04ffff001d020616,5638,True,True,True
28517,04ffff001d020e16,5646,True,True,True
28521,04ffff001d021d16,5661,True,True,True
28525,04ffff001d023016,5680,True,True,True
28529,04ffff001d023d16,5693,True,True,True
28532,04ffff001d023e16,5694,True,True,True
28534,04ffff001d024116,5697,True,True,True
28535,04ffff001d024516,5701,True,True,True
28541,04ffff001d024816,5704,True,True,True
28543,04ffff001d025616,5718,True,True,True
28548,04ffff001d027a16,5754,True,True,True
28551,04ffff001d027d16,5757,True,True,True
28558,04ffff001d02a016,5792,True,True,True
28560,04ffff001d02a516,5797,True,True,True
28562,04ffff001d02a616,5798,True,True,True
28564,04ffff001d02ac16,5804,True,True,True
28568,04ffff001d02b816,5816,True,True,True
28569,04ffff001d02c316,5827,True,True,True
28573,04ffff001d02c416,5828,True,True,True
28576,04ffff001d02d516,5845,True,True,True
28578,04ffff001d02f016,5872,True,True,True
28581,04ffff001d022817,5928,True,True,True
28582,04ffff001d023717,5943,True,True,True
28584,04ffff001d023b17,5947,True,True,True
28586,04ffff001d023e17,5950,True,True,True
28589,04ffff001d024f17,5967,True,True,True
28592,04ffff001d026117,5985,True,True,True
28593,04ffff001d026517,5989,True,True,True
28594,04ffff001d026e17,5998,True,True,True
28597,04ffff001d027417,6004,True,True,True
28601,04ffff001d027a17,6010,True,True,True
28605,04ffff001d028717,6023,True,True,True
28608,04ffff001d029917,6041,True,True,True
28609,04ffff001d02a017,6048,True,True,True
28610,04ffff001d02b417,6068,True,True,True
28613,04ffff001d02d117,6097,True,True,True
28615,04ffff001d02d917,6105,True,True,True
28619,04ffff001d02da17,6106,True,True,True
28620,04ffff001d02e017,6112,True,True,True
28624,04ffff001d02f217,6130,True,True,True
28627,04ffff001d02f717,6135,True,True,True
28629,04ffff001d02fc17,6140,True,True,True
28631,04ffff001d020718,6151,True,True,True
28636,04ffff001d023f18,6207,True,True,True
28638,04ffff001d024b18,6219,True,True,True
28642,04ffff001d025d18,6237,True,True,True
28648,04ffff001d027718,6263,True,True,True
28652,04ffff001d02b718,6327,True,True,True
28653,04ffff001d02c118,6337,True,True,True
28654,04ffff001d02ce18,6350,True,True,True
28657,04ffff001d02e918,6377,True,True,True
28661,04ffff001d02f218,6386,True,True,True
28664,04ffff001d020019,6400,True,True,True
28666,04ffff001d021319,6419,True,True,True
28672,04ffff001d022119,6433,True,True,True
28675,04ffff001d022b19,6443,True,True,True
28677,04ffff001d022d19,6445,True,True,True
28683,04ffff001d023e19,6462,True,True,True
28684,04ffff001d024b19,6475,True,True,True
28687,04ffff001d025219,6482,True,True,True
28689,04ffff001d026019,6496,True,True,True
28691,04ffff001d027519,6517,True,True,True
28692,04ffff001d028b19,6539,True,True,True
28752,04ffff001d0107,7,True,True,True
28799,04ffff001d0109,9,True,True,True
28805,04ffff001d0110,16,True,True,True
28811,04ffff001d011a,26,True,True,True
28814,04ffff001d011b,27,True,True,True
28817,04ffff001d015f,95,True,True,True
28822,04ffff001d028500,133,True,True,True
28825,04ffff001d028800,136,True,True,True
28832,04ffff001d028b00,139,True,True,True
28835,04ffff001d02bd00,189,True,True,True
28838,04ffff001d02c100,193,True,True,True
28843,04ffff001d02c700,199,True,True,True
28851,04ffff001d02ca00,202,True,True,True
28854,04ffff001d02dc00,220,True,True,True
28858,04ffff001d02e800,232,True,True,True
28859,04ffff001d02ed00,237,True,True,True
28868,04ffff001d02fb00,251,True,True,True
28871,04ffff001d020101,257,True,True,True
28880,04ffff001d020a01,266,True,True,True
28881,04ffff001d021501,277,True,True,True
28883,04ffff001d021a01,282,True,True,True
28888,04ffff001d022701,295,True,True,True
28894,04ffff001d025601,342,True,True,True
28896,04ffff001d026001,352,True,True,True
28901,04ffff001d026c01,364,True,True,True
28903,04ffff001d026e01,366,True,True,True
28907,04ffff001d027101,369,True,True,True
28910,04ffff001d027a01,378,True,True,True
28915,04ffff001d028001,384,True,True,True
28917,04ffff001d028501,389,True,True,True
28918,04ffff001d029001,400,True,True,True
28921,04ffff001d029501,405,True,True,True
28926,04ffff001d02b001,432,True,True,True
28928,04ffff001d02b401,436,True,True,True
28929,04ffff001d02bc01,444,True,True,True
28930,04ffff001d02d501,469,True,True,True
28933,04ffff001d02da01,474,True,True,True
28935,04ffff001d02db01,475,True,True,True
28940,04ffff001d02fe01,510,True,True,True
28941,04ffff001d020602,518,True,True,True
28943,04ffff001d020a02,522,True,True,True
28947,04ffff001d021e02,542,True,True,True
28948,04ffff001d024002,576,True,True,True
28950,04ffff001d025502,597,True,True,True
28951,04ffff001d025d02,605,True,True,True
28959,04ffff001d026102,609,True,True,True
28962,04ffff001d026602,614,True,True,True
28964,04ffff001d026e02,622,True,True,True
28970,04ffff001d028502,645,True,True,True
28973,04ffff001d028802,648,True,True,True
28978,04ffff001d028e02,654,True,True,True
28984,04ffff001d029402,660,True,True,True
28986,04ffff001d029602,662,True,True,True
28990,04ffff001d02a202,674,True,True,True
28992,04ffff001d02a702,679,True,True,True
28994,04ffff001d02c202,706,True,True,True
28999,04ffff001d02d602,726,True,True,True
29000,04ffff001d02d802,728,True,True,True
29005,04ffff001d02f202,754,True,True,True
29008,04ffff001d020403,772,True,True,True
29014,04ffff001d023e03,830,True,True,True
29015,04ffff001d024103,833,True,True,True
29017,04ffff001d026103,865,True,True,True
29021,04ffff001d028d03,909,True,True,True
29026,04ffff001d029303,915,True,True,True
29029,04ffff001d029a03,922,True,True,True
29037,04ffff001d029f03,927,True,True,True
29039,04ffff001d02a003,928,True,True,True
29042,04ffff001d02a303,931,True,True,True
29045,04ffff001d02bd03,957,True,True,True
29048,04ffff001d02f403,1012,True,True,True
29059,04ffff001d02f503,1013,True,True,True
29062,04ffff001d02f803,1016,True,True,True
29066,04ffff001d022704,1063,True,True,True
29067,04ffff001d022d04,1069,True,True,True
29071,04ffff001d025404,1108,True,True,True
29073,04ffff001d027304,1139,True,True,True
29076,04ffff001d027504,1141,True,True,True
29078,04ffff001d028804,1160,True,True,True
29080,04ffff001d028c04,1164,True,True,True
29082,04ffff001d029b04,1179,True,True,True
29084,04ffff001d029d04,1181,True,True,True
29088,04ffff001d02a604,1190,True,True,True
29090,04ffff001d02ae04,1198,True,True,True
29093,04ffff001d02cd04,1229,True,True,True
29094,04ffff001d02d104,1233,True,True,True
29097,04ffff001d02d504,1237,True,True,True
29099,04ffff001d02ef04,1263,True,True,True
29104,04ffff001d020705,1287,True,True,True
29108,04ffff001d020905,1289,True,True,True
29113,04ffff001d022005,1312,True,True,True
29117,04ffff001d023505,1333,True,True,True
29122,04ffff001d023605,1334,True,True,True
29125,04ffff001d023905,1337,True,True,True
29129,04ffff001d026905,1385,True,True,True
29132,04ffff001d027305,1395,True,True,True
29134,04ffff001d027b05,1403,True,True,True
29135,04ffff001d028505,1413,True,True,True
29139,04ffff001d029405,1428,True,True,True
29142,04ffff001d02a105,1441,True,True,True
29148,04ffff001d02b005,1456,True,True,True
29159,04ffff001d02b405,1460,True,True,True
29160,04ffff001d02be05,1470,True,True,True
29163,04ffff001d02d605,1494,True,True,True
29166,04ffff001d02ee05,1518,True,True,True
29167,04ffff001d020806,1544,True,True,True
29168,04ffff001d021e06,1566,True,True,True
29170,04ffff001d023d06,1597,True,True,True
29171,04ffff001d024806,1608,True,True,True
29173,04ffff001d025306,1619,True,True,True
29176,04ffff001d025706,1623,True,True,True
29178,04ffff001d025f06,1631,True,True,True
29180,04ffff001d026406,1636,True,True,True
29182,04ffff001d026606,1638,True,True,True
29186,04ffff001d026706,1639,True,True,True
29188,04ffff001d026906,1641,True,True,True
29189,04ffff001d026e06,1646,True,True,True
29193,04ffff001d028806,1672,True,True,True
29197,04ffff001d029406,1684,True,True,True
29207,04ffff001d029f06,1695,True,True,True
29214,04ffff001d02a106,1697,True,True,True
29216,04ffff001d02ac06,1708,True,True,True
29217,04ffff001d02b106,1713,True,True,True
29222,04ffff001d02ce06,1742,True,True,True
29224,04ffff001d02d206,1746,True,True,True
29228,04ffff001d02f906,1785,True,True,True
29231,04ffff001d02fa06,1786,True,True,True
29233,04ffff001d02fd06,1789,True,True,True
29236,04ffff001d020607,1798,True,True,True
29238,04ffff001d021507,1813,True,True,True
29239,04ffff001d021807,1816,True,True,True
29240,04ffff001d022107,1825,True,True,True
29243,04ffff001d024307,1859,True,True,True
29245,04ffff001d024b07,1867,True,True,True
29252,04ffff001d025307,1875,True,True,True
29258,04ffff001d025a07,1882,True,True,True
29260,04ffff001d028107,1921,True,True,True
29264,04ffff001d02b707,1975,True,True,True
29272,04ffff001d02bd07,1981,True,True,True
29273,04ffff001d02e107,2017,True,True,True
29276,04ffff001d02ea07,2026,True,True,True
29281,04ffff001d02eb07,2027,True,True,True
29291,04ffff001d02f207,2034,True,True,True
29294,04ffff001d02f707,2039,True,True,True
29296,04ffff001d020b08,2059,True,True,True
29298,04ffff001d020d08,2061,True,True,True
29301,04ffff001d021108,2065,True,True,True
29307,04ffff001d021308,2067,True,True,True
29308,04ffff001d023208,2098,True,True,True
29313,04ffff001d027e08,2174,True,True,True
29317,04ffff001d02a908,2217,True,True,True
29319,04ffff001d02ab08,2219,True,True,True
29322,04ffff001d02ce08,2254,True,True,True
29330,04ffff001d02e508,2277,True,True,True
29333,04ffff001d02ed08,2285,True,True,True
29340,04ffff001d020109,2305,True,True,True
29347,04ffff001d0108,8,True,True,True
29350,04ffff001d010c,12,True,True,True
29351,04ffff001d0113,19,True,True,True
29353,04ffff001d011d,29,True,True,True
29361,04ffff001d0134,52,True,True,True
29368,04ffff001d013a,58,True,True,True
29371,04ffff001d0140,64,True,True,True
29372,04ffff001d0143,67,True,True,True
29373,04ffff001d014e,78,True,True,True
29378,04ffff001d014f,79,True,True,True
29379,04ffff001d0152,82,True,True,True
29381,04ffff001d0167,103,True,True,True
29382,04ffff001d0170,112,True,True,True
29386,04ffff001d028d00,141,True,True,True
29389,04ffff001d029800,152,True,True,True
29393,04ffff001d02ba00,186,True,True,True
29397,04ffff001d02bd00,189,True,True,True
29403,04ffff001d02be00,190,True,True,True
29406,04ffff001d02c800,200,True,True,True
29408,04ffff001d02cc00,204,True,True,True
29412,04ffff001d02ec00,236,True,True,True
29414,04ffff001d020501,261,True,True,True
29415,04ffff001d021701,279,True,True,True
29418,04ffff001d021d01,285,True,True,True
29421,04ffff001d023401,308,True,True,True
29425,04ffff001d023a01,314,True,True,True
29427,04ffff001d025001,336,True,True,True
29431,04ffff001d025101,337,True,True,True
29437,04ffff001d025301,339,True,True,True
29441,04ffff001d025501,341,True,True,True
29450,04ffff001d026101,353,True,True,True
29456,04ffff001d026301,355,True,True,True
29459,04ffff001d027601,374,True,True,True
29460,04ffff001d029601,406,True,True,True
29463,04ffff001d02a101,417,True,True,True
29468,04ffff001d02a701,423,True,True,True
29470,04ffff001d02aa01,426,True,True,True
29471,04ffff001d02ae01,430,True,True,True
29473,04ffff001d02b901,441,True,True,True
29475,04ffff001d02c201,450,True,True,True
29476,04ffff001d02c301,451,True,True,True
29480,04ffff001d02c501,453,True,True,True
29485,04ffff001d02d501,469,True,True,True
29491,04ffff001d02de01,478,True,True,True
29494,04ffff001d02f201,498,True,True,True
29504,04ffff001d021802,536,True,True,True
29510,04ffff001d026102,609,True,True,True
29513,04ffff001d026e02,622,True,True,True
29516,04ffff001d027102,625,True,True,True
29523,04ffff001d027f02,639,True,True,True
29527,04ffff001d028702,647,True,True,True
29532,04ffff001d02aa02,682,True,True,True
29534,04ffff001d02ae02,686,True,True,True
29537,04ffff001d02cb02,715,True,True,True
29540,04ffff001d02d602,726,True,True,True
29545,04ffff001d02dd02,733,True,True,True
29549,04ffff001d02e802,744,True,True,True
29552,04ffff001d0113,19,True,True,True
29554,04ffff001d0147,71,True,True,True
29566,04ffff001d014d,77,True,True,True
29570,04ffff001d0155,85,True,True,True
29571,04ffff001d0174,116,True,True,True
29573,04ffff001d029500,149,True,True,True
29575,04ffff001d029700,151,True,True,True
29579,04ffff001d02bb00,187,True,True,True
29582,04ffff001d02bd00,189,True,True,True
29584,04ffff001d02e000,224,True,True,True
29587,04ffff001d02ed00,237,True,True,True
29588,04ffff001d020101,257,True,True,True
29592,04ffff001d020601,262,True,True,True
29595,04ffff001d022101,289,True,True,True
29598,04ffff001d022701,295,True,True,True
29606,04ffff001d024001,320,True,True,True
29608,04ffff001d024701,327,True,True,True
29609,04ffff001d025401,340,True,True,True
29613,04ffff001d027301,371,True,True,True
29614,04ffff001d027801,376,True,True,True
29616,04ffff001d028101,385,True,True,True
29618,04ffff001d028301,387,True,True,True
29620,04ffff001d028501,389,True,True,True
29622,04ffff001d028e01,398,True,True,True
29624,04ffff001d029601,406,True,True,True
29633,04ffff001d02a201,418,True,True,True
29635,04ffff001d02b501,437,True,True,True
29637,04ffff001d02bf01,447,True,True,True
29640,04ffff001d02c301,451,True,True,True
29641,04ffff001d02d301,467,True,True,True
29647,04ffff001d02d401,468,True,True,True
29649,04ffff001d02d801,472,True,True,True
29653,04ffff001d02f401,500,True,True,True
29657,04ffff001d020702,519,True,True,True
29661,04ffff001d020902,521,True,True,True
29666,04ffff001d010e,14,True,True,True
29669,04ffff001d0121,33,True,True,True
29673,04ffff001d0125,37,True,True,True
29674,04ffff001d0127,39,True,True,True
29676,04ffff001d012b,43,True,True,True
29678,04ffff001d013e,62,True,True,True
29680,04ffff001d0149,73,True,True,True
29682,04ffff001d0164,100,True,True,True
29686,04ffff001d0169,105,True,True,True
29687,04ffff001d0173,115,True,True,True
29690,04ffff001d028000,128,True,True,True
29697,04ffff001d029700,151,True,True,True
29699,04ffff001d02a300,163,True,True,True
29700,04ffff001d02b600,182,True,True,True
29703,04ffff001d02cb00,203,True,True,True
29704,04ffff001d020101,257,True,True,True
29705,04ffff001d020501,261,True,True,True
29713,04ffff001d021401,276,True,True,True
29720,04ffff001d021e01,286,True,True,True
29727,04ffff001d022b01,299,True,True,True
29732,04ffff001d023701,311,True,True,True
29734,04ffff001d023d01,317,True,True,True
29735,04ffff001d024201,322,True,True,True
29738,04ffff001d025c01,348,True,True,True
29739,04ffff001d026201,354,True,True,True
29742,04ffff001d026401,356,True,True,True
29746,04ffff001d027301,371,True,True,True
29750,04ffff001d028501,389,True,True,True
29758,04ffff001d028601,390,True,True,True
29760,04ffff001d02b101,433,True,True,True
29765,04ffff001d02b201,434,True,True,True
29771,04ffff001d02c101,449,True,True,True
29776,04ffff001d02c801,456,True,True,True
29780,04ffff001d02da01,474,True,True,True
29782,04ffff001d02e201,482,True,True,True
29789,04ffff001d02e301,483,True,True,True
29794,04ffff001d02e801,488,True,True,True
29797,04ffff001d02f601,502,True,True,True
29801,04ffff001d02f901,505,True,True,True
29804,04ffff001d021802,536,True,True,True
29808,04ffff001d021902,537,True,True,True
29812,04ffff001d022202,546,True,True,True
29813,04ffff001d023902,569,True,True,True
29818,04ffff001d023a02,570,True,True,True
29821,04ffff001d025702,599,True,True,True
29826,04ffff001d026202,610,True,True,True
29832,04ffff001d027702,631,True,True,True
29841,04ffff001d028b02,651,True,True,True
29843,04ffff001d028f02,655,True,True,True
29847,04ffff001d029d02,669,True,True,True
29849,04ffff001d02ac02,684,True,True,True
29852,04ffff001d02b402,692,True,True,True
29861,04ffff001d02cb02,715,True,True,True
29865,04ffff001d02cc02,716,True,True,True
29871,04ffff001d02df02,735,True,True,True
29873,04ffff001d02e102,737,True,True,True
29881,04ffff001d02e302,739,True,True,True
29887,04ffff001d02e502,741,True,True,True
29890,04ffff001d02e802,744,True,True,True
29896,04ffff001d02f002,752,True,True,True
29898,04ffff001d022603,806,True,True,True
29901,04ffff001d023103,817,True,True,True
29904,04ffff001d023203,818,True,True,True
29910,04ffff001d024103,833,True,True,True
29918,04ffff001d024e03,846,True,True,True
29919,04ffff001d025503,853,True,True,True
29920,04ffff001d025903,857,True,True,True
29923,04ffff001d026303,867,True,True,True
29926,04ffff001d027b03,891,True,True,True
29927,04ffff001d028103,897,True,True,True
29932,04ffff001d02aa03,938,True,True,True
29937,04ffff001d02b103,945,True,True,True
29944,04ffff001d02c203,962,True,True,True
29945,04ffff001d02fa03,1018,True,True,True
29951,04ffff001d02fc03,1020,True,True,True
29962,04ffff001d020104,1025,True,True,True
29966,04ffff001d020504,1029,True,True,True
29969,04ffff001d020c04,1036,True,True,True
29977,04ffff001d025d04,1117,True,True,True
29985,04ffff001d027d04,1149,True,True,True
29988,04ffff001d028c04,1164,True,True,True
29991,04ffff001d02a604,1190,True,True,True
29993,04ffff001d02bc04,1212,True,True,True
29999,04ffff001d02d004,1232,True,True,True
30000,04ffff001d02d304,1235,True,True,True
30004,04ffff001d02d404,1236,True,True,True
30005,04ffff001d02d804,1240,True,True,True
30010,04ffff001d02ec04,1260,True,True,True
30013,04ffff001d02f204,1266,True,True,True
30016,04ffff001d021105,1297,True,True,True
30022,04ffff001d022905,1321,True,True,True
30029,04ffff001d022c05,1324,True,True,True
30034,04ffff001d023705,1335,True,True,True
30040,04ffff001d023805,1336,True,True,True
30045,04ffff001d025405,1364,True,True,True
30052,04ffff001d027c05,1404,True,True,True
30060,04ffff001d029505,1429,True,True,True
30062,04ffff001d029805,1432,True,True,True
30067,04ffff001d02a105,1441,True,True,True
30070,04ffff001d02a505,1445,True,True,True
30075,04ffff001d02d105,1489,True,True,True
30078,04ffff001d02ee05,1518,True,True,True
30081,04ffff001d022206,1570,True,True,True
30087,04ffff001d022706,1575,True,True,True
30095,04ffff001d022e06,1582,True,True,True
30104,04ffff001d023206,1586,True,True,True
30110,04ffff001d026306,1635,True,True,True
30117,04ffff001d026606,1638,True,True,True
30120,04ffff001d027806,1656,True,True,True
30127,04ffff001d028106,1665,True,True,True
30129,04ffff001d0105,5,True,True,True
30143,04ffff001d0107,7,True,True,True
30150,04ffff001d015d,93,True,True,True
30169,04ffff001d0171,113,True,True,True
30178,04ffff001d017b,123,True,True,True
30218,04ffff001d028900,137,True,True,True
30223,04ffff001d028b00,139,True,True,True
30229,04ffff001d02a400,164,True,True,True
30234,04ffff001d02a900,169,True,True,True
30239,04ffff001d02aa00,170,True,True,True
30241,04ffff001d02bb00,187,True,True,True
30243,04ffff001d02be00,190,True,True,True
30247,04ffff001d02c100,193,True,True,True
30250,04ffff001d02c300,195,True,True,True
30256,04ffff001d02cb00,203,True,True,True
30259,04ffff001d02cd00,205,True,True,True
30264,04ffff001d02df00,223,True,True,True
30279,04ffff001d02f000,240,True,True,True
30286,04ffff001d02ff00,255,True,True,True
30295,04ffff001d020101,257,True,True,True
30299,04ffff001d020a01,266,True,True,True
30307,04ffff001d021e01,286,True,True,True
30312,04ffff001d022e01,302,True,True,True
30318,04ffff001d023301,307,True,True,True
30325,04ffff001d023f01,319,True,True,True
30337,04ffff001d024e01,334,True,True,True
30343,04ffff001d025501,341,True,True,True
30347,04ffff001d025b01,347,True,True,True
30368,04ffff001d027101,369,True,True,True
30386,04ffff001d027401,372,True,True,True
30395,04ffff001d027c01,380,True,True,True
30406,04ffff001d027d01,381,True,True,True
30413,04ffff001d02b801,440,True,True,True
30420,04ffff001d02bd01,445,True,True,True
30423,04ffff001d02c601,454,True,True,True
30426,04ffff001d02d601,470,True,True,True
30431,04ffff001d02ec01,492,True,True,True
30437,04ffff001d02ff01,511,True,True,True
30445,04ffff001d021802,536,True,True,True
30452,04ffff001d023902,569,True,True,True
30453,04ffff001d024502,581,True,True,True
30462,04ffff001d029e02,670,True,True,True
30469,04ffff001d02a302,675,True,True,True
30478,04ffff001d02a402,676,True,True,True
30479,04ffff001d02b302,691,True,True,True
30486,04ffff001d02b602,694,True,True,True
30492,04ffff001d02cb02,715,True,True,True
30502,04ffff001d02dc02,732,True,True,True
30507,04ffff001d02e202,738,True,True,True
30521,04ffff001d02eb02,747,True,True,True
30524,04ffff001d020603,774,True,True,True
30532,04ffff001d021d03,797,True,True,True
30533,04ffff001d021e03,798,True,True,True
30538,04ffff001d022703,807,True,True,True
30540,04ffff001d023803,824,True,True,True
30545,04ffff001d025303,851,True,True,True
30556,04ffff001d026b03,875,True,True,True
30557,04ffff001d027103,881,True,True,True
30565,04ffff001d027d03,893,True,True,True
30570,04ffff001d028e03,910,True,True,True
30576,04ffff001d029d03,925,True,True,True
30584,04ffff001d02a503,933,True,True,True
30592,04ffff001d02a903,937,True,True,True
30595,04ffff001d02d703,983,True,True,True
30600,04ffff001d02da03,986,True,True,True
30610,04ffff001d02dd03,989,True,True,True
30612,04ffff001d02e203,994,True,True,True
30616,04ffff001d02e503,997,True,True,True
30628,04ffff001d02f103,1009,True,True,True
30637,04ffff001d021304,1043,True,True,True
30647,04ffff001d022d04,1069,True,True,True
30655,04ffff001d023404,1076,True,True,True
30666,04ffff001d023e04,1086,True,True,True
30671,04ffff001d024804,1096,True,True,True
30678,04ffff001d025704,1111,True,True,True
30683,04ffff001d026104,1121,True,True,True
30691,04ffff001d027a04,1146,True,True,True
30700,04ffff001d028f04,1167,True,True,True
30708,04ffff001d02a904,1193,True,True,True
30716,04ffff001d02bd04,1213,True,True,True
30725,04ffff001d02c904,1225,True,True,True
30728,04ffff001d02d504,1237,True,True,True
30730,04ffff001d02eb04,1259,True,True,True
30741,04ffff001d02ee04,1262,True,True,True
30744,04ffff001d022205,1314,True,True,True
30753,04ffff001d023605,1334,True,True,True
30761,04ffff001d026905,1385,True,True,True
30769,04ffff001d027005,1392,True,True,True
30771,04ffff001d028305,1411,True,True,True
30784,04ffff001d02a205,1442,True,True,True
30788,04ffff001d02c805,1480,True,True,True
30797,04ffff001d02cb05,1483,True,True,True
30811,04ffff001d02f105,1521,True,True,True
30817,04ffff001d020706,1543,True,True,True
30822,04ffff001d020a06,1546,True,True,True
30828,04ffff001d025406,1620,True,True,True
30835,04ffff001d026006,1632,True,True,True
30842,04ffff001d028206,1666,True,True,True
30843,04ffff001d028306,1667,True,True,True
30847,04ffff001d028506,1669,True,True,True
30854,04ffff001d028606,1670,True,True,True
30866,04ffff001d02ac06,1708,True,True,True
30867,04ffff001d02af06,1711,True,True,True
30872,04ffff001d02b606,1718,True,True,True
30883,04ffff001d02b806,1720,True,True,True
30889,04ffff001d02bf06,1727,True,True,True
30893,04ffff001d02d806,1752,True,True,True
30894,04ffff001d02e006,1760,True,True,True
30910,04ffff001d02ef06,1775,True,True,True
30916,04ffff001d02f006,1776,True,True,True
30919,04ffff001d02fe06,1790,True,True,True
30920,04ffff001d020407,1796,True,True,True
30925,04ffff001d020c07,1804,True,True,True
30928,04ffff001d021407,1812,True,True,True
30940,04ffff001d022a07,1834,True,True,True
30947,04ffff001d023107,1841,True,True,True
30955,04ffff001d023207,1842,True,True,True
30961,04ffff001d023807,1848,True,True,True
30968,04ffff001d023e07,1854,True,True,True
30970,04ffff001d026107,1889,True,True,True
30979,04ffff001d027907,1913,True,True,True
30983,04ffff001d029307,1939,True,True,True
30988,04ffff001d029507,1941,True,True,True
30993,04ffff001d02b807,1976,True,True,True
31002,04ffff001d02c707,1991,True,True,True
31005,04ffff001d02ca07,1994,True,True,True
31009,04ffff001d02ea07,2026,True,True,True
31014,04ffff001d02f007,2032,True,True,True
31018,04ffff001d02f707,2039,True,True,True
31019,04ffff001d02fd07,2045,True,True,True
31021,04ffff001d020b08,2059,True,True,True
31028,04ffff001d021c08,2076,True,True,True
31030,04ffff001d022508,2085,True,True,True
31039,04ffff001d023908,2105,True,True,True
31047,04ffff001d024108,2113,True,True,True
31058,04ffff001d024408,2116,True,True,True
31064,04ffff001d025608,2134,True,True,True
31072,04ffff001d025c08,2140,True,True,True
31077,04ffff001d026808,2152,True,True,True
31081,04ffff001d026d08,2157,True,True,True
31088,04ffff001d028308,2179,True,True,True
31102,04ffff001d029208,2194,True,True,True
31106,04ffff001d02a108,2209,True,True,True
31111,04ffff001d02a308,2211,True,True,True
31118,04ffff001d02a508,2213,True,True,True
31120,04ffff001d02b108,2225,True,True,True
31125,04ffff001d02ba08,2234,True,True,True
31132,04ffff001d02ca08,2250,True,True,True
31135,04ffff001d02cf08,2255,True,True,True
31142,04ffff001d02da08,2266,True,True,True
31146,04ffff001d02dc08,2268,True,True,True
31150,04ffff001d02ea08,2282,True,True,True
31151,04ffff001d02fb08,2299,True,True,True
31156,04ffff001d02fe08,2302,True,True,True
31157,04ffff001d020509,2309,True,True,True
31159,04ffff001d020809,2312,True,True,True
31166,04ffff001d021609,2326,True,True,True
31168,04ffff001d021d09,2333,True,True,True
31170,04ffff001d021f09,2335,True,True,True
31175,04ffff001d023909,2361,True,True,True
31181,04ffff001d023a09,2362,True,True,True
31184,04ffff001d023c09,2364,True,True,True
31195,04ffff001d028209,2434,True,True,True
31203,04ffff001d029509,2453,True,True,True
31210,04ffff001d02bf09,2495,True,True,True
31218,04ffff001d02c509,2501,True,True,True
31221,04ffff001d02db09,2523,True,True,True
31223,04ffff001d02dd09,2525,True,True,True
31227,04ffff001d02f209,2546,True,True,True
31232,04ffff001d02010a,2561,True,True,True
31238,04ffff001d02150a,2581,True,True,True
31240,04ffff001d02180a,2584,True,True,True
31243,04ffff001d02250a,2597,True,True,True
31245,04ffff001d02270a,2599,True,True,True
31246,04ffff001d02410a,2625,True,True,True
31249,04ffff001d02500a,2640,True,True,True
31258,04ffff001d02530a,2643,True,True,True
31269,04ffff001d02570a,2647,True,True,True
31270,04ffff001d02650a,2661,True,True,True
31279,04ffff001d02770a,2679,True,True,True
31286,04ffff001d02840a,2692,True,True,True
31288,04ffff001d02970a,2711,True,True,True
31289,04ffff001d029b0a,2715,True,True,True
31295,04ffff001d02a30a,2723,True,True,True
31300,04ffff001d02b50a,2741,True,True,True
31308,04ffff001d02bc0a,2748,True,True,True
31309,04ffff001d02bd0a,2749,True,True,True
31311,04ffff001d02cb0a,2763,True,True,True
31318,04ffff001d02d60a,2774,True,True,True
31319,04ffff001d02f80a,2808,True,True,True
31323,04ffff001d02fd0a,2813,True,True,True
31326,04ffff001d02ff0a,2815,True,True,True
31334,04ffff001d02090b,2825,True,True,True
31346,04ffff001d02370b,2871,True,True,True
31347,04ffff001d02480b,2888,True,True,True
31350,04ffff001d02630b,2915,True,True,True
31357,04ffff001d02690b,2921,True,True,True
31360,04ffff001d02710b,2929,True,True,True
31361,04ffff001d02770b,2935,True,True,True
31373,04ffff001d02870b,2951,True,True,True
31381,04ffff001d028b0b,2955,True,True,True
31384,04ffff001d02a50b,2981,True,True,True
31388,04ffff001d02aa0b,2986,True,True,True
31394,04ffff001d02b60b,2998,True,True,True
31397,04ffff001d02bc0b,3004,True,True,True
31416,04ffff001d02dd0b,3037,True,True,True
31426,04ffff001d020f0c,3087,True,True,True
31430,04ffff001d02190c,3097,True,True,True
31441,04ffff001d021a0c,3098,True,True,True
31448,04ffff001d02390c,3129,True,True,True
31451,04ffff001d02500c,3152,True,True,True
31459,04ffff001d026b0c,3179,True,True,True
31466,04ffff001d02720c,3186,True,True,True
31472,04ffff001d02860c,3206,True,True,True
31473,04ffff001d02b60c,3254,True,True,True
31480,04ffff001d02c30c,3267,True,True,True
31484,04ffff001d02ca0c,3274,True,True,True
31489,04ffff001d02d30c,3283,True,True,True
31492,04ffff001d02d40c,3284,True,True,True
31495,04ffff001d02eb0c,3307,True,True,True
31501,04ffff001d02f20c,3314,True,True,True
31507,04ffff001d02080d,3336,True,True,True
31515,04ffff001d02090d,3337,True,True,True
31531,04ffff001d02500d,3408,True,True,True
31532,04ffff001d025b0d,3419,True,True,True
31538,04ffff001d02740d,3444,True,True,True
31544,04ffff001d027d0d,3453,True,True,True
31547,04ffff001d02870d,3463,True,True,True
31550,04ffff001d028f0d,3471,True,True,True
31551,04ffff001d02900d,3472,True,True,True
31556,04ffff001d02990d,3481,True,True,True
31557,04ffff001d02a20d,3490,True,True,True
31563,04ffff001d02a80d,3496,True,True,True
31564,04ffff001d02b40d,3508,True,True,True
31567,04ffff001d02b50d,3509,True,True,True
31568,04ffff001d02ba0d,3514,True,True,True
31569,04ffff001d02bb0d,3515,True,True,True
31574,04ffff001d02bd0d,3517,True,True,True
31576,04ffff001d02bf0d,3519,True,True,True
31577,04ffff001d02e00d,3552,True,True,True
31594,04ffff001d02100e,3600,True,True,True
31600,04ffff001d022c0e,3628,True,True,True
31604,04ffff001d02350e,3637,True,True,True
31613,04ffff001d02400e,3648,True,True,True
31616,04ffff001d02470e,3655,True,True,True
31622,04ffff001d024a0e,3658,True,True,True
31627,04ffff001d02680e,3688,True,True,True
31631,04ffff001d026a0e,3690,True,True,True
31634,04ffff001d026f0e,3695,True,True,True
31642,04ffff001d02710e,3697,True,True,True
31647,04ffff001d02730e,3699,True,True,True
31655,04ffff001d02820e,3714,True,True,True
31661,04ffff001d02980e,3736,True,True,True
31667,04ffff001d02990e,3737,True,True,True
31668,04ffff001d029e0e,3742,True,True,True
31669,04ffff001d02a80e,3752,True,True,True
31674,04ffff001d02b30e,3763,True,True,True
31677,04ffff001d02bf0e,3775,True,True,True
31685,04ffff001d02ca0e,3786,True,True,True
31690,04ffff001d02ee0e,3822,True,True,True
31695,04ffff001d02f50e,3829,True,True,True
31699,04ffff001d020a0f,3850,True,True,True
31708,04ffff001d02370f,3895,True,True,True
31710,04ffff001d02450f,3909,True,True,True
31714,04ffff001d026c0f,3948,True,True,True
31728,04ffff001d02930f,3987,True,True,True
31733,04ffff001d02a20f,4002,True,True,True
31736,04ffff001d02b30f,4019,True,True,True
31741,04ffff001d02ee0f,4078,True,True,True
31752,04ffff001d02f80f,4088,True,True,True
31762,04ffff001d020110,4097,True,True,True
31764,04ffff001d022d10,4141,True,True,True
31767,04ffff001d024110,4161,True,True,True
31768,04ffff001d025110,4177,True,True,True
31778,04ffff001d026f10,4207,True,True,True
31780,04ffff001d027210,4210,True,True,True
31784,04ffff001d027610,4214,True,True,True
31790,04ffff001d028410,4228,True,True,True
31791,04ffff001d029e10,4254,True,True,True
31795,04ffff001d02ab10,4267,True,True,True
31796,04ffff001d02b610,4278,True,True,True
31803,04ffff001d02ce10,4302,True,True,True
31805,04ffff001d02e210,4322,True,True,True
31811,04ffff001d02f010,4336,True,True,True
31824,04ffff001d021111,4369,True,True,True
31833,04ffff001d021711,4375,True,True,True
31838,04ffff001d021d11,4381,True,True,True
31846,04ffff001d022111,4385,True,True,True
31856,04ffff001d022311,4387,True,True,True
31858,04ffff001d023311,4403,True,True,True
31860,04ffff001d023411,4404,True,True,True
31866,04ffff001d025011,4432,True,True,True
31869,04ffff001d025811,4440,True,True,True
31879,04ffff001d028911,4489,True,True,True
31882,04ffff001d028e11,4494,True,True,True
31887,04ffff001d029711,4503,True,True,True
31888,04ffff001d02a411,4516,True,True,True
31897,04ffff001d02cd11,4557,True,True,True
31899,04ffff001d02d711,4567,True,True,True
31902,04ffff001d02e511,4581,True,True,True
31909,04ffff001d02eb11,4587,True,True,True
31914,04ffff001d02f011,4592,True,True,True
31923,04ffff001d02ff11,4607,True,True,True
31926,04ffff001d020312,4611,True,True,True
31927,04ffff001d021e12,4638,True,True,True
31936,04ffff001d022212,4642,True,True,True
31942,04ffff001d023012,4656,True,True,True
31946,04ffff001d023c12,4668,True,True,True
31949,04ffff001d024312,4675,True,True,True
31950,04ffff001d024412,4676,True,True,True
31951,04ffff001d024d12,4685,True,True,True
31953,04ffff001d027212,4722,True,True,True
31957,04ffff001d027612,4726,True,True,True
31958,04ffff001d027c12,4732,True,True,True
31963,04ffff001d028f12,4751,True,True,True
31966,04ffff001d029612,4758,True,True,True
31967,04ffff001d029a12,4762,True,True,True
31970,04ffff001d029f12,4767,True,True,True
31972,04ffff001d02b612,4790,True,True,True
31978,04ffff001d02bf12,4799,True,True,True
31986,04ffff001d02dc12,4828,True,True,True
31993,04ffff001d02dd12,4829,True,True,True
31997,04ffff001d02e412,4836,True,True,True
31999,04ffff001d02e712,4839,True,True,True
32001,04ffff001d02f312,4851,True,True,True
32005,04ffff001d02f512,4853,True,True,True
32016,04ffff001d02f612,4854,True,True,True
32020,04ffff001d02f812,4856,True,True,True
32021,04ffff001d020d13,4877,True,True,True
32023,04ffff001d020f13,4879,True,True,True
32026,04ffff001d021013,4880,True,True,True
32032,04ffff001d021d13,4893,True,True,True
32036,04ffff001d022413,4900,True,True,True
32038,04ffff001d022f13,4911,True,True,True
32041,04ffff001d023613,4918,True,True,True
32047,04ffff001d023913,4921,True,True,True
32053,04ffff001d024113,4929,True,True,True
32066,04ffff001d026013,4960,True,True,True
32072,04ffff001d027613,4982,True,True,True
32081,04ffff001d028713,4999,True,True,True
32083,04ffff001d02aa13,5034,True,True,True
32093,04ffff001d02c713,5063,True,True,True
32095,04ffff001d02ca13,5066,True,True,True
32102,04ffff001d02f113,5105,True,True,True
32114,04ffff001d02fe13,5118,True,True,True
32117,04ffff001d020114,5121,True,True,True
32120,04ffff001d020514,5125,True,True,True
32128,04ffff001d022214,5154,True,True,True
32137,04ffff001d022b14,5163,True,True,True
32145,04ffff001d024a14,5194,True,True,True
32155,04ffff001d024f14,5199,True,True,True
32158,04ffff001d025b14,5211,True,True,True
32163,04ffff001d026b14,5227,True,True,True
32165,04ffff001d027e14,5246,True,True,True
32176,04ffff001d028614,5254,True,True,True
32185,04ffff001d028914,5257,True,True,True
32197,04ffff001d029114,5265,True,True,True
32203,04ffff001d02a814,5288,True,True,True
32205,04ffff001d02b114,5297,True,True,True
32209,04ffff001d02c814,5320,True,True,True
32214,04ffff001d02cd14,5325,True,True,True
32222,04ffff001d02d714,5335,True,True,True
32232,04ffff001d020d15,5389,True,True,True
32244,04ffff001d021c15,5404,True,True,True
32258,046ad8001d025b15,5467,True,True,True
32263,046ad8001d026315,5475,True,True,True
32267,046ad8001d026715,5479,True,True,True
32270,046ad8001d027815,5496,True,True,True
32275,046ad8001d028415,5508,True,True,True
32283,046ad8001d02af15,5551,True,True,True
32285,046ad8001d02c915,5577,True,True,True
32288,046ad8001d02d515,5589,True,True,True
32292,046ad8001d02e915,5609,True,True,True
32294,046ad8001d02ed15,5613,True,True,True
32299,046ad8001d02ee15,5614,True,True,True
32303,046ad8001d02f415,5620,True,True,True
32311,046ad8001d024416,5700,True,True,True
32314,046ad8001d024e16,5710,True,True,True
32319,046ad8001d027316,5747,True,True,True
32328,046ad8001d028616,5766,True,True,True
32332,046ad8001d029516,5781,True,True,True
32341,046ad8001d029c16,5788,True,True,True
32344,046ad8001d02a316,5795,True,True,True
32345,046ad8001d02a516,5797,True,True,True
32349,046ad8001d02a816,5800,True,True,True
32353,046ad8001d02bb16,5819,True,True,True
32365,046ad8001d02c916,5833,True,True,True
32366,046ad8001d02cc16,5836,True,True,True
32373,046ad8001d02e316,5859,True,True,True
32381,046ad8001d020417,5892,True,True,True
32387,046ad8001d021217,5906,True,True,True
32396,046ad8001d026117,5985,True,True,True
32401,046ad8001d028517,6021,True,True,True
32406,046ad8001d028c17,6028,True,True,True
32408,046ad8001d029e17,6046,True,True,True
32413,046ad8001d02a817,6056,True,True,True
32421,046ad8001d02b917,6073,True,True,True
32428,046ad8001d02ca17,6090,True,True,True
32431,046ad8001d02ee17,6126,True,True,True
32438,046ad8001d02f217,6130,True,True,True
32440,046ad8001d02fd17,6141,True,True,True
32444,046ad8001d022518,6181,True,True,True
32452,046ad8001d022d18,6189,True,True,True
32455,046ad8001d023718,6199,True,True,True
32461,046ad8001d023d18,6205,True,True,True
32466,046ad8001d028718,6279,True,True,True
32471,046ad8001d028a18,6282,True,True,True
32472,046ad8001d02b818,6328,True,True,True
32476,046ad8001d02c618,6342,True,True,True
32479,046ad8001d02cc18,6348,True,True,True
32481,046ad8001d02d718,6359,True,True,True
32485,046ad8001d02e418,6372,True,True,True
32489,046ad8001d02f518,6389,True,True,True
32495,046ad8001d020019,6400,True,True,True
32496,046ad8001d020819,6408,True,True,True
32498,046ad8001d020919,6409,True,True,True
32503,046ad8001d024019,6464,True,True,True
32510,046ad8001d024b19,6475,True,True,True
32516,046ad8001d025c19,6492,True,True,True
32519,046ad8001d027519,6517,True,True,True
32522,046ad8001d027a19,6522,True,True,True
32533,046ad8001d010b,11,True,True,True
32536,046ad8001d010c,12,True,True,True
32541,046ad8001d0114,20,True,True,True
32543,046ad8001d011c,28,True,True,True
32551,046ad8001d011e,30,True,True,True
32553,046ad8001d0126,38,True,True,True
32558,046ad8001d0130,48,True,True,True
32567,046ad8001d0137,55,True,True,True
32571,046ad8001d0144,68,True,True,True
32576,046ad8001d0156,86,True,True,True
32578,046ad8001d0171,113,True,True,True
32580,046ad8001d0177,119,True,True,True
32589,046ad8001d028c00,140,True,True,True
32590,046ad8001d02af00,175,True,True,True
32591,046ad8001d02d000,208,True,True,True
32593,046ad8001d02d400,212,True,True,True
32604,046ad8001d02f000,240,True,True,True
32610,046ad8001d02f400,244,True,True,True
32612,046ad8001d020c01,268,True,True,True
32618,046ad8001d020d01,269,True,True,True
32623,046ad8001d022101,289,True,True,True
32628,046ad8001d022701,295,True,True,True
32634,046ad8001d023a01,314,True,True,True
32639,046ad8001d023c01,316,True,True,True
32645,046ad8001d025a01,346,True,True,True
32653,046ad8001d027a01,378,True,True,True
32657,046ad8001d028601,390,True,True,True
32663,046ad8001d028e01,398,True,True,True
32671,046ad8001d029e01,414,True,True,True
32684,046ad8001d02c701,455,True,True,True
32693,046ad8001d02ce01,462,True,True,True
32700,046ad8001d02d601,470,True,True,True
32709,046ad8001d02e401,484,True,True,True
32711,046ad8001d02eb01,491,True,True,True
32715,046ad8001d020402,516,True,True,True
32723,046ad8001d023a02,570,True,True,True
32725,046ad8001d023b02,571,True,True,True
32728,046ad8001d023c02,572,True,True,True
32733,046ad8001d024802,584,True,True,True
32735,046ad8001d024e02,590,True,True,True
32738,046ad8001d025202,594,True,True,True
32742,046ad8001d025902,601,True,True,True
32747,046ad8001d026402,612,True,True,True
32751,046ad8001d026a02,618,True,True,True
32756,046ad8001d029602,662,True,True,True
32766,046ad8001d02b502,693,True,True,True
32775,046ad8001d02bb02,699,True,True,True
32783,046ad8001d02c802,712,True,True,True
32787,046ad8001d02d502,725,True,True,True
32795,046ad8001d02db02,731,True,True,True
32797,046ad8001d02de02,734,True,True,True
32805,046ad8001d02f402,756,True,True,True
32829,046ad8001d02fd02,765,True,True,True
32832,046ad8001d020103,769,True,True,True
32841,046ad8001d020f03,783,True,True,True
32843,046ad8001d021203,786,True,True,True
32854,046ad8001d021303,787,True,True,True
32855,046ad8001d021903,793,True,True,True
32860,046ad8001d023303,819,True,True,True
32867,046ad8001d023603,822,True,True,True
32869,046ad8001d025f03,863,True,True,True
32875,046ad8001d026303,867,True,True,True
32892,046ad8001d026d03,877,True,True,True
32893,046ad8001d027103,881,True,True,True
32907,046ad8001d02c303,963,True,True,True
32920,046ad8001d02f303,1011,True,True,True
32926,046ad8001d02f403,1012,True,True,True
32927,046ad8001d02f803,1016,True,True,True
32938,046ad8001d020504,1029,True,True,True
32949,046ad8001d020704,1031,True,True,True
32956,046ad8001d021204,1042,True,True,True
32960,046ad8001d022204,1058,True,True,True
32970,046ad8001d022304,1059,True,True,True
32974,046ad8001d026204,1122,True,True,True
32976,046ad8001d026604,1126,True,True,True
32984,046ad8001d027404,1140,True,True,True
32991,046ad8001d028404,1156,True,True,True
33000,046ad8001d029304,1171,True,True,True
33004,046ad8001d02a604,1190,True,True,True
33009,046ad8001d02a704,1191,True,True,True
33016,046ad8001d02b304,1203,True,True,True
33022,046ad8001d02d404,1236,True,True,True
33025,046ad8001d02eb04,1259,True,True,True
33026,046ad8001d020905,1289,True,True,True
33030,046ad8001d020d05,1293,True,True,True
33037,046ad8001d023705,1335,True,True,True
33047,046ad8001d024f05,1359,True,True,True
33056,046ad8001d025d05,1373,True,True,True
33059,046ad8001d026105,1377,True,True,True
33060,046ad8001d026205,1378,True,True,True
33064,046ad8001d026a05,1386,True,True,True
33068,046ad8001d027505,1397,True,True,True
33075,046ad8001d029305,1427,True,True,True
33085,046ad8001d029905,1433,True,True,True
33091,046ad8001d029b05,1435,True,True,True
33100,046ad8001d02c705,1479,True,True,True
33105,046ad8001d02e205,1506,True,True,True
33115,046ad8001d02e705,1511,True,True,True
33121,046ad8001d02e805,1512,True,True,True
33126,046ad8001d020406,1540,True,True,True
33137,046ad8001d020506,1541,True,True,True
33143,046ad8001d021206,1554,True,True,True
33154,046ad8001d021306,1555,True,True,True
33168,046ad8001d022006,1568,True,True,True
33182,046ad8001d023006,1584,True,True,True
33187,046ad8001d023e06,1598,True,True,True
33190,046ad8001d024606,1606,True,True,True
33200,046ad8001d028706,1671,True,True,True
33204,046ad8001d028c06,1676,True,True,True
33211,046ad8001d02b806,1720,True,True,True
33215,046ad8001d02e106,1761,True,True,True
33221,046ad8001d02ef06,1775,True,True,True
33224,046ad8001d02f906,1785,True,True,True
33235,046ad8001d020007,1792,True,True,True
33243,046ad8001d020107,1793,True,True,True
33256,046ad8001d021207,1810,True,True,True
33267,046ad8001d025807,1880,True,True,True
33272,046ad8001d027a07,1914,True,True,True
33275,046ad8001d02bf07,1983,True,True,True
33286,046ad8001d02d307,2003,True,True,True
33291,046ad8001d02da07,2010,True,True,True
33294,046ad8001d02db07,2011,True,True,True
33297,046ad8001d021708,2071,True,True,True
33305,046ad8001d022f08,2095,True,True,True
33314,046ad8001d027408,2164,True,True,True
33315,046ad8001d029408,2196,True,True,True
33319,046ad8001d02a008,2208,True,True,True
33328,046ad8001d02a508,2213,True,True,True
33331,046ad8001d02a608,2214,True,True,True
33338,046ad8001d02ad08,2221,True,True,True
33341,046ad8001d02ae08,2222,True,True,True
33350,046ad8001d02af08,2223,True,True,True
33358,046ad8001d02bd08,2237,True,True,True
33362,046ad8001d02ce08,2254,True,True,True
33368,046ad8001d02d408,2260,True,True,True
33370,046ad8001d02d808,2264,True,True,True
33375,046ad8001d02df08,2271,True,True,True
33376,046ad8001d02e908,2281,True,True,True
33383,046ad8001d02ec08,2284,True,True,True
33393,046ad8001d02ed08,2285,True,True,True
33395,046ad8001d02f908,2297,True,True,True
33405,046ad8001d020609,2310,True,True,True
33412,046ad8001d020909,2313,True,True,True
33413,046ad8001d022b09,2347,True,True,True
33420,046ad8001d023209,2354,True,True,True
33421,046ad8001d023409,2356,True,True,True
33430,046ad8001d023c09,2364,True,True,True
33434,046ad8001d026609,2406,True,True,True
33436,046ad8001d026a09,2410,True,True,True
33441,046ad8001d027b09,2427,True,True,True
33445,046ad8001d028509,2437,True,True,True
33450,046ad8001d028809,2440,True,True,True
33457,046ad8001d028c09,2444,True,True,True
33460,046ad8001d029609,2454,True,True,True
33468,046ad8001d029e09,2462,True,True,True
33472,046ad8001d02dc09,2524,True,True,True
33481,046ad8001d020a0a,2570,True,True,True
33484,046ad8001d02290a,2601,True,True,True
33487,046ad8001d024a0a,2634,True,True,True
33491,046ad8001d025c0a,2652,True,True,True
33496,046ad8001d02630a,2659,True,True,True
33502,046ad8001d02710a,2673,True,True,True
33506,046ad8001d02a70a,2727,True,True,True
33518,046ad8001d02e40a,2788,True,True,True
33520,046ad8001d02eb0a,2795,True,True,True
33523,046ad8001d02ec0a,2796,True,True,True
33531,046ad8001d02f90a,2809,True,True,True
33540,046ad8001d02060b,2822,True,True,True
33549,046ad8001d02140b,2836,True,True,True
33554,046ad8001d021b0b,2843,True,True,True
33566,046ad8001d021d0b,2845,True,True,True
33577,046ad8001d02320b,2866,True,True,True
33584,046ad8001d02420b,2882,True,True,True
33593,046ad8001d024b0b,2891,True,True,True
33594,046ad8001d02540b,2900,True,True,True
33601,046ad8001d02580b,2904,True,True,True
33607,046ad8001d025b0b,2907,True,True,True
33610,046ad8001d02610b,2913,True,True,True
33616,046ad8001d02640b,2916,True,True,True
33622,046ad8001d026b0b,2923,True,True,True
33627,046ad8001d026d0b,2925,True,True,True
33629,046ad8001d02890b,2953,True,True,True
33631,046ad8001d029f0b,2975,True,True,True
33634,046ad8001d02a30b,2979,True,True,True
33641,046ad8001d02cd0b,3021,True,True,True
33647,046ad8001d02f30b,3059,True,True,True
33654,046ad8001d020e0c,3086,True,True,True
33657,046ad8001d02120c,3090,True,True,True
33664,046ad8001d02160c,3094,True,True,True
33665,046ad8001d02220c,3106,True,True,True
33667,046ad8001d022a0c,3114,True,True,True
33670,046ad8001d02340c,3124,True,True,True
33675,046ad8001d02430c,3139,True,True,True
33684,046ad8001d025d0c,3165,True,True,True
33689,046ad8001d02740c,3188,True,True,True
33696,046ad8001d02810c,3201,True,True,True
33705,046ad8001d02a60c,3238,True,True,True
33707,046ad8001d02a90c,3241,True,True,True
33710,046ad8001d02b60c,3254,True,True,True
33724,046ad8001d02bf0c,3263,True,True,True
33728,046ad8001d02cd0c,3277,True,True,True
33734,046ad8001d02d30c,3283,True,True,True
33737,046ad8001d02230d,3363,True,True,True
33741,046ad8001d02250d,3365,True,True,True
33744,046ad8001d023f0d,3391,True,True,True
33747,046ad8001d02400d,3392,True,True,True
33758,046ad8001d025f0d,3423,True,True,True
33760,046ad8001d026b0d,3435,True,True,True
33765,046ad8001d02750d,3445,True,True,True
33766,046ad8001d028c0d,3468,True,True,True
33771,046ad8001d02930d,3475,True,True,True
33780,046ad8001d02a20d,3490,True,True,True
33793,046ad8001d02b60d,3510,True,True,True
33794,046ad8001d02be0d,3518,True,True,True
33795,046ad8001d02c80d,3528,True,True,True
33797,046ad8001d02d70d,3543,True,True,True
33801,046ad8001d02e50d,3557,True,True,True
33803,046ad8001d02e70d,3559,True,True,True
33811,046ad8001d02ea0d,3562,True,True,True
33813,046ad8001d02fb0d,3579,True,True,True
33822,046ad8001d02370e,3639,True,True,True
33830,046ad8001d02400e,3648,True,True,True
33838,046ad8001d02410e,3649,True,True,True
33842,046ad8001d02440e,3652,True,True,True
33843,046ad8001d024e0e,3662,True,True,True
33846,046ad8001d02530e,3667,True,True,True
33850,046ad8001d02550e,3669,True,True,True
33852,046ad8001d02610e,3681,True,True,True
33860,046ad8001d02730e,3699,True,True,True
33866,046ad8001d02800e,3712,True,True,True
33870,046ad8001d02910e,3729,True,True,True
33878,046ad8001d02a50e,3749,True,True,True
33885,046ad8001d02b10e,3761,True,True,True
33890,046ad8001d02b70e,3767,True,True,True
33896,046ad8001d02c10e,3777,True,True,True
33904,046ad8001d02cd0e,3789,True,True,True
33912,046ad8001d02da0e,3802,True,True,True
33916,046ad8001d02110f,3857,True,True,True
33917,046ad8001d02120f,3858,True,True,True
33922,046ad8001d02150f,3861,True,True,True
33927,046ad8001d02190f,3865,True,True,True
33932,046ad8001d02220f,3874,True,True,True
33936,046ad8001d02270f,3879,True,True,True
33943,046ad8001d02400f,3904,True,True,True
33946,046ad8001d02450f,3909,True,True,True
33952,046ad8001d02600f,3936,True,True,True
33953,046ad8001d02640f,3940,True,True,True
33955,046ad8001d026b0f,3947,True,True,True
33960,046ad8001d026f0f,3951,True,True,True
33968,046ad8001d02700f,3952,True,True,True
33977,046ad8001d028c0f,3980,True,True,True
33982,046ad8001d029a0f,3994,True,True,True
33987,046ad8001d02a80f,4008,True,True,True
33990,046ad8001d02ba0f,4026,True,True,True
33995,046ad8001d02ca0f,4042,True,True,True
34001,046ad8001d02d50f,4053,True,True,True
34014,046ad8001d02e20f,4066,True,True,True
34021,046ad8001d02e40f,4068,True,True,True
34027,046ad8001d02ef0f,4079,True,True,True
34035,046ad8001d02fb0f,4091,True,True,True
34038,046ad8001d020110,4097,True,True,True
34049,046ad8001d020910,4105,True,True,True
34051,046ad8001d022d10,4141,True,True,True
34053,046ad8001d023f10,4159,True,True,True
34059,046ad8001d025e10,4190,True,True,True
34067,046ad8001d026510,4197,True,True,True
34072,046ad8001d026910,4201,True,True,True
34088,046ad8001d02a610,4262,True,True,True
34094,046ad8001d02af10,4271,True,True,True
34095,046ad8001d02b810,4280,True,True,True
34097,046ad8001d02ca10,4298,True,True,True
34102,046ad8001d02f610,4342,True,True,True
34110,046ad8001d02fb10,4347,True,True,True
34117,046ad8001d020911,4361,True,True,True
34130,046ad8001d022011,4384,True,True,True
34138,046ad8001d022911,4393,True,True,True
34140,046ad8001d023211,4402,True,True,True
34144,046ad8001d023e11,4414,True,True,True
34146,046ad8001d024f11,4431,True,True,True
34157,046ad8001d026811,4456,True,True,True
34160,046ad8001d028b11,4491,True,True,True
34167,046ad8001d029311,4499,True,True,True
34168,046ad8001d029511,4501,True,True,True
34170,046ad8001d029b11,4507,True,True,True
34171,046ad8001d02a411,4516,True,True,True
34176,046ad8001d02e511,4581,True,True,True
34185,046ad8001d024512,4677,True,True,True
34194,046ad8001d026012,4704,True,True,True
34203,046ad8001d026512,4709,True,True,True
34206,046ad8001d026c12,4716,True,True,True
34209,046ad8001d026f12,4719,True,True,True
34220,046ad8001d027012,4720,True,True,True
34224,046ad8001d027212,4722,True,True,True
34227,046ad8001d028612,4742,True,True,True
34232,046ad8001d02ab12,4779,True,True,True
34235,046ad8001d02ad12,4781,True,True,True
34242,046ad8001d02c112,4801,True,True,True
34243,046ad8001d02da12,4826,True,True,True
34256,046ad8001d02e112,4833,True,True,True
34261,046ad8001d02ef12,4847,True,True,True
34262,046ad8001d020e13,4878,True,True,True
34273,0428c4001d025213,4946,True,True,True
34281,0428c4001d025a13,4954,True,True,True
34286,0428c4001d026713,4967,True,True,True
34293,0428c4001d026d13,4973,True,True,True
34294,0428c4001d027213,4978,True,True,True
34300,0428c4001d029213,5010,True,True,True
34304,0428c4001d029813,5016,True,True,True
34310,0428c4001d02b213,5042,True,True,True
34321,0428c4001d02c013,5056,True,True,True
34327,0428c4001d02c813,5064,True,True,True
34332,0428c4001d020714,5127,True,True,True
34337,0428c4001d022514,5157,True,True,True
34339,0428c4001d022a14,5162,True,True,True
34343,0428c4001d023214,5170,True,True,True
34350,0428c4001d024914,5193,True,True,True
34353,0428c4001d024a14,5194,True,True,True
34363,0428c4001d024e14,5198,True,True,True
34366,0428c4001d025614,5206,True,True,True
34376,0428c4001d026314,5219,True,True,True
34382,0428c4001d027314,5235,True,True,True
34390,0428c4001d027d14,5245,True,True,True
34403,0428c4001d029914,5273,True,True,True
34405,0428c4001d029a14,5274,True,True,True
34407,0428c4001d02b114,5297,True,True,True
34413,0428c4001d02b614,5302,True,True,True
34438,0428c4001d02d914,5337,True,True,True
34447,0428c4001d02e014,5344,True,True,True
34456,0428c4001d02e914,5353,True,True,True
34457,0428c4001d02f914,5369,True,True,True
34463,0428c4001d02fb14,5371,True,True,True
34470,0428c4001d021115,5393,True,True,True
34477,0428c4001d021515,5397,True,True,True
34485,0428c4001d021f15,5407,True,True,True
34492,0428c4001d022915,5417,True,True,True
34494,0428c4001d023b15,5435,True,True,True
34502,0428c4001d024815,5448,True,True,True
34504,0428c4001d024915,5449,True,True,True
34510,0428c4001d024c15,5452,True,True,True
34513,0428c4001d026215,5474,True,True,True
34519,0428c4001d026515,5477,True,True,True
34524,0428c4001d026715,5479,True,True,True
34526,0428c4001d027915,5497,True,True,True
34531,0428c4001d02a515,5541,True,True,True
34535,0428c4001d02b015,5552,True,True,True
34540,0428c4001d02bd15,5565,True,True,True
34552,0428c4001d02c415,5572,True,True,True
34555,0428c4001d02c515,5573,True,True,True
34562,0428c4001d02c815,5576,True,True,True
34569,0428c4001d02ea15,5610,True,True,True
34575,0428c4001d020916,5641,True,True,True
34581,0428c4001d020b16,5643,True,True,True
34584,0428c4001d020f16,5647,True,True,True
34590,0428c4001d023e16,5694,True,True,True
34598,0428c4001d024216,5698,True,True,True
34607,0428c4001d026316,5731,True,True,True
34613,0428c4001d028516,5765,True,True,True
34619,0428c4001d029c16,5788,True,True,True
34620,0428c4001d02af16,5807,True,True,True
34622,0428c4001d02bc16,5820,True,True,True
34624,0428c4001d02bd16,5821,True,True,True
34630,0428c4001d02c616,5830,True,True,True
34632,0428c4001d02d216,5842,True,True,True
34634,0428c4001d02d316,5843,True,True,True
34636,0428c4001d020c17,5900,True,True,True
34637,0428c4001d021c17,5916,True,True,True
34640,0428c4001d022e17,5934,True,True,True
34647,0428c4001d024817,5960,True,True,True
34648,0428c4001d024b17,5963,True,True,True
34653,0428c4001d027917,6009,True,True,True
34661,0428c4001d028317,6019,True,True,True
34664,0428c4001d029217,6034,True,True,True
34670,0428c4001d02a617,6054,True,True,True
34672,0428c4001d02a817,6056,True,True,True
34675,0428c4001d02b917,6073,True,True,True
34677,0428c4001d02d817,6104,True,True,True
34684,0428c4001d02eb17,6123,True,True,True
34685,0428c4001d02fb17,6139,True,True,True
34686,0428c4001d020018,6144,True,True,True
34697,0428c4001d020a18,6154,True,True,True
34701,0428c4001d021418,6164,True,True,True
34715,0428c4001d021718,6167,True,True,True
34719,0428c4001d023418,6196,True,True,True
34720,0428c4001d025118,6225,True,True,True
34728,0428c4001d025c18,6236,True,True,True
34732,0428c4001d026118,6241,True,True,True
34734,0428c4001d026718,6247,True,True,True
34738,0428c4001d029c18,6300,True,True,True
34741,0428c4001d02a418,6308,True,True,True
34748,0428c4001d02c018,6336,True,True,True
34751,0428c4001d02c718,6343,True,True,True
34752,0428c4001d02ce18,6350,True,True,True
34753,0428c4001d02f618,6390,True,True,True
34755,0428c4001d02fe18,6398,True,True,True
34756,0428c4001d020619,6406,True,True,True
34761,0428c4001d022919,6441,True,True,True
34768,0428c4001d022f19,6447,True,True,True
34784,0428c4001d027719,6519,True,True,True
34786,0428c4001d029319,6547,True,True,True
34804,0428c4001d0116,22,True,True,True
34808,0428c4001d0127,39,True,True,True
34812,0428c4001d0161,97,True,True,True
34813,0428c4001d028800,136,True,True,True
34819,0428c4001d02a500,165,True,True,True
34822,0428c4001d02ae00,174,True,True,True
34824,0428c4001d02b700,183,True,True,True
34833,0428c4001d02c300,195,True,True,True
34836,0428c4001d02ce00,206,True,True,True
34844,0428c4001d02d100,209,True,True,True
34849,0428c4001d02d500,213,True,True,True
34859,0428c4001d02fe00,254,True,True,True
34863,0428c4001d020401,260,True,True,True
34867,0428c4001d020c01,268,True,True,True
34877,0428c4001d022f01,303,True,True,True
34879,0428c4001d024801,328,True,True,True
34880,0428c4001d025901,345,True,True,True
34882,0428c4001d025c01,348,True,True,True
34891,0428c4001d026301,355,True,True,True
34898,0428c4001d026501,357,True,True,True
34902,0428c4001d026f01,367,True,True,True
34905,0428c4001d028901,393,True,True,True
34909,0428c4001d028f01,399,True,True,True
34915,0428c4001d029c01,412,True,True,True
34920,0428c4001d02af01,431,True,True,True
34925,0428c4001d02ba01,442,True,True,True
34926,0428c4001d02bb01,443,True,True,True
34928,0428c4001d02e601,486,True,True,True
34933,0428c4001d02f001,496,True,True,True
34938,0428c4001d020c02,524,True,True,True
34942,0428c4001d021502,533,True,True,True
34946,0428c4001d023b02,571,True,True,True
34947,0428c4001d025c02,604,True,True,True
34949,0428c4001d025e02,606,True,True,True
34951,0428c4001d026602,614,True,True,True
34952,0428c4001d026b02,619,True,True,True
34957,0428c4001d026e02,622,True,True,True
34965,0428c4001d028d02,653,True,True,True
34973,0428c4001d02b302,691,True,True,True
34975,0428c4001d02b402,692,True,True,True
34978,0428c4001d02d602,726,True,True,True
34984,0428c4001d020f03,783,True,True,True
34988,0428c4001d022303,803,True,True,True
34992,0428c4001d022803,808,True,True,True
34993,0428c4001d023e03,830,True,True,True
34996,0428c4001d025203,850,True,True,True
34998,0428c4001d026303,867,True,True,True
35002,0428c4001d027b03,891,True,True,True
35007,0428c4001d02b403,948,True,True,True
35011,0428c4001d02c503,965,True,True,True
35018,0428c4001d021204,1042,True,True,True
35025,0428c4001d021304,1043,True,True,True
35026,0428c4001d023004,1072,True,True,True
35031,0428c4001d023a04,1082,True,True,True
35032,0428c4001d024e04,1102,True,True,True
35036,0428c4001d02d204,1234,True,True,True
35038,0428c4001d02d904,1241,True,True,True
35039,0428c4001d02e604,1254,True,True,True
35044,0428c4001d02ec04,1260,True,True,True
35046,0428c4001d02f604,1270,True,True,True
35048,0428c4001d02fd04,1277,True,True,True
35053,0428c4001d02fe04,1278,True,True,True
35060,0428c4001d020e05,1294,True,True,True
35063,0428c4001d022705,1319,True,True,True
35066,0428c4001d022e05,1326,True,True,True
35068,0428c4001d023e05,1342,True,True,True
35076,0428c4001d024c05,1356,True,True,True
35081,0428c4001d024e05,1358,True,True,True
35084,0428c4001d026105,1377,True,True,True
35087,0428c4001d028505,1413,True,True,True
35091,0428c4001d029605,1430,True,True,True
35094,0428c4001d029d05,1437,True,True,True
35104,0428c4001d02d405,1492,True,True,True
35106,0428c4001d02df05,1503,True,True,True
35109,0428c4001d02ed05,1517,True,True,True
35112,0428c4001d020706,1543,True,True,True
35121,0428c4001d021706,1559,True,True,True
35125,0428c4001d022f06,1583,True,True,True
35128,0428c4001d023606,1590,True,True,True
35137,0428c4001d025206,1618,True,True,True
35144,0428c4001d025f06,1631,True,True,True
35145,0428c4001d027f06,1663,True,True,True
35155,0428c4001d02c306,1731,True,True,True
35158,0428c4001d02f606,1782,True,True,True
35159,0428c4001d020007,1792,True,True,True
35160,0428c4001d020807,1800,True,True,True
35168,0428c4001d020d07,1805,True,True,True
35174,0428c4001d021407,1812,True,True,True
35177,0428c4001d022b07,1835,True,True,True
35184,0428c4001d024107,1857,True,True,True
35187,0428c4001d027c07,1916,True,True,True
35190,0428c4001d02a507,1957,True,True,True
35195,0428c4001d02f407,2036,True,True,True
35200,0428c4001d022208,2082,True,True,True
35203,0428c4001d023608,2102,True,True,True
35511,0428c4001d010d,13,True,True,True
35519,0428c4001d0150,80,True,True,True
35527,0428c4001d0151,81,True,True,True
35562,0428c4001d02d600,214,True,True,True
35563,0428c4001d02f500,245,True,True,True
35568,0428c4001d022601,294,True,True,True
35573,0428c4001d025301,339,True,True,True
35595,0428c4001d026201,354,True,True,True
35599,0428c4001d026d01,365,True,True,True
35612,0428c4001d027301,371,True,True,True
35616,0428c4001d028501,389,True,True,True
35623,0428c4001d02a001,416,True,True,True
35631,0428c4001d02ae01,430,True,True,True
35640,0428c4001d02cc01,460,True,True,True
35651,0428c4001d02d701,471,True,True,True
35657,0428c4001d02d901,473,True,True,True
35665,0428c4001d02e801,488,True,True,True
35675,0428c4001d021202,530,True,True,True
35689,0428c4001d022602,550,True,True,True
35692,0428c4001d024402,580,True,True,True
35702,0428c4001d024c02,588,True,True,True
35713,0428c4001d025902,601,True,True,True
35719,0428c4001d025c02,604,True,True,True
35721,0428c4001d028302,643,True,True,True
35724,0428c4001d028f02,655,True,True,True
35727,0428c4001d02d702,727,True,True,True
35735,0428c4001d02f202,754,True,True,True
35741,0428c4001d02f402,756,True,True,True
35744,0428c4001d02f702,759,True,True,True
35751,0428c4001d020703,775,True,True,True
35753,0428c4001d020c03,780,True,True,True
35755,0428c4001d021103,785,True,True,True
35767,0428c4001d022303,803,True,True,True
35770,0428c4001d023d03,829,True,True,True
35773,0428c4001d024903,841,True,True,True
35778,0428c4001d024b03,843,True,True,True
35784,0428c4001d025b03,859,True,True,True
35788,0428c4001d025e03,862,True,True,True
35791,0428c4001d028f03,911,True,True,True
35800,0428c4001d029403,916,True,True,True
35807,0428c4001d02b203,946,True,True,True
35814,0428c4001d02b903,953,True,True,True
35817,0428c4001d02d803,984,True,True,True
35819,0428c4001d02db03,987,True,True,True
35822,0428c4001d02de03,990,True,True,True
35828,0428c4001d023904,1081,True,True,True
35836,0428c4001d024904,1097,True,True,True
35839,0428c4001d025304,1107,True,True,True
35845,0428c4001d025d04,1117,True,True,True
35851,0428c4001d027204,1138,True,True,True
35853,0428c4001d027b04,1147,True,True,True
35859,0428c4001d028404,1156,True,True,True
35860,0428c4001d029104,1169,True,True,True
35865,0428c4001d02e704,1255,True,True,True
35868,0428c4001d020005,1280,True,True,True
35876,0428c4001d022805,1320,True,True,True
35880,0428c4001d023f05,1343,True,True,True
35888,0428c4001d028305,1411,True,True,True
35894,0428c4001d02ad05,1453,True,True,True
35896,0428c4001d02b605,1462,True,True,True
35904,0428c4001d02bd05,1469,True,True,True
35916,0428c4001d02d605,1494,True,True,True
35919,0428c4001d02d705,1495,True,True,True
35923,0428c4001d02dc05,1500,True,True,True
35930,0428c4001d020006,1536,True,True,True
35932,0428c4001d020106,1537,True,True,True
35936,0428c4001d021906,1561,True,True,True
35938,0428c4001d023006,1584,True,True,True
35942,0428c4001d024106,1601,True,True,True
35946,0428c4001d026106,1633,True,True,True
35952,0428c4001d027406,1652,True,True,True
35953,0428c4001d027f06,1663,True,True,True
35959,0428c4001d028206,1666,True,True,True
35960,0428c4001d029406,1684,True,True,True
35967,0428c4001d029506,1685,True,True,True
35977,0428c4001d02b206,1714,True,True,True
35978,0428c4001d02be06,1726,True,True,True
35986,0428c4001d02ee06,1774,True,True,True
35998,0428c4001d02fe06,1790,True,True,True
36006,0428c4001d020607,1798,True,True,True
36013,0428c4001d021b07,1819,True,True,True
36017,0428c4001d022507,1829,True,True,True
36024,0428c4001d025107,1873,True,True,True
36025,0428c4001d027107,1905,True,True,True
36027,0428c4001d028007,1920,True,True,True
36030,0428c4001d028807,1928,True,True,True
36031,0428c4001d02a807,1960,True,True,True
36037,0428c4001d02b007,1968,True,True,True
36046,0428c4001d02b807,1976,True,True,True
36048,0428c4001d02bc07,1980,True,True,True
36050,0428c4001d02c007,1984,True,True,True
36056,0428c4001d02c707,1991,True,True,True
36057,0428c4001d02ce07,1998,True,True,True
36068,0428c4001d02d707,2007,True,True,True
36072,0428c4001d02d807,2008,True,True,True
36079,0428c4001d02f407,2036,True,True,True
36084,0428c4001d020008,2048,True,True,True
36088,0428c4001d021008,2064,True,True,True
36092,0428c4001d021f08,2079,True,True,True
36107,0428c4001d024f08,2127,True,True,True
36112,0428c4001d025008,2128,True,True,True
36114,0428c4001d026808,2152,True,True,True
36115,0428c4001d026b08,2155,True,True,True
36122,0428c4001d026d08,2157,True,True,True
36135,0428c4001d027608,2166,True,True,True
36138,0428c4001d028908,2185,True,True,True
36146,0428c4001d028d08,2189,True,True,True
36153,0428c4001d029208,2194,True,True,True
36162,0428c4001d02ac08,2220,True,True,True
36172,0428c4001d02ef08,2287,True,True,True
36183,0428c4001d025909,2393,True,True,True
36189,0428c4001d025f09,2399,True,True,True
36191,0428c4001d0107,7,True,True,True
36197,0428c4001d010b,11,True,True,True
36208,0428c4001d0111,17,True,True,True
36223,0428c4001d0132,50,True,True,True
36224,0428c4001d0147,71,True,True,True
36230,0428c4001d014c,76,True,True,True
36235,0428c4001d0167,103,True,True,True
36239,0428c4001d016e,110,True,True,True
36248,0428c4001d028500,133,True,True,True
36251,0428c4001d029500,149,True,True,True
36260,0428c4001d029d00,157,True,True,True
36262,0428c4001d029e00,158,True,True,True
36264,0428c4001d02e900,233,True,True,True
36273,0428c4001d020801,264,True,True,True
36275,0428c4001d020f01,271,True,True,True
36287,0428c4001d023c01,316,True,True,True
36299,0471be001d025c01,348,True,True,True
36308,0471be001d026a01,362,True,True,True
36314,0471be001d029801,408,True,True,True
36323,0471be001d02b401,436,True,True,True
36327,0471be001d02c401,452,True,True,True
36334,0471be001d02ca01,458,True,True,True
36343,0471be001d02d101,465,True,True,True
36349,0471be001d02e301,483,True,True,True
36354,0471be001d021c02,540,True,True,True
36359,0471be001d022e02,558,True,True,True
36364,0471be001d024e02,590,True,True,True
36368,0471be001d028502,645,True,True,True
36374,0471be001d02b902,697,True,True,True
36378,0471be001d02bc02,700,True,True,True
36381,0471be001d02e802,744,True,True,True
36383,0471be001d02f902,761,True,True,True
36388,0471be001d021503,789,True,True,True
36395,0471be001d021d03,797,True,True,True
36401,0471be001d023103,817,True,True,True
36407,0471be001d023703,823,True,True,True
36417,0471be001d024903,841,True,True,True
36421,0471be001d025803,856,True,True,True
36423,0471be001d025903,857,True,True,True
36432,0471be001d027703,887,True,True,True
36437,0471be001d027a03,890,True,True,True
36454,0471be001d027f03,895,True,True,True
36458,0471be001d028a03,906,True,True,True
36464,0471be001d02a603,934,True,True,True
36466,0471be001d02af03,943,True,True,True
36474,0471be001d02c203,962,True,True,True
36485,0471be001d02cf03,975,True,True,True
36493,0471be001d02d203,978,True,True,True
36501,0471be001d020404,1028,True,True,True
36502,0471be001d020504,1029,True,True,True
36509,0471be001d022104,1057,True,True,True
36513,0471be001d022204,1058,True,True,True
36518,0471be001d023004,1072,True,True,True
36524,0471be001d024104,1089,True,True,True
36535,0471be001d024304,1091,True,True,True
36538,0471be001d024e04,1102,True,True,True
36541,0471be001d025b04,1115,True,True,True
36550,0471be001d026504,1125,True,True,True
36555,0471be001d026604,1126,True,True,True
36564,0471be001d027604,1142,True,True,True
36569,0471be001d027d04,1149,True,True,True
36580,0471be001d028b04,1163,True,True,True
36585,0471be001d02a004,1184,True,True,True
36588,0471be001d02a304,1187,True,True,True
36598,0471be001d02a504,1189,True,True,True
36604,0471be001d02a604,1190,True,True,True
36610,0471be001d02b004,1200,True,True,True
36619,0471be001d02c204,1218,True,True,True
36630,0471be001d02cb04,1227,True,True,True
36635,0471be001d02d904,1241,True,True,True
36642,0471be001d02ee04,1262,True,True,True
36646,0471be001d02fe04,1278,True,True,True
36655,0471be001d020905,1289,True,True,True
36661,0471be001d021105,1297,True,True,True
36665,0471be001d021705,1303,True,True,True
36669,0471be001d021e05,1310,True,True,True
36683,0471be001d023205,1330,True,True,True
36694,0471be001d024c05,1356,True,True,True
36696,0471be001d025505,1365,True,True,True
36699,0471be001d026105,1377,True,True,True
36701,0471be001d027405,1396,True,True,True
36711,0471be001d028005,1408,True,True,True
36718,0471be001d02a005,1440,True,True,True
36722,0471be001d02c505,1477,True,True,True
36725,0471be001d021006,1552,True,True,True
36735,0471be001d023806,1592,True,True,True
36737,0471be001d027006,1648,True,True,True
36743,0471be001d027906,1657,True,True,True
36744,0471be001d028906,1673,True,True,True
36746,0471be001d029806,1688,True,True,True
36756,0471be001d02c006,1728,True,True,True
36757,0471be001d02c806,1736,True,True,True
36760,0471be001d02df06,1759,True,True,True
36763,0471be001d02e606,1766,True,True,True
36767,0471be001d02ea06,1770,True,True,True
36772,0471be001d02f106,1777,True,True,True
36781,0471be001d02f406,1780,True,True,True
36786,0471be001d020e07,1806,True,True,True
36787,0471be001d021607,1814,True,True,True
36793,0471be001d022307,1827,True,True,True
36802,0471be001d023a07,1850,True,True,True
36805,0471be001d025007,1872,True,True,True
36812,0471be001d025507,1877,True,True,True
36818,0471be001d025607,1878,True,True,True
36826,0471be001d025f07,1887,True,True,True
36832,0471be001d026507,1893,True,True,True
36839,0471be001d027207,1906,True,True,True
36847,0471be001d027507,1909,True,True,True
36852,0471be001d027707,1911,True,True,True
36862,0471be001d028207,1922,True,True,True
36871,0471be001d029407,1940,True,True,True
36875,0471be001d02a407,1956,True,True,True
36883,0471be001d02aa07,1962,True,True,True
36884,0471be001d02b807,1976,True,True,True
36889,0471be001d02ce07,1998,True,True,True
36897,0471be001d02dd07,2013,True,True,True
36917,0471be001d021908,2073,True,True,True
36929,0471be001d022608,2086,True,True,True
36934,0471be001d022708,2087,True,True,True
36939,0471be001d022f08,2095,True,True,True
36960,0471be001d027d08,2173,True,True,True
36967,0471be001d028e08,2190,True,True,True
36980,0471be001d029208,2194,True,True,True
36990,0471be001d02be08,2238,True,True,True
36995,0471be001d02c208,2242,True,True,True
37012,0471be001d02f108,2289,True,True,True
37015,0471be001d021509,2325,True,True,True
37021,0471be001d022209,2338,True,True,True
37026,0471be001d022809,2344,True,True,True
37034,0471be001d024209,2370,True,True,True
37049,0471be001d029a09,2458,True,True,True
37050,0471be001d02c509,2501,True,True,True
37061,0471be001d02e809,2536,True,True,True
37070,0471be001d02ef09,2543,True,True,True
37078,0471be001d02f209,2546,True,True,True
37086,0471be001d02000a,2560,True,True,True
37096,0471be001d02090a,2569,True,True,True
37098,0471be001d020d0a,2573,True,True,True
37100,0471be001d02130a,2579,True,True,True
37106,0471be001d02200a,2592,True,True,True
37115,0471be001d02250a,2597,True,True,True
37120,0471be001d02390a,2617,True,True,True
37124,0471be001d023b0a,2619,True,True,True
37138,0471be001d024c0a,2636,True,True,True
37146,0471be001d02880a,2696,True,True,True
37153,0471be001d02a10a,2721,True,True,True
37160,0471be001d02b10a,2737,True,True,True
37168,0471be001d02c40a,2756,True,True,True
37179,0471be001d02f90a,2809,True,True,True
37181,0471be001d02fa0a,2810,True,True,True
37192,0471be001d02fb0a,2811,True,True,True
37197,0471be001d02180b,2840,True,True,True
37205,0471be001d02320b,2866,True,True,True
37216,0471be001d02490b,2889,True,True,True
37222,0471be001d02770b,2935,True,True,True
37224,0471be001d028b0b,2955,True,True,True
37232,0471be001d02980b,2968,True,True,True
37241,0471be001d02c40b,3012,True,True,True
37244,0471be001d02c90b,3017,True,True,True
37246,0471be001d02d10b,3025,True,True,True
37254,0471be001d02100c,3088,True,True,True
37271,0471be001d02510c,3153,True,True,True
37278,0471be001d02660c,3174,True,True,True
37293,0471be001d02690c,3177,True,True,True
37301,0471be001d026f0c,3183,True,True,True
37303,0471be001d02760c,3190,True,True,True
37308,0471be001d027f0c,3199,True,True,True
37311,0471be001d02890c,3209,True,True,True
37738,0471be001d0137,55,True,True,True
37764,0471be001d0156,86,True,True,True
37797,0471be001d028b00,139,True,True,True
37804,0471be001d029200,146,True,True,True
37808,0471be001d029800,152,True,True,True
37809,0471be001d02a600,166,True,True,True
37815,0471be001d02bf00,191,True,True,True
37819,0471be001d02c900,201,True,True,True
37825,0471be001d02d100,209,True,True,True
37838,0471be001d02d600,214,True,True,True
37850,0471be001d02e600,230,True,True,True
37852,0471be001d02f500,245,True,True,True
37864,0471be001d020f01,271,True,True,True
37869,0471be001d021f01,287,True,True,True
37878,0471be001d022901,297,True,True,True
37883,0471be001d023201,306,True,True,True
37893,0471be001d024101,321,True,True,True
37899,0471be001d024901,329,True,True,True
37915,0471be001d024d01,333,True,True,True
37927,0471be001d024e01,334,True,True,True
37931,0471be001d025201,338,True,True,True
37944,0471be001d02a301,419,True,True,True
37957,0471be001d02be01,446,True,True,True
37968,0471be001d02c801,456,True,True,True
37978,0471be001d02cb01,459,True,True,True
37985,0471be001d02d001,464,True,True,True
37996,0471be001d02e001,480,True,True,True
38004,0471be001d02e401,484,True,True,True
38005,0471be001d02ef01,495,True,True,True
38017,0471be001d020902,521,True,True,True
38025,0471be001d021b02,539,True,True,True
38034,0471be001d023c02,572,True,True,True
38047,0471be001d024002,576,True,True,True
38060,0471be001d024b02,587,True,True,True
38074,0471be001d025502,597,True,True,True
38081,0471be001d025702,599,True,True,True
38090,0471be001d025f02,607,True,True,True
38098,0471be001d029b02,667,True,True,True
38104,0471be001d02a702,679,True,True,True
38108,0471be001d02af02,687,True,True,True
38116,0471be001d02b802,696,True,True,True
38118,0471be001d02bc02,700,True,True,True
38127,0471be001d02be02,702,True,True,True
38129,0471be001d02bf02,703,True,True,True
38143,0471be001d02c002,704,True,True,True
38150,0471be001d02da02,730,True,True,True
38160,0471be001d020503,773,True,True,True
38168,0471be001d020b03,779,True,True,True
38175,0471be001d020e03,782,True,True,True
38183,0471be001d023603,822,True,True,True
38192,0471be001d026b03,875,True,True,True
38197,0471be001d027f03,895,True,True,True
38201,0471be001d029c03,924,True,True,True
38205,0471be001d02a103,929,True,True,True
38207,0471be001d02b003,944,True,True,True
38210,0471be001d02d203,978,True,True,True
38213,0471be001d02e303,995,True,True,True
38215,0471be001d02fd03,1021,True,True,True
38219,0471be001d022804,1064,True,True,True
38244,0471be001d025c04,1116,True,True,True
38256,0471be001d026704,1127,True,True,True
38258,0471be001d026c04,1132,True,True,True
38267,0471be001d027d04,1149,True,True,True
38277,0471be001d029004,1168,True,True,True
38283,0471be001d02a004,1184,True,True,True
38293,0471be001d02a304,1187,True,True,True
38304,04c38c001d02a804,1192,True,True,True
38309,04c38c001d02d304,1235,True,True,True
38316,04c38c001d02f504,1269,True,True,True
38332,04c38c001d021405,1300,True,True,True
38335,04c38c001d022d05,1325,True,True,True
38349,04c38c001d023f05,1343,True,True,True
38357,04c38c001d027005,1392,True,True,True
38364,04c38c001d027605,1398,True,True,True
38375,04c38c001d02bf05,1471,True,True,True
38376,04c38c001d02cb05,1483,True,True,True
38381,04c38c001d02e205,1506,True,True,True
38391,04c38c001d02fa05,1530,True,True,True
38398,04c38c001d024906,1609,True,True,True
38400,04c38c001d025f06,1631,True,True,True
38410,04c38c001d028106,1665,True,True,True
38420,04c38c001d02bc06,1724,True,True,True
38435,04c38c001d02cb06,1739,True,True,True
38445,04c38c001d02db06,1755,True,True,True
38463,04c38c001d02e506,1765,True,True,True
38472,04c38c001d02f906,1785,True,True,True
38482,04c38c001d020f07,1807,True,True,True
38496,04c38c001d023307,1843,True,True,True
38499,04c38c001d024f07,1871,True,True,True
38504,04c38c001d027907,1913,True,True,True
38511,04c38c001d02b907,1977,True,True,True
38514,04c38c001d02db07,2011,True,True,True
38520,04c38c001d02dd07,2013,True,True,True
38523,04c38c001d02e907,2025,True,True,True
38528,04c38c001d02ea07,2026,True,True,True
38532,04c38c001d02f307,2035,True,True,True
38544,04c38c001d020708,2055,True,True,True
38555,04c38c001d023b08,2107,True,True,True
38560,04c38c001d024c08,2124,True,True,True
38568,04c38c001d024d08,2125,True,True,True
38576,04c38c001d026e08,2158,True,True,True
38578,04c38c001d027108,2161,True,True,True
38583,04c38c001d02fd08,2301,True,True,True
38588,04c38c001d022a09,2346,True,True,True
38590,04c38c001d024509,2373,True,True,True
38597,04c38c001d028709,2439,True,True,True
38606,04c38c001d028d09,2445,True,True,True
38612,04c38c001d029009,2448,True,True,True
38613,04c38c001d02b609,2486,True,True,True
38620,04c38c001d02c409,2500,True,True,True
38621,04c38c001d02d109,2513,True,True,True
38625,04c38c001d02ed09,2541,True,True,True
38637,04c38c001d02100a,2576,True,True,True
38653,04c38c001d02870a,2695,True,True,True
38655,04c38c001d028a0a,2698,True,True,True
38662,04c38c001d02ae0a,2734,True,True,True
38674,04c38c001d02e80a,2792,True,True,True
38679,04c38c001d02f30a,2803,True,True,True
38686,04c38c001d021d0b,2845,True,True,True
38689,04c38c001d02360b,2870,True,True,True
38696,04c38c001d02430b,2883,True,True,True
38707,04c38c001d02730b,2931,True,True,True
38712,04c38c001d02740b,2932,True,True,True
38721,04c38c001d027a0b,2938,True,True,True
38726,04c38c001d02870b,2951,True,True,True
38734,04c38c001d029f0b,2975,True,True,True
38741,04c38c001d02a70b,2983,True,True,True
38751,04c38c001d02c80b,3016,True,True,True
38752,04c38c001d02cc0b,3020,True,True,True
38761,04c38c001d02d00b,3024,True,True,True
38767,04c38c001d02d30b,3027,True,True,True
38771,04c38c001d02d60b,3030,True,True,True
38779,04c38c001d02e20b,3042,True,True,True
38792,04c38c001d02f60b,3062,True,True,True
38797,04c38c001d02270c,3111,True,True,True
38809,04c38c001d022a0c,3114,True,True,True
38819,04c38c001d022b0c,3115,True,True,True
38820,04c38c001d02430c,3139,True,True,True
38832,04c38c001d02450c,3141,True,True,True
38838,04c38c001d025c0c,3164,True,True,True
38848,04c38c001d02870c,3207,True,True,True
38863,04c38c001d02b30c,3251,True,True,True
38873,04c38c001d02ed0c,3309,True,True,True
38878,04c38c001d02100d,3344,True,True,True
38884,04c38c001d02150d,3349,True,True,True
38891,04c38c001d022d0d,3373,True,True,True
38895,04c38c001d026c0d,3436,True,True,True
38905,04c38c001d02940d,3476,True,True,True
38924,04c38c001d02a90d,3497,True,True,True
38933,04c38c001d02ce0d,3534,True,True,True
38939,04c38c001d02f30d,3571,True,True,True
38948,04c38c001d02b50e,3765,True,True,True
38951,04c38c001d02cd0e,3789,True,True,True
38961,04c38c001d02110f,3857,True,True,True
38967,04c38c001d021a0f,3866,True,True,True
38972,04c38c001d02220f,3874,True,True,True
38979,04c38c001d02280f,3880,True,True,True
38982,04c38c001d02480f,3912,True,True,True
38988,04c38c001d027f0f,3967,True,True,True
39000,04c38c001d02a80f,4008,True,True,True
39013,04c38c001d02b80f,4024,True,True,True
39017,04c38c001d02d00f,4048,True,True,True
39031,04c38c001d02f00f,4080,True,True,True
39040,04c38c001d020710,4103,True,True,True
39045,04c38c001d020f10,4111,True,True,True
39057,04c38c001d024210,4162,True,True,True
39058,04c38c001d024810,4168,True,True,True
39059,04c38c001d025510,4181,True,True,True
39063,04c38c001d025910,4185,True,True,True
39066,04c38c001d026010,4192,True,True,True
39074,04c38c001d026610,4198,True,True,True
39082,04c38c001d026e10,4206,True,True,True
39084,04c38c001d027510,4213,True,True,True
39088,04c38c001d02b310,4275,True,True,True
39094,04c38c001d02f110,4337,True,True,True
39103,04c38c001d02f710,4343,True,True,True
39106,04c38c001d020a11,4362,True,True,True
39108,04c38c001d020d11,4365,True,True,True
39116,04c38c001d026511,4453,True,True,True
39124,04c38c001d028f11,4495,True,True,True
39130,04c38c001d029a11,4506,True,True,True
39131,04c38c001d029f11,4511,True,True,True
39140,04c38c001d02ae11,4526,True,True,True
39148,04c38c001d02c511,4549,True,True,True
39157,04c38c001d02c911,4553,True,True,True
39166,04c38c001d02cb11,4555,True,True,True
39174,04c38c001d02f311,4595,True,True,True
39180,04c38c001d02fc11,4604,True,True,True
39189,04c38c001d020d12,4621,True,True,True
39200,04c38c001d021312,4627,True,True,True
39211,04c38c001d026712,4711,True,True,True
39214,04c38c001d029b12,4763,True,True,True
39217,04c38c001d029e12,4766,True,True,True
39221,04c38c001d02b812,4792,True,True,True
39229,04c38c001d02cf12,4815,True,True,True
39236,04c38c001d02d912,4825,True,True,True
39242,04c38c001d02e412,4836,True,True,True
39244,04c38c001d02e612,4838,True,True,True
39256,04c38c001d02ff12,4863,True,True,True
39259,04c38c001d020913,4873,True,True,True
39264,04c38c001d021613,4886,True,True,True
39268,04c38c001d022113,4897,True,True,True
39273,04c38c001d023313,4915,True,True,True
39282,04c38c001d026213,4962,True,True,True
39290,04c38c001d026f13,4975,True,True,True
39294,04c38c001d029d13,5021,True,True,True
39304,04c38c001d02a713,5031,True,True,True
39308,04c38c001d02af13,5039,True,True,True
39320,04c38c001d021d14,5149,True,True,True
39329,04c38c001d022314,5155,True,True,True
39339,04c38c001d027714,5239,True,True,True
39347,04c38c001d02b914,5305,True,True,True
39353,04c38c001d02cb14,5323,True,True,True
39356,04c38c001d02da14,5338,True,True,True
39361,04c38c001d02ff14,5375,True,True,True
39366,04c38c001d021115,5393,True,True,True
39376,04c38c001d021315,5395,True,True,True
39381,04c38c001d023e15,5438,True,True,True
39387,04c38c001d024d15,5453,True,True,True
39390,04c38c001d025715,5463,True,True,True
39393,04c38c001d025c15,5468,True,True,True
39404,04c38c001d025d15,5469,True,True,True
39410,04c38c001d029d15,5533,True,True,True
39416,04c38c001d02ac15,5548,True,True,True
39419,04c38c001d02c215,5570,True,True,True
39421,04c38c001d02ce15,5582,True,True,True
39425,04c38c001d02e315,5603,True,True,True
39429,04c38c001d02e915,5609,True,True,True
39434,04c38c001d025c16,5724,True,True,True
39446,04c38c001d02a416,5796,True,True,True
39448,04c38c001d02bc16,5820,True,True,True
39452,04c38c001d02c116,5825,True,True,True
39465,04c38c001d02ca16,5834,True,True,True
39471,04c38c001d02e916,5865,True,True,True
39474,04c38c001d020517,5893,True,True,True
39479,04c38c001d020b17,5899,True,True,True
39481,04c38c001d024817,5960,True,True,True
39491,04c38c001d02cb17,6091,True,True,True
39495,04c38c001d02dc17,6108,True,True,True
39500,04c38c001d02f417,6132,True,True,True
39517,04c38c001d024018,6208,True,True,True
39522,04c38c001d026418,6244,True,True,True
39526,04c38c001d026718,6247,True,True,True
39541,04c38c001d02a418,6308,True,True,True
39548,04c38c001d02c718,6343,True,True,True
39552,04c38c001d02cc18,6348,True,True,True
39559,04c38c001d02f418,6388,True,True,True
39572,04c38c001d020a19,6410,True,True,True
39575,04c38c001d020d19,6413,True,True,True
39584,04c38c001d023819,6456,True,True,True
39587,04c38c001d023a19,6458,True,True,True
39597,04c38c001d024519,6469,True,True,True
39601,04c38c001d025e19,6494,True,True,True
39607,04c38c001d026c19,6508,True,True,True
39616,04c38c001d027519,6517,True,True,True
39629,04c38c001d012d,45,True,True,True
39633,04c38c001d0146,70,True,True,True
39641,04c38c001d02aa00,170,True,True,True
39647,04c38c001d02b500,181,True,True,True
39648,04c38c001d02c000,192,True,True,True
39650,04c38c001d02c200,194,True,True,True
39655,04c38c001d02c300,195,True,True,True
39661,04c38c001d02e200,226,True,True,True
39663,04c38c001d02e300,227,True,True,True
39670,04c38c001d021801,280,True,True,True
39680,04c38c001d023901,313,True,True,True
39684,04c38c001d026701,359,True,True,True
39694,04c38c001d026a01,362,True,True,True
39698,04c38c001d027201,370,True,True,True
39707,04c38c001d027901,377,True,True,True
39729,04c38c001d02f501,501,True,True,True
39740,04c38c001d02fe01,510,True,True,True
39747,04c38c001d020b02,523,True,True,True
39754,04c38c001d023602,566,True,True,True
39759,04c38c001d023902,569,True,True,True
39762,04c38c001d024002,576,True,True,True
39764,04c38c001d025902,601,True,True,True
39770,04c38c001d025a02,602,True,True,True
39776,04c38c001d028d02,653,True,True,True
39781,04c38c001d02c102,705,True,True,True
39788,04c38c001d02e402,740,True,True,True
39813,04c38c001d025403,852,True,True,True
39827,04c38c001d027203,882,True,True,True
39830,04c38c001d029103,913,True,True,True
39839,04c38c001d029903,921,True,True,True
39844,04c38c001d02c103,961,True,True,True
39849,04c38c001d02d703,983,True,True,True
39855,04c38c001d02e803,1000,True,True,True
39859,04c38c001d020204,1026,True,True,True
39865,04c38c001d020704,1031,True,True,True
39868,04c38c001d020d04,1037,True,True,True
39872,04c38c001d021304,1043,True,True,True
39879,04c38c001d022904,1065,True,True,True
39889,04c38c001d023b04,1083,True,True,True
39900,04c38c001d025a04,1114,True,True,True
39903,04c38c001d025f04,1119,True,True,True
39905,04c38c001d026304,1123,True,True,True
39909,04c38c001d029704,1175,True,True,True
39912,04c38c001d029a04,1178,True,True,True
39915,04c38c001d02ba04,1210,True,True,True
39928,04c38c001d02be04,1214,True,True,True
39934,04c38c001d02ef04,1263,True,True,True
39951,04c38c001d020f05,1295,True,True,True
39959,04c38c001d023705,1335,True,True,True
39968,04c38c001d026f05,1391,True,True,True
39983,04c38c001d027505,1397,True,True,True
39987,04c38c001d027705,1399,True,True,True
39991,04c38c001d027d05,1405,True,True,True
40000,04c38c001d028405,1412,True,True,True
40018,04c38c001d029a05,1434,True,True,True
40028,04c38c001d02ae05,1454,True,True,True
40037,04c38c001d02af05,1455,True,True,True
40039,04c38c001d02b605,1462,True,True,True
40047,04c38c001d02ba05,1466,True,True,True
40057,04c38c001d02d805,1496,True,True,True
40066,04c38c001d02e805,1512,True,True,True
40074,04c38c001d02e905,1513,True,True,True
40083,04c38c001d023706,1591,True,True,True
40093,04c38c001d024406,1604,True,True,True
40099,04c38c001d026306,1635,True,True,True
40116,04c38c001d028d06,1677,True,True,True
40138,04c38c001d02f506,1781,True,True,True
40149,04c38c001d02fa06,1786,True,True,True
40161,04c38c001d021907,1817,True,True,True
40166,04c38c001d022007,1824,True,True,True
40169,04c38c001d027d07,1917,True,True,True
40176,04c38c001d028607,1926,True,True,True
40182,04c38c001d029207,1938,True,True,True
40184,04c38c001d02b607,1974,True,True,True
40190,04c38c001d02b907,1977,True,True,True
40196,04c38c001d02d907,2009,True,True,True
40203,04c38c001d02e807,2024,True,True,True
40215,04c38c001d02f707,2039,True,True,True
40227,04c38c001d02fd07,2045,True,True,True
40229,04c38c001d020508,2053,True,True,True
40247,04c38c001d022308,2083,True,True,True
40252,04c38c001d022608,2086,True,True,True
40260,04c38c001d023808,2104,True,True,True
40268,04c38c001d024d08,2125,True,True,True
40273,04c38c001d026908,2153,True,True,True
40292,04c38c001d029a08,2202,True,True,True
40296,04c38c001d02a308,2211,True,True,True
40306,04c38c001d02b108,2225,True,True,True
40313,04c38c001d02bc08,2236,True,True,True
40316,04c38c001d02c108,2241,True,True,True
40322,045746651c020509,2309,True,True,True
40328,045746651c021609,2326,True,True,True
40341,045746651c023209,2354,True,True,True
40349,045746651c024109,2369,True,True,True
40357,045746651c027f09,2431,True,True,True
40363,045746651c028209,2434,True,True,True
40369,045746651c028409,2436,True,True,True
40370,045746651c02b609,2486,True,True,True
40377,045746651c02170a,2583,True,True,True
40397,045746651c025a0a,2650,True,True,True
40404,045746651c02750a,2677,True,True,True
40412,045746651c028c0a,2700,True,True,True
40415,045746651c029a0a,2714,True,True,True
40421,045746651c02d40a,2772,True,True,True
40426,045746651c02160b,2838,True,True,True
40435,045746651c02400b,2880,True,True,True
40437,045746651c02a20b,2978,True,True,True
40441,045746651c02b20b,2994,True,True,True
40457,045746651c025c0c,3164,True,True,True
40462,045746651c02620c,3170,True,True,True
40467,045746651c02820c,3202,True,True,True
40483,045746651c02ba0c,3258,True,True,True
40489,045746651c02dd0c,3293,True,True,True
40497,045746651c02160d,3350,True,True,True
40504,045746651c02180d,3352,True,True,True
40507,045746651c02410d,3393,True,True,True
40515,045746651c02480d,3400,True,True,True
40528,045746651c025e0d,3422,True,True,True
40533,045746651c02860d,3462,True,True,True
40544,045746651c02b20d,3506,True,True,True
40555,045746651c02c90d,3529,True,True,True
40561,045746651c02ca0d,3530,True,True,True
40566,045746651c02030e,3587,True,True,True
40580,045746651c023d0e,3645,True,True,True
40590,045746651c02580e,3672,True,True,True
40595,045746651c02640e,3684,True,True,True
40596,045746651c02650e,3685,True,True,True
40602,045746651c026d0e,3693,True,True,True
40612,045746651c02870e,3719,True,True,True
40617,045746651c02be0e,3774,True,True,True
40627,045746651c02f80e,3832,True,True,True
40637,045746651c02350f,3893,True,True,True
40647,045746651c02630f,3939,True,True,True
40653,045746651c027d0f,3965,True,True,True
40666,045746651c02a10f,4001,True,True,True
40674,045746651c02f00f,4080,True,True,True
40678,045746651c022710,4135,True,True,True
40686,045746651c027510,4213,True,True,True
40698,045746651c02be10,4286,True,True,True
40702,045746651c02ca10,4298,True,True,True
40716,045746651c02e710,4327,True,True,True
40720,045746651c020311,4355,True,True,True
40733,045746651c020411,4356,True,True,True
40734,045746651c020f11,4367,True,True,True
40741,045746651c022911,4393,True,True,True
40744,045746651c027311,4467,True,True,True
40754,045746651c027611,4470,True,True,True
40765,045746651c02bc11,4540,True,True,True
40770,045746651c02c711,4551,True,True,True
40783,045746651c02db11,4571,True,True,True
40797,045746651c021a12,4634,True,True,True
40808,045746651c021c12,4636,True,True,True
40815,045746651c023712,4663,True,True,True
40822,045746651c027e12,4734,True,True,True
40837,045746651c028012,4736,True,True,True
40838,045746651c028f12,4751,True,True,True
40848,045746651c02dd12,4829,True,True,True
40855,045746651c02fc12,4860,True,True,True
40863,045746651c02fd12,4861,True,True,True
40867,045746651c020213,4866,True,True,True
40873,045746651c021b13,4891,True,True,True
40885,045746651c023213,4914,True,True,True
40902,045746651c027213,4978,True,True,True
40911,045746651c027313,4979,True,True,True
40915,045746651c027413,4980,True,True,True
40924,045746651c029d13,5021,True,True,True
40927,045746651c02b813,5048,True,True,True
40938,045746651c02da13,5082,True,True,True
40939,045746651c02e913,5097,True,True,True
40946,045746651c02ed13,5101,True,True,True
40956,045746651c020f14,5135,True,True,True
40961,045746651c024914,5193,True,True,True
40968,045746651c028b14,5259,True,True,True
40976,045746651c02b714,5303,True,True,True
40991,045746651c02df14,5343,True,True,True
40995,045746651c02ef14,5359,True,True,True
41002,045746651c02ff14,5375,True,True,True
41010,045746651c021715,5399,True,True,True
41015,045746651c026d15,5485,True,True,True
41022,045746651c029715,5527,True,True,True
41027,045746651c02c815,5576,True,True,True
41029,045746651c02ca15,5578,True,True,True
41034,045746651c021316,5651,True,True,True
41047,045746651c022416,5668,True,True,True
41057,045746651c022716,5671,True,True,True
41066,045746651c023516,5685,True,True,True
41073,045746651c026016,5728,True,True,True
41087,045746651c02b316,5811,True,True,True
41090,045746651c02db16,5851,True,True,True
41095,045746651c02ff16,5887,True,True,True
41096,045746651c020517,5893,True,True,True
41104,045746651c028217,6018,True,True,True
41106,045746651c02b317,6067,True,True,True
41110,045746651c02d817,6104,True,True,True
41117,045746651c022418,6180,True,True,True
41123,045746651c022618,6182,True,True,True
41138,045746651c024018,6208,True,True,True
41148,045746651c028a18,6282,True,True,True
41162,045746651c02c218,6338,True,True,True
41168,045746651c02db18,6363,True,True,True
41178,045746651c028419,6532,True,True,True
41190,045746651c029400,148,True,True,True
41191,045746651c029600,150,True,True,True
41192,045746651c02b700,183,True,True,True
41200,045746651c02b900,185,True,True,True
41205,045746651c02c100,193,True,True,True
41213,045746651c02f400,244,True,True,True
41215,045746651c02f900,249,True,True,True
41223,045746651c022f01,303,True,True,True
41233,045746651c025801,344,True,True,True
41240,045746651c027001,368,True,True,True
41250,045746651c02d401,468,True,True,True
41252,045746651c022802,552,True,True,True
41263,045746651c023902,569,True,True,True
41279,045746651c029302,659,True,True,True
41293,045746651c02b702,695,True,True,True
41307,045746651c02dc02,732,True,True,True
41319,045746651c02ee02,750,True,True,True
41330,045746651c021503,789,True,True,True
41334,045746651c023303,819,True,True,True
41341,045746651c024c03,844,True,True,True
41349,045746651c02d603,982,True,True,True
41361,045746651c02d803,984,True,True,True
41370,045746651c02d903,985,True,True,True
41389,045746651c02da03,986,True,True,True
41411,045746651c025e04,1118,True,True,True
41417,045746651c026a04,1130,True,True,True
41430,045746651c02b604,1206,True,True,True
41440,045746651c02d504,1237,True,True,True
41448,045746651c024505,1349,True,True,True
41459,045746651c027f05,1407,True,True,True
41478,045746651c023a06,1594,True,True,True
41494,045746651c029506,1685,True,True,True
41502,045746651c029b06,1691,True,True,True
41512,045746651c029d06,1693,True,True,True
41524,045746651c02b406,1716,True,True,True
41531,045746651c02f506,1781,True,True,True
41545,045746651c020d07,1805,True,True,True
41555,045746651c021707,1815,True,True,True
41570,045746651c024c07,1868,True,True,True
41585,045746651c029107,1937,True,True,True
41590,045746651c02f707,2039,True,True,True
41607,045746651c024408,2116,True,True,True
41614,045746651c025c08,2140,True,True,True
41621,045746651c026208,2146,True,True,True
41633,045746651c02af08,2223,True,True,True
41641,045746651c02b308,2227,True,True,True
41646,045746651c02c808,2248,True,True,True
41652,045746651c02f108,2289,True,True,True
41657,045746651c02fb08,2299,True,True,True
41663,045746651c02fc08,2300,True,True,True
41664,045746651c022609,2342,True,True,True
41678,045746651c024909,2377,True,True,True
41686,045746651c025a09,2394,True,True,True
41690,045746651c025d09,2397,True,True,True
41695,045746651c026b09,2411,True,True,True
41702,045746651c02e809,2536,True,True,True
41708,045746651c02340a,2612,True,True,True
41715,045746651c02380a,2616,True,True,True
41719,045746651c023d0a,2621,True,True,True
41728,045746651c02730a,2675,True,True,True
41735,045746651c02200b,2848,True,True,True
41750,045746651c02550b,2901,True,True,True
41757,045746651c025e0b,2910,True,True,True
41762,045746651c029d0b,2973,True,True,True
41768,045746651c02a40b,2980,True,True,True
41775,045746651c02a60b,2982,True,True,True
41779,045746651c02e10b,3041,True,True,True
41784,045746651c02e80b,3048,True,True,True
41787,045746651c02320c,3122,True,True,True
41802,045746651c02420c,3138,True,True,True
41818,045746651c02620c,3170,True,True,True
41826,045746651c02630c,3171,True,True,True
41831,045746651c02920c,3218,True,True,True
41848,045746651c02a60c,3238,True,True,True
41853,045746651c02b10c,3249,True,True,True
41860,045746651c02be0c,3262,True,True,True
41866,045746651c02e40c,3300,True,True,True
41869,045746651c02f40c,3316,True,True,True
41880,045746651c023a0d,3386,True,True,True
41887,045746651c02ae0d,3502,True,True,True
41893,045746651c020b0e,3595,True,True,True
41894,045746651c02190e,3609,True,True,True
41899,045746651c02470e,3655,True,True,True
41912,045746651c02220f,3874,True,True,True
41914,045746651c02250f,3877,True,True,True
41932,045746651c022d0f,3885,True,True,True
41936,045746651c02520f,3922,True,True,True
41949,045746651c027f0f,3967,True,True,True
41957,045746651c02ab0f,4011,True,True,True
41962,045746651c02ac0f,4012,True,True,True
41972,045746651c02b60f,4022,True,True,True
41983,045746651c02b90f,4025,True,True,True
41995,045746651c02d30f,4051,True,True,True
42004,045746651c02e80f,4072,True,True,True
42008,045746651c02eb0f,4075,True,True,True
42024,045746651c020010,4096,True,True,True
42037,045746651c023110,4145,True,True,True
42039,045746651c025b10,4187,True,True,True
42055,045746651c02ab10,4267,True,True,True
42062,045746651c02b110,4273,True,True,True
42069,045746651c02c710,4295,True,True,True
42074,045746651c02f710,4343,True,True,True
42085,045746651c023611,4406,True,True,True
42097,045746651c024111,4417,True,True,True
42102,045746651c026711,4455,True,True,True
42117,045746651c029611,4502,True,True,True
42131,045746651c02aa11,4522,True,True,True
42141,045746651c02c311,4547,True,True,True
42146,045746651c02ef11,4591,True,True,True
42154,045746651c020412,4612,True,True,True
42159,045746651c020512,4613,True,True,True
42173,045746651c020812,4616,True,True,True
42183,045746651c022612,4646,True,True,True
42199,045746651c027612,4726,True,True,True
42202,045746651c028112,4737,True,True,True
42213,045746651c029812,4760,True,True,True
42220,045746651c02aa12,4778,True,True,True
42233,045746651c02d012,4816,True,True,True
42241,045746651c023513,4917,True,True,True
42248,045746651c023a13,4922,True,True,True
42266,045746651c024b13,4939,True,True,True
42274,045746651c026e13,4974,True,True,True
42283,045746651c02ab13,5035,True,True,True
42291,045746651c02c213,5058,True,True,True
42299,045746651c02f213,5106,True,True,True
42311,045746651c024214,5186,True,True,True
42319,045746651c025514,5205,True,True,True
42324,045746651c02df14,5343,True,True,True
42331,045746651c020b15,5387,True,True,True
42338,04e5b3431c025715,5463,True,True,True
42345,04e5b3431c029315,5523,True,True,True
42346,04e5b3431c029c15,5532,True,True,True
42347,04e5b3431c029d15,5533,True,True,True
42349,04e5b3431c02dc15,5596,True,True,True
42360,04e5b3431c02dd15,5597,True,True,True
42369,04e5b3431c02e315,5603,True,True,True
42380,04e5b3431c020816,5640,True,True,True
42383,04e5b3431c022c16,5676,True,True,True
42387,04e5b3431c022d16,5677,True,True,True
42392,04e5b3431c023c16,5692,True,True,True
42396,04e5b3431c025016,5712,True,True,True
42399,04e5b3431c025116,5713,True,True,True
42409,04e5b3431c025516,5717,True,True,True
42413,04e5b3431c027a16,5754,True,True,True
42421,04e5b3431c029c16,5788,True,True,True
42430,04e5b3431c02aa16,5802,True,True,True
42445,04e5b3431c02cf16,5839,True,True,True
42466,04e5b3431c026f17,5999,True,True,True
42471,04e5b3431c02aa17,6058,True,True,True
42476,04e5b3431c02c117,6081,True,True,True
42479,04e5b3431c02c417,6084,True,True,True
42480,04e5b3431c02e017,6112,True,True,True
42490,04e5b3431c024518,6213,True,True,True
42497,04e5b3431c02dc18,6364,True,True,True
42503,04e5b3431c020619,6406,True,True,True
42509,04e5b3431c022319,6435,True,True,True
42518,04e5b3431c026819,6504,True,True,True
42527,04e5b3431c028119,6529,True,True,True
42537,04e5b3431c0108,8,True,True,True
42544,04e5b3431c0127,39,True,True,True
42550,04e5b3431c0137,55,True,True,True
42552,04e5b3431c016c,108,True,True,True
42557,04e5b3431c017c,124,True,True,True
42569,04e5b3431c02a101,417,True,True,True
42574,04e5b3431c02cf01,463,True,True,True
42581,04e5b3431c02da01,474,True,True,True
42592,04e5b3431c021f02,543,True,True,True
42599,04e5b3431c026e02,622,True,True,True
42616,04e5b3431c02be02,702,True,True,True
42618,04e5b3431c02c502,709,True,True,True
42623,04e5b3431c020003,768,True,True,True
42636,04e5b3431c022603,806,True,True,True
42639,04e5b3431c023903,825,True,True,True
42648,04e5b3431c027203,882,True,True,True
42655,04e5b3431c027e03,894,True,True,True
42656,04e5b3431c02b503,949,True,True,True
42658,04e5b3431c02ed03,1005,True,True,True
42659,04e5b3431c020c04,1036,True,True,True
42661,04e5b3431c022604,1062,True,True,True
42663,04e5b3431c025b04,1115,True,True,True
42669,04e5b3431c025c04,1116,True,True,True
42671,04e5b3431c027e04,1150,True,True,True
42676,04e5b3431c029004,1168,True,True,True
42679,04e5b3431c02b004,1200,True,True,True
42681,04e5b3431c02bc04,1212,True,True,True
42686,04e5b3431c021f05,1311,True,True,True
42692,04e5b3431c021006,1552,True,True,True
42699,04e5b3431c022d06,1581,True,True,True
42704,04e5b3431c023106,1585,True,True,True
42709,04e5b3431c028d06,1677,True,True,True
42711,04e5b3431c029b06,1691,True,True,True
42713,04e5b3431c020207,1794,True,True,True
42721,04e5b3431c023707,1847,True,True,True
42726,04e5b3431c028307,1923,True,True,True
42730,04e5b3431c02e407,2020,True,True,True
42737,04e5b3431c02f307,2035,True,True,True
42738,04e5b3431c02f707,2039,True,True,True
42740,04e5b3431c025708,2135,True,True,True
42748,04e5b3431c028508,2181,True,True,True
42753,04e5b3431c028808,2184,True,True,True
42766,04e5b3431c024a09,2378,True,True,True
42769,04e5b3431c02d409,2516,True,True,True
42773,04e5b3431c02e109,2529,True,True,True
42776,04e5b3431c020c0a,2572,True,True,True
42779,04e5b3431c02280a,2600,True,True,True
42787,04e5b3431c024e0a,2638,True,True,True
42794,04e5b3431c02ad0a,2733,True,True,True
42797,04e5b3431c02b30a,2739,True,True,True
42800,04e5b3431c02e60a,2790,True,True,True
42807,04e5b3431c02640b,2916,True,True,True
42825,04e5b3431c020c0c,3084,True,True,True
42830,04e5b3431c02260c,3110,True,True,True
42831,04e5b3431c022b0c,3115,True,True,True
42845,04e5b3431c023a0c,3130,True,True,True
42853,04e5b3431c02430c,3139,True,True,True
42861,04e5b3431c02630c,3171,True,True,True
42874,04e5b3431c02650c,3173,True,True,True
42883,04e5b3431c02780c,3192,True,True,True
42886,04e5b3431c02980c,3224,True,True,True
42900,04e5b3431c02a60c,3238,True,True,True
42907,04e5b3431c02a90c,3241,True,True,True
42924,04e5b3431c02c00c,3264,True,True,True
42929,04e5b3431c02c50c,3269,True,True,True
42935,04e5b3431c02f50c,3317,True,True,True
42946,04e5b3431c023b0d,3387,True,True,True
42956,04e5b3431c02e00d,3552,True,True,True
42958,04e5b3431c02ec0d,3564,True,True,True
42970,04e5b3431c020f0e,3599,True,True,True
42979,04e5b3431c02760e,3702,True,True,True
42994,04e5b3431c02b50e,3765,True,True,True
43004,04e5b3431c02bd0e,3773,True,True,True
43010,04e5b3431c02cd0e,3789,True,True,True
43015,04e5b3431c02dc0e,3804,True,True,True
43021,04e5b3431c02fa0e,3834,True,True,True
43024,04e5b3431c027c0f,3964,True,True,True
43031,04e5b3431c029d0f,3997,True,True,True
43038,04e5b3431c02e90f,4073,True,True,True
43041,04e5b3431c020c10,4108,True,True,True
43044,04e5b3431c022510,4133,True,True,True
43053,04e5b3431c022810,4136,True,True,True
43061,04e5b3431c027310,4211,True,True,True
43063,04e5b3431c02ae10,4270,True,True,True
43074,04e5b3431c025a11,4442,True,True,True
43083,04e5b3431c02a811,4520,True,True,True
43094,04e5b3431c02a911,4521,True,True,True
43100,04e5b3431c02db11,4571,True,True,True
43104,04e5b3431c02e811,4584,True,True,True
43112,04e5b3431c021912,4633,True,True,True
43119,04e5b3431c022212,4642,True,True,True
43132,04e5b3431c02a912,4777,True,True,True
43135,04e5b3431c021f13,4895,True,True,True
43141,04e5b3431c025713,4951,True,True,True
43156,04e5b3431c026113,4961,True,True,True
43161,04e5b3431c029913,5017,True,True,True
43165,04e5b3431c02c013,5056,True,True,True
43169,04e5b3431c02c213,5058,True,True,True
43173,04e5b3431c02c813,5064,True,True,True
43181,04e5b3431c02fe13,5118,True,True,True
43193,04e5b3431c020a14,5130,True,True,True
43203,04e5b3431c024814,5192,True,True,True
43208,04e5b3431c02a214,5282,True,True,True
43215,04e5b3431c02fe14,5374,True,True,True
43218,04e5b3431c022015,5408,True,True,True
43226,04e5b3431c024b15,5451,True,True,True
43227,04e5b3431c024e15,5454,True,True,True
43232,04e5b3431c028215,5506,True,True,True
43236,04e5b3431c02cc15,5580,True,True,True
43239,04e5b3431c02f815,5624,True,True,True
43247,04e5b3431c02fe15,5630,True,True,True
43257,04e5b3431c023a16,5690,True,True,True
43265,04e5b3431c024616,5702,True,True,True
43277,04e5b3431c028316,5763,True,True,True
43284,04e5b3431c02c416,5828,True,True,True
43292,04e5b3431c020217,5890,True,True,True
43298,04e5b3431c020517,5893,True,True,True
43302,04e5b3431c027017,6000,True,True,True
43311,04e5b3431c02aa17,6058,True,True,True
43321,04e5b3431c020818,6152,True,True,True
43328,04e5b3431c022c18,6188,True,True,True
43334,04e5b3431c022e18,6190,True,True,True
43343,04e5b3431c026718,6247,True,True,True
43348,04e5b3431c02b118,6321,True,True,True
43355,04e5b3431c02c018,6336,True,True,True
43369,04e5b3431c022919,6441,True,True,True
43383,04e5b3431c0157,87,True,True,True
43401,04e5b3431c028100,129,True,True,True
43408,04e5b3431c02cc00,204,True,True,True
43412,04e5b3431c02de00,222,True,True,True
43425,04e5b3431c022f01,303,True,True,True
43433,04e5b3431c028201,386,True,True,True
43439,04e5b3431c021502,533,True,True,True
43449,04e5b3431c029302,659,True,True,True
43458,04e5b3431c022703,807,True,True,True
43464,04e5b3431c029003,912,True,True,True
43468,04e5b3431c02bb03,955,True,True,True
43480,04e5b3431c02cc03,972,True,True,True
43482,04e5b3431c02ec03,1004,True,True,True
43507,04e5b3431c026c03,876,True,True,True
43514,04e5b3431c022106,1569,True,True,True
43521,04e5b3431c022e06,1582,True,True,True
43526,04e5b3431c02bd06,1725,True,True,True
43535,04e5b3431c024907,1865,True,True,True
43539,04e5b3431c027a07,1914,True,True,True
43545,04e5b3431c027c07,1916,True,True,True
43547,04e5b3431c029307,1939,True,True,True
43556,04e5b3431c02a407,1956,True,True,True
43562,04e5b3431c02b607,1974,True,True,True
43563,04e5b3431c020008,2048,True,True,True
43566,04e5b3431c027f08,2175,True,True,True
43576,04e5b3431c02dd08,2269,True,True,True
43583,04e5b3431c026b09,2411,True,True,True
43601,04e5b3431c027009,2416,True,True,True
43607,04e5b3431c028109,2433,True,True,True
43610,04e5b3431c02cf09,2511,True,True,True
43619,04e5b3431c02da09,2522,True,True,True
43627,04e5b3431c02f509,2549,True,True,True
43632,04e5b3431c02200a,2592,True,True,True
43634,04e5b3431c027b0a,2683,True,True,True
43640,04e5b3431c029d0a,2717,True,True,True
43650,04e5b3431c02cc0a,2764,True,True,True
43654,04e5b3431c02f10a,2801,True,True,True
43673,04e5b3431c02f60a,2806,True,True,True
43676,04e5b3431c02090b,2825,True,True,True
43683,04e5b3431c02410b,2881,True,True,True
43689,04e5b3431c02530b,2899,True,True,True
43695,04e5b3431c025f0b,2911,True,True,True
43700,04e5b3431c02b30b,2995,True,True,True
43704,04e5b3431c02bb0b,3003,True,True,True
43709,04e5b3431c02e20b,3042,True,True,True
43713,04e5b3431c02ff0b,3071,True,True,True
43723,04e5b3431c02060c,3078,True,True,True
43732,04e5b3431c02150c,3093,True,True,True
43733,04e5b3431c02480c,3144,True,True,True
43739,04e5b3431c029d0c,3229,True,True,True
43745,04e5b3431c024a0d,3402,True,True,True
43753,04e5b3431c02580d,3416,True,True,True
43764,04e5b3431c021c0e,3612,True,True,True
43776,04e5b3431c02220e,3618,True,True,True
43780,04e5b3431c02520e,3666,True,True,True
43792,04e5b3431c02890e,3721,True,True,True
43801,04e5b3431c029b0e,3739,True,True,True
43810,04e5b3431c02d60e,3798,True,True,True
43817,04e5b3431c02fa0e,3834,True,True,True
43827,04e5b3431c02680f,3944,True,True,True
43837,04e5b3431c02a70f,4007,True,True,True
43849,04e5b3431c02cc0f,4044,True,True,True
43852,04e5b3431c020d10,4109,True,True,True
43859,04e5b3431c02d510,4309,True,True,True
43868,04e5b3431c02ef10,4335,True,True,True
43870,04e5b3431c020311,4355,True,True,True
43872,04e5b3431c020511,4357,True,True,True
43880,04e5b3431c021111,4369,True,True,True
43884,04e5b3431c022611,4390,True,True,True
43894,04e5b3431c025211,4434,True,True,True
43896,04e5b3431c025711,4439,True,True,True
43900,04e5b3431c026111,4449,True,True,True
43910,04e5b3431c027711,4471,True,True,True
43922,04e5b3431c02f311,4595,True,True,True
43929,04e5b3431c02fd11,4605,True,True,True
43932,04e5b3431c020c12,4620,True,True,True
43936,04e5b3431c021012,4624,True,True,True
43937,04e5b3431c024812,4680,True,True,True
43945,04e5b3431c02d912,4825,True,True,True
43957,04e5b3431c02e812,4840,True,True,True
43969,04e5b3431c020613,4870,True,True,True
43973,04e5b3431c026913,4969,True,True,True
43975,04e5b3431c027b13,4987,True,True,True
43982,04e5b3431c02b413,5044,True,True,True
43989,04e5b3431c02ff13,5119,True,True,True
44000,04e5b3431c022e14,5166,True,True,True
44001,04e5b3431c024814,5192,True,True,True
44011,04e5b3431c02ea14,5354,True,True,True
44013,04e5b3431c02f414,5364,True,True,True
44022,04e5b3431c024115,5441,True,True,True
44026,04e5b3431c025e15,5470,True,True,True
44031,04e5b3431c028315,5507,True,True,True
44041,04e5b3431c02cc15,5580,True,True,True
44047,04e5b3431c02f215,5618,True,True,True
44056,04e5b3431c022e16,5678,True,True,True
44070,04e5b3431c026f16,5743,True,True,True
44078,04e5b3431c02d516,5845,True,True,True
44087,04e5b3431c02f516,5877,True,True,True
44093,04e5b3431c022a17,5930,True,True,True
44097,04e5b3431c025e17,5982,True,True,True
44101,04e5b3431c02f617,6134,True,True,True
44112,04e5b3431c02c018,6336,True,True,True
44119,04e5b3431c021d19,6429,True,True,True
44123,04e5b3431c027e19,6526,True,True,True
44131,04e5b3431c028500,133,True,True,True
44133,04e5b3431c026701,359,True,True,True
44173,04e5b3431c027b01,379,True,True,True
44218,04e5b3431c022f03,815,True,True,True
44232,04e5b3431c026b03,875,True,True,True
44234,04e5b3431c027803,888,True,True,True
44237,04e5b3431c029903,921,True,True,True
44276,04e5b3431c02cc04,1228,True,True,True
44280,04e5b3431c02ef04,1263,True,True,True
44288,04e5b3431c02f804,1272,True,True,True
44309,04e5b3431c025f05,1375,True,True,True
44316,04e5b3431c029505,1429,True,True,True
44319,04e5b3431c029f05,1439,True,True,True
44327,04e5b3431c02c705,1479,True,True,True
44329,04e5b3431c02d705,1495,True,True,True
44338,04e5b3431c021306,1555,True,True,True
44340,04e5b3431c023106,1585,True,True,True
44343,04e5b3431c023306,1587,True,True,True
44344,04e5b3431c025606,1622,True,True,True
44351,04e5b3431c026506,1637,True,True,True
44357,046f7f381c02e706,1767,True,True,True
44364,046f7f381c023d07,1853,True,True,True
44371,046f7f381c026407,1892,True,True,True
44374,046f7f381c029107,1937,True,True,True
44381,046f7f381c029807,1944,True,True,True
44387,046f7f381c02a407,1956,True,True,True
44397,046f7f381c02da07,2010,True,True,True
44404,046f7f381c02f607,2038,True,True,True
44408,046f7f381c020e08,2062,True,True,True
44410,046f7f381c020f08,2063,True,True,True
44418,046f7f381c02d508,2261,True,True,True
44422,046f7f381c021109,2321,True,True,True
44430,046f7f381c02f209,2546,True,True,True
44433,046f7f381c020f0a,2575,True,True,True
44437,046f7f381c02920a,2706,True,True,True
44443,046f7f381c02af0a,2735,True,True,True
44454,046f7f381c020c0b,2828,True,True,True
44461,046f7f381c022a0b,2858,True,True,True
44467,046f7f381c024b0b,2891,True,True,True
44472,046f7f381c02640b,2916,True,True,True
44486,046f7f381c02d10b,3025,True,True,True
44502,046f7f381c02d90b,3033,True,True,True
44510,046f7f381c02430c,3139,True,True,True
44517,046f7f381c02280d,3368,True,True,True
44521,046f7f381c023a0d,3386,True,True,True
44525,046f7f381c025c0d,3420,True,True,True
44528,046f7f381c027a0d,3450,True,True,True
44530,046f7f381c02ac0d,3500,True,True,True
44536,046f7f381c02b80d,3512,True,True,True
44540,046f7f381c02ce0d,3534,True,True,True
44541,046f7f381c02e60d,3558,True,True,True
44549,046f7f381c02210e,3617,True,True,True
44558,046f7f381c02260e,3622,True,True,True
44565,046f7f381c02f70e,3831,True,True,True
44567,046f7f381c022f0f,3887,True,True,True
44571,046f7f381c02750f,3957,True,True,True
44575,046f7f381c02780f,3960,True,True,True
44580,046f7f381c02800f,3968,True,True,True
44586,046f7f381c02d20f,4050,True,True,True
44595,046f7f381c023110,4145,True,True,True
44599,046f7f381c024510,4165,True,True,True
44601,046f7f381c025510,4181,True,True,True
44607,046f7f381c028d10,4237,True,True,True
44612,046f7f381c02da10,4314,True,True,True
44616,046f7f381c023811,4408,True,True,True
44620,046f7f381c024811,4424,True,True,True
44627,046f7f381c025011,4432,True,True,True
44633,046f7f381c028011,4480,True,True,True
44645,046f7f381c025c12,4700,True,True,True
44652,046f7f381c027712,4727,True,True,True
44669,046f7f381c02c113,5057,True,True,True
44679,046f7f381c02cb13,5067,True,True,True
44696,046f7f381c021415,5396,True,True,True
44701,046f7f381c02ce15,5582,True,True,True
44708,046f7f381c02c916,5833,True,True,True
44713,046f7f381c020f17,5903,True,True,True
44717,046f7f381c026617,5990,True,True,True
44730,046f7f381c02ad17,6061,True,True,True
44732,046f7f381c02b617,6070,True,True,True
44741,046f7f381c02ff17,6143,True,True,True
44743,046f7f381c024b18,6219,True,True,True
44752,046f7f381c025618,6230,True,True,True
44764,046f7f381c027218,6258,True,True,True
44768,046f7f381c02a318,6307,True,True,True
44776,046f7f381c023019,6448,True,True,True
44777,046f7f381c024619,6470,True,True,True
44782,046f7f381c025519,6485,True,True,True
44789,046f7f381c027e19,6526,True,True,True
44791,046f7f381c028319,6531,True,True,True
44792,046f7f381c028f19,6543,True,True,True
44798,046f7f381c0109,9,True,True,True
44807,046f7f381c013c,60,True,True,True
44812,046f7f381c02cb00,203,True,True,True
44818,046f7f381c024001,320,True,True,True
44823,046f7f381c026e01,366,True,True,True
44828,046f7f381c029c01,412,True,True,True
44834,046f7f381c023e02,574,True,True,True
44838,046f7f381c013b,59,True,True,True
44852,046f7f381c02ca02,714,True,True,True
44858,046f7f381c020a03,778,True,True,True
44870,046f7f381c022203,802,True,True,True
44878,046f7f381c029603,918,True,True,True
44880,046f7f381c02af03,943,True,True,True
44885,046f7f381c02d804,1240,True,True,True
44887,046f7f381c025805,1368,True,True,True
44896,046f7f381c026605,1382,True,True,True
44898,046f7f381c028a05,1418,True,True,True
44905,046f7f381c02df05,1503,True,True,True
44910,046f7f381c02fc05,1532,True,True,True
44915,046f7f381c026306,1635,True,True,True
44923,046f7f381c02b806,1720,True,True,True
44942,046f7f381c027207,1906,True,True,True
44946,046f7f381c02cb07,1995,True,True,True
44948,046f7f381c02d907,2009,True,True,True
44955,046f7f381c028008,2176,True,True,True
44957,046f7f381c02cb08,2251,True,True,True
44961,046f7f381c023b09,2363,True,True,True
44965,046f7f381c025a09,2394,True,True,True
44966,046f7f381c026c09,2412,True,True,True
44969,046f7f381c029009,2448,True,True,True
44976,046f7f381c021f0a,2591,True,True,True
44981,046f7f381c022d0a,2605,True,True,True
44983,046f7f381c02a10a,2721,True,True,True
44989,046f7f381c02310b,2865,True,True,True
44995,046f7f381c02680b,2920,True,True,True
45000,046f7f381c02110c,3089,True,True,True
45003,046f7f381c02910c,3217,True,True,True
45011,046f7f381c029a0c,3226,True,True,True
45017,046f7f381c02e00c,3296,True,True,True
45019,046f7f381c028a0d,3466,True,True,True
45030,046f7f381c02910d,3473,True,True,True
45051,046f7f381c02120e,3602,True,True,True
45059,046f7f381c02bb0e,3771,True,True,True
45065,046f7f381c02170f,3863,True,True,True
45071,046f7f381c02250f,3877,True,True,True
45077,046f7f381c02b80f,4024,True,True,True
45089,046f7f381c02dd0f,4061,True,True,True
45091,046f7f381c02f40f,4084,True,True,True
45095,046f7f381c020610,4102,True,True,True
45107,046f7f381c023310,4147,True,True,True
45112,046f7f381c023a10,4154,True,True,True
45120,046f7f381c027910,4217,True,True,True
45126,046f7f381c028e10,4238,True,True,True
45129,046f7f381c029e10,4254,True,True,True
45137,046f7f381c02ef10,4335,True,True,True
45145,046f7f381c020611,4358,True,True,True
45149,046f7f381c02a811,4520,True,True,True
45156,046f7f381c020c12,4620,True,True,True
45159,046f7f381c024d12,4685,True,True,True
45164,046f7f381c026112,4705,True,True,True
45168,046f7f381c02c712,4807,True,True,True
45172,046f7f381c02d512,4821,True,True,True
45179,046f7f381c022c13,4908,True,True,True
45187,046f7f381c029913,5017,True,True,True
45190,046f7f381c02b113,5041,True,True,True
45199,046f7f381c02bf13,5055,True,True,True
45204,046f7f381c024214,5186,True,True,True
45209,046f7f381c024314,5187,True,True,True
45211,046f7f381c029214,5266,True,True,True
45215,046f7f381c029614,5270,True,True,True
45219,046f7f381c02cd14,5325,True,True,True
45221,046f7f381c02d314,5331,True,True,True
45227,046f7f381c02e814,5352,True,True,True
45229,046f7f381c024915,5449,True,True,True
45235,046f7f381c02ae15,5550,True,True,True
45241,046f7f381c023916,5689,True,True,True
45250,046f7f381c027f16,5759,True,True,True
45253,046f7f381c029e16,5790,True,True,True
45257,046f7f381c02ce16,5838,True,True,True
45262,046f7f381c029c17,6044,True,True,True
45275,046f7f381c024e18,6222,True,True,True
45278,046f7f381c026c18,6252,True,True,True
45287,046f7f381c027418,6260,True,True,True
45290,046f7f381c02af18,6319,True,True,True
45294,046f7f381c02e918,6377,True,True,True
45298,046f7f381c021719,6423,True,True,True
45306,046f7f381c023d19,6461,True,True,True
45310,046f7f381c010f,15,True,True,True
45311,046f7f381c0130,48,True,True,True
45317,046f7f381c016c,108,True,True,True
45324,046f7f381c021a01,282,True,True,True
45325,046f7f381c022101,289,True,True,True
45329,046f7f381c023601,310,True,True,True
45335,046f7f381c027001,368,True,True,True
45339,046f7f381c028201,386,True,True,True
45345,046f7f381c02a601,422,True,True,True
45350,046f7f381c02bd01,445,True,True,True
45359,046f7f381c020f02,527,True,True,True
45376,046f7f381c022902,553,True,True,True
45378,046f7f381c024202,578,True,True,True
45383,046f7f381c026502,613,True,True,True
45389,046f7f381c029d02,669,True,True,True
45393,046f7f381c02c602,710,True,True,True
45398,046f7f381c02de02,734,True,True,True
45404,046f7f381c025a03,858,True,True,True
45414,046f7f381c027a03,890,True,True,True
45418,046f7f381c027b03,891,True,True,True
45420,046f7f381c028e03,910,True,True,True
45422,046f7f381c02d203,978,True,True,True
45432,046f7f381c020504,1029,True,True,True
45436,046f7f381c021904,1049,True,True,True
45442,046f7f381c022e04,1070,True,True,True
45451,046f7f381c027a04,1146,True,True,True
45452,046f7f381c028604,1158,True,True,True
45459,046f7f381c02ce04,1230,True,True,True
45465,046f7f381c02fd04,1277,True,True,True
45472,046f7f381c021005,1296,True,True,True
45480,046f7f381c023c05,1340,True,True,True
45485,046f7f381c026705,1383,True,True,True
45489,046f7f381c026e05,1390,True,True,True
45494,046f7f381c02bc05,1468,True,True,True
45495,046f7f381c02d205,1490,True,True,True
45501,046f7f381c02e905,1513,True,True,True
45504,046f7f381c022006,1568,True,True,True
45507,046f7f381c024906,1609,True,True,True
45512,046f7f381c026b06,1643,True,True,True
45519,046f7f381c026607,1894,True,True,True
45521,046f7f381c028107,1921,True,True,True
45527,046f7f381c02a407,1956,True,True,True
45537,046f7f381c022609,2342,True,True,True
45541,046f7f381c024009,2368,True,True,True
45543,046f7f381c028109,2433,True,True,True
45545,046f7f381c02f209,2546,True,True,True
45556,046f7f381c02c50a,2757,True,True,True
45561,046f7f381c02b20b,2994,True,True,True
45572,046f7f381c02d60b,3030,True,True,True
45576,046f7f381c02e00b,3040,True,True,True
45584,046f7f381c025a0c,3162,True,True,True
45586,046f7f381c02ab0c,3243,True,True,True
45587,046f7f381c02b80c,3256,True,True,True
45590,046f7f381c020b0d,3339,True,True,True
45594,046f7f381c021e0d,3358,True,True,True
45600,046f7f381c02240d,3364,True,True,True
45609,046f7f381c02460d,3398,True,True,True
45610,046f7f381c02760d,3446,True,True,True
45618,046f7f381c02e00d,3552,True,True,True
45622,046f7f381c022c0e,3628,True,True,True
45626,046f7f381c02470e,3655,True,True,True
45631,046f7f381c026b0e,3691,True,True,True
45640,046f7f381c02b30e,3763,True,True,True
45642,046f7f381c02ce0e,3790,True,True,True
45655,046f7f381c02440f,3908,True,True,True
45663,046f7f381c02510f,3921,True,True,True
45670,046f7f381c029b0f,3995,True,True,True
45677,046f7f381c02d10f,4049,True,True,True
45689,046f7f381c02c910,4297,True,True,True
45693,046f7f381c02df10,4319,True,True,True
45698,046f7f381c02fa10,4346,True,True,True
45705,046f7f381c022211,4386,True,True,True
45709,046f7f381c022e11,4398,True,True,True
45722,046f7f381c029511,4501,True,True,True
45736,046f7f381c021e12,4638,True,True,True
45740,046f7f381c02ae12,4782,True,True,True
45748,046f7f381c02ba12,4794,True,True,True
45766,046f7f381c029213,5010,True,True,True
45773,046f7f381c02bf13,5055,True,True,True
45780,046f7f381c020214,5122,True,True,True
45783,046f7f381c021514,5141,True,True,True
45784,046f7f381c023e14,5182,True,True,True
45795,046f7f381c027214,5234,True,True,True
45803,046f7f381c02cd14,5325,True,True,True
45806,046f7f381c021b15,5403,True,True,True
45814,046f7f381c027915,5497,True,True,True
45823,046f7f381c02a015,5536,True,True,True
45828,046f7f381c02b715,5559,True,True,True
45829,046f7f381c02c515,5573,True,True,True
45831,046f7f381c02c815,5576,True,True,True
45838,046f7f381c026e16,5742,True,True,True
45840,046f7f381c027416,5748,True,True,True
45844,046f7f381c02d116,5841,True,True,True
45850,046f7f381c020117,5889,True,True,True
45854,046f7f381c025f17,5983,True,True,True
45858,046f7f381c02d217,6098,True,True,True
45866,046f7f381c02f317,6131,True,True,True
45868,046f7f381c020518,6149,True,True,True
45875,046f7f381c025018,6224,True,True,True
45882,046f7f381c026f18,6255,True,True,True
45885,046f7f381c029f18,6303,True,True,True
45889,046f7f381c02c118,6337,True,True,True
45897,046f7f381c02ed18,6381,True,True,True
45941,046f7f381c026c01,364,True,True,True
45945,046f7f381c028101,385,True,True,True
45948,046f7f381c028301,387,True,True,True
45955,046f7f381c02ac01,428,True,True,True
45960,046f7f381c02bd01,445,True,True,True
45968,046f7f381c02c101,449,True,True,True
45975,046f7f381c02e601,486,True,True,True
45981,046f7f381c02f401,500,True,True,True
45986,046f7f381c023402,564,True,True,True
45995,046f7f381c020903,777,True,True,True
46006,046f7f381c021d03,797,True,True,True
46011,046f7f381c02e103,993,True,True,True
46014,046f7f381c020204,1026,True,True,True
46022,046f7f381c024504,1093,True,True,True
46033,046f7f381c026904,1129,True,True,True
46045,046f7f381c028704,1159,True,True,True
46054,046f7f381c022005,1312,True,True,True
46060,046f7f381c023405,1332,True,True,True
46077,046f7f381c029a05,1434,True,True,True
46084,046f7f381c02a505,1445,True,True,True
46093,046f7f381c02e805,1512,True,True,True
46108,046f7f381c025406,1620,True,True,True
46110,046f7f381c026606,1638,True,True,True
46119,046f7f381c029b06,1691,True,True,True
46124,046f7f381c02e506,1765,True,True,True
46129,046f7f381c02df07,2015,True,True,True
46137,046f7f381c022108,2081,True,True,True
46144,046f7f381c024c08,2124,True,True,True
46145,046f7f381c026a08,2154,True,True,True
46149,046f7f381c029208,2194,True,True,True
46150,046f7f381c02d208,2258,True,True,True
46164,046f7f381c02f408,2292,True,True,True
46167,046f7f381c02f808,2296,True,True,True
46180,046f7f381c023309,2355,True,True,True
46183,046f7f381c026b09,2411,True,True,True
46186,046f7f381c027809,2424,True,True,True
46193,046f7f381c02a709,2471,True,True,True
46201,046f7f381c02410a,2625,True,True,True
46206,046f7f381c02680a,2664,True,True,True
46208,046f7f381c02960a,2710,True,True,True
46220,046f7f381c02c60a,2758,True,True,True
46225,046f7f381c02d80a,2776,True,True,True
46231,046f7f381c02050b,2821,True,True,True
46238,046f7f381c02310b,2865,True,True,True
46246,046f7f381c024f0b,2895,True,True,True
46254,046f7f381c026b0b,2923,True,True,True
46260,046f7f381c02c70b,3015,True,True,True
46268,046f7f381c02eb0b,3051,True,True,True
46270,046f7f381c02040c,3076,True,True,True
46278,046f7f381c02270c,3111,True,True,True
46280,046f7f381c022f0c,3119,True,True,True
46288,046f7f381c02350c,3125,True,True,True
46293,046f7f381c02370c,3127,True,True,True
46302,046f7f381c02f10c,3313,True,True,True
46305,046f7f381c024a0d,3402,True,True,True
46310,046f7f381c025f0d,3423,True,True,True
46322,046f7f381c02610d,3425,True,True,True
46328,046f7f381c026e0d,3438,True,True,True
46337,046f7f381c02730d,3443,True,True,True
46339,046f7f381c02910d,3473,True,True,True
46347,046f7f381c02fc0d,3580,True,True,True
46352,046f7f381c02450e,3653,True,True,True
46365,046f7f381c02a30e,3747,True,True,True
46368,047513381c02a90e,3753,True,True,True
46373,047513381c02af0e,3759,True,True,True
46382,047513381c02f10e,3825,True,True,True
46386,047513381c02280f,3880,True,True,True
46393,047513381c028f0f,3983,True,True,True
46398,047513381c020e10,4110,True,True,True
46403,047513381c024410,4164,True,True,True
46407,047513381c024810,4168,True,True,True
46416,047513381c027010,4208,True,True,True
46423,047513381c02a810,4264,True,True,True
46427,047513381c022811,4392,True,True,True
46441,047513381c026512,4709,True,True,True
46453,047513381c021013,4880,True,True,True
46457,047513381c026213,4962,True,True,True
46459,047513381c02a213,5026,True,True,True
46467,047513381c02a613,5030,True,True,True
46472,047513381c02c713,5063,True,True,True
46474,047513381c02dc13,5084,True,True,True
46479,047513381c02f213,5106,True,True,True
46481,047513381c02f413,5108,True,True,True
46492,047513381c024b14,5195,True,True,True
46506,047513381c025e14,5214,True,True,True
46511,047513381c025f14,5215,True,True,True
46518,047513381c02bd14,5309,True,True,True
46523,047513381c021c15,5404,True,True,True
46528,047513381c026315,5475,True,True,True
46544,047513381c02db15,5595,True,True,True
46556,047513381c02e915,5609,True,True,True
46566,047513381c021316,5651,True,True,True
46569,047513381c021916,5657,True,True,True
46574,047513381c028116,5761,True,True,True
46578,047513381c029616,5782,True,True,True
46585,047513381c020517,5893,True,True,True
46588,047513381c020b17,5899,True,True,True
46591,047513381c020d17,5901,True,True,True
46602,047513381c022717,5927,True,True,True
46608,047513381c023317,5939,True,True,True
46619,047513381c026917,5993,True,True,True
46627,047513381c02b417,6068,True,True,True
46630,047513381c02e417,6116,True,True,True
46637,047513381c02f317,6131,True,True,True
46642,047513381c022918,6185,True,True,True
46651,047513381c023e18,6206,True,True,True
46662,047513381c027d18,6269,True,True,True
46665,047513381c028318,6275,True,True,True
46670,047513381c028518,6277,True,True,True
46672,047513381c02b018,6320,True,True,True
46677,047513381c02ca18,6346,True,True,True
46684,047513381c0104,4,True,True,True
46691,047513381c028100,129,True,True,True
46702,047513381c02af00,175,True,True,True
46706,047513381c02ba00,186,True,True,True
46710,047513381c02c400,196,True,True,True
46712,047513381c022201,290,True,True,True
46725,047513381c026001,352,True,True,True
46734,047513381c026201,354,True,True,True
46758,047513381c02c301,451,True,True,True
46764,047513381c02d301,467,True,True,True
46771,047513381c02ef01,495,True,True,True
46776,047513381c013d,61,True,True,True
46781,047513381c023f02,575,True,True,True
46792,047513381c024902,585,True,True,True
46794,047513381c026602,614,True,True,True
46797,047513381c02a102,673,True,True,True
46802,047513381c02ed02,749,True,True,True
46807,047513381c023b03,827,True,True,True
46814,047513381c025d03,861,True,True,True
46816,047513381c026203,866,True,True,True
46821,047513381c028d03,909,True,True,True
46830,047513381c028e03,910,True,True,True
46841,047513381c02b303,947,True,True,True
46844,047513381c023f01,319,True,True,True
46854,047513381c02d304,1235,True,True,True
46860,047513381c020b05,1291,True,True,True
46866,047513381c023a05,1338,True,True,True
46872,047513381c026f05,1391,True,True,True
46881,047513381c028b05,1419,True,True,True
46893,047513381c029405,1428,True,True,True
46901,047513381c029d05,1437,True,True,True
46905,047513381c02a705,1447,True,True,True
46917,047513381c02f305,1523,True,True,True
46922,047513381c020106,1537,True,True,True
46927,047513381c022606,1574,True,True,True
46940,047513381c026706,1639,True,True,True
46944,047513381c026906,1641,True,True,True
46945,047513381c027e06,1662,True,True,True
46948,047513381c029506,1685,True,True,True
46963,047513381c02c206,1730,True,True,True
46966,047513381c02e406,1764,True,True,True
46974,047513381c024807,1864,True,True,True
46986,047513381c02e907,2025,True,True,True
46993,047513381c022408,2084,True,True,True
46999,047513381c025008,2128,True,True,True
47006,047513381c028908,2185,True,True,True
47009,047513381c029a08,2202,True,True,True
47020,047513381c02e108,2273,True,True,True
47027,047513381c022209,2338,True,True,True
47037,047513381c022b09,2347,True,True,True
47046,047513381c02c409,2500,True,True,True
47053,047513381c02c709,2503,True,True,True
47066,047513381c02fc09,2556,True,True,True
47080,047513381c02320a,2610,True,True,True
47084,047513381c02400a,2624,True,True,True
47093,047513381c02f10a,2801,True,True,True
47105,047513381c024e0b,2894,True,True,True
47120,047513381c02350c,3125,True,True,True
47121,047513381c02470c,3143,True,True,True
47126,047513381c02500c,3152,True,True,True
47138,047513381c029f0c,3231,True,True,True
47145,047513381c02a50c,3237,True,True,True
47146,047513381c02ae0c,3246,True,True,True
47151,047513381c02af0c,3247,True,True,True
47152,047513381c02cd0c,3277,True,True,True
47156,047513381c02df0c,3295,True,True,True
47161,047513381c024d0d,3405,True,True,True
47162,047513381c027f0d,3455,True,True,True
47164,047513381c028d0d,3469,True,True,True
47173,047513381c029c0d,3484,True,True,True
47179,047513381c02bb0d,3515,True,True,True
47187,047513381c025d0e,3677,True,True,True
47204,047513381c027d0e,3709,True,True,True
47218,047513381c02ae0e,3758,True,True,True
47229,047513381c02b30e,3763,True,True,True
47237,047513381c020e0f,3854,True,True,True
47243,047513381c023b0f,3899,True,True,True
47251,047513381c024c0f,3916,True,True,True
47256,047513381c027a0f,3962,True,True,True
47267,047513381c02860f,3974,True,True,True
47272,047513381c02bb0f,4027,True,True,True
47290,047513381c022110,4129,True,True,True
47313,047513381c02ab10,4267,True,True,True
47317,047513381c02b110,4273,True,True,True
47322,047513381c02c210,4290,True,True,True
47325,047513381c02db10,4315,True,True,True
47334,047513381c02e510,4325,True,True,True
47344,047513381c021011,4368,True,True,True
47355,047513381c025512,4693,True,True,True
47358,047513381c029712,4759,True,True,True
47362,047513381c02b212,4786,True,True,True
47369,047513381c02f512,4853,True,True,True
47379,047513381c026713,4967,True,True,True
47386,047513381c02bc13,5052,True,True,True
47390,047513381c02e213,5090,True,True,True
47393,047513381c023e14,5182,True,True,True
47403,047513381c028914,5257,True,True,True
47405,047513381c02ae14,5294,True,True,True
47413,047513381c02ba14,5306,True,True,True
47420,047513381c02bf14,5311,True,True,True
47433,047513381c02c414,5316,True,True,True
47444,047513381c02ea14,5354,True,True,True
47448,047513381c02fe14,5374,True,True,True
47453,047513381c020015,5376,True,True,True
47459,047513381c024815,5448,True,True,True
47466,047513381c025415,5460,True,True,True
47470,047513381c028915,5513,True,True,True
47477,047513381c028a15,5514,True,True,True
47486,047513381c029615,5526,True,True,True
47495,047513381c02a715,5543,True,True,True
47499,047513381c02c315,5571,True,True,True
47504,047513381c021d16,5661,True,True,True
47514,047513381c025116,5713,True,True,True
47527,047513381c02a016,5792,True,True,True
47528,047513381c02c716,5831,True,True,True
47537,047513381c02d216,5842,True,True,True
47550,047513381c02d616,5846,True,True,True
47562,047513381c022b17,5931,True,True,True
47565,047513381c027217,6002,True,True,True
47568,047513381c027717,6007,True,True,True
47576,047513381c028217,6018,True,True,True
47582,047513381c028d17,6029,True,True,True
47585,047513381c02d017,6096,True,True,True
47588,047513381c02d717,6103,True,True,True
47592,047513381c022818,6184,True,True,True
47602,047513381c023618,6198,True,True,True
47614,047513381c029118,6289,True,True,True
47626,047513381c02ca18,6346,True,True,True
47629,047513381c02d718,6359,True,True,True
47631,047513381c024219,6466,True,True,True
47645,047513381c027319,6515,True,True,True
47655,047513381c028619,6534,True,True,True
47671,047513381c014a,74,True,True,True
47674,047513381c016d,109,True,True,True
47686,047513381c026301,355,True,True,True
47694,047513381c02ec01,492,True,True,True
47698,047513381c022202,546,True,True,True
47700,047513381c024302,579,True,True,True
47705,047513381c024b02,587,True,True,True
47719,047513381c028802,648,True,True,True
47726,047513381c026103,865,True,True,True
47741,047513381c029803,920,True,True,True
47744,047513381c02c503,965,True,True,True
47751,047513381c02f203,1010,True,True,True
47754,047513381c026e04,1134,True,True,True
47762,047513381c02c604,1222,True,True,True
47772,047513381c024205,1346,True,True,True
47777,047513381c024f05,1359,True,True,True
47787,047513381c02f305,1523,True,True,True
47796,047513381c022706,1575,True,True,True
47825,047513381c011d,29,True,True,True
47830,047513381c0129,41,True,True,True
47849,047513381c028b00,139,True,True,True
47859,047513381c02a800,168,True,True,True
47862,047513381c02ae00,174,True,True,True
47866,047513381c021b01,283,True,True,True
47878,047513381c024c01,332,True,True,True
47893,047513381c02c001,448,True,True,True
47899,047513381c02ce01,462,True,True,True
47909,047513381c02d101,465,True,True,True
47920,047513381c02ef01,495,True,True,True
47932,047513381c020302,515,True,True,True
47943,047513381c022402,548,True,True,True
47958,047513381c023602,566,True,True,True
47964,047513381c024c02,588,True,True,True
47973,047513381c026802,616,True,True,True
47978,047513381c026a02,618,True,True,True
47987,047513381c02dd02,733,True,True,True
48003,047513381c02e202,738,True,True,True
48011,047513381c02f502,757,True,True,True
48019,047513381c022d03,813,True,True,True
48030,047513381c025d03,861,True,True,True
48043,047513381c02db03,987,True,True,True
48052,047513381c020d04,1037,True,True,True
48063,047513381c0122,34,True,True,True
48077,047513381c014e,78,True,True,True
48086,047513381c0176,118,True,True,True
48092,047513381c02ae00,174,True,True,True
48098,047513381c02ba00,186,True,True,True
48102,047513381c02f100,241,True,True,True
48110,047513381c022601,294,True,True,True
48131,047513381c022701,295,True,True,True
48137,047513381c02a201,418,True,True,True
48146,047513381c02a601,422,True,True,True
48153,047513381c02db01,475,True,True,True
48171,047513381c02d502,725,True,True,True
48176,047513381c02e602,742,True,True,True
48186,047513381c020e03,782,True,True,True
48197,047513381c023903,825,True,True,True
48204,047513381c029a03,922,True,True,True
48207,047513381c029b03,923,True,True,True
48217,047513381c02b603,950,True,True,True
48219,047513381c02dc03,988,True,True,True
48252,047513381c0124,36,True,True,True
48277,047513381c0134,52,True,True,True
48294,047513381c02f100,241,True,True,True
48346,047513381c022701,295,True,True,True
48349,047513381c024801,328,True,True,True
48358,047513381c025801,344,True,True,True
48368,047513381c026301,355,True,True,True
48378,047513381c026801,360,True,True,True
48389,0415112a1c023403,820,True,True,True
48392,0415112a1c025603,854,True,True,True
48397,0415112a1c02d203,978,True,True,True
48400,0415112a1c02d703,983,True,True,True
48403,0415112a1c02dc03,988,True,True,True
48406,0415112a1c02f503,1013,True,True,True
48414,0415112a1c024904,1097,True,True,True
48434,0415112a1c029305,1427,True,True,True
48441,0415112a1c021b07,1819,True,True,True
48444,0415112a1c022a07,1834,True,True,True
48457,0415112a1c025a07,1882,True,True,True
48461,0415112a1c028e07,1934,True,True,True
48466,0415112a1c026808,2152,True,True,True
48477,0415112a1c026109,2401,True,True,True
48482,0415112a1c027909,2425,True,True,True
48488,0415112a1c02fa09,2554,True,True,True
48498,0415112a1c02360b,2870,True,True,True
48503,0415112a1c02950b,2965,True,True,True
48504,0415112a1c02b90b,3001,True,True,True
48507,0415112a1c02df0b,3039,True,True,True
48509,0415112a1c021c0c,3100,True,True,True
48513,0415112a1c02260c,3110,True,True,True
48526,0415112a1c02330c,3123,True,True,True
48528,0415112a1c02440c,3140,True,True,True
48531,0415112a1c02690c,3177,True,True,True
48543,0415112a1c02c70c,3271,True,True,True
48548,0415112a1c02cf0c,3279,True,True,True
48551,0415112a1c02f90c,3321,True,True,True
48559,0415112a1c021f0e,3615,True,True,True
48564,0415112a1c022d0e,3629,True,True,True
48578,0415112a1c023b0e,3643,True,True,True
48584,0415112a1c02510e,3665,True,True,True
48588,0415112a1c02640e,3684,True,True,True
48597,0415112a1c026e0e,3694,True,True,True
48602,0415112a1c02cf0e,3791,True,True,True
48609,0415112a1c020f0f,3855,True,True,True
48618,0415112a1c02170f,3863,True,True,True
48624,0415112a1c022c0f,3884,True,True,True
48636,0415112a1c02910f,3985,True,True,True
48648,0415112a1c02f60f,4086,True,True,True
48660,0415112a1c020510,4101,True,True,True
48668,0415112a1c027110,4209,True,True,True
48676,0415112a1c02ad10,4269,True,True,True
48681,0415112a1c02cc10,4300,True,True,True
48688,0415112a1c02e511,4581,True,True,True
48704,0415112a1c020913,4873,True,True,True
48706,0415112a1c021c13,4892,True,True,True
48707,0415112a1c022d13,4909,True,True,True
48716,0415112a1c027b13,4987,True,True,True
48722,0415112a1c022314,5155,True,True,True
48727,0415112a1c025114,5201,True,True,True
48730,0415112a1c029514,5269,True,True,True
48737,0415112a1c029614,5270,True,True,True
48742,0415112a1c024d15,5453,True,True,True
48748,0415112a1c025015,5456,True,True,True
48762,0415112a1c027716,5751,True,True,True
48765,0415112a1c028416,5764,True,True,True
48770,0415112a1c02dd16,5853,True,True,True
48775,0415112a1c02fd16,5885,True,True,True
48780,0415112a1c02fe16,5886,True,True,True
48788,0415112a1c020a17,5898,True,True,True
48796,0415112a1c021b17,5915,True,True,True
48800,0415112a1c021e17,5918,True,True,True
48803,0415112a1c023817,5944,True,True,True
48806,0415112a1c027517,6005,True,True,True
48812,0415112a1c029017,6032,True,True,True
48829,0415112a1c022319,6435,True,True,True
48834,0415112a1c022519,6437,True,True,True
48842,0415112a1c026e19,6510,True,True,True
48871,0415112a1c02fb00,251,True,True,True
48912,0415112a1c022803,808,True,True,True
48920,0415112a1c024903,841,True,True,True
48931,0415112a1c026004,1120,True,True,True
48943,0415112a1c024305,1347,True,True,True
48949,0415112a1c024f05,1359,True,True,True
48953,0415112a1c025d05,1373,True,True,True
48960,0415112a1c02a805,1448,True,True,True
48967,0415112a1c02af05,1455,True,True,True
48973,0415112a1c02f605,1526,True,True,True
48977,0415112a1c025406,1620,True,True,True
48985,0415112a1c02ed06,1773,True,True,True
48987,0415112a1c020b07,1803,True,True,True
48993,0415112a1c024e07,1870,True,True,True
49005,0415112a1c025807,1880,True,True,True
49012,0415112a1c02e807,2024,True,True,True
49015,0415112a1c026508,2149,True,True,True
49024,0415112a1c02c508,2245,True,True,True
49028,0415112a1c021f09,2335,True,True,True
49032,0415112a1c023609,2358,True,True,True
49040,0415112a1c028609,2438,True,True,True
49051,0415112a1c02c409,2500,True,True,True
49059,0415112a1c02f309,2547,True,True,True
49070,0415112a1c02450b,2885,True,True,True
49073,0415112a1c025c0b,2908,True,True,True
49076,0415112a1c02b10b,2993,True,True,True
49081,0415112a1c02fa0b,3066,True,True,True
49085,0415112a1c02270c,3111,True,True,True
49088,0415112a1c02390c,3129,True,True,True
49095,0415112a1c02710c,3185,True,True,True
49103,0415112a1c02710d,3441,True,True,True
49107,0415112a1c028a0d,3466,True,True,True
49115,0415112a1c02bf0d,3519,True,True,True
49119,0415112a1c02c00d,3520,True,True,True
49121,0415112a1c02ea0d,3562,True,True,True
49126,0415112a1c02df0e,3807,True,True,True
49130,0415112a1c029e0f,3998,True,True,True
49136,0415112a1c024210,4162,True,True,True
49152,0415112a1c02d210,4306,True,True,True
49158,0415112a1c02d710,4311,True,True,True
49164,0415112a1c02f810,4344,True,True,True
49171,0415112a1c020311,4355,True,True,True
49173,0415112a1c020411,4356,True,True,True
49174,0415112a1c020811,4360,True,True,True
49180,0415112a1c024c11,4428,True,True,True
49191,0415112a1c024412,4676,True,True,True
49195,0415112a1c025412,4692,True,True,True
49203,0415112a1c028912,4745,True,True,True
49206,0415112a1c02b212,4786,True,True,True
49210,0415112a1c02f712,4855,True,True,True
49216,0415112a1c021c13,4892,True,True,True
49228,0415112a1c029013,5008,True,True,True
49238,0415112a1c020514,5125,True,True,True
49250,0415112a1c02a514,5285,True,True,True
49260,0415112a1c02c914,5321,True,True,True
49268,0415112a1c02e814,5352,True,True,True
49274,0415112a1c022115,5409,True,True,True
49281,0415112a1c028315,5507,True,True,True
49286,0415112a1c02b915,5561,True,True,True
49292,0415112a1c02bf15,5567,True,True,True
49297,0415112a1c02ca15,5578,True,True,True
49305,0415112a1c020c16,5644,True,True,True
49315,0415112a1c028c16,5772,True,True,True
49319,0415112a1c02c416,5828,True,True,True
49327,0415112a1c024c17,5964,True,True,True
49339,0415112a1c025217,5970,True,True,True
49352,0415112a1c025b17,5979,True,True,True
49372,0415112a1c02e818,6376,True,True,True
49383,0415112a1c022819,6440,True,True,True
49395,0415112a1c025f19,6495,True,True,True
49404,0415112a1c026819,6504,True,True,True
49415,0415112a1c0104,4,True,True,True
49423,0415112a1c0151,81,True,True,True
49431,0415112a1c029100,145,True,True,True
49443,0415112a1c0108,8,True,True,True
49463,0415112a1c02ba01,442,True,True,True
49469,0415112a1c020502,517,True,True,True
49476,0415112a1c024702,583,True,True,True
49480,0415112a1c024c02,588,True,True,True
49483,0415112a1c026202,610,True,True,True
49797,0415112a1c010e,14,True,True,True
49867,0415112a1c015c,92,True,True,True
49957,0415112a1c022901,297,True,True,True
49958,0415112a1c027101,369,True,True,True
49973,0415112a1c02b100,177,True,True,True
