cluster_id,blocks,listed,unlisted,broad_nonce_pass,nonce_llr,nonce_label,list_majority,heights,spending_txids
78,29,0,29,4,-103.204,other,unlisted_only,78 361 728 777 1094 1107 1214 1425 1701 1912 2599 2995 3280 3462 4883 5211 5278 5428 6963 7361 7477 7569 7580 7745 7828 8415 8645 8932 9103,5c85ed63469aa9971b5d01063dbb8bcdafd412b2f51a3d24abf2e310c028bbf8
235,2,0,2,0,-8.776,other,unlisted_only,235 8970,e8160a014fbff8386548f40205d540ef92ce8207ff4ac0446d6e591c6cf28f2c
268,5,0,5,0,-21.939,other,unlisted_only,268 417 431 442 450,4d6edbeb62735d45ff1565385a8b0045f066055c9425e21540ea7a8060f08bf2
309,16,0,16,6,-34.14,other,unlisted_only,309 786 7649 17065 17207 17434 17680 18902 23352 24205 24378 25156 25294 27624 28373 32877,a1be8f4fd67f305bbdd03be77104dda20680b934f12acb66c239a944bd5cb798
320,10,0,10,2,-31.857,other,unlisted_only,320 461 767 809 940 945 999 1096 1125 1139,59bf8acbc9d60dfae841abecc3882b4181f2bdd8ac6c1d94001165ab3aef50b0
357,2,0,2,1,-2.765,undetermined,unlisted_only,357 509,6f7cf9580f1c2dfb3c4d5d043cdbb128c640e3f20161245aa7372e9666168516
372,41,0,41,14,-95.749,other,unlisted_only,372 413 567 720 1143 1440 1486 2509 2772 3165 3202 3223 3390 3407 3506 3530 4117 4252 4431 4650 4767 4825 4930 4952 5067 5320 6949 7116 7204 7206 7578 8177 8397 8426 8903 8967 8968 9024 9026 9212 9251,5644b0002fe4c18afc769826d7655f4972ec45dbd33e0afcbf75624591d345cb
394,8,0,8,2,-23.081,other,unlisted_only,394 433 591 773 935 949 959 992,c445fc181b4570fa107006f31c68132df2df84160f6dc783a21e10f4497e3589
407,5,0,5,1,-15.928,other,unlisted_only,407 541 666 730 814,90ff15e5a80593977fb2f6666de2860584d39ebc3a41f65a0a1fdc3a851aefda
419,20,0,20,2,-75.735,other,unlisted_only,419 528 651 685 752 803 819 842 869 966 1042 1063 1153 1195 1233 1316 1376 1471 1525 1614,2ccc3f59d28c709770a8bc478b112e10feda4bf55197c2e48deaa0eb6bca0311
439,10,0,10,1,-37.868,other,unlisted_only,439 465 473 493 521 562 624 757 824 828,8897ea9ceaf18a546cdc513b9179bae31a462ee5bf47818eb7ba909082d11777
463,201,0,201,39,-647.534,other,unlisted_only,463 575 658 687 699 702 726 782 813 905 913 1014 1254 1276 1389 1394 1417 1507 1547 2102 3612 3649 3670 3879 3945 3965 3987 4014 4093 4108 4378 4410 4420 5567 5939 6081 6279 6455 6484 6509 6517 6590 6836 6921 7022 7026 7096 7139 7277 7302 7393 7643 7654 7716 7724 7727 7776 7785 7814 7884 8017 8075 8121 8214 8351 8493 8651 8698 8700 8721 8922 8952 9427 9441 9676 9770 9789 9798 9853 9937 10212 10437 10440 10492 10510 10726 10742 10860 10862 11137 11602 11670 11904 11935 12032 12201 12581 12588 12689 12843 12876 12889 13191 13290 13435 13472 13646 13700 16681 16691 16697 16716 16794 16921 16991 17130 17150 17271 17312 17503 17517 17546 17572 17646 18899 18953 19077 19272 19749 19757 19835 19885 19946 20296 21212 21213 21249 21321 21341 21345 23036 23046 23116 23308 23321 23954 23964 23979 24092 24158 24233 24325 24326 24327 24377 24448 24597 24642 24727 24750 24804 24893 25003 25154 25217 25234 25288 25389 25554 25597 25639 25642 25689 25736 27586 27654 27710 27744 27756 27861 27914 27942 27991 28044 28056 28077 28078 28135 28159 28208 28233 28238 28287 28315 28364 32502 32535 32640 32824 33112 33409,6db71e70bd0e5b9f2cc0678ff2bdb47215e2adc68dc72bdac973d93c76a54b7b
490,35,0,35,5,-123.521,other,unlisted_only,490 707 958 1018 1245 1565 2514 2862 2920 3004 3023 3306 3573 3644 3665 4104 4228 4347 4434 4469 4683 4843 4848 4935 5139 5406 6930 7184 7636 7915 8089 8654 8808 8869 9186,567a9a7f9191db644a09985fad113dd6ee770eac69454317430e694305be9c56
501,2,0,2,0,-8.776,other,unlisted_only,501 506,5439c37c4c6dad4ad93b1d5598d57f1aace9d0f68b892236da903b3f136451a1
512,20,0,20,7,-45.681,other,unlisted_only,512 7429 7801 9052 10214 10794 11320 12166 12407 12537 13055 18962 19761 19867 23284 24048 24746 25729 27556 27633,a5659cb81910e0783e6deac4ac45317f14a3526969dfc1b9cf200122484615c8
563,20,0,20,2,-75.735,other,unlisted_only,563 598 1217 1309 1820 3544 3732 4171 7461 11240 12779 12841 13632 23219 24350 25382 28087 28093 30043 33035,3c06c3458e6fe8fbabfd738ed93a6203bbd421c3d8102657f14f25ef0a532d94
596,3,0,3,0,-13.164,other,unlisted_only,596 739 772,3e4cc1f71c998d080528ae305dffcc01419851e0d7b5191edfada9528625bff6
607,6,0,6,2,-14.305,other,unlisted_only,607 1192 1240 1296 1299 1333,8ed5a0af151cdbc8c0c546cde29334f15b4472bba105394a1221a7f088246846
614,30,0,30,6,-95.57,other,unlisted_only,614 1936 3518 5521 5560 5953 6362 6613 6675 9111 9235 9656 10998 11517 11749 11896 12048 13701 16745 17440 17681 19104 21334 24012 24261 24421 25486 25590 28365 32840,5f982c0dd88bd5dc8c62b9b232e0532643a31e18d7c484ac00f55f829e2fcae6
748,2,0,2,1,-2.765,undetermined,unlisted_only,748 885,7f1f0cbd84a06c073c3164b463eda189fe3f98a9744e553380c23e41d6125c60
821,3,0,3,2,-1.142,undetermined,unlisted_only,821 927 986,1eb6633edc85119d120bce6d484557571ab00b5e538de09fe2e21b58e9986528
850,10,0,10,3,-25.846,other,unlisted_only,850 923 984 998 1031 1114 1135 1136 1206 1269,3a5c037f79eda4d61925529dd68951b92c11642b224f0ff3230c4a79f117e8f6
877,2,2,0,2,3.246,undetermined,listed_only,877 15625,028ad2c836163295e4723a49dd418ee8fb55a14613b1186675f01124b60fb763
955,83,0,83,14,-280.039,other,unlisted_only,955 2269 4364 5155 5194 5215 6264 6905 7511 7652 8037 8305 8368 8472 8504 10078 10233 10400 10951 11722 12008 12255 12392 12977 13137 14155 14323 15770 16626 17565 18140 18959 19277 19929 19950 20624 20775 21309 21487 21874 21960 22807 22866 23430 24072 24708 24782 24813 24890 24940 25665 25765 25851 25925 25995 26159 26281 26421 27353 27580 28438 29169 29578 29596 30210 30551 30586 30977 31256 31354 31390 31438 31754 33324 33702 33798 33989 36134 43509 44076 44217 44821 48553,9ac560ab5f8bf9f2b80271963e83edcbf4373fb0179177bdde5c4e801629c6b3
956,20,0,20,3,-69.724,other,unlisted_only,956 1091 5905 6612 6854 7719 8708 9530 9881 11385 11392 12404 17148 19733 21342 23072 24347 24487 25145 25661,acc2b12b41979f680bfb3bf98b71b9daaf536bdaadeed7767306b3aa9a8b1437
964,40,0,40,5,-145.46,other,unlisted_only,964 1270 2513 2870 4046 4508 6585 7335 8226 8370 8727 8814 10711 12688 14584 16640 17176 17244 18529 19369 19851 20007 21372 21461 21877 21936 23808 24858 26531 27597 28863 30810 30823 30836 31913 33173 33367 33673 42316 44435,6f95bd265d6bfa76021f6907b91137f74eb061a88dd815cbc51c9d4b0ae01096
979,81,0,81,12,-283.286,other,unlisted_only,979 1284 2114 2466 2592 4998 5112 5404 5696 5778 6623 6735 6833 8061 9177 9573 10600 13089 14061 14882 15176 15185 15463 16241 16803 17039 17123 17475 17654 18213 18488 19220 19620 19704 20079 20701 21369 21375 21445 21509 21794 21900 23367 23793 23985 24057 24203 24330 24366 24631 24946 25148 26369 26436 26818 27128 27298 27416 27488 27512 27956 28626 28781 29321 29912 30200 30430 31164 31244 32143 32352 32420 32919 33473 34175 35317 40941 40990 41801 41822 42449,5ad6b16ef0af3fe78252a1024bc03330d90bf54b32f597f3e1921b4b066e48ac
994,82,0,82,20,-239.586,other,unlisted_only,994 2234 2243 2651 2702 2798 2990 3020 3488 3546 4031 4185 4439 4795 5166 5282 5772 6970 8072 8291 8858 10496 11461 11523 12401 12528 12761 13210 13881 15691 16788 17127 17157 17452 17802 18260 18461 19066 19218 19250 19987 20366 20439 20448 20938 21019 21336 21442 21459 22073 22515 22669 23773 23991 24632 24996 25049 25459 26338 26711 26858 26967 27939 28142 28253 28469 28598 28762 28884 29655 31618 32004 32013 32115 32224 32585 32808 33095 33510 40918 42411 44246,bf5d7b6ef1efd754d26e934022731aa4114dd1db1601339e576ca250d4c14db8
996,39,0,39,6,-135.061,other,unlisted_only,996 5769 5804 5830 5834 7382 8430 8909 9533 10529 13533 14355 14504 17137 17787 18182 18859 18928 19067 19842 20246 20484 20879 21697 22948 24309 24435 24799 25784 27389 27834 28790 30409 30912 30945 32233 33139 44223 48481,fea6c8f43b837d766050d4e015a1a90554cb69d06d1d84587d3141df0173eeae
1003,30,0,30,5,-101.581,other,unlisted_only,1003 3331 3551 3825 3933 3934 3942 3961 3971 4002 4067 4074 4080 4143 4145 4155 4189 4195 4215 4217 4236 4243 4293 4315 4350 4358 4362 4382 4404 4415,c1c590ef9400b8dc52335328eaf59844ab98b953ab60c57ea3612bd893208bf4
1010,84,0,84,19,-254.373,other,unlisted_only,1010 1298 3138 3356 3435 4223 5169 5286 5375 6190 6451 7056 7317 9358 9755 9893 10217 10903 11622 12502 12768 13853 14538 14861 15377 15478 15923 16751 17549 17658 18045 19172 19314 19558 20425 20427 20673 20741 20785 21317 21412 21879 22003 22743 22902 23008 23198 23622 23757 24235 24238 24426 24467 24505 24612 25254 25284 26063 26207 26586 26838 27601 27829 29546 29565 29594 30338 30814 30951 31657 31787 33369 33562 33640 34047 34128 34163 34173 34279 34650 36069 43447 44477 49214,70693db5c33bf0db21781f91be9748aee2916aa9f7f3cfe6d655c0488d773d64
1025,2,0,2,0,-8.776,other,unlisted_only,1025 2148,ee88c9014be4fcc5bb6993794d626c0f367ad5c9be83df9cffeae61e04e03297
1027,85,0,85,27,-210.673,other,unlisted_only,1027 1864 2468 3568 3893 4921 5131 5542 6766 6860 7048 7473 7681 7964 8437 9695 9832 10684 11639 12995 13886 14629 15006 16648 17154 17380 17453 17755 17861 18252 18548 18719 19942 20025 20204 20206 20336 20567 20749 20925 21589 21608 21799 21947 23306 23429 23434 23554 24077 25298 25397 25493 25773 25896 26043 27095 27185 27712 27813 28097 28290 28349 28519 28671 28949 29326 29559 30918 31968 32144 32173 32198 32286 32382 32470 33101 33222 33456 34546 34641 35292 35309 42546 45105 50819,873e0b5f48ea58a000811862e64b916783e20e5c0f32f6e9d44a85b4afc800d4
1068,49,0,49,10,-154.896,other,unlisted_only,1068 1393 1487 2087 5517 8213 9160 9300 9916 11055 11439 11770 12193 13489 14324 14386 16748 16754 17048 17512 18310 18316 18833 20310 20906 22256 23969 24514 24744 24775 25042 25568 27103 27313 27647 28234 28239 31400 31885 32157 32181 32606 32971 33374 34726 35277 40872 41109 48728,d18d5c2650e498719ebf70767e79161982fcd6b5bfc9f8674e2446a5e6f6acbf
1075,4,0,4,2,-5.53,undetermined,unlisted_only,1075 6513 9901 25077,3f0381ce45607bfccaf4c52a0f8f2e7f0a9c34e6a97f0dde9b3dd85773cbd4c4
1088,38,0,38,7,-124.662,other,unlisted_only,1088 1102 2250 3442 5793 6742 8192 10861 11752 14399 14430 18125 18328 18499 18592 19019 19957 21990 22401 24895 25258 26406 26422 29719 30185 31144 31771 31794 32080 32125 32930 33814 34574 34609 42164 42189 42454 54298,109b1071c4fa3e997a4f1530efdbd560c9f690ec722b4565ff26ebd7e5fa1798
1113,39,0,39,10,-111.017,other,unlisted_only,1113 1219 1267 3504 4115 5562 6038 7978 8620 9003 9247 9496 9760 9995 10196 10393 10753 11102 11132 11150 11520 11876 12106 16680 16688 16857 18896 18998 19813 21187 21203 22997 24120 24244 24303 24972 28047 32740 32978,5ab8eb4026b500203bd78151a235b81d08c1107376b796ef69fb78ab4bc5fa0c
1119,20,0,20,3,-69.724,other,unlisted_only,1119 1144 1342 1383 1390 1396 1397 1398 1399 1513 1520 1576 1579 1591 1598 1621 1713 1720 1735 1743,5559270f3e12c0b9136cb6caf147322669394d2c9b90fd7a363f3e685e7c2407
1123,83,0,83,13,-286.05,other,unlisted_only,1123 1150 2152 2500 2984 3141 3444 5463 6004 6234 6864 7232 8595 9806 10239 11212 11621 12001 12882 13966 15319 16707 16967 17185 17197 17768 18187 18925 20049 20325 20349 20363 20396 20493 20607 21085 21091 21366 21415 21462 22613 22947 23418 23501 23856 23917 23943 24101 24202 24489 25028 25229 25705 26144 26229 26375 26411 26415 26618 26923 27177 27265 27884 28421 29522 29632 29792 30407 30622 30684 30704 30924 31452 31588 31597 32566 32664 33329 33384 33605 34345 36202 43589,865fbc71bcd731f43e7e97ab423a0c659828eac09e23d19a4fc62a8b8d0a04bf
1218,60,0,60,12,-191.14,other,unlisted_only,1218 1248 1521 1607 2576 3126 6103 6676 7582 9121 9505 11156 12149 13196 15746 18645 18918 19039 19182 19222 19266 21315 21451 21460 22318 22516 22621 22636 23294 23385 24614 25324 26069 26206 26239 26450 26498 27620 27715 27899 28141 28331 28735 30260 30966 30974 31353 31463 31774 32484 32557 34424 34618 34757 40997 41172 42114 43242 48501 54373,be92d2a975ec4dfa2c393ec28e0cbe7e4f4fdf692cb9f9c7303a069c23530fe3
1227,25,0,25,7,-67.62,other,unlisted_only,1227 7995 9125 9516 9714 10386 11209 11763 11992 18364 18599 18907 19310 20420 22600 23041 24779 25827 28399 28406 28520 31830 32483 33242 34292,3d36cfc76ea01619cc4fe8342e00508f8f49725257b27dfe57848283b2402417
1242,85,0,85,18,-264.771,other,unlisted_only,1242 1652 2186 3146 4092 4255 5075 5476 5698 7176 7215 7819 8098 8357 9094 9919 10836 10987 11632 12083 12470 12512 12857 13418 13718 13758 13782 14537 14550 15164 15424 15440 15535 15700 16140 16608 17218 17221 17379 17845 18372 18392 18552 18700 19339 19655 19883 19971 20371 20426 20638 20868 20888 21320 21344 21354 21371 21424 21439 21448 22047 22399 22928 23332 24344 25095 25763 26263 26612 28377 28409 29072 29740 30008 30066 30410 30996 31287 31624 32818 33479 33536 34498 41534 44925,c4cbdd2faca6e80656ad27dd665071c56ee24cb272d80166eea8551ce29d86a5
1255,3,0,3,0,-13.164,other,unlisted_only,1255 1674 2570,3015186be9276f543d8e3e639c16d7627227307aadd2c588d2aa43c98ac2a1b3
1260,38,0,38,10,-106.629,other,unlisted_only,1260 3533 3656 5108 6454 9170 9221 9528 10199 10234 13890 14235 16002 18165 18186 18416 19350 20113 20350 20352 21385 24429 24759 25172 26361 26638 26842 27850 28183 28606 28694 31806 32584 33443 35298 41709 42236 44906,a677c7c7c09ea799e9323fede140065b29eeccfbb9379d8039598174503c3b00
1289,39,0,39,6,-135.061,other,unlisted_only,1289 3164 3797 4822 4959 5480 5685 8034 8102 8179 9988 16661 17034 17164 17613 18989 19112 20076 20466 20968 21446 21867 22330 22950 23174 23310 23389 25078 26780 26814 26867 27347 28436 28909 30917 32320 32760 33184 50305,2cbdb443bec99191a81c5503250c6d84e66e52d5bb953ff3abcd5f68f7ffd285
1352,30,0,30,5,-101.581,other,unlisted_only,1352 3660 5258 6754 7280 11217 14122 17178 17794 18662 18686 19004 19488 20311 20390 20629 20964 21116 21447 25057 25807 26846 28278 30635 31421 31460 34330 34356 41221 41642,c43477ccbedc9bbed1c5d6c98a45b62d9399dad004bfd2fc5e15a1369dbd5259
1378,39,0,39,9,-117.028,other,unlisted_only,1378 3154 7618 11877 13294 13453 13852 14013 14338 17156 17419 18459 18749 18880 20816 21349 21353 21365 21403 21494 22268 22458 24083 25489 26008 26124 29035 29954 30960 32240 32977 33980 36001 36416 36418 39608 43405 43781 45110,e08451f5d0ef3fff40e87426b146bd3bcae5b9460a41c94be1559b102f1bb959
1392,85,0,85,17,-270.782,other,unlisted_only,1392 2214 2300 2850 3419 3509 4865 5864 5887 5997 6271 6531 7535 8153 8425 8703 9010 9131 9795 10188 10355 10458 11561 11921 12110 12430 12941 13334 14241 16606 17693 17908 18143 18253 18258 18821 19244 19282 19691 19941 19977 20069 20408 20423 20799 21329 21401 21930 22298 22662 23226 23424 23476 23923 24089 24523 24661 25125 25650 25856 26476 26620 26964 27030 28305 28422 28738 28869 28902 29569 29770 29913 30611 31065 31314 32108 32668 32794 32896 33881 34296 35994 36091 36332 49153,0b219ece7e54ff29ae727dc4099b5e7e3d46737d3601eb0e1df40a5f794c590e
1408,30,0,30,9,-77.537,other,unlisted_only,1408 4240 5945 6448 7455 8046 8228 9689 11860 12153 12671 12880 15568 17269 18085 18228 20197 20382 21382 23134 24113 27758 28655 28732 30311 30748 36036 43409 45070 50304,13d700dd814e398e34b245b93254f1a1b2480cf5aa3f8da2f5778cd971fb2578
1412,37,0,37,7,-120.274,other,unlisted_only,1412 7097 8251 8517 10015 14616 15975 16759 17029 17404 18559 18826 19051 19422 20126 21485 22456 23240 23624 25055 25835 26312 27915 28555 30042 30195 30541 30669 30726 31782 32337 32549 32916 33162 42140 42373 49813,5f1a76d6151a1c9dcf486dcfbe53086a7ebce50d5c2e554c41ce33e5ae1d072f
1479,34,0,34,7,-107.111,other,unlisted_only,1479 2600 2612 2717 2978 3053 3111 3117 3148 3334 4134 4521 4672 4818 4897 4941 5058 7167 7385 7533 7869 7881 8203 8222 8229 8230 8245 8363 8709 8764 9145 9155 9157 9158,177ba96976d13ba252ac2c39f04eff13f2d8310525166d413efd7fc01bcc1890
1568,85,0,85,12,-300.837,other,unlisted_only,1568 1918 1969 2343 2452 2693 3103 3811 4184 4756 5238 6146 6622 7073 7098 7441 7820 8108 8187 8221 8323 9199 9370 11278 11530 12527 12806 13077 13148 15425 16359 16663 17248 17661 17775 18346 19683 20249 20293 20416 20575 20682 21593 22290 22842 22945 23272 23514 23619 23905 23977 25316 25626 26242 26548 26963 27201 27615 27714 28063 28646 28937 29147 29149 29172 30554 31193 31636 31816 31921 31979 32084 32509 32772 33263 33653 33674 34008 34651 34776 41299 42087 49744 50651 50803,93d1c8589ae61a57f5866b69e02d81a48452714fea19e901b197a6a050bfaefa
1571,4,0,4,0,-17.551,other,unlisted_only,1571 3532 4319 6385,92c21b5ad555e7314214a1aa25d916680f2c99682ef936d8d4a6a59720245f4d
1659,2,0,2,0,-8.776,other,unlisted_only,1659 1716,a4318436c7edba2aa3db89614f2a5f32880e3883b91593707e1d089b42ae1fb7
1678,3,0,3,0,-13.164,other,unlisted_only,1678 1929 1947,ff21c5c13081bf836295237b908fcf0c0c28acbd2149f64cc37efb0025cbea9b
1760,10,9,1,10,16.231,patoshi,listed_majority,1760 3479 9443 9925 10645 14450 15817 19093 23014 28593,499d0f5d452891ebe18a8c23cc0a554459a0ba3341ef021f3fae15926a977ffd
1822,40,0,40,8,-127.427,other,unlisted_only,1822 1917 2620 3903 4637 5546 6620 7421 10545 11575 15714 16155 17598 18028 18538 20207 20524 20848 21294 21707 22011 23473 23891 23910 24417 24552 24745 24803 25783 25919 26551 26572 26578 27471 27619 28603 31783 32215 34739 42089,d6b7eb89eba3c72713420de5d547b75fb83753bd5f964a347d36fc508274a040
1826,12,0,12,3,-34.622,other,unlisted_only,1826 1836 1900 1904 1938 1996 2038 2078 2108 2116 2127 2154,0da3014156ed70f8274a968a2000840c5740254d98835d0690c65efa5f10912e
1871,16,0,16,3,-52.173,other,unlisted_only,1871 1916 1919 1923 1967 2031 2085 2189 2284 2297 2387 2489 2518 2541 2728 2764,277951bc92bc86ed75ae4baa2ac5e7d1f3ecd2c951819796ad7d04cda431f430
1909,40,0,40,6,-139.449,other,unlisted_only,1909 4543 4740 5341 6307 6311 6606 7057 8750 9214 10783 12025 14822 17514 17518 18219 18287 19355 20422 20822 21352 22111 22547 22901 23192 23426 27494 27879 28733 29025 30427 32056 32637 32708 32859 33403 36089 43587 49587 50159,031104d56677ddee6f432bfbfa8d5c744ef43b17cd7e19f1fb9220cd49836a0b
1920,85,0,85,14,-288.815,other,unlisted_only,1920 2205 2684 2854 2977 5371 5506 5791 6062 7412 7513 8000 8006 8584 8633 8935 9178 10763 12532 12614 12728 14708 14744 14834 16568 16674 17483 17798 17820 17979 18077 18813 19401 20355 21029 21037 21376 22163 22168 22670 24219 24540 24568 24645 24730 25450 25881 25940 26090 26600 26729 26831 26841 26930 27417 27481 27743 28612 28744 29190 29642 30602 30991 31138 31475 31626 31792 32029 32242 32340 32555 33228 33320 33482 33483 33638 33777 36087 36438 39591 39596 40904 41994 49509 50223,29483c3b6775025a9ee618dfb3d586b3bb8961ec3911dcc5944748e932f15723
1964,84,0,84,17,-266.394,other,unlisted_only,1964 2119 2727 2954 3098 4624 5372 5413 5481 5720 6040 7185 7464 7843 8211 8794 9403 9834 9943 10366 11030 13425 15211 15248 17018 17327 17346 18100 18374 18534 19063 19207 20845 20903 20921 21441 21444 21470 21718 22220 22596 22614 22619 23419 24524 24734 25085 25206 25453 25594 25641 25693 25932 26086 26657 27047 27878 28012 28207 28734 29061 30436 30664 31276 31995 32074 32184 32447 32946 33140 33396 33507 33517 33563 34153 34450 34453 34810 36097 43965 48512 48546 48945 50586,db1d389fa6b1a011b6a828609673ea03fe7bfa0f3cdf333ccbbce3c8eecf03ac
2003,10,0,10,2,-31.857,other,unlisted_only,2003 3598 5236 10756 28579 30055 30192 31945 33131 43913,d48da67e4f54393258d265d4954e9532faec3894aecb13b566e9f7340b94bd36
2070,83,0,83,18,-255.996,other,unlisted_only,2070 3651 3935 4276 7105 7109 7268 7977 8427 8587 8666 9302 9359 9701 10374 11005 12282 13374 13490 13977 16806 16861 17618 17940 17984 18032 18249 19153 19304 19702 20120 20228 20540 21188 21270 21393 21466 22333 22618 22946 24226 24456 25136 25200 25363 25649 25831 25901 26296 26945 27179 27255 27682 28244 29052 29535 29791 29924 30490 31137 31437 31516 32042 32048 32391 32407 32779 33017 33041 33940 34080 34192 34523 35322 36010 36282 39631 41328 41551 43335 43933 50169 50432,b109aabb7ae678f90d36ee67eb7b0647e3213f0a6b06389b5513b5f08dbdb839
2089,84,0,84,20,-248.362,other,unlisted_only,2089 2130 2197 2669 3992 4037 4305 4961 5171 6806 7379 7804 8414 8597 8689 10812 11730 11965 11975 12072 12091 12278 14175 14365 14736 15850 16838 17133 17259 17425 17691 18454 18463 18806 18926 19298 19453 20085 20288 20379 20813 20922 21118 21351 21358 21407 21899 22404 22685 22874 23345 23854 23878 24254 24790 25061 25173 25669 25818 25946 26365 26713 26746 27958 28591 29482 29553 29698 30017 31013 31606 31683 31802 32665 33557 33615 33723 34986 36129 36337 38942 39567 52770 53093,9a6ddcc68dff604985ee7a7fe8869cf53116657a82d794d5edb829ac42621e0d
2099,6,0,6,2,-14.305,other,unlisted_only,2099 17246 17545 19935 22970 25317,8438e71e68c65b5e5ef11d3b37c2b27b881e9b0ba5fdd6f9d9ca2dfe0261201c
2104,7,0,7,2,-18.693,other,unlisted_only,2104 2161 2165 2259 2304 2565 3773,349a4a1f74cbc3f67c5c38678f6e5ef130bbee6d021da659b78484c90f89353e
2147,886,0,886,174,-2841.743,other,unlisted_only,2147 2176 2178 2184 2279 2292 2330 2425 2471 2475 2498 2630 2759 2762 2783 2806 2807 2904 3254 3257 3275 3303 3307 3328 3336 3381 3469 3624 3821 3836 3858 3871 3938 3980 4059 4730 4754 4864 4871 4986 4992 5005 5459 5461 5486 5628 5709 5721 5751 6216 6262 6282 6294 6446 6461 6465 6508 6568 7121 7154 7244 7442 7487 7502 7545 7565 7601 7625 7627 7631 7908 7916 7932 7934 7949 8029 8051 8074 8086 8129 8235 8255 8256 8282 8285 8308 8367 8392 8401 8554 8648 8687 8716 8731 8741 8838 8849 8918 8958 8984 9002 9077 9134 9190 9255 9296 9306 9424 9436 9556 9605 9628 9632 9657 9679 9699 9708 9743 9792 9805 9865 9876 9920 9973 9992 10007 10049 10339 10408 10432 10461 10468 10559 10576 10606 10619 10636 10657 10743 10748 10772 10827 10855 10879 10888 10892 10914 10935 10974 11006 11127 11153 11359 11370 11384 11390 11397 11412 11452 11469 11489 11499 11521 11527 11547 11579 11610 11614 11658 11669 11737 11739 11759 11779 12010 12028 12143 12161 12190 12198 12311 12802 12820 12824 12844 12874 12879 12906 12971 12978 13015 13027 13053 13060 13064 13079 13128 13167 13307 13342 13356 13368 13379 13433 13450 13464 13481 13486 13511 13525 13546 13573 13595 13611 13635 13638 13665 13696 13721 13833 13845 13891 13897 13898 13950 14113 14159 14166 14215 14223 14247 14291 14305 14353 14362 14372 14374 14461 14466 14483 14536 14547 14609 14622 14679 14800 14815 14832 14872 14895 14920 14939 14942 15039 15119 15149 15186 15201 15208 15235 15369 15381 15399 15414 15510 15533 15567 15591 15653 15656 15701 15721 15762 15783 15787 15794 15803 16011 16111 16151 16159 16203 16204 16295 16348 16391 16493 16534 16561 16669 16687 16772 16781 16797 16814 16818 16827 16845 16868 16912 16950 17052 17054 17097 17100 17140 17152 17162 17298 17364 17376 17407 17410 17520 17554 17561 17585 17591 17593 17617 17700 17713 17737 17754 17761 17770 17774 17780 17871 17878 17912 17914 17945 17968 17982 18007 18017 18027 18030 18068 18133 18154 18211 18244 18273 18300 18339 18462 18468 18509 18540 18563 18564 18608 18615 18627 18639 18665 18705 18737 18740 18745 18748 18754 18758 18762 18775 18829 18845 18853 19110 19119 19126 19138 19144 19161 19186 19190 19191 19198 19202 19205 19261 19305 19327 19362 19383 19405 19423 19480 19585 19600 19647 19664 19699 19722 19723 19725 19726 19729 19752 19769 19772 19779 19782 19793 19830 19838 20064 20067 20072 20088 20100 20115 20123 20158 20160 20202 20205 20244 20250 20300 20302 20326 20331 20505 20512 20558 20578 20595 20596 20614 20645 20686 20696 20712 20722 20735 20743 20807 20831 20917 20920 20927 20941 20962 20978 21025 21053 21096 21112 21114 21129 21159 21169 21174 21175 21194 21221 21261 21263 21278 21285 21303 21326 21328 21333 21343 21356 21362 21364 21387 21388 21389 21394 21395 21397 21398 21400 21410 21416 21432 21556 21577 21585 21611 21624 21651 21662 21664 21709 21767 21779 21915 21920 21934 21945 21950 21961 21968 21969 21975 21994 22012 22074 22094 22105 22116 22165 22179 23005 23042 23068 23125 23139 23141 23220 23255 23296 23340 23359 23362 23394 23503 23520 23528 23531 23565 23613 23675 23691 23721 23735 24084 24117 24127 24131 24148 24153 24156 24185 24196 24245 24260 24333 24340 24355 24368 24371 24372 24383 24396 24409 24437 24544 24573 24601 24603 24605 24628 24638 24649 24650 24695 24707 24712 24724 24729 24753 24761 24812 24852 24859 24904 24908 24975 24980 24991 24999 25008 25014 25018 25026 25142 25164 25185 25196 25197 25198 25204 25222 25361 25368 25370 25404 25429 25452 25468 25510 25517 25550 25657 25664 25691 25726 25751 25755 25761 25787 25799 25833 25858 25868 25915 25934 25962 25981 26005 26025 26051 26057 26191 26195 26202 26208 26235 26310 26313 26321 26325 26328 26336 26345 26358 26367 26374 26380 26418 26420 26487 26495 26535 26537 26545 26571 26573 26582 26622 26627 26646 26678 26684 26690 26709 26716 26732 26778 26827 26835 26839 26856 26868 26874 26897 26916 26929 26937 26952 26959 27023 27068 27075 27107 27164 27200 27212 27232 27236 27243 27246 27269 27307 27310 27317 27325 27373 27378 27457 27499 27503 27595 27636 27649 27651 27667 27695 27766 27798 27824 27846 27854 27903 27971 28059 28138 28167 28175 28191 28198 28210 28226 28227 28487 28498 28510 28524 28537 28540 28554 28561 28587 28596 28645 28669 28721 28746 28965 29085 29111 29121 29126 29278 29295 29304 29325 29391 29402 29405 29453 29479 29499 29520 29576 29922 30170 30180 30305 30454 30587 30590 30614 30632 30659 30698 30729 30909 30913 30933 30962 30963 30986 31073 31115 31169 31188 32190 32308 32355 32370 32395 32422 32433 32437 32464 33422 33480 33534 33568 33785 33875 33880 33923 33938 33942 34032 34069 34139 34325 34389 34464 34790 34831 34889 34903 34935 34994 35010 35022 35045 35171 35296 35305 35409 35462 35467 35468 35629 35658 35766 36026 36082 36152 36154 36185 36344 36413 36439 36512 36590 36612 36623 36668 36732 36758 37067 37203 37240 37389 37436 37482 37694 38061 38195 38230 38281 38548 38676 38719 38766 38806 38900 38959 39021 39051 39126 39154 39305 39687 39843 40352 40776 41058 41295 41602 41867 42138 42177 42327 42641 42767 43625 44829 44973 45171 45615 45839 45895 45906 46025 46081 47041 47097 47409 47654 47775 48391 49376 50614 51461 51696 51924 52337 52436 53163 53955 54287,aaaa2ef07c4aa47a15375ba6a920a0e93b82a4307d5d45ccaf2672d1e60d29e4
2158,39,0,39,8,-123.039,other,unlisted_only,2158 2362 4048 4496 5288 6214 7193 7306 8218 8594 12432 13828 14412 15597 16954 17149 17237 17295 17860 18263 18344 18391 18987 19671 20354 20385 20811 20984 21107 21634 22103 22857 24352 25975 26329 29430 29660 34334 44206,b23f3f4f1db04256880f744b14605c18e1372315530a293a1e647a569696b82e
2163,205,1,204,45,-629.019,other,unlisted_majority,2163 2224 2270 2319 2327 2334 2339 2351 2367 2390 2422 2435 2457 2480 2493 2540 2557 2575 2577 2581 2602 2607 2662 2688 2716 2731 2733 2779 2787 2794 2813 2821 2826 2827 2857 2871 2872 2895 2901 2905 2922 2938 2940 2958 2993 3032 3048 3056 3058 3069 3100 3121 3174 3203 3225 3226 3250 3315 3376 3397 3416 3425 3461 3466 3473 3480 3483 3539 3589 3619 3620 3657 3683 3685 3692 3697 3701 3759 3766 3784 3839 3851 3861 3885 3918 3924 3928 3955 3985 3997 4033 4043 4049 4060 4066 4073 4099 4110 4139 4156 4166 4206 4221 4247 4272 4279 4289 4290 4303 4328 4340 4341 4345 4369 4391 4400 4406 4426 4441 4459 4471 4475 4485 4499 4592 4607 4628 4632 4669 4679 4690 4705 4706 4726 4768 4794 4801 4804 4852 4854 4856 4859 4879 4890 4904 4908 4912 4955 4963 4970 4979 4984 4995 5034 5077 5091 5099 5121 5135 5149 5160 5170 5180 5189 5208 5295 5339 5351 6894 6908 6915 6917 6991 7012 7039 7053 7055 7064 7067 7133 7134 7161 7225 7230 7263 7366 7368 7430 7437 7438 7450 7494 7498 7507 7514 7523 7553 7556 7568 7571 7610 7622 7628 7633 7663,29591d211054478ed22c93571955cb92ef4ec2b40d914a43ba3a91d52a171c61
2190,20,0,20,2,-75.735,other,unlisted_only,2190 6335 6784 6798 10541 13534 18848 20001 20599 20717 20838 21316 21591 22351 26441 27963 28957 29650 29769 36328,744ef085353ca8e39ecbd8f1f71b004d3944d56893210576e4016cc8a47142d6
2219,44,0,44,7,-150.989,other,unlisted_only,2219 2266 2290 2313 2353 2359 2360 2379 2407 2440 2502 2512 2517 2536 2621 2673 2696 2723 2748 2755 2805 2825 2919 2934 2956 2967 3007 3014 3038 3116 3151 3158 3160 3170 3189 3261 3346 3360 3361 3387 3456 3472 3503 3508,cec658ace2eb9fe79473a0161ea726a69924fdc17d59c39d7c58f44c36d034c1
2245,3,0,3,0,-13.164,other,unlisted_only,2245 2464 7083,f99132f4d1830ed94f05521b3321d7f2643d32a96195b808e22f10e0cd88ada8
2249,15,0,15,1,-59.807,other,unlisted_only,2249 2686 3132 3186 3288 3365 3396 3623 3688 3785 3887 4405 4442 4612 5796,0fd36bbac49473f2d9ac7992707db72e7b2c428bfaefffbf38ad556ed6855be7
2252,5,0,5,1,-15.928,other,unlisted_only,2252 2355 2482 2628 4260,4dd3fd18d2fddb4b6ad1d4a2ae2380c952887230a3ed333eb6c10b863f58ad12
2253,22,0,22,6,-60.467,other,unlisted_only,2253 2506 2664 2782 2845 2917 2963 2986 3171 3205 3215 3244 3293 3350 3357 3669 3869 4069 4270 4283 4302 4523,40c06dc3a7059320cb497d1b586860a6cde622907b00b7ddc2f408b2f7ffe449
2255,497,0,497,110,-1519.564,other,unlisted_only,2255 2338 2408 2447 2611 2623 2625 2644 2698 2790 2865 2881 2883 2893 3266 3439 3458 3609 3799 4678 4692 4729 4751 4782 4815 4851 4874 4892 4924 4950 4989 5469 5555 5613 5634 5665 5678 5702 5724 5756 6258 6478 6553 7152 7401 7607 8019 8113 8279 8326 8333 8865 8892 9086 9109 9152 9285 9316 9412 9438 9449 9500 9711 9724 9878 9897 9915 9982 10318 10463 10566 10578 10593 10767 10825 10919 10926 10979 10990 11037 11046 11092 11180 11186 11382 11432 11487 11594 11672 11686 11740 11768 11983 12066 12170 12206 12314 12825 12914 13006 13034 13093 13117 13164 13181 13239 13254 13343 13455 13495 13518 13556 13581 13613 13651 13675 13734 13894 13988 14126 14191 14226 14328 14440 14546 14665 14767 14802 14896 14923 15096 15146 15300 15305 15396 15402 15419 15562 15564 15671 16086 16113 16116 16130 16141 16148 16176 16178 16181 16207 16324 16343 16423 16530 16710 16752 16763 16987 16996 17037 17072 17074 17125 17134 17228 17230 17242 17257 17283 17330 17366 17420 17632 17651 17657 17668 17673 17704 17712 17729 17766 17812 17874 17934 17942 17949 17997 18029 18057 18078 18130 18256 18262 18402 18437 18469 18561 18675 18695 18787 18836 18883 18891 18922 18931 18945 18951 18983 19046 19084 19094 19135 19268 19285 19287 19329 19373 19396 19499 19555 19567 19660 19712 19724 19736 19764 19775 19850 20170 20175 20178 20196 20303 20304 20327 20368 20514 20522 20535 20557 20582 20597 20611 20642 20825 20851 20931 21057 21063 21075 21078 21205 21214 21312 21313 21314 21324 21327 21331 21332 21339 21355 21374 21420 21576 21582 21584 21668 21683 21687 21689 21739 21747 21923 21954 22076 22148 22152 22173 23033 23044 23055 23058 23187 23281 23287 23360 23376 23463 23517 23576 23669 23702 24198 24250 24404 24412 24516 24528 24542 24561 24608 24646 24689 24736 24756 24768 24770 24825 24834 24839 24885 24911 24916 24921 24998 25007 25177 25195 25207 25219 25356 25426 25438 25478 25495 25567 25595 25634 25652 25706 25734 25747 25824 25839 25872 25911 25959 25964 26007 26026 26169 26174 26184 26214 26219 26234 26282 26351 26433 26455 26479 26520 26562 26588 26602 26613 26634 26649 26653 26664 26674 26676 26723 26803 26810 26865 26869 26880 26891 26925 26979 27020 27084 27133 27171 27198 27225 27227 27256 27315 27354 27461 27588 27604 27698 27792 27902 27923 27945 28178 28187 28195 28556 28604 28778 29020 29038 29098 29138 29179 29388 29413 29417 29454 29541 29607 29630 29663 29857 29917 29928 29936 30105 30205 30269 30314 30757 30863 31092 31230 32278 32333 32385 32434 33512 33519 33526 33530 33919 33975 34610 34725 34958 34968 34990 34991 35009 35065 35153 35222 35276 35615 35641 35644 35685 35759 35782 35857 35947 36085 36296 36885 37213 37353 37492 37529 37605 37790 37829 37953 38134 38158 38416 38835 39008 39089 39530 39721 39863 40024 40089 40294 40303 41069 41407 41609 41707 42612 43055 43559 43597 43766 43850 43944 45791 46311 47380 49321 49581 49653 50858 51268 52504 53194 54009 54460,df36a2c8dd7a6abcd963b317034a19dab7da711b031c446c8d96ecd73a1f8fc0
2272,4,0,4,0,-17.551,other,unlisted_only,2272 2898 3662 4026,c589b6b4543d830b54030dc289028f773b0411690c333fb67bd52e4b732cce4c
2323,4,0,4,2,-5.53,undetermined,unlisted_only,2323 2771 3124 5735,03ec6b23b85b5b9d5ce15557259b72e3a42a641e3461b4971f0ab3154cc4a1e7
2421,29,0,29,7,-85.171,other,unlisted_only,2421 9142 10469 15134 15269 16225 17343 17423 17719 18793 21036 21373 21489 21804 22490 22744 23131 25000 25666 26295 27009 27333 28014 28269 28452 29255 30330 30903 32917,6602f2800613e3db64674a11c7997ff26a9fe58d4e599ff5581c24e8fe7ee01a
2459,2,2,0,2,3.246,undetermined,listed_only,2459 2485,7d73200eac9b66ea105fe63378c69f5d68663f925297117ed178deaddb6fc3d5
2462,8,0,8,1,-29.092,other,unlisted_only,2462 3426 3450 3478 3497 3565 4062 5736,cd9f9045b5b334c7cdbc29020136f8074ea6797de82bf708d6fe6efe940226e8
2501,40,0,40,5,-145.46,other,unlisted_only,2501 2831 3028 3476 4975 6436 8604 12673 13103 16685 18707 20410 20504 20883 20992 21465 21842 23366 24548 24866 25810 26331 26640 26876 27437 27960 28127 28402 29128 29359 30794 32658 33542 33776 34352 37999 42287 44680 53817 54443,4713d7f7c0baa56d83401ece58b98a011e12fb45cc8f27d15c2076c2d55acd46
2525,40,0,40,6,-139.449,other,unlisted_only,2525 4535 4747 8115 8533 8545 10126 10286 16999 17829 17938 18756 19866 20441 20728 21147 21234 21337 21597 21953 22797 23744 24060 24114 24194 24786 24805 26122 26190 28066 28149 30461 30902 32864 33133 33998 34708 40916 41618 53609,961bc165841fde7bb187d0341fea76e0ac7280506001fc83c6193c55ed3a3adf
2556,85,0,85,14,-288.815,other,unlisted_only,2556 2760 3017 3106 3230 3391 4470 4684 4773 5319 5465 5820 6393 6463 6840 8009 9176 9398 10104 10172 10553 10823 11380 11411 11482 12236 14002 14014 14327 14548 14854 18021 18226 19154 19230 19484 20132 20503 20650 21322 21368 21383 21402 21959 22911 23028 23347 23606 23837 24497 24664 24665 24887 26294 26765 27262 27387 27581 28026 28472 28577 30039 31294 31403 31474 32298 32374 32404 33609 33764 34015 34358 34384 34415 34570 35282 35331 41350 41874 43258 43512 48542 48581 48643 48801,c66d9d25361a8aba4b8d05083fbfe58b4b1492d9aa48798a6a147da2293fa876
2568,6,0,6,0,-26.327,other,unlisted_only,2568 3629 4482 4544 5753 5816,16aa2f1d24159a77a00af0b0a6dad670ce0d0585bf9f7cd583c54fd8b8531ef3
2591,2,0,2,0,-8.776,other,unlisted_only,2591 2848,6424e00225e76bb3732f34dc6afdec66307acf65e8fd8291d5884f3e5104f8c6
2597,40,0,40,3,-157.482,other,unlisted_only,2597 3768 3881 7150 8451 8723 10521 10628 10883 11151 11791 12456 13548 14056 15191 16629 17415 17816 18578 19111 20208 21360 21907 23684 25225 25801 26035 26211 26693 28033 29265 30630 31789 32468 33908 33930 35301 36016 42410 43833,44d79db844f3f63293ca568655080cf6cf38b209480f64b97fb78369702d0768
2632,30,0,30,7,-89.559,other,unlisted_only,2632 3061 8166 8767 8954 9896 9958 10229 10690 14634 14826 15860 16915 18871 19954 20210 21648 22006 22250 24668 26456 27961 28397 28707 29683 29715 30862 31422 31589 32980,8a1a9b804d35e1c16314f843a272bb3aa63d17248bd1d0db1c6c7ce6738ae44d
2636,20,0,20,3,-69.724,other,unlisted_only,2636 4126 8578 11256 12478 17529 18876 18908 21192 22156 23305 23443 24822 25836 26058 26130 36455 43893 44939 48561,2e4a248509cbd67975e8645498ded444fc56ded22d1dbbc667f6e421b3690de9
2643,2,0,2,0,-8.776,other,unlisted_only,2643 3716,36fd9b1a49964899a369c334f36cfd4eb28aae9c79b86fc4ecf5865693675ee0
2654,2,0,2,0,-8.776,other,unlisted_only,2654 3208,fd1e9f63ac38584856a8dccb121db5385c05b7c46cbe3cdf4bc9549434ee033a
2656,5,0,5,0,-21.939,other,unlisted_only,2656 2706 3348 3502 3845,dc6846136494d63c92a895dd0dda5fd83e4deaaf1eff1cfc5a640935f64a7548
2658,6,0,6,3,-8.294,other,unlisted_only,2658 19659 22887 25392 25914 33391,ef9eb44f7143f79534cf7851c00d6bcd84f5f89fba2c2117642af58fe737f26d
2659,2,0,2,0,-8.776,other,unlisted_only,2659 5065,d00c8748d4405558ed3d0bc915bcf46a03fd21705e76819fc26f77cfb18a2393
2665,2,0,2,0,-8.776,other,unlisted_only,2665 2948,6111fbc43b7f4ee3bed72ea248184f80308496b387ecb806cec138d0eb855c80
2672,4,0,4,0,-17.551,other,unlisted_only,2672 2685 3192 7169,69b746ba086df91d944cb8927ba415f543699516bacff8ed19a91f0dfaa31c5a
2697,28,0,28,4,-98.816,other,unlisted_only,2697 2718 2735 2768 2818 2867 2891 2906 3035 3036 3044 3059 3119 3136 3159 3167 3220 3240 3294 3368 3406 3514 3523 3627 3628 3636 3736 3810,40a117f0010cfc83ff77bf9f973432c0a6aa917e688d23336fd92556ad8c270b
2775,4,0,4,1,-11.541,other,unlisted_only,2775 3549 4164 7312,75c28b48fc44addc2c6bbe15dcd9eccd41c3cd702e66b45f1979d33072bf7ef5
2800,5,0,5,2,-9.917,other,unlisted_only,2800 2816 2884 3182 3194,10db077d1b183e25a720417faff8bf17e1b093c87c4c5045eda7354e3578a5e7
2843,2,0,2,1,-2.765,undetermined,unlisted_only,2843 4849,1516ff657cb5f927d944418d309a81f7ce785f13b48cbf6a450d82be3610b52e
2853,2,0,2,1,-2.765,undetermined,unlisted_only,2853 4666,f3cdacf50027e9386ce195c02abc3d81a7f1761a529a30c97b84e421161520e4
2921,2,0,2,0,-8.776,other,unlisted_only,2921 4446,a12e66c20963fd8627320d287d20f65be9b8d5cba6718027fc958b39e8d63acc
3095,2,0,2,1,-2.765,undetermined,unlisted_only,3095 3128,427ab4cc42ade683fe163b320c5ad48a5a7da753a49ac5a0455fc5f0c6211d15
3268,35,0,35,4,-129.532,other,unlisted_only,3268 4808 5019 7424 8660 8765 10551 10702 14047 14707 15275 15695 16901 17424 17480 18484 18715 21391 21712 22935 24894 25971 26228 26560 26718 26772 27622 28430 29548 30319 30824 31207 31975 32207 38020,42de57ce7d78108e14d8938c01d5f87d1e0ae823cb1cfe4bed2eb03b67ba35ea
3371,40,0,40,3,-157.482,other,unlisted_only,3371 3513 3648 5013 8297 8646 10664 12506 14138 14524 15973 19505 19958 19964 21522 21727 23602 24392 26256 26754 27203 27249 28094 28709 29286 30564 30680 31215 31872 31893 32212 34147 35299 36205 36211 41495 41705 42631 49077 52862,18d70ffa090f0c8752649a8d1b334370d803f86002fff6a6717636eebf5683f0
3374,7,0,7,2,-18.693,other,unlisted_only,3374 3404 3413 3521 3596 3602 3638,6552f912925b21c02b43f7d55ea0d76cb64dbe0ae31ceac97b97ae41aa9d0878
3399,2,0,2,1,-2.765,undetermined,unlisted_only,3399 3418,87553c376c32aaaffe46ebe6368a975809962ddc166859c5330bed5d822c467d
3438,24,0,24,6,-69.243,other,unlisted_only,3438 6998 8662 9045 13217 13880 14236 15378 16242 19178 19938 20433 20565 23968 24271 25701 25844 26682 28974 29047 31729 33515 34462 43459,91a33b61eb41d5f115e818f446f093ce50233d991d6a13b12a1cd5a78d764ea4
3481,4,0,4,0,-17.551,other,unlisted_only,3481 6645 8040 9217,866e6819ba63f86d842a68062c6da653787a2afd46fa27ded4cb626cf6547313
3489,2,0,2,0,-8.776,other,unlisted_only,3489 18153,5df47f5a3e0996e5b13cf5edc650b1b51d07c89176524ac858672168337a3afa
3536,36,0,36,6,-121.897,other,unlisted_only,3536 4830 4831 4886 4898 4918 4945 4977 5008 5030 5035 5127 5146 5152 5191 5199 5205 5213 5219 5228 5248 5254 5306 5311 5368 5381 5401 5419 5478 5531 5548 5569 5570 5582 5606 5682,cce68eb6b57daed6011d10bb717be3a9616153aca1dc785d33a0e7a7c96d9b11
3563,16,0,16,5,-40.151,other,unlisted_only,3563 4449 4466 4483 4495 4559 4564 4568 4587 4596 4630 4659 4711 4713 4760 4776,b52953f7104aa6ffab9391578fc34279ce221700acb2257859657b2901987c63
3652,19,0,19,3,-65.337,other,unlisted_only,3652 10867 13143 18080 19107 19981 20375 26253 26291 27334 27542 28172 31948 32273 33307 35350 36204 36406 49704,ea765bc97657f343861a7d8773ffdc7b76cd6a0125358c9d5c2075fb6b146a9d
3695,2,0,2,0,-8.776,other,unlisted_only,3695 3909,622dddae6fe43ea9c21b257d016f32d367be3e05bb09c00809e97db996a1b0ff
3753,2,0,2,0,-8.776,other,unlisted_only,3753 4393,048005e604bf53087c3acd1e832ee1b0ec436b1c9527675e476318a1d95e6897
3788,4,0,4,0,-17.551,other,unlisted_only,3788 3804 3809 3814,3800f07be0bf44a9a409f9273f14e086d314519a21e7b83e81e46b6b4ec188d0
3805,2,0,2,0,-8.776,other,unlisted_only,3805 4588,715c4e903b6b4a93ac37bc0e67d53391cee33cdd09c1c83aeceb632d7cfcc59a
3833,4,0,4,0,-17.551,other,unlisted_only,3833 3958 4113 4282,44e2654e3d0de45d6c3195d4d77a12318b13547b9cd0160b96babaf0c00a6f50
4190,39,0,39,5,-141.072,other,unlisted_only,4190 5743 6594 7709 8236 8805 10547 10810 10850 10907 11317 11366 13220 14636 17077 17724 17784 18751 21011 21437 21583 22962 23466 24478 25133 25608 25744 26355 27274 27348 28124 30620 30923 31409 31467 38943 43682 53222 54189,da52f4aa72aaf8af3aa063ad57712c72b1d06b9146c4ea194553b1f60963f5ff
4193,39,0,39,6,-135.061,other,unlisted_only,4193 5096 5172 7963 8066 8081 8819 9338 10354 10484 10644 10721 14007 15005 17023 19274 20572 20751 21259 21886 21986 22951 23640 24976 25741 25948 26488 27040 27777 28013 29187 30568 30789 31231 31253 36322 41156 41230 42268,ed71fbd124a24f7433216accd17445d4dab416e8fcc8b25cfb69d8c8dad93bc7
4329,20,0,20,2,-75.735,other,unlisted_only,4329 4610 8934 10922 13623 15110 17086 20116 22041 22460 22839 23432 25029 26467 26555 26580 28659 29842 30093 33525,0b800bcbac32d82e72215877a9f04b22c239a4d8532d48566b9b0eac233df834
4334,4,0,4,1,-11.541,other,unlisted_only,4334 4561 4966 4991,9fa5efd12e4bdba914bf1acd03981c6e31eabaa8a8bd85fc2be36afe5a787c06
4384,3,0,3,0,-13.164,other,unlisted_only,4384 4574 4625,0af02f1ec03ed31d187c4184fe56b889d92b1def2310681f43ec1a0d84365273
4533,2,0,2,0,-8.776,other,unlisted_only,4533 14257,19bff543df4e263675b3e02d4c2670f29cbc8df0bbaa15595264030493deddf2
4599,39,0,39,10,-111.017,other,unlisted_only,4599 4617 5802 8950 10244 11364 16332 17699 18257 18276 19291 21443 21464 21801 22711 22822 22859 23377 23560 23752 24737 24830 24992 25703 25797 25903 26500 26785 28411 31462 31502 31619 34024 34068 34826 36045 40880 44967 54321,52b31eed97c04b1e9f300f67c94eb386db624d9de821b302c2530fdaaab7656e
4840,24,0,24,2,-93.287,other,unlisted_only,4840 4893 5747 5748 5760 5777 5936 5944 5961 5966 5974 5986 6003 6036 6090 6116 6127 6147 6162 6174 6180 6184 6193 6205,93010741e990f05723f4667a3ae7adcbdb220537dc6909580b1443c34c4bf3df
5105,6,0,6,1,-20.316,other,unlisted_only,5105 5390 6366 6443 6576 6610,d7374c9a35997bd4fffb7cc089e6e2b22c5ee9f6019dc0fc881cc8b02e45b10b
5120,5,0,5,1,-15.928,other,unlisted_only,5120 5174 5664 6007 6022,2d7d4385db1b1c5f809931ccea31c76fdcbcc82ba81d15713b30e8aa03de82b5
5305,7,0,7,0,-30.715,other,unlisted_only,5305 5356 5366 5379 5638 5723 5788,1ecd272fc854e5a1a241431411aad6e3aa74e77942b9a7c54c5c732eaf9732a1
5323,6,0,6,1,-20.316,other,unlisted_only,5323 7675 17965 21440 24109 25491,00be6063808d39a1090ce79ec4dd025cf92a44486e576ba0d55853b165efc04c
5514,24,0,24,7,-63.232,other,unlisted_only,5514 6473 8423 9196 10731 10959 12188 16713 16995 18504 20278 20332 22499 22754 24791 26266 26833 28071 28742 29723 30285 31096 32152 32449,f4ae2a82d1632898d1c157e5a9914f87a9cca64ebd34a16092fda4b0a4a4ed07
5763,8,0,8,2,-23.081,other,unlisted_only,5763 6192 6248 6267 6272 6289 6303 6316,cdbeb55fd9895a5409f6bc19608fa51cc7b2aca9d068e5908da27003c60f6970
5843,25,0,25,5,-79.642,other,unlisted_only,5843 6105 6462 8413 13257 13510 15407 16132 17531 18106 18867 19269 20616 21404 21726 21800 24989 25890 30875 30929 33897 34432 35303 36011 48974,af6948c2b67b64acc22b1c7f58a287f7b0fc5aa594414e4abd5cd4723e8d18a6
5895,3,0,3,0,-13.164,other,unlisted_only,5895 5906 5992,2e8fa683ff6777b929d38d119dc7c1e15b6a6e78629487775c659fa53765498f
5999,19,0,19,1,-77.359,other,unlisted_only,5999 7236 8711 9857 10651 12288 13536 20603 20836 21381 21463 22858 24841 25366 25563 25786 28106 32564 41752,04e54256bb9b7e82d3ad178780cd03f1ab30f4540d95b22d4a7f81dc6c5f1829
6048,17,0,17,3,-56.561,other,unlisted_only,6048 6065 6078 6112 6123 6207 6240 6241 6266 6331 6387 6500 6507 6550 6552 6561 6566,21fdd809c34dd0162c28834f8357ec1f698b1df49744731c22f43aaec85ab64a
6194,7,0,7,1,-24.704,other,unlisted_only,6194 17183 19129 24476 25760 32607 42198,a60f66fe1c824b84f6214cb6b64028876628ef1bf677369393ad152381521f6d
6338,48,0,48,11,-144.497,other,unlisted_only,6338 6360 6390 6401 6405 6415 6417 6428 6464 6481 6499 6505 6527 6539 6545 6562 6565 6600 6603 6627 6635 6710 6768 6787 6789 6795 6809 6812 6829 6834 6865 6895 6910 6920 6936 6950 6962 7028 7088 7100 7101 7113 7117 7183 7191 7194 7200 7235,e6f00fa63eb6b8e812ac3c591871203cae971d480c1469fc5ce88932cd3ec26c
6368,45,0,45,13,-119.311,other,unlisted_only,6368 6426 6437 6486 6529 6582 6695 6771 7180 7322 7466 7539 7695 7748 8095 8128 8189 8199 8602 8647 8684 8920 9019 9042 9317 9357 9364 9464 9467 9779 9966 9975 9981 10053 10455 10558 10728 10931 10957 11021 11072 11194 11329 11416 11466,3ccc30911174b65042d33b95c0a2ce4954f78e5ca8fbf3f4ba17cbbc3ecab9de
6647,5,0,5,0,-21.939,other,unlisted_only,6647 6657 6804 6811 8002,9f705d7fae30b1fe3d5855447d4e01d7b13c1edcfa2483d739fbebbcdd0475a1
6656,12,0,12,1,-46.643,other,unlisted_only,6656 6674 6679 6682 6761 6847 6862 6885 6955 6960 6968 6992,ef135013bf0ad1768fef565249849e6c125c23a88f9705b376b55e4d9b8c4554
6693,10,0,10,2,-31.857,other,unlisted_only,6693 8505 9211 12024 13345 16594 21184 24193 24961 25420,dcb5c0ab71db6ae340e54f80605e6719a44bd74a13114dd06b4f8fc0bd16589b
6721,3,0,3,1,-7.153,other,unlisted_only,6721 6725 6880,6a697d4ea52e2cb3f9c176fd2f3014f550bc0e8b4ed8e47588819535b99a39df
7118,3,0,3,0,-13.164,other,unlisted_only,7118 7334 7483,823530fc97725a01ba9a7de47ce683b5800e94dc63be84fb35e3bd383de98436
7158,20,0,20,7,-45.681,other,unlisted_only,7158 7211 7370 8193 8488 9536 9559 11089 11828 12343 12468 12624 13350 19148 25009 25275 25680 28034 32531 32636,74df3b3993080f046ea335baefe57f8c6554917a6020becfaa395fb84834b181
7227,11,0,11,3,-30.234,other,unlisted_only,7227 7262 7319 7343 7476 7573 7626 7651 7660 7784 7813,6db50f2ea6aea1fd8a94c6ba345f51582585dd15150f65c999722f437c791422
7508,2,0,2,0,-8.776,other,unlisted_only,7508 24313,87b2d7f951f9007c338f328616f6fd25ffebea6e316334c1b1fd1695324c2267
7697,7,0,7,0,-30.715,other,unlisted_only,7697 7703 7707 7756 7771 7772 7774,ebda361ad90b0081101f24858ec0a5a3dbece0082c17de9f76c9233a3cbdae16
7701,12,0,12,2,-40.632,other,unlisted_only,7701 7736 7751 7787 7790 7807 7877 7886 7912 7945 7970 7976,b9f64cc44346ac649c21e40e5942a1d196062a285733907f9a1faad453d5556f
7844,6,0,6,3,-8.294,other,unlisted_only,7844 7885 7943 7946 8088 8159,68efb6a6217892baf3a7cf03cbfd3b31038f1f79db649a12b7516c8e7da81064
7930,32,0,32,7,-98.335,other,unlisted_only,7930 8692 8714 8717 8784 8817 8841 8845 8864 8867 8899 8905 8908 8921 8928 8964 8980 8989 8992 9017 9091 9122 9156 9183 9191 9204 9206 9220 9224 9228 9233 9234,85b6f48c8e10d8e1df4c5e3b64f6209d6bd8a3ad0af7e369c0d50a9f11c58d8d
8025,28,0,28,7,-80.784,other,unlisted_only,8025 8045 8077 8138 8145 8168 8184 8212 8220 8223 8225 8238 8252 8288 8299 8301 8313 8317 8356 8402 8417 8443 8509 8562 8568 8611 8615 8637,02158bebe1f72393a771fd39f950308ed93693d0b976f92c777677874764859a
8205,16,0,16,7,-28.129,other,unlisted_only,8205 8224 8272 8276 8292 8328 8371 8529 8530 8532 8626 8627 8780 8782 8827 8854,54204ff07aecf7fc09e567c2333544dbb7054b31547b227e1bf74fbcdbca28da
8217,3,0,3,0,-13.164,other,unlisted_only,8217 8219 8240,d65723c12834c33063efcfbc7deb0c4791558d432fbe9c1c51f8b718060be583
8290,4,0,4,2,-5.53,undetermined,unlisted_only,8290 8433 8448 8458,f5489aaa21695a145110a0dd901523f362cf1be686c24f24355074bd6e348f76
8295,3,0,3,0,-13.164,other,unlisted_only,8295 8338 8339,5d0b3cb21995cb89ab54de8d24126981c6933e73568645ece028109d235282ec
8358,7,0,7,3,-12.682,other,unlisted_only,8358 24794 25115 26114 29364 30976 32475,e6da82eb2064e65160c7fd98db9ca9118adaf13dfcf421d4dc422a6f9582db9a
8446,2,0,2,0,-8.776,other,unlisted_only,8446 8572,40c878dbb132858023b53ece88d3fd13ad46b0febea72fbf55adee693abcbeb7
8938,2,0,2,1,-2.765,undetermined,unlisted_only,8938 20421,3b7786eb6aed8b5dc8172755f8b76b6e495c85bf0c16fa7ea7022104f158097a
8941,6,0,6,0,-26.327,other,unlisted_only,8941 8982 9112 9775 9935 10107,00eff263871e6d44abed66d90abb10d5a211441668511dba3146e380360efe4b
9060,15,0,15,3,-47.785,other,unlisted_only,9060 9146 9197 9442 9459 9472 9474 9569 9666 9670 9693 9719 9731 9797 9829,7eca6143f94eb7beac2a23506bc3ff0adaa0c9c9aeec71d7022e9b31f661c984
9117,2,0,2,1,-2.765,undetermined,unlisted_only,9117 9243,146fbdc9a5bf4800b83d1e0b7022d6e554f93143f10f09600b4e55f879d472bd
9261,70,0,70,18,-198.953,other,unlisted_only,9261 9272 9274 9279 9309 9322 9329 9342 9487 9511 9512 9520 9524 9566 9576 9587 9647 9659 9706 9716 9727 9735 9780 9787 9804 9809 9856 9859 9868 9870 9887 9888 9890 9905 9954 9978 9979 9998 10040 10093 10117 10159 10210 10243 10273 10278 10290 10297 10311 10349 10360 10380 10420 10421 10457 10465 10524 10556 10574 10626 10719 10734 10745 10777 10852 10854 10897 10899 10909 10930,eebd343e3cbb08c6932adc87eba4b2bf372e9e984023474cb4fdb9b9ffad39b1
9455,30,0,30,1,-125.625,other,unlisted_only,9455 9462 9466 9495 9507 9519 9523 9525 9534 9539 9553 9555 9622 9623 9625 9635 9641 9688 9736 9817 9872 9907 9941 9950 9983 10010 10056 10057 10062 10071,31bc82ca64e0180516374d3ecf29fe93c5129ca80d74d5c556c9f955fd3076da
9640,2,0,2,0,-8.776,other,unlisted_only,9640 9811,338304c9ced695671d0e544bf157d50495a826497c9a61267b592a8d375c4d83
10038,7,0,7,0,-30.715,other,unlisted_only,10038 10155 10225 10332 10358 10387 10413,1159caa72f2eb97637dbd3c4e600eb3d408a5db0a64b2a80cd31b29c49f1ccbf
10351,72,0,72,12,-243.795,other,unlisted_only,10351 10598 10866 10876 11747 12849 12921 12924 12960 14018 14487 14718 14932 15014 15498 15885 15905 16163 16183 16966 17138 17199 17500 17506 18259 18963 19385 19464 19487 19561 19819 19924 19982 20006 20056 20320 20328 20356 20357 20367 20404 20413 20721 20862 20886 21048 21145 21180 21379 21399 21418 21419 21555 21660 21887 22135 22740 22765 22787 22836 22919 22957 22986 23100 23153 23643 23949 24030 24046 24310 24582 24699,7dff938918f07619abd38e4510890396b1cef4fbeca154fb7aafba8843295ea2
10363,178,0,178,28,-612.733,other,unlisted_only,10363 10389 10585 10646 10683 10920 10942 11000 11129 11142 11406 11438 11684 12145 12218 12249 12461 12484 12556 12913 12980 13133 13159 13277 13363 13384 13424 13529 13537 13578 13748 14471 14507 14624 14705 14742 15158 15160 15312 15528 15790 15804 15807 16427 16466 16859 16871 16934 16973 16980 17002 17049 17116 17296 17418 17428 17449 17535 17538 17580 17649 17842 17848 17941 17952 18010 18207 18261 18361 18396 18435 18480 18482 18602 18611 18741 19822 19901 19923 19969 20003 20024 20154 20159 20294 20362 20384 20393 20401 20412 20418 20452 20483 20769 20809 21121 21319 21330 21347 21357 21361 21370 21421 21586 21646 21667 21752 22027 22042 22056 22147 22274 22367 22406 22413 22441 22475 22504 22526 22653 22720 22819 22897 22952 22988 23052 23189 23329 23416 23417 23433 23438 23673 23761 23863 23883 23887 24013 24123 24151 24171 24256 24258 24302 24411 24507 24599 24733 24861 24900 24967 24969 25267 25415 25492 25535 25687 25738 26322 27167 27222 27427 27489 27564 27569 27577 27605 27677 27864 27891 28038 28053 28107 28156 28179 28248 28401 28493,e9bb8c89bb252807718ef510af484ee0be6c9c2bf6246913ed241d192e457394
10396,388,0,388,80,-1221.615,other,unlisted_only,10396 10517 10536 10774 10797 10844 10865 10952 10983 11075 11088 11110 11117 11202 11275 11371 11552 11568 11580 11738 11866 11964 11966 12005 12059 12064 12096 12130 12241 12418 12426 12434 12441 12453 12499 12864 12887 12927 13008 13131 13200 13205 13251 13468 13565 13570 13588 13661 13669 13684 13729 13962 14044 14297 14346 14439 14443 14459 14496 14530 14575 14605 14781 14784 14807 14821 15099 15148 15357 15450 15529 15552 15655 15736 15739 15795 15810 15812 15821 15858 15881 15886 15947 15959 16046 16089 16158 16179 16258 16271 16291 16313 16325 16336 16375 16527 16542 16715 16719 16747 16777 16821 16874 16910 16960 16977 16990 17135 17155 17193 17264 17310 17332 17333 17367 17368 17436 17441 17456 17488 17508 17540 17576 17599 17633 17671 17672 17715 17732 17734 17736 17849 17893 17927 17990 18022 18031 18038 18197 18393 18399 18414 18453 18496 18500 18543 18635 18798 18802 18824 18869 18997 19000 19012 19096 19378 19404 19468 19550 19810 19815 19876 19966 19998 20005 20077 20082 20086 20137 20195 20225 20227 20308 20330 20334 20344 20359 20380 20388 20392 20397 20407 20434 20507 20526 20549 20589 20647 20653 20676 20736 20763 20768 20774 20790 20792 20800 20855 20878 20895 20905 20910 20946 21045 21086 21093 21100 21154 21170 21190 21226 21241 21255 21306 21311 21318 21335 21338 21346 21348 21350 21367 21377 21378 21380 21390 21405 21414 21429 21430 21436 21480 21520 21524 21545 21570 21571 21587 21588 21595 21605 21618 21696 21721 21768 21805 21814 21818 21844 21856 21902 21909 21948 22039 22053 22063 22162 22239 22261 22279 22280 22414 22415 22419 22462 22508 22518 22605 22623 22640 22704 22732 22827 22872 22910 22972 22991 23002 23070 23128 23143 23158 23204 23230 23250 23290 23339 23414 23415 23446 23456 23467 23645 23682 23775 23816 23862 23879 23900 23902 23947 23997 23998 24007 24216 24237 24248 24287 24295 24306 24315 24360 24365 24395 24398 24403 24408 24439 24465 24512 24563 24673 24691 24696 24704 24821 24838 24902 24913 24933 24938 24950 24964 25005 25130 25151 25211 25220 25278 25421 25434 25511 25520 25685 25742 25814 25830 25857 25862 25918 25966 25986 26104 26109 26133 26146 26166 26320 26349 27219 27259 27311 27320 27420 27467 27510 27621 27634 27661 27675 27763 27783 27863 27897 27908 27935 27964 27966 27996 28045 28086 28090 28103 28339 28423 28425 28460 28464,48af66273ca1c7a884eb33eadab7aed3d0708d5b4439aa6805049cb0d81d2369
10453,2,0,2,0,-8.776,other,unlisted_only,10453 25241,10862fe390eb2798246cfe5b216c44a7332a9018c09bfcfa299123d93f4b6b7b
10501,164,0,164,31,-533.27,other,unlisted_only,10501 10560 10833 10968 11270 11310 11337 11710 12234 12316 12333 12563 13158 13272 13285 13308 13579 13586 13593 13634 13648 13659 13683 13934 13983 13992 14655 14663 15071 15088 15199 15354 15355 15540 15616 15645 15719 15921 15966 16267 16508 16875 16899 16929 17105 17262 17279 17555 17628 17631 17709 17720 17961 17989 18376 18508 18572 18620 18671 19007 19099 19417 19450 19525 19839 19846 19896 19961 20031 20149 20190 20191 20299 20345 20378 20400 20429 20458 20479 20636 20678 20882 20954 21002 21059 21081 21310 21323 21325 21340 21363 21413 21422 21427 21428 21435 21701 21943 21957 21977 21983 22089 22161 22178 22247 22296 22325 22358 22407 22494 22660 22821 22826 22855 22885 23029 23180 23211 23245 23318 23420 23585 23657 23739 24031 24033 24111 24236 24339 24515 24534 24671 24703 24815 24827 24831 24857 24889 25025 25216 25248 25251 25348 25391 25531 25808 25978 25980 26107 26117 26339 27217 27429 27448 27470 27576 27594 27669 27820 27954 27976 27989 28216 28332,442a16294926b83e8ac67727a69ef970f426c2100fb5cc6b596aa239c2a61077
10509,8,0,8,3,-17.07,other,unlisted_only,10509 10514 10557 10605 10677 10806 10834 11177,57121ac508ec5a322a7565e778322247f858f2126397357d96bbafb921d50064
10519,7,0,7,1,-24.704,other,unlisted_only,10519 13393 16057 16683 19437 19663 25074,f32eee1f72a57a345d8a3f2e735065bc40d3b853696bb5d08103b7b1e637fb9a
11015,20,0,20,4,-63.713,other,unlisted_only,11015 11584 12084 12273 12553 13123 14361 14527 14757 14775 15287 15706 15970 16001 16255 16433 16440 16665 17119 17124,46fe5d1e021898f63e88348ed6c8245b2a9ee68ea87135fc7d6649cda7128abf
11039,80,0,80,10,-290.92,other,unlisted_only,11039 11077 11134 11158 11224 11279 11410 11464 11501 11555 11657 11677 12168 12186 12233 12339 12340 12349 12669 12961 12968 13145 13150 13246 13295 13359 13441 13459 13505 13704 13706 13904 13945 14017 14022 14029 14130 14243 14260 14388 14390 14415 14421 14533 15034 15098 15182 15240 15537 15545 15577 15638 15643 15648 15649 15681 15704 15722 15781 15946 15971 16074 16311 16312 16414 16532 16544 16603 16619 16621 16656 16679 16801 16844 17078 17094 17096 17102 17104 17146,8645b5eb1f8fda4c803d463ea4657a90b549b03d3274dd24e86dd459d91efe73
11051,2,0,2,0,-8.776,other,unlisted_only,11051 11624,1e96292bc0b80d67876101b11f5aa50bb1071bd7b0302019950169ac2aaa052b
11053,80,0,80,14,-266.876,other,unlisted_only,11053 11080 11105 11147 11213 11218 11251 11404 11427 11437 11443 12182 12265 12275 12299 12323 12385 12463 12640 12659 12753 12967 12982 13046 13115 13146 13297 13388 13420 13436 13438 13449 13522 13583 13643 13667 13693 13727 13742 13749 13756 13882 13893 13913 13952 13971 14109 14264 14284 14310 14356 14395 14414 14512 14640 14726 14979 15060 15166 15351 15371 15413 15421 15441 15663 15664 15732 15822 15943 16010 16366 16405 16437 16465 16549 16672 16873 16922 17111 17215,f33bd7c42bbf2ce1d4747470961481900f61ee1e9b4710fa7ec6548952c17717
11305,7,0,7,0,-30.715,other,unlisted_only,11305 14813 22066 22915 25612 27430 33905,a935a975f8fbdf6f6e6fae4ab3205c11ba7a78c26e09d1d0ee8340c594f2f25a
11398,13,0,13,3,-39.009,other,unlisted_only,11398 11751 11841 11886 11891 11902 11948 11967 11976 11987 12036 12098 12120,8552243568c50230e8bf6227797f993d91afadf6431a0d7f7eced17c9acc6919
11504,51,0,51,9,-169.683,other,unlisted_only,11504 11690 11819 12525 13385 13603 13621 14201 14271 14279 14653 14910 14995 16727 16839 16927 17041 17287 17414 17439 17466 17619 17742 17785 17887 18056 18072 18465 18669 18717 18947 19064 19098 19125 19139 19175 19196 19197 19432 19520 36878 37128 37711 37810 37928 39218 39487 41942 41974 49597 53208,4bca5686b7777cbb549d93641673ab6ea0f82c41c28927e1f763ebc67822c3f8
11674,20,0,20,3,-69.724,other,unlisted_only,11674 11716 11728 11755 11840 11872 11882 11890 12114 12123 12127 12138 12158 12164 12176 12185 12482 12493 12495 12520,f54f8b5282d2d349e34d6aa8a761c811ea9e1df7515a1291248cd44d06a45ace
11705,13,0,13,5,-26.987,other,unlisted_only,11705 11725 11801 11956 12016 12030 12252 12342 12411 12561 12662 12917 12919,846fa8792c3ae9d7149c2b43b99343ab259ef2e96adf7f7bd2f8145f88091aeb
11835,53,0,53,12,-160.425,other,unlisted_only,11835 11838 11922 12270 12330 12362 12364 12447 12494 12503 12515 12627 12641 12680 12790 13687 14282 15669 16077 16109 16616 16676 16768 16807 17363 17433 17505 17525 17537 17825 18321 18358 18544 18567 18597 18613 18625 18658 18765 19023 19414 19491 19680 36586 36894 37334 37370 41457 42513 42981 43217 47553 50926,7a7b967a87eae4bc7b65c9f6b2c50274ee0cfd9bc7c559255e94e2df82b5500a
12213,5,0,5,0,-21.939,other,unlisted_only,12213 18471 21041 26378 28110,ac487f7c0e963765f67ebe038756f185268f536d2ab56b3e8488224c5f1defeb
12568,30,0,30,5,-101.581,other,unlisted_only,12568 12593 12615 12630 12636 12643 12646 12729 12747 12749 12772 12775 12801 12812 12816 12855 12875 12905 12907 12955 12963 12989 12992 13029 13062 13130 13135 13136 13147 13182,5f143015d428cc6052649779f85ca66cefd45dd8115a436b54ab794bb6d8171c
12629,10,0,10,1,-37.868,other,unlisted_only,12629 12902 12942 13198 13199 13243 13245 13248 13270 13291,8cba5371ef42cd1538460cefd4d20a76029c3b7e7d1920548968151fbf826c6f
12723,3,0,3,2,-1.142,undetermined,unlisted_only,12723 15988 35893,766e6c846b6ca5c52b4a2504b31b9932a6edbd0289c3d1a89d185f0c288eeabe
12764,2,0,2,1,-2.765,undetermined,unlisted_only,12764 32643,172252bbbeca7be89c0225492e00135b63a54d63c7267759bc6bbcdd5c5fc127
12833,7,0,7,0,-30.715,other,unlisted_only,12833 13319 30416 32322 34098 34104 36182,af53c84f5366a9e907face201cc1734edbf6ea8e75d1ec809f2d79fbc441eaeb
12836,8,0,8,1,-29.092,other,unlisted_only,12836 13065 25926 31250 34297 36773 38086 38274,541ffae75e21b2af8f9a5909b85161a7c4e8e8be539ff58012ec775a3c2946d8
12934,60,0,60,13,-185.129,other,unlisted_only,12934 12939 12959 13073 13081 13102 13104 13162 13186 13189 13213 13346 13358 13373 13444 13713 14359 14492 14493 14620 14748 14850 14885 15622 15626 15661 15662 15665 15679 15688 15696 15698 21829 21834 21837 21852 21854 21863 25505 25526 25552 25558 25571 25613 25623 25636 25653 25721 25722 25733 25737 25752 25774 25782 25788 25803 25920 25976 25991 54185,cff0225cfbf538b9f512b2ed69fd2d23306167792d503f6e0b2bef9120adf239
12974,6,0,6,2,-14.305,other,unlisted_only,12974 13058 13832 14340 21824 25756,68db0d041f953f0012033849f454e35e0241a09f1715496b6e2fb83a5d52ba7e
12976,17,0,17,5,-44.539,other,unlisted_only,12976 13041 13835 13884 14076 15678 21817 21880 25500 25501 25540 25624 25806 25916 25968 25983 26000,30a1a106bf79d22c9cce1825f374749e304573116f5ca751679af4721176304a
12983,2,0,2,0,-8.776,other,unlisted_only,12983 17233,12e753ef5cc30925a6eee2c457aa7f53022443ca013ea81882a6b59b69e342a6
13005,10,0,10,1,-37.868,other,unlisted_only,13005 13216 13331 14844 15604 15712 25509 25548 25637 25953,f3a880af8a1238824909dae0932b6d37421d6a117323e2dbb11970ae419a2f95
13040,14,0,14,6,-25.364,other,unlisted_only,13040 13179 14350 15668 15694 15697 21868 21891 25536 25746 25759 25944 25985 25989,1433ea8111a860be071c87710e0a3656bfa9b64f2ebc4d05e3cc940d57997061
13316,3,0,3,0,-13.164,other,unlisted_only,13316 24451 35892,418b84d7649055411d8be4e241376a93825c1d6248a304ae693060b3007a43f2
13324,10,0,10,1,-37.868,other,unlisted_only,13324 13414 13423 13426 13463 13540 13543 13567 14473 14478,c5228406aca1f6b12e8617e069f7e1e466be71babc2876d23f1de9c959c3ea93
13746,2,0,2,1,-2.765,undetermined,unlisted_only,13746 18279,1043db7f8a282cb673ccbe70f4048b45682cc643ec159e31c87d6d1e59039cc5
13764,19,0,19,4,-59.326,other,unlisted_only,13764 13789 14011 14205 14394 14397 14418 14434 14441 14452 14918 14944 15030 15037 15040 15633 15768 15778 15851,228cdde09744468683e02cd63f87006d28d3f97f87aca11599e570b6626209fe
13765,6,0,6,0,-26.327,other,unlisted_only,13765 14143 15629 15785 15875 15889,40d4763295da1a567b39e612f2b65f79cb2edb7d0abf1ad066a25495635fedfd
13792,4,0,4,1,-11.541,other,unlisted_only,13792 13804 13816 13818,6b27a3b8be491b93760f00cb7c314ac28c2bf361ad777aab0c30e2cb922b1779
13819,2,0,2,0,-8.776,other,unlisted_only,13819 13923,543e0bc7d7b53aebb04b85b4893ec1b0021bf4af32d48a5631abb07cc9355d5c
13834,2,0,2,2,3.246,undetermined,unlisted_only,13834 15527,220f5f9c005fda28666b25dfdec48e73f1e9e383f58f89f1cef790b18f345845
13851,2,0,2,0,-8.776,other,unlisted_only,13851 25982,f44759388b94fa8427ef9203bb29991df9d2d1f8543b6c4e849f184e34403fd4
13879,2,0,2,0,-8.776,other,unlisted_only,13879 13885,72776c25f0b994d2c05c26f48f503bb730dafa57f3d8b7cda2254c70025229aa
13888,3,0,3,0,-13.164,other,unlisted_only,13888 13896 13918,ca984eca411ff21f18697d1f14ed2fd644369289a3c968f7b34205f5d018d4aa
13889,2,0,2,1,-2.765,undetermined,unlisted_only,13889 13929,1a25f278d846c61da717d51de6a7eae39c7f596c0e4fac5708154f9ccd55e760
13892,3,0,3,1,-7.153,other,unlisted_only,13892 13956 13973,3d127b0dcc36b1572d1d5cad2b9a4b2faac5c053f439183898b1add7b024df41
13926,2,0,2,0,-8.776,other,unlisted_only,13926 13931,337be268b97a3db981432b3771a3e1fc3575f6c98ec787b444fe4f73acbc3068
13927,4,0,4,0,-17.551,other,unlisted_only,13927 19862 22160 23299,52f6f2d67f8682bbae455d0a25bb98db035eb3621142c6641addb96adfc421e6
14097,380,0,380,75,-1216.567,other,unlisted_only,14097 14104 14456 14457 14463 14480 14522 14650 14949 15086 15090 15094 29736 29759 29833 29869 29877 29879 29972 30011 30031 30077 30115 30119 30121 30124 30130 30134 30136 30137 30140 30144 30147 30163 30167 30194 30233 30257 30278 30323 30335 30349 30353 30369 30403 30442 30472 30500 30510 30528 30529 30546 30555 30563 30599 30609 30617 30624 30649 30663 30672 30707 30722 30739 30770 30786 30798 30805 30812 30819 30858 30985 31015 31023 31025 31031 31035 31071 31116 31124 31141 31172 31173 31217 31220 31271 31304 31352 31398 31444 31471 31485 31488 31508 31512 31523 31525 31558 31581 31610 31625 31664 31705 31719 31721 31748 31836 31843 31868 31952 31981 32017 32058 32064 32089 32090 32107 32127 32130 32131 32167 32169 32201 32227 32235 32236 32247 32249 32253 32315 32336 32354 32393 32394 32399 32427 32435 32442 32467 32478 32486 32492 32542 32595 32617 32677 32679 32780 32791 32803 32816 32821 32901 32929 32933 32985 33055 33057 33107 33236 33317 33359 33373 33388 33553 33636 33642 33761 33778 33781 33804 33808 33827 33829 33832 33848 33864 33867 33876 33884 33902 33903 33906 33947 33948 33949 33959 33964 33967 33972 33991 34002 34009 34010 34034 34037 34048 34092 34105 34112 34143 34151 34191 34226 34240 34320 34396 34398 34439 34442 34488 34515 34528 34529 34676 34690 34742 34746 34796 34816 34871 34875 34876 34897 34912 35250 35268 35270 35283 35302 35306 35318 35319 35333 35342 35353 35437 35438 35475 35480 35481 35492 35571 35582 35589 35627 35799 35827 35830 35848 35858 35873 35895 35897 35911 35913 35918 35939 35943 35991 35995 36003 36015 36053 36066 36106 36119 36140 36150 36157 36167 36201 36203 36232 36243 36254 36265 36266 36311 36330 36367 36369 36392 36393 36400 36414 36424 36434 36443 36457 36516 36558 36560 36577 36627 36641 36678 36925 36959 36968 37027 37102 37147 37149 37187 37298 37402 37416 37435 37481 37501 37561 37686 37726 37798 37882 37897 37898 37912 37938 38427 38505 38596 38684 38842 38881 38898 38912 38971 39092 39181 39239 39396 39468 39583 39691 39719 39725 39923 39981 40004 40010 40050 40084 40101 40106 40348 40394 40524 40787 40860 40951 41014 41182 41198 41210 41278 41373 41472 41563 41683 41916 41959 41969 42307 42423 42457 42499 42558 42657 42867 42936 43088 43110 43113 43314 43404 43406 43490 43570,4681ae540cf953bf69ac890af6eba3647dcd3469b5f20052723a3ec3414ec2a6
14102,39,0,39,9,-117.028,other,unlisted_only,14102 29955 30932 31061 31369 31552 31819 31961 32302 32514 32539 32782 32936 33032 33063 33178 33218 33336 33521 34259 34435 34747 34834 35372 35901 36658 36851 39334 39753 41371 43943 44152 45080 45877 46171 46715 46907 50501 54361,902294150489b01bda31caf907bdc3f8452ec43e4e5ead391e6319b785db60a2
14437,60,0,60,13,-185.129,other,unlisted_only,14437 14509 14532 14542 14544 14557 14564 14565 14607 14613 14674 14702 14703 14725 14770 14778 14786 14846 14900 14907 14914 14977 14982 14987 15059 15067 15072 15082 15084 15131 15145 15151 15155 15167 15169 15187 15193 15206 15241 15268 15283 15313 15348 15363 15373 15403 15426 15433 15483 15500 15512 15525 15569 15587 15632 15685 15717 15764 15776 15799,06032a172f88ba823785f87341eab26ee7a2eb2de9d2f105220d6580e3affc16
14451,42,0,42,7,-142.214,other,unlisted_only,14451 14638 14937 30470 30749 31267 31418 31820 32112 32126 32445 33688 33859 34041 34084 34213 34468 34696 34718 34769 35291 35407 35596 35604 35699 35838 36480 37525 38397 39053 39289 39835 40937 41463 41938 43960 44299 46399 46497 48218 48537 52308,d9dc1879851b61a50411f14542b7cf3d9e7dd6c4e5e0f7bafdfdf86650dabf3e
15571,60,0,60,13,-185.129,other,unlisted_only,15571 15863 15903 15927 15963 15979 15984 16000 16027 16039 16062 16066 16071 16083 16085 16120 16122 16174 16185 16190 16212 16217 16226 16229 16232 16237 16246 16720 16721 16774 16778 16822 16831 16862 16880 16883 16885 16928 16946 16949 16962 16983 17036 17062 17089 17109 17139 17147 17181 17188 17195 17204 17211 17498 17533 17552 17573 17589 17645 17653,3b24c9a9540f0b0236b58ffe716a905bfb0f45aa9efe96ee4656301ea1153412
16079,20,0,20,4,-63.713,other,unlisted_only,16079 16699 16825 16965 17143 17209 17502 17577 17648 17803 17814 17835 17846 17859 17869 17885 17904 17917 17918 17935,1e17fceec98e0d489548399860c7a7f5ad7b5fed4a76a1d73485c3b6703238f5
16624,4,0,4,2,-5.53,undetermined,unlisted_only,16624 25089 27769 42124,ed5840c1ec622fbfcbfa963cc30e7147857a14511e775da939cd68ea3c5b7662
17153,2,0,2,2,3.246,undetermined,unlisted_only,17153 24755,8be3a843e78ae10ae3f64900b14577a94ecb488b374faac9adeff56ad10ca13b
17875,120,0,120,26,-370.259,other,unlisted_only,17875 17955 18005 18047 18048 18050 18062 18066 18091 18099 18102 18169 18172 18176 18193 18203 18215 18218 18220 18254 18264 18304 18307 18311 18324 18336 18338 18342 18347 18368 18380 18385 18406 18408 18410 18412 18418 18424 18429 18473 18505 18528 18549 18579 18606 18640 18647 18649 18650 18654 18661 18670 18682 18688 18709 18726 18734 18760 18763 18771 18774 18791 18811 18818 18840 18843 18852 18872 18881 18916 18979 18996 19013 19024 19033 19036 19052 19106 19108 19109 19132 19141 19143 19158 19184 19216 19226 19242 19254 19260 19273 19308 19312 19320 19324 19370 19392 19416 19420 19428 19435 19442 19447 19470 19492 19522 19540 19554 19582 19584 19591 19599 19624 19627 19629 19631 19636 19661 19701 19718,123a3968cd91b42cc1ecfb3d0d11e5b09d21e923344847a1e4b2577d3bbc69a2
17919,7,0,7,1,-24.704,other,unlisted_only,17919 17926 17928 17957 17993 18019 18024,ed93581bd73cb9fe17d3f51a73986bed86583e6ab0a468d3251deeb3f5b3f2ef
17946,4,0,4,0,-17.551,other,unlisted_only,17946 18012 18020 18023,957877421693f3f14087e39a3e64c16ddb3119494c782e65ede29e5aed0a635d
18122,4,0,4,2,-5.53,undetermined,unlisted_only,18122 20948 30809 31745,6c0dc49e8d909e48776d2cc5e62c7b052edb6f13314b295114f7fdcaa8417a77
18255,110,0,110,28,-314.358,other,unlisted_only,18255 18353 18440 18495 18557 18692 19147 19245 19374 19586 19685 19687 19713 19740 19760 19766 19776 19780 19787 19788 19820 19831 19844 19847 19858 19881 19886 19893 20029 20036 20042 20046 20055 20070 20090 20122 20142 20163 20172 20187 20188 20189 20192 20193 20194 20200 20209 20215 20236 20245 20247 20272 20285 20301 20305 20306 20307 20309 20316 20324 20329 20333 20338 20343 20346 20347 20348 20358 20365 20370 20374 20376 20377 20383 20386 20387 20389 20394 20402 20403 20406 20409 20411 20414 20415 20417 20419 20424 20431 20432 20436 20437 20438 20443 20470 20502 20518 20519 20523 20525 20541 20548 20553 20570 20588 20609 20612 20625 20626 20632,cdfd2e9b4ba6d086f4281699bb34f4398697c2fab699a2be0a591ede351b3947
18360,2,0,2,1,-2.765,undetermined,unlisted_only,18360 18362,4dad7dd01dd65eaf24c75aa833af02002e3cb5494d8b524f6ad809976ec2132e
18492,4,0,4,1,-11.541,other,unlisted_only,18492 18913 19527 19651,137fd3817db14eea84b830da1ce2217dcba7990a016703314c6b16b1d7ace5c6
18493,24,0,24,5,-75.254,other,unlisted_only,18493 18532 18565 18667 18672 18698 18714 18731 18732 18783 18800 18935 18992 19015 19095 19188 19289 19296 19335 19351 19357 19380 19388 19413,bc6f3285802455aa80ab4ae604ede4a7e435096fa01d2ccd1bfeee9a853d60a3
18521,8,0,8,1,-29.092,other,unlisted_only,18521 18828 18850 18856 18889 19201 19213 19293,b659eea2147c5f488100f4a24a693581d135925bb0366ecb4f5128b5fb1216f2
18582,10,0,10,2,-31.857,other,unlisted_only,18582 18832 18885 18894 18955 19168 19231 19315 19366 19389,04975253dec9d66534189a5059702ffd716e3cc0f1ea4e038d070c578135ae6f
18652,4,0,4,1,-11.541,other,unlisted_only,18652 24041 32368 42144,4634696603d0f6f9846876adc1f30da31df61de0de25e099c014f6a66191b6d2
19375,8,0,8,1,-29.092,other,unlisted_only,19375 19403 20911 21384 21386 32151 41696 44177,75097c2bab81d14ceadc97c5c14b2a832a1d035e205d54952d801edf58f13473
19781,4,0,4,2,-5.53,undetermined,unlisted_only,19781 25024 28025 33219,f54e6fb2e1c9adaf1cd044f302d2484d99438cdd7538cf7e92550758d67b1783
19984,61,0,61,11,-201.539,other,unlisted_only,19984 20002 20019 20050 20084 20095 20105 20199 20201 20255 20260 20269 20280 20335 20337 20339 20351 20353 20360 20361 20364 20369 20372 20373 20381 20391 20395 20398 20399 20405 20428 20430 20435 20440 20447 20450 20464 20474 20667 20668 20669 20671 20683 20698 20727 20729 20730 20780 20787 20805 20812 20823 20830 20871 20891 20896 20900 20909 20937 20944 20967,728d23b0e4cc70b2ffd246a22a660b5d0bafff19ef1350bfd4672efb44f64bb5
20198,2,0,2,0,-8.776,other,unlisted_only,20198 20203,9b9176f85a4b21b6e0d1be4a41122b659d7724abe7da8a8d7983899fc845ab21
20656,36,0,36,9,-103.865,other,unlisted_only,20656 20659 20663 20665 20704 20724 20737 20738 20747 20752 20754 20766 20770 20776 20781 20839 20842 20846 20859 20875 20876 20890 20916 20933 20935 20943 20950 20981 20983 20987 20999 21005 21008 21013 21165 21173,3e6994691cce8ce35f3b1331896b05b600ea512c9a7bb63a8e14612d5ec897ad
20716,9,0,9,2,-27.469,other,unlisted_only,20716 20834 21189 21196 21199 21210 21240 21247 21254,18bd07424d7ef0e2902e04f7ffac4ac9676dfbb41118af4323e352e1398c05d7
21449,8,0,8,2,-23.081,other,unlisted_only,21449 21450 21455 21457 21458 23112 23129 23524,7af280d82b9265c76f12dfe9c43ad10b64748db69bccf33a315291e9eff522bb
21452,10,0,10,2,-31.857,other,unlisted_only,21452 21453 21456 23101 23122 23123 23133 23148 23150 23151,82956e3e9a58ccacfef66088ba872887193dbc1ed2d24f88a540fdbd47d22491
21581,3,0,3,0,-13.164,other,unlisted_only,21581 33492 38498,50123bbb315f212c16fef2fd300cdfe301b43c6fb2cce3cbef56d8fdfc2d352b
21590,101,0,101,15,-353.01,other,unlisted_only,21590 21592 21594 21596 21629 21633 21656 21659 21695 21700 21723 21734 21750 21760 21763 21764 21766 21770 21773 21774 21786 21793 21819 21827 21840 21861 21871 21890 21914 21917 21918 21939 21942 21981 21987 22013 22016 22034 22035 22036 22081 22087 22096 22113 22132 22158 22159 22205 22208 22210 22213 22216 22223 22271 22284 22360 22369 22382 22385 22397 22398 22402 22418 22433 22439 22447 22459 22461 22463 22470 22472 22486 22565 22566 22569 22586 22589 22609 22630 22634 22639 22683 22689 22722 22726 22753 22764 22776 22790 22791 22812 22813 22828 22831 22850 22862 22895 22908 22918 22954 22956,9fc9f9ac9c516925f0cac51323e626af63fcfee74e0bce9a4be612de9cc1e201
21606,40,0,40,10,-115.405,other,unlisted_only,21606 21609 21790 21835 21963 21996 22067 22080 22185 22347 22386 22627 22735 22768 22820 22949 22963 22964 22966 22994 23019 23020 23051 23062 23065 23076 23095 23099 23107 23144 23160 23173 23177 23196 23201 23222 23248 23252 23268 23286,717a9f02d6bafa69f0119b7f87dab7cb697d6f30979cc72ba8d99827e8ce7d6f
21671,6,0,6,2,-14.305,other,unlisted_only,21671 21674 21675 21704 21713 21720,c235d6d86a7cc4a932045295b3d2558a0582a8b8eb078978cc8e23cdca056970
21780,14,0,14,2,-49.408,other,unlisted_only,21780 21788 21797 21811 21813 21838 21845 21847 21853 21858 21864 21869 21882 21884,374acc94a6ceeac1722a1a10f69c561698c0a4f8389d657425d50a17b9880691
21859,3,0,3,1,-7.153,other,unlisted_only,21859 22741 28705,157bb34c1d847396e164b138e85a47d0800908153b2246d2e8e2a8ca54d2ae56
22167,13,0,13,1,-51.031,other,unlisted_only,22167 22181 22184 22187 22192 22196 22222 22225 22228 22258 22260 22267 22287,896e7774cc4f7aa65fa3736c6d0d91a1bccdb4c2a3fb78007830c68439da10dc
22678,8,0,8,1,-29.092,other,unlisted_only,22678 22686 22690 22696 22717 22723 22731 22737,831525b6cc45326dd170a26d7f8553dc70780736e30f525840dfa1175337f59d
23317,20,0,20,2,-75.735,other,unlisted_only,23317 23334 23344 23349 23371 23408 23410 23412 23413 23421 23422 23423 23425 23427 23428 23431 23436 23472 23474 23495,315f41f6ca3bf76938bc7a1f28ae1c77ecc8a64d0a0d37476ed7f9e706947765
23343,30,0,30,3,-113.603,other,unlisted_only,23343 23507 23509 23526 23542 23559 23592 23596 23604 23632 23636 23637 23648 23685 23689 23693 23704 23706 23717 23737 23751 23764 23770 23780 23803 23807 23819 23826 23834 23852,d705df2ba5f32dff9ff275eb57865690656656cf67ef5b85a236df2cea353840
23396,6,0,6,0,-26.327,other,unlisted_only,23396 23482 23484 23488 23493 23498,a2ccf09e7031426666ad295a3e7b7477393ddacbb66134157c8f1860de6d4ef7
23439,5,0,5,1,-15.928,other,unlisted_only,23439 28839 29916 31825 46701,adae870f1e740653e12fc2f16e5f233d1946061240b4b43c1babdbb744049902
23441,2,0,2,0,-8.776,other,unlisted_only,23441 31498,59d7abee07c0ff44a13574526bdaeac12c0486f6034df28416b14f649a5cbe9b
23470,5,0,5,1,-15.928,other,unlisted_only,23470 23506 28741 30227 32526,2f20905c0911a1cd7633d2a8ef435024d13caf5985a388037f77f3db2c642475
23516,20,0,20,5,-57.703,other,unlisted_only,23516 23533 23701 28736 28785 28847 28922 28998 29081 30208 30573 30665 30670 30745 31089 31375 31411 32504 38008 43261,123ec0928a43d2aa07b5bc66ca19b44d7d9df36ef6d3e1464bca347ba83979cd
23521,16,0,16,3,-52.173,other,unlisted_only,23521 23535 23547 23549 23550 23555 23561 23572 23581 23587 23595 23598 23605 23615 23631 23634,11e5b0bbf5a4f567525721f45d89bd30a2888c829b333a4a50710148777200d3
23527,3,0,3,1,-7.153,other,unlisted_only,23527 23665 31060,323a382e38fd72467dde9b62472fd366eca623d10efff540d423dcffa20c0d3f
23580,3,0,3,0,-13.164,other,unlisted_only,23580 29065 32425,6efd4fee6547c3919a829d8650cc3a2275c0c9a554d50131594f312806c1967a
23586,100,0,100,26,-282.502,other,unlisted_only,23586 23609 23868 23870 23921 23938 23950 23958 23966 24022 24036 24122 24147 24170 24173 24183 24213 24229 24230 24240 24242 24243 24259 24265 24267 24270 24273 24277 24281 24283 24284 24286 24301 24323 24334 24345 24356 24381 24385 24405 24420 24422 24443 24446 24458 24479 24484 24502 24506 24509 24519 24525 24529 24530 24559 24562 24571 24590 24606 24637 24660 24680 24705 24722 24741 24758 24766 24767 24795 24796 24840 24853 24867 24915 24932 24935 24937 24944 24948 24959 24979 24983 24987 25001 25006 25019 25022 25027 25038 25043 25047 25066 25080 25091 25093 25114 25120 25124 25137 25138,837453f2c50bf10e28c115b844344720cd76766fd14d44586b40a5d8e6cb33d8
23617,84,0,84,13,-290.438,other,unlisted_only,23617 23623 23718 23722 23723 24008 24064 24067 24090 24247 24274 24728 24757 24924 25041 25202 25295 25432 25507 25513 25573 25618 25644 25659 25778 25885 25943 26003 26004 26023 26059 26131 26178 26194 26205 26298 26408 26511 26514 26585 26799 26901 26999 27046 27056 27091 27196 27209 27359 27500 27541 27691 27740 27918 28030 28126 28300 28361 28381 28549 29055 29458 29506 30003 30473 30615 31043 31191 31296 31454 31585 31867 32022 32046 32113 32147 32183 40239 41379 42414 42643 42901 45910 46177,6827872cccd912a2ed5f4b7f603a570b97f6e68a8c2a9048b4f88417691f8d33
23649,2,0,2,0,-8.776,other,unlisted_only,23649 32208,9e307db0177db537c4c2ff90e10076a7d9cec6e181cf1cc101f338ebde48b2da
23661,13,0,13,1,-51.031,other,unlisted_only,23661 23668 23676 23695 23714 23726 23730 23733 23745 23768 23791 23795 23814,311518ff986d423a6ea1d1f33fb5bcbbf52a45da078b4d359588bea7e0e8dc9c
23663,60,0,60,15,-173.108,other,unlisted_only,23663 23881 23914 23974 24010 24280 24294 24485 24550 24657 24864 24957 24988 25030 25054 25118 25385 25684 25796 26065 26135 26292 26368 26445 27148 27571 27608 27672 27851 27910 27970 27987 28065 28079 28511 28966 28995 29050 29399 29590 29685 29998 30762 30803 31083 31282 31465 31573 31662 31687 31892 39970 39988 41990 43921 46082 46336 46397 47867 47892,26524a1d5caa15ab28b8919d81a2e8ec1f7822e59444e54820fcdfc9cfd41a7f
23679,9,0,9,0,-39.491,other,unlisted_only,23679 28953 29119 29820 29975 31029 31503 31566 31701,b3a7521c15a5926aea2692aa8298a148cf8375ea3cf7962f272f99369fd9a5c1
23681,6,0,6,3,-8.294,other,unlisted_only,23681 29844 30943 43309 43948 48268,89f5b1f9a9dad54cab62e6230a37e013683b44401e333dcb03ecd74e02957f25
23697,39,1,38,9,-117.028,other,unlisted_majority,23697 24107 24410 24468 24475 24504 24785 24963 25424 25565 25630 25647 25879 26038 26100 26247 26255 26426 26437 26607 27206 27296 28462 28607 28724 29141 29218 29323 29390 29551 29838 29915 30069 30071 32193 41980 43122 46333 46864,66829539576d0b3b9180aa882622675760c23e5ba7f862dcb38dba034993636d
23698,5,0,5,0,-21.939,other,unlisted_only,23698 28824 28936 29074 30898,0786de9e08549671ac0b02235e93a2ded526e4eec7f15c725712962416c661e3
23800,39,0,39,10,-111.017,other,unlisted_only,23800 24003 24019 24264 24555 24732 24960 25330 25600 25929 26040 26405 26493 26781 26843 26936 26961 27011 27345 27627 27735 28001 28317 28470 28710 28723 29289 29543 29949 30359 30537 31908 32121 42143 42712 43974 43997 46078 46422,df4dc3030ffd300b9b83906217cab8a4118560801d7b1ef912dc650446d6b4d0
23824,10,0,10,0,-43.879,other,unlisted_only,23824 23827 23832 23845 23846 23858 23866 23872 23925 23931,8a1c5f21902e300850904dee0772fa7222216697c448edfc13a388a6a73472de
23828,15,0,15,2,-53.796,other,unlisted_only,23828 23841 24407 24634 25149 25255 25728 26213 26300 26863 27422 28312 28439 42625 46109,ae4f6ddde511042076cf5c7865e0ec9318edcc3e1b32e1e632fe5df4e009d98e
23836,5,0,5,1,-15.928,other,unlisted_only,23836 25210 25910 29495 40038,bbe3afc9215b94ffe50552920ec33d7eeaa3edacdd83c12991da772c664af624
23933,18,0,18,3,-60.949,other,unlisted_only,23933 24005 24308 24735 25175 25345 25898 26249 27150 28105 28118 28600 29191 29440 30495 30713 31592 31776,404fad45309ff0f39fcacfc8f70217c77c662a4132995c1aaf59560b416b263f
23940,79,0,79,14,-262.488,other,unlisted_only,23940 24119 24182 24299 24316 24328 24329 24336 24338 24348 24349 24354 24359 24369 24374 24376 24379 24384 24387 24389 24424 24432 24440 24444 24445 24459 24472 24480 24492 24495 24498 24513 24520 24526 24538 24546 24593 24602 24607 24617 24622 24626 24643 24647 24653 24656 24700 24701 24717 24718 24719 24720 24751 24762 24772 24777 24780 24784 24787 24801 24807 24810 24811 24824 24829 24832 24836 24869 24871 24883 24892 24897 24907 24918 24923 24927 24931 24968 24974,4aa98b18bb6766463b4a84c3da86decc066e7744670fe7009a78017a0027a344
23960,10,0,10,1,-37.868,other,unlisted_only,23960 24047 24079 24088 24105 24166 24192 24293 24296 24305,c842f40c439d1b274378a8c19115620404578b4d318237b8506493dcde56db7d
23980,20,0,20,2,-75.735,other,unlisted_only,23980 24322 24391 26392 26592 26764 26844 28893 28938 29639 30489 30687 31974 32050 40387 40429 42628 43904 45049 48288,a581a9592776f8afeaca938c75a0c228fcf278b3f03cf29f58de9f406b88f972
23988,65,0,65,7,-243.135,other,unlisted_only,23988 24066 24289 24460 24474 24541 24585 24694 24725 24886 24993 25020 25106 25553 25598 25606 25753 25777 25802 25809 25825 25861 26030 26111 26227 26288 26389 26513 26583 26807 26851 26904 27018 27054 27152 27341 27343 27927 27946 28297 28435 28679 28729 28801 28932 29075 29109 29395 29621 29677 30155 30676 31321 31601 31696 32060 32150 40014 40230 42105 42106 42809 46424 48336 51761,462a711c4f36087454a737f05d6203a1b0b370bef61d28a1b801873902c55a8e
23996,38,0,38,8,-118.651,other,unlisted_only,23996 24044 24251 24312 24798 25016 25153 25168 25745 25933 25937 26061 26236 26324 26360 26449 27036 27119 27292 27554 27612 27726 28015 28057 28084 28152 28177 28212 28235 28314 28522 28852 29102 30511 32071 42052 44005 44063,2105fa03712a0b960e706f4681dcb841674b274e59370bb98c8f143346f7e51f
24028,9,0,9,4,-15.447,other,unlisted_only,24028 24200 25203 25992 26244 26905 28407 29032 29737,87e353e4fdc5113be9d75c0025bcb9b5b379932c69949b4bd8f31b0bedaf25b0
24052,17,0,17,2,-62.572,other,unlisted_only,24052 24207 24431 24436 24483 24547 24558 24588 24670 24748 24771 24828 24920 24952 25012 25126 25393,b76d8d9fe2082040018456b13825cd835cc703f870528b45cf0d36dc6a268961
24053,38,0,38,11,-100.618,other,unlisted_only,24053 24155 24370 24442 24845 24919 24971 25237 25498 25521 25826 25860 25886 25900 25999 26070 26770 26860 27098 27168 27233 27245 27328 27508 27776 27975 28067 28823 29467 29662 30027 30550 31074 31091 31366 31773 42920 48671,bf81223699789d3c0ab93421d1f2c3681a59f289e7c677cefd8ebb0a788e39e6
24075,4,0,4,1,-11.541,other,unlisted_only,24075 24164 24175 24314,c650a26f418e25ad7b12da3545483c8a6291e53667de6733e6ecb38f2d3e902b
24086,20,0,20,6,-51.692,other,unlisted_only,24086 24246 24493 24995 25070 25191 25212 25930 26028 26108 26552 26943 27368 27787 27794 28166 31396 31584 41971 46019,60af499946f2fb3b3e3f6fcff814e75f9d561ad23c17114cf802109e4e61684e
24275,14,0,14,3,-43.397,other,unlisted_only,24275 24499 24500 25578 25935 26504 26624 27221 28726 29659 29830 43994 45879 47977,75c6c6f150273a861cdc839bdba7f03ac97fc0f0721f6562a9b50e8fb8e9ebda
24298,13,0,13,2,-45.02,other,unlisted_only,24298 25046 25322 26183 27692 27886 28485 28748 29477 29846 30763 31449 39963,b772a63b9c102ce9d52f68638ed526e4c91a349d1cfd688ff41d4ff7dd0a7258
24393,19,0,19,5,-53.315,other,unlisted_only,24393 24471 24564 25063 25274 25328 25994 26447 26679 28221 28563 28812 28844 29367 29586 29628 31939 40509 52012,9111774f9f21d72caa860369afca4ec491b14e98fdfe96d72cc67504d23d4c4b
24742,20,0,20,5,-57.703,other,unlisted_only,24742 24925 25102 25467 25972 26284 26318 26443 26852 27078 28043 28306 29299 29601 29880 31943 32051 42437 46247 48363,341c044a319078812a2dc1a4bc49e10e573e3a2d9ade5382a2c7807510db5624
24982,7,0,7,2,-18.693,other,unlisted_only,24982 24985 24990 25051 25071 25079 25083,668dbd88e9171be4b4c3ef54d16d48e8dba07bb70a821552d5606e7183aa3877
25098,38,0,38,6,-130.673,other,unlisted_only,25098 25099 25107 25122 25139 25141 25160 25163 25166 25167 25170 25181 25188 25192 25193 25214 25249 25269 25280 25282 25290 25302 25319 25329 25333 25379 25399 25402 25403 25409 25441 25447 25454 25460 25464 25481 25483 25496,1aae9d58e8826aa65ce985061a78642ec2d920e8a8bb1679aae35f7d496d25b4
25150,6,0,6,2,-14.305,other,unlisted_only,25150 25190 25762 26644 27454 48875,5f9c2a6e4efa24a679e1034f022a5ffdc5e0c8434db43147f8c00e39981b9a74
25230,3,0,3,2,-1.142,undetermined,unlisted_only,25230 28793 44279,1c15ad62a24cd7883431add9f29d411fd7bb2c63d0e6de1b6ebbe99ba809f7e0
25231,381,0,381,70,-1251.01,other,unlisted_only,25231 25236 25242 25253 25262 25268 25277 25306 25413 25472 25557 25561 25570 25575 25583 25619 25635 25662 25663 25695 25702 25772 25789 25800 25821 25838 25854 25865 25869 25924 25927 25936 25942 25973 26002 26010 26014 26017 26045 26053 26056 26066 26071 26073 26095 26102 26105 26142 26148 26152 26175 26177 26192 26193 26198 26217 26230 26231 26232 26233 26237 26238 26240 26243 26245 26248 26262 26268 26287 26303 26306 26309 26314 26327 26337 26340 26352 26381 26391 26400 26417 26470 26501 26512 26524 26529 26530 26532 26544 26546 26553 26559 26576 26577 26632 26635 26637 26670 26672 26698 26706 26712 26734 26739 26742 26743 26744 26751 26752 26766 26776 26777 26784 26788 26789 26792 26800 26805 26845 26850 26862 26882 26892 26895 26913 26917 26922 26973 26974 26984 26993 27001 27004 27007 27008 27051 27066 27067 27077 27087 27096 27104 27109 27115 27120 27121 27135 27138 27147 27149 27174 27183 27193 27199 27252 27264 27268 27277 27284 27289 27321 27329 27335 27361 27388 27397 27399 27407 27425 27426 27443 27482 27483 27485 27497 27517 27526 27530 27532 27558 27574 27578 27590 27630 27639 27658 27660 27664 27671 27684 27688 27703 27713 27724 27730 27733 27734 27736 27750 27761 27764 27772 27924 27938 27953 27965 27982 27998 28005 28020 28041 28049 28052 28060 28073 28075 28092 28112 28113 28115 28120 28204 28223 28249 28255 28264 28275 28277 28575 28647 28665 28670 28682 28706 28715 28730 28749 28755 28760 28767 28791 28798 28807 28820 28829 28836 28845 28848 28865 28879 28892 28900 28905 28954 28956 28960 28982 28993 29070 29101 29115 29118 29131 29145 29154 29219 29266 29267 29274 29279 29309 29312 29327 29331 29345 29392 29401 34916 34932 34959 35041 35050 35111 35142 35180 35189 35290 35293 35366 35378 35389 35397 35398 35421 35422 35432 35450 35488 35496 35521 35561 35566 35572 35575 35579 35613 35634 35673 35745 35972 35974 35984 36131 36179 36188 36245 36285 36329 36340 36366 36373 36382 36384 36420 36429 36489 36855 36905 37145 37152 37165 37174 37182 37184 37268 37331 37337 37455 37460 37474 37491 37505 37601 37608 37633 37668 37784 37787 37800 37823 37843 37847 37863 37881 37934 37948 38000 38019 38046 38097 38103 38142 38151 38204 38305 38370 38372 38392 38403 38530 38531 38656 38698 38718 38728 38778 38794 38963 38964 38980 39163,0f5007ea2f309b3609c08a6caab8986e04e7f064db2e2b68446c27c6e7c52232
25240,2,0,2,0,-8.776,other,unlisted_only,25240 35078,8c9613ac2919d7847caf53d703c38d16bab7e8e94d85ab3b77df2a268f0d971c
25344,5,0,5,0,-21.939,other,unlisted_only,25344 25767 31738 33447 33715,b6bb9ffba4d1bd3592ed9fffa104db737fbd32500aef4e3128dd4134485a3a88
25354,15,0,15,3,-47.785,other,unlisted_only,25354 25375 25436 25445 25446 25463 25469 25504 25519 25668 25670 25672 25709 25715 25731,819f122b0c80285becd2bfdc4ba2e160cf38f0fa80bcb89fa5b7cf49284d8532
25443,31,0,31,5,-105.969,other,unlisted_only,25443 25470 25484 25487 25528 25584 25589 25607 25620 25621 25627 25656 25671 25675 25717 25743 25749 25769 25770 25780 25791 25804 25805 25840 25845 25848 25873 25874 25887 25891 25892,28c0959d3b71fda237462e0bacd9c77e079d9557d8ed4d2b7e92c435dd42730d
25514,6,0,6,2,-14.305,other,unlisted_only,25514 25518 25560 25593 25614 25645,5d79327054118bfc51475b82319d11e041e23b581d36a4ff47302b95380a735e
25541,2,0,2,1,-2.765,undetermined,unlisted_only,25541 28784,ee8780fe84c116c423b5f81adcb495dfb7bd92f14c56dd952b67b70caf7772af
25564,2,0,2,0,-8.776,other,unlisted_only,25564 30536,a8e22a9134259a9a52fe820cafa5d82f5513b6308783ea90e52bf79ca01b9b5a
25690,15,0,15,3,-47.785,other,unlisted_only,25690 25700 25712 25725 25739 25748 25750 25757 25764 25793 25795 25798 25812 25813 25822,3cd9410fc4642ce3e4591f5f5600965bf5b104c81160d204afb2d9169c5b4ce8
25707,5,0,5,1,-15.928,other,unlisted_only,25707 26719 33082 36724 49389,c769a1913e19280777775166746b37db1068c6ce7db174c756119423745221c1
25719,5,0,5,2,-9.917,other,unlisted_only,25719 25965 26864 31542 50800,bfb8bfa5f4bdef2579907efb8f25d9001f719d87f816d57f9affaff3ca4b4aba
25775,5,0,5,0,-21.939,other,unlisted_only,25775 28979 30677 31518 33306,40b1061b5b222d5779a8c1cb1f68902d0fef56ba842c8165063ef67b3b911fc7
25849,10,0,10,0,-43.879,other,unlisted_only,25849 25852 25866 25883 25902 25905 25906 25907 25912 25923,03ebe95eb46ad1768f322516153779eb1fbae4b23fb2a88ee59a7b472e11cb33
25855,5,0,5,1,-15.928,other,unlisted_only,25855 26158 26927 28773 46117,5f2c1446253121143699056af466909e57e1d748a494e802b11189e68fc77edc
25950,40,0,40,8,-127.427,other,unlisted_only,25950 25960 25974 25998 26011 26013 26019 26020 26027 26033 26037 26047 26048 26075 26076 26079 26082 26084 26097 26101 26115 26132 26138 26139 26150 26154 26156 26162 26182 26186 26196 26197 26199 26201 26203 26215 26216 26220 26222 26246,6029e51c4706c8b12bfdc9bab2311cc99d7fd5ccca3701bff4af2935c4a89215
25970,2,0,2,0,-8.776,other,unlisted_only,25970 45115,eb03d74c3d949781758e2320ba56387101e00b716567fcf99ac61b9bf9d5c3af
26015,114,0,114,19,-386.009,other,unlisted_only,26015 26021 26042 26060 26081 26161 26181 26187 26189 26200 26212 26218 26221 26225 26226 26304 26343 26370 26431 26438 26442 26448 26458 26471 26478 26490 26492 26502 26510 26542 26565 26587 26604 26631 26636 26722 26724 26735 26806 26816 26820 26826 26848 26933 26953 26988 27021 27024 27025 27048 27070 27125 27132 27173 27228 27242 27290 27322 27383 27414 27438 27463 27490 27516 27540 28007 28009 28471 28502 28546 28650 28651 28681 28699 28703 28711 28719 28725 28864 28873 28924 28946 28975 29004 29024 29046 29077 32217 32264 32474 32755 32759 32793 32801 32848 32934 32939 32998 33053 33078 33245 33271 33433 33516 33544 33550 33591 33877 33939 33957 34046 34089 34125 34178,7d5fb1874f9dd45b7afdb8a3b831cf525676529b9d494ce06c60b954a478e3b2
26050,101,0,101,21,-316.944,other,unlisted_only,26050 26067 26083 26116 26118 26128 26151 26168 26170 26172 26188 26209 26223 26224 26354 26451 26469 26521 26534 26564 26590 26603 26610 26643 26645 26726 26738 26804 26811 26821 26939 27014 27016 27035 27043 27062 27064 27074 27158 27162 27191 27226 27244 27282 27287 27306 27375 27403 27434 27486 27514 27537 27999 28447 28496 28504 28515 28634 28641 28663 28688 28696 28720 28747 28763 28769 28802 28806 28875 28911 29002 29007 29010 29019 29083 32269 32482 32523 32561 32601 32776 32932 33086 33258 33532 33614 33637 33692 33704 33725 33872 33981 34079 34106 34136 34149 34212 34216 34221 34238 34274,b6af26bf360c141937de55a88ef8033852c372d188d38863a3e0ec1c71bd63eb
26258,10,0,10,3,-25.846,other,unlisted_only,26258 26412 26440 26454 26474 26523 26550 26598 26619 26647,e67c7cef9c59167046bee99a961a4ca75137c5ed4b697b30dc6e752ff1d50ecc
26264,20,0,20,3,-69.724,other,unlisted_only,26264 26316 26317 26346 26364 26386 26395 26396 26429 26430 26462 26465 26518 26522 26538 26568 26569 26629 26654 26659,9a12dc4ca6c7868e7320e6b916dc52046d148775c939481805bf3e063ac71f72
26269,20,0,20,4,-63.713,other,unlisted_only,26269 26272 26286 26302 26333 26334 26387 26393 26419 26427 26475 26481 26483 26539 26554 26566 26599 26633 26651 26656,6b85ad8bd569e29a4587a8f15ce22ef3e0372da2d1f9b160dabdaa50e9981c25
26397,5,0,5,1,-15.928,other,unlisted_only,26397 26861 29092 29407 35543,b94a3ca0cd234c7d1a49fc4b0094b30e7e1ca5ad92bc76109e9ff98bdb996879
26517,4,0,4,1,-11.541,other,unlisted_only,26517 31410 33449 35139,8968be131b1c4e6b2c3d076b26cfb4f108f52a8ca26b0069914d4c1006c4d7c4
26594,5,0,5,1,-15.928,other,unlisted_only,26594 28976 31395 49379 52563,c6e15e2877bb375ee951d873324747685ecc76490354aab70c67bb21ace2b59a
26685,10,0,10,2,-31.857,other,unlisted_only,26685 26694 26695 26708 26758 26760 26762 26771 26795 26797,da68e3c8be72c67502cb7245119fcddc540f9dadeb16bc1021fb57a329eab8bb
26745,19,0,19,3,-65.337,other,unlisted_only,26745 26794 26985 27363 27465 27555 27623 27644 27832 28004 28029 28372 28375 31333 31351 31356 31555 31612 33397,e76e500b19a1eb86e172fa7afe2a56d30d4898d55c8264b09e9699ba310a7307
26747,20,0,20,3,-69.724,other,unlisted_only,26747 26887 27492 27582 27681 27689 27788 27904 29478 30644 31174 31417 31420 31829 32067 33203 33459 34204 46899 47310,372749d5fab6cbded6bae39242f072fbfa6c0c40b66d98e4b405fe6564f3905f
26763,20,0,20,2,-75.735,other,unlisted_only,26763 27005 27466 27547 27584 27889 28048 28061 28213 28483 31413 32086 32572 33199 33469 33570 34126 34611 47262 49648,974676c7213b7ab930a704a89f6db579296b02a510c3cd7ba2b90da5e9d9abc8
26767,15,0,15,4,-41.774,other,unlisted_only,26767 26775 26914 27031 27211 27603 27607 27663 27793 27815 31478 31549 33361 33618 33909,32921b1b28ba4bd9d523d25bbe00f82efd25659a97ade38d8413ce7fdb150551
26779,19,0,19,5,-53.315,other,unlisted_only,26779 26980 27247 27304 27527 27638 27645 27841 27858 28170 28489 29259 29469 31643 32659 33248 34564 34707 47292,753143a14c905bc91b214d0be55b8886528c5ac58d3a4f47b81c6f331d50245b
26832,16,0,16,2,-58.184,other,unlisted_only,26832 26896 26986 27027 27614 28080 28085 28173 28199 29483 30251 31224 32581 33008 34706 49245,b5d858daa9fbdd9468d86232c356365e26294f0c493395a913a3f0bf5e3d3311
26883,67,0,67,14,-209.834,other,unlisted_only,26883 26903 26907 26908 26910 26948 26951 26955 26960 26965 26968 26976 26978 26982 26987 26990 26992 26994 27010 27017 27049 27052 27058 27059 27079 27081 27085 27090 27092 27094 27102 27106 27124 27126 27127 27129 27137 27139 27146 27156 27159 27166 27176 27194 27195 27207 27214 27215 27223 27239 27261 27276 27278 27280 27285 27288 27295 27299 27300 27305 27316 27318 27324 27331 27336 27340 27342,f2e5fdd316163507300b815797b6a4c0247a3053ae760a091c20779ba9999a65
26920,2,0,2,2,3.246,undetermined,unlisted_only,26920 32992,5ca86d2e344fcd29d0b713aa3d83dd91efb7c60d0f2edc231b35e6fdaaddcc11
26971,11,0,11,2,-36.245,other,unlisted_only,26971 27609 27719 31405 31639 31973 32644 32911 34381 47351 47378,b0d43f29ec629045b7f0800fd670367df22c6a0dbfb1f2511ccd371b94f6dafc
27356,13,0,13,6,-20.976,other,unlisted_only,27356 27364 27366 27370 27377 27380 27382 27384 27386 27390 27394 27398 27401,67fc73c770d5001be14f65c95f2f37e04e26c3f8c6a49519d2e63c594ea26756
27376,6,0,6,0,-26.327,other,unlisted_only,27376 27381 27391 27519 37987 44100,21b49ea1368a469f0369bb20779bd10e5469685312ee2e68cb293997e72efc8e
27411,319,0,319,59,-1045.083,other,unlisted_only,27411 27413 27419 27431 27433 27452 27460 27464 27468 27502 27506 27509 27522 27523 27538 27548 27551 27560 27563 27570 27572 27610 27655 27670 27679 27697 27705 27706 27711 27716 27723 27737 27745 27746 27752 27754 27765 27770 27785 27786 27791 27795 27799 27800 27802 27803 27804 27805 27806 27807 27814 27819 27821 27822 27827 27828 27831 27833 27836 27842 27843 27869 27874 27880 27883 27893 27895 27901 27906 27912 27916 27919 27922 27928 27932 27934 27937 27941 27950 27974 27981 27986 27993 27994 28006 28010 28021 28039 28069 28070 28082 28088 28100 28101 28116 28117 28121 28122 28123 28134 28136 28146 28150 28153 28157 28160 28163 28171 28184 28185 28188 28203 28205 28222 28224 28228 28229 28240 28243 28245 28250 28256 28258 28260 28261 28271 28273 28283 28284 28294 28295 28301 28310 28313 28335 28336 28343 28352 28357 28358 28359 28363 28367 28368 28371 28374 28378 28382 28383 28385 28390 28392 28396 28404 28418 28428 28433 28442 28445 28456 28457 28481 28495 28499 28528 28533 28538 28544 28550 28552 28559 28566 28571 28574 28595 28614 28625 28628 28630 28633 28637 28640 28644 28656 28662 28674 28680 28685 28686 28690 28697 28701 28702 28708 28712 28722 28728 28731 28737 28743 28750 28754 28757 28759 28764 28765 28768 28772 28786 28787 28788 28789 28795 28808 28810 28815 28816 28826 28831 28833 28837 28841 28862 28866 28870 28876 28882 28886 28906 28908 28914 28923 28925 28927 28942 28944 28945 28961 28963 28980 28988 28996 28997 29011 29016 29023 29031 29033 29034 29044 29051 29053 29054 29056 29060 29064 29089 29091 29096 29110 29114 29127 29130 29140 29151 29157 29161 29165 29177 29203 29205 29208 29209 29210 29213 29225 29229 29230 29237 29254 29270 29282 29314 29316 29318 29324 29338 29341 29346 29349 29354 29360 29365 29370 29384 29394 29400 29424 29428 29432 29435 29444 29447 29455 29457 29462 29465 29466 29472 29474 29481 29492 29493 29500 29503 29505 29528 29538 29542,3a5769fb2126d870aded5fcaced3bc49fa9768436101895931adb5246e41e957
27418,18,0,18,1,-72.971,other,unlisted_only,27418 27446 27451 27472 27535 27646 27748 27768 27881 27959 28186 28192 28394 28570 28580 28599 28617 28623,011ec07a1045414826985452669b45735ce9c4c991ff2fd18edfae54ff993d22
27436,76,0,76,11,-267.357,other,unlisted_only,27436 27493 27599 27640 27641 27686 27759 27773 27784 27823 27868 27948 28388 28412 28415 28417 28431 28518 28557 28658 28667 28673 28676 28698 28727 28758 28794 28796 28800 28827 28856 28860 28981 28989 29009 29030 29043 29123 29137 29156 29196 29227 29244 29290 29315 29376 29398 29600 29763 29785 29976 33775 33799 33800 34154 34600 34683 34832 34873 35746 35754 35775 35861 35898 35964 35999 36901 37250 37443 37516 37565 37705 38178 38833 38864 38934,91300a923a108af8fc23e78eb153979de9b2c8a7a23d0befb23b44c1f0fd02e2
27511,3,0,3,1,-7.153,other,unlisted_only,27511 27900 28218,32b4f53a2921a0eeafc136df61f568e7d091d18b1a2fc128f6287579942ce5b4
27552,2,0,2,0,-8.776,other,unlisted_only,27552 28635,d15ab90797dd2e91a99ce9b6bb5b8a976def6ba829b08cb07304ae3d25553720
27593,3,0,3,1,-7.153,other,unlisted_only,27593 27911 48489,0d08d98a909b4f00d6bc6c876fd1cb06dbe2009db0850b533a5af35f8e2e6853
27626,2,0,2,2,3.246,undetermined,unlisted_only,27626 27656,0e3371e9fda30d4afc4c52d92be0c0a1c89b79c18a404d9852efff08a7d55edb
27648,2,0,2,1,-2.765,undetermined,unlisted_only,27648 27674,dd96a190ff80b770b77524199d5120b01f9a137e46d87fdbd3b606009f4bb001
27685,2,0,2,1,-2.765,undetermined,unlisted_only,27685 27936,e3314c6b6ec0466804c855adaff356660dee8bbfc08969c71c6366586bb75b7d
27701,2,0,2,0,-8.776,other,unlisted_only,27701 27729,a8e7cb5ff856c66874ef7483edccd9203ecc397a63b884e8add356967239319d
27753,2,0,2,1,-2.765,undetermined,unlisted_only,27753 27909,e4e6d7d122b4b3e88a08dc2b436c6dfe46c7992e590e582ee8b79aa3a4bb571a
28161,51,0,51,4,-199.737,other,unlisted_only,28161 29375 31540 31663 31976 32024 32697 32948 33426 34195 34346 34525 34558 34606 34809 34980 34985 35000 35313 35323 35483 35864 36143 36386 36428 36503 36584 36645 36708 37723 38467 38855 38856 38956 39238 39769 39841 40140 40325 41803 42193 43019 43418 43542 43971 44331 44543 45692 48560 48583 51266,878c155efe3d06974275a82057eb1540453cbdcf3b9a89bbd423f4a462c6dc06
28506,4,0,4,1,-11.541,other,unlisted_only,28506 28512 28536 28539,9d92d3b0877e7a3dce8180cb926b08d76b21c13f720c4790f9427e12354f9b3e
28602,4,0,4,0,-17.551,other,unlisted_only,28602 28972 31364 31727,0c913b498a6f24d29c2dd6b6caecda93695808bcc779410690b1bd6d1d44a891
28660,20,0,20,2,-75.735,other,unlisted_only,28660 28695 28714 28716 28717 28779 28809 28813 28819 28821 28830 28846 28849 28855 28857 28861 28867 28877 28887 28895,1b95c5519f32f4e4d6c6e60af6660c2b17a92e0c54fa0c8b71932c283cdb2e91
28713,10,0,10,1,-37.868,other,unlisted_only,28713 31330 31332 31340 33164 33220 33232 33273 35656 35798,a55a9d1c54b0310f09e5236161b0e1d1daa7099ab9d8f15acbfa79840aba923c
28739,10,0,10,4,-19.835,other,unlisted_only,28739 28939 30187 30715 30931 31165 31233 32347 32688 43294,c410dd85721b487be76c2738a32258f90c238669f222a36182aebd0c67f9d8f8
28740,8,0,8,1,-29.092,other,unlisted_only,28740 28885 29909 29934 30252 31200 31435 32416,4ace5d9fd3723f9f6fa08c6d261c2eb3181b561712b068f86e83ca93bee5070e
28745,7,0,7,3,-12.682,other,unlisted_only,28745 28766 29908 30086 30261 30481 32544,695500a9d5e3484504b79281e3c2c7e9f2bdf6dd284081474fe97145614cb0d0
28756,7,0,7,1,-24.704,other,unlisted_only,28756 30092 30467 31746 43190 46314 48265,c872bbfe677330b9a2be36c05222b5139d65e6906b5f898d392a8cd16ff44a92
28761,5,0,5,2,-9.917,other,unlisted_only,28761 28776 29589 31535 33292,afdaa8924d6cc4e084b74d548be46eececeb51125fb8430639bdbc9268018103
28775,10,0,10,0,-43.879,other,unlisted_only,28775 28818 28840 28898 28899 28904 28912 28919 28920 28952,1b1dbad5485b04f40b8151bad90139d4f86a07fdbd5523b35a979094b0b8f017
28777,2,0,2,0,-8.776,other,unlisted_only,28777 33709,7c25f47dc7577f504f8ca80fc480fa2221808de39c75309277f38094a47e15a8
28782,6,0,6,1,-20.316,other,unlisted_only,28782 29133 30460 30857 31020 44500,e044045128638dfc5faf9e7450f9182f009b17ad8430dd006f92147fd4160db3
28792,2,0,2,0,-8.776,other,unlisted_only,28792 29433,224f0241d94e63b255436979b6d25a5bd3b669bfa968efc8427a01a60d1afebe
28872,3,0,3,1,-7.153,other,unlisted_only,28872 28890 28931,e9cd4e54298b6b4e819e54763a99a7834d1e6d4ab6f556137d2b32e4e5eaa3ef
28878,6,0,6,3,-8.294,other,unlisted_only,28878 28897 28913 28916 28968 28971,70f38f3ac235f65698e8c8c2589b9f0156d7700d12417dc916e6f2bf4ba12a7e
28955,60,0,60,12,-191.14,other,unlisted_only,28955 28958 28967 28977 28985 28991 29003 29006 29012 29018 29027 29036 29057 29063 29069 29086 29087 29095 29100 29103 29106 29112 29120 29124 29146 29150 29152 29158 29162 29174 29175 29183 29184 29192 29198 29199 29201 29211 29215 29220 29221 29232 29234 29235 29242 29248 29253 29256 29257 29262 29275 29277 29283 29285 29288 29292 29293 29300 29303 29306,7bfa5a4a5d0ba60497f4c61b9ab3b289017cf5f9f9eb68c558614388f0383be6
28969,6,0,6,1,-20.316,other,unlisted_only,28969 28987 29022 29049 29144 29305,ff4e84bca11c213cbc26104b075945d2744a34ea0d335e8c50a357bb3e63f37b
29001,9,0,9,0,-39.491,other,unlisted_only,29001 29870 30018 30352 30535 30888 31001 31337 31859,b3707e390045a430ca662bdc1d825ea0b93b3cf4280badb83e66ab55aa718ce2
29013,36,0,36,3,-139.93,other,unlisted_only,29013 34931 35260 35453 35797 36712 36804 36857 36868 37038 37074 37092 37489 37536 37725 38087 38688 39192 39715 40798 41149 41673 42051 42434 42926 47438 47536 47982 50579 52228 52703 52744 52940 53114 53485 54249,551ff81cf0c27022767f68c7251c73702d1739c7ef8be0aedd3f94dd7cf95025
29028,75,0,75,12,-256.958,other,unlisted_only,29028 34740 34864 35042 35101 35178 35213 35344 35486 35593 35632 35769 35803 36738 36856 36858 36872 36961 37032 37151 37604 37630 37674 37718 37820 37977 38131 38165 38328 38412 38765 38899 39011 39064 39078 39373 39568 39622 39732 39760 39783 39789 40006 40403 40701 40760 40845 40960 41105 41934 42355 42382 42511 43003 47148 47427 47642 48344 50178 50317 51285 51570 51658 51971 52123 52738 52754 53185 53249 53321 53684 54006 54047 54077 54149,98f14aa0fe2155e65324c3219082a21fcd0d07efbfbdceab787a5fcbb00a2581
29058,20,0,20,2,-75.735,other,unlisted_only,29058 29204 29497 29508 29518 29815 29816 30238 30248 30289 30727 30873 30901 31034 31080 31082 31101 31158 31254 31871,1571486b5c00e11f5401feebfe70969394e25326aa1bfaf528f64c226db09a07
29105,34,0,34,4,-125.144,other,unlisted_only,29105 29116 29181 29297 29320 29348 29358 29363 29369 29387 29423 29448 29574 29619 29701 29807 29862 29939 29941 29950 30096 30098 30246 30266 30864 30876 30882 30884 30905 31026 31325 31399 31468 35786,2db79e897c840370d127da22b9f802832262c3c80948054253f059f510d34e1b
29185,10,0,10,1,-37.868,other,unlisted_only,29185 29409 29429 29626 29827 29935 30627 30904 35989 36022,16f7c6bb326d8519987c8b6fec4ae1ce1f230a064447796089c1cf363088c912
29195,7,0,7,2,-18.693,other,unlisted_only,29195 29202 29212 29223 29226 29247 29249,6b1b98a3c9323ea3ce49e2bfe8ec158ed094908ecb5cfeb7575683ecdcb84849
29246,34,0,34,5,-119.133,other,unlisted_only,29246 30073 31809 31818 32583 32822 32835 32922 33463 33782 33805 33835 33900 34081 34408 35386 35387 35696 35970 37406 37496 37962 39483 42482 43319 43416 43594 44121 44384 45188 45770 47296 47979 48629,972dba5f93a2884c261a66aa593072c995238df62ccbeb0ebebc6dedc5016e51
29263,9,0,9,4,-15.447,other,unlisted_only,29263 30375 31985 33170 33172 35089 39067 40128 53554,b1dbb303e5f96ff4b3919ce567309881e4a2349b2d708420dbf9379f82c48608
29268,2,0,2,1,-2.765,undetermined,unlisted_only,29268 33809,489492cad0b7f8ffeedaf686cee924d40e53566c9008c81c97f656929e0b3f94
29269,20,0,20,2,-75.735,other,unlisted_only,29269 29996 31129 31734 32076 32219 32574 33416 35466 35698 36379 37277 37316 38070 39357 39626 41108 41638 43397 48673,c70f8e45b60eaa2e1d004f6ab6d4e8bd38269cfca720a3b9b3eeaa3c88115a39
29271,114,0,114,31,-313.877,other,unlisted_only,29271 29547 29602 29652 29702 29717 30128 30301 31139 31183 31189 31192 31196 31219 31274 31442 31546 31578 31700 31735 31822 31857 31917 32010 32045 32088 32119 32326 32383 32398 32403 32411 32414 32441 32465 32582 32622 32786 32804 32921 32931 33099 33136 33894 33899 33986 34411 34416 34417 34418 34585 34592 34736 35103 35123 35124 35223 35224 35363 35375 35377 35460 35469 35502 35522 35550 35856 35956 36103 36304 36338 36522 36909 37248 37498 37511 37965 38031 38468 38952 39019 39461 39711 39933 40261 40308 40402 40947 40949 41107 41244 41441 41470 41532 41598 41947 42512 42879 42903 43279 43600 43907 43964 44334 44336 44927 45058 45088 45103 47300 47547 48018 48355 48773,4cfaeed71e28e05faf57549048c1f32975243f99dab4caf89d2859f9819c61fe
29280,5,0,5,1,-15.928,other,unlisted_only,29280 29337 29452 29511 29524,66416b1cf7130aaff13e8a60bf0d0f7e66375bf7978ae032790102bf227ef7b9
29284,20,0,20,7,-45.681,other,unlisted_only,29284 31117 31121 31167 31187 31876 32268 32812 33772 33887 37772 40392 41377 42229 43657 43962 46645 47941 52929 54083,e83d8066a044f066eecc45b7164b2328c7e4af962ff100a2981ac93a6d1cb296
29287,2,0,2,0,-8.776,other,unlisted_only,29287 34414,3a708299601ded86074bdd5a632040d91b8fd2c2d122b3259682d41a02edda90
29329,212,0,212,50,-629.68,other,unlisted_only,29329 29332 29344 29355 29374 29438 29484 29502 29512 29526 29539 29593 29604 29617 29631 29638 29651 29656 29671 29716 29721 29728 29729 29757 29774 29806 29809 29828 29836 29863 29878 29882 29884 29889 29906 29911 29929 29933 29986 29997 30012 30025 30046 30068 30108 30111 30164 30174 30175 30197 30207 30209 30242 30270 30281 30332 30428 30429 30456 30457 30474 30476 30505 30506 30560 30603 30626 30634 30767 30802 30829 30849 30860 30869 30934 30939 30953 30965 30967 30980 30990 31000 31017 31033 31042 31057 31070 31090 31103 31105 31110 31113 31119 31140 31145 31161 31162 31205 31209 31284 31298 31320 31336 31342 31359 31383 31440 31450 31453 31457 31519 31603 31607 31632 31633 31641 31645 31651 31709 31712 31808 31840 31842 31919 31989 32007 32008 32195 32279 32305 32310 32507 32508 32524 32525 32527 32534 32565 32631 32633 32635 32656 32662 32687 32706 32717 32734 32806 32868 32870 32874 32881 32890 32945 32958 32986 32990 32993 33048 33089 33108 33124 33150 33193 33262 33316 33389 33419 33429 33444 33464 33476 33486 33508 33547 33558 33561 33564 33604 33668 33711 33789 33815 33882 33883 33892 33925 33950 33974 33976 34028 34064 34090 34108 34114 34119 34121 34133 34179 34282 34288 34305 34333 34360 34431 34436 34448 34449 34454 34481 34484 48872,50a7e77df0ebf4414df491a8335ce6f58c9f165eb679c8de0a15a2d10466b048
29334,189,0,189,33,-630.945,other,unlisted_only,29334 29339 29352 29362 29366 29442 29464 29488 29489 29490 29496 29498 29509 29521 29525 29536 29550 29561 29564 29591 29615 29623 29636 29644 29665 29667 29670 29691 29744 29752 29767 29777 29788 29796 29811 29814 29837 29907 29931 29952 29979 29995 30002 30020 30021 30032 30044 30072 30184 30212 30262 30263 30309 30377 30419 30422 30455 30459 30504 30520 30526 30583 30605 30625 30654 30682 30712 30792 30833 30878 30891 30896 30914 30927 30964 30989 30992 30994 30995 31038 31056 31095 31107 31109 31153 31171 31186 31202 31259 31317 31327 31338 31343 31380 31407 31428 31570 31571 31572 31579 31595 31623 31628 31644 31649 31826 31827 31873 31874 31877 31886 31934 31991 31994 32085 32092 32105 32118 32122 32136 32149 32206 32218 32255 32280 32282 32291 32494 32540 32621 32641 32681 32698 32820 32834 32972 32999 33031 33062 33072 33083 33198 33212 33216 33225 33298 33318 33330 33364 33455 33490 33522 33595 33648 33651 33691 33722 33726 33730 33812 33820 33836 33845 33854 33889 33933 33985 34016 34029 34052 34086 34145 34166 34215 34257 34258 34264 34269 34271 34277 34323 34364 34379 34419 34478 34483 34542 34572 48832,abfb109b88700d25a0cb66c6ce0061784191ffb8a4a9564e043bc668511e89b7
29336,10,0,10,1,-37.868,other,unlisted_only,29336 29745 29840 30641 31363 32096 32301 32702 33042 34011,e60ce94ec2fcf108dd1413e60930ee611f3618d4e40dfdd637ab0c1ca185e6f0
29436,2,0,2,0,-8.776,other,unlisted_only,29436 31066,a714d43692fa6ea3090b5d1ced7664bf671b6e34e800b7dad19a5e45e130df84
29443,2,0,2,0,-8.776,other,unlisted_only,29443 31098,75fd1223e3763d5029221b6c41d517ae47c86e5a86560950b4d022d036f469df
29446,10,0,10,5,-13.824,other,unlisted_only,29446 30009 30522 31348 31497 32040 32545 33694 34050 34559,3bbfa40795c91b4db8abee0a350801838ec0ca1229e73e48583c7458488f72d1
29507,2,0,2,0,-8.776,other,unlisted_only,29507 31010,eaf6d483f544b00dbf369b2cc875c2f3db5133e7a01f3f6ce3277ba66d31ebac
29514,14,0,14,4,-37.386,other,unlisted_only,29514 30085 33274 33451 34012 34075 34673 34709 36187 37959 38666 41639 41677 42617,96a879661761ef1f49732912a6fe2a3ec843bfb9f33d2118d94193bd7d9d439f
29557,59,0,59,12,-186.753,other,unlisted_only,29557 29706 30125 30399 31063 31182 31199 31731 31753 31763 31865 32436 32460 32520 32568 32879 32908 33241 33259 33685 33837 33886 34033 34040 34057 34420 34582 34603 34682 34687 34724 35505 35683 36000 36583 37263 37273 37502 37980 38039 38198 38229 38958 39927 40062 41406 42043 42072 42104 42137 42486 43107 43301 43513 44990 45563 45682 46744 47949,b8e19a7a7a5b306d2cb3966b04f657f3dbb442266c505ad66956605cc088ccda
29560,17,0,17,3,-56.561,other,unlisted_only,29560 29563 29568 29572 29577 29581 29583 29585 29597 29603 29611 29612 29634 29643 29645 29646 29654,6cb614b795fb24de282dba7ce1fd99a6b7f9430dfa073322ab80484e4beaaf63
29567,5,0,5,1,-15.928,other,unlisted_only,29567 33841 34039 37994 43618,38b53dd2880e639aaec45c4734e31b1ad600001b97a87db9e1463777549e6cd0
29580,36,0,36,6,-121.897,other,unlisted_only,29580 29627 31131 31242 31880 31928 32109 32369 32458 33300 33461 33466 33693 33768 33898 33963 34402 35524 35668 36540 36601 36709 37635 38312 39048 41479 42255 42408 42523 42682 43285 43778 43998 44564 45040 48057,12048274eb3848a8bb03508921f10512ff4cd5e613c44c0e48a78f66c170ff46
29605,5,0,5,2,-9.917,other,unlisted_only,29605 29658 29707 31149 31355,b0f109a6c0548ad399db200be51c882ee4aa437878ce3f547950145ebe9e06e4
29648,19,0,19,4,-59.326,other,unlisted_only,29648 31436 31580 31812 31845 32330 32941 33289 34030 34655 35841 40056 40090 42498 43935 44997 45135 45363 47676,c7fcd1fee196392f89e114eec66d8a07d7406a3bf7a3ffbbd54fcca91b819351
29675,77,0,77,14,-253.712,other,unlisted_only,29675 29679 29681 29689 29692 29694 29695 29743 29747 29775 29783 29784 29800 29805 29810 29839 29848 29850 29859 29866 29868 29872 29874 29888 29900 29905 29940 29943 29946 29947 29948 29959 29960 29982 29984 30024 30047 30048 30049 30057 30058 30063 30080 30091 30094 30112 30113 30126 30142 30149 30158 30160 30204 30249 30253 30334 30357 30389 30396 30405 30433 30435 30480 30525 30548 30558 30572 30588 30608 30623 30640 30648 30652 30657 30679 30688 30689,045795627ca29ec72a94c23a65ee775ea1949d60b6fba0938b75e1cfe1e6643e
29688,15,0,15,7,-23.741,other,unlisted_only,29688 32363 34395 35212 35470 35482 35490 36700 37315 38333 40267 41433 42278 44907 48940,db5d07d940b2deacd298a9fc98876e77bea29f7190f6fad0f26e38ef1523b831
29693,7,0,7,2,-18.693,other,unlisted_only,29693 32944 33588 40520 41346 45478 47934,4be92ee4c4542860300326307e6e7a2c33322f1b979fd0136b510ee34c6feae7
29710,435,0,435,87,-1385.768,other,unlisted_only,29710 29741 29754 29756 29761 29766 29793 29819 29834 29856 29875 29891 29967 29970 29981 30001 30007 30023 30050 30054 30065 30135 30157 30165 30182 30290 30333 30350 30379 30417 30432 30518 30542 30578 30598 30619 30621 30723 30750 30772 30800 30813 30815 30816 30885 30915 30949 30972 30973 30987 31044 31049 31050 31054 31086 31094 31108 31133 31204 31206 31208 31213 31222 31235 31248 31257 31312 31322 31344 31378 31402 31412 31415 31424 31433 31455 31504 31582 31583 31586 31591 31617 31652 31670 31725 31755 31756 31759 31785 31800 31854 31878 31891 31900 31924 31931 31932 31956 31962 32054 32061 32100 32142 32156 32162 32266 32290 32356 32359 32528 32605 32694 32716 32726 32736 32866 32914 32923 32968 32987 33040 33054 33058 33081 33104 33114 33194 33230 33283 33385 33400 33431 33458 33499 33546 33574 33628 33687 33712 33714 33740 33773 33824 33851 33913 33918 33956 33961 33993 34070 34201 34225 34239 34241 34328 34377 34387 34410 34461 34473 34509 34556 34605 34654 34666 34668 34671 34680 34749 34766 34792 34837 34848 34857 35012 35017 35069 35075 35082 35102 35126 35147 35188 35192 35197 35215 35249 35252 35262 35271 35272 35321 35330 35354 35359 35441 35444 35447 35517 35535 35591 35611 35619 35652 35669 35722 35736 35756 35757 35764 35776 35783 35867 35872 35889 35922 35929 35957 35990 36014 36130 36156 36160 36196 36222 36227 36228 36256 36277 36300 36305 36361 36390 36441 36486 36546 36562 36581 36762 36784 36785 36795 36797 36848 36863 36869 36975 37003 37008 37054 37084 37101 37131 37156 37265 37343 37350 37378 37382 37451 37472 37510 37520 37533 37549 37596 37612 37627 37663 37665 37696 37770 37826 37827 38066 38078 38124 38148 38164 38181 38232 38268 38269 38324 38330 38371 38457 38461 38462 38543 38579 38635 38678 38693 38803 38843 38892 39097 39101 39119 39176 39204 39209 39233 39284 39380 39405 39472 39498 39502 39551 39577 39751 39774 39797 39814 39842 39881 40016 40032 40064 40150 40183 40198 40373 40419 40513 40599 40610 40649 40777 40791 40795 40882 40903 40912 40953 40978 41013 41037 41072 41214 41253 41265 41363 41429 41452 41582 41635 41819 41830 41835 42081 42084 42225 42441 42451 42463 42735 42877 42884 42912 42918 43246 43281 43363 43429 43461 43735 43759 43947 44044 44052 44278 44326 44492 44638 45185 45192 45226 45238 45258 45261 45282 45386 45582 45959 45982 46034 46036 46047 46958 46960 46998 47246 47277 47575 47627 47666 47697 47797 47872 48240 48348 48381 48552 48752 48888 48980 49089 49208 49442 49559 50311 50653 51128 51239 51678 51823 51967 52062 52423 52700 53320 53674 53731 53825 53860 54053 54160 54227 54280 54425 54434 54523,b9d69463c500b81dc2ff600d0b528b15fb816c4dab11e424151de0bcbea7f26f
29712,165,0,165,31,-537.658,other,unlisted_only,29712 29724 29773 29787 29824 29894 29897 29925 29942 30006 30033 30037 30193 30283 30439 30705 30871 30895 30911 31007 31265 31283 31377 31379 31386 31408 31527 31539 31590 31605 31653 31665 31684 31760 31766 31941 32030 32140 32211 32287 32376 32415 32532 32646 32714 32763 32865 32889 32957 33090 33135 33207 33365 33394 33402 33497 33644 33661 33817 33818 33895 33984 34122 34190 34278 34298 34301 34460 34486 34608 34713 34872 35003 35027 35061 35093 35182 35320 35326 35401 35408 35425 35509 35749 35765 35908 36218 36242 36249 36396 36697 36741 36867 36997 37178 37260 37566 37582 37591 37859 37873 38028 38033 38141 38208 38369 38538 38577 38592 38701 38711 38872 38903 39201 39212 39285 39346 39674 39763 39910 40180 40219 40980 41070 41374 41403 41681 41805 41813 41828 42096 42321 43029 43043 43081 43473 43658 43740 44012 44035 44584 45281 45368 45524 45653 45826 45861 45880 46617 46804 47012 47034 47100 47323 47388 47418 47455 47491 48075 50711 51524 52077 52160 53014 53920,6e163ab42691e03cea2c24f14b951f37d7b254f5f7e920d160a4adc18449f97f
29725,33,0,33,6,-108.734,other,unlisted_only,29725 29731 30448 30496 30561 31470 31630 33122 33678 33914 34501 34681 35285 35510 35874 35900 36073 39005 39431 40274 41351 43133 43557 43598 43990 47901 47950 49182 49514 49615 49831 49856 50027,616005fcf034e027e79f005adc1ef484d8928edf91539d841dffcb1e021a9fba
29726,4,0,4,1,-11.541,other,unlisted_only,29726 29983 31445 32101,9f186a073ed80562f72f7ce37b72c8008fefbda7d0a0a534675e7d7a4495b46e
29751,33,0,33,6,-108.734,other,unlisted_only,29751 30245 30449 30633 30737 30999 31053 31067 31682 31881 33160 33296 33354 33700 34674 34797 35221 37211 37731 37732 38156 38214 38489 38695 40167 40246 41456 43093 43441 46049 49037 49252 49687,aee0d7f914043f7ac7bb3602feb5a5239c92842d9c366017838acda16df45a26
29802,95,0,95,20,-296.628,other,unlisted_only,29802 29883 30308 30351 30446 30464 30547 30890 30936 30938 31084 31214 31237 31587 31629 31813 31916 31929 32025 32078 32178 32265 32384 32459 32598 32809 33094 33171 33541 33560 34071 34158 34270 34421 34615 34840 35006 35059 35113 35273 35340 35743 35812 36229 36713 36898 36922 37132 37258 37281 37421 37567 37693 37758 37785 37831 38055 38172 38222 38736 38783 38811 38882 38935 39609 39761 39998 40346 40556 40769 40920 41086 41164 41344 43230 43304 45133 46008 46174 46468 47131 47479 47554 47648 47672 47683 47930 48051 48100 49407 49479 50244 50361 50753 50798,f858580c5a7eed29e7f32adb4ef85ae33dfd88724b6594d68300fbab2ac97f12
29823,29,0,29,7,-85.171,other,unlisted_only,29823 29860 29864 30344 30735 30791 30956 31059 32034 32075 32164 32587 33965 35630 36109 37594 37624 38629 40535 40763 41772 42029 47673 48365 48859 50259 51230 51868 53879,55c730087e65259d162557ce04932d7b51009534d686151bcfaebedd503f482a
29831,30,0,30,4,-107.592,other,unlisted_only,29831 30014 30509 31112 31190 31387 31482 32324 32672 32997 33005 33537 33586 33751 35278 36047 36207 36463 36496 37509 38368 38839 39821 40542 44061 45046 45153 46415 48539 51860,7c7da2bdef6a17e3385989d3910cbd8b72297be0e5ca3d0b4938bb939b562037
29845,20,0,20,4,-63.713,other,unlisted_only,29845 31835 32006 32070 32364 32439 32457 33997 34698 35208 35697 37862 38557 39921 40433 40906 41535 43337 45076 47636,46873f46c34215a0f9d4c90e59ed39fa2f6c94032fbe7adbc8ada0cc9076200c
29853,3,0,3,1,-7.153,other,unlisted_only,29853 30736 31225,226453499e91b10e8415250328003f49482d75315c76c183854e3afc3d65583c
29855,5,0,5,1,-15.928,other,unlisted_only,29855 29899 31528 32419 32625,1edafe08354f622060fa1b227f3a2547bfd678c849ab590fce166497759cf4b0
29867,2,0,2,1,-2.765,undetermined,unlisted_only,29867 32350,2f91d36dc5bdea6113d50b4623607f53db0b663fbc877ef88c388bcbbf050187
29895,6,0,6,2,-14.305,other,unlisted_only,29895 31313 31608 31798 34042 34336,5d508463e64d2c590811229e96f667ba0ce1b9f4c7862f1009cc0d1a0570519c
29921,39,0,39,13,-92.984,other,unlisted_only,29921 30365 30579 31382 31476 31688 31693 31804 31861 31984 32069 32123 32295 32704 33012 33049 33493 34236 34883 35179 35219 37122 37201 37391 37542 38413 38750 39348 39518 39790 40310 40472 40824 41296 43011 43968 44822 45715 48347,b1ccc290ece8c6e6162f8dbc9c95600e2a0a4f1c6bf806cbd4560fbbbff74c2f
29953,16,0,16,4,-46.162,other,unlisted_only,29953 29971 30132 30188 30313 30530 30674 30694 30921 30937 31236 31389 31423 31537 33213 33261,6ab8e41349944226e595dd7dc83c7d72d48a801ef46557a4aa62072a02bb8f7d
29958,17,0,17,5,-44.539,other,unlisted_only,29958 29968 29978 30100 30271 30508 30651 30733 31163 31487 31533 31543 31615 31635 33217 33229 33281,c5d35d552ea47884649eefb4fdd8168826f6958e2c68b7c36ad1d7281ee5d109
29963,40,0,40,10,-115.405,other,unlisted_only,29963 30220 30373 30444 31136 31718 31761 32443 32450 32692 32846 33123 33462 33528 33746 34904 34956 35315 36336 36791 37568 37916 38319 38429 39023 39333 39689 41016 41547 41600 41679 42286 42439 42589 44591 44984 45417 47311 48566 49055,6e08ebf4f39530fa92a607b2cd3bab512a55e94b0dba5af20945a97be0e8c8c0
29974,200,0,200,36,-661.179,other,unlisted_only,29974 30026 30061 30074 30076 30084 30099 30146 30148 30171 30276 30291 30297 30322 30355 30451 30491 30512 30591 30646 30667 30701 30738 30799 30821 30841 30845 30861 30952 30981 31004 31022 31027 31032 31104 31154 31179 31228 31303 31329 31427 31490 31545 31554 31559 31656 31678 31698 31707 31769 31793 31810 31821 31839 31841 31855 31971 32011 32027 32028 32039 32116 32132 32177 32216 32237 32243 32317 32473 32517 32550 32586 32588 32602 32678 32683 32724 32784 32831 32836 32853 32887 32966 32969 33021 33066 33177 34260 34319 34347 34368 34380 34399 34489 34516 34533 34567 34642 34699 34759 34789 34845 34869 34921 34953 34966 34971 35033 35086 35114 35152 35217 35226 35259 35295 35307 35374 35393 35443 35479 35494 35559 35583 35622 35625 35635 35638 35706 35707 35738 35742 35752 35815 36238 36244 36310 36339 36362 36391 36402 36408 36482 36596 36628 36674 36761 36776 36853 36907 36940 36974 36981 36987 37052 37097 37126 37161 37171 37245 37266 37296 37386 37400 37411 37414 37423 37434 37541 37619 37678 37739 37742 37778 37780 37786 37818 37870 37936 37941 37955 38202 38206 38249 38314 38353 38373 38449 38451 38654 38659 38780 38826 38837 38885 38987 39055 39123 39128 39193 39232,ad323eba54497d137047ded663f59cf0cf57a5feb3e3eb158c9d6694c80cbbe3
29980,52,0,52,8,-180.081,other,unlisted_only,29980 34233 36237 36404 37202 38065 39306 39317 39331 39345 39383 39386 39420 39449 39478 39485 39535 39564 39569 39651 39666 39683 39705 39716 39737 39743 39871 39901 39902 39922 39929 39936 39950 39962 39967 40041 40070 40080 40097 40108 40151 40156 40165 40188 40192 40195 40209 40221 40244 40259 40269 40307,2ef8fa91e23dd465e158f8ead8a2efa02452a1a192cb777206209c3ce7a3cf5f
29987,51,0,51,7,-181.705,other,unlisted_only,29987 30088 30756 30954 31241 31675 31903 31912 32091 32146 32281 32323 32397 32506 32511 32827 32857 32886 33623 33735 33988 34532 35083 35120 35264 35388 35515 35671 35971 36292 36545 37231 37283 37592 37910 37925 37929 38644 39121 39450 40285 40889 41378 41420 43350 43389 48087 48758 48798 49416 53507,b0f2a91d44b3c7e603f30daf7acc4d47bcbb8a35260852b9b64456399658e99f
29990,16,0,16,0,-70.206,other,unlisted_only,29990 30527 30607 30724 30743 31197 31263 31277 31331 31392 31621 31694 31697 33321 33344 33355,5ff50a071417e146418e01e04f72ead216dbf94cd1e040a415181eb3c90a1f82
29992,5,0,5,0,-21.939,other,unlisted_only,29992 30957 38565 40158 53757,c6a987339010d1c102b343b3e44469a63d6cfb0660b25d9711204cf30a52774f
29994,200,0,200,34,-673.201,other,unlisted_only,29994 30133 30138 30219 30236 30273 30380 30398 30447 30463 30471 30483 30484 30514 30523 30562 30593 30613 30661 30714 30778 30859 30982 30984 31008 31085 31123 31211 31280 31285 31310 31315 31324 31345 31425 31429 31456 31464 31469 31499 31541 31614 31659 31660 31743 31772 31775 31807 31823 31870 31904 31938 31990 32082 32110 32124 32129 32174 32231 32241 32262 32316 32321 32331 32418 32462 32480 32493 32579 32596 32613 32615 32785 32883 32915 32937 32967 32979 33024 33084 33096 33125 33134 33145 34172 34245 34276 34287 34306 34342 34508 34553 34599 34601 34614 34731 34781 34787 34794 34799 34803 34870 34886 34936 35034 35095 35131 35141 35202 35230 35287 35379 35402 35472 35500 35501 35585 35646 35654 35662 35695 35728 35730 35731 35733 35772 35777 35805 35810 35846 35862 36241 36247 36271 36294 36350 36422 36436 36476 36543 36557 36578 36592 36626 36682 36720 36745 36768 36870 36880 36944 36945 37043 37176 37185 37287 37291 37305 37388 37392 37408 37420 37442 37450 37477 37539 37588 37656 37666 37669 37717 37727 37756 37759 37792 37796 37896 37918 38007 38016 38310 38326 38327 38356 38378 38390 38405 38417 38521 38539 38552 38649 38658 38875 38921 38947 38995 39184 39205 39277,6b1652eaf945f43b8b88a0db4fa1c1682529ecbbc9a308ec571d6abc33587245
30015,10,0,10,2,-31.857,other,unlisted_only,30015 30401 30906 31006 31548 31602 32000 32334 32426 32573,7659bd30329d3fb31c839f90c3095370e5c0d7539a13be96f5917237f23eeb1c
30028,17,0,17,3,-56.561,other,unlisted_only,30028 30408 30466 30575 31194 31216 31255 31316 31443 31500 31689 31702 31713 33252 33302 33326 33345,ff05793a24944dd2948b8825ab11d3a2dcfdc2c7b76f94c6ac170cb69422e97e
30035,199,0,199,39,-638.758,other,unlisted_only,30035 30106 30114 30206 30216 30267 30277 30348 30438 30534 30596 30642 30658 30696 30697 30709 30710 30711 30766 30773 30785 30818 30840 30846 30900 30935 30975 30997 31122 31178 31234 31272 31306 31374 31376 31385 31393 31401 31406 31414 31486 31513 31514 31517 31529 31561 31575 31598 31717 31779 31788 31837 31911 31922 31935 31988 32012 32015 32037 32189 32194 32221 32271 32338 32339 32348 32371 32491 32546 32547 32666 32713 32721 32731 32744 32754 32758 32767 32790 32839 32845 32878 33065 33073 33097 34180 34275 34314 34315 34316 34331 34344 34385 34426 34475 34514 34518 34547 34549 34554 34560 34588 34596 34633 34811 34818 34827 34858 34874 34908 34914 34930 34934 34962 35013 35029 35037 35055 35107 35129 35138 35193 35201 35204 35233 35267 35357 35411 35415 35449 35484 35598 35648 35750 35779 36267 36335 36353 36380 36394 36411 36412 36430 36517 36650 36667 36717 36794 36813 36815 36911 36926 36952 36982 36993 37006 37125 37133 37140 37169 37261 37288 37319 37413 37473 37490 37535 37550 37593 37607 37709 37722 37840 37849 37867 37903 38023 38030 38054 38057 38077 38082 38137 38209 38273 38401 38446 38456 38469 38558 38569 38602 38645 38697 38763 38784 38858 39043 39251,615547199ad7e7d4622c0b1b665bf8d2af8d06bbcf24b42c4b8c727777e5657c
30097,2,0,2,0,-8.776,other,unlisted_only,30097 30103,45adbb7847c6f9d3f1b408ba8563bbe24e3ba1028a29ec5303df16a39aec7153
30118,40,0,40,6,-139.449,other,unlisted_only,30118 30503 30516 30660 31045 31730 31814 31844 31910 32196 32379 32538 32898 33205 33583 33619 33677 34135 34152 34778 34841 34924 35436 36065 36309 36352 36614 36690 36827 38434 39904 40172 40211 41036 41277 41508 41662 42664 43318 44346,17417f61d4c386e8409eba95c0b2348142de6388a934404e51866b54b928aea2
30122,4,0,4,1,-11.541,other,unlisted_only,30122 30228 32690 34268,c96835715f32487384f12a96fb1386da58179ad9a2d6a5ddded3123085a0ef8e
30186,27,0,27,6,-82.407,other,unlisted_only,30186 30203 30213 30226 30370 30372 30400 30440 30450 30494 30498 30581 30585 30594 30597 30601 30776 30825 30834 30853 30897 30950 30971 31011 31087 31099 31127,57963b3006ad0b19b0a70f46bfe14e529afa63c03e0a74a0fbd9952a05514f2a
30190,10,0,10,4,-19.835,other,unlisted_only,30190 30224 30383 30465 30487 30577 30686 30946 31068 31147,adb1c4754210f12c168c0a8af76fc71e0b6d4d51fbb4ca59bbfc0e9c596bf1b3
30217,20,0,20,3,-69.724,other,unlisted_only,30217 30306 30855 31024 31520 32777 32851 33019 34721 35251 35404 35546 36177 36468 36622 38044 38284 39007 43312 45044,a10b6cb33b3840f9ce4a0f755e98c08e85da0406542f03e0b2429321fa396452
30221,18,0,18,4,-54.938,other,unlisted_only,30221 30293 30381 30382 30482 30497 30543 30544 30566 30567 30574 30719 30720 30742 30777 30959 31003 53865,7c592d984d3a66f500d205ff709c1aabb8cfeed188433b897c1a7b496b84bdef
30222,2,0,2,0,-8.776,other,unlisted_only,30222 32689,becfd5563b6ecd3ee92a840d505baec2a16148acd1c2b22365dbca034eb189a3
30225,6,0,6,1,-20.316,other,unlisted_only,30225 32691 32722 32743 34267 34291,17ea6e6c32c287f440f8391f7b9395ccbceedff62c0c480deb016c1495134abb
30235,2,0,2,0,-8.776,other,unlisted_only,30235 31491,9bfd38991ab4167f59dbcdb24de31f1ddb92dd9ca6e9359940363f4a3de48120
30268,5,0,5,2,-9.917,other,unlisted_only,30268 30324 30326 32710 34265,677ba83e86175f86a2c722d875673f2acc16c3d545ca6fde41ae1b3a75d94f96
30280,2,0,2,0,-8.776,other,unlisted_only,30280 31134,f89eb639c2545f6ec39f9ba67dcf69b73eba2aca2dcf29cb6a182edafadc992a
30284,3,0,3,1,-7.153,other,unlisted_only,30284 30287 32745,2d09813a3842a0c96f55a12b45f547ca1cfc1638341d610a8efbc0dc8a9e833e
30294,3,0,3,0,-13.164,other,unlisted_only,30294 30336 30364,80370c9cae41df60b44ab5613ebff0bab0eccbc28e2d8cfff4f39cf255c19b96
30296,3,0,3,0,-13.164,other,unlisted_only,30296 30342 30397,aec4d299e32a6a6fb61ed3b5f6443e7b5ecdada65c3e92084b84250a756294ef
30300,2,0,2,1,-2.765,undetermined,unlisted_only,30300 34929,e99538eb089e48869efb7542cb1e74c9956ba2ceb5917b10f251bb2bd305fae9
30302,23,0,23,7,-58.844,other,unlisted_only,30302 30804 31239 31251 31757 32378 32453 32802 33158 33417 33729 34077 35855 36698 37059 37888 38889 40982 41562 44790 46886 47907 54306,452dba4305831ba8521f94a28df8136bb479f9c9d0faf0e1e44cbceab1ba358a
30303,2,0,2,0,-8.776,other,unlisted_only,30303 30316,6ad5eb137d8fd682a9f9ce22a36d06daab8d93f5dac0bb78ea9a4bfe031f1e24
30310,2,0,2,1,-2.765,undetermined,unlisted_only,30310 30354,9adcb1253dd86d755880763b64ce9b7164a26ac0f87262bffc2fea6193859ae8
30321,4,0,4,1,-11.541,other,unlisted_only,30321 30328 30363 30392,9a8bc6595a48145a03cb1142372fbcca849854b4435d1cd4c8f2e0ece0a5bff6
30327,32,0,32,6,-104.346,other,unlisted_only,30327 30569 30643 30942 31461 32358 32686 33001 33265 33545 34223 34625 35132 35570 35645 35794 35885 36372 37071 38344 38549 38755 39134 40291 40922 41442 43873 47110 48031 48163 48632 49053,9d47ebfb5dcb9784ce4657b24f67f60d4e1402211dbe6c4782dde87d13aab1e3
30340,10,0,10,2,-31.857,other,unlisted_only,30340 30367 30412 30441 30779 30907 31511 32343 32412 32952,298a46fdf18f2096f822577b9661232d4cefba084925eb746939723647f8d18d
30341,9,0,9,4,-15.447,other,unlisted_only,30341 30675 30755 30782 30926 31609 32346 32351 32963,476cea5df959785aaf976b32687010b8d7d36cc37a21b71def03fe2a8e1e0428
30366,2,0,2,0,-8.776,other,unlisted_only,30366 30394,bea0f7cfa91597c4284dcab1dab696a263511dcc08d3297d533b9039960a3c23
30376,78,0,78,16,-246.078,other,unlisted_only,30376 30378 30387 30402 30411 30606 30759 30795 30796 30806 30807 30826 30850 31201 31212 31252 31273 31479 31481 31483 31530 31611 31638 31658 31715 31801 31898 31930 31937 31944 32033 32035 32049 32139 32154 32166 32180 32182 32187 32238 32246 32272 32296 32312 32380 32386 32389 32560 32600 32609 32611 34198 34199 34202 34430 34500 34521 34543 34550 34571 34578 34587 34589 34652 34693 34767 34788 34911 34919 34923 34941 45710 45805 53843 53914 53948 54107 54540,cceec176b01ac300cc44fa179cfef13321805e4b8aba421a92eaa81f3829333a
30385,6,0,6,1,-20.316,other,unlisted_only,30385 33585 35382 37634 40854 52909,75664310fddf190dc54ec4ec011b502f0467cea79087e27d2489c505c6dd115f
30404,10,0,10,0,-43.879,other,unlisted_only,30404 33415 33796 34058 35837 37650 37964 38013 43446 52760,b6b4613ecdb6ca7d43c439f07e90ed7b2f1f269a49f022233002e3e71207e73a
30424,3,0,3,1,-7.153,other,unlisted_only,30424 30425 32753,a3757b4a139f7b905b905af90d630ae73bd4c574aa6f4f14f6c0f535baaa3e0d
30517,20,0,20,2,-75.735,other,unlisted_only,30517 32252 32409 33234 34004 34688 35092 37767 39025 42530 42584 42690 44103 44895 45361 45779 47434 47485 53057 53355,03db474c67abc3f0717879df16a8681087d4daeae60ec835ceb02b9914f83bc6
30549,4,0,4,2,-5.53,undetermined,unlisted_only,30549 30717 32245 32500,0b9fda7ea5ed637e51ac736a30efb7fe3de0f925cc05f0ecff4b61df9dd75ffc
30553,5,0,5,2,-9.917,other,unlisted_only,30553 30718 30754 30892 31496,9843d685c90a2053dc80600ffd03f076da831502eec65cb3a152d7ee57a6120d
30589,5,0,5,1,-15.928,other,unlisted_only,30589 30734 30768 30787 31076,a710033b81291d68372605237bfb4358474dce49a5099dd499f4de57d5db60ea
30638,2,0,2,0,-8.776,other,unlisted_only,30638 30639,b070b42db43a4ffd9e5bf3f130a6aa64baae5933e26dfe33178c74a7fcbcb597
30695,20,0,20,3,-69.724,other,unlisted_only,30695 30948 31266 31432 31905 32104 33810 34744 35507 37325 37842 37900 38297 38315 38440 41246 41923 42758 43299 44167,8151a1a64cf5f80d6a388fa8b0882c852c6178afd2ae4b1dd5a8a154cd790512
30732,3,0,3,0,-13.164,other,unlisted_only,30732 33941 34409,6488df3145ca55940bf31cfa285d786a3f59796c64c21ffea7fab90ac5540c5c
30899,4,0,4,2,-5.53,undetermined,unlisted_only,30899 32141 32730 32935,31178ebd1c8815e807d660ef7e0427b64fa6c47dc16861d0b01ce920b00df841
31062,237,0,237,43,-781.453,other,unlisted_only,31062 32186 32191 32192 32199 32200 32228 32239 32259 32276 32304 32307 32400 33051 33077 33087 33110 33111 33257 33260 33266 33269 33282 33287 33308 33309 33332 33333 33348 33356 33357 33398 33406 33411 33424 33432 33495 33552 33573 33587 33600 33649 33656 33683 33716 33720 33770 34386 34392 34583 34621 34710 34758 34762 34770 34773 34779 34791 34793 34806 34838 34839 34868 34888 34890 34894 34906 34913 34922 34944 34955 34960 34967 35004 35019 35023 35028 35035 35047 35057 35067 35072 35073 35118 35135 35146 35149 35151 35162 35165 35172 35173 35194 35198 35207 35237 35240 35243 35247 35257 35284 35286 35288 35294 35346 35356 35364 35365 35383 35399 35406 35456 35457 35458 35463 35493 35506 35514 35534 35540 35541 35565 35584 35602 35659 35666 35686 35715 35717 35729 35732 35734 35747 35790 35802 35852 35870 35882 35931 35940 35950 35982 35985 36002 36018 36020 36042 36077 36078 36090 36104 36121 36123 36133 36148 36171 36192 36210 36217 36290 36318 36403 36405 36415 36433 36442 36446 36447 36469 36471 36472 36478 36499 36508 36528 36529 36532 36537 36544 36594 36606 36609 36705 36710 36715 36764 36765 36775 36819 36821 36825 36854 36902 36919 36935 36936 36948 36954 36955 37016 37046 37069 37087 37089 37093 37139 37175 37195 37223 37262 37330 37345 37355 37365 37366 37381 37384 37396 37418 37449 37514 37517 37540 37623 37640 37641 37673 37692 37791 37846 37966 37988 37995 38029 38049 38196 38199,45807808b04f84f4e8964b26a15e417af8f952492126e5b0f702514354810637
31100,7,0,7,3,-12.682,other,unlisted_only,31100 31889 32111 33093 39858 45109 51414,10152f6b32f0ecbfa591c70d454b4d5e5ee502dee3a59dece13b8249c052f0da
31128,20,0,20,4,-63.713,other,unlisted_only,31128 32402 32608 32614 32800 33146 33979 34031 36186 36371 37239 37242 38235 38485 39178 46173 48073 48701 48779 54130,a547f84cd2775bcebf05aae4063e2b56102a1505ac886adc74f8d4095abbde91
31130,10,0,10,3,-25.846,other,unlisted_only,31130 31925 32367 32940 33153 34044 35218 36174 38998 44728,8eb75ac579a991fd372a93d99644fe99f2b14f18f83da0be621bb0dd462fbd89
31152,10,0,10,1,-37.868,other,unlisted_only,31152 31996 32148 32410 32807 32905 35206 37679 38436 40493,2730b357aa86470585b0b1f08d9f610d464155802aa7c5b3a19303396f9b27c1
31185,7,0,7,0,-30.715,other,unlisted_only,31185 31744 32429 33996 34691 35491 40536,fa4fb69268a0d43e3762d9009e6d54f6b6f685aac307fbedda4a584e19f12674
31229,5,0,5,3,-3.906,undetermined,unlisted_only,31229 31247 40465 40495 41133,6ea40b7cc743f51715d498be9a6951fac7c1866de6fbaca351e804b2d8879df4
31261,4,0,4,0,-17.551,other,unlisted_only,31261 32844 39888 42893,f432a375045ce3fa9cbc3235572a61c03c4b88aaad5430ba5a2b8c6dad950901
31275,3,0,3,1,-7.153,other,unlisted_only,31275 40697 40919,4b0302ed35f02c20c8a73b9e43c6c2fb35010c17f6eb7347c3ee507b309edbcf
31281,20,0,20,4,-63.713,other,unlisted_only,31281 31851 32044 32077 32417 32925 33756 34085 34704 35099 35246 35987 37620 37645 37879 40907 41385 41422 51929 53662,8ba4f75aee6df9217124632adb7d0fff23cf19aac407aba26db49290122fc326
31365,2,0,2,0,-8.776,other,unlisted_only,31365 40601,bb13f1f1bb63a58989885d53573ae1764d0d31b994878610dd8398b9f9358bd2
31368,2,0,2,1,-2.765,undetermined,unlisted_only,31368 32451,025b400fdcbbea205fc55574e8fc17a0a8ca8ae43026f3b7c21f53bd4c950d19
31372,2,0,2,1,-2.765,undetermined,unlisted_only,31372 48721,107eac5573e100895f44d0276bd9bfb59d9415947257c1185b45ec433180e5fc
31431,7,0,7,0,-30.715,other,unlisted_only,31431 32153 32327 32569 34205 34616 34645,fb8db7529b104f8b6b09f68399672bd6a1ee2b1031f83d728ca8979e17fb5c87
31434,164,0,164,33,-521.248,other,unlisted_only,31434 31562 31620 31671 31672 31703 31711 31732 31737 31906 31920 31940 32202 32463 32469 32490 32499 32620 32627 32651 32655 32739 32873 32953 32964 33003 33079 33103 33163 33313 33353 33366 33378 33438 33477 33509 33611 33612 33652 33655 33660 33679 33680 33681 33717 33727 33790 33992 33994 34006 34018 34123 34229 34329 34367 34391 34474 34503 34505 34644 34649 34658 34660 34679 34700 34777 34782 34798 34825 34828 34927 34937 34979 35071 35079 35098 35214 35216 35220 35281 35316 35327 35412 35419 35426 35427 35428 35440 35485 35498 35526 35642 35650 35840 35910 35917 35965 35966 36005 36009 36060 36100 36139 36141 36142 36161 36250 36261 36263 36276 36312 36313 36317 36377 36637 36638 36640 36651 36659 36670 36671 36685 36736 36751 36774 36777 36861 36927 37028 37103 37105 37212 37227 37267 37269 37304 38072 38517 38534 38535 38545 39717 40092 40278 40295 40298 40335 40339 40479 40635 40664 40818 40849 40943 42048 42175 42192 43646 43648 43938 44064 44083 44141 44170,400d727346ccff39c9dccce8bda901071c22afc15f8eaec941343536fc08b8dd
31536,2,0,2,1,-2.765,undetermined,unlisted_only,31536 32448,d67d62b862afb0569a8a399afcba7c0392cf8c4ca64dd69744b11f7ee22d8fdc
31565,3,0,3,0,-13.164,other,unlisted_only,31565 38126 47072,56a96d9841d22764287c9a37cedf97c47678690c2507e0ad1cc5e5539080cafa
31673,2,0,2,0,-8.776,other,unlisted_only,31673 33446,f338c09f1a8217fb57bfceeab92a1001e120e1cb15a6a4cd85d4a0e45214eb85
31676,2,0,2,1,-2.765,undetermined,unlisted_only,31676 35136,bb75fc61fda38c91f9043b659aef7d1e8ef39781d105d9299d4b4b83c0a3e342
31691,3,0,3,0,-13.164,other,unlisted_only,31691 33285 33847,f95b3e1f3ec9b081eb005af6f8e337a1e2b43e684f091449af9903820b5ff7ba
31720,2,0,2,0,-8.776,other,unlisted_only,31720 51026,77a2981359def3d2c18e1be827298194d68ddbc58e31797d34e4f8b0006dde33
31750,5,0,5,1,-15.928,other,unlisted_only,31750 32052 32073 43273 49556,77030d3faa6486bc5b64d021e972ad640d7f14841def323d1ae02756c99109ec
31781,10,0,10,2,-31.857,other,unlisted_only,31781 32284 32329 32603 33774 35256 35542 35710 38862 49010,668643cb1e954f50935b4360caaff1a5b3f29b44d36526ac3d7932273a8c03cf
31797,8,0,8,1,-29.092,other,unlisted_only,31797 31969 32019 32175 32188 32250 32318 34593,6652b73f275a3821734b1a4dd51619506a5c3ae40c83fd5517e2ad72829d21c8
31799,3,0,3,0,-13.164,other,unlisted_only,31799 32505 36098,c5c2eae385f6822db525c727e6498ef3c14aebf4a6590aaea81dfd5952b28319
32059,3,0,3,0,-13.164,other,unlisted_only,32059 34835 45552,4ce1ae6dcd8340777459a45716e0d0a44bcb4f2764e6d2be9703be58363a5065
32079,5,0,5,1,-15.928,other,unlisted_only,32079 33166 33973 36924 42257,33adb899a5fbc40e86a619e5451ca0ba42f7ff350140a32129559e67638e0ac3
32087,2,0,2,0,-8.776,other,unlisted_only,32087 34099,c2ce1b8d3643d63c0ceb57c37b124210db37d0e34c23c3d12813243e24d3cda9
32097,7,0,7,1,-24.704,other,unlisted_only,32097 33969 34427 39539 41606 45295 54013,d245fd4bee3536bcc29c0713f7c1a91d50eb1b144ded5ba2ecb8f54d0c61c654
32106,14,0,14,3,-43.397,other,unlisted_only,32106 32325 32424 33151 33279 35676 35854 35863 42746 44488 44706 45052 49023 52990,8ac2416d39b951ff9533f1d11b2d3198cf79596771477aa508cff3bded4560ed
32161,2,0,2,0,-8.776,other,unlisted_only,32161 33533,494739ba315edb5699f51a11801e6c4a1c45f97c43e6b4a35c6ec319dff7e4ed
32256,2,0,2,0,-8.776,other,unlisted_only,32256 32357,8bd65202d6e2fbd4fe379ad3bdc6f9ce810f3d4e65bfead90f67f7654d88a769
32261,77,0,77,21,-211.635,other,unlisted_only,32261 35239 37487 39110 39185 39993 39994 40100 40162 40218 40345 40422 40554 40575 40639 40644 40708 40888 40897 40899 41008 41024 41063 41197 41256 41261 41362 41391 41514 41711 41747 41770 41839 41909 41998 42031 42120 42181 42184 42295 42359 42394 42419 42515 42562 42575 42578 42651 42784 42804 42854 42908 43013 43018 43075 43082 43091 43157 43195 43205 43210 43221 43300 43391 43395 43445 43517 43530 43536 43588 43613 43719 43727 43728 43731 43783 43839,23709241a0faf3a555d10414aa6474683737c0773b2230f36ed28f1f9e8e5cb3
32390,6,0,6,1,-20.316,other,unlisted_only,32390 32712 37664 38564 39682 44202,3b910fe8667c44bef8c3b4fbf3726e7c8c1a374cab43b9536be3e0efbb9061fb
32430,4,0,4,0,-17.551,other,unlisted_only,32430 39925 43498 49563,bfce83de38958f7679b0840955753bc3796c02a760265fc123f60642b7708fa0
32446,74,0,74,14,-240.549,other,unlisted_only,32446 33360 34887 34900 35445 36155 36315 36333 36684 36780 36859 36881 36962 37699 38243 38264 38287 38394 38425 38464 38475 38490 38507 38525 38527 38536 38547 38559 38617 38632 38715 38720 38844 38846 38854 38868 38888 38929 38955 38984 39012 39037 39044 39095 39098 39105 39249 39267 39270 39303 39310 39371 39377 39384 39414 39436 39440 39486 39515 39521 39533 39553 39582 39594 39656 39667 39669 39708 39748 39772 39825 39850 39913 39956,854a3aaaee36be32e441cc8f86890b7eebe4710f30003dfff362cc2d90d163d4
32501,40,0,40,8,-127.427,other,unlisted_only,32501 32554 32559 32562 32727 32741 32746 32894 32928 32943 32951 32988 33006 33052 33244 33288 33467 33504 33513 33856 33865 34111 34118 34248 34895 35008 35024 35030 35051 35108 35417 35418 35435 36081 36792 37398 37431 38299 38306 38814,e058690f0ffe02142d7addcd3825286bf49dadb6ad482ca500031a74dac49f27
32563,2,0,2,1,-2.765,undetermined,unlisted_only,32563 32667,33cfe542645fcb4534bad2c0debf430bd29df259b799543aa54dcde76db3896f
32592,3,0,3,0,-13.164,other,unlisted_only,32592 32597 32599,bf15a8065cc8fb15ee0ce28a4f8ac19e2cf2c566a7a0f26e30ef1fd263dd1464
32629,191,0,191,32,-645.732,other,unlisted_only,32629 32630 32632 32647 32648 32650 32652 32654 32660 32669 32670 32675 32680 32685 32701 32703 32718 32719 32720 32947 32950 32982 32983 32989 32995 33002 33011 33014 33018 33023 33028 33038 33039 33044 33074 33076 33080 33088 33092 33106 33113 33118 33129 33130 33132 33141 33144 33148 33167 33175 33176 33179 33181 33185 33188 33189 33195 33197 33201 33206 33208 33209 33210 33214 33226 33237 33239 33246 33251 33264 33277 33290 33299 33301 33304 33310 33322 33323 33325 33327 33337 33339 33340 33342 33343 33352 33363 33371 33380 33390 33401 33407 33414 33427 33435 33437 33448 33470 33471 33474 33475 33478 33485 33488 33503 33505 33511 33539 33565 33569 33575 33578 33580 33602 33606 33624 33630 33633 33635 33639 33645 33682 33686 33690 33695 33697 33698 33699 33706 33718 33719 33738 33742 33749 33750 33752 33755 33762 33763 33769 33779 33791 33792 33806 33807 33831 33833 33839 33844 33857 33858 33862 33869 33871 33874 33879 33891 33893 33928 33931 33934 33944 33966 33970 33971 33978 33983 33999 34003 34007 34022 34023 34043 34045 34060 34061 34062 34066 34073 34083 34087 34100 34107 34113 34124 34129 34137 34338 34369 34372 34373,b460cc6661a20e6d8c3954a57852a18f21f7ed5bcb8a584cf013089d2588add0
32649,2,0,2,0,-8.776,other,unlisted_only,32649 32973,906712aa227048cf746221b40faea9c7714434c8174874505d24098e03ae2d07
32695,20,0,20,7,-45.681,other,unlisted_only,32695 32705 32750 32752 32773 32798 32813 32817 32825 32852 32856 32858 32861 32902 32903 32904 32906 32909 32918 32924,9488c892a3bce75304732d9f0cae6493622471589e1aac8d097ad24020ecbbbb
32696,16,0,16,3,-52.173,other,unlisted_only,32696 32707 32729 32732 32748 32770 32781 32819 32823 32842 32847 32863 32871 32882 32891 32912,16fb94e3436fc23f5a2e60f5445338686a8d33ecd710aa05dc49ba3ba5b9b170
32774,2,0,2,2,3.246,undetermined,unlisted_only,32774 35969,747b741901de7573b6ebc66e6732a967eb70f51a9200a59ea8953a712fe3877c
32778,2,0,2,0,-8.776,other,unlisted_only,32778 34820,156ecb54760d84c83b943e5f610b0233581bfe7de710a4155d7d27eae96df138
32789,5,0,5,0,-21.939,other,unlisted_only,32789 33128 36600 44729 45087,33500a9c78d87f3ceae7bb4aee7ba371363cb1e661802310d26fc1badb28a9a2
32796,2,0,2,0,-8.776,other,unlisted_only,32796 32872,c07d9270286612ef7485c603fcbbd24437c0df89df582d72cb3c8389a39d4093
32826,4,0,4,0,-17.551,other,unlisted_only,32826 32959 33045 34823,8969f825070150f62acaed50874514c4e6e71d745445f8879167d3a84a1a8ef4
32837,4,0,4,0,-17.551,other,unlisted_only,32837 32849 32862 35944,f693e5ecac1b5a06e25e99203b3c57de7df10b3be0bf49356213bceb7c216c6e
32884,3,0,3,1,-7.153,other,unlisted_only,32884 37375 37602,efed7405e48f07e9255abb74b6054c8bb766040866cd1ea604435bdfa301e540
32885,4,0,4,0,-17.551,other,unlisted_only,32885 32895 32955 33015,f77b6e971d263b8d86a40e2f6825c21187bcdaea3cb4633104247e77145b2011
33069,2,0,2,0,-8.776,other,unlisted_only,33069 33440,c05ecf46b05209fb1dbd139e9cf8b476a8bb04524d884b60de4f85e4f4e45b1e
33071,4,0,4,2,-5.53,undetermined,unlisted_only,33071 33442 50814 52163,c45eb53b54f45c806772cd30f8293c9e6dc1a15997942dd5e5086da2fac90724
33127,220,0,220,47,-682.815,other,unlisted_only,33127 33147 33149 33152 33155 33157 33165 33249 33349 33377 33379 33392 33423 33425 33498 33514 33598 33613 33701 33853 33921 34056 34091 34115 34254 34283 34322 34324 34422 34423 34469 34472 34536 34537 34538 34541 34597 34604 34627 34628 34639 34656 34667 34716 34750 34765 34774 34901 34939 34961 34977 35001 35014 35021 35043 35049 35054 35056 35090 35140 35150 35163 35167 35183 35191 35205 35234 35269 35297 35308 35361 35371 35391 35430 35448 35495 35525 35544 35586 35680 35711 35712 35718 35758 35792 35829 35832 35877 35883 35903 35996 36063 36067 36083 36193 36209 36255 36257 36270 36272 36274 36293 36301 36316 36363 36460 36520 36527 36573 36576 36595 36652 36660 36748 36771 36873 36928 36942 36977 37007 37121 37134 37166 37177 37243 37327 37372 37374 37383 37387 37424 37468 37469 37494 37554 37564 37571 37581 37632 37691 37700 37777 37821 37923 38053 38110 38211 38223 38261 38266 38278 38292 38411 38426 38441 38573 38605 38642 38902 39026 39035 39081 39117 39271 39312 39400 39510 39557 39560 39576 39653 39777 39792 39914 40065 40193 40223 40228 40461 40681 40833 41003 41394 41529 41612 41701 41736 41904 42030 42401 42521 42601 42621 42914 43358 43824 43862 43895 43915 43985 43987 43996 44057 44069 44216 44265 44289 44493 45286 45620 46087 46192 46690 46716 46770 46829 47244 47404 47633 47992,6d6ab18b93d03d02d50d24b321dc1321ff273153880b49ec9e19ab9a382ece02
33159,4,0,4,0,-17.551,other,unlisted_only,33159 33465 38444 39893,881cf78baccb9da72ca58dee6c6e1894bd34608ea3c38003694e7eb58ed53a07
33180,18,0,18,3,-60.949,other,unlisted_only,33180 33617 34228 34626 35826 36128 36589 39845 40141 40331 40650 45592 47856 50751 51225 52828 53075 53710,ab906e407e42bcf0b179e346d9790131873b3b5d4a490a3ef6be912b0f2b8433
33247,2,0,2,0,-8.776,other,unlisted_only,33247 33489,d85ff0e3ff34ce6b18cca4a8c0fea061daedb70e9ec8006ca62329bd1a89f7fc
33253,3,0,3,0,-13.164,other,unlisted_only,33253 33293 33295,553ebdc225d097c861a45acff3a8f2e21b8b854a3eea4802c6888806fced8028
33284,3,0,3,0,-13.164,other,unlisted_only,33284 35134 38876,95e9bf45487b63af93ca0cf52abff3b602290dd33a3c8bbc0d7461f8ea5a6f34
33439,6,0,6,1,-20.316,other,unlisted_only,33439 34847 35963 38248 44992 50212,919020cf24a5228715339997088a9be717c8ddfc66eba8f6834cdd6777805aa4
33538,2,0,2,0,-8.776,other,unlisted_only,33538 33590,b6461753d4c5ef44039ab258991bec3d9ec34fe75c724b33992ee0584125175c
33823,3,0,3,1,-7.153,other,unlisted_only,33823 33828 35324,506e1f78a42e3b108fb659a246884e94132af9f8ea9aaeac858d97becbc2160a
33951,80,1,79,20,-230.81,other,unlisted_majority,33951 33954 34000 34005 34036 34054 34063 34065 34101 34120 34156 34161 34165 34169 34182 34186 34188 34193 34196 34211 34244 34247 34249 34250 34272 34299 34303 34313 34341 34357 34361 34362 34388 34394 34401 34404 34406 34437 34444 34452 34455 34466 34471 34480 34490 34491 34506 34512 34527 34534 34545 34548 34551 34662 34665 34669 34678 34702 34711 34712 34714 34723 34727 34735 34745 34760 34763 34771 34772 34780 34813 34817 34843 34850 34854 34862 34885 34892 34910 34945,2efb698e61a9d9958b913d8e9c829874bfa8e67d25182f9c3580f5170e2463a7
34017,3,0,3,0,-13.164,other,unlisted_only,34017 42633 48339,efe2379252809be795b5f5c88f3316b1c9f46b1b6d0ca88a3104687cbb792b96
34020,2,0,2,1,-2.765,undetermined,unlisted_only,34020 42602,1314b088b34ff28d39291c1e45d8c179975d4094be8aae25d4bd094ab8f71db5
34025,3,0,3,0,-13.164,other,unlisted_only,34025 34076 47580,8cba17d47c48159748c76ad853f60dab7b04f9b3388134cf0ec00ed4d1ff8a62
34103,20,0,20,5,-57.703,other,unlisted_only,34103 34425 34445 34617 34657 34855 34976 35244 35341 35577 35973 36059 36488 37507 38217 39350 39833 42053 42218 43811,f3a45ffceb5dbbbdd3afc08219e1247c64ff0f6776307af68c934f1baede5f67
34116,25,0,25,3,-91.664,other,unlisted_only,34116 34433 35074 35186 35336 35439 35476 35487 36074 36676 36957 37045 37409 38745 39413 39658 40277 40382 40540 41523 41660 42590 44636 46273 48545,bcc1d513f8e62ef9f09d77272d4b673752d25ed057d1491202220adee514fc34
34127,50,0,50,8,-171.306,other,unlisted_only,34127 34141 34266 34307 34496 34717 34722 34948 34989 35115 35148 35261 35289 35385 35416 35816 35842 35962 36214 36240 36259 36504 36608 36719 36742 36817 37040 37252 37275 37448 37459 37734 37839 38663 38936 39144 39802 40085 40501 40620 41627 41970 43084 43617 43832 44721 45259 47408 47834 47988,df5e26c019c50651f498c1111782610b80f89130a2edf7e685718e7eaff5bed7
34131,299,0,299,55,-981.369,other,unlisted_only,34131 34134 34148 34159 34164 34183 34184 34200 34207 34218 34280 34284 34289 34302 34308 34340 34348 34359 34371 34393 34459 34561 34595 34602 34612 34659 34689 34705 34814 34842 34860 34861 34884 34899 34918 34954 34970 34981 34982 34983 34995 35052 35058 35080 35097 35100 35105 35119 35127 35133 35154 35156 35157 35170 35210 35227 35236 35248 35304 35368 35396 35403 35446 35452 35478 35504 35530 35537 35547 35567 35594 35605 35610 35636 35637 35725 35737 35748 35762 35781 35793 35820 35849 35902 35909 35926 35954 35961 36034 36039 36040 36055 36095 36102 36111 36124 36236 36246 36286 36302 36445 36462 36465 36487 36526 36534 36536 36613 36615 36663 36677 36796 36799 36810 36831 36890 36891 36916 36918 36938 36953 36984 36992 37002 37066 37108 37119 37127 37158 37164 37214 37285 37357 37360 37376 37399 37438 37445 37463 37476 37493 37500 37528 37532 37553 37574 37580 37611 37636 37661 37667 37680 37681 37687 37712 37746 37751 37773 37799 37801 37832 37855 37876 37906 38012 38042 38051 38107 38136 38147 38262 38271 38296 38308 38354 38360 38374 38430 38492 38542 38561 38591 38646 38735 38887 38893 38970 38975 38983 39004 39096 39142 39143 39145 39155 39186 39188 39191 39240 39292 39325 39332 39342 39362 39408 39463 39480 39499 39520 39565 39574 39640 39660 39699 39722 39806 39817 39826 39837 39866 39870 39980 40007 40022 40130 40160 40178 40293 40299 40327 40361 40384 40385 40480 40488 40611 40614 40619 40673 40689 40722 40736 40764 40830 40839 41453 41548 41579 41626 41659 41671 41714 41720 41781 41800 41843 41955 42006 42046 42095 42109 42119 42219 42232 42534 42536 42549 42596 42909 43103 43255 43331 43341 43365 43398 43543 43806 43912 44494 45098 45314 45562 45569 45645 45668 45691 46083 46266 47352 47436 47679 47838 48071 48106 48112 48184 48534 49596 54228,e601a8de36ba469069b3dc39f810a10b0f239996d411c464d0104b886eabe1fe
34132,57,0,57,12,-177.977,other,unlisted_only,34132 34197 34219 34234 34295 34354 34355 34400 34499 34646 34785 34917 34950 34974 35062 35077 35314 35335 35352 35614 35833 35881 36298 36319 36451 36461 36565 36625 37076 37238 37247 37249 37430 37537 37649 37704 37761 37909 38149 38318 38563 39546 39794 40470 40724 41878 41951 42964 43289 44440 44865 44930 45008 45381 47335 47349 48490,205aa26c7feab83dd3c7d4bd452b84ca03d6e4e6a509957c99a5f80252f83daa
34150,178,0,178,40,-540.602,other,unlisted_only,34150 34181 34208 34210 34214 34335 34351 34365 34370 34378 34397 34441 34451 34573 34579 34623 34743 34783 34821 34846 34852 34881 34896 35015 35016 35088 35116 35175 35176 35211 35228 35232 35274 35358 35405 35433 35497 35499 35518 35523 35574 35587 35600 35609 35626 35701 35705 35739 35771 35813 35825 35875 35890 35949 35992 36012 36023 36029 36038 36070 36086 36184 36212 36221 36268 36425 36490 36571 36599 36654 36686 36726 36836 36845 36850 36956 36991 37013 37023 37077 37110 37259 37292 37314 37335 37377 37483 37504 37513 37523 37543 37556 37578 37658 37689 37753 37779 37789 37837 37868 37894 37904 37946 37981 38481 38491 38522 38909 38923 38957 38966 38999 39006 39100 39136 39141 39151 39265 39283 39341 39391 39399 39409 39462 39466 39508 39642 39808 39886 39945 40139 40181 40208 40286 40355 40356 40364 40405 40547 40651 40841 41536 41543 41806 41872 41895 41940 42115 42118 42496 42539 42611 42856 42931 42951 42969 42998 43027 43065 43192 43268 43624 43665 43730 44589 44765 45132 45252 45565 45716 45987 46056 46090 46202 47419 47716 47753 49580,6969cb4e30667412ea9322902063be1c059453558f710ca18a862c56389ee7cd
34177,20,0,20,3,-69.724,other,unlisted_only,34177 35169 35434 35576 35700 35708 35906 35928 36479 36809 37094 37137 37346 37610 38037 38224 40175 43736 45007 45761,b4bc761649c8cad9ce226c2ef0aad7fa6253374794b2f6653119dd8b5caef8ea
34231,5,0,5,4,2.105,undetermined,unlisted_only,34231 34252 34255 34309 34317,e5c74cedbcf3f7044e71b3ae66488c480e9aebff50d96e6a78476d1fd9f93377
34237,15,0,15,3,-47.785,other,unlisted_only,34237 35020 35040 35070 35369 35461 36355 36895 37154 37771 37892 38762 41730 41827 42201,80f759020bd309c90eb3958527a172184f9439b3b52643a7d04598725efd25c6
34263,44,0,44,9,-138.967,other,unlisted_only,34263 34375 34458 34635 34737 34964 35349 35410 35553 35678 35933 35951 35981 36206 36484 36602 36790 37001 37017 37079 37215 37344 37698 37763 37776 37856 37947 38088 38303 39104 39133 39261 39351 39467 39911 40103 40368 40456 40786 41599 43052 43106 43489 46187,a19338fd722714b7f5aad62dbcecb5d676f0f6f66ee05612b4737e2167f61718
34285,4,0,4,1,-11.541,other,unlisted_only,34285 34290 34318 34326,ffcea1e6c647dede059a2409207ab4131ab3da1dd8d79dd01f1af9b20082cf78
34311,20,0,20,6,-51.692,other,unlisted_only,34311 34440 34801 34963 35117 35143 35161 35235 35785 36181 37025 37072 37207 37237 37811 38541 39470 40257 40362 43529,e40ae328e4422c3e2574541db1e982fa1b5e70367a46a97818a256ebb6fdd7e6
34412,2,0,2,0,-8.776,other,unlisted_only,34412 41624,46f514fd6de4daf18e9a0a35c10a7da7db32304e60ba2c9eef3f15d417cab993
34539,5,0,5,0,-21.939,other,unlisted_only,34539 35835 37937 38437 45757,20f1117edaa5f844ccde6c389fa5be2b164be902edf6e5305ced054b7a79330d
34586,64,0,64,14,-196.67,other,unlisted_only,34586 34802 34866 34878 34943 34987 35242 35265 35362 35533 36695 37172 37209 37256 37519 37707 37833 37960 37972 38459 38516 38608 38790 38847 39296 39639 39678 39798 40137 40562 40967 41071 41158 41687 41997 42158 42226 42887 47059 47142 47294 47374 47684 47803 48439 49614 49825 49846 52031 52319 53115 53132 53213 53452 53468 53528 53589 53856 54156 54159 54233 54274 54543 54619,a17fde46bdc45b5e739572ec0ba31a7737ad2317e45e91f317ed9a12b08af32c
34893,64,0,64,13,-202.681,other,unlisted_only,34893 34969 35096 35110 35337 35424 35454 35465 35471 35529 35531 35603 35768 35809 36844 37065 37433 37684 37841 38174 38329 38367 38476 38706 38857 39307 39444 39867 40484 40529 40728 40737 40745 40963 40965 40993 41089 41622 42145 47410 47480 47618 47822 49142 50288 50891 51313 51446 51490 51744 51928 51973 52219 52500 52597 52611 52638 52656 52925 53276 53413 53423 53466 54221,7ffac3f99ed13799eaf0f2315e24a9c55cb6a2e17cbf146f805d86c59f8a7b51
34997,25,0,25,4,-85.653,other,unlisted_only,34997 35005 44446 44683 44846 45073 45096 45202 45737 46465 49772 49808 50096 50107 50365 50646 50671 50817 50865 51677 52105 52167 52874 53565 53987,c3187a6d9d7b0b91c83f1790cc3bbf7f86bf26edfa3472fbba2bb9e03940e6d9
35196,60,2,58,11,-197.151,other,unlisted_majority,35196 35238 35241 35245 35255 35263 35266 35311 35312 35332 35334 35339 35343 35347 35348 35351 35355 35360 35367 35373 35376 35380 35381 35390 35392 35394 35395 35414 35423 35429 35451 35455 35459 35464 35512 35536 35549 35555 35558 35564 35573 35588 35597 35599 35617 35620 35624 35639 35643 35663 35667 35677 35679 35681 35693 35694 35716 35726 35780 35789,907bc01510f15727d4db00a188309c0bb7cf47dd76dac1b2f8624eb2ef4f7d75
35489,3,0,3,0,-13.164,other,unlisted_only,35489 35513 35520,e6cd83c0c2112e56466ff2022b182982a772284760de2092c50581cc9cb292de
35503,41,0,41,11,-113.782,other,unlisted_only,35503 35516 35528 35545 35548 35552 35557 35560 35569 35592 35607 35655 35670 35682 35684 35690 35704 35714 35871 35886 35905 35907 35914 35924 35937 35941 35958 35980 35993 36004 36008 36019 36052 36076 36105 36113 36116 36125 36151 36159 36164,59b35e3a78548e391d822d50ec714dc208a393e2a0bce9359cb36a41912903fd
35538,2,0,2,0,-8.776,other,unlisted_only,35538 35649,f31cddf35976322957d508837444eee8eb460d7bda91486951936d980a6d6991
35539,11,1,10,4,-24.223,other,unlisted_majority,35539 35647 36621 36643 36789 36798 36833 36983 36989 37037 37764,8abde2a358ca9594df1bcef520b68aed9655aee50aae01adb50667c71bb24d4e
35660,2,0,2,1,-2.765,undetermined,unlisted_only,35660 35661,4232dfb22f227ddb44d84830dbaadd583731b5a6e48f787e564a48e9c4c404b5
35664,2,0,2,1,-2.765,undetermined,unlisted_only,35664 37949,d0406b4d23b0949ee103131945eedfeb566ac8a9374f2f3ba80ee269343cec8f
35687,3,0,3,0,-13.164,other,unlisted_only,35687 40987 41749,7071efc0ae1b731fb6fef4380860e9dac0d858d27fa4f39373193a422f56e665
35691,14,0,14,7,-19.353,other,unlisted_only,35691 35720 35723 35740 35761 35763 35774 35795 35811 35884 35920 35968 35975 36007,0b333399e26c467c4c557623128aa8cb244bb700e111010cfefa5ba058921016
35796,60,0,60,11,-197.151,other,unlisted_only,35796 35801 35804 35806 35818 35831 35844 35847 35866 35869 35878 35879 35887 35891 35915 35925 35934 35935 35948 35955 35976 35979 35983 35988 35997 36021 36028 36032 36033 36041 36043 36051 36054 36058 36061 36062 36064 36071 36080 36096 36117 36118 36120 36126 36127 36132 36136 36145 36149 36165 36170 36178 36198 36213 36258 36269 36279 36280 36291 36295,8385cfb3c9fc81714b570af21f6a3ceac30e22a97b4a52df93bb9464eaeac47d
35821,9,0,9,3,-21.458,other,unlisted_only,35821 37875 39426 42128 48695 50075 50148 51240 53187,5bcb643351dedd634a2131edfa0c59b88f982cebdc8a36ce886e08398b855b79
36099,180,0,180,36,-573.421,other,unlisted_only,36099 36101 36144 36158 36168 36169 36175 36176 36180 36199 36220 36231 36331 36358 36360 36370 36419 36450 36453 36500 36530 36533 36551 36567 36611 36618 36624 36634 36766 36783 36814 36822 36824 36860 36865 36888 36947 36970 36973 36986 37019 37022 37029 37035 37041 37055 37056 37068 37083 37142 37157 37186 37198 37204 37217 37218 37233 37236 37270 37286 37290 37324 37348 37351 37379 37407 37422 37437 37454 37461 37464 37465 37518 37534 37551 37570 37621 37625 37724 37730 37750 37752 37766 37769 37891 37943 37967 37976 37989 38014 38015 38058 38095 38096 38155 38186 38231 38237 38245 38251 38263 38275 38288 38338 38350 38383 38399 38402 38404 38406 38418 38454 38478 38480 38486 38488 38502 38607 38610 38623 38636 38648 38675 38705 38737 38753 38776 39003 39016 39020 39056 39072 39076 39090 39127 39156 39202 39224 39279 39286 39430 39435 39726 39731 39756 39766 39771 39780 39838 39899 39972 40076 40079 40189 40220 40324 40379 40558 40568 40616 40621 40675 40679 40682 40749 40790 40886 40931 40935 41000 41042 41111 41174 41260 41364 41501 41592 41596 41623 41649,c2807194f82dc0fccab898df4a26c75a650ebb88f60c871e3d0e954776009bb9
36163,66,0,66,15,-199.435,other,unlisted_only,36163 36166 36190 36194 36226 36320 36347 36356 36375 36435 36475 36481 36531 36593 36662 36707 36730 36733 36747 36755 36759 36770 36778 36800 36849 36866 36887 36913 36932 36946 36951 36966 36976 37036 37112 37141 37163 37173 37188 37194 37276 37279 37338 37358 37373 37390 37395 37415 37425 37426 37439 37444 37453 37467 37480 37558 37560 37563 37572 37648 37659 37672 37884 37905 37921 37940,89983fa7b2261f09da594653e84d8f7d3123cfebc915606ebf3d093f583704d9
36200,10,0,10,2,-31.857,other,unlisted_only,36200 36215 36233 36252 36278 36281 36306 36307 36321 36365,dcd801b105ca33af18f785353fc301510d0234bd282577b2a4f9646af369c8b3
36219,20,0,20,5,-57.703,other,unlisted_only,36219 36288 36289 36341 36342 36346 36473 36477 36483 36505 36515 36617 36632 36657 36838 36841 36879 36882 36994 37051,d93d12c891ff68afc4d038ec122e4c0fbe69b6c821305013d55e19584fdd6ab9
36297,60,0,60,6,-227.206,other,unlisted_only,36297 36324 36325 36345 36351 36357 36376 36387 36409 36410 36459 36467 36470 36494 36506 36523 36539 36547 36549 36553 36554 36556 36559 36561 36563 36568 36572 36633 36639 36647 36649 36656 36672 36807 36823 36830 36896 36904 36906 36914 36985 37018 37060 37075 37081 37109 37123 37150 37159 37190 37210 37221 37251 37294 37299 37306 37310 37318 37322 37356,4b60dc9cd051f4489420018bf52ead4f1f1377b0e0b4f2bc552f31b2649230ab
36326,2,0,2,0,-8.776,other,unlisted_only,36326 36348,6fcbe7c016af2772090abc43b66b7582b92222c6c37eea9482f5f26574b957b0
36427,4,0,4,0,-17.551,other,unlisted_only,36427 36491 36492 36498,3d5af456ebc439cb1a52e734fd4c27aa9351eb3d1b516ddc9ebb22c7c765b98d
36448,16,0,16,5,-40.151,other,unlisted_only,36448 36452 36456 36495 36497 36519 36525 36542 36552 36566 36570 36575 36582 36587 36597 36603,b296e1fb14e0e6fec97aad884ae0d6632b390f2e0c8026f7f42b948258669fcb
36521,35,0,35,4,-129.532,other,unlisted_only,36521 36548 36579 36605 36616 36714 36727 36728 36753 37653 37676 37749 37774 37805 37979 38009 38064 38677 38880 38931 39165 39319 39554 39787 39805 39811 40810 40868 40928 41134 41144 41169 41292 41488 41674,b06a113113fea7f72957764e1ec092b85eb0fa83ee7ebd41552bd3da08df8f99
36607,19,0,19,4,-59.326,other,unlisted_only,36607 36620 36631 36636 36648 36664 36666 36675 36689 36692 36693 36702 36704 36706 36716 36723 36729 36734 36739,4a75278fcbd95f56914006797e02b310938ddc1494381b450efa8b9ed2884083
36644,2,0,2,0,-8.776,other,unlisted_only,36644 36679,b90fabe3a97c636caac71eb80998c97f30915ead88fca70bda182f2905f0fcaf
36653,8,0,8,3,-17.07,other,unlisted_only,36653 36864 36941 36943 36963 36972 36998 37010,a72bbf5839f3dd12f149c806c74c133638981c5cdc1027000eb7dbd7ad447c38
36749,10,0,10,1,-37.868,other,unlisted_only,36749 36828 36834 36843 36874 36876 36877 36886 36892 36893,f2477a4a43fae13d080ec001a27286e752997938b44af0c603ff90bb3c710088
36769,53,0,53,10,-172.447,other,unlisted_only,36769 37014 37300 37371 37548 38113 38114 38122 38132 38570 38815 38944 38962 39061 39175 39338 39563 39793 39931 40127 40236 40258 40309 40629 40775 40834 41074 41151 41206 41925 42272 42342 42954 43177 44857 45985 46404 47493 47533 47578 47628 48233 48322 48665 48869 49456 49736 50913 50920 51359 52299 52701 53993,d42b5c1875224bb73162380322d67aba78aefcbdc1f6cd963ff9b13b09858904
36779,53,0,53,13,-154.414,other,unlisted_only,36779 36840 36969 37005 37118 37135 37512 37590 37755 37877 38363 38582 38739 39309 39328 39401 39578 39736 40067 40337 40706 40710 40858 40892 41183 41613 41751 42152 42167 42851 42968 43005 43006 43368 43374 43633 44310 44617 44862 45272 45581 45893 46367 47643 47689 47919 48138 48969 49190 49385 49547 49636 51810,2556d14361a4da2181bbc27569379f9e82b2e854ad76d4c2dd84ef42bd7c1d25
36782,53,0,53,9,-178.458,other,unlisted_only,36782 36801 36837 36842 37011 37047 37144 37199 37229 37385 37457 37616 37708 37744 37963 38112 38216 38226 38448 38622 38640 38732 38978 39172 39581 39696 39733 39785 39973 40591 40622 40665 41120 41809 42028 43372 43493 43677 43834 44333 44654 44688 45873 46688 46689 47712 47870 47926 48029 48208 48900 52004 52561,576dd37132f4fa657b7af3473eb08a93eab980b91db581eabb69d087a70bc3c7
36806,51,0,51,9,-169.683,other,unlisted_only,36806 37129 37183 37599 37710 37983 38062 38321 38447 38604 38772 39177 39445 39519 39875 39932 40002 40381 40445 40992 41040 41103 41239 41383 41401 41412 42070 42244 42253 42751 43450 43582 43772 43992 44545 44710 45010 45069 45395 46189 46418 46539 46788 46835 47119 47662 48159 48797 49756 50002 52636,16808654bf36a8d7a36d4ca6f1362cb75f7743318d5faa91af0cea659b14aa23
36808,26,0,26,2,-102.063,other,unlisted_only,36808 37143 37200 37253 37321 37326 37456 37577 38032 38187 38650 39001 39638 40102 40549 40551 41359 41550 42786 42995 44775 46038 46680 47471 48230 53124,8982dac5ffafef2bd46f3dafc93753ef74e18e6e4079a5870c074ccb20850b31
36816,3,0,3,1,-7.153,other,unlisted_only,36816 36829 36835,16c4918cc650b95d732fcb0a67c4d5beab7db2c95acc130bfd8b374d4c1feba5
36900,6,0,6,2,-14.305,other,unlisted_only,36900 36910 36912 36923 36937 36964,62f29381bcc0570bf066268c4072407feddf8cb43ac448db9b6c65a003bf0d20
36908,24,0,24,3,-87.276,other,unlisted_only,36908 37082 37180 37219 37342 37364 37403 37405 37441 37462 37617 37670 37706 37740 37802 37836 38119 38140 38227 38242 38250 38343 40962 41160,2568b52f90f7504774a34c3742a854fb046c077d1646085843fc90291b9ebe9a
36915,52,0,52,7,-186.092,other,unlisted_only,36915 36996 37000 37031 37111 37136 37531 37597 37935 37974 38003 38093 38128 38255 38301 38506 38598 38616 38681 38758 39024 39314 39335 39786 39948 39952 40391 40425 41670 42150 42781 42988 43028 43558 43846 43874 44901 45567 45720 45894 47201 47564 47604 48672 48886 49224 49510 51951 52190 52407 52716 52987,a66916fb2b0af6e7325c849ab9f4464a2aa1122fcffccf796ca02e13501f1585
36949,2,0,2,0,-8.776,other,unlisted_only,36949 36950,717506b3e5b0541778bb6fd0a5abf1a684765602ffcf285ab31b0811c743280b
36965,8,0,8,0,-35.103,other,unlisted_only,36965 37302 37336 37485 37609 37932 38041 38339,0dd15f5118ad863d3ea700fce64d8f0cb1948fc0e6d07830a16663a633e471b5
36971,9,0,9,2,-27.469,other,unlisted_only,36971 37404 37478 37671 38040 40817 40925 41026 48396,4220a419384f0f81de3c30961409b869dcd13e0b0ebd4db9d86d77e718e5e8e0
36999,15,0,15,1,-59.807,other,unlisted_only,36999 37009 37073 37080 37095 37193 37196 37208 37226 37284 37297 37313 37317 37323 37340,4e0a51dd92c4a48ca63a204abd70da2acf0b0e4b902e0e753cc910dbd42b7839
37020,5,0,5,2,-9.917,other,unlisted_only,37020 37886 39219 40134 40772,cd66060412428ad38bb14772e228aec06c002f7abe10700360184b85665c7e83
37057,2,0,2,0,-8.776,other,unlisted_only,37057 41340,83e6a2bc9a3ce73fbb1b299fbcdc18d1192023f8c07e17aa020a9549209b6a7f
37058,3,0,3,1,-7.153,other,unlisted_only,37058 38257 41700,fd9062b666f4dd6b796704bb6309a5fc30ac36c5a2bbb22e615127a20e11734f
37062,9,0,9,2,-27.469,other,unlisted_only,37062 37113 37969 38423 38740 40739 40926 41112 42634,e5f0e41a89c3b00776b84e7a7d4b49517e4447bf61bdc38f99fb5bbf7c410a52
37063,2,0,2,0,-8.776,other,unlisted_only,37063 37148,abb0be3a4de39c1586bace995299c0c427f2eb1f6b98ae8801f128f63a1172da
37064,54,0,54,10,-176.835,other,unlisted_only,37064 37130 37280 37339 37458 37647 37803 37857 37982 38035 38200 38295 38379 38419 38664 38683 38731 38851 39039 39102 39297 39424 39454 39536 39549 39940 40029 40216 40721 40735 41324 41780 42121 42134 43001 43919 44462 44585 44754 45499 45551 45837 46092 46683 47605 47908 49202 50320 51891 52067 52450 52888 53049 53988,bea6adc8138e73146646b0077e998600a55677897a2a94d9b6bde016af156b06
37088,45,0,45,12,-125.322,other,unlisted_only,37088 37091 37309 37320 37333 37547 37552 37642 37643 38341 38575 38627 38822 38886 39047 39207 39253 39602 40406 40793 41322 41675 41759 42014 42812 42817 42868 42948 43357 43830 44504 45026 45364 45553 45656 45754 45767 45980 46580 46766 46847 46979 47227 48515 48882,6d245d6b2657399ea700e5010d10da34974299dc59b89a5e506a51a929ca9ffd
37114,20,0,20,6,-51.692,other,unlisted_only,37114 38105 38121 38212 39532 39635 40438 40553 40825 41769 42348 42462 44358 45444 45492 46232 46509 53661 53823 54111,ce3ae6d8f46c79f3982ad75c081084480db67287f6dbe8316a4aebd1e6ff93f6
37116,2,0,2,0,-8.776,other,unlisted_only,37116 37497,d80683f9c6ec09da12c485f6ae6007a803cf08c2f35dd97c33f0f58a2505b571
37117,5,0,5,1,-15.928,other,unlisted_only,37117 37817 37853 41153 41643,ab746456118d71923dcce61b5eb64c82599be683419add00471b0d96eec07750
37155,4,0,4,1,-11.541,other,unlisted_only,37155 37569 40847 41222,81d140971eceb9d98737a9eb5fb57870a3583fcd02191eaa2774adc590014886
37170,4,0,4,0,-17.551,other,unlisted_only,37170 37702 38027 40913,62fe999f8f08a4c9372317c801e167dab41515b8fe289fd0afc02a82bfb10569
37225,4,0,4,1,-11.541,other,unlisted_only,37225 43946 43955 44019,7b326e684500d5173e038e4e80a9fe38850c35641b4bcc3830eaa4406c07230b
37234,11,0,11,6,-12.201,other,unlisted_only,37234 37631 37872 38443 40003 41356 41697 42458 45292 45768 48918,50dc32e495eb0be1505770ee488412ef9e52c8582d95ad8ec847ac5446c6d653
37274,10,0,10,2,-31.857,other,unlisted_only,37274 39739 39744 39819 39828 43305 43367 45573 47375 48402,5cb49e45da5793233bdbc9d371db6abb49dfd319f1d6f156a73570c51f253768
37332,54,0,54,14,-152.791,other,unlisted_only,37332 37394 37854 37901 37990 38006 38280 38609 38791 38989 39210 39313 39382 39497 39628 39665 39997 40112 40232 40923 41171 41825 43009 43392 43523 43644 43725 43777 44259 44271 44598 44770 44856 44876 44893 45009 45016 45191 45700 45749 46024 46425 48703 48782 48808 48858 49495 49742 50525 51797 52265 52605 53214 53328,eb14ce3546c370179a3589a057d0421d6b8771eb68e7978f937c961a45342556
37347,21,0,21,3,-74.112,other,unlisted_only,37347 37367 37369 37410 37428 37429 37488 37495 37506 37526 37545 37546 37559 37573 37579 37585 37595 37598 37644 37646 37654,beb07255ca67a84b000ad27872b6640ff7da73a096c1aa559c29c77f38bf6548
37362,40,1,39,10,-115.405,other,unlisted_majority,37362 37363 37380 37393 37447 37479 37503 37524 37530 37555 37637 37639 37651 37657 37677 37695 37729 37808 37844 37865 37885 37908 37911 37942 37950 37971 38109 38139 38161 38177 38194 38233 38240 38241 38311 38313 38362 38503 38513 38537,3e60741b3b2a0cd50afb62702e9be55cbf40831fb42f2e36e361c7f84b6fd7d7
37412,2,0,2,1,-2.765,undetermined,unlisted_only,37412 37614,20306113a3e6bd63e72be28dfdba0cf20bec5bc8cb0488f957a5ff2b865c60f2
37417,5,0,5,0,-21.939,other,unlisted_only,37417 37419 37427 37440 37470,33d1ad0d24e2cb466054e47060c8ae527af7a3c46445335bebf9d24a6f5b1e9e
37484,10,0,10,2,-31.857,other,unlisted_only,37484 37622 37747 37848 38123 38173 38236 38294 38409 38477,515062aa80d79a49bf85f586119163f05ee0b824c74bb25dce5be407b0e56747
37576,4,0,4,0,-17.551,other,unlisted_only,37576 37586 37600 37603,5379ada1ff40f819486c96de6f57eee7102d9548e637876a3f73939b42aacdc8
37615,5,0,5,0,-21.939,other,unlisted_only,37615 37715 38036 38067 38085,2ee5325817fa1b7c36a3bf9f5150cbde00566347978d4f6ccb26f81e4abdef11
37628,3,0,3,1,-7.153,other,unlisted_only,37628 38307 47033,2744e6ab7d371cf5dc24b12e98215e5a9bced26bfa68330991fd5df1c3a5779a
37638,10,0,10,3,-25.846,other,unlisted_only,37638 38626 39046 39437 41157 42294 42301 43148 45470 49113,d753d94274dd69f9e04fe2e581686463d7b8491026a41e4b6dfdb3b1ad44d338
37655,30,0,30,6,-95.57,other,unlisted_only,37655 38270 38439 38917 39225 39556 40042 40107 40109 40147 40699 40823 41399 42086 43528 44134 44253 44667 44677 44935 45915 46026 46191 46456 46842 46943 47060 48166 48821 49133,b04135fc6c542dbba34dfc20916c821f38a52112d0d4e2709f10faf3aab6e5ac
37675,4,0,4,0,-17.551,other,unlisted_only,37675 47961 48261 54344,aa7569f81aeadfb9528ddd9ef4e80be002191a4dd8544fd7e44a592c6aacb7e7
37688,2,0,2,0,-8.776,other,unlisted_only,37688 46275,66757d39bc5339d44ec45e8fdef7766ea813efa04950d8b32f8b4c06a1e848b2
37697,27,0,27,8,-70.385,other,unlisted_only,37697 38291 38641 38756 38897 40589 40851 40984 41530 43411 43641 43668 43958 44245 44273 45155 45701 45907 46488 46576 48994 51480 52498 53153 53176 53266 53357,7f7309bcc41891b9f2c974361dd4682b2217dc692062b301a627a6ffeb87b7ec
37703,32,0,32,10,-80.302,other,unlisted_only,37703 37713 37720 37741 37745 37748 37757 37765 37794 37795 37807 37816 37822 37851 37887 37926 37939 37952 37956 37986 37991 38050 38052 38075 38076 38089 38091 38102 38106 38135 38152 38159,0d6d1608f7d0f78f898789e573c73b70f7db170d38f6c2502e6c084a52945cde
37719,2,0,2,0,-8.776,other,unlisted_only,37719 37728,468258c59110df32a22c3b62b58d18438b9179836b5d470b9a7a0dbc15337bf2
37754,10,0,10,2,-31.857,other,unlisted_only,37754 37812 37813 38120 39042 41829 42448 44169 44456 45500,e2e7fece051f1ff9766a128266dd1b1b2ffd8b0fb3c11b9f3242993e66a28ee2
37762,2,0,2,0,-8.776,other,unlisted_only,37762 38221,64cc87cf4e381d319ce6bb4e04cfec4129220be5d8a57b55ff602bf01f57ee12
37775,20,0,20,3,-69.724,other,unlisted_only,37775 38450 38976 39122 39442 39662 40281 40688 41150 41249 41311 41773 41782 42864 42904 43213 43878 44407 45883 46242,76a2b40593442d66545549c670cd0996730846e0387f2186a729a245c61a8d33
37788,2,0,2,0,-8.776,other,unlisted_only,37788 41381,213d2a3e58daec45718f0f00d4ee3f5c458309fed94c76fcb2f90ba56ec890e3
37806,2,0,2,0,-8.776,other,unlisted_only,37806 38336,563cfc8dc2e582c511cbb6fe3b87228e2f51cbacf78227e18c73573e0899bcd1
37845,2,0,2,1,-2.765,undetermined,unlisted_only,37845 38117,f1f234dd68bfa240cb91133effae1613de81a44f87ed3e0854e32ff5f9a51e83
37858,54,0,54,7,-194.868,other,unlisted_only,37858 37860 37871 37907 38100 38361 38422 38433 38500 38519 38566 38574 38633 38647 38708 38850 38926 39049 39086 39230 39300 39514 39804 40098 40695 40973 41365 41384 42111 42697 42731 42818 44611 45122 45406 46476 47911 48874 50433 50526 50712 50866 50952 51504 51667 51806 52486 52650 52723 52829 53000 53072 54075 54481,9149f7af7552f9d3a0f0a8311beed69020e73e4063604028230e5c13c210c525
37889,43,0,43,10,-128.569,other,unlisted_only,37889 37917 38002 38048 38099 38162 38510 38553 38795 38825 39489 39919 40543 40660 41125 41280 41832 43150 44491 44909 45597 45604 45728 45786 45912 46126 47342 49201 49331 49707 49823 50094 50423 50549 50603 50888 51104 51489 52876 52918 53058 54145 54497,4a9320dd91c0ba5e517a1e685f39ee7afb330661cda8501ca04034dcda063b07
37890,20,0,20,4,-63.713,other,unlisted_only,37890 38101 38111 38115 38154 39943 40033 40060 40490 40496 40532 40565 40713 40766 40782 40809 40836 40840 40881 40942,6da4aeff5fabf20565ba80b3fe75cd79138876cd502ad168a7d732929ba446b1
37919,4,0,4,3,0.481,undetermined,unlisted_only,37919 38396 38407 42673,89b0ec4cd3fcbba9e6eebb6aca2c8b55c8987d401b1c1188d05e11bb85f8e6d6
37933,377,0,377,66,-1257.502,other,unlisted_only,37933 37954 37961 37970 38026 38043 38059 38063 38092 38180 38220 38234 38239 38265 38282 38286 38421 38508 38524 38562 38572 38618 38631 38660 38667 38673 38743 38764 38786 38787 38834 38865 38867 38871 38879 38890 38950 38968 39009 39010 39062 39065 39075 39085 39093 39139 39167 39173 39179 39213 39215 39223 39257 39263 39281 39287 39293 39301 39311 39344 39355 39359 39367 39411 39415 39438 39459 39469 39473 39511 39513 39524 39547 39586 39588 39618 39643 39649 39710 39730 39750 39752 39782 39807 39809 39818 39820 39823 39840 39851 39860 39862 39876 39892 39907 39917 39941 39966 39971 39976 39977 39979 40040 40049 40069 40073 40078 40115 40142 40153 40155 40179 40263 40275 40279 40315 40319 40366 40398 40416 40428 40471 40475 40502 40571 40572 40578 40593 40607 40624 40640 40641 40645 40727 40731 40820 40870 40871 40894 40929 40959 40969 40975 41032 41039 41093 41113 41121 41137 41181 41186 41199 41204 41219 41269 41275 41313 41325 41372 41500 41507 41520 41554 41611 41645 41756 41810 41849 41877 41888 41906 41910 41976 41996 42103 42191 42239 42243 42247 42267 42269 42315 42320 42368 42370 42514 42524 42535 42545 42577 42620 42654 42670 42727 42750 42814 42816 42827 42839 42896 42996 43042 43064 43278 43308 43344 43384 43407 43417 43431 43448 43518 43550 43551 43568 43575 43595 43621 43626 43643 43649 43652 43705 43715 43742 43762 43786 43816 44028 44099 44188 44192 44240 44274 44301 44320 44421 44445 44497 44515 44560 44632 44666 44673 44691 44703 44739 44746 44841 44853 44894 44899 44916 44917 44932 44971 45005 45018 45072 45086 45180 45207 45285 45288 45341 45382 45391 45481 45491 45498 45635 45644 45648 45662 45669 45678 45775 45867 46053 46133 46215 46224 46284 46303 46391 46463 46631 46713 46782 46832 46871 47017 47137 47139 47155 47168 47233 47257 47332 47359 47445 47464 47465 47544 47622 47647 47701 47802 47817 47884 47885 47925 48002 48049 48083 48123 48179 48239 48343 48386 48388 48428 48438 48517 48593 48725 48764 48839 48851 48855 48877 48889 48972 49045 49120 49192 49362 49402 49403 49718 49768 49946 49961 50228 50279 50321 50430 50500 50562 50595 50857 51055 51256 51279 51331 51495 51501 51595 51898 52049 52141 52633 52742 53001 53325 53475 53791 54104 54123 54158 54229 54243 54341 54360 54393 54436 54588,4885ddf124a0f97b5a3775a12de0274d342d12842ebe59520359f976721ac8c3
37975,20,0,20,7,-45.681,other,unlisted_only,37975 41943 42151 44080 44398 45243 45244 45864 45970 46681 47728 48493 48626 49027 49065 49451 49735 52362 52460 53579,7d45d1e3aeff67197834eb5a7d37096212bb95ec55f3f9e507bb6cfeb870b70c
37984,51,0,51,6,-187.715,other,unlisted_only,37984 38166 38169 38225 38246 38252 38702 38769 39060 39538 39585 40374 40477 40585 40597 40802 40821 41011 41348 41393 41503 41511 41521 41541 42249 42389 42963 43260 44211 44483 44533 44629 44641 44871 45101 45128 45297 45412 46271 46582 47174 47305 47707 47815 48309 48724 49223 49270 50386 51385 54332,f6e752c01fc8a2699596c47606cc0b90e1735c246ef97fc101c739febb2f2473
37993,20,0,20,6,-51.692,other,unlisted_only,37993 42561 43970 44888 45035 45354 45439 46064 46321 47029 47205 47273 47285 47384 48516 50431 50465 52021 52553 53597,c6bf30c165aa4f497e4b4150b35387e7b0d92ace0ac5b184eaa9c07cb481a4ec
37997,44,0,44,10,-132.957,other,unlisted_only,37997 38001 38079 38163 38342 38442 38671 38860 39475 39724 39878 39961 40077 40111 40305 40413 40945 41315 41754 42793 42803 43111 43248 43504 43899 44604 44671 44839 45146 45516 45660 45896 46218 47226 47608 47842 48989 51392 51904 53166 53201 53272 53797 54049,c72b65d82bd68826af08bba0493451a0aaad666fa1dc856258dbcd129154dead
38010,2,0,2,1,-2.765,undetermined,unlisted_only,38010 38018,33137e93df197cae3a781ee92a4a76899a04cea76870df63915b7c53f0004928
38011,42,0,42,7,-142.214,other,unlisted_only,38011 38022 38024 38157 38331 38352 38438 38470 38581 38589 38624 39295 39326 39368 39755 39799 39816 40023 40563 40828 40985 41339 41505 42027 44212 44496 44988 45147 46522 46856 47045 47539 47852 48811 49194 49284 49340 51394 51671 52440 53034 53890,bd7904ba84e3dc85d03fbe074f49710b839225a030689ccf063347c36ade5a37
38021,20,0,20,5,-57.703,other,unlisted_only,38021 38045 38393 38593 38639 38813 39324 39394 39610 39992 40164 40245 42227 42573 42947 43108 43438 43580 44548 45544,c6150ef9b5926a974389fd92845410199a4067064dfe768ace25bdd311175762
38069,37,0,37,9,-108.252,other,unlisted_only,38069 38501 38599 38672 38925 38940 39378 39657 39672 39778 39848 39978 40144 40684 41247 41332 41376 41392 41796 42076 42551 43892 44999 45357 47696 47771 47929 50255 50491 50960 51282 52242 52301 52800 53250 54061 54265,acb98dddc949e93815c91682c35a05a2fdbeb4fc0a3b79e568024cff64190efd
38071,2,0,2,0,-8.776,other,unlisted_only,38071 38073,923091631df166936356c8c8272ddd05771d337bf81bf76968a8564ddb8e541d
38083,2,0,2,0,-8.776,other,unlisted_only,38083 38238,1f800bd6ce81aaee2d789c639af3015debbf4819c7bd159b129fa50a531da531
38084,2,0,2,1,-2.765,undetermined,unlisted_only,38084 38138,abe1d584c7670565278e9886bbda5e97d8c03310865961bf93b1b0738a99a51a
38171,25,0,25,4,-85.653,other,unlisted_only,38171 38302 38594 38611 38793 40371 40752 41129 41691 41900 43829 45676 45739 46203 46421 46534 46666 47837 49448 50066 51735 52066 52502 54225 54351,48819d9d09c34df32feb1de0c4a54b9303031548cdd16c1a1e48afd56422007a
38176,3,0,3,0,-13.164,other,unlisted_only,38176 38189 38276,62cf89ff81784644ecf75e35cee6997b479c887673d858452714273312b7d221
38179,10,0,10,3,-25.846,other,unlisted_only,38179 41035 42182 43875 44395 44406 47276 49354 49640 49701,3f6fb7ebef076715d3d4cf33119cb9554e7d84739ed715e2aced1872a7a67227
38185,4,0,4,2,-5.53,undetermined,unlisted_only,38185 40792 45503 48282,12ee5b19002ee2ce6db6db6623e18f270469045b111f8ce8357fa3f09f370795
38193,56,0,56,17,-143.534,other,unlisted_only,38193 38228 38247 38272 38279 38322 38340 38358 38388 38465 38479 38487 38546 38567 38585 38601 38630 38651 38665 38668 38692 38716 38729 38742 38768 38782 38800 38818 38829 38852 38874 38907 38910 38928 38945 38992 39030 39032 39033 39038 39115 39129 39137 39198 39203 39206 39258 39260 39327 39336 39363 39418 39458 39504 39506 39509,8c396cc30a288d8a01fbe313b8c6f8abd27e18a685e33783cc14ba486d45564b
38260,2,0,2,0,-8.776,other,unlisted_only,38260 43030,66530c1561bc2355dfd5cce7a41a66a67faa0a343d144abbc131f19d2691c621
38290,16,0,16,1,-64.195,other,unlisted_only,38290 38325 38346 38347 38359 38365 38377 38384 38385 38389 38395 38415 38431 38483 38484 38493,42a306e734c47578aea9f90f00dea1344e435d695b8fd72391bf783972c509a9
38320,103,0,103,17,-349.764,other,unlisted_only,38320 38334 38348 38380 38453 38458 38471 38526 38554 38556 38619 38638 38657 38690 38722 38725 38760 38788 38805 38821 38841 38913 38927 38953 39052 39068 39069 39079 39113 39132 39158 39182 39195 39196 39197 39237 39243 39316 39352 39379 39439 39441 39453 39488 39503 39507 39593 39625 39688 39779 39829 39846 39864 39906 39908 39953 39954 39982 40068 40071 40091 40135 40234 40243 40270 40288 40336 40411 40444 40459 40499 40510 40662 40750 40756 40875 40890 40908 40934 40964 41007 41067 41068 41185 41220 41227 41234 41245 41251 41291 41321 41416 41439 41449 41527 41556 41620 41637 41753 41842 41875 41886 41903,52093f1f0c88f21966817bc6593fcf3e2cb0c314099182807057e7057ebfb2f7
38366,13,0,13,3,-39.009,other,unlisted_only,38366 38452 38466 38584 38670 38682 38717 38807 38817 38827 38845 38877 38915,3b51ddacfd1ee97fb3d8b10f11934a1fc87d0b421c4e9bddee9d8927a101b58e
38455,2,0,2,0,-8.776,other,unlisted_only,38455 38551,29471cf3e91be2f16453b68dccc67b3cacee1896f45c10392fd1c257664e3632
38540,60,1,59,14,-179.119,other,unlisted_majority,38540 38571 38603 38615 38652 38669 38710 38733 38775 38804 38824 38840 38896 38941 38960 38974 39027 39112 39114 39135 39152 39159 39216 39246 39276 39288 39315 39389 39395 39422 39456 39477 39492 39501 39528 39543 39632 39647 39671 39681 39690 39701 39723 39746 39815 39877 39883 39974 40027 40110 40123 40129 40131 40173 40174 40283 40301 40320 40351 40468,d95a53ceb013656da033cfd490548d2c2c30b651127f4b0c4633fe83b4a1bccc
38586,5,0,5,0,-21.939,other,unlisted_only,38586 38587 38723 38744 38810,465f1d82d441762b001fa6dd6192a943a869cefd50b9e59669539cae57d7ce53
38634,13,0,13,4,-32.998,other,unlisted_only,38634 38704 38724 38777 38816 38831 38906 38986 39274 39337 39343 39455 39493,e2c44ecfd08f05537e9c65629626fd681a4ab0a1eed88aab9f30746c69063ac8
38699,28,0,28,5,-92.805,other,unlisted_only,38699 38700 38703 38713 38746 38748 38749 38759 38774 38781 38789 38796 38799 38802 38823 38830 38836 38849 38853 38861 38866 38870 38883 38894 38914 38916 38922 38938,88889fddf8412137652190791c655d29d82d41a708a75aa6806a702d18ff564e
38709,34,0,34,5,-119.133,other,unlisted_only,38709 38727 38730 38738 38770 38773 38798 38801 38859 38869 38904 38908 38911 38918 38930 38949 38973 38977 38981 38985 38991 38996 39018 39034 39054 39071 39087 39109 39125 39149 39162 39164 39169 39194,82bf283987bc6150bffcd58db7a2f00508bdf10f6be513b35438c5c99244b7f8
38714,2,0,2,1,-2.765,undetermined,unlisted_only,38714 38808,c812c6248f5b9b587e0d6d01ad480aa8acac7e236398ddce845d6f78e69ca002
38754,31,0,31,4,-111.98,other,unlisted_only,38754 38901 40086 40800 40832 41326 42025 42195 42576 42685 42850 42870 42890 43092 43159 44157 44570 45801 46491 46543 47538 48107 48241 48729 49267 51219 51549 51582 54260 54423 54601,a545ef7467d8c61f30c0e33968913aeae62e02b869c631f2f344a4c8a8f4e881
38757,13,0,13,4,-32.998,other,unlisted_only,38757 39002 39014 39964 40072 42088 42293 42876 44621 44815 50084 51486 53230,778d4add67a9c88a6e5d9d04df81d338bf10d0029127657f33f044d4872c88b4
38785,17,0,17,2,-62.572,other,unlisted_only,38785 40207 40446 41918 42108 42168 42353 42627 43402 44306 44778 44786 46598 47542 49626 51388 52859,fde23d2345000bca2b5a07fd66848eb3f78e2a13fd3a53d54a2049845e0499a8
38919,5,0,5,0,-21.939,other,unlisted_only,38919 39050 39150 39222 39254,85ffd3cb2dd1713b38e81abfbc3fd588f2c3574a1d651dc3dddee0fecd54a610
38937,13,0,13,4,-32.998,other,unlisted_only,38937 39168 39183 40280 40498 41919 41944 42073 42698 47269 48120 49240 53099,d021771e8a239f6878d805b44f132a3ea6ce311ea5661b08a11d6c3d0553272e
38954,24,0,24,7,-63.232,other,unlisted_only,38954 39111 39385 40048 40143 40214 40401 40439 40581 40829 41141 42064 42172 42335 42436 42444 42921 44154 44401 44434 44614 47306 49803 50091,16e0fca9398a4d0eb35922cbeab2fb3e8743fbfd8ca291c88b11e0a3e34f4e06
38965,15,0,15,1,-59.807,other,unlisted_only,38965 39692 39930 39957 40304 40573 41114 41297 41654 42197 44642 46324 47115 52017 53875,94bf6ee54f0252e127dc9d65075719f5d704a4f38c7c5f039332dd36c9842890
38990,34,0,34,11,-83.067,other,unlisted_only,38990 39107 39120 39226 39227 39247 39269 39299 39322 39370 39388 39392 39397 39406 39423 39433 39447 39464 39482 39496 39505 39516 39531 39570 39571 39573 39579 39600 39603 39606 39614 39675 39676 39700,1ef0388b300b4d1486445d5f77b77c9039438215484b6e43e408066a6fb16ac7
38993,2,0,2,1,-2.765,undetermined,unlisted_only,38993 43978,a40ec64e4efa66838e5fe649b81d09b5986376e0c3cd96ad4acd217e1c465fd0
39022,9,0,9,2,-27.469,other,unlisted_only,39022 39161 39234 39695 39873 39891 39975 40360 40579,c18c30c70656d82c3685e63a258acb2f5173e4b091bec4c6d4b006fd80672d29
39036,2,0,2,0,-8.776,other,unlisted_only,39036 39545,346610b672d3fb057e419d60a8799b857459e5f7f165d3934d81817f3b1e4086
39083,8,0,8,2,-23.081,other,unlisted_only,39083 39170 39275 39323 39374 39525 39592 39619,4f7fc4f150f6a4462d74896b9b4014236c683ea1d883d0dc981f6291e2a0afd3
39091,7,0,7,2,-18.693,other,unlisted_only,39091 40466 41444 43102 45293 47525 47630,6fc873305125df21efffb6c8f809513845f1b2a2c8612c87c3431a3cd8d89175
39118,2,0,2,2,3.246,undetermined,unlisted_only,39118 39589,3bec0c169e025bd17275798b17304be61e15d2c44bede8b8b0a4be90eb74a99d
39138,2,0,2,1,-2.765,undetermined,unlisted_only,39138 39321,810df61b999f18b9f9574acd1c3ca35bd969f67a60a50b7c3930f5cdf02a4b39
39160,10,0,10,0,-43.879,other,unlisted_only,39160 39895 40588 41306 41859 42207 44108 44518 45299 46392,6d6e5807c48fd783352d4cc32091c6c9c45225fb61edfd8310d763fa5e042a07
39241,42,0,42,7,-142.214,other,unlisted_only,39241 39252 39272 39340 39412 39494 39673 39693 39795 39796 39801 39822 39824 39831 39832 39847 39852 39854 39856 39861 39880 39896 39918 39935 39937 39938 39939 39942 39958 39965 39969 39984 39985 39990 40008 40011 40012 40026 40035 40051 40055 40075,9548ad8a01c29caf81fadd7048b1048e91a830284ae9ee8174c025315ef72c5e
39245,3,0,3,0,-13.164,other,unlisted_only,39245 39457 41005,df8204e2054196c05f48d266a058893608f9d2db01b07387efdc1f788e34cec5
39248,8,0,8,1,-29.092,other,unlisted_only,39248 39298 39330 39403 39476 39611 39624 39803,c190cb4209788d5b09bd659643e9318fb588082e880675531bca1f3350645c7b
39278,2,0,2,1,-2.765,undetermined,unlisted_only,39278 39566,2f1d1ad1f24bc0e11c6953a6363570e8283c517dc78a5ed8a53b2fd395a9dac2
39302,2,0,2,1,-2.765,undetermined,unlisted_only,39302 50984,d49699e95fd9df3bbc833548e9555198b1ba77599a0a29cfcb662915f6f5c626
39349,2,0,2,0,-8.776,other,unlisted_only,39349 39417,8da81d30c43fdc97e303107f0e5081f3852b157e2414b00dc771be568c408dbd
39364,3,0,3,1,-7.153,other,unlisted_only,39364 39443 40587,392fec78cf2e8c531bdb0aae77d4ed688cece786fa08714ab6c614b1576006b1
39407,2,0,2,1,-2.765,undetermined,unlisted_only,39407 39428,8b835111fa48c30aa6deb8a4e12a3b9616f12bc008c1301ebf812ee417f9a1be
39427,60,0,60,6,-227.206,other,unlisted_only,39427 44077 44148 44738 44797 44842 44890 45055 45082 45296 45344 45843 45976 46067 46162 46181 46185 46236 46319 46885 46957 47442 47483 47704 48196 48433 49220 49601 49631 49641 49911 49963 49964 50114 50363 50364 50564 50879 51106 51141 51765 51804 51813 51857 51933 52162 52354 52370 52523 52529 53543 53665 53930 54017 54178 54278 54286 54313 54347 54375,b5158978daaa0882f6ccc1e81f6fefbc520d2c0bf9936d50a438ccf40eecacae
39523,2,0,2,0,-8.776,other,unlisted_only,39523 40132,c3821bd85a211d8cc076f1487393ef1d345cc38ac8d13b9e0910b7a1a4c2beed
39540,9,0,9,2,-27.469,other,unlisted_only,39540 42155 42910 43688 44149 44661 46217 49577 51308,f41b12ffa3bf8a69ad4fdcb2662c4dbfda7e0f4aef5c9ee9562e137ce1bf0739
39542,4,0,4,1,-11.541,other,unlisted_only,39542 47051 47249 48152,d40da8d95d6681d8e94cb3611c01c270e0afcf234a7381ce53b34bcedccad14e
39544,9,0,9,2,-27.469,other,unlisted_only,39544 39590 39613 39623 39627 39644 39741 39775 39836,92f034f515e1eba78eb745de1da4d8536908b14ad076370175d47eefe143ac6e
39558,2,0,2,0,-8.776,other,unlisted_only,39558 39604,6e97a007559ad2d139592149d6de696bc934eec243c0f4f820aca0ac7ad5f365
39562,101,0,101,24,-298.911,other,unlisted_only,39562 39645 39714 39727 39735 39757 39758 39765 39887 40054 40204 40592 40636 40638 40687 40742 40748 40803 40842 40879 40936 41054 41082 41094 41119 41127 41209 41445 41483 41486 41513 41560 41567 41591 41601 41655 41680 41794 41871 41901 42080 42135 42237 42282 42415 42583 42734 42778 42801 42802 42805 42838 42866 42892 43089 43926 43931 44189 44243 44277 44285 44412 44523 44587 44635 44854 44954 45001 45061 45081 45125 45260 45307 45390 45466 45473 45627 45865 46116 46443 46521 46561 46632 47014 47052 47254 48189 48213 48761 49392 50194 50969 51031 51213 51215 51861 52488 53147 53762 53980 54307,670c66a56d351c6e93c870c67cf582a75dcbbe7b4aa87b07e86e2361c7c2bd48
39599,27,0,27,5,-88.418,other,unlisted_only,39599 39620 39857 39995 40383 40861 40898 41052 41102 41243 41469 41498 41973 42147 42188 42203 42217 42367 42720 42923 43182 43430 43770 43882 43887 44084 44105,cb9f2dbc0fe964a572973e5e083bb2047ce1650e75ff15e98ab527f1d264e369
39605,2,0,2,1,-2.765,undetermined,unlisted_only,39605 40801,c5d9a18f3f4d4d15bf231f9491ac7ab3b7df474da4fa4640cc43e33c8e27a9b1
39617,21,0,21,1,-86.134,other,unlisted_only,39617 39630 39637 39874 39884 39894 40001 40088 40104 40249 40330 40350 40424 40500 40522 40609 40646 40652 40773 40788 40844,e7cc543115e09bd6bdb046aee184d323121204e3e06395f2bf326a51ccebd11e
39634,3,0,3,2,-1.142,undetermined,unlisted_only,39634 39812 39920,77414165362270494f5924bd17df1d6880f53037bbff59675dacdc392e09b935
39636,11,0,11,2,-36.245,other,unlisted_only,39636 39890 40564 40569 41053 42604 42957 43371 46041 47021 50095,b5b8ff8f3233336769579f86a6f59df608615c4d2aa38b09c2ccd25145b07736
39646,10,0,10,2,-31.857,other,unlisted_only,39646 39853 42310 42680 45108 45331 46536 46697 48246 51302,6ec10d2841c9d767a40027f28aa8653f4312980a54b473e1869b5bda0dffb83d
39652,9,0,9,4,-15.447,other,unlisted_only,39652 39664 41229 41908 43025 43454 44941 45309 51863,537b2de84e71549701e86d1d24438414661646964786c833a0987f47ba6f7d66
39668,10,0,10,2,-31.857,other,unlisted_only,39668 40063 40632 40799 41965 42148 42538 43826 51037 51250,88706de7603973829cda99347b4075aadd0c63f7eb7db97690b50d5ee3d8f6b8
39677,10,0,10,3,-25.846,other,unlisted_only,39677 40271 40485 41188 43168 45599 46740 49020 51852 53971,c21b61c3260993c3be68932652c95b82291fec7a5bcb00421976e96da732ae1d
39679,10,0,10,2,-31.857,other,unlisted_only,39679 40365 40631 42336 43750 44090 45488 46990 49314 51324,e9c9288e71dd0cbd3791d80e755fe403a175b67f4e1b8520d2f04a33605fe322
39702,2,0,2,0,-8.776,other,unlisted_only,39702 39704,4571ac0d16f33a8d5f552ae3a60fef8a4617009818c289dff4e3c419472927e4
39800,9,0,9,1,-33.48,other,unlisted_only,39800 40877 42020 42993 45374 48174 50961 53223 53763,0f49c5bcf5a6d9e38df482e24b424e7e7cb177ef2099bd1d5f4161d8063295e5
39810,11,0,11,2,-36.245,other,unlisted_only,39810 39944 42038 42288 42862 44555 45193 45613 47767 48570 49595,d2c5454c3d7bb2bad01820039b0bb798bdf3bbd5df33a75db847a7b6cf89a5a8
39834,9,0,9,1,-33.48,other,unlisted_only,39834 40053 40676 41718 41960 42314 42723 42728 52138,a21f2ee9a8ebad7bb3c45d80ede4aa4ca5ef9407534f71b265395c2e4ae0a958
39882,4,0,4,0,-17.551,other,unlisted_only,39882 39898 40036 40197,eb131c9e8c6272278acf1748576db0577ad41a335e69b1cad4cf4562b09be12a
39885,32,0,32,7,-98.335,other,unlisted_only,39885 40052 40343 40517 40560 40570 40715 40762 41122 41473 42292 42455 42591 42693 43199 43370 43423 43534 43939 44143 44229 44470 45124 45308 45366 46530 46560 47028 48099 49391 49394 53792,6c843e3d99a82e1cf24092d2b6de171e295a838f230b8035cbf3328840e12e92
39897,13,0,13,3,-39.009,other,unlisted_only,39897 42174 42820 43380 45276 45625 46376 48256 49522 50617 51155 51338 53226,1696c3f37c7e76d32dc645202c26b8525b7212f02d211c842eaad405a4412a78
39924,2,0,2,0,-8.776,other,unlisted_only,39924 40583,b686a0c74727ba28736270a1ffe80156d5c0b5daa2f5f69c3fb79b9967ba53e8
39926,9,0,9,1,-33.48,other,unlisted_only,39926 39949 39986 40009 40013 40117 40122 40375 40494,9ef4d26103c3efde7c7ba1c774927955f620606a5e2999ce5add1bc229408d11
39946,2,0,2,0,-8.776,other,unlisted_only,39946 40126,88c7564c0c8043752e74734703dcce711104b2494da55d4201f555c38cbd2931
39960,4,0,4,1,-11.541,other,unlisted_only,39960 43114 44609 50089,12913460f2985266aa02dfbfe32c6212fe0d19a0bfcaf9966d79f1bad984c0d6
39989,13,0,13,4,-32.998,other,unlisted_only,39989 40005 40043 40154 40253 40326 40505 40633 40723 41081 41354 41446 41450,a404ab8b80d3fb3f883ef8ef26c635c8c6f9051918405fd4125d2b28fd48f0ca
39996,70,0,70,11,-241.03,other,unlisted_only,39996 40021 40044 40584 40618 40657 40668 40876 41283 41302 42116 42209 42263 42891 42928 43424 43573 43720 43746 43800 44094 44484 44557 44694 44767 45013 45119 46088 46106 46281 46294 46306 46493 46757 46827 46880 47213 47678 47869 48586 48702 48792 48917 48984 49019 49021 49336 49361 49600 49766 49779 49790 50054 50078 50496 50644 50877 50943 51208 51291 51849 51865 51992 52001 52352 52538 53366 53623 53670 53831,c45b7f5e1df215c8db49a93402c82e1d2c20871dc16aee97e9747e7f0ffaed01
40017,5,0,5,2,-9.917,other,unlisted_only,40017 40905 41303 41405 41525,d5cf103d97bd5ee115a2ee690f771c19f923f2a8f97df7c0a36e1bcd8fbb9997
40019,36,0,36,11,-91.843,other,unlisted_only,40019 40020 40025 40061 40455 40600 40605 40642 40816 40884 41136 41154 41267 41491 41885 41896 42012 42166 42187 42194 42835 42846 43187 43206 43251 43388 43443 43540 43808 43941 44145 44147 44267 44573 44707 44873,fd83c249d838537d77dcf0d0db4634ed16dfd2128ebe874245cb2ce1b6ab2a52
40030,41,0,41,5,-149.848,other,unlisted_only,40030 40045 40226 40287 40289 40442 40478 40506 40604 41065 41490 41931 42132 42250 43382 44554 45036 45173 45265 45273 45559 45560 45674 45769 45947 46838 46861 46897 47111 47387 47818 48070 48231 48248 48264 48420 48540 48557 48705 48767 48893,246bf97d96de2ecee4577d3873a6f7d6e683bb57f071597e9b220ec21fbc3a80
40058,5,0,5,0,-21.939,other,unlisted_only,40058 40059 40213 40451 40482,831893c608ed4d4e6e1f334d9e7db382bf56922ece66dee3b0f808e26dc7ad2e
40094,50,0,50,12,-147.262,other,unlisted_only,40094 40114 40121 40185 40194 40200 40237 40282 40284 40342 40372 40389 40390 40408 40423 40447 40458 40486 40574 40667 40671 40692 40725 40794 40813 40853 40856 40901 40977 40989 41025 41044 41165 41195 41224 41225 41228 41262 41310 41404 41460 41464 41475 41477 41481 41528 41587 41604 41634 41689,b7afa0d7a151f7b14eace1025924ee2ed56c27be602c3114d1616cdbdd2e825e
40095,26,0,26,3,-96.052,other,unlisted_only,40095 40113 40118 40133 40170 40171 40177 40186 40199 40202 40205 40206 40225 40240 40266 40276 40297 40302 40311 40312 40318 40323 40340 40347 40354 40358,2c667188c012929b7ec38c07738f6c6370f9800ae31d654d648bcce8779fb4ab
40096,3,0,3,0,-13.164,other,unlisted_only,40096 40120 40146,1889da3f149f82d94dbefdacc3a9ac71b4a129cb6d0f822876ee981c4fc7228c
40125,4,0,4,0,-17.551,other,unlisted_only,40125 41763 44272 45045,36ceb380c8bcabedd92ea56b0fe826c8aff57c03fc404892bb6480c94a0bc54e
40145,2,0,2,0,-8.776,other,unlisted_only,40145 40163,f871c0013823de21a104cb1ccbd74cd499862c36d6655d59abd70bbe017b7e8f
40210,2,0,2,1,-2.765,undetermined,unlisted_only,40210 40224,3349a1ded11947440f6f763b0a7d7f0968405591c2825a604c7f8bed6a2b68da
40212,3,0,3,0,-13.164,other,unlisted_only,40212 42821 47098,6824ef009e6df7a44eadb6e11c2b115cbebf98f88f3df2db7e903ca1e095c81e
40217,9,0,9,2,-27.469,other,unlisted_only,40217 40443 41050 41241 41595 43381 44354 45816 53937,8e94ced5529e9d41b35ca7bb65a696216bc2766d983e6b2a367db92e16cadeae
40238,3,0,3,1,-7.153,other,unlisted_only,40238 40321 40333,af282309768f751d20f1daed013563b1a002c31a13e1956644f24a341dad6df9
40242,3,0,3,0,-13.164,other,unlisted_only,40242 40859 42068,9feff8ab0bc90b0fabcfea0fedc4ac8b75fa4dfa7b1272b46dd50812e9890356
40255,3,0,3,1,-7.153,other,unlisted_only,40255 40598 40718,ae21b06bf1560bcbb817bec7a32528d9f8884b5e3d02d68c6f0ac78a267afda9
40272,2,0,2,0,-8.776,other,unlisted_only,40272 42841,054baa12fa40fdd635cd048631e6a8deecb58d6b24ad2e87b51531bf04a66d87
40332,15,0,15,1,-59.807,other,unlisted_only,40332 40344 40414 40552 40594 40672 40696 40711 40712 40755 40806 40930 40944 40952 40955,cb64ed397d883c8bdfa9dfc9d9a0eb6949b5cd04f854cf62265134d00576a0b7
40380,40,0,40,11,-109.394,other,unlisted_only,40380 40436 40460 40469 40481 40643 40654 40804 40883 40974 41147 41216 41255 41305 41533 41669 41733 41846 41975 41978 42605 42941 42990 43435 43466 43548 43605 43714 43724 43981 44082 44224 44824 45239 45266 45772 45785 46101 46737 48200,47cb84c2a05519b1fa7a7c4cc24be2c2005d4a6b7b813a336a3678219a5fd1db
40393,106,0,106,28,-296.807,other,unlisted_only,40393 40396 40410 40417 40420 40427 40452 40453 40454 40473 40518 40521 40526 40531 40534 40537 40538 40548 40550 40567 40577 40582 40603 40606 40613 40625 40628 40634 40656 40659 40670 40680 40704 40714 40730 40732 40740 40747 40757 40758 40779 40780 40785 40814 40819 40857 40865 40866 40874 40878 40895 40950 40954 40966 40972 40981 40983 41001 41004 41017 41020 41030 41045 41049 41078 41080 41088 41099 41100 41101 41115 41135 41142 41163 41175 41201 41235 41236 41237 41248 41266 41286 41287 41288 41304 41312 41336 41353 41386 41397 41418 41421 41443 41458 41461 41484 41516 41544 41546 41558 41565 41577 41578 41603 41610 41617,4391b11d991e7c9ad4f9a1a5a7ea9ed7f234643b0c883f49511e1394a5ab8ff5
40395,14,0,14,5,-31.375,other,unlisted_only,40395 40691 40784 40891 41031 41218 41333 41924 41984 42023 42917 43475 43807 46571,be08ba6b32cff90d8ee3c3a2713c7664ec6f63c714cfbf8e95330f2a0a95cd24
40409,2,0,2,1,-2.765,undetermined,unlisted_only,40409 40431,c5468d111f5c9d784dd898f61789f4b6502f9ddb3369153ee171241a8a492efa
40434,20,0,20,5,-57.703,other,unlisted_only,40434 40450 40545 40719 40751 41180 41506 41540 41744 41927 42843 43057 43444 43531 43541 44025 44089 44205 44207 44308,f00b68c8afd64de2c2582b57e337f3981537e1536716d238a2c18d0241e1d642
40440,2,0,2,0,-8.776,other,unlisted_only,40440 51286,7ae5234deadc644a2d876fce5b5d754fb13871160cc66805758adf52864d3bcd
40487,40,0,40,4,-151.471,other,unlisted_only,40487 40514 40527 40705 40707 40726 40729 40743 40753 40864 40998 41051 41056 41064 41076 41124 41145 41152 41167 41316 41342 41343 41413 41428 41462 41466 41564 41586 41666 41725 41741 41907 41968 42040 42077 42099 42113 42127 42129 42130,9b296390ca41c628cd6927d223c81e0afc3a35a3940576a2d098df638cee578c
40491,2,0,2,1,-2.765,undetermined,unlisted_only,40491 40512,7e7a46f27465c5b72f05774e0e1b4782936e8ed35c10041d0de48dc95ccead9d
40492,27,0,27,5,-88.418,other,unlisted_only,40492 40658 41314 42142 42178 42422 42761 42849 42880 42943 43047 43611 44436 44547 44912 44914 45182 45944 46331 46477 47039 47073 47074 47190 47209 47309 48387,4b44877212e4561c54125a4c00ad8e4f87afadcc9ad45d402c3758769aaf8eea
40511,4,0,4,1,-11.541,other,unlisted_only,40511 40525 40557 40576,08d83f8a18ba17488fcec0848bd96b15f37e3fc9a4ca7c40b63d38a45b0279b4
40519,15,0,15,2,-53.796,other,unlisted_only,40519 40914 41132 41395 41408 42078 42153 42992 43207 43336 43359 43639 44527 45280 45332,60fafe414f5ea50c3e0661fb9a1919b019265a175bb5fe0f03e480ba27f13c98
40523,3,0,3,1,-7.153,other,unlisted_only,40523 40546 40835,186188fb3884c4e259b0ce681a206ab32b6a47c452ab0b26b58f5f6fe34e84ad
40586,6,0,6,0,-26.327,other,unlisted_only,40586 40608 40615 40896 40910 40996,a26b7618c41f93bcfa6427683759d2457720ab219331d75fbee987217058a9ea
40623,6,0,6,1,-20.316,other,unlisted_only,40623 41320 43220 44235 45014 49941,552e2a9efa5ca41a73386c6622267c3282de864a6771ec3e78238f53b06ab10f
40661,3,0,3,1,-7.153,other,unlisted_only,40661 40761 40933,30d3fcebe8f1a7351a3350ee4f6505ce2d1ee2d306c5e9af51872a076c3afae1
40663,2,0,2,0,-8.776,other,unlisted_only,40663 40771,0cad6fcc4c50d16356462df17bf281e12bc54ec926b52fe5024b3fe5da2ced09
40669,14,0,14,4,-37.386,other,unlisted_only,40669 40789 41046 41425 41636 41723 42009 42160 42757 42939 42955 43007 44959 46572,f25e231d4dedb5183cdcfcb5d9308636e2600aa24827e7e9b06b9cea77401e63
40746,63,0,63,11,-210.315,other,unlisted_only,40746 40900 41097 41143 41161 41257 41317 41318 41357 41454 41468 41480 41526 41988 42112 42215 42259 42328 42329 44115 44142 44156 44241 44302 44429 44468 44572 44581 44837 44859 44936 44980 44985 45031 45048 45094 45200 45267 45482 45836 45991 46269 46279 46286 46344 46420 46446 46448 46778 46793 46818 47194 47264 47303 47330 47512 47517 47601 47766 47773 47783 47808 47841,f90bcf18ee573a2e84ab7c116dd7afd326c50d997f05153c5e334f70e737111d
40805,58,0,58,16,-158.321,other,unlisted_only,40805 41018 41146 41628 41632 41651 41658 41672 41706 41724 41726 41740 41766 41789 41814 41820 41856 41863 41882 41883 41884 41902 41915 41917 41935 41952 41953 41993 42005 42042 42054 42058 42059 42067 42094 42126 42162 42180 42185 42208 42212 42222 42234 42240 42262 42298 42309 42326 42337 42341 42376 42378 42381 42385 42388 42390 42391 42405,4849b791e4c7923fa3d1005bf9c67046e909169a4dfc37229891fd4927681f86
40826,11,0,11,0,-48.267,other,unlisted_only,40826 40869 40893 41166 41238 41254 41331 41369 41515 41581 41703,239776d96427bd9e741ddb9af6169ccd175a950c04704d7d251cd4d47b41b5cf
40970,12,0,12,4,-28.611,other,unlisted_only,40970 40979 41006 41021 41038 41060 41079 41176 41179 41226 41382 41390,60457d03a34b16487fc1526069e7f31397ee3e5cffd9a89ff7b82b175b32e94c
40994,6,0,6,0,-26.327,other,unlisted_only,40994 41118 41431 41432 42522 42789,51e57bc75c45c326d8dc1ba9a658a1951381c4d60824edd62fdf4ef06f718b39
40999,24,0,24,6,-69.243,other,unlisted_only,40999 41083 41085 41139 41193 41196 41268 41284 41345 41352 41375 41398 41410 41497 41509 41574 41580 41682 41694 41732 41742 41758 41767 41797,6635a60382ad493ea4ee940412bb9e3b69eb13eb0c09fe219e248e4697184fca
41009,2,0,2,0,-8.776,other,unlisted_only,41009 42548,ddc3260d562c568641ab3ab880ba6239e5b4e7dafecf36718a238e5855f8e200
41019,19,0,19,4,-59.326,other,unlisted_only,41019 41485 42470 42610 42888 44034 44053 44124 45813 46072 46230 46455 48028 48574 48978 49151 49185 50493 54437,ca5048006cae359a53f8453a90a568035c5269653ac496b7a10770e40235c67c
41033,13,0,13,4,-32.998,other,unlisted_only,41033 41155 43457 43505 44476 44664 44784 44785 44832 44861 52399 53752 53810,079af9f81eb7c14412c4ac12c5c176bf09fb14a47af70d388f15b477afd28027
41041,4,0,4,0,-17.551,other,unlisted_only,41041 41177 41471 42245,b2bc5cc9d17c555f35166c2413e7ed2ceb39dcc6c21febd91c89e80158ff3533
41130,4,0,4,1,-11.541,other,unlisted_only,41130 41187 41202 41301,1554c9f13c08e58efb9244a7d4ddb036fb8f18d7d7f63c9760d641569cad5b0c
41203,15,0,15,4,-41.774,other,unlisted_only,41203 41212 41217 41273 41290 41368 41380 41396 41476 41487 41492 41493 41625 41746 41950,959b8785a042a4026050ce3953a3967f95ba939a0fe62e2e27f79df8b30f4a9d
41264,33,0,33,3,-126.767,other,unlisted_only,41264 41285 41850 42440 42555 42729 43375 43537 43906 44051 44114 44161 44233 44646 45057 45111 45268 45611 45922 47158 47617 47703 47875 48558 48929 49602 49802 49917 49976 50523 51153 51180 54563,29ebf96e6918aab7c24fdb0fef45f38eb494fe9976e46b2f9a9f7325895e54e1
41270,5,0,5,0,-21.939,other,unlisted_only,41270 41367 41438 41594 41710,5ee671d3678da3036bbda1dc2404d9887c912e2b450632ebef2b261ef07d992a
41271,29,0,29,7,-85.171,other,unlisted_only,41271 41289 41549 42520 42553 42716 42852 43086 43098 44162 44266 44307 44794 45154 45821 46107 46272 46546 46947 47266 48496 49620 50547 51406 51483 51800 53826 54173 54196,182c2ed191a35ea496ce84c42d8beee6f9d82b9f063de2e45a54692bb043696a
41298,70,0,70,15,-216.986,other,unlisted_only,41298 41309 41347 41360 41388 41402 41414 41419 41424 41435 41447 41474 41489 41510 41517 41518 41566 41569 41576 41608 41615 41619 41629 41653 41656 41668 41704 41727 41737 41739 41760 41777 41785 41815 41841 41855 41858 41870 41913 41933 41977 41987 41999 42001 42011 42015 42016 42019 42022 42063 42092 42098 42107 42170 42204 42221 42252 42276 42289 42290 42302 42305 42323 42334 42354 42357 42371 42375 42407 42429,40d9a058de289755794a08df6a6c30ca2b99b454c2d3ffc23d585573df9123e6
41337,60,0,60,16,-167.097,other,unlisted_only,41337 41808 42485 42507 42529 42554 42556 42570 42572 42579 42582 42597 42603 42619 42624 42626 42668 42672 42700 42701 42703 42708 42749 42762 42768 42775 42783 42811 42815 42863 42865 42875 42882 42913 42934 42937 42949 42973 43017 43050 43076 43085 43101 43125 43145 43158 43163 43166 43202 43253 43269 43325 43345 43346 43351 43386 43390 43399 43414 43420,42f009f46e6885f90e5b75c016a42dedb46148935234c3d59bd8910862d12791
41427,4,0,4,0,-17.551,other,unlisted_only,41427 44296 46868 47511,3c98e20674c103da2e36fc5233b7ace68c87cefdd4f7963e930064995f481d87
41451,7,0,7,0,-30.715,other,unlisted_only,41451 41667 43927 44294 45860 49060 50208,27460219b27bb2bf7806d2056726c8c7946b2be9594506e7c286493d8e8381bc
41465,2,0,2,1,-2.765,undetermined,unlisted_only,41465 42588,2092dd65da607f3cb1b3e595f4d5809f6ac9ded9ccc0bb486d5445485750263d
41496,20,0,20,5,-57.703,other,unlisted_only,41496 41861 41967 43175 43478 43565 43836 44075 44514 46520 47054 47827 48299 48520 48567 51712 51935 52834 53852 54348,a4480d43750af392c46e8eb35680a1c402a59eb544798f3e9838a555f23e1b24
41504,7,0,7,3,-12.682,other,unlisted_only,41504 41575 41685 41698 41788 42101 42179,1ca5f746e2ab3ed02b766ed33c88c3f231a63c747f59bdb6fd596e6faa6bbca6
41561,5,0,5,1,-15.928,other,unlisted_only,41561 41812 41891 41939 42033,a2a192abe5241fc72c38f90bb1128fa04a7e54d41b0c6377779ec88d536b8642
41573,4,0,4,0,-17.551,other,unlisted_only,41573 43259 43966 45624,b2f3ff51e60211bf72d23993bf79fbef498db02dc6340b539c03cb8615f9997d
41584,2,0,2,0,-8.776,other,unlisted_only,41584 42032,63a48cd42a1da4ef21fbce9a9a1073f6030d932a103023a633c24fdca3e092bb
41665,2,0,2,0,-8.776,other,unlisted_only,41665 42056,0bd75e8102a99ba124af12fab9b245a420ec7c4ca47a178e2120a8e6ba920553
41684,13,0,13,1,-51.031,other,unlisted_only,41684 41699 41799 41961 42041 42044 42100 42223 42230 42398 42406 42506 42508,2301efcfcad5724c5f21ff30c672a20726424a212a96827b8c4c817f41d3dac4
41713,2,0,2,0,-8.776,other,unlisted_only,41713 43681,9fd4b0566db19fc21bd9f061a4c9098ca7caa632e2045b79148c45efbc887408
41743,2,0,2,0,-8.776,other,unlisted_only,41743 41982,f430588abf5cd39ad6383b44f4609a526d65073427538eb32cbffa2c15a1e8cb
41748,10,0,10,5,-13.824,other,unlisted_only,41748 41937 42564 43197 43393 43572 45833 46996 47956 52568,9d5b06111316ac31b77106a886cc407956127795371019d8b77731edab94debb
41755,305,0,305,50,-1037.751,other,unlisted_only,41755 41761 41776 41778 41786 41790 41816 41833 41844 41864 41873 41876 41889 41956 41958 41964 41979 41986 42045 42047 42050 42071 42110 42149 42156 42176 42196 42205 42242 42254 42325 42356 42361 42386 42418 42447 42460 42474 42502 42526 42608 42609 42629 42632 42652 42653 42677 42733 42741 42777 42796 42806 42819 42824 42826 42952 42961 42982 42984 43054 43056 43096 43105 43117 43127 43143 43144 43147 43170 43171 43179 43184 43194 43282 43288 43291 43329 43364 43366 43410 43419 43467 43481 43497 43511 43553 43631 43645 43703 43751 43823 43891 43898 43925 43949 43991 44046 44060 44109 44135 44174 44281 44304 44314 44325 44332 44337 44355 44361 44370 44399 44402 44405 44425 44474 44478 44479 44482 44495 44531 44544 44569 44582 44615 44672 44722 44726 44773 44877 45157 45232 45236 45254 45271 45283 45301 45302 45318 45353 45371 45384 45388 45450 45461 45506 45508 45522 45540 45570 45577 45628 45630 45643 45707 45714 45718 45724 45727 45763 45778 45789 45798 45799 45825 45857 45884 45921 45931 45934 45972 46002 46040 46046 46051 46102 46138 46148 46152 46194 46207 46235 46253 46350 46432 46487 46524 46527 46573 46575 46596 46618 46644 46649 46728 46810 46812 46839 46873 47008 47031 47032 47127 47130 47225 47248 47291 47319 47337 47385 47417 47478 47501 47540 47548 47586 47587 47600 47616 47681 47682 47714 47721 47723 47730 47738 47742 47755 47758 47778 47840 47879 47888 47927 47993 48008 48096 48101 48185 48247 48250 48258 48366 48383 48436 48465 48499 48522 48544 48603 48625 48633 48646 48669 48686 48697 48740 48757 48836 48849 48854 48964 49016 49038 49068 49144 49145 49147 49156 49163 49168 49211 49231 49313 49338 49377 49424 49521 49551 49598 49646 49738 50032 50125 50162 50192 50217 50376 50457 50672 50900 51000 51214 51309 51381 51882 51903 51957 52135 52193 52505 52585 53164 53365 54404 54445,c28c5a85c70aa6f2702ef55540836bcc54b8fff8f2105135a6405a3cb5d4c47f
41795,5,0,5,1,-15.928,other,unlisted_only,41795 41862 42049 42139 42210,715f53f656441a155544c7a1e6fae8577f62c8c1c49bd463d581f5e51f79eb35
41807,59,0,59,9,-204.786,other,unlisted_only,41807 41824 41834 41966 42013 42034 42296 42317 42420 42424 42450 42459 42585 42722 42962 42997 43036 43070 43115 43126 43243 43297 43322 43434 43462 43593 43608 43623 43950 43984 43986 44003 44153 44165 44171 44290 44291 44426 44427 44458 44480 44576 44605 44608 44613 44882 44891 45160 45177 45284 45411 45441 45455 45458 45535 45554 45575 45652 45690,c480a6cd0b74d5c7c9830cffd51eb76803ceac36f92acf54cd2625d85f6f7d7c
41823,10,0,10,3,-25.846,other,unlisted_only,41823 42163 42431 42810 43139 43797 44062 45900 46012 52835,c316de1d9e8ca1575d483c93a3e524ca66edc4cde7112be6bf265e7d781a5902
41868,80,0,80,19,-236.821,other,unlisted_only,41868 41945 42000 42007 42057 42228 42231 42246 42256 42261 42270 42306 42312 42332 42344 42358 42363 42364 42379 42427 42432 42505 42598 42637 42646 42683 42689 42705 42707 42710 42770 42790 42857 42871 42872 42971 42983 43022 43026 43080 43178 43200 43237 43240 43262 43264 43306 43352 43522 43525 43549 43561 43564 43599 43616 43694 43701 43716 43744 43755 43791 43805 43815 43843 43881 43914 43972 43983 44014 44073 44127 44129 44160 44178 44179 44231 44244 44256 44286 44287,d6833f627286108e25e458d26f313feda099d825b5a1bff53faf761372524c64
41897,20,0,20,2,-75.735,other,unlisted_only,41897 41926 42035 42082 42224 42235 42281 42426 42469 42594 42640 42691 42798 42855 43123 43140 43151 43201 43214 43231,5c97f1f709e1779ac021e70cb3d55cc864ab1b448b2e16f2ea71415db0c9258b
41921,2,0,2,0,-8.776,other,unlisted_only,41921 53129,54196e5673ebb3e0006ec4fa3a4ec3e775754f4de05d7865f90d3982d00bff8d
41929,9,0,9,2,-27.469,other,unlisted_only,41929 42075 42251 43353 45888 46070 47910 49400 49530,425af686db9dcfb025243f39a0e0a11c7c4bbc13097615b07a1dd25c89c86ac4
41941,10,0,10,2,-31.857,other,unlisted_only,41941 42352 44681 44716 46938 47207 48818 51862 51914 53381,298003c7af0f9db76cf78119271cd8b130790eebb9d72b36a7a0e130d900f944
41946,20,0,20,6,-51.692,other,unlisted_only,41946 42079 43354 43670 43729 44038 44766 45842 46729 46808 47377 48340 48820 49057 49621 50382 51932 52499 53267 53477,c491395034c2f6b1924f491134b3110dd8bd7c2729c4301f69512f9739a9934b
41948,10,0,10,1,-37.868,other,unlisted_only,41948 42467 43812 44197 44840 46009 46852 48361 49741 53726,302b0483bc7bf73d2d95d07a23636bb4d18fadd2218da47f1d622d2645e9b6a8
41985,2,0,2,0,-8.776,other,unlisted_only,41985 50203,cb25d47637fb79cd268a28201677434fc48545fb906dde2501f39ddf33cbfbe2
41992,20,0,20,4,-63.713,other,unlisted_only,41992 42122 42404 42488 42489 42566 42600 42649 42665 42702 42743 42747 42772 42859 42953 43033 43067 43090 43095 43109,dd3feed6c432837d035e8018bb68d446b1a6314b4a86224b11c3d7afa0e7ef2c
42017,6,0,6,1,-20.316,other,unlisted_only,42017 42365 43034 43256 43567 43569,15293ee1b14f9a2c5041b8952e89aa6eca455c7a08a9f9048fbadbd5bae1c60b
42136,10,0,10,2,-31.857,other,unlisted_only,42136 43718 43847 46471 46895 48224 48880 48897 50890 53064,701bf09a890a5afc90a6bee345370aac7f40d04932cbe22acf000f1104a5e42e
42214,40,0,40,6,-139.449,other,unlisted_only,42214 42313 42333 42340 42412 42443 42487 42500 42567 42714 42742 42756 42760 42813 42860 42922 42940 42960 42989 43128 43129 43131 43174 43180 43185 43234 43254 43310 43313 43316 43532 43579 43612 43622 43629 43630 43635 43664 43671 43737,c88fcdce43a4eeeb550e8f553b87ba79523184f99bcd89c1f26c112f9a03be07
42271,4,0,4,2,-5.53,undetermined,unlisted_only,42271 42273 42279 42303,9e2baa5e3ddd9ff276d1e4bbdf0196e8ceaf9b39c400a7e75b7dc3435daa9269
42304,20,0,20,8,-39.67,other,unlisted_only,42304 43307 43323 43471 43577 43602 43615 43653 43707 43708 43763 44390 44411 44417 44432 44452 44490 44537 44590 44593,8a6b80df4ed32d4fc9a9dd6bfeb3ac80afe54c848361d40a81793616bbf6023f
42330,47,0,47,11,-140.109,other,unlisted_only,42330 42687 42925 42966 43152 43320 43338 43495 43496 43516 43520 43524 43533 43592 43606 43609 43659 43661 43666 43667 43685 43687 43722 43738 43747 43761 43821 43863 43864 43866 43879 43886 43890 43901 43993 43999 44009 44030 44049 44067 44088 44107 44113 44118 44120 44125 44130,5d1548cd362511e543c00f77e8d48c0fb20d0765c1412965f574de84969a953e
42343,4,0,4,1,-11.541,other,unlisted_only,42343 44513 46007 46653,6544afc8c9039e85cad38321709278414c73de949e12aa6810ab69207be96908
42397,10,0,10,2,-31.857,other,unlisted_only,42397 42799 43229 44379 44756 47224 47960 49706 53349 53457,1fef810dc4cc294b11cbd80bd9f97d477ff66304674ff10eabc10fe173a7cbcf
42461,40,0,40,6,-139.449,other,unlisted_only,42461 42483 42484 42532 42542 42547 42571 42593 42638 42666 42715 42719 42745 42752 42785 42832 42833 42834 42902 42927 42967 42986 43012 43051 43078 43079 43153 43155 43223 43274 43290 43303 43324 43340 43362 43373 43387 43465 43472 43486,6c1317f85cb27707ea5c8ec974e04ca22e09aa06bd12e9422cf15a7dc69ae78b
42475,4,0,4,3,0.481,undetermined,unlisted_only,42475 42706 42788 42889,8e03b93307457194cdb695a50a517e9e35c041316cd2efd31b88a3e3b3b85773
42510,10,0,10,1,-37.868,other,unlisted_only,42510 43349 43842 44419 44475 45336 46381 50551 51183 53180,d3989f3921cc062425fff548dc9bb302c4f82a71903040759a9e7d94091b4083
42531,4,0,4,0,-17.551,other,unlisted_only,42531 46600 46719 48111,93c15ad198ced7f7ff21b7566759115b1c21059eda8b5c25cfd135db52aaded1
42533,4,0,4,1,-11.541,other,unlisted_only,42533 42541 42647 42688,56561d07d06bc19ab58f07d42e9adeac483fb03afd91ddcc696ec336e175a5d2
42540,3,0,3,0,-13.164,other,unlisted_only,42540 45730 46159,6a294334a9e4344c71a0eece913e8cc1043700e3a54a74100f51b82a3b6e9220
42565,16,0,16,5,-40.151,other,unlisted_only,42565 42568 42622 42645 42911 43000 43134 43211 43224 43250 44132 44199 44312 44385 44386 44520,fb29062e29f11f7eceef3f7f347e9585d03fee4415b50dcdd0f1261d00584853
42630,4,0,4,2,-5.53,undetermined,unlisted_only,42630 42933 43426 46389,c3045615cd81ee924e763004b936fb21f6b26a796135430cd63aeea0844bbb4d
42635,18,0,18,5,-48.927,other,unlisted_only,42635 43099 43142 43691 44359 44801 44963 45240 45300 45321 45548 46018 47183 49868 49903 50355 51264 51454,81c816138309bba9c074a15f7cc61a678526842fac6daf70eb6b28c8b625ed3a
42674,10,0,10,0,-43.879,other,unlisted_only,42674 47809 49934 49985 50061 50404 50422 50565 50742 50769,fde0939a23c5e106e73f933a4991619be0ecd249ccea4d864bb770bd184c284f
42675,3,0,3,1,-7.153,other,unlisted_only,42675 43379 46285,11c64ef374b6c9d7e95196b769a7d03494badb78978af99ef126531fef5ad0c1
42684,2,0,2,1,-2.765,undetermined,unlisted_only,42684 42844,8ae3dc1a721864759c1d8a3b78677b1fa88be84469e446c379d7498c8688edb8
42717,35,0,35,5,-123.521,other,unlisted_only,42717 42744 42829 42837 42938 42991 43014 43146 43245 43293 43651 43840 44835 44970 45134 45158 45346 45399 45683 45905 46357 46535 46735 46942 47428 49873 50316 50346 50810 51556 51834 52332 52546 52621 54282,9d261b85fd2d537f5b66b2cabde387cb1a660a7480409972c0fc7a0e23fbc38b
42725,50,0,50,14,-135.24,other,unlisted_only,42725 42848 42930 43002 43020 43121 43238 43427 43660 43795 44081 44117 44193 44203 44720 44736 44755 44855 44904 44964 45528 45533 45871 46015 46052 46245 46529 46676 46777 46877 47320 47484 47625 47639 48170 49812 49853 49948 49997 49999 50048 50591 51079 51150 51163 51846 52511 54192 54422 54456,bafe6e9e8da66df5a8f1bffb78ec92c351562290597a279e77a84eb097b89d8c
42736,2,0,2,0,-8.776,other,unlisted_only,42736 42915,4e7bde9886321fd68afd3b8cd2b8f1097c5e63ae8ded3fa19fb7cb8b44cd98af
42739,36,0,36,4,-133.919,other,unlisted_only,42739 42755 42885 43037 43286 43356 43488 43656 43663 43696 43748 43760 43774 43787 43794 43796 43818 43835 43841 43848 43851 43876 43883 43930 44002 44007 44032 44039 44040 44045 44085 44086 44096 44110 44111 44139,084b91126fe0e609d83f103df66ea98a66da46bdbb31bda1546d7d6545092b0c
42780,4,0,4,0,-17.551,other,unlisted_only,42780 43263 44442 44806,3cc4c1338af716934641b253215efce186c741e47f47ee24fb9a9df5bbfab56a
42791,3,0,3,0,-13.164,other,unlisted_only,42791 43581 48050,df038d7db9e8568de79d3ed436949eed0a0a8575e3ff92cd35818f277bc4a344
42792,8,0,8,0,-35.103,other,unlisted_only,42792 42987 43554 44561 45704 46188 47104 52695,f1d9bfbfe8b79f056681eb2d04e7d218043b2dfe1b76bbfe7c5561c704240c89
42822,19,0,19,2,-71.348,other,unlisted_only,42822 43432 43684 43706 44724 44734 44772 45228 45392 45802 46348 46499 47078 47099 50504 52039 52042 53449 54220,6d318197aa337f6ea4ace4502d6ee7f927252111f7a4712304cca50e1629dc22
42858,2,0,2,0,-8.776,other,unlisted_only,42858 43023,d26b0ab34c8c207a09022d8c66036179b8ab89f6697155d2df7c47e74a649753
42869,2,0,2,1,-2.765,undetermined,unlisted_only,42869 42906,e39be9aa3581cd6450fc69861c5f8f88b31148c5faff56337027e4722290a64b
42873,24,0,24,3,-87.276,other,unlisted_only,42873 44602 44670 44783 44805 44813 44819 44863 44866 44867 44881 45006 45170 45197 45245 45247 45337 45377 45523 45558 45564 45756 45804 45819,e262b1410e1212cf925fde8b81fcc2422d0d95fbed15cfd205a6d2b4f4e6141f
42894,4,0,4,1,-11.541,other,unlisted_only,42894 42899 42972 43118,b06e5cfb3a9410f5131d19c8523179ed3381fe1fc36d319ab5eed6a53dcf0306
42897,69,0,69,16,-206.587,other,unlisted_only,42897 42944 42959 42974 42976 42977 42980 43060 43077 43116 43188 43196 43275 43296 43333 43342 43378 43451 43510 43538 43571 43574 43584 43614 43721 43726 43752 43758 43771 43853 43854 43885 43903 43920 43980 44098 44122 44168 44187 44366 44463 44473 44622 44742 44749 44759 44774 44884 44892 45078 45106 45136 45140 45167 45176 45196 45242 45291 45352 45394 45427 45446 45483 45509 45510 45542 45580 45612 45649,65e9b2460bf8a90d96287e7f5e46cb4143f2703eb68c4ccd44c7e9d7bd469616
42905,9,0,9,3,-21.458,other,unlisted_only,42905 42932 42985 43008 43062 43066 43073 43172 43244,7c7d84bf8d6e15cafbf8a534d44e2b244b53afe0a06324de636153e480c6bf67
43058,6,0,6,2,-14.305,other,unlisted_only,43058 43183 43463 43515 43867 44006,eca6e6cdcaf18ba2d5b46aefac35c75042e8ca89123d6712d896c1b064853b0e
43068,10,0,10,1,-37.868,other,unlisted_only,43068 46241 46262 46295 46995 47000 47813 48599 48600 48928,26f9a694e9fb3751bea0ea069f49c403598c6893acf30850c378f57aac022d92
43069,3,0,3,1,-7.153,other,unlisted_only,43069 43283 43487,1de48087c2f71b049fd137782e7514990b0cfdd697b09a3e132d12a3e5d46816
43087,4,0,4,2,-5.53,undetermined,unlisted_only,43087 45632 46799 54027,12e093e461e831f7a515279f2af71d25b619135d9853c47b690a20f775d19a68
43097,4,0,4,2,-5.53,undetermined,unlisted_only,43097 43440 46436 54343,429c9e163c795cbcd04a2404017dbfd71963a5191623d60ee27c7db13278b4a2
43124,2,0,2,0,-8.776,other,unlisted_only,43124 43137,c245fbe39c8a64b9671386ca262c9f3a9b9e20edbeb6b6c8a55b5d9d29abdbd3
43136,3,0,3,0,-13.164,other,unlisted_only,43136 43154 43176,6c7eddc74271972c407cc5eaea4dab94a24ff86a08ef88b86ec5cea19e73579c
43162,7,0,7,2,-18.693,other,unlisted_only,43162 43198 43233 43241 43252 43272 43276,6c59b6a0267f2b097aa9d80a4b680274a4f71bb0123cad7b2e8e165a341595e7
43186,4,0,4,1,-11.541,other,unlisted_only,43186 43476 45476 46565,35964aa4c68944080c43dc150a6c3e8afad2163eda99a2634384f3e885411be1
43191,4,0,4,1,-11.541,other,unlisted_only,43191 43802 45902 46263,79bbe7e85a16f1a673f0c87d24ee88fea8da6fee8c070d1dce86c6ef52abebe5
43235,24,0,24,5,-75.254,other,unlisted_only,43235 43360 43469 43527 43604 43793 43844 43861 43902 44214 44226 44255 48432 49071 49078 49128 49165 49642 49714 49746 50097 50851 50867 51099,49c7c21c427c316c868d48f7a25321a20f7aa806046e187e87151f4716c6422d
43266,4,0,4,2,-5.53,undetermined,unlisted_only,43266 46383 49965 54468,7177f818cea9520c5317444027dc0824f146e3a05d5cbaa202ba99358a37fb60
43270,5,0,5,0,-21.939,other,unlisted_only,43270 43734 45085 48175 49657,579476969d9930a4e8ac726b3576b649293cd9b658229d74f66218d98dbc3669
43271,2,0,2,0,-8.776,other,unlisted_only,43271 43327,b25909968166569798c673d7e909c8545f214143bcb84da849bab48500b756ee
43295,5,0,5,1,-15.928,other,unlisted_only,43295 43396 43502 43560 43642,448b5341d4b86c126e117705305c6c5e7d86577abc907fb6948dd4959ebc7267
43347,2,0,2,0,-8.776,other,unlisted_only,43347 43636,504186a17f9e08f25e1164d584a1de18cf0f2adb8b73e16caf92014883a898d7
43377,4,0,4,0,-17.551,other,unlisted_only,43377 44457 45270 50267,025a8b1a4b94e9b5c0f57bd5846a2fb0f9a9145aaf3e80eed1b078bb77ef6d0a
43415,2,0,2,1,-2.765,undetermined,unlisted_only,43415 52224,6bbd2605cf630019df8bfd82d00393d52279b27c07156120b01cf514ab6593aa
43455,3,0,3,1,-7.153,other,unlisted_only,43455 50441 51940,c0eb19c6f2678e3a91c3e59ef0bd47331a5c9eddca00e3332ac50a148e49a78b
43492,3,0,3,0,-13.164,other,unlisted_only,43492 47350 51888,e6f42e5ce8f1a06eb89f8a54b6cfea87e4fa7adffb6617623187a84e3e95d388
43519,8,0,8,3,-17.07,other,unlisted_only,43519 43686 43782 43869 43908 44024 44048 44172,12933cab6cf6e11ef68761d52643e4c181cb9a41d820ffd61b6a47ede35382bc
43591,27,0,27,5,-88.418,other,unlisted_only,43591 43743 44010 44016 44313 44362 44438 44618 44700 44769 45233 45313 45416 45467 45505 45593 45606 45717 45962 45963 46227 46299 46590 47620 48714 48755 54011,39b6787c56a375e0c2382df64b923d131bea3605b58b9ae603e994b03a5ee68a
43596,2,0,2,0,-8.776,other,unlisted_only,43596 43628,3fc672c493049743bcc7e8fe7febbff7c13e061da041bc1438e1123c5e09c730
43620,20,0,20,4,-63.713,other,unlisted_only,43620 43662 44676 44745 44747 44788 45385 45557 45629 45664 45665 45776 45855 46030 46097 46113 46120 46155 46248 46335,819f2d972d15920256cc734e04cb954c2231134aef48b12009bdae1538e01060
43675,13,0,13,1,-51.031,other,unlisted_only,43675 43858 44606 44758 45555 47198 47281 47880 48463 48975 51808 51864 52276,b8deb257957798f891efcade10df261230238bde1bea287686f6d05b19e8e3e7
43679,3,0,3,1,-7.153,other,unlisted_only,43679 46500 48097,b6d13fab9731b8c6f0e61c00f276a3cf3512bdeaa97f3bf1f31dd716719c9bf2
43690,2,0,2,0,-8.776,other,unlisted_only,43690 45042,8f05b60a53ceb00ac2aea6f84a14b6834e65dc02d3dc7a6161eac3ee99783c48
43692,31,0,31,5,-105.969,other,unlisted_only,43692 43702 43741 44074 44092 44663 44820 45116 45139 45143 45434 45457 45469 45812 45848 46122 46290 46489 46904 47125 47159 47606 48367 49159 49959 50110 50749 51481 52706 52980 53844,abde84195606b3385a48215b0c0482aef106537a368ad11bba82ed46242c84d7
43697,5,0,5,1,-15.928,other,unlisted_only,43697 44588 45616 45810 46669,ede9e0cc42922a32e75c4d2781c4ff1092b5e82ce7410cc6a1ead34416d18905
43698,14,0,14,1,-55.419,other,unlisted_only,43698 43717 43845 44004 44195 44219 44230 44328 44378 44396 44409 44413 44416 44535,aa33d4296e0fdcf6d344dd36db5c299faf9509b2ee1dea1fbd2aa712cb93afd3
43754,4,0,4,3,0.481,undetermined,unlisted_only,43754 45433 46789 51349,5f81bca08f7a9a88b9ace69b2ffa3c1e9a825eaec2173ee03eb1c374a51f691b
43756,5,0,5,0,-21.939,other,unlisted_only,43756 48734 49696 50954 53324,6e0a04d15a0732315aaa4e8e072ae905836b0c7042e7045ffe9f00d08005dcd8
43767,20,0,20,6,-51.692,other,unlisted_only,43767 43799 43961 43963 44058 44059 44126 44159 44257 44275 44303 44322 44350 44360 44368 44403 44485 44553 44583 44709,750a7ff32dd675f6550f859efeff9ca08855bdbf19953d0181cda64034110025
43768,4,0,4,1,-11.541,other,unlisted_only,43768 43977 45369 54451,b604c07e7f371aaa2bf5e389d630709ba5277df9cb74bf359eec9d599398d546
43785,2,0,2,0,-8.776,other,unlisted_only,43785 43822,053f4e02c34d647400b4d2dd11c8e99847cc158db79e74b506b6a2f53dfd23a0
43809,4,0,4,0,-17.551,other,unlisted_only,43809 45407 45633 49954,e4838d25c49c1734ecb57fa2c38a6374baeac124dbc1212fc1985e7eef663b27
43860,4,0,4,0,-17.551,other,unlisted_only,43860 44182 46370 49914,e709e1a6bf7874076b06a60c8863f80e4a9f3b63fb5a3f6e71a7540d159ea93c
43889,16,0,16,4,-46.162,other,unlisted_only,43889 44282 44731 45206 45621 45835 46652 48202 48615 48878 50008 50874 51353 51387 52379 52976,b6ee3ca0da28a7bc8868a0376ebf6f3f3d9b247c2ea3781527c0bf2e79683b82
43951,7,0,7,1,-24.704,other,unlisted_only,43951 44079 45539 46003 46259 46564 46589,c25496c3b098bf4802c40af244c9ce99595d13a88aa4a0df0da74c00d10ae5fa
43954,33,0,33,9,-90.701,other,unlisted_only,43954 43988 44008 44021 44146 44367 44382 44529 44624 44657 44740 44744 44809 44825 44843 44947 45063 45074 45162 45165 45222 45223 45263 45328 45365 45456 45487 45532 45687 45752 45753 45755 45759,2938c75f2a4bddf45867889a155415561d5b728461c5044638f28f4a5ad7678e
43956,5,0,5,1,-15.928,other,unlisted_only,43956 46430 47998 48802 51950,fe4cd0e7ca9102804fc88d7bb10895b893242db47706090afbaa68cf2584ade4
43976,19,0,19,5,-53.315,other,unlisted_only,43976 44348 44847 45183 45517 45983 46135 46531 46950 47649 47665 48064 48793 49488 51469 51805 53134 53575 54483,2f6bfa4a1356227a5764ab8268203afce2525eb4075c14f992b0f839fb968299
43995,6,0,6,2,-14.305,other,unlisted_only,43995 44196 44238 44335 44345 44392,b19d1d08b5d186e3c1390aeb8d0341fb39cc2ccd4c90a1757f09d6fe756465d8
44020,14,0,14,4,-37.386,other,unlisted_only,44020 44883 45201 45511 45827 45966 46454 46609 49459 50083 53168 54382 54493 54581,683ac0f870c4de192a20bcdf0ba07f075f4cd07cfe931a466c6c2fcfb8ccad97
44055,3,0,3,1,-7.153,other,unlisted_only,44055 44704 53297,402677ad146a9176092a7549fdbaa40d12b8868513eee3d22a3b3ce10c089f22
44065,12,0,12,1,-46.643,other,unlisted_only,44065 44780 45020 45460 45834 46028 46972 48572 48835 49306 52349 53229,20d2b32a06482ea683531553281a4a33166ba3757934fadc882f9043c5538e00
44102,4,0,4,0,-17.551,other,unlisted_only,44102 44921 50144 52877,11df74a7bd0a114df5fbb4ee83134c45bf21b5de9175806a8ac2a024c93f14eb
44128,11,0,11,3,-30.234,other,unlisted_only,44128 45320 49189 52222 52293 52439 53783 53893 54525 54577 54594,bc07537da06c54a6d40cebbab114e6b122138c03088cbb771f1ca82b3776d755
44138,2,0,2,0,-8.776,other,unlisted_only,44138 45603,fc6dd0abc01f83e60ac83764ff8bb8afe541b8d449e03f1f14369d8839dfbee5
44151,160,0,160,24,-557.796,other,unlisted_only,44151 44164 44166 44186 44200 44213 44248 44250 44264 44283 44293 44324 44352 44363 44414 44450 44465 44471 44487 44503 44509 44511 44556 44577 44592 44625 44637 44650 44665 44668 44685 44698 44715 44725 44727 44737 44750 44760 44779 44793 44800 44803 44804 44836 44845 44850 44874 44879 44886 44926 44950 44978 44994 44996 45012 45022 45024 45068 45097 45142 45169 45178 45181 45218 45312 45322 45326 45327 45333 45410 45477 45486 45520 45526 45529 45530 45536 45547 45549 45566 45571 45583 45589 45591 45601 45617 45673 45708 45734 45758 45807 45815 45824 45852 45862 45874 45901 45917 45949 45958 45964 45967 45969 45977 45989 45992 46004 46050 46055 46069 46076 46094 46111 46115 46128 46130 46136 46140 46165 46166 46199 46209 46297 46317 46326 46358 46374 46394 46396 46417 46451 46515 46547 46551 46553 46555 46570 46586 46592 46641 46671 46703 46709 46714 46720 46722 46732 46738 46742 46752 46761 46785 46791 46811 46819 46833 46865 46888 46896 46937,efbb301dceacc853135d72d8269db57f5eded7cb1d4661efd8f7e2b214172b54
44175,140,0,140,22,-482.06,other,unlisted_only,44175 44176 44185 44198 44221 44228 44236 44262 44270 44300 44341 44356 44365 44377 44393 44415 44441 44449 44507 44519 44534 44542 44550 44551 44647 44653 44655 44690 44695 44699 44733 44751 44868 44875 44924 44933 44937 44944 44945 44949 44968 44972 44974 44993 45023 45037 45050 45062 45075 45093 45100 45113 45121 45131 45163 45175 45189 45210 45213 45214 45251 45289 45304 45334 45340 45349 45355 45358 45373 45397 45419 45428 45464 45471 45497 45531 45538 45605 45650 45658 45675 45679 45681 45744 45747 45762 45782 45787 45797 45808 45818 45830 45846 45881 45899 45916 45936 45952 45990 46035 46037 46063 46073 46080 46142 46154 46179 46182 46226 46229 46287 46304 46327 46346 46354 46400 46501 46554 46601 46635 46657 46660 46668 46687 46696 46727 46747 46754 46780 46784 46798 46806 46813 46823 46826 46840 46851 46892 46908 46930,9c3bb48bb064524cdd02b15e319d21a9c5b82ab9e817a2939ee6e6c4514c6b99
44183,3,0,3,0,-13.164,other,unlisted_only,44183 46426 53100,a83f1a1f6df0f68e07328253fcad58ecd02a6855e987f73e2f1c34e04ea8c6a6
44208,2,0,2,0,-8.776,other,unlisted_only,44208 44662,33d5fe3222f9606c2441b379d76e647c8249e3c8205df6f1dadb60eb9fb802fd
44222,33,0,33,6,-108.734,other,unlisted_only,44222 44260 44317 44353 44375 44424 44568 44660 44692 44702 44705 44712 44810 44811 44900 44908 44911 46377 46610 46682 46768 46795 46820 46858 47729 49050 49131 49418 49470 49498 49499 49639 51380,58a54c1a549d2ed625678406f8023598ca5c467517dd12e7a6760b190e7c7eed
44225,8,0,8,0,-35.103,other,unlisted_only,44225 44268 44658 44827 44929 45203 45513 45619,90b00cdfd5572ddf0f5941d00d2e0d1a5c32736faae7c9d75d742c31f6018be9
44254,12,0,12,2,-40.632,other,unlisted_only,44254 44258 44284 44297 44830 44991 45379 45403 46151 46903 47392 48026,377a33b5c9af73a7336debe6ec47288ce7fc7c03f85b240e7698ba198954119c
44263,3,0,3,1,-7.153,other,unlisted_only,44263 46787 46887,f68e2d675ef7313d9ea3af06275cf3d71eb47eaed9e94d7b421fc82ff774326d
44311,4,0,4,0,-17.551,other,unlisted_only,44311 44339 44347 44376,18f4e3f13de48d497a4272b473ee5e3466e8255f194158350c3f28b84911d757
44330,2,0,2,0,-8.776,other,unlisted_only,44330 46936,be896ec390f4181566b66991e2795af1de16c0e1efdb233b2813389db117388c
44369,9,0,9,1,-33.48,other,unlisted_only,44369 44372 44455 44508 44524 44562 44597 44639 44684,16c9c709a4122fb1684e974a94ffcb80db8f90c84764d448e6bd30330ea989b4
44373,22,0,22,6,-60.467,other,unlisted_only,44373 44469 44538 45360 45496 45680 46255 46410 46869 47316 47361 48004 48039 48141 48303 49440 49567 49643 50121 51147 51161 51899,945c7cf2191a421a9329ffdc3e4452d78213a7f099f14882f553acff12190074
44383,2,0,2,1,-2.765,undetermined,unlisted_only,44383 51200,3f6e6f73aae0a1c2357d56b28ef9e0df2901da253f0f76cf2091a2a6d0dbef3d
44439,2,0,2,0,-8.776,other,unlisted_only,44439 54599,7dfa1947787ccfc06d3c6ab5cdc384dc765f22b46bfa81bdf341d2a017e863d0
44447,10,0,10,1,-37.868,other,unlisted_only,44447 44940 45208 45961 49731 50184 50219 51835 53550 53807,b9a0c2d24a744b79fe001a67468c456746b74e94a6ce68a2e5f80bf645d678b9
44498,5,0,5,0,-21.939,other,unlisted_only,44498 45347 45667 50010 53009,c8474aa5032db09fd524b079ce5c1ea6221ad904f03778046a87f68a461ebc86
44522,2,0,2,0,-8.776,other,unlisted_only,44522 46843,f7f3ee44209dba5766be5e8697ea13bafdddc77699c71b262d4fda0cc0922ba2
44526,3,0,3,2,-1.142,undetermined,unlisted_only,44526 45735 46753,c1b689959a40b1bf90b7dd8921d2e2c4ad6ba7e9da979e807fc066124fbe6e3c
44559,3,0,3,1,-7.153,other,unlisted_only,44559 44831 45623,0047e391ec04c6c474f9fd5d6f4fc945bc21f5035a175fe149cd0c8140de5e40
44566,3,0,3,1,-7.153,other,unlisted_only,44566 46916 48435,bdcebdfcf8603a40cb91488ee057654e7d9709bea820361e8f6c64e7f5ee4541
44594,4,0,4,1,-11.541,other,unlisted_only,44594 47722 49543 53428,97a458678eaf1aab45c1e1dd3feb1fda8dc14379e2ecd0b4197ca73d8c4f0177
44623,13,0,13,2,-45.02,other,unlisted_only,44623 44630 44686 44697 44814 44848 44849 44960 45015 45027 45054 45084 45123,eba46da607d544669ddd0262d908039e37d95f0a1fcd8b44b9cff66e6329a4a7
44626,10,0,10,2,-31.857,other,unlisted_only,44626 44719 44864 45402 45525 45546 46170 46211 46222 46355,b51e4ffabeaf2af7e6c48525bc5b9352276978c4c0c39b3e1e3893a5f81555c7
44628,5,0,5,0,-21.939,other,unlisted_only,44628 45060 46603 47307 47522,cb4362461af75f1a1374343c8d6571c1100470a75fbbdd18336066ab4dae0989
44659,5,0,5,1,-15.928,other,unlisted_only,44659 44682 44711 44735 44781,859f5636bf34817d87eeb4ed49f88d054a7499c002e5240724c7cccd2c039c3b
44678,3,0,3,1,-7.153,other,unlisted_only,44678 45447 45657,3a39cd3b5c4e2926b8e93635dba244aed46c4aa6183b677cd7a746e3fcc07c0d
44748,16,0,16,0,-70.206,other,unlisted_only,44748 44787 44795 44796 44816 45002 45032 45064 45144 45205 45249 45316 45400 45405 45723 45863,58ce1e9ada900a5af9021ce13d6af280875cc3e04edfbcabe447a820098d625d
44753,24,0,24,3,-87.276,other,unlisted_only,44753 44869 45148 45502 45651 45712 45746 45765 46257 46786 48405 48733 48759 49625 49732 49983 50092 50956 51738 53089 53253 53260 53476 54338,daebf0b1cbc55bf2cc65fff93646455ef940e2e368e869e942ef6cd44ddc9e82
44761,20,0,20,6,-51.692,other,unlisted_only,44761 44799 45732 45950 46429 46444 46507 46526 46612 46638 46846 46883 46891 47007 47056 47347 47401 47443 47515 47590,566e0df4c348964c0faeaed4817a5c118fdb16df2e971a2869d0bbe64f00c069
44762,3,0,3,1,-7.153,other,unlisted_only,44762 46042 50207,6764250fc86d134cea24ac251815671dbd53f518ce35101bfb9ba8ceb9e57293
44802,2,0,2,0,-8.776,other,unlisted_only,44802 45887,5b412653c15f37b58fe461ec78c8a68a9925a4eeaf04f4c46f9b8e31b8af4151
44833,6,0,6,2,-14.305,other,unlisted_only,44833 45248 45490 45579 51260 52256,d78491b17d085df19a2b0698dea01079136e209d3ba46b795f715d510326affa
44851,2,0,2,1,-2.765,undetermined,unlisted_only,44851 45234,03eaa3dd20ac7524810544f77ec83fde2d53c793f78668e5f9f3afe25ade6d9d
44860,3,0,3,1,-7.153,other,unlisted_only,44860 45038 47832,36b7dc3e49efa8b2b8662a8a00f5bd4f4365fdc541aadfe7ee0c9c741c792d14
44889,21,0,21,5,-62.09,other,unlisted_only,44889 44922 45056 45445 46705 48662 48991 49533 50004 50296 51701 51920 52109 52234 52543 52904 53317 53648 53832 54060 54246,63004369b9b56ec549e5db32001ff32a31a66d858d2ecad192cf083ecd8c7fea
44897,7,0,7,0,-30.715,other,unlisted_only,44897 44951 44952 44953 44998 45025 45043,d182fc017830ec961a4c33cfba204e467bc6bb74a0c95b690dc943374b6426e7
44903,19,0,19,2,-71.348,other,unlisted_only,44903 45118 45713 45904 46342 47088 47197 48116 48649 49937 50520 50717 51319 51792 52280 52718 53332 53640 53855,cd8ef66dbbb7f7fd0b4d6787f511408f23b25f1f86dedc70ced97eef63448593
44956,4,0,4,0,-17.551,other,unlisted_only,44956 45212 47196 50093,6e40cee72ba52efdc103e782bccf2eeab9ad3452c9389b556fe702f229d0eaca
44958,22,0,22,7,-54.456,other,unlisted_only,44958 45323 45932 46439 46583 46639 46667 46756 47214 47250 47329 47858 47896 48992 49066 49097 49455 50895 52051 52086 52671 53874,6018d2053c1af92713f4463551ed6132617d08a2c8e2ea25443afd8d0bb24653
44982,7,0,7,0,-30.715,other,unlisted_only,44982 44986 45303 46289 47314 47452 48328,c9afd36f037060f443852abbff1f032bfecedc8c3ecf698f043e2ff60191ae3b
45021,33,1,32,9,-90.701,other,unlisted_majority,45021 48998 49174 49380 49441 49571 49607 49669 49773 49851 50425 50550 50662 50695 50696 50859 51127 51203 51412 51519 51653 51665 51726 51752 51814 51839 51918 52197 52247 52392 52678 52753 52795,c2a9e7f555f9dbfa76b0d5fb1d007ce2c687e7875f6033c38caf7e28925b6eb5
45029,3,0,3,1,-7.153,other,unlisted_only,45029 46431 50307,5bc22604ffedb9e552439e178c69b731eb7dac17ac8acb9b01a0dd5db3aa1484
45033,12,0,12,1,-46.643,other,unlisted_only,45033 45090 45152 45647 49344 49604 50018 52975 53293 53641 54320 54520,8c26e4ad88c1a0e01d742223fb86659254d38a7fa5a62bd9f97b0efd5a63a747
45039,2,0,2,0,-8.776,other,unlisted_only,45039 52537,b5dce6e0c8d970308bc7cf41d5eaa01b2637bf8c428614e3af02e1d19dc8e0f0
45066,10,0,10,2,-31.857,other,unlisted_only,45066 45083 45217 45225 45348 45370 45375 45408 45437 45919,e57c1c3838271d2806d04787f8e4479ded63d507bf96456603a0464566cd24cf
45079,4,0,4,0,-17.551,other,unlisted_only,45079 46695 47195 51963,a921fcfda720fbc8bbd22de0d8bd07b46e5833ff061e47c83bdc28d2655442a9
45104,7,0,7,3,-12.682,other,unlisted_only,45104 45231 46062 46595 50641 50880 52827,731eba9d3179cbb2c60655ab2042b016490fa21638503b5a5db4e3ca82c44962
45114,4,0,4,0,-17.551,other,unlisted_only,45114 45356 46001 51709,9adcca3718b7f0bd26df48a0bf96517e56dab97a6d2accca26a6edcd71634a6b
45127,12,0,12,1,-46.643,other,unlisted_only,45127 45141 45194 45256 45277 45429 45636 45637 45671 45699 45743 45832,6477a88f0196e1fcf6c608e446be62c708556f34a79d169fbb05b1fee92f5761
45130,55,0,55,13,-163.19,other,unlisted_only,45130 47566 47792 48487 48735 48772 51884 51894 51902 51912 51923 51984 52112 52153 52154 52232 52272 52342 52383 52390 52427 52542 52655 52670 52822 52944 52950 52984 53063 53069 53086 53152 53159 53244 53345 53410 53456 53496 53506 53556 53558 53634 53719 53737 53742 53765 53888 53945 53978 54117 54151 54162 54163 54414 54441,2df758005e23a7ff67b82c3ef22ce266b80cbc745fb78e55a25e24ff54d1e115
45138,3,0,3,0,-13.164,other,unlisted_only,45138 48726 48815,d79f280f944b0acc7540cc8a7fa4b46791376fa54e5e86f168c65c4a5657d804
45151,10,0,10,0,-43.879,other,unlisted_only,45151 45161 45224 45237 47116 47140 47315 47372 47500 47546,1aed1bca7d183f4f7b55112d88f9c0249cdbe4fd5f5b12e87da583e09cd8b92c
45184,4,0,4,1,-11.541,other,unlisted_only,45184 46075 47288 50704,0c94c2bec1fc50268841e4af7b204d066b02b21bdbae6c63687cf8cffa436d29
45195,2,0,2,0,-8.776,other,unlisted_only,45195 45305,f15d6bf055ddbe61c32ff2f19339550659c43d6c87ca7db7ea223ae2e4860635
45255,8,0,8,3,-17.07,other,unlisted_only,45255 47569 47715 47829 48059 48215 48226 48393,2c7216d17ec4ec08f6a7fcd449ffd98c2e44f72aa17856cc0a03ef92e1c2dae4
45264,15,0,15,4,-41.774,other,unlisted_only,45264 46663 46988 47071 48440 51395 51475 51716 51870 51883 51981 53557 53770 54366 54614,830700ceb55561ffd55e489b4c544ce7dcc8975cf35ee982b5f8f965cd6ba57d
45279,10,0,10,1,-37.868,other,unlisted_only,45279 45425 45515 45641 45851 46043 46103 46343 46345 46405,2520e86f7923df2a265461d75819b28d38be6febe787e605b4ba98705a3a2317
45319,2,0,2,0,-8.776,other,unlisted_only,45319 46244,64ddb52f093c1ae28c55c9da5d8ea9690e46ba961799e43319cabfe9a85c29fd
45413,4,0,4,0,-17.551,other,unlisted_only,45413 45474 46200 47234,e733a5a23f4fc9075ff2d7d9ecb77091a120c6099f327b1c3b55f1157e3ebd75
45426,2,0,2,0,-8.776,other,unlisted_only,45426 47258,9b4224abf9f3679174f7ec2ff449c10720104d32468659aa61dbbaa50d7b99a8
45431,2,0,2,0,-8.776,other,unlisted_only,45431 46928,f7eb73d78fa7b91d4190694d197026e2cd4ad23ab92bbb4dc09a1c2c3ad2cfd6
45438,2,0,2,1,-2.765,undetermined,unlisted_only,45438 46724,6cbf09c0659fa167eb669324daf3b21e37a367e1745d6e94d1ccaddcadc8285d
45440,4,0,4,0,-17.551,other,unlisted_only,45440 45484 45639 45666,2a588a861975cb0740cb46663506227ac14619a048e901314fc58bf2431ab6cb
45443,15,0,15,2,-53.796,other,unlisted_only,45443 46023 46031 47400 47747 47860 48491 48856 49105 49414 49629 49863 50123 53241 53902,f7513ae4fc7ffba79f05ee750eff92ef411d6ccaa043ccd6d7cf96450c14ee71
45448,2,0,2,0,-8.776,other,unlisted_only,45448 48621,2418ea752cd40218769dc5865209ce09c4463e13f6184045d0c34fe8f8fc2e4c
45449,4,0,4,1,-11.541,other,unlisted_only,45449 45493 45809 47079,d4f930d3e4859b24c9bbc539a2acfb0aa284c745af98faabe3e3271e9f04cf18
45475,2,0,2,1,-2.765,undetermined,unlisted_only,45475 48221,1002b53b15b8eb554092d6dba01b3392db79949d01eb707b520b449a0d33e25e
45534,2,0,2,0,-8.776,other,unlisted_only,45534 46449,a299d79ed22cf63a316303f04371f9a56d219299624f35aec447c17dc8faa503
45568,2,0,2,0,-8.776,other,unlisted_only,45568 50189,e727bc9d008806ec4b26566d5aeca2ce7e03597731815f66275fb3a7de53800f
45574,2,0,2,1,-2.765,undetermined,unlisted_only,45574 47820,83ff6103b031514768c2dc8c1b9e7fc488ec050da743ccc8da85cb8a5a1b0a39
45607,7,0,7,1,-24.704,other,unlisted_only,45607 46790 47661 49285 50357 50615 51876,f2127c94fe223904609caf2a103c1d7636afdfd8654a61d5f1390d8c7369b786
45608,13,0,13,3,-39.009,other,unlisted_only,45608 46059 46558 46803 47980 49222 49652 49872 50294 50469 50544 51015 53127,2849d5fdf3a4f88d408ddfe34b83fb8d662ccafdc614ba88b2eedae5ead59f11
45654,3,0,3,1,-7.153,other,unlisted_only,45654 46147 54063,77f98758ffd3fb86460efebd69ec0de09ef8ef9614b75e15b3af70488dcf914f
45661,5,0,5,1,-15.928,other,unlisted_only,45661 46234 46721 48236 51185,d96bdeb8b174b7fc9d01b1d81cda6ecda8c8d5f85253044bd32343e9392edaf7
45672,3,0,3,0,-13.164,other,unlisted_only,45672 45686 45774,2408f8c17da73f49671ece5baa4db119f4b621ee89b6d2d99ceedc0389a30591
45684,2,0,2,0,-8.776,other,unlisted_only,45684 48908,f29d8f0821da5abdb08ddd04207bb44484b0d5756d7a78f68d2b0390f4c89c2a
45696,3,0,3,1,-7.153,other,unlisted_only,45696 46068 46104,3cd17d2ae05b37f17e4cc560dbb7493322518b8c005d81033ce2e63764416484
45706,2,0,2,0,-8.776,other,unlisted_only,45706 46228,9b8a2a36f3290ef742aa377759e5125ba483a65866ea1d05daf1c98742bb9dd5
45719,3,0,3,0,-13.164,other,unlisted_only,45719 46223 46629,d415f6f2bc54e227c639985bbf456242493f7849340be5222626f83134f7050a
45721,2,0,2,0,-8.776,other,unlisted_only,45721 46017,17cb996e0b162e192299d27fd9732ff5ebcaa4ba8baf1e96a03d34534e06f87f
45738,6,0,6,0,-26.327,other,unlisted_only,45738 45872 46329 47381 47595 53396,2f6cc783b47f83353d8d167e9f34a5106d84de5fac48388de5e350d166d9d741
45741,2,0,2,0,-8.776,other,unlisted_only,45741 47656,00d73041c37b114a8d76f99a24010100260077cc2d05cb0799cf7d86880239d8
45745,16,0,16,1,-64.195,other,unlisted_only,45745 45891 46066 52245 52406 52445 52566 52625 52964 53269 53687 53750 53923 54165 54277 54474,337a9f150f2e995f544b472a22a0e00177edd2fcef7659b6656ac9903ea68890
45790,154,0,154,25,-525.457,other,unlisted_only,45790 46951 46976 47103 47112 47124 47132 47166 47180 47222 47270 47304 47318 47324 47331 47371 47449 47456 47494 47510 47552 47646 47660 47688 47819 47876 47965 47975 47976 47994 48032 48035 48190 48228 48257 48285 48323 48338 48382 48384 48398 48425 48450 48456 48497 48514 48541 48675 48682 48743 48813 48890 48901 48930 48942 48952 49007 49043 49047 49056 49100 49111 49116 49117 49141 49161 49239 49243 49244 49247 49251 49255 49298 49329 49333 49343 49350 49387 49426 49433 49454 49520 49538 49592 49623 49675 49739 49762 49806 49815 49820 49841 49889 49912 49966 50106 50232 50235 50302 50342 50383 50468 50539 50575 50702 51103 51350 51551 51602 51641 51651 51766 51881 51934 52103 52108 52139 52192 52199 52210 52231 52271 52351 52368 52576 52591 52609 52615 52646 52729 52758 52785 52804 52806 52846 52986 53145 53167 53178 53245 53522 53539 53570 53580 53700 53704 53833 53983 54028 54064 54157 54169 54583 54591,f0bc8f8e278bf02bdc62da712cd5845cb61b9fce13d34f310e84f95986a104e7
45794,12,0,12,1,-46.643,other,unlisted_only,45794 46277 47339 48147 49312 49888 49927 50998 52070 52202 52541 53513,588a351b13c85c979eec7f89ef6c79bdca95a61b4d04ad4da4f6bc446fe0b64f
45800,2,0,2,1,-2.765,undetermined,unlisted_only,45800 47750,17f831f0e0d02ca0a06fb94aa90cdb127f355c8f3b272c3df69208a27205afc8
45811,54,0,54,7,-194.868,other,unlisted_only,45811 45820 45841 45973 46197 46312 46525 46548 46581 46743 46775 46971 47083 47122 47302 47340 47489 47505 47507 47624 47638 47680 47794 47881 48037 48478 48642 48756 48760 48778 48982 49042 49124 49227 49278 49296 49405 49450 49477 49585 49784 49816 50014 50058 50270 50483 50517 50647 50686 50843 50845 50856 51032 51057,ba3e663d1d308e868f8f1e302f4e8008eca8d7d181c0dc6a7a4d8a3a5c0b3adb
45817,38,0,38,8,-118.651,other,unlisted_only,45817 45946 45954 45965 45971 46010 46258 46315 46390 46504 46514 46532 46599 46648 46675 46731 46929 47113 47295 47345 47530 47589 47713 47756 47935 48015 48016 48033 48272 48374 48480 48533 48575 48641 48720 48763 48776 48824,70e3d790c0beba827ff287620a0b3e2a0a6fadeff12bf66785174d9343ee3647
45822,4,0,4,1,-11.541,other,unlisted_only,45822 47013 47167 50258,a0f79989a92bf4c5d4cf944d7f51dddd812fdfe79bb23b433abb5b4da7805bdf
45845,7,0,7,1,-24.704,other,unlisted_only,45845 46283 47761 48354 48521 51433 51487,86fa6c827ff1f14b7b0c6b3c7ab509fb4225ddaa8a7f7d4c52e3c20fef5aa01a
45869,10,0,10,2,-31.857,other,unlisted_only,45869 45938 45943 45951 46000 46016 46105 46204 46249 46282,f6d68f61444eee8e6cd32a6b55cc2d75faa30a4ff773d8e69eac11ec1fae74f3
45870,2,0,2,0,-8.776,other,unlisted_only,45870 46184,8537b466cf9504917d4706cf8e80cec3a450edefef95902edbb334c32f309170
45878,27,0,27,2,-106.451,other,unlisted_only,45878 45892 45903 45996 46089 46096 46125 46160 46168 46178 46252 46264 46316 46349 46360 46486 46490 46494 46538 46584 46613 46624 46707 46760 46805 46900 47002,6c70714423881d52c26ee88f14ec848f4a01ea29a48dc3fc2dcc4cedabb47d18
45886,2,0,2,2,3.246,undetermined,unlisted_only,45886 46250,f20d9102ad134b780ae26db54ffb0c79427eedc5e0120dd9955bfed1f8d7b5ee
45926,4,0,4,1,-11.541,other,unlisted_only,45926 47134 48042 50918,420abe0a01a05b00c5c1c57b2c58ef45d6a1a73f793bac928c9b0f3d4812fff3
45929,5,0,5,0,-21.939,other,unlisted_only,45929 48843 49090 49475 49507,d8ce1b7a8c046b3da9abec708eb530317a823e0386c6080bf9552b246d0af2d8
45930,21,1,20,6,-56.079,other,unlisted_majority,45930 45984 45998 46013 46020 46061 46098 46134 46237 46325 46434 46545 46579 46607 46717 46723 46745 46750 46815 46844 46910,4dcc0f56c1bec15e29c3efdaf562cf6a2893e2b819112e9ea4e92d6b256a79db
45942,3,0,3,0,-13.164,other,unlisted_only,45942 46057 47904,0dfe1ae9a161f79cb07212498b83c2ba2d86ddadea28b4a89611cebf9f46bad3
45978,7,0,7,1,-24.704,other,unlisted_only,45978 46027 46121 46141 46256 46267 46353,3a239e74da540553cfde09fcc3c8077fb01207c3b1c8040168f1c8709008cc4c
45988,16,0,16,5,-40.151,other,unlisted_only,45988 46139 46212 46469 46503 46824 47114 47706 47765 48113 50512 51311 52069 53842 54001 54398,8fcc6dfffd7301d3215e55eb23c0ff100b5c1362545a349b7cbfc54a6318cb9b
45994,6,0,6,0,-26.327,other,unlisted_only,45994 46132 46330 46512 47396 49058,bb95eb9c42fa2086f8de7acceef47249bd1dee0cd196491c8a03f12ab53273d5
45999,5,0,5,1,-15.928,other,unlisted_only,45999 46032 46261 46274 46361,817257dc4f22bfefb910cb5307701b356a4c7ed2ccae9816103f0c66aeecc331
46021,4,0,4,0,-17.551,other,unlisted_only,46021 46095 46646 46718,e91541348cbb04eb31b206d225eac97b2af54e119b7e6d89e80dc139a5b2667e
46039,3,0,3,0,-13.164,other,unlisted_only,46039 46079 46216,932a361ebc59b78cbb4c3654c5c60e558be3afcbc8b3a080332735b4bc3600d6
46048,23,0,23,2,-88.899,other,unlisted_only,46048 46099 46153 46172 46195 46334 46433 46485 46516 46541 46557 46622 46623 46783 46882 46884 46909 46912 46959 46989 47019 47025 47035,87661a3c78a6bbb4fc93786a014e337a02dd75c27a39632da5bc57b7079a6a4a
46085,2,0,2,1,-2.765,undetermined,unlisted_only,46085 46143,7edc0f68f3a74cfaa7db56c9a36b08b60c0a208b6158e6deacbbffd4e98852bd
46086,6,0,6,2,-14.305,other,unlisted_only,46086 46438 46475 49798 51373 52030,8bb970dbfaa1de77d7163bd7a2d8959b19bc152ef83241429867381ed126ee16
46123,15,0,15,4,-41.774,other,unlisted_only,46123 46414 46552 46563 46711 46836 46857 46889 46926 46956 46983 46992 47044 47087 47279,ba65da84b75bec4417c1b5162ede0083290d9e251294d7490ee81851ac7ee30a
46146,5,0,5,2,-9.917,other,unlisted_only,46146 46692 48129 48316 49082,2bb1207e7a9ffe4ead2ffac54b2ceafa59c432e5feb21ad5b609513195383a5d
46157,16,0,16,4,-46.162,other,unlisted_only,46157 46437 46513 46952 47003 47178 47523 47669 47801 47967 48193 48814 49549 50665 54072 54095,f504317a9ef05e8f5c9469ddb4cfa67eebc8dd85ef0eefd95e47786e60d43129
46161,9,0,9,2,-27.469,other,unlisted_only,46161 47172 47650 48148 48479 49987 51009 53419 54097,81e3a588635fa3fa11ce2e3c4d3a0319d4969aab778166641fec7357e209f25a
46205,5,0,5,1,-15.928,other,unlisted_only,46205 46320 46577 46611 50016,ed5a49daf6d6897565a125db507a7ba29dfb6a9f36fd9444fd1a20160c2e7773
46210,2,0,2,2,3.246,undetermined,unlisted_only,46210 46239,18c69bdbfc3e6602b1fe88826d21c08f7894bbd65b016425b9da5ab3482de5f7
46219,9,0,9,4,-15.447,other,unlisted_only,46219 47231 47364 47383 48105 48315 48837 49789 51195,243604d411471a6f177d09a0ec950aac9663a61f7ff3d19e1779632edd9efa7d
46276,4,0,4,1,-11.541,other,unlisted_only,46276 47050 47185 49833,4eef10ef4b447dc905a12b4b760575701d4366a048bb8df847c3b8b71d733eb6
46296,5,0,5,0,-21.939,other,unlisted_only,46296 47298 49566 51010 51252,666a536c6a08acf4c5e5a0da92e0ab76130c56ac53ac281df48c4576d1f56182
46298,2,0,2,0,-8.776,other,unlisted_only,46298 48353,f2250d39746b695e4c01e52dbb1bfc357379027cdba117da25dce6e8f147315f
46301,2,0,2,1,-2.765,undetermined,unlisted_only,46301 51740,8190b5196c4c19886a18deb24c59be6afea9621346e1134a7f4b3ea75a87ddd0
46307,8,0,8,4,-11.059,other,unlisted_only,46307 46949 48369 49588 51931 54538 54554 54556,f1a3c49a448f8255772a6f86dc5b9e242d8ed035449701a3b6f485aa87717ebf
46313,4,0,4,2,-5.53,undetermined,unlisted_only,46313 46351 46366 46385,4df5f41e4d6f420562745f31cdb5a09a6f27d76763a9ff6b51e40cdc3c6b6148
46323,15,0,15,4,-41.774,other,unlisted_only,46323 46364 46975 47399 47597 48121 48164 48169 48585 48845 48971 49447 49554 52769 53202,bd2ed6b8a32a1fb32570b09a4fb7b55381ccbf391a7a1a90d7cf100390975aec
46340,20,0,20,4,-63.713,other,unlisted_only,46340 46341 46685 47651 47658 47687 47798 47915 47928 48022 48056 48291 48335 48430 48447 48484 48518 48591 48753 48909,d4ce75e58e24c6c18b0509114bfd9bc44af8f8967b336f9a78433dcf55eeafb1
46372,77,0,77,18,-229.668,other,unlisted_only,46372 46550 46587 46634 46658 46746 46767 46964 47336 47373 47407 47450 47492 47828 47831 47922 47986 48040 48126 48173 48376 48455 48464 48469 48519 48577 48713 48935 49072 49221 49257 49303 49311 49318 49337 49610 49637 49674 49693 49791 49859 49913 49932 49955 50007 50022 50231 50303 50335 50354 50592 50605 50611 50664 50701 50722 50804 51263 51321 51352 51358 51523 51872 51955 52008 52022 52041 52573 52848 53240 53474 53520 54010 54032 54119 54147 54489,29a03d6dde161b0a17c3a37285679d52a1afa4d38fbc40111b921f6b93ccf453
46379,26,0,26,1,-108.074,other,unlisted_only,46379 46452 46519 46765 46919 46933 47147 47278 47391 47426 47623 47634 47725 47769 48157 48421 48605 48694 48921 48979 49013 49304 49430 49654 49656 49705,8178278a815de9b2eb7ad99a8f66a13de6217df9740d9ce349b89f922b738fd1
46387,26,0,26,5,-84.03,other,unlisted_only,46387 50761 51013 51139 51217 51277 51547 51831 51871 52155 52350 52434 52722 52755 52776 53073 53151 53154 53246 53532 53716 53781 53894 54018 54078 54209,51ea92e0cf157b0c385918d4a4d8bdc671e97390236babc01b84fa9852e52ca2
46388,6,0,6,1,-20.316,other,unlisted_only,46388 46533 46605 46640 46704 46733,39a7cf8a69891b86fabdc779b1e21d7c97522efd2954d7f26632dc0d4ff767df
46406,5,0,5,2,-9.917,other,unlisted_only,46406 46480 46659 46834 46906,d7b87a3e44b836a45e2a2dc2da5febafd3741f86f1da187ac46cc9f55e6456de
46409,3,0,3,1,-7.153,other,unlisted_only,46409 46413 46450,209a81a715240936fe69cae7b41d5ffed9dd82f31e169e4d66d938d19e8a85df
46412,2,0,2,0,-8.776,other,unlisted_only,46412 46863,dceac2ebd60d3aa7282528b0f730d7ad8f34f8572875c5aed3dbeb4591f6608e
46442,20,0,20,4,-63.713,other,unlisted_only,46442 46483 46751 47891 47942 47974 48286 48613 49063 49086 49209 49287 49290 49370 49460 49517 49537 50458 50464 50513,c38bb4aeb40bd0f4bab29b1ea97af7e57b3dae435160435b2f696966bf03a845
46458,2,0,2,0,-8.776,other,unlisted_only,46458 46462,b3887150bd7fc9520421148f85edc566d5b25d7b2e72610cb96b1ae76796675a
46460,2,0,2,1,-2.765,undetermined,unlisted_only,46460 48342,c28a99a4e9d0e9971e915c01b37efb80c24e5ba780149a5dba01c967338d24b7
46496,2,0,2,2,3.246,undetermined,unlisted_only,46496 51296,230618832cfcad9d7b5766598f1b34d58c67ff31791c354b257b764b5c5d72c3
46505,6,0,6,1,-20.316,other,unlisted_only,46505 47520 48936 49069 49355 54546,9f15c2ab87ebcc1fe0ddb60911e5f27f65610bd1a82ec33a00cf32cb4a146a50
46510,7,0,7,1,-24.704,other,unlisted_only,46510 47890 48385 48422 50196 53119 53536,034a31fb7672ded3996dc36dc82eeaff79560222d804baf62d48b76999358abf
46537,6,0,6,2,-14.305,other,unlisted_only,46537 47709 48462 49259 50624 50839,2d6b019942733723513f55858b7ce17ef65ad85c382e83386954a715185ed4fc
46567,16,0,16,3,-52.173,other,unlisted_only,46567 46633 46664 46674 46698 46894 47022 47086 47135 47176 47346 47394 47563 47737 47906 47918,05c9b94ad48e5a80594df8a9a6f6ab4d7329019b4445a8fef3092014ff73ccb2
46594,2,0,2,1,-2.765,undetermined,unlisted_only,46594 46616,99b4ffa2f1ae50a3a77e24aa08e1afb65fb89931e5e5a8aea6dc918ec2f8d87c
46606,9,0,9,3,-21.458,other,unlisted_only,46606 46749 46953 47082 47102 47123 47389 47395 47513,e7505495a997f0671e78ec7304875620857e0e323d6bc24580933ea725795e76
46621,11,0,11,0,-48.267,other,unlisted_only,46621 46779 46800 46898 47184 47215 47287 47341 47502 47561 47664,42d1f5ff66142b44c33914d631076c75d4da23ebee2e6c536fbb2c03d1bffac8
46643,2,0,2,1,-2.765,undetermined,unlisted_only,46643 47040,6707c2ceadae4bc06d7699687942bfb5456b0688ebe306c913b95f7cf7a5ee5c
46693,80,0,80,12,-278.898,other,unlisted_only,46693 46855 46859 46955 46968 46969 47149 47255 47366 47425 47460 47482 47487 47524 47612 47850 47912 47914 47916 47933 47936 48069 48091 48109 48151 48194 48210 48225 48235 48334 48410 48511 48647 48692 48768 48844 48932 48933 48957 48976 49030 49036 49143 49166 49169 49175 49225 49309 49334 49357 49435 49497 49591 49737 49839 49879 49925 49968 50009 50113 50122 50314 50338 50343 50532 50692 50808 50824 51021 51058 51060 51107 51122 51345 51437 51508 51531 51578 51788 52168,3ba9bfd1e6545b7e9550fa68ec6c311051a8b24e3c34258bd0f07023885c0b95
46700,35,0,35,3,-135.542,other,unlisted_only,46700 46878 47108 47182 47312 47422 47475 47599 47668 47784 48280 48292 48310 48474 48538 48739 48961 49183 49235 49885 49897 50529 50650 51245 51580 51869 52571 52626 53039 53160 53199 53637 53868 54357 54454,a2612bc52942a38b4fb620b4b5c3ac9eb05b4847bdfd34a7e1f7231b180c83ac
46730,2,0,2,0,-8.776,other,unlisted_only,46730 46736,cce00bf8b04da19d7f13167c03fbd67ffb66f46795a60b3f372a4724c49db48f
46759,10,0,10,3,-25.846,other,unlisted_only,46759 46862 46875 47107 47708 47811 47940 48300 48345 48458,4fdd16125bd9d873dad1b06f2898e4f8efcdff6bffc51dca8fc60f93aad8f9c1
46772,4,0,4,2,-5.53,undetermined,unlisted_only,46772 47397 48078 50716,226f7517ca8cc31c6509f4c12dce6f7f02bde7930c85de7d36189c3d5c0988d3
46774,2,0,2,1,-2.765,undetermined,unlisted_only,46774 47577,0fe147c10714efd95834ed38f56439676e10e0e3bc1598bd36f53ded44048e40
46796,2,0,2,1,-2.765,undetermined,unlisted_only,46796 46822,abb2a7edd700eb04f2ac3da0960a14cf3b5ab7d10262a1f57e93dc010cf1d1ea
46837,8,0,8,1,-29.092,other,unlisted_only,46837 47260 47439 47685 48351 48610 48754 49052,a41feca3bfb9bfaa3c9d102e843a6c2e12b7d61facb62d4f0a411923a6c391b2
46890,14,0,14,0,-61.43,other,unlisted_only,46890 47368 47736 47760 47774 48074 49118 49123 49434 51258 53122 53628 53715 54268,8e8edee70c87068824d5056248c4cb51b103a8f927542e7d6a76a4acadefb006
46913,20,1,19,6,-51.692,other,unlisted_majority,46913 46915 46987 47090 47211 47245 47732 47826 47882 48021 48067 48080 48095 48155 48172 48232 48277 48279 48320 48437,3d9ffe4f847738863f14d7811484cce02b192c41702f2d27c974ec90d6902c9a
46918,2,0,2,0,-8.776,other,unlisted_only,46918 48278,a059c708fd4e825b00ea3ea1141aa186db0e3fa2cb0608975dc8449e82b5b3e6
46931,32,0,32,7,-98.335,other,unlisted_only,46931 46970 46985 47038 47293 47411 47702 47816 47937 47985 48013 48023 48135 48142 48746 48838 48852 49176 49496 49575 49667 50352 50718 51011 51080 51314 51999 52184 52515 52559 52910 54496,e4c1649de1fa33a56eb6dfbcf3f9b453b3e071a476f4a18300f593f066ebed7a
46932,2,0,2,0,-8.776,other,unlisted_only,46932 46935,3fc6a4afd62d342fef3d5238e97ca9fbd06a627538d229850f28cb0b94a2a398
46941,5,0,5,0,-21.939,other,unlisted_only,46941 47836 48554 49323 51329,4f04caa761481fc1c8b35da3fb3ce36b199b087da3fd4b166858e2eb10d11b3f
46954,3,0,3,1,-7.153,other,unlisted_only,46954 47327 49420,13ee1d068d17f22413875134099fb311e69a863624ec94a9a957f52facadb878
46967,160,0,160,36,-485.664,other,unlisted_only,46967 46982 47064 47069 47085 47092 47141 47160 47165 47177 47203 47210 47232 47274 47348 47360 47365 47454 47463 47496 47543 47545 47574 47594 47632 47644 47675 47717 47724 47780 47793 47839 47865 48001 48005 48007 48036 48045 48047 48048 48054 48065 48066 48068 48118 48130 48144 48160 48161 48162 48205 48244 48251 48263 48298 48317 48370 48399 48418 48427 48485 48530 48576 48587 48589 48628 48645 48651 48666 48718 48723 48799 48805 48823 48825 48827 48830 48860 48896 48986 49026 49094 49106 49138 49148 49160 49178 49179 49217 49277 49294 49316 49332 49348 49349 49353 49375 49465 49466 49511 49532 49613 49681 49727 49761 49767 49781 49786 49809 49849 49974 50029 50055 50147 50181 50185 50248 50268 50274 50345 50351 50353 50412 50416 50419 50445 50467 50593 50657 50673 50699 50705 50732 50766 50783 50788 50792 50898 50955 50978 50997 51056 51092 51100 51145 51154 51347 51460 51516 51521 51528 51584 51628 51648 51687 51734 51742 51769 51772 51791,f279f42b91cebe914239a91986abe2478f2bab97ca2e099ca6569a6598e6824a
46977,3,0,3,2,-1.142,undetermined,unlisted_only,46977 46997 47004,39c3dc009d56820300f8e5f51c9182aec0da2600c546fc4ecf9cd36e95205d6f
46978,2,0,2,2,3.246,undetermined,unlisted_only,46978 47010,5e801fd10ec125a30fbbadf7d67b4dbc5244bad528cdcc31bc4845195197940d
46980,20,0,20,4,-63.713,other,unlisted_only,46980 47971 48311 48325 48468 48717 48848 48904 49299 49783 50005 50149 50295 50409 50561 51063 51074 51087 51452 51611,0e96738230f843bf94261316b92b8da18535c0b6630550b61370bf237e93984b
47030,2,0,2,0,-8.776,other,unlisted_only,47030 48448,0c861a3c22da8b8b2594206428cadd14773b676abd9307a9a4a682228a6f24ed
47049,4,0,4,1,-11.541,other,unlisted_only,47049 48216 49044 49569,b0369e7b282d6461a4ad65105a9c66973909d08ff38fd074b836044cc633dc37
47091,2,0,2,0,-8.776,other,unlisted_only,47091 47095,0e4872bd8972707a8e8c2f48878a387cfacb4b82665cae25ec06a91896b75a8b
47106,93,0,93,22,-275.83,other,unlisted_only,47106 47153 47188 47193 47219 47223 47416 47472 47516 47521 47621 47653 47691 47868 47895 47966 47996 48089 48209 48234 48295 48305 48394 48475 48562 48582 48592 48594 48653 48654 48674 48690 48771 48787 48789 48840 48861 48867 48884 48914 48937 48950 48995 48996 49046 49263 49265 49390 49393 49663 49690 49691 49800 49858 49935 50000 50015 50051 50080 50135 50158 50168 50229 50265 50298 50319 50395 50438 50828 50904 50912 51044 51110 51120 51135 51188 51341 51383 51428 51439 51607 51698 51704 51750 51759 51821 51901 52414 52446 52483 53747 53776 53782,2d22e9ef36692d9f9a383523442fe6cd0439b9e8c0498f6b972845517d6d3045
47118,2,0,2,0,-8.776,other,unlisted_only,47118 47128,84ddfc0611037d9118642b9bb619b9504436fcbbec86b292f35c9f4ac05cc2e1
47144,2,0,2,0,-8.776,other,unlisted_only,47144 47353,3f0a14355e15b3688cb200946cb14d055000bb58eb688a31a7f885791e35f726
47154,14,0,14,2,-49.408,other,unlisted_only,47154 47447 47468 47549 47874 47959 48547 48870 49254 49568 50150 52127 52896 54597,2ab2b6fa6c77ac1ba906284683106ee27de5208b637ad6108ed63319a0050fe6
47157,22,0,22,4,-72.489,other,unlisted_only,47157 47240 47446 47556 47584 47699 47823 47873 47905 47984 48090 48206 48262 48296 48412 48442 48556 48644 48658 48709 48777 48822,93d91951836a5eb71ed49539a619702834a5adef15a157d6a5b0a7893d2ae33a
47163,11,0,11,1,-42.256,other,unlisted_only,47163 47239 47356 47591 47598 47670 47810 47844 47898 48297 49531,d76bb2e2de452de57fef622964daa4367343ad113bc58227cbec3b0530062fea
47189,24,0,24,5,-75.254,other,unlisted_only,47189 47247 47321 47415 47429 47497 47532 47534 47541 47573 47861 47969 48119 48223 48284 48307 48321 48333 48699 48712 48741 48751 48959 48997,910c03cf6a5375e264fc4d4c46d59ee4d6f5f7aa054ff66f799fe69c8260392c
47191,2,0,2,2,3.246,undetermined,unlisted_only,47191 47367,354ad4be1a7d2285ec315c9a93b5781a9b0e71129f7e9388bc538c3b35d3e187
47208,3,0,3,0,-13.164,other,unlisted_only,47208 47236 47748,8cd9f081122067f41db92bb949c58d584f72ca3a93d86f3783d09bee5b4b7d30
47217,7,0,7,1,-24.704,other,unlisted_only,47217 47338 47435 47821 47845 48128 48182,a1b830697ee85657138eceacb9baa328b9d28b9ec7089e26e678acce2e421fd4
47220,4,0,4,2,-5.53,undetermined,unlisted_only,47220 47508 51164 54494,b4ac8e69aefeab8dc1f58c21dd1890a5de80d15532c418378175e46785085d54
47221,10,0,10,1,-37.868,other,unlisted_only,47221 47382 47421 47441 47474 47488 47531 47535 47560 47667,302f98d755467706844ca4a95a7e4f0419d566ca98e67ecf56105c24c8305c19
47230,40,0,40,8,-127.427,other,unlisted_only,47230 47289 47406 47476 47677 47799 47972 47983 48000 48093 48212 48269 48312 48460 48467 48473 48607 48809 48916 49022 49184 49198 49291 49366 49369 49410 49461 49622 49844 50226 50327 50531 50558 50567 50728 51123 51201 51206 51693 51722,1e133f7de73ac7d074e2746a3d6717dfc99ecaa8e9f9fade2cb8b0b20a5e0441
47241,2,0,2,1,-2.765,undetermined,unlisted_only,47241 47333,f5b09ada4094cf91ca892bf78292a84d63c2e9cac6de1f3a61d1a039b9e8a05e
47242,3,0,3,0,-13.164,other,unlisted_only,47242 47283 48104,4ea8143a400a68ff25cc49717ccaf0ae37d327256adf824a38db85029582d1ee
47253,4,0,4,2,-5.53,undetermined,unlisted_only,47253 47275 48136 48178,2e8250e9f3f8043cdad60f747982275fee2a1836ebb48b2f620d03371be8e3f6
47263,2,0,2,0,-8.776,other,unlisted_only,47263 47284,a518114e23d7dc0e08d1a909e7cbc5e8911409b31bb099533682ac8de7be9520
47268,2,0,2,1,-2.765,undetermined,unlisted_only,47268 54135,9aae9df283207a4ce4488e9eb0b53602ccf03b153b68cb65c9b152c1a4a38e3d
47357,2,0,2,0,-8.776,other,unlisted_only,47357 49729,1432e14101c29abc4f161eb98197c9a1f076ae5af7bad9ac8f9c6e0460c38566
47363,2,0,2,0,-8.776,other,unlisted_only,47363 49608,10c0ad489e4e4dc36c63609d2c05ffc9e22042cebb3d9a0ba8b34a019e9f49d4
47431,3,0,3,1,-7.153,other,unlisted_only,47431 47469 47490,3e25271210cff1d1ca5cb2f21f0c0012a72a7f5b34fb097d257f4bd0ef26753e
47457,3,0,3,0,-13.164,other,unlisted_only,47457 47857 48324,8fd2836dec43a7e1023793aee864476166e92d679fdd1bc61dd9ea06d71991a2
47467,3,0,3,0,-13.164,other,unlisted_only,47467 50629 54574,e757e986b6b0f4a8b6ca516ff9f36c962bb1ac05f11f38477ee03b0c8ec8aac3
47509,7,0,7,4,-6.671,undetermined,unlisted_only,47509 47555 47559 47931 47953 48041 48214,e855986b950667cfa66712910bf64d77250feb566b7c7d7c7d3042e153e94e3b
47518,3,0,3,2,-1.142,undetermined,unlisted_only,47518 48483 48535,dd91ce8107e3cae5fb51c96de954b3472ea8d1d73d5a685714e8d9bda1e8b6a3
47571,3,0,3,0,-13.164,other,unlisted_only,47571 49526 50637,464093ade26bf49d3c60e3ee50d23af2fa9489c5750841dc48414336a9bc31ee
47583,10,0,10,1,-37.868,other,unlisted_only,47583 47999 48573 48828 48866 49234 49984 50486 50836 52298,cdc6d259e6d59a6145ed37cd116d568102396e6b82080ed719f40a95f22cf66c
47720,24,0,24,4,-81.265,other,unlisted_only,47720 47789 47833 47903 47946 48046 48062 48081 48085 48108 48331 48371 48523 48525 48571 48606 48680 48750 48831 48881 48910 49256 50131 50951,61aa58ea783ef5ff06d0c7c98de47f5555af0cf9f80ee53d2d477f6a80792720
47727,6,0,6,0,-26.327,other,unlisted_only,47727 47735 47806 47900 47970 48273,4867f0b18766a428442579e624c8d9e43f16709fa76f9a2c77a1b12eda728a2a
47739,11,0,11,2,-36.245,other,unlisted_only,47739 47779 47807 47863 47864 48150 48177 48199 48313 48356 48416,cbde79496f1c86396e1d2bd9afe579acee2f0370e0256e949314c1f76e3e3837
47740,3,0,3,0,-13.164,other,unlisted_only,47740 47746 47788,9d952abdac7333e4dbd0fd985140f8de4e4f9761157bfd6c908f87d891f14fdd
47776,4,0,4,1,-11.541,other,unlisted_only,47776 47785 48115 48941,6972e575e39f77ba61674955d8ad5b4cbcfb3fad40705ac692067a365b15fde7
47889,2,0,2,1,-2.765,undetermined,unlisted_only,47889 51970,07f17898e591f013e4e9112d62b7e5f1e2953876263b2cece35fb10ad6ba062e
47917,22,0,22,6,-60.467,other,unlisted_only,47917 47952 47995 48024 48058 48060 48072 48079 48094 48133 48165 48168 48195 48222 48287 48423 48500 48563 48579 48596 48650 48667,3548dc5a5a69e2a1b9eb059b9931544c755fe70ec3e9feebe1297f36e6b54440
47947,8,0,8,2,-23.081,other,unlisted_only,47947 47948 48122 48139 48167 48238 48326 48679,5a3b5a0815d6a7f20d64857272f779d405bc958081ed55d6a4e5b4b490403bbf
48017,4,0,4,1,-11.541,other,unlisted_only,48017 48492 48510 48841,2aae29359e3d1056cbfb194adca44303325c0d15f07042cb9f2eb31a49dda8ae
48055,2,0,2,0,-8.776,other,unlisted_only,48055 48956,1fcefd96c9897d1d596405bb3e789ae6087e16a0e69867d198ae4b7aa9e51f66
48127,2,0,2,0,-8.776,other,unlisted_only,48127 48407,53de800b3577805d32b9eabb7d575bb54c383cfd7d21e9dbdba013085b6eee72
48143,2,0,2,1,-2.765,undetermined,unlisted_only,48143 48154,bbbca632cfcb51725b9ea9cbce0c15037a70d6abc976e2b1c30bfb6ba7e1b72a
48191,9,0,9,3,-21.458,other,unlisted_only,48191 48819 48887 48988 49276 49576 49603 50200 50281,d067dbcf92fcc89d66b9a0afe5d383bd5d3c4f254a90457b5e7e7aa7b3c9f4cc
48227,4,0,4,1,-11.541,other,unlisted_only,48227 48267 48271 48276,aa78a11a011a893fefb585732ff98095b30db314adc9c8805703d3d256947f38
48229,2,0,2,0,-8.776,other,unlisted_only,48229 48245,294327d1692abe6a1c8b326ac822ea33aa5ed4dcef93e1556328be24680043d5
48242,6,0,6,2,-14.305,other,unlisted_only,48242 48661 48711 49074 49075 49099,5b624d90948b9957e0456a0db388c8e9680c810a22ce548597434ce6ae1f420d
48253,3,0,3,0,-13.164,other,unlisted_only,48253 48302 48360,0d7511c5e861e0f1812d0adb4d4defa83a9fa2d2b9bd814f715117776e4ece78
48306,2,0,2,1,-2.765,undetermined,unlisted_only,48306 48364,44fb2e21ceb1df70153324b8523230ffa83bcae421123df088e96521c3519d6b
48329,4,0,4,1,-11.541,other,unlisted_only,48329 48424 49008 49011,9ddd60c0e5cee89b0e75ebd8f85980a22848f66103a837f2d0069f965dd5efb1
48350,2,0,2,0,-8.776,other,unlisted_only,48350 48362,99bab28329e5d9e0b106f8326607c0fd6f2b75b9c34e4af5f20bb43a5b30cadf
48379,6,0,6,1,-20.316,other,unlisted_only,48379 48404 48413 48529 48732 48913,ceb03d250b2e788952d9e9aa218e0f14b55e1c0deb669e1cb37616e67efef7ea
48443,2,0,2,0,-8.776,other,unlisted_only,48443 48471,ce7612ea8b22a86342a9b7f01e1afcf7c5000acc4ae9f95378020f73df2f36f1
48451,6,0,6,0,-26.327,other,unlisted_only,48451 48453 48612 48652 48657 48698,94de1a386a90d48ef0d16db3e6f9d40d2222f4e97500d57a58c71b03ce0777b3
48470,3,0,3,1,-7.153,other,unlisted_only,48470 48604 48620,4ac3bf775033d4cf093483fa00bab0e5fb1b2034c6047714b106a45deaced498
48508,17,0,17,1,-68.583,other,unlisted_only,48508 48791 49612 49730 49924 50257 50447 50588 50999 51297 51467 51510 51543 51625 51703 51768 51859,9543bd2f783160170622b69d3a3259d51fa843780c0726fc27c3d12672ff3fb1
48527,24,0,24,4,-81.265,other,unlisted_only,48527 48619 48696 48804 49181 49419 49446 50059 50628 50876 50948 50987 51290 51807 52032 52275 52763 53105 53283 53294 54257 54358 54570 54593,a3d3c935016c535453d219a66b3ea8c7173bdc7d743730f66ce634740e5e00a4
48569,4,0,4,1,-11.541,other,unlisted_only,48569 49702 50634 52311,0af0db8c3674eb58c6c274865593b79515034032b9cfcf30e7442422e5744562
48598,6,0,6,0,-26.327,other,unlisted_only,48598 48906 48922 49406 49525 49536,d8365a870930228e5d61aff7465c7d4d175fcf8b84a13cf2ad59fbb127f4f15e
48687,3,0,3,0,-13.164,other,unlisted_only,48687 48786 48862,2022a65dc23d1c09bed1b7cf36c99f61bb3bffe623f069c85d9775b72c9c7f0c
48710,7,0,7,1,-24.704,other,unlisted_only,48710 48738 48790 48846 48892 48899 48905,48e17ddd5367c15a0a464ad7b26db8703bf176931d8bae00a75fec5f0053d5be
48774,3,0,3,1,-7.153,other,unlisted_only,48774 50331 51590,28c1a6a3197dd5c62d6016fd34059677f917942d6de33a0b26af46523b4f48f5
48807,2,0,2,0,-8.776,other,unlisted_only,48807 48816,8cd6336ee6a0bd221c98b8dd00899a5e43ecbe4c6da359793bb8c14614359682
48810,10,0,10,2,-31.857,other,unlisted_only,48810 48895 48903 48983 48990 49000 49049 49093 49098 49134,61ec8031cecc51c82251749f5835f3039d6eaa7d6aa7066d523a7aca8fd04a31
48826,4,0,4,1,-11.541,other,unlisted_only,48826 48919 49157 49515,ee73e60a2fcd92dd433a85a975ac63d8b4d0852ed2a90771c2878ff6950a8b92
48885,26,0,26,6,-78.019,other,unlisted_only,48885 48951 48999 49009 49033 49039 49062 49122 49129 49139 49177 49207 49212 49213 49288 49302 49330 49356 49358 49371 49412 49482 49485 49487 49500 49519,d756af71ed108eb4dfd1daa6db791585de2fd6bb9d10bff3235fb679e4f1eb31
48915,2,0,2,1,-2.765,undetermined,unlisted_only,48915 48926,1b9e7ec585343d54dc4d758b329563f41d6a38d0695af6d70e0387c26818e7e7
48946,3,0,3,0,-13.164,other,unlisted_only,48946 52765 53545,0e224aeb767cafbb85d2b490ef34d0d2dc7e9e4bee903f03a58a2067ddc572b2
48962,2,0,2,1,-2.765,undetermined,unlisted_only,48962 48965,d08395d250d0da58f59dedcbfe02bed6667d103a93573d778f5b384bcfc5bbcf
48970,6,0,6,1,-20.316,other,unlisted_only,48970 49061 49146 49325 49396 49560,7faacd66f9956017cb0bdf95fc6d64672412698463c216912bfa47607fed3240
48981,14,0,14,3,-43.397,other,unlisted_only,48981 49650 49752 50359 50738 51426 51988 51990 53851 53982 54124 54367 54491 54536,cafefbe38498b5e32f8f296e69af2ff800db6de3bdc5182e12d8ae5f2c16825b
49006,3,0,3,0,-13.164,other,unlisted_only,49006 49084 49104,39bb4d67eea07ff9fd47d0dacb5e4b0619a08552c649028c8e0184a86da5fae3
49014,49,0,49,6,-178.94,other,unlisted_only,49014 49269 49382 49422 49474 49484 49594 49680 49770 50134 50251 50290 50328 50533 50568 50820 50947 51036 51088 51114 51288 51362 51670 51819 51836 51952 52035 52050 52134 52259 52466 52750 52839 52908 52952 53307 53333 53383 53518 53577 53800 53901 54030 54076 54182 54188 54199 54202 54240,a0036030a7744cd1793e9822bcd1c809e35ca5fecd312f125be96821ba725a57
49034,7,0,7,1,-24.704,other,unlisted_only,49034 49035 49080 49112 49193 49196 49264,d86fb8a5abddbb94c229bf25733bf844b43405509b2889839363e2b433f7120c
49125,2,0,2,0,-8.776,other,unlisted_only,49125 49232,e0f227e51463da16492bfa8ffd4b19387b07d410217aebad8d510dc54c6d18c4
49127,3,0,3,0,-13.164,other,unlisted_only,49127 49155 49167,ccfad6050154cc0f1b7b5e79dc18a0a9794a706300ee5fbe33ca93734c960a7a
49149,4,0,4,3,0.481,undetermined,unlisted_only,49149 49219 49236 49437,d4f279788541810dad59472c0ebf23c9fa0e93774979ddf3ca83c50398808c16
49215,54,0,54,15,-146.78,other,unlisted_only,49215 49346 49491 49582 49662 49670 49685 49689 49743 49840 49969 50011 50247 50323 50405 50601 50608 50936 51165 51343 51344 51500 51517 51545 51581 51631 51654 51689 51889 51921 52016 52251 52677 52702 52947 53029 53032 53041 53128 53156 53239 53304 53327 53479 53499 53671 53780 53938 54091 54115 54186 54214 54319 54558,72e088dd86e7bcf74ff68d75483590170f961b8cd60df4ac2341990b551b3f13
49226,10,0,10,1,-37.868,other,unlisted_only,49226 49386 49457 50214 52331 52334 52660 53084 53397 53400,7f6cb9e3aa22c579b8c019a9f57caf535a79413a725549e73552cf4790e9450b
49229,2,0,2,1,-2.765,undetermined,unlisted_only,49229 49795,1fd835c13d71257a353c04051e3bd458ce9e102dd14332a645a5995478d27688
49233,27,0,27,4,-94.429,other,unlisted_only,49233 49341 49347 49432 49478 49659 49765 49870 49899 49930 50607 50649 50791 50816 51006 51538 51635 51875 52054 52065 52435 52474 52921 53002 53162 53377 53404,017379bf3df1a1bad347cd882dc71e702193e39fb355d7247d8d31cb74046dd4
49246,5,0,5,1,-15.928,other,unlisted_only,49246 49360 49401 49449 49502,6ee493b6ec06e601c7141f1e768e98bdc07944fed47e50dc47d09fdb4a08d253
49249,20,0,20,6,-51.692,other,unlisted_only,49249 49322 49561 49590 49647 49861 49864 49949 49972 50013 50044 50193 50326 50427 50470 50537 50557 50599 51039 51174,b64e46e44eaeb893b3987cf49d1bef0283c7bb73eb33779ed472844be10a0d7f
49258,6,0,6,1,-20.316,other,unlisted_only,49258 49428 49645 49664 49709 49711,7e6d8376a3f6b15f4810934289a41efed77a40f538aa63454220e45d8de56a59
49261,2,0,2,1,-2.765,undetermined,unlisted_only,49261 49905,a7b632eed441f1bb557048785c6961115bedfe6645810365cb882531ca0223c2
49279,2,0,2,0,-8.776,other,unlisted_only,49279 49399,2cc131fc42b21f1703708f263ff7a7b9be74baaac6cce83ce0f08da81ab08fd8
49324,8,0,8,1,-29.092,other,unlisted_only,49324 49427 49453 50925 51023 51397 51588 51638,a7c3d8fcfe9d0356d35aba30f5dc9a41499e52697f43017c77b12d3f16c68262
49326,5,0,5,0,-21.939,other,unlisted_only,49326 49364 49378 49486 49494,c865c713de19288779ddf7d3e0a80a2e912b1cca2c18d5bbdf5e7ef5405953fe
49345,4,0,4,1,-11.541,other,unlisted_only,49345 49351 49381 49409,8618e7d091092af614a553e83d2f0a48e1084c5608f80575bd2e1f49e8675cc9
49373,2,0,2,1,-2.765,undetermined,unlisted_only,49373 49468,b650cd8954a275ef8c5c4ad627122ee22f3e4c9629dc3ea2191b7ec05fa7916c
49417,2,0,2,0,-8.776,other,unlisted_only,49417 49438,112a85941dcdf7c3f9719d5d9efd9efcd94cd7d6d5a512b73dbfe3c07441c3bc
49458,3,0,3,1,-7.153,other,unlisted_only,49458 49599 50698,8bccb2e4dd9d871983159f185931a5c9757ee4b70e420825fd2dba501865fd13
49471,3,0,3,0,-13.164,other,unlisted_only,49471 50548 50654,d90e593f4f1d4d74a80de771e2c0759448c9b6ca91151674be7e055c68c966a0
49535,4,0,4,0,-17.551,other,unlisted_only,49535 49558 49686 49699,e3c88e927c3daf22669278c3cdbfe4b5f3cecf31904b3b37cbca334182430f16
49542,3,0,3,1,-7.153,other,unlisted_only,49542 49544 51035,22070ba314a99d4220a657acaa381083f8acb1f5454608121272a2109beedd51
49545,5,0,5,1,-15.928,other,unlisted_only,49545 49719 49750 49923 52052,0328f40f2793a0bb7975e51598543718a831d1d7dba8de84c6cce1fea4b9d869
49548,12,0,12,1,-46.643,other,unlisted_only,49548 49589 49655 49665 49920 49929 50112 50129 50136 50289 50310 50341,551e29b6339b26d021a8e950d7703474c9c15759df2e02680751a0bcce1c9a2b
49550,15,0,15,6,-29.752,other,unlisted_only,49550 49552 49630 49694 49852 49877 50043 50056 50057 50167 50182 50206 50284 50287 50313,3edd3677f7a1c25eda6c1d413f613038f880fd922cb4c70face0e652becd70c1
49553,2,0,2,0,-8.776,other,unlisted_only,49553 49635,a98240dead16a9f04b438e7497266f24fda469d6530b0fe8f9dff401411e96bc
49562,2,0,2,0,-8.776,other,unlisted_only,49562 49668,f3717d621db9b4f26d62f1ab49212fbee526f615da6178c3b2ee5213658cc7c2
49565,7,0,7,2,-18.693,other,unlisted_only,49565 49574 49611 49818 49854 49878 50049,b40f926a9c3dcf5a6b7b36d4f8f1e3ad2408d34e8ec8780c59e88fd57e9230b8
49572,8,0,8,0,-35.103,other,unlisted_only,49572 49673 49708 49824 49952 49979 50138 50176,9588bf8dbefb105ec270c2ac14cbdeb6fd53cd6b37efc2480effb7c227115978
49583,6,0,6,1,-20.316,other,unlisted_only,49583 49715 49909 50156 50191 50280,d1c853d5da014a5742b730c54b73fd618eefc1169fa7659a9082dafaabbea403
49584,4,0,4,0,-17.551,other,unlisted_only,49584 50381 50577 50612,ba1b2e2a964018f11d8f9c2dc930f1f29d86b9deebcb620d6fc5f2e5bf34419b
49586,2,0,2,0,-8.776,other,unlisted_only,49586 53549,76efd9a0f5af91fd963e95e2c6a4fbe7a01aee3fda374f7c5c06bc7c0f474a3e
49618,20,1,19,5,-57.703,other,unlisted_majority,49618 49703 49758 49883 49958 49996 50017 50025 50246 50502 50642 50821 51140 51146 51152 51178 52371 54205 54412 54470,d6e8d9348ebdc3d98fd6f1b34f5628813901a8594e655942378489e17f1dca68
49619,10,0,10,3,-25.846,other,unlisted_only,49619 49908 50037 51259 51271 51403 51621 51663 51713 51732,9d1da1c5b4e8da1eb8799ce3b5cd984ac925df467054e302a69024c576c2c97f
49628,5,0,5,0,-21.939,other,unlisted_only,49628 50981 51539 51565 52989,aad55235bdf0d6841fc789741ff71ee548a8ad7ccab4bd01f33fce998e92cbe9
49632,20,0,20,3,-69.724,other,unlisted_only,49632 49726 49796 49916 50622 50668 51083 51333 51562 51585 51655 52102 52113 52459 53348 53424 53866 54172 54284 54560,6500afe7248c22050aa38b4e5d74f0ff7be1b473ffbd6569c3493af53fd3ef5e
49633,11,0,11,2,-36.245,other,unlisted_only,49633 49688 50090 50275 50315 51159 51190 51242 51253 51307 52005,da989ba791a05e88658c59d7ee0328b856c1f55fca6e7ea617374dd12b887f1a
49649,22,0,22,4,-72.489,other,unlisted_only,49649 49745 49834 49837 50045 50503 50554 50594 50670 50678 50827 50901 51449 51718 51877 52064 52267 52740 52780 52892 53754 53887,9f979eedc194c05f826062e4552d9dbd2500804ad8e3d19d6deb9dae17aea9aa
49651,10,0,10,2,-31.857,other,unlisted_only,49651 49838 50442 50959 52018 52125 52532 52592 54329 54458,74ab7992f95d32837ec2ab508a0076869d6ab970ae9651f1918375bb86fb0394
49660,3,0,3,1,-7.153,other,unlisted_only,49660 49724 49725,49771d2a614d3b22e353e11999a69c0f19fa93a40ee9843a8f30b6e1320c6c60
49678,2,0,2,1,-2.765,undetermined,unlisted_only,49678 49764,f07e68782082bb71d7f45bb558e03be6fe6996fd964712e6d9c576a631145981
49682,55,0,55,9,-187.234,other,unlisted_only,49682 50105 50118 50124 50183 50209 50237 50240 50392 50413 50420 50428 50555 50609 50735 50770 50779 50807 50812 50873 50875 50944 50962 50971 51004 51038 51148 51177 51184 51234 51398 51624 51637 51659 51937 51965 51998 52006 52104 52246 52270 52277 52284 52338 52361 52363 52405 52420 52471 52480 52484 52514 52527 52582 52588,4f36e40cb54d29112d8ae7babadae791fe9b4545d58e43c1704b0135383e5f12
49695,12,0,12,4,-28.611,other,unlisted_only,49695 50068 50166 50186 50272 50387 50398 50407 50435 50516 50519 50528,d99ab7616e7613b45332406dbdc85ba758ea761f4a5c5f02c135cf01fdb09f95
49698,2,0,2,0,-8.776,other,unlisted_only,49698 51745,7060da42b7969901b629fb109ab76bb0e38f9d439ced4c902716112c2ced1cab
49710,5,0,5,0,-21.939,other,unlisted_only,49710 51131 51241 51850 53085,92435cc4da7808976aa6d3d9c8fb02e7fe23a48b9f9c73145ef738b0d8d977e2
49712,3,0,3,2,-1.142,undetermined,unlisted_only,49712 49998 50072,085a03785163c38fd7c19ea2de190ba0c72d76da0287fce2342c80bf979ef7e8
49722,22,0,22,4,-72.489,other,unlisted_only,49722 49755 49763 50213 50459 50576 50616 50656 50677 51077 51786 52100 52375 52403 52433 53441 53941 54150 54211 54291 54310 54549,7275eced895d4f628d9d8d6c81e276d10e10a98090a4a4be027fee83eb2d7c30
49734,5,0,5,0,-21.939,other,unlisted_only,49734 49769 49794 49881 50318,fb60abec4a2bd5cde85a4a6c5d28b23384680672f38bbdf74715d37d9161ff35
49747,5,0,5,0,-21.939,other,unlisted_only,49747 49805 49882 50111 50350,10917955b6735da74c85df74d88594b7f2530488cf427a0ce0420346bd5f840a
49748,20,0,20,1,-81.746,other,unlisted_only,49748 49754 49778 49804 49860 49893 50003 50036 50069 50071 50215 50230 50238 50293 50336 50374 50406 50429 50450 51536,0b6b32dda0ff8ad68625582c57077bb39080a16adae76b1a143468ab09253ce2
49749,8,0,8,1,-29.092,other,unlisted_only,49749 49759 49807 49836 49857 49891 49926 49980,9eb28f3f5bf590a16d3ce28b3de434e93b6bfc721601e0672ebdc25bb58b4257
49771,5,0,5,2,-9.917,other,unlisted_only,49771 49875 50378 51182 51404,4b58b3fd9054b048d72b069df8241d2fcc86b5598089c405554dbd883b8a21ad
49774,2,0,2,0,-8.776,other,unlisted_only,49774 49792,7940cdde4d713e171849efc6bd89939185be270266c94e92369e3877ad89455a
49785,2,0,2,0,-8.776,other,unlisted_only,49785 49865,b0eb2da2ac3454481e949f895eacf6af53e4632316c73bdc03c7cb9a372e71c3
49787,13,0,13,1,-51.031,other,unlisted_only,49787 49967 50042 50052 50139 50349 50369 50377 50560 50709 50725 51466 53469,1decc28c1b6536de2cfa78deb89bc09495e5805f5a47f943a4e1fcafd0237687
49801,4,0,4,2,-5.53,undetermined,unlisted_only,49801 50085 50477 50510,225e94bd97c031c8247001364ee47f13ffe44b2fb5d4e65a11191524d819ed0b
49810,10,0,10,2,-31.857,other,unlisted_only,49810 50020 50198 50448 51196 51289 51325 51370 51494 51497,68ed0d6120c3f037e1f49f23c9bb9b6181d2e10f2fcb1c45e7b776de3fe0b808
49814,11,0,11,5,-18.212,other,unlisted_only,49814 49821 50225 50308 50309 50367 50389 50401 50424 50739 50746,5cc20f21c8401e416398c79ff4b44a6104e7d5d39a93929e90ddb566c26b93dc
49817,2,0,2,0,-8.776,other,unlisted_only,49817 49850,d08324c419d9c515319e7d20a2cdc8bc545008562bd58d31c57c7ae92c75138f
49829,5,0,5,2,-9.917,other,unlisted_only,49829 51118 51587 54022 54056,e8cc04bfd3d0293e74fb8dfd53cbe6e135512c05ba308eb8700d34434c9176ca
49842,5,0,5,1,-15.928,other,unlisted_only,49842 49843 50031 50034 50035,10821d3b0e9318a764778604aca1dff414430d318dacf2a20e5ba0297f234dd1
49886,2,0,2,0,-8.776,other,unlisted_only,49886 49953,db32ad272e94f833a32f4e7853268f282db4b275959fdd43833820f529536022
49890,19,0,19,6,-47.304,other,unlisted_only,49890 50064 50103 50108 50109 50511 51001 51425 51577 51711 52136 52169 52212 52213 53013 53806 54005 54215 54242,315d2a9f6d86467b02101bf39d16ab8ced8d3d9a0af3128b95b14e8afd9de811
49892,3,0,3,0,-13.164,other,unlisted_only,49892 50040 50180,49cfb6ca93bac54af925c780a7d19807334f5cd22ad844b9880911b90d78570b
49894,5,0,5,1,-15.928,other,unlisted_only,49894 49900 49906 50046 50076,48096dbcd659143abb7803da83332b5cb29f5da46af8eccc71a9414b560ef1ef
49895,4,0,4,1,-11.541,other,unlisted_only,49895 49907 49933 49944,0a919f926eef187d63282af5cdddf9f7adbd619a4f1c22f16598897a791c741c
49902,3,0,3,1,-7.153,other,unlisted_only,49902 49950 50222,668673bc0332e320fa6678e2880002b094636338b76dd1ded6be57512c367f90
49910,6,0,6,2,-14.305,other,unlisted_only,49910 50940 51491 51642 51960 54526,9d01547972f599f46aa607f52713d326cc05bfb2e86b4e4d0d875896501051ce
49922,8,0,8,2,-23.081,other,unlisted_only,49922 50116 50375 50400 50897 51389 51463 51774,252316d754d35233b497bbe8b5d8d14178f820f95fc0fc87e1694a4cbb004d49
49938,2,0,2,0,-8.776,other,unlisted_only,49938 49951,140efd6a72a1c48d15b09418ee73115a95e6805a59bbad796cc6b56b3b8c8945
49942,2,0,2,0,-8.776,other,unlisted_only,49942 50767,018b49cb303265b4ea0adc0926595ce480a0a1393fbd6736ad0ae26225ba0d8d
49970,9,0,9,3,-21.458,other,unlisted_only,49970 49982 49988 50019 50021 50063 50073 50079 50086,c6c29fff87304715960be6c25e8d5d5f27fb9be7d0e22cb0b4eb7e36f7fbf07b
49971,2,0,2,1,-2.765,undetermined,unlisted_only,49971 49989,c995b6039f836f39222020cf0b387227e3358074f4e62cac853d718576060bea
49975,4,0,4,1,-11.541,other,unlisted_only,49975 50026 50065 50098,8d0e7300fbb85cbe39afaa6997cdd938989abcc59ae7d1aa782d68810f7d0b21
49981,26,0,26,4,-90.041,other,unlisted_only,49981 50527 50693 50729 50840 50870 50921 50939 51068 51166 51238 51456 51529 51555 52023 52080 52323 52454 52883 53204 53261 54103 54383 54429 54492 54569,1690a64f4e0dc53f8b6623e5ac83acc05a2111a2bda473ce3e9d3523d6a0049f
49990,21,0,21,2,-80.123,other,unlisted_only,49990 50006 50028 50165 50666 51416 51773 51842 51851 52026 52207 52477 52946 53289 53296 53713 53805 53811 54239 54312 54364,c98546d415d502e4f9d9d3df3e6a9e3f5183ba5cd6416539e052749ec35dc2fc
49992,4,0,4,0,-17.551,other,unlisted_only,49992 50754 50832 50965,3cb6c094a94f51038201a13e899cb4f36ccfefafd73844a020d909d197a080f3
50024,6,0,6,0,-26.327,other,unlisted_only,50024 50199 51579 51618 51649 51662,cc19d550c6722bceb624a2759d48a46883e3c15fb90207e81d19f985a27bdba1
50039,4,0,4,2,-5.53,undetermined,unlisted_only,50039 50082 50171 50174,59d4b2fba53edc6ff723dbdd3fc9e25c0c206c49edaca7326fa030ed12c2da94
50060,4,0,4,2,-5.53,undetermined,unlisted_only,50060 50613 50661 50861,a68681da53d2ce85bb386c10c0d0f88ffb29da2c351ef1cbb6a4ff255d374e35
50087,13,0,13,0,-57.042,other,unlisted_only,50087 50205 50306 50466 50631 50643 50710 50938 52014 52235 52429 54166 54503,c367fa001c65563b09b20c15a567fd95da6ef62b4fa936d573d1df3e21fdedc2
50088,2,0,2,0,-8.776,other,unlisted_only,50088 50128,9393d807b7aecedd22efe374a9d7da879251ba5185591fdacfe6823975313b5b
50130,2,0,2,0,-8.776,other,unlisted_only,50130 50249,098f5328b5f443045043bed74ea5ded17e79781decba55ac76e9b1c928ac9e34
50141,3,0,3,0,-13.164,other,unlisted_only,50141 50809 50990,2151cae15f4edf764d90939ee6d72dc5105549cfd196f91820ee7c9afd7dee86
50146,4,0,4,2,-5.53,undetermined,unlisted_only,50146 50175 50291 50312,a51afbd4d089496660f58e0a441cee1ee3617835ef6abcedbcbdbe85185e184f
50155,10,0,10,2,-31.857,other,unlisted_only,50155 50224 50418 50887 51194 51220 51760 52400 52794 53108,12eaf286fe495b921e391df595aea826be10c14984be38cb9fb27fc79dceef10
50157,2,0,2,1,-2.765,undetermined,unlisted_only,50157 50681,1109649defae653c110ffa8c0155b152fb1ba9fefa71115a4e3f643f139469ae
50164,4,0,4,0,-17.551,other,unlisted_only,50164 50340 53899 54380,a73e2f7b80ccbf44960364beaca061c07bfd75cfe470388e17acc692ad5c9d1f
50170,10,0,10,2,-31.857,other,unlisted_only,50170 50299 50556 52393 53458 54071 54226 54446 54516 54589,77036fa2ac75212be1ce93e8e1008d5cb2bcbb51aa560a5fe29c9c1423bbd00e
50177,16,0,16,4,-46.162,other,unlisted_only,50177 50227 50630 51126 51149 51175 51340 51375 51533 51646 52696 53149 53483 53723 53751 53818,40fb1eecfd616c6a47ec8c0c2045662f51bc43ccf6a4c1951af0fba70709e09a
50187,2,0,2,1,-2.765,undetermined,unlisted_only,50187 50201,5acc375ae9be8090befb3bb8d9cfea034f93f34a839f792f024c8feeaab424a1
50195,3,0,3,0,-13.164,other,unlisted_only,50195 50243 50250,f679502baa376c110ef9981413bfb2157102588d02357950e3179265944e73b3
50216,6,0,6,0,-26.327,other,unlisted_only,50216 50233 50242 50261 50262 50443,c9c7c03b3f0126c2750065e5f2aefe2c757f6b156fd9f46830b916ba0e945cb6
50239,3,0,3,0,-13.164,other,unlisted_only,50239 50252 50278,1b41cdf25e2a274c19d0f6abd03ecac0e6ed4dc8340a5555f970a934af4f3fc3
50254,4,0,4,0,-17.551,other,unlisted_only,50254 50478 50514 50590,558686f320623d674dc8d6dd0c571ab1e6025d37fe0b002ce4b0d90dccd22ef1
50256,3,0,3,0,-13.164,other,unlisted_only,50256 50322 50337,8a604773a673a3b756a135b2563e90498a1ac1fe069656a71ba7ba0c326e8452
50263,17,0,17,4,-50.55,other,unlisted_only,50263 50348 50625 51474 51546 51598 51733 51941 52000 52177 52295 53094 53681 54231 54480 54566 54616,01ef9f82e5f56b7ab19fc92b934f7ff214909832b7aaab9a2196b5910dd86785
50285,2,0,2,0,-8.776,other,unlisted_only,50285 50484,fd23258c13719af233c08941995c316a717ad78d2a4d7616dbeca2a88cf2c029
50324,17,0,17,4,-50.55,other,unlisted_only,50324 50411 50461 50536 50541 50690 50697 50707 50919 50922 51029 51169 51189 51284 51393 51402 51623,cdf43302c72e038211cc99fcee8c8e44eb9a1d102e9cc37d8a985d13d0f1d07f
50330,2,0,2,1,-2.765,undetermined,unlisted_only,50330 50366,4207c4b7e3d8f8e298ce6683f2c566e455226df57d9ad090b6ebdbe963a78be2
50333,3,0,3,0,-13.164,other,unlisted_only,50333 50347 50396,628693b2c0290ab2531384f2ac665fea3a56c66bed7f646cf678b4bfe2bc77ee
50339,3,0,3,0,-13.164,other,unlisted_only,50339 50372 50373,9a80fccd2965ec160ca481d8c447982481d495f642dff2d9a3602244d90db6f6
50360,8,0,8,4,-11.059,other,unlisted_only,50360 50390 50408 50414 50446 50660 50689 50721,db4b3fa13e107705bb68071741a62f0fe46bf5d695542dd39b3a5dbeda7abdae
50371,13,0,13,2,-45.02,other,unlisted_only,50371 50384 50456 51447 52015 52170 52355 53043 53375 53388 53587 54421 54557,d52503aad0313449712b56b72896ff071b46a6c7ed93c5971d1fe8eab8363e3e
50388,4,0,4,0,-17.551,other,unlisted_only,50388 50415 50434 50474,6ca14d43e811c45821c1ffe58d2a8ba8f0b95a1fcaf065ffa0ae50e3ebeae567
50399,2,0,2,0,-8.776,other,unlisted_only,50399 50473,0a5dbcb4a1fe2069ec4f611c58a311500e744134073c3d41e2abda6c8d4d3a0b
50417,2,0,2,0,-8.776,other,unlisted_only,50417 50482,b26b0966deb78a5bab6423852544be2daa2d63dd2ff7342b3b3da9326215c58e
50426,2,0,2,2,3.246,undetermined,unlisted_only,50426 50487,72e96e1b2d137e0075c92cb5d910877fbd1b77bc87c369344dcd081d6b806fbd
50439,4,0,4,0,-17.551,other,unlisted_only,50439 51315 51327 51520,56c5bac4d1827ede3acb692f1263c514bfddb35bea42c829e54f9962af8c3293
50451,3,0,3,2,-1.142,undetermined,unlisted_only,50451 50490 50834,e1d3f6b5241044a4100c285fb81536b60467ac2b8bce1276262e507bee3efc91
50454,2,0,2,1,-2.765,undetermined,unlisted_only,50454 50498,22aabc9421ee8e4d4c3a935f12ba73dabccd67438a956a24079b65db05bd6789
50476,6,0,6,2,-14.305,other,unlisted_only,50476 50667 50881 51069 51741 53061,7a00744df0f877d5dc7e9eea630d146ea66b51086fdfec62af707fa9f93051d7
50492,4,0,4,1,-11.541,other,unlisted_only,50492 52637 52772 53082,fe1d48407b4035fd834d0cb8971a248b9b6c01145a3df7428c06187cd48f38c1
50494,3,0,3,1,-7.153,other,unlisted_only,50494 50604 50731,01b600bd1f31271316b982d97624a7ff504e4ce2ec917eb19f7d4cc03506741c
50495,6,0,6,0,-26.327,other,unlisted_only,50495 50902 50909 51012 51062 51193,578a49b922e6bdc28b27d94a03361d47cd204a8865777ea63db674e7611672ca
50521,3,0,3,1,-7.153,other,unlisted_only,50521 50524 50569,1f611c7fe54130a525a81d9fed48e42d6faaac4652996187fa2f03c630569db0
50530,2,0,2,1,-2.765,undetermined,unlisted_only,50530 50886,b1210ba8907757c4e0d034be4e63d146e87db04567e9d5ffe9e14300d75f7cf2
50534,17,0,17,2,-62.572,other,unlisted_only,50534 50669 50781 50799 51496 51512 51629 52442 52496 52657 52856 52865 53024 53347 53351 53352 53370,feceb877165be73a587d7d56fa4fa3e9e0c07695792491767d74ee730280f890
50552,7,0,7,1,-24.704,other,unlisted_only,50552 50583 50584 50640 50850 50869 50894,082c12e5e7b2ab590bc644186155c89354e52d27c6fe73e8c3b21625d50e35fc
50566,3,0,3,1,-7.153,other,unlisted_only,50566 50574 50620,fed2caeb0515c003554b02f218934c64ef2bfa5b6a5c8a97627858079939c39e
50570,4,0,4,0,-17.551,other,unlisted_only,50570 50626 50760 50973,381bdf7627d6453b52d08bd9e339b538d7b3648eca3e5a83bc20c6601bce1aa6
50582,5,0,5,0,-21.939,other,unlisted_only,50582 50589 50602 50621 50639,e168c4f8c84a2640cc8db5f0231e99bd73bd4ea88899aed5ccc96469b548a367
50585,11,0,11,3,-30.234,other,unlisted_only,50585 51042 51261 52539 52584 52681 52801 52932 52934 53038 53193,653c2e7081301502be87583af2e28a4e209c10c66e66cb346977c4b4416173f0
50587,2,0,2,0,-8.776,other,unlisted_only,50587 50694,5b814a1975904429606b0bc4922139fc00d763b6f283a8e3c52fb7434072cc80
50619,2,0,2,1,-2.765,undetermined,unlisted_only,50619 50638,554319e513999d47dcbade3b12b17af3b4b82f967238331babaec667ff829bf4
50633,3,0,3,0,-13.164,other,unlisted_only,50633 50733 51690,e11b803c3f529473006797868838ce607609f985082438b4f7a31ab9878117a5
50648,3,0,3,0,-13.164,other,unlisted_only,50648 53497 53535,f9e9df90ddd363a9e2fb7f716e868b14b9c93c631155f9ad14d8828acb4d9602
50659,5,0,5,2,-9.917,other,unlisted_only,50659 51192 51294 51945 53138,fbb3ff71b442ac76b1a320ce94f6c2ec9c36e08cdc4e23a16672ef9f7fc83ed1
50676,3,0,3,0,-13.164,other,unlisted_only,50676 51066 54617,2a0aa71f14863edeb2001d76b3609daa4fa602b71663e460b26c83242a477c27
50679,18,0,18,2,-66.96,other,unlisted_only,50679 50801 50903 50966 50976 51020 51119 51143 51160 51356 51432 51886 52443 52620 52630 52645 52730 52819,2234f859094d4e3074c1acabd31da75d8a87624699f9396dbb7650e647d63d2e
50682,3,0,3,0,-13.164,other,unlisted_only,50682 51811 52238,474c7bb504cae38f950485dbd200e57824dc463511afa649838aeb16f0d50a20
50684,2,0,2,0,-8.776,other,unlisted_only,50684 50688,6bc1aaebdeddca6ef7520ceea1187acab2dfc8a220344e391e1ee2896593c08c
50708,2,0,2,1,-2.765,undetermined,unlisted_only,50708 51499,d42442808a8ca65c107d45b541ba1a68d2320b821733a133c54ed61ae776877a
50715,7,0,7,1,-24.704,other,unlisted_only,50715 50727 50907 52444 52456 54541 54607,03374618db8fc7d3b5ac50016edfb0b5d3a4f02846bc6dcc55383c480840f1fe
50736,2,0,2,0,-8.776,other,unlisted_only,50736 51597,c58a035877689fb50135b80f9950af344a0243f732211e8c0327c8d576f6fb4b
50743,20,0,20,3,-69.724,other,unlisted_only,50743 50785 50826 52088 52157 52263 52273 52417 52672 52686 52688 52771 52890 53142 53291 54272 54475 54535 54551 54572,09848fa8199ef5495b85d7f939ef9fd038a6dbe62be2acf017399b8c9816c2f6
50748,6,0,6,3,-8.294,other,unlisted_only,50748 50756 50759 50806 50813 50844,1267dd1114115f71cb4d4d9ff51fc71be4ef607341be54e964364ff26dd388f7
50758,32,0,32,5,-110.357,other,unlisted_only,50758 50823 50864 50885 50916 50931 50979 51116 51227 51339 51429 51448 51838 52200 52387 52624 52634 52654 52669 52962 53078 53121 53247 53343 53537 53689 53796 53946 54079 54193 54237 54251,bde103b382cfc91bc5f8413e847969b177b741558c2334e29da29717ba7a867c
50768,2,0,2,1,-2.765,undetermined,unlisted_only,50768 50777,a50a72580e82e91c9eb3340a36ef07e9c84ffdeeaa9d2e0a54758689269e3577
50778,28,0,28,5,-92.805,other,unlisted_only,50778 50782 50789 51537 51627 52078 52106 52137 52144 52183 52198 52288 52291 52372 52404 52413 52479 52490 52503 52506 52579 52606 52739 52787 52911 53271 53277 53361,91f6b941483a024b96af036a6b39ce10474a814a10cb2224fb44a618ce26cd7d
50787,3,0,3,0,-13.164,other,unlisted_only,50787 50818 50848,f2e83235b8f466c5044ba1f6a0cc63d110cf292db22d299f9b3a898d9fe326fe
50793,2,0,2,0,-8.776,other,unlisted_only,50793 51780,cba67b861dfb10dd1017346b590fef917c3eb949080321c298c71c22ee888a93
50795,2,0,2,0,-8.776,other,unlisted_only,50795 50968,8584dab00839deabad02d5b4256eb323c3af77cc99bd07f29746c8564c363c4b
50796,3,0,3,1,-7.153,other,unlisted_only,50796 50825 50838,10635f7a08beb3cd6bf0872281258765902db7deb480debfc4a228f8e04687ab
50805,7,0,7,0,-30.715,other,unlisted_only,50805 50884 50933 50949 50957 50974 51081,1631717c8d57ef30d05f0a283d17ea1a41a2c004b4b85db11d47d099cc3596c3
50811,3,0,3,1,-7.153,other,unlisted_only,50811 50860 50983,ba8b33973fd3cc3378539e6d1fb1bd49fc8aa7d8c8a510294883b7c66c7538ca
50837,2,0,2,0,-8.776,other,unlisted_only,50837 50868,be48c45610397d56ee3eea812cd9be6884544fefc50181120506ab6d88c0a25d
50841,2,0,2,1,-2.765,undetermined,unlisted_only,50841 52601,f56d285001230a1bd3b5f49fc8926568ff66dd52c44d52f470d199cb434a5f28
50846,5,0,5,1,-15.928,other,unlisted_only,50846 51328 52897 53964 54297,4e92c6985b7ca1282c80d181d66c08d3e1057c2e8f4189bae875c9e386dca5c3
50853,2,0,2,1,-2.765,undetermined,unlisted_only,50853 51669,31df9cde457006f1565d367934572a7633db759cb148870c26b447cf3e7cd0db
50862,2,0,2,1,-2.765,undetermined,unlisted_only,50862 50946,c26e6f5707be1720cdf3023127072b4943f6b67f8520ab840b9266f1586119cc
50889,2,0,2,1,-2.765,undetermined,unlisted_only,50889 51070,6ddd6853d34d1954703c205d18abdcf2830e5a967cc168169fa474165f8afcb4
50905,2,0,2,1,-2.765,undetermined,unlisted_only,50905 51436,e60a345ddf8015122a17e8a403b4c3a52b0c904d527d5d5c501f1c0e144201e7
50963,3,0,3,0,-13.164,other,unlisted_only,50963 50967 51017,4d442813c8d283149b08f82a28ccfabf6344556a35d7ce030b795e42e2551d99
50964,8,0,8,1,-29.092,other,unlisted_only,50964 50985 50994 50995 51016 51025 51090 51105,80e8776c848ae4297c7f848dfaeab9268be001643fccffeeae163d6469b7ca1e
50980,4,0,4,0,-17.551,other,unlisted_only,50980 51310 54179 54400,6fa4e0f30b5fdf74080be5e982e23596134467cb8aa82fa152391fb52035a2b1
50991,4,0,4,0,-17.551,other,unlisted_only,50991 51802 52312 52340,23dfb365970ac0f7052500181d1280cf4071a4fbddb544b09e4e126354f4b6fb
50993,6,0,6,2,-14.305,other,unlisted_only,50993 51072 51075 51109 51254 51348,7d3d5a60607e7ff2db2bfdf35dda189c9bf6125c818d71a9bd10bde0831118ec
51014,4,0,4,2,-5.53,undetermined,unlisted_only,51014 54288 54350 54488,89a9c7e83781b0ffa6beb99e399bb1c79e6ca78e444c0221d6c73a3024374d45
51019,3,0,3,0,-13.164,other,unlisted_only,51019 51022 51071,7afc55223d5ba1e566685bae4b8c33f253a36ddbac6618f31c0cab7bc856fdcf
51027,11,0,11,4,-24.223,other,unlisted_only,51027 51111 51162 51421 51557 51561 51594 51779 51784 51832 51833,479f26df6c16a938239de09b8d09a793e8bb62e3eecdd5d65ce0829f4d182a4c
51043,2,0,2,0,-8.776,other,unlisted_only,51043 51979,5ae4d555325f02a92b22d8fb7405eeb93b240fc1220cda2859686f426da0e1d6
51065,2,0,2,0,-8.776,other,unlisted_only,51065 51067,c87b122071cbc259c7e407172d727b4b9543901c1c2ed30f526abb2b8ec2b75e
51082,8,0,8,1,-29.092,other,unlisted_only,51082 51363 52329 52409 52756 52922 53393 53714,a1ba17a0adf90ee0b1bcb0e819c570db021794576d6d3053b66e7bb9ff4e2836
51085,4,0,4,0,-17.551,other,unlisted_only,51085 51167 53358 54118,7aaa37a2775a1bc61841248ec559a210d18717cb2cd12899e40606b6c88e13c1
51095,2,0,2,0,-8.776,other,unlisted_only,51095 51124,7263f2a2b98997e5f68e2d485b497bbf50457f7ef3b8c8cbd817eb3816c98e93
51096,2,0,2,1,-2.765,undetermined,unlisted_only,51096 53739,49aa75a3b53e3e4a056c2156e58d8fda842642bfe790faed1e8d5f2f7c2539ea
51113,4,0,4,0,-17.551,other,unlisted_only,51113 53018 53028 53649,9924dc0942db79e809a7e22501f2cbd29369e2e0f9e98d4cf417eb2a9f72a063
51187,7,0,7,1,-24.704,other,unlisted_only,51187 51232 51244 51270 51280 51301 51318,a64f39557bac30f53adc98a3985aa0c678f566581863d26050e12dee5170b2b7
51191,3,0,3,0,-13.164,other,unlisted_only,51191 51224 51246,66ac8778b66142c67bcf33864691f4922b878bc98cd926243c1368407c2079d5
51198,25,0,25,7,-67.62,other,unlisted_only,51198 51221 51299 51305 51316 51330 51351 51399 51407 51413 51441 51455 51457 51514 51615 51632 51633 51657 51661 51697 51717 51723 51776 51777 51803,710dcd53a46b1ed15526bb6f89e25d50b0fcbaad8c3b953e7ecf87d7fe5614d1
51229,5,0,5,3,-3.906,undetermined,unlisted_only,51229 51473 51591 51708 51930,4b97d39dc87c66d74f3e94f53d77519f361da921b077e2e4ee96482a88b0398a
51243,2,0,2,1,-2.765,undetermined,unlisted_only,51243 51371,cfb45845bc3babb9c8a1327d0c403916237994723488f639390d4e1f714b9805
51247,17,0,17,6,-38.528,other,unlisted_only,51247 53139 53274 53467 53573 53619 53722 53728 53813 54023 54201 54207 54388 54402 54406 54511 54531,4ddd1890855bdc2cdeccc49df875bb2d56fc710b08e4f92c57606fb63b6e3020
51276,9,0,9,0,-39.491,other,unlisted_only,51276 51367 51465 51493 51680 51725 51756 51822 51966,f200fb67a69672d610e8db83b767d00de9a0a68e3597406b3071681fc2c76f89
51281,10,0,10,1,-37.868,other,unlisted_only,51281 51442 51530 51612 51707 51908 52149 52824 52978 53047,2adc84a8ec2d251c4c4db5048daa2c187c4850e7fd0df282bc9cc46b19a1fd89
51320,11,0,11,3,-30.234,other,unlisted_only,51320 51335 51818 52007 52410 53516 53702 53881 54381 54415 54435,922631cd4cf87c368d3bbf41a72c131b8bbb342db87bdd10f38ea645ef36f46c
51337,5,0,5,1,-15.928,other,unlisted_only,51337 51411 51472 51525 51564,32bae0cdf7a9c9a1a859b034713a67733029d42d89f738b3c59d92b4a40b8c41
51357,4,0,4,0,-17.551,other,unlisted_only,51357 51666 52236 53962,69618f820c1afbb919ac3a05e6fa6764da68382e2f29c5cb8ba5480d9eb64ecd
51364,4,0,4,1,-11.541,other,unlisted_only,51364 51382 51424 51572,6e3179b9f292b6385663f587ae22354e1885ef43081b80f6900c1eea49813154
51410,2,0,2,0,-8.776,other,unlisted_only,51410 51488,f91e33161a0da5559dd69cbca9d33715f4259bbf9e289ae3d36d43240bcf46e4
51415,8,0,8,1,-29.092,other,unlisted_only,51415 51656 51958 51968 52218 52639 52900 54499,09cf8b6e76e62963323839f66bbbff87b81737498b6a668e7e0a71862380ea46
51420,2,0,2,1,-2.765,undetermined,unlisted_only,51420 51605,52007500cff9358480c27a315743cf73faecd3d6695b750205fc230b08f4b8b5
51443,3,0,3,0,-13.164,other,unlisted_only,51443 51571 52186,13449d8a5752a8fc66367314ad23e85aa5f23184c8d5e99dc008ccd93eedb463
51453,2,0,2,0,-8.776,other,unlisted_only,51453 51458,7cdd55f793ab5bf339a5120cdf6931f5421454a6aec71fb8e5666dadeb920670
51459,3,0,3,0,-13.164,other,unlisted_only,51459 54279 54410,922f251dc3e72818599431eb997900d619d2591cbc34d328904b0a5839fcf203
51471,2,0,2,1,-2.765,undetermined,unlisted_only,51471 51477,f92a11fd1a8d7cc809a67fee1544fb23d99b7c2de49d5f3e92bd7f62c8fb9198
51502,5,0,5,1,-15.928,other,unlisted_only,51502 51790 51796 52344 52893,1df98259003f26d35936e1ee66686d753a110cc816ebd93fafe1d4067d4ac486
51604,3,0,3,1,-7.153,other,unlisted_only,51604 53338 53698,83d100a3e7aae6357401f147b2b377b397f10a13aa401cea155889e0843470bb
51606,5,0,5,0,-21.939,other,unlisted_only,51606 51743 51748 51794 51856,0bc95130f019bfe18661db459c667b38f369aa8b05336bdcfd4eef4c64d901f5
51613,4,0,4,2,-5.53,undetermined,unlisted_only,51613 51910 52430 53382,8d41a2590899ba287052422ed69f98c94baf3ee2af2ddd10a60d058665abaaa6
51620,7,0,7,0,-30.715,other,unlisted_only,51620 51683 51692 51695 51705 51719 51729,26f72b9bd40412ee25af83058d13396ad67d15958bb2a95883e356f66a9ccbf2
51688,8,0,8,1,-29.092,other,unlisted_only,51688 51751 51789 51976 51991 52009 52037 52043,803419bf740f26b5e58b3fe1b0f358d388fc7d958695309fa8967a7540e9a3ac
51714,2,0,2,1,-2.765,undetermined,unlisted_only,51714 51916,90d25edff5295631b7ce59a0a64486fa816ee75be9f1f207889db92b9815903f
51721,3,0,3,0,-13.164,other,unlisted_only,51721 51913 51986,005efb605eb82cf11e5f151938ea2337912aa56c046c25d0c39b1c72a9dc2d10
51736,2,0,2,2,3.246,undetermined,unlisted_only,51736 52307,0aa73f5497cc6d3eec5c972e6b6130b478e5e2f5749ae6c7753a007ed31e4b1f
51755,5,0,5,1,-15.928,other,unlisted_only,51755 51762 51798 51799 51815,3fb05f2799d96af80af92ef86dd14a3a56e6ed973942eaad0d2472e80246f5f6
51758,3,0,3,0,-13.164,other,unlisted_only,51758 51767 51905,1ffc2c72b97f5898e27ee5f2827b83d8c0a056bf3ff665affdcf0f0d38fc0826
51782,2,0,2,0,-8.776,other,unlisted_only,51782 52682,9519c12cfcb6a03d8c8ce7c906d9321e82af5f59e1d8eef30b8c3c7404990723
51785,8,0,8,2,-23.081,other,unlisted_only,51785 52003 52133 52182 52583 52786 53106 53432,e89d0c9845db91211b4be42f3d8aacf5222961d7712643730580b5267ef1c438
51825,7,0,7,0,-30.715,other,unlisted_only,51825 51993 52024 52033 52071 52081 52209,03a52f35293c8f36041d936da73ee7b3a90a03a5e4f030b13498f1da9d0bdcd8
51829,2,0,2,1,-2.765,undetermined,unlisted_only,51829 52092,938954c705bc8337f927713e685a24c83b6f4424a2eb708e2c09c1583d8b86c5
51840,3,0,3,1,-7.153,other,unlisted_only,51840 52180 52704,97b11b7bb1946d0d388c2f5cf8500522e0760f104f2da7be969c1c3286176507
51841,3,0,3,2,-1.142,undetermined,unlisted_only,51841 51867 51880,09bee25585c31fb83416a14292b4bc3aba5328fcb189ef43e3a64532bd56bda7
51878,2,0,2,0,-8.776,other,unlisted_only,51878 51926,6e5d35549c3fd80fe6308488c4fcb45de20ef8afeffd2da458caa3e83e95ca7d
51879,2,0,2,0,-8.776,other,unlisted_only,51879 51962,fcca0e126c359253aea3cfd04c18ee458b1833204f513bc09d4e4d9ab98597e8
51896,5,0,5,1,-15.928,other,unlisted_only,51896 52143 52187 52658 52667,105c4d6182bf367b5fcbc777a6bc6e86e35987b32a1978362050f6eda5fd963f
51919,3,0,3,1,-7.153,other,unlisted_only,51919 52020 52025,b338535600e2752f03e18ab318da783a6549544303ba84f3da1849a4bd7ba800
51947,2,0,2,0,-8.776,other,unlisted_only,51947 51985,9de8f74c1f02956de73dae85beb06b625ce35821363271ec7e4fe7e545ab3914
51948,4,0,4,0,-17.551,other,unlisted_only,51948 53010 53820 54418,5386fe96f4bd8bb449dc9d165c25b3dc2354516bc774478d9bf3c46c7ae929a3
51949,3,0,3,1,-7.153,other,unlisted_only,51949 51974 51975,cbee254c4c5842faa5b64913cb96706885d135392534fc2db6314de4a797544a
51956,10,0,10,3,-25.846,other,unlisted_only,51956 51996 52040 52098 52156 52173 52229 52314 52347 52469,acfc6844fff1bb6bb663b42d7196e8a92c71be0f667b80a19625cc46ff449986
51961,20,0,20,6,-51.692,other,unlisted_only,51961 52798 52879 52974 53044 53055 53059 53062 53144 53165 53195 53359 53429 53563 53592 53598 53613 53614 53683 53746,1c3d9d3f63937332cc42d1701fa7e42b23c532da96a8e16cb5eaf2f16c36ed1d
51969,6,0,6,0,-26.327,other,unlisted_only,51969 51994 52121 52208 52244 52733,d6d9febe0f10feb8af93322ebfae4d4e02047a2236c35f8954ac1d60a2515da3
52010,21,0,21,6,-56.079,other,unlisted_only,52010 52099 52211 52321 52328 52348 52378 52415 52455 52692 52793 52886 53037 53196 53251 53305 53313 53502 53691 53939 54180,6bb2656205b0c3e2a297790943869989c58c56c2cb2c6c4f498d28ca698a5031
52045,10,0,10,2,-31.857,other,unlisted_only,52045 52130 52250 52519 52572 52602 52618 52629 52640 52743,a37e9e90bf8778b331558984ba52a96da3b5c5038e26440fb654a4e2ce795525
52046,2,0,2,2,3.246,undetermined,unlisted_only,52046 52047,5754b793f19de249ade7d6629b0e5571dc9bd92ad5d5bb1781f111039f75dcb0
52053,3,0,3,2,-1.142,undetermined,unlisted_only,52053 52146 52223,a4e6621b52ce6022e78cd60ef9bae1e98ef7286eb97061725e368a697ae2abd3
52057,7,0,7,4,-6.671,undetermined,unlisted_only,52057 52120 52215 52327 52817 52919 53228,89b5f57a01326510176b2da5ca0398bc8450b15459d0a385c6f0c92651f2a16f
52060,3,0,3,0,-13.164,other,unlisted_only,52060 52085 52093,8d0920929269aa320e2fae4d9597f9cb09be402894846a7c935b1ab25fd0f51d
52072,10,0,10,4,-19.835,other,unlisted_only,52072 52522 52663 53026 53097 53360 53562 53596 53612 53736,17f62929b6ff6887899d8c8266bfc10ad9a1b4561147434de27904f91147ae25
52090,2,0,2,1,-2.765,undetermined,unlisted_only,52090 52097,6dcd1eeb6239227b106633309a1e0c920ad2c15521311b46ad31b5d70fcd8e8c
52095,16,0,16,3,-52.173,other,unlisted_only,52095 52201 52261 52304 52398 52472 53012 53107 53446 53500 54021 54148 54161 54300 54340 54401,0b1f0fee9ac088422531af0cf18f9b24024f783ff5426a6b683c2d5082fce652
52101,6,0,6,1,-20.316,other,unlisted_only,52101 52164 52358 52487 53690 53808,4f894bda4786793ecd5d465540edaae81d0f6d587449c44962c8899e02e725a7
52114,14,0,14,7,-19.353,other,unlisted_only,52114 52421 52438 52501 52916 53491 53595 53620 53720 53789 53921 54081 54247 54258,6493f2448964e5291c024b6e746d98ec9f8d1d65d4c5c256279de8bf7860a71c
52115,3,0,3,1,-7.153,other,unlisted_only,52115 52116 52124,f1471b9274a03a3d01d49d07234c2b09c2a978a0d967eebd86e52b9ccf4f2fc2
52119,3,0,3,0,-13.164,other,unlisted_only,52119 52147 52205,ba93e193c270031da6e97294d6e0cc59faab8b448880bf2f9c57cb4eea901523
52128,3,0,3,0,-13.164,other,unlisted_only,52128 52131 53777,569193556af0e29d42fe2cad654bbb9763c53c8e6437be3c7d7b130e8d72b24c
52129,25,0,25,3,-91.664,other,unlisted_only,52129 52300 52302 52525 52665 52713 52714 52735 52869 52895 52943 53053 53175 53344 53354 53439 53454 53455 53493 53772 53936 53991 54040 54116 54187,37e1e112f55ee6eb903cba7fb0c67da743f34efaa1a623fc0adc4ecad4236fb2
52172,3,0,3,0,-13.164,other,unlisted_only,52172 52179 52181,22751f9c451f2c95d5ee2154b91dec7ba591688d1be1b5401f44ff570ec1c3b8
52178,2,0,2,0,-8.776,other,unlisted_only,52178 52191,6c882747be6e0a938440934be14206bf497d07000a9effedeb677f6d5799677f
52214,2,0,2,1,-2.765,undetermined,unlisted_only,52214 52416,0f8f5c883b89f9e79ee0f801fa562424532f48516aafdd961b447f56b2c4f53c
52225,4,0,4,0,-17.551,other,unlisted_only,52225 52528 52574 52768,76b5b6ed3f6e3f300d75e797f729e278332cb665fbd0eac60ec737e7e4ee03e0
52226,6,0,6,1,-20.316,other,unlisted_only,52226 52239 52240 52264 52281 52318,05654278e9163630a89e9ce8294250bec6093db4cbf40ef94b735951c822af69
52248,2,0,2,1,-2.765,undetermined,unlisted_only,52248 52253,5fb62affb7b59fa9a3508de47a5d484e5832122833d50ea4e08f170762a4e1fa
52257,8,0,8,1,-29.092,other,unlisted_only,52257 52478 52492 52512 52899 53568 53590 54318,dd8d96ef3c2c49251f2a57b7ec5d6bdc14351cd914cdfb5245f51f30b5f6343f
52266,2,0,2,1,-2.765,undetermined,unlisted_only,52266 52268,1e5c10393835a52c705db07858798c6f2089c3567c40f35b382220cefc846b42
52282,2,0,2,0,-8.776,other,unlisted_only,52282 52320,625c1935cf18c8d50d6b742bdb0237237529d740830a980a8a139a53f152ec43
52286,2,0,2,0,-8.776,other,unlisted_only,52286 52397,5e740c0b9e1c38924224dc7f8eb6576ed0ba29bd4f7e287f08cb44809eb29498
52287,8,0,8,2,-23.081,other,unlisted_only,52287 52357 52708 52838 52872 52887 52901 52996,e809504d2ddc4aef78cf679850a4f0ace0e89c3c503591d29fb8abdfc6fa0071
52303,5,0,5,2,-9.917,other,unlisted_only,52303 53118 53155 54378 54513,9ed3b96db331f294e4bb6c956c9f9db421bb8a284c989823f76c7e5d0ced8af6
52315,2,0,2,0,-8.776,other,unlisted_only,52315 52402,536f2c01c06dd78bd1353e857891d055cd81a62b580b64395dc8767c8cef6f34
52316,4,0,4,0,-17.551,other,unlisted_only,52316 52335 52376 52411,2f64a2ccc05c3f654357fed31224a1647332727c464715d8c9ef50052b93ea01
52322,3,0,3,1,-7.153,other,unlisted_only,52322 52369 52395,bfde95970e79e46efb7f326909a8c9595ff86460d0ff442505460945be5c1ae3
52326,3,0,3,1,-7.153,other,unlisted_only,52326 53686 54170,bebb8e5f41b247441bc4f4722431e2b516b05865fb67666b70eb0b7cd6a01a1e
52345,2,0,2,0,-8.776,other,unlisted_only,52345 52365,0a91bceb8e6fc6a4fcb6eaadbbd4805d31b863537e5fc1fe8f33e17680a81a99
52359,19,0,19,6,-47.304,other,unlisted_only,52359 52554 52570 52595 52751 52813 52852 52923 52988 53172 53315 53425 53608 53610 53627 53885 53892 54155 54472,872ebe7e061b81f17ab8e01818b74c00ff72319b493581b4c80a4d2cd1ef4a8e
52364,4,0,4,1,-11.541,other,unlisted_only,52364 53123 53672 53708,1587066eb15bbccfc7e845c43cda81e1abd71127627d9a70433c33c4396d0352
52385,3,0,3,1,-7.153,other,unlisted_only,52385 52555 52562,cd3ff4905888855cdf7a00ed3842c201fe7b0f9603181bb828d05c1a6698a776
52386,2,0,2,0,-8.776,other,unlisted_only,52386 52462,e9df80a2e7097fa13811db08b744cd684b32587994a1a4699ad93f4e457c7f7a
52419,2,0,2,0,-8.776,other,unlisted_only,52419 52533,b04c27d651878883aba6f87a9149ba658b6fdb6f6118a42abbd97dc65ebecbd6
52422,2,0,2,0,-8.776,other,unlisted_only,52422 52831,eb8644f1d1448c40bb8d2f59acaf0e1cec55eccbe2d3502b5b2ed5c67b723a8c
52465,2,0,2,0,-8.776,other,unlisted_only,52465 52489,37f966bd70e86cba19b7aacb3247f472d04ff183e57448e2ff293ff2524360db
52475,2,0,2,1,-2.765,undetermined,unlisted_only,52475 52495,2788c4488140db33d5d7379de977e0aca9e6984037e72e3c5ce7af606793ae96
52491,3,0,3,0,-13.164,other,unlisted_only,52491 52586 52589,4be675d80d07e55a3f9d4cfff4ea36d719aa852316923db7bc8f605f5584be0a
52493,2,0,2,0,-8.776,other,unlisted_only,52493 52853,12e0886e34d4538ae5b800b8f4c866ae4625d61910abc5ef314d18381e28b1df
52510,7,0,7,2,-18.693,other,unlisted_only,52510 52653 53143 53583 53724 53967 53970,1fec33f14b2fe1a2c6ff982991cb1cca0039c7357c748f054bc3e2e11ceb9ca2
52518,10,0,10,4,-19.835,other,unlisted_only,52518 52613 52619 52659 52693 52779 52805 52847 52860 52917,07aaed8485606063f7213850ea1484e2256fbc71d98dcd746fd46895ae06c7cd
52530,5,0,5,0,-21.939,other,unlisted_only,52530 52745 53301 53440 53498,f121898f139d15059da21acfe80c238933b4da591144ed348808e635688914a2
52534,17,0,17,7,-32.517,other,unlisted_only,52534 52556 52691 52720 52724 53546 53692 53795 53869 53959 54020 54052 54085 54323 54457 54487 54527,fa78cfc5765189adceee1626fc921866986393b2407905309093057d30fd7868
52557,5,0,5,2,-9.917,other,unlisted_only,52557 53046 53050 53071 53092,7ae9c8fec8452781492a7bc9e6fd385207e914476cbc8a8b7edd4277d8abef0e
52580,4,0,4,1,-11.541,other,unlisted_only,52580 52598 52627 52737,3ed89b3c8e8e942cac51ad581aa9a1d3a244a325c937ca38d77ebe91e78517f0
52587,10,0,10,1,-37.868,other,unlisted_only,52587 52599 52777 53112 53215 53279 53402 53481 53586 54181,353aa38397c6e9a39940dd8bae0bbba9790b637be5856650701134981ab3abe0
52600,7,0,7,1,-24.704,other,unlisted_only,52600 52608 52612 52676 52815 52866 52931,f3b807b156aa09aa683d8dfabd40596424e4f1c3e5e9b4ddd0e909316a27fd47
52622,2,0,2,1,-2.765,undetermined,unlisted_only,52622 52642,e9366dea3f05fcf4bc9558388b19be65f8624b79ca83e8ebfe75a88eea313ff9
52666,2,0,2,1,-2.765,undetermined,unlisted_only,52666 52725,ef76e4192fde013e41ff393150b4758d0b88e5e42ba4dcea719ebbc5c28692a0
52674,4,0,4,1,-11.541,other,unlisted_only,52674 52694 54109 54168,3b0ceef47892da0729a0374773effa00847a700ca5b8f6296c5fba4289ddc6e6
52683,2,0,2,0,-8.776,other,unlisted_only,52683 52697,f0da49672f1467b01282cb2af81586f6908f0a768dd2becdcee10512b30008ce
52685,4,0,4,0,-17.551,other,unlisted_only,52685 52782 52797 52830,798fec309d9b269d8f839ceee48a0c05f114c66b06c321bd46db03063d07f238
52711,2,0,2,0,-8.776,other,unlisted_only,52711 52788,b8e1ba3482a441574d995408d5794091b5f339b93ba3762c7a59f570eecb93a1
52764,2,0,2,0,-8.776,other,unlisted_only,52764 53077,e21d49543eb905ed517020c70ab3b8b9f53e8adcf6dbf8c7b1e7452d3c30ab1f
52789,9,0,9,2,-27.469,other,unlisted_only,52789 53148 53169 53309 53421 53680 53696 54134 54618,9150f5d02a703995a67f416be76828e6063b0a58cdaa52be6b9ba45725528fa5
52814,5,0,5,0,-21.939,other,unlisted_only,52814 52837 52845 52858 52868,11ce94af3f7649de2e42485f8b3f58a9bd8fb7a2b5fe2abd6f5d09581f9c4aa9
52821,2,0,2,0,-8.776,other,unlisted_only,52821 52857,240d37dba216da15bce021e9fc221d47bd339c202dadefea55d7f468cfcb6190
52825,5,0,5,1,-15.928,other,unlisted_only,52825 53322 53395 53911 54355,3ff3d6a3993cfacac25ff404110a90ea2c72d38014c2773739df5014c390369f
52836,2,0,2,0,-8.776,other,unlisted_only,52836 52948,a64c9b7bc0b63a0cff0e2264f17aa22dd380d9f91fa8c6cfc8cf615cc83dc83d
52843,2,0,2,0,-8.776,other,unlisted_only,52843 52851,9f5a487ded4da9708744b0e362f50735f75e77eff4f273c599d311713b27d259
52863,3,0,3,1,-7.153,other,unlisted_only,52863 53412 53788,1ba42fcee6130f249078de7c85fc8c75988cda6b5c65738d850d06aa01e6a18d
52864,6,0,6,1,-20.316,other,unlisted_only,52864 52938 52942 52958 52965 52972,b8cad19fd484ff3f873fa80e2dcf955431548981da06d6519a43c59889a50bf1
52875,2,0,2,1,-2.765,undetermined,unlisted_only,52875 52907,a11170c7cbd3f9cfbf95607f54457d174d312b9eefa7e90dbc4741602d86e97b
52881,21,0,21,5,-62.09,other,unlisted_only,52881 52902 52954 52992 53003 53030 53066 53070 53081 53120 53179 53190 53237 53280 53300 53451 53515 53709 53768 53814 54025,49b3661f472de7662df744d267745bcc09aacce4b0d0cc13150abb31dd166b72
52933,12,0,12,5,-22.6,other,unlisted_only,52933 53025 53306 53336 53379 53394 53494 53524 53526 53567 53618 53669,73496b488e2fccace327a81c6887ca08c3551c42f9adfe3984104390859bd794
52966,3,0,3,0,-13.164,other,unlisted_only,52966 52999 53015,cdee0a7496847837aaee1b97738f24b1d13ea6175900015773bcec2d0a804a20
52981,2,0,2,0,-8.776,other,unlisted_only,52981 52983,af46e6c1e05eb69f331be91a9f38b42a3c1f9b66f9268af9313c68ab6c8fcda2
52985,3,0,3,0,-13.164,other,unlisted_only,52985 53203 53368,a99957fe6b8edf55cf219e14c2804d06771fb016ae6c4c971c47266c44fa51a9
53006,5,0,5,2,-9.917,other,unlisted_only,53006 53367 53793 54299 54518,c9cfd7e0cda60ab0d21d3b7402b141953f48b3bebc9ca7bd32f1caa78c31a3fb
53008,2,0,2,1,-2.765,undetermined,unlisted_only,53008 53052,ca522bd13d642004dc02f874fa92a7d4c8cb97a92ca90b0fdaa78993976e83b6
53031,2,0,2,0,-8.776,other,unlisted_only,53031 53606,0b8b96f6fc5a9a6393f5f9f7036caa78aace83236bde0ff0b741b922da41938a
53079,4,0,4,0,-17.551,other,unlisted_only,53079 53242 53847 53904,407481714e1e36845a27ac1d5221b03b3feb54202fbc715a4e17fe519f45de37
53080,3,0,3,0,-13.164,other,unlisted_only,53080 53141 53346,68fe868393f4f7ea01ba5f182554fb9c5bd81a96271465968f5f8e48edd94e92
53087,2,0,2,1,-2.765,undetermined,unlisted_only,53087 53607,9289aa61851d29f2faab045adc7a845c64c07f030c3665dd7476ee7cfeb81468
53088,6,0,6,1,-20.316,other,unlisted_only,53088 53406 53447 53857 53858 53949,4f87d8973faaea912f1407201dd7de46c53853e156ee5ac497b8bab7956be3e9
53096,3,0,3,1,-7.153,other,unlisted_only,53096 53463 54038,9f4765debdafbe1595dbd31642281044ddc7493464b8887dab25230f94ad7a84
53098,2,0,2,1,-2.765,undetermined,unlisted_only,53098 53131,84dc10420038209e7a1a245d11671a1474336b5522a9d27a96482a751b0b1874
53109,7,0,7,0,-30.715,other,unlisted_only,53109 53189 53221 53284 53311 53323 53326,e9416f8ed5790c63566bddc47b08b1fb6e13668ce554ce3d4ddee0806c492d5f
53135,3,0,3,2,-1.142,undetermined,unlisted_only,53135 53137 53183,867da54b0fd0a9429d30471af3fcf069e069141fcc544583f3103ac3948f2e0d
53158,2,0,2,0,-8.776,other,unlisted_only,53158 54462,af109ad9c2a2c5b8f94c93258e4a8fcf0da4c737a3c73336d7ef8bd17ea6a91d
53170,2,0,2,0,-8.776,other,unlisted_only,53170 53173,52043b7b8bb401fdbacfad5b319ccc2feaa42bcf2ef1cd87a2f39f813d60e1e5
53217,2,0,2,0,-8.776,other,unlisted_only,53217 53254,6a3b723586c301f10e1f5b52045ed33d360b83a8998313d783552da285e1da76
53220,3,0,3,1,-7.153,other,unlisted_only,53220 53232 53685,cf557172f8820f95f3c3028aa2d4ec4e61798e9541a92bc10066f5a587d624d9
53258,2,0,2,0,-8.776,other,unlisted_only,53258 53262,de5788f97d358751213b655d58020f68d727e913bf96efa31b3c93d82a353478
53287,2,0,2,0,-8.776,other,unlisted_only,53287 53385,2528fc8a63403c10c93467d3091651fe338c7b31fb7e2ef37003f2eb1ef15f9f
53310,2,0,2,1,-2.765,undetermined,unlisted_only,53310 53314,3c077a7025908231687b3682fb3690789f877c4d2210ee8070afbb60749f8849
53319,4,0,4,1,-11.541,other,unlisted_only,53319 53353 53373 53392,735c0182b25e45055f3471e0d9e3a4a94dfa524952f2f6d9399e4c8df9077c18
53337,4,0,4,0,-17.551,other,unlisted_only,53337 53391 53414 53448,4a43ebd965df303c065bb4903b0d56afac69ae571a5c4a589a53ab33f376bd2f
53341,3,0,3,1,-7.153,other,unlisted_only,53341 53693 54547,b290eb6b9cfbee101ed4795ead2bb86f8a405902aecbbad130ec13fed121dfb2
53371,2,0,2,0,-8.776,other,unlisted_only,53371 53460,8273f3a0b09cf07ecfc1297de18f9d6942082f2a61f7516c58c6b2d1f52173a6
53417,3,0,3,0,-13.164,other,unlisted_only,53417 53503 53540,3a9a26628b058179edae68ecc4ed614d217dda7410c8a281ea10745c4ebcae3e
53420,2,0,2,0,-8.776,other,unlisted_only,53420 53426,4087e5a4191eb7d49016457855acb3838784da11c76fd3d073786f9c1faf5624
53430,4,0,4,1,-11.541,other,unlisted_only,53430 53925 53942 54444,01df32f30a09afdd4abb4daa7298c534c81d295685d494bcd421d6f823b1f311
53464,3,0,3,1,-7.153,other,unlisted_only,53464 53514 53531,f089f194ca23144c41ca8687a2e8b5f28d477f240167580084471b09ffe7526f
53504,2,0,2,0,-8.776,other,unlisted_only,53504 53510,5fcc5d03401fee99b8b09c15315bf839ab646bc92d3b1a323c5e3acaa20667b9
53508,4,0,4,0,-17.551,other,unlisted_only,53508 53525 53559 53576,96e7c5c8af5f9e1032af8f638b41c33bf5fdc0505852fe0d5f91398c4ea55cec
53582,3,0,3,0,-13.164,other,unlisted_only,53582 53602 53638,0880f537dd81c2d422cf26ebe4b659a781df1f8a17a93e49ca0315b68bd4724d
53584,4,0,4,1,-11.541,other,unlisted_only,53584 53753 53859 53878,f167e25cb76fe9f391e3762211c374e9b7ec8c680de7e9627f68b9fc0d7a85ff
53601,2,0,2,1,-2.765,undetermined,unlisted_only,53601 53679,297a1dcb434d93901dd9ddb677dfe136724b0936299fa36c3b41ba4b7cbeda50
53622,4,0,4,1,-11.541,other,unlisted_only,53622 53626 53642 53656,463dc06dd196d7600f72d822fd55a35e3ec7005c31ed60e8c6c28ab9cf49a952
53629,2,0,2,0,-8.776,other,unlisted_only,53629 53838,29fa3359414a2090d93ec4db049f951a003b0be26426ac806f866e712665a38b
53643,3,0,3,1,-7.153,other,unlisted_only,53643 53658 54369,4ec78c7562dfd6afdefa8d849cff1e94c4fe2f7eea4a545251399dbca9601ca8
53647,2,0,2,2,3.246,undetermined,unlisted_only,53647 53653,281690a3b135ffbb705bcf7b69887016996462da6d4e517b659640fda6b15d53
53650,3,0,3,1,-7.153,other,unlisted_only,53650 53667 53678,f3c947d55836ee4bf8f64f370327ba9bcd6267faa0d5f1c9f911f6befc7f39f0
53652,2,0,2,2,3.246,undetermined,unlisted_only,53652 53677,e7a2a3c03304d34854a65f5f0dab86248f0d5e9e73ccabcb155532b609ffddfd
53664,2,0,2,0,-8.776,other,unlisted_only,53664 54502,fd39d2b223887dc46c7a10a8bbbc5e8fde8278194d7eae49397e74b63dca4be5
53699,6,0,6,1,-20.316,other,unlisted_only,53699 53727 53816 53919 54026 54093,57d6b0390525c97314279497ce8c76bd15333d3da17016fb65dc93d161892cae
53701,2,0,2,1,-2.765,undetermined,unlisted_only,53701 53707,8155cea4c99da2270c27ece4e726a35972661d35cb211dccf5c4ea9e0da034f4
53705,6,0,6,2,-14.305,other,unlisted_only,53705 53846 54058 54417 54424 54466,d0238d976b295a686e921855ad0d75f3b5ca0285a6ccbeeb9ead0adbe480fdac
53717,2,0,2,0,-8.776,other,unlisted_only,53717 53798,9a0e3dbf2031099a5f36761a6a4ee6d4d05309563cb96a5785b932da61c70cb0
53725,2,0,2,0,-8.776,other,unlisted_only,53725 54152,1cab082a3823d50cb60073a14fb21dab233ba00171926c52fc3c0ed42198086a
53735,2,0,2,0,-8.776,other,unlisted_only,53735 53815,22a66d452f67315db6918965b4681b734bc62b8fa1dd42f9156a876b9b186a40
53758,9,0,9,2,-27.469,other,unlisted_only,53758 53787 53819 53827 53837 53870 53943 53944 53977,f98ef153cf9728e111e93a6a6ffd481bc1370a917bfd0311694bb713b29de6dd
53774,2,0,2,0,-8.776,other,unlisted_only,53774 53778,d4ae3ec98f72bf3d8a44f65fec305ff79f2028ceec015bcb92d9db2a7f1d9d93
53794,3,0,3,0,-13.164,other,unlisted_only,53794 54046 54553,491745d93b05675c27e2ee5515ca0b24b699bbdd65955dbd1fb280a18adf9e12
53812,2,0,2,0,-8.776,other,unlisted_only,53812 54007,388cfff1660ca06586200df016e6cb746e25f41f184b29a39791ff4acbce7e17
53853,2,0,2,0,-8.776,other,unlisted_only,53853 53900,89073bd4c248529af839af79213648cdf16dd7d0e1980f8514addc4f13463a67
53854,2,0,2,1,-2.765,undetermined,unlisted_only,53854 53862,164944639077dc4ffedfdb9054de058d9bda90cd544a771e46f378a057732a89
53867,2,0,2,0,-8.776,other,unlisted_only,53867 53926,3745bdadcdd7bc37cd7bfc570445ffbd68e87143b4534fe68c0da2b842937d72
53909,3,0,3,1,-7.153,other,unlisted_only,53909 53966 54500,8307f84619fa56157fe49da0322605db5e5627e0bcdaad24b266ef9ab8627c29
53953,2,0,2,0,-8.776,other,unlisted_only,53953 54389,7141f94d7e1a6a6e3076e2fab55115ac84f9d885a4b5f568507cb532bd932241
53969,2,0,2,0,-8.776,other,unlisted_only,53969 54565,e181b2f7a3d98f9fd2355369213336c2312662f9a82320cfa894f1c7c535ae0c
53972,4,0,4,0,-17.551,other,unlisted_only,53972 53981 54082 54086,d7bc0364f0d80c4613506c0129e610218adf51356a4b55c5194702f1c3b944c3
53973,2,0,2,1,-2.765,undetermined,unlisted_only,53973 53979,15f94a24b39ba0d7ea1d1f7cc435f76dcdf98af90f3a2134769c5061e95c8482
53984,4,0,4,0,-17.551,other,unlisted_only,53984 54129 54136 54143,b503ca67d24cf48c15371f12953452680c38426b422f31e7e51fae1d73c6bde9
53995,2,0,2,0,-8.776,other,unlisted_only,53995 54067,bea1c7207181852b4894ed7ce32b61d4ed0facebd629dc37e42e760f601b64ba
54034,4,0,4,0,-17.551,other,unlisted_only,54034 54110 54177 54305,d8406e5edcd56201b2a37e92a6baca1e0627a706427d531d4121b492993ed78e
54062,2,0,2,0,-8.776,other,unlisted_only,54062 54080,ff60c8ecf2267971ca68f4a51f8bdff252041db40493cdad4c5e1bbbd1a76248
54090,2,0,2,0,-8.776,other,unlisted_only,54090 54108,867d0a81cd1857be9ece95d139d52e366b996220872e207f54849ba6121662b5
54096,3,0,3,0,-13.164,other,unlisted_only,54096 54174 54203,a53c72dcece44befb274fd9a704a8411139846ff8ab37d131a945a1f51c81784
54101,4,0,4,0,-17.551,other,unlisted_only,54101 54102 54140 54142,1046a0fe18f1ef81404510456feec7547d26bd61ce462028d1a51da757bb2a97
54112,2,0,2,1,-2.765,undetermined,unlisted_only,54112 54200,413962271763ea51cbc59440a8ad0d0b833065a67f2e4e5d1e7ed87d76ae50b9
54125,3,0,3,0,-13.164,other,unlisted_only,54125 54190 54218,27ad6ac2a5d8c23db713590568da73a677c10c6eb5826a33925c46c276ad774f
54132,2,0,2,1,-2.765,undetermined,unlisted_only,54132 54269,af1b9db8b1cbf94a71498046d4c7a258178f1d5ae4a8432d1828df9d23ed88d3
54137,3,0,3,1,-7.153,other,unlisted_only,54137 54184 54236,8714529cc43839bf7eddbca5c7b922abefbfa8e77e165910260e17eef7929d81
54141,3,0,3,1,-7.153,other,unlisted_only,54141 54259 54349,6ba1eb4dc8091c754354e86b8a61b86fb197c50bff5898bbddd80b3dae7f4d88
54212,3,0,3,1,-7.153,other,unlisted_only,54212 54270 54302,ff3e4c7422806df80b27450150a88a47e49d35051e50a3eaeb62516339a0ca34
54224,2,0,2,0,-8.776,other,unlisted_only,54224 54408,7f9d17092c2dcfbdcc0d8ae69e20318c3c850e80f6a461061369ce5e3167689b
54230,3,0,3,0,-13.164,other,unlisted_only,54230 54248 54276,6d26f4d7cc466d7988fa677b1a6ebd269b87f61f3f74b65b70936b545ba811c9
54232,2,0,2,1,-2.765,undetermined,unlisted_only,54232 54327,7808a14f97825d3772543e2f6d840f9acbacf8f64c7fb1fc2e1ee9a18b7d2ab7
54250,2,0,2,0,-8.776,other,unlisted_only,54250 54317,1fab9121e2d50aaadc7d20e53a80a3cccb03a0012d03e37d0d94af9e67050749
54253,3,0,3,1,-7.153,other,unlisted_only,54253 54352 54394,2568e09fb11c86f171e8e8b9e77bf538542d210564bd2c90eb6eb420d5ee0aaa
54255,2,0,2,1,-2.765,undetermined,unlisted_only,54255 54326,0e19d1195aaac82653194c143b96929a7252b5269bf835fdc2576e4fb4161594
54283,2,0,2,1,-2.765,undetermined,unlisted_only,54283 54290,991812542ee0123db9a27148351b89dfe8dfc8d7e716a6bd6dccb1d21ec71c85
54292,4,0,4,2,-5.53,undetermined,unlisted_only,54292 54293 54303 54330,4f7bd187cb16d248344d1332d0833a7606f0e6daf08121fe68d49513123e2617
54294,2,0,2,1,-2.765,undetermined,unlisted_only,54294 54315,5b3d169408f61aa4576f9c90ed3c763ca696ebf62d58e1becb81a069186e7c09
54333,2,0,2,1,-2.765,undetermined,unlisted_only,54333 54420,01a55fbfc071c03e284fbc76157887a3640e79b6b776d6cf06a012f64a8663d3
54334,4,0,4,0,-17.551,other,unlisted_only,54334 54354 54427 54508,0b8b5b429e0a05895c4225fc6c0d3f039628281ea94b6374e1791a64c1a45d27
54337,2,0,2,0,-8.776,other,unlisted_only,54337 54346,069c3529bed320f61d7a06fc8839f7289fab08a943e43eab1dc3e636afb85d84
54345,5,0,5,1,-15.928,other,unlisted_only,54345 54430 54431 54439 54440,a1b2926e0b0e2d032d24a7bc38700cde95b7db754962c8d2add113178ad0df1b
54359,5,0,5,2,-9.917,other,unlisted_only,54359 54433 54450 54590 54592,9b1c670f8875f42eac7773373914797a375fdbaff958d9c693b6a55654b39d30
54363,2,0,2,0,-8.776,other,unlisted_only,54363 54368,e2daad8533095f8e0e26131410e4356162ea9131cae3af64c4b11f477eef7821
54376,2,0,2,1,-2.765,undetermined,unlisted_only,54376 54397,87cfc9c9bdd6f4352499f18ac07cbe2ea25500b87e70ce7cfd440b804914c565
54385,4,0,4,1,-11.541,other,unlisted_only,54385 54505 54506 54568,fea36c02a3977a9f3d1b1b529b2aa4eea5f2c9c5bbae85e9cc63bbcfc6e19a8c
54390,2,0,2,1,-2.765,undetermined,unlisted_only,54390 54573,ea80a9585e1ba9e43aaa1f664c1dc132c44338aee89a32683336d2d6a11a4b6b
54396,4,0,4,2,-5.53,undetermined,unlisted_only,54396 54438 54471 54539,8f3e5f3f379d6ec6e0d75e1241797d37436a18267cf0670b623571e56097e170
54409,2,0,2,0,-8.776,other,unlisted_only,54409 54529,b08fb4222477efdc64106ed3f2191b1de2d37ddd49ecf9b93e8ae26bfd31c898
54426,6,0,6,2,-14.305,other,unlisted_only,54426 54464 54473 54479 54482 54510,f8d2d34f72e20e6e5db98f951448ccb7c0f9a7ea511fde11f3d0cdd751e7b269
54428,2,0,2,0,-8.776,other,unlisted_only,54428 54512,740c2d7d085e9cbcd069c03d875a5b638970bab1eeaab12fb061ac98d7c3d02a
54432,2,0,2,1,-2.765,undetermined,unlisted_only,54432 54528,1decebdbceeab2cbefebc2793e8b7856d13486c200d4fcd87a6a54b10f50bdb5
54442,2,0,2,0,-8.776,other,unlisted_only,54442 54459,310506b41b3befb9ec995611b581513d5be489bad8beeff5afee7bb01a77a718
54467,3,0,3,0,-13.164,other,unlisted_only,54467 54600 54615,b77ce22ce242e8446bb3696eaa3fd23300bc73bddeb23480b7a49232e93c5bbd
54485,2,0,2,0,-8.776,other,unlisted_only,54485 54603,6fac111051223c26aab14c73dbfc875f3a0743756bf185ec19c47cc12c57429f
54509,4,0,4,2,-5.53,undetermined,unlisted_only,54509 54534 54544 54567,063bfd9a46185c087fe192d1fb9068586bdc9849f443facbce7ffe6110fca0d3
54517,2,0,2,0,-8.776,other,unlisted_only,54517 54522,528424795cd0e99fb9269b1e66fc8f750aefa72a83ace28bd5fdbf8f06db32ff
54530,2,0,2,0,-8.776,other,unlisted_only,54530 54555,10163c6d00fd0d988458c896f0655c45486e5490476c90296a950bb73d972b82
54537,5,0,5,0,-21.939,other,unlisted_only,54537 54545 54562 54575 54585,bc548e044a8caca689eb1b43d95725cc1bc3ea3186f10fa09135252d81003b02
54548,2,0,2,0,-8.776,other,unlisted_only,54548 54571,0602be7b0d1e25b4dd2537733bd2047f24f211411b08dcf5129fd2c0a78a9744
54578,4,0,4,1,-11.541,other,unlisted_only,54578 54582 54595 54596,9cba3908316ee06469e23239bd82e5d204e699ff8354eed31ac631d602ce47ee
