txid,height,time,inputs,early_coinbases,listed,cluster_id
f4184fc596403b9d638783cf57adfe4c75c605f6356fbc91338530e9831e9e16,170,2009-01-12 03:30:25+00,1,1,1,9
a3b0e9e7cddbbe78270fa4182a7675ff00b92872d8df7d14265a2b1e379a9d33,496,2009-01-14 20:40:55+00,3,1,0,360
d71fd2f64c0b34465b7518d240c00e83f6a5b10138a7079d1252858fe7e6b577,524,2009-01-15 01:46:26+00,1,1,1,286
4d6edbeb62735d45ff1565385a8b0045f066055c9425e21540ea7a8060f08bf2,586,2009-01-15 14:25:20+00,5,5,0,268
6bf363548b08aa8761e278be802a2d84b8e40daefe8150f9af7dd7b65a0de49f,586,2009-01-15 14:25:20+00,1,1,0,317
e36f06a8dfe44c3d64be2d3fe56c77f91f6a39da4a5ffc086ecb5db9664e8583,593,2009-01-15 15:51:56+00,1,1,0,329
5439c37c4c6dad4ad93b1d5598d57f1aace9d0f68b892236da903b3f136451a1,707,2009-01-16 13:51:46+00,2,2,0,501
6f7cf9580f1c2dfb3c4d5d043cdbb128c640e3f20161245aa7372e9666168516,728,2009-01-16 19:18:35+00,2,2,0,357
3e4cc1f71c998d080528ae305dffcc01419851e0d7b5191edfada9528625bff6,943,2009-01-18 20:02:59+00,3,3,0,596
8897ea9ceaf18a546cdc513b9179bae31a462ee5bf47818eb7ba909082d11777,1055,2009-01-19 19:00:42+00,10,10,0,439
90ff15e5a80593977fb2f6666de2860584d39ebc3a41f65a0a1fdc3a851aefda,1056,2009-01-19 19:12:52+00,6,5,0,407
c445fc181b4570fa107006f31c68132df2df84160f6dc783a21e10f4497e3589,1184,2009-01-20 21:53:12+00,8,8,0,394
7f1f0cbd84a06c073c3164b463eda189fe3f98a9744e553380c23e41d6125c60,1213,2009-01-21 04:06:22+00,2,2,0,748
59bf8acbc9d60dfae841abecc3882b4181f2bdd8ac6c1d94001165ab3aef50b0,1296,2009-01-22 00:05:34+00,10,10,0,320
1eb6633edc85119d120bce6d484557571ab00b5e538de09fe2e21b58e9986528,1389,2009-01-23 03:49:40+00,3,3,0,821
8ed5a0af151cdbc8c0c546cde29334f15b4472bba105394a1221a7f088246846,1454,2009-01-23 22:10:57+00,6,6,0,607
3a5c037f79eda4d61925529dd68951b92c11642b224f0ff3230c4a79f117e8f6,1586,2009-01-24 13:56:43+00,10,10,0,850
1c6861aa429c0c8b3a5be978160a2b5671c5cbb1d8194bc8d54fa2da154f3d8c,1767,2009-01-25 11:27:21+00,1,1,0,1409
5559270f3e12c0b9136cb6caf147322669394d2c9b90fd7a363f3e685e7c2407,1945,2009-01-26 21:09:21+00,20,20,0,1119
a4318436c7edba2aa3db89614f2a5f32880e3883b91593707e1d089b42ae1fb7,1967,2009-01-27 01:57:29+00,3,2,0,1659
0da3014156ed70f8274a968a2000840c5740254d98835d0690c65efa5f10912e,2277,2009-01-29 21:36:30+00,12,12,0,1826
2ccc3f59d28c709770a8bc478b112e10feda4bf55197c2e48deaa0eb6bca0311,2518,2009-01-31 19:08:32+00,20,20,0,419
7d73200eac9b66ea105fe63378c69f5d68663f925297117ed178deaddb6fc3d5,2616,2009-02-01 16:25:12+00,2,2,2,2459
4b96658d39f7fd4241442e6dc9877c8ee0fe0d82477e6014e1681d1efe052c8d,2754,2009-02-02 18:21:36+00,1,1,1,688
00e45be5b605fdb2106afa4cef5992ee6d4e3724de5dc8b13e729a3fc3ad4b94,2812,2009-02-03 04:47:39+00,1,1,0,2676
d85a3b216f8d8fb27c83d340649966e0b1ae3124bcd8373ffb6284dd775c49e8,2914,2009-02-03 22:55:58+00,1,1,0,1285
5c98e15fd2f37006e411d0d8fc7a7b41149678caff0ee06e2fd3bad5621b17fb,2922,2009-02-03 23:48:49+00,1,1,0,2634
277951bc92bc86ed75ae4baa2ac5e7d1f3ecd2c951819796ad7d04cda431f430,3307,2009-02-07 02:31:07+00,16,16,0,1871
3015186be9276f543d8e3e639c16d7627227307aadd2c588d2aa43c98ac2a1b3,3309,2009-02-07 02:54:26+00,3,3,0,1255
d4aef5bf687ad1e45389c353b55a60073247f43a01532b17c90f20afe9963f05,3309,2009-02-07 02:54:26+00,1,1,0,2025
ff21c5c13081bf836295237b908fcf0c0c28acbd2149f64cc37efb0025cbea9b,3309,2009-02-07 02:54:26+00,4,3,0,1678
cec658ace2eb9fe79473a0161ea726a69924fdc17d59c39d7c58f44c36d034c1,3645,2009-02-09 17:30:34+00,44,44,0,2219
6552f912925b21c02b43f7d55ea0d76cb64dbe0ae31ceac97b97ae41aa9d0878,3883,2009-02-11 12:28:34+00,10,7,0,3374
3800f07be0bf44a9a409f9273f14e086d314519a21e7b83e81e46b6b4ec188d0,3936,2009-02-11 23:32:48+00,4,4,0,3788
dc6846136494d63c92a895dd0dda5fd83e4deaaf1eff1cfc5a640935f64a7548,4406,2009-02-15 16:53:32+00,5,5,0,2656
87553c376c32aaaffe46ebe6368a975809962ddc166859c5330bed5d822c467d,4408,2009-02-15 17:07:30+00,2,2,0,3399
44e2654e3d0de45d6c3195d4d77a12318b13547b9cd0160b96babaf0c00a6f50,4409,2009-02-15 17:27:21+00,6,4,0,3833
c1c590ef9400b8dc52335328eaf59844ab98b953ab60c57ea3612bd893208bf4,4540,2009-02-16 18:57:34+00,30,30,0,1003
b52953f7104aa6ffab9391578fc34279ce221700acb2257859657b2901987c63,4926,2009-02-19 23:50:35+00,16,16,0,3563
9fa5efd12e4bdba914bf1acd03981c6e31eabaa8a8bd85fc2be36afe5a787c06,5217,2009-02-22 10:32:25+00,4,4,0,4334
bea2f18440827950003bfcc130d0a82ebff013cec3848cdc8cb1c06e15672333,5217,2009-02-22 10:32:25+00,1,1,0,4556
0af02f1ec03ed31d187c4184fe56b889d92b1def2310681f43ec1a0d84365273,5219,2009-02-22 10:50:53+00,5,3,0,4384
cce68eb6b57daed6011d10bb717be3a9616153aca1dc785d33a0e7a7c96d9b11,5807,2009-02-27 19:49:03+00,36,36,0,3536
1ecd272fc854e5a1a241431411aad6e3aa74e77942b9a7c54c5c732eaf9732a1,5917,2009-02-28 22:13:34+00,7,7,0,5305
2d7d4385db1b1c5f809931ccea31c76fdcbcc82ba81d15713b30e8aa03de82b5,6156,2009-03-03 04:24:25+00,5,5,0,5120
2e8fa683ff6777b929d38d119dc7c1e15b6a6e78629487775c659fa53765498f,6156,2009-03-03 04:24:25+00,3,3,0,5895
93010741e990f05723f4667a3ae7adcbdb220537dc6909580b1443c34c4bf3df,6327,2009-03-04 19:28:11+00,24,24,0,4840
fac995ec5fdbb948c10aba4762c78663c38c312f43fcb91551b5770b6794bf67,6343,2009-03-04 23:29:22+00,1,1,0,4888
cdbeb55fd9895a5409f6bc19608fa51cc7b2aca9d068e5908da27003c60f6970,6456,2009-03-05 23:50:07+00,8,8,0,5763
accd1171781ff942b496cc67184bdfbdac6cbb4b0ebc4559f07830a89c2d7e5e,6764,2009-03-08 17:14:52+00,1,1,0,6276
d7374c9a35997bd4fffb7cc089e6e2b22c5ee9f6019dc0fc881cc8b02e45b10b,6764,2009-03-08 17:14:52+00,6,6,0,5105
21fdd809c34dd0162c28834f8357ec1f698b1df49744731c22f43aaec85ab64a,6766,2009-03-08 17:46:42+00,19,17,0,6048
6a697d4ea52e2cb3f9c176fd2f3014f550bc0e8b4ed8e47588819535b99a39df,7178,2009-03-12 10:48:54+00,3,3,0,6721
ef135013bf0ad1768fef565249849e6c125c23a88f9705b376b55e4d9b8c4554,7309,2009-03-13 14:26:15+00,13,12,0,6656
e6f00fa63eb6b8e812ac3c591871203cae971d480c1469fc5ce88932cd3ec26c,7677,2009-03-16 16:40:15+00,48,48,0,6338
6db50f2ea6aea1fd8a94c6ba345f51582585dd15150f65c999722f437c791422,7939,2009-03-18 23:38:16+00,11,11,0,7227
823530fc97725a01ba9a7de47ce683b5800e94dc63be84fb35e3bd383de98436,7939,2009-03-18 23:38:16+00,3,3,0,7118
b9f64cc44346ac649c21e40e5942a1d196062a285733907f9a1faad453d5556f,8143,2009-03-20 16:52:33+00,12,12,0,7701
68efb6a6217892baf3a7cf03cbfd3b31038f1f79db649a12b7516c8e7da81064,8315,2009-03-22 16:31:22+00,6,6,0,7844
9f705d7fae30b1fe3d5855447d4e01d7b13c1edcfa2483d739fbebbcdd0475a1,8315,2009-03-22 16:31:22+00,5,5,0,6647
02158bebe1f72393a771fd39f950308ed93693d0b976f92c777677874764859a,8775,2009-03-26 15:21:42+00,28,28,0,8025
2c652b0f8b810d4b94082035e910b552a1dbb73bfa8a3c28406fa3d7a0528da7,9006,2009-03-28 16:06:49+00,1,1,0,8623
54204ff07aecf7fc09e567c2333544dbb7054b31547b227e1bf74fbcdbca28da,9006,2009-03-28 16:06:49+00,16,16,0,8205
d65723c12834c33063efcfbc7deb0c4791558d432fbe9c1c51f8b718060be583,9006,2009-03-28 16:06:49+00,3,3,0,8217
85b6f48c8e10d8e1df4c5e3b64f6209d6bd8a3ad0af7e369c0d50a9f11c58d8d,9354,2009-03-31 15:46:29+00,32,32,0,7930
146fbdc9a5bf4800b83d1e0b7022d6e554f93143f10f09600b4e55f879d472bd,9962,2009-04-05 20:43:36+00,2,2,0,9117
7eca6143f94eb7beac2a23506bc3ff0adaa0c9c9aeec71d7022e9b31f661c984,9962,2009-04-05 20:43:36+00,15,15,0,9060
1159caa72f2eb97637dbd3c4e600eb3d408a5db0a64b2a80cd31b29c49f1ccbf,10570,2009-04-11 14:04:22+00,7,7,0,10038
00eff263871e6d44abed66d90abb10d5a211441668511dba3146e380360efe4b,10712,2009-04-12 19:46:57+00,6,6,0,8941
ad511d71762f4123df227e2e048672c4df8cc2ac056ee37f52ff33085b2a2c47,10792,2009-04-13 11:24:15+00,1,1,0,10667
ed7eec75f884fbc0539178fb16b4101f6619ee875efca7cda4a2058268f88514,11395,2009-04-18 13:08:22+00,1,1,0,11157
ea84d39ef6f7b3b23fbf899e11a9bb18478a19413579a69f3005359da7a62c49,11408,2009-04-18 15:55:19+00,1,1,1,5326
2c230fa752edc2291e7b1d77deaaaaff907ef07f1d8f4fc879c77096e763b17f,11426,2009-04-18 19:34:27+00,1,1,0,11173
57121ac508ec5a322a7565e778322247f858f2126397357d96bbafb921d50064,11516,2009-04-19 14:06:06+00,8,8,0,10509
3ccc30911174b65042d33b95c0a2ce4954f78e5ca8fbf3f4ba17cbbc3ecab9de,11592,2009-04-20 04:38:21+00,45,45,0,6368
eebd343e3cbb08c6932adc87eba4b2bf372e9e984023474cb4fdb9b9ffad39b1,11666,2009-04-20 20:19:32+00,70,70,0,9261
71223e409c08a302ca8c0ecbc507650d51c4df68cd11bebb127dfe8fd6c66350,11769,2009-04-21 16:29:09+00,1,1,0,11346
1e96292bc0b80d67876101b11f5aa50bb1071bd7b0302019950169ac2aaa052b,12304,2009-04-26 13:18:39+00,2,2,0,11051
8552243568c50230e8bf6227797f993d91afadf6431a0d7f7eced17c9acc6919,12304,2009-04-26 13:18:39+00,13,13,0,11398
f54f8b5282d2d349e34d6aa8a761c811ea9e1df7515a1291248cd44d06a45ace,12678,2009-04-29 19:52:00+00,20,20,0,11674
164ee500a3a460cffddeef7f9029e7e764362af80c8358d95c1eb2f105836234,12983,2009-05-02 05:02:21+00,1,1,0,11928
846fa8792c3ae9d7149c2b43b99343ab259ef2e96adf7f7bd2f8145f88091aeb,13051,2009-05-02 19:01:49+00,14,13,0,11705
9e7bc9715975579b36d0a81383dc76fcb41c9db45c77557083da5f4f76556b16,13171,2009-05-03 21:08:46+00,1,1,0,12986
5f143015d428cc6052649779f85ca66cefd45dd8115a436b54ab794bb6d8171c,13306,2009-05-04 23:04:44+00,30,30,0,12568
8cba5371ef42cd1538460cefd4d20a76029c3b7e7d1920548968151fbf826c6f,13443,2009-05-05 22:52:26+00,10,10,0,12629
72776c25f0b994d2c05c26f48f503bb730dafa57f3d8b7cda2254c70025229aa,14047,2009-05-11 14:58:31+00,2,2,0,13879
e4e6d0b98991457d45953907369e976988da553dc09b48e75f9955db7efee5b1,14295,2009-05-13 13:55:35+00,1,1,0,13842
29a1acda5ccbfb22033f515985a83c3af28ad93cb2854fc425ec642a9f3e9738,14299,2009-05-13 16:03:07+00,1,1,0,13809
337be268b97a3db981432b3771a3e1fc3575f6c98ec787b444fe4f73acbc3068,14389,2009-05-14 09:56:30+00,2,2,0,13926
4d54c5bef60bc4ff8c865405d313c45449e4dd9450e3925b04677bc096148aa1,14461,2009-05-14 21:59:33+00,1,1,0,14298
c5228406aca1f6b12e8617e069f7e1e466be71babc2876d23f1de9c959c3ea93,14604,2009-05-15 22:47:48+00,10,10,0,13324
06032a172f88ba823785f87341eab26ee7a2eb2de9d2f105220d6580e3affc16,15968,2009-05-29 15:06:07+00,60,60,0,14437
5f5f50aa278cd47cd610f772be7b22ac89715e1b54b05244df8a489bf67f6d4c,16226,2009-06-01 03:01:54+00,1,1,0,11583
3b24c9a9540f0b0236b58ffe716a905bfb0f45aa9efe96ee4656301ea1153412,17807,2009-06-22 18:14:42+00,60,60,0,15571
af727813c113da9a62f900996651ffa24556e83c7b5dccf35fdc9cebb830782c,17942,2009-06-24 12:02:04+00,2,1,0,11612
1e17fceec98e0d489548399860c7a7f5ad7b5fed4a76a1d73485c3b6703238f5,18059,2009-06-25 23:03:20+00,20,20,0,16079
6e0557700c3a11c3be9308013bfffd5ddc9680ca8fb62c1e94e3e0282857079c,18253,2009-06-28 06:12:01+00,1,1,0,18119
e2a2f15960e9a2346992f6032def94d7d42718bb5a9392aea04241d3c9f7c766,18353,2009-06-29 21:21:56+00,1,1,0,18230
fbf9a1acc8e464051b336ea4359016a77a7a9c1388c2e90aa222d4ee290cb97e,18369,2009-06-30 01:03:37+00,3,1,0,18242
4dad7dd01dd65eaf24c75aa833af02002e3cb5494d8b524f6ad809976ec2132e,18502,2009-07-01 13:33:13+00,2,2,0,18360
7221331ae19b913b7af2c52baa96fbd8f95426b2106b85781c9298f8dd4a20af,18604,2009-07-02 23:02:29+00,1,1,0,18432
123a3968cd91b42cc1ecfb3d0d11e5b09d21e923344847a1e4b2577d3bbc69a2,19863,2009-07-20 22:54:07+00,121,120,0,17875
9b9176f85a4b21b6e0d1be4a41122b659d7724abe7da8a8d7983899fc845ab21,20343,2009-07-29 21:20:39+00,2,2,0,20198
8449a1e57f2b34c755ab233e68e9ae45c689dd6d457f70dcb69a2508f90f6522,20354,2009-07-30 17:57:36+00,1,1,0,20140
cdfd2e9b4ba6d086f4281699bb34f4398697c2fab699a2be0a591ede351b3947,20770,2009-08-07 22:27:45+00,111,110,0,18255
18bd07424d7ef0e2902e04f7ffac4ac9676dfbb41118af4323e352e1398c05d7,21563,2009-08-26 18:23:18+00,11,9,0,20716
3e6994691cce8ce35f3b1331896b05b600ea512c9a7bb63a8e14612d5ec897ad,21563,2009-08-26 18:23:18+00,36,36,0,20656
b5b52b8989eec1f1adf045676aec9f47be4f17782de442f95b5679a4ad54c79f,21777,2009-08-30 05:37:37+00,1,1,0,21657
c235d6d86a7cc4a932045295b3d2558a0582a8b8eb078978cc8e23cdca056970,21897,2009-08-31 11:06:52+00,6,6,0,21671
374acc94a6ceeac1722a1a10f69c561698c0a4f8389d657425d50a17b9880691,22107,2009-09-03 08:54:10+00,14,14,0,21780
896e7774cc4f7aa65fa3736c6d0d91a1bccdb4c2a3fb78007830c68439da10dc,22407,2009-09-07 15:45:23+00,13,13,0,22167
9fc9f9ac9c516925f0cac51323e626af63fcfee74e0bce9a4be612de9cc1e201,23079,2009-09-17 16:10:30+00,101,101,0,21590
831525b6cc45326dd170a26d7f8553dc70780736e30f525840dfa1175337f59d,23393,2009-09-21 19:13:19+00,8,8,0,22678
717a9f02d6bafa69f0119b7f87dab7cb697d6f30979cc72ba8d99827e8ce7d6f,23427,2009-09-22 20:51:24+00,40,40,0,21606
315f41f6ca3bf76938bc7a1f28ae1c77ecc8a64d0a0d37476ed7f9e706947765,23625,2009-09-25 15:56:38+00,20,20,0,23317
a2ccf09e7031426666ad295a3e7b7477393ddacbb66134157c8f1860de6d4ef7,23633,2009-09-25 18:03:43+00,6,6,0,23396
11e5b0bbf5a4f567525721f45d89bd30a2888c829b333a4a50710148777200d3,23757,2009-09-27 01:07:28+00,16,16,0,23521
311518ff986d423a6ea1d1f33fb5bcbbf52a45da078b4d359588bea7e0e8dc9c,23937,2009-09-29 04:30:05+00,13,13,0,23661
d705df2ba5f32dff9ff275eb57865690656656cf67ef5b85a236df2cea353840,23980,2009-09-29 15:48:05+00,30,30,0,23343
8a1c5f21902e300850904dee0772fa7222216697c448edfc13a388a6a73472de,24215,2009-10-02 10:03:37+00,10,10,0,23824
c650a26f418e25ad7b12da3545483c8a6291e53667de6733e6ecb38f2d3e902b,24434,2009-10-06 08:40:58+00,4,4,0,24075
c842f40c439d1b274378a8c19115620404578b4d318237b8506493dcde56db7d,24434,2009-10-06 08:40:58+00,11,10,0,23960
7dff938918f07619abd38e4510890396b1cef4fbeca154fb7aafba8843295ea2,24835,2009-10-12 04:21:18+00,74,72,0,10351
4aa98b18bb6766463b4a84c3da86decc066e7744670fe7009a78017a0027a344,25095,2009-10-16 05:31:17+00,81,79,0,23940
668dbd88e9171be4b4c3ef54d16d48e8dba07bb70a821552d5606e7183aa3877,25206,2009-10-18 05:06:10+00,7,7,0,24982
837453f2c50bf10e28c115b844344720cd76766fd14d44586b40a5d8e6cb33d8,25468,2009-10-20 22:30:46+00,101,100,0,23586
b76d8d9fe2082040018456b13825cd835cc703f870528b45cf0d36dc6a268961,25552,2009-10-21 22:47:23+00,18,17,0,24052
1aae9d58e8826aa65ce985061a78642ec2d920e8a8bb1679aae35f7d496d25b4,25618,2009-10-22 15:40:54+00,40,38,0,25098
5d79327054118bfc51475b82319d11e041e23b581d36a4ff47302b95380a735e,25788,2009-10-24 20:23:33+00,7,6,0,25514
3cd9410fc4642ce3e4591f5f5600965bf5b104c81160d204afb2d9169c5b4ce8,25969,2009-10-27 11:44:30+00,16,15,0,25690
03ebe95eb46ad1768f322516153779eb1fbae4b23fb2a88ee59a7b472e11cb33,26079,2009-10-29 02:41:32+00,10,10,0,25849
28c0959d3b71fda237462e0bacd9c77e079d9557d8ed4d2b7e92c435dd42730d,26112,2009-10-29 22:19:15+00,31,31,0,25443
6029e51c4706c8b12bfdc9bab2311cc99d7fd5ccca3701bff4af2935c4a89215,26402,2009-11-04 22:02:42+00,42,40,0,25950
9a12dc4ca6c7868e7320e6b916dc52046d148775c939481805bf3e063ac71f72,26814,2009-11-11 01:26:23+00,20,20,0,26264
6b85ad8bd569e29a4587a8f15ce22ef3e0372da2d1f9b160dabdaa50e9981c25,26815,2009-11-11 01:28:38+00,20,20,0,26269
e67c7cef9c59167046bee99a961a4ca75137c5ed4b697b30dc6e752ff1d50ecc,26817,2009-11-11 02:03:14+00,11,10,0,26258
01d4ca1bc310d225db9da4ebddaf31713ec8b1fb6a287eec56416911275ef68a,26941,2009-11-13 00:49:39+00,1,1,0,26665
da68e3c8be72c67502cb7245119fcddc540f9dadeb16bc1021fb57a329eab8bb,26946,2009-11-13 03:07:35+00,10,10,0,26685
f2e5fdd316163507300b815797b6a4c0247a3053ae760a091c20779ba9999a65,27525,2009-11-19 20:38:17+00,77,67,0,26883
67fc73c770d5001be14f65c95f2f37e04e26c3f8c6a49519d2e63c594ea26756,27528,2009-11-19 21:29:21+00,14,13,0,27356
442a16294926b83e8ac67727a69ef970f426c2100fb5cc6b596aa239c2a61077,28507,2009-12-01 21:45:59+00,168,164,0,10501
011ec07a1045414826985452669b45735ce9c4c991ff2fd18edfae54ff993d22,28775,2009-12-05 18:16:34+00,18,18,0,27418
a131c7a34180592c257414d902a35fd468b557e984617358343373c5599ce244,28811,2009-12-06 03:28:30+00,1,1,0,28678
591eba1f8e27727e14a9aa3695e6e005990069df06c827fd72ff05aa61723108,28817,2009-12-06 06:01:57+00,2,1,0,28693
1b95c5519f32f4e4d6c6e60af6660c2b17a92e0c54fa0c8b71932c283cdb2e91,29016,2009-12-08 01:52:13+00,20,20,0,28660
1b1dbad5485b04f40b8151bad90139d4f86a07fdbd5523b35a979094b0b8f017,29073,2009-12-08 14:11:35+00,10,10,0,28775
4c5e40e37810adb4ec7f01d038b508d6611afdbf21f8cf8ef589a0fe5f0b3e91,29126,2009-12-09 02:32:16+00,1,1,0,28934
70f38f3ac235f65698e8c8c2589b9f0156d7700d12417dc916e6f2bf4ba12a7e,29129,2009-12-09 03:33:30+00,10,6,0,28878
e9cd4e54298b6b4e819e54763a99a7834d1e6d4ab6f556137d2b32e4e5eaa3ef,29169,2009-12-09 13:36:10+00,4,3,0,28872
41b3713ad25f4111f3a60f59a16f4c16fa3caaa12333b6e911ccec66e8b970b1,29208,2009-12-09 23:00:25+00,1,1,0,28797
7bfa5a4a5d0ba60497f4c61b9ab3b289017cf5f9f9eb68c558614388f0383be6,29430,2009-12-12 00:11:10+00,60,60,0,28955
ff4e84bca11c213cbc26104b075945d2744a34ea0d335e8c50a357bb3e63f37b,29431,2009-12-12 00:15:15+00,7,6,0,28969
3a5769fb2126d870aded5fcaced3bc49fa9768436101895931adb5246e41e957,29664,2009-12-14 03:28:09+00,320,319,0,27411
afd13735576f1f5a93e1e1231685bbda40ad7f8f8aa233344cf5e405231be758,29703,2009-12-14 13:35:22+00,1,1,0,29164
6b1b98a3c9323ea3ce49e2bfe8ec158ed094908ecb5cfeb7575683ecdcb84849,29704,2009-12-14 13:53:09+00,8,7,0,29195
66416b1cf7130aaff13e8a60bf0d0f7e66375bf7978ae032790102bf227ef7b9,29775,2009-12-15 03:42:13+00,7,5,0,29280
6cb614b795fb24de282dba7ce1fd99a6b7f9430dfa073322ab80484e4beaaf63,29869,2009-12-16 01:10:08+00,17,17,0,29560
dd9d5ba0bd1da328936a5341efc0baddf18341bfd38f296e3484e4db0777d057,30066,2009-12-17 10:58:13+00,1,1,0,29938
8ee3d560b0a606350ed009d728ae96f8d63df77e77c00ab3bb19d0373fde1ebd,30104,2009-12-17 15:50:10+00,8,1,0,13831
d484de0cc076ea2ed20b3f2274ff0e41ac017137b4163685c7892a140dd5f9f2,30423,2009-12-19 04:08:37+00,1,1,0,29854
5f48126704eaad62f39c1f0191818b61a74e7c971bce080a3d760898014d4e55,30768,2009-12-21 00:07:48+00,1,1,0,30154
ee7871de12728150cd2a213c897c3b9c00e183062e28677204cc1fcf1c86aa69,31465,2009-12-25 06:51:47+00,1,1,0,24823
9843d685c90a2053dc80600ffd03f076da831502eec65cb3a152d7ee57a6120d,31753,2009-12-27 02:41:34+00,5,5,0,30553
73beab87e8084a17051bb9cd60cecf92abf8a0c3b7511a22ce86148b2b947e6b,32605,2010-01-01 21:45:45+00,1,1,0,32456
7cdeb771bfab80d83ee39e3cb5e34e3dd9d14c3bb14c6da42a93045a7496db90,32618,2010-01-01 23:33:23+00,1,1,0,32360
045795627ca29ec72a94c23a65ee775ea1949d60b6fba0938b75e1cfe1e6643e,33035,2010-01-04 13:43:20+00,79,77,0,29675
32b4f53a2921a0eeafc136df61f568e7d091d18b1a2fc128f6287579942ce5b4,33068,2010-01-04 18:01:31+00,3,3,0,27511
7d5fb1874f9dd45b7afdb8a3b831cf525676529b9d494ce06c60b954a478e3b2,34402,2010-01-12 17:55:48+00,115,114,0,26015
b6af26bf360c141937de55a88ef8033852c372d188d38863a3e0ec1c71bd63eb,34402,2010-01-12 17:55:48+00,101,101,0,26050
c13c821e9e698e9cf0fc5a6448f3c5b11abaa9d9e529f10790344922273ecc2f,34560,2010-01-13 17:47:05+00,1,1,0,29040
6652b73f275a3821734b1a4dd51619506a5c3ae40c83fd5517e2ad72829d21c8,34733,2010-01-14 20:21:39+00,8,8,0,31797
ffcea1e6c647dede059a2409207ab4131ab3da1dd8d79dd01f1af9b20082cf78,34887,2010-01-15 23:31:38+00,5,4,0,34285
e5c74cedbcf3f7044e71b3ae66488c480e9aebff50d96e6a78476d1fd9f93377,35011,2010-01-16 23:16:07+00,6,5,0,34231
32aa85244d1053b782b642c733e060ce3a2d593453fcfec6f1474deefaa9915a,35248,2010-01-18 19:19:54+00,1,1,0,34629
efa0d3534ceb6ed297a1ef48165af9f123436027ff93ea50520bf963e43a5756,35601,2010-01-21 07:44:35+00,1,1,0,35477
e6cd83c0c2112e56466ff2022b182982a772284760de2092c50581cc9cb292de,35642,2010-01-21 13:21:42+00,5,3,0,35489
f31cddf35976322957d508837444eee8eb460d7bda91486951936d980a6d6991,35775,2010-01-22 08:23:51+00,2,2,0,35538
4232dfb22f227ddb44d84830dbaadd583731b5a6e48f787e564a48e9c4c404b5,35794,2010-01-22 11:57:40+00,2,2,0,35660
2e21b75b4ec69a1ad2ddb1a4cae3fa6153d47c9bccae92522d6aca7f8f948d54,35833,2010-01-22 18:57:12+00,1,1,0,35703
c5da3877e82712d5f623176f875dab4fa89041dea9d9011e26e7d3927fe729a3,36097,2010-01-24 14:14:25+00,1,1,0,35927
15a4e61f14a1b3acb9d97200cc05b6473c7a71dcba49f5c5cd8a7a577c9ca5f2,36236,2010-01-25 07:36:04+00,1,1,0,36110
0b333399e26c467c4c557623128aa8cb244bb700e111010cfefa5ba058921016,36286,2010-01-25 12:55:36+00,14,14,0,35691
59b35e3a78548e391d822d50ec714dc208a393e2a0bce9359cb36a41912903fd,36290,2010-01-25 13:22:44+00,45,41,0,35503
6fcbe7c016af2772090abc43b66b7582b92222c6c37eea9482f5f26574b957b0,36470,2010-01-26 10:47:47+00,2,2,0,36326
c91e48faf678ba2e11a7ec72e306bb2acd87508f1226b443352062def4097f6f,36516,2010-01-26 16:54:32+00,3,1,0,36303
dcd801b105ca33af18f785353fc301510d0234bd282577b2a4f9646af369c8b3,36516,2010-01-26 16:54:32+00,11,10,0,36200
3d5af456ebc439cb1a52e734fd4c27aa9351eb3d1b516ddc9ebb22c7c765b98d,36640,2010-01-27 08:44:56+00,4,4,0,36427
b296e1fb14e0e6fec97aad884ae0d6632b390f2e0c8026f7f42b948258669fcb,36724,2010-01-27 20:28:11+00,16,16,0,36448
b90fabe3a97c636caac71eb80998c97f30915ead88fca70bda182f2905f0fcaf,36801,2010-01-28 08:56:48+00,2,2,0,36644
4a75278fcbd95f56914006797e02b310938ddc1494381b450efa8b9ed2884083,36867,2010-01-28 16:45:47+00,19,19,0,36607
2f200596829f114b65d965dd9266f470889f07b7a57c01983f7e4e57ec2a6a7e,36929,2010-01-29 00:46:21+00,1,1,0,35166
f2477a4a43fae13d080ec001a27286e752997938b44af0c603ff90bb3c710088,37014,2010-01-29 10:56:14+00,10,10,0,36749
62f29381bcc0570bf066268c4072407feddf8cb43ac448db9b6c65a003bf0d20,37114,2010-01-29 23:44:14+00,6,6,0,36900
717506b3e5b0541778bb6fd0a5abf1a684765602ffcf285ab31b0811c743280b,37115,2010-01-29 23:49:19+00,2,2,0,36949
a72bbf5839f3dd12f149c806c74c133638981c5cdc1027000eb7dbd7ad447c38,37216,2010-01-30 12:30:48+00,8,8,0,36653
d93d12c891ff68afc4d038ec122e4c0fbe69b6c821305013d55e19584fdd6ab9,37288,2010-01-30 20:50:09+00,20,20,0,36219
a710033b81291d68372605237bfb4358474dce49a5099dd499f4de57d5db60ea,37303,2010-01-30 21:58:48+00,5,5,0,30589
d318e925cd61ab0400a17b11ee382a44417c6e2bd688e5fea53c7236fe393208,37303,2010-01-30 21:58:48+00,1,1,0,31078
d9a4176d14dbb00d6b798a30b32243af455be181f3cd2bd879372c241177b454,37389,2010-01-31 08:28:21+00,3,1,0,37255
4e0a51dd92c4a48ca63a204abd70da2acf0b0e4b902e0e753cc910dbd42b7839,37461,2010-01-31 18:59:44+00,15,15,0,36999
6884733345b952b244a44cf770be62afbcf41549d8a89d2a4bea9f479e09dd47,37528,2010-02-01 03:40:42+00,4,1,0,37397
16c4918cc650b95d732fcb0a67c4d5beab7db2c95acc130bfd8b374d4c1feba5,37562,2010-02-01 08:48:36+00,3,3,0,36816
33d1ad0d24e2cb466054e47060c8ae527af7a3c46445335bebf9d24a6f5b1e9e,37609,2010-02-01 15:30:10+00,5,5,0,37417
beb07255ca67a84b000ad27872b6640ff7da73a096c1aa559c29c77f38bf6548,37787,2010-02-02 19:31:33+00,21,21,0,37347
468258c59110df32a22c3b62b58d18438b9179836b5d470b9a7a0dbc15337bf2,38004,2010-02-03 16:32:14+00,2,2,0,37719
5379ada1ff40f819486c96de6f57eee7102d9548e637876a3f73939b42aacdc8,38004,2010-02-03 16:32:14+00,4,4,0,37576
2ee5325817fa1b7c36a3bf9f5150cbde00566347978d4f6ccb26f81e4abdef11,38208,2010-02-04 14:30:08+00,5,5,0,37615
923091631df166936356c8c8272ddd05771d337bf81bf76968a8564ddb8e541d,38212,2010-02-04 15:14:51+00,2,2,0,38071
935b84ea5ed8a1e1ed857f3269ec0af1d7e8cf060b27f407cfd240ce1ebbdd5d,38221,2010-02-04 15:54:59+00,1,1,0,34557
0d6d1608f7d0f78f898789e573c73b70f7db170d38f6c2502e6c084a52945cde,38280,2010-02-04 19:51:45+00,32,32,0,37703
45807808b04f84f4e8964b26a15e417af8f952492126e5b0f702514354810637,38330,2010-02-05 00:47:22+00,238,237,0,31062
abe1d584c7670565278e9886bbda5e97d8c03310865961bf93b1b0738a99a51a,38353,2010-02-05 03:37:52+00,3,2,0,38084
f26534051b49e52bad68d0e4c7b92f5d18b10b31144069c7e62f46423af99702,38353,2010-02-05 03:37:52+00,1,1,0,38146
62cf89ff81784644ecf75e35cee6997b479c887673d858452714273312b7d221,38424,2010-02-05 11:26:19+00,3,3,0,38176
0bb9f36a3473edf4123ff2a63fd98d190c49524cb70ffb62777be3f437461ed7,38552,2010-02-06 00:47:01+00,1,1,0,37662
1339584a68d98321dcf53b6a0068e23c64d5987b0ca0809a84b118e09c305419,38552,2010-02-06 00:47:01+00,1,1,0,37690
1c7af124a07cb4951c68c4480cf97d276edcc2a09f7592fdb52ef2bfd342aff5,38552,2010-02-06 00:47:01+00,1,1,0,37538
46e0f07a5eff19a22a2353eb2ff399b4e4f9b00f0c2fb8b9bd67eabf88795f0d,38552,2010-02-06 00:47:01+00,1,1,0,37652
48c582c1fa3e1b9c162059fa961814bb1b47447800fca84205fcbfea20fb2be9,38552,2010-02-06 00:47:01+00,1,1,0,37575
7db18e491ffd40e2af82be0ea938c9c79e5cb9751f951b0c0fff29b9f4d1a000,38552,2010-02-06 00:47:01+00,1,1,0,37682
87e55c5edb26da319a1f96f46842dc2df0259ce047fa0dc13a8b22e8441009f7,38552,2010-02-06 00:47:01+00,1,1,0,37660
c1daaa5b2cf49fa1a51a71be2a06c29dce9c797aabbc08c3fcc61ce8089a23b2,38552,2010-02-06 00:47:01+00,1,1,0,37760
dd63a5a6b37c2857da38710aa19f49ce2edac6c157a8205f71eb21dc1dbcef30,38552,2010-02-06 00:47:01+00,1,1,0,37629
e46593135c6244f63ef2c7bb18b121a8a86c3a8345f2d6811b59106186086284,38552,2010-02-06 00:47:01+00,1,1,0,37557
f9938863da6d95f46c21db4a16687c6e279419df973a327cf65db53ad5bb33b4,38552,2010-02-06 00:47:01+00,1,1,0,37587
29471cf3e91be2f16453b68dccc67b3cacee1896f45c10392fd1c257664e3632,38679,2010-02-06 17:11:19+00,2,2,0,38455
42a306e734c47578aea9f90f00dea1344e435d695b8fd72391bf783972c509a9,38694,2010-02-06 18:45:17+00,16,16,0,38290
5c598f4c0731e864138d929f7c89782bfee2250e12aae70207e448a78c1cc571,38879,2010-02-07 17:17:06+00,1,1,0,38218
c812c6248f5b9b587e0d6d01ad480aa8acac7e236398ddce845d6f78e69ca002,38929,2010-02-07 21:07:07+00,2,2,0,38714
9a864348076d3bfb3ab971735981cc7d9b87bb8e8b96305c076e27ad2d9c774f,38935,2010-02-07 21:34:19+00,1,1,0,36921
465f1d82d441762b001fa6dd6192a943a869cefd50b9e59669539cae57d7ce53,38948,2010-02-07 23:12:48+00,5,5,0,38586
9a56a596b1902ff3ff8751a9c2878ab37a9a3dad1a82a542e5fd96dab1431f6c,38973,2010-02-08 02:29:47+00,1,1,0,38643
3b51ddacfd1ee97fb3d8b10f11934a1fc87d0b421c4e9bddee9d8927a101b58e,39067,2010-02-08 12:47:42+00,15,13,0,38366
91300a923a108af8fc23e78eb153979de9b2c8a7a23d0befb23b44c1f0fd02e2,39083,2010-02-08 14:24:33+00,76,76,0,27436
88889fddf8412137652190791c655d29d82d41a708a75aa6806a702d18ff564e,39088,2010-02-08 15:27:15+00,28,28,0,38699
4bc63f6f081985de7589d6db2d4c040d8e66ea830b67dea67ebb07f14132b802,39121,2010-02-08 19:39:18+00,1,1,0,38920
efed7405e48f07e9255abb74b6054c8bb766040866cd1ea604435bdfa301e540,39249,2010-02-09 10:20:07+00,3,3,0,32884
0f5007ea2f309b3609c08a6caab8986e04e7f064db2e2b68446c27c6e7c52232,39318,2010-02-09 18:32:05+00,381,381,0,25231
82bf283987bc6150bffcd58db7a2f00508bdf10f6be513b35438c5c99244b7f8,39323,2010-02-09 19:14:27+00,34,34,0,38709
0aa8e740eb709ca592e375c5fbbb1a653d0b5068d649ee15255bf5ef4e53d024,39379,2010-02-10 01:46:17+00,1,1,0,38946
615547199ad7e7d4622c0b1b665bf8d2af8d06bbcf24b42c4b8c727777e5657c,39413,2010-02-10 07:24:57+00,200,199,0,30035
6b1652eaf945f43b8b88a0db4fa1c1682529ecbbc9a308ec571d6abc33587245,39413,2010-02-10 07:24:57+00,200,200,0,29994
ad323eba54497d137047ded663f59cf0cf57a5feb3e3eb158c9d6694c80cbbe3,39413,2010-02-10 07:24:57+00,200,200,0,29974
85ffd3cb2dd1713b38e81abfbc3fd588f2c3574a1d651dc3dddee0fecd54a610,39418,2010-02-10 08:22:01+00,5,5,0,38919
e64027f59384b8f4c554eff4da2df52367e9e594c57248b63d7313c0cb4c1ce7,39625,2010-02-11 14:01:56+00,1,1,0,38747
e2c44ecfd08f05537e9c65629626fd681a4ab0a1eed88aab9f30746c69063ac8,39627,2010-02-11 14:09:06+00,13,13,0,38634
8da81d30c43fdc97e303107f0e5081f3852b157e2414b00dc771be568c408dbd,39634,2010-02-11 15:00:33+00,2,2,0,39349
8c396cc30a288d8a01fbe313b8c6f8abd27e18a685e33783cc14ba486d45564b,39655,2010-02-11 18:54:46+00,56,56,0,38193
2f1d1ad1f24bc0e11c6953a6363570e8283c517dc78a5ed8a53b2fd395a9dac2,39686,2010-02-11 22:39:48+00,2,2,0,39278
6e97a007559ad2d139592149d6de696bc934eec243c0f4f820aca0ac7ad5f365,39724,2010-02-12 03:56:10+00,3,2,0,39558
a7eb819c207cc5a34df51e905eeec30a97804795b410ed4a16b28c3d4a5a9224,39736,2010-02-12 05:17:50+00,1,1,0,31404
1ef0388b300b4d1486445d5f77b77c9039438215484b6e43e408066a6fb16ac7,39870,2010-02-12 22:37:02+00,34,34,0,38990
92f034f515e1eba78eb745de1da4d8536908b14ad076370175d47eefe143ac6e,40034,2010-02-13 15:00:18+00,9,9,0,39544
854a3aaaee36be32e441cc8f86890b7eebe4710f30003dfff362cc2d90d163d4,40094,2010-02-13 21:40:01+00,75,74,0,32446
caea3d4d3c4dba3bb413b0bb3b474e64ebd81e24e94b2e1e8c5ef1dbc6bdd8dd,40206,2010-02-14 11:11:02+00,1,1,0,40081
9548ad8a01c29caf81fadd7048b1048e91a830284ae9ee8174c025315ef72c5e,40212,2010-02-14 12:05:41+00,42,42,0,39241
616dd91654bf26c580d6fb5966b08a4cd17790c77f3b67e13fc98f560a22fe50,40264,2010-02-14 17:36:45+00,1,1,0,39773
77414165362270494f5924bd17df1d6880f53037bbff59675dacdc392e09b935,40269,2010-02-14 18:07:46+00,4,3,0,39634
3b0260683033dc2096811be04d3d44de9ccacd92a02605ba8259313d2958dd2b,40300,2010-02-14 21:00:18+00,1,1,0,39685
422877c8953993b12be67d4efcfeaa91d4f5516720eb656cc020270595f2c7bf,40300,2010-02-14 21:00:18+00,1,1,0,40152
eb131c9e8c6272278acf1748576db0577ad41a335e69b1cad4cf4562b09be12a,40330,2010-02-15 01:26:45+00,4,4,0,39882
3349a1ded11947440f6f763b0a7d7f0968405591c2825a604c7f8bed6a2b68da,40360,2010-02-15 05:04:38+00,2,2,0,40210
b3aa001dec9bccfe02c5c018034d569bf0cf7012a840238a759071f525cf6b79,40405,2010-02-15 11:45:21+00,1,1,0,40159
4156462211ffdfa71e337e17b805e0e06f49911bee3fb04b6d4b15dfd3b00b47,40419,2010-02-15 13:24:24+00,1,1,0,33116
61980aa073fb6dcc21820c8d919050cf6f23d290d6ea4e318bf8b16b71e64649,40420,2010-02-15 13:53:25+00,1,1,0,29664
2ef8fa91e23dd465e158f8ead8a2efa02452a1a192cb777206209c3ce7a3cf5f,40436,2010-02-15 16:02:15+00,52,52,0,29980
af282309768f751d20f1daed013563b1a002c31a13e1956644f24a341dad6df9,40464,2010-02-15 19:45:37+00,3,3,0,40238
2c667188c012929b7ec38c07738f6c6370f9800ae31d654d648bcce8779fb4ab,40482,2010-02-15 21:25:05+00,26,26,0,40095
c5468d111f5c9d784dd898f61789f4b6502f9ddb3369153ee171241a8a492efa,40587,2010-02-16 11:26:34+00,2,2,0,40409
8f8c6c2bb21de4e0b61ef62866bb46d979699eef4ae5342a41486a39ad43ca63,40606,2010-02-16 14:31:38+00,1,1,0,37329
ade0819834f27e4638700edcecc8039636c2febccf8d621694afa0e96a64d73e,40610,2010-02-16 15:09:39+00,1,1,0,40464
9ef4d26103c3efde7c7ba1c774927955f620606a5e2999ce5add1bc229408d11,40617,2010-02-16 16:22:05+00,9,9,0,39926
7e7a46f27465c5b72f05774e0e1b4782936e8ed35c10041d0de48dc95ccead9d,40641,2010-02-16 19:12:09+00,2,2,0,40491
08d83f8a18ba17488fcec0848bd96b15f37e3fc9a4ca7c40b63d38a45b0279b4,40857,2010-02-17 17:26:01+00,4,4,0,40511
44551e99fadaf799551df97b4096cdb33521d6b1f037a851ee9854d91d7450de,40858,2010-02-17 17:57:09+00,1,1,0,38595
515062aa80d79a49bf85f586119163f05ee0b824c74bb25dce5be407b0e56747,40858,2010-02-17 17:57:09+00,10,10,0,37484
ae21b06bf1560bcbb817bec7a32528d9f8884b5e3d02d68c6f0ac78a267afda9,40858,2010-02-17 17:57:09+00,4,3,0,40255
0cad6fcc4c50d16356462df17bf281e12bc54ec926b52fe5024b3fe5da2ced09,40919,2010-02-17 22:56:00+00,3,2,0,40663
26b11cdbf2dd546429173ca918a22617e9ea975b79b61583e70f6f17b62d0b07,40995,2010-02-18 07:20:05+00,1,1,0,39712
e7cc543115e09bd6bdb046aee184d323121204e3e06395f2bf326a51ccebd11e,40996,2010-02-18 07:21:37+00,22,21,0,39617
30d3fcebe8f1a7351a3350ee4f6505ce2d1ee2d306c5e9af51872a076c3afae1,41055,2010-02-18 14:00:55+00,3,3,0,40661
186188fb3884c4e259b0ce681a206ab32b6a47c452ab0b26b58f5f6fe34e84ad,41058,2010-02-18 14:10:29+00,3,3,0,40523
cb64ed397d883c8bdfa9dfc9d9a0eb6949b5cd04f854cf62265134d00576a0b7,41079,2010-02-18 16:04:42+00,15,15,0,40332
c18c30c70656d82c3685e63a258acb2f5173e4b091bec4c6d4b006fd80672d29,41100,2010-02-18 19:02:06+00,9,9,0,39022
831893c608ed4d4e6e1f334d9e7db382bf56922ece66dee3b0f808e26dc7ad2e,41117,2010-02-18 21:42:02+00,5,5,0,40058
c4d3599cb776d2e4853fdbb1c56f1062e63a6d9062de16b2a7f59ba6740a885b,41254,2010-02-19 16:53:27+00,1,1,0,40448
7724502fcef2690fd631d557064ea93cc8d34fa26099b33fe158df4517315658,41461,2010-02-20 14:17:48+00,1,1,0,41281
60457d03a34b16487fc1526069e7f31397ee3e5cffd9a89ff7b82b175b32e94c,41532,2010-02-20 23:31:52+00,12,12,0,40970
4571ac0d16f33a8d5f552ae3a60fef8a4617009818c289dff4e3c419472927e4,41551,2010-02-21 00:56:36+00,2,2,0,39702
1554c9f13c08e58efb9244a7d4ddb036fb8f18d7d7f63c9760d641569cad5b0c,41553,2010-02-21 01:05:11+00,4,4,0,41130
a404ab8b80d3fb3f883ef8ef26c635c8c6f9051918405fd4125d2b28fd48f0ca,41654,2010-02-21 11:42:50+00,14,13,0,39989
4391b11d991e7c9ad4f9a1a5a7ea9ed7f234643b0c883f49511e1394a5ab8ff5,41741,2010-02-21 22:10:13+00,106,106,0,40393
c2807194f82dc0fccab898df4a26c75a650ebb88f60c871e3d0e954776009bb9,41794,2010-02-22 02:59:20+00,181,180,0,36099
239776d96427bd9e741ddb9af6169ccd175a950c04704d7d251cd4d47b41b5cf,41875,2010-02-22 10:03:20+00,11,11,0,40826
b7afa0d7a151f7b14eace1025924ee2ed56c27be602c3114d1616cdbdd2e825e,41875,2010-02-22 10:03:20+00,50,50,0,40094
6635a60382ad493ea4ee940412bb9e3b69eb13eb0c09fe219e248e4697184fca,41943,2010-02-22 16:18:13+00,24,24,0,40999
f1f8a67f1787b0c2b62ad035df93b64b32d3cd9604452cc92f0bdc1141cb64af,41943,2010-02-22 16:18:13+00,1,1,0,41745
13da1da99dd674b819b4d9f9b37deccc16ab1164c06d348fcd63b5a859bac946,42080,2010-02-23 07:05:00+00,1,1,0,41879
89983fa7b2261f09da594653e84d8f7d3123cfebc915606ebf3d093f583704d9,42306,2010-02-24 04:20:07+00,68,66,0,36163
63a48cd42a1da4ef21fbce9a9a1073f6030d932a103023a633c24fdca3e092bb,42322,2010-02-24 06:03:53+00,2,2,0,41584
959b8785a042a4026050ce3953a3967f95ba939a0fe62e2e27f79df8b30f4a9d,42336,2010-02-24 08:41:04+00,15,15,0,41203
715f53f656441a155544c7a1e6fae8577f62c8c1c49bd463d581f5e51f79eb35,42338,2010-02-24 08:49:48+00,5,5,0,41795
1ca5f746e2ab3ed02b766ed33c88c3f231a63c747f59bdb6fd596e6faa6bbca6,42353,2010-02-24 11:31:14+00,7,7,0,41504
298a46fdf18f2096f822577b9661232d4cefba084925eb746939723647f8d18d,42373,2010-02-24 13:34:45+00,10,10,0,30340
9e2baa5e3ddd9ff276d1e4bbdf0196e8ceaf9b39c400a7e75b7dc3435daa9269,42493,2010-02-25 09:08:53+00,4,4,0,42271
a55a9d1c54b0310f09e5236161b0e1d1daa7099ab9d8f15acbfa79840aba923c,42539,2010-02-25 16:22:04+00,10,10,0,28713
40d9a058de289755794a08df6a6c30ca2b99b454c2d3ffc23d585573df9123e6,42561,2010-02-25 19:23:36+00,70,70,0,41298
4849b791e4c7923fa3d1005bf9c67046e909169a4dfc37229891fd4927681f86,42564,2010-02-25 19:53:41+00,59,58,0,40805
2301efcfcad5724c5f21ff30c672a20726424a212a96827b8c4c817f41d3dac4,42644,2010-02-26 05:58:50+00,14,13,0,41684
4bef79753f7665e47497ffa70956f11845f8caf79b3d8c61dbe1bedfdc78d83f,42644,2010-02-26 05:58:50+00,1,1,0,41791
b2bc5cc9d17c555f35166c2413e7ed2ceb39dcc6c21febd91c89e80158ff3533,42703,2010-02-26 15:17:54+00,4,4,0,41041
56561d07d06bc19ab58f07d42e9adeac483fb03afd91ddcc696ec336e175a5d2,42833,2010-02-27 11:16:25+00,4,4,0,42533
5ee671d3678da3036bbda1dc2404d9887c912e2b450632ebef2b261ef07d992a,42847,2010-02-27 12:42:28+00,5,5,0,41270
2d7dcf3cb653ca35e8c924630fdb065e3199e1ca670870034276a9f2c5c18ad7,42993,2010-02-28 07:10:13+00,1,1,0,42754
52093f1f0c88f21966817bc6593fcf3e2cb0c314099182807057e7057ebfb2f7,43026,2010-02-28 14:07:01+00,104,103,0,38320
965128991303869a4d735138976972748c0aa5759df8c26d9aa2198975312aa9,43026,2010-02-28 14:07:01+00,1,1,0,41012
dd3feed6c432837d035e8018bb68d446b1a6314b4a86224b11c3d7afa0e7ef2c,43233,2010-03-01 16:40:45+00,20,20,0,41992
51e57bc75c45c326d8dc1ba9a658a1951381c4d60824edd62fdf4ef06f718b39,43255,2010-03-01 19:58:00+00,6,6,0,40994
b06e5cfb3a9410f5131d19c8523179ed3381fe1fc36d319ab5eed6a53dcf0306,43281,2010-03-01 22:39:02+00,4,4,0,42894
c245fbe39c8a64b9671386ca262c9f3a9b9e20edbeb6b6c8a55b5d9d29abdbd3,43281,2010-03-01 22:39:02+00,2,2,0,43124
5c97f1f709e1779ac021e70cb3d55cc864ab1b448b2e16f2ea71415db0c9258b,43353,2010-03-02 07:16:53+00,20,20,0,41897
6c7eddc74271972c407cc5eaea4dab94a24ff86a08ef88b86ec5cea19e73579c,43368,2010-03-02 09:35:40+00,3,3,0,43136
7c7d84bf8d6e15cafbf8a534d44e2b244b53afe0a06324de636153e480c6bf67,43380,2010-03-02 11:19:04+00,9,9,0,42905
a46f4b40dc98754e498596be96e93ae61a2a35146f29477c2c4afcd29983f40c,43405,2010-03-02 13:58:14+00,1,1,0,42613
6c59b6a0267f2b097aa9d80a4b680274a4f71bb0123cad7b2e8e165a341595e7,43428,2010-03-02 16:32:20+00,7,7,0,43162
b25909968166569798c673d7e909c8545f214143bcb84da849bab48500b756ee,43522,2010-03-03 07:04:32+00,2,2,0,43271
0dfc2a0172f5bea3c412b86f0f71996b9d85f7fa9666486d65ad4a237b0ea2cc,43561,2010-03-03 13:04:00+00,1,1,0,43403
6c1317f85cb27707ea5c8ec974e04ca22e09aa06bd12e9422cf15a7dc69ae78b,43606,2010-03-03 20:18:42+00,40,40,0,42461
42f009f46e6885f90e5b75c016a42dedb46148935234c3d59bd8910862d12791,43607,2010-03-03 20:27:07+00,61,60,0,41337
0aaad829c52080b76292ebb168f684f264c5d4a092643063afaddacfb83e6553,43736,2010-03-04 14:25:07+00,1,1,0,42495
15293ee1b14f9a2c5041b8952e89aa6eca455c7a08a9f9048fbadbd5bae1c60b,43759,2010-03-04 17:36:55+00,6,6,0,42017
4681ae540cf953bf69ac890af6eba3647dcd3469b5f20052723a3ec3414ec2a6,43789,2010-03-04 20:34:45+00,380,380,0,14097
6fa70877f72b9311eee80d524ca5cf8c41a28e19a414071d398441f8bf946ff7,43825,2010-03-05 01:42:52+00,1,1,0,39080
448b5341d4b86c126e117705305c6c5e7d86577abc907fb6948dd4959ebc7267,43998,2010-03-06 00:50:15+00,5,5,0,43295
23709241a0faf3a555d10414aa6474683737c0773b2230f36ed28f1f9e8e5cb3,44006,2010-03-06 02:07:02+00,83,77,0,32261
2ead27a610299e97525f71d7c8c306f785f9e59cf580ddec05ce3322463ae3eb,44007,2010-03-06 02:18:39+00,1,1,0,41630
ee477959d5cc1b88292fafae0fe01d1fb0d6327e97b3d28b97f1faba1863b46e,44007,2010-03-06 02:18:39+00,1,1,0,41538
f2dbee88da7d7979e3a925d515e6936fad59a40c037075c87862e2dea79af5e7,44007,2010-03-06 02:18:39+00,1,1,0,41644
3fc672c493049743bcc7e8fe7febbff7c13e061da041bc1438e1123c5e09c730,44132,2010-03-06 20:06:55+00,2,2,0,43596
7b326e684500d5173e038e4e80a9fe38850c35641b4bcc3830eaa4406c07230b,44191,2010-03-07 04:30:23+00,4,4,0,37225
084b91126fe0e609d83f103df66ea98a66da46bdbb31bda1546d7d6545092b0c,44264,2010-03-07 14:25:51+00,36,36,0,42739
5d1548cd362511e543c00f77e8d48c0fb20d0765c1412965f574de84969a953e,44264,2010-03-07 14:25:51+00,48,47,0,42330
cb9f2dbc0fe964a572973e5e083bb2047ce1650e75ff15e98ab527f1d264e369,44275,2010-03-07 16:29:13+00,27,27,0,39599
053f4e02c34d647400b4d2dd11c8e99847cc158db79e74b506b6a2f53dfd23a0,44403,2010-03-08 11:04:38+00,2,2,0,43785
400d727346ccff39c9dccce8bda901071c22afc15f8eaec941343536fc08b8dd,44410,2010-03-08 13:01:15+00,164,164,0,31434
12933cab6cf6e11ef68761d52643e4c181cb9a41d820ffd61b6a47ede35382bc,44427,2010-03-08 16:27:43+00,8,8,0,43519
eca6e6cdcaf18ba2d5b46aefac35c75042e8ca89123d6712d896c1b064853b0e,44431,2010-03-08 17:15:21+00,6,6,0,43058
d6833f627286108e25e458d26f313feda099d825b5a1bff53faf761372524c64,44496,2010-03-09 03:06:00+00,80,80,0,41868
7287c8f6c41b952e970c793df81b4d1922b6c4ca2fc7ce85824ecc9dab427914,44611,2010-03-09 23:28:23+00,1,1,0,44448
fb29062e29f11f7eceef3f7f347e9585d03fee4415b50dcdd0f1261d00584853,44644,2010-03-10 04:24:00+00,17,16,0,42565
b9bc739b0613ff6dc57e0fe0efb072d86afce22ae9796e1aa566c2384d1dc00b,44708,2010-03-10 14:53:36+00,1,1,0,44323
9b3a82b182b324f679c1e7335c158b44edb91fdc0bd7ab310f93920afa0c733a,44734,2010-03-10 18:58:02+00,1,1,0,44600
b19d1d08b5d186e3c1390aeb8d0341fb39cc2ccd4c90a1757f09d6fe756465d8,44734,2010-03-10 18:58:02+00,7,6,0,43995
c5f892b46d438fb557b730bcb56bb2a944d7291d98fa770773671e0a25a4001d,44734,2010-03-10 18:58:02+00,1,1,0,44215
aa33d4296e0fdcf6d344dd36db5c299faf9509b2ee1dea1fbd2aa712cb93afd3,44743,2010-03-10 20:05:49+00,14,14,0,43698
8a6b80df4ed32d4fc9a9dd6bfeb3ac80afe54c848361d40a81793616bbf6023f,44825,2010-03-11 09:47:48+00,20,20,0,42304
b06a113113fea7f72957764e1ec092b85eb0fa83ee7ebd41552bd3da08df8f99,44833,2010-03-11 11:30:45+00,35,35,0,36521
16c9c709a4122fb1684e974a94ffcb80db8f90c84764d448e6bd30330ea989b4,44838,2010-03-11 12:50:26+00,9,9,0,44369
859f5636bf34817d87eeb4ed49f88d054a7499c002e5240724c7cccd2c039c3b,44929,2010-03-12 02:56:07+00,5,5,0,44659
e39be9aa3581cd6450fc69861c5f8f88b31148c5faff56337027e4722290a64b,45024,2010-03-12 23:29:32+00,2,2,0,42869
fd83c249d838537d77dcf0d0db4634ed16dfd2128ebe874245cb2ce1b6ab2a52,45137,2010-03-13 15:32:38+00,36,36,0,40019
d182fc017830ec961a4c33cfba204e467bc6bb74a0c95b690dc943374b6426e7,45189,2010-03-14 01:04:42+00,7,7,0,44897
3c0f281e51ad32a8969e918316ad3dafe7df41e2236b2be344ba223c013ce72b,45326,2010-03-15 04:10:36+00,1,1,0,44687
db8359ba953a11f69881628f440a7e056ef5821622ea8d5ea61613939f91f3df,45404,2010-03-15 18:15:26+00,1,1,0,43428
f15d6bf055ddbe61c32ff2f19339550659c43d6c87ca7db7ea223ae2e4860635,45469,2010-03-16 04:40:43+00,2,2,0,45195
d26b0ab34c8c207a09022d8c66036179b8ab89f6697155d2df7c47e74a649753,45544,2010-03-16 19:35:04+00,3,2,0,42858
123ec0928a43d2aa07b5bc66ca19b44d7d9df36ef6d3e1464bca347ba83979cd,45561,2010-03-16 23:30:53+00,20,20,0,23516
a10b6cb33b3840f9ce4a0f755e98c08e85da0406542f03e0b2429321fa396452,45614,2010-03-17 08:21:55+00,20,20,0,30217
abcac3103cbaf87ae0b30768c3b189027816b26a419ffcdeeb7404d1bc85a4ed,45634,2010-03-17 12:59:26+00,1,1,0,45468
31178ebd1c8815e807d660ef7e0427b64fa6c47dc16861d0b01ce920b00df841,45689,2010-03-17 21:51:52+00,4,4,0,30899
61d2c82526a99df6cd9423de6eaeb950c40a411d0486c1beb23ea55e13c311bc,45795,2010-03-18 13:37:36+00,1,1,0,45602
2a588a861975cb0740cb46663506227ac14619a048e901314fc58bf2431ab6cb,45822,2010-03-18 18:54:44+00,4,4,0,45440
82879a4efc84f4fc29b8fe8a2dbb7f4b4d81fee159f944984dd830b3343435f2,45829,2010-03-18 20:15:25+00,1,1,0,45685
a9421835035f88425588f0e1ab3b288d2620272739754c2f037e81bfbb90710e,45829,2010-03-18 20:15:25+00,2,1,0,45688
2c29125c9dadbe50bd27250beca6011d6c9733d4cf9c31dd2bb54f032583bc44,45832,2010-03-18 20:51:30+00,1,1,0,44249
65e9b2460bf8a90d96287e7f5e46cb4143f2703eb68c4ccd44c7e9d7bd469616,45834,2010-03-18 21:44:57+00,69,69,0,42897
c480a6cd0b74d5c7c9830cffd51eb76803ceac36f92acf54cd2625d85f6f7d7c,45848,2010-03-19 00:36:43+00,59,59,0,41807
8641df23e7b94b2cdc62dd60e8f17e4310f292c0210d1dcbfe8a108280b41f61,45884,2010-03-19 06:57:36+00,1,1,0,45751
2408f8c17da73f49671ece5baa4db119f4b621ee89b6d2d99ceedc0389a30591,45895,2010-03-19 08:46:15+00,3,3,0,45672
c8ec5e60a2f0f00d0c6378c631215c5b1834f4282c89866e2ba0d22dfc404ca2,45903,2010-03-19 10:12:41+00,1,1,0,45771
2938c75f2a4bddf45867889a155415561d5b728461c5044638f28f4a5ad7678e,45928,2010-03-19 13:51:38+00,33,33,0,43954
3a39cd3b5c4e2926b8e93635dba244aed46c4aa6183b677cd7a746e3fcc07c0d,45935,2010-03-19 14:46:00+00,3,3,0,44678
2184f25600968660a289206d375516ee60c4c437128fb068eab0d1e7e94051c1,45956,2010-03-19 18:46:41+00,1,1,0,45777
e262b1410e1212cf925fde8b81fcc2422d0d95fbed15cfd205a6d2b4f4e6141f,45967,2010-03-19 20:06:32+00,24,24,0,42873
a23a57752559f59d505a142f53e8dec67f5d2a705605d8f2593bfab22def568c,45994,2010-03-19 23:30:52+00,2,1,0,44913
b2f3ff51e60211bf72d23993bf79fbef498db02dc6340b539c03cb8615f9997d,46027,2010-03-20 04:00:55+00,4,4,0,41573
8c1a0f50513e47296969a101096033ac7369a4858f4cf01d2dd224096a215b2a,46045,2010-03-20 06:27:37+00,1,1,0,45918
e57c1c3838271d2806d04787f8e4479ded63d507bf96456603a0464566cd24cf,46062,2010-03-20 08:32:49+00,10,10,0,45066
d67d62b862afb0569a8a399afcba7c0392cf8c4ca64dd69744b11f7ee22d8fdc,46109,2010-03-20 13:44:44+00,2,2,0,31536
60fafe414f5ea50c3e0661fb9a1919b019265a175bb5fe0f03e480ba27f13c98,46121,2010-03-20 15:10:20+00,15,15,0,40519
f00b68c8afd64de2c2582b57e337f3981537e1536716d238a2c18d0241e1d642,46121,2010-03-20 15:10:20+00,20,20,0,40434
c3821bd85a211d8cc076f1487393ef1d345cc38ac8d13b9e0910b7a1a4c2beed,46129,2010-03-20 16:21:11+00,2,2,0,39523
6477a88f0196e1fcf6c608e446be62c708556f34a79d169fbb05b1fee92f5761,46161,2010-03-20 20:13:52+00,12,12,0,45127
da4eae105f03e5f67ffa14066b0b20f6dffc7c4b5c8fb86cc1a1c58c3016061f,46241,2010-03-21 06:54:40+00,1,1,0,46074
fa59d554ad0a18241980ede2e2fd86dbd43192eb5b931a60150e31b77549b363,46241,2010-03-21 06:54:40+00,1,1,0,46065
17e6b078c283e942b3ac4a88f695a3b7103bc22fd0f007827894fe5da447f502,46323,2010-03-21 17:38:33+00,1,1,0,46198
7edc0f68f3a74cfaa7db56c9a36b08b60c0a208b6158e6deacbbffd4e98852bd,46326,2010-03-21 18:38:59+00,2,2,0,46085
18c69bdbfc3e6602b1fe88826d21c08f7894bbd65b016425b9da5ab3482de5f7,46369,2010-03-21 23:10:06+00,2,2,0,46210
f5b1990250de95741712c16d55eed2e1644aefd8c9b3e55b5b32266a3a8b8e18,46376,2010-03-22 00:37:27+00,1,1,0,46240
932a361ebc59b78cbb4c3654c5c60e558be3afcbc8b3a080332735b4bc3600d6,46429,2010-03-22 08:22:59+00,3,3,0,46039
819f2d972d15920256cc734e04cb954c2231134aef48b12009bdae1538e01060,46455,2010-03-22 12:31:21+00,20,20,0,43620
6a294334a9e4344c71a0eece913e8cc1043700e3a54a74100f51b82a3b6e9220,46457,2010-03-22 12:55:58+00,3,3,0,42540
5d4a64f471ec9b3fc84f5228f6b9a1b6663b6b1da264377b5c134b62f1451e6a,46469,2010-03-22 14:41:45+00,2,1,0,46251
f6d68f61444eee8e6cd32a6b55cc2d75faa30a4ff773d8e69eac11ec1fae74f3,46469,2010-03-22 14:41:45+00,10,10,0,45869
bd6e2f11dd711ebbc9d61470922c6c32c5c51be84cd7ebdf2697c7bc50ca0e2c,46471,2010-03-22 15:00:18+00,1,1,0,46300
5a9e2d301cd7d08b1a920d262d4b0ea4e3fd0a4b4e28c8e104470f031d79f787,46559,2010-03-23 00:53:28+00,1,1,0,46408
c945e8e02aaccb74f0a12fac98ffeb57d9e3f235d1819df28705690e1d01312f,46559,2010-03-23 00:53:28+00,1,1,0,46419
4df5f41e4d6f420562745f31cdb5a09a6f27d76763a9ff6b51e40cdc3c6b6148,46569,2010-03-23 02:00:03+00,4,4,0,46313
b3887150bd7fc9520421148f85edc566d5b25d7b2e72610cb96b1ae76796675a,46596,2010-03-23 05:05:39+00,2,2,0,46458
69b6325410ed3c04894a33f855cf097975b09b827226f7e565bdbe86c5b448f6,46614,2010-03-23 07:10:58+00,3,1,0,46127
3a239e74da540553cfde09fcc3c8077fb01207c3b1c8040168f1c8709008cc4c,46654,2010-03-23 11:36:02+00,7,7,0,45978
2520e86f7923df2a265461d75819b28d38be6febe787e605b4ba98705a3a2317,46657,2010-03-23 11:48:06+00,10,10,0,45279
17417f61d4c386e8409eba95c0b2348142de6388a934404e51866b54b928aea2,46673,2010-03-23 14:55:18+00,40,40,0,30118
a299d79ed22cf63a316303f04371f9a56d219299624f35aec447c17dc8faa503,46676,2010-03-23 15:15:10+00,2,2,0,45534
eb77f409c8fff155201c6fae2afc358e167f90f45ecc1b6e906922ea272397fe,46691,2010-03-23 16:35:14+00,1,1,0,46562
209a81a715240936fe69cae7b41d5ffed9dd82f31e169e4d66d938d19e8a85df,46728,2010-03-23 20:39:30+00,3,3,0,46409
99b4ffa2f1ae50a3a77e24aa08e1afb65fb89931e5e5a8aea6dc918ec2f8d87c,46752,2010-03-23 23:00:22+00,2,2,0,46594
8263a32993dd9b699641175df9a1e63844398a9b1628c3c21fc2b0bd477da4ea,46783,2010-03-24 04:12:39+00,1,1,0,46620
d45876c905e82fe3518fe43a765b37d533869a7f5b4659dda511857eda061c21,46794,2010-03-24 05:05:05+00,1,1,0,46673
cf3d581d6e2e150342bd0a6adf801468f7f5f1d3f45b1d87e24666e6d8ef2487,46853,2010-03-24 14:44:53+00,1,1,0,46466
23f3a607c7e207418f32c29f21ddf07daa4850fb813fc2cedbc6e844024bf7bf,46859,2010-03-24 15:25:09+00,2,1,0,46739
352bfcbfb9e4f86599a67efb90c947fd8e387c38a87cc8f4b2c0d5b7aec1ffc8,46859,2010-03-24 15:25:09+00,1,1,0,46445
39a7cf8a69891b86fabdc779b1e21d7c97522efd2954d7f26632dc0d4ff767df,46859,2010-03-24 15:25:09+00,7,6,0,46388
09088143ab46b7c0b5b2ff7733840001ca52fb279afe6ddc88f8e93872ba1eb3,46863,2010-03-24 15:55:54+00,1,1,0,46726
cce00bf8b04da19d7f13167c03fbd67ffb66f46795a60b3f372a4724c49db48f,46863,2010-03-24 15:55:54+00,2,2,0,46730
9df488a83284e6166940443218ab9f8be96aae838ca7bab764e9c71d3573d547,46866,2010-03-24 16:18:14+00,1,1,0,46741
e91541348cbb04eb31b206d225eac97b2af54e119b7e6d89e80dc139a5b2667e,46881,2010-03-24 18:13:06+00,6,4,0,46021
90b00cdfd5572ddf0f5941d00d2e0d1a5c32736faae7c9d75d742c31f6018be9,46919,2010-03-24 22:01:19+00,10,8,0,44225
c25496c3b098bf4802c40af244c9ce99595d13a88aa4a0df0da74c00d10ae5fa,46974,2010-03-25 05:06:23+00,7,7,0,43951
11b8cc0f107aca335d21a066d6bb72920acb96cbcf3c79f5e70d21df664be1cc,46976,2010-03-25 05:39:05+00,1,1,0,46850
1889d93598a0736ed8cacde7834c3cab17797c433b4845f09f330cfa83f52a6a,47038,2010-03-25 14:53:41+00,1,1,0,46867
e364be49287204d1ce238dc182c9d13e906314e7527a076759eafc544085ff13,47038,2010-03-25 14:53:41+00,1,1,0,46848
af53c84f5366a9e907face201cc1734edbf6ea8e75d1ec809f2d79fbc441eaeb,47041,2010-03-25 15:03:01+00,7,7,0,12833
a723955b2ad5f6ee335c30e4a1b440d548d958dba1b23145130a5c5d13e82697,47042,2010-03-25 15:15:23+00,1,1,0,46870
d7b87a3e44b836a45e2a2dc2da5febafd3741f86f1da187ac46cc9f55e6456de,47051,2010-03-25 16:39:39+00,5,5,0,46406
9c3bb48bb064524cdd02b15e319d21a9c5b82ab9e817a2939ee6e6c4514c6b99,47062,2010-03-25 17:38:51+00,140,140,0,44175
efbb301dceacc853135d72d8269db57f5eded7cb1d4661efd8f7e2b214172b54,47062,2010-03-25 17:38:51+00,161,160,0,44151
eba46da607d544669ddd0262d908039e37d95f0a1fcd8b44b9cff66e6329a4a7,47063,2010-03-25 17:42:44+00,13,13,0,44623
4e157f6063bc6a4e347477fb4b22396c01bfe8c32ab6e961a876c33444036c77,47068,2010-03-25 18:24:34+00,1,1,0,40709
abb2a7edd700eb04f2ac3da0960a14cf3b5ab7d10262a1f57e93dc010cf1d1ea,47068,2010-03-25 18:24:34+00,2,2,0,46796
3fc6a4afd62d342fef3d5238e97ca9fbd06a627538d229850f28cb0b94a2a398,47071,2010-03-25 18:31:01+00,2,2,0,46932
db02e14a49a91ea597f4137e99a27cd44dd760f023930baeada1f266afbd949d,47099,2010-03-25 21:50:39+00,1,1,0,46849
84f020e9d3bd378f611de44546ba0c6550f746bcead14cb381fd58eac2bb582a,47136,2010-03-26 02:40:49+00,1,1,0,47011
bce51af9c9f723160fe9df572ac6643760a5e1880ebd0be03605d597943e6fd2,47136,2010-03-26 02:40:49+00,1,1,0,46991
39c3dc009d56820300f8e5f51c9182aec0da2600c546fc4ecf9cd36e95205d6f,47138,2010-03-26 02:47:34+00,3,3,0,46977
01d6b4354cca4775d78560e05a2d802df0aec6a3fc0a940d93c0044ac0867703,47144,2010-03-26 03:48:53+00,1,1,0,47018
a18691f33886f121860fc4927c2488c83bdf146fa314627763e521dc86c0c18f,47160,2010-03-26 06:08:38+00,1,1,0,47036
4d67ee35cbdabf8b6f403a75305895c032fcecf9b366d0fe81c92dad02e8077b,47163,2010-03-26 07:09:05+00,1,1,0,47042
f2ef239a31629b501fd7230a45720d33ac8fd09d746288a88f2ddeb2628db4fe,47163,2010-03-26 07:09:05+00,1,1,0,47016
6707c2ceadae4bc06d7699687942bfb5456b0688ebe306c913b95f7cf7a5ee5c,47193,2010-03-26 11:09:59+00,2,2,0,46643
87661a3c78a6bbb4fc93786a014e337a02dd75c27a39632da5bc57b7079a6a4a,47225,2010-03-26 13:48:09+00,24,23,0,46048
817257dc4f22bfefb910cb5307701b356a4c7ed2ccae9816103f0c66aeecc331,47227,2010-03-26 13:56:00+00,5,5,0,45999
0e4872bd8972707a8e8c2f48878a387cfacb4b82665cae25ec06a91896b75a8b,47248,2010-03-26 16:07:33+00,2,2,0,47091
8a51efd15788185b8b7fc370479d6556a8075e88a6fd1e88d0d4ae7f0ef0e99c,47248,2010-03-26 16:07:33+00,1,1,0,47081
f22c138f5d1d8512301e6731abe4fccb5b9673c7dcf9820bd7f880d3be25d9b0,47248,2010-03-26 16:07:33+00,1,1,0,47057
5e801fd10ec125a30fbbadf7d67b4dbc5244bad528cdcc31bc4845195197940d,47273,2010-03-26 19:37:35+00,2,2,0,46978
6c70714423881d52c26ee88f14ec848f4a01ea29a48dc3fc2dcc4cedabb47d18,47273,2010-03-26 19:37:35+00,27,27,0,45878
6cbf09c0659fa167eb669324daf3b21e37a367e1745d6e94d1ccaddcadc8285d,47301,2010-03-26 22:38:50+00,3,2,0,45438
84ddfc0611037d9118642b9bb619b9504436fcbbec86b292f35c9f4ac05cc2e1,47321,2010-03-27 01:07:03+00,2,2,0,47118
8033e0175ef8371cdbeeef07c2db24b6218cdd9356ae221389086643abc3cbaf,47362,2010-03-27 07:00:23+00,1,1,0,47200
a518114e23d7dc0e08d1a909e7cbc5e8911409b31bb099533682ac8de7be9520,47419,2010-03-27 16:00:14+00,2,2,0,47263
ba65da84b75bec4417c1b5162ede0083290d9e251294d7490ee81851ac7ee30a,47419,2010-03-27 16:00:14+00,15,15,0,46123
67c84a1e03cb0473fc80f73b16d61c4ef8fe4831116f1064ba89a825e5635740,47438,2010-03-27 18:23:50+00,1,1,0,47301
541ffae75e21b2af8f9a5909b85161a7c4e8e8be539ff58012ec775a3c2946d8,47494,2010-03-28 00:16:04+00,10,8,0,12836
54ac55b4c81973b525430b75d1e44d6cecc2f4414eeed13021ba51e00d98da4a,47499,2010-03-28 00:45:52+00,1,1,0,47376
3f0a14355e15b3688cb200946cb14d055000bb58eb688a31a7f885791e35f726,47641,2010-03-28 19:02:53+00,2,2,0,47144
3e25271210cff1d1ca5cb2f21f0c0012a72a7f5b34fb097d257f4bd0ef26753e,47642,2010-03-28 19:26:03+00,3,3,0,47431
85b7a4202b445ec8163e7c473d857c73976f450173cb4cdd3c2bb8c2f5487653,47642,2010-03-28 19:26:03+00,1,1,0,47506
566e0df4c348964c0faeaed4817a5c118fdb16df2e971a2869d0bbe64f00c069,47756,2010-03-29 10:10:43+00,20,20,0,44761
e9dcdc37fa9a7ad67eeb54b71cb8332f00f2831ef9b5c91e30bc16b78060d6df,47800,2010-03-29 15:39:20+00,1,1,0,47619
1aed1bca7d183f4f7b55112d88f9c0249cdbe4fd5f5b12e87da583e09cd8b92c,47805,2010-03-29 16:25:09+00,10,10,0,45151
99198d813019025ea8f76df5e6d1de1cca1fb7d282ca05a1f6ece26c806fd07b,47805,2010-03-29 16:25:09+00,1,1,0,47581
e7505495a997f0671e78ec7304875620857e0e323d6bc24580933ea725795e76,47805,2010-03-29 16:25:09+00,9,9,0,46606
302f98d755467706844ca4a95a7e4f0419d566ca98e67ecf56105c24c8305c19,47808,2010-03-29 16:36:27+00,10,10,0,47221
42d1f5ff66142b44c33914d631076c75d4da23ebee2e6c536fbb2c03d1bffac8,47809,2010-03-29 16:39:13+00,11,11,0,46621
173df6b31470f402c4ddadc603efd70f11b9e9f9c047382c676447833a608e28,47811,2010-03-29 16:45:26+00,1,1,0,47271
f5b09ada4094cf91ca892bf78292a84d63c2e9cac6de1f3a61d1a039b9e8a05e,47811,2010-03-29 16:45:26+00,2,2,0,47241
33ea6e92015e3b459a58f4824618895770c96ab7cad77a6e0f1c98af4ac215de,47831,2010-03-29 20:24:34+00,1,1,0,47637
4bfd819d23be3d2e1a2be97db6bd575c26d752a94737a74c15d94771082f43af,47849,2010-03-29 21:16:09+00,1,1,0,47718
9d952abdac7333e4dbd0fd985140f8de4e4f9761157bfd6c908f87d891f14fdd,47915,2010-03-30 05:13:55+00,3,3,0,47740
3c98e20674c103da2e36fc5233b7ace68c87cefdd4f7963e930064995f481d87,48005,2010-03-30 14:55:07+00,4,4,0,41427
ac67d0cbd5459e9cad7441db2d07cedee8d65391b81b80d6908b84df7b65e2c7,48005,2010-03-30 14:55:07+00,1,1,0,47855
3fa5e73810eaa5cca77fc7a0d0656cfbcde8be7fdc99a5b12a89f6f2e8120fe4,48014,2010-03-30 16:15:32+00,1,1,0,47877
c85d6eed527928b0913b546d3cd98817a1e47ada700f6597e177b750d43211b0,48075,2010-03-30 22:33:10+00,1,1,0,47923
d78c0f15f229f368e0181bcfcdcd42bbeeb53fa69a3c58549f29a2ba50831cf7,48075,2010-03-30 22:33:10+00,1,1,0,47951
c7e6ab02548dcf25ba27ca3aad2b6a0fbd6591b7ea4c67f03e938f13f5026024,48133,2010-03-31 04:28:17+00,1,1,0,47989
ff4d819d3905a726a082267d1ee76099a44ca7e4f5ff2498a5a6efd8da173826,48133,2010-03-31 04:28:17+00,1,1,0,48010
05c9b94ad48e5a80594df8a9a6f6ab4d7329019b4445a8fef3092014ff73ccb2,48144,2010-03-31 05:42:33+00,16,16,0,46567
c290945c04bec7550809e134fe67aeba98517bbf85f0aede9d37b259cd0bf4ec,48164,2010-03-31 08:02:03+00,1,1,0,48034
8cd9f081122067f41db92bb949c58d584f72ca3a93d86f3783d09bee5b4b7d30,48243,2010-03-31 18:27:26+00,6,3,0,47208
81e905e7b684de2ecdc1f8ffb95593b0f9c31337874bc6688740c8317caa3835,48298,2010-04-01 00:12:31+00,1,1,0,48084
bbbca632cfcb51725b9ea9cbce0c15037a70d6abc976e2b1c30bfb6ba7e1b72a,48298,2010-04-01 00:12:31+00,2,2,0,48143
e7a61931cf9b5db6ab8cc69ceed6603fbcb66c3656edb150fad89e62b2686dd1,48331,2010-04-01 04:15:34+00,1,1,0,48211
25352197f4e934c6a5eb64a76e991bfaa89d2e8f5668515378603d5326e79ad3,48346,2010-04-01 07:02:48+00,1,1,0,44552
e855986b950667cfa66712910bf64d77250feb566b7c7d7c7d3042e153e94e3b,48361,2010-04-01 08:42:53+00,7,7,0,47509
b83ade26b3111abb9a6254de892ecd65d5bf9aa795d2d3f7926566192b0f90c7,48395,2010-04-01 13:18:15+00,1,1,0,48274
aa78a11a011a893fefb585732ff98095b30db314adc9c8805703d3d256947f38,48417,2010-04-01 16:30:26+00,4,4,0,48227
294327d1692abe6a1c8b326ac822ea33aa5ed4dcef93e1556328be24680043d5,48419,2010-04-01 16:45:29+00,2,2,0,48229
21aa43421953adecad2c7dcd6a9a8ffb2eb708408d9d7c1295ac273bec3676a6,48453,2010-04-01 22:18:39+00,1,1,0,48301
a1b830697ee85657138eceacb9baa328b9d28b9ec7089e26e678acce2e421fd4,48453,2010-04-01 22:18:39+00,7,7,0,47217
c7ad72478eac849e6079d0e6551af8e61ed3de8aa29c35db8201520eb3d50822,48453,2010-04-01 22:18:39+00,1,1,0,48327
2e8250e9f3f8043cdad60f747982275fee2a1836ebb48b2f620d03371be8e3f6,48471,2010-04-02 01:28:48+00,4,4,0,47253
99bab28329e5d9e0b106f8326607c0fd6f2b75b9c34e4af5f20bb43a5b30cadf,48485,2010-04-02 04:09:27+00,2,2,0,48350
44fb2e21ceb1df70153324b8523230ffa83bcae421123df088e96521c3519d6b,48499,2010-04-02 06:43:11+00,2,2,0,48306
cbde79496f1c86396e1d2bd9afe579acee2f0370e0256e949314c1f76e3e3837,48543,2010-04-02 13:20:31+00,11,11,0,47739
1a6b4ea4fd137f6f68fd819e714e36649e453b0edeb55b592db128eab073736d,48594,2010-04-02 20:17:52+00,1,1,0,48459
0d7511c5e861e0f1812d0adb4d4defa83a9fa2d2b9bd814f715117776e4ece78,48646,2010-04-03 03:16:37+00,4,3,0,48253
2c7216d17ec4ec08f6a7fcd449ffd98c2e44f72aa17856cc0a03ef92e1c2dae4,48656,2010-04-03 04:36:43+00,8,8,0,45255
4fdd16125bd9d873dad1b06f2898e4f8efcdff6bffc51dca8fc60f93aad8f9c1,48668,2010-04-03 06:03:05+00,10,10,0,46759
ce7612ea8b22a86342a9b7f01e1afcf7c5000acc4ae9f95378020f73df2f36f1,48739,2010-04-03 17:36:12+00,2,2,0,48443
2c3fc0e6b8f02edac870691ade08104b1227e9c3354cddf423581591c244b654,48757,2010-04-03 19:55:27+00,1,1,0,48608
e6fbbe27cb0cbedafecf9f48d23cdeb2ce3a872d7e24924ee2a9ccc1dcb7e11b,48792,2010-04-04 01:21:12+00,1,1,0,48659
4867f0b18766a428442579e624c8d9e43f16709fa76f9a2c77a1b12eda728a2a,48807,2010-04-04 04:12:48+00,6,6,0,47727
e3ac0fd6e626d1f24c2f621702e33fde6ea2d1a63caf701573a26b5e6b46a2ff,48808,2010-04-04 04:14:09+00,1,1,0,48319
3548dc5a5a69e2a1b9eb059b9931544c755fe70ec3e9feebe1297f36e6b54440,48810,2010-04-04 04:48:29+00,22,22,0,47917
5a3b5a0815d6a7f20d64857272f779d405bc958081ed55d6a4e5b4b490403bbf,48810,2010-04-04 04:48:29+00,8,8,0,47947
dff850980c4b3162f5f73fd0caec172f140f80072b88e9845360eff1d0297de0,48839,2010-04-04 08:14:45+00,1,1,0,47968
418b84d7649055411d8be4e241376a93825c1d6248a304ae693060b3007a43f2,48890,2010-04-04 15:24:27+00,3,3,0,13316
87a4aa5e3f4eeca471c80cc5c62679ec6bb0dba4ace0c7a831b4f61a1ef69367,48899,2010-04-04 16:34:13+00,1,1,0,48708
aa8dbfaef5d42957f65b0786402aa102032f573e7f731adcc4289827be908d21,48918,2010-04-04 19:44:37+00,1,1,0,48794
d54d6fcd37905a86629c647b2c63da9b55e3e664623b10ac07e5f53ca7086ed6,48918,2010-04-04 19:44:37+00,1,1,0,48795
93d91951836a5eb71ed49539a619702834a5adef15a157d6a5b0a7893d2ae33a,48952,2010-04-04 23:49:23+00,22,22,0,47157
8cd6336ee6a0bd221c98b8dd00899a5e43ecbe4c6da359793bb8c14614359682,48953,2010-04-04 23:59:59+00,2,2,0,48807
710776100f1dc0fcbf1f8df65aa44c12b01fc756cf7109cced0cef1f6fd70fb3,48973,2010-04-05 02:20:40+00,1,1,0,48847
2022a65dc23d1c09bed1b7cf36c99f61bb3bffe623f069c85d9775b72c9c7f0c,49028,2010-04-05 11:01:25+00,3,3,0,48687
48e17ddd5367c15a0a464ad7b26db8703bf176931d8bae00a75fec5f0053d5be,49032,2010-04-05 12:02:20+00,7,7,0,48710
70e3d790c0beba827ff287620a0b3e2a0a6fadeff12bf66785174d9343ee3647,49035,2010-04-05 12:21:20+00,38,38,0,45817
c758ef17b100446c756a5fb5110cfe5444931e34298bff76b04986bb3f5f3d48,49041,2010-04-05 13:34:57+00,3,1,0,33238
3ae5529388f7f6ff3aeb6d82a17a7a6a9bd93f48f8750c51be97b025d9a3ac6d,49042,2010-04-05 13:37:55+00,1,1,0,48781
98b1cf31f0c6386187aa98194564a1201e8440564e731c123f57bfb7900cd185,49050,2010-04-05 14:43:54+00,1,1,0,48876
2475273a08d5263bfcaf4546a7e702cca3adf0da022ed4b82245ef6e717ee44a,49059,2010-04-05 15:47:01+00,1,1,0,48923
6488df3145ca55940bf31cfa285d786a3f59796c64c21ffea7fab90ac5540c5c,49064,2010-04-05 17:01:27+00,4,3,0,30732
17e8da5f925adca60826b6f2d3bceb6a5f10e749c94f65046726c21ba9ada788,49076,2010-04-05 18:41:18+00,1,1,0,48947
2b46c095c68237c4c2ad1c9f27b410408ac23bfc3f21d2a6f3d4acf664130f3d,49076,2010-04-05 18:41:18+00,1,1,0,48944
6043a32be2320fb5d4d99886d2df3064e83d23d0f34558f7da2177c61f2c7e79,49076,2010-04-05 18:41:18+00,1,1,0,31534
7659bd30329d3fb31c839f90c3095370e5c0d7539a13be96f5917237f23eeb1c,49076,2010-04-05 18:41:18+00,10,10,0,30015
476cea5df959785aaf976b32687010b8d7d36cc37a21b71def03fe2a8e1e0428,49077,2010-04-05 19:07:44+00,11,9,0,30341
1b9e7ec585343d54dc4d758b329563f41d6a38d0695af6d70e0387c26818e7e7,49086,2010-04-05 20:02:31+00,2,2,0,48915
a92c160054777ce9ffb57fa27f5ab7ae46fa8fe9715ef49375d47f16e66d4ca7,49091,2010-04-05 21:08:53+00,1,1,0,48966
d08395d250d0da58f59dedcbfe02bed6667d103a93573d778f5b384bcfc5bbcf,49091,2010-04-05 21:08:53+00,2,2,0,48962
252cab241aed16d68c4a01a09ee12349ef55147ebfd12746891ae50f149163e7,49096,2010-04-05 21:25:36+00,6,1,0,31506
246bf97d96de2ecee4577d3873a6f7d6e683bb57f071597e9b220ec21fbc3a80,49099,2010-04-05 22:47:07+00,41,41,0,40030
d4ce75e58e24c6c18b0509114bfd9bc44af8f8967b336f9a78433dcf55eeafb1,49141,2010-04-06 06:06:16+00,20,20,0,46340
346d6490798a8137f16429a65b7e618e7751c3d37bf55c8fa5a918cabcaa2ea6,49147,2010-04-06 06:31:55+00,1,1,0,49017
910c03cf6a5375e264fc4d4c46d59ee4d6f5f7aa054ff66f799fe69c8260392c,49159,2010-04-06 08:13:55+00,24,24,0,47189
ceb03d250b2e788952d9e9aa218e0f14b55e1c0deb669e1cb37616e67efef7ea,49161,2010-04-06 08:23:37+00,6,6,0,48379
9d47ebfb5dcb9784ce4657b24f67f60d4e1402211dbe6c4782dde87d13aab1e3,49174,2010-04-06 10:06:40+00,34,32,0,30327
e639148bd8890e91dfa36a1cddba46518acb2722bb9a33623bb569f8b79db8a5,49189,2010-04-06 12:17:34+00,1,1,0,29194
5308a9b9de937ceae8a9d14efdac53b0c1de2b14b722f0a127d00106a96f9e49,49202,2010-04-06 14:58:18+00,1,1,0,49029
766e6c846b6ca5c52b4a2504b31b9932a6edbd0289c3d1a89d185f0c288eeabe,49237,2010-04-06 20:34:53+00,3,3,0,12723
39bb4d67eea07ff9fd47d0dacb5e4b0619a08552c649028c8e0184a86da5fae3,49254,2010-04-06 22:42:41+00,3,3,0,49006
a5f029ff2b26af428f75728ec32b748af9f1df7fcd9aff0dd134dffb5ad02d22,49255,2010-04-06 22:56:25+00,1,1,0,49135
ec8411373071e0073ccf09904fcde751cc139f31930a0ff1ff4bda8a67780e14,49255,2010-04-06 22:56:25+00,1,1,0,49064
f29d8f0821da5abdb08ddd04207bb44484b0d5756d7a78f68d2b0390f4c89c2a,49286,2010-04-07 02:50:03+00,5,2,0,45684
ccfad6050154cc0f1b7b5e79dc18a0a9794a706300ee5fbe33ca93734c960a7a,49291,2010-04-07 03:19:06+00,3,3,0,49127
6e08ebf4f39530fa92a607b2cd3bab512a55e94b0dba5af20945a97be0e8c8c0,49297,2010-04-07 04:32:14+00,40,40,0,29963
a3bab67bd64d90eb55a118f9f62e8bba405f2699a409cca7be08218d90875714,49317,2010-04-07 07:29:10+00,1,1,0,49186
b1ccc290ece8c6e6162f8dbc9c95600e2a0a4f1c6bf806cbd4560fbbbff74c2f,49387,2010-04-07 14:30:11+00,40,39,0,29921
e0f227e51463da16492bfa8ffd4b19387b07d410217aebad8d510dc54c6d18c4,49391,2010-04-07 14:44:06+00,2,2,0,49125
6d683906572e2a4efff7004be210ce1d57a9ff42a2cbc8fd0c769f7418c4e142,49395,2010-04-07 15:36:10+00,1,1,0,49187
47b1eed0bf709f464f82e54051676d73658ab5fec2206763dd00ae9f6988760b,49396,2010-04-07 15:38:08+00,1,1,0,49272
df4a6ae09c845f032f7f1ec9635874811404bdc7425a491465c6a13a3e4c18ff,49396,2010-04-07 15:38:08+00,1,1,0,49248
d86fb8a5abddbb94c229bf25733bf844b43405509b2889839363e2b433f7120c,49418,2010-04-07 19:29:57+00,9,7,0,49034
8ef28249e5d50230214bded5ffc7769fcb3c6d937779a5aabb6a4088e1c8b78f,49517,2010-04-08 06:35:31+00,1,1,0,49242
ca5e0b0b6a97d009edcf88241cfdd693c475019745c9016f92dcd5e4963723a9,49554,2010-04-08 11:18:43+00,1,1,0,49367
6a042f4f46b7044de80a95e6db5b3ea722d502e018ae1662170f1940ddaf09c7,49559,2010-04-08 11:34:13+00,1,1,0,49411
56a96d9841d22764287c9a37cedf97c47678690c2507e0ad1cc5e5539080cafa,49579,2010-04-08 13:48:27+00,5,3,0,31565
8618e7d091092af614a553e83d2f0a48e1084c5608f80575bd2e1f49e8675cc9,49594,2010-04-08 15:52:17+00,4,4,0,49345
b650cd8954a275ef8c5c4ad627122ee22f3e4c9629dc3ea2191b7ec05fa7916c,49594,2010-04-08 15:52:17+00,2,2,0,49373
ba69e05211a97b3e48bcb4bdcc0f384344e8638302a81fa5f5837e5379bc86ff,49597,2010-04-08 16:24:57+00,1,1,0,37781
cdca3688aa84cf8a4b7d696aa52500e7e3f07c066cfd326bc9352a64af38d3e9,49597,2010-04-08 16:24:57+00,1,1,0,30329
5b624d90948b9957e0456a0db388c8e9680c810a22ce548597434ce6ae1f420d,49601,2010-04-08 16:51:06+00,32,6,0,48242
6ee493b6ec06e601c7141f1e768e98bdc07944fed47e50dc47d09fdb4a08d253,49642,2010-04-09 00:13:34+00,5,5,0,49246
c865c713de19288779ddf7d3e0a80a2e912b1cca2c18d5bbdf5e7ef5405953fe,49642,2010-04-09 00:13:34+00,5,5,0,49326
dd497bac8e5f0b258a3ae52c8d510f3b7b4ea6591eb263923e2a977071e66f28,49705,2010-04-09 07:37:57+00,1,1,0,46517
4391ebcbb8b5f9f84d93d9289be34096bd3d0452783429bae11f31fa086a81d3,49708,2010-04-09 08:26:31+00,1,1,0,49570
112a85941dcdf7c3f9719d5d9efd9efcd94cd7d6d5a512b73dbfe3c07441c3bc,49715,2010-04-09 09:54:27+00,2,2,0,49417
d756af71ed108eb4dfd1daa6db791585de2fd6bb9d10bff3235fb679e4f1eb31,49717,2010-04-09 10:12:58+00,26,26,0,48885
a98240dead16a9f04b438e7497266f24fda469d6530b0fe8f9dff401411e96bc,49755,2010-04-09 14:54:50+00,2,2,0,49553
ee73e60a2fcd92dd433a85a975ac63d8b4d0852ed2a90771c2878ff6950a8b92,49790,2010-04-09 19:06:58+00,4,4,0,48826
d8ce1b7a8c046b3da9abec708eb530317a823e0386c6080bf9552b246d0af2d8,49792,2010-04-09 19:18:10+00,5,5,0,45929
b8664fa914f4d478ab8824a8e3a93e3d67a50810296133f58e64d2ce87fbc21b,49795,2010-04-09 19:40:18+00,1,1,0,49671
f3717d621db9b4f26d62f1ab49212fbee526f615da6178c3b2ee5213658cc7c2,49797,2010-04-09 19:49:41+00,2,2,0,49562
1dab240c95b9f44e00687bed644b791c7871cc8f252150c32733b6684b599481,49798,2010-04-09 20:00:07+00,1,1,0,49661
c7161c1c29dd70dcdf292d643dcaa313d8cea3d05191f51e5e885acc7adbee93,49819,2010-04-09 22:48:10+00,5,1,0,46308
f2caac7783863d2d988c793bbda02de53101c99243d3f1a653bd0f7ae82a83ce,49826,2010-04-09 23:35:47+00,2,1,0,49096
8178278a815de9b2eb7ad99a8f66a13de6217df9740d9ce349b89f922b738fd1,49827,2010-04-09 23:37:50+00,71,26,0,46379
19f7901fd27803bb871dd80c836bca7624bc9665775f74ffabab6aa5b37cd1b0,49838,2010-04-10 00:28:02+00,2,1,0,49672
7faacd66f9956017cb0bdf95fc6d64672412698463c216912bfa47607fed3240,49847,2010-04-10 00:54:27+00,6,6,0,48970
d8365a870930228e5d61aff7465c7d4d175fcf8b84a13cf2ad59fbb127f4f15e,49858,2010-04-10 01:54:25+00,8,6,0,48598
e3c88e927c3daf22669278c3cdbfe4b5f3cecf31904b3b37cbca334182430f16,49859,2010-04-10 02:15:12+00,4,4,0,49535
63a6d73208d3f07f15014881988fc4ac0c65ca37e99845cba377ab3702dde147,49872,2010-04-10 03:16:29+00,1,1,0,49751
67b1a656c0b2c8cc8871cb6febb25da58dfb14f9878c2c79f2d4f0fd8acbfa37,49875,2010-04-10 03:30:09+00,1,1,0,49723
30f040467a4d007cbbe7f9c4628583a1f2a9a6c8996c8632702d0060a440f81c,49884,2010-04-10 04:09:48+00,1,1,0,49721
3ebd3a3d29a79525d99438ba70e46bf28b43b18a59dabfb53e71a6d3a56820f4,49884,2010-04-10 04:09:48+00,1,1,0,49658
73baeea01e1ebd40b45d38296129b49ad6a83727d9b97c7ae3b42cef38342155,49884,2010-04-10 04:09:48+00,1,1,0,49666
75d729482500a919ddf9fb71d2cfc7ebe417aa61f755ec910411ee179395d5f2,49900,2010-04-10 05:35:43+00,1,1,0,49676
6d6ab18b93d03d02d50d24b321dc1321ff273153880b49ec9e19ab9a382ece02,49902,2010-04-10 05:48:40+00,220,220,0,33127
fe7aa48a3fec5cb242473358623fa72067ad2a1e4cfc5e62754d393a0935b815,49920,2010-04-10 07:11:17+00,1,1,0,49780
0005dc67508a538cf66aad65bdc1249dc5e369e2b44171e55e3642dfeebaa0c3,49929,2010-04-10 08:14:30+00,1,1,0,49605
0e2859bfeab7a8937a7e2be12690cc16aa35fff372a52c5f6f4824c33b45e491,49929,2010-04-10 08:14:30+00,1,1,0,49713
25232c7218d6b2106bae865cc63f27cdfcc4c2d793e8d1f5dd7292c65657639c,49929,2010-04-10 08:14:30+00,1,1,0,49616
da22f9136e29be4ad7c09d2d26b8a44fbf72e4a1d81056d65e8071ebf06d8d6a,49929,2010-04-10 08:14:30+00,1,1,0,49716
c689e5f83171725133904b705ea0527bc1dc960abb6b8abaaf0e514f02978146,49955,2010-04-10 11:18:35+00,1,1,0,49799
de3ec611a66a89c7be70aec287e3e63570b8d0cabed8f65eb3bbf7f73bf44e01,49957,2010-04-10 11:38:55+00,1,1,0,49777
42ebe18e0337f365aec6c0d624ae4b6e8b30c5973efe6759e54da7fbde00a72b,49995,2010-04-10 16:02:35+00,1,1,0,49866
d08324c419d9c515319e7d20a2cdc8bc545008562bd58d31c57c7ae92c75138f,49995,2010-04-10 16:02:35+00,2,2,0,49817
7940cdde4d713e171849efc6bd89939185be270266c94e92369e3877ad89455a,50001,2010-04-10 16:31:40+00,2,2,0,49774
f84761459a00c6df3176ae5d94c99e69f25100d09548e5686bd0c354bb8cc60a,50001,2010-04-10 16:31:40+00,1,1,0,49830
b24d0b39bb06e8405d3658e9b74a6efb2c7e8898fa2205a30a19a390f12d816b,50047,2010-04-10 20:28:41+00,1,1,0,49901
140efd6a72a1c48d15b09418ee73115a95e6805a59bbad796cc6b56b3b8c8945,50077,2010-04-10 22:34:18+00,2,2,0,49938
eb7a4771777f44c275c4148bddd2175a634afcd959fd9daa5deb590820897f67,50078,2010-04-10 22:40:44+00,1,1,0,49956
0a919f926eef187d63282af5cdddf9f7adbd619a4f1c22f16598897a791c741c,50081,2010-04-10 22:57:49+00,4,4,0,49895
b0eb2da2ac3454481e949f895eacf6af53e4632316c73bdc03c7cb9a372e71c3,50083,2010-04-10 23:15:41+00,2,2,0,49785
db32ad272e94f833a32f4e7853268f282db4b275959fdd43833820f529536022,50083,2010-04-10 23:15:41+00,2,2,0,49886
a5ade50a0534a5995592d0d5e949e96c96d283733a811a412df1fa0e8ff92b8c,50091,2010-04-11 00:04:52+00,1,1,0,49928
90dfdd37056e892ce908ee2ea864193dc31cd71aa3629bb58c73d657bdf241e8,50111,2010-04-11 03:19:31+00,1,1,0,49887
400cfe3f920eb8e20e3f532fad430dd77999e1331db6c76e2778a0a08e45a8d8,50139,2010-04-11 06:14:00+00,1,1,0,49835
bc993a21210376bcbc7811dc65a02a0b9eeed163923ecc150d01928867878997,50161,2010-04-11 08:11:30+00,1,1,0,49962
daa66a5da7e8c71e8ed937d7364323f74e5e0ff33c55970394ad4eb8d58abf63,50161,2010-04-11 08:11:30+00,1,1,0,49993
9e978e654073a219b4ea1a1a733fb00063ebb2e7b11684e7b64916d3fed24fdc,50176,2010-04-11 09:37:01+00,2,1,0,49986
951789ebd17417ee4c43f9ce1dc725943f573e244e58c3e1b1f9a0a156f506c2,50185,2010-04-11 10:08:08+00,1,1,0,49832
c6b628d523b0d52a0c7194b01500435523adb3c207f97c5727c1e7aac58d4e97,50193,2010-04-11 10:32:02+00,1,1,0,50023
c995b6039f836f39222020cf0b387227e3358074f4e62cac853d718576060bea,50193,2010-04-11 10:32:02+00,2,2,0,49971
21402d641188d8056723927c0c3fd191198b05e5c7d1a4cb7b0b39874ceddd11,50213,2010-04-11 13:20:58+00,1,1,0,49939
3043156c3112ddf3de57506c9e9aad3a2c316b2a5453b21aea1affa9c8d017c7,50213,2010-04-11 13:20:58+00,1,1,0,49896
54caac6a59a0849365e887e50ec40255d2ddcb9b2176475c96a468e5e32b6929,50213,2010-04-11 13:20:58+00,1,1,0,49919
616005fcf034e027e79f005adc1ef484d8928edf91539d841dffcb1e021a9fba,50215,2010-04-11 13:37:55+00,46,33,0,29725
10821d3b0e9318a764778604aca1dff414430d318dacf2a20e5ba0297f234dd1,50242,2010-04-11 16:08:06+00,8,5,0,49842
aee0d7f914043f7ac7bb3602feb5a5239c92842d9c366017838acda16df45a26,50248,2010-04-11 16:57:23+00,38,33,0,29751
8d0e7300fbb85cbe39afaa6997cdd938989abcc59ae7d1aa782d68810f7d0b21,50259,2010-04-11 18:00:21+00,4,4,0,49975
48096dbcd659143abb7803da83332b5cb29f5da46af8eccc71a9414b560ef1ef,50265,2010-04-11 18:19:35+00,5,5,0,49894
c6c29fff87304715960be6c25e8d5d5f27fb9be7d0e22cb0b4eb7e36f7fbf07b,50265,2010-04-11 18:19:35+00,9,9,0,49970
085a03785163c38fd7c19ea2de190ba0c72d76da0287fce2342c80bf979ef7e8,50271,2010-04-11 19:01:57+00,3,3,0,49712
49771d2a614d3b22e353e11999a69c0f19fa93a40ee9843a8f30b6e1320c6c60,50271,2010-04-11 19:01:57+00,3,3,0,49660
9eb28f3f5bf590a16d3ce28b3de434e93b6bfc721601e0672ebdc25bb58b4257,50271,2010-04-11 19:01:57+00,8,8,0,49749
b40f926a9c3dcf5a6b7b36d4f8f1e3ad2408d34e8ec8780c59e88fd57e9230b8,50271,2010-04-11 19:01:57+00,7,7,0,49565
bc2be1765a38f604376e16d84f5ba233998396f9cb8a5b186e26ee4587b6dabd,50277,2010-04-11 19:26:35+00,1,1,0,50140
4fc406a8ebe678a2e7c5c4fe9c09fcbe95d24476e52a7eff614b8086913672ea,50287,2010-04-11 20:40:38+00,1,1,0,49760
889b9b3ea0d50ee1eaae778297e0458952806f12bc035491707d8e8d338ef770,50294,2010-04-11 21:07:38+00,5,1,0,49995
59d4b2fba53edc6ff723dbdd3fc9e25c0c206c49edaca7326fa030ed12c2da94,50296,2010-04-11 21:30:42+00,4,4,0,50039
aae56195ca1ccc63a7adb7f0ce0982e87353c454924f6364e5f484cccb182fcd,50296,2010-04-11 21:30:42+00,1,1,0,50126
320cdde6bd6ae4caef01bfebf82904c8988cfae7dc46b5df3a9130c928f9369a,50301,2010-04-11 22:12:33+00,1,1,0,50104
9393d807b7aecedd22efe374a9d7da879251ba5185591fdacfe6823975313b5b,50301,2010-04-11 22:12:33+00,2,2,0,50088
a37eeeec8a158d76d7983a5cee32803920c38afce47f3771a15ef07eefb1e81a,50301,2010-04-11 22:12:33+00,1,1,0,50154
532ae4285010acac849245335864aa9b279d163a94cb9a6a79833b5bf93f9155,50339,2010-04-12 02:58:43+00,1,1,0,50211
5acc375ae9be8090befb3bb8d9cfea034f93f34a839f792f024c8feeaab424a1,50339,2010-04-12 02:58:43+00,2,2,0,50187
590b2a2374ff45092993a86a0043bd48fb8331e86870caa5ec131d750de9e9e4,50359,2010-04-12 04:34:54+00,1,1,0,50190
fa9a8ac995c12e0910d9d58adc2040c650ea128dd0be3a67f7850c49f1324356,50359,2010-04-12 04:34:54+00,1,1,0,50197
220edc6a7c7604dd6bf5dd96e39033d5f08d0169cbb038850b6e98e51cad2c30,50365,2010-04-12 04:52:51+00,2,1,0,50245
b51e4ffabeaf2af7e6c48525bc5b9352276978c4c0c39b3e1e3893a5f81555c7,50366,2010-04-12 05:00:05+00,22,10,0,44626
668673bc0332e320fa6678e2880002b094636338b76dd1ded6be57512c367f90,50412,2010-04-12 10:05:47+00,3,3,0,49902
04116421fedd8d1648f440242f4a4ae8efd94a26ce988682971a70f5dc7ede52,50413,2010-04-12 10:20:23+00,1,1,0,50102
3592c9a12c24803dd9c83d1cf84396a9396651700e4810556d22e94e5550413b,50413,2010-04-12 10:20:23+00,1,1,0,50160
49cfb6ca93bac54af925c780a7d19807334f5cd22ad844b9880911b90d78570b,50413,2010-04-12 10:20:23+00,3,3,0,49892
4c7b10c815201caef4c38851fa08fdfc36242cc6f66bea931026ffd88d3097ff,50413,2010-04-12 10:20:23+00,1,1,0,49874
7a07df5ee73118593458556d13686bb4ae7df7cb3b81358132252c4cd3ff630c,50413,2010-04-12 10:20:23+00,1,1,0,49880
054d941a833c8f2eeabb0f8ddb7b2c0921eb3581b15190073c592c2dd1c3d196,50424,2010-04-12 11:15:45+00,1,1,0,50152
4ac74858042c7911fd5d7d6f23f1192823b6dfc3edd2d5dd3ea67d593fc65d1c,50424,2010-04-12 11:15:45+00,1,1,0,50151
6d0d907083f0835e03297f6828e0ddcdded0b034e122f9d071ccd1d5eafd104e,50424,2010-04-12 11:15:45+00,1,1,0,50277
530dce1730f2d44be3aeda00a24f72848d16cd3f6c53fb1ea0d2449cc8aa4435,50425,2010-04-12 11:28:46+00,1,1,0,50234
86c9a247fe4be6b7b2b5761a7eccb16f4d824105d4ad3c93c82c50a45a79a2eb,50425,2010-04-12 11:28:46+00,1,1,0,50145
f679502baa376c110ef9981413bfb2157102588d02357950e3179265944e73b3,50434,2010-04-12 12:40:02+00,4,3,0,50195
098f5328b5f443045043bed74ea5ded17e79781decba55ac76e9b1c928ac9e34,50440,2010-04-12 13:31:44+00,2,2,0,50130
a51afbd4d089496660f58e0a441cee1ee3617835ef6abcedbcbdbe85185e184f,50442,2010-04-12 13:42:57+00,4,4,0,50146
d067dbcf92fcc89d66b9a0afe5d383bd5d3c4f254a90457b5e7e7aa7b3c9f4cc,50448,2010-04-12 14:13:03+00,9,9,0,48191
9ddd60c0e5cee89b0e75ebd8f85980a22848f66103a837f2d0069f965dd5efb1,50457,2010-04-12 15:09:40+00,4,4,0,48329
abee4aca16ea13490f189eb747c0d128965bd89082bf7c7405289140ccd28ae0,50463,2010-04-12 15:53:13+00,1,1,0,50221
10917955b6735da74c85df74d88594b7f2530488cf427a0ce0420346bd5f840a,50471,2010-04-12 17:05:34+00,17,5,0,49747
3edd3677f7a1c25eda6c1d413f613038f880fd922cb4c70face0e652becd70c1,50471,2010-04-12 17:05:34+00,15,15,0,49550
9588bf8dbefb105ec270c2ac14cbdeb6fd53cd6b37efc2480effb7c227115978,50471,2010-04-12 17:05:34+00,8,8,0,49572
551e29b6339b26d021a8e950d7703474c9c15759df2e02680751a0bcce1c9a2b,50473,2010-04-12 17:27:53+00,12,12,0,49548
e6121389c93a1de7645b7f4d28098b0d4d713339a6026d16bd85e3e8cdcd9bf3,50484,2010-04-12 19:02:14+00,1,1,0,49960
4207c4b7e3d8f8e298ce6683f2c566e455226df57d9ad090b6ebdbe963a78be2,50497,2010-04-12 20:42:00+00,2,2,0,50330
9a80fccd2965ec160ca481d8c447982481d495f642dff2d9a3602244d90db6f6,50508,2010-04-12 22:24:43+00,3,3,0,50339
65321e322939a617a001d07dae48b41f86774b12a7c66bec4df28e7c0ecdb175,50509,2010-04-12 22:53:11+00,1,1,0,50332
fb60abec4a2bd5cde85a4a6c5d28b23384680672f38bbdf74715d37d9161ff35,50509,2010-04-12 22:53:11+00,16,5,0,49734
274f9982c16a0c90d73e49e5e660b13580f8845d96988d8e78b7f45bc5e02c32,50515,2010-04-12 23:31:01+00,1,1,0,50393
628693b2c0290ab2531384f2ac665fea3a56c66bed7f646cf678b4bfe2bc77ee,50516,2010-04-12 23:59:38+00,3,3,0,50333
a432fb57c8584059d4ed2662485ef0831b068f217b6cbd56373399e46fbc2b45,50550,2010-04-13 04:40:53+00,1,1,0,50391
b26b0966deb78a5bab6423852544be2daa2d63dd2ff7342b3b3da9326215c58e,50614,2010-04-13 12:40:53+00,2,2,0,50417
89a4806ced91b086c15f45b90917b63264c0cf2d11b1586d84ac76c3cd5b3d38,50618,2010-04-13 13:05:01+00,1,1,0,50475
d1c4b5d51774a5e04743f2bd0c8bf425358aced3948dfbbf0f83ea5190b61b82,50619,2010-04-13 13:08:17+00,1,1,0,50471
b6573017f9201cb0c0fcb484f22583f4c7dd2379f58d28b906147fd32b31ff46,50620,2010-04-13 13:34:02+00,1,1,0,50497
be2e262bea9020730534551328158b6276e88c8caf06d9a8938dbd8a4d318fd6,50634,2010-04-13 15:54:28+00,1,1,0,50253
dd7e10143717dc37a7a4ca4e04a50d618be68c039ad402d1a86f2234e8194cde,50634,2010-04-13 15:54:28+00,1,1,0,50508
f47a1cdda48caa297c20503975bc7fd96237ae745cd9baf0154feef8a5ca3779,50635,2010-04-13 15:58:54+00,1,1,0,50403
1b41cdf25e2a274c19d0f6abd03ecac0e6ed4dc8340a5555f970a934af4f3fc3,50638,2010-04-13 16:23:29+00,3,3,0,50239
309cb716dc2dd41f0c66657d17b36ca4d4cc2190a374d1094d8b3a4b93f4ac83,50638,2010-04-13 16:23:29+00,1,1,0,50266
8a604773a673a3b756a135b2563e90498a1ac1fe069656a71ba7ba0c326e8452,50638,2010-04-13 16:23:29+00,3,3,0,50256
c9c7c03b3f0126c2750065e5f2aefe2c757f6b156fd9f46830b916ba0e945cb6,50638,2010-04-13 16:23:29+00,6,6,0,50216
22aabc9421ee8e4d4c3a935f12ba73dabccd67438a956a24079b65db05bd6789,50639,2010-04-13 16:42:02+00,2,2,0,50454
197077b08dc65d50ac727c05733f454bc1797c9f308a4a34791d72c870fe1135,50640,2010-04-13 17:19:13+00,1,1,0,50276
5e890ff63ed1e7e1487d230d9f6f362244f270f46748b118f352c3b4009627e1,50640,2010-04-13 17:19:13+00,1,1,0,49898
72e96e1b2d137e0075c92cb5d910877fbd1b77bc87c369344dcd081d6b806fbd,50646,2010-04-13 18:11:51+00,2,2,0,50426
72a8e7492700430316a007381bf0a597b11332d47383e4d83ba98c21c3968a07,50674,2010-04-13 20:25:04+00,1,1,0,50553
d1c853d5da014a5742b730c54b73fd618eefc1169fa7659a9082dafaabbea403,50680,2010-04-13 20:55:17+00,6,6,0,49583
0a5dbcb4a1fe2069ec4f611c58a311500e744134073c3d41e2abda6c8d4d3a0b,50706,2010-04-14 00:09:15+00,4,2,0,50399
9ceb3985bd6e698256f054fcd57361668750b1ca228cf80d059d9a0863a1df40,50706,2010-04-14 00:09:15+00,4,1,0,50559
558686f320623d674dc8d6dd0c571ab1e6025d37fe0b002ce4b0d90dccd22ef1,50716,2010-04-14 01:47:59+00,4,4,0,50254
5af80c7fbae0b3e90432236a60024434aae2536bf3748a2da2f9bdf7109d6e30,50729,2010-04-14 03:47:41+00,1,1,0,50485
d99ab7616e7613b45332406dbdc85ba758ea761f4a5c5f02c135cf01fdb09f95,50739,2010-04-14 05:45:47+00,12,12,0,49695
c38bb4aeb40bd0f4bab29b1ea97af7e57b3dae435160435b2f696966bf03a845,50750,2010-04-14 07:00:55+00,20,20,0,46442
36f315f12aa5dd223225fcd0c3e25182be193f3d5a29c0290142040391ca034c,50772,2010-04-14 09:42:09+00,1,1,0,50572
43cfd9480c21426e048a08d5cc92ed697310b29f22492cb6c4dd664b0fdc48f6,50772,2010-04-14 09:42:09+00,1,1,0,50652
082181066d8be087a5d50987e9ed436d2bc8367f50437fdafc983527007b4121,50776,2010-04-14 10:15:39+00,1,1,0,50597
ea1125710e6d72413d2788af4f6cffa55115237a3e08171d23ba776b6482e673,50776,2010-04-14 10:15:39+00,1,1,0,50463
f62eafdea4175b4d02b190e991c1dcba94b644ba18655652fb0aaddeef3b8e01,50776,2010-04-14 10:15:39+00,1,1,0,50455
be896ec390f4181566b66991e2795af1de16c0e1efdb233b2813389db117388c,50780,2010-04-14 10:36:57+00,5,2,0,44330
95e252e29deb0c8b480a6aba3448eb0213222a6eb8c4d2ab92bd71397db1e374,50784,2010-04-14 11:06:55+00,1,1,0,49573
d90e593f4f1d4d74a80de771e2c0759448c9b6ca91151674be7e055c68c966a0,50792,2010-04-14 11:39:36+00,4,3,0,49471
e168c4f8c84a2640cc8db5f0231e99bd73bd4ea88899aed5ccc96469b548a367,50802,2010-04-14 12:47:40+00,5,5,0,50582
1f611c7fe54130a525a81d9fed48e42d6faaac4652996187fa2f03c630569db0,50813,2010-04-14 14:08:36+00,3,3,0,50521
ba1b2e2a964018f11d8f9c2dc930f1f29d86b9deebcb620d6fc5f2e5bf34419b,50831,2010-04-14 15:56:15+00,4,4,0,49584
db4b3fa13e107705bb68071741a62f0fe46bf5d695542dd39b3a5dbeda7abdae,50844,2010-04-14 17:43:28+00,8,8,0,50360
6ca14d43e811c45821c1ffe58d2a8ba8f0b95a1fcaf065ffa0ae50e3ebeae567,50847,2010-04-14 18:20:23+00,4,4,0,50388
a322d591d3746430ea683429fd75fe35915f6bac3866dd8d5db631a3feb97e6f,50847,2010-04-14 18:20:23+00,1,1,0,50210
554319e513999d47dcbade3b12b17af3b4b82f967238331babaec667ff829bf4,50864,2010-04-14 20:37:06+00,2,2,0,50619
c46470f16c379d28ec5b594ff2df0235e29a071e9098342e43e36df2c091aa0c,50864,2010-04-14 20:37:06+00,2,1,0,50462
e35f21860fe04aff3796060e4f4e6f85893657cddbb4bdb51637768883fa5eb3,50865,2010-04-14 20:45:36+00,1,1,0,50623
5b814a1975904429606b0bc4922139fc00d763b6f283a8e3c52fb7434072cc80,50871,2010-04-14 21:52:33+00,2,2,0,50587
1109649defae653c110ffa8c0155b152fb1ba9fefa71115a4e3f643f139469ae,50898,2010-04-15 01:23:19+00,2,2,0,50157
5cc20f21c8401e416398c79ff4b44a6104e7d5d39a93929e90ddb566c26b93dc,50918,2010-04-15 03:31:33+00,11,11,0,49814
a50a72580e82e91c9eb3340a36ef07e9c84ffdeeaa9d2e0a54758689269e3577,50923,2010-04-15 04:18:44+00,2,2,0,50768
afb1aa30534d8a3aeb33995e6b50a24bd1286cf86ed049e316751a7d3a07bfc8,50944,2010-04-15 06:20:29+00,1,1,0,50763
298d7c2d5c4dccfa5e2e0cf02bfee06ffb7396c1406d8f7908691b1ad9a8c0c6,50960,2010-04-15 08:23:52+00,1,1,0,50241
8b0b21233a4da74759810bd71db542c28d427fb7a535d3e127f577d00c9a9683,50960,2010-04-15 08:23:52+00,1,1,0,50161
aa9cde587eb14b697e31b6ce8dc6310f59eacc6fc46d85f53d29b9d6443af193,50960,2010-04-15 08:23:52+00,1,1,0,50283
c41c1bd543df64ab196db24547d4f6b8cad019aaa22776fb48dc3358d26fb1b4,50960,2010-04-15 08:23:52+00,1,1,0,50300
f0f324d5dc73292d16fc2f25eb7c9386aadaf7ce9d8e25ddda172a4aa295caa2,50960,2010-04-15 08:23:52+00,1,1,0,50452
f2e83235b8f466c5044ba1f6a0cc63d110cf292db22d299f9b3a898d9fe326fe,50999,2010-04-15 12:17:57+00,3,3,0,50787
1267dd1114115f71cb4d4d9ff51fc71be4ef607341be54e964364ff26dd388f7,51010,2010-04-15 13:31:48+00,6,6,0,50748
10635f7a08beb3cd6bf0872281258765902db7deb480debfc4a228f8e04687ab,51012,2010-04-15 13:37:25+00,4,3,0,50796
01b600bd1f31271316b982d97624a7ff504e4ce2ec917eb19f7d4cc03506741c,51015,2010-04-15 13:47:19+00,7,3,0,50494
348854861d5fbd1f718f0f64bba5278ddb7b07e7c776402029525bbafe547231,51016,2010-04-15 13:55:26+00,1,1,0,50893
be48c45610397d56ee3eea812cd9be6884544fefc50181120506ab6d88c0a25d,51031,2010-04-15 14:55:20+00,2,2,0,50837
e5be04a4a1717d0f4272e3aee75c91887a12486fa274317ddee9eb5e8e89a019,51031,2010-04-15 14:55:20+00,1,1,0,50896
082c12e5e7b2ab590bc644186155c89354e52d27c6fe73e8c3b21625d50e35fc,51036,2010-04-15 16:04:33+00,7,7,0,50552
e1d3f6b5241044a4100c285fb81536b60467ac2b8bce1276262e507bee3efc91,51039,2010-04-15 16:52:20+00,3,3,0,50451
48af66273ca1c7a884eb33eadab7aed3d0708d5b4439aa6805049cb0d81d2369,51049,2010-04-15 17:56:27+00,391,388,0,10396
e9bb8c89bb252807718ef510af484ee0be6c9c2bf6246913ed241d192e457394,51049,2010-04-15 17:56:27+00,183,178,0,10363
fde0939a23c5e106e73f933a4991619be0ecd249ccea4d864bb770bd184c284f,51050,2010-04-15 18:13:56+00,10,10,0,42674
da44eb5903f2208244c83610a4a6a7892012b4fe7efd8b1e84a3587bdbebf355,51057,2010-04-15 19:18:08+00,1,1,0,50910
1ac2b9f3b9f1da123900bf45bf4794515b66012591e34bd2ed8866e5866f00bc,51080,2010-04-15 21:59:00+00,1,1,0,50932
c26e6f5707be1720cdf3023127072b4943f6b67f8520ab840b9266f1586119cc,51082,2010-04-15 22:04:39+00,2,2,0,50862
8576ddc04cb77749212e76547d24c1682939d7ddbca078245333d799611bbaea,51087,2010-04-15 22:29:43+00,1,1,0,50915
f858580c5a7eed29e7f32adb4ef85ae33dfd88724b6594d68300fbab2ac97f12,51111,2010-04-16 01:31:54+00,100,95,0,29802
ba8b33973fd3cc3378539e6d1fb1bd49fc8aa7d8c8a510294883b7c66c7538ca,51140,2010-04-16 05:21:02+00,4,3,0,50811
4d442813c8d283149b08f82a28ccfabf6344556a35d7ce030b795e42e2551d99,51155,2010-04-16 07:21:52+00,3,3,0,50963
7cc0cbef6c2914a6267befa8175920658091a105fe1ff606d550ee88ead6e5aa,51155,2010-04-16 07:21:52+00,1,1,0,50975
51778908f54ec4b98e1c2bdfd0fdbaf928be05c5b3a24e0333b7a7678e7e9f52,51157,2010-04-16 07:49:09+00,4,1,0,50917
164ba199c8e4ef2180290efafbba6f7e5f0f1462637b3b1a2f24eb754cc3b88d,51162,2010-04-16 08:14:26+00,1,1,0,50509
5af7fda6dcc50384af647e0097eec6c9f489ac66b65359edcf65682dfa1cd236,51162,2010-04-16 08:14:26+00,1,1,0,50479
bc79237234f57d7c7484ebd2da95fc81a0db54c2636d1e4b4be0d9f8493ab979,51162,2010-04-16 08:14:26+00,1,1,0,50173
db6926197d348918e2a41fd13930f66c2f8a76771c553ccc096f06e64a80a75a,51162,2010-04-16 08:14:26+00,1,1,0,50142
f232fa0df591502f0a545d7c02703d772b5ef5a8684be262b2255e0d93d5961f,51162,2010-04-16 08:14:26+00,1,1,0,50872
121c666b3c152484950a2ed222c5eb6496063aadaa8b0c7096c29384bc32c5ad,51172,2010-04-16 09:17:05+00,1,1,0,50989
947d98109b401f3865a59a136934189a7c69be761952ecac7a2c7c171d584205,51172,2010-04-16 09:17:05+00,1,1,0,49624
a839f728881d1787d841fa34586ca84da92c8289875025e21d8b776fa88a5f76,51187,2010-04-16 11:15:45+00,1,1,0,51041
1631717c8d57ef30d05f0a283d17ea1a41a2c004b4b85db11d47d099cc3596c3,51203,2010-04-16 12:43:42+00,7,7,0,50805
b5a4c5d880906102a6d22900d9e8cb5fdecfcfd7326b53dc588be791fe40f46d,51224,2010-04-16 14:09:12+00,1,1,0,51048
ce9c4a59d44e15773c557861403146cbf28cf54aeb5353cfd772554f7d232ab5,51224,2010-04-16 14:09:12+00,1,1,0,50927
80e8776c848ae4297c7f848dfaeab9268be001643fccffeeae163d6469b7ca1e,51225,2010-04-16 14:24:38+00,8,8,0,50964
381bdf7627d6453b52d08bd9e339b538d7b3648eca3e5a83bc20c6601bce1aa6,51227,2010-04-16 14:36:55+00,4,4,0,50570
129e3b9840499f42ef48313b92aafa82a366a1b3a6536bb17c023fa675c2ca23,51232,2010-04-16 15:10:08+00,1,1,0,51045
c87b122071cbc259c7e407172d727b4b9543901c1c2ed30f526abb2b8ec2b75e,51232,2010-04-16 15:10:08+00,2,2,0,51065
7afc55223d5ba1e566685bae4b8c33f253a36ddbac6618f31c0cab7bc856fdcf,51240,2010-04-16 16:32:26+00,3,3,0,51019
ba3e663d1d308e868f8f1e302f4e8008eca8d7d181c0dc6a7a4d8a3a5c0b3adb,51255,2010-04-16 18:23:31+00,54,54,0,45811
1c207a6db258992ad694e3a2ccdad1ea9403abe4775c6c4e14a4fc5e95f58f12,51274,2010-04-16 19:33:50+00,5,1,0,50934
f4b5987ea61ea2856710b9c0b6921e50df063fb162912bb5a626941dd674db4a,51276,2010-04-16 20:10:07+00,5,1,0,46169
1665d1aab516947d5c5dd10c6ba7814f95079a6f20d955278abd65faef0145a0,51289,2010-04-16 21:23:55+00,1,1,0,51136
7263f2a2b98997e5f68e2d485b497bbf50457f7ef3b8c8cbd817eb3816c98e93,51297,2010-04-16 22:11:02+00,2,2,0,51095
94adb9ae7ad8c12171dee7b58589e0cb392260764ff5a64cba903e335c3152bc,51321,2010-04-17 01:58:55+00,1,1,0,51142
8a08e0f2d9bc03b50444d11c347ccc5191c20aeb911844ca4b731ffd0c0a4257,51332,2010-04-17 03:11:31+00,1,1,0,51209
1bc8442849b12026475a07799285188fe11f7fcfe3eaa32fb71dc891fcccae84,51336,2010-04-17 03:36:16+00,1,1,0,51210
8bccb2e4dd9d871983159f185931a5c9757ee4b70e420825fd2dba501865fd13,51343,2010-04-17 04:15:27+00,4,3,0,49458
3f6e6f73aae0a1c2357d56b28ef9e0df2901da253f0f76cf2091a2a6d0dbef3d,51349,2010-04-17 05:12:18+00,2,2,0,44383
a104f1adb68a21cd1f18a7c28cb238a0d2143a117b8180e90ccc3d3c90febb01,51384,2010-04-17 08:53:33+00,1,1,0,51137
33125ca90e378cc5c0d5943b7e26a7ec96a8a0da063b0a2b34cfa5ad6a1570b1,51386,2010-04-17 09:00:34+00,1,1,0,51251
50aabef07ba2fbdf76ff9c7995eaa9e60fca1fc02590931133a2f7d10945e897,51386,2010-04-17 09:00:34+00,1,1,0,50719
c396f903ce43c5a1d866ab2a17508c1a882887e032824441e2e4433b79a59baf,51386,2010-04-17 09:00:34+00,1,1,0,51202
f0ca312f72b170fef4c3ce44b98aa6d5a9ddc669788417f5b027eb30e68a8f0a,51386,2010-04-17 09:00:34+00,1,1,0,51005
b64e46e44eaeb893b3987cf49d1bef0283c7bb73eb33779ed472844be10a0d7f,51423,2010-04-17 12:45:42+00,20,20,0,49249
775263a3e19affd1741e6b75a5703e3f7ee1adca5a4ae4a9ad9646c05f53b96c,51426,2010-04-17 13:06:20+00,1,1,0,51115
c5280ea8f72b4b16d74112b5d1a4447505623cab4439f821bc883ed4ea441205,51426,2010-04-17 13:06:20+00,1,1,0,51304
cbd87edbd89e17717b9434e0cae2b0d79ef4fad0f91738b952fc57ed791988b6,51426,2010-04-17 13:06:20+00,1,1,0,51274
9c7f7b8724f5a20c3cf3ae6541445a70e5774e0ed745f10a37ae6146f753f507,51427,2010-04-17 13:06:25+00,1,1,0,51171
d2b8c85e8e55e5e3d21bfbca12240cfabda6ce0c83d716d685fc92a19bb0d707,51427,2010-04-17 13:06:25+00,1,1,0,51293
a64f39557bac30f53adc98a3985aa0c678f566581863d26050e12dee5170b2b7,51450,2010-04-17 16:21:51+00,7,7,0,51187
66ac8778b66142c67bcf33864691f4922b878bc98cd926243c1368407c2079d5,51474,2010-04-17 19:03:50+00,3,3,0,51191
578a49b922e6bdc28b27d94a03361d47cd204a8865777ea63db674e7611672ca,51475,2010-04-17 19:06:56+00,16,6,0,50495
661a1b8a25e08f56e81b073643ce7f6cfcca04aaa2e0c98d625e0c8b5b121509,51494,2010-04-17 21:49:49+00,1,1,0,51278
cb37b35c3e0d785113f490d34ce37b38005ea078f5bcfabd546038ef88581350,51494,2010-04-17 21:49:49+00,1,1,0,51312
7d3d5a60607e7ff2db2bfdf35dda189c9bf6125c818d71a9bd10bde0831118ec,51495,2010-04-17 22:02:30+00,11,6,0,50993
b4aab7547c63e62abf6103d0be6d49f6a01794f58056f0914617a3ad699de53b,51538,2010-04-18 01:31:45+00,1,1,0,51409
b52503945f593301af190a3da6b84670c72b59fba9c5294cf0ed1426d4f3ade0,51538,2010-04-18 01:31:45+00,1,1,0,24097
825f5f6f39034051ded80cd5ef9a37ddf9cb2fad1c8445db6aae54290f698963,51542,2010-04-18 01:56:21+00,1,1,0,51273
0f0116b3b296c256aee7a64c09d7e5830e323913dabf0ff5ed50233f4bdbb3f2,51544,2010-04-18 02:02:20+00,1,1,0,50540
1c3a9bfd1fc4acf8ce21466dd314fab9a61b97cc2dafafc7394a3162aa2a4c3d,51558,2010-04-18 03:25:07+00,1,1,0,51390
7cdd55f793ab5bf339a5120cdf6931f5421454a6aec71fb8e5666dadeb920670,51580,2010-04-18 04:52:12+00,2,2,0,51453
f12bc98907bfc9b8407d9282a8e9a87c1d6ea8ba290ea6730b3460dc1c862b49,51580,2010-04-18 04:52:12+00,1,1,0,51401
4371285c31bbd0443c312f466e776ff283d82fcf9f93b23c530a57a4290a5b39,51589,2010-04-18 05:51:55+00,3,1,0,51377
ac7802003f311e1314c0f8a6cb9cd285cb7ff30bef79e128f44add14ccbd45ac,51633,2010-04-18 08:54:56+00,1,1,0,50218
b8fe5636540e1a6928204fb948df12d38b2502696e59a33251d43adcec35896b,51635,2010-04-18 09:08:38+00,1,1,0,51450
cf7acb21a67a5d8426fd577deb3381bdafcb4477bca3d63ddfc3a565bf7d84b6,51635,2010-04-18 09:08:38+00,1,1,0,51515
5561aa8ee537cb0a67e99ecee5936ab85b6e1edd06cde25703c8fd20462c3d1a,51646,2010-04-18 10:20:38+00,1,1,0,40917
68ed0d6120c3f037e1f49f23c9bb9b6181d2e10f2fcb1c45e7b776de3fe0b808,51659,2010-04-18 11:13:25+00,10,10,0,49810
4b58b3fd9054b048d72b069df8241d2fcc86b5598089c405554dbd883b8a21ad,51661,2010-04-18 11:43:50+00,9,5,0,49771
0b6b32dda0ff8ad68625582c57077bb39080a16adae76b1a143468ab09253ce2,51663,2010-04-18 11:52:45+00,20,20,0,49748
1da00ee34311a0424b5bc5836ecfdecb79192b3839b173f92701a1e74cb525bf,51672,2010-04-18 12:53:51+00,2,1,0,51540
32bae0cdf7a9c9a1a859b034713a67733029d42d89f738b3c59d92b4a40b8c41,51693,2010-04-18 14:28:55+00,5,5,0,51337
bb13f1f1bb63a58989885d53573ae1764d0d31b994878610dd8398b9f9358bd2,51701,2010-04-18 15:11:46+00,2,2,0,31365
f92a11fd1a8d7cc809a67fee1544fb23d99b7c2de49d5f3e92bd7f62c8fb9198,51704,2010-04-18 15:33:32+00,2,2,0,51471
11744559d7970d39a280ae1b7cd2748da4e1bb53cd7a30c66be7f8028c6c358d,51705,2010-04-18 15:43:49+00,1,1,0,51485
2151cae15f4edf764d90939ee6d72dc5105549cfd196f91820ee7c9afd7dee86,51720,2010-04-18 17:14:54+00,3,3,0,50141
f0cbc103772532fc243a2051019bbbdb65d5412cdcc9c1afc9174c52b9106e46,51721,2010-04-18 17:25:59+00,1,1,0,51601
b5449b1151a0a88f9b7b1a9c1151f5035d991708b2884449b35441a9cda4b110,51725,2010-04-18 17:50:03+00,1,1,0,51326
cfb45845bc3babb9c8a1327d0c403916237994723488f639390d4e1f714b9805,51729,2010-04-18 18:14:28+00,2,2,0,51243
a9725e8b4cdcf06d82448b9d7d7f059e6e519ef0831558aaf51e4a0ac8acd816,51734,2010-04-18 18:32:21+00,1,1,0,51600
60a63ddcc22f36d165fdba6de078280ec247ada91d067bc87ab98be767dc9cd8,51737,2010-04-18 18:46:36+00,1,1,0,51617
6e3179b9f292b6385663f587ae22354e1885ef43081b80f6900c1eea49813154,51741,2010-04-18 19:43:23+00,4,4,0,51364
0e96738230f843bf94261316b92b8da18535c0b6630550b61370bf237e93984b,51754,2010-04-18 21:19:00+00,20,20,0,46980
c6ed393e55bce0b921748623a5d6ef152af27e067da8507ca572c45c135527c8,51763,2010-04-18 22:53:49+00,2,1,0,51468
cdf43302c72e038211cc99fcee8c8e44eb9a1d102e9cc37d8a985d13d0f1d07f,51767,2010-04-18 23:50:29+00,17,17,0,50324
f91e33161a0da5559dd69cbca9d33715f4259bbf9e289ae3d36d43240bcf46e4,51773,2010-04-19 01:09:18+00,2,2,0,51410
52007500cff9358480c27a315743cf73faecd3d6695b750205fc230b08f4b8b5,51774,2010-04-19 01:15:21+00,2,2,0,51420
31df9cde457006f1565d367934572a7633db759cb148870c26b447cf3e7cd0db,51805,2010-04-19 04:12:50+00,2,2,0,50853
6fa01e7bd21237c506baf1061fb002a9c6510d9b9bf297b344dc713fd718192f,51806,2010-04-19 04:25:51+00,6,1,0,51542
56c5bac4d1827ede3acb692f1263c514bfddb35bea42c829e54f9962af8c3293,51811,2010-04-19 05:19:56+00,4,4,0,50439
22d874eb14c296e4d309070da0e624cd939760163ac3907a9f1e728837f360ce,51837,2010-04-19 08:13:55+00,1,1,0,51086
39731487a1176b1f8bd6c6ee82429b0873ee1252146a9bb0cde522426ba33442,51837,2010-04-19 08:13:55+00,1,1,0,51470
73da16ed806fb5ccf8144aaefea8e911052232c96ba7edaa2b031ea79406b608,51837,2010-04-19 08:13:55+00,1,1,0,51265
7fb3abdd6c9e6122db2a310ca94594d80b13dddc43800b5fecbde11ec0d033e1,51837,2010-04-19 08:13:55+00,1,1,0,51438
9c70941e1d865d7178cbcb9226745007a7a0d727008601971f3a3b5764b95731,51837,2010-04-19 08:13:55+00,1,1,0,51706
cc19d550c6722bceb624a2759d48a46883e3c15fb90207e81d19f985a27bdba1,51843,2010-04-19 09:00:05+00,6,6,0,50024
6d83b26380ba6527ccb73aba35720035d7b466db5fc85c6964bb2de383f3b195,51861,2010-04-19 10:11:48+00,1,1,0,51046
03dfef26dd0e24e65a4ff4c58921ec042f64eac96e6e58605658ffa44fcd45ae,51862,2010-04-19 10:15:34+00,1,1,0,51423
5cc7cb647194f608282d9c662b21240a84f514b9cfd6bbe27756e9501a460a2b,51862,2010-04-19 10:15:34+00,1,1,0,51047
8c57ae657fa0fad5b1dacc11e2123882708486e60305a77836e1b3f544304e33,51862,2010-04-19 10:15:34+00,1,1,0,50480
f488f96d963b95f30f0050193bce25a771ca442c473f3e64b295915a6ed11186,51862,2010-04-19 10:15:34+00,1,1,0,50765
5cb6561e932363baced9c2df650379bda62b0c0d7c598d7d99b9d2b6ede07d5b,51866,2010-04-19 10:33:34+00,1,1,0,51679
a9020abf56db56841cdfcb041fc1cabe72572897e03ec92cb9536c8bab273417,51887,2010-04-19 12:18:07+00,1,1,0,51647
b0802d6d6477e3a0853b6629aa3920f15115ced50514bc0fc157c248b620acc7,51887,2010-04-19 12:18:07+00,1,1,0,51686
26f72b9bd40412ee25af83058d13396ad67d15958bb2a95883e356f66a9ccbf2,51889,2010-04-19 12:26:03+00,7,7,0,51620
3472fef7fd0ebf92ff1ddee0e9e5ba3e35077c10c8eb240fa1e25bbcaad34274,51892,2010-04-19 13:03:29+00,1,1,0,51603
03eaa3dd20ac7524810544f77ec83fde2d53c793f78668e5f9f3afe25ade6d9d,51923,2010-04-19 15:25:36+00,2,2,0,44851
710dcd53a46b1ed15526bb6f89e25d50b0fcbaad8c3b953e7ecf87d7fe5614d1,51925,2010-04-19 15:46:27+00,25,25,0,51198
3fb05f2799d96af80af92ef86dd14a3a56e6ed973942eaad0d2472e80246f5f6,51943,2010-04-19 18:01:15+00,5,5,0,51755
e60a345ddf8015122a17e8a403b4c3a52b0c904d527d5d5c501f1c0e144201e7,51946,2010-04-19 18:15:53+00,6,2,0,50905
2d08b8308c2deee19a93bff5358b389b795c5a32d4dbe401439a098927b43f7e,51967,2010-04-19 20:07:37+00,1,1,0,51052
1e133f7de73ac7d074e2746a3d6717dfc99ecaa8e9f9fade2cb8b0b20a5e0441,51973,2010-04-19 21:01:17+00,41,40,0,47230
f279f42b91cebe914239a91986abe2478f2bab97ca2e099ca6569a6598e6824a,51973,2010-04-19 21:01:17+00,160,160,0,46967
e7ff7a3729674d92be9ca1d33eeb648ed08eaf31ff291f614f6e4a29737aa3bd,51999,2010-04-19 23:51:55+00,1,1,0,51764
09bee25585c31fb83416a14292b4bc3aba5328fcb189ef43e3a64532bd56bda7,52006,2010-04-20 00:33:23+00,3,3,0,51841
30d5728543278f01de4ed330202dd2f5de1c6a68b3bbd9db1b348d1f3986a481,52008,2010-04-20 01:09:50+00,1,1,0,51885
c6bbefc8866b180cdd68a2ea24a42fff9690671615491f19f6c6ab2e169cfa60,52017,2010-04-20 02:08:26+00,1,1,0,51897
1ffc2c72b97f5898e27ee5f2827b83d8c0a056bf3ff665affdcf0f0d38fc0826,52032,2010-04-20 03:56:55+00,4,3,0,51758
9f83b207e0b105c400794b66cc5e1db620b7b8fdbba514d95b60fac162ab0430,52032,2010-04-20 03:56:55+00,1,1,0,51907
f90bcf18ee573a2e84ab7c116dd7afd326c50d997f05153c5e334f70e737111d,52048,2010-04-20 05:47:14+00,63,63,0,40746
0bc95130f019bfe18661db459c667b38f369aa8b05336bdcfd4eef4c64d901f5,52051,2010-04-20 06:03:53+00,5,5,0,51606
6e5d35549c3fd80fe6308488c4fcb45de20ef8afeffd2da458caa3e83e95ca7d,52051,2010-04-20 06:03:53+00,2,2,0,51878
60af499946f2fb3b3e3f6fcff814e75f9d561ad23c17114cf802109e4e61684e,52077,2010-04-20 08:59:56+00,20,20,0,24086
9543bd2f783160170622b69d3a3259d51fa843780c0726fc27c3d12672ff3fb1,52079,2010-04-20 09:11:01+00,17,17,0,48508
cbee254c4c5842faa5b64913cb96706885d135392534fc2db6314de4a797544a,52095,2010-04-20 11:26:06+00,3,3,0,51949
16baac6f78aec106801eb552bd36512457aac31c92930d58ed4ae86c04206b38,52100,2010-04-20 11:50:22+00,1,1,0,51943
fcca0e126c359253aea3cfd04c18ee458b1833204f513bc09d4e4d9ab98597e8,52102,2010-04-20 12:06:30+00,2,2,0,51879
9a7c9d48f003235a414bf848a650e0bd61961a8ec607c8eb2a5fb9d359814c82,52105,2010-04-20 12:39:30+00,1,1,0,51255
9de8f74c1f02956de73dae85beb06b625ce35821363271ec7e4fe7e545ab3914,52107,2010-04-20 13:03:24+00,2,2,0,51947
d9d6fb8a7594910240cab26f9aaddc3998838566976ed0be818a6002327f9586,52107,2010-04-20 13:03:24+00,1,1,0,51936
479f26df6c16a938239de09b8d09a793e8bb62e3eecdd5d65ce0829f4d182a4c,52108,2010-04-20 13:13:59+00,11,11,0,51027
4b97d39dc87c66d74f3e94f53d77519f361da921b077e2e4ee96482a88b0398a,52108,2010-04-20 13:13:59+00,5,5,0,51229
1d7382385738fa3de0285dfd461dcd66d2550c53a1b529d54fcb8aa67fdde007,52115,2010-04-20 13:55:55+00,1,1,0,51887
312b0c50e3252c85b525b52bce9a0c63a89aefd3e826bced57d7f9d422cc7500,52123,2010-04-20 15:07:03+00,1,1,0,51211
49c7c21c427c316c868d48f7a25321a20f7aa806046e187e87151f4716c6422d,52123,2010-04-20 15:07:03+00,34,24,0,43235
bb80d5bc003e43e49595e3fd9478ab8460fefe725fea16786c6ea15c71f7e996,52123,2010-04-20 15:07:03+00,1,1,0,51236
108491a264e827a7237a56bca1fd3b099eb4820a47fa7cc655feaee822076be1,52139,2010-04-20 16:29:29+00,1,1,0,51942
8944def390ea9bc5c58f5ab32e1353ee841c86a3be12c774bcf938cf8d7eea5d,52139,2010-04-20 16:29:29+00,1,1,0,51995
f200fb67a69672d610e8db83b767d00de9a0a68e3597406b3071681fc2c76f89,52140,2010-04-20 16:56:10+00,9,9,0,51276
36c62f1f33ba4956e39e2db1b585fc30ba67ad036e7871a29208fa26c8efd148,52149,2010-04-20 17:30:28+00,5,1,0,52011
e80134fa4ad660c6ae441d36e8c865d1636c1512a312ef320f7491e9d6472016,52155,2010-04-20 19:03:20+00,1,1,0,52027
e763464d473458fc853b1d175a49084cec6291de6e8467a94c23ac9158fff15c,52158,2010-04-20 19:25:18+00,1,1,0,52036
b338535600e2752f03e18ab318da783a6549544303ba84f3da1849a4bd7ba800,52163,2010-04-20 19:52:35+00,3,3,0,51919
da989ba791a05e88658c59d7ee0328b856c1f55fca6e7ea617374dd12b887f1a,52163,2010-04-20 19:52:35+00,11,11,0,49633
5754b793f19de249ade7d6629b0e5571dc9bd92ad5d5bb1781f111039f75dcb0,52173,2010-04-20 21:08:16+00,2,2,0,52046
6bc1aaebdeddca6ef7520ceea1187acab2dfc8a220344e391e1ee2896593c08c,52207,2010-04-21 00:01:41+00,2,2,0,50684
f658d3d2d60babbd71632fc384f7357e8a19def72a95b6312456d827b12e9be7,52215,2010-04-21 00:54:28+00,1,1,0,52068
005efb605eb82cf11e5f151938ea2337912aa56c046c25d0c39b1c72a9dc2d10,52218,2010-04-21 01:09:14+00,4,3,0,51721
90d25edff5295631b7ce59a0a64486fa816ee75be9f1f207889db92b9815903f,52218,2010-04-21 01:09:14+00,2,2,0,51714
938954c705bc8337f927713e685a24c83b6f4424a2eb708e2c09c1583d8b86c5,52218,2010-04-21 01:09:14+00,2,2,0,51829
8d0920929269aa320e2fae4d9597f9cb09be402894846a7c935b1ab25fd0f51d,52223,2010-04-21 01:44:17+00,3,3,0,52060
6dcd1eeb6239227b106633309a1e0c920ad2c15521311b46ad31b5d70fcd8e8c,52224,2010-04-21 01:51:57+00,2,2,0,52090
931100c4959c257d1518af4ac45f762199c73703ed6ee057e2ebc613fe25f75d,52224,2010-04-21 01:51:57+00,1,1,0,52089
803419bf740f26b5e58b3fe1b0f358d388fc7d958695309fa8967a7540e9a3ac,52252,2010-04-21 04:42:13+00,8,8,0,51688
97b0cb157bd700aafc7045bbc9c4a2f5c1846b64874bb1d5edeb46b3957ace27,52262,2010-04-21 05:41:36+00,1,1,0,52118
22751f9c451f2c95d5ee2154b91dec7ba591688d1be1b5401f44ff570ec1c3b8,52313,2010-04-21 11:31:16+00,3,3,0,52172
f1471b9274a03a3d01d49d07234c2b09c2a978a0d967eebd86e52b9ccf4f2fc2,52313,2010-04-21 11:31:16+00,3,3,0,52115
03a52f35293c8f36041d936da73ee7b3a90a03a5e4f030b13498f1da9d0bdcd8,52331,2010-04-21 13:59:58+00,7,7,0,51825
30a24c5dde097fc2c3ea8cbabaf7719676197e9227a8da8e44f7fd9c6394b9ea,52331,2010-04-21 13:59:58+00,1,1,0,52152
ba93e193c270031da6e97294d6e0cc59faab8b448880bf2f9c57cb4eea901523,52332,2010-04-21 14:25:38+00,3,3,0,52119
801eafab27e2eef92b75ec676aee59b0bd0421680f9adf3a94397c879a180892,52340,2010-04-21 15:21:55+00,1,1,0,52174
cfc36b273eaab0fe6735138e5a4d9c04dcf469db7087bdfac2f5cc7c70122c8c,52340,2010-04-21 15:21:55+00,1,1,0,52188
effc66a698cab14c864ac6d598bcf46b1c93ac34c112a4750febbd9045617c42,52340,2010-04-21 15:21:55+00,1,1,0,52151
39a227ceafeb47b34d4a74cb409d8c6687f42c890182f7279c722662acfcdf05,52346,2010-04-21 15:57:09+00,1,1,0,52216
6c882747be6e0a938440934be14206bf497d07000a9effedeb677f6d5799677f,52352,2010-04-21 16:20:27+00,9,2,0,52178
e32e903f6cb7f12dcf764ad848cc63c4ebf5cd65decf847c11e6203de5285236,52352,2010-04-21 16:20:27+00,1,1,0,52227
a4e6621b52ce6022e78cd60ef9bae1e98ef7286eb97061725e368a697ae2abd3,52373,2010-04-21 18:24:55+00,3,3,0,52053
3ba9bfd1e6545b7e9550fa68ec6c311051a8b24e3c34258bd0f07023885c0b95,52391,2010-04-21 20:08:15+00,83,80,0,46693
f9dbf766204826f387ec01344946000d4867113cb52e0f01593f83e8b9c54f69,52397,2010-04-21 20:48:39+00,1,1,0,52255
86219830e7c179f8a17aaa43faa9e305286d857aa6d16aa6988582f0aa37a5f9,52402,2010-04-21 21:00:49+00,1,1,0,52221
6695980b66e07295ececcff21e4301183df6736b9b5a06c6aa0f5525754d2241,52406,2010-04-21 21:05:59+00,1,1,0,52285
5fb62affb7b59fa9a3508de47a5d484e5832122833d50ea4e08f170762a4e1fa,52419,2010-04-21 22:33:04+00,2,2,0,52248
7f530faed72c12d6a55ffc22523c8b423825128174b754b6ed4f00fbcbe43e25,52419,2010-04-21 22:33:04+00,1,1,0,52189
c4be65d84462c5b7cfc22b6f64443c37e8f2a82b208bb769af33eb8f72f0a19d,52428,2010-04-22 00:37:14+00,1,1,0,52279
de50348509a78d5aa4068ebf073fa77c0798806d42992c17361c57deef97620f,52428,2010-04-22 00:37:14+00,1,1,0,52290
625c1935cf18c8d50d6b742bdb0237237529d740830a980a8a139a53f152ec43,52444,2010-04-22 02:39:30+00,2,2,0,52282
1e5c10393835a52c705db07858798c6f2089c3567c40f35b382220cefc846b42,52454,2010-04-22 04:08:11+00,2,2,0,52266
16ca10bcac63c2f129d3ec605678e0d9f2d5998a2618d263e949d3090f87f2bc,52456,2010-04-22 04:19:55+00,1,1,0,52317
05654278e9163630a89e9ce8294250bec6093db4cbf40ef94b735951c822af69,52463,2010-04-22 04:56:48+00,6,6,0,52226
baf2eb2095d807c17e81af640d119b586c02ffdb66fe4b9573e58aabc5a0baf9,52494,2010-04-22 09:14:49+00,1,1,0,52254
d9dd661d7babdff1007d1c92a842d38bef5f99a83a2227b0410dc6c6364fbe1c,52502,2010-04-22 10:43:42+00,1,1,0,45638
54681b1b776189de9fe765f038568a42e3ac345f591f078d78eb7142695d18b4,52504,2010-04-22 11:02:26+00,1,1,0,52165
d0cfc49f3f7951711a27b39b93ceda45828270b168cd0a67f02530da95fe538e,52508,2010-04-22 11:32:29+00,1,1,0,52330
0eaf38c5d4f5ab71efc3e5c475e8130d25895c4cb01479315cf70b27d9a91a3e,52522,2010-04-22 12:52:42+00,1,1,0,52217
1956d6fe6ed0c49be85a1241330593eeb18b831d09630c2c771db783ec7c8b42,52527,2010-04-22 13:07:08+00,1,1,0,52292
c5941a80e4b3ba9f7dc144b7fee6b95e124ef22b720e11906903981c467c2410,52527,2010-04-22 13:07:08+00,1,1,0,52237
e4a115a139700e996425c92614a29a26ee262f96429fce9a03613b4d20e81e45,52530,2010-04-22 13:31:22+00,1,1,0,52353
2f64a2ccc05c3f654357fed31224a1647332727c464715d8c9ef50052b93ea01,52531,2010-04-22 13:55:57+00,4,4,0,52316
d6c6da8cd1bb507190cfa6a515e951d2646fdf1b291b4be9da50d04830589d58,52532,2010-04-22 14:30:41+00,1,1,0,52366
9d62e6dadaafde34c0eff8f9f85829f2451dd8379e0ccdd364114f8722100090,52538,2010-04-22 16:08:47+00,2,1,0,52401
bfde95970e79e46efb7f326909a8c9595ff86460d0ff442505460945be5c1ae3,52541,2010-04-22 16:44:20+00,4,3,0,52322
263e503619a428b5e560ce4cecfef61929d27520caaf7cc2ee9360300a10175f,52547,2010-04-22 18:03:42+00,1,1,0,52374
cfff478229e6c53a05a3b7c58fdef26ff93cec0cb7bc47c7bfb1326134083974,52567,2010-04-22 21:08:25+00,1,1,0,52432
0c861a3c22da8b8b2594206428cadd14773b676abd9307a9a4a682228a6f24ed,52572,2010-04-22 21:56:02+00,2,2,0,47030
b733f98a18109e5faeda07e537e9749c133c3666fb64478087c53b70c1f2a4c0,52582,2010-04-22 23:47:41+00,1,1,0,51668
3ad964f48eeb0934f8f74eca05655828da2a8141f89a50dc4dfe9d9df557d14c,52583,2010-04-22 23:55:54+00,1,1,0,52447
4feec9316077e49b59bc23173303e13be9e9f5f9fa0660a58112a04a65a84ef1,52585,2010-04-23 00:36:04+00,1,1,0,52464
e9df80a2e7097fa13811db08b744cd684b32587994a1a4699ad93f4e457c7f7a,52587,2010-04-23 00:56:49+00,6,2,0,52386
2788c4488140db33d5d7379de977e0aca9e6984037e72e3c5ce7af606793ae96,52620,2010-04-23 06:22:17+00,2,2,0,52475
acfc6844fff1bb6bb663b42d7196e8a92c71be0f667b80a19625cc46ff449986,52626,2010-04-23 07:23:46+00,10,10,0,51956
6a5cd276b86ec36cb7d21df58e4519e64da2d1a8ec0141e3db98db16004450f0,52647,2010-04-23 11:10:22+00,1,1,0,52521
25dc9f78abcda8e9cb7636b71004368911a6a26ed01549e596c706291085f471,52660,2010-04-23 12:23:59+00,1,1,0,52468
89bfd1a30d418ce20624929ea62482c4863e1d90a4c13df944dfff5f4d8320af,52660,2010-04-23 12:23:59+00,1,1,0,52087
1b25f78ad811ff99586f875a33ec9ca9a1f107edf53c8c990d93f880ae143241,52665,2010-04-23 12:52:35+00,1,1,0,52449
aab57e1fa162a451a4f7804a3dd2d5b151047233d44280341fcbc3e5e7f2dab1,52665,2010-04-23 12:52:35+00,1,1,0,52396
b04c27d651878883aba6f87a9149ba658b6fdb6f6118a42abbd97dc65ebecbd6,52665,2010-04-23 12:52:35+00,2,2,0,52419
80949484a7fa036bc3800a580c3cbf29273b4ef25d425bd18156bc4a76e5a89e,52668,2010-04-23 13:10:55+00,1,1,0,52516
e457aaf46d02a348321635c727f440bdfa253023211d4635e166823ec27c3c5e,52668,2010-04-23 13:10:55+00,1,1,0,52473
37f966bd70e86cba19b7aacb3247f472d04ff183e57448e2ff293ff2524360db,52673,2010-04-23 14:28:52+00,2,2,0,52465
a94154a9ec4d9818d59b405a31e4e1d38e404f387438f6396d1719600aa2d238,52674,2010-04-23 14:51:31+00,1,1,0,52467
609c6f3c3800e26dc259f488a9a5074636c50dca572a5c8f0926777a0a470691,52683,2010-04-23 16:22:40+00,1,1,0,52549
cd3ff4905888855cdf7a00ed3842c201fe7b0f9603181bb828d05c1a6698a776,52683,2010-04-23 16:22:40+00,3,3,0,52385
4be675d80d07e55a3f9d4cfff4ea36d719aa852316923db7bc8f605f5584be0a,52712,2010-04-23 20:11:08+00,4,3,0,52491
cd09e84e98b3d9faf793d78bfd0425037e518569be623caa940aebcdfcd36ff3,52715,2010-04-23 21:04:05+00,2,1,0,52594
4f36e40cb54d29112d8ae7babadae791fe9b4545d58e43c1704b0135383e5f12,52744,2010-04-24 01:56:03+00,90,55,0,49682
bbe3afc9215b94ffe50552920ec33d7eeaa3edacdd83c12991da772c664af624,52752,2010-04-24 03:37:43+00,5,5,0,23836
af1d1484c0d2c271c278c9bdcdc33347c41a528e413f2d2b0de7189538e67f3f,52788,2010-04-24 09:45:31+00,1,1,0,51828
79719fec63bb150d2dd309d03095302d661691dd82c38728b49b8e8a4306d5bf,52792,2010-04-24 10:13:07+00,1,1,0,51575
8fc5f21ce837c15ef456c72c3aeab249df5f83b714d87b7e85c6f03d9d9e60cc,52792,2010-04-24 10:13:07+00,1,1,0,51419
52fdbb3e79648711f676c26ddca65248d784a8463156d778ab7671dbb24d58ab,52809,2010-04-24 13:08:35+00,1,1,0,52684
ed5a49daf6d6897565a125db507a7ba29dfb6a9f36fd9444fd1a20160c2e7773,52826,2010-04-24 15:18:18+00,8,5,0,46205
1ad772ae784eeb0a7f4ad1f598b570aaadc654cef0e6ff56f4749e6138654de7,52841,2010-04-24 17:11:22+00,1,1,0,52616
105c4d6182bf367b5fcbc777a6bc6e86e35987b32a1978362050f6eda5fd963f,52842,2010-04-24 17:32:38+00,5,5,0,51896
5979410b5caf837c5b708a325bc2dabb1b35dff0b990382928b5d6d78ae8d908,52842,2010-04-24 17:32:38+00,1,1,0,52712
82d849f9da3fd672edaaa7757b5f274476574e5c2b574ce3f69316de9a911a1a,52842,2010-04-24 17:32:38+00,1,1,0,52651
9f29e8e257523d85cb94e4bd9e441b64e0889d3116b5eafadb8e4b1aee0f3a40,52868,2010-04-24 20:09:57+00,1,1,0,52734
7d93ee16a49085934b2ff3ba3b846911db47db47984f6798657de9754a3f18b1,52874,2010-04-24 20:37:07+00,1,1,0,52748
d6d9febe0f10feb8af93322ebfae4d4e02047a2236c35f8954ac1d60a2515da3,52891,2010-04-24 22:57:39+00,6,6,0,51969
f0da49672f1467b01282cb2af81586f6908f0a768dd2becdcee10512b30008ce,52891,2010-04-24 22:57:39+00,2,2,0,52683
9754dfed3e248ca175e0c0ab3ba388f96709df2137feb96c9003ed955326126b,52898,2010-04-24 23:44:07+00,1,1,0,52757
3ed89b3c8e8e942cac51ad581aa9a1d3a244a325c937ca38d77ebe91e78517f0,52914,2010-04-25 02:08:05+00,4,4,0,52580
a37e9e90bf8778b331558984ba52a96da3b5c5038e26440fb654a4e2ce795525,52917,2010-04-25 02:24:47+00,10,10,0,52045
090ebef5db62dcab596890f1a7667a343cdf563938e479256aa46963e3c78fa3,52931,2010-04-25 05:01:40+00,6,1,0,52680
81a4eecb17d4fa25462c5484339ae43f6867c5f9daffa81561297c6af92a2d85,52931,2010-04-25 05:01:40+00,1,1,0,52747
ada1d0bf7f7928363df4cc13903248f6899f3ceb25a2028fdb6f1daf673f2893,52931,2010-04-25 05:01:40+00,1,1,0,52799
b8e1ba3482a441574d995408d5794091b5f339b93ba3762c7a59f570eecb93a1,52931,2010-04-25 05:01:40+00,2,2,0,52711
dea5a3f3e0863539a3f2454400a5094cb3748f8994b346f1f3a5c78bf429e1e8,52931,2010-04-25 05:01:40+00,2,1,0,52736
ef76e4192fde013e41ff393150b4758d0b88e5e42ba4dcea719ebbc5c28692a0,52931,2010-04-25 05:01:40+00,2,2,0,52666
b7b352c32ad87eab1bdb8a14607274c5654733330da67436266ead10fb693747,52957,2010-04-25 09:05:35+00,1,1,0,52507
7a74165ec101ab4013e9c952214a3d6e7b8affcbce1ef8f4001cb460a21cb8ed,52964,2010-04-25 10:27:08+00,1,1,0,52803
ae4f6ddde511042076cf5c7865e0ec9318edcc3e1b32e1e632fe5df4e009d98e,52964,2010-04-25 10:27:08+00,15,15,0,23828
38b018dc9e7138697dcf5c53e93be0dab26a2597cff775689d676b338ffdab93,52967,2010-04-25 10:53:04+00,1,1,0,52707
e919a8936eea90f4a5b40d2051d0d22e6eac7aa3875fea81999db241b74f0e75,52967,2010-04-25 10:53:04+00,1,1,0,52675
15b09fba9ab8cbd68838d3cc7f90f897f0fa247619fb38ea7a6c6eafbeb65837,52969,2010-04-25 11:37:46+00,1,1,0,52849
d2f7d33a3471dd8f9c0d4025143069bb9598d2146fe4dd4fff0c54f4d843965d,52969,2010-04-25 11:37:46+00,1,1,0,52783
d48857968b885c00cf0ecac717e180e1fc57ca9faed6da60e424303c19a026b7,52969,2010-04-25 11:37:46+00,1,1,0,52249
6fae09a9120e48a881706507bc9faba1f679a8561ef518545f441f732837515d,52977,2010-04-25 12:44:55+00,1,1,0,52698
16e0fca9398a4d0eb35922cbeab2fb3e8743fbfd8ca291c88b11e0a3e34f4e06,52989,2010-04-25 14:44:28+00,25,24,0,38954
11ce94af3f7649de2e42485f8b3f58a9bd8fb7a2b5fe2abd6f5d09581f9c4aa9,52992,2010-04-25 15:03:47+00,5,5,0,52814
240d37dba216da15bce021e9fc221d47bd339c202dadefea55d7f468cfcb6190,52992,2010-04-25 15:03:47+00,2,2,0,52821
9f5a487ded4da9708744b0e362f50735f75e77eff4f273c599d311713b27d259,53004,2010-04-25 16:22:14+00,2,2,0,52843
865691d21901eb5db1a4075ffde6c34e0e3fe954a3e2b87d6db7d70aaae0dd48,53005,2010-04-25 16:43:21+00,1,1,0,52842
6523cb1b62a1977304554cc8036eee59fa886e6b92fb574d1111c7566d84e6de,53013,2010-04-25 18:06:52+00,1,1,0,52394
c2a9e7f555f9dbfa76b0d5fb1d007ce2c687e7875f6033c38caf7e28925b6eb5,53022,2010-04-25 19:11:33+00,33,33,1,45021
9519c12cfcb6a03d8c8ce7c906d9321e82af5f59e1d8eef30b8c3c7404990723,53025,2010-04-25 19:25:35+00,2,2,0,51782
1df98259003f26d35936e1ee66686d753a110cc816ebd93fafe1d4067d4ac486,53033,2010-04-25 20:11:11+00,5,5,0,51502
bcad1703de187a92beed4936456948995be11d381707e647b96b2ef6dec833c2,53034,2010-04-25 20:16:04+00,1,1,0,52913
a11170c7cbd3f9cfbf95607f54457d174d312b9eefa7e90dbc4741602d86e97b,53048,2010-04-25 21:52:19+00,2,2,0,52875
07aaed8485606063f7213850ea1484e2256fbc71d98dcd746fd46895ae06c7cd,53049,2010-04-25 22:11:30+00,10,10,0,52518
e0e4763d6286e3dbc33d12e4e512fe9a49de95aa5774e41ad99639dda48395eb,53057,2010-04-25 22:59:27+00,1,1,0,52930
2234f859094d4e3074c1acabd31da75d8a87624699f9396dbb7650e647d63d2e,53058,2010-04-25 23:09:14+00,18,18,0,50679
45b9744ae37a187a5c9fd2d524c3a5de1762ccb6cbf9926ab44709b11040551d,53058,2010-04-25 23:09:14+00,1,1,0,52912
08c5eb71defc39f8232191aed6538ed96baf9fa90cb035351df39c8db4a734a8,53059,2010-04-25 23:32:44+00,1,1,0,52790
f9c27ec49ae86bc3e93b4630fa53a5714437811e108ea2708ab82850a28a3697,53060,2010-04-25 23:51:46+00,1,1,0,52935
1001d10ddf64509c1548125ca3120f32355e8af588fe6724aa5dc033e699a617,53066,2010-04-26 00:54:42+00,1,1,0,41207
c401d2d29eaa6e23b55ba2a41f414e56634e27cf316114ebe3a054c904163680,53076,2010-04-26 02:08:06+00,1,1,0,52956
2a1b122dd90b8c7f135066880aae33554520614b4f5a44f7a874d09456f7da8a,53082,2010-04-26 02:52:41+00,1,1,0,52959
798fec309d9b269d8f839ceee48a0c05f114c66b06c321bd46db03063d07f238,53085,2010-04-26 03:15:29+00,4,4,0,52685
a64c9b7bc0b63a0cff0e2264f17aa22dd380d9f91fa8c6cfc8cf615cc83dc83d,53085,2010-04-26 03:15:29+00,2,2,0,52836
aafa6505bb2cf16b625c79107f92d4f91bb110a602254d75a91ec1574d019cfe,53085,2010-04-26 03:15:29+00,1,1,0,52953
12e0886e34d4538ae5b800b8f4c866ae4625d61910abc5ef314d18381e28b1df,53101,2010-04-26 06:14:32+00,2,2,0,52493
b781b71e2fac4fdc7f4ed3c1db433172db96ff77f48c3e439f38d010963c63f2,53123,2010-04-26 09:00:32+00,1,1,0,52898
c009a506f6a4c0751adfeec13337b25c377515b1b86db463fea75461a4f8c393,53126,2010-04-26 09:30:05+00,1,1,0,53005
af46e6c1e05eb69f331be91a9f38b42a3c1f9b66f9268af9313c68ab6c8fcda2,53130,2010-04-26 09:56:24+00,2,2,0,52981
f3b807b156aa09aa683d8dfabd40596424e4f1c3e5e9b4ddd0e909316a27fd47,53135,2010-04-26 10:48:14+00,7,7,0,52600
8757d905c90fa2a661bd0e918c0a9124dea1f69770f64a5c918299a2a27b6a56,53138,2010-04-26 11:20:10+00,8,1,0,52603
cdee0a7496847837aaee1b97738f24b1d13ea6175900015773bcec2d0a804a20,53141,2010-04-26 11:24:46+00,3,3,0,52966
daf8f03c0b79edc84bfb34f28b669807cb98741d7ebce24d1c7affbc7419197d,53151,2010-04-26 12:40:03+00,1,1,0,53019
f3790a8e265bf27417ce9779bb7ba5eb1fbedfa929440894ab7906474050c2af,53157,2010-04-26 13:28:30+00,1,1,0,53035
cb6159d16368af831f8f9d18780115132c040c7c881dde5d9d98914a24bb1755,53160,2010-04-26 14:00:39+00,1,1,0,53040
f6db5e5487dd5be084ba26d395367349f5e22ea28a97755aa73556c4e0bb08d6,53160,2010-04-26 14:00:39+00,1,1,0,53027
45a2f96e5cdf6aa40f5ae70a01dbaef668e8d68c46d66dee5886d3380089ab3b,53165,2010-04-26 14:21:32+00,1,1,0,53045
2adc84a8ec2d251c4c4db5048daa2c187c4850e7fd0df282bc9cc46b19a1fd89,53170,2010-04-26 15:08:32+00,11,10,0,51281
b8cad19fd484ff3f873fa80e2dcf955431548981da06d6519a43c59889a50bf1,53171,2010-04-26 15:16:27+00,6,6,0,52864
5d96f8ad96c6cb080c5c066c7257a753e72d1a9492f2e07950fe5dfb1091716f,53176,2010-04-26 16:18:43+00,1,1,0,53033
aad55235bdf0d6841fc789741ff71ee548a8ad7ccab4bd01f33fce998e92cbe9,53179,2010-04-26 16:53:45+00,5,5,0,49628
e9366dea3f05fcf4bc9558388b19be65f8624b79ca83e8ebfe75a88eea313ff9,53186,2010-04-26 18:24:02+00,2,2,0,52622
148f6c870292f126a5b83bc90028d879b47bc566402580cff88b443969650851,53188,2010-04-26 19:11:44+00,1,1,0,51336
3ea1b67042930bf92a7f99b22de5653747ac9caf234d007c6f1ecad1b3a6c32e,53188,2010-04-26 19:11:44+00,1,1,0,53004
9b35aa374adc7b10d39b439388178c59609f7738dd65cf9dda9951b475da7822,53188,2010-04-26 19:11:44+00,1,1,0,52731
bd33095256c14ff78f2f2e6f065255b7687a71dd60ec40ca662dc0adf5aaae2c,53188,2010-04-26 19:11:44+00,1,1,0,53060
e5a30926f609bd585c411f1490dc2dec0a5cc029a0e8f10a42aed1cb8692069c,53215,2010-04-26 22:55:58+00,1,1,0,53090
12913460f2985266aa02dfbfe32c6212fe0d19a0bfcaf9966d79f1bad984c0d6,53221,2010-04-26 23:53:55+00,6,4,0,39960
7ae9c8fec8452781492a7bc9e6fd385207e914476cbc8a8b7edd4277d8abef0e,53223,2010-04-26 23:56:46+00,5,5,0,52557
b32fc65efa9e521f93fee3c5e54954c3403006c88fb0b60091195732936cb53f,53233,2010-04-27 01:09:30+00,1,1,0,53103
372b9c50ba43462eb184ede7bd3a85603208fa1f636120e7a793210d18dc3223,53238,2010-04-27 02:30:05+00,1,1,0,41922
0065ca10870302ed2b2308f5b8384820e81c93d307bf9b962f6d98f33a4422cc,53241,2010-04-27 02:45:48+00,1,1,0,52855
180d8a516f9ec93f0d5a9dceefa203ffebd94b20c65b4f0102fcdca0b9f6bab0,53241,2010-04-27 02:45:48+00,1,1,0,52746
ba4c8c5a3192f3a1e8d2b1984d41d42ae8c36b139a6010b0009456248d2ad0e2,53241,2010-04-27 02:45:48+00,1,1,0,52977
5b068b4001d87e90de2d1576bf5f1d7e39c838fa650111031a8421f3a485374e,53247,2010-04-27 03:28:21+00,1,1,0,53113
ca522bd13d642004dc02f874fa92a7d4c8cb97a92ca90b0fdaa78993976e83b6,53248,2010-04-27 03:39:23+00,7,2,0,53008
54196e5673ebb3e0006ec4fa3a4ec3e775754f4de05d7865f90d3982d00bff8d,53260,2010-04-27 05:43:12+00,2,2,0,41921
1e9d0f3558a6662ce242abc16d2d4240bb338d8913f1ad266ea958b2058df043,53277,2010-04-27 07:53:31+00,1,1,0,53157
f424e90f4328333e767beb21623b151b3f0afa039bd247c7dac5a5ac1a589199,53300,2010-04-27 10:40:58+00,1,1,0,53054
84dc10420038209e7a1a245d11671a1474336b5522a9d27a96482a751b0b1874,53302,2010-04-27 11:00:43+00,2,2,0,53098
52043b7b8bb401fdbacfad5b319ccc2feaa42bcf2ef1cd87a2f39f813d60e1e5,53305,2010-04-27 11:16:45+00,2,2,0,53170
867da54b0fd0a9429d30471af3fcf069e069141fcc544583f3103ac3948f2e0d,53305,2010-04-27 11:16:45+00,3,3,0,53135
8de0ba728934c15d6460e74de8bfdd6ba70d53e6a6a871818cb5f15bf12d2d4f,53316,2010-04-27 12:18:56+00,1,1,0,53174
4254eb4550e9e114995c399baaabca95b25396b17d3ce98c8b7d63ab3138765c,53324,2010-04-27 13:24:43+00,1,1,0,53177
9d1497ef61389ac883c2d5de452bf09d8580400a53404bc82c3edb1adc381fc9,53324,2010-04-27 13:24:43+00,1,1,0,53102
fd31ebaf8990582b9ecaeaf581d602b3b6c8f67e6cc45ec8705744a1a2a2e3b7,53332,2010-04-27 14:38:54+00,1,1,0,53188
02dc6aaab41ad5e86efb10cdaa069f86ff65d2c999c238b42666aa8cfd443c34,53339,2010-04-27 15:48:30+00,1,1,0,53206
3c58ed05dbe68c3f923e2c19484ee71815430a2a4d55336eb886ab22e0812828,53339,2010-04-27 15:48:30+00,1,1,0,53219
b28c1bfc362654e0d01a6b06ff7bec16a9450b76ec74c8bfe8152b1163bd571f,53345,2010-04-27 17:06:08+00,1,1,0,53225
afd47a65e9b897c8ff1d2106720cff9577c35ecef5183d74ecc9defbc0dfa05b,53352,2010-04-27 17:58:25+00,1,1,0,53197
51a3fa90cd9a217d3abcfd88672b8924a99de47b89d16e4817c6b742accaafa1,53375,2010-04-27 20:17:03+00,1,1,0,46831
6a3b723586c301f10e1f5b52045ed33d360b83a8998313d783552da285e1da76,53376,2010-04-27 20:27:18+00,2,2,0,53217
59e01d6c064451a659ab32f4fb7633e2b926ff025fe9a295ff6dcaa44250e9db,53380,2010-04-27 20:53:52+00,1,1,0,53234
a2ef4ecb0aee4675062d8bfbf769d4d3f81143e4a62f940c0e6b4bbf5009900d,53380,2010-04-27 20:53:52+00,1,1,0,53192
653c2e7081301502be87583af2e28a4e209c10c66e66cb346977c4b4416173f0,53382,2010-04-27 21:21:19+00,12,11,0,50585
ca3d8de7f5799b67236a7c5d525bf17ed17158827db3cd9e1f3f70f293438689,53382,2010-04-27 21:21:19+00,1,1,0,53235
fbb3ff71b442ac76b1a320ce94f6c2ec9c36e08cdc4e23a16672ef9f7fc83ed1,53385,2010-04-27 21:42:41+00,5,5,0,50659
d05c6cba2d205ccc912f658b87c4002568d2362283e6f6e3b2ff55785a9b6b51,53391,2010-04-27 22:18:04+00,1,1,0,53270
8180879858ed73502bdb9a9685fe50e94003841eeefe48d9af01507f75679c33,53407,2010-04-28 00:04:20+00,1,1,0,53255
d472a4ffd5828a141640b36a7d9e5a8db3f5181208ca7e42204602c5a7973834,53423,2010-04-28 01:40:41+00,1,1,0,53303
de0cdcc15447ed8a9efbff4c0f6e70ef3115112ba5d6201bcfac5a179051a79c,53429,2010-04-28 02:15:23+00,1,1,0,52998
3c077a7025908231687b3682fb3690789f877c4d2210ee8070afbb60749f8849,53436,2010-04-28 03:45:24+00,2,2,0,53310
196ee891494032ba5ec9bd588de44e861a562c0a3a6c016fef28a6312d747265,53446,2010-04-28 05:15:29+00,2,1,0,53316
e9416f8ed5790c63566bddc47b08b1fb6e13668ce554ce3d4ddee0806c492d5f,53450,2010-04-28 05:48:28+00,7,7,0,53109
23dfb365970ac0f7052500181d1280cf4071a4fbddb544b09e4e126354f4b6fb,53456,2010-04-28 06:40:22+00,10,4,0,50991
de5788f97d358751213b655d58020f68d727e913bf96efa31b3c93d82a353478,53457,2010-04-28 06:59:50+00,2,2,0,53258
e393eeca386b20758aac9972e874d3954ea6c8d955d24244e41927bc5a4adca8,53457,2010-04-28 06:59:50+00,1,1,0,53116
fe1d48407b4035fd834d0cb8971a248b9b6c01145a3df7428c06187cd48f38c1,53472,2010-04-28 09:10:53+00,4,4,0,50492
6ace663fc273c71d67ca5ff5c7b3b2b6a20e84d55ecc1b3aa232d968551b8b0e,53478,2010-04-28 10:28:11+00,1,1,0,53286
a26242537eafd357e4857a5a23b3bcfdbe7134579ecb1df5728bea144bf9212a,53478,2010-04-28 10:28:11+00,1,1,0,53211
d16e122c23127f42a9af30208dce6faa68e5f90ea93d25feeea00ac7b8dd25bf,53480,2010-04-28 10:59:22+00,1,1,0,53288
91f6b941483a024b96af036a6b39ce10474a814a10cb2224fb44a618ce26cd7d,53494,2010-04-28 12:20:49+00,28,28,0,50778
feceb877165be73a587d7d56fa4fa3e9e0c07695792491767d74ee730280f890,53494,2010-04-28 12:20:49+00,17,17,0,50534
68fe868393f4f7ea01ba5f182554fb9c5bd81a96271465968f5f8e48edd94e92,53499,2010-04-28 12:52:13+00,5,3,0,53080
0529ab4c8c8315363a4457ff64802fba5c032874f8bd9a462466bfd297f4aa78,53501,2010-04-28 13:11:10+00,1,1,0,53372
2528fc8a63403c10c93467d3091651fe338c7b31fb7e2ef37003f2eb1ef15f9f,53505,2010-04-28 13:53:07+00,2,2,0,53287
735c0182b25e45055f3471e0d9e3a4a94dfa524952f2f6d9399e4c8df9077c18,53512,2010-04-28 15:27:53+00,4,4,0,53319
f5c9540f2a4e9410fd45f0f018c38f9f447f50af0e145c9c36aaae41407ddf0d,53516,2010-04-28 15:49:13+00,1,1,0,53380
89b5f57a01326510176b2da5ca0398bc8450b15459d0a385c6f0c92651f2a16f,53529,2010-04-28 17:37:51+00,7,7,0,52057
3e03a09d2c4afa9209be2d2a89615f6fa34d3088af5a90a8f7e440c785a18979,53530,2010-04-28 18:02:50+00,1,1,0,53408
9ead3d234601d1007482471fee85d4d8240b0aae36a6b3938676f92c21998b72,53532,2010-04-28 18:29:41+00,7,1,0,53401
0c6c68677cd3dae656896a807b5a466cd8c09ebfcc8efd164b7aa61fe6d784fc,53538,2010-04-28 18:56:55+00,1,1,0,53350
14ccb3c9cd92c8ecdf0447e91a2e9e598b6724b06a79d69b498952c82631d3dd,53554,2010-04-28 20:38:04+00,1,1,0,53411
4087e5a4191eb7d49016457855acb3838784da11c76fd3d073786f9c1faf5624,53554,2010-04-28 20:38:04+00,2,2,0,53420
baf0765d6e4b228c9f3e34c1be99342993b71ac2d93199460f27641cb6dd785b,53554,2010-04-28 20:38:04+00,1,1,0,53390
4323d77572128db10661f26db3cfa2c799ca62fbb493a417add3f3177c1cdc02,53564,2010-04-28 21:46:59+00,1,1,0,53415
4a43ebd965df303c065bb4903b0d56afac69ae571a5c4a589a53ab33f376bd2f,53574,2010-04-28 22:56:51+00,4,4,0,53337
6132c36316f4602ac656cfe4c7f27a9ec6eace6bb6f4d6740a0a3258e2839b98,53589,2010-04-29 00:45:24+00,3,1,0,53233
53677db196eb27d43ef4bf5a37125df9115914bab2bac4d12fc8420147068a46,53594,2010-04-29 01:05:27+00,1,1,0,53473
8d577fa257f83fb04830a6fdd7fd976a096fa424c3cbf11bac3fd1b9633fe918,53598,2010-04-29 01:33:34+00,1,1,0,53478
79ebe6b76a06c6520a5fce69bc706df72c5107a57b4bddb4379d31353b84629a,53601,2010-04-29 02:39:28+00,1,1,0,53471
409a34e947693c1bd5c6b7fcb39291f2870644c9b81f67fa5872af88550f89ee,53605,2010-04-29 03:10:51+00,1,1,0,53472
a5a1dbaca5860583963c279272dae9575db21f9eabd24c9555a2a343cec88c00,53611,2010-04-29 04:22:45+00,1,1,0,53490
e89d0c9845db91211b4be42f3d8aacf5222961d7712643730580b5267ef1c438,53619,2010-04-29 06:04:39+00,8,8,0,51785
10503c06e6328f9069bc3f7d27be411dc86bcaedbd284950f6984db3a77f7691,53628,2010-04-29 07:51:09+00,1,1,0,51915
a99957fe6b8edf55cf219e14c2804d06771fb016ae6c4c971c47266c44fa51a9,53628,2010-04-29 07:51:09+00,3,3,0,52985
78cd3c365eece8b16a50b98e1ca20c68547e309662666b240271b7244fcd35a7,53629,2010-04-29 08:04:07+00,1,1,0,53435
5fcc5d03401fee99b8b09c15315bf839ab646bc92d3b1a323c5e3acaa20667b9,53653,2010-04-29 11:22:29+00,2,2,0,53504
905d33ed756ec8594412fae0492152692333f30d8daa95b51ec1711e98e4b6aa,53653,2010-04-29 11:22:29+00,1,1,0,53422
85ac7a964f1713868d75863b8319f4982c23ca5b0bf0e5caec9809bc2294a7e3,53663,2010-04-29 13:29:04+00,1,1,0,53519
af31148909d0aad107ae60ed311a22c91f0dc9ae6464ddbf6630c27137d67886,53663,2010-04-29 13:29:04+00,1,1,0,53530
cf5004ede1315ad0e303083fd34e4d8bf548e280f6ee29cc77c6eca3bb11eac7,53663,2010-04-29 13:29:04+00,1,1,0,53523
f089f194ca23144c41ca8687a2e8b5f28d477f240167580084471b09ffe7526f,53664,2010-04-29 13:55:28+00,3,3,0,53464
3a9a26628b058179edae68ecc4ed614d217dda7410c8a281ea10745c4ebcae3e,53667,2010-04-29 14:16:21+00,3,3,0,53417
7060da42b7969901b629fb109ab76bb0e38f9d439ced4c902716112c2ced1cab,53685,2010-04-29 17:20:11+00,2,2,0,49698
c06a4291e590cecf716cdcc2c0a488a3cd75186e360333fd21096de28011092d,53686,2010-04-29 17:29:37+00,1,1,0,53566
8273f3a0b09cf07ecfc1297de18f9d6942082f2a61f7516c58c6b2d1f52173a6,53687,2010-04-29 17:50:30+00,2,2,0,53371
5480e52abe746cae8c96a7b64bdf7484a98679d32b8eb104018404387dbcc09e,53720,2010-04-29 22:19:34+00,1,1,0,53547
666b8a8b7c03a9601347ed2e79b0331ae66d8a0c1f68d531635e7e3bad2af386,53720,2010-04-29 22:19:34+00,2,1,0,53594
2c733274ac9984874b715588bc8441619f5f4f244da24ee179e2b1fc1e476264,53721,2010-04-29 22:43:32+00,1,1,0,53571
210f8e11eb6113995baaeafc392cc72fe233e8336ec8a83d85052517ebc9d473,53724,2010-04-29 22:51:59+00,1,1,0,53604
c2873f0fbeebc1c8496c03f9dcd6f3291ef08cced41fe379597502950de6de23,53728,2010-04-29 23:35:17+00,1,1,0,53599
fc88912d89f83e5631d7ccdfa87cdffd3d82eefc62ed24c64589859bc201690e,53734,2010-04-30 00:14:53+00,1,1,0,53437
13db6f263ec8dc85f38cfd39a8d42418ac0445d0ce0aaaf4dbff07d64777578c,53760,2010-04-30 04:19:50+00,1,1,0,53633
041a5a9b5bc383f9fb3f7e9498f69ebf67f95bbdf123172c5b2e6cb92cb0ffc4,53765,2010-04-30 05:17:44+00,1,1,0,53624
ecf22944cd74502fba11a21d0cd2bef5247767f3969cfeba93cc71e8ffc267ad,53765,2010-04-30 05:17:44+00,1,1,0,53611
9748768f08a707c38c1ea79f7ebc261f1673eac8af982e9fbc26805979e630dd,53788,2010-04-30 09:30:19+00,8,1,0,51645
a8409ee2daa70fe055f9a007fe5d50bb9466e5b015201a83ab1df8843f0eecaf,53802,2010-04-30 11:28:05+00,1,1,0,53682
f099e1c7f2bbfaa32ca5d932029486a5d3d66e5d01f3897478ebda3ccc256bb5,53803,2010-04-30 11:43:53+00,1,1,0,53542
0880f537dd81c2d422cf26ebe4b659a781df1f8a17a93e49ca0315b68bd4724d,53812,2010-04-30 13:23:27+00,3,3,0,53582
281690a3b135ffbb705bcf7b69887016996462da6d4e517b659640fda6b15d53,53813,2010-04-30 13:24:40+00,2,2,0,53647
e7a2a3c03304d34854a65f5f0dab86248f0d5e9e73ccabcb155532b609ffddfd,53814,2010-04-30 13:31:03+00,2,2,0,53652
d94f3b584240e2ed9136ef7980a27ede57858af9cb43b0a568c521337c58948e,53815,2010-04-30 13:58:51+00,1,1,0,53695
8155cea4c99da2270c27ece4e726a35972661d35cb211dccf5c4ea9e0da034f4,53827,2010-04-30 15:28:27+00,2,2,0,53701
297a1dcb434d93901dd9ddb677dfe136724b0936299fa36c3b41ba4b7cbeda50,53835,2010-04-30 16:35:34+00,2,2,0,53601
98ebf8ad76d350b8350afab2ab5f5b9b3e042fd4a8db6e2784ddc24a72c64c84,53843,2010-04-30 19:03:51+00,1,1,0,53712
f3c947d55836ee4bf8f64f370327ba9bcd6267faa0d5f1c9f911f6befc7f39f0,53882,2010-05-01 01:02:01+00,3,3,0,53650
03722753e03a80e9c58dffa4bff3bdfaea2ade7ae32536baa9c9277609b03981,53883,2010-05-01 01:09:54+00,1,1,0,53734
a8dd80491e9be420ba53ade377ce8394f02a9a76d4fc3b7ee4409617f09e056f,53902,2010-05-01 03:39:21+00,1,1,0,53773
d4ae3ec98f72bf3d8a44f65fec305ff79f2028ceec015bcb92d9db2a7f1d9d93,53907,2010-05-01 04:06:45+00,2,2,0,53774
0ef23ad6b35b4dac08839c47f5651b97e2f37da1211fcdbfd0cd321ed019ae66,53910,2010-05-01 04:36:14+00,1,1,0,53790
8da2373767246d6d6128112d70c53012db37a1d5097c21562143c9f5393412d1,53922,2010-05-01 05:59:46+00,1,1,0,53801
1c3d9d3f63937332cc42d1701fa7e42b23c532da96a8e16cb5eaf2f16c36ed1d,53928,2010-05-01 07:18:08+00,20,20,0,51961
9a0e3dbf2031099a5f36761a6a4ee6d4d05309563cb96a5785b932da61c70cb0,53928,2010-05-01 07:18:08+00,9,2,0,53717
f121898f139d15059da21acfe80c238933b4da591144ed348808e635688914a2,53928,2010-05-01 07:18:08+00,5,5,0,52530
22a66d452f67315db6918965b4681b734bc62b8fa1dd42f9156a876b9b186a40,53935,2010-05-01 08:13:57+00,2,2,0,53735
30e67eb0242db0fbfe9667a455465aa5c777cb359fd3d409cfcdbd91e9cc95a7,53940,2010-05-01 08:55:59+00,1,1,0,53803
55cfe30349696923abe333777e020256d8ad21c6a99aa686e0198ab38c3eb1a1,53952,2010-05-01 10:50:26+00,1,1,0,53732
70c4ffa9a8dbec2feb1cb687155f4e0e9c1007eea6d92c1cb1073c007c709fd3,53952,2010-05-01 10:50:26+00,1,1,0,53729
59b3e317e5ac884ededa148124c015d3838c791849ba2e8040132b1af5f35678,53953,2010-05-01 11:09:28+00,1,1,0,53755
bc5444ddf18bdad635782b267b6ec8418765157b0af6a3d848725f48a110a394,53955,2010-05-01 11:18:20+00,1,1,0,53764
c28f5cb0260be69555e90140f39b636a610b4ad147ab03160ab96e9a32f7ab41,53959,2010-05-01 11:34:10+00,1,1,0,53487
1ae1b2fe5964acb4319cebf40514be1b07ded001b98a908431fc3311f172be9d,53986,2010-05-01 15:34:48+00,1,1,0,53836
6aedd4c134820b36cf3f7e6abe6bcf8408e60c10b83d31800beeb8f342166599,53993,2010-05-01 16:36:14+00,1,1,0,53873
4f894bda4786793ecd5d465540edaae81d0f6d587449c44962c8899e02e725a7,54023,2010-05-01 19:46:45+00,6,6,0,52101
3745bdadcdd7bc37cd7bfc570445ffbd68e87143b4534fe68c0da2b842937d72,54055,2010-05-01 23:36:59+00,2,2,0,53867
5173413baee1bd9403e659fd4782f5cf5e46dfe16ec07b78b6ce3aa891acbebc,54057,2010-05-01 23:41:34+00,1,1,0,53935
89073bd4c248529af839af79213648cdf16dd7d0e1980f8514addc4f13463a67,54057,2010-05-01 23:41:34+00,2,2,0,53853
96e7c5c8af5f9e1032af8f638b41c33bf5fdc0505852fe0d5f91398c4ea55cec,54060,2010-05-02 00:35:35+00,4,4,0,53508
153b9e9548896f33a41ddc416191dc34f2d0d030cf66e639976897666cb61c44,54064,2010-05-02 01:40:32+00,1,1,0,53744
98ece754779cabf0ae133fbf00766c9017516197b3d057b019a4e3194ffd1afb,54064,2010-05-02 01:40:32+00,1,1,0,53877
164944639077dc4ffedfdb9054de058d9bda90cd544a771e46f378a057732a89,54067,2010-05-02 02:16:09+00,2,2,0,53854
eca82963f354ae0e76472c4f5447b66e75d52bcce69d7cb0d6a780b01ba99469,54080,2010-05-02 04:07:42+00,1,1,0,53960
f229bc8faff844aaee93536d1d648d6972308b6fba7d9d3e83120b7a80122038,54091,2010-05-02 05:21:36+00,1,1,0,53799
15f94a24b39ba0d7ea1d1f7cc435f76dcdf98af90f3a2134769c5061e95c8482,54101,2010-05-02 06:27:55+00,2,2,0,53973
0df5dbcadc4d1bd7a912c6f027b36a47ae7720a644ce718059fbf121a79b3db4,54116,2010-05-02 08:27:23+00,1,1,0,53110
34ab20ca104721ace7ffa9a5dfb96d575f7410efaf6ac5a2b925f8fcf0853f4a,54116,2010-05-02 08:27:23+00,1,1,0,53897
55eb9789f284d5476dfdc43adeee071ac3a89ee3630e58cdd5e1a42c52c3b59e,54116,2010-05-02 08:27:23+00,1,1,0,51775
6c2d320f2ec046336b17b7fa0d6396e3f79582f713dbc8fcb40b2c465c9e67dc,54116,2010-05-02 08:27:23+00,1,1,0,53675
8bfa446c1480bc7ea412eb1e143a3f5000313c9b6f835aadfca332b33ebdf1fb,54116,2010-05-02 08:27:23+00,1,1,0,53453
faa962c68ffd3a17e3abc36ed1561b05e32859dc2b96b907a53bb53acd490a21,54121,2010-05-02 09:04:47+00,1,1,0,53591
85f7c860ad6db769ca72ae17bd0020185524c126cd41e3c011f54888e4c2769a,54131,2010-05-02 10:52:21+00,1,1,0,53956
c84fa052a10c123fd287c49543f57781b115cc79c27c4f9df32491820d34b028,54131,2010-05-02 10:52:21+00,1,1,0,53908
2bc1f8cd461c0ce2b482a91a0034fb833af2847f3f338c34cff16845ae869adc,54147,2010-05-02 13:26:11+00,1,1,0,53841
f9aa972724f5c51c0392cd3320fe511e7112e8bfa2d49dc2a22d87b3d1aa562c,54166,2010-05-02 16:17:36+00,1,1,0,54043
407481714e1e36845a27ac1d5221b03b3feb54202fbc715a4e17fe519f45de37,54191,2010-05-02 20:29:35+00,4,4,0,53079
bea1c7207181852b4894ed7ce32b61d4ed0facebd629dc37e42e760f601b64ba,54209,2010-05-02 22:55:06+00,2,2,0,53995
d7bc0364f0d80c4613506c0129e610218adf51356a4b55c5194702f1c3b944c3,54209,2010-05-02 22:55:06+00,4,4,0,53972
463dc06dd196d7600f72d822fd55a35e3ec7005c31ed60e8c6c28ab9cf49a952,54211,2010-05-02 23:38:49+00,4,4,0,53622
400e61d2b68e9c4148a25808223c9b27e1e287c592a2ac42093424bb2045141a,54212,2010-05-02 23:40:40+00,1,1,0,54092
49b3661f472de7662df744d267745bcc09aacce4b0d0cc13150abb31dd166b72,54214,2010-05-03 00:03:45+00,28,21,0,52881
e54c13e149e75689f203fa601b2219e6c729ed0ab3f1e4c1ef272e4974508eba,54215,2010-05-03 00:15:53+00,1,1,0,53076
f167e25cb76fe9f391e3762211c374e9b7ec8c680de7e9627f68b9fc0d7a85ff,54252,2010-05-03 04:00:13+00,4,4,0,53584
9f979eedc194c05f826062e4552d9dbd2500804ad8e3d19d6deb9dae17aea9aa,54254,2010-05-03 04:23:12+00,25,22,0,49649
569193556af0e29d42fe2cad654bbb9763c53c8e6437be3c7d7b130e8d72b24c,54262,2010-05-03 05:48:07+00,3,3,0,52128
06c77a3593715a1d3eadee6c42cabd4c315c51becb547b9b34d158a9d2641c83,54286,2010-05-03 08:17:25+00,1,1,0,52941
89ac7041d69a2e0668928db049e22cd57ed71e93d99d4ed97e1c3e4756e5aa0c,54286,2010-05-03 08:17:25+00,1,1,0,51844
8f4b23d563f40126ed59dfb1bc52180713c8023f5e2d224b4d9528348c30af0e,54286,2010-05-03 08:17:25+00,1,1,0,54004
b2ff6eb3ac45205d42be0a521340d88947454bca1b04863100971181c4465bc0,54286,2010-05-03 08:17:25+00,1,1,0,52132
edd000c22949d19957a93c5cbd931bafabb99e0e109f21b63f43328dc9e2baab,54286,2010-05-03 08:17:25+00,1,1,0,52159
57d6b0390525c97314279497ce8c76bd15333d3da17016fb65dc93d161892cae,54308,2010-05-03 11:11:27+00,6,6,0,53699
b503ca67d24cf48c15371f12953452680c38426b422f31e7e51fae1d73c6bde9,54308,2010-05-03 11:11:27+00,8,4,0,53984
0507d0e6c392d70b816c0e63d3105e50dfcdb2809b53823aa4e5c789900dc6af,54309,2010-05-03 11:16:31+00,1,1,0,54057
867d0a81cd1857be9ece95d139d52e366b996220872e207f54849ba6121662b5,54310,2010-05-03 11:31:28+00,2,2,0,54090
388cfff1660ca06586200df016e6cb746e25f41f184b29a39791ff4acbce7e17,54311,2010-05-03 12:15:28+00,2,2,0,53812
ff60c8ecf2267971ca68f4a51f8bdff252041db40493cdad4c5e1bbbd1a76248,54311,2010-05-03 12:15:28+00,2,2,0,54062
f98ef153cf9728e111e93a6a6ffd481bc1370a917bfd0311694bb713b29de6dd,54326,2010-05-03 15:55:03+00,9,9,0,53758
413962271763ea51cbc59440a8ad0d0b833065a67f2e4e5d1e7ed87d76ae50b9,54336,2010-05-03 18:29:22+00,2,2,0,54112
defbf7f0652fe1dc0c6e3881a6085c19ba605a38ca260e7b13af4dacabee3677,54336,2010-05-03 18:29:22+00,1,1,0,54213
27ad6ac2a5d8c23db713590568da73a677c10c6eb5826a33925c46c276ad774f,54339,2010-05-03 19:32:50+00,3,3,0,54125
9e6577cc2e32c29e0ae10be8b7b88afac80943269d3b618249af22ad6c56301e,54340,2010-05-03 19:36:02+00,6,1,0,54176
acaced9da25aefac4d89d0a9d4eeaa5cef36167e213475d6c43287bcfae33d0a,54345,2010-05-03 20:35:41+00,1,1,0,54223
675e77702fdc0d7af3d30f75e93dd24d9b22c9dd9f4113c90f6c0735000f3b4e,54352,2010-05-03 21:25:04+00,1,1,0,54133
8714529cc43839bf7eddbca5c7b922abefbfa8e77e165910260e17eef7929d81,54371,2010-05-03 23:38:41+00,3,3,0,54137
a0036030a7744cd1793e9822bcd1c809e35ca5fecd312f125be96821ba725a57,54373,2010-05-04 00:10:57+00,60,49,0,49014
1046a0fe18f1ef81404510456feec7547d26bd61ce462028d1a51da757bb2a97,54381,2010-05-04 02:04:51+00,4,4,0,54101
c5bde573e28abc47978898ac3ad4167106a46d8366ce7dc8afea5254248eb2ce,54381,2010-05-04 02:04:51+00,2,1,0,54261
a53c72dcece44befb274fd9a704a8411139846ff8ab37d131a945a1f51c81784,54404,2010-05-04 06:15:24+00,3,3,0,54096
0e19d1195aaac82653194c143b96929a7252b5269bf835fdc2576e4fb4161594,54452,2010-05-04 14:25:04+00,2,2,0,54255
4f7bd187cb16d248344d1332d0833a7606f0e6daf08121fe68d49513123e2617,54452,2010-05-04 14:25:04+00,4,4,0,54292
71b42a728c5ceded528ba28158ff5e182b93cf1dcb97c291bfe7501f8f7421e9,54454,2010-05-04 15:37:07+00,1,1,0,53767
ff3e4c7422806df80b27450150a88a47e49d35051e50a3eaeb62516339a0ca34,54455,2010-05-04 15:59:49+00,3,3,0,54212
38511c97564e6d5af077502e641f4bd487de3169e4d9d3b727cda88dd4ebe364,54462,2010-05-04 17:01:48+00,1,1,0,51895
66a1c2c0da3c7acd1a0c0514319924b7adec9b357d58db5b4e86896afa6a442c,54462,2010-05-04 17:01:48+00,1,1,0,54335
991812542ee0123db9a27148351b89dfe8dfc8d7e716a6bd6dccb1d21ec71c85,54462,2010-05-04 17:01:48+00,2,2,0,54283
8e9eabf22a251d2fd2466498c83abf3c0f2aeba2e0334a2e239f6f3d8f4b6559,54463,2010-05-04 17:06:14+00,1,1,0,54304
1ca4cf582195408b1c554488c60db73861d34741efff9d9ae7214cbeb58c90f3,54471,2010-05-04 18:53:33+00,1,1,0,52111
37e1e112f55ee6eb903cba7fb0c67da743f34efaa1a623fc0adc4ecad4236fb2,54471,2010-05-04 18:53:33+00,26,25,0,52129
bde103b382cfc91bc5f8413e847969b177b741558c2334e29da29717ba7a867c,54471,2010-05-04 18:53:33+00,33,32,0,50758
069c3529bed320f61d7a06fc8839f7289fab08a943e43eab1dc3e636afb85d84,54472,2010-05-04 19:19:15+00,2,2,0,54337
6d26f4d7cc466d7988fa677b1a6ebd269b87f61f3f74b65b70936b545ba811c9,54472,2010-05-04 19:19:15+00,6,3,0,54230
d021771e8a239f6878d805b44f132a3ea6ce311ea5661b08a11d6c3d0553272e,54474,2010-05-04 19:32:55+00,14,13,0,38937
e117b4f02162a6c785db4ba451787c5513bc28330aea310db06c43cacc16a654,54482,2010-05-04 20:05:00+00,1,1,0,54362
184802b8555ac1266eca52df208fabc0f20a841d3178e3ff496c259fda0363be,54486,2010-05-04 20:44:23+00,1,1,0,54356
7808a14f97825d3772543e2f6d840f9acbacf8f64c7fb1fc2e1ee9a18b7d2ab7,54486,2010-05-04 20:44:23+00,2,2,0,54232
bdce8e6894a8fc067efa28cf485a496a972bc6c174dfe08e764406d99cf9ea5a,54487,2010-05-04 20:55:22+00,3,1,0,54273
8838e5804aabcaa6e635e4f1f10037c3b0a0c2744317f4342e5a9b9fd0ffded2,54491,2010-05-04 21:31:22+00,1,1,0,54353
e2daad8533095f8e0e26131410e4356162ea9131cae3af64c4b11f477eef7821,54491,2010-05-04 21:31:22+00,2,2,0,54363
7a0ae32ed1f7d09dba3db303d27ecfec9da5937236bb48e74b72cc0cfeee47bd,54494,2010-05-04 21:53:35+00,2,1,0,54374
5982bc250998c2ef7685aa5fdf80f33d4a0fb91e819b90f3fe028c16920a7cf8,54502,2010-05-04 23:11:22+00,1,1,0,54370
f7b75a0a79ceb722da38db9e92dcd2c3b0f13e7c8ef4c7e82394179bcac20b30,54503,2010-05-04 23:30:27+00,1,1,0,54379
63ca3c4c7353d3c4500e7a971659e64f76babbe82202de1f36fafe85ce162a66,54517,2010-05-05 01:03:19+00,1,1,0,54391
87cfc9c9bdd6f4352499f18ac07cbe2ea25500b87e70ce7cfd440b804914c565,54528,2010-05-05 02:23:58+00,2,2,0,54376
79b09475a84e1cf4d8650538759ab2e1823c97e5e086c5b64dd1fa163c7e86f4,54533,2010-05-05 03:25:24+00,1,1,0,54413
b5158978daaa0882f6ccc1e81f6fefbc520d2c0bf9936d50a438ccf40eecacae,54546,2010-05-05 05:36:28+00,71,60,0,39427
01a55fbfc071c03e284fbc76157887a3640e79b6b776d6cf06a012f64a8663d3,54550,2010-05-05 06:33:40+00,2,2,0,54333
6bb2656205b0c3e2a297790943869989c58c56c2cb2c6c4f498d28ca698a5031,54550,2010-05-05 06:33:40+00,48,21,0,52010
21ed0872938d7d820de9b4471123a57617a6f0301fc1304d8eb7e7857194899d,54565,2010-05-05 09:13:53+00,1,1,0,54208
310506b41b3befb9ec995611b581513d5be489bad8beeff5afee7bb01a77a718,54585,2010-05-05 12:47:46+00,2,2,0,54442
e28812dab99a93770fc5dfc8eefc60592d54e4b4a29e306935e8f8f1d3b36fc6,54585,2010-05-05 12:47:46+00,1,1,0,54448
c4f50cb71c68a707ae7195368c0b3ee83eeba752357ce82abb8d6f01f3d68a1c,54586,2010-05-05 13:11:39+00,1,1,0,54342
a1b2926e0b0e2d032d24a7bc38700cde95b7db754962c8d2add113178ad0df1b,54599,2010-05-05 15:45:54+00,5,5,0,54345
d7cbbf6ef861d0999124e9be515f684d6fa91f9dd8a6bc411adb8820f2dea2c5,54599,2010-05-05 15:45:54+00,1,1,0,54476
8b96664a51567dae34592da13cde7aef250da1266e5a606af762cdd01e66db68,54616,2010-05-05 19:19:09+00,3,1,0,54419
9d62d37d8fb8d61668d5f7d22a1960575f314d53ac1ab004e7841078030d89a8,54616,2010-05-05 19:19:09+00,1,1,0,54484
5a31a4a767d6f9753f992417329ddab59e68dd4a5d400de43d69b53dfe7d1d50,54624,2010-05-05 20:49:51+00,1,1,0,54455
fde23d2345000bca2b5a07fd66848eb3f78e2a13fd3a53d54a2049845e0499a8,54626,2010-05-05 21:13:26+00,18,17,0,38785
6adc9bc0c95b3a3d1f83f02daf65e60a90e6ff9e396002de52d7859b7dda9999,54627,2010-05-05 21:29:12+00,1,1,0,54507
528424795cd0e99fb9269b1e66fc8f750aefa72a83ace28bd5fdbf8f06db32ff,54648,2010-05-06 00:28:20+00,2,2,0,54517
5b3d169408f61aa4576f9c90ed3c763ca696ebf62d58e1becb81a069186e7c09,54707,2010-05-06 10:04:30+00,2,2,0,54294
3ad6bc5d1cceaaa6ac5d1dee2bf5ef7018f442ea51ec75aea37c911fde8813d6,54708,2010-05-06 10:08:45+00,1,1,0,54524
b47aa6ba93a94c5c8c74ca2e6229037cd938b232df091c6683146749bfae58cb,54714,2010-05-06 11:25:42+00,1,1,0,54477
afebbf87f646579b0c9a0241ff61dc6d6151740ed7dcafd95142d9aa14be758e,54722,2010-05-06 13:17:44+00,1,1,0,54322
c45b7f5e1df215c8db49a93402c82e1d2c20871dc16aee97e9747e7f0ffaed01,54722,2010-05-06 13:17:44+00,70,70,0,39996
bc548e044a8caca689eb1b43d95725cc1bc3ea3186f10fa09135252d81003b02,54723,2010-05-06 13:26:43+00,5,5,0,54537
063bfd9a46185c087fe192d1fb9068586bdc9849f443facbce7ffe6110fca0d3,54724,2010-05-06 13:27:39+00,4,4,0,54509
89065d0088d4cef031f2848a2eadc94662376776858ee9d3eff9e5d28dfb9b57,54725,2010-05-06 13:42:50+00,1,1,0,54598
9cba3908316ee06469e23239bd82e5d204e699ff8354eed31ac631d602ce47ee,54725,2010-05-06 13:42:50+00,6,4,0,54578
10163c6d00fd0d988458c896f0655c45486e5490476c90296a950bb73d972b82,54730,2010-05-06 14:12:08+00,2,2,0,54530
740c2d7d085e9cbcd069c03d875a5b638970bab1eeaab12fb061ac98d7c3d02a,54732,2010-05-06 14:30:41+00,2,2,0,54428
09848fa8199ef5495b85d7f939ef9fd038a6dbe62be2acf017399b8c9816c2f6,54738,2010-05-06 15:12:11+00,20,20,0,50743
4ddd1890855bdc2cdeccc49df875bb2d56fc710b08e4f92c57606fb63b6e3020,54764,2010-05-06 18:25:57+00,18,17,0,51247
a545ef7467d8c61f30c0e33968913aeae62e02b869c631f2f344a4c8a8f4e881,54766,2010-05-06 18:36:25+00,33,31,0,38754
ed1f14102c704737ff8f3ae43128b72f24a5b14a882aaeb07ac973d1606801ec,54773,2010-05-06 19:58:51+00,3,1,0,54606
1decebdbceeab2cbefebc2793e8b7856d13486c200d4fcd87a6a54b10f50bdb5,54778,2010-05-06 21:36:32+00,5,2,0,54432
2d22e9ef36692d9f9a383523442fe6cd0439b9e8c0498f6b972845517d6d3045,54778,2010-05-06 21:36:32+00,93,93,0,47106
52c953f93546f530f94029f0cc834fa5425f4fb26400804d7b9a6efdb8f0473b,54778,2010-05-06 21:36:32+00,1,1,0,54605
b08fb4222477efdc64106ed3f2191b1de2d37ddd49ecf9b93e8ae26bfd31c898,54778,2010-05-06 21:36:32+00,2,2,0,54409
b77ce22ce242e8446bb3696eaa3fd23300bc73bddeb23480b7a49232e93c5bbd,54778,2010-05-06 21:36:32+00,3,3,0,54467
be489bc81d31888153b06b4b8936be90c953245431a316edfa87a5899288c9dc,54788,2010-05-06 23:04:37+00,3,1,0,54602
f8d2d34f72e20e6e5db98f951448ccb7c0f9a7ea511fde11f3d0cdd751e7b269,54795,2010-05-07 00:20:52+00,6,6,0,54426
179805c81d0923ca1efacc05e26382d67efe6df82fd6a8c405fb5e451b06c587,54855,2010-05-07 10:11:15+00,1,1,0,54609
88e1233b83e5356a68352bf6988bee19699ffefa87f183b51e6197b2aa7a998c,54856,2010-05-07 10:18:39+00,1,1,0,53917
9e467a0f834ef848d38ad0dfcc942a88dc93fd4874bca3c530572fa7961bc0e8,54856,2010-05-07 10:18:39+00,1,1,0,54029
fad0fe0f63a73518089aa49bfce4d8b1cb3a5861bde086aad5275e5b88195e29,54856,2010-05-07 10:18:39+00,1,1,0,54469
9b1c670f8875f42eac7773373914797a375fdbaff958d9c693b6a55654b39d30,54864,2010-05-07 11:53:22+00,6,5,0,54359
63004369b9b56ec549e5db32001ff32a31a66d858d2ecad192cf083ecd8c7fea,54869,2010-05-07 12:49:32+00,28,21,0,44889
b290eb6b9cfbee101ed4795ead2bb86f8a405902aecbbad130ec13fed121dfb2,54870,2010-05-07 13:17:16+00,4,3,0,53341
c7b846b1cc0214bbd4ea6c88f58023c309d97f7367fb300fa51e99436af902bc,54888,2010-05-07 16:45:05+00,4,1,0,54219
8f3e5f3f379d6ec6e0d75e1241797d37436a18267cf0670b623571e56097e170,54894,2010-05-07 18:24:18+00,4,4,0,54396
01ef9f82e5f56b7ab19fc92b934f7ff214909832b7aaab9a2196b5910dd86785,54929,2010-05-08 00:33:49+00,21,17,0,50263
0cdbb549bb931c72e886326baf891ce912f3af99fa8889bb60393755ea9a14c6,54990,2010-05-08 11:19:01+00,1,1,0,54533
2734c9f7465da8c7ecfae86a2a4f3c01173346bf86df8af74a5641ace936ecb2,54990,2010-05-08 11:19:01+00,1,1,0,54559
1bc12e35c1083d84b0fb2424c0e6942d1d96fac06d96da442334d870e8e8d01e,55003,2010-05-08 13:38:49+00,2,1,0,53489
2315e44d551f7de4f7ee7e40bb156f0ceb46fb0011a0760944a325cf53232431,55043,2010-05-08 18:22:19+00,1,1,0,54447
2df758005e23a7ff67b82c3ef22ce266b80cbc745fb78e55a25e24ff54d1e115,55058,2010-05-08 20:30:49+00,60,55,0,45130
f0bc8f8e278bf02bdc62da712cd5845cb61b9fce13d34f310e84f95986a104e7,55058,2010-05-08 20:30:49+00,161,154,0,45790
b895ad07493f72fce02deec59e8deea18a9eb06e4ad820ccbc8ce0a0af86e86f,55076,2010-05-08 22:42:35+00,1,1,0,54501
53b391199be67fb1f4639980b8dcc3a3607fdd80446b1dd74c4c98632e656d9d,55077,2010-05-08 23:05:05+00,2,1,0,53512
4b0302ed35f02c20c8a73b9e43c6c2fb35010c17f6eb7347c3ee507b309edbcf,55101,2010-05-09 03:00:54+00,5,3,0,31275
4c9e19181ba4989abd0b33d2298672bf9fa04f08c0020493593e80c0fcc632b3,55101,2010-05-09 03:00:54+00,1,1,0,39791
6ea40b7cc743f51715d498be9a6951fac7c1866de6fbaca351e804b2d8879df4,55101,2010-05-09 03:00:54+00,9,5,0,31229
77102d234fc8de33ab63025ecd0d7d6d8f45a868a12c7af1813ec5453ba27697,55101,2010-05-09 03:00:54+00,1,1,0,40541
5fd627a1cec50bbf2a9bff35bed760a78f1261ffd7ed742d3e1fe017e01390c6,55110,2010-05-09 04:56:32+00,1,1,0,31180
1f76d312346ac21a1035890ab07bb4244d4513e6b687e4b24489802410399a5d,55111,2010-05-09 05:14:12+00,5,1,0,41232
29fa3359414a2090d93ec4db049f951a003b0be26426ac806f866e712665a38b,55123,2010-05-09 07:27:44+00,3,2,0,53629
ba3ab3a0e56c08bf0cb54fd7b11fd4b4e9ce8b1643c5a35b3f63db663fe69273,55128,2010-05-09 08:45:03+00,1,1,0,54241
9150f5d02a703995a67f416be76828e6063b0a58cdaa52be6b9ba45725528fa5,55142,2010-05-09 10:53:52+00,9,9,0,52789
76877c01a5eb44731b81d1f895f43197328e9757d7792e9af0e237677334fc4e,55224,2010-05-10 00:13:00+00,4,1,0,54387
d8406e5edcd56201b2a37e92a6baca1e0627a706427d531d4121b492993ed78e,55224,2010-05-10 00:13:00+00,5,4,0,54034
12eaf286fe495b921e391df595aea826be10c14984be38cb9fb27fc79dceef10,55260,2010-05-10 05:51:23+00,10,10,0,50155
7f6cb9e3aa22c579b8c019a9f57caf535a79413a725549e73552cf4790e9450b,55268,2010-05-10 07:30:32+00,10,10,0,49226
17f62929b6ff6887899d8c8266bfc10ad9a1b4561147434de27904f91147ae25,55269,2010-05-10 07:44:51+00,13,10,0,52072
4f98aef6c50b9714aca42b279bedb5b273bcd40d17d473997431d6f836479c6e,55276,2010-05-10 08:11:27+00,1,1,0,51853
a0cc8379affa8c819c5d7cfe98ea6c632ba9b6d02164e0df4ecf10ec98c30341,55276,2010-05-10 08:11:27+00,1,1,0,53480
adbbfe30bf8f6ab886772674f94562d49b677d008857b1258de316821444e93e,55276,2010-05-10 08:11:27+00,1,1,0,54336
6687d7819fdbfd8c3d630d470405ce4076489338fbb78c8067c8cfdc67a4643f,55277,2010-05-10 08:19:23+00,1,1,0,53824
1fec33f14b2fe1a2c6ff982991cb1cca0039c7357c748f054bc3e2e11ceb9ca2,55299,2010-05-10 13:16:31+00,13,7,0,52510
017379bf3df1a1bad347cd882dc71e702193e39fb355d7247d8d31cb74046dd4,55337,2010-05-10 21:24:06+00,31,27,0,49233
0328f40f2793a0bb7975e51598543718a831d1d7dba8de84c6cce1fea4b9d869,55341,2010-05-10 22:21:54+00,6,5,0,49545
fea36c02a3977a9f3d1b1b529b2aa4eea5f2c9c5bbae85e9cc63bbcfc6e19a8c,55348,2010-05-10 23:01:35+00,14,4,0,54385
8c8dae6ab32782f0a34e473b3c8a2f9cde130e6d39223fbac8950ac114d6b032,55378,2010-05-11 06:25:56+00,1,1,0,49593
6ed612195ba3e7948a4dc2bb9fde2450931a2f1a42e7e7badd81de86a1a429e8,55477,2010-05-12 01:21:59+00,3,1,0,53907
404fad45309ff0f39fcacfc8f70217c77c662a4132995c1aaf59560b416b263f,55510,2010-05-12 07:57:00+00,20,18,0,23933
258b9b6ed6ec5d343b378fde9de5e5aed157f621ba5b59376a4f4054d89f1e48,55512,2010-05-12 08:11:34+00,1,1,0,52762
38e6b1ba9810ebb8bbbeaee077d618d7f35eb9b880255645559dcac41ec489fd,55512,2010-05-12 08:11:34+00,1,1,0,50325
ddbea93e4d03da60761efbae6615c45a63fc0c2069d88fe706591e5b6616a104,55512,2010-05-12 08:11:34+00,1,1,0,51384
0af0db8c3674eb58c6c274865593b79515034032b9cfcf30e7442422e5744562,55562,2010-05-12 19:44:28+00,20,4,0,48569
97a458678eaf1aab45c1e1dd3feb1fda8dc14379e2ecd0b4197ca73d8c4f0177,55562,2010-05-12 19:44:28+00,21,4,0,44594
49aa75a3b53e3e4a056c2156e58d8fda842642bfe790faed1e8d5f2f7c2539ea,55573,2010-05-12 21:24:10+00,6,2,0,51096
20441a65fc763d6492f5f54d1867c23b4a673539146152a676f4f1b3df61eae2,55632,2010-05-13 08:22:38+00,1,1,0,51694
33b1ce4c0b58204a316e67e6245002dfa241e42cc0c67271e75ed61a941d04a2,55632,2010-05-13 08:22:38+00,1,1,0,54197
3e8eb652b86e93ac3b89573576a4a648301feba62335d372080201e143fe037d,55632,2010-05-13 08:22:38+00,1,1,0,51181
54948b489b5c85f46fbd1a4cdcb696a40a94786cc4ce71c2bc51ef3d6b6252e8,55632,2010-05-13 08:22:38+00,1,1,0,53048
8e8edee70c87068824d5056248c4cb51b103a8f927542e7d6a76a4acadefb006,55632,2010-05-13 08:22:38+00,14,14,0,46890
b02b4a65fc4815165634dd8696ad67df5bd181079aa45ae485db3da348d16945,55709,2010-05-13 21:59:06+00,8,1,0,51847
935649b5d9ba328f44a14eab05fd1a3f047ab5f90cfa9ff7454967d2884fdb5b,55780,2010-05-14 11:30:18+00,1,1,0,53416
daebf0b1cbc55bf2cc65fff93646455ef940e2e368e869e942ef6cd44ddc9e82,55783,2010-05-14 12:37:14+00,38,24,0,44753
5f9c2a6e4efa24a679e1034f022a5ffdc5e0c8434db43147f8c00e39981b9a74,55802,2010-05-14 17:23:23+00,7,6,0,25150
dd8d96ef3c2c49251f2a57b7ec5d6bdc14351cd914cdfb5245f51f30b5f6343f,55804,2010-05-14 17:33:10+00,15,8,0,52257
038ee05e4cf8140678a2a19bd9c6115ad77b5832653b8eb38aae5c24d9996501,55875,2010-05-15 09:27:12+00,1,1,0,52536
bc07537da06c54a6d40cebbab114e6b122138c03088cbb771f1ca82b3776d755,55906,2010-05-15 16:22:00+00,18,11,0,44128
d354dcfd21024f9b54cf73f51eb20db6d8202d79854a4bd2a8cf57435652716e,55977,2010-05-16 11:01:01+00,1,1,0,51559
202a76bbadb25873c0099751e6411f1443f2e582aebc54162e525b5ba6b824e4,55979,2010-05-16 11:43:56+00,15,1,0,53298
566fd118f32dee2081957267c9826e6dfb987b328e1f031fd2fc6db56f1eae9e,56076,2010-05-17 04:46:17+00,4,1,0,53459
fa78cfc5765189adceee1626fc921866986393b2407905309093057d30fd7868,56090,2010-05-17 08:00:21+00,30,17,0,52534
254a99ceae339b0d3e0d1f9da287a7798b217ee0cd626c2a99891eb73bf42849,56093,2010-05-17 08:12:24+00,1,1,0,52373
306cc37991f9287c22e1fc72339b7d6c485761692d042944d0512f5013ae608b,56093,2010-05-17 08:12:24+00,1,1,0,54325
378f39df7bdf11a21d2af066696b0c2e4fc514357217a2ff9bef80bd594f018c,56093,2010-05-17 08:12:24+00,1,1,0,51431
57957aeee7eccc6e41c5e291bf8d3a3333db3493d7a5006a7e90ee8128aa6fd6,56093,2010-05-17 08:12:24+00,1,1,0,52937
cd6f11ef4861a064d22823bf68a0d7ce80a6f5bd6d9eab703a6f334d31452d9e,56093,2010-05-17 08:12:24+00,1,1,0,50202
280bebab7295d4c4316217f427d80828876524903f66e6b8a12e8617238844cd,56172,2010-05-17 21:14:19+00,1,1,0,53407
499d0f5d452891ebe18a8c23cc0a554459a0ba3341ef021f3fae15926a977ffd,56173,2010-05-17 22:04:33+00,10,10,9,1760
028ad2c836163295e4723a49dd418ee8fb55a14613b1186675f01124b60fb763,56180,2010-05-17 23:07:58+00,2,2,2,877
c3187a6d9d7b0b91c83f1790cc3bbf7f86bf26edfa3472fbba2bb9e03940e6d9,56424,2010-05-19 09:58:22+00,44,25,0,34997
a1ba17a0adf90ee0b1bcb0e819c570db021794576d6d3053b66e7bb9ff4e2836,56842,2010-05-21 17:08:01+00,12,8,0,51082
121ea40c9736c69dbb2fd5df14ba73c048d0f85f9b0f94716d7a52893c4c6ae3,57071,2010-05-22 21:18:29+00,32,1,0,48925
9d4c282f0ec5c148a738e0e9e866895107a1f1c833e5bee5b7934ff1ea4bd86c,57071,2010-05-22 21:18:29+00,36,1,0,52463
7476d1b6c8fd4cd0d65510c92d06d5d8baadeae6022b7a9544f94c6e4d21981f,57167,2010-05-23 08:16:33+00,1,1,0,51812
e218c556fd249aaa1bebf9e38f7529b1b7d9d127fff8e87fe973bd77fb2af872,57167,2010-05-23 08:16:33+00,1,1,0,54098
e419598dd0ab1e99c2ad426828143687fd0c5254be16ae66df9b0bbb22ed61e3,57167,2010-05-23 08:16:33+00,1,1,0,52969
04cbb442dc107f0a6a74426eccb85cd6db83e2fc5c7045ffb8dc3c98e9eea80b,57365,2010-05-24 08:19:21+00,1,1,0,51427
278b76ebb93901f138c7932126462555d8a06a4e90f537751707fba6b2312185,57365,2010-05-24 08:19:21+00,1,1,0,50120
4cba77edd518186a817f4919cd8aea1755f7e85b078180b80ed69b045a5c8edd,57365,2010-05-24 08:19:21+00,1,1,0,50571
86b0fb4fb16839355f42a8ee019247a57b362e9aaa53fa4bc22e9a2f1e982ae1,57772,2010-05-26 06:28:22+00,2,1,0,54576
0b8b5b429e0a05895c4225fc6c0d3f039628281ea94b6374e1791a64c1a45d27,57832,2010-05-26 13:45:47+00,11,4,0,54334
6500afe7248c22050aa38b4e5d74f0ff7be1b473ffbd6569c3493af53fd3ef5e,57844,2010-05-26 14:57:17+00,43,20,0,49632
b9a0c2d24a744b79fe001a67468c456746b74e94a6ce68a2e5f80bf645d678b9,57965,2010-05-27 05:07:29+00,40,10,0,44447
742bc0382c8ba1227e6c4172bd135cc308dc7f01d02dd81ab199f0e2fbb06169,58414,2010-05-29 08:36:04+00,1,1,0,53136
7c592d984d3a66f500d205ff709c1aabb8cfeed188433b897c1a7b496b84bdef,58426,2010-05-29 09:40:57+00,18,18,0,30221
0f6a346d8978be85108fc2b01bc4b3cee65155aaffbb7a452b1912537be813cc,58530,2010-05-30 01:07:44+00,3,1,0,52384
07020e04c4caf7cad2433eed67aa52815490a28f600db7fd62a1f3c910dce52e,58718,2010-05-31 07:16:22+00,1,1,0,49627
efa86570d683ebfaa8eb665d4b1c9cfe2f6e9b1ebb71b334b727480eef4f2cfe,58725,2010-05-31 08:12:31+00,1,1,0,53386
9ed3b96db331f294e4bb6c956c9f9db421bb8a284c989823f76c7e5d0ced8af6,58851,2010-06-01 08:47:30+00,8,5,0,52303
cdc6d259e6d59a6145ed37cd116d568102396e6b82080ed719f40a95f22cf66c,58945,2010-06-01 22:28:03+00,11,10,0,47583
99f44a1e654e57c0d9918d2d2df728093cde0ed9e768c50737b3b77a37a656fb,59010,2010-06-02 10:57:07+00,7,1,0,54399
872ebe7e061b81f17ab8e01818b74c00ff72319b493581b4c80a4d2cd1ef4a8e,59178,2010-06-03 13:41:51+00,39,19,0,52359
0cf5d687e5f2d0590a5e864d14f6d0dc919d4e27817337131740484f4c59deb7,59266,2010-06-04 04:15:37+00,2,1,0,54608
f6e752c01fc8a2699596c47606cc0b90e1735c246ef97fc101c739febb2f2473,59703,2010-06-07 06:00:11+00,60,51,0,37984
61aa58ea783ef5ff06d0c7c98de47f5555af0cf9f80ee53d2d477f6a80792720,59932,2010-06-08 16:46:40+00,24,24,0,47720
d4501ac48e373b7cd6cc13ebd2c0b5d2f216fc46dc2190c4c18cf0599f77a06d,59932,2010-06-08 16:46:40+00,1,1,0,49140
464093ade26bf49d3c60e3ee50d23af2fa9489c5750841dc48414336a9bc31ee,60243,2010-06-10 12:38:19+00,5,3,0,47571
55b3b20bc90368663ca889d7a1c67eda529a681943f501886a8674b42756c7df,60249,2010-06-10 14:23:27+00,1,1,0,53785
29ebf96e6918aab7c24fdb0fef45f38eb494fe9976e46b2f9a9f7325895e54e1,60450,2010-06-11 19:18:27+00,36,33,0,41264
9b36f6b6802f10421677bc7d6bcb0178478f0718e74cfc9b8f78e6ee9fd6ed7e,60729,2010-06-13 16:40:39+00,1,1,0,26625
462a711c4f36087454a737f05d6203a1b0b370bef61d28a1b801873902c55a8e,60858,2010-06-14 12:58:42+00,65,65,0,23988
88c7ecfd60a397399467d5b0e5df3084b58ea17ec1d061a8edd6537aea7c7b60,61123,2010-06-15 22:37:50+00,2,1,0,50953
0fd23bb1ed1844bfc39008dcb6e1a40f0ac490bd743de8b82fed9148ceb63f8e,61301,2010-06-17 04:39:48+00,2,1,0,50444
55c730087e65259d162557ce04932d7b51009534d686151bcfaebedd503f482a,61666,2010-06-19 14:23:56+00,80,29,0,29823
54a87a9659bddf7c928b91bfb781532271bf46da2204293d26d3be8d1b0943ab,61896,2010-06-20 22:54:45+00,10,1,0,54204
6ba1eb4dc8091c754354e86b8a61b86fb197c50bff5898bbddd80b3dae7f4d88,62082,2010-06-22 04:45:03+00,18,3,0,54141
29d65da306d0f810d201a3319b8a6f30d24f3a46c9deae6d99eddc4f63f7510b,62115,2010-06-22 08:33:29+00,1,1,0,54041
59af801a73843da42aeac74ee0e055806faa1810ba70755eb21066e946ced212,63067,2010-06-28 02:25:54+00,1,1,0,53668
d52503aad0313449712b56b72896ff071b46a6c7ed93c5971d1fe8eab8363e3e,63259,2010-06-29 07:20:17+00,55,13,0,50371
4ec78c7562dfd6afdefa8d849cff1e94c4fe2f7eea4a545251399dbca9601ca8,63520,2010-06-30 18:47:04+00,44,3,0,53643
c98546d415d502e4f9d9d3df3e6a9e3f5183ba5cd6416539e052749ec35dc2fc,63521,2010-06-30 18:58:26+00,569,21,0,49990
77036fa2ac75212be1ce93e8e1008d5cb2bcbb51aa560a5fe29c9c1423bbd00e,63911,2010-07-02 20:14:33+00,267,10,0,50170
7275eced895d4f628d9d8d6c81e276d10e10a98090a4a4be027fee83eb2d7c30,63937,2010-07-02 23:39:48+00,56,22,0,49722
cafefbe38498b5e32f8f296e69af2ff800db6de3bdc5182e12d8ae5f2c16825b,64304,2010-07-04 21:35:48+00,174,14,0,48981
8d41a2590899ba287052422ed69f98c94baf3ee2af2ddd10a60d058665abaaa6,64636,2010-07-06 19:37:36+00,20,4,0,51613
f3a880af8a1238824909dae0932b6d37421d6a117323e2dbb11970ae419a2f95,64846,2010-07-08 04:04:12+00,10,10,0,13005
c63e0feef3d6070ea25619b94507021e3d87366ad0159bbe7a346ed9f45fb585,65071,2010-07-09 10:30:45+00,2,1,0,53405
8bb970dbfaa1de77d7163bd7a2d8959b19bc152ef83241429867381ed126ee16,65398,2010-07-11 03:33:11+00,11,6,0,46086
5bcb643351dedd634a2131edfa0c59b88f982cebdc8a36ce886e08398b855b79,65550,2010-07-12 00:06:27+00,10,9,0,35821
6018d2053c1af92713f4463551ed6132617d08a2c8e2ea25443afd8d0bb24653,67004,2010-07-14 04:05:27+00,22,22,0,44958
7aaa37a2775a1bc61841248ec559a210d18717cb2cd12899e40606b6c88e13c1,67258,2010-07-14 14:50:52+00,136,4,0,51085
40c878dbb132858023b53ece88d3fd13ad46b0febea72fbf55adee693abcbeb7,67342,2010-07-14 18:55:17+00,2,2,0,8446
668643cb1e954f50935b4360caaff1a5b3f29b44d36526ac3d7932273a8c03cf,67905,2010-07-15 15:59:06+00,10,10,0,31781
8eb75ac579a991fd372a93d99644fe99f2b14f18f83da0be621bb0dd462fbd89,67927,2010-07-15 16:59:31+00,10,10,0,31130
26acc7fa5963a17913f550d8696b66f95d6bb8efcbf2dd2e54a58d17d2f21010,67953,2010-07-15 18:08:54+00,5,1,0,53259
6e163ab42691e03cea2c24f14b951f37d7b254f5f7e920d160a4adc18449f97f,67954,2010-07-15 18:10:24+00,361,165,0,29712
a547f84cd2775bcebf05aae4063e2b56102a1505ac886adc74f8d4095abbde91,67972,2010-07-15 18:44:00+00,20,20,0,31128
0e2870fb255cb7512f49848d45bf84e44014669ac070c049f41e33a920f41603,68234,2010-07-16 05:01:11+00,1,1,0,50744
03db474c67abc3f0717879df16a8681087d4daeae60ec835ceb02b9914f83bc6,68546,2010-07-16 16:49:05+00,20,20,0,30517
e4c1649de1fa33a56eb6dfbcf3f9b453b3e071a476f4a18300f593f066ebed7a,68619,2010-07-17 02:20:40+00,47,32,0,46931
a3d3c935016c535453d219a66b3ea8c7173bdc7d743730f66ce634740e5e00a4,68733,2010-07-17 17:25:29+00,55,24,0,48527
6d245d6b2657399ea700e5010d10da34974299dc59b89a5e506a51a929ca9ffd,68780,2010-07-18 00:30:48+00,70,45,0,37088
a41feca3bfb9bfaa3c9d102e843a6c2e12b7d61facb62d4f0a411923a6c391b2,68780,2010-07-18 00:30:48+00,14,8,0,46837
034a31fb7672ded3996dc36dc82eeaff79560222d804baf62d48b76999358abf,68863,2010-07-18 10:36:12+00,7,7,0,46510
e058690f0ffe02142d7addcd3825286bf49dadb6ad482ca500031a74dac49f27,68912,2010-07-18 17:31:14+00,40,40,0,32501
30a1a106bf79d22c9cce1825f374749e304573116f5ca751679af4721176304a,68917,2010-07-18 18:25:40+00,19,17,0,12976
26f9a694e9fb3751bea0ea069f49c403598c6893acf30850c378f57aac022d92,68952,2010-07-19 00:00:22+00,10,10,0,43068
337a9f150f2e995f544b472a22a0e00177edd2fcef7659b6656ac9903ea68890,69035,2010-07-19 11:19:37+00,25,16,0,45745
59814dce8ee8f9149074da4d0528fd3593b418b36b73ffafc15436646aa23c26,69060,2010-07-19 15:09:19+00,7,1,0,51824
4ac3bf775033d4cf093483fa00bab0e5fb1b2034c6047714b106a45deaced498,69298,2010-07-20 22:54:03+00,3,3,0,48470
46873f46c34215a0f9d4c90e59ed39fa2f6c94032fbe7adbc8ada0cc9076200c,69307,2010-07-21 00:01:14+00,20,20,0,29845
66829539576d0b3b9180aa882622675760c23e5ba7f862dcb38dba034993636d,69345,2010-07-21 04:22:01+00,40,39,1,23697
0b8b96f6fc5a9a6393f5f9f7036caa78aace83236bde0ff0b741b922da41938a,69459,2010-07-21 17:40:19+00,10,2,0,53031
87e353e4fdc5113be9d75c0025bcb9b5b379932c69949b4bd8f31b0bedaf25b0,69504,2010-07-21 23:19:34+00,10,9,0,24028
d3b94dcede3cbb08c7c0fdd1889478baa5a0b482cd917f276fa07be702326385,69714,2010-07-23 03:17:33+00,1,1,1,29097
b98eabc10cf29d23ab2079c9981795944df1c50d180e5efbf52a892d46e153e2,69719,2010-07-23 04:12:49+00,1,1,0,18522
b772a63b9c102ce9d52f68638ed526e4c91a349d1cfd688ff41d4ff7dd0a7258,69739,2010-07-23 06:27:58+00,13,13,0,24298
29a03d6dde161b0a17c3a37285679d52a1afa4d38fbc40111b921f6b93ccf453,69970,2010-07-24 12:16:11+00,89,77,0,46372
e181b2f7a3d98f9fd2355369213336c2312662f9a82320cfa894f1c7c535ae0c,70126,2010-07-25 05:36:25+00,13,2,0,53969
d7d2d42bef367f3b648faa60ffe688ae9084fab1ae781316a4e0f9062b6c8135,70245,2010-07-25 18:31:41+00,116,1,0,54610
4e92c6985b7ca1282c80d181d66c08d3e1057c2e8f4189bae875c9e386dca5c3,70264,2010-07-25 21:04:05+00,20,5,0,50846
0e85b6a883bac825c44e43f0709aa71f67925c2de17297bae395b284771d937b,70493,2010-07-26 17:06:51+00,1,1,0,40031
b9d69463c500b81dc2ff600d0b528b15fb816c4dab11e424151de0bcbea7f26f,70527,2010-07-26 20:54:34+00,824,435,0,29710
83e6a2bc9a3ce73fbb1b299fbcdc18d1192023f8c07e17aa020a9549209b6a7f,70536,2010-07-26 21:36:58+00,2,2,0,37057
de0c799ba085b52029473e44deeb20b7437502b3a8df7ea8e9cd81152cab1a73,70556,2010-07-27 01:52:37+00,2,1,0,40124
341c044a319078812a2dc1a4bc49e10e573e3a2d9ade5382a2c7807510db5624,70653,2010-07-27 14:57:00+00,20,20,0,24742
6827872cccd912a2ed5f4b7f603a570b97f6e68a8c2a9048b4f88417691f8d33,70692,2010-07-27 20:48:08+00,84,84,0,23617
c70f8e45b60eaa2e1d004f6ab6d4e8bd38269cfca720a3b9b3eeaa3c88115a39,70709,2010-07-27 23:34:39+00,20,20,0,29269
89b0ec4cd3fcbba9e6eebb6aca2c8b55c8987d401b1c1188d05e11bb85f8e6d6,70858,2010-07-28 21:04:18+00,4,4,0,37919
bfe68d9c25d0cb44a681f7d242f798d6541362311a0e696a0162ba8f9ba72c8b,70957,2010-07-29 10:21:38+00,1,1,0,12712
9111774f9f21d72caa860369afca4ec491b14e98fdfe96d72cc67504d23d4c4b,71348,2010-07-31 14:12:46+00,20,19,0,24393
a581a9592776f8afeaca938c75a0c228fcf278b3f03cf29f58de9f406b88f972,71355,2010-07-31 15:17:43+00,20,20,0,23980
2105fa03712a0b960e706f4681dcb841674b274e59370bb98c8f143346f7e51f,71446,2010-08-01 01:05:08+00,40,38,0,23996
6fa4e0f30b5fdf74080be5e982e23596134467cb8aa82fa152391fb52035a2b1,71448,2010-08-01 01:17:35+00,6,4,0,50980
39b6787c56a375e0c2382df64b923d131bea3605b58b9ae603e994b03a5ee68a,72035,2010-08-03 12:51:40+00,28,27,0,43591
1433ea8111a860be071c87710e0a3656bfa9b64f2ebc4d05e3cc940d57997061,72145,2010-08-04 00:09:16+00,15,14,0,13040
226ba8dfbffa32b38928cb9891cfd049ec10f117ee772431a793b258843f0dad,72167,2010-08-04 03:02:05+00,3,1,0,38812
bf81223699789d3c0ab93421d1f2c3681a59f289e7c677cefd8ebb0a788e39e6,72191,2010-08-04 06:24:11+00,40,38,0,24053
92435cc4da7808976aa6d3d9c8fb02e7fe23a48b9f9c73145ef738b0d8d977e2,72307,2010-08-04 17:29:21+00,9,5,0,49710
ef6fddb8f9969ea38f88769460243709ccbf75b3d6ac97af5bb2a0953e135511,72595,2010-08-05 23:01:46+00,8,1,0,53067
b86b02330dfff022a2a2fd38977fd9a5d94b2d6d7866bfc94b2a0b796917bb2e,72691,2010-08-06 13:06:22+00,1,1,0,34829
819f122b0c80285becd2bfdc4ba2e160cf38f0fa80bcb89fa5b7cf49284d8532,72778,2010-08-07 03:37:15+00,15,15,0,25354
26524a1d5caa15ab28b8919d81a2e8ec1f7822e59444e54820fcdfc9cfd41a7f,72866,2010-08-07 18:53:13+00,60,60,0,23663
df4dc3030ffd300b9b83906217cab8a4118560801d7b1ef912dc650446d6b4d0,73104,2010-08-08 23:46:57+00,40,39,0,23800
f29d8dd0ca0c877b470fa819c771d7ebd7b78d89f12a6ea9b68c169a499c730a,73177,2010-08-09 08:15:47+00,1,1,0,49436
a73e2f7b80ccbf44960364beaca061c07bfd75cfe470388e17acc692ad5c9d1f,73240,2010-08-09 17:57:10+00,20,4,0,50164
80f759020bd309c90eb3958527a172184f9439b3b52643a7d04598725efd25c6,73261,2010-08-09 20:08:34+00,15,15,0,34237
01a3e08d15ec6cbd59821bf8baecc6b0f86436faeba0eae255aec15162aa2b4e,73442,2010-08-10 17:40:43+00,1,1,0,31477
0b5644f649284e0a9c8e6cabcb55ea14253ed4271d6cbc3212d9339eb9f8f021,73469,2010-08-10 20:15:46+00,1,1,0,36389
26ef96e431e19871ed6ccc298d9ea6eef1de5b8eb8a9c6d216180a4904cc80cb,73473,2010-08-10 21:11:58+00,1,1,0,35633
12048274eb3848a8bb03508921f10512ff4cd5e613c44c0e48a78f66c170ff46,73481,2010-08-10 23:05:04+00,41,36,0,29580
a2448f21852fbb69b822b987f90a3d5b8a005d77647ee27c737af94bf729c4d3,74744,2010-08-16 17:13:04+00,1,1,0,53022
04ae2a83e14749af606dec209c533b24965ba68cf8c4fa892b8ac40ccb11b3db,74977,2010-08-18 10:57:34+00,1,1,0,40187
182c2ed191a35ea496ce84c42d8beee6f9d82b9f063de2e45a54692bb043696a,75000,2010-08-18 14:22:48+00,35,29,0,41271
f769f82d07e2fe5541db46b24c54b5d61439a3762e352763933f6bab10c67981,75009,2010-08-18 16:53:14+00,1,1,0,43376
c9cfd7e0cda60ab0d21d3b7402b141953f48b3bebc9ca7bd32f1caa78c31a3fb,75030,2010-08-18 19:52:20+00,10,5,0,53006
7ae5234deadc644a2d876fce5b5d754fb13871160cc66805758adf52864d3bcd,75398,2010-08-21 03:35:22+00,6,2,0,40440
054baa12fa40fdd635cd048631e6a8deecb58d6b24ad2e87b51531bf04a66d87,75543,2010-08-21 22:25:43+00,8,2,0,40272
2d6b019942733723513f55858b7ce17ef65ad85c382e83386954a715185ed4fc,75561,2010-08-22 01:22:10+00,10,6,0,46537
81e3a588635fa3fa11ce2e3c4d3a0319d4969aab778166641fec7357e209f25a,75563,2010-08-22 01:36:36+00,14,9,0,46161
6b5e5c942c5b9deb3b03fd0b93c00189a471a3e936da7b8618582690e8bc3485,75566,2010-08-22 02:03:37+00,1,1,0,46196
a768ea5a652b84b5b65864bece41b143e6261ef847311d28af9bfbf828cbe974,75566,2010-08-22 02:03:37+00,1,1,0,46925
bd2ed6b8a32a1fb32570b09a4fb7b55381ccbf391a7a1a90d7cf100390975aec,75566,2010-08-22 02:03:37+00,21,15,0,46323
dceac2ebd60d3aa7282528b0f730d7ad8f34f8572875c5aed3dbeb4591f6608e,75577,2010-08-22 02:38:16+00,3,2,0,46412
ab906e407e42bcf0b179e346d9790131873b3b5d4a490a3ef6be912b0f2b8433,76689,2010-08-27 10:47:16+00,18,18,0,33180
f7f3ee44209dba5766be5e8697ea13bafdddc77699c71b262d4fda0cc0922ba2,76731,2010-08-27 16:30:39+00,2,2,0,44522
902294150489b01bda31caf907bdc3f8452ec43e4e5ead391e6319b785db60a2,77305,2010-08-31 04:47:36+00,40,39,0,14102
75c6c6f150273a861cdc839bdba7f03ac97fc0f0721f6562a9b50e8fb8e9ebda,77783,2010-09-03 02:48:16+00,15,14,0,24275
40db1675586e65c8a4bb284dc078828d187c1a5de3a1e5f2356f963960e200d7,77822,2010-09-03 08:12:07+00,2,1,0,54087
d3bbae66660dafddfeea5af647e06ff496385bab256b017c4298da85f96d13e5,77888,2010-09-03 17:55:40+00,2,1,0,46961
5c226f5a700e298fa7e06a9e0b2bec62a11ed7a92eb82f75950d444c52f8aa10,78069,2010-09-04 18:12:18+00,1,1,0,54014
94bf6ee54f0252e127dc9d65075719f5d704a4f38c7c5f039332dd36c9842890,78126,2010-09-05 02:13:41+00,30,15,0,38965
6cd5b360f7744daee4207598e50f7176ca755227062f5035b9cafb703433d674,78162,2010-09-05 08:03:50+00,2,1,0,45588
302249c745496c7e175e28d57a32ff0d5beb9130bea05985e7c40770b00f95b0,78165,2010-09-05 08:15:48+00,2,1,0,39318
778d4add67a9c88a6e5d9d04df81d338bf10d0029127657f33f044d4872c88b4,78249,2010-09-05 20:32:10+00,18,13,0,38757
3020be2e36c257f2a859366005e960cc2773159ae70bf2ef7af76d716d38691c,78683,2010-09-08 15:11:14+00,7,1,0,51682
40fb1eecfd616c6a47ec8c0c2045662f51bc43ccf6a4c1951af0fba70709e09a,79392,2010-09-12 21:19:47+00,43,16,0,50177
79b49a87bb666b190bc0536d6a58d2144190450d89b1fa336b1857a145ad581e,79786,2010-09-15 01:13:34+00,1,1,0,43952
f6b87ab3511a4ba60da2816ddaebb7d1b214aedca7d7144c113acdcdb7a92b86,79950,2010-09-15 23:53:41+00,1,1,0,52558
655f7cad00036e9a023a5e1959e4ad2fc68a8aa0b42d93483ed598dba599dde4,79953,2010-09-16 00:14:56+00,1,1,0,53769
9a147030346b04d698908e747c8aa5b55a0b7f7d99d7aea7e9481da30213b795,79954,2010-09-16 00:20:11+00,2,1,0,50132
73496b488e2fccace327a81c6887ca08c3551c42f9adfe3984104390859bd794,80001,2010-09-16 05:20:22+00,29,12,0,52933
b5dce6e0c8d970308bc7cf41d5eaa01b2637bf8c428614e3af02e1d19dc8e0f0,80259,2010-09-17 09:41:36+00,2,2,0,45039
df36a2c8dd7a6abcd963b317034a19dab7da711b031c446c8d96ecd73a1f8fc0,80339,2010-09-17 19:50:29+00,500,497,0,2255
434a2bf17f7fe52127f62173959f8fb58fe69ca32d1ee5c0c6d7e941d30972bf,80376,2010-09-17 23:32:06+00,1,1,0,47640
9b4224abf9f3679174f7ec2ff449c10720104d32468659aa61dbbaa50d7b99a8,80714,2010-09-19 11:27:34+00,2,2,0,45426
64ddb52f093c1ae28c55c9da5d8ea9690e46ba961799e43319cabfe9a85c29fd,80718,2010-09-19 12:12:43+00,2,2,0,45319
9ac6f1e9cae2e81a3aec3381b2c2e173f53baece219e33efb066efc162fe2196,80724,2010-09-19 12:46:53+00,1,1,0,44501
02d6d31612176b39519ea8667df288e0da451fdf536a0ff16669375cfb3aed81,80733,2010-09-19 14:24:30+00,2,1,0,49199
51a06fd3f56dab88b2c905990b8d77a41badf2372123c2fb4bbfacabc0bd7690,80761,2010-09-19 17:38:29+00,1,1,0,45387
cd8ef66dbbb7f7fd0b4d6787f511408f23b25f1f86dedc70ced97eef63448593,81310,2010-09-22 14:46:42+00,20,19,0,44903
b2ce8bbdb65dc9dc68e0665476cc65cd65102088e2882f6752b80fe6dfbed275,81347,2010-09-22 20:44:05+00,1,1,0,48863
b1e26694e6f939cf06761e9cae04f5c15666ace49e7b4b9b4149a91a7deb3a36,81393,2010-09-23 02:51:19+00,2,1,0,53895
353aa38397c6e9a39940dd8bae0bbba9790b637be5856650701134981ab3abe0,81395,2010-09-23 03:04:58+00,25,10,0,52587
0f715e015ff1c151369cf5d388f827a7828ea90701134f0db37ca02273d2598c,82415,2010-09-27 17:00:33+00,1,1,0,46593
504186a17f9e08f25e1164d584a1de18cf0f2adb8b73e16caf92014883a898d7,82456,2010-09-27 21:36:26+00,2,2,0,43347
c28c5a85c70aa6f2702ef55540836bcc54b8fff8f2105135a6405a3cb5d4c47f,82461,2010-09-27 22:11:12+00,330,305,0,41755
aaaa2ef07c4aa47a15375ba6a920a0e93b82a4307d5d45ccaf2672d1e60d29e4,82659,2010-09-28 20:20:26+00,901,886,0,2147
b8e19a7a7a5b306d2cb3966b04f657f3dbb442266c505ad66956605cc088ccda,82682,2010-09-28 22:29:51+00,60,59,0,29557
21b49ea1368a469f0369bb20779bd10e5469685312ee2e68cb293997e72efc8e,82779,2010-09-29 12:32:05+00,6,6,0,27376
6824ef009e6df7a44eadb6e11c2b115cbebf98f88f3df2db7e903ca1e095c81e,82840,2010-09-29 21:50:36+00,4,3,0,40212
adb1c4754210f12c168c0a8af76fc71e0b6d4d51fbb4ca59bbfc0e9c596bf1b3,83476,2010-10-04 15:08:49+00,11,10,0,30190
57963b3006ad0b19b0a70f46bfe14e529afa63c03e0a74a0fbd9952a05514f2a,83480,2010-10-04 15:53:05+00,30,27,0,30186
d15ab90797dd2e91a99ce9b6bb5b8a976def6ba829b08cb07304ae3d25553720,83490,2010-10-04 17:00:39+00,4,2,0,27552
35dd5ae98054c7526f195edf947177adc609b50cb9e8466b3be08abd5748b8b8,83947,2010-10-07 17:57:38+00,1,1,0,37828
f3a45ffceb5dbbbdd3afc08219e1247c64ff0f6776307af68c934f1baede5f67,83973,2010-10-07 22:37:12+00,20,20,0,34103
4cfaeed71e28e05faf57549048c1f32975243f99dab4caf89d2859f9819c61fe,84088,2010-10-08 16:04:33+00,120,114,0,29271
546f0caa824ef268bb3b10da85268edeed6a2ec0abc2981335025d48d6cc4fbf,84182,2010-10-09 06:14:19+00,3,1,0,37998
e40ae328e4422c3e2574541db1e982fa1b5e70367a46a97818a256ebb6fdd7e6,84233,2010-10-09 15:30:54+00,20,20,0,34311
f44759388b94fa8427ef9203bb29991df9d2d1f8543b6c4e849f184e34403fd4,84486,2010-10-11 01:58:43+00,2,2,0,13851
8151a1a64cf5f80d6a388fa8b0882c852c6178afd2ae4b1dd5a8a154cd790512,84735,2010-10-12 15:47:35+00,20,20,0,30695
e601a8de36ba469069b3dc39f810a10b0f239996d411c464d0104b886eabe1fe,84950,2010-10-13 22:30:20+00,301,299,0,34131
0b1b113313c0c342cb9d140df6d0f651c6522ff1d9db8c367cac8194dac2834e,84959,2010-10-13 23:30:48+00,1,1,0,30362
8ba4f75aee6df9217124632adb7d0fff23cf19aac407aba26db49290122fc326,85083,2010-10-14 15:05:08+00,20,20,0,31281
db5d07d940b2deacd298a9fc98876e77bea29f7190f6fad0f26e38ef1523b831,85126,2010-10-14 20:17:55+00,16,15,0,29688
491745d93b05675c27e2ee5515ca0b24b699bbdd65955dbd1fb280a18adf9e12,85225,2010-10-15 06:22:58+00,12,3,0,53794
00d73041c37b114a8d76f99a24010100260077cc2d05cb0799cf7d86880239d8,85251,2010-10-15 10:45:20+00,2,2,0,45741
9b8a2a36f3290ef742aa377759e5125ba483a65866ea1d05daf1c98742bb9dd5,85251,2010-10-15 10:45:20+00,2,2,0,45706
fdfaa032bd6fbbc76b4c606e617d8bc3d37821712bdfe06addd23af3239ce9c0,85279,2010-10-15 16:45:29+00,1,1,0,52324
b0f2a91d44b3c7e603f30daf7acc4d47bcbb8a35260852b9b64456399658e99f,85283,2010-10-15 16:59:14+00,56,51,0,29987
abb0be3a4de39c1586bace995299c0c427f2eb1f6b98ae8801f128f63a1172da,85432,2010-10-16 08:36:23+00,5,2,0,37063
6969cb4e30667412ea9322902063be1c059453558f710ca18a862c56389ee7cd,85521,2010-10-16 16:42:31+00,182,178,0,34150
4f87d8973faaea912f1407201dd7de46c53853e156ee5ac497b8bab7956be3e9,85646,2010-10-17 03:29:22+00,16,6,0,53088
288b3a5e98fae158d6eab9f8d39a343d40c70b98772adf20070c2ae3e5dbb163,86811,2010-10-21 21:52:56+00,1,1,0,41920
10152f6b32f0ecbfa591c70d454b4d5e5ee502dee3a59dece13b8249c052f0da,87326,2010-10-24 20:56:05+00,10,7,0,31100
7c7da2bdef6a17e3385989d3910cbd8b72297be0e5ca3d0b4938bb939b562037,87922,2010-10-27 13:13:38+00,33,30,0,29831
df5e26c019c50651f498c1111782610b80f89130a2edf7e685718e7eaff5bed7,88217,2010-10-28 21:19:52+00,50,50,0,34127
a19338fd722714b7f5aad62dbcecb5d676f0f6f66ee05612b4737e2167f61718,88230,2010-10-28 22:31:27+00,46,44,0,34263
bcc1d513f8e62ef9f09d77272d4b673752d25ed057d1491202220adee514fc34,88236,2010-10-28 23:35:32+00,26,25,0,34116
89a9c7e83781b0ffa6beb99e399bb1c79e6ca78e444c0221d6c73a3024374d45,88436,2010-10-29 20:57:41+00,10,4,0,51014
d14add2eaeb38db90fdb09ebdea000152f9697ac43a8ac0f8a0a2d0b9379ec34,88760,2010-10-31 06:23:06+00,1,1,0,46233
262e9894e63674de6ac50ca8c27e9e96e9bd92a6874ed79058fe3844b6a6f942,88839,2010-10-31 16:25:53+00,3,1,0,51552
1fab9121e2d50aaadc7d20e53a80a3cccb03a0012d03e37d0d94af9e67050749,89775,2010-11-05 14:33:41+00,2,2,0,54250
2b938a159dfc1d785abe4dd56f2c8d2ac12a6c351697ac0ffe7c5bb600540423,89809,2010-11-05 18:00:48+00,24,1,0,52664
cf557172f8820f95f3c3028aa2d4ec4e61798e9541a92bc10066f5a587d624d9,89811,2010-11-05 18:20:43+00,23,3,0,53220
3c0e6fb03466a72baaf02a5317e52bc1d5e7cb8a9121faad21cdd593dcb15a02,89816,2010-11-05 19:16:13+00,17,1,0,53560
6bb6f024f677f87884e2f5ee25d87cd5058895f859782d5dfec5234b6399e7c0,90311,2010-11-07 23:35:27+00,1,1,0,42468
0ce57f414fde58d4603532bebef858dabf603562374cadf31c73e4bb6ef3bbe7,90609,2010-11-09 01:58:45+00,2,1,0,39767
3c249d31017c4ef451d247947a7363d55f922ae9153021a162ceb9698a0f772c,90624,2010-11-09 03:32:36+00,1,1,0,39555
cae24697a15419b1de45c99a41149101c252c2dbd3fd0bbce06ac5809d4547e3,90644,2010-11-09 05:22:47+00,1,1,0,39738
8ca2d206bc41b9ffa36cf4ea9ce9d3b0751fd653b6ec8f2979bfdddc4a631731,90696,2010-11-09 09:38:02+00,1,1,0,31637
5ad984358bd5da0cae3245f49a190306e720d57c7b3e1f30d2ddafe763269c0c,90705,2010-11-09 10:40:02+00,1,1,0,36195
f175b5a7c4d45f6feb2c49e684582ebf0ee9f2bbbc39e176ce9e894cf56a9c76,90731,2010-11-09 13:43:14+00,1,1,0,30552
c79efe93d60daa162f8b26672d6c765b94b288845bbe8059579ee90a10669234,90733,2010-11-09 13:45:22+00,1,1,0,39266
bfc989fc83d3a1d573c1c799e4c3c29221c0199f626245097fe8a24abcda93ea,91010,2010-11-11 00:14:59+00,1,1,0,54314
0a91bceb8e6fc6a4fcb6eaadbbd4805d31b863537e5fc1fe8f33e17680a81a99,91217,2010-11-11 22:31:14+00,6,2,0,52345
0e9783befe243309f0d62c0cb0be5fa75c56b43c9eb4e5d4d79ac2e90788ccb5,91385,2010-11-12 22:12:17+00,5,1,0,54037
6ad5eb137d8fd682a9f9ce22a36d06daab8d93f5dac0bb78ea9a4bfe031f1e24,91649,2010-11-14 01:47:32+00,2,2,0,30303
677ba83e86175f86a2c722d875673f2acc16c3d545ca6fde41ae1b3a75d94f96,91726,2010-11-14 09:15:48+00,5,5,0,30268
eac9395e9e2d52112b096fe0237036c526e83e68c814484777987d5ea87cfba3,91731,2010-11-14 09:55:49+00,1,1,0,32876
16fb94e3436fc23f5a2e60f5445338686a8d33ecd710aa05dc49ba3ba5b9b170,91732,2010-11-14 09:59:01+00,17,16,0,32696
9488c892a3bce75304732d9f0cae6493622471589e1aac8d097ad24020ecbbbb,91732,2010-11-14 09:59:01+00,20,20,0,32695
2ac25ad882f2118fbf6a5c7d8bbb945d691623eeef2c6929374bed73a729b727,91834,2010-11-14 20:42:15+00,1,1,0,40105
2d09813a3842a0c96f55a12b45f547ca1cfc1638341d610a8efbc0dc8a9e833e,91887,2010-11-15 01:49:18+00,5,3,0,30284
d00c8748d4405558ed3d0bc915bcf46a03fd21705e76819fc26f77cfb18a2393,92784,2010-11-19 02:10:43+00,2,2,0,2659
d85ff0e3ff34ce6b18cca4a8c0fea061daedb70e9ec8006ca62329bd1a89f7fc,93135,2010-11-21 16:08:16+00,2,2,0,33247
906712aa227048cf746221b40faea9c7714434c8174874505d24098e03ae2d07,93358,2010-11-23 01:46:29+00,2,2,0,32649
477765a203113e8f6024a6cbb67ce95b42c4e1dfea9b8fac6a2c3bc9bd9b3fd1,93443,2010-11-23 16:34:03+00,1,1,0,33868
51ea92e0cf157b0c385918d4a4d8bdc671e97390236babc01b84fa9852e52ca2,93637,2010-11-24 19:22:09+00,72,26,0,46387
ee88c9014be4fcc5bb6993794d626c0f367ad5c9be83df9cffeae61e04e03297,93648,2010-11-24 20:52:01+00,2,2,0,1025
4f04caa761481fc1c8b35da3fb3ce36b199b087da3fd4b166858e2eb10d11b3f,93680,2010-11-25 02:07:47+00,6,5,0,46941
a2612bc52942a38b4fb620b4b5c3ac9eb05b4847bdfd34a7e1f7231b180c83ac,93681,2010-11-25 02:41:24+00,40,35,0,46700
1a9c07a34df2c61b7ebae9148f204957b5a0e106bdbc9c368919c8addbf44e77,93883,2010-11-26 05:42:31+00,1,1,0,53898
e8160a014fbff8386548f40205d540ef92ce8207ff4ac0446d6e591c6cf28f2c,94012,2010-11-26 20:45:14+00,2,2,0,235
a3757b4a139f7b905b905af90d630ae73bd4c574aa6f4f14f6c0f535baaa3e0d,94044,2010-11-27 00:39:36+00,3,3,0,30424
17ea6e6c32c287f440f8391f7b9395ccbceedff62c0c480deb016c1495134abb,94049,2010-11-27 01:13:08+00,8,6,0,30225
75c28b48fc44addc2c6bbe15dcd9eccd41c3cd702e66b45f1979d33072bf7ef5,94196,2010-11-27 21:14:16+00,4,4,0,2775
fa4fb69268a0d43e3762d9009e6d54f6b6f685aac307fbedda4a584e19f12674,94619,2010-11-30 01:41:42+00,9,7,0,31185
f7409157f8e4b09d180c16458b3181f4ee944179342ef9c8ca2aa2ccaa9f8bbf,94947,2010-12-01 19:34:14+00,1,1,0,53994
875b35ae8e36834e2217efc5f44af6e8e6236f9c55553bec5d133173c3ab9758,94980,2010-12-01 23:01:54+00,3,1,0,40256
66757d39bc5339d44ec45e8fdef7766ea813efa04950d8b32f8b4c06a1e848b2,95101,2010-12-02 14:47:44+00,2,2,0,37688
b4bc761649c8cad9ce226c2ef0aad7fa6253374794b2f6653119dd8b5caef8ea,95116,2010-12-02 16:38:02+00,21,20,0,34177
205aa26c7feab83dd3c7d4bd452b84ca03d6e4e6a509957c99a5f80252f83daa,95118,2010-12-02 16:56:52+00,61,57,0,34132
810df61b999f18b9f9574acd1c3ca35bd969f67a60a50b7c3930f5cdf02a4b39,95567,2010-12-04 20:28:03+00,3,2,0,39138
d9dc1879851b61a50411f14542b7cf3d9e7dd6c4e5e0f7bafdfdf86650dabf3e,96180,2010-12-07 12:16:34+00,48,42,0,14451
b1dbb303e5f96ff4b3919ce567309881e4a2349b2d708420dbf9379f82c48608,96305,2010-12-07 23:16:23+00,10,9,0,29263
b6b4613ecdb6ca7d43c439f07e90ed7b2f1f269a49f022233002e3e71207e73a,96906,2010-12-10 21:56:30+00,10,10,0,30404
c2ce1b8d3643d63c0ceb57c37b124210db37d0e34c23c3d12813243e24d3cda9,97240,2010-12-12 19:54:37+00,2,2,0,32087
4be92ee4c4542860300326307e6e7a2c33322f1b979fd0136b510ee34c6feae7,97395,2010-12-13 20:35:39+00,8,7,0,29693
bfd1463bea67e1b78a70bfa31ced71173d2c98c924bde1c83ab495d6fa756236,97653,2010-12-15 08:11:35+00,2,1,0,43798
69085521f487e9c5069e70e6aa5398d7bafd10948b7cf082da6efe2ddd7595fd,98566,2010-12-20 14:47:33+00,1,1,0,46879
830700ceb55561ffd55e489b4c544ce7dcc8975cf35ee982b5f8f965cd6ba57d,98567,2010-12-20 14:56:36+00,25,15,0,45264
68db0d041f953f0012033849f454e35e0241a09f1715496b6e2fb83a5d52ba7e,98584,2010-12-20 18:27:54+00,10,6,0,12974
cff0225cfbf538b9f512b2ed69fd2d23306167792d503f6e0b2bef9120adf239,98585,2010-12-20 18:32:41+00,74,60,0,12934
1f7f652f9fcc06707ea6d43fdec277d1bdcdf82bd3727b0a9f1f5892facec14d,98734,2010-12-21 13:08:57+00,2,1,0,38494
77cc910f21fdaff36296f1619ea3f219107e5ff1dfa9afca08673d01ca810c59,98734,2010-12-21 13:08:57+00,1,1,0,38495
8ac2416d39b951ff9533f1d11b2d3198cf79596771477aa508cff3bded4560ed,99571,2010-12-26 23:11:07+00,16,14,0,32106
919020cf24a5228715339997088a9be717c8ddfc66eba8f6834cdd6777805aa4,99580,2010-12-27 00:39:10+00,6,6,0,33439
1f800bd6ce81aaee2d789c639af3015debbf4819c7bd159b129fa50a531da531,99658,2010-12-27 13:42:55+00,2,2,0,38083
1516ff657cb5f927d944418d309a81f7ce785f13b48cbf6a450d82be3610b52e,100751,2011-01-02 21:41:09+00,2,2,0,2843
50123bbb315f212c16fef2fd300cdfe301b43c6fb2cce3cbef56d8fdfc2d352b,101191,2011-01-05 20:37:48+00,4,3,0,21581
c1c34650f58d622570d5abe0f619790166e33f5276ad4bfc743501ec57da2700,101232,2011-01-06 02:08:42+00,1,1,0,38969
8b835111fa48c30aa6deb8a4e12a3b9616f12bc008c1301ebf812ee417f9a1be,101240,2011-01-06 03:16:14+00,2,2,0,39407
4b44877212e4561c54125a4c00ad8e4f87afadcc9ad45d402c3758769aaf8eea,101313,2011-01-06 14:37:32+00,27,27,0,40492
c96835715f32487384f12a96fb1386da58179ad9a2d6a5ddded3123085a0ef8e,101399,2011-01-07 05:57:50+00,39,4,0,30122
025a8b1a4b94e9b5c0f57bd5846a2fb0f9a9145aaf3e80eed1b078bb77ef6d0a,101519,2011-01-07 23:52:51+00,10,4,0,43377
f797a8824f15d92c4579037c0f7d20e222bd119191533a7a03d975dbe22f8d7c,101523,2011-01-08 00:11:22+00,2,1,0,38191
4bc812db62b97668174905fab16baaffbbf4264dea7204da19aaea8f43da1106,101525,2011-01-08 00:32:31+00,11,1,0,47440
552e2a9efa5ca41a73386c6622267c3282de864a6771ec3e78238f53b06ab10f,101635,2011-01-08 14:55:02+00,22,6,0,40623
e60ce94ec2fcf108dd1413e60930ee611f3618d4e40dfdd637ab0c1ca185e6f0,102687,2011-01-14 20:14:45+00,10,10,0,29336
972dba5f93a2884c261a66aa593072c995238df62ccbeb0ebebc6dedc5016e51,102703,2011-01-14 21:38:02+00,35,34,0,29246
d5f65091b6c831d00840732b00e3e36cf53187372d6c7d39a332fb78b3d80e71,103162,2011-01-17 14:35:17+00,1,1,0,50675
a72dc1fb74fe4186af721b4843c041bf6142a2b53b88854145bd0a5a4c44fcc0,103165,2011-01-17 15:11:44+00,2,1,0,43071
4ce1ae6dcd8340777459a45716e0d0a44bcb4f2764e6d2be9703be58363a5065,103456,2011-01-19 10:58:37+00,4,3,0,32059
cceec176b01ac300cc44fa179cfef13321805e4b8aba421a92eaa81f3829333a,103456,2011-01-19 10:58:37+00,83,78,0,30376
fb8db7529b104f8b6b09f68399672bd6a1ee2b1031f83d728ca8979e17fb5c87,103456,2011-01-19 10:58:37+00,8,7,0,31431
72e088dd86e7bcf74ff68d75483590170f961b8cd60df4ac2341990b551b3f13,104642,2011-01-26 06:41:03+00,84,54,0,49215
64cc87cf4e381d319ce6bb4e04cfec4129220be5d8a57b55ff602bf01f57ee12,104664,2011-01-26 09:27:48+00,2,2,0,37762
579476969d9930a4e8ac726b3576b649293cd9b658229d74f66218d98dbc3669,104789,2011-01-27 03:17:09+00,5,5,0,43270
6544afc8c9039e85cad38321709278414c73de949e12aa6810ab69207be96908,104932,2011-01-28 00:38:23+00,4,4,0,42343
c491395034c2f6b1924f491134b3110dd8bd7c2729c4301f69512f9739a9934b,104953,2011-01-28 03:15:24+00,20,20,0,41946
302b0483bc7bf73d2d95d07a23636bb4d18fadd2218da47f1d622d2645e9b6a8,105571,2011-02-01 00:13:24+00,11,10,0,41948
f07e68782082bb71d7f45bb558e03be6fe6996fd964712e6d9c576a631145981,105614,2011-02-01 06:30:28+00,2,2,0,49678
5a6b17e2815a72fb0a4780b279c43fcf8f422c82f2e4d7fc371fb92a657e95c4,105699,2011-02-01 18:28:22+00,4,1,0,44042
c42f3ded585bc58f6208da7a6be35f684f6507b3a90fe739081e0c843cc3d2c3,106036,2011-02-03 21:49:28+00,1,1,0,29851
33137e93df197cae3a781ee92a4a76899a04cea76870df63915b7c53f0004928,106147,2011-02-04 12:46:57+00,2,2,0,38010
d0418f302c100a3719f80c713dae556c836cb98e3f0735a124335917331ea7e9,106517,2011-02-06 11:58:40+00,4,1,0,54045
5d0b3cb21995cb89ab54de8d24126981c6933e73568645ece028109d235282ec,106715,2011-02-07 14:10:03+00,4,3,0,8295
d82841f399f94a1c416bfc8784e2d4e96e49f66a31d8e3d011ab0a7fcfb0c290,106715,2011-02-07 14:10:03+00,2,1,0,8341
f5489aaa21695a145110a0dd901523f362cf1be686c24f24355074bd6e348f76,106715,2011-02-07 14:10:03+00,4,4,0,8290
60b637bd99814a1c1639ce4b0edf21742f8a8585f3bf8cf6e9a20f7040fa4b72,106786,2011-02-07 21:31:31+00,1,1,0,52083
377a33b5c9af73a7336debe6ec47288ce7fc7c03f85b240e7698ba198954119c,106795,2011-02-07 22:29:53+00,12,12,0,44254
fd9062b666f4dd6b796704bb6309a5fc30ac36c5a2bbb22e615127a20e11734f,106802,2011-02-07 23:10:19+00,4,3,0,37058
c2688367b8f8db047c9a5a27a4f2f4c48866a937277663f95fc90442b97a7574,107061,2011-02-09 10:53:27+00,1,1,0,40807
225e94bd97c031c8247001364ee47f13ffe44b2fb5d4e65a11191524d819ed0b,107142,2011-02-09 20:48:04+00,4,4,0,49801
6b27a3b8be491b93760f00cb7c314ac28c2bf361ad777aab0c30e2cb922b1779,107143,2011-02-09 20:55:36+00,4,4,0,13792
fd23258c13719af233c08941995c316a717ad78d2a4d7616dbeca2a88cf2c029,107151,2011-02-09 22:04:01+00,2,2,0,50285
563cfc8dc2e582c511cbb6fe3b87228e2f51cbacf78227e18c73573e0899bcd1,107669,2011-02-12 16:24:16+00,2,2,0,37806
a2a192abe5241fc72c38f90bb1128fa04a7e54d41b0c6377779ec88d536b8642,108001,2011-02-14 08:04:01+00,5,5,0,41561
a47760abbb9061d7f4c8582cf4413b5aa74cc5baf441017dc0ff52d412acebfd,108110,2011-02-14 22:01:39+00,1,1,0,50606
7ffac3f99ed13799eaf0f2315e24a9c55cb6a2e17cbf146f805d86c59f8a7b51,108119,2011-02-14 22:42:11+00,101,64,0,34893
98f14aa0fe2155e65324c3219082a21fcd0d07efbfbdceab787a5fcbb00a2581,108119,2011-02-14 22:42:11+00,101,75,0,29028
a17fde46bdc45b5e739572ec0ba31a7737ad2317e45e91f317ed9a12b08af32c,108119,2011-02-14 22:42:11+00,101,64,0,34586
551ff81cf0c27022767f68c7251c73702d1739c7ef8be0aedd3f94dd7cf95025,108120,2011-02-14 22:49:38+00,50,36,0,29013
4ea8143a400a68ff25cc49717ccaf0ae37d327256adf824a38db85029582d1ee,108179,2011-02-15 05:36:25+00,4,3,0,47242
c9afd36f037060f443852abbff1f032bfecedc8c3ecf698f043e2ff60191ae3b,108244,2011-02-15 13:05:53+00,8,7,0,44982
c6a987339010d1c102b343b3e44469a63d6cfb0660b25d9711204cf30a52774f,109011,2011-02-18 21:59:28+00,5,5,0,29992
f9e9df90ddd363a9e2fb7f716e868b14b9c93c631155f9ad14d8828acb4d9602,109031,2011-02-19 00:46:52+00,15,3,0,50648
e9a9a3d9c6e7d759d11d91624b9bd72894c877ba8c63077fd74c37f9d0c5c65d,109090,2011-02-19 11:12:46+00,1,1,0,38203
a4e9dbff00ebac5f09f19ec58837bf70ca65e66f86a462058b4fcb1fb5d5de5c,109093,2011-02-19 11:24:21+00,2,1,0,35258
62fe999f8f08a4c9372317c801e167dab41515b8fe289fd0afc02a82bfb10569,109183,2011-02-19 22:56:58+00,4,4,0,37170
33adb899a5fbc40e86a619e5451ca0ba42f7ff350140a32129559e67638e0ac3,109574,2011-02-21 23:22:41+00,5,5,0,32079
e6a54877c3648c910191165180a001605b20d0721aaae74509aa2097a08ccd0e,109837,2011-02-23 05:03:08+00,1,1,0,39073
d0a8cc1c00359bb16d0acf75f6119e73521f24c0b2b7c0ced3d9de6a08703139,110030,2011-02-23 23:27:48+00,4,1,0,54114
018b49cb303265b4ea0adc0926595ce480a0a1393fbd6736ad0ae26225ba0d8d,110048,2011-02-24 01:47:56+00,2,2,0,49942
76efd9a0f5af91fd963e95e2c6a4fbe7a01aee3fda374f7c5c06bc7c0f474a3e,110048,2011-02-24 01:47:56+00,2,2,0,49586
2cc131fc42b21f1703708f263ff7a7b9be74baaac6cce83ce0f08da81ab08fd8,110049,2011-02-24 02:14:11+00,2,2,0,49279
6c843e3d99a82e1cf24092d2b6de171e295a838f230b8035cbf3328840e12e92,110233,2011-02-24 23:14:01+00,32,32,0,39885
c7fcd1fee196392f89e114eec66d8a07d7406a3bf7a3ffbbd54fcca91b819351,110324,2011-02-25 09:37:47+00,20,19,0,29648
a7b632eed441f1bb557048785c6961115bedfe6645810365cb882531ca0223c2,110470,2011-02-26 00:38:26+00,3,2,0,49261
232888206010aa4a088741693ed321bef6cd2ba7c105e324d8cdb0536b4f62e9,110766,2011-02-27 01:36:24+00,1,1,0,41043
e62a03892364df369f394873eb015b1c0e73dedef773bbf43946b6a1e893ead0,110807,2011-02-27 04:35:32+00,1,1,0,32274
1696c3f37c7e76d32dc645202c26b8525b7212f02d211c842eaad405a4412a78,110947,2011-02-27 18:46:27+00,13,13,0,39897
0922df31d076f37210ec82d2c1dee3c72080a769ce2858c4b69d1c54fe5bbaa0,110971,2011-02-27 22:20:30+00,1,1,0,40015
3b570acca8576c31bd15e08e6e402fca75d7fb3e9abdc2b12f0df32ef7f7be1b,110971,2011-02-27 22:20:30+00,1,1,0,44423
82eb1c65eed7b7ba019db9fbb20174f632f5b7e3d33b13a06d25fb278bb27e7a,111128,2011-02-28 21:12:44+00,5,1,0,32375
74dbee395c14f14e94ecb47920c950ae4e8fa585212f60d9898a9d80d0014c83,111135,2011-02-28 23:30:07+00,1,1,0,37466
22271f266fcf89cdf4a31ea240d496c1319a84528080844957754696da96a6ec,111391,2011-03-02 15:57:46+00,1,1,0,39621
809c758b90f70cc6a2bb4afd3817452dc6389b62f136ef4731b7b107fa62730a,111391,2011-03-02 15:57:46+00,1,1,0,38997
b008e7df731882532960fe381d9e3481db63ff6401873e809a1294e7d113fd81,111555,2011-03-03 13:49:41+00,1,1,0,49266
d3b99a2ec8eaf0c80ded2e7d25c0b0754aedba118c9c940ee0d872e3d2934d4b,111633,2011-03-04 02:18:53+00,1,1,0,45454
3cb6c094a94f51038201a13e899cb4f36ccfefafd73844a020d909d197a080f3,112968,2011-03-10 03:03:11+00,7,4,0,49992
2568b52f90f7504774a34c3742a854fb046c077d1646085843fc90291b9ebe9a,113168,2011-03-11 18:57:14+00,24,24,0,36908
8394475b9106162324a156639a29cf87c061c3bc36748f7028059f8750b8c6f6,113209,2011-03-12 02:54:27+00,1,1,0,40850
412b2379de911d03d6117063c76b0f881da758ce13823f1106c30b46e4dab435,113420,2011-03-13 18:52:39+00,2,1,0,37924
b460cc6661a20e6d8c3954a57852a18f21f7ed5bcb8a584cf013089d2588add0,113677,2011-03-16 01:19:11+00,202,191,0,32629
2568e09fb11c86f171e8e8b9e77bf538542d210564bd2c90eb6eb420d5ee0aaa,114090,2011-03-19 04:57:07+00,7,3,0,54253
6efd4fee6547c3919a829d8650cc3a2275c0c9a554d50131594f312806c1967a,114356,2011-03-21 06:02:06+00,5,3,0,23580
226453499e91b10e8415250328003f49482d75315c76c183854e3afc3d65583c,114424,2011-03-21 16:54:46+00,3,3,0,29853
9e307db0177db537c4c2ff90e10076a7d9cec6e181cf1cc101f338ebde48b2da,114426,2011-03-21 17:05:56+00,3,2,0,23649
2730b357aa86470585b0b1f08d9f610d464155802aa7c5b3a19303396f9b27c1,114451,2011-03-21 21:07:32+00,10,10,0,31152
0786de9e08549671ac0b02235e93a2ded526e4eec7f15c725712962416c661e3,114496,2011-03-22 05:06:58+00,7,5,0,23698
323a382e38fd72467dde9b62472fd366eca623d10efff540d423dcffa20c0d3f,114496,2011-03-22 05:06:58+00,3,3,0,23527
d2345d863c377675f178f3eb0f6aca4dc4796f844ff0d126e37b3ecdc2ee616b,114499,2011-03-22 05:55:20+00,2,1,0,32497
9bfd38991ab4167f59dbcdb24de31f1ddb92dd9ca6e9359940363f4a3de48120,114551,2011-03-22 16:14:01+00,4,2,0,30235
adae870f1e740653e12fc2f16e5f233d1946061240b4b43c1babdbb744049902,114591,2011-03-23 00:53:00+00,6,5,0,23439
2f91d36dc5bdea6113d50b4623607f53db0b663fbc877ef88c388bcbbf050187,114607,2011-03-23 03:32:13+00,2,2,0,29867
025b400fdcbbea205fc55574e8fc17a0a8ca8ae43026f3b7c21f53bd4c950d19,114719,2011-03-23 19:00:59+00,3,2,0,31368
304582eb6912e5f2628b66ceb732e3897c11a4b7b0fb5bb3e83e80a5977b0909,114860,2011-03-24 16:39:30+00,2,1,0,52296
b070b42db43a4ffd9e5bf3f130a6aa64baae5933e26dfe33178c74a7fcbcb597,114879,2011-03-24 20:43:40+00,5,2,0,30638
20306113a3e6bd63e72be28dfdba0cf20bec5bc8cb0488f957a5ff2b865c60f2,115010,2011-03-25 16:30:33+00,3,2,0,37412
4b6d93a0f01f0614d5c728969e57e55b9d0faf0438775c5b4645411a08505b06,115151,2011-03-26 15:19:41+00,5,1,0,37902
e044045128638dfc5faf9e7450f9182f009b17ad8430dd006f92147fd4160db3,115562,2011-03-29 06:38:15+00,6,6,0,28782
2f5499f589c4d788eab6971dd9dd25bd4ab85b073aa6e64b9a8b9d507a0c1462,115676,2011-03-29 23:10:21+00,3,1,0,52310
33bcb4f9e13f7d13bd481ea6b09b3fedde5e5fdf738340214959b244fe93873e,115770,2011-03-30 14:16:53+00,3,1,0,32313
00b4707459f0f495955e58f3dcd11a0f334837029459808918c4eaea4fce1497,115841,2011-03-31 00:35:54+00,1,1,0,31341
89f5b1f9a9dad54cab62e6230a37e013683b44401e333dcb03ecd74e02957f25,116031,2011-03-31 22:51:14+00,6,6,0,23681
2f20905c0911a1cd7633d2a8ef435024d13caf5985a388037f77f3db2c642475,116135,2011-04-01 13:08:20+00,8,5,0,23470
f871c0013823de21a104cb1ccbd74cd499862c36d6655d59abd70bbe017b7e8f,116501,2011-04-03 14:42:56+00,2,2,0,40145
82956e3e9a58ccacfef66088ba872887193dbc1ed2d24f88a540fdbd47d22491,116881,2011-04-05 15:08:57+00,10,10,0,21452
452dba4305831ba8521f94a28df8136bb479f9c9d0faf0e1e44cbceab1ba358a,116927,2011-04-05 20:07:16+00,25,23,0,30302
e727bc9d008806ec4b26566d5aeca2ce7e03597731815f66275fb3a7de53800f,116935,2011-04-05 22:14:50+00,3,2,0,45568
b3707e390045a430ca662bdc1d825ea0b93b3cf4280badb83e66ab55aa718ce2,116942,2011-04-06 00:29:29+00,9,9,0,29001
f68e2d675ef7313d9ea3af06275cf3d71eb47eaed9e94d7b421fc82ff774326d,116959,2011-04-06 02:54:52+00,3,3,0,44263
c410dd85721b487be76c2738a32258f90c238669f222a36182aebd0c67f9d8f8,117035,2011-04-06 15:43:22+00,11,10,0,28739
c872bbfe677330b9a2be36c05222b5139d65e6906b5f898d392a8cd16ff44a92,117132,2011-04-07 08:09:25+00,9,7,0,28756
b3a7521c15a5926aea2692aa8298a148cf8375ea3cf7962f272f99369fd9a5c1,117191,2011-04-07 15:57:01+00,9,9,0,23679
4ace5d9fd3723f9f6fa08c6d261c2eb3181b561712b068f86e83ca93bee5070e,117245,2011-04-08 00:56:39+00,10,8,0,28740
695500a9d5e3484504b79281e3c2c7e9f2bdf6dd284081474fe97145614cb0d0,117372,2011-04-08 19:26:28+00,7,7,0,28745
93c15ad198ced7f7ff21b7566759115b1c21059eda8b5c25cfd135db52aaded1,117827,2011-04-11 15:20:29+00,5,4,0,42531
0911d96c96f6df5afe4f537f78f7f887b636068625eb3fa47797f52e7c35f869,117953,2011-04-12 09:01:34+00,3,1,0,39291
81d140971eceb9d98737a9eb5fb57870a3583fcd02191eaa2774adc590014886,117993,2011-04-12 14:37:51+00,5,4,0,37155
17cb996e0b162e192299d27fd9732ff5ebcaa4ba8baf1e96a03d34534e06f87f,118197,2011-04-13 16:01:59+00,4,2,0,45721
2f6cc783b47f83353d8d167e9f34a5106d84de5fac48388de5e350d166d9d741,118199,2011-04-13 16:09:10+00,7,6,0,45738
1a128a25e74e791bb12c3dc5460ce07ea67c4be75ee59870450bb923ddc65528,118236,2011-04-13 20:58:51+00,3,1,0,47848
666a536c6a08acf4c5e5a0da92e0ab76130c56ac53ac281df48c4576d1f56182,118237,2011-04-13 21:09:39+00,7,5,0,46296
bf15a8065cc8fb15ee0ce28a4f8ac19e2cf2c566a7a0f26e30ef1fd263dd1464,118250,2011-04-13 23:35:01+00,3,3,0,32592
9fd4b0566db19fc21bd9f061a4c9098ca7caa632e2045b79148c45efbc887408,118261,2011-04-14 01:21:57+00,4,2,0,41713
cb4362461af75f1a1374343c8d6571c1100470a75fbbdd18336066ab4dae0989,118282,2011-04-14 03:44:32+00,7,5,0,44628
2bb1207e7a9ffe4ead2ffac54b2ceafa59c432e5feb21ad5b609513195383a5d,118289,2011-04-14 04:34:17+00,5,5,0,46146
66530c1561bc2355dfd5cce7a41a66a67faa0a343d144abbc131f19d2691c621,118495,2011-04-15 15:18:40+00,2,2,0,38260
0dd15f5118ad863d3ea700fce64d8f0cb1948fc0e6d07830a16663a633e471b5,118582,2011-04-16 03:29:41+00,10,8,0,36965
701bf09a890a5afc90a6bee345370aac7f40d04932cbe22acf000f1104a5e42e,118588,2011-04-16 04:26:37+00,11,10,0,42136
f1f234dd68bfa240cb91133effae1613de81a44f87ed3e0854e32ff5f9a51e83,118730,2011-04-17 01:16:54+00,8,2,0,37845
3f6fb7ebef076715d3d4cf33119cb9554e7d84739ed715e2aced1872a7a67227,118931,2011-04-18 05:47:20+00,11,10,0,38179
4220a419384f0f81de3c30961409b869dcd13e0b0ebd4db9d86d77e718e5e8e0,119030,2011-04-18 21:04:32+00,16,9,0,36971
554f07022d6e8a72093b10bb08c3601cdf4f39f4753acdd9199121ee9e629e95,119063,2011-04-19 03:09:33+00,1,1,0,39916
48588718834fb26cd5bc037313e6d16be187cd9401d246706ac9a91696aede14,119097,2011-04-19 10:45:25+00,6,1,0,38345
5e740c0b9e1c38924224dc7f8eb6576ed0ba29bd4f7e287f08cb44809eb29498,119178,2011-04-19 20:48:04+00,4,2,0,52286
eb8644f1d1448c40bb8d2f59acaf0e1cec55eccbe2d3502b5b2ed5c67b723a8c,119184,2011-04-19 21:22:39+00,3,2,0,52422
e83d8066a044f066eecc45b7164b2328c7e4af962ff100a2981ac93a6d1cb296,119292,2011-04-20 16:38:53+00,20,20,0,29284
c3045615cd81ee924e763004b936fb21f6b26a796135430cd63aeea0844bbb4d,119547,2011-04-22 06:23:36+00,4,4,0,42630
8e03b93307457194cdb695a50a517e9e35c041316cd2efd31b88a3e3b3b85773,119576,2011-04-22 11:18:02+00,5,4,0,42475
d17ca4d82de682e4cc3f79cdd185222ad36027d75380f2954f4522191d620cfb,119639,2011-04-22 19:09:39+00,1,1,0,40148
9d5b06111316ac31b77106a886cc407956127795371019d8b77731edab94debb,119733,2011-04-23 08:30:26+00,11,10,0,41748
4e4e89470615bc162d7427dfd414d5e89a6de15dd373e431109f2bfb2b2daf5c,119798,2011-04-23 17:34:51+00,1,1,0,42091
c316de1d9e8ca1575d483c93a3e524ca66edc4cde7112be6bf265e7d781a5902,119826,2011-04-23 21:30:00+00,11,10,0,41823
878c155efe3d06974275a82057eb1540453cbdcf3b9a89bbd423f4a462c6dc06,120084,2011-04-25 11:04:02+00,57,51,0,28161
da8756c05f6c4343d75a2a12abdfd342f7b07359e4e59bd6ca2751c94d529349,120084,2011-04-25 11:04:02+00,1,1,0,42417
298003c7af0f9db76cf78119271cd8b130790eebb9d72b36a7a0e130d900f944,120242,2011-04-26 04:54:44+00,11,10,0,41941
8d190a4a811242cd52eaef74b863dd6696c1f21265f45a94e9d7c8317f231aee,120300,2011-04-26 11:51:45+00,2,1,0,28547
47edc5c35d5e980672590d4cff02974d344ce60f093e203d3a2a5b5b4107eea2,120363,2011-04-26 20:13:03+00,5,1,0,48009
1fef810dc4cc294b11cbd80bd9f97d477ff66304674ff10eabc10fe173a7cbcf,120391,2011-04-27 00:06:47+00,11,10,0,42397
7d45d1e3aeff67197834eb5a7d37096212bb95ec55f3f9e507bb6cfeb870b70c,120510,2011-04-27 14:50:09+00,21,20,0,37975
536f2c01c06dd78bd1353e857891d055cd81a62b580b64395dc8767c8cef6f34,120545,2011-04-27 20:26:02+00,5,2,0,52315
b4fa450d5aa55972b9844b26ac0a40b5c542d91a066c5dcb8a4147d82110926f,120677,2011-04-28 16:52:33+00,1,1,0,34851
16f7c6bb326d8519987c8b6fec4ae1ce1f230a064447796089c1cf363088c912,120710,2011-04-28 20:17:05+00,10,10,0,29185
c6bf30c165aa4f497e4b4150b35387e7b0d92ace0ac5b184eaa9c07cb481a4ec,120769,2011-04-29 03:32:06+00,21,20,0,37993
21a4878dcf17cc964b37c37f48cfcaa0ec226b196927f7de4f8f8b91a9b82c38,120869,2011-04-29 15:21:18+00,1,1,0,14958
287d6a146515ada22cd63093952ed4cd4f1e1fdb2b1eb114bdda315b82a7c069,120869,2011-04-29 15:21:18+00,1,1,0,14454
b007529b156cb7b743eb1674fa669b35dbf50936e37ab2013b42ca392ee242b1,121008,2011-04-30 08:12:01+00,1,1,0,33036
e709e1a6bf7874076b06a60c8863f80e4a9f3b63fb5a3f6e71a7540d159ea93c,121038,2011-04-30 12:41:27+00,4,4,0,43860
ede9e0cc42922a32e75c4d2781c4ff1092b5e82ce7410cc6a1ead34416d18905,121049,2011-04-30 14:02:30+00,5,5,0,43697
96a879661761ef1f49732912a6fe2a3ec843bfb9f33d2118d94193bd7d9d439f,121085,2011-04-30 18:49:36+00,16,14,0,29514
75664310fddf190dc54ec4ec011b502f0467cea79087e27d2489c505c6dd115f,121091,2011-04-30 20:11:31+00,6,6,0,30385
2092dd65da607f3cb1b3e595f4d5809f6ac9ded9ccc0bb486d5445485750263d,121094,2011-04-30 20:41:51+00,2,2,0,41465
ab746456118d71923dcce61b5eb64c82599be683419add00471b0d96eec07750,121165,2011-05-01 06:30:08+00,14,5,0,37117
881cf78baccb9da72ca58dee6c6e1894bd34608ea3c38003694e7eb58ed53a07,121226,2011-05-01 12:59:57+00,9,4,0,33159
1690a64f4e0dc53f8b6623e5ac83acc05a2111a2bda473ce3e9d3523d6a0049f,121299,2011-05-01 22:36:55+00,50,26,0,49981
01df32f30a09afdd4abb4daa7298c534c81d295685d494bcd421d6f823b1f311,121308,2011-05-02 00:10:48+00,20,4,0,53430
7af280d82b9265c76f12dfe9c43ad10b64748db69bccf33a315291e9eff522bb,121314,2011-05-02 00:59:33+00,8,8,0,21449
230faa90f29d6105d914b9f465a5e2f30f79d4571fef26efeee9659c64b162bd,121331,2011-05-02 02:42:32+00,1,1,0,50928
c367fa001c65563b09b20c15a567fd95da6ef62b4fa936d573d1df3e21fdedc2,121344,2011-05-02 04:16:50+00,30,13,0,50087
315d2a9f6d86467b02101bf39d16ab8ced8d3d9a0af3128b95b14e8afd9de811,121467,2011-05-02 19:56:58+00,22,19,0,49890
03374618db8fc7d3b5ac50016edfb0b5d3a4f02846bc6dcc55383c480840f1fe,121647,2011-05-03 17:05:41+00,28,7,0,50715
6fac111051223c26aab14c73dbfc875f3a0743756bf185ec19c47cc12c57429f,121733,2011-05-04 04:12:58+00,20,2,0,54485
7141f94d7e1a6a6e3076e2fab55115ac84f9d885a4b5f568507cb532bd932241,121733,2011-05-04 04:12:58+00,20,2,0,53953
8307f84619fa56157fe49da0322605db5e5627e0bcdaad24b266ef9ab8627c29,121733,2011-05-04 04:12:58+00,20,3,0,53909
ea80a9585e1ba9e43aaa1f664c1dc132c44338aee89a32683336d2d6a11a4b6b,121743,2011-05-04 05:08:05+00,20,2,0,54390
0047e391ec04c6c474f9fd5d6f4fc945bc21f5035a175fe149cd0c8140de5e40,121859,2011-05-04 19:43:36+00,5,3,0,44559
5b412653c15f37b58fe461ec78c8a68a9925a4eeaf04f4c46f9b8e31b8af4151,121859,2011-05-04 19:43:36+00,5,2,0,44802
1edafe08354f622060fa1b227f3a2547bfd678c849ab590fce166497759cf4b0,121977,2011-05-05 08:57:29+00,6,5,0,29855
0b9fda7ea5ed637e51ac736a30efb7fe3de0f925cc05f0ecff4b61df9dd75ffc,121981,2011-05-05 09:10:05+00,4,4,0,30549
123f3586bc3f1ae794280d9d7dc4121c2edbc7dbf77ed8ded0fda1a743862dd4,122067,2011-05-05 17:30:04+00,2,1,0,44977
5cf8a0245739da69e0503179a85b726680894df62329c6ace8e54d38f444de6b,122076,2011-05-05 18:30:47+00,3,1,0,48254
20d2b32a06482ea683531553281a4a33166ba3757934fadc882f9043c5538e00,122102,2011-05-05 22:03:17+00,12,12,0,44065
230618832cfcad9d7b5766598f1b34d58c67ff31791c354b257b764b5c5d72c3,122169,2011-05-06 06:06:24+00,3,2,0,46496
e809504d2ddc4aef78cf679850a4f0ace0e89c3c503591d29fb8abdfc6fa0071,122272,2011-05-06 17:45:22+00,12,8,0,52287
f693e5ecac1b5a06e25e99203b3c57de7df10b3be0bf49356213bceb7c216c6e,122334,2011-05-07 00:47:42+00,5,4,0,32837
d78491b17d085df19a2b0698dea01079136e209d3ba46b795f715d510326affa,122343,2011-05-07 01:53:09+00,10,6,0,44833
18e26e58e9b65d551c8ae99141299020d4ad25a12ea6bc4310356bac6b6a5c16,122424,2011-05-07 10:10:22+00,1,1,0,45186
8c26e4ad88c1a0e01d742223fb86659254d38a7fa5a62bd9f97b0efd5a63a747,122467,2011-05-07 14:43:27+00,15,12,0,45033
13d5e8121c3306554ae967ee56ae41cac738bc26b331ab9fc73da4097d2dec49,122476,2011-05-07 16:16:53+00,1,1,0,47570
30ac95762c5eb0473b744740aa60a8c0cdf8a281ef2b6245df4938cbdd117b68,122714,2011-05-08 19:34:00+00,4,1,0,50580
af1b9db8b1cbf94a71498046d4c7a258178f1d5ae4a8432d1828df9d23ed88d3,122740,2011-05-08 22:15:00+00,3,2,0,54132
2418ea752cd40218769dc5865209ce09c4463e13f6184045d0c34fe8f8fc2e4c,122771,2011-05-09 00:32:39+00,3,2,0,45448
c9ed0290c652ad236440c35ab7ed3a5217023b8163c68f32d5b5fde3cde08c92,122948,2011-05-09 18:12:47+00,2,1,0,45634
f7513ae4fc7ffba79f05ee750eff92ef411d6ccaa043ccd6d7cf96450c14ee71,123091,2011-05-10 10:29:19+00,20,15,0,45443
156ecb54760d84c83b943e5f610b0233581bfe7de710a4155d7d27eae96df138,123102,2011-05-10 12:37:06+00,3,2,0,32778
747b741901de7573b6ebc66e6732a967eb70f51a9200a59ea8953a712fe3877c,123102,2011-05-10 12:37:06+00,2,2,0,32774
e4838d25c49c1734ecb57fa2c38a6374baeac124dbc1212fc1985e7eef663b27,123151,2011-05-10 18:38:25+00,4,4,0,43809
6e40cee72ba52efdc103e782bccf2eeab9ad3452c9389b556fe702f229d0eaca,123158,2011-05-10 19:39:23+00,4,4,0,44956
6bbd2605cf630019df8bfd82d00393d52279b27c07156120b01cf514ab6593aa,123168,2011-05-10 21:48:41+00,4,2,0,43415
226f7517ca8cc31c6509f4c12dce6f7f02bde7930c85de7d36189c3d5c0988d3,123193,2011-05-11 00:20:35+00,4,4,0,46772
2db79e897c840370d127da22b9f802832262c3c80948054253f059f510d34e1b,123196,2011-05-11 00:46:50+00,35,34,0,29105
d4f930d3e4859b24c9bbc539a2acfb0aa284c745af98faabe3e3271e9f04cf18,123300,2011-05-11 14:35:40+00,4,4,0,45449
89d5ec53f26e235dfe1055fba7548959d4bbf68bb146430aaafeae07c140d228,123311,2011-05-11 16:02:51+00,4,1,0,51946
77030d3faa6486bc5b64d021e972ad640d7f14841def323d1ae02756c99109ec,123326,2011-05-11 17:03:56+00,6,5,0,31750
7f7309bcc41891b9f2c974361dd4682b2217dc692062b301a627a6ffeb87b7ec,123336,2011-05-11 18:48:24+00,30,27,0,37697
8982dac5ffafef2bd46f3dafc93753ef74e18e6e4079a5870c074ccb20850b31,123345,2011-05-11 19:48:57+00,30,26,0,36808
9d1da1c5b4e8da1eb8799ce3b5cd984ac925df467054e302a69024c576c2c97f,123471,2011-05-12 14:05:05+00,11,10,0,49619
5f81bca08f7a9a88b9ace69b2ffa3c1e9a825eaec2173ee03eb1c374a51f691b,123534,2011-05-12 22:30:44+00,4,4,0,43754
03ee7c3bc461c036b2ad7296120a1629ff4f04bc56735bf0b221cd22471a3193,123554,2011-05-13 01:00:35+00,20,1,0,54031
0bc66c4b4fa46ddce52588a97a9a451110b60d1c40d0ad8e377b88198e6671d4,123554,2011-05-13 01:00:35+00,20,1,0,54521
3ff3d6a3993cfacac25ff404110a90ea2c72d38014c2773739df5014c390369f,123554,2011-05-13 01:00:35+00,20,5,0,52825
4cf7736b5bf11917069f327ea7f65560f67819b69cc6cf04a66689be5bbd41a7,123554,2011-05-13 01:00:35+00,20,1,0,54407
af109ad9c2a2c5b8f94c93258e4a8fcf0da4c737a3c73336d7ef8bd17ea6a91d,123554,2011-05-13 01:00:35+00,20,2,0,53158
429c9e163c795cbcd04a2404017dbfd71963a5191623d60ee27c7db13278b4a2,123557,2011-05-13 02:24:26+00,4,4,0,43097
8822bbea8b2335f12fef10331261faac3977fe51f6752921068d23847242f74c,123559,2011-05-13 02:34:28+00,20,1,0,54384
0602be7b0d1e25b4dd2537733bd2047f24f211411b08dcf5129fd2c0a78a9744,123561,2011-05-13 03:15:05+00,9,2,0,54548
724498585e4f600226ec5cb3526ca48c58ceffb13be705b385ca1067db370eec,123578,2011-05-13 04:44:09+00,1,1,0,51592
8969f825070150f62acaed50874514c4e6e71d745445f8879167d3a84a1a8ef4,123585,2011-05-13 05:48:07+00,5,4,0,32826
e6f42e5ce8f1a06eb89f8a54b6cfea87e4fa7adffb6617623187a84e3e95d388,123608,2011-05-13 07:37:28+00,4,3,0,43492
04fd72e1c6d9e022ba067d39a304a86d47464a8841e81ec8aa605518c9feec0c,123625,2011-05-13 09:01:49+00,1,1,0,32335
55e81cb6e9e70d8f75cb432f64050da6d460ab6b9641ee91c1b953d8d46ae7a6,123627,2011-05-13 09:23:11+00,2,1,0,50260
489492cad0b7f8ffeedaf686cee924d40e53566c9008c81c97f656929e0b3f94,123684,2011-05-13 15:52:29+00,3,2,0,29268
a0f79989a92bf4c5d4cf944d7f51dddd812fdfe79bb23b433abb5b4da7805bdf,123701,2011-05-13 18:24:16+00,4,4,0,45822
7da2991bd17b245d094f16caf8f5538912d8c510ab63075d5b917e0cd0e8e2c1,123703,2011-05-13 18:49:05+00,1,1,0,30153
4db035d206326727d29ca2bf42a7dd4d40a34206963fbcc355d3658617586bf1,123727,2011-05-13 21:44:50+00,2,1,0,30618
efe2379252809be795b5f5c88f3316b1c9f46b1b6d0ca88a3104687cbb792b96,123760,2011-05-14 00:29:49+00,4,3,0,34017
7177f818cea9520c5317444027dc0824f146e3a05d5cbaa202ba99358a37fb60,123764,2011-05-14 00:51:34+00,4,4,0,43266
ed79a667e391a351d51cd3a40765e2cdaa592aff482eab935c2d7b26b1a409ca,123785,2011-05-14 03:05:35+00,1,1,0,23490
de68be5584b86e9a5c3e7e7d36674c8b3012f7a6b477087084c46605ec980c4d,124095,2011-05-15 10:33:34+00,1,1,0,37743
392fec78cf2e8c531bdb0aae77d4ed688cece786fa08714ab6c614b1576006b1,124182,2011-05-15 19:05:41+00,3,3,0,39364
7dfa1947787ccfc06d3c6ab5cdc384dc765f22b46bfa81bdf341d2a017e863d0,124225,2011-05-16 00:58:01+00,4,2,0,44439
fed2caeb0515c003554b02f218934c64ef2bfa5b6a5c8a97627858079939c39e,124415,2011-05-16 19:23:27+00,3,3,0,50566
a6e0836cc90d7af98147fb2fbce93d6c102ae49a538e3dd0ba875cd77e99af6e,125009,2011-05-19 00:03:30+00,1,1,0,52816
4bca5686b7777cbb549d93641673ab6ea0f82c41c28927e1f763ebc67822c3f8,125013,2011-05-19 00:30:50+00,51,51,0,11504
7a7b967a87eae4bc7b65c9f6b2c50274ee0cfd9bc7c559255e94e2df82b5500a,125013,2011-05-19 00:30:50+00,54,53,0,11835
55f29f0ff2300c5ae69732777bb9f1a14b866dca4e6bdda49d2a3986889dc678,125021,2011-05-19 02:22:29+00,1,1,0,51747
c48198ba940dcdca3256bc7453a5daac998db9fc171e81a66df22ff152a4ec3f,125035,2011-05-19 04:59:12+00,1,1,0,48719
b1b4a049b3f86e2375cbf634723bc70e0ce11b4ee74329ac333e01bbcdafedc2,125156,2011-05-19 21:48:44+00,1,1,0,42724
5a8166f2402312ed86e979f0d2e7966ec963ec5db110114a6b6ef042283e2b33,125157,2011-05-19 21:53:36+00,4,1,0,30421
4e7bde9886321fd68afd3b8cd2b8f1097c5e63ae8ded3fa19fb7cb8b44cd98af,125213,2011-05-20 03:30:57+00,2,2,0,42736
8ae3dc1a721864759c1d8a3b78677b1fa88be84469e446c379d7498c8688edb8,125226,2011-05-20 05:12:34+00,2,2,0,42684
f327c9315baf1f2413916fb726bc34ded3fd0a6336de4bd68a54d1f7bb2d1a87,125231,2011-05-20 05:26:19+00,1,1,0,44563
d231ef6fbeade27c811182c47c11f82bc542eece44b9a9f29f98273d6fc85ecf,125270,2011-05-20 09:11:30+00,2,1,0,42765
27460219b27bb2bf7806d2056726c8c7946b2be9594506e7c286493d8e8381bc,125341,2011-05-20 17:14:16+00,9,7,0,41451
ae7377cbe06d7b8cc77169c8fd82552a6d90a2975be032f2b09ea266c60d7b06,125414,2011-05-21 01:49:31+00,3,1,0,48700
ae1fb4d0fa7959d651c9177c6f57c386e90763b17f8aba32e09c63eca6277d83,125450,2011-05-21 05:57:28+00,1,1,0,8995
86f6ec74e3eefc46469ac1104fccfe51232b782be8482d3054265e0105c6537a,125615,2011-05-21 23:25:51+00,1,1,0,27395
747835966a9ceff209f204987a687f73ef583b4ddbd9a16b52c608fafe3160ad,125799,2011-05-22 15:50:12+00,1,1,0,48372
17f831f0e0d02ca0a06fb94aa90cdb127f355c8f3b272c3df69208a27205afc8,125883,2011-05-23 01:09:13+00,3,2,0,45800
22070ba314a99d4220a657acaa381083f8acb1f5454608121272a2109beedd51,126127,2011-05-23 21:36:02+00,3,3,0,49542
4c7f5bd3acb27c164653a28e2c377e24eea7e89e2afe77bae561fdf4c22e7f35,126132,2011-05-23 21:58:41+00,1,1,0,41568
e3de0fefbcb28120201837a0b7c0bae7beb3be72d4370edfed82de5b572d46f0,126132,2011-05-23 21:58:41+00,1,1,0,40034
0bd75e8102a99ba124af12fab9b245a420ec7c4ca47a178e2120a8e6ba920553,126133,2011-05-23 22:09:03+00,2,2,0,41665
23df6d05b2d0a1d74c574d669ed94d608fe2d2ac88ca2e4a7b5ff4be3638483a,126133,2011-05-23 22:09:03+00,2,1,0,54015
f77b6e971d263b8d86a40e2f6825c21187bcdaea3cb4633104247e77145b2011,126354,2011-05-24 15:50:09+00,5,4,0,32885
9feff8ab0bc90b0fabcfea0fedc4ac8b75fa4dfa7b1272b46dd50812e9890356,126403,2011-05-24 19:39:17+00,4,3,0,40242
d5cf103d97bd5ee115a2ee690f771c19f923f2a8f97df7c0a36e1bcd8fbb9997,126403,2011-05-24 19:39:17+00,7,5,0,40017
a21f2ee9a8ebad7bb3c45d80ede4aa4ca5ef9407534f71b265395c2e4ae0a958,126409,2011-05-24 20:19:30+00,10,9,0,39834
5294617ebb7373180c25bc6ca3fd05008c0bb1c9c6475604c7a954bb77f8e490,126606,2011-05-25 12:05:40+00,1,1,0,49087
11df74a7bd0a114df5fbb4ee83134c45bf21b5de9175806a8ac2a024c93f14eb,126759,2011-05-25 23:39:19+00,4,4,0,44102
4e3fc3aba5238aece47cad2c93f64333ab90988cfe2d26d8c267e502fce43095,126761,2011-05-25 23:47:57+00,1,1,0,49018
de48ec5056adcc2c25e7a8690bd99dfc68ee11c00b551e1cd3abdec7b84c90e6,127079,2011-05-27 02:09:44+00,1,1,0,52715
20f1117edaa5f844ccde6c389fa5be2b164be902edf6e5305ced054b7a79330d,127161,2011-05-27 14:10:36+00,6,5,0,34539
33500a9c78d87f3ceae7bb4aee7ba371363cb1e661802310d26fc1badb28a9a2,127161,2011-05-27 14:10:36+00,6,5,0,32789
71b2e342ba7441859eea86343a9f9cfcc3cb76d1d144cb989519a03cc3931914,127161,2011-05-27 14:10:36+00,1,1,0,48486
6972e575e39f77ba61674955d8ad5b4cbcfb3fad40705ac692067a365b15fde7,127170,2011-05-27 15:06:03+00,4,4,0,47776
2ab2b6fa6c77ac1ba906284683106ee27de5208b637ad6108ed63319a0050fe6,127175,2011-05-27 15:52:41+00,22,14,0,47154
8fd2836dec43a7e1023793aee864476166e92d679fdd1bc61dd9ea06d71991a2,127175,2011-05-27 15:52:41+00,5,3,0,47457
df8204e2054196c05f48d266a058893608f9d2db01b07387efdc1f788e34cec5,127314,2011-05-28 11:41:39+00,4,3,0,39245
064987d16705c92c316c20a35709ff24d8788fc0f9b99fa0b246c51cd44a263e,127322,2011-05-28 12:42:28+00,1,1,0,17903
a921fcfda720fbc8bbd22de0d8bd07b46e5833ff061e47c83bdc28d2655442a9,127323,2011-05-28 12:57:06+00,9,4,0,45079
aa4957cfcdc7a0b98496f95b857bff17235798f9e342c5fc7d366829926e7fcd,127329,2011-05-28 13:43:00+00,1,1,0,17966
957877421693f3f14087e39a3e64c16ddb3119494c782e65ede29e5aed0a635d,127330,2011-05-28 14:15:46+00,5,4,0,17946
ed93581bd73cb9fe17d3f51a73986bed86583e6ab0a468d3251deeb3f5b3f2ef,127338,2011-05-28 16:01:52+00,7,7,0,17919
d76bb2e2de452de57fef622964daa4367343ad113bc58227cbec3b0530062fea,127346,2011-05-28 17:13:15+00,11,11,0,47163
77a2981359def3d2c18e1be827298194d68ddbc58e31797d34e4f8b0006dde33,127634,2011-05-30 11:32:41+00,3,2,0,31720
bb75fc61fda38c91f9043b659aef7d1e8ef39781d105d9299d4b4b83c0a3e342,127634,2011-05-30 11:32:41+00,3,2,0,31676
b6bb9ffba4d1bd3592ed9fffa104db737fbd32500aef4e3128dd4134485a3a88,127648,2011-05-30 13:07:40+00,5,5,0,25344
7071efc0ae1b731fb6fef4380860e9dac0d858d27fa4f39373193a422f56e665,127699,2011-05-30 20:38:52+00,3,3,0,35687
c4892b8a10578a83a7ffd8d6237dd2762789c2c711d19dbdb351d6d26ea84271,127709,2011-05-30 23:02:20+00,1,1,0,41499
d6ca04ebdc4d6fa93fc59fe55e5aad328de2a9b4e776126ce099c8f7a210bdbb,127881,2011-06-01 02:12:23+00,1,1,0,51176
1c15ad62a24cd7883431add9f29d411fd7bb2c63d0e6de1b6ebbe99ba809f7e0,127946,2011-06-01 11:06:39+00,4,3,0,25230
553ebdc225d097c861a45acff3a8f2e21b8b854a3eea4802c6888806fced8028,127946,2011-06-01 11:06:39+00,4,3,0,33253
95e9bf45487b63af93ca0cf52abff3b602290dd33a3c8bbc0d7461f8ea5a6f34,127946,2011-06-01 11:06:39+00,4,3,0,33284
b6d13fab9731b8c6f0e61c00f276a3cf3512bdeaa97f3bf1f31dd716719c9bf2,127947,2011-06-01 11:09:05+00,4,3,0,43679
e21d49543eb905ed517020c70ab3b8b9f53e8adcf6dbf8c7b1e7452d3c30ab1f,127979,2011-06-01 15:26:01+00,5,2,0,52764
b2d56df8aeab9b5f1f74b6725495eba7ea4e98b8430e196102e466a3547b4ff4,128000,2011-06-01 17:55:57+00,4,1,0,53207
a4480d43750af392c46e8eb35680a1c402a59eb544798f3e9838a555f23e1b24,128057,2011-06-02 00:33:27+00,21,20,0,41496
b604c07e7f371aaa2bf5e389d630709ba5277df9cb74bf359eec9d599398d546,128107,2011-06-02 07:36:28+00,4,4,0,43768
d80683f9c6ec09da12c485f6ae6007a803cf08c2f35dd97c33f0f58a2505b571,128110,2011-06-02 07:54:18+00,3,2,0,37116
cc06162021a0a5802ffbb054fefefe1d2a027e043d0b1e45173b3ae5e03a71c9,128138,2011-06-02 10:11:04+00,1,1,0,44239
3a708299601ded86074bdd5a632040d91b8fd2c2d122b3259682d41a02edda90,128161,2011-06-02 12:01:26+00,3,2,0,29287
0c913b498a6f24d29c2dd6b6caecda93695808bcc779410690b1bd6d1d44a891,128183,2011-06-02 16:29:39+00,6,4,0,28602
afdaa8924d6cc4e084b74d548be46eececeb51125fb8430639bdbc9268018103,128183,2011-06-02 16:29:39+00,6,5,0,28761
c6e15e2877bb375ee951d873324747685ecc76490354aab70c67bb21ace2b59a,128183,2011-06-02 16:29:39+00,6,5,0,26594
29591d211054478ed22c93571955cb92ef4ec2b40d914a43ba3a91d52a171c61,128196,2011-06-02 18:44:59+00,205,205,1,2163
ddc3260d562c568641ab3ab880ba6239e5b4e7dafecf36718a238e5855f8e200,128224,2011-06-02 21:56:57+00,3,2,0,41009
ebda361ad90b0081101f24858ec0a5a3dbece0082c17de9f76c9233a3cbdae16,128224,2011-06-02 21:56:57+00,7,7,0,7697
c5c2eae385f6822db525c727e6498ef3c14aebf4a6590aaea81dfd5952b28319,128228,2011-06-02 22:29:28+00,5,3,0,31799
741d6eb9288a8f60ba91c653170a3e661016a74ddd6664b01c2839914a3cab85,128274,2011-06-03 03:45:20+00,1,1,0,9993
230519dede4aaa27d0756bb0350fae858b1fbfd0d4fb17d8b3d72dec761f94b8,128334,2011-06-03 10:29:32+00,1,1,0,41231
9f186a073ed80562f72f7ce37b72c8008fefbda7d0a0a534675e7d7a4495b46e,128334,2011-06-03 10:29:32+00,8,4,0,29726
4eef10ef4b447dc905a12b4b760575701d4366a048bb8df847c3b8b71d733eb6,128350,2011-06-03 11:50:32+00,4,4,0,46276
d3a7950eafeb1d6a0bb2c1a5ee111009f87cbad2ee624e3c9f4d1c0849fc8b6d,128367,2011-06-03 13:58:06+00,1,1,0,50829
d0238d976b295a686e921855ad0d75f3b5ca0285a6ccbeeb9ead0adbe480fdac,128369,2011-06-03 14:40:31+00,8,6,0,53705
9f876c2b15921fd0de4e5ab2e14071dcb8c054748da042feff4572046a8045cf,128464,2011-06-04 01:57:44+00,1,1,0,33061
35964aa4c68944080c43dc150a6c3e8afad2163eda99a2634384f3e885411be1,128471,2011-06-04 02:40:11+00,4,4,0,43186
02d5a163dae894728e4544005e67873c03b67b7e4ca41e8a0c5f6954a9a82f99,128486,2011-06-04 04:18:47+00,1,1,0,38133
63bdb1eb3e1b8b19557ac464cc7637136a070c62573c647bd1757f205c768450,128529,2011-06-04 09:11:37+00,1,1,0,42660
1de48087c2f71b049fd137782e7514990b0cfdd697b09a3e132d12a3e5d46816,128545,2011-06-04 10:29:38+00,4,3,0,43069
40b1061b5b222d5779a8c1cb1f68902d0fef56ba842c8165063ef67b3b911fc7,128550,2011-06-04 10:55:33+00,6,5,0,25775
8190b5196c4c19886a18deb24c59be6afea9621346e1134a7f4b3ea75a87ddd0,128550,2011-06-04 10:55:33+00,3,2,0,46301
a92978e1594b2d2ef27cddaf60781e62a5fc699f8ea574b81c13769a52ff4561,128583,2011-06-04 13:58:36+00,1,1,0,30499
2a4a8dc7d7cdcec706f0536cca408e43882fc0adf15bb43b9883ec249b92ad7d,128604,2011-06-04 17:17:06+00,1,1,0,9838
31dca78da684118595d1cd738a43bbcd20073589833d747005119e1fc1592dfa,128669,2011-06-04 23:57:08+00,12,1,0,54550
fb45b5e7ac38324c8f7c41f508cc14e712e5c07f9170833a28b19a881271c741,128739,2011-06-05 09:02:50+00,1,1,0,22335
f1497cd4b0d8473c38992af913477296094c20e58a508fdedf413b86b36c9133,128744,2011-06-05 09:54:54+00,1,1,0,9843
12f2183df54c59d2c9de54ba4d571d8c6868f7a2a34c97699a426903eadfaa3a,128752,2011-06-05 10:27:41+00,1,1,0,41426
12e753ef5cc30925a6eee2c457aa7f53022443ca013ea81882a6b59b69e342a6,128835,2011-06-05 19:31:58+00,3,2,0,12983
1b09407e122a6d0cd0d73c47f39454cd7c640dfa066d84e5d0ff44d365dcc4a0,128845,2011-06-05 21:10:50+00,1,1,0,25134
40734341af718ac99a7357e3b566f051e7dda22f59723aa0460dc0662a16dee7,128845,2011-06-05 21:10:50+00,1,1,0,1178
437dc0d1f7f94f0ae4e4165e996a183c44dca6d2e171773d25384199d6eef165,128845,2011-06-05 21:10:50+00,1,1,0,52206
637cd95b2b18f01a3ae477210a0c08fb3699c863351f3bcad89ea0cde6f25459,128845,2011-06-05 21:10:50+00,1,1,0,9904
f20d9102ad134b780ae26db54ffb0c79427eedc5e0120dd9955bfed1f8d7b5ee,128860,2011-06-05 22:22:07+00,3,2,0,45886
888922e28211adea059312f1fecaa450b224f149b3ce6fd6c35a4480412018f4,128914,2011-06-06 02:52:31+00,1,1,0,15682
090842f90d8bca95138bc8b89cd1ec245972165e30a6f41daf0689b130c2fec7,128922,2011-06-06 03:29:05+00,1,1,0,11165
92c21b5ad555e7314214a1aa25d916680f2c99682ef936d8d4a6a59720245f4d,128929,2011-06-06 04:30:00+00,5,4,0,1571
72d7bd8c8c16248e2baf10065ca8bdfd8cf33c3f5f4af2125e0cbb3d1ae3cf25,129026,2011-06-06 12:52:37+00,3,1,0,51917
9adcca3718b7f0bd26df48a0bf96517e56dab97a6d2accca26a6edcd71634a6b,129058,2011-06-06 16:46:36+00,4,4,0,45114
3db0616275c8271f162953266d95d8f1413f28fe7d02c5d91126b2c3ad1738aa,129074,2011-06-06 19:17:27+00,1,1,0,9930
8fadfa913d6112fb8d07da2120389654610de31a66bfd97e4c0127cae2ddbfce,129104,2011-06-06 23:11:17+00,1,1,0,12033
5e547c7dcebd12881871c93cf89848a4088945689d1ff53d26beecfd9888a337,129132,2011-06-07 03:00:37+00,1,1,0,48395
a40ec64e4efa66838e5fe649b81d09b5986376e0c3cd96ad4acd217e1c465fd0,129243,2011-06-07 18:59:41+00,3,2,0,38993
256723cc7bd1f02bc79457bd504c3bb04e1473278788706c8012f1c2200286dd,129248,2011-06-07 19:31:59+00,1,1,0,17695
158d6d4a7d5cba59e6ff0b11cfc3b8ba5942dcf48556a3400a4f44f8f1bd5762,129249,2011-06-07 19:47:32+00,1,1,0,19249
8fbf12265a410685977d1fe41669102941d9cb92d40575cb000261f9532e854b,129249,2011-06-07 19:47:32+00,1,1,0,19120
19b8218a5ffd3aa92afd91313c537cf90613e3aeb40ee8a37e6bdcf1e7d65224,129275,2011-06-07 23:36:43+00,1,1,0,9739
5e23f004176ed20f01c2c81e9ddb9b01f9be9e498a1d6d188cd4c854fd13c1ea,129276,2011-06-07 23:48:05+00,2,1,0,14788
9acac7e2bc851a9aa8cc30aa35dfccd351de08170003df34eb298f751d5508dd,129277,2011-06-07 23:51:20+00,2,1,0,14796
922f251dc3e72818599431eb997900d619d2591cbc34d328904b0a5839fcf203,129328,2011-06-08 06:52:30+00,7,3,0,51459
a83f1a1f6df0f68e07328253fcad58ecd02a6855e987f73e2f1c34e04ea8c6a6,129328,2011-06-08 06:52:30+00,4,3,0,44183
12ee5b19002ee2ce6db6db6623e18f270469045b111f8ce8357fa3f09f370795,129339,2011-06-08 07:45:47+00,5,4,0,38185
32f514cdadf9202067cbc2ea96b69398c68ff9b18202c42c6d76a1f92fa773c8,129340,2011-06-08 07:51:00+00,1,1,0,52056
425af686db9dcfb025243f39a0e0a11c7c4bbc13097615b07a1dd25c89c86ac4,129348,2011-06-08 09:18:47+00,11,9,0,41929
6d6e5807c48fd783352d4cc32091c6c9c45225fb61edfd8310d763fa5e042a07,129383,2011-06-08 13:33:05+00,11,10,0,39160
5cb49e45da5793233bdbc9d371db6abb49dfd319f1d6f156a73570c51f253768,129395,2011-06-08 14:34:26+00,11,10,0,37274
f7eb73d78fa7b91d4190694d197026e2cd4ad23ab92bbb4dc09a1c2c3ad2cfd6,129395,2011-06-08 14:34:26+00,4,2,0,45431
6f446830866847958988a05fc81d7845729cd8b12019245d8c525288b1da8ad7,129404,2011-06-08 15:49:04+00,1,1,0,13716
d132dce7eb468b71ae71d5ced5d8b56ec326e884d55e7f1fa2a2db6ebd0a766f,129404,2011-06-08 15:49:04+00,1,1,0,40476
3f0381ce45607bfccaf4c52a0f8f2e7f0a9c34e6a97f0dde9b3dd85773cbd4c4,129405,2011-06-08 16:15:34+00,6,4,0,1075
df038d7db9e8568de79d3ed436949eed0a0a8575e3ff92cd35818f277bc4a344,129451,2011-06-08 22:30:56+00,4,3,0,42791
52bf434e460ad5cc8d8f6ba2e7d791119b076c22507a0755ea16df7aa4df0140,129456,2011-06-08 22:44:23+00,1,1,0,16631
1432e14101c29abc4f161eb98197c9a1f076ae5af7bad9ac8f9c6e0460c38566,129460,2011-06-08 23:21:52+00,3,2,0,47357
15e5e60aa565a03be8ac65f9133caaea9b6d67b259d890887491f0aeba3f78b2,129495,2011-06-09 02:45:07+00,1,1,0,10970
7c70afe59860bdaaf5f3378137a9e53d7d10163cebf26596f383635675755093,129498,2011-06-09 02:53:33+00,1,1,0,1388
ef75261430f0cf1b6f4b5370d109ee8659ab779254c6d753e4efa4b154d4af3f,129516,2011-06-09 04:29:29+00,1,1,0,10505
ac0cc0a9a5e44e2d3aa7079dc564f428e752306108c15032f546f8704f76d96b,129519,2011-06-09 04:42:05+00,1,1,0,19948
e4d8e9291b5337482c2b0ff6b3a8b117b2127eec18e6f44ddebe5fcedae41c44,129534,2011-06-09 06:13:26+00,1,1,0,25566
d753d94274dd69f9e04fe2e581686463d7b8491026a41e4b6dfdb3b1ad44d338,129567,2011-06-09 10:18:17+00,11,10,0,37638
76a2b40593442d66545549c670cd0996730846e0387f2186a729a245c61a8d33,129586,2011-06-09 13:27:11+00,21,20,0,37775
4dda573764e2ffe81215a1ab9af788ae4178cf4fbcb1527ffcad1c1ff356beb8,129622,2011-06-09 17:10:25+00,1,1,0,8183
301250c3c0a028d9ae400a73fce660e4ad5d547ccaeec21a9f870564f871b3e0,129631,2011-06-09 18:02:16+00,1,1,0,32577
9ff2e050a7df1a85f0a6e39b3bf0a0fef4026f2e23f0fcd0d185405050d68b58,129634,2011-06-09 18:10:10+00,1,1,0,34467
3cf94af0aa0c81b0dfec1258c1628211ed717e83ace92648444110581341891e,129658,2011-06-09 20:56:43+00,1,1,0,13883
a68681da53d2ce85bb386c10c0d0f88ffb29da2c351ef1cbb6a4ff255d374e35,129692,2011-06-10 00:46:47+00,5,4,0,50060
5ca86d2e344fcd29d0b713aa3d83dd91efb7c60d0f2edc231b35e6fdaaddcc11,129771,2011-06-10 08:04:17+00,2,2,0,26920
3bbfa40795c91b4db8abee0a350801838ec0ca1229e73e48583c7458488f72d1,129774,2011-06-10 08:23:05+00,11,10,0,29446
752ef21bf46282f3600c96d4015d0a306cd4eef70256022b876ef42bb097ff96,129781,2011-06-10 09:20:49+00,1,1,0,4238
f89eb639c2545f6ec39f9ba67dcf69b73eba2aca2dcf29cb6a182edafadc992a,129783,2011-06-10 09:24:29+00,4,2,0,30280
8c9613ac2919d7847caf53d703c38d16bab7e8e94d85ab3b77df2a268f0d971c,129812,2011-06-10 12:05:23+00,3,2,0,25240
eb03d74c3d949781758e2320ba56387101e00b716567fcf99ac61b9bf9d5c3af,129812,2011-06-10 12:05:23+00,3,2,0,25970
b0f109a6c0548ad399db200be51c882ee4aa437878ce3f547950145ebe9e06e4,129831,2011-06-10 14:54:52+00,8,5,0,29605
e6b1ddb679bde4b47d53061c8d8b754047519fb526aade5f76e7dabc736fcd7c,129834,2011-06-10 15:10:23+00,1,1,0,17151
494739ba315edb5699f51a11801e6c4a1c45f97c43e6b4a35c6ec319dff7e4ed,129838,2011-06-10 15:23:13+00,3,2,0,32161
ed5840c1ec622fbfcbfa963cc30e7147857a14511e775da939cd68ea3c5b7662,129840,2011-06-10 15:40:50+00,5,4,0,16624
220f5f9c005fda28666b25dfdec48e73f1e9e383f58f89f1cef790b18f345845,129844,2011-06-10 16:05:20+00,3,2,0,13834
9ffcede28bf95d03294a6faaf54e2084dc3c1e96c5d76521a1f56da4a7451e21,129875,2011-06-10 19:33:41+00,1,1,0,17427
1d76326e68dea86b451b1f725d5cad7acb2018cf03beed98e22d37ea13893dc9,129883,2011-06-10 19:54:44+00,1,1,0,23259
4cd2dbcb63b21b8b352ce7838cebdc7ac470d332bfa0874bf0251d435107db37,129883,2011-06-10 19:54:44+00,1,1,0,12645
866e6819ba63f86d842a68062c6da653787a2afd46fa27ded4cb626cf6547313,129884,2011-06-10 20:07:17+00,5,4,0,3481
230e4efc4ec3d9c9c4a4636cf915f8603b51447eb730cf5d2b7c88fb4e6ad9de,129893,2011-06-10 21:36:32+00,1,1,0,7402
543e0bc7d7b53aebb04b85b4893ec1b0021bf4af32d48a5631abb07cc9355d5c,129893,2011-06-10 21:36:32+00,3,2,0,13819
1a25f278d846c61da717d51de6a7eae39c7f596c0e4fac5708154f9ccd55e760,129900,2011-06-10 22:52:44+00,3,2,0,13889
420abe0a01a05b00c5c1c57b2c58ef45d6a1a73f793bac928c9b0f3d4812fff3,129912,2011-06-11 00:11:18+00,5,4,0,45926
0c94c2bec1fc50268841e4af7b204d066b02b21bdbae6c63687cf8cffa436d29,129927,2011-06-11 01:54:59+00,5,4,0,45184
c1b689959a40b1bf90b7dd8921d2e2c4ad6ba7e9da979e807fc066124fbe6e3c,129927,2011-06-11 01:54:59+00,5,3,0,44526
39fe44e423516df13bdae88c1afe928199ad06fb530da9723574daf8d8a14f56,130010,2011-06-11 10:18:59+00,1,1,0,30699
5f2c1446253121143699056af466909e57e1d748a494e802b11189e68fc77edc,130013,2011-06-11 10:36:53+00,6,5,0,25855
b94a3ca0cd234c7d1a49fc4b0094b30e7e1ca5ad92bc76109e9ff98bdb996879,130013,2011-06-11 10:36:53+00,6,5,0,26397
c45eb53b54f45c806772cd30f8293c9e6dc1a15997942dd5e5086da2fac90724,130013,2011-06-11 10:36:53+00,6,4,0,33071
c769a1913e19280777775166746b37db1068c6ce7db174c756119423745221c1,130013,2011-06-11 10:36:53+00,6,5,0,25707
107eac5573e100895f44d0276bd9bfb59d9415947257c1185b45ec433180e5fc,130023,2011-06-11 11:36:35+00,6,2,0,31372
bfb8bfa5f4bdef2579907efb8f25d9001f719d87f816d57f9affaff3ca4b4aba,130023,2011-06-11 11:36:35+00,6,5,0,25719
50a7e77df0ebf4414df491a8335ce6f58c9f165eb679c8de0a15a2d10466b048,130035,2011-06-11 12:57:32+00,235,212,0,29329
e1f155d6b067d557f83b06ff54b90106dc266489a881a86052b69eb3d78d2164,130041,2011-06-11 13:29:10+00,1,1,0,47944
3d127b0dcc36b1572d1d5cad2b9a4b2faac5c053f439183898b1add7b024df41,130052,2011-06-11 14:42:22+00,4,3,0,13892
ca984eca411ff21f18697d1f14ed2fd644369289a3c968f7b34205f5d018d4aa,130052,2011-06-11 14:42:22+00,4,3,0,13888
5d508463e64d2c590811229e96f667ba0ce1b9f4c7862f1009cc0d1a0570519c,130053,2011-06-11 14:47:03+00,7,6,0,29895
5878abef8047317654c0697e6089564fb6f3f9cbc4eac0cd47a08b2ff0c0df68,130086,2011-06-11 17:45:35+00,2,1,0,53334
abfb109b88700d25a0cb66c6ce0061784191ffb8a4a9564e043bc668511e89b7,130118,2011-06-11 20:05:22+00,205,189,0,29334
d6eb64628ad957c02d5e6009e37d6f85d5f96d80459773fd8e165c7c2fb0f871,130195,2011-06-12 03:13:53+00,5,1,0,52517
79bbe7e85a16f1a673f0c87d24ee88fea8da6fee8c070d1dce86c6ef52abebe5,130257,2011-06-12 10:09:32+00,5,4,0,43191
96e3d401821a4b2473bb125637a27030c215254e053ace8966f50bea9e7adaf2,130271,2011-06-12 11:33:42+00,5,1,0,42823
12e093e461e831f7a515279f2af71d25b619135d9853c47b690a20f775d19a68,130272,2011-06-12 11:43:28+00,5,4,0,43087
4a6a91ab1988361d2d6759a0049fd1dc6faf5d18fa3682e535dd1d0b2f85c998,130287,2011-06-12 13:35:30+00,1,1,0,30339
9adcb1253dd86d755880763b64ce9b7164a26ac0f87262bffc2fea6193859ae8,130288,2011-06-12 13:42:03+00,3,2,0,30310
ce3ae6d8f46c79f3982ad75c081084480db67287f6dbe8316a4aebd1e6ff93f6,130309,2011-06-12 15:55:19+00,21,20,0,37114
22e8120ae64ae26d0b321ab530fd5fca192bc4dd1b85cbb6485c5dff6fd24e78,130351,2011-06-12 20:02:46+00,2,1,0,30358
9a8bc6595a48145a03cb1142372fbcca849854b4435d1cd4c8f2e0ece0a5bff6,130357,2011-06-12 20:44:05+00,5,4,0,30321
172252bbbeca7be89c0225492e00135b63a54d63c7267759bc6bbcdd5c5fc127,130414,2011-06-13 03:13:39+00,5,2,0,12764
4860b926798a92adfe9537a90889bbed2fc5f53638f8f1c29dbe38c300e393e6,130442,2011-06-13 05:47:25+00,1,1,0,11095
bea0f7cfa91597c4284dcab1dab696a263511dcc08d3297d533b9039960a3c23,130454,2011-06-13 07:51:25+00,2,2,0,30366
b6ee3ca0da28a7bc8868a0376ebf6f3f3d9b247c2ea3781527c0bf2e79683b82,130531,2011-06-13 14:19:00+00,21,16,0,43889
7232506cfd9b79f8a956f0fc9dc490cec260e3dc2e8750f13c6b84869b29486b,130543,2011-06-13 15:24:50+00,2,1,0,30304
4885ddf124a0f97b5a3775a12de0274d342d12842ebe59520359f976721ac8c3,130560,2011-06-13 16:52:23+00,478,377,0,37933
80370c9cae41df60b44ab5613ebff0bab0eccbc28e2d8cfff4f39cf255c19b96,130577,2011-06-13 18:41:22+00,3,3,0,30294
aec4d299e32a6a6fb61ed3b5f6443e7b5ecdada65c3e92084b84250a756294ef,130582,2011-06-13 19:16:23+00,6,3,0,30296
48819d9d09c34df32feb1de0c4a54b9303031548cdd16c1a1e48afd56422007a,130586,2011-06-13 19:59:36+00,83,25,0,38171
d42442808a8ca65c107d45b541ba1a68d2320b821733a133c54ed61ae776877a,130653,2011-06-14 03:13:10+00,2,2,0,50708
8438e71e68c65b5e5ef11d3b37c2b27b881e9b0ba5fdd6f9d9ca2dfe0261201c,130655,2011-06-14 03:32:40+00,6,6,0,2099
5c85ed63469aa9971b5d01063dbb8bcdafd412b2f51a3d24abf2e310c028bbf8,130667,2011-06-14 05:22:23+00,31,29,0,78
177ba96976d13ba252ac2c39f04eff13f2d8310525166d413efd7fc01bcc1890,130673,2011-06-14 05:50:43+00,36,34,0,1479
5644b0002fe4c18afc769826d7655f4972ec45dbd33e0afcbf75624591d345cb,130673,2011-06-14 05:50:43+00,41,41,0,372
567a9a7f9191db644a09985fad113dd6ee770eac69454317430e694305be9c56,130675,2011-06-14 06:02:33+00,39,35,0,490
f54e6fb2e1c9adaf1cd044f302d2484d99438cdd7538cf7e92550758d67b1783,130769,2011-06-14 15:12:15+00,6,4,0,19781
6cb895a2da68b952378b74cd4aa0e315061317f3e9d8b886698337ac5176ba4b,130785,2011-06-14 16:44:28+00,1,1,0,41722
949322c5633abc73d42866884a5520b0af071e862ca6fabd9f3f313dd180039d,130785,2011-06-14 16:44:28+00,3,1,0,35253
0bc5b4f1376b2d35898c7c25dee2a0e68fde47879565605994dac5c0d1361bc9,130786,2011-06-14 16:50:53+00,1,1,0,10133
1314b088b34ff28d39291c1e45d8c179975d4094be8aae25d4bd094ab8f71db5,130788,2011-06-14 17:10:37+00,2,2,0,34020
8a3064048a9e781533476fd1aae40e19337fef06bdd50fcbab25cf20e562f8cb,130788,2011-06-14 17:10:37+00,6,1,0,42644
6db71e70bd0e5b9f2cc0678ff2bdb47215e2adc68dc72bdac973d93c76a54b7b,130796,2011-06-14 17:38:27+00,218,201,0,463
f805a7a6ad6a91b68b13fcb664f1fb1498305ddc7d6a7e4b21bb92d702b38569,130903,2011-06-15 03:19:01+00,4,1,0,53264
bb95eb9c42fa2086f8de7acceef47249bd1dee0cd196491c8a03f12ab53273d5,130911,2011-06-15 03:58:11+00,7,6,0,45994
3b0ceef47892da0729a0374773effa00847a700ca5b8f6296c5fba4289ddc6e6,131044,2011-06-15 14:16:33+00,10,4,0,52674
87b2d7f951f9007c338f328616f6fd25ffebea6e316334c1b1fd1695324c2267,131045,2011-06-15 14:36:59+00,3,2,0,7508
57ea63a3ad0ec39e354f8c740370533a568fb1101b44d684c3dc386fd01d9169,131129,2011-06-15 22:05:50+00,1,1,0,6974
5f982c0dd88bd5dc8c62b9b232e0532643a31e18d7c484ac00f55f829e2fcae6,131129,2011-06-15 22:05:50+00,32,30,0,614
8584dab00839deabad02d5b4256eb323c3af77cc99bd07f29746c8564c363c4b,131163,2011-06-16 01:59:54+00,2,2,0,50795
bebb8e5f41b247441bc4f4722431e2b516b05865fb67666b70eb0b7cd6a01a1e,131195,2011-06-16 06:20:43+00,10,3,0,52326
eb99cee8a73e4a07ba155f17450b218b6971e1449d9ce8b2c8b287ab2de5ee88,131215,2011-06-16 09:35:16+00,1,1,0,51513
de58999909a24bea7a9a6f62df5bf4e1d2d77b1a35735e01d3cb1a4a63791997,131239,2011-06-16 12:06:24+00,1,1,0,51094
04975253dec9d66534189a5059702ffd716e3cc0f1ea4e038d070c578135ae6f,131257,2011-06-16 15:07:29+00,11,10,0,18582
13ee1d068d17f22413875134099fb311e69a863624ec94a9a957f52facadb878,131266,2011-06-16 16:21:33+00,3,3,0,46954
e80a6b2b96248ba71916cdf0eb5f4f28d0f6a7d5ae4924dca4fc267e3fa96c37,131301,2011-06-16 20:29:59+00,1,1,0,53850
4a9320dd91c0ba5e517a1e685f39ee7afb330661cda8501ca04034dcda063b07,131303,2011-06-16 20:52:01+00,60,43,0,37889
9149f7af7552f9d3a0f0a8311beed69020e73e4063604028230e5c13c210c525,131303,2011-06-16 20:52:01+00,60,54,0,37858
acb98dddc949e93815c91682c35a05a2fdbeb4fc0a3b79e568024cff64190efd,131303,2011-06-16 20:52:01+00,49,37,0,38069
bd7904ba84e3dc85d03fbe074f49710b839225a030689ccf063347c36ade5a37,131303,2011-06-16 20:52:01+00,60,42,0,38011
c72b65d82bd68826af08bba0493451a0aaad666fa1dc856258dbcd129154dead,131303,2011-06-16 20:52:01+00,60,44,0,37997
16808654bf36a8d7a36d4ca6f1362cb75f7743318d5faa91af0cea659b14aa23,131304,2011-06-16 20:58:58+00,60,51,0,36806
2556d14361a4da2181bbc27569379f9e82b2e854ad76d4c2dd84ef42bd7c1d25,131304,2011-06-16 20:58:58+00,60,53,0,36779
576dd37132f4fa657b7af3473eb08a93eab980b91db581eabb69d087a70bc3c7,131304,2011-06-16 20:58:58+00,60,53,0,36782
a66916fb2b0af6e7325c849ab9f4464a2aa1122fcffccf796ca02e13501f1585,131304,2011-06-16 20:58:58+00,63,52,0,36915
bea6adc8138e73146646b0077e998600a55677897a2a94d9b6bde016af156b06,131304,2011-06-16 20:58:58+00,60,54,0,37064
d42b5c1875224bb73162380322d67aba78aefcbdc1f6cd963ff9b13b09858904,131304,2011-06-16 20:58:58+00,60,53,0,36769
eb14ce3546c370179a3589a057d0421d6b8771eb68e7978f937c961a45342556,131304,2011-06-16 20:58:58+00,60,54,0,37332
b659eea2147c5f488100f4a24a693581d135925bb0366ecb4f5128b5fb1216f2,131368,2011-06-17 04:26:19+00,11,8,0,18521
bc6f3285802455aa80ab4ae604ede4a7e435096fa01d2ccd1bfeee9a853d60a3,131368,2011-06-17 04:26:19+00,32,24,0,18493
a662e6296987775bee21d8827b673be9d7a7f09d5943fcd4c5c0b0a367175905,131412,2011-06-17 10:44:00+00,1,1,0,3633
36ceb380c8bcabedd92ea56b0fe826c8aff57c03fc404892bb6480c94a0bc54e,131426,2011-06-17 13:07:25+00,45,4,0,40125
1ccf09a63646e788348d4284852388227160cea51e59e95cf752d1c4ffa54811,131452,2011-06-17 16:19:05+00,1,1,0,13887
0fe147c10714efd95834ed38f56439676e10e0e3bc1598bd36f53ded44048e40,131519,2011-06-18 01:14:32+00,3,2,0,46774
3cc4c1338af716934641b253215efce186c741e47f47ee24fb9a9df5bbfab56a,131519,2011-06-18 01:14:32+00,5,4,0,42780
c28a99a4e9d0e9971e915c01b37efb80c24e5ba780149a5dba01c967338d24b7,131519,2011-06-18 01:14:32+00,3,2,0,46460
cb25d47637fb79cd268a28201677434fc48545fb906dde2501f39ddf33cbfbe2,131519,2011-06-18 01:14:32+00,5,2,0,41985
53de800b3577805d32b9eabb7d575bb54c383cfd7d21e9dbdba013085b6eee72,131570,2011-06-18 07:05:10+00,8,2,0,48127
5df47f5a3e0996e5b13cf5edc650b1b51d07c89176524ac858672168337a3afa,131602,2011-06-18 10:29:09+00,3,2,0,3489
a1be8f4fd67f305bbdd03be77104dda20680b934f12acb66c239a944bd5cb798,131723,2011-06-19 02:01:34+00,18,16,0,309
22012e5a170be181611633872431b46d6397b74dd52a9aa2ca0213010322a047,131725,2011-06-19 02:07:31+00,1,1,0,11999
31bc82ca64e0180516374d3ecf29fe93c5129ca80d74d5c556c9f955fd3076da,131746,2011-06-19 03:56:02+00,30,30,0,9455
728d23b0e4cc70b2ffd246a22a660b5d0bafff19ef1350bfd4672efb44f64bb5,131762,2011-06-19 05:24:52+00,62,61,0,19984
6764250fc86d134cea24ac251815671dbd53f518ce35101bfb9ba8ceb9e57293,132077,2011-06-20 14:11:26+00,5,3,0,44762
d415f6f2bc54e227c639985bbf456242493f7849340be5222626f83134f7050a,132077,2011-06-20 14:11:26+00,5,3,0,45719
47f8d5642b4c9624849d2b51046a6e3a142432c84784f11e3f8b2a160a70c5f1,132133,2011-06-20 20:40:07+00,4,1,0,41661
0dfe1ae9a161f79cb07212498b83c2ba2d86ddadea28b4a89611cebf9f46bad3,132188,2011-06-21 01:55:28+00,5,3,0,45942
c8474aa5032db09fd524b079ce5c1ea6221ad904f03778046a87f68a461ebc86,132188,2011-06-21 01:55:28+00,5,5,0,44498
e733a5a23f4fc9075ff2d7d9ecb77091a120c6099f327b1c3b55f1157e3ebd75,132188,2011-06-21 01:55:28+00,5,4,0,45413
338304c9ced695671d0e544bf157d50495a826497c9a61267b592a8d375c4d83,132190,2011-06-21 02:00:46+00,2,2,0,9640
455a51f5c53ff8d234f312e79c672c3572c1604eb775d40a1df0f0c9554e8278,132498,2011-06-22 06:13:15+00,1,1,0,1391
83ff6103b031514768c2dc8c1b9e7fc488ec050da743ccc8da85cb8a5a1b0a39,132812,2011-06-23 13:24:15+00,5,2,0,45574
5ab8eb4026b500203bd78151a235b81d08c1107376b796ef69fb78ab4bc5fa0c,132967,2011-06-24 03:09:14+00,41,39,0,1113
be738899d4ceca84609e961a37d29977a5f97bb79234f836aa11bd1d11fe8182,132991,2011-06-24 04:45:50+00,1,1,0,17374
f64e191b71fe81702e04d1d1918b985eea5d79e82f7027a6cf754c9d213a543f,133177,2011-06-25 07:12:00+00,1,1,0,5519
a059c708fd4e825b00ea3ea1141aa186db0e3fa2cb0608975dc8449e82b5b3e6,133186,2011-06-25 08:35:24+00,5,2,0,46918
d8844ea82eb36f1ab814709637069eadee3dedc9eba24149dcdd577cde552a10,133293,2011-06-26 01:52:45+00,3,1,0,45702
1571486b5c00e11f5401feebfe70969394e25326aa1bfaf528f64c226db09a07,133319,2011-06-26 06:06:33+00,20,20,0,29058
fc7ec44dcafc3f9013a27262cd8413694670bbfd837ec0d69573c7e72a690b02,133399,2011-06-26 17:55:44+00,1,1,0,49170
0c6fb6769b74dffebb8523d589697ea78a5c4027af54469629cd71cdf445a3e2,133413,2011-06-26 20:13:54+00,1,1,0,52792
a8e22a9134259a9a52fe820cafa5d82f5513b6308783ea90e52bf79ca01b9b5a,133422,2011-06-26 22:18:55+00,3,2,0,25564
f5ab7667db762f88874a09fe74a83acfea666a1365d3792ebbb9eca23a365137,133470,2011-06-27 05:33:48+00,1,1,0,50271
8a05efd213ea26d5f9cdc70bb270c7e84219f50961e5d558b4a26d7cf3d8de69,133499,2011-06-27 10:00:13+00,1,1,0,31302
75a65da1fa8de801c71ae2f16fa869aa36a8469fa0593065adfe5b525a519aab,133533,2011-06-27 14:23:05+00,1,1,0,14936
f5a8f0944eb93b198f95b0fa18f0aa8515acf10214847f5def3ed6c132c96c35,133542,2011-06-27 15:23:21+00,1,1,0,51816
3c06c3458e6fe8fbabfd738ed93a6203bbd421c3d8102657f14f25ef0a532d94,133549,2011-06-27 16:13:53+00,21,20,0,563
a5659cb81910e0783e6deac4ac45317f14a3526969dfc1b9cf200122484615c8,133549,2011-06-27 16:13:53+00,21,20,0,512
2aae29359e3d1056cbfb194adca44303325c0d15f07042cb9f2eb31a49dda8ae,133562,2011-06-27 18:12:18+00,6,4,0,48017
dd91ce8107e3cae5fb51c96de954b3472ea8d1d73d5a685714e8d9bda1e8b6a3,133563,2011-06-27 18:22:11+00,4,3,0,47518
46fe5d1e021898f63e88348ed6c8245b2a9ee68ea87135fc7d6649cda7128abf,133585,2011-06-27 21:45:23+00,21,20,0,11015
8645b5eb1f8fda4c803d463ea4657a90b549b03d3274dd24e86dd459d91efe73,133586,2011-06-27 21:46:13+00,81,80,0,11039
50579385326eacc63c73b156aea65875b213fb353deaa4a83152ebfb0d9128aa,133589,2011-06-27 22:15:51+00,1,1,0,29530
b0d43f29ec629045b7f0800fd670367df22c6a0dbfb1f2511ccd371b94f6dafc,133591,2011-06-27 22:29:55+00,11,11,0,26971
242eadc7c139d3d2371750f996721201d5379f138ce09be8eec7edebe4146ed8,133595,2011-06-27 22:53:01+00,1,1,0,25682
f33bd7c42bbf2ce1d4747470961481900f61ee1e9b4710fa7ec6548952c17717,133599,2011-06-28 00:00:05+00,82,80,0,11053
74df3b3993080f046ea335baefe57f8c6554917a6020becfaa395fb84834b181,133627,2011-06-28 05:26:00+00,21,20,0,7158
acc2b12b41979f680bfb3bf98b71b9daaf536bdaadeed7767306b3aa9a8b1437,133627,2011-06-28 05:26:00+00,21,20,0,956
dcb5c0ab71db6ae340e54f80605e6719a44bd74a13114dd06b4f8fc0bd16589b,133627,2011-06-28 05:26:00+00,11,10,0,6693
cb296a0f1d21bf367c75be854d7cf92f8bc908063207daf35a2514c9e241b7a2,133646,2011-06-28 09:03:50+00,1,1,0,30519
aa0f1a8e59cc1ec1f1133a8dedf52c36f6a8d7463c12364e3fb5fd996cff6004,133679,2011-06-28 13:12:54+00,6,1,0,31301
2a1fc75aa3071694978c0843cf4fb6e52e562c329ef311702cbb3d2aa29bf29f,133709,2011-06-28 17:23:34+00,1,1,0,40559
02074fffd56e17466ad89c2e52e3d14b7c9cf515203b350486a14751cddfcdaf,133715,2011-06-28 18:09:38+00,1,1,0,19021
fde813297f0648fca02206a165af9ef2aa9ebd3f0b31619d491362347f61e0b3,133806,2011-06-29 06:50:11+00,1,1,0,31079
32921b1b28ba4bd9d523d25bbe00f82efd25659a97ade38d8413ce7fdb150551,133836,2011-06-29 11:32:00+00,16,15,0,26767
17e8195cb61305a187ab8efe0af6125f6254a5bdb7db2eafc34e77391eadadec,133855,2011-06-29 14:08:57+00,3,1,0,53711
13993dc96b4d51409e6cfc114435b60e1879829a80b733f8eec18c3377b21c6e,133873,2011-06-29 15:49:32+00,3,1,0,53924
992b2ea0d8f6fc2de9fe3d3c3aafdf9d731b1d334a0bbf5e3c49947d7fbe2276,133893,2011-06-29 18:50:15+00,1,1,0,31069
7714cfa6bf40405fb713806177646e7730b819472649838d911e54894eb163a8,133909,2011-06-29 20:46:56+00,1,1,0,49462
ca878971fcc6846e57f8d4a5146123ae5a26069eb126e83eba4db3e13573cf06,133954,2011-06-30 03:53:55+00,1,1,0,17558
3e60c792b8bfe54e78bed9685aaea8ba627dae40e487885d7f874d4b62fa6310,133980,2011-06-30 06:53:21+00,1,1,0,29825
87250eb360743e2c6d6953e34922ee3c19ae585dbd85e3fddaa5ce8edcda5859,134174,2011-07-01 06:59:03+00,1,1,0,21359
36afa8404dff17878b56e0712fedaf03ad46d9e80e5d7135be6005ef66a6de7b,134185,2011-07-01 09:29:49+00,1,1,0,31148
ee27fb8115334dfe78732bafd3232ba38a1a6019d36d2fae288467c0f2ae4274,134251,2011-07-01 17:54:38+00,1,1,0,53374
a4b404076470cc8ad33b90c053d394f6ff1fd345ec7d2a880f016e28159ffbd7,134270,2011-07-01 20:47:13+00,1,1,0,29422
c5e21f880554d78a518544cd8ee12a5f5b5658e7b4d6dc9715585ced4eb53fef,134329,2011-07-02 04:18:26+00,1,1,0,29501
e76e500b19a1eb86e172fa7afe2a56d30d4898d55c8264b09e9699ba310a7307,134545,2011-07-03 12:11:49+00,21,19,0,26745
592ffc9c8ae48ae99cdad581f0ebfd9ce62dc570571493574ed33047d8ad4ac8,134553,2011-07-03 13:22:16+00,1,1,0,31297
3b7786eb6aed8b5dc8172755f8b76b6e495c85bf0c16fa7ea7022104f158097a,134556,2011-07-03 13:29:53+00,4,2,0,8938
5a98f8cf5e29b1afe324b4a644bef970fa7f2a403e1b05e24b698eef7bb709e2,134556,2011-07-03 13:29:53+00,5,1,0,29486
75fd1223e3763d5029221b6c41d517ae47c86e5a86560950b4d022d036f469df,134618,2011-07-03 22:17:52+00,2,2,0,29443
a9387534698c35a8c55c67725800798709a1700b510c5d8c9bb285d7dc939f0e,134674,2011-07-04 07:54:35+00,1,1,0,31291
5ca751381c7d53323e5a195dddf55fd73f6994edbbba798d513de941a4b21f6f,134732,2011-07-04 15:25:22+00,1,1,0,51953
cba67b861dfb10dd1017346b590fef917c3eb949080321c298c71c22ee888a93,134764,2011-07-04 19:33:36+00,2,2,0,50793
c58a035877689fb50135b80f9950af344a0243f732211e8c0327c8d576f6fb4b,134788,2011-07-04 22:18:02+00,2,2,0,50736
a714d43692fa6ea3090b5d1ced7664bf671b6e34e800b7dad19a5e45e130df84,134793,2011-07-04 23:09:16+00,2,2,0,29436
e11b803c3f529473006797868838ce607609f985082438b4f7a31ab9878117a5,134811,2011-07-05 02:41:38+00,3,3,0,50633
abde84195606b3385a48215b0c0482aef106537a368ad11bba82ed46242c84d7,134836,2011-07-05 06:38:17+00,41,31,0,43692
753143a14c905bc91b214d0be55b8886528c5ac58d3a4f47b81c6f331d50245b,134850,2011-07-05 10:29:04+00,21,19,0,26779
7c25f47dc7577f504f8ca80fc480fa2221808de39c75309277f38094a47e15a8,134850,2011-07-05 10:29:04+00,2,2,0,28777
eaf6d483f544b00dbf369b2cc875c2f3db5133e7a01f3f6ce3277ba66d31ebac,134869,2011-07-05 13:19:29+00,2,2,0,29507
65660dd81c3e0e585123729a818113322336fd807fa58e409a93a3548cdbd961,134882,2011-07-05 14:46:31+00,1,1,0,48963
974676c7213b7ab930a704a89f6db579296b02a510c3cd7ba2b90da5e9d9abc8,134894,2011-07-05 17:02:10+00,21,20,0,26763
157bb34c1d847396e164b138e85a47d0800908153b2246d2e8e2a8ca54d2ae56,134898,2011-07-05 17:39:57+00,3,3,0,21859
0b1f0fee9ac088422531af0cf18f9b24024f783ff5426a6b683c2d5082fce652,134916,2011-07-05 19:35:39+00,68,16,0,52095
224f0241d94e63b255436979b6d25a5bd3b669bfa968efc8427a01a60d1afebe,134921,2011-07-05 21:06:31+00,2,2,0,28792
28aad3c672871d0d77d5fff665dba6416cd5e51569770199410da5d24745b4a9,134921,2011-07-05 21:06:31+00,1,1,0,50286
1230613ae8c93618b0f551e5070c3b88fe631ba2dc25cf4614bd9918fe6b5995,134922,2011-07-05 21:10:19+00,2,1,0,31048
e99538eb089e48869efb7542cb1e74c9956ba2ceb5917b10f251bb2bd305fae9,134991,2011-07-06 08:01:47+00,2,2,0,30300
59d7abee07c0ff44a13574526bdaeac12c0486f6034df28416b14f649a5cbe9b,134995,2011-07-06 08:39:12+00,3,2,0,23441
5ae4d555325f02a92b22d8fb7405eeb93b240fc1220cda2859686f426da0e1d6,135055,2011-07-06 17:16:31+00,2,2,0,51043
6ddd6853d34d1954703c205d18abdcf2830e5a967cc168169fa474165f8afcb4,135059,2011-07-06 18:13:17+00,2,2,0,50889
10862fe390eb2798246cfe5b216c44a7332a9018c09bfcfa299123d93f4b6b7b,135072,2011-07-06 20:35:46+00,3,2,0,10453
a6181a11d80b1fccf6de005ef6bd3cf165dbc18497234109ecc84adaabe55ddd,135154,2011-07-07 09:42:50+00,1,1,0,54126
db37a5b4cce1a36632c55408fe7e111481635ef72f7fffa381bb5fd717b37081,135165,2011-07-07 11:47:17+00,3,1,0,27161
346610b672d3fb057e419d60a8799b857459e5f7f165d3934d81817f3b1e4086,135229,2011-07-08 00:21:41+00,3,2,0,39036
c190cb4209788d5b09bd659643e9318fb588082e880675531bca1f3350645c7b,135244,2011-07-08 02:36:28+00,9,8,0,39248
d49699e95fd9df3bbc833548e9555198b1ba77599a0a29cfcb662915f6f5c626,135246,2011-07-08 03:14:06+00,3,2,0,39302
4f7fc4f150f6a4462d74896b9b4014236c683ea1d883d0dc981f6291e2a0afd3,135253,2011-07-08 03:51:49+00,8,8,0,39083
19bff543df4e263675b3e02d4c2670f29cbc8df0bbaa15595264030493deddf2,135431,2011-07-09 07:11:54+00,3,2,0,4533
8be3a843e78ae10ae3f64900b14577a94ecb488b374faac9adeff56ad10ca13b,135456,2011-07-09 10:47:03+00,3,2,0,17153
372749d5fab6cbded6bae39242f072fbfa6c0c40b66d98e4b405fe6564f3905f,135608,2011-07-10 12:26:53+00,21,20,0,26747
ca5048006cae359a53f8453a90a568035c5269653ac496b7a10770e40235c67c,135701,2011-07-11 03:36:17+00,21,19,0,41019
1ba42fcee6130f249078de7c85fc8c75988cda6b5c65738d850d06aa01e6a18d,135784,2011-07-11 15:38:22+00,4,3,0,52863
8a2fa019c4a351f5acb62780aca33bcb6cd81c06370a0de6a4e9394e22c84bb1,135912,2011-07-12 13:30:28+00,1,1,0,22779
a5d2f50b14719e0758c6a5459c3073181e524c4ece6d2e9ba99970f7e02152f5,136071,2011-07-13 11:33:06+00,1,1,0,49826
3c41877a2d5ce0f52b2b17f1e228c9b276277d43c1503cbc5eaf3189f337b9f2,136213,2011-07-14 10:02:52+00,1,1,0,49977
1043db7f8a282cb673ccbe70f4048b45682cc643ec159e31c87d6d1e59039cc5,136252,2011-07-14 14:38:14+00,3,2,0,13746
1587066eb15bbccfc7e845c43cda81e1abd71127627d9a70433c33c4396d0352,136262,2011-07-14 16:02:04+00,10,4,0,52364
b3f52f6b93636121bfe61742b0f181255d2dbb45108fa896c0bcba7d8f51a236,136368,2011-07-15 09:03:32+00,1,1,0,49638
2d82886f429ab3669cca53656df10d9bfed0fef5ee6fc2daf53f1e0b0ca45363,136607,2011-07-16 20:18:44+00,1,1,0,53356
6c0dc49e8d909e48776d2cc5e62c7b052edb6f13314b295114f7fdcaa8417a77,136706,2011-07-17 11:07:42+00,5,4,0,18122
c868436f25bb06500b7ded86013d53beddecfc33e4b474ceb189806bfaa75841,136821,2011-07-18 03:09:29+00,2,1,0,52194
aed645e20ced18834f2d2962b66674b56d97afe518ff8cf1bd7df7a549ea7932,136835,2011-07-18 04:24:25+00,3,1,0,50358
9d01547972f599f46aa607f52713d326cc05bfb2e86b4e4d0d875896501051ce,136840,2011-07-18 05:18:46+00,12,6,0,49910
e8cc04bfd3d0293e74fb8dfd53cbe6e135512c05ba308eb8700d34434c9176ca,136840,2011-07-18 05:18:46+00,10,5,0,49829
4634696603d0f6f9846876adc1f30da31df61de0de25e099c014f6a66191b6d2,137022,2011-07-19 08:30:36+00,5,4,0,18652
5386fe96f4bd8bb449dc9d165c25b3dc2354516bc774478d9bf3c46c7ae929a3,137064,2011-07-19 15:17:05+00,16,4,0,51948
ac487f7c0e963765f67ebe038756f185268f536d2ab56b3e8488224c5f1defeb,137606,2011-07-23 06:45:10+00,6,5,0,12213
0e762bab68394162d9faf340b8f9d454b1b284a9ebd05768514ed3e8a18cf4c3,137866,2011-07-24 22:36:01+00,1,1,0,51405
00be6063808d39a1090ce79ec4dd025cf92a44486e576ba0d55853b165efc04c,137989,2011-07-25 16:45:02+00,7,6,0,5323
7f9d17092c2dcfbdcc0d8ae69e20318c3c850e80f6a461061369ce5e3167689b,138113,2011-07-26 10:54:16+00,3,2,0,54224
ef9eb44f7143f79534cf7851c00d6bcd84f5f89fba2c2117642af58fe737f26d,138602,2011-07-29 07:52:14+00,7,6,0,2658
9f4765debdafbe1595dbd31642281044ddc7493464b8887dab25230f94ad7a84,139051,2011-08-01 02:43:35+00,4,3,0,53096
09cf8b6e76e62963323839f66bbbff87b81737498b6a668e7e0a71862380ea46,139053,2011-08-01 02:49:34+00,13,8,0,51415
0f11fea76a27aa1648a72b3046c913f1b7327485d007d3496b12381c77360fb4,139103,2011-08-01 08:10:59+00,1,1,0,44349
18f4e3f13de48d497a4272b473ee5e3466e8255f194158350c3f28b84911d757,139130,2011-08-01 11:59:36+00,4,4,0,44311
a26b7618c41f93bcfa6427683759d2457720ab219331d75fbee987217058a9ea,139873,2011-08-06 18:22:42+00,6,6,0,40586
0e6d6caef0a20057cfce8a1f126cf3fda60a0a31ee2e522549d321303e9456f1,140095,2011-08-08 12:33:53+00,1,1,0,40843
8502ba194227c4e66b55d2715bb63127d8498727723ee3ac4876b9a767e6b8ee,140120,2011-08-08 16:00:32+00,1,1,0,40539
77cb1c0e760f61eec989f56a6ecb847bca3fdd67d639c19c42b01a71cf3b1a4e,140122,2011-08-08 16:42:07+00,1,1,0,41059
21e9f14028d22c114220a5ce6f3c2a8f5f08cac9fa8f705ab6deaf87d5eba2e0,140249,2011-08-09 15:33:16+00,1,1,0,40683
f32eee1f72a57a345d8a3f2e735065bc40d3b853696bb5d08103b7b1e637fb9a,140827,2011-08-13 17:58:20+00,8,7,0,10519
a935a975f8fbdf6f6e6fae4ab3205c11ba7a78c26e09d1d0ee8340c594f2f25a,141238,2011-08-16 19:25:40+00,8,7,0,11305
b5d858daa9fbdd9468d86232c356365e26294f0c493395a913a3f0bf5e3d3311,141507,2011-08-18 17:12:34+00,18,16,0,26832
a60f66fe1c824b84f6214cb6b64028876628ef1bf677369393ad152381521f6d,141753,2011-08-20 11:28:42+00,8,7,0,6194
e6da82eb2064e65160c7fd98db9ca9118adaf13dfcf421d4dc422a6f9582db9a,142095,2011-08-22 14:55:19+00,8,7,0,8358
1c0714358c9f208d935d723779ba04e0d8c485796f66c6c8f82041a44b2d09dc,142481,2011-08-25 05:21:47+00,3,1,0,45401
5bc22604ffedb9e552439e178c69b731eb7dac17ac8acb9b01a0dd5db3aa1484,142481,2011-08-25 05:21:47+00,6,3,0,45029
bdcebdfcf8603a40cb91488ee057654e7d9709bea820361e8f6c64e7f5ee4541,142558,2011-08-25 20:04:22+00,5,3,0,44566
75097c2bab81d14ceadc97c5c14b2a832a1d035e205d54952d801edf58f13473,142656,2011-08-26 09:06:37+00,9,8,0,19375
670c66a56d351c6e93c870c67cf582a75dcbbe7b4aa87b07e86e2361c7c2bd48,142670,2011-08-26 12:59:09+00,101,101,0,39562
36b7dc3e49efa8b2b8662a8a00f5bd4f4365fdc541aadfe7ee0c9c741c792d14,142746,2011-08-27 03:24:28+00,5,3,0,44860
9aae9df283207a4ce4488e9eb0b53602ccf03b153b68cb65c9b152c1a4a38e3d,142746,2011-08-27 03:24:28+00,5,2,0,47268
6ec10d2841c9d767a40027f28aa8653f4312980a54b473e1869b5bda0dffb83d,142816,2011-08-27 15:39:15+00,10,10,0,39646
88706de7603973829cda99347b4075aadd0c63f7eb7db97690b50d5ee3d8f6b8,142823,2011-08-27 16:26:09+00,11,10,0,39668
8537b466cf9504917d4706cf8e80cec3a450edefef95902edbb334c32f309170,142873,2011-08-28 04:23:16+00,3,2,0,45870
d48da67e4f54393258d265d4954e9532faec3894aecb13b566e9f7340b94bd36,142904,2011-08-28 09:55:58+00,11,10,0,2003
d3989f3921cc062425fff548dc9bb302c4f82a71903040759a9e7d94091b4083,142954,2011-08-28 20:22:56+00,11,10,0,42510
b5b8ff8f3233336769579f86a6f59df608615c4d2aa38b09c2ccd25145b07736,142955,2011-08-28 20:26:22+00,11,11,0,39636
0b800bcbac32d82e72215877a9f04b22c239a4d8532d48566b9b0eac233df834,143622,2011-09-02 12:22:08+00,21,20,0,4329
52f6f2d67f8682bbae455d0a25bb98db035eb3621142c6641addb96adfc421e6,143654,2011-09-02 16:35:52+00,5,4,0,13927
68afb8fe5356b371e2b60b196b5d9380d80ba330dfd1a8f5b2adde1c62a0e6b4,143768,2011-09-03 11:43:56+00,1,1,0,51233
9f1f9b4cb23363cee764f09c0e137107e08610f02a619111e8ef5b1a4114ef4f,144011,2011-09-05 06:08:27+00,1,1,0,52727
2e4a248509cbd67975e8645498ded444fc56ded22d1dbbc667f6e421b3690de9,144058,2011-09-05 14:20:13+00,21,20,0,2636
0d08d98a909b4f00d6bc6c876fd1cb06dbe2009db0850b533a5af35f8e2e6853,144090,2011-09-05 18:46:08+00,5,3,0,27593
252316d754d35233b497bbe8b5d8d14178f820f95fc0fc87e1694a4cbb004d49,144134,2011-09-06 00:48:06+00,9,8,0,49922
a7c3d8fcfe9d0356d35aba30f5dc9a41499e52697f43017c77b12d3f16c68262,144156,2011-09-06 04:59:35+00,9,8,0,49324
604a012639540f529bd00546b9f5ad74e11ca5b4be88f0a6ff3864d3b50afc73,144338,2011-09-07 09:33:33+00,1,1,0,32811
744ef085353ca8e39ecbd8f1f71b004d3944d56893210576e4016cc8a47142d6,144352,2011-09-07 12:46:20+00,21,20,0,2190
ea765bc97657f343861a7d8773ffdc7b76cd6a0125358c9d5c2075fb6b146a9d,144525,2011-09-08 20:08:36+00,21,19,0,3652
04e54256bb9b7e82d3ad178780cd03f1ab30f4540d95b22d4a7f81dc6c5f1829,145020,2011-09-12 11:01:07+00,21,19,0,5999
80699fa1e5a9ac3d1785f99d8b9e8cd1154c378278007702fc850d6f3aaf3556,145185,2011-09-13 15:54:12+00,1,1,0,50730
f4ae2a82d1632898d1c157e5a9914f87a9cca64ebd34a16092fda4b0a4a4ed07,145361,2011-09-14 20:26:49+00,26,24,0,5514
c43477ccbedc9bbed1c5d6c98a45b62d9399dad004bfd2fc5e15a1369dbd5259,145706,2011-09-17 11:08:35+00,31,30,0,1352
3d36cfc76ea01619cc4fe8342e00508f8f49725257b27dfe57848283b2402417,146137,2011-09-20 12:18:10+00,26,25,0,1227
af6948c2b67b64acc22b1c7f58a287f7b0fc5aa594414e4abd5cd4723e8d18a6,146601,2011-09-23 17:04:19+00,26,25,0,5843
8a1a9b804d35e1c16314f843a272bb3aa63d17248bd1d0db1c6c7ce6738ae44d,147096,2011-09-27 10:19:03+00,31,30,0,2632
6602f2800613e3db64674a11c7997ff26a9fe58d4e599ff5581c24e8fe7ee01a,147502,2011-09-30 10:51:26+00,30,29,0,2421
52a5af6f41ee6d78cceda14198dd2f0fdefcaf6121528198f6de2ebc383e7272,147553,2011-09-30 21:29:35+00,1,1,0,31226
7a554494352bb52935a3cc346bbf9809835bd3166cf7f754b901dc3f99b0bfad,147575,2011-10-01 01:42:15+00,1,1,0,38254
13d700dd814e398e34b245b93254f1a1b2480cf5aa3f8da2f5778cd971fb2578,148270,2011-10-06 07:02:37+00,31,30,0,1408
cd66060412428ad38bb14772e228aec06c002f7abe10700360184b85665c7e83,148299,2011-10-06 11:43:17+00,8,5,0,37020
ed71fbd124a24f7433216accd17445d4dab416e8fcc8b25cfb69d8c8dad93bc7,148666,2011-10-09 09:42:40+00,41,39,0,4193
6f95bd265d6bfa76021f6907b91137f74eb061a88dd815cbc51c9d4b0ae01096,149560,2011-10-16 21:49:41+00,41,40,0,964
2cbdb443bec99191a81c5503250c6d84e66e52d5bb953ff3abcd5f68f7ffd285,149796,2011-10-18 21:11:06+00,41,39,0,1289
da52f4aa72aaf8af3aa063ad57712c72b1d06b9146c4ea194553b1f60963f5ff,150214,2011-10-22 08:02:27+00,41,39,0,4190
4713d7f7c0baa56d83401ece58b98a011e12fb45cc8f27d15c2076c2d55acd46,150799,2011-10-27 11:04:08+00,41,40,0,2501
a677c7c7c09ea799e9323fede140065b29eeccfbb9379d8039598174503c3b00,151119,2011-10-30 10:56:33+00,41,38,0,1260
961bc165841fde7bb187d0341fea76e0ac7280506001fc83c6193c55ed3a3adf,151381,2011-11-01 10:57:44+00,41,40,0,2525
be92d2a975ec4dfa2c393ec28e0cbe7e4f4fdf692cb9f9c7303a069c23530fe3,151667,2011-11-03 08:59:09+00,61,60,0,1218
d18d5c2650e498719ebf70767e79161982fcd6b5bfc9f8674e2446a5e6f6acbf,151806,2011-11-04 10:52:08+00,51,49,0,1068
5ad6b16ef0af3fe78252a1024bc03330d90bf54b32f597f3e1921b4b066e48ac,152534,2011-11-09 12:07:35+00,86,81,0,979
e08451f5d0ef3fff40e87426b146bd3bcae5b9460a41c94be1559b102f1bb959,152688,2011-11-10 10:48:04+00,41,39,0,1378
9a6ddcc68dff604985ee7a7fe8869cf53116657a82d794d5edb829ac42621e0d,152951,2011-11-12 11:13:56+00,86,84,0,2089
db1d389fa6b1a011b6a828609673ea03fe7bfa0f3cdf333ccbbce3c8eecf03ac,153268,2011-11-14 17:47:07+00,86,84,0,1964
873e0b5f48ea58a000811862e64b916783e20e5c0f32f6e9d44a85b4afc800d4,153427,2011-11-15 16:19:22+00,86,85,0,1027
d6b7eb89eba3c72713420de5d547b75fb83753bd5f964a347d36fc508274a040,153533,2011-11-16 10:07:24+00,41,40,0,1822
0f49c5bcf5a6d9e38df482e24b424e7e7cb177ef2099bd1d5f4161d8063295e5,153673,2011-11-17 11:21:13+00,11,9,0,39800
537b2de84e71549701e86d1d24438414661646964786c833a0987f47ba6f7d66,153680,2011-11-17 12:28:21+00,11,9,0,39652
d2c5454c3d7bb2bad01820039b0bb798bdf3bbd5df33a75db847a7b6cf89a5a8,153686,2011-11-17 13:38:47+00,11,11,0,39810
8e94ced5529e9d41b35ca7bb65a696216bc2766d983e6b2a367db92e16cadeae,153696,2011-11-17 14:26:10+00,11,9,0,40217
e9c9288e71dd0cbd3791d80e755fe403a175b67f4e1b8520d2f04a33605fe322,153717,2011-11-17 17:41:18+00,11,10,0,39679
bf5d7b6ef1efd754d26e934022731aa4114dd1db1601339e576ca250d4c14db8,153741,2011-11-17 21:18:05+00,86,82,0,994
f3b3e1eb28df1b5b21a51dac27843b6828dbefeac66fdc9884ad8147e56bf9d4,153858,2011-11-18 19:13:23+00,1,1,0,42878
c21b61c3260993c3be68932652c95b82291fec7a5bcb00421976e96da732ae1d,154081,2011-11-20 13:19:16+00,11,10,0,39677
031104d56677ddee6f432bfbfa8d5c744ef43b17cd7e19f1fb9220cd49836a0b,154085,2011-11-20 14:35:43+00,41,40,0,1909
f41b12ffa3bf8a69ad4fdcb2662c4dbfda7e0f4aef5c9ee9562e137ce1bf0739,154107,2011-11-20 17:05:41+00,11,9,0,39540
1decc28c1b6536de2cfa78deb89bc09495e5805f5a47f943a4e1fcafd0237687,154171,2011-11-21 05:29:03+00,33,13,0,49787
268e47cd6259d04e3b0ec3aa4f6e0c7f1969aeaa2e843b47d80ea81a85d950fc,154253,2011-11-21 19:40:20+00,1,1,0,48731
922631cd4cf87c368d3bbf41a72c131b8bbb342db87bdd10f38ea645ef36f46c,154260,2011-11-21 21:29:22+00,21,11,0,51320
93d1c8589ae61a57f5866b69e02d81a48452714fea19e901b197a6a050bfaefa,154338,2011-11-22 10:46:42+00,86,85,0,1568
b23f3f4f1db04256880f744b14605c18e1372315530a293a1e647a569696b82e,154598,2011-11-24 11:45:54+00,41,39,0,2158
29483c3b6775025a9ee618dfb3d586b3bb8961ec3911dcc5944748e932f15723,154630,2011-11-24 19:10:42+00,86,85,0,1920
109b1071c4fa3e997a4f1530efdbd560c9f690ec722b4565ff26ebd7e5fa1798,155082,2011-11-28 10:45:57+00,41,38,0,1088
70693db5c33bf0db21781f91be9748aee2916aa9f7f3cfe6d655c0488d773d64,155213,2011-11-29 10:59:52+00,86,84,0,1010
0b219ece7e54ff29ae727dc4099b5e7e3d46737d3601eb0e1df40a5f794c590e,155429,2011-11-30 21:24:35+00,86,85,0,1392
44d79db844f3f63293ca568655080cf6cf38b209480f64b97fb78369702d0768,155532,2011-12-01 10:59:03+00,41,40,0,2597
81cb07e7870dfc3b3b20f809c5bf14a546207af0c25688a69a14303e8defdcd4,155766,2011-12-02 21:44:12+00,1,1,0,33767
9ac560ab5f8bf9f2b80271963e83edcbf4373fb0179177bdde5c4e801629c6b3,156011,2011-12-04 15:21:25+00,86,83,0,955
5f1a76d6151a1c9dcf486dcfbe53086a7ebce50d5c2e554c41ce33e5ae1d072f,156150,2011-12-05 11:29:57+00,41,37,0,1412
c4cbdd2faca6e80656ad27dd665071c56ee24cb272d80166eea8551ce29d86a5,156637,2011-12-08 16:24:39+00,86,85,0,1242
52b31eed97c04b1e9f300f67c94eb386db624d9de821b302c2530fdaaab7656e,157055,2011-12-11 11:14:34+00,41,39,0,4599
865fbc71bcd731f43e7e97ab423a0c659828eac09e23d19a4fc62a8b8d0a04bf,157113,2011-12-11 19:19:16+00,86,83,0,1123
bfce83de38958f7679b0840955753bc3796c02a760265fc123f60642b7708fa0,157666,2011-12-16 00:00:04+00,5,4,0,32430
fea6c8f43b837d766050d4e015a1a90554cb69d06d1d84587d3141df0173eeae,157715,2011-12-16 09:42:36+00,41,39,0,996
b109aabb7ae678f90d36ee67eb7b0647e3213f0a6b06389b5513b5f08dbdb839,158142,2011-12-19 09:35:31+00,86,83,0,2070
18d70ffa090f0c8752649a8d1b334370d803f86002fff6a6717636eebf5683f0,158174,2011-12-19 13:27:08+00,41,40,0,3371
c66d9d25361a8aba4b8d05083fbfe58b4b1492d9aa48798a6a147da2293fa876,158300,2011-12-20 11:05:39+00,86,85,0,2556
f432a375045ce3fa9cbc3235572a61c03c4b88aaad5430ba5a2b8c6dad950901,158670,2011-12-23 00:16:55+00,5,4,0,31261
91a33b61eb41d5f115e818f446f093ce50233d991d6a13b12a1cd5a78d764ea4,159209,2011-12-26 10:18:45+00,25,24,0,3438
f95b3e1f3ec9b081eb005af6f8e337a1e2b43e684f091449af9903820b5ff7ba,159247,2011-12-26 15:36:40+00,5,3,0,31691
42de57ce7d78108e14d8938c01d5f87d1e0ae823cb1cfe4bed2eb03b67ba35ea,159538,2011-12-28 12:14:04+00,40,35,0,3268
f1a3c49a448f8255772a6f86dc5b9e242d8ed035449701a3b6f485aa87717ebf,159766,2011-12-30 06:00:55+00,13,8,0,46307
d5a0538d9aa6a37ea3cdf7c3209cbea89fe59bac15d744c47375c6cc43a27e81,160107,2012-01-01 10:41:32+00,3,1,0,46502
bfee0f91471cd78481e5241eb79c0ced3cf5f58704e4f27cf33c1710fca3acd1,160108,2012-01-01 11:10:42+00,3,1,0,49205
1d95d7cdde4fb8baa593ce7233c490cda99bd71c725d4a56cfda33d1f92ce29e,160134,2012-01-01 15:16:07+00,3,1,0,47280
1b97eb5ad7aae824014f3f694035f968163507284fe79561024aef143407b907,160694,2012-01-05 08:31:42+00,1,1,0,33202
d245fd4bee3536bcc29c0713f7c1a91d50eb1b144ded5ba2ecb8f54d0c61c654,160713,2012-01-05 11:20:24+00,9,7,0,32097
e58323bbca460e2966ee822b573c393c086e103e929603bf8ed559b5b87d0d34,160752,2012-01-05 16:44:17+00,1,1,0,51749
40d4763295da1a567b39e612f2b65f79cb2edb7d0abf1ad066a25495635fedfd,160781,2012-01-05 21:07:55+00,12,6,0,13765
e757e986b6b0f4a8b6ca516ff9f36c962bb1ac05f11f38477ee03b0c8ec8aac3,161837,2012-01-12 08:11:29+00,6,3,0,47467
6424e00225e76bb3732f34dc6afdec66307acf65e8fd8291d5884f3e5104f8c6,162688,2012-01-18 00:13:20+00,3,2,0,2591
349a4a1f74cbc3f67c5c38678f6e5ef130bbee6d021da659b78484c90f89353e,162766,2012-01-18 13:32:40+00,7,7,0,2104
fe4cd0e7ca9102804fc88d7bb10895b893242db47706090afbaa68cf2584ade4,164054,2012-01-27 08:50:46+00,6,5,0,43956
28c1a6a3197dd5c62d6016fd34059677f917942d6de33a0b26af46523b4f48f5,164576,2012-01-30 16:16:01+00,8,3,0,48774
731eba9d3179cbb2c60655ab2042b016490fa21638503b5a5db4e3ca82c44962,164931,2012-02-02 02:08:26+00,13,7,0,45104
2f6bfa4a1356227a5764ab8268203afce2525eb4075c14f992b0f839fb968299,165277,2012-02-04 05:45:56+00,22,19,0,43976
b4ac8e69aefeab8dc1f58c21dd1890a5de80d15532c418378175e46785085d54,165702,2012-02-07 02:57:42+00,9,4,0,47220
e5f0e41a89c3b00776b84e7a7d4b49517e4447bf61bdc38f99fb5bbf7c410a52,166366,2012-02-11 19:49:21+00,14,9,0,37062
6fc873305125df21efffb6c8f809513845f1b2a2c8612c87c3431a3cd8d89175,166737,2012-02-14 07:41:12+00,9,7,0,39091
d40da8d95d6681d8e94cb3611c01c270e0afcf234a7381ce53b34bcedccad14e,166746,2012-02-14 08:48:40+00,8,4,0,39542
2744e6ab7d371cf5dc24b12e98215e5a9bced26bfa68330991fd5df1c3a5779a,166748,2012-02-14 09:16:27+00,5,3,0,37628
475109a4ae233cd3dbbe0074e264074be4e3e5a594ee53d3a7db205720141c0c,166845,2012-02-15 04:06:09+00,1,1,0,52880
2b45727f31afc6d8e5acad9fbf6ea3aae347d273b8749e43a0ea835670463ce7,167000,2012-02-16 05:10:56+00,1,1,0,46650
e2e7fece051f1ff9766a128266dd1b1b2ffd8b0fb3c11b9f3242993e66a28ee2,167346,2012-02-18 13:34:22+00,11,10,0,37754
842a0900720afc786c3165eaa2cf6d794ef857b20a403ff679e3fdec64a917de,168002,2012-02-22 21:48:29+00,1,1,0,43678
6e0a04d15a0732315aaa4e8e072ae905836b0c7042e7045ffe9f00d08005dcd8,170583,2012-03-10 22:27:28+00,8,5,0,43756
852cb926b74aff6b21c68f0d0b7f111159fccb55060a9acd515b669d40c96f52,171117,2012-03-14 10:51:51+00,1,1,0,46356
86fa6c827ff1f14b7b0c6b3c7ab509fb4225ddaa8a7f7d4c52e3c20fef5aa01a,171136,2012-03-14 13:54:43+00,11,7,0,45845
f504317a9ef05e8f5c9469ddb4cfa67eebc8dd85ef0eefd95e47786e60d43129,171332,2012-03-16 04:29:30+00,28,16,0,46157
e65011c4ebf7c17040aeee64c8813eba5ecb090837878dcd014a5d82710d68d5,172496,2012-03-23 15:34:48+00,1,1,0,51435
5a349fe9fa115d8701ca4ddecf568731192bde84027e3a6d7b48fcdc83bf2109,172508,2012-03-23 18:09:33+00,1,1,0,49918
ea05b92d51e29868dffbd1d309e111a9b2aa24074effaa5e501a9bbe887e0d30,174007,2012-04-02 12:33:58+00,1,1,0,46965
243604d411471a6f177d09a0ec950aac9663a61f7ff3d19e1779632edd9efa7d,174266,2012-04-04 10:36:35+00,21,9,0,46219
0f1617fa7fe34ebd745c1ec4e8f68134b294d1026592890cc3a06b2915ee0d79,175777,2012-04-15 18:27:27+00,1,1,0,43637
35db4d7dbd363d62f9835762fdf8a91dea15a0882abfafd2b36acd8b8828fda1,175777,2012-04-15 18:27:27+00,1,1,0,43209
9f15c2ab87ebcc1fe0ddb60911e5f27f65610bd1a82ec33a00cf32cb4a146a50,175995,2012-04-17 09:15:59+00,11,6,0,46505
1815670c534500f085be337ecea6dd029e59239f160ea99384c8f74a20b9fca2,176382,2012-04-20 02:11:05+00,6,1,0,49793
b0369e7b282d6461a4ad65105a9c66973909d08ff38fd074b836044cc633dc37,177891,2012-04-30 07:12:04+00,5,4,0,47049
3b910fe8667c44bef8c3b4fbf3726e7c8c1a374cab43b9536be3e0efbb9061fb,181593,2012-05-26 00:23:21+00,7,6,0,32390
38b53dd2880e639aaec45c4734e31b1ad600001b97a87db9e1463777549e6cd0,182738,2012-06-02 23:42:20+00,7,5,0,29567
8cba17d47c48159748c76ad853f60dab7b04f9b3388134cf0ec00ed4d1ff8a62,183639,2012-06-09 00:56:19+00,4,3,0,34025
e09ea1c24f4a629ea7c188f9f740329daf746ea9fefc85673489a2b29ba73f7b,188107,2012-07-08 10:50:48+00,5,1,0,38080
213d2a3e58daec45718f0f00d4ee3f5c458309fed94c76fcb2f90ba56ec890e3,188611,2012-07-11 20:30:36+00,3,2,0,37788
e087fb6af44183bf0ab339a26912517dde42432f63ba899848d8f8aa6d3e6525,189060,2012-07-14 17:53:52+00,1,1,0,32405
33cfe542645fcb4534bad2c0debf430bd29df259b799543aa54dcde76db3896f,189155,2012-07-15 07:44:08+00,2,2,0,32563
c05ecf46b05209fb1dbd139e9cf8b476a8bb04524d884b60de4f85e4f4e45b1e,189155,2012-07-15 07:44:08+00,2,2,0,33069
c07d9270286612ef7485c603fcbbd24437c0df89df582d72cb3c8389a39d4093,189155,2012-07-15 07:44:08+00,2,2,0,32796
fab3d7ba312313367c522a0a8a086dd33330ac3e06a944e35c042cb3cc576904,189296,2012-07-16 07:26:45+00,1,1,0,33567
9d92d3b0877e7a3dce8180cb926b08d76b21c13f720c4790f9427e12354f9b3e,189691,2012-07-18 18:53:25+00,4,4,0,28506
d79f280f944b0acc7540cc8a7fa4b46791376fa54e5e86f168c65c4a5657d804,190954,2012-07-27 03:18:10+00,5,3,0,45138
5118363911cd54a52a7595287b3125204402d452b0066dcebe33ab546ed38cff,191255,2012-07-28 22:38:23+00,1,1,0,51675
aa7569f81aeadfb9528ddd9ef4e80be002191a4dd8544fd7e44a592c6aacb7e7,191780,2012-08-01 08:49:13+00,5,4,0,37675
1c532e4c06d88d71b7ed2e1722ebd0e8ee9aeb7ab1ff94e8721ba6122a6f0f32,191998,2012-08-02 18:32:01+00,2,1,0,52567
735ace849ce7926616b7607e4426db61f27ce1e023e5e9443d053d79b889ea07,192196,2012-08-03 23:48:01+00,4,1,0,50179
112f2b566af5c2e348976f30a2f294706a6e3527f8abfd4818ae9f144509ff74,192583,2012-08-06 14:23:11+00,2,1,0,43917
18c83513f58e52f964f540f87a194fd4351105fbe1ecbda178772ca6501033df,192604,2012-08-06 17:58:30+00,6,1,0,52336
1fd835c13d71257a353c04051e3bd458ce9e102dd14332a645a5995478d27688,192657,2012-08-07 03:56:34+00,5,2,0,49229
1fcefd96c9897d1d596405bb3e789ae6087e16a0e69867d198ae4b7aa9e51f66,192855,2012-08-08 09:52:47+00,3,2,0,48055
fc6dd0abc01f83e60ac83764ff8bb8afe541b8d449e03f1f14369d8839dfbee5,193568,2012-08-12 17:03:22+00,3,2,0,44138
a40b0fb2867b9411cfb06141ec717a8b5f98448e0f62e91b5752dd9b396d1813,193868,2012-08-14 15:05:51+00,3,1,0,47607
8bd65202d6e2fbd4fe379ad3bdc6f9ce810f3d4e65bfead90f67f7654d88a769,193934,2012-08-15 00:36:57+00,3,2,0,32256
3cd17d2ae05b37f17e4cc560dbb7493322518b8c005d81033ce2e63764416484,194080,2012-08-15 21:06:39+00,4,3,0,45696
53cad9af3ec0f2f33738869003985530802cbedd8c2ce078b7517489b53e9a14,194208,2012-08-16 17:12:48+00,1,1,0,32833
f2250d39746b695e4c01e52dbb1bfc357379027cdba117da25dce6e8f147315f,194229,2012-08-16 19:52:27+00,3,2,0,46298
1002b53b15b8eb554092d6dba01b3392db79949d01eb707b520b449a0d33e25e,194299,2012-08-17 08:17:56+00,2,2,0,45475
11c64ef374b6c9d7e95196b769a7d03494badb78978af99ef126531fef5ad0c1,194299,2012-08-17 08:17:56+00,3,3,0,42675
402677ad146a9176092a7549fdbaa40d12b8868513eee3d22a3b3ce10c089f22,194299,2012-08-17 08:17:56+00,3,3,0,44055
a99fa29a3afa10a4fb48e289c302ae8a48b8d68c7808a01c1a57a2ba3bc7d161,194299,2012-08-17 08:17:56+00,3,1,0,42999
f999e4e247abe9c8eb7947da3aa7971de7df4eb6466351f39779e2f7d0b3e7e1,194300,2012-08-17 08:49:25+00,1,1,0,45435
8968be131b1c4e6b2c3d076b26cfb4f108f52a8ca26b0069914d4c1006c4d7c4,194345,2012-08-17 15:30:28+00,5,4,0,26517
8f05b60a53ceb00ac2aea6f84a14b6834e65dc02d3dc7a6161eac3ee99783c48,194861,2012-08-20 19:40:30+00,4,2,0,43690
0e224aeb767cafbb85d2b490ef34d0d2dc7e9e4bee903f03a58a2067ddc572b2,195982,2012-08-27 21:06:08+00,4,3,0,48946
50dc32e495eb0be1505770ee488412ef9e52c8582d95ad8ec847ac5446c6d653,196060,2012-08-28 10:15:06+00,14,11,0,37234
f338c09f1a8217fb57bfceeab92a1001e120e1cb15a6a4cd85d4a0e45214eb85,196142,2012-08-28 22:17:18+00,3,2,0,31673
77f98758ffd3fb86460efebd69ec0de09ef8ef9614b75e15b3af70488dcf914f,198495,2012-09-12 20:23:26+00,5,3,0,45654
1a7e9602370baef4f37e2dd05806c8f0965d0e4d54bcc3859cd47cfeb8b9d608,198589,2012-09-13 13:33:10+00,6,1,0,51464
d97ca9bfb333173973ee58999c54f7aa811d61e4701ac4a10f35134ed3baea65,198775,2012-09-14 16:56:27+00,2,1,0,51008
8805cee13d1438bd0df16105877e07024035c8ce44086d88d74102a3854b8571,198779,2012-09-14 17:18:01+00,1,1,0,47282
ee8780fe84c116c423b5f81adcb495dfb7bd92f14c56dd952b67b70caf7772af,199675,2012-09-20 13:49:40+00,3,2,0,25541
54104ec8a7c3be6e7c53eb362486be607d5684e6335cf2de83ea8c946a4bbdd7,199678,2012-09-20 14:19:52+00,1,1,0,44155
b3015a41b17fa3d4bb08eb9975acd76e1edb4008797a9d3f7d404817420dc67b,199678,2012-09-20 14:19:52+00,1,1,0,40700
d2af1b10330a419f2b31457081a98e7802a6790318b8bdbf6d9370ecbb18bdf6,201130,2012-09-29 20:57:53+00,1,1,0,47169
3bec0c169e025bd17275798b17304be61e15d2c44bede8b8b0a4be90eb74a99d,201688,2012-10-03 17:55:26+00,9,2,0,39118
c5d9a18f3f4d4d15bf231f9491ac7ab3b7df474da4fa4640cc43e33c8e27a9b1,201688,2012-10-03 17:55:26+00,2,2,0,39605
33d5fe3222f9606c2441b379d76e647c8249e3c8205df6f1dadb60eb9fb802fd,201744,2012-10-04 03:28:42+00,3,2,0,44208
c6150ef9b5926a974389fd92845410199a4067064dfe768ace25bdd311175762,202804,2012-10-11 11:10:49+00,20,20,0,38021
228cdde09744468683e02cd63f87006d28d3f97f87aca11599e570b6626209fe,206934,2012-11-07 20:48:35+00,32,19,0,13764
3fea5b7ecd351a0157eff1ed413999e2a1567128dde42064844d6073363f3521,208823,2012-11-20 23:34:24+00,2,1,0,50687
7ff85eccb4d865a25e450b52115fd990cb1234483107a66d16a6f22036fd15fc,209411,2012-11-24 20:44:47+00,2,1,0,51061
f56d285001230a1bd3b5f49fc8926568ff66dd52c44d52f470d199cb434a5f28,209447,2012-11-25 01:41:39+00,2,2,0,50841
25543436ca630c0d4ea2bac05e16d4bf931e941b0c7a6e660a3a9165fb3493af,209466,2012-11-25 06:18:35+00,1,1,0,50535
73404cd46c909f70d0159b2ab6de5d7dae6ca903ed3d972f82194393d414c688,209472,2012-11-25 07:03:35+00,4,1,0,45315
c31928b8993a41a836923c86f460497e325164902e7d7e9b667d42df93b84121,209678,2012-11-26 14:08:17+00,2,1,0,48656
969e5b870e2d5190421cce78ebf9d8cd1d8ec557e2adc32f1bce0331ca929670,212593,2012-12-18 01:51:54+00,1,1,0,35384
b1210ba8907757c4e0d034be4e63d146e87db04567e9d5ffe9e14300d75f7cf2,213109,2012-12-22 06:00:55+00,2,2,0,50530
07f17898e591f013e4e9112d62b7e5f1e2953876263b2cece35fb10ad6ba062e,216020,2013-01-10 16:55:39+00,3,2,0,47889
101df3e37cfd2be7b8e48275511f0dd0b6b71268a9a28b6fed138f5d5121eafa,216667,2013-01-15 17:06:46+00,8,1,0,39484
74ab7992f95d32837ec2ab508a0076869d6ab970ae9651f1918375bb86fb0394,217467,2013-01-21 20:06:01+00,16,10,0,49651
f1d9bfbfe8b79f056681eb2d04e7d218043b2dfe1b76bbfe7c5561c704240c89,217869,2013-01-24 17:39:28+00,12,8,0,42792
38d50e0a64614a7057eb106e5fc9ee7776726fbfea7f80010cfaeecec5609115,218940,2013-01-31 16:24:33+00,1,1,0,18141
fa0889519941c2df592d6ac3c0aa0d798c782712847f3e031b6d255178843eba,219010,2013-02-01 01:12:38+00,2,1,0,19475
52e1d88d500f5832b2a59f40085a8d847adcd0be4a9286e875e652c1708ec4b9,219142,2013-02-01 22:23:55+00,1,1,0,18912
86c1038c58a431f2794633161296aebdb7c5c7e5f1554654634d7ffcd4ab4fde,219149,2013-02-01 23:29:39+00,1,1,0,19485
137fd3817db14eea84b830da1ce2217dcba7990a016703314c6b16b1d7ace5c6,220088,2013-02-07 18:43:26+00,11,4,0,18492
7c89d5695ff0aa0487a08b18bf1909f3279866676f520579178c7cc2b428aa1e,220125,2013-02-08 00:34:11+00,1,1,0,54003
10c0ad489e4e4dc36c63609d2c05ffc9e22042cebb3d9a0ba8b34a019e9f49d4,221052,2013-02-14 00:32:13+00,2,2,0,47363
6d318197aa337f6ea4ace4502d6ee7f927252111f7a4712304cca50e1629dc22,221160,2013-02-14 17:57:19+00,21,19,0,42822
b0c1ebd2eee898eecbcde1596da8593c8829cdf0d69dd74b3d6b14e8e5bce44e,221284,2013-02-15 11:27:52+00,1,1,0,29957
88c7564c0c8043752e74734703dcce711104b2494da55d4201f555c38cbd2931,221610,2013-02-17 05:48:49+00,2,2,0,39946
b686a0c74727ba28736270a1ffe80156d5c0b5daa2f5f69c3fb79b9967ba53e8,221618,2013-02-17 06:40:46+00,3,2,0,39924
46f514fd6de4daf18e9a0a35c10a7da7db32304e60ba2c9eef3f15d417cab993,222079,2013-02-20 00:53:46+00,2,2,0,34412
a007bcdcfcbfa8482a6dd67981a5f3bc21d529df65dde06c548a2e20148b4c92,222482,2013-02-22 07:33:07+00,1,1,0,2488
69618f820c1afbb919ac3a05e6fa6764da68382e2f29c5cb8ba5480d9eb64ecd,222925,2013-02-24 21:52:12+00,4,4,0,51357
81c816138309bba9c074a15f7cc61a678526842fac6daf70eb6b28c8b625ed3a,223620,2013-02-28 18:03:39+00,21,18,0,42635
bafe6e9e8da66df5a8f1bffb78ec92c351562290597a279e77a84eb097b89d8c,224467,2013-03-06 03:55:29+00,61,50,0,42725
354ad4be1a7d2285ec315c9a93b5781a9b0e71129f7e9388bc538c3b35d3e187,224553,2013-03-06 14:49:52+00,2,2,0,47191
b04135fc6c542dbba34dfc20916c821f38a52112d0d4e2709f10faf3aab6e5ac,224992,2013-03-09 12:53:12+00,34,30,0,37655
52110c563d1ee5553ef2050425652651a5b416d8e0e389228ba82594841702ab,225747,2013-03-14 03:30:44+00,1,1,0,31847
fd39d2b223887dc46c7a10a8bbbc5e8fde8278194d7eae49397e74b63dca4be5,225789,2013-03-14 07:59:30+00,5,2,0,53664
feb4ebd590d1555c8d1530cdb9f83c6b58810712dca6950af354f8a453ace589,226849,2013-03-20 04:18:46+00,1,1,0,27968
871ee071bca2a2e010ed5d3f8b461b927e6bd20931d9172bb7052503ad63a09d,228199,2013-03-27 04:15:39+00,3,1,0,53947
9d261b85fd2d537f5b66b2cabde387cb1a660a7480409972c0fc7a0e23fbc38b,228368,2013-03-28 08:37:56+00,41,35,0,42717
c0eb19c6f2678e3a91c3e59ef0bd47331a5c9eddca00e3332ac50a148e49a78b,228445,2013-03-28 17:33:01+00,5,3,0,43455
d96bdeb8b174b7fc9d01b1d81cda6ecda8c8d5f85253044bd32343e9392edaf7,229506,2013-04-03 15:30:22+00,10,5,0,45661
6111fbc43b7f4ee3bed72ea248184f80308496b387ecb806cec138d0eb855c80,229743,2013-04-05 04:22:14+00,3,2,0,2665
1889da3f149f82d94dbefdacc3a9ac71b4a129cb6d0f822876ee981c4fc7228c,229811,2013-04-05 15:26:25+00,8,3,0,40096
cc9dc2ec741acd8e5a993eff7d235dd904f63d2e398396d4cfaac4f211e21ee9,229813,2013-04-05 15:44:47+00,1,1,0,42165
f2127c94fe223904609caf2a103c1d7636afdfd8654a61d5f1390d8c7369b786,229897,2013-04-06 03:58:37+00,10,7,0,45607
40a117f0010cfc83ff77bf9f973432c0a6aa917e688d23336fd92556ad8c270b,230346,2013-04-08 22:15:32+00,30,28,0,2697
4d54cb4e8dca3ffd6ba37c19790d7b2304edcd05d04521aead7cb23f66009372,230669,2013-04-10 17:08:46+00,1,1,0,50899
45adbb7847c6f9d3f1b408ba8563bbe24e3ba1028a29ec5303df16a39aec7153,230691,2013-04-10 19:39:07+00,2,2,0,30097
b517827cbcc2ed2c7df03edc44fc89aa30999e36a597393d4cc2fa08661dcbaa,230821,2013-04-11 14:21:12+00,1,1,0,28215
61b5132f15ae48538a6a9b673dec973164eb6bb5a70de2f14ab7fd97730b5658,230873,2013-04-11 21:37:29+00,1,1,0,28232
1468f64f8339d640820f8cacfc613057e43330a0ea0d16db0d6da0226558bf58,230899,2013-04-12 02:26:53+00,1,1,0,27028
becfd5563b6ecd3ee92a840d505baec2a16148acd1c2b22365dbca034eb189a3,230903,2013-04-12 02:46:57+00,2,2,0,30222
1a5179ebf29889d19c82b533d55cf4abf0f7293fe87082a12556a49cb7361720,231382,2013-04-15 01:58:23+00,1,1,0,47286
82764340792af902d0333f9081a89dbc513b0a3e4865bcc0744b3ecc58a72618,231382,2013-04-15 01:58:23+00,1,1,0,50658
038bfde64a41cfdbaa54ea29503c1b21ebfdf106651c8d6ee8bac5af8cd2ff16,231463,2013-04-15 12:21:51+00,1,1,0,44489
927ce52df08f6d5e80eb22c77325051a85239f378681080337e66b3fcc70e63a,231541,2013-04-16 00:39:36+00,1,1,0,2117
79a08dd16865bbb6970fcb1b97b544b1a11d34422d9a37d4912be230b35a0713,231574,2013-04-16 03:36:46+00,1,1,0,49845
3eabee1eaaff5080103a925f579cc3a5226a85a3f2b4f9a5fe3fa6f03a0e7468,231608,2013-04-16 07:29:45+00,2,1,0,51532
678e5997b5fec71ddfda47e63c71b653ab2b6ea800bcf15df460ef7274220511,231628,2013-04-16 10:30:05+00,5,1,0,51567
76b5b6ed3f6e3f300d75e797f729e278332cb665fbd0eac60ec737e7e4ee03e0,231631,2013-04-16 11:15:11+00,13,4,0,52225
a7b9253a3b14fdc9ff7b75b03c09eb1fc8504099ac3729d6c8cd80b9ae0093a6,232046,2013-04-19 02:58:08+00,1,1,0,4658
7b369ec7a50d4b587a6c14634dc3bfbe355b1fe4de225d4a563207ff5edd5178,232292,2013-04-20 19:26:14+00,2,1,0,51292
acb936630ac94fca1edc75d38332465ef8e944f28ac23a5692fca0fcd590648d,233421,2013-04-27 14:44:35+00,2,1,0,2209
16aa2f1d24159a77a00af0b0a6dad670ce0d0585bf9f7cd583c54fd8b8531ef3,233422,2013-04-27 14:49:45+00,6,6,0,2568
6420541999795af113fbd967adf5761e071c465eac81bfd5f35edbe757063fd1,233435,2013-04-27 17:00:25+00,1,1,0,4584
427ab4cc42ade683fe163b320c5ad48a5a7da753a49ac5a0455fc5f0c6211d15,233671,2013-04-29 02:52:28+00,2,2,0,3095
a12e66c20963fd8627320d287d20f65be9b8d5cba6718027fc958b39e8d63acc,233848,2013-04-30 03:31:31+00,2,2,0,2921
c589b6b4543d830b54030dc289028f773b0411690c333fb67bd52e4b732cce4c,234569,2013-05-05 03:13:52+00,4,4,0,2272
36fd9b1a49964899a369c334f36cfd4eb28aae9c79b86fc4ecf5865693675ee0,234787,2013-05-06 09:52:40+00,3,2,0,2643
048005e604bf53087c3acd1e832ee1b0ec436b1c9527675e476318a1d95e6897,235077,2013-05-08 03:17:17+00,2,2,0,3753
0aa73f5497cc6d3eec5c972e6b6130b478e5e2f5749ae6c7753a007ed31e4b1f,235231,2013-05-09 01:08:30+00,2,2,0,51736
dca28a15ad1045c9396cc5be7605cd0e44ca3dcac453bd77e046c90494e182e0,235328,2013-05-09 15:00:36+00,2,1,0,51049
97b11b7bb1946d0d388c2f5cf8500522e0760f104f2da7be969c1c3286176507,235513,2013-05-10 18:13:56+00,5,3,0,51840
9a50a2d1862c5e1e98007609858dc30ce754ab2c2e017820b287b838769a1f92,236251,2013-05-15 03:31:35+00,1,1,0,4547
594c11481a1bd80f4e5b1c3dd61f0933a04bb6acf1b0188c2c9cfee975387eb4,236546,2013-05-17 02:59:59+00,1,1,0,2959
35ab4203def7b2b65f8abc5b4788488b38d02c5c53d368afb11cc4eaab02ef22,236786,2013-05-18 17:31:22+00,2,1,0,51059
622dddae6fe43ea9c21b257d016f32d367be3e05bb09c00809e97db996a1b0ff,236913,2013-05-19 12:23:58+00,2,2,0,3695
6dcc6d1d450cc95beb069e78b40167e53946cfbd2097d324e9dbdffffe5f396d,236952,2013-05-19 19:11:37+00,1,1,0,3617
f3cdacf50027e9386ce195c02abc3d81a7f1761a529a30c97b84e421161520e4,237007,2013-05-20 03:33:07+00,2,2,0,2853
4d520fb2a05d84daaf03e47b60a1cfba5f3cf79a520a901893043207f24a69fe,237282,2013-05-22 02:09:03+00,1,1,0,4337
715c4e903b6b4a93ac37bc0e67d53391cee33cdd09c1c83aeceb632d7cfcc59a,237781,2013-05-25 01:38:32+00,2,2,0,3805
9924dc0942db79e809a7e22501f2cbd29369e2e0f9e98d4cf417eb2a9f72a063,238246,2013-05-27 20:10:11+00,10,4,0,51113
cd9f9045b5b334c7cdbc29020136f8074ea6797de82bf708d6fe6efe940226e8,238268,2013-05-27 23:23:04+00,8,8,0,2462
ed73b8ac130a3348b805c5c28ac6f09756ce60407fa05963a128d92e58e78f5f,248600,2013-07-26 21:26:52+00,1,1,0,27662
a79966dd42e3d7a6fad8fa54cd94f8f962aae40d35bab70fe796698f6690fda0,248751,2013-07-27 18:49:53+00,2,1,0,27631
dd96a190ff80b770b77524199d5120b01f9a137e46d87fdbd3b606009f4bb001,248921,2013-07-28 17:50:15+00,2,2,0,27648
0e3371e9fda30d4afc4c52d92be0c0a1c89b79c18a404d9852efff08a7d55edb,248946,2013-07-28 21:53:02+00,2,2,0,27626
e4e6d7d122b4b3e88a08dc2b436c6dfe46c7992e590e582ee8b79aa3a4bb571a,249068,2013-07-29 15:24:25+00,2,2,0,27753
a8e7cb5ff856c66874ef7483edccd9203ecc397a63b884e8add356967239319d,249377,2013-07-31 05:47:49+00,2,2,0,27701
abfe9c32c30b6f86ee06063d985c5bfa99f411cb3fa3a48ac83d7fd13cd42bca,249452,2013-07-31 15:48:22+00,4,1,0,51212
105aaf6eaa807a11a6574239de4c92021359bea78d4de34b97c10bef795b6998,249830,2013-08-02 15:10:09+00,1,1,0,34476
bbb0c5568a8dc846363bc68c95eb2aa7923b85553f61ee0df06b2a6f43a71237,249832,2013-08-02 15:28:06+00,1,1,0,37349
e3314c6b6ec0466804c855adaff356660dee8bbfc08969c71c6366586bb75b7d,250295,2013-08-05 06:21:18+00,2,2,0,27685
ce652b751a4005187171091962acd19bccbc0353b77eb7c258d28b1b6780cd14,253220,2013-08-20 16:35:50+00,1,1,0,39358
4813b65eadc290a83307d5719c8d45ab90d38942396ad04cad5ba83d8b1e6438,254099,2013-08-25 03:33:27+00,1,1,0,52784
eb5841711d8de8f52e50b43f67e4b9a6ddba4015d7a470eee6c1fabb6b9cf27a,254323,2013-08-26 13:13:20+00,1,1,0,33196
dbcb90a01a1c57b206ac4f0a74941031e7c1d525265890e39518b7a2da9003d5,254614,2013-08-28 07:25:26+00,5,1,0,52982
7a00744df0f877d5dc7e9eea630d146ea66b51086fdfec62af707fa9f93051d7,255083,2013-08-30 17:14:39+00,10,6,0,50476
014834b8d71cebf1ae3cdb10f0ad0c6e90610fe43fe7aeb5f3551adf51be1178,255264,2013-08-31 14:22:40+00,1,1,0,49683
13449d8a5752a8fc66367314ad23e85aa5f23184c8d5e99dc008ccd93eedb463,257398,2013-09-11 21:55:09+00,10,3,0,51443
395358f49f987301e88fdea3e866e412a1c732bbd7194a1e5a80f60ef351e1de,258718,2013-09-18 22:54:57+00,5,1,0,53761
29e977f602ef89cf0997f64ae8659b3ab40a9d71d1004ef9e7c379e01473c759,260969,2013-09-30 22:30:15+00,1,1,0,33404
ce9144f606cba46ec88fb67e22df874fea67931fda5a346a67deb0c55e887009,261143,2013-10-01 18:34:16+00,1,1,0,31680
d0406b4d23b0949ee103131945eedfeb566ac8a9374f2f3ba80ee269343cec8f,261154,2013-10-01 20:42:48+00,3,2,0,35664
03ec6b23b85b5b9d5ce15557259b72e3a42a641e3461b4971f0ab3154cc4a1e7,262481,2013-10-09 01:44:44+00,4,4,0,2323
2a0aa71f14863edeb2001d76b3609daa4fa602b71663e460b26c83242a477c27,262606,2013-10-09 18:21:19+00,10,3,0,50676
29ad9da1c34e37a45065a1e4be6c3982d429a9c8a33c175aad1313d1d57a9184,263641,2013-10-14 17:08:30+00,1,1,0,47414
474c7bb504cae38f950485dbd200e57824dc463511afa649838aeb16f0d50a20,264111,2013-10-16 14:13:51+00,6,3,0,50682
c09afd572fe4f944fd48af831242ecc7ee520abc54af27b549236125213c52a4,264504,2013-10-18 20:47:46+00,1,1,0,31439
615a3c2ffaa17768ed0cbfa8a6dde123eeb0641fb14a9691fb830938e4297a0b,265505,2013-10-23 10:53:17+00,1,1,0,47170
1cab082a3823d50cb60073a14fb21dab233ba00171926c52fc3c0ed42198086a,265538,2013-10-23 14:18:21+00,2,2,0,53725
6eee7742363a27d0e41482511fd56abe975a2b47c19bf2df2872f56dd24adce3,266565,2013-10-28 15:34:40+00,1,1,0,35254
2b759ca74ff37b62b382cc23a3db0ab3072268391877df0a89b3b63ceace5b9b,268018,2013-11-05 04:48:52+00,1,1,0,29439
1b27f89bc967459819a59e51b48ee81270116b4536e6a30a9a3184d4ad684383,268020,2013-11-05 05:11:57+00,1,1,0,29200
e6724a13fd802787d40e25f9bea42ccb8b1205d84f0ae6ae821507b7360534fc,268256,2013-11-06 15:15:06+00,2,1,0,51848
df899e6ae48d11784b0434abbece0d14cbd70078ef44af7b8dcc3a494659d5cd,268265,2013-11-06 16:35:12+00,1,1,0,39947
4a191319a895738c92f50d65af32a35781f48754bbbfb94191d02ab887a5c5c8,268343,2013-11-07 03:29:39+00,1,1,0,32518
5020352d53b617c35b9563dc540a3aa170ec37534b4127f36b35507846f27e88,269085,2013-11-11 20:50:19+00,1,1,0,27702
862ceaa643e00d5a0ac0e1ed89d6037ceb4b6c788ee7603ab681485bcf009ed8,269541,2013-11-14 08:08:33+00,1,1,0,52034
40c06dc3a7059320cb497d1b586860a6cde622907b00b7ddc2f408b2f7ffe449,269566,2013-11-14 10:23:12+00,22,22,0,2253
a2d9ead43e59e71b540627d9e57a7ee83212ac70b2109a3710fe3f0f6b6257cb,270110,2013-11-17 09:55:53+00,1,1,0,52091
6493f2448964e5291c024b6e746d98ec9f8d1d65d4c5c256279de8bf7860a71c,270118,2013-11-17 11:21:28+00,15,14,0,52114
0fd36bbac49473f2d9ac7992707db72e7b2c428bfaefffbf38ad556ed6855be7,270151,2013-11-17 16:03:10+00,21,15,0,2249
ba0ec1626de2b98aa9e48aaa53815e5773d380f0014af8e77deb25d92d5b0422,270378,2013-11-19 03:01:22+00,1,1,0,47432
8abde2a358ca9594df1bcef520b68aed9655aee50aae01adb50667c71bb24d4e,270395,2013-11-19 05:28:53+00,11,11,1,35539
6da4aeff5fabf20565ba80b3fe75cd79138876cd502ad168a7d732929ba446b1,270397,2013-11-19 05:56:39+00,20,20,0,37890
079af9f81eb7c14412c4ac12c5c176bf09fb14a47af70d388f15b477afd28027,270453,2013-11-19 13:31:59+00,20,13,0,41033
78652344ba482cf76d67cc59e67e59e3794ea363f6da851dc7e301ca777c517b,270453,2013-11-19 13:31:59+00,1,1,0,41023
b0935cb9fa0bddc60480ab432f13461dec1b9bbf27a94840f2ba4044d3a76aa1,270485,2013-11-19 18:10:23+00,1,1,0,49505
ba62a874b966392e02a626ea9e9a3e9a0ad8ac55160b85f4bc9b902778782ed5,270784,2013-11-21 16:19:58+00,1,1,0,50996
b2ad96dcc761bd018a4ad05f35eddddd40113810c2107e8c1bf245e034309dd7,271014,2013-11-23 01:11:36+00,8,1,0,52552
01c71a075870407bdd864c9ad925cc52734741f418997b7474609a249a7f402d,271104,2013-11-23 14:29:15+00,1,1,0,50830
f9749f0325c9cd776282fd78e384e126ffb7e9a5ee1acbf19592733e7bf0e0bd,271109,2013-11-23 15:10:07+00,1,1,0,51368
60ff367a41b699faec17957327c33dea001bed4fd7cb069d9199bfcf85c4a09d,271110,2013-11-23 15:13:41+00,1,1,0,53585
ef5211df2294e46195add9251ce06c0ed2d9fed86f072417d6e6a42185866807,271115,2013-11-23 15:32:34+00,1,1,0,51608
064b86f368cd72ed139811d02eabcba66db6f9ad0bc24b51dded5517da2261b8,271119,2013-11-23 16:39:06+00,1,1,0,51134
93c5ab778fce4523a4c2a066d965ade2f100e6aae158cc33884e76fe29a01aa2,271152,2013-11-23 21:27:44+00,1,1,0,48938
04ca50513373d9167584335096d02ad49108b9f03eb640dba911926cde8e946c,272680,2013-12-02 15:14:46+00,1,1,0,41170
e2484ee453914af74b31d3b5491aecf3f8cfe13d8a3862eb70af23465844404d,272680,2013-12-02 15:14:46+00,1,1,0,42696
ae34068425c05b99fd8b5d604da6b7f0669c0e0867bd16d929247d45d15e96a5,273241,2013-12-05 19:02:33+00,1,1,0,45453
f25e231d4dedb5183cdcfcb5d9308636e2600aa24827e7e9b06b9cea77401e63,277569,2013-12-29 15:15:38+00,15,14,0,40669
be08ba6b32cff90d8ee3c3a2713c7664ec6f63c714cfbf8e95330f2a0a95cd24,278259,2014-01-02 10:12:54+00,14,14,0,40395
47cb84c2a05519b1fa7a7c4cc24be2c2005d4a6b7b813a336a3678219a5fd1db,278766,2014-01-05 15:38:08+00,52,40,0,40380
a7b174b70963642909763cbcf50219d61e7637ffd9fe6a4969c3ac34cbb57fe2,280574,2014-01-15 07:29:41+00,1,1,0,27720
d06708a986f500353312cf0b4d7cf4e5957048d3f8f95c6a3ec39ea418292f52,280720,2014-01-16 01:28:59+00,1,1,0,27818
d9ff4766bd902992828844952fe2bc8607ef062cc7cf3052aa789bfc6a3a7200,281221,2014-01-18 23:40:40+00,1,1,0,51283
0b55ccc787928b8a0ead1cfee0396d64c2e60639aebf9cfe9d320645e3a28de7,284431,2014-02-06 09:51:58+00,1,1,0,3276
47025b04f4b1375db34e89e2eec997a02f700de90668d3f65f73263a627cedc0,284431,2014-02-06 09:51:58+00,1,1,0,2400
9a2116a7cbc28af3255ab10243bf6a454da40b425e2f52a314d146bfc683cf67,284431,2014-02-06 09:51:58+00,1,1,0,3323
ed0ffb94f1e341c4b9152c70752569dbf0f22209c21fa57d465960fd1d0cca5b,284431,2014-02-06 09:51:58+00,1,1,0,3010
58a54c1a549d2ed625678406f8023598ca5c467517dd12e7a6760b190e7c7eed,287767,2014-02-25 16:42:12+00,35,33,0,44222
683ac0f870c4de192a20bcdf0ba07f075f4cd07cfe931a466c6c2fcfb8ccad97,294529,2014-04-06 18:34:02+00,23,14,0,44020
b8deb257957798f891efcade10df261230238bde1bea287686f6d05b19e8e3e7,294537,2014-04-06 20:15:00+00,21,13,0,43675
945c7cf2191a421a9329ffdc3e4452d78213a7f099f14882f553acff12190074,294538,2014-04-06 20:31:30+00,44,22,0,44373
39a3ab532a8597a89d9cd0fa2a536ff9079d4d517a7b03ba270dcfbc2294330d,302148,2014-05-22 23:01:44+00,1,1,0,36788
015ee81de660dfb4505e97e359f1caeabe8c09710c93502e79ef20deb1f1ad81,302734,2014-05-26 15:06:11+00,1,1,0,39231
9a4f465a8df5dd6b1c1b6f69fa1b04297a6b198c133f7e0902b62204ae002da6,302873,2014-05-27 14:17:07+00,1,1,0,27600
8fcc6dfffd7301d3215e55eb23c0ff100b5c1362545a349b7cbfc54a6318cb9b,305158,2014-06-10 20:03:42+00,25,16,0,45988
2849d5fdf3a4f88d408ddfe34b83fb8d662ccafdc614ba88b2eedae5ead59f11,305214,2014-06-11 06:18:57+00,25,13,0,45608
588a351b13c85c979eec7f89ef6c79bdca95a61b4d04ad4da4f6bc446fe0b64f,305266,2014-06-11 14:15:10+00,24,12,0,45794
7d05c015f92a642dc8b117042e2ae1066d774654bd33d9f5eece4081cc6a9170,308458,2014-06-29 10:26:26+00,1,1,0,35606
0f62a7af062bb4e787e148b2b19c7e33e545922d68a1f9061b10a788c29af3b5,320142,2014-09-11 11:59:06+00,5,1,0,51599
0f8f5c883b89f9e79ee0f801fa562424532f48516aafdd961b447f56b2c4f53c,320142,2014-09-11 11:59:06+00,5,2,0,52214
b16546b6b62b2c51d1ed89921f44a9b8443be607d1ca824d34509582f849f161,320142,2014-09-11 11:59:06+00,5,1,0,51771
af0a937330168e914c0fab6b3649733252a1a3b57e2abedc8c99a0597cb76301,322065,2014-09-22 19:36:55+00,2,1,0,7132
c5c3baf293c5ce0c3a0e24cd6d03f05a77f015419df9ad297b87ca53b7d0c97e,323045,2014-09-29 10:07:58+00,1,1,0,26740
895b7eb78af2eb4642f42881680475a40f22b0b27c1c2701a57568a9acf2c1fb,323052,2014-09-29 11:31:35+00,1,1,0,27837
ee5a3ac66719df328ce91823e55ff183372a541f37e034d4d326c3545c665b74,323058,2014-09-29 13:15:54+00,1,1,0,32910
e0c4e04789081c0c138e70a43366cca543079a8b578a033a0ef661f0db09d605,323067,2014-09-29 14:43:26+00,1,1,0,32068
2c21095481d6cc3f44e6d36b5af348cc8c15de737eff885e0c4e03f174790b92,324940,2014-10-12 04:21:59+00,1,1,0,52963
f99132f4d1830ed94f05521b3321d7f2643d32a96195b808e22f10e0cd88ada8,325348,2014-10-14 22:48:21+00,3,3,0,2245
e5c334ecc75acccd81e8a6f0fd3736dbdbf3daf89c469a6f571436314fc01546,325545,2014-10-16 05:53:23+00,2,1,0,2815
69b746ba086df91d944cb8927ba415f543699516bacff8ed19a91f0dfaa31c5a,325972,2014-10-19 03:14:19+00,5,4,0,2672
4dd3fd18d2fddb4b6ad1d4a2ae2380c952887230a3ed333eb6c10b863f58ad12,325975,2014-10-19 03:32:54+00,6,5,0,2252
fd1e9f63ac38584856a8dccb121db5385c05b7c46cbe3cdf4bc9549434ee033a,325975,2014-10-19 03:32:54+00,3,2,0,2654
93946264dc48023d2d2dde7fc451202a391503dd06b11099a55508a0b6babd16,328423,2014-11-04 00:34:57+00,1,1,0,42842
9846b6ff5040c49b63350ef25e3234a7e71038fd86ca2521eba6adc51408be62,329830,2014-11-13 13:39:39+00,1,1,0,34565
ab46e4d311aa93ef000492243082eab6725a4af6e6accace8e48ccb5d39440af,331851,2014-11-27 16:20:29+00,1,1,0,36979
4a1619f214ffb71d91ec21d782f6d244d8a3ef4813aab49dd81198ee4537de03,332647,2014-12-03 01:59:25+00,1,1,0,34733
854c5c81fafab1a0bc46b8f9a334d12db6d0f1c2225ea52978b9f174d42547e4,333045,2014-12-05 20:58:19+00,1,1,0,39153
100be0569310d91a67d2acafa7b45d06b832353a158351437e55055a05ff3d55,341585,2015-02-02 06:30:59+00,2,1,0,4999
e2fd44ccfc4e07840de2f26079f29c7df3062086ce3283fd2f1c5707275e25e6,347347,2015-03-12 21:42:45+00,1,1,0,33418
1e562e93dff2e82c867e35b41733f902f6a8c915d7a8151172f2e8b7b32fe3cb,348222,2015-03-19 03:19:02+00,2,1,0,2211
4db4fe1ef605202e57a2b258b6aad4a1ac747a62d8b2bca6f68522cb61b23f8f,357132,2015-05-19 13:46:39+00,1,1,0,37973
e2f4a945f8be44b052bf0b3b5d0662e2bdf7125217fe5c5f75429152cced78c0,374042,2015-09-11 12:51:25+00,1,1,0,45362
10db077d1b183e25a720417faff8bf17e1b093c87c4c5045eda7354e3578a5e7,375291,2015-09-20 04:29:45+00,6,5,0,2800
9e8ba49d236af12278bc7350e4cbd95d36acace24b4d1b5989e259ce8cf1d527,381089,2015-10-29 15:04:35+00,1,1,0,53645
a718d757c143f8c85983830082199376d8443b836cbd5ba376fae757653d8da5,381417,2015-10-31 15:58:24+00,1,1,0,53218
7eab08ce44768504c77ce0f06c7d48c276149f971220369f65cf1f0e2ebd8aca,382225,2015-11-05 22:37:17+00,1,1,0,33825
b4962b4c9edd619f87c12b37a7383b96d342dac419f91f1013cbe725b9006f57,385646,2015-11-27 23:09:37+00,1,1,0,45034
61de5902ebac2410f38c3782d1bdcd19c6ef7fd0da100fcf699cc2fd6a055d96,401541,2016-03-07 08:10:45+00,1,1,0,27969
b984f00094af8238ac71a0279d9c060714839d65da65a3cc22af94996d7fe645,402619,2016-03-14 13:08:57+00,1,1,0,53331
613b08ae7c4c3f4f7eb22ad4567ed1a84d1f226f35124bbe5aa297e4ae889b5b,408234,2016-04-21 02:52:43+00,1,1,0,31864
fa7b8c1ad06bbf1851a0c060b0c6ec5191aea7e2bd9af7b81b2f5b1eca8408be,409467,2016-04-29 20:16:36+00,1,1,0,34729
a6c002553ea9e390ce3e948db6041b63376617be07e4e7fd07b40ab1397d6c51,411660,2016-05-14 00:31:46+00,1,1,0,32814
8679ccd3dc77234bdb0e20fe872b4be101f3645e3d55b6826ee16c450dceafec,412562,2016-05-20 10:13:50+00,1,1,0,43460
d6e8d9348ebdc3d98fd6f1b34f5628813901a8594e655942378489e17f1dca68,415954,2016-06-12 11:14:29+00,23,20,1,49618
506e1f78a42e3b108fb659a246884e94132af9f8ea9aaeac858d97becbc2160a,416002,2016-06-12 19:02:28+00,4,3,0,33823
2eae5945386de8c1503ef734c6ed1e70d0be8463afb19d6798ea359e360faf8d,417198,2016-06-20 11:12:09+00,1,1,0,36820
157db221534e4c1de101b57f8c38a797488650c0ca9013d12a546c6c5b3e616c,422247,2016-07-25 17:35:00+00,1,1,0,28096
81c78edb392c69611bf74623b4c1d69daf3180cb130758615ecbcc51daf80f85,422418,2016-07-27 02:52:35+00,1,1,0,28263
65f540041f7a70ae1ad07f16d767fbadd326a780a11764f606f007d69338ebb9,434203,2016-10-13 20:16:28+00,1,1,0,53376
46dd066bf0b8a246357dc79f99e3ac2ab6c90054266cb6b56a2ba4dd94ab3a80,439177,2016-11-16 10:26:08+00,1,1,0,52424
3f796ac1f51123167371cdefd1f0b97d47cc4e9754a079668971e551cb9d479d,439361,2016-11-17 10:48:07+00,1,1,0,50822
f52941804f73bb0712e0900f68642522433fe9cc3145c7c7ed0c6f4df5531195,443598,2016-12-15 17:14:27+00,1,1,0,54105
0949f91a66a18f3a0bf6448ae2e4882580d09f6a3eeead4d54b1699a237072e4,443716,2016-12-16 13:52:59+00,1,1,0,54542
42ddaf7f99744d0bca72655143752f074cc1db42ac5748f97eb062741af4205b,443726,2016-12-16 15:20:50+00,1,1,0,54561
d4f279788541810dad59472c0ebf23c9fa0e93774979ddf3ca83c50398808c16,444303,2016-12-20 17:06:22+00,4,4,0,49149
61ec8031cecc51c82251749f5835f3039d6eaa7d6aa7066d523a7aca8fd04a31,444558,2016-12-22 08:26:15+00,10,10,0,48810
94de1a386a90d48ef0d16db3e6f9d40d2222f4e97500d57a58c71b03ce0777b3,444849,2016-12-24 07:45:38+00,6,6,0,48451
3d9ffe4f847738863f14d7811484cce02b192c41702f2d27c974ec90d6902c9a,445315,2016-12-27 10:22:12+00,20,20,1,46913
4dcc0f56c1bec15e29c3efdaf562cf6a2893e2b819112e9ea4e92d6b256a79db,446626,2017-01-04 18:27:27+00,21,21,1,45930
f430588abf5cd39ad6383b44f4609a526d65073427538eb32cbffa2c15a1e8cb,447863,2017-01-12 20:11:24+00,2,2,0,41743
f9056d85f1b3e0fbad231a59894f2e3ad553711af9ba8a9b875be90d8adba884,453887,2017-02-20 10:25:40+00,1,1,0,49776
3449ebe67af836e3e2d88b3da337f565a5e5744aef3d734c6f5b41110374964b,455039,2017-02-27 23:04:40+00,1,1,0,53871
58ce1e9ada900a5af9021ce13d6af280875cc3e04edfbcabe447a820098d625d,455589,2017-03-03 15:29:13+00,16,16,0,44748
750a7ff32dd675f6550f859efeff9ca08855bdbf19953d0181cda64034110025,460778,2017-04-07 09:05:15+00,20,20,0,43767
27af0e198645a988205b8b236cbce887e6892b72d2435a2b94671f91d4c1f523,461099,2017-04-09 08:59:20+00,1,1,0,49114
c88fcdce43a4eeeb550e8f553b87ba79523184f99bcd89c1f26c112f9a03be07,464500,2017-05-02 13:11:15+00,40,40,0,42214
740ef7739e0f705f8f8da60ec20ede9c3a52745de36db86451f3aee834f0bdd0,465586,2017-05-09 10:07:00+00,1,1,0,52610
9b296390ca41c628cd6927d223c81e0afc3a35a3940576a2d098df638cee578c,465586,2017-05-09 10:07:00+00,40,40,0,40487
d95a53ceb013656da033cfd490548d2c2c30b651127f4b0c4633fe83b4a1bccc,467891,2017-05-24 12:08:05+00,60,60,1,38540
27f77ec9ee28c26243e1d142cbfc5ce310b27ff0c653f5c6d8f69b74bd34241c,479423,2017-08-07 01:32:43+00,1,1,0,3607
bfc8a2cc260c567bd0d7f1e9638053b6cd48e81b1bcdce085d3ff4ebcf496089,479501,2017-08-07 13:21:53+00,1,1,0,44516
189ca99f6c4eb36394290a95ced4b5b8beae148ae31f978f23af25c8b2b45ef4,479520,2017-08-07 16:18:14+00,1,1,0,43049
ce2309b752cdddb5be39a7aa025f49ca6c930cc467a11c3ae8b22bce9630cc45,479534,2017-08-07 17:49:39+00,1,1,0,44714
bbb1de244eb6c79b59efd6d2e63cf04e8a8272b2d4172da722ce67709edb633c,479554,2017-08-07 20:48:19+00,1,1,0,44539
16dbad11f2d1b7148ff6e50566560aef537beffe07b1529c9a3616c57cc7800d,479599,2017-08-08 04:46:02+00,1,1,1,44838
7686dc4a0ae1a65365890ade2dc6e33eabd9a9f1184cb18d2eea96a2244cf48b,479682,2017-08-08 14:05:32+00,1,1,0,43120
4e86a36ff298e6a41d496a8155ca1d3e17c206dcca84f059a2e965aade956d61,479701,2017-08-08 17:55:34+00,1,1,0,26384
ea6ec7f05cc0643f0bd382da1a77700b98168f9c46ee299c7dc96ecb4d17194f,479908,2017-08-10 07:19:05+00,1,1,0,42978
f312e1a062d3b5fc0154ce254fd61d67371d8dd7b83e6a36bb7771c0dfa7ce88,479968,2017-08-10 17:54:45+00,1,1,0,43048
3e60741b3b2a0cd50afb62702e9be55cbf40831fb42f2e36e361c7f84b6fd7d7,480180,2017-08-12 07:25:53+00,40,40,1,37362
4b60dc9cd051f4489420018bf52ead4f1f1377b0e0b4f2bc552f31b2649230ab,482524,2017-08-29 20:43:30+00,60,60,0,36297
3ad9bcbe2a037ba1779a6ae61e41b531d9d6360f06a6c290989d5765e6d1144e,482726,2017-08-31 00:47:45+00,1,1,0,51093
f69d34e1f71efd23c6fa0a04e67d1608c8d2d55ff8fa2b079e8adb5e6c3f7650,482975,2017-09-01 13:40:49+00,1,1,0,48684
9c3d4d5727c347ffa0ebdd72aba56548e744bbc0b82932726661fb5c70bc6e4d,483442,2017-09-04 08:45:17+00,1,1,0,45742
8385cfb3c9fc81714b570af21f6a3ceac30e22a97b4a52df93bb9464eaeac47d,489579,2017-10-13 00:35:10+00,100,60,0,35796
907bc01510f15727d4db00a188309c0bb7cf47dd76dac1b2f8624eb2ef4f7d75,492919,2017-11-03 11:28:53+00,86,60,2,35196
f4b18676a94bdaf7553d4964006a39ca6415f7a51e215888af4b3e285ce564df,493206,2017-11-05 15:58:27+00,1,1,0,44506
0be1a5fe275bc5f17aa49338b2a688e92882d374177683314796a2fd63710be9,496264,2017-11-26 23:52:38+00,1,1,0,30391
541a0afa22b47143d37428fc3bf973a3e8aac3dd7e22072c82988b087972bd07,496264,2017-11-26 23:52:38+00,1,1,0,31262
f9de46e49ec54fd3d882fc191dadd162e200c3455aee639a6329f4164996a410,496264,2017-11-26 23:52:38+00,1,1,0,30109
fd39ab8a60c342ca32a80e5661b84d2c6f38d2edb27fb202d4954075c7225f3e,496264,2017-11-26 23:52:38+00,1,1,0,30064
1ae1ceca34fd35161f7e0fce639dd543aaa578e73be556b99e5d8bafcf444324,496342,2017-11-27 10:49:40+00,1,1,0,31863
4762dc274d98d40d300b2ff00edaabb144470efae4fd7d4ea5197f9511abe970,496342,2017-11-27 10:49:40+00,1,1,0,37307
a68855c80d95d9a723bd8f2cacdc1439e163d16b901c13eaa88ee32d2ccf85c6,496342,2017-11-27 10:49:40+00,1,1,0,32942
d4640cf08d0cb8747694e6618b4b0b0586fb606a42e2e9e5bbc50cba8a45da6c,496342,2017-11-27 10:49:40+00,1,1,0,35370
f51afe2a62d6fd5efef1182920a7ad84b502f4c490ccac10b70d788d04bb395c,496342,2017-11-27 10:49:40+00,1,1,0,33748
4dde6848ca3189377f51fe0d656fee1c521a07a35c1bef257f9fd7b86a21da0a,496344,2017-11-27 11:04:58+00,1,1,0,42211
8f44a7576e530e54adc09a14d1fdbb3335df6c6a327ce055fed6fc43e9ce71d9,496344,2017-11-27 11:04:58+00,1,1,0,44180
a86aae74580b1744f67e481024b62fb5fb501a4d361146e957ae97bf7db891c6,496344,2017-11-27 11:04:58+00,1,1,0,52122
6dac8b0b9dc1010f59e6966ffcc8e5179a72b2dce2dda6001fcbb4071242ffd1,496888,2017-11-30 18:17:06+00,1,1,0,48536
2efb698e61a9d9958b913d8e9c829874bfa8e67d25182f9c3580f5170e2463a7,498031,2017-12-07 04:44:15+00,81,80,1,33951
ea28da4d9221a87c86b7a7486199bc789cfbd09f9602db88f85673e2b3fbd865,498631,2017-12-10 21:58:47+00,2,1,0,53950
fc87f10d7b055fc53c7471c1b373139793dff0de783497681e4f60c3a4de40de,502669,2018-01-05 09:12:51+00,1,1,0,31307
c5d35d552ea47884649eefb4fdd8168826f6958e2c68b7c36ad1d7281ee5d109,502670,2018-01-05 09:17:08+00,17,17,0,29958
ff05793a24944dd2948b8825ab11d3a2dcfdc2c7b76f94c6ac170cb69422e97e,502675,2018-01-05 09:57:04+00,17,17,0,30028
6ab8e41349944226e595dd7dc83c7d72d48a801ef46557a4aa62072a02bb8f7d,502678,2018-01-05 10:40:45+00,17,16,0,29953
5ff50a071417e146418e01e04f72ead216dbf94cd1e040a415181eb3c90a1f82,502759,2018-01-06 00:51:35+00,16,16,0,29990
0260ca8e065224f7089bdec151fad1f7bdf592dedb517fc53431d9c1c2633dae,519776,2018-04-24 20:07:55+00,1,1,0,33784
b6461753d4c5ef44039ab258991bec3d9ec34fe75c724b33992ee0584125175c,521167,2018-05-04 11:13:33+00,2,2,0,33538
94dd1ddab8c8148d29e1c29692f3cf897b38a42984216f7336258258e71563fc,521540,2018-05-07 00:45:31+00,1,1,0,53876
781ccf714aaf043e29907c1f42eaa53a7c662a5425fb6359aed27f21ba33adb8,551281,2018-11-24 05:56:28+00,2,1,0,52644
9955d6bc8129163c7b99a31801443e8cf9dfaa49798945d0f6563263e8581952,551281,2018-11-24 05:56:28+00,2,1,0,52652
37d1853cf27e67c16b3cd2fefc01695102a2bda462c9a06c4c112bb84627bd11,553012,2018-12-08 10:45:27+00,1,1,0,52632
eebb8e3e3fa5109cda29ad40467d975e93a1f3202f64bf86309a47466b8b56c9,559367,2019-01-20 19:46:34+00,1,1,0,45697
cb1440c787d8a46977886405a34da89939e1b04907f567bf182ef27ce53a8d71,631058,2020-05-20 12:54:45+00,1,1,0,3654
97bdf18f800d6b10edd7757c8400c88b1bc8603e8627e4bd712ec6f383b93bb8,663241,2020-12-27 20:10:23+00,1,1,0,54171
7e6d8376a3f6b15f4810934289a41efed77a40f538aa63454220e45d8de56a59,664226,2021-01-03 02:28:01+00,15,6,0,49258
eaa3c650e477808cf716359a71ec66b2ef1cf7adfe72674e7d181562d1d930d9,721821,2022-02-04 20:54:18+00,1,1,0,53784
f92c199beefbd0da5312aecd86215a7e6c5b2e19e910fe0300b91aa25edcbb15,730784,2022-04-07 02:25:16+00,1,1,0,27811
181ee03f53c5d6fea6655572380f435b26bb64029fa274620438951a6a16009d,730787,2022-04-07 03:12:09+00,2,1,0,27749
1b4bd30869162123521e977abf9c3d9fb74148fe63b5ea709df9907012c33d92,730907,2022-04-08 00:23:49+00,1,1,0,27742
50e464be916d469c1f23c4a383bb5beef0f0dc905d021b6c114909faa09d3add,730907,2022-04-08 00:23:49+00,1,1,0,27693
ef3d17f408a9dbaf5c68170073a338a287f2f2870d4b37d65ae392adc3a74486,730907,2022-04-08 00:23:49+00,1,1,0,27694
a1d49167de850e0d12a2f57f41258dcf8c2544d7acf4283748ad18942156536f,786597,2023-04-22 23:14:18+00,1,1,0,50153
cb6e40e04ac9acbf24f22915a78f7c11a3944c6aff6c58c6d2f6165a777a3dfe,834628,2024-03-14 07:12:44+00,1,1,0,52871
2896316a33fbbfb87fca8379e0110903cbee4db5bb4e2c15d0884c9cf8cebf4c,839298,2024-04-15 07:15:41+00,1,1,0,52565
8bee6dbdbc09253ffbe51e35a910ef39428fc2ca05aa39ce0f1adaebbf8f2cfe,862079,2024-09-20 06:30:25+00,1,1,0,2247
6ce746e19b16f84abc6f5344225050a5b16e3d56aac72e0b7bd642c53c13716d,862082,2024-09-20 06:49:10+00,1,1,0,2401
a8830c299c2348cd3ca44679e62884bf2e522ef81f16a1c5c86507ee0a6a8163,862084,2024-09-20 06:54:01+00,1,1,0,2455
93178c376c2b36a08f9959390feda235d70f56dd58388beddca111636cea77ed,862085,2024-09-20 07:04:25+00,1,1,0,2486
d52f4890ac3f0cf699e3187b08ba6376c4d6efbe53add15bbcc3b96b604ecec7,862087,2024-09-20 07:13:54+00,1,1,0,2690
83d100a3e7aae6357401f147b2b377b397f10a13aa401cea155889e0843470bb,907915,2025-07-31 06:24:06+00,3,3,0,51604
9289aa61851d29f2faab045adc7a845c64c07f030c3665dd7476ee7cfeb81468,907915,2025-07-31 06:24:06+00,2,2,0,53087
ae177b96d7302b8d92d99933350767af625da608d7d64573b84f6021c3e4fded,926087,2025-12-02 02:01:20+00,1,1,0,45711
fc2f3c54ed1242561298c2d546735cb42068cd14a382fa351e6d980b7d355397,965639,2026-09-05 17:27:32+00,1,1,0,43361
87abbc3746f750eef4cc99d3096fc469edb6b10803f0d6b13041d342863558d3,965645,2026-09-05 17:44:35+00,1,1,0,43452
294dc6e03a1074a23dd099d97553e4990cb91fed662c31f70f7badcc4442b899,965646,2026-09-05 17:57:16+00,1,1,0,43647
51d935207f7be20c4070d96d2ceb2629bc77ece4040c5c7e9831426d9abfecbe,965646,2026-09-05 17:57:16+00,1,1,0,43923
6294084fa19833fd6b6992f35ad4acce386f471ca4e2d42dcf45596d68e23f09,965646,2026-09-05 17:57:16+00,1,1,0,43693
684a8536324c1708a2fcc5927cec2a5850951a4508645d189b8be8422c6fd1fd,965646,2026-09-05 17:57:16+00,1,1,0,43546
7917940fd84d9ca1ecfbc03faa0766bd14f5029a536197001b8982f1506638fb,965646,2026-09-05 17:57:16+00,1,1,0,43680
82db8ea7032b537d611ca5a9f2be8d10726d14f7abba607dbe08433426b8199b,965646,2026-09-05 17:57:16+00,1,1,0,43855
8d1689225ee9bf426842002766c918bb034b8b618bc1c4b7bd49155a8311cf28,965646,2026-09-05 17:57:16+00,1,1,0,43928
a5ff4e907c6b6224daa64da58d3b854e6b60c5fdad74565f8f338d8b62a29c64,965646,2026-09-05 17:57:16+00,1,1,0,43765
fe46b989528a7a398d8e4be4401b1e991fa22d6eaf1d0ea3372f80dbfab2f7c7,965646,2026-09-05 17:57:16+00,1,1,0,43871
ff8df03957adbd1f9eeaa3ba65407c14b16879937e0824871da3213578782d9a,965646,2026-09-05 17:57:16+00,1,1,0,43655
