component,byte_position,value,count
x,0,0,80
x,0,1,89
x,0,2,79
x,0,3,99
x,0,4,74
x,0,5,72
x,0,6,83
x,0,7,91
x,0,8,94
x,0,9,83
x,0,10,80
x,0,11,85
x,0,12,92
x,0,13,81
x,0,14,90
x,0,15,73
x,0,16,73
x,0,17,79
x,0,18,94
x,0,19,86
x,0,20,88
x,0,21,92
x,0,22,75
x,0,23,76
x,0,24,68
x,0,25,79
x,0,26,90
x,0,27,80
x,0,28,96
x,0,29,79
x,0,30,89
x,0,31,82
x,0,32,92
x,0,33,100
x,0,34,85
x,0,35,103
x,0,36,76
x,0,37,99
x,0,38,108
x,0,39,77
x,0,40,92
x,0,41,69
x,0,42,91
x,0,43,83
x,0,44,73
x,0,45,83
x,0,46,83
x,0,47,85
x,0,48,83
x,0,49,80
x,0,50,93
x,0,51,78
x,0,52,75
x,0,53,89
x,0,54,81
x,0,55,83
x,0,56,79
x,0,57,87
x,0,58,90
x,0,59,96
x,0,60,95
x,0,61,90
x,0,62,84
x,0,63,97
x,0,64,88
x,0,65,88
x,0,66,81
x,0,67,84
x,0,68,89
x,0,69,80
x,0,70,98
x,0,71,76
x,0,72,81
x,0,73,82
x,0,74,66
x,0,75,76
x,0,76,72
x,0,77,76
x,0,78,98
x,0,79,92
x,0,80,77
x,0,81,89
x,0,82,77
x,0,83,77
x,0,84,96
x,0,85,92
x,0,86,86
x,0,87,91
x,0,88,86
x,0,89,94
x,0,90,75
x,0,91,88
x,0,92,73
x,0,93,67
x,0,94,90
x,0,95,83
x,0,96,90
x,0,97,84
x,0,98,83
x,0,99,87
x,0,100,82
x,0,101,99
x,0,102,81
x,0,103,97
x,0,104,86
x,0,105,78
x,0,106,82
x,0,107,84
x,0,108,88
x,0,109,106
x,0,110,91
x,0,111,88
x,0,112,73
x,0,113,83
x,0,114,85
x,0,115,98
x,0,116,90
x,0,117,80
x,0,118,87
x,0,119,78
x,0,120,83
x,0,121,91
x,0,122,97
x,0,123,87
x,0,124,112
x,0,125,81
x,0,126,86
x,0,127,97
x,0,128,76
x,0,129,77
x,0,130,103
x,0,131,78
x,0,132,71
x,0,133,68
x,0,134,70
x,0,135,101
x,0,136,86
x,0,137,76
x,0,138,82
x,0,139,91
x,0,140,93
x,0,141,75
x,0,142,78
x,0,143,75
x,0,144,83
x,0,145,71
x,0,146,80
x,0,147,79
x,0,148,86
x,0,149,97
x,0,150,77
x,0,151,81
x,0,152,91
x,0,153,101
x,0,154,81
x,0,155,88
x,0,156,91
x,0,157,86
x,0,158,103
x,0,159,85
x,0,160,87
x,0,161,69
x,0,162,103
x,0,163,86
x,0,164,99
x,0,165,86
x,0,166,81
x,0,167,85
x,0,168,85
x,0,169,90
x,0,170,82
x,0,171,80
x,0,172,82
x,0,173,69
x,0,174,82
x,0,175,97
x,0,176,109
x,0,177,91
x,0,178,74
x,0,179,96
x,0,180,79
x,0,181,82
x,0,182,94
x,0,183,88
x,0,184,91
x,0,185,88
x,0,186,107
x,0,187,90
x,0,188,88
x,0,189,92
x,0,190,86
x,0,191,86
x,0,192,96
x,0,193,83
x,0,194,92
x,0,195,90
x,0,196,76
x,0,197,98
x,0,198,101
x,0,199,85
x,0,200,76
x,0,201,111
x,0,202,102
x,0,203,84
x,0,204,83
x,0,205,84
x,0,206,85
x,0,207,87
x,0,208,85
x,0,209,77
x,0,210,90
x,0,211,100
x,0,212,74
x,0,213,90
x,0,214,77
x,0,215,82
x,0,216,91
x,0,217,80
x,0,218,101
x,0,219,80
x,0,220,86
x,0,221,81
x,0,222,82
x,0,223,83
x,0,224,100
x,0,225,82
x,0,226,83
x,0,227,86
x,0,228,86
x,0,229,87
x,0,230,80
x,0,231,73
x,0,232,109
x,0,233,79
x,0,234,80
x,0,235,96
x,0,236,83
x,0,237,76
x,0,238,89
x,0,239,80
x,0,240,81
x,0,241,94
x,0,242,88
x,0,243,96
x,0,244,76
x,0,245,90
x,0,246,94
x,0,247,92
x,0,248,78
x,0,249,91
x,0,250,86
x,0,251,79
x,0,252,84
x,0,253,89
x,0,254,73
x,0,255,85
x,1,0,82
x,1,1,87
x,1,2,93
x,1,3,74
x,1,4,83
x,1,5,96
x,1,6,97
x,1,7,71
x,1,8,86
x,1,9,94
x,1,10,75
x,1,11,81
x,1,12,80
x,1,13,92
x,1,14,106
x,1,15,82
x,1,16,66
x,1,17,89
x,1,18,90
x,1,19,86
x,1,20,72
x,1,21,84
x,1,22,71
x,1,23,88
x,1,24,84
x,1,25,87
x,1,26,90
x,1,27,82
x,1,28,89
x,1,29,80
x,1,30,79
x,1,31,87
x,1,32,74
x,1,33,77
x,1,34,77
x,1,35,83
x,1,36,85
x,1,37,94
x,1,38,76
x,1,39,96
x,1,40,82
x,1,41,90
x,1,42,91
x,1,43,100
x,1,44,69
x,1,45,80
x,1,46,75
x,1,47,109
x,1,48,96
x,1,49,90
x,1,50,93
x,1,51,89
x,1,52,89
x,1,53,82
x,1,54,89
x,1,55,78
x,1,56,70
x,1,57,95
x,1,58,74
x,1,59,92
x,1,60,81
x,1,61,77
x,1,62,82
x,1,63,84
x,1,64,86
x,1,65,86
x,1,66,98
x,1,67,81
x,1,68,103
x,1,69,75
x,1,70,86
x,1,71,66
x,1,72,88
x,1,73,91
x,1,74,93
x,1,75,75
x,1,76,76
x,1,77,84
x,1,78,78
x,1,79,92
x,1,80,91
x,1,81,93
x,1,82,82
x,1,83,94
x,1,84,101
x,1,85,92
x,1,86,85
x,1,87,83
x,1,88,70
x,1,89,87
x,1,90,100
x,1,91,85
x,1,92,87
x,1,93,83
x,1,94,83
x,1,95,80
x,1,96,97
x,1,97,92
x,1,98,76
x,1,99,90
x,1,100,77
x,1,101,80
x,1,102,95
x,1,103,87
x,1,104,91
x,1,105,88
x,1,106,86
x,1,107,68
x,1,108,93
x,1,109,96
x,1,110,78
x,1,111,93
x,1,112,89
x,1,113,93
x,1,114,102
x,1,115,89
x,1,116,79
x,1,117,79
x,1,118,78
x,1,119,88
x,1,120,76
x,1,121,81
x,1,122,83
x,1,123,81
x,1,124,92
x,1,125,84
x,1,126,86
x,1,127,87
x,1,128,93
x,1,129,80
x,1,130,89
x,1,131,83
x,1,132,85
x,1,133,96
x,1,134,72
x,1,135,95
x,1,136,78
x,1,137,101
x,1,138,68
x,1,139,87
x,1,140,88
x,1,141,86
x,1,142,84
x,1,143,89
x,1,144,88
x,1,145,80
x,1,146,86
x,1,147,82
x,1,148,91
x,1,149,87
x,1,150,81
x,1,151,83
x,1,152,94
x,1,153,68
x,1,154,91
x,1,155,90
x,1,156,65
x,1,157,84
x,1,158,81
x,1,159,77
x,1,160,81
x,1,161,80
x,1,162,78
x,1,163,80
x,1,164,72
x,1,165,107
x,1,166,81
x,1,167,76
x,1,168,109
x,1,169,78
x,1,170,88
x,1,171,94
x,1,172,78
x,1,173,84
x,1,174,89
x,1,175,81
x,1,176,90
x,1,177,89
x,1,178,86
x,1,179,90
x,1,180,86
x,1,181,94
x,1,182,78
x,1,183,83
x,1,184,83
x,1,185,75
x,1,186,99
x,1,187,73
x,1,188,91
x,1,189,90
x,1,190,88
x,1,191,97
x,1,192,87
x,1,193,74
x,1,194,75
x,1,195,80
x,1,196,91
x,1,197,89
x,1,198,79
x,1,199,107
x,1,200,70
x,1,201,79
x,1,202,77
x,1,203,88
x,1,204,88
x,1,205,87
x,1,206,78
x,1,207,81
x,1,208,97
x,1,209,95
x,1,210,84
x,1,211,92
x,1,212,82
x,1,213,105
x,1,214,81
x,1,215,105
x,1,216,86
x,1,217,81
x,1,218,100
x,1,219,83
x,1,220,85
x,1,221,81
x,1,222,83
x,1,223,94
x,1,224,84
x,1,225,101
x,1,226,89
x,1,227,94
x,1,228,86
x,1,229,83
x,1,230,76
x,1,231,98
x,1,232,99
x,1,233,107
x,1,234,98
x,1,235,90
x,1,236,82
x,1,237,87
x,1,238,88
x,1,239,83
x,1,240,98
x,1,241,84
x,1,242,79
x,1,243,79
x,1,244,74
x,1,245,81
x,1,246,79
x,1,247,91
x,1,248,90
x,1,249,89
x,1,250,65
x,1,251,97
x,1,252,89
x,1,253,92
x,1,254,81
x,1,255,96
x,2,0,74
x,2,1,89
x,2,2,81
x,2,3,96
x,2,4,89
x,2,5,79
x,2,6,88
x,2,7,79
x,2,8,81
x,2,9,89
x,2,10,79
x,2,11,82
x,2,12,81
x,2,13,87
x,2,14,74
x,2,15,103
x,2,16,92
x,2,17,94
x,2,18,85
x,2,19,81
x,2,20,79
x,2,21,91
x,2,22,88
x,2,23,76
x,2,24,78
x,2,25,98
x,2,26,92
x,2,27,90
x,2,28,72
x,2,29,84
x,2,30,99
x,2,31,71
x,2,32,106
x,2,33,89
x,2,34,88
x,2,35,85
x,2,36,93
x,2,37,97
x,2,38,82
x,2,39,89
x,2,40,90
x,2,41,87
x,2,42,97
x,2,43,83
x,2,44,88
x,2,45,91
x,2,46,94
x,2,47,88
x,2,48,83
x,2,49,78
x,2,50,107
x,2,51,70
x,2,52,88
x,2,53,91
x,2,54,91
x,2,55,78
x,2,56,101
x,2,57,89
x,2,58,84
x,2,59,94
x,2,60,94
x,2,61,84
x,2,62,93
x,2,63,80
x,2,64,91
x,2,65,87
x,2,66,76
x,2,67,97
x,2,68,89
x,2,69,84
x,2,70,89
x,2,71,78
x,2,72,95
x,2,73,112
x,2,74,74
x,2,75,83
x,2,76,83
x,2,77,77
x,2,78,85
x,2,79,67
x,2,80,98
x,2,81,87
x,2,82,100
x,2,83,72
x,2,84,80
x,2,85,84
x,2,86,85
x,2,87,93
x,2,88,82
x,2,89,84
x,2,90,93
x,2,91,76
x,2,92,76
x,2,93,91
x,2,94,67
x,2,95,78
x,2,96,77
x,2,97,78
x,2,98,91
x,2,99,82
x,2,100,87
x,2,101,80
x,2,102,76
x,2,103,95
x,2,104,77
x,2,105,76
x,2,106,74
x,2,107,70
x,2,108,82
x,2,109,92
x,2,110,86
x,2,111,76
x,2,112,86
x,2,113,81
x,2,114,83
x,2,115,95
x,2,116,87
x,2,117,89
x,2,118,90
x,2,119,94
x,2,120,86
x,2,121,78
x,2,122,94
x,2,123,101
x,2,124,103
x,2,125,86
x,2,126,92
x,2,127,93
x,2,128,85
x,2,129,96
x,2,130,92
x,2,131,82
x,2,132,96
x,2,133,84
x,2,134,103
x,2,135,96
x,2,136,91
x,2,137,92
x,2,138,92
x,2,139,82
x,2,140,75
x,2,141,73
x,2,142,82
x,2,143,71
x,2,144,74
x,2,145,82
x,2,146,94
x,2,147,70
x,2,148,83
x,2,149,97
x,2,150,87
x,2,151,75
x,2,152,73
x,2,153,105
x,2,154,82
x,2,155,85
x,2,156,97
x,2,157,85
x,2,158,88
x,2,159,96
x,2,160,94
x,2,161,79
x,2,162,76
x,2,163,68
x,2,164,84
x,2,165,84
x,2,166,69
x,2,167,85
x,2,168,81
x,2,169,77
x,2,170,88
x,2,171,91
x,2,172,89
x,2,173,95
x,2,174,90
x,2,175,87
x,2,176,90
x,2,177,79
x,2,178,98
x,2,179,83
x,2,180,92
x,2,181,75
x,2,182,88
x,2,183,98
x,2,184,87
x,2,185,91
x,2,186,85
x,2,187,78
x,2,188,89
x,2,189,71
x,2,190,102
x,2,191,88
x,2,192,98
x,2,193,71
x,2,194,76
x,2,195,74
x,2,196,74
x,2,197,95
x,2,198,103
x,2,199,105
x,2,200,67
x,2,201,95
x,2,202,88
x,2,203,80
x,2,204,88
x,2,205,87
x,2,206,72
x,2,207,92
x,2,208,81
x,2,209,84
x,2,210,85
x,2,211,88
x,2,212,88
x,2,213,74
x,2,214,78
x,2,215,81
x,2,216,93
x,2,217,100
x,2,218,75
x,2,219,100
x,2,220,98
x,2,221,85
x,2,222,83
x,2,223,89
x,2,224,84
x,2,225,68
x,2,226,80
x,2,227,74
x,2,228,92
x,2,229,62
x,2,230,80
x,2,231,98
x,2,232,71
x,2,233,86
x,2,234,87
x,2,235,88
x,2,236,96
x,2,237,82
x,2,238,74
x,2,239,87
x,2,240,98
x,2,241,100
x,2,242,92
x,2,243,75
x,2,244,87
x,2,245,79
x,2,246,88
x,2,247,81
x,2,248,71
x,2,249,72
x,2,250,96
x,2,251,102
x,2,252,92
x,2,253,86
x,2,254,78
x,2,255,81
x,3,0,82
x,3,1,76
x,3,2,88
x,3,3,86
x,3,4,78
x,3,5,77
x,3,6,89
x,3,7,91
x,3,8,89
x,3,9,85
x,3,10,83
x,3,11,102
x,3,12,88
x,3,13,79
x,3,14,89
x,3,15,90
x,3,16,81
x,3,17,84
x,3,18,94
x,3,19,83
x,3,20,85
x,3,21,93
x,3,22,92
x,3,23,85
x,3,24,93
x,3,25,74
x,3,26,86
x,3,27,78
x,3,28,69
x,3,29,81
x,3,30,84
x,3,31,89
x,3,32,92
x,3,33,89
x,3,34,82
x,3,35,81
x,3,36,87
x,3,37,72
x,3,38,95
x,3,39,92
x,3,40,90
x,3,41,91
x,3,42,99
x,3,43,74
x,3,44,109
x,3,45,86
x,3,46,107
x,3,47,81
x,3,48,81
x,3,49,106
x,3,50,89
x,3,51,81
x,3,52,106
x,3,53,75
x,3,54,84
x,3,55,74
x,3,56,72
x,3,57,84
x,3,58,84
x,3,59,89
x,3,60,110
x,3,61,79
x,3,62,94
x,3,63,75
x,3,64,101
x,3,65,82
x,3,66,75
x,3,67,83
x,3,68,71
x,3,69,80
x,3,70,77
x,3,71,90
x,3,72,94
x,3,73,87
x,3,74,96
x,3,75,76
x,3,76,79
x,3,77,82
x,3,78,84
x,3,79,84
x,3,80,93
x,3,81,80
x,3,82,94
x,3,83,89
x,3,84,89
x,3,85,86
x,3,86,81
x,3,87,77
x,3,88,83
x,3,89,98
x,3,90,97
x,3,91,85
x,3,92,78
x,3,93,87
x,3,94,94
x,3,95,88
x,3,96,69
x,3,97,75
x,3,98,71
x,3,99,84
x,3,100,80
x,3,101,78
x,3,102,84
x,3,103,85
x,3,104,77
x,3,105,96
x,3,106,77
x,3,107,93
x,3,108,88
x,3,109,87
x,3,110,105
x,3,111,92
x,3,112,81
x,3,113,82
x,3,114,95
x,3,115,82
x,3,116,89
x,3,117,92
x,3,118,99
x,3,119,73
x,3,120,85
x,3,121,85
x,3,122,91
x,3,123,77
x,3,124,77
x,3,125,83
x,3,126,96
x,3,127,93
x,3,128,83
x,3,129,86
x,3,130,89
x,3,131,95
x,3,132,70
x,3,133,80
x,3,134,105
x,3,135,90
x,3,136,85
x,3,137,78
x,3,138,94
x,3,139,65
x,3,140,99
x,3,141,93
x,3,142,80
x,3,143,80
x,3,144,91
x,3,145,90
x,3,146,86
x,3,147,81
x,3,148,72
x,3,149,89
x,3,150,74
x,3,151,81
x,3,152,81
x,3,153,87
x,3,154,102
x,3,155,64
x,3,156,89
x,3,157,87
x,3,158,102
x,3,159,88
x,3,160,78
x,3,161,84
x,3,162,91
x,3,163,81
x,3,164,77
x,3,165,106
x,3,166,88
x,3,167,89
x,3,168,91
x,3,169,85
x,3,170,87
x,3,171,95
x,3,172,89
x,3,173,81
x,3,174,88
x,3,175,96
x,3,176,83
x,3,177,92
x,3,178,83
x,3,179,90
x,3,180,101
x,3,181,82
x,3,182,76
x,3,183,77
x,3,184,106
x,3,185,96
x,3,186,82
x,3,187,77
x,3,188,83
x,3,189,90
x,3,190,89
x,3,191,80
x,3,192,86
x,3,193,76
x,3,194,93
x,3,195,80
x,3,196,86
x,3,197,74
x,3,198,96
x,3,199,74
x,3,200,93
x,3,201,84
x,3,202,82
x,3,203,87
x,3,204,98
x,3,205,88
x,3,206,89
x,3,207,87
x,3,208,83
x,3,209,80
x,3,210,91
x,3,211,106
x,3,212,85
x,3,213,98
x,3,214,77
x,3,215,102
x,3,216,87
x,3,217,57
x,3,218,83
x,3,219,82
x,3,220,72
x,3,221,78
x,3,222,95
x,3,223,84
x,3,224,80
x,3,225,94
x,3,226,75
x,3,227,68
x,3,228,75
x,3,229,89
x,3,230,69
x,3,231,70
x,3,232,88
x,3,233,80
x,3,234,78
x,3,235,85
x,3,236,85
x,3,237,84
x,3,238,85
x,3,239,82
x,3,240,96
x,3,241,82
x,3,242,87
x,3,243,82
x,3,244,79
x,3,245,79
x,3,246,93
x,3,247,98
x,3,248,95
x,3,249,96
x,3,250,87
x,3,251,86
x,3,252,78
x,3,253,91
x,3,254,97
x,3,255,84
x,4,0,88
x,4,1,88
x,4,2,90
x,4,3,85
x,4,4,103
x,4,5,83
x,4,6,84
x,4,7,75
x,4,8,84
x,4,9,89
x,4,10,85
x,4,11,95
x,4,12,95
x,4,13,75
x,4,14,79
x,4,15,94
x,4,16,87
x,4,17,83
x,4,18,93
x,4,19,88
x,4,20,76
x,4,21,95
x,4,22,62
x,4,23,88
x,4,24,85
x,4,25,116
x,4,26,71
x,4,27,79
x,4,28,72
x,4,29,86
x,4,30,80
x,4,31,95
x,4,32,74
x,4,33,84
x,4,34,105
x,4,35,76
x,4,36,95
x,4,37,81
x,4,38,75
x,4,39,85
x,4,40,71
x,4,41,92
x,4,42,75
x,4,43,82
x,4,44,65
x,4,45,94
x,4,46,85
x,4,47,93
x,4,48,89
x,4,49,74
x,4,50,102
x,4,51,102
x,4,52,92
x,4,53,92
x,4,54,73
x,4,55,81
x,4,56,89
x,4,57,104
x,4,58,85
x,4,59,83
x,4,60,96
x,4,61,99
x,4,62,74
x,4,63,82
x,4,64,94
x,4,65,98
x,4,66,88
x,4,67,92
x,4,68,62
x,4,69,91
x,4,70,74
x,4,71,79
x,4,72,81
x,4,73,90
x,4,74,89
x,4,75,79
x,4,76,70
x,4,77,95
x,4,78,85
x,4,79,95
x,4,80,95
x,4,81,85
x,4,82,68
x,4,83,83
x,4,84,83
x,4,85,75
x,4,86,93
x,4,87,82
x,4,88,83
x,4,89,95
x,4,90,90
x,4,91,99
x,4,92,91
x,4,93,88
x,4,94,77
x,4,95,78
x,4,96,82
x,4,97,75
x,4,98,92
x,4,99,87
x,4,100,88
x,4,101,92
x,4,102,83
x,4,103,84
x,4,104,82
x,4,105,87
x,4,106,95
x,4,107,94
x,4,108,91
x,4,109,87
x,4,110,104
x,4,111,82
x,4,112,101
x,4,113,98
x,4,114,83
x,4,115,104
x,4,116,86
x,4,117,96
x,4,118,79
x,4,119,102
x,4,120,89
x,4,121,86
x,4,122,95
x,4,123,78
x,4,124,91
x,4,125,83
x,4,126,88
x,4,127,99
x,4,128,89
x,4,129,89
x,4,130,94
x,4,131,91
x,4,132,78
x,4,133,83
x,4,134,81
x,4,135,78
x,4,136,82
x,4,137,93
x,4,138,93
x,4,139,100
x,4,140,92
x,4,141,95
x,4,142,65
x,4,143,84
x,4,144,86
x,4,145,76
x,4,146,66
x,4,147,87
x,4,148,85
x,4,149,84
x,4,150,109
x,4,151,99
x,4,152,78
x,4,153,72
x,4,154,86
x,4,155,88
x,4,156,99
x,4,157,90
x,4,158,66
x,4,159,65
x,4,160,85
x,4,161,101
x,4,162,94
x,4,163,87
x,4,164,86
x,4,165,82
x,4,166,84
x,4,167,85
x,4,168,70
x,4,169,79
x,4,170,93
x,4,171,88
x,4,172,85
x,4,173,96
x,4,174,77
x,4,175,95
x,4,176,71
x,4,177,96
x,4,178,71
x,4,179,91
x,4,180,86
x,4,181,93
x,4,182,93
x,4,183,79
x,4,184,75
x,4,185,87
x,4,186,89
x,4,187,99
x,4,188,80
x,4,189,92
x,4,190,89
x,4,191,77
x,4,192,92
x,4,193,82
x,4,194,90
x,4,195,74
x,4,196,93
x,4,197,83
x,4,198,76
x,4,199,63
x,4,200,86
x,4,201,97
x,4,202,82
x,4,203,86
x,4,204,71
x,4,205,96
x,4,206,79
x,4,207,77
x,4,208,90
x,4,209,99
x,4,210,83
x,4,211,82
x,4,212,85
x,4,213,99
x,4,214,67
x,4,215,75
x,4,216,90
x,4,217,84
x,4,218,88
x,4,219,73
x,4,220,82
x,4,221,107
x,4,222,85
x,4,223,70
x,4,224,101
x,4,225,82
x,4,226,77
x,4,227,102
x,4,228,68
x,4,229,89
x,4,230,88
x,4,231,81
x,4,232,70
x,4,233,82
x,4,234,73
x,4,235,84
x,4,236,102
x,4,237,103
x,4,238,76
x,4,239,69
x,4,240,83
x,4,241,96
x,4,242,88
x,4,243,85
x,4,244,73
x,4,245,81
x,4,246,85
x,4,247,88
x,4,248,76
x,4,249,78
x,4,250,87
x,4,251,107
x,4,252,81
x,4,253,89
x,4,254,80
x,4,255,78
x,5,0,102
x,5,1,84
x,5,2,72
x,5,3,84
x,5,4,86
x,5,5,76
x,5,6,110
x,5,7,103
x,5,8,103
x,5,9,85
x,5,10,102
x,5,11,95
x,5,12,93
x,5,13,89
x,5,14,92
x,5,15,85
x,5,16,87
x,5,17,77
x,5,18,84
x,5,19,85
x,5,20,87
x,5,21,89
x,5,22,110
x,5,23,76
x,5,24,82
x,5,25,64
x,5,26,81
x,5,27,72
x,5,28,107
x,5,29,77
x,5,30,93
x,5,31,97
x,5,32,79
x,5,33,79
x,5,34,95
x,5,35,107
x,5,36,95
x,5,37,73
x,5,38,94
x,5,39,73
x,5,40,90
x,5,41,83
x,5,42,81
x,5,43,90
x,5,44,79
x,5,45,94
x,5,46,91
x,5,47,88
x,5,48,86
x,5,49,97
x,5,50,81
x,5,51,83
x,5,52,82
x,5,53,77
x,5,54,84
x,5,55,89
x,5,56,84
x,5,57,86
x,5,58,82
x,5,59,76
x,5,60,95
x,5,61,82
x,5,62,85
x,5,63,75
x,5,64,76
x,5,65,71
x,5,66,102
x,5,67,115
x,5,68,104
x,5,69,80
x,5,70,85
x,5,71,113
x,5,72,96
x,5,73,88
x,5,74,100
x,5,75,93
x,5,76,93
x,5,77,88
x,5,78,85
x,5,79,76
x,5,80,92
x,5,81,78
x,5,82,67
x,5,83,90
x,5,84,93
x,5,85,86
x,5,86,98
x,5,87,80
x,5,88,84
x,5,89,77
x,5,90,88
x,5,91,88
x,5,92,71
x,5,93,84
x,5,94,88
x,5,95,92
x,5,96,89
x,5,97,82
x,5,98,78
x,5,99,79
x,5,100,80
x,5,101,80
x,5,102,97
x,5,103,87
x,5,104,92
x,5,105,85
x,5,106,80
x,5,107,100
x,5,108,95
x,5,109,71
x,5,110,87
x,5,111,105
x,5,112,96
x,5,113,78
x,5,114,77
x,5,115,73
x,5,116,81
x,5,117,81
x,5,118,93
x,5,119,93
x,5,120,81
x,5,121,87
x,5,122,91
x,5,123,87
x,5,124,86
x,5,125,96
x,5,126,64
x,5,127,81
x,5,128,80
x,5,129,93
x,5,130,90
x,5,131,80
x,5,132,79
x,5,133,83
x,5,134,78
x,5,135,104
x,5,136,87
x,5,137,86
x,5,138,97
x,5,139,85
x,5,140,84
x,5,141,90
x,5,142,67
x,5,143,75
x,5,144,94
x,5,145,82
x,5,146,101
x,5,147,70
x,5,148,80
x,5,149,78
x,5,150,84
x,5,151,74
x,5,152,82
x,5,153,107
x,5,154,75
x,5,155,83
x,5,156,90
x,5,157,81
x,5,158,80
x,5,159,82
x,5,160,85
x,5,161,61
x,5,162,80
x,5,163,77
x,5,164,74
x,5,165,88
x,5,166,73
x,5,167,73
x,5,168,92
x,5,169,94
x,5,170,78
x,5,171,83
x,5,172,83
x,5,173,83
x,5,174,80
x,5,175,93
x,5,176,87
x,5,177,89
x,5,178,111
x,5,179,79
x,5,180,85
x,5,181,89
x,5,182,87
x,5,183,84
x,5,184,89
x,5,185,83
x,5,186,98
x,5,187,93
x,5,188,81
x,5,189,91
x,5,190,94
x,5,191,73
x,5,192,72
x,5,193,97
x,5,194,100
x,5,195,81
x,5,196,88
x,5,197,79
x,5,198,93
x,5,199,86
x,5,200,73
x,5,201,87
x,5,202,106
x,5,203,91
x,5,204,87
x,5,205,93
x,5,206,69
x,5,207,98
x,5,208,83
x,5,209,90
x,5,210,86
x,5,211,88
x,5,212,68
x,5,213,94
x,5,214,78
x,5,215,79
x,5,216,70
x,5,217,83
x,5,218,79
x,5,219,88
x,5,220,84
x,5,221,79
x,5,222,88
x,5,223,84
x,5,224,78
x,5,225,96
x,5,226,90
x,5,227,103
x,5,228,81
x,5,229,79
x,5,230,92
x,5,231,73
x,5,232,82
x,5,233,80
x,5,234,84
x,5,235,85
x,5,236,76
x,5,237,84
x,5,238,81
x,5,239,82
x,5,240,93
x,5,241,82
x,5,242,90
x,5,243,67
x,5,244,81
x,5,245,86
x,5,246,94
x,5,247,81
x,5,248,87
x,5,249,88
x,5,250,67
x,5,251,79
x,5,252,105
x,5,253,79
x,5,254,89
x,5,255,90
x,6,0,89
x,6,1,90
x,6,2,67
x,6,3,78
x,6,4,93
x,6,5,77
x,6,6,76
x,6,7,88
x,6,8,90
x,6,9,83
x,6,10,84
x,6,11,77
x,6,12,90
x,6,13,95
x,6,14,83
x,6,15,93
x,6,16,102
x,6,17,74
x,6,18,99
x,6,19,76
x,6,20,90
x,6,21,90
x,6,22,93
x,6,23,92
x,6,24,88
x,6,25,91
x,6,26,92
x,6,27,104
x,6,28,81
x,6,29,81
x,6,30,80
x,6,31,91
x,6,32,95
x,6,33,77
x,6,34,64
x,6,35,91
x,6,36,81
x,6,37,79
x,6,38,89
x,6,39,89
x,6,40,72
x,6,41,93
x,6,42,76
x,6,43,72
x,6,44,87
x,6,45,89
x,6,46,80
x,6,47,88
x,6,48,83
x,6,49,94
x,6,50,90
x,6,51,87
x,6,52,77
x,6,53,76
x,6,54,97
x,6,55,77
x,6,56,85
x,6,57,69
x,6,58,75
x,6,59,83
x,6,60,66
x,6,61,99
x,6,62,84
x,6,63,88
x,6,64,65
x,6,65,66
x,6,66,78
x,6,67,79
x,6,68,87
x,6,69,84
x,6,70,88
x,6,71,85
x,6,72,91
x,6,73,86
x,6,74,85
x,6,75,97
x,6,76,77
x,6,77,89
x,6,78,90
x,6,79,79
x,6,80,92
x,6,81,86
x,6,82,89
x,6,83,86
x,6,84,84
x,6,85,76
x,6,86,96
x,6,87,93
x,6,88,91
x,6,89,89
x,6,90,98
x,6,91,78
x,6,92,82
x,6,93,98
x,6,94,84
x,6,95,73
x,6,96,97
x,6,97,77
x,6,98,86
x,6,99,73
x,6,100,85
x,6,101,95
x,6,102,93
x,6,103,94
x,6,104,95
x,6,105,87
x,6,106,96
x,6,107,88
x,6,108,88
x,6,109,92
x,6,110,74
x,6,111,90
x,6,112,71
x,6,113,90
x,6,114,83
x,6,115,78
x,6,116,92
x,6,117,77
x,6,118,94
x,6,119,87
x,6,120,75
x,6,121,81
x,6,122,97
x,6,123,81
x,6,124,80
x,6,125,86
x,6,126,84
x,6,127,87
x,6,128,105
x,6,129,81
x,6,130,92
x,6,131,89
x,6,132,78
x,6,133,94
x,6,134,84
x,6,135,105
x,6,136,80
x,6,137,89
x,6,138,91
x,6,139,111
x,6,140,73
x,6,141,81
x,6,142,80
x,6,143,100
x,6,144,86
x,6,145,95
x,6,146,88
x,6,147,76
x,6,148,80
x,6,149,88
x,6,150,91
x,6,151,90
x,6,152,88
x,6,153,85
x,6,154,99
x,6,155,73
x,6,156,94
x,6,157,94
x,6,158,89
x,6,159,85
x,6,160,91
x,6,161,78
x,6,162,79
x,6,163,90
x,6,164,88
x,6,165,91
x,6,166,79
x,6,167,89
x,6,168,70
x,6,169,91
x,6,170,85
x,6,171,80
x,6,172,87
x,6,173,82
x,6,174,92
x,6,175,85
x,6,176,78
x,6,177,103
x,6,178,100
x,6,179,83
x,6,180,91
x,6,181,68
x,6,182,97
x,6,183,105
x,6,184,85
x,6,185,81
x,6,186,75
x,6,187,74
x,6,188,89
x,6,189,86
x,6,190,109
x,6,191,83
x,6,192,92
x,6,193,81
x,6,194,103
x,6,195,79
x,6,196,82
x,6,197,89
x,6,198,87
x,6,199,99
x,6,200,98
x,6,201,87
x,6,202,87
x,6,203,85
x,6,204,89
x,6,205,73
x,6,206,77
x,6,207,92
x,6,208,90
x,6,209,93
x,6,210,90
x,6,211,95
x,6,212,80
x,6,213,87
x,6,214,78
x,6,215,77
x,6,216,77
x,6,217,75
x,6,218,80
x,6,219,94
x,6,220,81
x,6,221,77
x,6,222,89
x,6,223,79
x,6,224,81
x,6,225,84
x,6,226,91
x,6,227,77
x,6,228,72
x,6,229,81
x,6,230,88
x,6,231,105
x,6,232,77
x,6,233,84
x,6,234,96
x,6,235,95
x,6,236,109
x,6,237,72
x,6,238,73
x,6,239,88
x,6,240,85
x,6,241,79
x,6,242,85
x,6,243,87
x,6,244,84
x,6,245,86
x,6,246,85
x,6,247,71
x,6,248,74
x,6,249,87
x,6,250,85
x,6,251,90
x,6,252,82
x,6,253,80
x,6,254,77
x,6,255,100
x,7,0,82
x,7,1,89
x,7,2,78
x,7,3,89
x,7,4,75
x,7,5,89
x,7,6,81
x,7,7,91
x,7,8,89
x,7,9,91
x,7,10,85
x,7,11,71
x,7,12,90
x,7,13,84
x,7,14,93
x,7,15,81
x,7,16,83
x,7,17,88
x,7,18,79
x,7,19,93
x,7,20,81
x,7,21,82
x,7,22,82
x,7,23,92
x,7,24,74
x,7,25,99
x,7,26,81
x,7,27,82
x,7,28,72
x,7,29,96
x,7,30,84
x,7,31,85
x,7,32,83
x,7,33,98
x,7,34,81
x,7,35,78
x,7,36,63
x,7,37,79
x,7,38,87
x,7,39,78
x,7,40,85
x,7,41,85
x,7,42,99
x,7,43,89
x,7,44,97
x,7,45,93
x,7,46,84
x,7,47,87
x,7,48,88
x,7,49,76
x,7,50,87
x,7,51,97
x,7,52,92
x,7,53,86
x,7,54,81
x,7,55,110
x,7,56,92
x,7,57,92
x,7,58,83
x,7,59,98
x,7,60,85
x,7,61,69
x,7,62,66
x,7,63,89
x,7,64,99
x,7,65,78
x,7,66,93
x,7,67,81
x,7,68,96
x,7,69,91
x,7,70,74
x,7,71,91
x,7,72,71
x,7,73,99
x,7,74,69
x,7,75,97
x,7,76,102
x,7,77,79
x,7,78,97
x,7,79,103
x,7,80,94
x,7,81,91
x,7,82,89
x,7,83,73
x,7,84,99
x,7,85,89
x,7,86,106
x,7,87,86
x,7,88,70
x,7,89,83
x,7,90,88
x,7,91,92
x,7,92,82
x,7,93,79
x,7,94,84
x,7,95,84
x,7,96,89
x,7,97,85
x,7,98,84
x,7,99,108
x,7,100,69
x,7,101,92
x,7,102,97
x,7,103,105
x,7,104,82
x,7,105,94
x,7,106,82
x,7,107,87
x,7,108,73
x,7,109,69
x,7,110,96
x,7,111,77
x,7,112,81
x,7,113,93
x,7,114,96
x,7,115,85
x,7,116,85
x,7,117,94
x,7,118,90
x,7,119,74
x,7,120,94
x,7,121,93
x,7,122,95
x,7,123,75
x,7,124,85
x,7,125,74
x,7,126,71
x,7,127,84
x,7,128,87
x,7,129,101
x,7,130,70
x,7,131,90
x,7,132,76
x,7,133,81
x,7,134,83
x,7,135,79
x,7,136,73
x,7,137,85
x,7,138,82
x,7,139,89
x,7,140,81
x,7,141,83
x,7,142,99
x,7,143,95
x,7,144,77
x,7,145,91
x,7,146,80
x,7,147,85
x,7,148,74
x,7,149,61
x,7,150,74
x,7,151,94
x,7,152,98
x,7,153,88
x,7,154,69
x,7,155,80
x,7,156,82
x,7,157,98
x,7,158,82
x,7,159,114
x,7,160,78
x,7,161,109
x,7,162,92
x,7,163,70
x,7,164,81
x,7,165,86
x,7,166,96
x,7,167,65
x,7,168,77
x,7,169,103
x,7,170,79
x,7,171,80
x,7,172,91
x,7,173,100
x,7,174,83
x,7,175,85
x,7,176,102
x,7,177,91
x,7,178,84
x,7,179,87
x,7,180,87
x,7,181,95
x,7,182,79
x,7,183,94
x,7,184,71
x,7,185,68
x,7,186,76
x,7,187,68
x,7,188,85
x,7,189,103
x,7,190,80
x,7,191,103
x,7,192,75
x,7,193,82
x,7,194,85
x,7,195,85
x,7,196,87
x,7,197,98
x,7,198,94
x,7,199,82
x,7,200,97
x,7,201,92
x,7,202,67
x,7,203,108
x,7,204,75
x,7,205,77
x,7,206,93
x,7,207,91
x,7,208,88
x,7,209,85
x,7,210,92
x,7,211,84
x,7,212,76
x,7,213,102
x,7,214,101
x,7,215,77
x,7,216,81
x,7,217,75
x,7,218,76
x,7,219,77
x,7,220,78
x,7,221,99
x,7,222,78
x,7,223,93
x,7,224,99
x,7,225,96
x,7,226,75
x,7,227,74
x,7,228,87
x,7,229,77
x,7,230,78
x,7,231,80
x,7,232,91
x,7,233,72
x,7,234,76
x,7,235,70
x,7,236,87
x,7,237,78
x,7,238,89
x,7,239,104
x,7,240,101
x,7,241,76
x,7,242,74
x,7,243,95
x,7,244,83
x,7,245,75
x,7,246,97
x,7,247,98
x,7,248,69
x,7,249,92
x,7,250,75
x,7,251,81
x,7,252,108
x,7,253,96
x,7,254,86
x,7,255,80
x,8,0,89
x,8,1,84
x,8,2,87
x,8,3,90
x,8,4,85
x,8,5,81
x,8,6,63
x,8,7,84
x,8,8,89
x,8,9,97
x,8,10,86
x,8,11,98
x,8,12,72
x,8,13,75
x,8,14,84
x,8,15,78
x,8,16,89
x,8,17,86
x,8,18,85
x,8,19,79
x,8,20,102
x,8,21,78
x,8,22,84
x,8,23,107
x,8,24,81
x,8,25,77
x,8,26,74
x,8,27,75
x,8,28,107
x,8,29,92
x,8,30,72
x,8,31,86
x,8,32,78
x,8,33,82
x,8,34,74
x,8,35,96
x,8,36,77
x,8,37,85
x,8,38,95
x,8,39,70
x,8,40,96
x,8,41,85
x,8,42,77
x,8,43,82
x,8,44,89
x,8,45,76
x,8,46,76
x,8,47,80
x,8,48,77
x,8,49,82
x,8,50,84
x,8,51,75
x,8,52,91
x,8,53,81
x,8,54,102
x,8,55,77
x,8,56,92
x,8,57,83
x,8,58,92
x,8,59,76
x,8,60,103
x,8,61,107
x,8,62,93
x,8,63,84
x,8,64,86
x,8,65,88
x,8,66,84
x,8,67,92
x,8,68,81
x,8,69,56
x,8,70,78
x,8,71,73
x,8,72,86
x,8,73,86
x,8,74,83
x,8,75,82
x,8,76,85
x,8,77,75
x,8,78,90
x,8,79,90
x,8,80,87
x,8,81,91
x,8,82,79
x,8,83,89
x,8,84,87
x,8,85,83
x,8,86,87
x,8,87,91
x,8,88,98
x,8,89,100
x,8,90,84
x,8,91,99
x,8,92,89
x,8,93,88
x,8,94,79
x,8,95,83
x,8,96,69
x,8,97,74
x,8,98,82
x,8,99,85
x,8,100,72
x,8,101,95
x,8,102,74
x,8,103,85
x,8,104,94
x,8,105,110
x,8,106,72
x,8,107,80
x,8,108,93
x,8,109,85
x,8,110,93
x,8,111,93
x,8,112,96
x,8,113,96
x,8,114,82
x,8,115,100
x,8,116,90
x,8,117,95
x,8,118,66
x,8,119,98
x,8,120,85
x,8,121,86
x,8,122,83
x,8,123,99
x,8,124,80
x,8,125,85
x,8,126,85
x,8,127,82
x,8,128,96
x,8,129,76
x,8,130,76
x,8,131,93
x,8,132,73
x,8,133,88
x,8,134,98
x,8,135,78
x,8,136,89
x,8,137,87
x,8,138,90
x,8,139,82
x,8,140,102
x,8,141,72
x,8,142,94
x,8,143,78
x,8,144,97
x,8,145,102
x,8,146,79
x,8,147,89
x,8,148,84
x,8,149,95
x,8,150,78
x,8,151,85
x,8,152,91
x,8,153,85
x,8,154,89
x,8,155,104
x,8,156,79
x,8,157,81
x,8,158,88
x,8,159,84
x,8,160,96
x,8,161,91
x,8,162,88
x,8,163,98
x,8,164,83
x,8,165,82
x,8,166,102
x,8,167,70
x,8,168,95
x,8,169,82
x,8,170,68
x,8,171,91
x,8,172,90
x,8,173,67
x,8,174,91
x,8,175,71
x,8,176,88
x,8,177,70
x,8,178,74
x,8,179,92
x,8,180,93
x,8,181,82
x,8,182,79
x,8,183,80
x,8,184,81
x,8,185,77
x,8,186,76
x,8,187,89
x,8,188,101
x,8,189,79
x,8,190,94
x,8,191,76
x,8,192,89
x,8,193,92
x,8,194,88
x,8,195,80
x,8,196,102
x,8,197,104
x,8,198,83
x,8,199,73
x,8,200,71
x,8,201,79
x,8,202,78
x,8,203,90
x,8,204,80
x,8,205,83
x,8,206,64
x,8,207,103
x,8,208,96
x,8,209,87
x,8,210,83
x,8,211,79
x,8,212,95
x,8,213,79
x,8,214,76
x,8,215,91
x,8,216,99
x,8,217,87
x,8,218,100
x,8,219,77
x,8,220,88
x,8,221,72
x,8,222,84
x,8,223,84
x,8,224,98
x,8,225,96
x,8,226,82
x,8,227,87
x,8,228,97
x,8,229,90
x,8,230,92
x,8,231,78
x,8,232,85
x,8,233,90
x,8,234,88
x,8,235,103
x,8,236,76
x,8,237,76
x,8,238,86
x,8,239,80
x,8,240,84
x,8,241,77
x,8,242,85
x,8,243,85
x,8,244,92
x,8,245,104
x,8,246,87
x,8,247,84
x,8,248,92
x,8,249,111
x,8,250,89
x,8,251,84
x,8,252,77
x,8,253,98
x,8,254,77
x,8,255,83
x,9,0,91
x,9,1,76
x,9,2,91
x,9,3,76
x,9,4,82
x,9,5,71
x,9,6,77
x,9,7,68
x,9,8,77
x,9,9,92
x,9,10,88
x,9,11,70
x,9,12,92
x,9,13,95
x,9,14,82
x,9,15,94
x,9,16,89
x,9,17,61
x,9,18,100
x,9,19,84
x,9,20,90
x,9,21,80
x,9,22,83
x,9,23,71
x,9,24,99
x,9,25,77
x,9,26,99
x,9,27,67
x,9,28,88
x,9,29,88
x,9,30,83
x,9,31,76
x,9,32,86
x,9,33,82
x,9,34,75
x,9,35,83
x,9,36,89
x,9,37,81
x,9,38,77
x,9,39,84
x,9,40,88
x,9,41,81
x,9,42,74
x,9,43,76
x,9,44,87
x,9,45,97
x,9,46,67
x,9,47,90
x,9,48,84
x,9,49,97
x,9,50,98
x,9,51,100
x,9,52,86
x,9,53,100
x,9,54,99
x,9,55,76
x,9,56,77
x,9,57,100
x,9,58,96
x,9,59,98
x,9,60,94
x,9,61,82
x,9,62,89
x,9,63,94
x,9,64,99
x,9,65,77
x,9,66,97
x,9,67,84
x,9,68,85
x,9,69,71
x,9,70,83
x,9,71,97
x,9,72,91
x,9,73,101
x,9,74,90
x,9,75,88
x,9,76,88
x,9,77,63
x,9,78,81
x,9,79,83
x,9,80,94
x,9,81,89
x,9,82,75
x,9,83,101
x,9,84,88
x,9,85,91
x,9,86,82
x,9,87,93
x,9,88,84
x,9,89,91
x,9,90,91
x,9,91,73
x,9,92,87
x,9,93,89
x,9,94,77
x,9,95,74
x,9,96,81
x,9,97,85
x,9,98,80
x,9,99,80
x,9,100,97
x,9,101,93
x,9,102,81
x,9,103,83
x,9,104,100
x,9,105,88
x,9,106,83
x,9,107,85
x,9,108,84
x,9,109,78
x,9,110,103
x,9,111,76
x,9,112,88
x,9,113,87
x,9,114,94
x,9,115,92
x,9,116,90
x,9,117,80
x,9,118,86
x,9,119,75
x,9,120,82
x,9,121,84
x,9,122,89
x,9,123,92
x,9,124,87
x,9,125,98
x,9,126,83
x,9,127,95
x,9,128,91
x,9,129,75
x,9,130,86
x,9,131,71
x,9,132,85
x,9,133,78
x,9,134,79
x,9,135,89
x,9,136,71
x,9,137,84
x,9,138,82
x,9,139,74
x,9,140,77
x,9,141,93
x,9,142,92
x,9,143,82
x,9,144,97
x,9,145,74
x,9,146,95
x,9,147,73
x,9,148,94
x,9,149,80
x,9,150,78
x,9,151,91
x,9,152,84
x,9,153,92
x,9,154,72
x,9,155,77
x,9,156,82
x,9,157,98
x,9,158,100
x,9,159,86
x,9,160,74
x,9,161,80
x,9,162,110
x,9,163,95
x,9,164,93
x,9,165,85
x,9,166,77
x,9,167,108
x,9,168,75
x,9,169,93
x,9,170,80
x,9,171,75
x,9,172,98
x,9,173,70
x,9,174,84
x,9,175,92
x,9,176,96
x,9,177,102
x,9,178,90
x,9,179,81
x,9,180,91
x,9,181,92
x,9,182,72
x,9,183,80
x,9,184,78
x,9,185,78
x,9,186,88
x,9,187,95
x,9,188,94
x,9,189,93
x,9,190,98
x,9,191,75
x,9,192,98
x,9,193,89
x,9,194,74
x,9,195,107
x,9,196,95
x,9,197,94
x,9,198,74
x,9,199,82
x,9,200,96
x,9,201,86
x,9,202,86
x,9,203,82
x,9,204,93
x,9,205,91
x,9,206,83
x,9,207,75
x,9,208,85
x,9,209,67
x,9,210,96
x,9,211,76
x,9,212,69
x,9,213,98
x,9,214,93
x,9,215,91
x,9,216,69
x,9,217,75
x,9,218,90
x,9,219,89
x,9,220,76
x,9,221,92
x,9,222,75
x,9,223,81
x,9,224,96
x,9,225,78
x,9,226,75
x,9,227,84
x,9,228,65
x,9,229,70
x,9,230,74
x,9,231,89
x,9,232,87
x,9,233,88
x,9,234,81
x,9,235,81
x,9,236,84
x,9,237,97
x,9,238,97
x,9,239,100
x,9,240,98
x,9,241,107
x,9,242,89
x,9,243,81
x,9,244,96
x,9,245,106
x,9,246,71
x,9,247,93
x,9,248,94
x,9,249,65
x,9,250,72
x,9,251,79
x,9,252,86
x,9,253,99
x,9,254,98
x,9,255,92
x,10,0,83
x,10,1,85
x,10,2,92
x,10,3,82
x,10,4,78
x,10,5,77
x,10,6,87
x,10,7,91
x,10,8,79
x,10,9,96
x,10,10,88
x,10,11,76
x,10,12,78
x,10,13,80
x,10,14,85
x,10,15,84
x,10,16,101
x,10,17,94
x,10,18,87
x,10,19,98
x,10,20,84
x,10,21,90
x,10,22,93
x,10,23,61
x,10,24,72
x,10,25,89
x,10,26,72
x,10,27,90
x,10,28,81
x,10,29,91
x,10,30,69
x,10,31,67
x,10,32,85
x,10,33,93
x,10,34,75
x,10,35,92
x,10,36,95
x,10,37,96
x,10,38,82
x,10,39,85
x,10,40,89
x,10,41,94
x,10,42,90
x,10,43,83
x,10,44,103
x,10,45,99
x,10,46,60
x,10,47,94
x,10,48,81
x,10,49,91
x,10,50,108
x,10,51,89
x,10,52,91
x,10,53,88
x,10,54,72
x,10,55,80
x,10,56,78
x,10,57,95
x,10,58,82
x,10,59,71
x,10,60,73
x,10,61,81
x,10,62,95
x,10,63,81
x,10,64,82
x,10,65,94
x,10,66,68
x,10,67,78
x,10,68,75
x,10,69,78
x,10,70,87
x,10,71,84
x,10,72,85
x,10,73,99
x,10,74,99
x,10,75,77
x,10,76,68
x,10,77,88
x,10,78,89
x,10,79,77
x,10,80,86
x,10,81,77
x,10,82,87
x,10,83,94
x,10,84,82
x,10,85,81
x,10,86,84
x,10,87,77
x,10,88,92
x,10,89,80
x,10,90,87
x,10,91,83
x,10,92,92
x,10,93,78
x,10,94,96
x,10,95,64
x,10,96,76
x,10,97,86
x,10,98,80
x,10,99,94
x,10,100,101
x,10,101,86
x,10,102,96
x,10,103,72
x,10,104,89
x,10,105,77
x,10,106,82
x,10,107,80
x,10,108,90
x,10,109,82
x,10,110,80
x,10,111,89
x,10,112,89
x,10,113,78
x,10,114,84
x,10,115,94
x,10,116,79
x,10,117,89
x,10,118,75
x,10,119,77
x,10,120,82
x,10,121,86
x,10,122,79
x,10,123,93
x,10,124,92
x,10,125,94
x,10,126,94
x,10,127,88
x,10,128,76
x,10,129,102
x,10,130,81
x,10,131,97
x,10,132,86
x,10,133,84
x,10,134,108
x,10,135,92
x,10,136,97
x,10,137,83
x,10,138,90
x,10,139,73
x,10,140,101
x,10,141,92
x,10,142,92
x,10,143,96
x,10,144,80
x,10,145,88
x,10,146,98
x,10,147,88
x,10,148,92
x,10,149,115
x,10,150,86
x,10,151,77
x,10,152,90
x,10,153,77
x,10,154,99
x,10,155,82
x,10,156,90
x,10,157,84
x,10,158,90
x,10,159,88
x,10,160,73
x,10,161,85
x,10,162,67
x,10,163,86
x,10,164,94
x,10,165,81
x,10,166,82
x,10,167,74
x,10,168,93
x,10,169,101
x,10,170,73
x,10,171,89
x,10,172,87
x,10,173,78
x,10,174,89
x,10,175,81
x,10,176,73
x,10,177,103
x,10,178,86
x,10,179,103
x,10,180,69
x,10,181,77
x,10,182,87
x,10,183,92
x,10,184,75
x,10,185,96
x,10,186,91
x,10,187,90
x,10,188,84
x,10,189,81
x,10,190,81
x,10,191,97
x,10,192,83
x,10,193,81
x,10,194,71
x,10,195,73
x,10,196,94
x,10,197,82
x,10,198,83
x,10,199,83
x,10,200,84
x,10,201,84
x,10,202,92
x,10,203,86
x,10,204,86
x,10,205,104
x,10,206,87
x,10,207,93
x,10,208,74
x,10,209,88
x,10,210,93
x,10,211,88
x,10,212,92
x,10,213,101
x,10,214,94
x,10,215,72
x,10,216,82
x,10,217,93
x,10,218,75
x,10,219,83
x,10,220,80
x,10,221,72
x,10,222,107
x,10,223,75
x,10,224,85
x,10,225,95
x,10,226,79
x,10,227,99
x,10,228,100
x,10,229,78
x,10,230,80
x,10,231,95
x,10,232,87
x,10,233,79
x,10,234,92
x,10,235,94
x,10,236,81
x,10,237,87
x,10,238,76
x,10,239,86
x,10,240,87
x,10,241,85
x,10,242,84
x,10,243,86
x,10,244,81
x,10,245,83
x,10,246,93
x,10,247,89
x,10,248,84
x,10,249,82
x,10,250,86
x,10,251,104
x,10,252,90
x,10,253,97
x,10,254,75
x,10,255,75
x,11,0,72
x,11,1,89
x,11,2,67
x,11,3,91
x,11,4,94
x,11,5,63
x,11,6,80
x,11,7,74
x,11,8,73
x,11,9,94
x,11,10,88
x,11,11,89
x,11,12,84
x,11,13,77
x,11,14,77
x,11,15,99
x,11,16,105
x,11,17,88
x,11,18,97
x,11,19,98
x,11,20,75
x,11,21,75
x,11,22,82
x,11,23,82
x,11,24,88
x,11,25,89
x,11,26,79
x,11,27,80
x,11,28,98
x,11,29,86
x,11,30,90
x,11,31,96
x,11,32,79
x,11,33,91
x,11,34,96
x,11,35,92
x,11,36,73
x,11,37,103
x,11,38,76
x,11,39,94
x,11,40,101
x,11,41,84
x,11,42,99
x,11,43,77
x,11,44,84
x,11,45,84
x,11,46,85
x,11,47,96
x,11,48,78
x,11,49,94
x,11,50,68
x,11,51,92
x,11,52,110
x,11,53,74
x,11,54,73
x,11,55,99
x,11,56,100
x,11,57,94
x,11,58,81
x,11,59,93
x,11,60,97
x,11,61,85
x,11,62,103
x,11,63,72
x,11,64,74
x,11,65,98
x,11,66,91
x,11,67,101
x,11,68,78
x,11,69,76
x,11,70,83
x,11,71,83
x,11,72,78
x,11,73,78
x,11,74,97
x,11,75,85
x,11,76,97
x,11,77,97
x,11,78,74
x,11,79,81
x,11,80,86
x,11,81,87
x,11,82,76
x,11,83,83
x,11,84,76
x,11,85,88
x,11,86,96
x,11,87,84
x,11,88,88
x,11,89,86
x,11,90,85
x,11,91,83
x,11,92,62
x,11,93,92
x,11,94,83
x,11,95,80
x,11,96,74
x,11,97,87
x,11,98,89
x,11,99,72
x,11,100,92
x,11,101,77
x,11,102,90
x,11,103,99
x,11,104,80
x,11,105,83
x,11,106,95
x,11,107,85
x,11,108,92
x,11,109,85
x,11,110,92
x,11,111,77
x,11,112,86
x,11,113,82
x,11,114,92
x,11,115,94
x,11,116,81
x,11,117,75
x,11,118,70
x,11,119,99
x,11,120,95
x,11,121,78
x,11,122,79
x,11,123,80
x,11,124,82
x,11,125,80
x,11,126,90
x,11,127,90
x,11,128,93
x,11,129,84
x,11,130,98
x,11,131,98
x,11,132,85
x,11,133,92
x,11,134,80
x,11,135,71
x,11,136,78
x,11,137,94
x,11,138,78
x,11,139,89
x,11,140,85
x,11,141,98
x,11,142,87
x,11,143,85
x,11,144,78
x,11,145,85
x,11,146,77
x,11,147,95
x,11,148,86
x,11,149,97
x,11,150,79
x,11,151,75
x,11,152,81
x,11,153,88
x,11,154,93
x,11,155,74
x,11,156,86
x,11,157,77
x,11,158,91
x,11,159,77
x,11,160,89
x,11,161,80
x,11,162,80
x,11,163,100
x,11,164,80
x,11,165,82
x,11,166,95
x,11,167,97
x,11,168,90
x,11,169,85
x,11,170,95
x,11,171,83
x,11,172,83
x,11,173,86
x,11,174,65
x,11,175,91
x,11,176,93
x,11,177,91
x,11,178,91
x,11,179,81
x,11,180,79
x,11,181,77
x,11,182,79
x,11,183,92
x,11,184,96
x,11,185,100
x,11,186,79
x,11,187,81
x,11,188,83
x,11,189,93
x,11,190,64
x,11,191,77
x,11,192,89
x,11,193,81
x,11,194,72
x,11,195,85
x,11,196,93
x,11,197,86
x,11,198,71
x,11,199,82
x,11,200,92
x,11,201,82
x,11,202,80
x,11,203,97
x,11,204,80
x,11,205,93
x,11,206,92
x,11,207,95
x,11,208,83
x,11,209,91
x,11,210,83
x,11,211,69
x,11,212,77
x,11,213,89
x,11,214,91
x,11,215,85
x,11,216,71
x,11,217,97
x,11,218,94
x,11,219,79
x,11,220,91
x,11,221,90
x,11,222,85
x,11,223,88
x,11,224,82
x,11,225,85
x,11,226,90
x,11,227,89
x,11,228,70
x,11,229,92
x,11,230,88
x,11,231,93
x,11,232,82
x,11,233,89
x,11,234,73
x,11,235,80
x,11,236,90
x,11,237,92
x,11,238,75
x,11,239,90
x,11,240,82
x,11,241,91
x,11,242,99
x,11,243,80
x,11,244,100
x,11,245,78
x,11,246,92
x,11,247,93
x,11,248,90
x,11,249,80
x,11,250,97
x,11,251,98
x,11,252,80
x,11,253,70
x,11,254,94
x,11,255,91
x,12,0,95
x,12,1,84
x,12,2,67
x,12,3,90
x,12,4,73
x,12,5,88
x,12,6,85
x,12,7,85
x,12,8,102
x,12,9,75
x,12,10,86
x,12,11,80
x,12,12,77
x,12,13,100
x,12,14,90
x,12,15,68
x,12,16,101
x,12,17,96
x,12,18,86
x,12,19,88
x,12,20,95
x,12,21,85
x,12,22,87
x,12,23,87
x,12,24,97
x,12,25,85
x,12,26,82
x,12,27,98
x,12,28,87
x,12,29,79
x,12,30,81
x,12,31,83
x,12,32,80
x,12,33,83
x,12,34,83
x,12,35,100
x,12,36,88
x,12,37,88
x,12,38,87
x,12,39,87
x,12,40,84
x,12,41,85
x,12,42,81
x,12,43,77
x,12,44,105
x,12,45,86
x,12,46,92
x,12,47,68
x,12,48,89
x,12,49,78
x,12,50,76
x,12,51,74
x,12,52,90
x,12,53,92
x,12,54,91
x,12,55,66
x,12,56,81
x,12,57,72
x,12,58,77
x,12,59,67
x,12,60,119
x,12,61,88
x,12,62,87
x,12,63,86
x,12,64,84
x,12,65,92
x,12,66,78
x,12,67,76
x,12,68,89
x,12,69,98
x,12,70,90
x,12,71,102
x,12,72,68
x,12,73,82
x,12,74,85
x,12,75,86
x,12,76,83
x,12,77,86
x,12,78,102
x,12,79,92
x,12,80,83
x,12,81,91
x,12,82,99
x,12,83,107
x,12,84,87
x,12,85,93
x,12,86,75
x,12,87,82
x,12,88,96
x,12,89,89
x,12,90,89
x,12,91,97
x,12,92,80
x,12,93,90
x,12,94,83
x,12,95,94
x,12,96,85
x,12,97,77
x,12,98,75
x,12,99,81
x,12,100,80
x,12,101,91
x,12,102,96
x,12,103,76
x,12,104,68
x,12,105,78
x,12,106,88
x,12,107,69
x,12,108,91
x,12,109,87
x,12,110,92
x,12,111,89
x,12,112,80
x,12,113,91
x,12,114,81
x,12,115,94
x,12,116,96
x,12,117,87
x,12,118,75
x,12,119,76
x,12,120,70
x,12,121,82
x,12,122,75
x,12,123,94
x,12,124,88
x,12,125,76
x,12,126,98
x,12,127,75
x,12,128,71
x,12,129,78
x,12,130,89
x,12,131,82
x,12,132,100
x,12,133,103
x,12,134,75
x,12,135,76
x,12,136,86
x,12,137,85
x,12,138,89
x,12,139,91
x,12,140,95
x,12,141,85
x,12,142,94
x,12,143,86
x,12,144,91
x,12,145,100
x,12,146,84
x,12,147,107
x,12,148,92
x,12,149,72
x,12,150,89
x,12,151,87
x,12,152,75
x,12,153,85
x,12,154,76
x,12,155,74
x,12,156,91
x,12,157,80
x,12,158,84
x,12,159,74
x,12,160,78
x,12,161,88
x,12,162,103
x,12,163,91
x,12,164,88
x,12,165,85
x,12,166,76
x,12,167,110
x,12,168,101
x,12,169,78
x,12,170,69
x,12,171,93
x,12,172,85
x,12,173,70
x,12,174,84
x,12,175,89
x,12,176,100
x,12,177,84
x,12,178,101
x,12,179,102
x,12,180,97
x,12,181,87
x,12,182,95
x,12,183,92
x,12,184,84
x,12,185,75
x,12,186,106
x,12,187,101
x,12,188,86
x,12,189,83
x,12,190,87
x,12,191,88
x,12,192,108
x,12,193,78
x,12,194,75
x,12,195,96
x,12,196,84
x,12,197,90
x,12,198,78
x,12,199,73
x,12,200,75
x,12,201,71
x,12,202,63
x,12,203,61
x,12,204,83
x,12,205,99
x,12,206,78
x,12,207,96
x,12,208,87
x,12,209,98
x,12,210,76
x,12,211,71
x,12,212,92
x,12,213,86
x,12,214,70
x,12,215,86
x,12,216,70
x,12,217,87
x,12,218,78
x,12,219,79
x,12,220,76
x,12,221,86
x,12,222,102
x,12,223,93
x,12,224,77
x,12,225,82
x,12,226,90
x,12,227,68
x,12,228,76
x,12,229,87
x,12,230,78
x,12,231,97
x,12,232,82
x,12,233,98
x,12,234,91
x,12,235,92
x,12,236,112
x,12,237,76
x,12,238,84
x,12,239,88
x,12,240,88
x,12,241,81
x,12,242,84
x,12,243,77
x,12,244,76
x,12,245,86
x,12,246,97
x,12,247,80
x,12,248,95
x,12,249,82
x,12,250,83
x,12,251,90
x,12,252,89
x,12,253,83
x,12,254,102
x,12,255,77
x,13,0,77
x,13,1,73
x,13,2,84
x,13,3,78
x,13,4,84
x,13,5,92
x,13,6,84
x,13,7,78
x,13,8,68
x,13,9,83
x,13,10,91
x,13,11,69
x,13,12,65
x,13,13,90
x,13,14,97
x,13,15,96
x,13,16,92
x,13,17,94
x,13,18,98
x,13,19,92
x,13,20,92
x,13,21,83
x,13,22,73
x,13,23,92
x,13,24,83
x,13,25,69
x,13,26,66
x,13,27,89
x,13,28,99
x,13,29,77
x,13,30,88
x,13,31,81
x,13,32,81
x,13,33,82
x,13,34,88
x,13,35,78
x,13,36,92
x,13,37,76
x,13,38,73
x,13,39,83
x,13,40,89
x,13,41,84
x,13,42,84
x,13,43,74
x,13,44,101
x,13,45,79
x,13,46,87
x,13,47,87
x,13,48,75
x,13,49,101
x,13,50,80
x,13,51,88
x,13,52,81
x,13,53,91
x,13,54,94
x,13,55,69
x,13,56,84
x,13,57,96
x,13,58,84
x,13,59,101
x,13,60,102
x,13,61,91
x,13,62,71
x,13,63,90
x,13,64,85
x,13,65,85
x,13,66,83
x,13,67,75
x,13,68,94
x,13,69,83
x,13,70,90
x,13,71,92
x,13,72,80
x,13,73,75
x,13,74,83
x,13,75,106
x,13,76,85
x,13,77,87
x,13,78,89
x,13,79,85
x,13,80,87
x,13,81,98
x,13,82,72
x,13,83,72
x,13,84,79
x,13,85,87
x,13,86,78
x,13,87,99
x,13,88,75
x,13,89,100
x,13,90,78
x,13,91,87
x,13,92,83
x,13,93,93
x,13,94,104
x,13,95,86
x,13,96,88
x,13,97,93
x,13,98,79
x,13,99,73
x,13,100,80
x,13,101,87
x,13,102,97
x,13,103,95
x,13,104,94
x,13,105,60
x,13,106,78
x,13,107,95
x,13,108,79
x,13,109,82
x,13,110,90
x,13,111,83
x,13,112,83
x,13,113,73
x,13,114,80
x,13,115,81
x,13,116,76
x,13,117,98
x,13,118,97
x,13,119,99
x,13,120,82
x,13,121,93
x,13,122,93
x,13,123,80
x,13,124,74
x,13,125,94
x,13,126,110
x,13,127,77
x,13,128,76
x,13,129,86
x,13,130,91
x,13,131,89
x,13,132,63
x,13,133,68
x,13,134,97
x,13,135,88
x,13,136,84
x,13,137,85
x,13,138,80
x,13,139,71
x,13,140,90
x,13,141,84
x,13,142,90
x,13,143,79
x,13,144,80
x,13,145,89
x,13,146,83
x,13,147,76
x,13,148,109
x,13,149,108
x,13,150,82
x,13,151,76
x,13,152,72
x,13,153,103
x,13,154,99
x,13,155,99
x,13,156,88
x,13,157,82
x,13,158,96
x,13,159,72
x,13,160,99
x,13,161,96
x,13,162,79
x,13,163,78
x,13,164,86
x,13,165,87
x,13,166,100
x,13,167,97
x,13,168,98
x,13,169,92
x,13,170,74
x,13,171,80
x,13,172,75
x,13,173,81
x,13,174,105
x,13,175,76
x,13,176,76
x,13,177,90
x,13,178,78
x,13,179,100
x,13,180,87
x,13,181,102
x,13,182,86
x,13,183,78
x,13,184,78
x,13,185,83
x,13,186,76
x,13,187,84
x,13,188,81
x,13,189,80
x,13,190,101
x,13,191,81
x,13,192,84
x,13,193,70
x,13,194,87
x,13,195,82
x,13,196,89
x,13,197,90
x,13,198,103
x,13,199,111
x,13,200,81
x,13,201,99
x,13,202,81
x,13,203,88
x,13,204,91
x,13,205,94
x,13,206,93
x,13,207,97
x,13,208,73
x,13,209,74
x,13,210,90
x,13,211,99
x,13,212,70
x,13,213,82
x,13,214,88
x,13,215,89
x,13,216,95
x,13,217,84
x,13,218,82
x,13,219,95
x,13,220,91
x,13,221,89
x,13,222,83
x,13,223,94
x,13,224,94
x,13,225,78
x,13,226,78
x,13,227,93
x,13,228,95
x,13,229,80
x,13,230,99
x,13,231,72
x,13,232,73
x,13,233,98
x,13,234,92
x,13,235,86
x,13,236,90
x,13,237,71
x,13,238,91
x,13,239,90
x,13,240,78
x,13,241,77
x,13,242,91
x,13,243,84
x,13,244,101
x,13,245,101
x,13,246,88
x,13,247,83
x,13,248,68
x,13,249,94
x,13,250,90
x,13,251,61
x,13,252,73
x,13,253,78
x,13,254,91
x,13,255,87
x,14,0,94
x,14,1,95
x,14,2,91
x,14,3,82
x,14,4,86
x,14,5,97
x,14,6,73
x,14,7,97
x,14,8,77
x,14,9,83
x,14,10,82
x,14,11,88
x,14,12,89
x,14,13,79
x,14,14,98
x,14,15,79
x,14,16,88
x,14,17,73
x,14,18,85
x,14,19,84
x,14,20,84
x,14,21,85
x,14,22,93
x,14,23,70
x,14,24,78
x,14,25,87
x,14,26,87
x,14,27,87
x,14,28,92
x,14,29,76
x,14,30,92
x,14,31,93
x,14,32,86
x,14,33,81
x,14,34,88
x,14,35,92
x,14,36,74
x,14,37,94
x,14,38,90
x,14,39,89
x,14,40,84
x,14,41,87
x,14,42,88
x,14,43,68
x,14,44,84
x,14,45,88
x,14,46,86
x,14,47,87
x,14,48,80
x,14,49,89
x,14,50,92
x,14,51,93
x,14,52,84
x,14,53,95
x,14,54,88
x,14,55,91
x,14,56,94
x,14,57,91
x,14,58,85
x,14,59,67
x,14,60,78
x,14,61,86
x,14,62,87
x,14,63,74
x,14,64,93
x,14,65,66
x,14,66,86
x,14,67,89
x,14,68,80
x,14,69,93
x,14,70,81
x,14,71,101
x,14,72,98
x,14,73,80
x,14,74,101
x,14,75,80
x,14,76,84
x,14,77,94
x,14,78,76
x,14,79,81
x,14,80,91
x,14,81,89
x,14,82,84
x,14,83,76
x,14,84,72
x,14,85,89
x,14,86,77
x,14,87,93
x,14,88,94
x,14,89,86
x,14,90,76
x,14,91,75
x,14,92,97
x,14,93,69
x,14,94,103
x,14,95,88
x,14,96,76
x,14,97,76
x,14,98,87
x,14,99,89
x,14,100,91
x,14,101,74
x,14,102,82
x,14,103,89
x,14,104,87
x,14,105,103
x,14,106,79
x,14,107,101
x,14,108,90
x,14,109,70
x,14,110,82
x,14,111,82
x,14,112,99
x,14,113,86
x,14,114,87
x,14,115,96
x,14,116,80
x,14,117,97
x,14,118,88
x,14,119,90
x,14,120,72
x,14,121,83
x,14,122,90
x,14,123,79
x,14,124,94
x,14,125,92
x,14,126,83
x,14,127,87
x,14,128,89
x,14,129,85
x,14,130,87
x,14,131,80
x,14,132,86
x,14,133,94
x,14,134,90
x,14,135,93
x,14,136,95
x,14,137,77
x,14,138,95
x,14,139,82
x,14,140,83
x,14,141,98
x,14,142,91
x,14,143,85
x,14,144,80
x,14,145,83
x,14,146,90
x,14,147,100
x,14,148,87
x,14,149,97
x,14,150,90
x,14,151,86
x,14,152,85
x,14,153,83
x,14,154,80
x,14,155,97
x,14,156,93
x,14,157,85
x,14,158,82
x,14,159,97
x,14,160,81
x,14,161,60
x,14,162,99
x,14,163,77
x,14,164,86
x,14,165,81
x,14,166,86
x,14,167,101
x,14,168,84
x,14,169,85
x,14,170,83
x,14,171,85
x,14,172,96
x,14,173,92
x,14,174,90
x,14,175,77
x,14,176,94
x,14,177,85
x,14,178,87
x,14,179,75
x,14,180,74
x,14,181,74
x,14,182,75
x,14,183,76
x,14,184,82
x,14,185,89
x,14,186,81
x,14,187,83
x,14,188,98
x,14,189,101
x,14,190,93
x,14,191,90
x,14,192,70
x,14,193,82
x,14,194,83
x,14,195,96
x,14,196,82
x,14,197,89
x,14,198,84
x,14,199,101
x,14,200,84
x,14,201,77
x,14,202,75
x,14,203,99
x,14,204,91
x,14,205,69
x,14,206,92
x,14,207,89
x,14,208,74
x,14,209,85
x,14,210,88
x,14,211,95
x,14,212,84
x,14,213,79
x,14,214,75
x,14,215,71
x,14,216,78
x,14,217,95
x,14,218,79
x,14,219,96
x,14,220,73
x,14,221,84
x,14,222,86
x,14,223,89
x,14,224,80
x,14,225,77
x,14,226,88
x,14,227,81
x,14,228,93
x,14,229,81
x,14,230,84
x,14,231,94
x,14,232,74
x,14,233,91
x,14,234,100
x,14,235,99
x,14,236,86
x,14,237,91
x,14,238,86
x,14,239,89
x,14,240,70
x,14,241,84
x,14,242,98
x,14,243,67
x,14,244,91
x,14,245,80
x,14,246,95
x,14,247,90
x,14,248,84
x,14,249,74
x,14,250,96
x,14,251,84
x,14,252,94
x,14,253,74
x,14,254,70
x,14,255,82
x,15,0,83
x,15,1,92
x,15,2,78
x,15,3,80
x,15,4,91
x,15,5,71
x,15,6,85
x,15,7,82
x,15,8,92
x,15,9,82
x,15,10,75
x,15,11,95
x,15,12,63
x,15,13,82
x,15,14,84
x,15,15,91
x,15,16,98
x,15,17,80
x,15,18,84
x,15,19,89
x,15,20,105
x,15,21,86
x,15,22,93
x,15,23,79
x,15,24,80
x,15,25,89
x,15,26,80
x,15,27,94
x,15,28,77
x,15,29,96
x,15,30,100
x,15,31,82
x,15,32,86
x,15,33,94
x,15,34,89
x,15,35,87
x,15,36,84
x,15,37,93
x,15,38,91
x,15,39,84
x,15,40,82
x,15,41,91
x,15,42,84
x,15,43,79
x,15,44,81
x,15,45,88
x,15,46,101
x,15,47,88
x,15,48,82
x,15,49,80
x,15,50,92
x,15,51,86
x,15,52,95
x,15,53,70
x,15,54,91
x,15,55,93
x,15,56,82
x,15,57,86
x,15,58,67
x,15,59,111
x,15,60,90
x,15,61,94
x,15,62,85
x,15,63,79
x,15,64,80
x,15,65,105
x,15,66,92
x,15,67,104
x,15,68,63
x,15,69,70
x,15,70,116
x,15,71,81
x,15,72,91
x,15,73,90
x,15,74,87
x,15,75,89
x,15,76,78
x,15,77,86
x,15,78,79
x,15,79,88
x,15,80,95
x,15,81,94
x,15,82,79
x,15,83,101
x,15,84,96
x,15,85,87
x,15,86,85
x,15,87,89
x,15,88,84
x,15,89,81
x,15,90,93
x,15,91,80
x,15,92,85
x,15,93,82
x,15,94,85
x,15,95,92
x,15,96,63
x,15,97,79
x,15,98,100
x,15,99,73
x,15,100,92
x,15,101,86
x,15,102,83
x,15,103,92
x,15,104,81
x,15,105,80
x,15,106,89
x,15,107,83
x,15,108,75
x,15,109,93
x,15,110,74
x,15,111,90
x,15,112,80
x,15,113,91
x,15,114,79
x,15,115,69
x,15,116,71
x,15,117,95
x,15,118,71
x,15,119,99
x,15,120,101
x,15,121,79
x,15,122,101
x,15,123,84
x,15,124,93
x,15,125,88
x,15,126,71
x,15,127,97
x,15,128,85
x,15,129,90
x,15,130,76
x,15,131,78
x,15,132,87
x,15,133,89
x,15,134,90
x,15,135,91
x,15,136,89
x,15,137,78
x,15,138,87
x,15,139,95
x,15,140,74
x,15,141,89
x,15,142,72
x,15,143,98
x,15,144,92
x,15,145,106
x,15,146,81
x,15,147,71
x,15,148,78
x,15,149,88
x,15,150,94
x,15,151,73
x,15,152,79
x,15,153,86
x,15,154,91
x,15,155,89
x,15,156,65
x,15,157,89
x,15,158,92
x,15,159,74
x,15,160,86
x,15,161,84
x,15,162,80
x,15,163,90
x,15,164,86
x,15,165,89
x,15,166,94
x,15,167,81
x,15,168,76
x,15,169,77
x,15,170,70
x,15,171,71
x,15,172,83
x,15,173,87
x,15,174,64
x,15,175,87
x,15,176,90
x,15,177,90
x,15,178,87
x,15,179,90
x,15,180,90
x,15,181,84
x,15,182,92
x,15,183,77
x,15,184,85
x,15,185,79
x,15,186,83
x,15,187,85
x,15,188,87
x,15,189,89
x,15,190,100
x,15,191,95
x,15,192,79
x,15,193,81
x,15,194,103
x,15,195,77
x,15,196,77
x,15,197,99
x,15,198,76
x,15,199,91
x,15,200,81
x,15,201,75
x,15,202,101
x,15,203,88
x,15,204,86
x,15,205,72
x,15,206,93
x,15,207,67
x,15,208,80
x,15,209,83
x,15,210,86
x,15,211,96
x,15,212,84
x,15,213,84
x,15,214,76
x,15,215,78
x,15,216,91
x,15,217,75
x,15,218,80
x,15,219,75
x,15,220,91
x,15,221,89
x,15,222,77
x,15,223,84
x,15,224,82
x,15,225,84
x,15,226,91
x,15,227,89
x,15,228,77
x,15,229,85
x,15,230,93
x,15,231,91
x,15,232,86
x,15,233,78
x,15,234,82
x,15,235,83
x,15,236,99
x,15,237,94
x,15,238,89
x,15,239,96
x,15,240,77
x,15,241,79
x,15,242,87
x,15,243,80
x,15,244,98
x,15,245,93
x,15,246,76
x,15,247,91
x,15,248,100
x,15,249,84
x,15,250,99
x,15,251,86
x,15,252,85
x,15,253,100
x,15,254,97
x,15,255,91
x,16,0,84
x,16,1,88
x,16,2,87
x,16,3,79
x,16,4,85
x,16,5,92
x,16,6,92
x,16,7,80
x,16,8,94
x,16,9,81
x,16,10,100
x,16,11,71
x,16,12,81
x,16,13,82
x,16,14,88
x,16,15,88
x,16,16,90
x,16,17,93
x,16,18,96
x,16,19,88
x,16,20,64
x,16,21,82
x,16,22,63
x,16,23,84
x,16,24,95
x,16,25,99
x,16,26,102
x,16,27,81
x,16,28,84
x,16,29,78
x,16,30,93
x,16,31,96
x,16,32,96
x,16,33,89
x,16,34,79
x,16,35,83
x,16,36,81
x,16,37,72
x,16,38,90
x,16,39,89
x,16,40,97
x,16,41,80
x,16,42,75
x,16,43,81
x,16,44,99
x,16,45,71
x,16,46,95
x,16,47,80
x,16,48,79
x,16,49,87
x,16,50,87
x,16,51,78
x,16,52,90
x,16,53,87
x,16,54,75
x,16,55,83
x,16,56,117
x,16,57,74
x,16,58,87
x,16,59,83
x,16,60,105
x,16,61,77
x,16,62,74
x,16,63,78
x,16,64,84
x,16,65,89
x,16,66,81
x,16,67,98
x,16,68,82
x,16,69,83
x,16,70,98
x,16,71,105
x,16,72,92
x,16,73,83
x,16,74,81
x,16,75,74
x,16,76,90
x,16,77,85
x,16,78,78
x,16,79,96
x,16,80,79
x,16,81,90
x,16,82,86
x,16,83,82
x,16,84,89
x,16,85,75
x,16,86,85
x,16,87,87
x,16,88,84
x,16,89,78
x,16,90,73
x,16,91,75
x,16,92,82
x,16,93,92
x,16,94,66
x,16,95,103
x,16,96,92
x,16,97,97
x,16,98,80
x,16,99,82
x,16,100,72
x,16,101,84
x,16,102,79
x,16,103,86
x,16,104,77
x,16,105,91
x,16,106,106
x,16,107,88
x,16,108,98
x,16,109,71
x,16,110,89
x,16,111,85
x,16,112,93
x,16,113,85
x,16,114,92
x,16,115,82
x,16,116,95
x,16,117,67
x,16,118,92
x,16,119,84
x,16,120,83
x,16,121,86
x,16,122,88
x,16,123,71
x,16,124,83
x,16,125,85
x,16,126,75
x,16,127,84
x,16,128,99
x,16,129,69
x,16,130,81
x,16,131,98
x,16,132,87
x,16,133,80
x,16,134,78
x,16,135,92
x,16,136,94
x,16,137,86
x,16,138,71
x,16,139,83
x,16,140,85
x,16,141,83
x,16,142,85
x,16,143,86
x,16,144,77
x,16,145,96
x,16,146,102
x,16,147,78
x,16,148,82
x,16,149,89
x,16,150,101
x,16,151,85
x,16,152,97
x,16,153,80
x,16,154,108
x,16,155,88
x,16,156,67
x,16,157,78
x,16,158,76
x,16,159,83
x,16,160,78
x,16,161,81
x,16,162,91
x,16,163,100
x,16,164,101
x,16,165,97
x,16,166,89
x,16,167,79
x,16,168,81
x,16,169,85
x,16,170,89
x,16,171,93
x,16,172,98
x,16,173,99
x,16,174,97
x,16,175,87
x,16,176,82
x,16,177,81
x,16,178,72
x,16,179,79
x,16,180,85
x,16,181,78
x,16,182,86
x,16,183,86
x,16,184,81
x,16,185,88
x,16,186,77
x,16,187,78
x,16,188,96
x,16,189,84
x,16,190,92
x,16,191,82
x,16,192,77
x,16,193,96
x,16,194,94
x,16,195,80
x,16,196,102
x,16,197,97
x,16,198,82
x,16,199,97
x,16,200,78
x,16,201,85
x,16,202,92
x,16,203,95
x,16,204,73
x,16,205,103
x,16,206,78
x,16,207,94
x,16,208,74
x,16,209,79
x,16,210,92
x,16,211,81
x,16,212,82
x,16,213,82
x,16,214,89
x,16,215,97
x,16,216,91
x,16,217,70
x,16,218,88
x,16,219,89
x,16,220,94
x,16,221,93
x,16,222,80
x,16,223,97
x,16,224,77
x,16,225,81
x,16,226,97
x,16,227,94
x,16,228,82
x,16,229,87
x,16,230,95
x,16,231,89
x,16,232,66
x,16,233,70
x,16,234,89
x,16,235,78
x,16,236,72
x,16,237,98
x,16,238,71
x,16,239,90
x,16,240,93
x,16,241,83
x,16,242,86
x,16,243,76
x,16,244,89
x,16,245,80
x,16,246,81
x,16,247,84
x,16,248,83
x,16,249,93
x,16,250,84
x,16,251,90
x,16,252,88
x,16,253,110
x,16,254,86
x,16,255,69
x,17,0,65
x,17,1,76
x,17,2,79
x,17,3,88
x,17,4,99
x,17,5,76
x,17,6,87
x,17,7,89
x,17,8,90
x,17,9,89
x,17,10,92
x,17,11,99
x,17,12,79
x,17,13,97
x,17,14,85
x,17,15,91
x,17,16,84
x,17,17,98
x,17,18,69
x,17,19,71
x,17,20,86
x,17,21,57
x,17,22,82
x,17,23,87
x,17,24,86
x,17,25,84
x,17,26,99
x,17,27,81
x,17,28,80
x,17,29,71
x,17,30,77
x,17,31,81
x,17,32,84
x,17,33,69
x,17,34,85
x,17,35,93
x,17,36,103
x,17,37,91
x,17,38,82
x,17,39,89
x,17,40,74
x,17,41,88
x,17,42,82
x,17,43,83
x,17,44,69
x,17,45,69
x,17,46,92
x,17,47,93
x,17,48,77
x,17,49,103
x,17,50,98
x,17,51,85
x,17,52,80
x,17,53,85
x,17,54,68
x,17,55,76
x,17,56,96
x,17,57,78
x,17,58,88
x,17,59,71
x,17,60,85
x,17,61,84
x,17,62,82
x,17,63,105
x,17,64,79
x,17,65,82
x,17,66,70
x,17,67,86
x,17,68,92
x,17,69,86
x,17,70,104
x,17,71,89
x,17,72,86
x,17,73,96
x,17,74,77
x,17,75,98
x,17,76,76
x,17,77,93
x,17,78,88
x,17,79,86
x,17,80,95
x,17,81,70
x,17,82,99
x,17,83,88
x,17,84,85
x,17,85,83
x,17,86,83
x,17,87,77
x,17,88,84
x,17,89,102
x,17,90,85
x,17,91,92
x,17,92,90
x,17,93,85
x,17,94,90
x,17,95,70
x,17,96,101
x,17,97,72
x,17,98,87
x,17,99,74
x,17,100,82
x,17,101,93
x,17,102,93
x,17,103,89
x,17,104,67
x,17,105,82
x,17,106,83
x,17,107,75
x,17,108,91
x,17,109,79
x,17,110,92
x,17,111,75
x,17,112,71
x,17,113,92
x,17,114,90
x,17,115,76
x,17,116,81
x,17,117,72
x,17,118,96
x,17,119,88
x,17,120,82
x,17,121,95
x,17,122,78
x,17,123,86
x,17,124,88
x,17,125,69
x,17,126,72
x,17,127,93
x,17,128,99
x,17,129,85
x,17,130,95
x,17,131,87
x,17,132,102
x,17,133,93
x,17,134,82
x,17,135,88
x,17,136,99
x,17,137,93
x,17,138,95
x,17,139,69
x,17,140,102
x,17,141,93
x,17,142,80
x,17,143,68
x,17,144,89
x,17,145,83
x,17,146,84
x,17,147,89
x,17,148,101
x,17,149,85
x,17,150,95
x,17,151,72
x,17,152,91
x,17,153,87
x,17,154,92
x,17,155,104
x,17,156,91
x,17,157,99
x,17,158,68
x,17,159,105
x,17,160,85
x,17,161,84
x,17,162,81
x,17,163,100
x,17,164,81
x,17,165,100
x,17,166,90
x,17,167,85
x,17,168,88
x,17,169,88
x,17,170,75
x,17,171,73
x,17,172,88
x,17,173,86
x,17,174,72
x,17,175,101
x,17,176,76
x,17,177,78
x,17,178,74
x,17,179,94
x,17,180,79
x,17,181,87
x,17,182,79
x,17,183,103
x,17,184,76
x,17,185,83
x,17,186,88
x,17,187,109
x,17,188,87
x,17,189,66
x,17,190,68
x,17,191,92
x,17,192,95
x,17,193,93
x,17,194,91
x,17,195,82
x,17,196,96
x,17,197,97
x,17,198,104
x,17,199,91
x,17,200,85
x,17,201,97
x,17,202,71
x,17,203,84
x,17,204,96
x,17,205,71
x,17,206,100
x,17,207,93
x,17,208,89
x,17,209,93
x,17,210,87
x,17,211,88
x,17,212,71
x,17,213,87
x,17,214,98
x,17,215,80
x,17,216,81
x,17,217,82
x,17,218,64
x,17,219,83
x,17,220,85
x,17,221,90
x,17,222,99
x,17,223,87
x,17,224,75
x,17,225,90
x,17,226,92
x,17,227,106
x,17,228,87
x,17,229,87
x,17,230,95
x,17,231,76
x,17,232,103
x,17,233,80
x,17,234,81
x,17,235,89
x,17,236,92
x,17,237,83
x,17,238,87
x,17,239,96
x,17,240,89
x,17,241,87
x,17,242,85
x,17,243,79
x,17,244,84
x,17,245,84
x,17,246,89
x,17,247,77
x,17,248,82
x,17,249,85
x,17,250,92
x,17,251,84
x,17,252,83
x,17,253,82
x,17,254,74
x,17,255,76
x,18,0,75
x,18,1,95
x,18,2,82
x,18,3,85
x,18,4,88
x,18,5,91
x,18,6,88
x,18,7,86
x,18,8,92
x,18,9,70
x,18,10,81
x,18,11,87
x,18,12,78
x,18,13,76
x,18,14,78
x,18,15,85
x,18,16,93
x,18,17,108
x,18,18,99
x,18,19,83
x,18,20,96
x,18,21,98
x,18,22,65
x,18,23,91
x,18,24,60
x,18,25,89
x,18,26,76
x,18,27,72
x,18,28,82
x,18,29,95
x,18,30,117
x,18,31,98
x,18,32,90
x,18,33,84
x,18,34,86
x,18,35,82
x,18,36,81
x,18,37,85
x,18,38,73
x,18,39,82
x,18,40,77
x,18,41,112
x,18,42,88
x,18,43,62
x,18,44,83
x,18,45,77
x,18,46,102
x,18,47,75
x,18,48,90
x,18,49,80
x,18,50,92
x,18,51,93
x,18,52,80
x,18,53,85
x,18,54,82
x,18,55,96
x,18,56,87
x,18,57,93
x,18,58,91
x,18,59,104
x,18,60,80
x,18,61,85
x,18,62,92
x,18,63,93
x,18,64,77
x,18,65,80
x,18,66,86
x,18,67,77
x,18,68,82
x,18,69,99
x,18,70,84
x,18,71,90
x,18,72,101
x,18,73,97
x,18,74,84
x,18,75,80
x,18,76,81
x,18,77,88
x,18,78,101
x,18,79,76
x,18,80,86
x,18,81,92
x,18,82,92
x,18,83,91
x,18,84,91
x,18,85,85
x,18,86,67
x,18,87,82
x,18,88,83
x,18,89,89
x,18,90,71
x,18,91,90
x,18,92,85
x,18,93,93
x,18,94,83
x,18,95,98
x,18,96,70
x,18,97,74
x,18,98,73
x,18,99,80
x,18,100,80
x,18,101,85
x,18,102,103
x,18,103,91
x,18,104,84
x,18,105,95
x,18,106,72
x,18,107,92
x,18,108,83
x,18,109,74
x,18,110,70
x,18,111,94
x,18,112,77
x,18,113,68
x,18,114,99
x,18,115,86
x,18,116,84
x,18,117,87
x,18,118,77
x,18,119,87
x,18,120,87
x,18,121,78
x,18,122,92
x,18,123,69
x,18,124,91
x,18,125,85
x,18,126,91
x,18,127,68
x,18,128,79
x,18,129,92
x,18,130,86
x,18,131,73
x,18,132,98
x,18,133,75
x,18,134,88
x,18,135,86
x,18,136,85
x,18,137,91
x,18,138,85
x,18,139,90
x,18,140,84
x,18,141,76
x,18,142,79
x,18,143,93
x,18,144,83
x,18,145,72
x,18,146,80
x,18,147,77
x,18,148,94
x,18,149,80
x,18,150,97
x,18,151,98
x,18,152,80
x,18,153,75
x,18,154,93
x,18,155,103
x,18,156,74
x,18,157,87
x,18,158,96
x,18,159,98
x,18,160,86
x,18,161,76
x,18,162,79
x,18,163,101
x,18,164,86
x,18,165,82
x,18,166,90
x,18,167,81
x,18,168,82
x,18,169,84
x,18,170,93
x,18,171,71
x,18,172,98
x,18,173,91
x,18,174,82
x,18,175,82
x,18,176,79
x,18,177,79
x,18,178,80
x,18,179,88
x,18,180,84
x,18,181,94
x,18,182,90
x,18,183,103
x,18,184,90
x,18,185,96
x,18,186,98
x,18,187,80
x,18,188,74
x,18,189,82
x,18,190,89
x,18,191,99
x,18,192,82
x,18,193,83
x,18,194,93
x,18,195,84
x,18,196,94
x,18,197,76
x,18,198,69
x,18,199,93
x,18,200,78
x,18,201,72
x,18,202,96
x,18,203,82
x,18,204,89
x,18,205,83
x,18,206,100
x,18,207,76
x,18,208,70
x,18,209,92
x,18,210,103
x,18,211,93
x,18,212,83
x,18,213,73
x,18,214,108
x,18,215,74
x,18,216,93
x,18,217,78
x,18,218,94
x,18,219,81
x,18,220,83
x,18,221,86
x,18,222,86
x,18,223,77
x,18,224,80
x,18,225,82
x,18,226,90
x,18,227,83
x,18,228,84
x,18,229,84
x,18,230,92
x,18,231,89
x,18,232,70
x,18,233,71
x,18,234,82
x,18,235,70
x,18,236,96
x,18,237,99
x,18,238,88
x,18,239,89
x,18,240,86
x,18,241,83
x,18,242,94
x,18,243,94
x,18,244,74
x,18,245,92
x,18,246,99
x,18,247,106
x,18,248,78
x,18,249,87
x,18,250,99
x,18,251,94
x,18,252,76
x,18,253,90
x,18,254,89
x,18,255,95
x,19,0,81
x,19,1,81
x,19,2,82
x,19,3,89
x,19,4,95
x,19,5,86
x,19,6,95
x,19,7,94
x,19,8,90
x,19,9,87
x,19,10,90
x,19,11,80
x,19,12,68
x,19,13,93
x,19,14,88
x,19,15,85
x,19,16,116
x,19,17,80
x,19,18,87
x,19,19,85
x,19,20,80
x,19,21,81
x,19,22,92
x,19,23,90
x,19,24,88
x,19,25,87
x,19,26,87
x,19,27,78
x,19,28,81
x,19,29,94
x,19,30,75
x,19,31,68
x,19,32,86
x,19,33,93
x,19,34,84
x,19,35,68
x,19,36,98
x,19,37,95
x,19,38,103
x,19,39,104
x,19,40,93
x,19,41,89
x,19,42,87
x,19,43,84
x,19,44,104
x,19,45,80
x,19,46,86
x,19,47,84
x,19,48,84
x,19,49,76
x,19,50,75
x,19,51,95
x,19,52,82
x,19,53,76
x,19,54,81
x,19,55,91
x,19,56,98
x,19,57,82
x,19,58,79
x,19,59,80
x,19,60,95
x,19,61,78
x,19,62,93
x,19,63,83
x,19,64,82
x,19,65,75
x,19,66,95
x,19,67,81
x,19,68,92
x,19,69,94
x,19,70,95
x,19,71,87
x,19,72,88
x,19,73,81
x,19,74,93
x,19,75,79
x,19,76,84
x,19,77,80
x,19,78,101
x,19,79,100
x,19,80,94
x,19,81,94
x,19,82,73
x,19,83,103
x,19,84,90
x,19,85,89
x,19,86,73
x,19,87,75
x,19,88,89
x,19,89,80
x,19,90,80
x,19,91,101
x,19,92,91
x,19,93,95
x,19,94,69
x,19,95,80
x,19,96,97
x,19,97,100
x,19,98,96
x,19,99,71
x,19,100,94
x,19,101,94
x,19,102,81
x,19,103,86
x,19,104,83
x,19,105,93
x,19,106,90
x,19,107,89
x,19,108,101
x,19,109,88
x,19,110,85
x,19,111,101
x,19,112,89
x,19,113,76
x,19,114,80
x,19,115,75
x,19,116,90
x,19,117,90
x,19,118,91
x,19,119,90
x,19,120,85
x,19,121,73
x,19,122,90
x,19,123,77
x,19,124,99
x,19,125,80
x,19,126,89
x,19,127,71
x,19,128,84
x,19,129,89
x,19,130,78
x,19,131,77
x,19,132,82
x,19,133,89
x,19,134,72
x,19,135,98
x,19,136,76
x,19,137,70
x,19,138,65
x,19,139,83
x,19,140,90
x,19,141,90
x,19,142,85
x,19,143,83
x,19,144,96
x,19,145,88
x,19,146,87
x,19,147,71
x,19,148,83
x,19,149,88
x,19,150,85
x,19,151,93
x,19,152,72
x,19,153,83
x,19,154,88
x,19,155,97
x,19,156,80
x,19,157,85
x,19,158,92
x,19,159,92
x,19,160,68
x,19,161,85
x,19,162,95
x,19,163,87
x,19,164,83
x,19,165,89
x,19,166,83
x,19,167,89
x,19,168,82
x,19,169,94
x,19,170,81
x,19,171,79
x,19,172,93
x,19,173,88
x,19,174,84
x,19,175,77
x,19,176,69
x,19,177,83
x,19,178,92
x,19,179,81
x,19,180,87
x,19,181,80
x,19,182,78
x,19,183,81
x,19,184,84
x,19,185,83
x,19,186,74
x,19,187,85
x,19,188,84
x,19,189,99
x,19,190,90
x,19,191,81
x,19,192,91
x,19,193,81
x,19,194,88
x,19,195,86
x,19,196,77
x,19,197,80
x,19,198,93
x,19,199,101
x,19,200,87
x,19,201,116
x,19,202,81
x,19,203,74
x,19,204,77
x,19,205,69
x,19,206,102
x,19,207,93
x,19,208,91
x,19,209,92
x,19,210,80
x,19,211,85
x,19,212,78
x,19,213,80
x,19,214,101
x,19,215,93
x,19,216,91
x,19,217,78
x,19,218,80
x,19,219,84
x,19,220,85
x,19,221,76
x,19,222,69
x,19,223,72
x,19,224,83
x,19,225,91
x,19,226,78
x,19,227,69
x,19,228,77
x,19,229,69
x,19,230,95
x,19,231,80
x,19,232,94
x,19,233,64
x,19,234,75
x,19,235,96
x,19,236,92
x,19,237,89
x,19,238,85
x,19,239,92
x,19,240,85
x,19,241,85
x,19,242,84
x,19,243,87
x,19,244,95
x,19,245,94
x,19,246,92
x,19,247,72
x,19,248,77
x,19,249,80
x,19,250,75
x,19,251,98
x,19,252,96
x,19,253,96
x,19,254,88
x,19,255,94
x,20,0,89
x,20,1,88
x,20,2,88
x,20,3,85
x,20,4,82
x,20,5,92
x,20,6,84
x,20,7,92
x,20,8,90
x,20,9,98
x,20,10,73
x,20,11,93
x,20,12,71
x,20,13,84
x,20,14,70
x,20,15,91
x,20,16,95
x,20,17,72
x,20,18,80
x,20,19,78
x,20,20,91
x,20,21,82
x,20,22,96
x,20,23,72
x,20,24,86
x,20,25,85
x,20,26,84
x,20,27,78
x,20,28,85
x,20,29,83
x,20,30,91
x,20,31,82
x,20,32,94
x,20,33,91
x,20,34,75
x,20,35,101
x,20,36,76
x,20,37,80
x,20,38,82
x,20,39,92
x,20,40,91
x,20,41,98
x,20,42,92
x,20,43,82
x,20,44,79
x,20,45,83
x,20,46,84
x,20,47,98
x,20,48,71
x,20,49,79
x,20,50,72
x,20,51,80
x,20,52,88
x,20,53,98
x,20,54,94
x,20,55,77
x,20,56,93
x,20,57,76
x,20,58,83
x,20,59,82
x,20,60,87
x,20,61,84
x,20,62,94
x,20,63,78
x,20,64,80
x,20,65,88
x,20,66,100
x,20,67,108
x,20,68,80
x,20,69,85
x,20,70,79
x,20,71,86
x,20,72,97
x,20,73,77
x,20,74,82
x,20,75,71
x,20,76,63
x,20,77,64
x,20,78,69
x,20,79,89
x,20,80,90
x,20,81,78
x,20,82,100
x,20,83,81
x,20,84,76
x,20,85,96
x,20,86,100
x,20,87,79
x,20,88,88
x,20,89,86
x,20,90,74
x,20,91,96
x,20,92,99
x,20,93,78
x,20,94,88
x,20,95,94
x,20,96,89
x,20,97,88
x,20,98,75
x,20,99,79
x,20,100,86
x,20,101,107
x,20,102,98
x,20,103,96
x,20,104,90
x,20,105,89
x,20,106,96
x,20,107,71
x,20,108,80
x,20,109,69
x,20,110,81
x,20,111,83
x,20,112,84
x,20,113,94
x,20,114,78
x,20,115,119
x,20,116,99
x,20,117,90
x,20,118,85
x,20,119,90
x,20,120,100
x,20,121,73
x,20,122,94
x,20,123,92
x,20,124,93
x,20,125,70
x,20,126,86
x,20,127,77
x,20,128,88
x,20,129,89
x,20,130,79
x,20,131,99
x,20,132,90
x,20,133,92
x,20,134,93
x,20,135,72
x,20,136,92
x,20,137,84
x,20,138,98
x,20,139,81
x,20,140,88
x,20,141,95
x,20,142,74
x,20,143,87
x,20,144,93
x,20,145,71
x,20,146,83
x,20,147,87
x,20,148,91
x,20,149,101
x,20,150,89
x,20,151,76
x,20,152,96
x,20,153,101
x,20,154,73
x,20,155,77
x,20,156,102
x,20,157,87
x,20,158,89
x,20,159,92
x,20,160,93
x,20,161,81
x,20,162,77
x,20,163,85
x,20,164,94
x,20,165,86
x,20,166,85
x,20,167,114
x,20,168,93
x,20,169,73
x,20,170,84
x,20,171,94
x,20,172,84
x,20,173,91
x,20,174,91
x,20,175,89
x,20,176,74
x,20,177,90
x,20,178,90
x,20,179,85
x,20,180,86
x,20,181,99
x,20,182,78
x,20,183,72
x,20,184,96
x,20,185,75
x,20,186,86
x,20,187,81
x,20,188,89
x,20,189,70
x,20,190,77
x,20,191,66
x,20,192,90
x,20,193,89
x,20,194,93
x,20,195,92
x,20,196,85
x,20,197,75
x,20,198,78
x,20,199,90
x,20,200,88
x,20,201,92
x,20,202,97
x,20,203,81
x,20,204,83
x,20,205,71
x,20,206,81
x,20,207,82
x,20,208,73
x,20,209,82
x,20,210,85
x,20,211,83
x,20,212,97
x,20,213,87
x,20,214,97
x,20,215,83
x,20,216,72
x,20,217,91
x,20,218,80
x,20,219,77
x,20,220,76
x,20,221,74
x,20,222,76
x,20,223,86
x,20,224,73
x,20,225,88
x,20,226,103
x,20,227,84
x,20,228,77
x,20,229,93
x,20,230,79
x,20,231,94
x,20,232,75
x,20,233,85
x,20,234,93
x,20,235,105
x,20,236,88
x,20,237,88
x,20,238,92
x,20,239,77
x,20,240,91
x,20,241,89
x,20,242,88
x,20,243,67
x,20,244,83
x,20,245,62
x,20,246,73
x,20,247,95
x,20,248,100
x,20,249,97
x,20,250,93
x,20,251,72
x,20,252,85
x,20,253,94
x,20,254,87
x,20,255,94
x,21,0,79
x,21,1,84
x,21,2,83
x,21,3,89
x,21,4,86
x,21,5,88
x,21,6,82
x,21,7,86
x,21,8,96
x,21,9,75
x,21,10,81
x,21,11,79
x,21,12,72
x,21,13,88
x,21,14,90
x,21,15,84
x,21,16,104
x,21,17,88
x,21,18,93
x,21,19,86
x,21,20,80
x,21,21,81
x,21,22,78
x,21,23,79
x,21,24,69
x,21,25,92
x,21,26,85
x,21,27,78
x,21,28,88
x,21,29,80
x,21,30,97
x,21,31,85
x,21,32,75
x,21,33,85
x,21,34,81
x,21,35,79
x,21,36,77
x,21,37,106
x,21,38,79
x,21,39,92
x,21,40,78
x,21,41,89
x,21,42,91
x,21,43,102
x,21,44,87
x,21,45,85
x,21,46,74
x,21,47,81
x,21,48,87
x,21,49,88
x,21,50,95
x,21,51,79
x,21,52,91
x,21,53,72
x,21,54,92
x,21,55,97
x,21,56,82
x,21,57,93
x,21,58,91
x,21,59,97
x,21,60,86
x,21,61,101
x,21,62,74
x,21,63,81
x,21,64,80
x,21,65,83
x,21,66,101
x,21,67,78
x,21,68,84
x,21,69,86
x,21,70,92
x,21,71,75
x,21,72,75
x,21,73,86
x,21,74,87
x,21,75,87
x,21,76,81
x,21,77,89
x,21,78,73
x,21,79,91
x,21,80,87
x,21,81,74
x,21,82,73
x,21,83,91
x,21,84,77
x,21,85,99
x,21,86,75
x,21,87,68
x,21,88,82
x,21,89,88
x,21,90,79
x,21,91,81
x,21,92,81
x,21,93,92
x,21,94,87
x,21,95,70
x,21,96,88
x,21,97,72
x,21,98,77
x,21,99,93
x,21,100,84
x,21,101,81
x,21,102,89
x,21,103,91
x,21,104,93
x,21,105,74
x,21,106,88
x,21,107,81
x,21,108,74
x,21,109,66
x,21,110,94
x,21,111,86
x,21,112,86
x,21,113,89
x,21,114,85
x,21,115,96
x,21,116,90
x,21,117,76
x,21,118,92
x,21,119,89
x,21,120,72
x,21,121,87
x,21,122,77
x,21,123,77
x,21,124,79
x,21,125,107
x,21,126,101
x,21,127,88
x,21,128,78
x,21,129,75
x,21,130,87
x,21,131,72
x,21,132,71
x,21,133,72
x,21,134,83
x,21,135,83
x,21,136,74
x,21,137,92
x,21,138,90
x,21,139,84
x,21,140,87
x,21,141,102
x,21,142,89
x,21,143,84
x,21,144,80
x,21,145,81
x,21,146,70
x,21,147,93
x,21,148,95
x,21,149,83
x,21,150,87
x,21,151,80
x,21,152,69
x,21,153,94
x,21,154,94
x,21,155,77
x,21,156,75
x,21,157,76
x,21,158,74
x,21,159,89
x,21,160,83
x,21,161,88
x,21,162,79
x,21,163,102
x,21,164,90
x,21,165,80
x,21,166,89
x,21,167,91
x,21,168,92
x,21,169,108
x,21,170,89
x,21,171,82
x,21,172,92
x,21,173,100
x,21,174,85
x,21,175,96
x,21,176,87
x,21,177,74
x,21,178,103
x,21,179,97
x,21,180,80
x,21,181,96
x,21,182,84
x,21,183,101
x,21,184,91
x,21,185,103
x,21,186,95
x,21,187,82
x,21,188,94
x,21,189,84
x,21,190,85
x,21,191,89
x,21,192,80
x,21,193,94
x,21,194,102
x,21,195,94
x,21,196,75
x,21,197,94
x,21,198,91
x,21,199,83
x,21,200,88
x,21,201,80
x,21,202,82
x,21,203,76
x,21,204,80
x,21,205,77
x,21,206,91
x,21,207,97
x,21,208,78
x,21,209,97
x,21,210,60
x,21,211,89
x,21,212,83
x,21,213,84
x,21,214,93
x,21,215,86
x,21,216,73
x,21,217,88
x,21,218,74
x,21,219,75
x,21,220,79
x,21,221,82
x,21,222,88
x,21,223,92
x,21,224,94
x,21,225,89
x,21,226,98
x,21,227,86
x,21,228,82
x,21,229,100
x,21,230,81
x,21,231,84
x,21,232,99
x,21,233,93
x,21,234,81
x,21,235,96
x,21,236,97
x,21,237,87
x,21,238,88
x,21,239,73
x,21,240,86
x,21,241,94
x,21,242,68
x,21,243,81
x,21,244,113
x,21,245,88
x,21,246,84
x,21,247,106
x,21,248,90
x,21,249,96
x,21,250,91
x,21,251,87
x,21,252,98
x,21,253,88
x,21,254,87
x,21,255,86
x,22,0,71
x,22,1,101
x,22,2,83
x,22,3,89
x,22,4,84
x,22,5,83
x,22,6,94
x,22,7,97
x,22,8,76
x,22,9,87
x,22,10,83
x,22,11,91
x,22,12,77
x,22,13,71
x,22,14,93
x,22,15,90
x,22,16,95
x,22,17,78
x,22,18,85
x,22,19,98
x,22,20,80
x,22,21,93
x,22,22,98
x,22,23,106
x,22,24,76
x,22,25,97
x,22,26,90
x,22,27,73
x,22,28,100
x,22,29,92
x,22,30,83
x,22,31,84
x,22,32,86
x,22,33,83
x,22,34,102
x,22,35,94
x,22,36,81
x,22,37,80
x,22,38,109
x,22,39,90
x,22,40,85
x,22,41,83
x,22,42,76
x,22,43,78
x,22,44,75
x,22,45,84
x,22,46,84
x,22,47,84
x,22,48,78
x,22,49,83
x,22,50,80
x,22,51,92
x,22,52,83
x,22,53,93
x,22,54,108
x,22,55,85
x,22,56,89
x,22,57,86
x,22,58,84
x,22,59,81
x,22,60,86
x,22,61,77
x,22,62,66
x,22,63,65
x,22,64,68
x,22,65,76
x,22,66,84
x,22,67,76
x,22,68,81
x,22,69,67
x,22,70,79
x,22,71,83
x,22,72,88
x,22,73,84
x,22,74,87
x,22,75,80
x,22,76,84
x,22,77,84
x,22,78,78
x,22,79,97
x,22,80,93
x,22,81,86
x,22,82,80
x,22,83,77
x,22,84,72
x,22,85,91
x,22,86,63
x,22,87,88
x,22,88,81
x,22,89,87
x,22,90,92
x,22,91,83
x,22,92,83
x,22,93,93
x,22,94,88
x,22,95,85
x,22,96,83
x,22,97,93
x,22,98,80
x,22,99,73
x,22,100,82
x,22,101,86
x,22,102,78
x,22,103,95
x,22,104,80
x,22,105,90
x,22,106,79
x,22,107,98
x,22,108,76
x,22,109,78
x,22,110,101
x,22,111,78
x,22,112,73
x,22,113,99
x,22,114,107
x,22,115,112
x,22,116,89
x,22,117,85
x,22,118,74
x,22,119,82
x,22,120,79
x,22,121,93
x,22,122,94
x,22,123,85
x,22,124,83
x,22,125,93
x,22,126,87
x,22,127,80
x,22,128,95
x,22,129,82
x,22,130,75
x,22,131,95
x,22,132,101
x,22,133,86
x,22,134,75
x,22,135,102
x,22,136,87
x,22,137,85
x,22,138,78
x,22,139,94
x,22,140,102
x,22,141,79
x,22,142,68
x,22,143,77
x,22,144,85
x,22,145,89
x,22,146,103
x,22,147,86
x,22,148,89
x,22,149,82
x,22,150,83
x,22,151,92
x,22,152,75
x,22,153,109
x,22,154,69
x,22,155,103
x,22,156,83
x,22,157,76
x,22,158,105
x,22,159,75
x,22,160,99
x,22,161,93
x,22,162,96
x,22,163,81
x,22,164,76
x,22,165,79
x,22,166,67
x,22,167,89
x,22,168,104
x,22,169,79
x,22,170,86
x,22,171,95
x,22,172,90
x,22,173,89
x,22,174,69
x,22,175,109
x,22,176,63
x,22,177,73
x,22,178,83
x,22,179,87
x,22,180,87
x,22,181,87
x,22,182,83
x,22,183,83
x,22,184,69
x,22,185,89
x,22,186,96
x,22,187,94
x,22,188,89
x,22,189,89
x,22,190,90
x,22,191,97
x,22,192,88
x,22,193,92
x,22,194,97
x,22,195,95
x,22,196,92
x,22,197,69
x,22,198,82
x,22,199,72
x,22,200,88
x,22,201,83
x,22,202,92
x,22,203,65
x,22,204,88
x,22,205,82
x,22,206,79
x,22,207,71
x,22,208,96
x,22,209,76
x,22,210,75
x,22,211,86
x,22,212,93
x,22,213,111
x,22,214,87
x,22,215,87
x,22,216,94
x,22,217,78
x,22,218,84
x,22,219,85
x,22,220,90
x,22,221,85
x,22,222,92
x,22,223,84
x,22,224,94
x,22,225,99
x,22,226,84
x,22,227,90
x,22,228,84
x,22,229,92
x,22,230,82
x,22,231,66
x,22,232,71
x,22,233,86
x,22,234,95
x,22,235,90
x,22,236,86
x,22,237,88
x,22,238,89
x,22,239,89
x,22,240,86
x,22,241,75
x,22,242,85
x,22,243,76
x,22,244,86
x,22,245,76
x,22,246,99
x,22,247,94
x,22,248,84
x,22,249,81
x,22,250,97
x,22,251,81
x,22,252,111
x,22,253,79
x,22,254,88
x,22,255,76
x,23,0,104
x,23,1,82
x,23,2,84
x,23,3,83
x,23,4,82
x,23,5,83
x,23,6,82
x,23,7,89
x,23,8,73
x,23,9,90
x,23,10,92
x,23,11,95
x,23,12,103
x,23,13,101
x,23,14,95
x,23,15,79
x,23,16,93
x,23,17,82
x,23,18,87
x,23,19,74
x,23,20,89
x,23,21,85
x,23,22,95
x,23,23,81
x,23,24,90
x,23,25,99
x,23,26,78
x,23,27,81
x,23,28,89
x,23,29,84
x,23,30,76
x,23,31,88
x,23,32,76
x,23,33,93
x,23,34,92
x,23,35,77
x,23,36,83
x,23,37,87
x,23,38,73
x,23,39,89
x,23,40,86
x,23,41,82
x,23,42,66
x,23,43,97
x,23,44,77
x,23,45,81
x,23,46,112
x,23,47,89
x,23,48,90
x,23,49,84
x,23,50,80
x,23,51,75
x,23,52,86
x,23,53,93
x,23,54,83
x,23,55,105
x,23,56,100
x,23,57,83
x,23,58,92
x,23,59,88
x,23,60,90
x,23,61,90
x,23,62,86
x,23,63,96
x,23,64,88
x,23,65,75
x,23,66,110
x,23,67,87
x,23,68,72
x,23,69,65
x,23,70,71
x,23,71,94
x,23,72,80
x,23,73,93
x,23,74,87
x,23,75,94
x,23,76,105
x,23,77,86
x,23,78,74
x,23,79,112
x,23,80,68
x,23,81,91
x,23,82,74
x,23,83,97
x,23,84,77
x,23,85,75
x,23,86,77
x,23,87,87
x,23,88,92
x,23,89,83
x,23,90,76
x,23,91,79
x,23,92,85
x,23,93,85
x,23,94,76
x,23,95,93
x,23,96,93
x,23,97,89
x,23,98,88
x,23,99,82
x,23,100,87
x,23,101,84
x,23,102,90
x,23,103,85
x,23,104,82
x,23,105,93
x,23,106,99
x,23,107,87
x,23,108,80
x,23,109,88
x,23,110,99
x,23,111,92
x,23,112,96
x,23,113,86
x,23,114,73
x,23,115,85
x,23,116,79
x,23,117,83
x,23,118,83
x,23,119,92
x,23,120,84
x,23,121,89
x,23,122,91
x,23,123,73
x,23,124,59
x,23,125,86
x,23,126,92
x,23,127,88
x,23,128,88
x,23,129,87
x,23,130,86
x,23,131,78
x,23,132,82
x,23,133,92
x,23,134,91
x,23,135,77
x,23,136,80
x,23,137,80
x,23,138,84
x,23,139,85
x,23,140,87
x,23,141,92
x,23,142,74
x,23,143,76
x,23,144,68
x,23,145,71
x,23,146,92
x,23,147,83
x,23,148,75
x,23,149,95
x,23,150,84
x,23,151,78
x,23,152,98
x,23,153,91
x,23,154,77
x,23,155,71
x,23,156,86
x,23,157,82
x,23,158,69
x,23,159,96
x,23,160,85
x,23,161,109
x,23,162,80
x,23,163,77
x,23,164,88
x,23,165,82
x,23,166,93
x,23,167,97
x,23,168,71
x,23,169,70
x,23,170,87
x,23,171,98
x,23,172,65
x,23,173,84
x,23,174,86
x,23,175,82
x,23,176,97
x,23,177,88
x,23,178,85
x,23,179,100
x,23,180,80
x,23,181,63
x,23,182,81
x,23,183,79
x,23,184,86
x,23,185,84
x,23,186,101
x,23,187,82
x,23,188,88
x,23,189,105
x,23,190,78
x,23,191,83
x,23,192,101
x,23,193,73
x,23,194,80
x,23,195,85
x,23,196,85
x,23,197,85
x,23,198,80
x,23,199,107
x,23,200,86
x,23,201,93
x,23,202,85
x,23,203,91
x,23,204,91
x,23,205,72
x,23,206,71
x,23,207,70
x,23,208,95
x,23,209,91
x,23,210,103
x,23,211,102
x,23,212,89
x,23,213,88
x,23,214,73
x,23,215,83
x,23,216,80
x,23,217,70
x,23,218,80
x,23,219,89
x,23,220,90
x,23,221,96
x,23,222,105
x,23,223,80
x,23,224,66
x,23,225,83
x,23,226,82
x,23,227,96
x,23,228,98
x,23,229,92
x,23,230,76
x,23,231,90
x,23,232,84
x,23,233,99
x,23,234,73
x,23,235,89
x,23,236,85
x,23,237,79
x,23,238,91
x,23,239,98
x,23,240,86
x,23,241,106
x,23,242,91
x,23,243,85
x,23,244,80
x,23,245,70
x,23,246,81
x,23,247,77
x,23,248,90
x,23,249,82
x,23,250,94
x,23,251,76
x,23,252,82
x,23,253,95
x,23,254,107
x,23,255,78
x,24,0,90
x,24,1,87
x,24,2,86
x,24,3,83
x,24,4,88
x,24,5,86
x,24,6,84
x,24,7,86
x,24,8,81
x,24,9,81
x,24,10,87
x,24,11,78
x,24,12,86
x,24,13,88
x,24,14,93
x,24,15,84
x,24,16,65
x,24,17,83
x,24,18,86
x,24,19,92
x,24,20,90
x,24,21,88
x,24,22,74
x,24,23,86
x,24,24,74
x,24,25,92
x,24,26,79
x,24,27,90
x,24,28,82
x,24,29,90
x,24,30,85
x,24,31,81
x,24,32,76
x,24,33,106
x,24,34,90
x,24,35,94
x,24,36,89
x,24,37,83
x,24,38,81
x,24,39,74
x,24,40,82
x,24,41,102
x,24,42,79
x,24,43,83
x,24,44,94
x,24,45,80
x,24,46,83
x,24,47,78
x,24,48,94
x,24,49,90
x,24,50,80
x,24,51,82
x,24,52,67
x,24,53,80
x,24,54,94
x,24,55,87
x,24,56,79
x,24,57,87
x,24,58,83
x,24,59,99
x,24,60,86
x,24,61,77
x,24,62,87
x,24,63,73
x,24,64,79
x,24,65,84
x,24,66,86
x,24,67,82
x,24,68,90
x,24,69,78
x,24,70,85
x,24,71,105
x,24,72,96
x,24,73,73
x,24,74,92
x,24,75,86
x,24,76,92
x,24,77,85
x,24,78,83
x,24,79,100
x,24,80,78
x,24,81,80
x,24,82,98
x,24,83,102
x,24,84,86
x,24,85,90
x,24,86,68
x,24,87,88
x,24,88,87
x,24,89,82
x,24,90,99
x,24,91,79
x,24,92,77
x,24,93,86
x,24,94,94
x,24,95,83
x,24,96,80
x,24,97,89
x,24,98,84
x,24,99,70
x,24,100,96
x,24,101,79
x,24,102,82
x,24,103,100
x,24,104,88
x,24,105,85
x,24,106,87
x,24,107,82
x,24,108,82
x,24,109,81
x,24,110,90
x,24,111,99
x,24,112,82
x,24,113,99
x,24,114,104
x,24,115,89
x,24,116,83
x,24,117,75
x,24,118,92
x,24,119,81
x,24,120,75
x,24,121,95
x,24,122,73
x,24,123,81
x,24,124,90
x,24,125,86
x,24,126,69
x,24,127,95
x,24,128,73
x,24,129,114
x,24,130,73
x,24,131,80
x,24,132,80
x,24,133,87
x,24,134,80
x,24,135,75
x,24,136,84
x,24,137,97
x,24,138,72
x,24,139,98
x,24,140,99
x,24,141,86
x,24,142,75
x,24,143,91
x,24,144,84
x,24,145,73
x,24,146,94
x,24,147,95
x,24,148,79
x,24,149,90
x,24,150,81
x,24,151,91
x,24,152,88
x,24,153,64
x,24,154,92
x,24,155,90
x,24,156,78
x,24,157,86
x,24,158,101
x,24,159,88
x,24,160,87
x,24,161,83
x,24,162,76
x,24,163,87
x,24,164,96
x,24,165,89
x,24,166,70
x,24,167,88
x,24,168,68
x,24,169,86
x,24,170,80
x,24,171,68
x,24,172,68
x,24,173,80
x,24,174,92
x,24,175,83
x,24,176,107
x,24,177,79
x,24,178,91
x,24,179,100
x,24,180,85
x,24,181,71
x,24,182,70
x,24,183,78
x,24,184,93
x,24,185,97
x,24,186,86
x,24,187,93
x,24,188,88
x,24,189,83
x,24,190,95
x,24,191,82
x,24,192,103
x,24,193,84
x,24,194,87
x,24,195,79
x,24,196,80
x,24,197,76
x,24,198,72
x,24,199,86
x,24,200,80
x,24,201,88
x,24,202,93
x,24,203,92
x,24,204,106
x,24,205,110
x,24,206,74
x,24,207,88
x,24,208,95
x,24,209,94
x,24,210,82
x,24,211,77
x,24,212,91
x,24,213,80
x,24,214,89
x,24,215,84
x,24,216,94
x,24,217,75
x,24,218,92
x,24,219,88
x,24,220,95
x,24,221,73
x,24,222,86
x,24,223,84
x,24,224,91
x,24,225,90
x,24,226,93
x,24,227,94
x,24,228,79
x,24,229,104
x,24,230,93
x,24,231,82
x,24,232,88
x,24,233,79
x,24,234,79
x,24,235,93
x,24,236,92
x,24,237,77
x,24,238,90
x,24,239,91
x,24,240,90
x,24,241,105
x,24,242,77
x,24,243,104
x,24,244,95
x,24,245,99
x,24,246,73
x,24,247,102
x,24,248,87
x,24,249,69
x,24,250,70
x,24,251,84
x,24,252,69
x,24,253,93
x,24,254,84
x,24,255,83
x,25,0,90
x,25,1,70
x,25,2,74
x,25,3,87
x,25,4,92
x,25,5,79
x,25,6,78
x,25,7,69
x,25,8,93
x,25,9,91
x,25,10,103
x,25,11,86
x,25,12,85
x,25,13,82
x,25,14,81
x,25,15,99
x,25,16,78
x,25,17,97
x,25,18,81
x,25,19,94
x,25,20,90
x,25,21,85
x,25,22,68
x,25,23,84
x,25,24,96
x,25,25,92
x,25,26,61
x,25,27,87
x,25,28,84
x,25,29,81
x,25,30,80
x,25,31,82
x,25,32,87
x,25,33,102
x,25,34,90
x,25,35,97
x,25,36,93
x,25,37,84
x,25,38,83
x,25,39,82
x,25,40,93
x,25,41,80
x,25,42,83
x,25,43,85
x,25,44,83
x,25,45,89
x,25,46,73
x,25,47,80
x,25,48,86
x,25,49,77
x,25,50,76
x,25,51,94
x,25,52,93
x,25,53,66
x,25,54,87
x,25,55,78
x,25,56,88
x,25,57,75
x,25,58,87
x,25,59,93
x,25,60,76
x,25,61,108
x,25,62,72
x,25,63,82
x,25,64,70
x,25,65,82
x,25,66,94
x,25,67,95
x,25,68,83
x,25,69,93
x,25,70,84
x,25,71,90
x,25,72,74
x,25,73,90
x,25,74,79
x,25,75,84
x,25,76,91
x,25,77,80
x,25,78,82
x,25,79,77
x,25,80,84
x,25,81,86
x,25,82,97
x,25,83,70
x,25,84,91
x,25,85,92
x,25,86,90
x,25,87,76
x,25,88,84
x,25,89,66
x,25,90,88
x,25,91,83
x,25,92,81
x,25,93,91
x,25,94,105
x,25,95,88
x,25,96,92
x,25,97,86
x,25,98,94
x,25,99,95
x,25,100,88
x,25,101,79
x,25,102,85
x,25,103,87
x,25,104,71
x,25,105,75
x,25,106,79
x,25,107,81
x,25,108,80
x,25,109,93
x,25,110,84
x,25,111,88
x,25,112,77
x,25,113,93
x,25,114,83
x,25,115,90
x,25,116,76
x,25,117,81
x,25,118,72
x,25,119,87
x,25,120,71
x,25,121,93
x,25,122,77
x,25,123,79
x,25,124,89
x,25,125,80
x,25,126,75
x,25,127,91
x,25,128,93
x,25,129,92
x,25,130,103
x,25,131,85
x,25,132,82
x,25,133,92
x,25,134,80
x,25,135,88
x,25,136,87
x,25,137,103
x,25,138,90
x,25,139,94
x,25,140,96
x,25,141,78
x,25,142,82
x,25,143,69
x,25,144,86
x,25,145,90
x,25,146,92
x,25,147,83
x,25,148,85
x,25,149,82
x,25,150,88
x,25,151,84
x,25,152,95
x,25,153,76
x,25,154,94
x,25,155,83
x,25,156,92
x,25,157,77
x,25,158,81
x,25,159,83
x,25,160,86
x,25,161,70
x,25,162,95
x,25,163,93
x,25,164,87
x,25,165,87
x,25,166,80
x,25,167,93
x,25,168,86
x,25,169,86
x,25,170,90
x,25,171,105
x,25,172,80
x,25,173,71
x,25,174,88
x,25,175,96
x,25,176,83
x,25,177,86
x,25,178,83
x,25,179,104
x,25,180,100
x,25,181,90
x,25,182,99
x,25,183,85
x,25,184,70
x,25,185,104
x,25,186,87
x,25,187,89
x,25,188,90
x,25,189,85
x,25,190,88
x,25,191,80
x,25,192,75
x,25,193,93
x,25,194,94
x,25,195,85
x,25,196,102
x,25,197,67
x,25,198,89
x,25,199,87
x,25,200,77
x,25,201,82
x,25,202,87
x,25,203,82
x,25,204,95
x,25,205,72
x,25,206,71
x,25,207,88
x,25,208,93
x,25,209,72
x,25,210,86
x,25,211,84
x,25,212,86
x,25,213,79
x,25,214,86
x,25,215,102
x,25,216,84
x,25,217,90
x,25,218,88
x,25,219,82
x,25,220,78
x,25,221,94
x,25,222,88
x,25,223,92
x,25,224,87
x,25,225,95
x,25,226,85
x,25,227,94
x,25,228,81
x,25,229,83
x,25,230,75
x,25,231,83
x,25,232,91
x,25,233,77
x,25,234,87
x,25,235,93
x,25,236,94
x,25,237,85
x,25,238,86
x,25,239,91
x,25,240,97
x,25,241,104
x,25,242,89
x,25,243,82
x,25,244,89
x,25,245,82
x,25,246,92
x,25,247,91
x,25,248,91
x,25,249,82
x,25,250,80
x,25,251,82
x,25,252,80
x,25,253,105
x,25,254,86
x,25,255,91
x,26,0,83
x,26,1,69
x,26,2,88
x,26,3,90
x,26,4,83
x,26,5,88
x,26,6,99
x,26,7,91
x,26,8,87
x,26,9,90
x,26,10,89
x,26,11,77
x,26,12,91
x,26,13,83
x,26,14,95
x,26,15,69
x,26,16,90
x,26,17,87
x,26,18,81
x,26,19,90
x,26,20,81
x,26,21,75
x,26,22,81
x,26,23,104
x,26,24,88
x,26,25,76
x,26,26,81
x,26,27,105
x,26,28,92
x,26,29,96
x,26,30,75
x,26,31,91
x,26,32,64
x,26,33,82
x,26,34,108
x,26,35,90
x,26,36,84
x,26,37,90
x,26,38,82
x,26,39,92
x,26,40,83
x,26,41,96
x,26,42,103
x,26,43,93
x,26,44,97
x,26,45,90
x,26,46,90
x,26,47,90
x,26,48,81
x,26,49,73
x,26,50,84
x,26,51,87
x,26,52,95
x,26,53,89
x,26,54,90
x,26,55,93
x,26,56,85
x,26,57,87
x,26,58,81
x,26,59,95
x,26,60,89
x,26,61,96
x,26,62,93
x,26,63,96
x,26,64,89
x,26,65,74
x,26,66,87
x,26,67,79
x,26,68,80
x,26,69,97
x,26,70,79
x,26,71,84
x,26,72,87
x,26,73,107
x,26,74,69
x,26,75,84
x,26,76,86
x,26,77,87
x,26,78,84
x,26,79,79
x,26,80,84
x,26,81,72
x,26,82,84
x,26,83,100
x,26,84,82
x,26,85,90
x,26,86,88
x,26,87,83
x,26,88,93
x,26,89,80
x,26,90,90
x,26,91,89
x,26,92,76
x,26,93,90
x,26,94,78
x,26,95,74
x,26,96,80
x,26,97,83
x,26,98,83
x,26,99,75
x,26,100,87
x,26,101,70
x,26,102,82
x,26,103,76
x,26,104,84
x,26,105,77
x,26,106,93
x,26,107,83
x,26,108,91
x,26,109,97
x,26,110,94
x,26,111,74
x,26,112,86
x,26,113,99
x,26,114,82
x,26,115,81
x,26,116,83
x,26,117,81
x,26,118,81
x,26,119,97
x,26,120,78
x,26,121,93
x,26,122,92
x,26,123,77
x,26,124,83
x,26,125,70
x,26,126,84
x,26,127,74
x,26,128,72
x,26,129,76
x,26,130,92
x,26,131,77
x,26,132,97
x,26,133,83
x,26,134,72
x,26,135,84
x,26,136,89
x,26,137,95
x,26,138,79
x,26,139,87
x,26,140,96
x,26,141,86
x,26,142,81
x,26,143,83
x,26,144,89
x,26,145,78
x,26,146,79
x,26,147,96
x,26,148,73
x,26,149,95
x,26,150,107
x,26,151,91
x,26,152,77
x,26,153,83
x,26,154,80
x,26,155,84
x,26,156,80
x,26,157,89
x,26,158,90
x,26,159,96
x,26,160,77
x,26,161,82
x,26,162,94
x,26,163,77
x,26,164,83
x,26,165,76
x,26,166,91
x,26,167,78
x,26,168,82
x,26,169,72
x,26,170,87
x,26,171,89
x,26,172,93
x,26,173,92
x,26,174,107
x,26,175,82
x,26,176,77
x,26,177,92
x,26,178,88
x,26,179,86
x,26,180,105
x,26,181,91
x,26,182,76
x,26,183,79
x,26,184,81
x,26,185,82
x,26,186,94
x,26,187,96
x,26,188,86
x,26,189,86
x,26,190,92
x,26,191,84
x,26,192,67
x,26,193,79
x,26,194,86
x,26,195,79
x,26,196,76
x,26,197,90
x,26,198,81
x,26,199,91
x,26,200,108
x,26,201,70
x,26,202,79
x,26,203,81
x,26,204,84
x,26,205,86
x,26,206,74
x,26,207,88
x,26,208,69
x,26,209,102
x,26,210,84
x,26,211,96
x,26,212,79
x,26,213,79
x,26,214,68
x,26,215,97
x,26,216,84
x,26,217,81
x,26,218,90
x,26,219,85
x,26,220,93
x,26,221,87
x,26,222,91
x,26,223,98
x,26,224,99
x,26,225,76
x,26,226,83
x,26,227,90
x,26,228,84
x,26,229,81
x,26,230,78
x,26,231,102
x,26,232,89
x,26,233,95
x,26,234,96
x,26,235,84
x,26,236,78
x,26,237,74
x,26,238,84
x,26,239,83
x,26,240,77
x,26,241,95
x,26,242,84
x,26,243,73
x,26,244,77
x,26,245,89
x,26,246,80
x,26,247,114
x,26,248,85
x,26,249,80
x,26,250,91
x,26,251,83
x,26,252,99
x,26,253,84
x,26,254,99
x,26,255,84
x,27,0,90
x,27,1,81
x,27,2,89
x,27,3,86
x,27,4,84
x,27,5,94
x,27,6,89
x,27,7,78
x,27,8,85
x,27,9,93
x,27,10,89
x,27,11,77
x,27,12,98
x,27,13,92
x,27,14,89
x,27,15,88
x,27,16,89
x,27,17,74
x,27,18,88
x,27,19,82
x,27,20,102
x,27,21,91
x,27,22,90
x,27,23,91
x,27,24,79
x,27,25,83
x,27,26,75
x,27,27,88
x,27,28,96
x,27,29,97
x,27,30,97
x,27,31,103
x,27,32,89
x,27,33,89
x,27,34,91
x,27,35,103
x,27,36,89
x,27,37,85
x,27,38,103
x,27,39,77
x,27,40,79
x,27,41,99
x,27,42,88
x,27,43,86
x,27,44,95
x,27,45,83
x,27,46,81
x,27,47,77
x,27,48,84
x,27,49,80
x,27,50,82
x,27,51,78
x,27,52,80
x,27,53,79
x,27,54,86
x,27,55,98
x,27,56,86
x,27,57,90
x,27,58,77
x,27,59,92
x,27,60,90
x,27,61,76
x,27,62,77
x,27,63,77
x,27,64,83
x,27,65,87
x,27,66,87
x,27,67,92
x,27,68,73
x,27,69,83
x,27,70,74
x,27,71,67
x,27,72,88
x,27,73,91
x,27,74,65
x,27,75,93
x,27,76,88
x,27,77,97
x,27,78,86
x,27,79,90
x,27,80,71
x,27,81,88
x,27,82,77
x,27,83,104
x,27,84,90
x,27,85,92
x,27,86,91
x,27,87,80
x,27,88,85
x,27,89,74
x,27,90,89
x,27,91,78
x,27,92,88
x,27,93,75
x,27,94,82
x,27,95,86
x,27,96,80
x,27,97,90
x,27,98,81
x,27,99,101
x,27,100,93
x,27,101,83
x,27,102,84
x,27,103,71
x,27,104,97
x,27,105,100
x,27,106,83
x,27,107,90
x,27,108,69
x,27,109,85
x,27,110,87
x,27,111,86
x,27,112,102
x,27,113,86
x,27,114,74
x,27,115,83
x,27,116,85
x,27,117,76
x,27,118,83
x,27,119,87
x,27,120,92
x,27,121,118
x,27,122,98
x,27,123,77
x,27,124,101
x,27,125,103
x,27,126,84
x,27,127,91
x,27,128,92
x,27,129,86
x,27,130,83
x,27,131,84
x,27,132,85
x,27,133,94
x,27,134,82
x,27,135,86
x,27,136,92
x,27,137,85
x,27,138,92
x,27,139,88
x,27,140,71
x,27,141,74
x,27,142,100
x,27,143,74
x,27,144,95
x,27,145,102
x,27,146,75
x,27,147,92
x,27,148,91
x,27,149,77
x,27,150,71
x,27,151,79
x,27,152,63
x,27,153,102
x,27,154,93
x,27,155,81
x,27,156,94
x,27,157,90
x,27,158,70
x,27,159,75
x,27,160,98
x,27,161,100
x,27,162,101
x,27,163,98
x,27,164,82
x,27,165,89
x,27,166,92
x,27,167,103
x,27,168,81
x,27,169,79
x,27,170,85
x,27,171,93
x,27,172,94
x,27,173,77
x,27,174,71
x,27,175,90
x,27,176,91
x,27,177,94
x,27,178,78
x,27,179,77
x,27,180,79
x,27,181,95
x,27,182,89
x,27,183,91
x,27,184,77
x,27,185,82
x,27,186,67
x,27,187,91
x,27,188,84
x,27,189,68
x,27,190,76
x,27,191,94
x,27,192,80
x,27,193,84
x,27,194,94
x,27,195,82
x,27,196,79
x,27,197,81
x,27,198,78
x,27,199,91
x,27,200,100
x,27,201,96
x,27,202,84
x,27,203,100
x,27,204,82
x,27,205,67
x,27,206,83
x,27,207,80
x,27,208,88
x,27,209,88
x,27,210,77
x,27,211,87
x,27,212,84
x,27,213,89
x,27,214,86
x,27,215,65
x,27,216,91
x,27,217,85
x,27,218,79
x,27,219,91
x,27,220,91
x,27,221,91
x,27,222,97
x,27,223,70
x,27,224,81
x,27,225,89
x,27,226,71
x,27,227,79
x,27,228,72
x,27,229,62
x,27,230,69
x,27,231,98
x,27,232,90
x,27,233,67
x,27,234,79
x,27,235,90
x,27,236,85
x,27,237,92
x,27,238,76
x,27,239,85
x,27,240,95
x,27,241,86
x,27,242,74
x,27,243,91
x,27,244,80
x,27,245,93
x,27,246,75
x,27,247,82
x,27,248,96
x,27,249,87
x,27,250,95
x,27,251,73
x,27,252,83
x,27,253,84
x,27,254,83
x,27,255,100
x,28,0,85
x,28,1,80
x,28,2,90
x,28,3,73
x,28,4,90
x,28,5,85
x,28,6,100
x,28,7,83
x,28,8,94
x,28,9,77
x,28,10,103
x,28,11,99
x,28,12,89
x,28,13,78
x,28,14,89
x,28,15,72
x,28,16,103
x,28,17,95
x,28,18,72
x,28,19,93
x,28,20,81
x,28,21,82
x,28,22,73
x,28,23,79
x,28,24,77
x,28,25,89
x,28,26,88
x,28,27,81
x,28,28,71
x,28,29,80
x,28,30,87
x,28,31,84
x,28,32,83
x,28,33,94
x,28,34,87
x,28,35,80
x,28,36,84
x,28,37,73
x,28,38,84
x,28,39,94
x,28,40,87
x,28,41,99
x,28,42,72
x,28,43,95
x,28,44,93
x,28,45,100
x,28,46,75
x,28,47,97
x,28,48,90
x,28,49,86
x,28,50,96
x,28,51,77
x,28,52,80
x,28,53,84
x,28,54,77
x,28,55,75
x,28,56,78
x,28,57,74
x,28,58,83
x,28,59,92
x,28,60,85
x,28,61,87
x,28,62,97
x,28,63,78
x,28,64,81
x,28,65,84
x,28,66,83
x,28,67,99
x,28,68,88
x,28,69,111
x,28,70,86
x,28,71,83
x,28,72,87
x,28,73,76
x,28,74,78
x,28,75,86
x,28,76,83
x,28,77,101
x,28,78,107
x,28,79,77
x,28,80,82
x,28,81,75
x,28,82,92
x,28,83,84
x,28,84,87
x,28,85,84
x,28,86,86
x,28,87,89
x,28,88,91
x,28,89,97
x,28,90,72
x,28,91,79
x,28,92,65
x,28,93,93
x,28,94,86
x,28,95,91
x,28,96,85
x,28,97,85
x,28,98,93
x,28,99,89
x,28,100,87
x,28,101,98
x,28,102,83
x,28,103,87
x,28,104,75
x,28,105,73
x,28,106,90
x,28,107,85
x,28,108,95
x,28,109,92
x,28,110,83
x,28,111,83
x,28,112,85
x,28,113,83
x,28,114,87
x,28,115,85
x,28,116,98
x,28,117,89
x,28,118,90
x,28,119,85
x,28,120,101
x,28,121,65
x,28,122,76
x,28,123,85
x,28,124,83
x,28,125,73
x,28,126,78
x,28,127,71
x,28,128,83
x,28,129,98
x,28,130,102
x,28,131,82
x,28,132,81
x,28,133,86
x,28,134,85
x,28,135,91
x,28,136,94
x,28,137,87
x,28,138,86
x,28,139,88
x,28,140,79
x,28,141,76
x,28,142,92
x,28,143,85
x,28,144,84
x,28,145,90
x,28,146,77
x,28,147,82
x,28,148,89
x,28,149,83
x,28,150,91
x,28,151,86
x,28,152,65
x,28,153,85
x,28,154,87
x,28,155,92
x,28,156,57
x,28,157,83
x,28,158,80
x,28,159,74
x,28,160,92
x,28,161,75
x,28,162,103
x,28,163,100
x,28,164,90
x,28,165,92
x,28,166,83
x,28,167,73
x,28,168,81
x,28,169,93
x,28,170,88
x,28,171,114
x,28,172,84
x,28,173,87
x,28,174,93
x,28,175,96
x,28,176,85
x,28,177,82
x,28,178,74
x,28,179,72
x,28,180,85
x,28,181,77
x,28,182,92
x,28,183,97
x,28,184,80
x,28,185,73
x,28,186,92
x,28,187,86
x,28,188,86
x,28,189,88
x,28,190,77
x,28,191,82
x,28,192,81
x,28,193,94
x,28,194,83
x,28,195,95
x,28,196,93
x,28,197,89
x,28,198,81
x,28,199,74
x,28,200,94
x,28,201,80
x,28,202,75
x,28,203,97
x,28,204,83
x,28,205,85
x,28,206,76
x,28,207,91
x,28,208,92
x,28,209,93
x,28,210,85
x,28,211,75
x,28,212,75
x,28,213,110
x,28,214,89
x,28,215,80
x,28,216,87
x,28,217,87
x,28,218,93
x,28,219,87
x,28,220,75
x,28,221,89
x,28,222,84
x,28,223,77
x,28,224,93
x,28,225,93
x,28,226,71
x,28,227,83
x,28,228,81
x,28,229,86
x,28,230,96
x,28,231,86
x,28,232,82
x,28,233,86
x,28,234,102
x,28,235,90
x,28,236,82
x,28,237,109
x,28,238,78
x,28,239,98
x,28,240,86
x,28,241,84
x,28,242,82
x,28,243,92
x,28,244,97
x,28,245,102
x,28,246,97
x,28,247,87
x,28,248,75
x,28,249,86
x,28,250,63
x,28,251,72
x,28,252,81
x,28,253,82
x,28,254,97
x,28,255,95
x,29,0,79
x,29,1,106
x,29,2,90
x,29,3,89
x,29,4,94
x,29,5,96
x,29,6,98
x,29,7,84
x,29,8,90
x,29,9,92
x,29,10,92
x,29,11,80
x,29,12,114
x,29,13,82
x,29,14,83
x,29,15,85
x,29,16,77
x,29,17,96
x,29,18,72
x,29,19,84
x,29,20,85
x,29,21,91
x,29,22,75
x,29,23,84
x,29,24,92
x,29,25,96
x,29,26,83
x,29,27,79
x,29,28,74
x,29,29,81
x,29,30,84
x,29,31,86
x,29,32,94
x,29,33,94
x,29,34,78
x,29,35,101
x,29,36,80
x,29,37,98
x,29,38,71
x,29,39,85
x,29,40,90
x,29,41,95
x,29,42,80
x,29,43,85
x,29,44,100
x,29,45,80
x,29,46,78
x,29,47,85
x,29,48,89
x,29,49,86
x,29,50,95
x,29,51,102
x,29,52,75
x,29,53,91
x,29,54,86
x,29,55,85
x,29,56,73
x,29,57,92
x,29,58,87
x,29,59,81
x,29,60,85
x,29,61,73
x,29,62,73
x,29,63,90
x,29,64,90
x,29,65,93
x,29,66,64
x,29,67,90
x,29,68,80
x,29,69,89
x,29,70,79
x,29,71,76
x,29,72,76
x,29,73,94
x,29,74,80
x,29,75,85
x,29,76,80
x,29,77,96
x,29,78,96
x,29,79,71
x,29,80,85
x,29,81,83
x,29,82,88
x,29,83,93
x,29,84,92
x,29,85,72
x,29,86,78
x,29,87,79
x,29,88,93
x,29,89,86
x,29,90,95
x,29,91,88
x,29,92,85
x,29,93,83
x,29,94,77
x,29,95,95
x,29,96,102
x,29,97,85
x,29,98,81
x,29,99,67
x,29,100,79
x,29,101,74
x,29,102,107
x,29,103,93
x,29,104,95
x,29,105,88
x,29,106,74
x,29,107,83
x,29,108,78
x,29,109,80
x,29,110,81
x,29,111,73
x,29,112,76
x,29,113,85
x,29,114,67
x,29,115,97
x,29,116,96
x,29,117,82
x,29,118,96
x,29,119,88
x,29,120,90
x,29,121,75
x,29,122,64
x,29,123,80
x,29,124,90
x,29,125,75
x,29,126,80
x,29,127,74
x,29,128,66
x,29,129,87
x,29,130,68
x,29,131,92
x,29,132,96
x,29,133,97
x,29,134,90
x,29,135,99
x,29,136,103
x,29,137,85
x,29,138,94
x,29,139,84
x,29,140,78
x,29,141,89
x,29,142,80
x,29,143,91
x,29,144,76
x,29,145,94
x,29,146,78
x,29,147,81
x,29,148,77
x,29,149,81
x,29,150,93
x,29,151,92
x,29,152,92
x,29,153,78
x,29,154,82
x,29,155,98
x,29,156,85
x,29,157,75
x,29,158,84
x,29,159,87
x,29,160,89
x,29,161,85
x,29,162,94
x,29,163,79
x,29,164,82
x,29,165,95
x,29,166,78
x,29,167,78
x,29,168,83
x,29,169,83
x,29,170,76
x,29,171,78
x,29,172,90
x,29,173,102
x,29,174,85
x,29,175,91
x,29,176,85
x,29,177,95
x,29,178,85
x,29,179,96
x,29,180,85
x,29,181,85
x,29,182,87
x,29,183,86
x,29,184,79
x,29,185,77
x,29,186,81
x,29,187,82
x,29,188,73
x,29,189,82
x,29,190,88
x,29,191,84
x,29,192,68
x,29,193,81
x,29,194,87
x,29,195,89
x,29,196,84
x,29,197,82
x,29,198,99
x,29,199,88
x,29,200,87
x,29,201,77
x,29,202,89
x,29,203,75
x,29,204,95
x,29,205,88
x,29,206,95
x,29,207,96
x,29,208,84
x,29,209,81
x,29,210,90
x,29,211,87
x,29,212,110
x,29,213,87
x,29,214,95
x,29,215,86
x,29,216,92
x,29,217,76
x,29,218,88
x,29,219,93
x,29,220,73
x,29,221,84
x,29,222,79
x,29,223,88
x,29,224,88
x,29,225,96
x,29,226,94
x,29,227,95
x,29,228,91
x,29,229,78
x,29,230,97
x,29,231,91
x,29,232,80
x,29,233,75
x,29,234,94
x,29,235,97
x,29,236,87
x,29,237,77
x,29,238,85
x,29,239,93
x,29,240,91
x,29,241,88
x,29,242,95
x,29,243,68
x,29,244,93
x,29,245,87
x,29,246,82
x,29,247,94
x,29,248,88
x,29,249,72
x,29,250,85
x,29,251,78
x,29,252,88
x,29,253,84
x,29,254,90
x,29,255,93
x,30,0,86
x,30,1,93
x,30,2,85
x,30,3,96
x,30,4,89
x,30,5,88
x,30,6,85
x,30,7,65
x,30,8,82
x,30,9,65
x,30,10,86
x,30,11,73
x,30,12,95
x,30,13,86
x,30,14,93
x,30,15,91
x,30,16,84
x,30,17,80
x,30,18,86
x,30,19,80
x,30,20,68
x,30,21,75
x,30,22,88
x,30,23,97
x,30,24,88
x,30,25,85
x,30,26,99
x,30,27,88
x,30,28,75
x,30,29,79
x,30,30,68
x,30,31,72
x,30,32,87
x,30,33,90
x,30,34,80
x,30,35,84
x,30,36,88
x,30,37,71
x,30,38,82
x,30,39,76
x,30,40,90
x,30,41,110
x,30,42,92
x,30,43,92
x,30,44,91
x,30,45,104
x,30,46,99
x,30,47,84
x,30,48,90
x,30,49,83
x,30,50,84
x,30,51,94
x,30,52,65
x,30,53,83
x,30,54,97
x,30,55,97
x,30,56,83
x,30,57,91
x,30,58,94
x,30,59,91
x,30,60,86
x,30,61,97
x,30,62,91
x,30,63,75
x,30,64,62
x,30,65,74
x,30,66,73
x,30,67,96
x,30,68,74
x,30,69,85
x,30,70,101
x,30,71,74
x,30,72,82
x,30,73,88
x,30,74,96
x,30,75,89
x,30,76,75
x,30,77,101
x,30,78,103
x,30,79,97
x,30,80,88
x,30,81,88
x,30,82,88
x,30,83,83
x,30,84,91
x,30,85,88
x,30,86,90
x,30,87,75
x,30,88,94
x,30,89,83
x,30,90,80
x,30,91,76
x,30,92,73
x,30,93,92
x,30,94,80
x,30,95,90
x,30,96,83
x,30,97,75
x,30,98,90
x,30,99,91
x,30,100,85
x,30,101,72
x,30,102,85
x,30,103,73
x,30,104,95
x,30,105,93
x,30,106,84
x,30,107,73
x,30,108,82
x,30,109,84
x,30,110,94
x,30,111,116
x,30,112,75
x,30,113,65
x,30,114,97
x,30,115,91
x,30,116,89
x,30,117,87
x,30,118,86
x,30,119,96
x,30,120,83
x,30,121,90
x,30,122,81
x,30,123,87
x,30,124,70
x,30,125,71
x,30,126,73
x,30,127,79
x,30,128,92
x,30,129,87
x,30,130,74
x,30,131,98
x,30,132,70
x,30,133,89
x,30,134,91
x,30,135,87
x,30,136,91
x,30,137,90
x,30,138,86
x,30,139,87
x,30,140,101
x,30,141,92
x,30,142,82
x,30,143,92
x,30,144,100
x,30,145,102
x,30,146,96
x,30,147,80
x,30,148,82
x,30,149,85
x,30,150,66
x,30,151,98
x,30,152,88
x,30,153,76
x,30,154,72
x,30,155,88
x,30,156,87
x,30,157,71
x,30,158,85
x,30,159,91
x,30,160,102
x,30,161,74
x,30,162,85
x,30,163,99
x,30,164,84
x,30,165,81
x,30,166,93
x,30,167,103
x,30,168,73
x,30,169,77
x,30,170,100
x,30,171,85
x,30,172,105
x,30,173,73
x,30,174,82
x,30,175,98
x,30,176,79
x,30,177,80
x,30,178,77
x,30,179,103
x,30,180,74
x,30,181,90
x,30,182,106
x,30,183,85
x,30,184,63
x,30,185,87
x,30,186,84
x,30,187,70
x,30,188,80
x,30,189,95
x,30,190,78
x,30,191,86
x,30,192,93
x,30,193,83
x,30,194,78
x,30,195,90
x,30,196,89
x,30,197,108
x,30,198,79
x,30,199,87
x,30,200,90
x,30,201,84
x,30,202,94
x,30,203,93
x,30,204,69
x,30,205,84
x,30,206,70
x,30,207,78
x,30,208,93
x,30,209,81
x,30,210,93
x,30,211,104
x,30,212,86
x,30,213,85
x,30,214,92
x,30,215,69
x,30,216,94
x,30,217,90
x,30,218,77
x,30,219,91
x,30,220,83
x,30,221,97
x,30,222,94
x,30,223,91
x,30,224,82
x,30,225,80
x,30,226,84
x,30,227,103
x,30,228,76
x,30,229,86
x,30,230,85
x,30,231,88
x,30,232,92
x,30,233,88
x,30,234,101
x,30,235,99
x,30,236,79
x,30,237,78
x,30,238,83
x,30,239,86
x,30,240,87
x,30,241,88
x,30,242,85
x,30,243,88
x,30,244,75
x,30,245,85
x,30,246,87
x,30,247,77
x,30,248,66
x,30,249,83
x,30,250,95
x,30,251,76
x,30,252,83
x,30,253,75
x,30,254,84
x,30,255,98
x,31,0,106
x,31,1,89
x,31,2,86
x,31,3,75
x,31,4,83
x,31,5,91
x,31,6,86
x,31,7,74
x,31,8,77
x,31,9,91
x,31,10,85
x,31,11,95
x,31,12,72
x,31,13,71
x,31,14,84
x,31,15,96
x,31,16,82
x,31,17,89
x,31,18,82
x,31,19,83
x,31,20,78
x,31,21,72
x,31,22,82
x,31,23,86
x,31,24,88
x,31,25,103
x,31,26,107
x,31,27,97
x,31,28,82
x,31,29,83
x,31,30,82
x,31,31,93
x,31,32,70
x,31,33,69
x,31,34,92
x,31,35,80
x,31,36,91
x,31,37,89
x,31,38,74
x,31,39,77
x,31,40,87
x,31,41,92
x,31,42,96
x,31,43,69
x,31,44,81
x,31,45,84
x,31,46,83
x,31,47,92
x,31,48,93
x,31,49,85
x,31,50,75
x,31,51,93
x,31,52,90
x,31,53,97
x,31,54,85
x,31,55,86
x,31,56,75
x,31,57,100
x,31,58,60
x,31,59,82
x,31,60,97
x,31,61,95
x,31,62,77
x,31,63,78
x,31,64,83
x,31,65,92
x,31,66,75
x,31,67,71
x,31,68,94
x,31,69,88
x,31,70,77
x,31,71,82
x,31,72,75
x,31,73,85
x,31,74,96
x,31,75,92
x,31,76,74
x,31,77,96
x,31,78,87
x,31,79,77
x,31,80,82
x,31,81,92
x,31,82,99
x,31,83,87
x,31,84,79
x,31,85,70
x,31,86,97
x,31,87,95
x,31,88,83
x,31,89,91
x,31,90,81
x,31,91,101
x,31,92,92
x,31,93,75
x,31,94,95
x,31,95,91
x,31,96,90
x,31,97,97
x,31,98,85
x,31,99,90
x,31,100,85
x,31,101,84
x,31,102,84
x,31,103,71
x,31,104,74
x,31,105,91
x,31,106,77
x,31,107,95
x,31,108,97
x,31,109,95
x,31,110,89
x,31,111,80
x,31,112,93
x,31,113,80
x,31,114,89
x,31,115,102
x,31,116,87
x,31,117,99
x,31,118,94
x,31,119,85
x,31,120,96
x,31,121,95
x,31,122,91
x,31,123,84
x,31,124,84
x,31,125,100
x,31,126,84
x,31,127,74
x,31,128,98
x,31,129,79
x,31,130,77
x,31,131,65
x,31,132,74
x,31,133,92
x,31,134,91
x,31,135,73
x,31,136,90
x,31,137,103
x,31,138,68
x,31,139,102
x,31,140,90
x,31,141,86
x,31,142,72
x,31,143,91
x,31,144,95
x,31,145,95
x,31,146,88
x,31,147,91
x,31,148,94
x,31,149,80
x,31,150,74
x,31,151,75
x,31,152,76
x,31,153,87
x,31,154,86
x,31,155,91
x,31,156,79
x,31,157,85
x,31,158,96
x,31,159,93
x,31,160,82
x,31,161,85
x,31,162,92
x,31,163,74
x,31,164,82
x,31,165,80
x,31,166,83
x,31,167,87
x,31,168,84
x,31,169,94
x,31,170,90
x,31,171,95
x,31,172,79
x,31,173,93
x,31,174,81
x,31,175,69
x,31,176,88
x,31,177,75
x,31,178,75
x,31,179,97
x,31,180,70
x,31,181,98
x,31,182,88
x,31,183,75
x,31,184,78
x,31,185,79
x,31,186,68
x,31,187,104
x,31,188,87
x,31,189,77
x,31,190,87
x,31,191,93
x,31,192,83
x,31,193,94
x,31,194,78
x,31,195,93
x,31,196,88
x,31,197,97
x,31,198,94
x,31,199,95
x,31,200,74
x,31,201,95
x,31,202,70
x,31,203,78
x,31,204,94
x,31,205,94
x,31,206,81
x,31,207,102
x,31,208,91
x,31,209,78
x,31,210,87
x,31,211,76
x,31,212,96
x,31,213,73
x,31,214,65
x,31,215,74
x,31,216,85
x,31,217,78
x,31,218,97
x,31,219,88
x,31,220,82
x,31,221,92
x,31,222,67
x,31,223,75
x,31,224,90
x,31,225,74
x,31,226,92
x,31,227,75
x,31,228,84
x,31,229,99
x,31,230,87
x,31,231,93
x,31,232,83
x,31,233,90
x,31,234,86
x,31,235,82
x,31,236,87
x,31,237,90
x,31,238,93
x,31,239,88
x,31,240,102
x,31,241,69
x,31,242,91
x,31,243,86
x,31,244,103
x,31,245,104
x,31,246,108
x,31,247,79
x,31,248,84
x,31,249,77
x,31,250,85
x,31,251,69
x,31,252,87
x,31,253,71
x,31,254,103
x,31,255,84
y,0,0,77
y,0,1,98
y,0,2,84
y,0,3,74
y,0,4,83
y,0,5,86
y,0,6,96
y,0,7,91
y,0,8,69
y,0,9,85
y,0,10,88
y,0,11,81
y,0,12,80
y,0,13,85
y,0,14,90
y,0,15,98
y,0,16,91
y,0,17,91
y,0,18,85
y,0,19,94
y,0,20,82
y,0,21,79
y,0,22,97
y,0,23,101
y,0,24,89
y,0,25,81
y,0,26,90
y,0,27,91
y,0,28,86
y,0,29,76
y,0,30,84
y,0,31,76
y,0,32,64
y,0,33,84
y,0,34,79
y,0,35,81
y,0,36,84
y,0,37,98
y,0,38,80
y,0,39,80
y,0,40,84
y,0,41,105
y,0,42,84
y,0,43,92
y,0,44,97
y,0,45,95
y,0,46,84
y,0,47,94
y,0,48,104
y,0,49,74
y,0,50,91
y,0,51,86
y,0,52,79
y,0,53,93
y,0,54,83
y,0,55,101
y,0,56,83
y,0,57,97
y,0,58,89
y,0,59,92
y,0,60,87
y,0,61,88
y,0,62,81
y,0,63,85
y,0,64,88
y,0,65,84
y,0,66,92
y,0,67,84
y,0,68,85
y,0,69,72
y,0,70,87
y,0,71,87
y,0,72,87
y,0,73,78
y,0,74,70
y,0,75,91
y,0,76,96
y,0,77,103
y,0,78,86
y,0,79,80
y,0,80,93
y,0,81,89
y,0,82,76
y,0,83,78
y,0,84,80
y,0,85,84
y,0,86,97
y,0,87,83
y,0,88,85
y,0,89,72
y,0,90,71
y,0,91,90
y,0,92,91
y,0,93,83
y,0,94,90
y,0,95,90
y,0,96,87
y,0,97,84
y,0,98,77
y,0,99,64
y,0,100,90
y,0,101,99
y,0,102,80
y,0,103,80
y,0,104,83
y,0,105,93
y,0,106,99
y,0,107,76
y,0,108,81
y,0,109,84
y,0,110,68
y,0,111,78
y,0,112,70
y,0,113,76
y,0,114,104
y,0,115,79
y,0,116,92
y,0,117,96
y,0,118,90
y,0,119,84
y,0,120,71
y,0,121,76
y,0,122,71
y,0,123,94
y,0,124,89
y,0,125,87
y,0,126,92
y,0,127,89
y,0,128,100
y,0,129,93
y,0,130,87
y,0,131,90
y,0,132,77
y,0,133,93
y,0,134,78
y,0,135,80
y,0,136,99
y,0,137,68
y,0,138,79
y,0,139,82
y,0,140,84
y,0,141,72
y,0,142,101
y,0,143,95
y,0,144,79
y,0,145,79
y,0,146,93
y,0,147,81
y,0,148,92
y,0,149,93
y,0,150,83
y,0,151,94
y,0,152,97
y,0,153,91
y,0,154,86
y,0,155,77
y,0,156,95
y,0,157,78
y,0,158,88
y,0,159,84
y,0,160,94
y,0,161,70
y,0,162,89
y,0,163,75
y,0,164,88
y,0,165,81
y,0,166,90
y,0,167,94
y,0,168,71
y,0,169,76
y,0,170,79
y,0,171,103
y,0,172,84
y,0,173,83
y,0,174,94
y,0,175,88
y,0,176,84
y,0,177,73
y,0,178,67
y,0,179,91
y,0,180,100
y,0,181,84
y,0,182,92
y,0,183,97
y,0,184,93
y,0,185,82
y,0,186,94
y,0,187,101
y,0,188,79
y,0,189,95
y,0,190,89
y,0,191,85
y,0,192,88
y,0,193,86
y,0,194,88
y,0,195,83
y,0,196,76
y,0,197,97
y,0,198,95
y,0,199,75
y,0,200,82
y,0,201,85
y,0,202,94
y,0,203,96
y,0,204,92
y,0,205,89
y,0,206,81
y,0,207,83
y,0,208,93
y,0,209,70
y,0,210,92
y,0,211,78
y,0,212,83
y,0,213,85
y,0,214,82
y,0,215,76
y,0,216,88
y,0,217,79
y,0,218,66
y,0,219,95
y,0,220,97
y,0,221,82
y,0,222,87
y,0,223,75
y,0,224,84
y,0,225,82
y,0,226,82
y,0,227,93
y,0,228,79
y,0,229,93
y,0,230,92
y,0,231,79
y,0,232,88
y,0,233,81
y,0,234,79
y,0,235,83
y,0,236,81
y,0,237,87
y,0,238,92
y,0,239,90
y,0,240,89
y,0,241,86
y,0,242,85
y,0,243,83
y,0,244,91
y,0,245,79
y,0,246,86
y,0,247,87
y,0,248,90
y,0,249,86
y,0,250,85
y,0,251,80
y,0,252,76
y,0,253,81
y,0,254,91
y,0,255,101
y,1,0,82
y,1,1,84
y,1,2,86
y,1,3,90
y,1,4,93
y,1,5,80
y,1,6,83
y,1,7,90
y,1,8,105
y,1,9,84
y,1,10,70
y,1,11,99
y,1,12,96
y,1,13,76
y,1,14,78
y,1,15,76
y,1,16,90
y,1,17,86
y,1,18,80
y,1,19,82
y,1,20,90
y,1,21,74
y,1,22,83
y,1,23,83
y,1,24,79
y,1,25,90
y,1,26,89
y,1,27,88
y,1,28,81
y,1,29,99
y,1,30,76
y,1,31,100
y,1,32,89
y,1,33,86
y,1,34,94
y,1,35,85
y,1,36,103
y,1,37,100
y,1,38,80
y,1,39,84
y,1,40,91
y,1,41,91
y,1,42,84
y,1,43,97
y,1,44,68
y,1,45,93
y,1,46,80
y,1,47,88
y,1,48,84
y,1,49,70
y,1,50,89
y,1,51,81
y,1,52,68
y,1,53,89
y,1,54,79
y,1,55,78
y,1,56,87
y,1,57,85
y,1,58,79
y,1,59,96
y,1,60,96
y,1,61,99
y,1,62,86
y,1,63,73
y,1,64,101
y,1,65,92
y,1,66,83
y,1,67,91
y,1,68,94
y,1,69,80
y,1,70,87
y,1,71,83
y,1,72,78
y,1,73,76
y,1,74,88
y,1,75,79
y,1,76,91
y,1,77,90
y,1,78,83
y,1,79,89
y,1,80,80
y,1,81,83
y,1,82,80
y,1,83,94
y,1,84,78
y,1,85,94
y,1,86,84
y,1,87,80
y,1,88,77
y,1,89,100
y,1,90,109
y,1,91,82
y,1,92,83
y,1,93,89
y,1,94,91
y,1,95,93
y,1,96,76
y,1,97,89
y,1,98,101
y,1,99,78
y,1,100,80
y,1,101,79
y,1,102,87
y,1,103,86
y,1,104,89
y,1,105,74
y,1,106,84
y,1,107,87
y,1,108,86
y,1,109,77
y,1,110,83
y,1,111,102
y,1,112,86
y,1,113,73
y,1,114,81
y,1,115,89
y,1,116,92
y,1,117,85
y,1,118,78
y,1,119,97
y,1,120,74
y,1,121,83
y,1,122,81
y,1,123,86
y,1,124,72
y,1,125,105
y,1,126,81
y,1,127,96
y,1,128,81
y,1,129,99
y,1,130,87
y,1,131,82
y,1,132,76
y,1,133,70
y,1,134,96
y,1,135,72
y,1,136,97
y,1,137,87
y,1,138,76
y,1,139,90
y,1,140,93
y,1,141,75
y,1,142,93
y,1,143,84
y,1,144,87
y,1,145,97
y,1,146,80
y,1,147,99
y,1,148,79
y,1,149,102
y,1,150,103
y,1,151,94
y,1,152,68
y,1,153,81
y,1,154,83
y,1,155,76
y,1,156,89
y,1,157,71
y,1,158,90
y,1,159,78
y,1,160,77
y,1,161,77
y,1,162,72
y,1,163,79
y,1,164,73
y,1,165,85
y,1,166,72
y,1,167,85
y,1,168,88
y,1,169,83
y,1,170,84
y,1,171,94
y,1,172,88
y,1,173,93
y,1,174,76
y,1,175,76
y,1,176,89
y,1,177,97
y,1,178,84
y,1,179,80
y,1,180,87
y,1,181,97
y,1,182,83
y,1,183,82
y,1,184,93
y,1,185,102
y,1,186,90
y,1,187,86
y,1,188,75
y,1,189,75
y,1,190,73
y,1,191,95
y,1,192,92
y,1,193,84
y,1,194,82
y,1,195,87
y,1,196,84
y,1,197,90
y,1,198,100
y,1,199,95
y,1,200,82
y,1,201,79
y,1,202,90
y,1,203,99
y,1,204,94
y,1,205,91
y,1,206,89
y,1,207,88
y,1,208,91
y,1,209,74
y,1,210,86
y,1,211,103
y,1,212,89
y,1,213,82
y,1,214,96
y,1,215,92
y,1,216,87
y,1,217,85
y,1,218,92
y,1,219,76
y,1,220,78
y,1,221,88
y,1,222,86
y,1,223,87
y,1,224,95
y,1,225,89
y,1,226,82
y,1,227,85
y,1,228,79
y,1,229,87
y,1,230,76
y,1,231,88
y,1,232,85
y,1,233,89
y,1,234,72
y,1,235,89
y,1,236,71
y,1,237,80
y,1,238,88
y,1,239,75
y,1,240,91
y,1,241,91
y,1,242,81
y,1,243,96
y,1,244,87
y,1,245,83
y,1,246,67
y,1,247,90
y,1,248,89
y,1,249,74
y,1,250,88
y,1,251,90
y,1,252,90
y,1,253,86
y,1,254,96
y,1,255,88
y,2,0,103
y,2,1,98
y,2,2,90
y,2,3,83
y,2,4,100
y,2,5,67
y,2,6,92
y,2,7,84
y,2,8,98
y,2,9,107
y,2,10,68
y,2,11,90
y,2,12,98
y,2,13,67
y,2,14,85
y,2,15,73
y,2,16,77
y,2,17,95
y,2,18,88
y,2,19,99
y,2,20,78
y,2,21,79
y,2,22,73
y,2,23,90
y,2,24,78
y,2,25,93
y,2,26,97
y,2,27,78
y,2,28,86
y,2,29,84
y,2,30,80
y,2,31,92
y,2,32,78
y,2,33,72
y,2,34,75
y,2,35,80
y,2,36,85
y,2,37,82
y,2,38,92
y,2,39,81
y,2,40,86
y,2,41,87
y,2,42,82
y,2,43,78
y,2,44,89
y,2,45,80
y,2,46,90
y,2,47,87
y,2,48,96
y,2,49,90
y,2,50,90
y,2,51,83
y,2,52,86
y,2,53,90
y,2,54,79
y,2,55,82
y,2,56,72
y,2,57,87
y,2,58,90
y,2,59,76
y,2,60,77
y,2,61,78
y,2,62,82
y,2,63,86
y,2,64,94
y,2,65,88
y,2,66,96
y,2,67,83
y,2,68,90
y,2,69,75
y,2,70,90
y,2,71,111
y,2,72,95
y,2,73,101
y,2,74,65
y,2,75,88
y,2,76,92
y,2,77,78
y,2,78,83
y,2,79,104
y,2,80,99
y,2,81,85
y,2,82,92
y,2,83,80
y,2,84,81
y,2,85,105
y,2,86,88
y,2,87,104
y,2,88,93
y,2,89,82
y,2,90,80
y,2,91,86
y,2,92,81
y,2,93,94
y,2,94,82
y,2,95,79
y,2,96,69
y,2,97,86
y,2,98,93
y,2,99,88
y,2,100,76
y,2,101,82
y,2,102,102
y,2,103,87
y,2,104,75
y,2,105,78
y,2,106,66
y,2,107,68
y,2,108,73
y,2,109,81
y,2,110,85
y,2,111,88
y,2,112,88
y,2,113,81
y,2,114,86
y,2,115,85
y,2,116,82
y,2,117,104
y,2,118,77
y,2,119,74
y,2,120,91
y,2,121,88
y,2,122,109
y,2,123,97
y,2,124,77
y,2,125,84
y,2,126,93
y,2,127,61
y,2,128,94
y,2,129,78
y,2,130,82
y,2,131,87
y,2,132,78
y,2,133,86
y,2,134,82
y,2,135,82
y,2,136,79
y,2,137,86
y,2,138,81
y,2,139,90
y,2,140,89
y,2,141,83
y,2,142,85
y,2,143,99
y,2,144,85
y,2,145,92
y,2,146,82
y,2,147,90
y,2,148,77
y,2,149,83
y,2,150,85
y,2,151,81
y,2,152,82
y,2,153,83
y,2,154,85
y,2,155,107
y,2,156,81
y,2,157,71
y,2,158,86
y,2,159,80
y,2,160,99
y,2,161,99
y,2,162,86
y,2,163,80
y,2,164,74
y,2,165,87
y,2,166,94
y,2,167,91
y,2,168,84
y,2,169,76
y,2,170,89
y,2,171,100
y,2,172,81
y,2,173,73
y,2,174,85
y,2,175,85
y,2,176,84
y,2,177,84
y,2,178,82
y,2,179,91
y,2,180,91
y,2,181,93
y,2,182,87
y,2,183,75
y,2,184,76
y,2,185,100
y,2,186,87
y,2,187,86
y,2,188,82
y,2,189,80
y,2,190,100
y,2,191,83
y,2,192,94
y,2,193,85
y,2,194,87
y,2,195,78
y,2,196,91
y,2,197,95
y,2,198,69
y,2,199,75
y,2,200,86
y,2,201,84
y,2,202,88
y,2,203,89
y,2,204,86
y,2,205,77
y,2,206,93
y,2,207,92
y,2,208,93
y,2,209,79
y,2,210,99
y,2,211,103
y,2,212,89
y,2,213,73
y,2,214,78
y,2,215,86
y,2,216,81
y,2,217,93
y,2,218,102
y,2,219,90
y,2,220,92
y,2,221,71
y,2,222,98
y,2,223,90
y,2,224,90
y,2,225,82
y,2,226,90
y,2,227,76
y,2,228,86
y,2,229,101
y,2,230,72
y,2,231,90
y,2,232,83
y,2,233,75
y,2,234,108
y,2,235,78
y,2,236,83
y,2,237,95
y,2,238,74
y,2,239,85
y,2,240,83
y,2,241,85
y,2,242,91
y,2,243,80
y,2,244,88
y,2,245,85
y,2,246,95
y,2,247,87
y,2,248,81
y,2,249,89
y,2,250,69
y,2,251,83
y,2,252,83
y,2,253,94
y,2,254,94
y,2,255,81
y,3,0,69
y,3,1,83
y,3,2,81
y,3,3,107
y,3,4,86
y,3,5,84
y,3,6,80
y,3,7,66
y,3,8,88
y,3,9,83
y,3,10,81
y,3,11,76
y,3,12,79
y,3,13,84
y,3,14,86
y,3,15,86
y,3,16,73
y,3,17,81
y,3,18,77
y,3,19,72
y,3,20,88
y,3,21,100
y,3,22,90
y,3,23,89
y,3,24,84
y,3,25,85
y,3,26,80
y,3,27,89
y,3,28,72
y,3,29,73
y,3,30,83
y,3,31,73
y,3,32,89
y,3,33,82
y,3,34,89
y,3,35,81
y,3,36,79
y,3,37,91
y,3,38,95
y,3,39,82
y,3,40,85
y,3,41,80
y,3,42,98
y,3,43,90
y,3,44,88
y,3,45,70
y,3,46,72
y,3,47,59
y,3,48,92
y,3,49,82
y,3,50,82
y,3,51,85
y,3,52,119
y,3,53,78
y,3,54,82
y,3,55,90
y,3,56,86
y,3,57,76
y,3,58,91
y,3,59,84
y,3,60,98
y,3,61,85
y,3,62,100
y,3,63,84
y,3,64,96
y,3,65,101
y,3,66,81
y,3,67,77
y,3,68,83
y,3,69,83
y,3,70,89
y,3,71,100
y,3,72,94
y,3,73,76
y,3,74,93
y,3,75,89
y,3,76,94
y,3,77,75
y,3,78,86
y,3,79,88
y,3,80,83
y,3,81,83
y,3,82,87
y,3,83,97
y,3,84,87
y,3,85,90
y,3,86,75
y,3,87,89
y,3,88,77
y,3,89,89
y,3,90,92
y,3,91,88
y,3,92,83
y,3,93,72
y,3,94,90
y,3,95,95
y,3,96,85
y,3,97,84
y,3,98,97
y,3,99,109
y,3,100,89
y,3,101,87
y,3,102,82
y,3,103,91
y,3,104,89
y,3,105,80
y,3,106,96
y,3,107,82
y,3,108,95
y,3,109,87
y,3,110,79
y,3,111,93
y,3,112,101
y,3,113,86
y,3,114,95
y,3,115,91
y,3,116,93
y,3,117,83
y,3,118,82
y,3,119,91
y,3,120,76
y,3,121,85
y,3,122,91
y,3,123,96
y,3,124,92
y,3,125,77
y,3,126,71
y,3,127,77
y,3,128,81
y,3,129,80
y,3,130,105
y,3,131,76
y,3,132,92
y,3,133,87
y,3,134,92
y,3,135,77
y,3,136,98
y,3,137,96
y,3,138,91
y,3,139,73
y,3,140,97
y,3,141,86
y,3,142,92
y,3,143,67
y,3,144,76
y,3,145,70
y,3,146,87
y,3,147,82
y,3,148,88
y,3,149,78
y,3,150,78
y,3,151,87
y,3,152,79
y,3,153,92
y,3,154,80
y,3,155,103
y,3,156,96
y,3,157,76
y,3,158,85
y,3,159,87
y,3,160,102
y,3,161,90
y,3,162,98
y,3,163,90
y,3,164,81
y,3,165,90
y,3,166,83
y,3,167,88
y,3,168,92
y,3,169,79
y,3,170,98
y,3,171,75
y,3,172,109
y,3,173,87
y,3,174,90
y,3,175,103
y,3,176,81
y,3,177,90
y,3,178,101
y,3,179,80
y,3,180,75
y,3,181,83
y,3,182,79
y,3,183,81
y,3,184,90
y,3,185,68
y,3,186,81
y,3,187,91
y,3,188,87
y,3,189,86
y,3,190,74
y,3,191,86
y,3,192,77
y,3,193,95
y,3,194,74
y,3,195,90
y,3,196,72
y,3,197,96
y,3,198,94
y,3,199,88
y,3,200,79
y,3,201,95
y,3,202,77
y,3,203,89
y,3,204,85
y,3,205,93
y,3,206,79
y,3,207,93
y,3,208,92
y,3,209,85
y,3,210,90
y,3,211,80
y,3,212,77
y,3,213,77
y,3,214,86
y,3,215,95
y,3,216,86
y,3,217,77
y,3,218,93
y,3,219,96
y,3,220,91
y,3,221,89
y,3,222,80
y,3,223,79
y,3,224,75
y,3,225,97
y,3,226,81
y,3,227,97
y,3,228,77
y,3,229,98
y,3,230,105
y,3,231,83
y,3,232,91
y,3,233,84
y,3,234,86
y,3,235,80
y,3,236,84
y,3,237,106
y,3,238,98
y,3,239,76
y,3,240,69
y,3,241,105
y,3,242,89
y,3,243,74
y,3,244,84
y,3,245,85
y,3,246,65
y,3,247,74
y,3,248,86
y,3,249,80
y,3,250,78
y,3,251,81
y,3,252,72
y,3,253,83
y,3,254,87
y,3,255,86
y,4,0,92
y,4,1,75
y,4,2,100
y,4,3,97
y,4,4,81
y,4,5,81
y,4,6,86
y,4,7,88
y,4,8,92
y,4,9,82
y,4,10,80
y,4,11,87
y,4,12,74
y,4,13,82
y,4,14,85
y,4,15,93
y,4,16,85
y,4,17,93
y,4,18,77
y,4,19,88
y,4,20,87
y,4,21,73
y,4,22,74
y,4,23,95
y,4,24,107
y,4,25,86
y,4,26,66
y,4,27,92
y,4,28,92
y,4,29,88
y,4,30,74
y,4,31,75
y,4,32,84
y,4,33,78
y,4,34,89
y,4,35,77
y,4,36,78
y,4,37,80
y,4,38,89
y,4,39,109
y,4,40,84
y,4,41,77
y,4,42,85
y,4,43,83
y,4,44,86
y,4,45,92
y,4,46,80
y,4,47,73
y,4,48,89
y,4,49,76
y,4,50,89
y,4,51,86
y,4,52,69
y,4,53,86
y,4,54,70
y,4,55,87
y,4,56,85
y,4,57,85
y,4,58,88
y,4,59,89
y,4,60,87
y,4,61,91
y,4,62,105
y,4,63,93
y,4,64,87
y,4,65,82
y,4,66,84
y,4,67,85
y,4,68,98
y,4,69,85
y,4,70,85
y,4,71,80
y,4,72,83
y,4,73,90
y,4,74,88
y,4,75,89
y,4,76,97
y,4,77,78
y,4,78,91
y,4,79,79
y,4,80,77
y,4,81,80
y,4,82,94
y,4,83,84
y,4,84,91
y,4,85,92
y,4,86,80
y,4,87,81
y,4,88,85
y,4,89,91
y,4,90,77
y,4,91,70
y,4,92,93
y,4,93,67
y,4,94,77
y,4,95,76
y,4,96,102
y,4,97,86
y,4,98,96
y,4,99,63
y,4,100,82
y,4,101,82
y,4,102,95
y,4,103,84
y,4,104,86
y,4,105,101
y,4,106,92
y,4,107,66
y,4,108,85
y,4,109,80
y,4,110,77
y,4,111,99
y,4,112,73
y,4,113,106
y,4,114,83
y,4,115,84
y,4,116,94
y,4,117,62
y,4,118,67
y,4,119,82
y,4,120,90
y,4,121,87
y,4,122,87
y,4,123,86
y,4,124,87
y,4,125,85
y,4,126,80
y,4,127,88
y,4,128,96
y,4,129,93
y,4,130,90
y,4,131,86
y,4,132,104
y,4,133,87
y,4,134,86
y,4,135,99
y,4,136,82
y,4,137,99
y,4,138,81
y,4,139,94
y,4,140,84
y,4,141,101
y,4,142,87
y,4,143,94
y,4,144,91
y,4,145,89
y,4,146,85
y,4,147,89
y,4,148,94
y,4,149,87
y,4,150,86
y,4,151,71
y,4,152,85
y,4,153,83
y,4,154,92
y,4,155,84
y,4,156,86
y,4,157,87
y,4,158,88
y,4,159,90
y,4,160,86
y,4,161,98
y,4,162,71
y,4,163,81
y,4,164,89
y,4,165,74
y,4,166,91
y,4,167,108
y,4,168,85
y,4,169,85
y,4,170,76
y,4,171,88
y,4,172,77
y,4,173,82
y,4,174,75
y,4,175,91
y,4,176,91
y,4,177,99
y,4,178,86
y,4,179,93
y,4,180,87
y,4,181,84
y,4,182,75
y,4,183,73
y,4,184,93
y,4,185,88
y,4,186,97
y,4,187,82
y,4,188,79
y,4,189,108
y,4,190,103
y,4,191,70
y,4,192,71
y,4,193,94
y,4,194,93
y,4,195,99
y,4,196,74
y,4,197,97
y,4,198,90
y,4,199,79
y,4,200,82
y,4,201,96
y,4,202,78
y,4,203,79
y,4,204,77
y,4,205,74
y,4,206,89
y,4,207,76
y,4,208,95
y,4,209,86
y,4,210,79
y,4,211,109
y,4,212,80
y,4,213,94
y,4,214,95
y,4,215,79
y,4,216,79
y,4,217,88
y,4,218,101
y,4,219,82
y,4,220,70
y,4,221,71
y,4,222,69
y,4,223,86
y,4,224,84
y,4,225,109
y,4,226,70
y,4,227,82
y,4,228,88
y,4,229,83
y,4,230,88
y,4,231,84
y,4,232,89
y,4,233,87
y,4,234,89
y,4,235,96
y,4,236,103
y,4,237,76
y,4,238,88
y,4,239,77
y,4,240,86
y,4,241,69
y,4,242,92
y,4,243,97
y,4,244,79
y,4,245,91
y,4,246,88
y,4,247,96
y,4,248,88
y,4,249,79
y,4,250,78
y,4,251,74
y,4,252,85
y,4,253,86
y,4,254,100
y,4,255,87
y,5,0,88
y,5,1,88
y,5,2,103
y,5,3,89
y,5,4,84
y,5,5,74
y,5,6,100
y,5,7,78
y,5,8,85
y,5,9,75
y,5,10,75
y,5,11,70
y,5,12,103
y,5,13,77
y,5,14,92
y,5,15,96
y,5,16,95
y,5,17,88
y,5,18,83
y,5,19,86
y,5,20,76
y,5,21,87
y,5,22,91
y,5,23,87
y,5,24,75
y,5,25,88
y,5,26,93
y,5,27,95
y,5,28,83
y,5,29,74
y,5,30,78
y,5,31,97
y,5,32,94
y,5,33,98
y,5,34,81
y,5,35,107
y,5,36,91
y,5,37,76
y,5,38,111
y,5,39,105
y,5,40,96
y,5,41,95
y,5,42,84
y,5,43,94
y,5,44,84
y,5,45,90
y,5,46,74
y,5,47,87
y,5,48,88
y,5,49,88
y,5,50,76
y,5,51,105
y,5,52,85
y,5,53,88
y,5,54,96
y,5,55,87
y,5,56,89
y,5,57,94
y,5,58,97
y,5,59,83
y,5,60,86
y,5,61,78
y,5,62,92
y,5,63,81
y,5,64,90
y,5,65,94
y,5,66,88
y,5,67,81
y,5,68,87
y,5,69,98
y,5,70,88
y,5,71,96
y,5,72,93
y,5,73,94
y,5,74,69
y,5,75,87
y,5,76,71
y,5,77,88
y,5,78,80
y,5,79,86
y,5,80,107
y,5,81,88
y,5,82,84
y,5,83,92
y,5,84,74
y,5,85,90
y,5,86,92
y,5,87,77
y,5,88,92
y,5,89,90
y,5,90,80
y,5,91,83
y,5,92,100
y,5,93,74
y,5,94,77
y,5,95,101
y,5,96,75
y,5,97,83
y,5,98,84
y,5,99,82
y,5,100,79
y,5,101,84
y,5,102,74
y,5,103,85
y,5,104,95
y,5,105,84
y,5,106,69
y,5,107,99
y,5,108,83
y,5,109,83
y,5,110,93
y,5,111,86
y,5,112,91
y,5,113,78
y,5,114,81
y,5,115,85
y,5,116,81
y,5,117,91
y,5,118,69
y,5,119,87
y,5,120,86
y,5,121,80
y,5,122,96
y,5,123,83
y,5,124,83
y,5,125,85
y,5,126,93
y,5,127,71
y,5,128,81
y,5,129,85
y,5,130,85
y,5,131,83
y,5,132,93
y,5,133,86
y,5,134,82
y,5,135,85
y,5,136,82
y,5,137,90
y,5,138,75
y,5,139,79
y,5,140,89
y,5,141,72
y,5,142,89
y,5,143,84
y,5,144,84
y,5,145,89
y,5,146,86
y,5,147,92
y,5,148,85
y,5,149,89
y,5,150,74
y,5,151,88
y,5,152,89
y,5,153,99
y,5,154,74
y,5,155,79
y,5,156,77
y,5,157,102
y,5,158,78
y,5,159,76
y,5,160,79
y,5,161,86
y,5,162,93
y,5,163,90
y,5,164,75
y,5,165,94
y,5,166,70
y,5,167,81
y,5,168,67
y,5,169,66
y,5,170,75
y,5,171,69
y,5,172,80
y,5,173,93
y,5,174,92
y,5,175,90
y,5,176,90
y,5,177,73
y,5,178,81
y,5,179,74
y,5,180,95
y,5,181,68
y,5,182,96
y,5,183,102
y,5,184,65
y,5,185,91
y,5,186,94
y,5,187,90
y,5,188,90
y,5,189,92
y,5,190,93
y,5,191,71
y,5,192,81
y,5,193,85
y,5,194,85
y,5,195,94
y,5,196,60
y,5,197,91
y,5,198,87
y,5,199,82
y,5,200,90
y,5,201,80
y,5,202,80
y,5,203,81
y,5,204,86
y,5,205,86
y,5,206,105
y,5,207,86
y,5,208,84
y,5,209,84
y,5,210,91
y,5,211,72
y,5,212,83
y,5,213,89
y,5,214,73
y,5,215,113
y,5,216,99
y,5,217,98
y,5,218,87
y,5,219,75
y,5,220,85
y,5,221,86
y,5,222,78
y,5,223,78
y,5,224,99
y,5,225,98
y,5,226,97
y,5,227,75
y,5,228,94
y,5,229,83
y,5,230,76
y,5,231,98
y,5,232,81
y,5,233,69
y,5,234,77
y,5,235,94
y,5,236,82
y,5,237,69
y,5,238,83
y,5,239,73
y,5,240,88
y,5,241,86
y,5,242,98
y,5,243,89
y,5,244,96
y,5,245,96
y,5,246,86
y,5,247,93
y,5,248,81
y,5,249,84
y,5,250,82
y,5,251,72
y,5,252,89
y,5,253,98
y,5,254,82
y,5,255,83
y,6,0,95
y,6,1,86
y,6,2,67
y,6,3,76
y,6,4,60
y,6,5,79
y,6,6,80
y,6,7,81
y,6,8,80
y,6,9,101
y,6,10,108
y,6,11,80
y,6,12,84
y,6,13,90
y,6,14,87
y,6,15,82
y,6,16,89
y,6,17,94
y,6,18,92
y,6,19,73
y,6,20,74
y,6,21,83
y,6,22,94
y,6,23,86
y,6,24,89
y,6,25,93
y,6,26,96
y,6,27,87
y,6,28,83
y,6,29,89
y,6,30,95
y,6,31,85
y,6,32,75
y,6,33,100
y,6,34,73
y,6,35,84
y,6,36,94
y,6,37,87
y,6,38,96
y,6,39,84
y,6,40,84
y,6,41,83
y,6,42,84
y,6,43,94
y,6,44,85
y,6,45,99
y,6,46,66
y,6,47,56
y,6,48,82
y,6,49,84
y,6,50,90
y,6,51,65
y,6,52,92
y,6,53,80
y,6,54,86
y,6,55,77
y,6,56,78
y,6,57,94
y,6,58,88
y,6,59,90
y,6,60,76
y,6,61,81
y,6,62,90
y,6,63,89
y,6,64,85
y,6,65,94
y,6,66,79
y,6,67,97
y,6,68,95
y,6,69,90
y,6,70,87
y,6,71,75
y,6,72,96
y,6,73,86
y,6,74,79
y,6,75,101
y,6,76,87
y,6,77,105
y,6,78,80
y,6,79,80
y,6,80,74
y,6,81,71
y,6,82,77
y,6,83,86
y,6,84,80
y,6,85,92
y,6,86,82
y,6,87,86
y,6,88,73
y,6,89,88
y,6,90,72
y,6,91,74
y,6,92,99
y,6,93,92
y,6,94,75
y,6,95,85
y,6,96,68
y,6,97,71
y,6,98,87
y,6,99,99
y,6,100,81
y,6,101,82
y,6,102,82
y,6,103,75
y,6,104,100
y,6,105,96
y,6,106,85
y,6,107,68
y,6,108,83
y,6,109,99
y,6,110,94
y,6,111,82
y,6,112,96
y,6,113,87
y,6,114,90
y,6,115,82
y,6,116,72
y,6,117,90
y,6,118,94
y,6,119,88
y,6,120,80
y,6,121,89
y,6,122,90
y,6,123,82
y,6,124,82
y,6,125,91
y,6,126,89
y,6,127,83
y,6,128,70
y,6,129,97
y,6,130,87
y,6,131,87
y,6,132,76
y,6,133,102
y,6,134,88
y,6,135,80
y,6,136,83
y,6,137,81
y,6,138,84
y,6,139,83
y,6,140,88
y,6,141,88
y,6,142,85
y,6,143,83
y,6,144,79
y,6,145,95
y,6,146,73
y,6,147,75
y,6,148,65
y,6,149,103
y,6,150,103
y,6,151,78
y,6,152,85
y,6,153,107
y,6,154,85
y,6,155,79
y,6,156,91
y,6,157,95
y,6,158,100
y,6,159,82
y,6,160,89
y,6,161,81
y,6,162,78
y,6,163,90
y,6,164,83
y,6,165,78
y,6,166,84
y,6,167,76
y,6,168,99
y,6,169,83
y,6,170,101
y,6,171,85
y,6,172,81
y,6,173,98
y,6,174,78
y,6,175,103
y,6,176,75
y,6,177,82
y,6,178,93
y,6,179,91
y,6,180,103
y,6,181,86
y,6,182,76
y,6,183,80
y,6,184,98
y,6,185,85
y,6,186,74
y,6,187,70
y,6,188,92
y,6,189,75
y,6,190,70
y,6,191,80
y,6,192,84
y,6,193,94
y,6,194,78
y,6,195,84
y,6,196,101
y,6,197,92
y,6,198,86
y,6,199,97
y,6,200,95
y,6,201,94
y,6,202,74
y,6,203,81
y,6,204,79
y,6,205,89
y,6,206,73
y,6,207,91
y,6,208,83
y,6,209,88
y,6,210,75
y,6,211,90
y,6,212,74
y,6,213,88
y,6,214,89
y,6,215,98
y,6,216,84
y,6,217,99
y,6,218,87
y,6,219,75
y,6,220,86
y,6,221,90
y,6,222,87
y,6,223,98
y,6,224,86
y,6,225,78
y,6,226,86
y,6,227,84
y,6,228,113
y,6,229,85
y,6,230,103
y,6,231,94
y,6,232,83
y,6,233,98
y,6,234,85
y,6,235,68
y,6,236,84
y,6,237,88
y,6,238,102
y,6,239,88
y,6,240,79
y,6,241,98
y,6,242,99
y,6,243,89
y,6,244,64
y,6,245,89
y,6,246,95
y,6,247,71
y,6,248,83
y,6,249,83
y,6,250,96
y,6,251,82
y,6,252,101
y,6,253,68
y,6,254,101
y,6,255,90
y,7,0,96
y,7,1,73
y,7,2,81
y,7,3,80
y,7,4,99
y,7,5,84
y,7,6,64
y,7,7,80
y,7,8,95
y,7,9,79
y,7,10,65
y,7,11,90
y,7,12,93
y,7,13,89
y,7,14,90
y,7,15,84
y,7,16,83
y,7,17,71
y,7,18,83
y,7,19,73
y,7,20,90
y,7,21,91
y,7,22,102
y,7,23,80
y,7,24,82
y,7,25,96
y,7,26,86
y,7,27,85
y,7,28,89
y,7,29,92
y,7,30,75
y,7,31,90
y,7,32,90
y,7,33,78
y,7,34,98
y,7,35,76
y,7,36,102
y,7,37,98
y,7,38,86
y,7,39,64
y,7,40,90
y,7,41,73
y,7,42,71
y,7,43,111
y,7,44,84
y,7,45,99
y,7,46,84
y,7,47,79
y,7,48,96
y,7,49,60
y,7,50,63
y,7,51,82
y,7,52,79
y,7,53,88
y,7,54,82
y,7,55,86
y,7,56,79
y,7,57,92
y,7,58,80
y,7,59,84
y,7,60,96
y,7,61,80
y,7,62,79
y,7,63,76
y,7,64,84
y,7,65,79
y,7,66,92
y,7,67,87
y,7,68,99
y,7,69,85
y,7,70,84
y,7,71,89
y,7,72,92
y,7,73,81
y,7,74,96
y,7,75,95
y,7,76,100
y,7,77,86
y,7,78,84
y,7,79,61
y,7,80,92
y,7,81,83
y,7,82,83
y,7,83,89
y,7,84,85
y,7,85,84
y,7,86,95
y,7,87,81
y,7,88,92
y,7,89,86
y,7,90,86
y,7,91,89
y,7,92,81
y,7,93,90
y,7,94,100
y,7,95,74
y,7,96,92
y,7,97,82
y,7,98,84
y,7,99,90
y,7,100,106
y,7,101,89
y,7,102,87
y,7,103,91
y,7,104,86
y,7,105,100
y,7,106,80
y,7,107,85
y,7,108,67
y,7,109,90
y,7,110,89
y,7,111,82
y,7,112,94
y,7,113,92
y,7,114,72
y,7,115,88
y,7,116,80
y,7,117,101
y,7,118,95
y,7,119,97
y,7,120,104
y,7,121,90
y,7,122,83
y,7,123,79
y,7,124,84
y,7,125,75
y,7,126,85
y,7,127,93
y,7,128,84
y,7,129,90
y,7,130,78
y,7,131,78
y,7,132,104
y,7,133,81
y,7,134,94
y,7,135,85
y,7,136,95
y,7,137,83
y,7,138,101
y,7,139,99
y,7,140,96
y,7,141,78
y,7,142,85
y,7,143,80
y,7,144,88
y,7,145,97
y,7,146,102
y,7,147,98
y,7,148,99
y,7,149,92
y,7,150,104
y,7,151,87
y,7,152,97
y,7,153,88
y,7,154,89
y,7,155,90
y,7,156,98
y,7,157,78
y,7,158,75
y,7,159,70
y,7,160,71
y,7,161,85
y,7,162,86
y,7,163,84
y,7,164,92
y,7,165,78
y,7,166,103
y,7,167,103
y,7,168,87
y,7,169,70
y,7,170,75
y,7,171,92
y,7,172,94
y,7,173,93
y,7,174,82
y,7,175,86
y,7,176,73
y,7,177,90
y,7,178,77
y,7,179,89
y,7,180,78
y,7,181,88
y,7,182,88
y,7,183,88
y,7,184,66
y,7,185,99
y,7,186,71
y,7,187,74
y,7,188,86
y,7,189,77
y,7,190,92
y,7,191,83
y,7,192,90
y,7,193,100
y,7,194,67
y,7,195,91
y,7,196,81
y,7,197,80
y,7,198,81
y,7,199,93
y,7,200,81
y,7,201,81
y,7,202,80
y,7,203,97
y,7,204,73
y,7,205,91
y,7,206,71
y,7,207,83
y,7,208,101
y,7,209,79
y,7,210,68
y,7,211,67
y,7,212,81
y,7,213,88
y,7,214,81
y,7,215,99
y,7,216,89
y,7,217,83
y,7,218,77
y,7,219,87
y,7,220,93
y,7,221,82
y,7,222,98
y,7,223,100
y,7,224,89
y,7,225,74
y,7,226,88
y,7,227,82
y,7,228,95
y,7,229,102
y,7,230,89
y,7,231,76
y,7,232,86
y,7,233,86
y,7,234,93
y,7,235,77
y,7,236,89
y,7,237,90
y,7,238,88
y,7,239,66
y,7,240,83
y,7,241,85
y,7,242,80
y,7,243,82
y,7,244,83
y,7,245,77
y,7,246,81
y,7,247,89
y,7,248,67
y,7,249,77
y,7,250,87
y,7,251,76
y,7,252,92
y,7,253,87
y,7,254,102
y,7,255,68
y,8,0,72
y,8,1,84
y,8,2,88
y,8,3,80
y,8,4,89
y,8,5,82
y,8,6,93
y,8,7,61
y,8,8,85
y,8,9,84
y,8,10,82
y,8,11,115
y,8,12,88
y,8,13,83
y,8,14,86
y,8,15,79
y,8,16,88
y,8,17,83
y,8,18,105
y,8,19,84
y,8,20,82
y,8,21,82
y,8,22,74
y,8,23,87
y,8,24,88
y,8,25,91
y,8,26,77
y,8,27,83
y,8,28,114
y,8,29,79
y,8,30,87
y,8,31,79
y,8,32,86
y,8,33,102
y,8,34,101
y,8,35,92
y,8,36,83
y,8,37,94
y,8,38,93
y,8,39,82
y,8,40,82
y,8,41,88
y,8,42,59
y,8,43,101
y,8,44,102
y,8,45,76
y,8,46,90
y,8,47,96
y,8,48,93
y,8,49,92
y,8,50,78
y,8,51,86
y,8,52,81
y,8,53,90
y,8,54,82
y,8,55,80
y,8,56,82
y,8,57,74
y,8,58,79
y,8,59,71
y,8,60,70
y,8,61,83
y,8,62,91
y,8,63,80
y,8,64,89
y,8,65,77
y,8,66,76
y,8,67,85
y,8,68,97
y,8,69,84
y,8,70,73
y,8,71,77
y,8,72,111
y,8,73,89
y,8,74,77
y,8,75,69
y,8,76,86
y,8,77,88
y,8,78,96
y,8,79,87
y,8,80,88
y,8,81,94
y,8,82,93
y,8,83,94
y,8,84,85
y,8,85,83
y,8,86,90
y,8,87,94
y,8,88,83
y,8,89,80
y,8,90,85
y,8,91,90
y,8,92,81
y,8,93,110
y,8,94,90
y,8,95,77
y,8,96,85
y,8,97,86
y,8,98,87
y,8,99,82
y,8,100,82
y,8,101,94
y,8,102,72
y,8,103,84
y,8,104,92
y,8,105,67
y,8,106,83
y,8,107,100
y,8,108,86
y,8,109,79
y,8,110,84
y,8,111,81
y,8,112,93
y,8,113,99
y,8,114,95
y,8,115,101
y,8,116,87
y,8,117,91
y,8,118,90
y,8,119,92
y,8,120,77
y,8,121,95
y,8,122,89
y,8,123,79
y,8,124,96
y,8,125,105
y,8,126,69
y,8,127,72
y,8,128,77
y,8,129,92
y,8,130,89
y,8,131,80
y,8,132,86
y,8,133,92
y,8,134,82
y,8,135,78
y,8,136,79
y,8,137,90
y,8,138,93
y,8,139,99
y,8,140,82
y,8,141,77
y,8,142,99
y,8,143,96
y,8,144,76
y,8,145,64
y,8,146,87
y,8,147,90
y,8,148,68
y,8,149,74
y,8,150,106
y,8,151,100
y,8,152,90
y,8,153,87
y,8,154,88
y,8,155,87
y,8,156,100
y,8,157,80
y,8,158,89
y,8,159,69
y,8,160,95
y,8,161,101
y,8,162,84
y,8,163,64
y,8,164,91
y,8,165,95
y,8,166,90
y,8,167,98
y,8,168,98
y,8,169,104
y,8,170,79
y,8,171,83
y,8,172,89
y,8,173,89
y,8,174,69
y,8,175,71
y,8,176,78
y,8,177,88
y,8,178,91
y,8,179,84
y,8,180,96
y,8,181,72
y,8,182,79
y,8,183,87
y,8,184,86
y,8,185,74
y,8,186,89
y,8,187,94
y,8,188,87
y,8,189,89
y,8,190,81
y,8,191,82
y,8,192,100
y,8,193,82
y,8,194,88
y,8,195,86
y,8,196,104
y,8,197,95
y,8,198,93
y,8,199,75
y,8,200,96
y,8,201,79
y,8,202,77
y,8,203,87
y,8,204,87
y,8,205,70
y,8,206,80
y,8,207,61
y,8,208,82
y,8,209,82
y,8,210,63
y,8,211,79
y,8,212,95
y,8,213,88
y,8,214,81
y,8,215,96
y,8,216,77
y,8,217,91
y,8,218,80
y,8,219,79
y,8,220,77
y,8,221,78
y,8,222,92
y,8,223,85
y,8,224,76
y,8,225,75
y,8,226,91
y,8,227,73
y,8,228,87
y,8,229,91
y,8,230,79
y,8,231,77
y,8,232,96
y,8,233,86
y,8,234,87
y,8,235,92
y,8,236,85
y,8,237,96
y,8,238,96
y,8,239,79
y,8,240,84
y,8,241,93
y,8,242,78
y,8,243,85
y,8,244,93
y,8,245,103
y,8,246,84
y,8,247,89
y,8,248,88
y,8,249,70
y,8,250,103
y,8,251,84
y,8,252,74
y,8,253,89
y,8,254,69
y,8,255,88
y,9,0,81
y,9,1,80
y,9,2,78
y,9,3,85
y,9,4,84
y,9,5,81
y,9,6,82
y,9,7,92
y,9,8,95
y,9,9,77
y,9,10,89
y,9,11,85
y,9,12,93
y,9,13,92
y,9,14,98
y,9,15,75
y,9,16,87
y,9,17,102
y,9,18,81
y,9,19,93
y,9,20,79
y,9,21,87
y,9,22,92
y,9,23,72
y,9,24,80
y,9,25,93
y,9,26,77
y,9,27,90
y,9,28,114
y,9,29,81
y,9,30,89
y,9,31,90
y,9,32,96
y,9,33,81
y,9,34,102
y,9,35,98
y,9,36,83
y,9,37,93
y,9,38,80
y,9,39,101
y,9,40,107
y,9,41,87
y,9,42,96
y,9,43,83
y,9,44,73
y,9,45,78
y,9,46,84
y,9,47,96
y,9,48,93
y,9,49,90
y,9,50,92
y,9,51,77
y,9,52,93
y,9,53,84
y,9,54,76
y,9,55,85
y,9,56,85
y,9,57,97
y,9,58,85
y,9,59,80
y,9,60,98
y,9,61,80
y,9,62,85
y,9,63,71
y,9,64,80
y,9,65,81
y,9,66,93
y,9,67,105
y,9,68,100
y,9,69,86
y,9,70,88
y,9,71,76
y,9,72,88
y,9,73,87
y,9,74,96
y,9,75,85
y,9,76,89
y,9,77,84
y,9,78,87
y,9,79,82
y,9,80,80
y,9,81,76
y,9,82,114
y,9,83,87
y,9,84,74
y,9,85,92
y,9,86,73
y,9,87,95
y,9,88,79
y,9,89,76
y,9,90,78
y,9,91,104
y,9,92,88
y,9,93,100
y,9,94,89
y,9,95,95
y,9,96,91
y,9,97,74
y,9,98,89
y,9,99,91
y,9,100,80
y,9,101,92
y,9,102,84
y,9,103,76
y,9,104,103
y,9,105,82
y,9,106,90
y,9,107,86
y,9,108,94
y,9,109,82
y,9,110,98
y,9,111,79
y,9,112,92
y,9,113,67
y,9,114,102
y,9,115,86
y,9,116,86
y,9,117,89
y,9,118,87
y,9,119,80
y,9,120,78
y,9,121,83
y,9,122,81
y,9,123,77
y,9,124,82
y,9,125,87
y,9,126,75
y,9,127,74
y,9,128,93
y,9,129,78
y,9,130,79
y,9,131,89
y,9,132,87
y,9,133,80
y,9,134,84
y,9,135,75
y,9,136,64
y,9,137,89
y,9,138,85
y,9,139,88
y,9,140,90
y,9,141,80
y,9,142,80
y,9,143,82
y,9,144,86
y,9,145,92
y,9,146,91
y,9,147,65
y,9,148,73
y,9,149,77
y,9,150,83
y,9,151,100
y,9,152,76
y,9,153,93
y,9,154,89
y,9,155,95
y,9,156,77
y,9,157,92
y,9,158,90
y,9,159,83
y,9,160,86
y,9,161,75
y,9,162,89
y,9,163,98
y,9,164,71
y,9,165,88
y,9,166,74
y,9,167,84
y,9,168,84
y,9,169,103
y,9,170,76
y,9,171,88
y,9,172,77
y,9,173,77
y,9,174,84
y,9,175,83
y,9,176,85
y,9,177,74
y,9,178,82
y,9,179,93
y,9,180,88
y,9,181,85
y,9,182,87
y,9,183,82
y,9,184,75
y,9,185,74
y,9,186,85
y,9,187,90
y,9,188,78
y,9,189,94
y,9,190,87
y,9,191,85
y,9,192,86
y,9,193,70
y,9,194,83
y,9,195,87
y,9,196,90
y,9,197,95
y,9,198,91
y,9,199,94
y,9,200,85
y,9,201,88
y,9,202,81
y,9,203,96
y,9,204,83
y,9,205,99
y,9,206,86
y,9,207,89
y,9,208,69
y,9,209,107
y,9,210,96
y,9,211,84
y,9,212,61
y,9,213,98
y,9,214,78
y,9,215,81
y,9,216,78
y,9,217,74
y,9,218,88
y,9,219,73
y,9,220,95
y,9,221,87
y,9,222,81
y,9,223,91
y,9,224,112
y,9,225,82
y,9,226,101
y,9,227,80
y,9,228,76
y,9,229,97
y,9,230,88
y,9,231,78
y,9,232,83
y,9,233,91
y,9,234,99
y,9,235,81
y,9,236,90
y,9,237,81
y,9,238,67
y,9,239,82
y,9,240,78
y,9,241,78
y,9,242,100
y,9,243,70
y,9,244,97
y,9,245,92
y,9,246,102
y,9,247,93
y,9,248,71
y,9,249,88
y,9,250,74
y,9,251,74
y,9,252,70
y,9,253,93
y,9,254,77
y,9,255,91
y,10,0,84
y,10,1,82
y,10,2,82
y,10,3,88
y,10,4,101
y,10,5,106
y,10,6,99
y,10,7,87
y,10,8,93
y,10,9,94
y,10,10,90
y,10,11,76
y,10,12,94
y,10,13,77
y,10,14,86
y,10,15,106
y,10,16,82
y,10,17,71
y,10,18,72
y,10,19,90
y,10,20,74
y,10,21,104
y,10,22,78
y,10,23,99
y,10,24,98
y,10,25,75
y,10,26,88
y,10,27,70
y,10,28,101
y,10,29,94
y,10,30,81
y,10,31,96
y,10,32,81
y,10,33,91
y,10,34,102
y,10,35,76
y,10,36,76
y,10,37,84
y,10,38,72
y,10,39,86
y,10,40,100
y,10,41,70
y,10,42,89
y,10,43,66
y,10,44,78
y,10,45,116
y,10,46,86
y,10,47,88
y,10,48,82
y,10,49,81
y,10,50,107
y,10,51,90
y,10,52,101
y,10,53,100
y,10,54,86
y,10,55,108
y,10,56,79
y,10,57,87
y,10,58,91
y,10,59,80
y,10,60,92
y,10,61,86
y,10,62,92
y,10,63,85
y,10,64,73
y,10,65,102
y,10,66,82
y,10,67,97
y,10,68,98
y,10,69,83
y,10,70,87
y,10,71,83
y,10,72,66
y,10,73,77
y,10,74,87
y,10,75,84
y,10,76,103
y,10,77,79
y,10,78,87
y,10,79,80
y,10,80,81
y,10,81,82
y,10,82,88
y,10,83,86
y,10,84,93
y,10,85,77
y,10,86,79
y,10,87,71
y,10,88,87
y,10,89,79
y,10,90,109
y,10,91,73
y,10,92,77
y,10,93,85
y,10,94,77
y,10,95,87
y,10,96,79
y,10,97,81
y,10,98,101
y,10,99,79
y,10,100,115
y,10,101,83
y,10,102,86
y,10,103,86
y,10,104,84
y,10,105,94
y,10,106,83
y,10,107,104
y,10,108,89
y,10,109,95
y,10,110,96
y,10,111,98
y,10,112,82
y,10,113,92
y,10,114,94
y,10,115,78
y,10,116,90
y,10,117,102
y,10,118,88
y,10,119,78
y,10,120,78
y,10,121,94
y,10,122,78
y,10,123,89
y,10,124,85
y,10,125,76
y,10,126,76
y,10,127,82
y,10,128,104
y,10,129,74
y,10,130,74
y,10,131,96
y,10,132,95
y,10,133,75
y,10,134,75
y,10,135,92
y,10,136,83
y,10,137,76
y,10,138,93
y,10,139,97
y,10,140,85
y,10,141,88
y,10,142,82
y,10,143,82
y,10,144,105
y,10,145,93
y,10,146,79
y,10,147,90
y,10,148,83
y,10,149,85
y,10,150,83
y,10,151,98
y,10,152,75
y,10,153,93
y,10,154,94
y,10,155,81
y,10,156,84
y,10,157,79
y,10,158,86
y,10,159,79
y,10,160,88
y,10,161,74
y,10,162,71
y,10,163,86
y,10,164,86
y,10,165,90
y,10,166,94
y,10,167,96
y,10,168,100
y,10,169,74
y,10,170,91
y,10,171,95
y,10,172,93
y,10,173,75
y,10,174,89
y,10,175,67
y,10,176,104
y,10,177,86
y,10,178,98
y,10,179,98
y,10,180,109
y,10,181,95
y,10,182,102
y,10,183,89
y,10,184,82
y,10,185,107
y,10,186,95
y,10,187,79
y,10,188,78
y,10,189,88
y,10,190,84
y,10,191,88
y,10,192,90
y,10,193,81
y,10,194,77
y,10,195,79
y,10,196,88
y,10,197,68
y,10,198,85
y,10,199,75
y,10,200,78
y,10,201,101
y,10,202,86
y,10,203,89
y,10,204,71
y,10,205,67
y,10,206,71
y,10,207,73
y,10,208,65
y,10,209,95
y,10,210,87
y,10,211,82
y,10,212,76
y,10,213,94
y,10,214,81
y,10,215,80
y,10,216,66
y,10,217,76
y,10,218,84
y,10,219,78
y,10,220,68
y,10,221,100
y,10,222,91
y,10,223,82
y,10,224,74
y,10,225,85
y,10,226,77
y,10,227,88
y,10,228,90
y,10,229,82
y,10,230,82
y,10,231,78
y,10,232,87
y,10,233,85
y,10,234,82
y,10,235,97
y,10,236,83
y,10,237,80
y,10,238,81
y,10,239,76
y,10,240,63
y,10,241,85
y,10,242,80
y,10,243,75
y,10,244,76
y,10,245,76
y,10,246,86
y,10,247,80
y,10,248,82
y,10,249,82
y,10,250,95
y,10,251,83
y,10,252,84
y,10,253,86
y,10,254,66
y,10,255,94
y,11,0,94
y,11,1,109
y,11,2,87
y,11,3,80
y,11,4,94
y,11,5,83
y,11,6,68
y,11,7,92
y,11,8,83
y,11,9,99
y,11,10,88
y,11,11,88
y,11,12,74
y,11,13,91
y,11,14,85
y,11,15,76
y,11,16,78
y,11,17,99
y,11,18,86
y,11,19,93
y,11,20,98
y,11,21,88
y,11,22,107
y,11,23,103
y,11,24,83
y,11,25,81
y,11,26,77
y,11,27,95
y,11,28,73
y,11,29,92
y,11,30,91
y,11,31,76
y,11,32,82
y,11,33,106
y,11,34,81
y,11,35,65
y,11,36,69
y,11,37,93
y,11,38,71
y,11,39,91
y,11,40,90
y,11,41,84
y,11,42,94
y,11,43,75
y,11,44,87
y,11,45,87
y,11,46,79
y,11,47,83
y,11,48,77
y,11,49,81
y,11,50,88
y,11,51,84
y,11,52,88
y,11,53,95
y,11,54,82
y,11,55,96
y,11,56,93
y,11,57,70
y,11,58,75
y,11,59,83
y,11,60,100
y,11,61,97
y,11,62,78
y,11,63,81
y,11,64,90
y,11,65,78
y,11,66,82
y,11,67,92
y,11,68,82
y,11,69,90
y,11,70,67
y,11,71,82
y,11,72,84
y,11,73,87
y,11,74,86
y,11,75,78
y,11,76,87
y,11,77,83
y,11,78,76
y,11,79,83
y,11,80,87
y,11,81,94
y,11,82,87
y,11,83,101
y,11,84,81
y,11,85,92
y,11,86,86
y,11,87,87
y,11,88,77
y,11,89,80
y,11,90,82
y,11,91,94
y,11,92,68
y,11,93,82
y,11,94,75
y,11,95,82
y,11,96,78
y,11,97,96
y,11,98,89
y,11,99,78
y,11,100,94
y,11,101,79
y,11,102,75
y,11,103,94
y,11,104,79
y,11,105,73
y,11,106,90
y,11,107,89
y,11,108,82
y,11,109,91
y,11,110,74
y,11,111,83
y,11,112,79
y,11,113,71
y,11,114,102
y,11,115,97
y,11,116,89
y,11,117,97
y,11,118,83
y,11,119,87
y,11,120,84
y,11,121,95
y,11,122,87
y,11,123,95
y,11,124,89
y,11,125,86
y,11,126,86
y,11,127,82
y,11,128,86
y,11,129,86
y,11,130,82
y,11,131,85
y,11,132,84
y,11,133,79
y,11,134,82
y,11,135,108
y,11,136,64
y,11,137,86
y,11,138,85
y,11,139,70
y,11,140,77
y,11,141,92
y,11,142,84
y,11,143,100
y,11,144,84
y,11,145,85
y,11,146,93
y,11,147,90
y,11,148,85
y,11,149,103
y,11,150,84
y,11,151,107
y,11,152,90
y,11,153,89
y,11,154,89
y,11,155,84
y,11,156,78
y,11,157,107
y,11,158,90
y,11,159,76
y,11,160,89
y,11,161,92
y,11,162,100
y,11,163,85
y,11,164,86
y,11,165,79
y,11,166,93
y,11,167,93
y,11,168,79
y,11,169,83
y,11,170,83
y,11,171,65
y,11,172,82
y,11,173,87
y,11,174,74
y,11,175,78
y,11,176,90
y,11,177,82
y,11,178,71
y,11,179,86
y,11,180,70
y,11,181,83
y,11,182,86
y,11,183,79
y,11,184,90
y,11,185,99
y,11,186,81
y,11,187,85
y,11,188,79
y,11,189,98
y,11,190,97
y,11,191,76
y,11,192,84
y,11,193,89
y,11,194,99
y,11,195,97
y,11,196,85
y,11,197,107
y,11,198,97
y,11,199,88
y,11,200,74
y,11,201,88
y,11,202,85
y,11,203,78
y,11,204,95
y,11,205,69
y,11,206,97
y,11,207,83
y,11,208,87
y,11,209,100
y,11,210,74
y,11,211,89
y,11,212,85
y,11,213,79
y,11,214,85
y,11,215,69
y,11,216,71
y,11,217,95
y,11,218,101
y,11,219,71
y,11,220,90
y,11,221,93
y,11,222,91
y,11,223,73
y,11,224,92
y,11,225,74
y,11,226,90
y,11,227,79
y,11,228,93
y,11,229,107
y,11,230,94
y,11,231,77
y,11,232,69
y,11,233,102
y,11,234,96
y,11,235,74
y,11,236,81
y,11,237,81
y,11,238,85
y,11,239,77
y,11,240,91
y,11,241,92
y,11,242,73
y,11,243,84
y,11,244,89
y,11,245,83
y,11,246,92
y,11,247,98
y,11,248,86
y,11,249,76
y,11,250,80
y,11,251,83
y,11,252,84
y,11,253,88
y,11,254,79
y,11,255,101
y,12,0,90
y,12,1,92
y,12,2,87
y,12,3,94
y,12,4,83
y,12,5,81
y,12,6,75
y,12,7,96
y,12,8,76
y,12,9,86
y,12,10,75
y,12,11,75
y,12,12,102
y,12,13,76
y,12,14,79
y,12,15,87
y,12,16,99
y,12,17,91
y,12,18,83
y,12,19,63
y,12,20,87
y,12,21,91
y,12,22,83
y,12,23,85
y,12,24,103
y,12,25,83
y,12,26,71
y,12,27,92
y,12,28,85
y,12,29,80
y,12,30,102
y,12,31,92
y,12,32,87
y,12,33,82
y,12,34,76
y,12,35,94
y,12,36,96
y,12,37,70
y,12,38,90
y,12,39,75
y,12,40,96
y,12,41,84
y,12,42,75
y,12,43,80
y,12,44,73
y,12,45,84
y,12,46,101
y,12,47,76
y,12,48,83
y,12,49,92
y,12,50,81
y,12,51,93
y,12,52,76
y,12,53,79
y,12,54,75
y,12,55,72
y,12,56,79
y,12,57,65
y,12,58,72
y,12,59,83
y,12,60,82
y,12,61,91
y,12,62,105
y,12,63,88
y,12,64,80
y,12,65,66
y,12,66,85
y,12,67,77
y,12,68,79
y,12,69,76
y,12,70,85
y,12,71,99
y,12,72,71
y,12,73,83
y,12,74,77
y,12,75,82
y,12,76,80
y,12,77,87
y,12,78,84
y,12,79,90
y,12,80,98
y,12,81,89
y,12,82,94
y,12,83,93
y,12,84,92
y,12,85,78
y,12,86,82
y,12,87,73
y,12,88,86
y,12,89,89
y,12,90,87
y,12,91,81
y,12,92,87
y,12,93,93
y,12,94,96
y,12,95,83
y,12,96,89
y,12,97,79
y,12,98,79
y,12,99,80
y,12,100,95
y,12,101,62
y,12,102,83
y,12,103,93
y,12,104,84
y,12,105,75
y,12,106,89
y,12,107,94
y,12,108,92
y,12,109,85
y,12,110,94
y,12,111,85
y,12,112,109
y,12,113,97
y,12,114,85
y,12,115,73
y,12,116,86
y,12,117,84
y,12,118,89
y,12,119,91
y,12,120,86
y,12,121,97
y,12,122,77
y,12,123,83
y,12,124,85
y,12,125,98
y,12,126,92
y,12,127,92
y,12,128,76
y,12,129,86
y,12,130,93
y,12,131,100
y,12,132,85
y,12,133,111
y,12,134,87
y,12,135,76
y,12,136,91
y,12,137,79
y,12,138,108
y,12,139,97
y,12,140,78
y,12,141,102
y,12,142,90
y,12,143,76
y,12,144,84
y,12,145,79
y,12,146,83
y,12,147,98
y,12,148,88
y,12,149,92
y,12,150,101
y,12,151,81
y,12,152,81
y,12,153,81
y,12,154,86
y,12,155,96
y,12,156,93
y,12,157,81
y,12,158,74
y,12,159,95
y,12,160,98
y,12,161,91
y,12,162,98
y,12,163,80
y,12,164,84
y,12,165,76
y,12,166,78
y,12,167,88
y,12,168,87
y,12,169,64
y,12,170,89
y,12,171,88
y,12,172,90
y,12,173,101
y,12,174,91
y,12,175,105
y,12,176,117
y,12,177,80
y,12,178,105
y,12,179,76
y,12,180,85
y,12,181,91
y,12,182,96
y,12,183,84
y,12,184,94
y,12,185,82
y,12,186,102
y,12,187,88
y,12,188,86
y,12,189,77
y,12,190,100
y,12,191,81
y,12,192,84
y,12,193,82
y,12,194,106
y,12,195,94
y,12,196,85
y,12,197,88
y,12,198,76
y,12,199,82
y,12,200,87
y,12,201,89
y,12,202,87
y,12,203,97
y,12,204,82
y,12,205,70
y,12,206,82
y,12,207,80
y,12,208,86
y,12,209,79
y,12,210,79
y,12,211,82
y,12,212,88
y,12,213,80
y,12,214,90
y,12,215,79
y,12,216,82
y,12,217,85
y,12,218,86
y,12,219,72
y,12,220,92
y,12,221,84
y,12,222,88
y,12,223,82
y,12,224,88
y,12,225,89
y,12,226,98
y,12,227,94
y,12,228,101
y,12,229,88
y,12,230,73
y,12,231,73
y,12,232,79
y,12,233,91
y,12,234,85
y,12,235,83
y,12,236,83
y,12,237,85
y,12,238,88
y,12,239,98
y,12,240,84
y,12,241,68
y,12,242,94
y,12,243,67
y,12,244,87
y,12,245,81
y,12,246,89
y,12,247,90
y,12,248,80
y,12,249,78
y,12,250,70
y,12,251,81
y,12,252,75
y,12,253,69
y,12,254,84
y,12,255,92
y,13,0,70
y,13,1,64
y,13,2,82
y,13,3,95
y,13,4,90
y,13,5,109
y,13,6,88
y,13,7,64
y,13,8,88
y,13,9,98
y,13,10,91
y,13,11,87
y,13,12,74
y,13,13,77
y,13,14,89
y,13,15,89
y,13,16,90
y,13,17,89
y,13,18,86
y,13,19,77
y,13,20,95
y,13,21,73
y,13,22,91
y,13,23,77
y,13,24,84
y,13,25,83
y,13,26,87
y,13,27,71
y,13,28,84
y,13,29,95
y,13,30,82
y,13,31,64
y,13,32,107
y,13,33,73
y,13,34,88
y,13,35,96
y,13,36,85
y,13,37,86
y,13,38,78
y,13,39,83
y,13,40,88
y,13,41,100
y,13,42,94
y,13,43,84
y,13,44,91
y,13,45,80
y,13,46,71
y,13,47,92
y,13,48,67
y,13,49,90
y,13,50,92
y,13,51,77
y,13,52,86
y,13,53,92
y,13,54,80
y,13,55,84
y,13,56,82
y,13,57,75
y,13,58,99
y,13,59,81
y,13,60,101
y,13,61,77
y,13,62,102
y,13,63,68
y,13,64,95
y,13,65,86
y,13,66,80
y,13,67,86
y,13,68,101
y,13,69,90
y,13,70,87
y,13,71,89
y,13,72,91
y,13,73,85
y,13,74,70
y,13,75,98
y,13,76,84
y,13,77,82
y,13,78,89
y,13,79,76
y,13,80,98
y,13,81,66
y,13,82,105
y,13,83,80
y,13,84,75
y,13,85,73
y,13,86,79
y,13,87,96
y,13,88,89
y,13,89,80
y,13,90,96
y,13,91,89
y,13,92,91
y,13,93,111
y,13,94,89
y,13,95,87
y,13,96,71
y,13,97,90
y,13,98,75
y,13,99,81
y,13,100,110
y,13,101,83
y,13,102,72
y,13,103,84
y,13,104,91
y,13,105,88
y,13,106,78
y,13,107,94
y,13,108,89
y,13,109,92
y,13,110,89
y,13,111,84
y,13,112,106
y,13,113,87
y,13,114,69
y,13,115,87
y,13,116,92
y,13,117,98
y,13,118,90
y,13,119,107
y,13,120,82
y,13,121,90
y,13,122,78
y,13,123,87
y,13,124,102
y,13,125,79
y,13,126,88
y,13,127,96
y,13,128,65
y,13,129,83
y,13,130,85
y,13,131,101
y,13,132,93
y,13,133,90
y,13,134,95
y,13,135,91
y,13,136,88
y,13,137,92
y,13,138,72
y,13,139,78
y,13,140,77
y,13,141,98
y,13,142,78
y,13,143,102
y,13,144,87
y,13,145,82
y,13,146,83
y,13,147,86
y,13,148,85
y,13,149,78
y,13,150,90
y,13,151,80
y,13,152,71
y,13,153,79
y,13,154,80
y,13,155,86
y,13,156,62
y,13,157,77
y,13,158,72
y,13,159,93
y,13,160,75
y,13,161,80
y,13,162,79
y,13,163,84
y,13,164,80
y,13,165,101
y,13,166,73
y,13,167,76
y,13,168,76
y,13,169,90
y,13,170,82
y,13,171,84
y,13,172,92
y,13,173,83
y,13,174,77
y,13,175,92
y,13,176,82
y,13,177,79
y,13,178,113
y,13,179,97
y,13,180,86
y,13,181,68
y,13,182,91
y,13,183,82
y,13,184,104
y,13,185,78
y,13,186,80
y,13,187,87
y,13,188,105
y,13,189,97
y,13,190,83
y,13,191,71
y,13,192,71
y,13,193,76
y,13,194,96
y,13,195,90
y,13,196,82
y,13,197,106
y,13,198,103
y,13,199,75
y,13,200,104
y,13,201,88
y,13,202,84
y,13,203,78
y,13,204,88
y,13,205,101
y,13,206,80
y,13,207,93
y,13,208,53
y,13,209,84
y,13,210,97
y,13,211,88
y,13,212,97
y,13,213,84
y,13,214,85
y,13,215,86
y,13,216,87
y,13,217,87
y,13,218,87
y,13,219,85
y,13,220,92
y,13,221,89
y,13,222,76
y,13,223,79
y,13,224,79
y,13,225,88
y,13,226,93
y,13,227,66
y,13,228,82
y,13,229,104
y,13,230,88
y,13,231,80
y,13,232,85
y,13,233,78
y,13,234,79
y,13,235,87
y,13,236,84
y,13,237,95
y,13,238,91
y,13,239,84
y,13,240,90
y,13,241,98
y,13,242,82
y,13,243,77
y,13,244,82
y,13,245,95
y,13,246,89
y,13,247,77
y,13,248,98
y,13,249,82
y,13,250,86
y,13,251,77
y,13,252,81
y,13,253,85
y,13,254,94
y,13,255,86
y,14,0,92
y,14,1,83
y,14,2,81
y,14,3,74
y,14,4,80
y,14,5,99
y,14,6,114
y,14,7,93
y,14,8,73
y,14,9,92
y,14,10,79
y,14,11,97
y,14,12,88
y,14,13,70
y,14,14,75
y,14,15,91
y,14,16,79
y,14,17,84
y,14,18,77
y,14,19,79
y,14,20,77
y,14,21,79
y,14,22,94
y,14,23,94
y,14,24,90
y,14,25,75
y,14,26,86
y,14,27,93
y,14,28,97
y,14,29,84
y,14,30,76
y,14,31,88
y,14,32,85
y,14,33,83
y,14,34,96
y,14,35,77
y,14,36,79
y,14,37,82
y,14,38,76
y,14,39,110
y,14,40,88
y,14,41,90
y,14,42,90
y,14,43,82
y,14,44,89
y,14,45,92
y,14,46,104
y,14,47,95
y,14,48,88
y,14,49,89
y,14,50,85
y,14,51,93
y,14,52,82
y,14,53,78
y,14,54,83
y,14,55,78
y,14,56,83
y,14,57,92
y,14,58,87
y,14,59,88
y,14,60,96
y,14,61,64
y,14,62,72
y,14,63,83
y,14,64,112
y,14,65,84
y,14,66,94
y,14,67,82
y,14,68,63
y,14,69,100
y,14,70,94
y,14,71,79
y,14,72,85
y,14,73,85
y,14,74,98
y,14,75,85
y,14,76,78
y,14,77,82
y,14,78,94
y,14,79,74
y,14,80,82
y,14,81,96
y,14,82,98
y,14,83,77
y,14,84,76
y,14,85,87
y,14,86,91
y,14,87,98
y,14,88,94
y,14,89,84
y,14,90,98
y,14,91,101
y,14,92,84
y,14,93,85
y,14,94,87
y,14,95,91
y,14,96,81
y,14,97,72
y,14,98,76
y,14,99,77
y,14,100,80
y,14,101,67
y,14,102,79
y,14,103,72
y,14,104,105
y,14,105,78
y,14,106,61
y,14,107,93
y,14,108,83
y,14,109,100
y,14,110,69
y,14,111,89
y,14,112,71
y,14,113,82
y,14,114,94
y,14,115,87
y,14,116,94
y,14,117,76
y,14,118,88
y,14,119,91
y,14,120,94
y,14,121,95
y,14,122,87
y,14,123,78
y,14,124,84
y,14,125,90
y,14,126,92
y,14,127,81
y,14,128,85
y,14,129,74
y,14,130,80
y,14,131,91
y,14,132,90
y,14,133,87
y,14,134,86
y,14,135,76
y,14,136,82
y,14,137,77
y,14,138,83
y,14,139,96
y,14,140,95
y,14,141,75
y,14,142,86
y,14,143,84
y,14,144,89
y,14,145,83
y,14,146,98
y,14,147,71
y,14,148,84
y,14,149,94
y,14,150,86
y,14,151,90
y,14,152,81
y,14,153,90
y,14,154,73
y,14,155,120
y,14,156,81
y,14,157,76
y,14,158,104
y,14,159,89
y,14,160,82
y,14,161,75
y,14,162,85
y,14,163,73
y,14,164,87
y,14,165,88
y,14,166,73
y,14,167,96
y,14,168,92
y,14,169,82
y,14,170,78
y,14,171,95
y,14,172,82
y,14,173,113
y,14,174,83
y,14,175,103
y,14,176,87
y,14,177,96
y,14,178,79
y,14,179,81
y,14,180,93
y,14,181,98
y,14,182,96
y,14,183,73
y,14,184,87
y,14,185,93
y,14,186,94
y,14,187,93
y,14,188,90
y,14,189,90
y,14,190,82
y,14,191,81
y,14,192,84
y,14,193,83
y,14,194,79
y,14,195,75
y,14,196,77
y,14,197,82
y,14,198,88
y,14,199,72
y,14,200,95
y,14,201,87
y,14,202,71
y,14,203,93
y,14,204,92
y,14,205,96
y,14,206,96
y,14,207,77
y,14,208,73
y,14,209,85
y,14,210,90
y,14,211,76
y,14,212,90
y,14,213,77
y,14,214,94
y,14,215,88
y,14,216,91
y,14,217,82
y,14,218,92
y,14,219,80
y,14,220,89
y,14,221,97
y,14,222,79
y,14,223,88
y,14,224,63
y,14,225,100
y,14,226,83
y,14,227,88
y,14,228,115
y,14,229,105
y,14,230,82
y,14,231,89
y,14,232,106
y,14,233,83
y,14,234,87
y,14,235,76
y,14,236,80
y,14,237,86
y,14,238,75
y,14,239,81
y,14,240,79
y,14,241,93
y,14,242,82
y,14,243,64
y,14,244,77
y,14,245,75
y,14,246,89
y,14,247,85
y,14,248,73
y,14,249,78
y,14,250,88
y,14,251,79
y,14,252,86
y,14,253,74
y,14,254,88
y,14,255,94
y,15,0,77
y,15,1,83
y,15,2,98
y,15,3,78
y,15,4,82
y,15,5,90
y,15,6,90
y,15,7,96
y,15,8,92
y,15,9,86
y,15,10,92
y,15,11,73
y,15,12,80
y,15,13,82
y,15,14,98
y,15,15,79
y,15,16,79
y,15,17,93
y,15,18,79
y,15,19,76
y,15,20,111
y,15,21,97
y,15,22,69
y,15,23,90
y,15,24,85
y,15,25,103
y,15,26,85
y,15,27,87
y,15,28,88
y,15,29,87
y,15,30,92
y,15,31,73
y,15,32,102
y,15,33,93
y,15,34,86
y,15,35,71
y,15,36,103
y,15,37,78
y,15,38,93
y,15,39,62
y,15,40,87
y,15,41,92
y,15,42,81
y,15,43,91
y,15,44,95
y,15,45,77
y,15,46,63
y,15,47,89
y,15,48,99
y,15,49,97
y,15,50,77
y,15,51,77
y,15,52,78
y,15,53,91
y,15,54,98
y,15,55,70
y,15,56,89
y,15,57,106
y,15,58,92
y,15,59,93
y,15,60,100
y,15,61,74
y,15,62,90
y,15,63,71
y,15,64,94
y,15,65,87
y,15,66,97
y,15,67,79
y,15,68,87
y,15,69,84
y,15,70,91
y,15,71,82
y,15,72,89
y,15,73,83
y,15,74,82
y,15,75,77
y,15,76,84
y,15,77,88
y,15,78,86
y,15,79,73
y,15,80,68
y,15,81,84
y,15,82,98
y,15,83,97
y,15,84,70
y,15,85,105
y,15,86,84
y,15,87,98
y,15,88,91
y,15,89,94
y,15,90,78
y,15,91,86
y,15,92,88
y,15,93,102
y,15,94,86
y,15,95,85
y,15,96,84
y,15,97,81
y,15,98,87
y,15,99,98
y,15,100,85
y,15,101,100
y,15,102,108
y,15,103,82
y,15,104,98
y,15,105,79
y,15,106,83
y,15,107,80
y,15,108,83
y,15,109,100
y,15,110,89
y,15,111,76
y,15,112,81
y,15,113,93
y,15,114,78
y,15,115,93
y,15,116,82
y,15,117,77
y,15,118,91
y,15,119,87
y,15,120,79
y,15,121,90
y,15,122,90
y,15,123,81
y,15,124,88
y,15,125,73
y,15,126,82
y,15,127,87
y,15,128,92
y,15,129,73
y,15,130,86
y,15,131,88
y,15,132,83
y,15,133,89
y,15,134,76
y,15,135,80
y,15,136,77
y,15,137,77
y,15,138,74
y,15,139,87
y,15,140,89
y,15,141,89
y,15,142,100
y,15,143,100
y,15,144,87
y,15,145,95
y,15,146,100
y,15,147,90
y,15,148,82
y,15,149,91
y,15,150,83
y,15,151,93
y,15,152,80
y,15,153,90
y,15,154,85
y,15,155,83
y,15,156,85
y,15,157,93
y,15,158,91
y,15,159,74
y,15,160,73
y,15,161,73
y,15,162,88
y,15,163,72
y,15,164,101
y,15,165,104
y,15,166,83
y,15,167,75
y,15,168,80
y,15,169,88
y,15,170,95
y,15,171,92
y,15,172,77
y,15,173,90
y,15,174,66
y,15,175,79
y,15,176,89
y,15,177,70
y,15,178,91
y,15,179,83
y,15,180,77
y,15,181,78
y,15,182,105
y,15,183,66
y,15,184,82
y,15,185,68
y,15,186,86
y,15,187,83
y,15,188,92
y,15,189,104
y,15,190,90
y,15,191,85
y,15,192,92
y,15,193,98
y,15,194,83
y,15,195,83
y,15,196,81
y,15,197,82
y,15,198,88
y,15,199,86
y,15,200,90
y,15,201,85
y,15,202,69
y,15,203,81
y,15,204,89
y,15,205,90
y,15,206,94
y,15,207,83
y,15,208,94
y,15,209,77
y,15,210,76
y,15,211,94
y,15,212,74
y,15,213,80
y,15,214,92
y,15,215,83
y,15,216,82
y,15,217,71
y,15,218,83
y,15,219,94
y,15,220,88
y,15,221,81
y,15,222,86
y,15,223,76
y,15,224,85
y,15,225,80
y,15,226,83
y,15,227,92
y,15,228,97
y,15,229,90
y,15,230,81
y,15,231,96
y,15,232,83
y,15,233,89
y,15,234,85
y,15,235,89
y,15,236,82
y,15,237,86
y,15,238,87
y,15,239,87
y,15,240,88
y,15,241,81
y,15,242,94
y,15,243,106
y,15,244,83
y,15,245,73
y,15,246,79
y,15,247,91
y,15,248,74
y,15,249,84
y,15,250,77
y,15,251,73
y,15,252,91
y,15,253,80
y,15,254,80
y,15,255,78
y,16,0,87
y,16,1,86
y,16,2,106
y,16,3,110
y,16,4,83
y,16,5,81
y,16,6,84
y,16,7,82
y,16,8,72
y,16,9,90
y,16,10,85
y,16,11,85
y,16,12,95
y,16,13,106
y,16,14,84
y,16,15,72
y,16,16,70
y,16,17,81
y,16,18,63
y,16,19,81
y,16,20,77
y,16,21,92
y,16,22,70
y,16,23,90
y,16,24,97
y,16,25,91
y,16,26,105
y,16,27,90
y,16,28,87
y,16,29,89
y,16,30,87
y,16,31,89
y,16,32,76
y,16,33,101
y,16,34,75
y,16,35,82
y,16,36,73
y,16,37,103
y,16,38,90
y,16,39,70
y,16,40,81
y,16,41,96
y,16,42,88
y,16,43,89
y,16,44,87
y,16,45,77
y,16,46,80
y,16,47,78
y,16,48,97
y,16,49,71
y,16,50,90
y,16,51,78
y,16,52,84
y,16,53,99
y,16,54,85
y,16,55,85
y,16,56,76
y,16,57,77
y,16,58,72
y,16,59,74
y,16,60,77
y,16,61,87
y,16,62,73
y,16,63,85
y,16,64,89
y,16,65,82
y,16,66,80
y,16,67,86
y,16,68,78
y,16,69,94
y,16,70,76
y,16,71,93
y,16,72,90
y,16,73,74
y,16,74,84
y,16,75,63
y,16,76,77
y,16,77,107
y,16,78,77
y,16,79,84
y,16,80,85
y,16,81,83
y,16,82,80
y,16,83,94
y,16,84,85
y,16,85,86
y,16,86,73
y,16,87,91
y,16,88,100
y,16,89,84
y,16,90,102
y,16,91,95
y,16,92,78
y,16,93,82
y,16,94,98
y,16,95,80
y,16,96,86
y,16,97,81
y,16,98,87
y,16,99,102
y,16,100,88
y,16,101,67
y,16,102,102
y,16,103,87
y,16,104,86
y,16,105,88
y,16,106,73
y,16,107,104
y,16,108,88
y,16,109,77
y,16,110,84
y,16,111,87
y,16,112,98
y,16,113,78
y,16,114,94
y,16,115,69
y,16,116,86
y,16,117,86
y,16,118,72
y,16,119,89
y,16,120,79
y,16,121,75
y,16,122,85
y,16,123,86
y,16,124,86
y,16,125,91
y,16,126,78
y,16,127,81
y,16,128,92
y,16,129,82
y,16,130,89
y,16,131,66
y,16,132,98
y,16,133,83
y,16,134,86
y,16,135,90
y,16,136,90
y,16,137,84
y,16,138,75
y,16,139,88
y,16,140,81
y,16,141,86
y,16,142,97
y,16,143,102
y,16,144,96
y,16,145,89
y,16,146,83
y,16,147,94
y,16,148,82
y,16,149,70
y,16,150,87
y,16,151,89
y,16,152,83
y,16,153,100
y,16,154,76
y,16,155,86
y,16,156,90
y,16,157,74
y,16,158,78
y,16,159,90
y,16,160,87
y,16,161,91
y,16,162,91
y,16,163,94
y,16,164,88
y,16,165,90
y,16,166,75
y,16,167,98
y,16,168,72
y,16,169,85
y,16,170,91
y,16,171,81
y,16,172,85
y,16,173,79
y,16,174,87
y,16,175,81
y,16,176,83
y,16,177,86
y,16,178,87
y,16,179,92
y,16,180,74
y,16,181,91
y,16,182,80
y,16,183,73
y,16,184,83
y,16,185,84
y,16,186,81
y,16,187,91
y,16,188,85
y,16,189,98
y,16,190,73
y,16,191,94
y,16,192,92
y,16,193,72
y,16,194,94
y,16,195,86
y,16,196,78
y,16,197,94
y,16,198,73
y,16,199,100
y,16,200,87
y,16,201,98
y,16,202,109
y,16,203,94
y,16,204,90
y,16,205,86
y,16,206,89
y,16,207,84
y,16,208,95
y,16,209,89
y,16,210,86
y,16,211,85
y,16,212,78
y,16,213,86
y,16,214,83
y,16,215,81
y,16,216,91
y,16,217,94
y,16,218,87
y,16,219,97
y,16,220,78
y,16,221,75
y,16,222,72
y,16,223,87
y,16,224,87
y,16,225,79
y,16,226,88
y,16,227,98
y,16,228,95
y,16,229,78
y,16,230,100
y,16,231,92
y,16,232,101
y,16,233,78
y,16,234,103
y,16,235,92
y,16,236,85
y,16,237,79
y,16,238,83
y,16,239,82
y,16,240,77
y,16,241,87
y,16,242,85
y,16,243,86
y,16,244,77
y,16,245,110
y,16,246,77
y,16,247,79
y,16,248,95
y,16,249,84
y,16,250,91
y,16,251,98
y,16,252,95
y,16,253,73
y,16,254,92
y,16,255,78
y,17,0,70
y,17,1,78
y,17,2,84
y,17,3,86
y,17,4,90
y,17,5,75
y,17,6,87
y,17,7,77
y,17,8,81
y,17,9,76
y,17,10,90
y,17,11,75
y,17,12,96
y,17,13,86
y,17,14,98
y,17,15,85
y,17,16,102
y,17,17,83
y,17,18,101
y,17,19,82
y,17,20,59
y,17,21,86
y,17,22,89
y,17,23,91
y,17,24,82
y,17,25,89
y,17,26,75
y,17,27,91
y,17,28,91
y,17,29,89
y,17,30,77
y,17,31,102
y,17,32,68
y,17,33,83
y,17,34,77
y,17,35,75
y,17,36,94
y,17,37,90
y,17,38,94
y,17,39,74
y,17,40,66
y,17,41,82
y,17,42,95
y,17,43,75
y,17,44,94
y,17,45,71
y,17,46,93
y,17,47,81
y,17,48,94
y,17,49,88
y,17,50,94
y,17,51,101
y,17,52,76
y,17,53,92
y,17,54,76
y,17,55,89
y,17,56,100
y,17,57,109
y,17,58,79
y,17,59,78
y,17,60,86
y,17,61,90
y,17,62,81
y,17,63,109
y,17,64,71
y,17,65,76
y,17,66,74
y,17,67,89
y,17,68,80
y,17,69,84
y,17,70,86
y,17,71,96
y,17,72,88
y,17,73,93
y,17,74,81
y,17,75,93
y,17,76,77
y,17,77,89
y,17,78,72
y,17,79,82
y,17,80,94
y,17,81,83
y,17,82,86
y,17,83,82
y,17,84,85
y,17,85,103
y,17,86,91
y,17,87,76
y,17,88,86
y,17,89,90
y,17,90,77
y,17,91,75
y,17,92,84
y,17,93,87
y,17,94,78
y,17,95,89
y,17,96,80
y,17,97,94
y,17,98,89
y,17,99,84
y,17,100,86
y,17,101,81
y,17,102,79
y,17,103,94
y,17,104,99
y,17,105,96
y,17,106,72
y,17,107,95
y,17,108,96
y,17,109,73
y,17,110,89
y,17,111,87
y,17,112,102
y,17,113,89
y,17,114,105
y,17,115,84
y,17,116,98
y,17,117,91
y,17,118,82
y,17,119,94
y,17,120,88
y,17,121,72
y,17,122,90
y,17,123,82
y,17,124,90
y,17,125,79
y,17,126,94
y,17,127,83
y,17,128,82
y,17,129,101
y,17,130,75
y,17,131,88
y,17,132,85
y,17,133,81
y,17,134,87
y,17,135,89
y,17,136,86
y,17,137,88
y,17,138,74
y,17,139,87
y,17,140,87
y,17,141,84
y,17,142,82
y,17,143,87
y,17,144,78
y,17,145,77
y,17,146,81
y,17,147,75
y,17,148,90
y,17,149,94
y,17,150,74
y,17,151,82
y,17,152,81
y,17,153,79
y,17,154,69
y,17,155,100
y,17,156,77
y,17,157,85
y,17,158,81
y,17,159,92
y,17,160,78
y,17,161,83
y,17,162,92
y,17,163,79
y,17,164,95
y,17,165,83
y,17,166,80
y,17,167,96
y,17,168,90
y,17,169,100
y,17,170,88
y,17,171,82
y,17,172,85
y,17,173,74
y,17,174,82
y,17,175,70
y,17,176,96
y,17,177,84
y,17,178,89
y,17,179,96
y,17,180,88
y,17,181,82
y,17,182,94
y,17,183,95
y,17,184,108
y,17,185,86
y,17,186,83
y,17,187,73
y,17,188,95
y,17,189,75
y,17,190,84
y,17,191,91
y,17,192,98
y,17,193,76
y,17,194,90
y,17,195,74
y,17,196,78
y,17,197,81
y,17,198,80
y,17,199,93
y,17,200,91
y,17,201,100
y,17,202,78
y,17,203,78
y,17,204,91
y,17,205,104
y,17,206,94
y,17,207,91
y,17,208,60
y,17,209,87
y,17,210,75
y,17,211,84
y,17,212,101
y,17,213,91
y,17,214,104
y,17,215,98
y,17,216,107
y,17,217,78
y,17,218,72
y,17,219,86
y,17,220,84
y,17,221,84
y,17,222,99
y,17,223,77
y,17,224,83
y,17,225,78
y,17,226,73
y,17,227,88
y,17,228,75
y,17,229,90
y,17,230,79
y,17,231,89
y,17,232,87
y,17,233,81
y,17,234,92
y,17,235,96
y,17,236,80
y,17,237,81
y,17,238,88
y,17,239,98
y,17,240,80
y,17,241,96
y,17,242,87
y,17,243,85
y,17,244,84
y,17,245,96
y,17,246,76
y,17,247,83
y,17,248,84
y,17,249,83
y,17,250,83
y,17,251,80
y,17,252,99
y,17,253,84
y,17,254,89
y,17,255,77
y,18,0,87
y,18,1,101
y,18,2,72
y,18,3,91
y,18,4,80
y,18,5,84
y,18,6,78
y,18,7,91
y,18,8,88
y,18,9,94
y,18,10,76
y,18,11,75
y,18,12,95
y,18,13,80
y,18,14,75
y,18,15,74
y,18,16,85
y,18,17,92
y,18,18,85
y,18,19,91
y,18,20,78
y,18,21,77
y,18,22,84
y,18,23,90
y,18,24,67
y,18,25,87
y,18,26,88
y,18,27,91
y,18,28,81
y,18,29,92
y,18,30,76
y,18,31,91
y,18,32,82
y,18,33,98
y,18,34,71
y,18,35,74
y,18,36,100
y,18,37,98
y,18,38,89
y,18,39,79
y,18,40,81
y,18,41,77
y,18,42,100
y,18,43,81
y,18,44,87
y,18,45,85
y,18,46,91
y,18,47,93
y,18,48,92
y,18,49,77
y,18,50,85
y,18,51,74
y,18,52,81
y,18,53,92
y,18,54,69
y,18,55,96
y,18,56,70
y,18,57,72
y,18,58,84
y,18,59,105
y,18,60,74
y,18,61,75
y,18,62,94
y,18,63,87
y,18,64,93
y,18,65,94
y,18,66,81
y,18,67,89
y,18,68,79
y,18,69,81
y,18,70,79
y,18,71,97
y,18,72,80
y,18,73,89
y,18,74,82
y,18,75,91
y,18,76,94
y,18,77,89
y,18,78,78
y,18,79,75
y,18,80,81
y,18,81,75
y,18,82,95
y,18,83,85
y,18,84,72
y,18,85,89
y,18,86,77
y,18,87,95
y,18,88,84
y,18,89,86
y,18,90,97
y,18,91,83
y,18,92,100
y,18,93,84
y,18,94,88
y,18,95,85
y,18,96,102
y,18,97,93
y,18,98,78
y,18,99,83
y,18,100,88
y,18,101,89
y,18,102,81
y,18,103,109
y,18,104,100
y,18,105,85
y,18,106,85
y,18,107,74
y,18,108,77
y,18,109,91
y,18,110,91
y,18,111,84
y,18,112,93
y,18,113,97
y,18,114,99
y,18,115,91
y,18,116,71
y,18,117,83
y,18,118,99
y,18,119,95
y,18,120,74
y,18,121,69
y,18,122,91
y,18,123,82
y,18,124,103
y,18,125,78
y,18,126,89
y,18,127,93
y,18,128,81
y,18,129,92
y,18,130,82
y,18,131,84
y,18,132,79
y,18,133,78
y,18,134,88
y,18,135,99
y,18,136,82
y,18,137,102
y,18,138,84
y,18,139,74
y,18,140,99
y,18,141,66
y,18,142,100
y,18,143,84
y,18,144,86
y,18,145,83
y,18,146,89
y,18,147,87
y,18,148,78
y,18,149,83
y,18,150,95
y,18,151,86
y,18,152,83
y,18,153,83
y,18,154,81
y,18,155,92
y,18,156,78
y,18,157,77
y,18,158,85
y,18,159,76
y,18,160,79
y,18,161,90
y,18,162,85
y,18,163,87
y,18,164,98
y,18,165,102
y,18,166,94
y,18,167,77
y,18,168,90
y,18,169,95
y,18,170,99
y,18,171,77
y,18,172,93
y,18,173,78
y,18,174,80
y,18,175,67
y,18,176,90
y,18,177,76
y,18,178,96
y,18,179,80
y,18,180,95
y,18,181,91
y,18,182,94
y,18,183,74
y,18,184,90
y,18,185,86
y,18,186,87
y,18,187,82
y,18,188,86
y,18,189,87
y,18,190,88
y,18,191,80
y,18,192,92
y,18,193,90
y,18,194,86
y,18,195,97
y,18,196,91
y,18,197,92
y,18,198,99
y,18,199,88
y,18,200,89
y,18,201,80
y,18,202,89
y,18,203,91
y,18,204,96
y,18,205,83
y,18,206,92
y,18,207,79
y,18,208,111
y,18,209,86
y,18,210,84
y,18,211,86
y,18,212,65
y,18,213,88
y,18,214,82
y,18,215,76
y,18,216,105
y,18,217,91
y,18,218,82
y,18,219,87
y,18,220,79
y,18,221,83
y,18,222,76
y,18,223,80
y,18,224,73
y,18,225,92
y,18,226,94
y,18,227,83
y,18,228,90
y,18,229,80
y,18,230,70
y,18,231,87
y,18,232,91
y,18,233,86
y,18,234,79
y,18,235,85
y,18,236,90
y,18,237,86
y,18,238,93
y,18,239,69
y,18,240,89
y,18,241,75
y,18,242,100
y,18,243,68
y,18,244,91
y,18,245,91
y,18,246,94
y,18,247,89
y,18,248,89
y,18,249,78
y,18,250,82
y,18,251,70
y,18,252,79
y,18,253,91
y,18,254,80
y,18,255,82
y,19,0,80
y,19,1,66
y,19,2,79
y,19,3,100
y,19,4,80
y,19,5,87
y,19,6,92
y,19,7,93
y,19,8,90
y,19,9,76
y,19,10,87
y,19,11,82
y,19,12,89
y,19,13,88
y,19,14,93
y,19,15,91
y,19,16,83
y,19,17,90
y,19,18,69
y,19,19,75
y,19,20,84
y,19,21,88
y,19,22,93
y,19,23,100
y,19,24,57
y,19,25,92
y,19,26,66
y,19,27,87
y,19,28,95
y,19,29,99
y,19,30,91
y,19,31,85
y,19,32,93
y,19,33,86
y,19,34,92
y,19,35,64
y,19,36,83
y,19,37,84
y,19,38,96
y,19,39,73
y,19,40,83
y,19,41,75
y,19,42,64
y,19,43,82
y,19,44,75
y,19,45,81
y,19,46,85
y,19,47,77
y,19,48,79
y,19,49,89
y,19,50,91
y,19,51,71
y,19,52,92
y,19,53,93
y,19,54,99
y,19,55,83
y,19,56,73
y,19,57,74
y,19,58,99
y,19,59,84
y,19,60,84
y,19,61,97
y,19,62,91
y,19,63,79
y,19,64,87
y,19,65,76
y,19,66,69
y,19,67,78
y,19,68,78
y,19,69,101
y,19,70,86
y,19,71,97
y,19,72,91
y,19,73,97
y,19,74,84
y,19,75,89
y,19,76,97
y,19,77,104
y,19,78,85
y,19,79,88
y,19,80,83
y,19,81,78
y,19,82,91
y,19,83,87
y,19,84,98
y,19,85,90
y,19,86,73
y,19,87,75
y,19,88,77
y,19,89,94
y,19,90,98
y,19,91,100
y,19,92,75
y,19,93,104
y,19,94,90
y,19,95,84
y,19,96,80
y,19,97,89
y,19,98,77
y,19,99,92
y,19,100,90
y,19,101,86
y,19,102,83
y,19,103,72
y,19,104,85
y,19,105,84
y,19,106,89
y,19,107,82
y,19,108,102
y,19,109,76
y,19,110,96
y,19,111,78
y,19,112,73
y,19,113,85
y,19,114,76
y,19,115,108
y,19,116,80
y,19,117,95
y,19,118,104
y,19,119,77
y,19,120,87
y,19,121,81
y,19,122,105
y,19,123,80
y,19,124,87
y,19,125,89
y,19,126,75
y,19,127,89
y,19,128,81
y,19,129,76
y,19,130,90
y,19,131,82
y,19,132,89
y,19,133,96
y,19,134,86
y,19,135,81
y,19,136,96
y,19,137,107
y,19,138,66
y,19,139,83
y,19,140,90
y,19,141,93
y,19,142,107
y,19,143,76
y,19,144,67
y,19,145,77
y,19,146,74
y,19,147,91
y,19,148,74
y,19,149,78
y,19,150,78
y,19,151,77
y,19,152,96
y,19,153,90
y,19,154,87
y,19,155,108
y,19,156,81
y,19,157,97
y,19,158,66
y,19,159,92
y,19,160,89
y,19,161,82
y,19,162,96
y,19,163,86
y,19,164,91
y,19,165,80
y,19,166,81
y,19,167,116
y,19,168,86
y,19,169,78
y,19,170,77
y,19,171,76
y,19,172,108
y,19,173,85
y,19,174,92
y,19,175,77
y,19,176,91
y,19,177,85
y,19,178,87
y,19,179,86
y,19,180,84
y,19,181,65
y,19,182,95
y,19,183,86
y,19,184,98
y,19,185,81
y,19,186,79
y,19,187,78
y,19,188,102
y,19,189,71
y,19,190,95
y,19,191,70
y,19,192,79
y,19,193,62
y,19,194,96
y,19,195,80
y,19,196,86
y,19,197,81
y,19,198,78
y,19,199,72
y,19,200,92
y,19,201,89
y,19,202,92
y,19,203,90
y,19,204,88
y,19,205,105
y,19,206,84
y,19,207,80
y,19,208,81
y,19,209,86
y,19,210,83
y,19,211,95
y,19,212,75
y,19,213,106
y,19,214,91
y,19,215,77
y,19,216,80
y,19,217,84
y,19,218,97
y,19,219,108
y,19,220,88
y,19,221,81
y,19,222,96
y,19,223,80
y,19,224,86
y,19,225,75
y,19,226,90
y,19,227,81
y,19,228,102
y,19,229,75
y,19,230,95
y,19,231,92
y,19,232,94
y,19,233,83
y,19,234,89
y,19,235,87
y,19,236,94
y,19,237,94
y,19,238,88
y,19,239,84
y,19,240,79
y,19,241,92
y,19,242,69
y,19,243,75
y,19,244,85
y,19,245,80
y,19,246,87
y,19,247,97
y,19,248,87
y,19,249,86
y,19,250,83
y,19,251,89
y,19,252,86
y,19,253,87
y,19,254,84
y,19,255,77
y,20,0,86
y,20,1,81
y,20,2,102
y,20,3,84
y,20,4,95
y,20,5,96
y,20,6,90
y,20,7,72
y,20,8,81
y,20,9,79
y,20,10,95
y,20,11,85
y,20,12,60
y,20,13,83
y,20,14,82
y,20,15,88
y,20,16,96
y,20,17,83
y,20,18,91
y,20,19,85
y,20,20,91
y,20,21,103
y,20,22,84
y,20,23,95
y,20,24,88
y,20,25,93
y,20,26,75
y,20,27,69
y,20,28,63
y,20,29,97
y,20,30,78
y,20,31,89
y,20,32,82
y,20,33,80
y,20,34,90
y,20,35,93
y,20,36,101
y,20,37,98
y,20,38,91
y,20,39,73
y,20,40,88
y,20,41,96
y,20,42,122
y,20,43,93
y,20,44,87
y,20,45,97
y,20,46,80
y,20,47,74
y,20,48,83
y,20,49,82
y,20,50,87
y,20,51,74
y,20,52,91
y,20,53,88
y,20,54,80
y,20,55,94
y,20,56,84
y,20,57,91
y,20,58,80
y,20,59,80
y,20,60,86
y,20,61,72
y,20,62,83
y,20,63,95
y,20,64,95
y,20,65,81
y,20,66,86
y,20,67,84
y,20,68,104
y,20,69,74
y,20,70,103
y,20,71,89
y,20,72,86
y,20,73,85
y,20,74,77
y,20,75,72
y,20,76,69
y,20,77,82
y,20,78,83
y,20,79,77
y,20,80,86
y,20,81,91
y,20,82,79
y,20,83,89
y,20,84,59
y,20,85,77
y,20,86,91
y,20,87,76
y,20,88,84
y,20,89,103
y,20,90,64
y,20,91,87
y,20,92,97
y,20,93,87
y,20,94,81
y,20,95,107
y,20,96,73
y,20,97,84
y,20,98,73
y,20,99,79
y,20,100,104
y,20,101,92
y,20,102,76
y,20,103,100
y,20,104,92
y,20,105,94
y,20,106,95
y,20,107,79
y,20,108,103
y,20,109,108
y,20,110,92
y,20,111,96
y,20,112,78
y,20,113,88
y,20,114,87
y,20,115,91
y,20,116,81
y,20,117,91
y,20,118,77
y,20,119,86
y,20,120,88
y,20,121,76
y,20,122,86
y,20,123,78
y,20,124,89
y,20,125,85
y,20,126,100
y,20,127,90
y,20,128,99
y,20,129,83
y,20,130,93
y,20,131,79
y,20,132,76
y,20,133,87
y,20,134,78
y,20,135,90
y,20,136,80
y,20,137,82
y,20,138,79
y,20,139,98
y,20,140,86
y,20,141,80
y,20,142,81
y,20,143,77
y,20,144,91
y,20,145,70
y,20,146,76
y,20,147,86
y,20,148,72
y,20,149,84
y,20,150,93
y,20,151,85
y,20,152,78
y,20,153,86
y,20,154,78
y,20,155,72
y,20,156,99
y,20,157,82
y,20,158,85
y,20,159,100
y,20,160,85
y,20,161,81
y,20,162,93
y,20,163,91
y,20,164,102
y,20,165,84
y,20,166,97
y,20,167,69
y,20,168,85
y,20,169,83
y,20,170,89
y,20,171,85
y,20,172,90
y,20,173,85
y,20,174,68
y,20,175,87
y,20,176,93
y,20,177,77
y,20,178,83
y,20,179,76
y,20,180,79
y,20,181,97
y,20,182,73
y,20,183,71
y,20,184,79
y,20,185,85
y,20,186,72
y,20,187,86
y,20,188,88
y,20,189,90
y,20,190,101
y,20,191,76
y,20,192,85
y,20,193,98
y,20,194,67
y,20,195,86
y,20,196,84
y,20,197,100
y,20,198,93
y,20,199,81
y,20,200,95
y,20,201,100
y,20,202,89
y,20,203,73
y,20,204,94
y,20,205,71
y,20,206,86
y,20,207,71
y,20,208,83
y,20,209,87
y,20,210,92
y,20,211,75
y,20,212,91
y,20,213,88
y,20,214,75
y,20,215,82
y,20,216,83
y,20,217,89
y,20,218,105
y,20,219,74
y,20,220,76
y,20,221,86
y,20,222,81
y,20,223,79
y,20,224,84
y,20,225,105
y,20,226,103
y,20,227,88
y,20,228,78
y,20,229,63
y,20,230,91
y,20,231,98
y,20,232,73
y,20,233,87
y,20,234,82
y,20,235,96
y,20,236,94
y,20,237,90
y,20,238,77
y,20,239,98
y,20,240,75
y,20,241,84
y,20,242,72
y,20,243,87
y,20,244,86
y,20,245,100
y,20,246,81
y,20,247,86
y,20,248,107
y,20,249,88
y,20,250,89
y,20,251,81
y,20,252,88
y,20,253,96
y,20,254,83
y,20,255,89
y,21,0,84
y,21,1,81
y,21,2,80
y,21,3,89
y,21,4,85
y,21,5,69
y,21,6,73
y,21,7,68
y,21,8,76
y,21,9,91
y,21,10,90
y,21,11,87
y,21,12,83
y,21,13,84
y,21,14,77
y,21,15,88
y,21,16,106
y,21,17,94
y,21,18,83
y,21,19,104
y,21,20,82
y,21,21,87
y,21,22,83
y,21,23,99
y,21,24,72
y,21,25,96
y,21,26,107
y,21,27,93
y,21,28,83
y,21,29,69
y,21,30,77
y,21,31,82
y,21,32,75
y,21,33,84
y,21,34,91
y,21,35,69
y,21,36,87
y,21,37,74
y,21,38,85
y,21,39,85
y,21,40,80
y,21,41,80
y,21,42,103
y,21,43,85
y,21,44,90
y,21,45,93
y,21,46,87
y,21,47,80
y,21,48,100
y,21,49,97
y,21,50,79
y,21,51,84
y,21,52,86
y,21,53,81
y,21,54,107
y,21,55,87
y,21,56,88
y,21,57,86
y,21,58,90
y,21,59,83
y,21,60,94
y,21,61,75
y,21,62,100
y,21,63,99
y,21,64,77
y,21,65,94
y,21,66,86
y,21,67,87
y,21,68,90
y,21,69,101
y,21,70,79
y,21,71,79
y,21,72,85
y,21,73,80
y,21,74,87
y,21,75,92
y,21,76,98
y,21,77,83
y,21,78,97
y,21,79,83
y,21,80,83
y,21,81,83
y,21,82,80
y,21,83,79
y,21,84,88
y,21,85,85
y,21,86,67
y,21,87,81
y,21,88,82
y,21,89,79
y,21,90,92
y,21,91,91
y,21,92,74
y,21,93,75
y,21,94,99
y,21,95,65
y,21,96,81
y,21,97,79
y,21,98,76
y,21,99,76
y,21,100,79
y,21,101,93
y,21,102,77
y,21,103,83
y,21,104,86
y,21,105,99
y,21,106,78
y,21,107,81
y,21,108,82
y,21,109,97
y,21,110,91
y,21,111,77
y,21,112,79
y,21,113,84
y,21,114,78
y,21,115,83
y,21,116,81
y,21,117,83
y,21,118,80
y,21,119,98
y,21,120,85
y,21,121,70
y,21,122,98
y,21,123,86
y,21,124,90
y,21,125,74
y,21,126,68
y,21,127,87
y,21,128,89
y,21,129,84
y,21,130,91
y,21,131,98
y,21,132,93
y,21,133,78
y,21,134,104
y,21,135,103
y,21,136,84
y,21,137,82
y,21,138,86
y,21,139,94
y,21,140,75
y,21,141,82
y,21,142,100
y,21,143,89
y,21,144,85
y,21,145,82
y,21,146,76
y,21,147,83
y,21,148,86
y,21,149,102
y,21,150,88
y,21,151,92
y,21,152,91
y,21,153,79
y,21,154,99
y,21,155,92
y,21,156,72
y,21,157,94
y,21,158,101
y,21,159,95
y,21,160,90
y,21,161,64
y,21,162,87
y,21,163,87
y,21,164,87
y,21,165,94
y,21,166,92
y,21,167,97
y,21,168,81
y,21,169,92
y,21,170,99
y,21,171,82
y,21,172,85
y,21,173,82
y,21,174,91
y,21,175,85
y,21,176,88
y,21,177,79
y,21,178,88
y,21,179,94
y,21,180,89
y,21,181,88
y,21,182,88
y,21,183,100
y,21,184,84
y,21,185,85
y,21,186,87
y,21,187,80
y,21,188,89
y,21,189,76
y,21,190,85
y,21,191,96
y,21,192,87
y,21,193,85
y,21,194,88
y,21,195,85
y,21,196,87
y,21,197,74
y,21,198,70
y,21,199,84
y,21,200,94
y,21,201,73
y,21,202,86
y,21,203,99
y,21,204,74
y,21,205,77
y,21,206,83
y,21,207,99
y,21,208,88
y,21,209,79
y,21,210,74
y,21,211,78
y,21,212,75
y,21,213,77
y,21,214,94
y,21,215,75
y,21,216,77
y,21,217,100
y,21,218,106
y,21,219,85
y,21,220,91
y,21,221,98
y,21,222,78
y,21,223,86
y,21,224,88
y,21,225,91
y,21,226,96
y,21,227,85
y,21,228,93
y,21,229,79
y,21,230,84
y,21,231,112
y,21,232,79
y,21,233,86
y,21,234,97
y,21,235,72
y,21,236,67
y,21,237,75
y,21,238,74
y,21,239,75
y,21,240,99
y,21,241,83
y,21,242,80
y,21,243,82
y,21,244,96
y,21,245,85
y,21,246,94
y,21,247,79
y,21,248,90
y,21,249,90
y,21,250,75
y,21,251,100
y,21,252,92
y,21,253,71
y,21,254,83
y,21,255,89
y,22,0,67
y,22,1,77
y,22,2,70
y,22,3,76
y,22,4,75
y,22,5,83
y,22,6,83
y,22,7,89
y,22,8,68
y,22,9,84
y,22,10,89
y,22,11,68
y,22,12,76
y,22,13,68
y,22,14,84
y,22,15,89
y,22,16,68
y,22,17,95
y,22,18,92
y,22,19,100
y,22,20,86
y,22,21,108
y,22,22,80
y,22,23,100
y,22,24,86
y,22,25,83
y,22,26,73
y,22,27,77
y,22,28,83
y,22,29,79
y,22,30,94
y,22,31,66
y,22,32,80
y,22,33,72
y,22,34,93
y,22,35,87
y,22,36,65
y,22,37,89
y,22,38,89
y,22,39,80
y,22,40,81
y,22,41,98
y,22,42,87
y,22,43,82
y,22,44,93
y,22,45,97
y,22,46,107
y,22,47,86
y,22,48,83
y,22,49,92
y,22,50,78
y,22,51,92
y,22,52,79
y,22,53,94
y,22,54,74
y,22,55,76
y,22,56,96
y,22,57,80
y,22,58,86
y,22,59,79
y,22,60,94
y,22,61,87
y,22,62,76
y,22,63,82
y,22,64,96
y,22,65,82
y,22,66,85
y,22,67,63
y,22,68,76
y,22,69,84
y,22,70,98
y,22,71,97
y,22,72,106
y,22,73,94
y,22,74,70
y,22,75,96
y,22,76,88
y,22,77,89
y,22,78,92
y,22,79,78
y,22,80,84
y,22,81,102
y,22,82,83
y,22,83,89
y,22,84,108
y,22,85,89
y,22,86,90
y,22,87,73
y,22,88,83
y,22,89,83
y,22,90,68
y,22,91,75
y,22,92,81
y,22,93,77
y,22,94,81
y,22,95,95
y,22,96,97
y,22,97,94
y,22,98,88
y,22,99,78
y,22,100,88
y,22,101,81
y,22,102,80
y,22,103,96
y,22,104,81
y,22,105,82
y,22,106,85
y,22,107,83
y,22,108,77
y,22,109,95
y,22,110,78
y,22,111,89
y,22,112,79
y,22,113,91
y,22,114,79
y,22,115,105
y,22,116,77
y,22,117,87
y,22,118,98
y,22,119,90
y,22,120,85
y,22,121,99
y,22,122,90
y,22,123,78
y,22,124,66
y,22,125,86
y,22,126,85
y,22,127,80
y,22,128,94
y,22,129,89
y,22,130,87
y,22,131,78
y,22,132,99
y,22,133,101
y,22,134,81
y,22,135,85
y,22,136,82
y,22,137,86
y,22,138,77
y,22,139,78
y,22,140,89
y,22,141,89
y,22,142,76
y,22,143,73
y,22,144,85
y,22,145,98
y,22,146,81
y,22,147,86
y,22,148,84
y,22,149,71
y,22,150,80
y,22,151,75
y,22,152,91
y,22,153,75
y,22,154,76
y,22,155,80
y,22,156,97
y,22,157,74
y,22,158,97
y,22,159,100
y,22,160,88
y,22,161,74
y,22,162,83
y,22,163,95
y,22,164,85
y,22,165,106
y,22,166,86
y,22,167,65
y,22,168,79
y,22,169,83
y,22,170,86
y,22,171,88
y,22,172,67
y,22,173,61
y,22,174,101
y,22,175,91
y,22,176,98
y,22,177,80
y,22,178,92
y,22,179,93
y,22,180,96
y,22,181,80
y,22,182,95
y,22,183,83
y,22,184,90
y,22,185,85
y,22,186,87
y,22,187,83
y,22,188,100
y,22,189,88
y,22,190,113
y,22,191,95
y,22,192,85
y,22,193,98
y,22,194,87
y,22,195,80
y,22,196,100
y,22,197,95
y,22,198,97
y,22,199,87
y,22,200,92
y,22,201,71
y,22,202,72
y,22,203,81
y,22,204,80
y,22,205,92
y,22,206,91
y,22,207,76
y,22,208,78
y,22,209,89
y,22,210,64
y,22,211,101
y,22,212,83
y,22,213,84
y,22,214,87
y,22,215,90
y,22,216,100
y,22,217,97
y,22,218,100
y,22,219,88
y,22,220,81
y,22,221,89
y,22,222,84
y,22,223,76
y,22,224,94
y,22,225,97
y,22,226,100
y,22,227,87
y,22,228,90
y,22,229,86
y,22,230,77
y,22,231,74
y,22,232,108
y,22,233,101
y,22,234,66
y,22,235,82
y,22,236,70
y,22,237,70
y,22,238,87
y,22,239,88
y,22,240,95
y,22,241,88
y,22,242,87
y,22,243,107
y,22,244,116
y,22,245,91
y,22,246,76
y,22,247,93
y,22,248,89
y,22,249,91
y,22,250,85
y,22,251,81
y,22,252,81
y,22,253,76
y,22,254,88
y,22,255,95
y,23,0,88
y,23,1,91
y,23,2,76
y,23,3,91
y,23,4,86
y,23,5,69
y,23,6,85
y,23,7,94
y,23,8,103
y,23,9,84
y,23,10,92
y,23,11,94
y,23,12,72
y,23,13,105
y,23,14,77
y,23,15,87
y,23,16,93
y,23,17,87
y,23,18,84
y,23,19,97
y,23,20,82
y,23,21,101
y,23,22,79
y,23,23,98
y,23,24,98
y,23,25,80
y,23,26,82
y,23,27,90
y,23,28,95
y,23,29,96
y,23,30,104
y,23,31,82
y,23,32,92
y,23,33,87
y,23,34,107
y,23,35,68
y,23,36,93
y,23,37,89
y,23,38,84
y,23,39,103
y,23,40,96
y,23,41,69
y,23,42,77
y,23,43,83
y,23,44,88
y,23,45,97
y,23,46,91
y,23,47,77
y,23,48,83
y,23,49,85
y,23,50,91
y,23,51,77
y,23,52,92
y,23,53,83
y,23,54,91
y,23,55,88
y,23,56,79
y,23,57,97
y,23,58,72
y,23,59,82
y,23,60,72
y,23,61,74
y,23,62,72
y,23,63,82
y,23,64,100
y,23,65,83
y,23,66,88
y,23,67,84
y,23,68,89
y,23,69,82
y,23,70,80
y,23,71,87
y,23,72,72
y,23,73,102
y,23,74,72
y,23,75,86
y,23,76,63
y,23,77,77
y,23,78,79
y,23,79,67
y,23,80,90
y,23,81,93
y,23,82,97
y,23,83,78
y,23,84,92
y,23,85,81
y,23,86,106
y,23,87,83
y,23,88,65
y,23,89,85
y,23,90,90
y,23,91,104
y,23,92,94
y,23,93,82
y,23,94,74
y,23,95,102
y,23,96,94
y,23,97,85
y,23,98,75
y,23,99,92
y,23,100,77
y,23,101,79
y,23,102,96
y,23,103,89
y,23,104,73
y,23,105,97
y,23,106,69
y,23,107,95
y,23,108,81
y,23,109,76
y,23,110,84
y,23,111,95
y,23,112,92
y,23,113,68
y,23,114,84
y,23,115,97
y,23,116,84
y,23,117,81
y,23,118,80
y,23,119,97
y,23,120,71
y,23,121,100
y,23,122,86
y,23,123,89
y,23,124,89
y,23,125,81
y,23,126,99
y,23,127,74
y,23,128,86
y,23,129,94
y,23,130,84
y,23,131,79
y,23,132,74
y,23,133,83
y,23,134,72
y,23,135,91
y,23,136,79
y,23,137,76
y,23,138,93
y,23,139,92
y,23,140,85
y,23,141,85
y,23,142,96
y,23,143,80
y,23,144,70
y,23,145,83
y,23,146,86
y,23,147,85
y,23,148,85
y,23,149,89
y,23,150,88
y,23,151,79
y,23,152,90
y,23,153,93
y,23,154,92
y,23,155,75
y,23,156,88
y,23,157,98
y,23,158,89
y,23,159,93
y,23,160,84
y,23,161,84
y,23,162,68
y,23,163,87
y,23,164,93
y,23,165,87
y,23,166,82
y,23,167,79
y,23,168,74
y,23,169,83
y,23,170,85
y,23,171,93
y,23,172,85
y,23,173,79
y,23,174,91
y,23,175,79
y,23,176,82
y,23,177,106
y,23,178,97
y,23,179,82
y,23,180,72
y,23,181,80
y,23,182,92
y,23,183,88
y,23,184,81
y,23,185,83
y,23,186,74
y,23,187,71
y,23,188,83
y,23,189,93
y,23,190,85
y,23,191,84
y,23,192,75
y,23,193,90
y,23,194,93
y,23,195,83
y,23,196,94
y,23,197,99
y,23,198,102
y,23,199,103
y,23,200,81
y,23,201,77
y,23,202,84
y,23,203,84
y,23,204,75
y,23,205,94
y,23,206,83
y,23,207,96
y,23,208,104
y,23,209,74
y,23,210,86
y,23,211,85
y,23,212,87
y,23,213,66
y,23,214,99
y,23,215,87
y,23,216,93
y,23,217,79
y,23,218,86
y,23,219,93
y,23,220,82
y,23,221,80
y,23,222,97
y,23,223,96
y,23,224,90
y,23,225,79
y,23,226,83
y,23,227,87
y,23,228,85
y,23,229,85
y,23,230,90
y,23,231,82
y,23,232,87
y,23,233,90
y,23,234,73
y,23,235,89
y,23,236,93
y,23,237,81
y,23,238,106
y,23,239,85
y,23,240,72
y,23,241,97
y,23,242,90
y,23,243,78
y,23,244,84
y,23,245,83
y,23,246,78
y,23,247,91
y,23,248,74
y,23,249,86
y,23,250,78
y,23,251,72
y,23,252,96
y,23,253,85
y,23,254,78
y,23,255,82
y,24,0,73
y,24,1,86
y,24,2,82
y,24,3,85
y,24,4,75
y,24,5,94
y,24,6,96
y,24,7,95
y,24,8,88
y,24,9,89
y,24,10,105
y,24,11,95
y,24,12,78
y,24,13,79
y,24,14,78
y,24,15,90
y,24,16,78
y,24,17,75
y,24,18,90
y,24,19,94
y,24,20,72
y,24,21,81
y,24,22,96
y,24,23,92
y,24,24,75
y,24,25,83
y,24,26,79
y,24,27,92
y,24,28,89
y,24,29,83
y,24,30,82
y,24,31,89
y,24,32,85
y,24,33,105
y,24,34,91
y,24,35,84
y,24,36,83
y,24,37,67
y,24,38,78
y,24,39,83
y,24,40,93
y,24,41,81
y,24,42,74
y,24,43,93
y,24,44,64
y,24,45,80
y,24,46,90
y,24,47,106
y,24,48,98
y,24,49,85
y,24,50,78
y,24,51,54
y,24,52,83
y,24,53,92
y,24,54,72
y,24,55,81
y,24,56,98
y,24,57,83
y,24,58,83
y,24,59,107
y,24,60,79
y,24,61,77
y,24,62,80
y,24,63,95
y,24,64,78
y,24,65,80
y,24,66,68
y,24,67,100
y,24,68,87
y,24,69,87
y,24,70,86
y,24,71,84
y,24,72,83
y,24,73,86
y,24,74,87
y,24,75,102
y,24,76,89
y,24,77,74
y,24,78,80
y,24,79,86
y,24,80,82
y,24,81,77
y,24,82,87
y,24,83,79
y,24,84,81
y,24,85,84
y,24,86,82
y,24,87,96
y,24,88,70
y,24,89,83
y,24,90,88
y,24,91,96
y,24,92,73
y,24,93,92
y,24,94,87
y,24,95,85
y,24,96,97
y,24,97,97
y,24,98,97
y,24,99,81
y,24,100,72
y,24,101,84
y,24,102,94
y,24,103,84
y,24,104,82
y,24,105,82
y,24,106,102
y,24,107,74
y,24,108,65
y,24,109,87
y,24,110,74
y,24,111,95
y,24,112,99
y,24,113,81
y,24,114,102
y,24,115,87
y,24,116,94
y,24,117,91
y,24,118,80
y,24,119,82
y,24,120,89
y,24,121,99
y,24,122,96
y,24,123,75
y,24,124,87
y,24,125,89
y,24,126,94
y,24,127,98
y,24,128,95
y,24,129,99
y,24,130,86
y,24,131,87
y,24,132,79
y,24,133,90
y,24,134,87
y,24,135,90
y,24,136,90
y,24,137,80
y,24,138,106
y,24,139,81
y,24,140,92
y,24,141,85
y,24,142,105
y,24,143,80
y,24,144,83
y,24,145,79
y,24,146,101
y,24,147,87
y,24,148,79
y,24,149,81
y,24,150,91
y,24,151,87
y,24,152,83
y,24,153,75
y,24,154,96
y,24,155,86
y,24,156,83
y,24,157,85
y,24,158,92
y,24,159,104
y,24,160,74
y,24,161,83
y,24,162,95
y,24,163,73
y,24,164,100
y,24,165,83
y,24,166,88
y,24,167,70
y,24,168,82
y,24,169,71
y,24,170,64
y,24,171,82
y,24,172,86
y,24,173,75
y,24,174,77
y,24,175,101
y,24,176,95
y,24,177,67
y,24,178,81
y,24,179,94
y,24,180,96
y,24,181,79
y,24,182,84
y,24,183,84
y,24,184,82
y,24,185,92
y,24,186,104
y,24,187,94
y,24,188,91
y,24,189,90
y,24,190,76
y,24,191,77
y,24,192,75
y,24,193,71
y,24,194,85
y,24,195,76
y,24,196,84
y,24,197,68
y,24,198,88
y,24,199,78
y,24,200,86
y,24,201,88
y,24,202,100
y,24,203,73
y,24,204,95
y,24,205,90
y,24,206,94
y,24,207,79
y,24,208,89
y,24,209,77
y,24,210,81
y,24,211,94
y,24,212,100
y,24,213,80
y,24,214,109
y,24,215,80
y,24,216,82
y,24,217,73
y,24,218,73
y,24,219,84
y,24,220,80
y,24,221,103
y,24,222,90
y,24,223,95
y,24,224,90
y,24,225,93
y,24,226,87
y,24,227,85
y,24,228,97
y,24,229,87
y,24,230,79
y,24,231,88
y,24,232,78
y,24,233,91
y,24,234,97
y,24,235,85
y,24,236,91
y,24,237,83
y,24,238,79
y,24,239,89
y,24,240,82
y,24,241,73
y,24,242,86
y,24,243,76
y,24,244,92
y,24,245,78
y,24,246,76
y,24,247,90
y,24,248,77
y,24,249,93
y,24,250,106
y,24,251,89
y,24,252,82
y,24,253,85
y,24,254,91
y,24,255,95
y,25,0,83
y,25,1,87
y,25,2,89
y,25,3,83
y,25,4,96
y,25,5,92
y,25,6,87
y,25,7,72
y,25,8,73
y,25,9,96
y,25,10,82
y,25,11,68
y,25,12,77
y,25,13,84
y,25,14,101
y,25,15,79
y,25,16,70
y,25,17,95
y,25,18,108
y,25,19,78
y,25,20,96
y,25,21,78
y,25,22,73
y,25,23,76
y,25,24,84
y,25,25,72
y,25,26,102
y,25,27,90
y,25,28,101
y,25,29,89
y,25,30,70
y,25,31,76
y,25,32,100
y,25,33,84
y,25,34,88
y,25,35,74
y,25,36,74
y,25,37,75
y,25,38,93
y,25,39,91
y,25,40,79
y,25,41,93
y,25,42,78
y,25,43,88
y,25,44,74
y,25,45,77
y,25,46,81
y,25,47,90
y,25,48,97
y,25,49,84
y,25,50,83
y,25,51,76
y,25,52,89
y,25,53,100
y,25,54,103
y,25,55,105
y,25,56,88
y,25,57,74
y,25,58,83
y,25,59,77
y,25,60,71
y,25,61,99
y,25,62,96
y,25,63,81
y,25,64,82
y,25,65,92
y,25,66,89
y,25,67,98
y,25,68,82
y,25,69,78
y,25,70,90
y,25,71,96
y,25,72,90
y,25,73,89
y,25,74,92
y,25,75,94
y,25,76,96
y,25,77,78
y,25,78,84
y,25,79,83
y,25,80,104
y,25,81,83
y,25,82,74
y,25,83,83
y,25,84,76
y,25,85,88
y,25,86,87
y,25,87,71
y,25,88,78
y,25,89,79
y,25,90,69
y,25,91,82
y,25,92,102
y,25,93,93
y,25,94,86
y,25,95,81
y,25,96,89
y,25,97,100
y,25,98,86
y,25,99,81
y,25,100,75
y,25,101,95
y,25,102,89
y,25,103,90
y,25,104,98
y,25,105,85
y,25,106,80
y,25,107,96
y,25,108,94
y,25,109,89
y,25,110,94
y,25,111,91
y,25,112,93
y,25,113,95
y,25,114,73
y,25,115,91
y,25,116,79
y,25,117,100
y,25,118,88
y,25,119,85
y,25,120,73
y,25,121,78
y,25,122,95
y,25,123,87
y,25,124,90
y,25,125,74
y,25,126,81
y,25,127,87
y,25,128,79
y,25,129,77
y,25,130,86
y,25,131,92
y,25,132,97
y,25,133,87
y,25,134,82
y,25,135,79
y,25,136,92
y,25,137,83
y,25,138,100
y,25,139,90
y,25,140,80
y,25,141,90
y,25,142,80
y,25,143,68
y,25,144,74
y,25,145,85
y,25,146,74
y,25,147,104
y,25,148,86
y,25,149,101
y,25,150,93
y,25,151,75
y,25,152,81
y,25,153,83
y,25,154,94
y,25,155,77
y,25,156,78
y,25,157,89
y,25,158,91
y,25,159,78
y,25,160,107
y,25,161,77
y,25,162,69
y,25,163,95
y,25,164,86
y,25,165,83
y,25,166,77
y,25,167,70
y,25,168,92
y,25,169,85
y,25,170,89
y,25,171,99
y,25,172,81
y,25,173,77
y,25,174,84
y,25,175,98
y,25,176,93
y,25,177,93
y,25,178,87
y,25,179,87
y,25,180,96
y,25,181,75
y,25,182,93
y,25,183,89
y,25,184,92
y,25,185,72
y,25,186,83
y,25,187,90
y,25,188,75
y,25,189,84
y,25,190,90
y,25,191,79
y,25,192,81
y,25,193,95
y,25,194,78
y,25,195,80
y,25,196,88
y,25,197,65
y,25,198,66
y,25,199,103
y,25,200,100
y,25,201,78
y,25,202,82
y,25,203,106
y,25,204,96
y,25,205,89
y,25,206,87
y,25,207,68
y,25,208,70
y,25,209,79
y,25,210,73
y,25,211,77
y,25,212,80
y,25,213,82
y,25,214,88
y,25,215,78
y,25,216,81
y,25,217,100
y,25,218,79
y,25,219,91
y,25,220,93
y,25,221,76
y,25,222,92
y,25,223,85
y,25,224,79
y,25,225,96
y,25,226,81
y,25,227,85
y,25,228,87
y,25,229,94
y,25,230,89
y,25,231,79
y,25,232,94
y,25,233,103
y,25,234,92
y,25,235,97
y,25,236,86
y,25,237,79
y,25,238,84
y,25,239,88
y,25,240,84
y,25,241,69
y,25,242,100
y,25,243,86
y,25,244,79
y,25,245,90
y,25,246,95
y,25,247,91
y,25,248,90
y,25,249,80
y,25,250,94
y,25,251,83
y,25,252,81
y,25,253,71
y,25,254,96
y,25,255,91
y,26,0,81
y,26,1,75
y,26,2,85
y,26,3,86
y,26,4,98
y,26,5,91
y,26,6,88
y,26,7,66
y,26,8,94
y,26,9,83
y,26,10,86
y,26,11,91
y,26,12,76
y,26,13,96
y,26,14,86
y,26,15,74
y,26,16,88
y,26,17,82
y,26,18,78
y,26,19,78
y,26,20,83
y,26,21,78
y,26,22,89
y,26,23,91
y,26,24,100
y,26,25,81
y,26,26,87
y,26,27,75
y,26,28,84
y,26,29,89
y,26,30,91
y,26,31,75
y,26,32,80
y,26,33,73
y,26,34,93
y,26,35,90
y,26,36,86
y,26,37,88
y,26,38,92
y,26,39,82
y,26,40,93
y,26,41,88
y,26,42,80
y,26,43,76
y,26,44,89
y,26,45,107
y,26,46,92
y,26,47,98
y,26,48,83
y,26,49,88
y,26,50,93
y,26,51,69
y,26,52,86
y,26,53,80
y,26,54,91
y,26,55,85
y,26,56,75
y,26,57,90
y,26,58,81
y,26,59,107
y,26,60,78
y,26,61,74
y,26,62,81
y,26,63,101
y,26,64,72
y,26,65,90
y,26,66,79
y,26,67,87
y,26,68,85
y,26,69,76
y,26,70,74
y,26,71,95
y,26,72,86
y,26,73,82
y,26,74,80
y,26,75,85
y,26,76,97
y,26,77,86
y,26,78,91
y,26,79,85
y,26,80,86
y,26,81,107
y,26,82,85
y,26,83,92
y,26,84,104
y,26,85,93
y,26,86,92
y,26,87,67
y,26,88,78
y,26,89,96
y,26,90,74
y,26,91,95
y,26,92,108
y,26,93,77
y,26,94,96
y,26,95,95
y,26,96,70
y,26,97,76
y,26,98,85
y,26,99,92
y,26,100,77
y,26,101,69
y,26,102,66
y,26,103,81
y,26,104,88
y,26,105,85
y,26,106,76
y,26,107,89
y,26,108,99
y,26,109,90
y,26,110,75
y,26,111,79
y,26,112,78
y,26,113,105
y,26,114,73
y,26,115,72
y,26,116,83
y,26,117,78
y,26,118,93
y,26,119,76
y,26,120,96
y,26,121,103
y,26,122,96
y,26,123,87
y,26,124,85
y,26,125,81
y,26,126,96
y,26,127,67
y,26,128,101
y,26,129,83
y,26,130,97
y,26,131,80
y,26,132,98
y,26,133,88
y,26,134,96
y,26,135,108
y,26,136,74
y,26,137,82
y,26,138,86
y,26,139,68
y,26,140,80
y,26,141,93
y,26,142,91
y,26,143,84
y,26,144,75
y,26,145,67
y,26,146,98
y,26,147,84
y,26,148,93
y,26,149,94
y,26,150,71
y,26,151,71
y,26,152,97
y,26,153,90
y,26,154,63
y,26,155,70
y,26,156,85
y,26,157,91
y,26,158,79
y,26,159,88
y,26,160,103
y,26,161,74
y,26,162,84
y,26,163,83
y,26,164,95
y,26,165,101
y,26,166,81
y,26,167,91
y,26,168,75
y,26,169,77
y,26,170,95
y,26,171,93
y,26,172,81
y,26,173,73
y,26,174,76
y,26,175,90
y,26,176,88
y,26,177,88
y,26,178,87
y,26,179,84
y,26,180,65
y,26,181,86
y,26,182,86
y,26,183,89
y,26,184,74
y,26,185,71
y,26,186,87
y,26,187,75
y,26,188,76
y,26,189,92
y,26,190,83
y,26,191,105
y,26,192,86
y,26,193,95
y,26,194,100
y,26,195,75
y,26,196,76
y,26,197,86
y,26,198,86
y,26,199,83
y,26,200,82
y,26,201,81
y,26,202,95
y,26,203,90
y,26,204,67
y,26,205,88
y,26,206,89
y,26,207,87
y,26,208,80
y,26,209,111
y,26,210,77
y,26,211,95
y,26,212,92
y,26,213,88
y,26,214,88
y,26,215,92
y,26,216,73
y,26,217,90
y,26,218,89
y,26,219,84
y,26,220,84
y,26,221,97
y,26,222,87
y,26,223,85
y,26,224,80
y,26,225,73
y,26,226,79
y,26,227,110
y,26,228,73
y,26,229,104
y,26,230,97
y,26,231,95
y,26,232,77
y,26,233,106
y,26,234,88
y,26,235,74
y,26,236,104
y,26,237,72
y,26,238,92
y,26,239,90
y,26,240,89
y,26,241,99
y,26,242,92
y,26,243,95
y,26,244,81
y,26,245,85
y,26,246,79
y,26,247,88
y,26,248,85
y,26,249,72
y,26,250,71
y,26,251,104
y,26,252,85
y,26,253,88
y,26,254,88
y,26,255,92
y,27,0,89
y,27,1,74
y,27,2,94
y,27,3,89
y,27,4,90
y,27,5,103
y,27,6,70
y,27,7,97
y,27,8,75
y,27,9,77
y,27,10,88
y,27,11,86
y,27,12,93
y,27,13,94
y,27,14,101
y,27,15,81
y,27,16,77
y,27,17,86
y,27,18,100
y,27,19,67
y,27,20,82
y,27,21,80
y,27,22,70
y,27,23,84
y,27,24,88
y,27,25,85
y,27,26,79
y,27,27,88
y,27,28,78
y,27,29,73
y,27,30,81
y,27,31,84
y,27,32,70
y,27,33,77
y,27,34,85
y,27,35,77
y,27,36,80
y,27,37,97
y,27,38,88
y,27,39,88
y,27,40,82
y,27,41,94
y,27,42,79
y,27,43,88
y,27,44,80
y,27,45,89
y,27,46,78
y,27,47,93
y,27,48,82
y,27,49,79
y,27,50,88
y,27,51,76
y,27,52,89
y,27,53,80
y,27,54,80
y,27,55,80
y,27,56,80
y,27,57,78
y,27,58,76
y,27,59,78
y,27,60,102
y,27,61,91
y,27,62,96
y,27,63,84
y,27,64,81
y,27,65,84
y,27,66,84
y,27,67,79
y,27,68,87
y,27,69,75
y,27,70,103
y,27,71,93
y,27,72,98
y,27,73,88
y,27,74,73
y,27,75,85
y,27,76,93
y,27,77,94
y,27,78,70
y,27,79,96
y,27,80,90
y,27,81,95
y,27,82,95
y,27,83,92
y,27,84,97
y,27,85,98
y,27,86,83
y,27,87,80
y,27,88,102
y,27,89,81
y,27,90,81
y,27,91,96
y,27,92,85
y,27,93,76
y,27,94,84
y,27,95,80
y,27,96,90
y,27,97,70
y,27,98,82
y,27,99,96
y,27,100,76
y,27,101,93
y,27,102,88
y,27,103,83
y,27,104,90
y,27,105,85
y,27,106,73
y,27,107,75
y,27,108,90
y,27,109,82
y,27,110,88
y,27,111,86
y,27,112,90
y,27,113,93
y,27,114,93
y,27,115,78
y,27,116,91
y,27,117,91
y,27,118,78
y,27,119,95
y,27,120,94
y,27,121,96
y,27,122,95
y,27,123,88
y,27,124,97
y,27,125,95
y,27,126,99
y,27,127,90
y,27,128,76
y,27,129,80
y,27,130,84
y,27,131,89
y,27,132,77
y,27,133,77
y,27,134,93
y,27,135,79
y,27,136,79
y,27,137,83
y,27,138,81
y,27,139,85
y,27,140,83
y,27,141,107
y,27,142,91
y,27,143,89
y,27,144,88
y,27,145,80
y,27,146,82
y,27,147,104
y,27,148,83
y,27,149,76
y,27,150,77
y,27,151,81
y,27,152,90
y,27,153,71
y,27,154,92
y,27,155,77
y,27,156,98
y,27,157,79
y,27,158,81
y,27,159,83
y,27,160,66
y,27,161,83
y,27,162,80
y,27,163,85
y,27,164,93
y,27,165,86
y,27,166,110
y,27,167,82
y,27,168,73
y,27,169,75
y,27,170,89
y,27,171,79
y,27,172,75
y,27,173,78
y,27,174,84
y,27,175,95
y,27,176,87
y,27,177,91
y,27,178,83
y,27,179,98
y,27,180,71
y,27,181,87
y,27,182,80
y,27,183,66
y,27,184,81
y,27,185,88
y,27,186,89
y,27,187,107
y,27,188,87
y,27,189,88
y,27,190,81
y,27,191,87
y,27,192,86
y,27,193,102
y,27,194,97
y,27,195,73
y,27,196,84
y,27,197,91
y,27,198,80
y,27,199,86
y,27,200,92
y,27,201,75
y,27,202,86
y,27,203,80
y,27,204,103
y,27,205,89
y,27,206,92
y,27,207,68
y,27,208,92
y,27,209,78
y,27,210,89
y,27,211,104
y,27,212,90
y,27,213,79
y,27,214,70
y,27,215,89
y,27,216,88
y,27,217,104
y,27,218,79
y,27,219,86
y,27,220,89
y,27,221,97
y,27,222,90
y,27,223,97
y,27,224,85
y,27,225,105
y,27,226,94
y,27,227,84
y,27,228,89
y,27,229,80
y,27,230,90
y,27,231,87
y,27,232,94
y,27,233,77
y,27,234,75
y,27,235,102
y,27,236,90
y,27,237,90
y,27,238,87
y,27,239,98
y,27,240,100
y,27,241,79
y,27,242,78
y,27,243,76
y,27,244,84
y,27,245,84
y,27,246,84
y,27,247,77
y,27,248,77
y,27,249,67
y,27,250,109
y,27,251,94
y,27,252,97
y,27,253,76
y,27,254,75
y,27,255,70
y,28,0,98
y,28,1,78
y,28,2,82
y,28,3,76
y,28,4,89
y,28,5,97
y,28,6,82
y,28,7,76
y,28,8,82
y,28,9,88
y,28,10,93
y,28,11,103
y,28,12,95
y,28,13,71
y,28,14,80
y,28,15,73
y,28,16,85
y,28,17,77
y,28,18,108
y,28,19,88
y,28,20,88
y,28,21,97
y,28,22,90
y,28,23,96
y,28,24,77
y,28,25,92
y,28,26,87
y,28,27,100
y,28,28,82
y,28,29,94
y,28,30,87
y,28,31,75
y,28,32,82
y,28,33,87
y,28,34,101
y,28,35,71
y,28,36,88
y,28,37,85
y,28,38,92
y,28,39,82
y,28,40,75
y,28,41,92
y,28,42,90
y,28,43,75
y,28,44,76
y,28,45,77
y,28,46,76
y,28,47,96
y,28,48,80
y,28,49,79
y,28,50,82
y,28,51,79
y,28,52,87
y,28,53,95
y,28,54,88
y,28,55,95
y,28,56,80
y,28,57,87
y,28,58,89
y,28,59,95
y,28,60,89
y,28,61,98
y,28,62,76
y,28,63,92
y,28,64,73
y,28,65,82
y,28,66,88
y,28,67,89
y,28,68,90
y,28,69,87
y,28,70,71
y,28,71,88
y,28,72,63
y,28,73,71
y,28,74,85
y,28,75,96
y,28,76,99
y,28,77,91
y,28,78,80
y,28,79,95
y,28,80,96
y,28,81,86
y,28,82,87
y,28,83,75
y,28,84,81
y,28,85,81
y,28,86,90
y,28,87,80
y,28,88,85
y,28,89,76
y,28,90,90
y,28,91,86
y,28,92,90
y,28,93,87
y,28,94,81
y,28,95,75
y,28,96,65
y,28,97,105
y,28,98,87
y,28,99,90
y,28,100,100
y,28,101,100
y,28,102,98
y,28,103,102
y,28,104,73
y,28,105,89
y,28,106,114
y,28,107,97
y,28,108,82
y,28,109,77
y,28,110,92
y,28,111,83
y,28,112,86
y,28,113,81
y,28,114,92
y,28,115,97
y,28,116,87
y,28,117,82
y,28,118,94
y,28,119,85
y,28,120,90
y,28,121,101
y,28,122,72
y,28,123,91
y,28,124,92
y,28,125,90
y,28,126,84
y,28,127,80
y,28,128,88
y,28,129,85
y,28,130,90
y,28,131,70
y,28,132,83
y,28,133,83
y,28,134,93
y,28,135,83
y,28,136,87
y,28,137,78
y,28,138,86
y,28,139,78
y,28,140,97
y,28,141,78
y,28,142,96
y,28,143,86
y,28,144,68
y,28,145,90
y,28,146,87
y,28,147,77
y,28,148,82
y,28,149,77
y,28,150,80
y,28,151,81
y,28,152,71
y,28,153,112
y,28,154,70
y,28,155,85
y,28,156,86
y,28,157,98
y,28,158,103
y,28,159,73
y,28,160,76
y,28,161,101
y,28,162,96
y,28,163,86
y,28,164,95
y,28,165,94
y,28,166,80
y,28,167,77
y,28,168,95
y,28,169,77
y,28,170,77
y,28,171,88
y,28,172,96
y,28,173,72
y,28,174,88
y,28,175,93
y,28,176,79
y,28,177,76
y,28,178,76
y,28,179,94
y,28,180,77
y,28,181,91
y,28,182,81
y,28,183,81
y,28,184,81
y,28,185,83
y,28,186,74
y,28,187,82
y,28,188,82
y,28,189,84
y,28,190,88
y,28,191,80
y,28,192,92
y,28,193,68
y,28,194,86
y,28,195,101
y,28,196,82
y,28,197,80
y,28,198,81
y,28,199,93
y,28,200,74
y,28,201,92
y,28,202,87
y,28,203,105
y,28,204,69
y,28,205,71
y,28,206,71
y,28,207,78
y,28,208,91
y,28,209,98
y,28,210,83
y,28,211,84
y,28,212,94
y,28,213,97
y,28,214,97
y,28,215,78
y,28,216,85
y,28,217,106
y,28,218,83
y,28,219,85
y,28,220,69
y,28,221,86
y,28,222,83
y,28,223,79
y,28,224,99
y,28,225,80
y,28,226,100
y,28,227,87
y,28,228,78
y,28,229,98
y,28,230,89
y,28,231,77
y,28,232,74
y,28,233,89
y,28,234,81
y,28,235,96
y,28,236,74
y,28,237,91
y,28,238,87
y,28,239,71
y,28,240,97
y,28,241,104
y,28,242,92
y,28,243,77
y,28,244,78
y,28,245,100
y,28,246,89
y,28,247,79
y,28,248,81
y,28,249,74
y,28,250,86
y,28,251,87
y,28,252,85
y,28,253,84
y,28,254,81
y,28,255,85
y,29,0,73
y,29,1,85
y,29,2,86
y,29,3,93
y,29,4,90
y,29,5,82
y,29,6,88
y,29,7,91
y,29,8,72
y,29,9,91
y,29,10,96
y,29,11,71
y,29,12,79
y,29,13,71
y,29,14,73
y,29,15,91
y,29,16,91
y,29,17,96
y,29,18,79
y,29,19,102
y,29,20,85
y,29,21,80
y,29,22,83
y,29,23,88
y,29,24,73
y,29,25,62
y,29,26,90
y,29,27,89
y,29,28,71
y,29,29,97
y,29,30,72
y,29,31,103
y,29,32,78
y,29,33,93
y,29,34,77
y,29,35,77
y,29,36,93
y,29,37,104
y,29,38,96
y,29,39,100
y,29,40,84
y,29,41,88
y,29,42,80
y,29,43,80
y,29,44,77
y,29,45,90
y,29,46,101
y,29,47,75
y,29,48,96
y,29,49,100
y,29,50,88
y,29,51,88
y,29,52,99
y,29,53,83
y,29,54,90
y,29,55,91
y,29,56,84
y,29,57,97
y,29,58,87
y,29,59,75
y,29,60,102
y,29,61,72
y,29,62,81
y,29,63,101
y,29,64,92
y,29,65,110
y,29,66,76
y,29,67,85
y,29,68,86
y,29,69,98
y,29,70,93
y,29,71,74
y,29,72,95
y,29,73,73
y,29,74,70
y,29,75,76
y,29,76,95
y,29,77,69
y,29,78,87
y,29,79,84
y,29,80,97
y,29,81,84
y,29,82,94
y,29,83,63
y,29,84,85
y,29,85,86
y,29,86,85
y,29,87,86
y,29,88,91
y,29,89,82
y,29,90,81
y,29,91,100
y,29,92,95
y,29,93,77
y,29,94,84
y,29,95,87
y,29,96,78
y,29,97,101
y,29,98,84
y,29,99,88
y,29,100,102
y,29,101,93
y,29,102,91
y,29,103,92
y,29,104,95
y,29,105,100
y,29,106,69
y,29,107,100
y,29,108,93
y,29,109,86
y,29,110,87
y,29,111,84
y,29,112,87
y,29,113,72
y,29,114,82
y,29,115,84
y,29,116,88
y,29,117,113
y,29,118,78
y,29,119,88
y,29,120,85
y,29,121,79
y,29,122,98
y,29,123,84
y,29,124,82
y,29,125,85
y,29,126,68
y,29,127,77
y,29,128,77
y,29,129,83
y,29,130,95
y,29,131,80
y,29,132,76
y,29,133,101
y,29,134,73
y,29,135,89
y,29,136,104
y,29,137,78
y,29,138,79
y,29,139,89
y,29,140,94
y,29,141,91
y,29,142,83
y,29,143,93
y,29,144,93
y,29,145,86
y,29,146,92
y,29,147,103
y,29,148,90
y,29,149,78
y,29,150,86
y,29,151,75
y,29,152,86
y,29,153,103
y,29,154,93
y,29,155,63
y,29,156,76
y,29,157,94
y,29,158,98
y,29,159,83
y,29,160,77
y,29,161,97
y,29,162,89
y,29,163,97
y,29,164,77
y,29,165,84
y,29,166,85
y,29,167,86
y,29,168,81
y,29,169,76
y,29,170,73
y,29,171,87
y,29,172,78
y,29,173,78
y,29,174,78
y,29,175,95
y,29,176,86
y,29,177,74
y,29,178,76
y,29,179,69
y,29,180,91
y,29,181,77
y,29,182,98
y,29,183,63
y,29,184,75
y,29,185,92
y,29,186,88
y,29,187,90
y,29,188,78
y,29,189,84
y,29,190,93
y,29,191,77
y,29,192,82
y,29,193,93
y,29,194,70
y,29,195,86
y,29,196,71
y,29,197,77
y,29,198,102
y,29,199,93
y,29,200,85
y,29,201,101
y,29,202,93
y,29,203,93
y,29,204,75
y,29,205,77
y,29,206,91
y,29,207,72
y,29,208,73
y,29,209,77
y,29,210,81
y,29,211,92
y,29,212,88
y,29,213,85
y,29,214,85
y,29,215,93
y,29,216,79
y,29,217,77
y,29,218,100
y,29,219,96
y,29,220,69
y,29,221,78
y,29,222,79
y,29,223,88
y,29,224,73
y,29,225,89
y,29,226,86
y,29,227,102
y,29,228,89
y,29,229,94
y,29,230,89
y,29,231,93
y,29,232,77
y,29,233,98
y,29,234,82
y,29,235,91
y,29,236,96
y,29,237,87
y,29,238,97
y,29,239,95
y,29,240,83
y,29,241,89
y,29,242,86
y,29,243,90
y,29,244,80
y,29,245,79
y,29,246,87
y,29,247,81
y,29,248,86
y,29,249,66
y,29,250,82
y,29,251,82
y,29,252,69
y,29,253,83
y,29,254,97
y,29,255,88
y,30,0,104
y,30,1,90
y,30,2,76
y,30,3,98
y,30,4,101
y,30,5,69
y,30,6,94
y,30,7,86
y,30,8,90
y,30,9,72
y,30,10,94
y,30,11,82
y,30,12,93
y,30,13,76
y,30,14,97
y,30,15,93
y,30,16,95
y,30,17,81
y,30,18,99
y,30,19,81
y,30,20,77
y,30,21,89
y,30,22,84
y,30,23,82
y,30,24,91
y,30,25,72
y,30,26,94
y,30,27,95
y,30,28,78
y,30,29,100
y,30,30,96
y,30,31,88
y,30,32,83
y,30,33,108
y,30,34,85
y,30,35,91
y,30,36,88
y,30,37,89
y,30,38,93
y,30,39,81
y,30,40,74
y,30,41,80
y,30,42,97
y,30,43,89
y,30,44,94
y,30,45,78
y,30,46,103
y,30,47,92
y,30,48,87
y,30,49,78
y,30,50,82
y,30,51,82
y,30,52,69
y,30,53,83
y,30,54,104
y,30,55,78
y,30,56,74
y,30,57,92
y,30,58,92
y,30,59,95
y,30,60,88
y,30,61,78
y,30,62,73
y,30,63,78
y,30,64,97
y,30,65,82
y,30,66,77
y,30,67,87
y,30,68,89
y,30,69,81
y,30,70,78
y,30,71,70
y,30,72,87
y,30,73,101
y,30,74,98
y,30,75,89
y,30,76,90
y,30,77,86
y,30,78,90
y,30,79,92
y,30,80,79
y,30,81,81
y,30,82,84
y,30,83,82
y,30,84,86
y,30,85,91
y,30,86,65
y,30,87,86
y,30,88,90
y,30,89,102
y,30,90,68
y,30,91,90
y,30,92,79
y,30,93,78
y,30,94,70
y,30,95,86
y,30,96,73
y,30,97,77
y,30,98,86
y,30,99,69
y,30,100,84
y,30,101,104
y,30,102,87
y,30,103,84
y,30,104,88
y,30,105,69
y,30,106,101
y,30,107,88
y,30,108,89
y,30,109,75
y,30,110,93
y,30,111,88
y,30,112,89
y,30,113,90
y,30,114,84
y,30,115,82
y,30,116,83
y,30,117,90
y,30,118,74
y,30,119,88
y,30,120,93
y,30,121,95
y,30,122,76
y,30,123,90
y,30,124,97
y,30,125,70
y,30,126,69
y,30,127,78
y,30,128,81
y,30,129,104
y,30,130,81
y,30,131,86
y,30,132,87
y,30,133,94
y,30,134,89
y,30,135,87
y,30,136,74
y,30,137,102
y,30,138,91
y,30,139,93
y,30,140,86
y,30,141,103
y,30,142,94
y,30,143,84
y,30,144,97
y,30,145,80
y,30,146,91
y,30,147,95
y,30,148,88
y,30,149,89
y,30,150,77
y,30,151,76
y,30,152,87
y,30,153,94
y,30,154,85
y,30,155,87
y,30,156,85
y,30,157,76
y,30,158,86
y,30,159,89
y,30,160,90
y,30,161,86
y,30,162,79
y,30,163,99
y,30,164,83
y,30,165,101
y,30,166,73
y,30,167,89
y,30,168,83
y,30,169,80
y,30,170,91
y,30,171,89
y,30,172,95
y,30,173,87
y,30,174,74
y,30,175,77
y,30,176,74
y,30,177,89
y,30,178,79
y,30,179,79
y,30,180,93
y,30,181,86
y,30,182,90
y,30,183,77
y,30,184,75
y,30,185,77
y,30,186,80
y,30,187,81
y,30,188,79
y,30,189,70
y,30,190,74
y,30,191,89
y,30,192,98
y,30,193,103
y,30,194,80
y,30,195,99
y,30,196,79
y,30,197,79
y,30,198,82
y,30,199,82
y,30,200,76
y,30,201,89
y,30,202,79
y,30,203,82
y,30,204,81
y,30,205,72
y,30,206,90
y,30,207,77
y,30,208,88
y,30,209,95
y,30,210,89
y,30,211,77
y,30,212,71
y,30,213,90
y,30,214,90
y,30,215,83
y,30,216,99
y,30,217,85
y,30,218,70
y,30,219,80
y,30,220,102
y,30,221,77
y,30,222,94
y,30,223,94
y,30,224,106
y,30,225,71
y,30,226,94
y,30,227,92
y,30,228,86
y,30,229,78
y,30,230,94
y,30,231,81
y,30,232,91
y,30,233,79
y,30,234,107
y,30,235,70
y,30,236,106
y,30,237,95
y,30,238,83
y,30,239,94
y,30,240,89
y,30,241,77
y,30,242,73
y,30,243,70
y,30,244,77
y,30,245,88
y,30,246,80
y,30,247,80
y,30,248,90
y,30,249,81
y,30,250,78
y,30,251,86
y,30,252,76
y,30,253,101
y,30,254,94
y,30,255,79
y,31,0,95
y,31,1,81
y,31,2,89
y,31,3,80
y,31,4,112
y,31,5,72
y,31,6,88
y,31,7,84
y,31,8,71
y,31,9,85
y,31,10,80
y,31,11,95
y,31,12,84
y,31,13,95
y,31,14,99
y,31,15,67
y,31,16,116
y,31,17,71
y,31,18,92
y,31,19,90
y,31,20,92
y,31,21,93
y,31,22,77
y,31,23,80
y,31,24,75
y,31,25,85
y,31,26,84
y,31,27,78
y,31,28,83
y,31,29,77
y,31,30,78
y,31,31,73
y,31,32,99
y,31,33,90
y,31,34,79
y,31,35,86
y,31,36,92
y,31,37,88
y,31,38,75
y,31,39,77
y,31,40,82
y,31,41,88
y,31,42,90
y,31,43,84
y,31,44,89
y,31,45,93
y,31,46,91
y,31,47,91
y,31,48,90
y,31,49,92
y,31,50,108
y,31,51,91
y,31,52,88
y,31,53,98
y,31,54,86
y,31,55,101
y,31,56,89
y,31,57,106
y,31,58,89
y,31,59,66
y,31,60,82
y,31,61,86
y,31,62,87
y,31,63,85
y,31,64,93
y,31,65,105
y,31,66,83
y,31,67,91
y,31,68,91
y,31,69,84
y,31,70,87
y,31,71,114
y,31,72,68
y,31,73,80
y,31,74,78
y,31,75,85
y,31,76,88
y,31,77,73
y,31,78,72
y,31,79,93
y,31,80,81
y,31,81,81
y,31,82,90
y,31,83,71
y,31,84,94
y,31,85,90
y,31,86,80
y,31,87,75
y,31,88,76
y,31,89,101
y,31,90,87
y,31,91,78
y,31,92,79
y,31,93,89
y,31,94,70
y,31,95,83
y,31,96,74
y,31,97,82
y,31,98,89
y,31,99,98
y,31,100,77
y,31,101,88
y,31,102,91
y,31,103,100
y,31,104,71
y,31,105,87
y,31,106,71
y,31,107,94
y,31,108,84
y,31,109,83
y,31,110,98
y,31,111,89
y,31,112,82
y,31,113,86
y,31,114,92
y,31,115,80
y,31,116,86
y,31,117,77
y,31,118,80
y,31,119,86
y,31,120,73
y,31,121,93
y,31,122,92
y,31,123,86
y,31,124,65
y,31,125,79
y,31,126,70
y,31,127,98
y,31,128,81
y,31,129,93
y,31,130,90
y,31,131,93
y,31,132,90
y,31,133,81
y,31,134,96
y,31,135,81
y,31,136,74
y,31,137,79
y,31,138,84
y,31,139,89
y,31,140,79
y,31,141,85
y,31,142,81
y,31,143,74
y,31,144,94
y,31,145,100
y,31,146,84
y,31,147,72
y,31,148,102
y,31,149,99
y,31,150,93
y,31,151,103
y,31,152,66
y,31,153,110
y,31,154,81
y,31,155,77
y,31,156,78
y,31,157,86
y,31,158,98
y,31,159,109
y,31,160,87
y,31,161,87
y,31,162,86
y,31,163,76
y,31,164,90
y,31,165,91
y,31,166,79
y,31,167,104
y,31,168,80
y,31,169,79
y,31,170,88
y,31,171,84
y,31,172,57
y,31,173,99
y,31,174,85
y,31,175,81
y,31,176,68
y,31,177,73
y,31,178,100
y,31,179,104
y,31,180,94
y,31,181,86
y,31,182,90
y,31,183,90
y,31,184,88
y,31,185,78
y,31,186,78
y,31,187,91
y,31,188,96
y,31,189,89
y,31,190,100
y,31,191,89
y,31,192,79
y,31,193,86
y,31,194,79
y,31,195,108
y,31,196,89
y,31,197,86
y,31,198,80
y,31,199,82
y,31,200,90
y,31,201,85
y,31,202,78
y,31,203,87
y,31,204,78
y,31,205,75
y,31,206,79
y,31,207,87
y,31,208,88
y,31,209,94
y,31,210,91
y,31,211,92
y,31,212,89
y,31,213,82
y,31,214,83
y,31,215,77
y,31,216,93
y,31,217,81
y,31,218,72
y,31,219,80
y,31,220,88
y,31,221,85
y,31,222,94
y,31,223,68
y,31,224,78
y,31,225,68
y,31,226,84
y,31,227,91
y,31,228,74
y,31,229,90
y,31,230,90
y,31,231,78
y,31,232,79
y,31,233,98
y,31,234,80
y,31,235,85
y,31,236,93
y,31,237,79
y,31,238,86
y,31,239,87
y,31,240,102
y,31,241,85
y,31,242,85
y,31,243,88
y,31,244,80
y,31,245,72
y,31,246,76
y,31,247,75
y,31,248,87
y,31,249,96
y,31,250,76
y,31,251,93
y,31,252,68
y,31,253,104
y,31,254,97
y,31,255,85
hash160,0,0,89
hash160,0,1,81
hash160,0,2,84
hash160,0,3,78
hash160,0,4,90
hash160,0,5,98
hash160,0,6,66
hash160,0,7,76
hash160,0,8,75
hash160,0,9,87
hash160,0,10,106
hash160,0,11,92
hash160,0,12,73
hash160,0,13,89
hash160,0,14,72
hash160,0,15,78
hash160,0,16,80
hash160,0,17,91
hash160,0,18,66
hash160,0,19,75
hash160,0,20,100
hash160,0,21,87
hash160,0,22,74
hash160,0,23,82
hash160,0,24,91
hash160,0,25,79
hash160,0,26,86
hash160,0,27,70
hash160,0,28,95
hash160,0,29,87
hash160,0,30,95
hash160,0,31,95
hash160,0,32,83
hash160,0,33,75
hash160,0,34,77
hash160,0,35,99
hash160,0,36,86
hash160,0,37,87
hash160,0,38,96
hash160,0,39,96
hash160,0,40,93
hash160,0,41,80
hash160,0,42,77
hash160,0,43,85
hash160,0,44,101
hash160,0,45,87
hash160,0,46,88
hash160,0,47,86
hash160,0,48,83
hash160,0,49,86
hash160,0,50,81
hash160,0,51,92
hash160,0,52,96
hash160,0,53,83
hash160,0,54,112
hash160,0,55,76
hash160,0,56,68
hash160,0,57,74
hash160,0,58,93
hash160,0,59,87
hash160,0,60,78
hash160,0,61,76
hash160,0,62,84
hash160,0,63,93
hash160,0,64,84
hash160,0,65,63
hash160,0,66,64
hash160,0,67,81
hash160,0,68,93
hash160,0,69,105
hash160,0,70,88
hash160,0,71,88
hash160,0,72,74
hash160,0,73,78
hash160,0,74,86
hash160,0,75,90
hash160,0,76,81
hash160,0,77,85
hash160,0,78,86
hash160,0,79,69
hash160,0,80,82
hash160,0,81,114
hash160,0,82,90
hash160,0,83,83
hash160,0,84,91
hash160,0,85,102
hash160,0,86,75
hash160,0,87,85
hash160,0,88,77
hash160,0,89,90
hash160,0,90,91
hash160,0,91,95
hash160,0,92,82
hash160,0,93,75
hash160,0,94,83
hash160,0,95,88
hash160,0,96,86
hash160,0,97,83
hash160,0,98,88
hash160,0,99,86
hash160,0,100,88
hash160,0,101,78
hash160,0,102,94
hash160,0,103,103
hash160,0,104,92
hash160,0,105,88
hash160,0,106,88
hash160,0,107,87
hash160,0,108,91
hash160,0,109,80
hash160,0,110,72
hash160,0,111,77
hash160,0,112,94
hash160,0,113,90
hash160,0,114,80
hash160,0,115,100
hash160,0,116,62
hash160,0,117,77
hash160,0,118,75
hash160,0,119,80
hash160,0,120,102
hash160,0,121,77
hash160,0,122,88
hash160,0,123,84
hash160,0,124,92
hash160,0,125,82
hash160,0,126,79
hash160,0,127,91
hash160,0,128,86
hash160,0,129,88
hash160,0,130,96
hash160,0,131,63
hash160,0,132,96
hash160,0,133,99
hash160,0,134,92
hash160,0,135,92
hash160,0,136,105
hash160,0,137,78
hash160,0,138,82
hash160,0,139,75
hash160,0,140,90
hash160,0,141,91
hash160,0,142,75
hash160,0,143,85
hash160,0,144,101
hash160,0,145,80
hash160,0,146,91
hash160,0,147,63
hash160,0,148,87
hash160,0,149,93
hash160,0,150,95
hash160,0,151,87
hash160,0,152,96
hash160,0,153,84
hash160,0,154,86
hash160,0,155,79
hash160,0,156,90
hash160,0,157,86
hash160,0,158,80
hash160,0,159,87
hash160,0,160,81
hash160,0,161,80
hash160,0,162,92
hash160,0,163,80
hash160,0,164,83
hash160,0,165,94
hash160,0,166,79
hash160,0,167,78
hash160,0,168,92
hash160,0,169,89
hash160,0,170,96
hash160,0,171,77
hash160,0,172,101
hash160,0,173,92
hash160,0,174,85
hash160,0,175,99
hash160,0,176,85
hash160,0,177,72
hash160,0,178,85
hash160,0,179,81
hash160,0,180,95
hash160,0,181,98
hash160,0,182,78
hash160,0,183,101
hash160,0,184,78
hash160,0,185,85
hash160,0,186,60
hash160,0,187,85
hash160,0,188,97
hash160,0,189,76
hash160,0,190,77
hash160,0,191,76
hash160,0,192,96
hash160,0,193,74
hash160,0,194,86
hash160,0,195,85
hash160,0,196,80
hash160,0,197,76
hash160,0,198,110
hash160,0,199,107
hash160,0,200,86
hash160,0,201,84
hash160,0,202,81
hash160,0,203,86
hash160,0,204,93
hash160,0,205,94
hash160,0,206,91
hash160,0,207,93
hash160,0,208,92
hash160,0,209,91
hash160,0,210,92
hash160,0,211,78
hash160,0,212,68
hash160,0,213,90
hash160,0,214,79
hash160,0,215,65
hash160,0,216,84
hash160,0,217,70
hash160,0,218,87
hash160,0,219,70
hash160,0,220,90
hash160,0,221,79
hash160,0,222,97
hash160,0,223,86
hash160,0,224,96
hash160,0,225,90
hash160,0,226,84
hash160,0,227,95
hash160,0,228,89
hash160,0,229,85
hash160,0,230,85
hash160,0,231,81
hash160,0,232,93
hash160,0,233,115
hash160,0,234,96
hash160,0,235,79
hash160,0,236,92
hash160,0,237,86
hash160,0,238,80
hash160,0,239,88
hash160,0,240,74
hash160,0,241,91
hash160,0,242,91
hash160,0,243,98
hash160,0,244,88
hash160,0,245,83
hash160,0,246,85
hash160,0,247,93
hash160,0,248,89
hash160,0,249,85
hash160,0,250,76
hash160,0,251,68
hash160,0,252,96
hash160,0,253,71
hash160,0,254,93
hash160,0,255,96
hash160,1,0,87
hash160,1,1,86
hash160,1,2,101
hash160,1,3,105
hash160,1,4,85
hash160,1,5,78
hash160,1,6,82
hash160,1,7,88
hash160,1,8,83
hash160,1,9,83
hash160,1,10,77
hash160,1,11,96
hash160,1,12,85
hash160,1,13,84
hash160,1,14,77
hash160,1,15,84
hash160,1,16,79
hash160,1,17,75
hash160,1,18,83
hash160,1,19,91
hash160,1,20,91
hash160,1,21,70
hash160,1,22,97
hash160,1,23,79
hash160,1,24,88
hash160,1,25,89
hash160,1,26,92
hash160,1,27,101
hash160,1,28,83
hash160,1,29,84
hash160,1,30,79
hash160,1,31,94
hash160,1,32,91
hash160,1,33,71
hash160,1,34,91
hash160,1,35,75
hash160,1,36,98
hash160,1,37,79
hash160,1,38,74
hash160,1,39,112
hash160,1,40,88
hash160,1,41,77
hash160,1,42,95
hash160,1,43,99
hash160,1,44,66
hash160,1,45,77
hash160,1,46,90
hash160,1,47,79
hash160,1,48,82
hash160,1,49,85
hash160,1,50,83
hash160,1,51,86
hash160,1,52,82
hash160,1,53,94
hash160,1,54,90
hash160,1,55,91
hash160,1,56,87
hash160,1,57,81
hash160,1,58,94
hash160,1,59,82
hash160,1,60,93
hash160,1,61,71
hash160,1,62,95
hash160,1,63,86
hash160,1,64,94
hash160,1,65,77
hash160,1,66,89
hash160,1,67,90
hash160,1,68,81
hash160,1,69,67
hash160,1,70,95
hash160,1,71,78
hash160,1,72,87
hash160,1,73,81
hash160,1,74,88
hash160,1,75,96
hash160,1,76,87
hash160,1,77,74
hash160,1,78,87
hash160,1,79,80
hash160,1,80,97
hash160,1,81,69
hash160,1,82,97
hash160,1,83,71
hash160,1,84,74
hash160,1,85,84
hash160,1,86,88
hash160,1,87,92
hash160,1,88,87
hash160,1,89,91
hash160,1,90,86
hash160,1,91,76
hash160,1,92,103
hash160,1,93,87
hash160,1,94,81
hash160,1,95,96
hash160,1,96,92
hash160,1,97,96
hash160,1,98,87
hash160,1,99,82
hash160,1,100,86
hash160,1,101,96
hash160,1,102,89
hash160,1,103,79
hash160,1,104,83
hash160,1,105,86
hash160,1,106,89
hash160,1,107,86
hash160,1,108,88
hash160,1,109,99
hash160,1,110,75
hash160,1,111,96
hash160,1,112,96
hash160,1,113,85
hash160,1,114,72
hash160,1,115,88
hash160,1,116,85
hash160,1,117,82
hash160,1,118,92
hash160,1,119,76
hash160,1,120,80
hash160,1,121,86
hash160,1,122,86
hash160,1,123,91
hash160,1,124,82
hash160,1,125,90
hash160,1,126,83
hash160,1,127,88
hash160,1,128,73
hash160,1,129,89
hash160,1,130,81
hash160,1,131,80
hash160,1,132,92
hash160,1,133,73
hash160,1,134,81
hash160,1,135,95
hash160,1,136,70
hash160,1,137,84
hash160,1,138,83
hash160,1,139,75
hash160,1,140,76
hash160,1,141,93
hash160,1,142,97
hash160,1,143,75
hash160,1,144,81
hash160,1,145,84
hash160,1,146,105
hash160,1,147,100
hash160,1,148,95
hash160,1,149,79
hash160,1,150,104
hash160,1,151,75
hash160,1,152,80
hash160,1,153,97
hash160,1,154,80
hash160,1,155,98
hash160,1,156,81
hash160,1,157,93
hash160,1,158,90
hash160,1,159,91
hash160,1,160,88
hash160,1,161,97
hash160,1,162,87
hash160,1,163,79
hash160,1,164,93
hash160,1,165,87
hash160,1,166,83
hash160,1,167,96
hash160,1,168,95
hash160,1,169,79
hash160,1,170,76
hash160,1,171,80
hash160,1,172,80
hash160,1,173,85
hash160,1,174,84
hash160,1,175,80
hash160,1,176,88
hash160,1,177,79
hash160,1,178,70
hash160,1,179,79
hash160,1,180,82
hash160,1,181,79
hash160,1,182,96
hash160,1,183,80
hash160,1,184,93
hash160,1,185,86
hash160,1,186,83
hash160,1,187,78
hash160,1,188,92
hash160,1,189,78
hash160,1,190,80
hash160,1,191,85
hash160,1,192,94
hash160,1,193,79
hash160,1,194,89
hash160,1,195,93
hash160,1,196,94
hash160,1,197,98
hash160,1,198,86
hash160,1,199,92
hash160,1,200,81
hash160,1,201,91
hash160,1,202,84
hash160,1,203,86
hash160,1,204,73
hash160,1,205,89
hash160,1,206,74
hash160,1,207,84
hash160,1,208,73
hash160,1,209,83
hash160,1,210,85
hash160,1,211,84
hash160,1,212,86
hash160,1,213,69
hash160,1,214,79
hash160,1,215,84
hash160,1,216,98
hash160,1,217,89
hash160,1,218,90
hash160,1,219,82
hash160,1,220,90
hash160,1,221,78
hash160,1,222,73
hash160,1,223,102
hash160,1,224,92
hash160,1,225,77
hash160,1,226,92
hash160,1,227,91
hash160,1,228,87
hash160,1,229,87
hash160,1,230,86
hash160,1,231,78
hash160,1,232,96
hash160,1,233,110
hash160,1,234,81
hash160,1,235,85
hash160,1,236,83
hash160,1,237,76
hash160,1,238,79
hash160,1,239,91
hash160,1,240,85
hash160,1,241,80
hash160,1,242,100
hash160,1,243,64
hash160,1,244,83
hash160,1,245,101
hash160,1,246,82
hash160,1,247,91
hash160,1,248,94
hash160,1,249,81
hash160,1,250,87
hash160,1,251,89
hash160,1,252,82
hash160,1,253,90
hash160,1,254,100
hash160,1,255,73
hash160,2,0,93
hash160,2,1,79
hash160,2,2,88
hash160,2,3,96
hash160,2,4,80
hash160,2,5,95
hash160,2,6,86
hash160,2,7,82
hash160,2,8,95
hash160,2,9,91
hash160,2,10,100
hash160,2,11,96
hash160,2,12,82
hash160,2,13,90
hash160,2,14,94
hash160,2,15,88
hash160,2,16,81
hash160,2,17,81
hash160,2,18,88
hash160,2,19,102
hash160,2,20,80
hash160,2,21,101
hash160,2,22,87
hash160,2,23,86
hash160,2,24,90
hash160,2,25,87
hash160,2,26,106
hash160,2,27,76
hash160,2,28,72
hash160,2,29,88
hash160,2,30,100
hash160,2,31,79
hash160,2,32,104
hash160,2,33,72
hash160,2,34,80
hash160,2,35,81
hash160,2,36,87
hash160,2,37,69
hash160,2,38,73
hash160,2,39,101
hash160,2,40,84
hash160,2,41,80
hash160,2,42,80
hash160,2,43,88
hash160,2,44,82
hash160,2,45,83
hash160,2,46,90
hash160,2,47,84
hash160,2,48,79
hash160,2,49,68
hash160,2,50,86
hash160,2,51,82
hash160,2,52,96
hash160,2,53,87
hash160,2,54,83
hash160,2,55,81
hash160,2,56,83
hash160,2,57,90
hash160,2,58,87
hash160,2,59,77
hash160,2,60,84
hash160,2,61,102
hash160,2,62,84
hash160,2,63,73
hash160,2,64,78
hash160,2,65,73
hash160,2,66,99
hash160,2,67,93
hash160,2,68,85
hash160,2,69,92
hash160,2,70,84
hash160,2,71,96
hash160,2,72,79
hash160,2,73,87
hash160,2,74,99
hash160,2,75,82
hash160,2,76,104
hash160,2,77,102
hash160,2,78,84
hash160,2,79,83
hash160,2,80,63
hash160,2,81,80
hash160,2,82,96
hash160,2,83,101
hash160,2,84,77
hash160,2,85,81
hash160,2,86,96
hash160,2,87,83
hash160,2,88,80
hash160,2,89,75
hash160,2,90,80
hash160,2,91,102
hash160,2,92,73
hash160,2,93,85
hash160,2,94,84
hash160,2,95,106
hash160,2,96,110
hash160,2,97,68
hash160,2,98,85
hash160,2,99,87
hash160,2,100,97
hash160,2,101,81
hash160,2,102,80
hash160,2,103,92
hash160,2,104,77
hash160,2,105,93
hash160,2,106,82
hash160,2,107,104
hash160,2,108,84
hash160,2,109,76
hash160,2,110,91
hash160,2,111,81
hash160,2,112,82
hash160,2,113,94
hash160,2,114,75
hash160,2,115,81
hash160,2,116,77
hash160,2,117,74
hash160,2,118,82
hash160,2,119,97
hash160,2,120,84
hash160,2,121,97
hash160,2,122,65
hash160,2,123,83
hash160,2,124,96
hash160,2,125,80
hash160,2,126,70
hash160,2,127,76
hash160,2,128,97
hash160,2,129,89
hash160,2,130,91
hash160,2,131,100
hash160,2,132,97
hash160,2,133,93
hash160,2,134,84
hash160,2,135,81
hash160,2,136,91
hash160,2,137,97
hash160,2,138,85
hash160,2,139,91
hash160,2,140,85
hash160,2,141,84
hash160,2,142,76
hash160,2,143,101
hash160,2,144,89
hash160,2,145,81
hash160,2,146,61
hash160,2,147,80
hash160,2,148,87
hash160,2,149,84
hash160,2,150,92
hash160,2,151,108
hash160,2,152,83
hash160,2,153,76
hash160,2,154,73
hash160,2,155,90
hash160,2,156,84
hash160,2,157,94
hash160,2,158,83
hash160,2,159,77
hash160,2,160,82
hash160,2,161,100
hash160,2,162,103
hash160,2,163,86
hash160,2,164,75
hash160,2,165,77
hash160,2,166,83
hash160,2,167,81
hash160,2,168,88
hash160,2,169,84
hash160,2,170,97
hash160,2,171,72
hash160,2,172,102
hash160,2,173,88
hash160,2,174,90
hash160,2,175,78
hash160,2,176,90
hash160,2,177,89
hash160,2,178,63
hash160,2,179,86
hash160,2,180,89
hash160,2,181,80
hash160,2,182,79
hash160,2,183,73
hash160,2,184,84
hash160,2,185,95
hash160,2,186,87
hash160,2,187,99
hash160,2,188,96
hash160,2,189,78
hash160,2,190,88
hash160,2,191,84
hash160,2,192,80
hash160,2,193,75
hash160,2,194,89
hash160,2,195,90
hash160,2,196,76
hash160,2,197,68
hash160,2,198,85
hash160,2,199,83
hash160,2,200,76
hash160,2,201,101
hash160,2,202,83
hash160,2,203,95
hash160,2,204,86
hash160,2,205,94
hash160,2,206,66
hash160,2,207,94
hash160,2,208,82
hash160,2,209,93
hash160,2,210,73
hash160,2,211,78
hash160,2,212,86
hash160,2,213,93
hash160,2,214,73
hash160,2,215,87
hash160,2,216,85
hash160,2,217,88
hash160,2,218,84
hash160,2,219,92
hash160,2,220,91
hash160,2,221,93
hash160,2,222,73
hash160,2,223,76
hash160,2,224,92
hash160,2,225,87
hash160,2,226,72
hash160,2,227,81
hash160,2,228,88
hash160,2,229,83
hash160,2,230,88
hash160,2,231,76
hash160,2,232,90
hash160,2,233,79
hash160,2,234,77
hash160,2,235,96
hash160,2,236,85
hash160,2,237,78
hash160,2,238,93
hash160,2,239,99
hash160,2,240,86
hash160,2,241,84
hash160,2,242,75
hash160,2,243,95
hash160,2,244,101
hash160,2,245,90
hash160,2,246,86
hash160,2,247,95
hash160,2,248,63
hash160,2,249,82
hash160,2,250,81
hash160,2,251,92
hash160,2,252,88
hash160,2,253,95
hash160,2,254,78
hash160,2,255,78
hash160,3,0,80
hash160,3,1,107
hash160,3,2,91
hash160,3,3,78
hash160,3,4,74
hash160,3,5,70
hash160,3,6,105
hash160,3,7,74
hash160,3,8,98
hash160,3,9,95
hash160,3,10,81
hash160,3,11,83
hash160,3,12,79
hash160,3,13,81
hash160,3,14,96
hash160,3,15,104
hash160,3,16,86
hash160,3,17,75
hash160,3,18,80
hash160,3,19,71
hash160,3,20,83
hash160,3,21,78
hash160,3,22,82
hash160,3,23,75
hash160,3,24,77
hash160,3,25,93
hash160,3,26,84
hash160,3,27,81
hash160,3,28,80
hash160,3,29,95
hash160,3,30,76
hash160,3,31,82
hash160,3,32,84
hash160,3,33,73
hash160,3,34,91
hash160,3,35,74
hash160,3,36,88
hash160,3,37,100
hash160,3,38,95
hash160,3,39,90
hash160,3,40,86
hash160,3,41,100
hash160,3,42,94
hash160,3,43,95
hash160,3,44,90
hash160,3,45,93
hash160,3,46,83
hash160,3,47,96
hash160,3,48,83
hash160,3,49,76
hash160,3,50,80
hash160,3,51,101
hash160,3,52,78
hash160,3,53,96
hash160,3,54,72
hash160,3,55,78
hash160,3,56,66
hash160,3,57,93
hash160,3,58,93
hash160,3,59,87
hash160,3,60,87
hash160,3,61,85
hash160,3,62,71
hash160,3,63,89
hash160,3,64,111
hash160,3,65,84
hash160,3,66,72
hash160,3,67,89
hash160,3,68,82
hash160,3,69,82
hash160,3,70,75
hash160,3,71,89
hash160,3,72,70
hash160,3,73,88
hash160,3,74,98
hash160,3,75,105
hash160,3,76,84
hash160,3,77,82
hash160,3,78,109
hash160,3,79,88
hash160,3,80,95
hash160,3,81,91
hash160,3,82,109
hash160,3,83,93
hash160,3,84,82
hash160,3,85,99
hash160,3,86,90
hash160,3,87,85
hash160,3,88,102
hash160,3,89,75
hash160,3,90,84
hash160,3,91,70
hash160,3,92,73
hash160,3,93,77
hash160,3,94,98
hash160,3,95,83
hash160,3,96,73
hash160,3,97,83
hash160,3,98,85
hash160,3,99,93
hash160,3,100,76
hash160,3,101,78
hash160,3,102,76
hash160,3,103,92
hash160,3,104,89
hash160,3,105,87
hash160,3,106,97
hash160,3,107,86
hash160,3,108,78
hash160,3,109,94
hash160,3,110,101
hash160,3,111,76
hash160,3,112,77
hash160,3,113,77
hash160,3,114,97
hash160,3,115,78
hash160,3,116,73
hash160,3,117,87
hash160,3,118,86
hash160,3,119,88
hash160,3,120,93
hash160,3,121,87
hash160,3,122,106
hash160,3,123,94
hash160,3,124,79
hash160,3,125,86
hash160,3,126,77
hash160,3,127,90
hash160,3,128,81
hash160,3,129,96
hash160,3,130,74
hash160,3,131,77
hash160,3,132,91
hash160,3,133,98
hash160,3,134,90
hash160,3,135,85
hash160,3,136,89
hash160,3,137,71
hash160,3,138,85
hash160,3,139,83
hash160,3,140,84
hash160,3,141,81
hash160,3,142,93
hash160,3,143,66
hash160,3,144,59
hash160,3,145,79
hash160,3,146,83
hash160,3,147,87
hash160,3,148,88
hash160,3,149,89
hash160,3,150,90
hash160,3,151,81
hash160,3,152,91
hash160,3,153,75
hash160,3,154,85
hash160,3,155,75
hash160,3,156,79
hash160,3,157,89
hash160,3,158,76
hash160,3,159,91
hash160,3,160,79
hash160,3,161,101
hash160,3,162,93
hash160,3,163,76
hash160,3,164,93
hash160,3,165,97
hash160,3,166,78
hash160,3,167,86
hash160,3,168,75
hash160,3,169,83
hash160,3,170,92
hash160,3,171,92
hash160,3,172,70
hash160,3,173,73
hash160,3,174,74
hash160,3,175,78
hash160,3,176,91
hash160,3,177,93
hash160,3,178,81
hash160,3,179,70
hash160,3,180,75
hash160,3,181,85
hash160,3,182,91
hash160,3,183,97
hash160,3,184,97
hash160,3,185,82
hash160,3,186,83
hash160,3,187,81
hash160,3,188,76
hash160,3,189,97
hash160,3,190,87
hash160,3,191,87
hash160,3,192,87
hash160,3,193,86
hash160,3,194,68
hash160,3,195,89
hash160,3,196,96
hash160,3,197,82
hash160,3,198,94
hash160,3,199,87
hash160,3,200,80
hash160,3,201,70
hash160,3,202,84
hash160,3,203,98
hash160,3,204,74
hash160,3,205,83
hash160,3,206,100
hash160,3,207,85
hash160,3,208,69
hash160,3,209,84
hash160,3,210,86
hash160,3,211,90
hash160,3,212,96
hash160,3,213,79
hash160,3,214,94
hash160,3,215,91
hash160,3,216,110
hash160,3,217,95
hash160,3,218,95
hash160,3,219,104
hash160,3,220,83
hash160,3,221,103
hash160,3,222,94
hash160,3,223,93
hash160,3,224,95
hash160,3,225,93
hash160,3,226,95
hash160,3,227,104
hash160,3,228,77
hash160,3,229,84
hash160,3,230,79
hash160,3,231,83
hash160,3,232,76
hash160,3,233,79
hash160,3,234,84
hash160,3,235,88
hash160,3,236,81
hash160,3,237,107
hash160,3,238,83
hash160,3,239,83
hash160,3,240,84
hash160,3,241,92
hash160,3,242,81
hash160,3,243,95
hash160,3,244,99
hash160,3,245,68
hash160,3,246,70
hash160,3,247,85
hash160,3,248,84
hash160,3,249,88
hash160,3,250,82
hash160,3,251,75
hash160,3,252,100
hash160,3,253,86
hash160,3,254,79
hash160,3,255,77
hash160,4,0,94
hash160,4,1,100
hash160,4,2,67
hash160,4,3,82
hash160,4,4,79
hash160,4,5,75
hash160,4,6,78
hash160,4,7,90
hash160,4,8,115
hash160,4,9,79
hash160,4,10,89
hash160,4,11,81
hash160,4,12,90
hash160,4,13,94
hash160,4,14,100
hash160,4,15,79
hash160,4,16,84
hash160,4,17,90
hash160,4,18,84
hash160,4,19,84
hash160,4,20,75
hash160,4,21,86
hash160,4,22,76
hash160,4,23,80
hash160,4,24,86
hash160,4,25,76
hash160,4,26,70
hash160,4,27,75
hash160,4,28,99
hash160,4,29,99
hash160,4,30,71
hash160,4,31,93
hash160,4,32,98
hash160,4,33,68
hash160,4,34,105
hash160,4,35,92
hash160,4,36,88
hash160,4,37,90
hash160,4,38,88
hash160,4,39,91
hash160,4,40,92
hash160,4,41,89
hash160,4,42,82
hash160,4,43,82
hash160,4,44,94
hash160,4,45,76
hash160,4,46,95
hash160,4,47,80
hash160,4,48,84
hash160,4,49,86
hash160,4,50,98
hash160,4,51,79
hash160,4,52,94
hash160,4,53,90
hash160,4,54,82
hash160,4,55,101
hash160,4,56,98
hash160,4,57,86
hash160,4,58,89
hash160,4,59,96
hash160,4,60,95
hash160,4,61,86
hash160,4,62,69
hash160,4,63,81
hash160,4,64,80
hash160,4,65,88
hash160,4,66,85
hash160,4,67,88
hash160,4,68,84
hash160,4,69,79
hash160,4,70,85
hash160,4,71,94
hash160,4,72,95
hash160,4,73,81
hash160,4,74,85
hash160,4,75,84
hash160,4,76,81
hash160,4,77,85
hash160,4,78,99
hash160,4,79,87
hash160,4,80,80
hash160,4,81,93
hash160,4,82,96
hash160,4,83,90
hash160,4,84,81
hash160,4,85,76
hash160,4,86,71
hash160,4,87,96
hash160,4,88,99
hash160,4,89,76
hash160,4,90,83
hash160,4,91,85
hash160,4,92,89
hash160,4,93,86
hash160,4,94,84
hash160,4,95,79
hash160,4,96,103
hash160,4,97,75
hash160,4,98,85
hash160,4,99,100
hash160,4,100,97
hash160,4,101,60
hash160,4,102,87
hash160,4,103,98
hash160,4,104,80
hash160,4,105,111
hash160,4,106,95
hash160,4,107,82
hash160,4,108,80
hash160,4,109,99
hash160,4,110,104
hash160,4,111,96
hash160,4,112,82
hash160,4,113,74
hash160,4,114,84
hash160,4,115,86
hash160,4,116,95
hash160,4,117,77
hash160,4,118,84
hash160,4,119,90
hash160,4,120,82
hash160,4,121,84
hash160,4,122,81
hash160,4,123,82
hash160,4,124,75
hash160,4,125,97
hash160,4,126,95
hash160,4,127,81
hash160,4,128,97
hash160,4,129,92
hash160,4,130,74
hash160,4,131,84
hash160,4,132,88
hash160,4,133,92
hash160,4,134,96
hash160,4,135,78
hash160,4,136,79
hash160,4,137,72
hash160,4,138,93
hash160,4,139,93
hash160,4,140,75
hash160,4,141,87
hash160,4,142,84
hash160,4,143,85
hash160,4,144,86
hash160,4,145,81
hash160,4,146,72
hash160,4,147,73
hash160,4,148,87
hash160,4,149,94
hash160,4,150,84
hash160,4,151,87
hash160,4,152,89
hash160,4,153,89
hash160,4,154,81
hash160,4,155,94
hash160,4,156,102
hash160,4,157,87
hash160,4,158,90
hash160,4,159,93
hash160,4,160,90
hash160,4,161,77
hash160,4,162,87
hash160,4,163,77
hash160,4,164,96
hash160,4,165,81
hash160,4,166,95
hash160,4,167,75
hash160,4,168,96
hash160,4,169,90
hash160,4,170,80
hash160,4,171,80
hash160,4,172,106
hash160,4,173,74
hash160,4,174,84
hash160,4,175,79
hash160,4,176,87
hash160,4,177,90
hash160,4,178,99
hash160,4,179,71
hash160,4,180,82
hash160,4,181,74
hash160,4,182,86
hash160,4,183,84
hash160,4,184,76
hash160,4,185,100
hash160,4,186,104
hash160,4,187,87
hash160,4,188,82
hash160,4,189,97
hash160,4,190,77
hash160,4,191,87
hash160,4,192,58
hash160,4,193,72
hash160,4,194,86
hash160,4,195,74
hash160,4,196,67
hash160,4,197,101
hash160,4,198,80
hash160,4,199,84
hash160,4,200,102
hash160,4,201,92
hash160,4,202,89
hash160,4,203,87
hash160,4,204,71
hash160,4,205,76
hash160,4,206,90
hash160,4,207,100
hash160,4,208,91
hash160,4,209,88
hash160,4,210,85
hash160,4,211,84
hash160,4,212,87
hash160,4,213,69
hash160,4,214,71
hash160,4,215,88
hash160,4,216,74
hash160,4,217,92
hash160,4,218,73
hash160,4,219,86
hash160,4,220,86
hash160,4,221,88
hash160,4,222,84
hash160,4,223,93
hash160,4,224,84
hash160,4,225,82
hash160,4,226,82
hash160,4,227,94
hash160,4,228,84
hash160,4,229,73
hash160,4,230,86
hash160,4,231,84
hash160,4,232,72
hash160,4,233,81
hash160,4,234,77
hash160,4,235,77
hash160,4,236,83
hash160,4,237,73
hash160,4,238,90
hash160,4,239,92
hash160,4,240,87
hash160,4,241,76
hash160,4,242,80
hash160,4,243,78
hash160,4,244,86
hash160,4,245,101
hash160,4,246,79
hash160,4,247,90
hash160,4,248,84
hash160,4,249,98
hash160,4,250,84
hash160,4,251,78
hash160,4,252,80
hash160,4,253,93
hash160,4,254,88
hash160,4,255,92
hash160,5,0,83
hash160,5,1,94
hash160,5,2,78
hash160,5,3,79
hash160,5,4,86
hash160,5,5,94
hash160,5,6,80
hash160,5,7,79
hash160,5,8,87
hash160,5,9,84
hash160,5,10,92
hash160,5,11,84
hash160,5,12,75
hash160,5,13,99
hash160,5,14,93
hash160,5,15,93
hash160,5,16,67
hash160,5,17,91
hash160,5,18,89
hash160,5,19,88
hash160,5,20,89
hash160,5,21,97
hash160,5,22,84
hash160,5,23,80
hash160,5,24,86
hash160,5,25,83
hash160,5,26,85
hash160,5,27,96
hash160,5,28,79
hash160,5,29,73
hash160,5,30,66
hash160,5,31,93
hash160,5,32,79
hash160,5,33,103
hash160,5,34,85
hash160,5,35,73
hash160,5,36,107
hash160,5,37,96
hash160,5,38,97
hash160,5,39,81
hash160,5,40,82
hash160,5,41,82
hash160,5,42,75
hash160,5,43,103
hash160,5,44,84
hash160,5,45,77
hash160,5,46,83
hash160,5,47,109
hash160,5,48,85
hash160,5,49,87
hash160,5,50,70
hash160,5,51,91
hash160,5,52,75
hash160,5,53,84
hash160,5,54,94
hash160,5,55,99
hash160,5,56,81
hash160,5,57,83
hash160,5,58,89
hash160,5,59,79
hash160,5,60,80
hash160,5,61,82
hash160,5,62,88
hash160,5,63,78
hash160,5,64,77
hash160,5,65,62
hash160,5,66,78
hash160,5,67,83
hash160,5,68,97
hash160,5,69,75
hash160,5,70,82
hash160,5,71,84
hash160,5,72,79
hash160,5,73,100
hash160,5,74,101
hash160,5,75,96
hash160,5,76,91
hash160,5,77,80
hash160,5,78,77
hash160,5,79,89
hash160,5,80,77
hash160,5,81,85
hash160,5,82,81
hash160,5,83,74
hash160,5,84,93
hash160,5,85,101
hash160,5,86,76
hash160,5,87,109
hash160,5,88,73
hash160,5,89,97
hash160,5,90,86
hash160,5,91,74
hash160,5,92,90
hash160,5,93,75
hash160,5,94,93
hash160,5,95,96
hash160,5,96,85
hash160,5,97,88
hash160,5,98,101
hash160,5,99,89
hash160,5,100,76
hash160,5,101,86
hash160,5,102,79
hash160,5,103,81
hash160,5,104,84
hash160,5,105,84
hash160,5,106,93
hash160,5,107,79
hash160,5,108,77
hash160,5,109,94
hash160,5,110,75
hash160,5,111,96
hash160,5,112,82
hash160,5,113,79
hash160,5,114,83
hash160,5,115,86
hash160,5,116,82
hash160,5,117,87
hash160,5,118,67
hash160,5,119,80
hash160,5,120,91
hash160,5,121,101
hash160,5,122,80
hash160,5,123,91
hash160,5,124,85
hash160,5,125,84
hash160,5,126,83
hash160,5,127,90
hash160,5,128,71
hash160,5,129,90
hash160,5,130,87
hash160,5,131,73
hash160,5,132,89
hash160,5,133,81
hash160,5,134,75
hash160,5,135,86
hash160,5,136,81
hash160,5,137,99
hash160,5,138,76
hash160,5,139,94
hash160,5,140,78
hash160,5,141,86
hash160,5,142,78
hash160,5,143,82
hash160,5,144,77
hash160,5,145,100
hash160,5,146,84
hash160,5,147,81
hash160,5,148,89
hash160,5,149,98
hash160,5,150,94
hash160,5,151,75
hash160,5,152,87
hash160,5,153,97
hash160,5,154,99
hash160,5,155,74
hash160,5,156,99
hash160,5,157,83
hash160,5,158,84
hash160,5,159,90
hash160,5,160,71
hash160,5,161,94
hash160,5,162,71
hash160,5,163,81
hash160,5,164,92
hash160,5,165,82
hash160,5,166,104
hash160,5,167,76
hash160,5,168,89
hash160,5,169,74
hash160,5,170,85
hash160,5,171,81
hash160,5,172,89
hash160,5,173,84
hash160,5,174,78
hash160,5,175,74
hash160,5,176,107
hash160,5,177,84
hash160,5,178,73
hash160,5,179,96
hash160,5,180,93
hash160,5,181,86
hash160,5,182,107
hash160,5,183,74
hash160,5,184,87
hash160,5,185,89
hash160,5,186,71
hash160,5,187,96
hash160,5,188,82
hash160,5,189,71
hash160,5,190,90
hash160,5,191,86
hash160,5,192,90
hash160,5,193,80
hash160,5,194,81
hash160,5,195,96
hash160,5,196,85
hash160,5,197,89
hash160,5,198,112
hash160,5,199,86
hash160,5,200,94
hash160,5,201,96
hash160,5,202,90
hash160,5,203,79
hash160,5,204,80
hash160,5,205,97
hash160,5,206,87
hash160,5,207,92
hash160,5,208,91
hash160,5,209,93
hash160,5,210,98
hash160,5,211,76
hash160,5,212,99
hash160,5,213,70
hash160,5,214,87
hash160,5,215,96
hash160,5,216,98
hash160,5,217,97
hash160,5,218,83
hash160,5,219,82
hash160,5,220,82
hash160,5,221,90
hash160,5,222,102
hash160,5,223,91
hash160,5,224,95
hash160,5,225,82
hash160,5,226,82
hash160,5,227,90
hash160,5,228,79
hash160,5,229,69
hash160,5,230,85
hash160,5,231,79
hash160,5,232,77
hash160,5,233,87
hash160,5,234,79
hash160,5,235,82
hash160,5,236,83
hash160,5,237,88
hash160,5,238,86
hash160,5,239,94
hash160,5,240,89
hash160,5,241,83
hash160,5,242,60
hash160,5,243,82
hash160,5,244,71
hash160,5,245,83
hash160,5,246,95
hash160,5,247,95
hash160,5,248,88
hash160,5,249,94
hash160,5,250,78
hash160,5,251,90
hash160,5,252,88
hash160,5,253,97
hash160,5,254,76
hash160,5,255,88
hash160,6,0,92
hash160,6,1,80
hash160,6,2,80
hash160,6,3,91
hash160,6,4,80
hash160,6,5,92
hash160,6,6,87
hash160,6,7,90
hash160,6,8,78
hash160,6,9,95
hash160,6,10,89
hash160,6,11,78
hash160,6,12,82
hash160,6,13,69
hash160,6,14,92
hash160,6,15,102
hash160,6,16,94
hash160,6,17,97
hash160,6,18,80
hash160,6,19,83
hash160,6,20,93
hash160,6,21,87
hash160,6,22,75
hash160,6,23,97
hash160,6,24,74
hash160,6,25,99
hash160,6,26,72
hash160,6,27,81
hash160,6,28,69
hash160,6,29,102
hash160,6,30,90
hash160,6,31,82
hash160,6,32,63
hash160,6,33,77
hash160,6,34,81
hash160,6,35,84
hash160,6,36,68
hash160,6,37,71
hash160,6,38,87
hash160,6,39,95
hash160,6,40,101
hash160,6,41,89
hash160,6,42,98
hash160,6,43,83
hash160,6,44,89
hash160,6,45,79
hash160,6,46,63
hash160,6,47,78
hash160,6,48,84
hash160,6,49,69
hash160,6,50,91
hash160,6,51,85
hash160,6,52,97
hash160,6,53,100
hash160,6,54,81
hash160,6,55,81
hash160,6,56,86
hash160,6,57,79
hash160,6,58,89
hash160,6,59,90
hash160,6,60,92
hash160,6,61,78
hash160,6,62,97
hash160,6,63,81
hash160,6,64,94
hash160,6,65,87
hash160,6,66,92
hash160,6,67,87
hash160,6,68,77
hash160,6,69,101
hash160,6,70,94
hash160,6,71,101
hash160,6,72,93
hash160,6,73,86
hash160,6,74,72
hash160,6,75,90
hash160,6,76,95
hash160,6,77,91
hash160,6,78,87
hash160,6,79,90
hash160,6,80,90
hash160,6,81,78
hash160,6,82,94
hash160,6,83,90
hash160,6,84,83
hash160,6,85,79
hash160,6,86,90
hash160,6,87,73
hash160,6,88,86
hash160,6,89,87
hash160,6,90,79
hash160,6,91,73
hash160,6,92,95
hash160,6,93,95
hash160,6,94,95
hash160,6,95,80
hash160,6,96,91
hash160,6,97,88
hash160,6,98,80
hash160,6,99,86
hash160,6,100,106
hash160,6,101,68
hash160,6,102,71
hash160,6,103,76
hash160,6,104,91
hash160,6,105,103
hash160,6,106,112
hash160,6,107,88
hash160,6,108,102
hash160,6,109,102
hash160,6,110,94
hash160,6,111,91
hash160,6,112,75
hash160,6,113,83
hash160,6,114,78
hash160,6,115,97
hash160,6,116,96
hash160,6,117,103
hash160,6,118,94
hash160,6,119,93
hash160,6,120,99
hash160,6,121,85
hash160,6,122,71
hash160,6,123,94
hash160,6,124,65
hash160,6,125,88
hash160,6,126,87
hash160,6,127,78
hash160,6,128,74
hash160,6,129,81
hash160,6,130,97
hash160,6,131,69
hash160,6,132,80
hash160,6,133,83
hash160,6,134,76
hash160,6,135,91
hash160,6,136,75
hash160,6,137,99
hash160,6,138,84
hash160,6,139,83
hash160,6,140,103
hash160,6,141,90
hash160,6,142,79
hash160,6,143,89
hash160,6,144,89
hash160,6,145,93
hash160,6,146,71
hash160,6,147,65
hash160,6,148,78
hash160,6,149,96
hash160,6,150,85
hash160,6,151,82
hash160,6,152,72
hash160,6,153,94
hash160,6,154,77
hash160,6,155,83
hash160,6,156,90
hash160,6,157,87
hash160,6,158,95
hash160,6,159,86
hash160,6,160,78
hash160,6,161,93
hash160,6,162,86
hash160,6,163,72
hash160,6,164,79
hash160,6,165,85
hash160,6,166,70
hash160,6,167,84
hash160,6,168,82
hash160,6,169,100
hash160,6,170,87
hash160,6,171,69
hash160,6,172,95
hash160,6,173,79
hash160,6,174,103
hash160,6,175,84
hash160,6,176,95
hash160,6,177,78
hash160,6,178,81
hash160,6,179,84
hash160,6,180,79
hash160,6,181,87
hash160,6,182,87
hash160,6,183,85
hash160,6,184,86
hash160,6,185,81
hash160,6,186,75
hash160,6,187,83
hash160,6,188,89
hash160,6,189,98
hash160,6,190,77
hash160,6,191,70
hash160,6,192,71
hash160,6,193,89
hash160,6,194,100
hash160,6,195,84
hash160,6,196,92
hash160,6,197,94
hash160,6,198,90
hash160,6,199,89
hash160,6,200,77
hash160,6,201,97
hash160,6,202,79
hash160,6,203,91
hash160,6,204,90
hash160,6,205,79
hash160,6,206,96
hash160,6,207,96
hash160,6,208,90
hash160,6,209,87
hash160,6,210,84
hash160,6,211,98
hash160,6,212,75
hash160,6,213,112
hash160,6,214,68
hash160,6,215,75
hash160,6,216,93
hash160,6,217,106
hash160,6,218,74
hash160,6,219,92
hash160,6,220,75
hash160,6,221,89
hash160,6,222,95
hash160,6,223,87
hash160,6,224,72
hash160,6,225,86
hash160,6,226,73
hash160,6,227,86
hash160,6,228,90
hash160,6,229,73
hash160,6,230,85
hash160,6,231,81
hash160,6,232,88
hash160,6,233,97
hash160,6,234,98
hash160,6,235,91
hash160,6,236,97
hash160,6,237,94
hash160,6,238,87
hash160,6,239,77
hash160,6,240,92
hash160,6,241,79
hash160,6,242,90
hash160,6,243,82
hash160,6,244,75
hash160,6,245,89
hash160,6,246,86
hash160,6,247,87
hash160,6,248,73
hash160,6,249,72
hash160,6,250,84
hash160,6,251,82
hash160,6,252,75
hash160,6,253,84
hash160,6,254,73
hash160,6,255,87
hash160,7,0,84
hash160,7,1,75
hash160,7,2,86
hash160,7,3,91
hash160,7,4,91
hash160,7,5,102
hash160,7,6,74
hash160,7,7,65
hash160,7,8,97
hash160,7,9,86
hash160,7,10,95
hash160,7,11,78
hash160,7,12,89
hash160,7,13,86
hash160,7,14,86
hash160,7,15,93
hash160,7,16,86
hash160,7,17,81
hash160,7,18,89
hash160,7,19,92
hash160,7,20,97
hash160,7,21,100
hash160,7,22,87
hash160,7,23,100
hash160,7,24,74
hash160,7,25,86
hash160,7,26,82
hash160,7,27,80
hash160,7,28,82
hash160,7,29,93
hash160,7,30,81
hash160,7,31,87
hash160,7,32,84
hash160,7,33,78
hash160,7,34,103
hash160,7,35,67
hash160,7,36,91
hash160,7,37,85
hash160,7,38,100
hash160,7,39,78
hash160,7,40,92
hash160,7,41,92
hash160,7,42,106
hash160,7,43,81
hash160,7,44,84
hash160,7,45,78
hash160,7,46,94
hash160,7,47,70
hash160,7,48,79
hash160,7,49,98
hash160,7,50,81
hash160,7,51,88
hash160,7,52,77
hash160,7,53,95
hash160,7,54,99
hash160,7,55,92
hash160,7,56,92
hash160,7,57,86
hash160,7,58,82
hash160,7,59,68
hash160,7,60,82
hash160,7,61,89
hash160,7,62,87
hash160,7,63,98
hash160,7,64,96
hash160,7,65,71
hash160,7,66,90
hash160,7,67,76
hash160,7,68,85
hash160,7,69,76
hash160,7,70,94
hash160,7,71,85
hash160,7,72,80
hash160,7,73,96
hash160,7,74,80
hash160,7,75,90
hash160,7,76,78
hash160,7,77,96
hash160,7,78,99
hash160,7,79,90
hash160,7,80,100
hash160,7,81,89
hash160,7,82,81
hash160,7,83,68
hash160,7,84,100
hash160,7,85,92
hash160,7,86,94
hash160,7,87,81
hash160,7,88,82
hash160,7,89,76
hash160,7,90,90
hash160,7,91,83
hash160,7,92,80
hash160,7,93,88
hash160,7,94,65
hash160,7,95,108
hash160,7,96,92
hash160,7,97,97
hash160,7,98,81
hash160,7,99,97
hash160,7,100,102
hash160,7,101,82
hash160,7,102,78
hash160,7,103,72
hash160,7,104,87
hash160,7,105,74
hash160,7,106,84
hash160,7,107,83
hash160,7,108,84
hash160,7,109,93
hash160,7,110,91
hash160,7,111,85
hash160,7,112,98
hash160,7,113,92
hash160,7,114,79
hash160,7,115,78
hash160,7,116,81
hash160,7,117,78
hash160,7,118,88
hash160,7,119,98
hash160,7,120,78
hash160,7,121,76
hash160,7,122,82
hash160,7,123,103
hash160,7,124,74
hash160,7,125,90
hash160,7,126,91
hash160,7,127,83
hash160,7,128,77
hash160,7,129,93
hash160,7,130,93
hash160,7,131,84
hash160,7,132,85
hash160,7,133,79
hash160,7,134,92
hash160,7,135,93
hash160,7,136,95
hash160,7,137,92
hash160,7,138,81
hash160,7,139,80
hash160,7,140,74
hash160,7,141,91
hash160,7,142,74
hash160,7,143,82
hash160,7,144,94
hash160,7,145,78
hash160,7,146,81
hash160,7,147,79
hash160,7,148,81
hash160,7,149,83
hash160,7,150,85
hash160,7,151,94
hash160,7,152,87
hash160,7,153,92
hash160,7,154,77
hash160,7,155,78
hash160,7,156,86
hash160,7,157,71
hash160,7,158,94
hash160,7,159,88
hash160,7,160,86
hash160,7,161,88
hash160,7,162,73
hash160,7,163,88
hash160,7,164,87
hash160,7,165,73
hash160,7,166,78
hash160,7,167,65
hash160,7,168,95
hash160,7,169,89
hash160,7,170,88
hash160,7,171,83
hash160,7,172,87
hash160,7,173,83
hash160,7,174,86
hash160,7,175,91
hash160,7,176,79
hash160,7,177,85
hash160,7,178,95
hash160,7,179,94
hash160,7,180,94
hash160,7,181,88
hash160,7,182,63
hash160,7,183,85
hash160,7,184,86
hash160,7,185,89
hash160,7,186,81
hash160,7,187,78
hash160,7,188,81
hash160,7,189,94
hash160,7,190,96
hash160,7,191,87
hash160,7,192,78
hash160,7,193,79
hash160,7,194,77
hash160,7,195,80
hash160,7,196,80
hash160,7,197,71
hash160,7,198,67
hash160,7,199,88
hash160,7,200,74
hash160,7,201,95
hash160,7,202,83
hash160,7,203,70
hash160,7,204,73
hash160,7,205,99
hash160,7,206,93
hash160,7,207,95
hash160,7,208,87
hash160,7,209,87
hash160,7,210,100
hash160,7,211,71
hash160,7,212,85
hash160,7,213,88
hash160,7,214,91
hash160,7,215,93
hash160,7,216,87
hash160,7,217,72
hash160,7,218,91
hash160,7,219,82
hash160,7,220,78
hash160,7,221,91
hash160,7,222,91
hash160,7,223,84
hash160,7,224,103
hash160,7,225,86
hash160,7,226,73
hash160,7,227,86
hash160,7,228,92
hash160,7,229,70
hash160,7,230,81
hash160,7,231,95
hash160,7,232,85
hash160,7,233,82
hash160,7,234,84
hash160,7,235,110
hash160,7,236,83
hash160,7,237,84
hash160,7,238,88
hash160,7,239,85
hash160,7,240,79
hash160,7,241,89
hash160,7,242,80
hash160,7,243,100
hash160,7,244,84
hash160,7,245,79
hash160,7,246,83
hash160,7,247,88
hash160,7,248,111
hash160,7,249,76
hash160,7,250,92
hash160,7,251,73
hash160,7,252,82
hash160,7,253,103
hash160,7,254,96
hash160,7,255,82
hash160,8,0,87
hash160,8,1,89
hash160,8,2,78
hash160,8,3,79
hash160,8,4,79
hash160,8,5,101
hash160,8,6,81
hash160,8,7,70
hash160,8,8,82
hash160,8,9,94
hash160,8,10,73
hash160,8,11,57
hash160,8,12,84
hash160,8,13,73
hash160,8,14,83
hash160,8,15,85
hash160,8,16,104
hash160,8,17,83
hash160,8,18,91
hash160,8,19,92
hash160,8,20,70
hash160,8,21,84
hash160,8,22,71
hash160,8,23,92
hash160,8,24,101
hash160,8,25,75
hash160,8,26,84
hash160,8,27,83
hash160,8,28,80
hash160,8,29,90
hash160,8,30,79
hash160,8,31,83
hash160,8,32,102
hash160,8,33,79
hash160,8,34,96
hash160,8,35,104
hash160,8,36,74
hash160,8,37,88
hash160,8,38,94
hash160,8,39,76
hash160,8,40,86
hash160,8,41,78
hash160,8,42,88
hash160,8,43,81
hash160,8,44,91
hash160,8,45,87
hash160,8,46,85
hash160,8,47,73
hash160,8,48,89
hash160,8,49,89
hash160,8,50,76
hash160,8,51,73
hash160,8,52,76
hash160,8,53,75
hash160,8,54,93
hash160,8,55,91
hash160,8,56,83
hash160,8,57,97
hash160,8,58,90
hash160,8,59,70
hash160,8,60,77
hash160,8,61,85
hash160,8,62,75
hash160,8,63,76
hash160,8,64,83
hash160,8,65,95
hash160,8,66,87
hash160,8,67,76
hash160,8,68,90
hash160,8,69,93
hash160,8,70,83
hash160,8,71,84
hash160,8,72,80
hash160,8,73,86
hash160,8,74,103
hash160,8,75,69
hash160,8,76,81
hash160,8,77,80
hash160,8,78,74
hash160,8,79,88
hash160,8,80,84
hash160,8,81,71
hash160,8,82,94
hash160,8,83,89
hash160,8,84,86
hash160,8,85,93
hash160,8,86,95
hash160,8,87,91
hash160,8,88,92
hash160,8,89,89
hash160,8,90,115
hash160,8,91,87
hash160,8,92,99
hash160,8,93,69
hash160,8,94,91
hash160,8,95,85
hash160,8,96,84
hash160,8,97,96
hash160,8,98,100
hash160,8,99,86
hash160,8,100,78
hash160,8,101,79
hash160,8,102,93
hash160,8,103,82
hash160,8,104,91
hash160,8,105,72
hash160,8,106,83
hash160,8,107,93
hash160,8,108,94
hash160,8,109,87
hash160,8,110,72
hash160,8,111,96
hash160,8,112,88
hash160,8,113,75
hash160,8,114,84
hash160,8,115,80
hash160,8,116,85
hash160,8,117,77
hash160,8,118,81
hash160,8,119,78
hash160,8,120,84
hash160,8,121,87
hash160,8,122,68
hash160,8,123,84
hash160,8,124,84
hash160,8,125,106
hash160,8,126,74
hash160,8,127,77
hash160,8,128,86
hash160,8,129,104
hash160,8,130,87
hash160,8,131,98
hash160,8,132,89
hash160,8,133,75
hash160,8,134,119
hash160,8,135,92
hash160,8,136,70
hash160,8,137,88
hash160,8,138,72
hash160,8,139,91
hash160,8,140,92
hash160,8,141,96
hash160,8,142,91
hash160,8,143,78
hash160,8,144,94
hash160,8,145,79
hash160,8,146,68
hash160,8,147,89
hash160,8,148,87
hash160,8,149,77
hash160,8,150,103
hash160,8,151,84
hash160,8,152,100
hash160,8,153,103
hash160,8,154,87
hash160,8,155,88
hash160,8,156,87
hash160,8,157,78
hash160,8,158,86
hash160,8,159,77
hash160,8,160,96
hash160,8,161,91
hash160,8,162,101
hash160,8,163,74
hash160,8,164,93
hash160,8,165,80
hash160,8,166,81
hash160,8,167,95
hash160,8,168,81
hash160,8,169,93
hash160,8,170,90
hash160,8,171,85
hash160,8,172,100
hash160,8,173,76
hash160,8,174,73
hash160,8,175,86
hash160,8,176,82
hash160,8,177,95
hash160,8,178,101
hash160,8,179,77
hash160,8,180,91
hash160,8,181,70
hash160,8,182,78
hash160,8,183,75
hash160,8,184,89
hash160,8,185,97
hash160,8,186,76
hash160,8,187,83
hash160,8,188,72
hash160,8,189,77
hash160,8,190,82
hash160,8,191,100
hash160,8,192,83
hash160,8,193,90
hash160,8,194,91
hash160,8,195,97
hash160,8,196,71
hash160,8,197,76
hash160,8,198,83
hash160,8,199,85
hash160,8,200,82
hash160,8,201,76
hash160,8,202,91
hash160,8,203,87
hash160,8,204,88
hash160,8,205,82
hash160,8,206,81
hash160,8,207,68
hash160,8,208,70
hash160,8,209,107
hash160,8,210,76
hash160,8,211,94
hash160,8,212,112
hash160,8,213,91
hash160,8,214,95
hash160,8,215,96
hash160,8,216,98
hash160,8,217,93
hash160,8,218,95
hash160,8,219,84
hash160,8,220,81
hash160,8,221,86
hash160,8,222,85
hash160,8,223,70
hash160,8,224,85
hash160,8,225,85
hash160,8,226,81
hash160,8,227,100
hash160,8,228,98
hash160,8,229,83
hash160,8,230,86
hash160,8,231,93
hash160,8,232,94
hash160,8,233,95
hash160,8,234,89
hash160,8,235,89
hash160,8,236,86
hash160,8,237,97
hash160,8,238,75
hash160,8,239,79
hash160,8,240,85
hash160,8,241,96
hash160,8,242,78
hash160,8,243,88
hash160,8,244,97
hash160,8,245,95
hash160,8,246,87
hash160,8,247,81
hash160,8,248,73
hash160,8,249,83
hash160,8,250,86
hash160,8,251,93
hash160,8,252,84
hash160,8,253,81
hash160,8,254,91
hash160,8,255,87
hash160,9,0,76
hash160,9,1,92
hash160,9,2,81
hash160,9,3,101
hash160,9,4,84
hash160,9,5,87
hash160,9,6,89
hash160,9,7,87
hash160,9,8,83
hash160,9,9,65
hash160,9,10,88
hash160,9,11,89
hash160,9,12,80
hash160,9,13,90
hash160,9,14,76
hash160,9,15,94
hash160,9,16,94
hash160,9,17,79
hash160,9,18,89
hash160,9,19,101
hash160,9,20,88
hash160,9,21,84
hash160,9,22,87
hash160,9,23,81
hash160,9,24,86
hash160,9,25,83
hash160,9,26,95
hash160,9,27,92
hash160,9,28,70
hash160,9,29,83
hash160,9,30,113
hash160,9,31,92
hash160,9,32,82
hash160,9,33,96
hash160,9,34,78
hash160,9,35,83
hash160,9,36,60
hash160,9,37,87
hash160,9,38,90
hash160,9,39,91
hash160,9,40,93
hash160,9,41,93
hash160,9,42,84
hash160,9,43,78
hash160,9,44,99
hash160,9,45,94
hash160,9,46,85
hash160,9,47,69
hash160,9,48,68
hash160,9,49,91
hash160,9,50,84
hash160,9,51,100
hash160,9,52,77
hash160,9,53,71
hash160,9,54,93
hash160,9,55,81
hash160,9,56,85
hash160,9,57,85
hash160,9,58,85
hash160,9,59,68
hash160,9,60,87
hash160,9,61,76
hash160,9,62,86
hash160,9,63,83
hash160,9,64,89
hash160,9,65,93
hash160,9,66,82
hash160,9,67,81
hash160,9,68,87
hash160,9,69,87
hash160,9,70,95
hash160,9,71,98
hash160,9,72,102
hash160,9,73,78
hash160,9,74,71
hash160,9,75,88
hash160,9,76,92
hash160,9,77,90
hash160,9,78,80
hash160,9,79,95
hash160,9,80,89
hash160,9,81,73
hash160,9,82,84
hash160,9,83,86
hash160,9,84,85
hash160,9,85,94
hash160,9,86,86
hash160,9,87,88
hash160,9,88,81
hash160,9,89,83
hash160,9,90,82
hash160,9,91,85
hash160,9,92,81
hash160,9,93,89
hash160,9,94,75
hash160,9,95,100
hash160,9,96,84
hash160,9,97,65
hash160,9,98,105
hash160,9,99,85
hash160,9,100,72
hash160,9,101,78
hash160,9,102,77
hash160,9,103,76
hash160,9,104,93
hash160,9,105,82
hash160,9,106,94
hash160,9,107,89
hash160,9,108,92
hash160,9,109,78
hash160,9,110,92
hash160,9,111,93
hash160,9,112,73
hash160,9,113,86
hash160,9,114,59
hash160,9,115,72
hash160,9,116,88
hash160,9,117,83
hash160,9,118,84
hash160,9,119,81
hash160,9,120,66
hash160,9,121,85
hash160,9,122,87
hash160,9,123,79
hash160,9,124,99
hash160,9,125,86
hash160,9,126,75
hash160,9,127,74
hash160,9,128,85
hash160,9,129,61
hash160,9,130,84
hash160,9,131,96
hash160,9,132,87
hash160,9,133,83
hash160,9,134,87
hash160,9,135,97
hash160,9,136,84
hash160,9,137,90
hash160,9,138,88
hash160,9,139,86
hash160,9,140,85
hash160,9,141,88
hash160,9,142,89
hash160,9,143,89
hash160,9,144,91
hash160,9,145,79
hash160,9,146,74
hash160,9,147,82
hash160,9,148,94
hash160,9,149,73
hash160,9,150,87
hash160,9,151,75
hash160,9,152,86
hash160,9,153,85
hash160,9,154,97
hash160,9,155,68
hash160,9,156,83
hash160,9,157,81
hash160,9,158,96
hash160,9,159,82
hash160,9,160,75
hash160,9,161,93
hash160,9,162,104
hash160,9,163,83
hash160,9,164,90
hash160,9,165,100
hash160,9,166,94
hash160,9,167,88
hash160,9,168,82
hash160,9,169,76
hash160,9,170,101
hash160,9,171,76
hash160,9,172,77
hash160,9,173,98
hash160,9,174,104
hash160,9,175,90
hash160,9,176,77
hash160,9,177,86
hash160,9,178,75
hash160,9,179,87
hash160,9,180,94
hash160,9,181,80
hash160,9,182,82
hash160,9,183,83
hash160,9,184,67
hash160,9,185,103
hash160,9,186,87
hash160,9,187,77
hash160,9,188,81
hash160,9,189,104
hash160,9,190,77
hash160,9,191,87
hash160,9,192,86
hash160,9,193,74
hash160,9,194,91
hash160,9,195,88
hash160,9,196,111
hash160,9,197,85
hash160,9,198,101
hash160,9,199,84
hash160,9,200,77
hash160,9,201,84
hash160,9,202,91
hash160,9,203,78
hash160,9,204,74
hash160,9,205,83
hash160,9,206,78
hash160,9,207,80
hash160,9,208,82
hash160,9,209,94
hash160,9,210,84
hash160,9,211,90
hash160,9,212,93
hash160,9,213,99
hash160,9,214,94
hash160,9,215,104
hash160,9,216,90
hash160,9,217,93
hash160,9,218,80
hash160,9,219,87
hash160,9,220,100
hash160,9,221,83
hash160,9,222,80
hash160,9,223,85
hash160,9,224,91
hash160,9,225,80
hash160,9,226,94
hash160,9,227,94
hash160,9,228,76
hash160,9,229,91
hash160,9,230,90
hash160,9,231,95
hash160,9,232,74
hash160,9,233,101
hash160,9,234,84
hash160,9,235,81
hash160,9,236,77
hash160,9,237,82
hash160,9,238,89
hash160,9,239,94
hash160,9,240,102
hash160,9,241,94
hash160,9,242,84
hash160,9,243,94
hash160,9,244,78
hash160,9,245,96
hash160,9,246,76
hash160,9,247,79
hash160,9,248,88
hash160,9,249,118
hash160,9,250,72
hash160,9,251,76
hash160,9,252,95
hash160,9,253,91
hash160,9,254,89
hash160,9,255,73
hash160,10,0,99
hash160,10,1,76
hash160,10,2,88
hash160,10,3,88
hash160,10,4,87
hash160,10,5,90
hash160,10,6,91
hash160,10,7,77
hash160,10,8,86
hash160,10,9,77
hash160,10,10,83
hash160,10,11,81
hash160,10,12,79
hash160,10,13,89
hash160,10,14,88
hash160,10,15,87
hash160,10,16,78
hash160,10,17,71
hash160,10,18,95
hash160,10,19,85
hash160,10,20,84
hash160,10,21,83
hash160,10,22,86
hash160,10,23,74
hash160,10,24,86
hash160,10,25,86
hash160,10,26,100
hash160,10,27,79
hash160,10,28,79
hash160,10,29,87
hash160,10,30,99
hash160,10,31,86
hash160,10,32,94
hash160,10,33,84
hash160,10,34,99
hash160,10,35,86
hash160,10,36,91
hash160,10,37,71
hash160,10,38,81
hash160,10,39,95
hash160,10,40,94
hash160,10,41,85
hash160,10,42,90
hash160,10,43,84
hash160,10,44,88
hash160,10,45,90
hash160,10,46,91
hash160,10,47,91
hash160,10,48,86
hash160,10,49,74
hash160,10,50,82
hash160,10,51,85
hash160,10,52,76
hash160,10,53,78
hash160,10,54,98
hash160,10,55,88
hash160,10,56,63
hash160,10,57,78
hash160,10,58,86
hash160,10,59,95
hash160,10,60,84
hash160,10,61,92
hash160,10,62,94
hash160,10,63,78
hash160,10,64,88
hash160,10,65,86
hash160,10,66,85
hash160,10,67,85
hash160,10,68,86
hash160,10,69,91
hash160,10,70,94
hash160,10,71,76
hash160,10,72,76
hash160,10,73,87
hash160,10,74,82
hash160,10,75,87
hash160,10,76,77
hash160,10,77,77
hash160,10,78,87
hash160,10,79,92
hash160,10,80,90
hash160,10,81,96
hash160,10,82,85
hash160,10,83,80
hash160,10,84,86
hash160,10,85,86
hash160,10,86,85
hash160,10,87,84
hash160,10,88,101
hash160,10,89,95
hash160,10,90,89
hash160,10,91,98
hash160,10,92,94
hash160,10,93,82
hash160,10,94,85
hash160,10,95,80
hash160,10,96,72
hash160,10,97,97
hash160,10,98,79
hash160,10,99,78
hash160,10,100,93
hash160,10,101,83
hash160,10,102,102
hash160,10,103,94
hash160,10,104,77
hash160,10,105,84
hash160,10,106,85
hash160,10,107,81
hash160,10,108,73
hash160,10,109,84
hash160,10,110,79
hash160,10,111,83
hash160,10,112,88
hash160,10,113,83
hash160,10,114,93
hash160,10,115,83
hash160,10,116,99
hash160,10,117,82
hash160,10,118,86
hash160,10,119,86
hash160,10,120,83
hash160,10,121,101
hash160,10,122,85
hash160,10,123,100
hash160,10,124,85
hash160,10,125,84
hash160,10,126,86
hash160,10,127,79
hash160,10,128,72
hash160,10,129,98
hash160,10,130,61
hash160,10,131,95
hash160,10,132,65
hash160,10,133,83
hash160,10,134,68
hash160,10,135,85
hash160,10,136,90
hash160,10,137,102
hash160,10,138,91
hash160,10,139,69
hash160,10,140,82
hash160,10,141,78
hash160,10,142,82
hash160,10,143,75
hash160,10,144,78
hash160,10,145,96
hash160,10,146,78
hash160,10,147,87
hash160,10,148,77
hash160,10,149,79
hash160,10,150,104
hash160,10,151,101
hash160,10,152,71
hash160,10,153,98
hash160,10,154,91
hash160,10,155,69
hash160,10,156,90
hash160,10,157,76
hash160,10,158,77
hash160,10,159,80
hash160,10,160,89
hash160,10,161,84
hash160,10,162,98
hash160,10,163,76
hash160,10,164,76
hash160,10,165,73
hash160,10,166,86
hash160,10,167,97
hash160,10,168,104
hash160,10,169,76
hash160,10,170,84
hash160,10,171,90
hash160,10,172,109
hash160,10,173,89
hash160,10,174,72
hash160,10,175,76
hash160,10,176,80
hash160,10,177,86
hash160,10,178,81
hash160,10,179,92
hash160,10,180,71
hash160,10,181,89
hash160,10,182,99
hash160,10,183,79
hash160,10,184,88
hash160,10,185,95
hash160,10,186,89
hash160,10,187,97
hash160,10,188,98
hash160,10,189,90
hash160,10,190,94
hash160,10,191,93
hash160,10,192,74
hash160,10,193,98
hash160,10,194,79
hash160,10,195,95
hash160,10,196,111
hash160,10,197,88
hash160,10,198,87
hash160,10,199,72
hash160,10,200,79
hash160,10,201,96
hash160,10,202,89
hash160,10,203,86
hash160,10,204,84
hash160,10,205,91
hash160,10,206,96
hash160,10,207,83
hash160,10,208,78
hash160,10,209,102
hash160,10,210,86
hash160,10,211,82
hash160,10,212,94
hash160,10,213,101
hash160,10,214,88
hash160,10,215,72
hash160,10,216,89
hash160,10,217,87
hash160,10,218,66
hash160,10,219,101
hash160,10,220,85
hash160,10,221,85
hash160,10,222,90
hash160,10,223,89
hash160,10,224,89
hash160,10,225,88
hash160,10,226,70
hash160,10,227,87
hash160,10,228,75
hash160,10,229,72
hash160,10,230,90
hash160,10,231,82
hash160,10,232,84
hash160,10,233,72
hash160,10,234,91
hash160,10,235,68
hash160,10,236,96
hash160,10,237,90
hash160,10,238,91
hash160,10,239,89
hash160,10,240,80
hash160,10,241,89
hash160,10,242,88
hash160,10,243,78
hash160,10,244,77
hash160,10,245,104
hash160,10,246,88
hash160,10,247,84
hash160,10,248,85
hash160,10,249,86
hash160,10,250,79
hash160,10,251,79
hash160,10,252,92
hash160,10,253,82
hash160,10,254,79
hash160,10,255,104
hash160,11,0,90
hash160,11,1,81
hash160,11,2,107
hash160,11,3,74
hash160,11,4,92
hash160,11,5,61
hash160,11,6,104
hash160,11,7,84
hash160,11,8,96
hash160,11,9,87
hash160,11,10,76
hash160,11,11,94
hash160,11,12,90
hash160,11,13,94
hash160,11,14,78
hash160,11,15,82
hash160,11,16,70
hash160,11,17,81
hash160,11,18,89
hash160,11,19,82
hash160,11,20,78
hash160,11,21,83
hash160,11,22,84
hash160,11,23,84
hash160,11,24,88
hash160,11,25,90
hash160,11,26,59
hash160,11,27,78
hash160,11,28,81
hash160,11,29,88
hash160,11,30,89
hash160,11,31,84
hash160,11,32,76
hash160,11,33,94
hash160,11,34,82
hash160,11,35,93
hash160,11,36,107
hash160,11,37,81
hash160,11,38,96
hash160,11,39,84
hash160,11,40,77
hash160,11,41,100
hash160,11,42,93
hash160,11,43,98
hash160,11,44,81
hash160,11,45,76
hash160,11,46,84
hash160,11,47,87
hash160,11,48,83
hash160,11,49,84
hash160,11,50,79
hash160,11,51,76
hash160,11,52,89
hash160,11,53,98
hash160,11,54,103
hash160,11,55,84
hash160,11,56,81
hash160,11,57,94
hash160,11,58,88
hash160,11,59,93
hash160,11,60,66
hash160,11,61,83
hash160,11,62,78
hash160,11,63,69
hash160,11,64,103
hash160,11,65,98
hash160,11,66,91
hash160,11,67,77
hash160,11,68,95
hash160,11,69,80
hash160,11,70,82
hash160,11,71,90
hash160,11,72,77
hash160,11,73,81
hash160,11,74,75
hash160,11,75,80
hash160,11,76,81
hash160,11,77,83
hash160,11,78,89
hash160,11,79,98
hash160,11,80,88
hash160,11,81,72
hash160,11,82,82
hash160,11,83,116
hash160,11,84,88
hash160,11,85,98
hash160,11,86,75
hash160,11,87,84
hash160,11,88,87
hash160,11,89,78
hash160,11,90,86
hash160,11,91,72
hash160,11,92,96
hash160,11,93,88
hash160,11,94,93
hash160,11,95,62
hash160,11,96,90
hash160,11,97,74
hash160,11,98,93
hash160,11,99,90
hash160,11,100,112
hash160,11,101,69
hash160,11,102,80
hash160,11,103,86
hash160,11,104,90
hash160,11,105,75
hash160,11,106,77
hash160,11,107,80
hash160,11,108,87
hash160,11,109,89
hash160,11,110,88
hash160,11,111,91
hash160,11,112,79
hash160,11,113,77
hash160,11,114,95
hash160,11,115,92
hash160,11,116,92
hash160,11,117,70
hash160,11,118,91
hash160,11,119,96
hash160,11,120,72
hash160,11,121,69
hash160,11,122,85
hash160,11,123,70
hash160,11,124,96
hash160,11,125,97
hash160,11,126,93
hash160,11,127,79
hash160,11,128,101
hash160,11,129,103
hash160,11,130,84
hash160,11,131,103
hash160,11,132,87
hash160,11,133,96
hash160,11,134,84
hash160,11,135,82
hash160,11,136,69
hash160,11,137,95
hash160,11,138,86
hash160,11,139,84
hash160,11,140,100
hash160,11,141,86
hash160,11,142,100
hash160,11,143,84
hash160,11,144,74
hash160,11,145,91
hash160,11,146,73
hash160,11,147,88
hash160,11,148,86
hash160,11,149,84
hash160,11,150,92
hash160,11,151,83
hash160,11,152,80
hash160,11,153,92
hash160,11,154,97
hash160,11,155,94
hash160,11,156,89
hash160,11,157,75
hash160,11,158,91
hash160,11,159,92
hash160,11,160,77
hash160,11,161,93
hash160,11,162,80
hash160,11,163,77
hash160,11,164,83
hash160,11,165,80
hash160,11,166,101
hash160,11,167,90
hash160,11,168,80
hash160,11,169,90
hash160,11,170,85
hash160,11,171,70
hash160,11,172,91
hash160,11,173,83
hash160,11,174,98
hash160,11,175,97
hash160,11,176,86
hash160,11,177,78
hash160,11,178,70
hash160,11,179,79
hash160,11,180,92
hash160,11,181,100
hash160,11,182,85
hash160,11,183,71
hash160,11,184,82
hash160,11,185,62
hash160,11,186,83
hash160,11,187,87
hash160,11,188,82
hash160,11,189,99
hash160,11,190,73
hash160,11,191,83
hash160,11,192,90
hash160,11,193,81
hash160,11,194,86
hash160,11,195,87
hash160,11,196,82
hash160,11,197,74
hash160,11,198,93
hash160,11,199,82
hash160,11,200,108
hash160,11,201,90
hash160,11,202,74
hash160,11,203,82
hash160,11,204,107
hash160,11,205,81
hash160,11,206,90
hash160,11,207,90
hash160,11,208,94
hash160,11,209,81
hash160,11,210,82
hash160,11,211,75
hash160,11,212,81
hash160,11,213,93
hash160,11,214,80
hash160,11,215,87
hash160,11,216,84
hash160,11,217,93
hash160,11,218,76
hash160,11,219,77
hash160,11,220,96
hash160,11,221,99
hash160,11,222,86
hash160,11,223,69
hash160,11,224,98
hash160,11,225,92
hash160,11,226,84
hash160,11,227,82
hash160,11,228,84
hash160,11,229,78
hash160,11,230,95
hash160,11,231,84
hash160,11,232,93
hash160,11,233,69
hash160,11,234,85
hash160,11,235,88
hash160,11,236,74
hash160,11,237,90
hash160,11,238,84
hash160,11,239,94
hash160,11,240,84
hash160,11,241,91
hash160,11,242,90
hash160,11,243,86
hash160,11,244,76
hash160,11,245,91
hash160,11,246,75
hash160,11,247,81
hash160,11,248,81
hash160,11,249,98
hash160,11,250,94
hash160,11,251,112
hash160,11,252,85
hash160,11,253,81
hash160,11,254,82
hash160,11,255,86
hash160,12,0,91
hash160,12,1,86
hash160,12,2,70
hash160,12,3,87
hash160,12,4,85
hash160,12,5,87
hash160,12,6,91
hash160,12,7,96
hash160,12,8,73
hash160,12,9,77
hash160,12,10,92
hash160,12,11,81
hash160,12,12,77
hash160,12,13,92
hash160,12,14,98
hash160,12,15,77
hash160,12,16,91
hash160,12,17,96
hash160,12,18,81
hash160,12,19,72
hash160,12,20,92
hash160,12,21,68
hash160,12,22,92
hash160,12,23,94
hash160,12,24,80
hash160,12,25,95
hash160,12,26,86
hash160,12,27,93
hash160,12,28,95
hash160,12,29,70
hash160,12,30,98
hash160,12,31,86
hash160,12,32,92
hash160,12,33,65
hash160,12,34,84
hash160,12,35,91
hash160,12,36,107
hash160,12,37,69
hash160,12,38,61
hash160,12,39,78
hash160,12,40,72
hash160,12,41,91
hash160,12,42,88
hash160,12,43,88
hash160,12,44,76
hash160,12,45,99
hash160,12,46,93
hash160,12,47,97
hash160,12,48,99
hash160,12,49,86
hash160,12,50,89
hash160,12,51,73
hash160,12,52,98
hash160,12,53,80
hash160,12,54,88
hash160,12,55,85
hash160,12,56,78
hash160,12,57,80
hash160,12,58,82
hash160,12,59,90
hash160,12,60,83
hash160,12,61,82
hash160,12,62,76
hash160,12,63,90
hash160,12,64,86
hash160,12,65,90
hash160,12,66,88
hash160,12,67,72
hash160,12,68,94
hash160,12,69,91
hash160,12,70,104
hash160,12,71,88
hash160,12,72,98
hash160,12,73,98
hash160,12,74,84
hash160,12,75,89
hash160,12,76,72
hash160,12,77,65
hash160,12,78,92
hash160,12,79,89
hash160,12,80,81
hash160,12,81,104
hash160,12,82,73
hash160,12,83,84
hash160,12,84,71
hash160,12,85,80
hash160,12,86,75
hash160,12,87,91
hash160,12,88,81
hash160,12,89,81
hash160,12,90,73
hash160,12,91,90
hash160,12,92,101
hash160,12,93,80
hash160,12,94,80
hash160,12,95,64
hash160,12,96,106
hash160,12,97,106
hash160,12,98,77
hash160,12,99,89
hash160,12,100,92
hash160,12,101,76
hash160,12,102,95
hash160,12,103,81
hash160,12,104,81
hash160,12,105,110
hash160,12,106,96
hash160,12,107,101
hash160,12,108,81
hash160,12,109,100
hash160,12,110,71
hash160,12,111,64
hash160,12,112,87
hash160,12,113,93
hash160,12,114,73
hash160,12,115,105
hash160,12,116,90
hash160,12,117,94
hash160,12,118,93
hash160,12,119,78
hash160,12,120,80
hash160,12,121,73
hash160,12,122,80
hash160,12,123,89
hash160,12,124,90
hash160,12,125,98
hash160,12,126,87
hash160,12,127,74
hash160,12,128,89
hash160,12,129,85
hash160,12,130,65
hash160,12,131,70
hash160,12,132,80
hash160,12,133,91
hash160,12,134,98
hash160,12,135,94
hash160,12,136,88
hash160,12,137,84
hash160,12,138,89
hash160,12,139,78
hash160,12,140,80
hash160,12,141,89
hash160,12,142,80
hash160,12,143,86
hash160,12,144,95
hash160,12,145,78
hash160,12,146,91
hash160,12,147,102
hash160,12,148,90
hash160,12,149,69
hash160,12,150,75
hash160,12,151,91
hash160,12,152,92
hash160,12,153,78
hash160,12,154,85
hash160,12,155,99
hash160,12,156,66
hash160,12,157,90
hash160,12,158,86
hash160,12,159,89
hash160,12,160,79
hash160,12,161,104
hash160,12,162,85
hash160,12,163,78
hash160,12,164,85
hash160,12,165,98
hash160,12,166,77
hash160,12,167,91
hash160,12,168,93
hash160,12,169,98
hash160,12,170,82
hash160,12,171,69
hash160,12,172,85
hash160,12,173,82
hash160,12,174,83
hash160,12,175,78
hash160,12,176,84
hash160,12,177,93
hash160,12,178,75
hash160,12,179,84
hash160,12,180,96
hash160,12,181,77
hash160,12,182,74
hash160,12,183,94
hash160,12,184,68
hash160,12,185,96
hash160,12,186,74
hash160,12,187,83
hash160,12,188,61
hash160,12,189,96
hash160,12,190,82
hash160,12,191,81
hash160,12,192,90
hash160,12,193,72
hash160,12,194,84
hash160,12,195,101
hash160,12,196,91
hash160,12,197,102
hash160,12,198,74
hash160,12,199,74
hash160,12,200,72
hash160,12,201,73
hash160,12,202,71
hash160,12,203,67
hash160,12,204,90
hash160,12,205,93
hash160,12,206,76
hash160,12,207,97
hash160,12,208,115
hash160,12,209,112
hash160,12,210,82
hash160,12,211,87
hash160,12,212,96
hash160,12,213,85
hash160,12,214,71
hash160,12,215,87
hash160,12,216,89
hash160,12,217,69
hash160,12,218,77
hash160,12,219,114
hash160,12,220,104
hash160,12,221,79
hash160,12,222,84
hash160,12,223,84
hash160,12,224,91
hash160,12,225,96
hash160,12,226,78
hash160,12,227,70
hash160,12,228,88
hash160,12,229,113
hash160,12,230,88
hash160,12,231,90
hash160,12,232,79
hash160,12,233,91
hash160,12,234,91
hash160,12,235,86
hash160,12,236,93
hash160,12,237,95
hash160,12,238,85
hash160,12,239,81
hash160,12,240,79
hash160,12,241,90
hash160,12,242,100
hash160,12,243,88
hash160,12,244,78
hash160,12,245,69
hash160,12,246,100
hash160,12,247,93
hash160,12,248,76
hash160,12,249,91
hash160,12,250,98
hash160,12,251,73
hash160,12,252,78
hash160,12,253,89
hash160,12,254,104
hash160,12,255,85
hash160,13,0,88
hash160,13,1,80
hash160,13,2,77
hash160,13,3,84
hash160,13,4,85
hash160,13,5,83
hash160,13,6,87
hash160,13,7,60
hash160,13,8,84
hash160,13,9,91
hash160,13,10,68
hash160,13,11,91
hash160,13,12,83
hash160,13,13,80
hash160,13,14,84
hash160,13,15,84
hash160,13,16,76
hash160,13,17,81
hash160,13,18,87
hash160,13,19,83
hash160,13,20,81
hash160,13,21,76
hash160,13,22,92
hash160,13,23,86
hash160,13,24,76
hash160,13,25,99
hash160,13,26,88
hash160,13,27,78
hash160,13,28,92
hash160,13,29,87
hash160,13,30,82
hash160,13,31,80
hash160,13,32,91
hash160,13,33,96
hash160,13,34,77
hash160,13,35,69
hash160,13,36,90
hash160,13,37,96
hash160,13,38,84
hash160,13,39,90
hash160,13,40,78
hash160,13,41,93
hash160,13,42,70
hash160,13,43,71
hash160,13,44,79
hash160,13,45,81
hash160,13,46,83
hash160,13,47,75
hash160,13,48,84
hash160,13,49,93
hash160,13,50,86
hash160,13,51,96
hash160,13,52,66
hash160,13,53,69
hash160,13,54,71
hash160,13,55,77
hash160,13,56,91
hash160,13,57,90
hash160,13,58,93
hash160,13,59,81
hash160,13,60,79
hash160,13,61,89
hash160,13,62,92
hash160,13,63,86
hash160,13,64,89
hash160,13,65,84
hash160,13,66,90
hash160,13,67,81
hash160,13,68,84
hash160,13,69,90
hash160,13,70,105
hash160,13,71,101
hash160,13,72,83
hash160,13,73,94
hash160,13,74,71
hash160,13,75,72
hash160,13,76,76
hash160,13,77,104
hash160,13,78,75
hash160,13,79,81
hash160,13,80,81
hash160,13,81,86
hash160,13,82,79
hash160,13,83,82
hash160,13,84,83
hash160,13,85,89
hash160,13,86,98
hash160,13,87,97
hash160,13,88,67
hash160,13,89,85
hash160,13,90,83
hash160,13,91,95
hash160,13,92,91
hash160,13,93,89
hash160,13,94,73
hash160,13,95,90
hash160,13,96,79
hash160,13,97,101
hash160,13,98,82
hash160,13,99,86
hash160,13,100,75
hash160,13,101,79
hash160,13,102,85
hash160,13,103,79
hash160,13,104,88
hash160,13,105,81
hash160,13,106,73
hash160,13,107,64
hash160,13,108,81
hash160,13,109,77
hash160,13,110,88
hash160,13,111,90
hash160,13,112,99
hash160,13,113,84
hash160,13,114,81
hash160,13,115,90
hash160,13,116,96
hash160,13,117,98
hash160,13,118,97
hash160,13,119,92
hash160,13,120,97
hash160,13,121,96
hash160,13,122,89
hash160,13,123,77
hash160,13,124,90
hash160,13,125,95
hash160,13,126,94
hash160,13,127,76
hash160,13,128,111
hash160,13,129,85
hash160,13,130,89
hash160,13,131,105
hash160,13,132,77
hash160,13,133,80
hash160,13,134,82
hash160,13,135,88
hash160,13,136,91
hash160,13,137,100
hash160,13,138,89
hash160,13,139,99
hash160,13,140,89
hash160,13,141,99
hash160,13,142,91
hash160,13,143,84
hash160,13,144,95
hash160,13,145,74
hash160,13,146,81
hash160,13,147,77
hash160,13,148,87
hash160,13,149,76
hash160,13,150,97
hash160,13,151,88
hash160,13,152,88
hash160,13,153,97
hash160,13,154,79
hash160,13,155,91
hash160,13,156,87
hash160,13,157,99
hash160,13,158,94
hash160,13,159,82
hash160,13,160,75
hash160,13,161,86
hash160,13,162,86
hash160,13,163,81
hash160,13,164,85
hash160,13,165,88
hash160,13,166,88
hash160,13,167,83
hash160,13,168,71
hash160,13,169,102
hash160,13,170,90
hash160,13,171,85
hash160,13,172,84
hash160,13,173,85
hash160,13,174,82
hash160,13,175,83
hash160,13,176,96
hash160,13,177,89
hash160,13,178,75
hash160,13,179,87
hash160,13,180,68
hash160,13,181,87
hash160,13,182,98
hash160,13,183,66
hash160,13,184,84
hash160,13,185,72
hash160,13,186,82
hash160,13,187,81
hash160,13,188,92
hash160,13,189,94
hash160,13,190,95
hash160,13,191,83
hash160,13,192,102
hash160,13,193,88
hash160,13,194,91
hash160,13,195,101
hash160,13,196,67
hash160,13,197,90
hash160,13,198,80
hash160,13,199,90
hash160,13,200,71
hash160,13,201,90
hash160,13,202,72
hash160,13,203,111
hash160,13,204,86
hash160,13,205,88
hash160,13,206,98
hash160,13,207,86
hash160,13,208,92
hash160,13,209,94
hash160,13,210,93
hash160,13,211,80
hash160,13,212,94
hash160,13,213,86
hash160,13,214,86
hash160,13,215,90
hash160,13,216,91
hash160,13,217,88
hash160,13,218,98
hash160,13,219,99
hash160,13,220,81
hash160,13,221,85
hash160,13,222,78
hash160,13,223,72
hash160,13,224,83
hash160,13,225,84
hash160,13,226,93
hash160,13,227,82
hash160,13,228,88
hash160,13,229,85
hash160,13,230,79
hash160,13,231,104
hash160,13,232,86
hash160,13,233,98
hash160,13,234,93
hash160,13,235,87
hash160,13,236,88
hash160,13,237,82
hash160,13,238,73
hash160,13,239,92
hash160,13,240,93
hash160,13,241,88
hash160,13,242,87
hash160,13,243,86
hash160,13,244,86
hash160,13,245,88
hash160,13,246,72
hash160,13,247,76
hash160,13,248,74
hash160,13,249,88
hash160,13,250,82
hash160,13,251,86
hash160,13,252,76
hash160,13,253,91
hash160,13,254,89
hash160,13,255,96
hash160,14,0,89
hash160,14,1,79
hash160,14,2,99
hash160,14,3,79
hash160,14,4,82
hash160,14,5,86
hash160,14,6,77
hash160,14,7,93
hash160,14,8,74
hash160,14,9,82
hash160,14,10,78
hash160,14,11,72
hash160,14,12,93
hash160,14,13,88
hash160,14,14,86
hash160,14,15,85
hash160,14,16,91
hash160,14,17,82
hash160,14,18,86
hash160,14,19,82
hash160,14,20,89
hash160,14,21,75
hash160,14,22,87
hash160,14,23,87
hash160,14,24,79
hash160,14,25,79
hash160,14,26,87
hash160,14,27,80
hash160,14,28,81
hash160,14,29,89
hash160,14,30,74
hash160,14,31,92
hash160,14,32,79
hash160,14,33,85
hash160,14,34,69
hash160,14,35,78
hash160,14,36,79
hash160,14,37,82
hash160,14,38,92
hash160,14,39,84
hash160,14,40,89
hash160,14,41,91
hash160,14,42,90
hash160,14,43,74
hash160,14,44,87
hash160,14,45,78
hash160,14,46,77
hash160,14,47,82
hash160,14,48,116
hash160,14,49,86
hash160,14,50,90
hash160,14,51,73
hash160,14,52,92
hash160,14,53,100
hash160,14,54,86
hash160,14,55,81
hash160,14,56,87
hash160,14,57,92
hash160,14,58,96
hash160,14,59,86
hash160,14,60,73
hash160,14,61,66
hash160,14,62,98
hash160,14,63,82
hash160,14,64,78
hash160,14,65,100
hash160,14,66,81
hash160,14,67,97
hash160,14,68,77
hash160,14,69,106
hash160,14,70,89
hash160,14,71,80
hash160,14,72,88
hash160,14,73,73
hash160,14,74,89
hash160,14,75,95
hash160,14,76,80
hash160,14,77,92
hash160,14,78,89
hash160,14,79,75
hash160,14,80,79
hash160,14,81,79
hash160,14,82,87
hash160,14,83,88
hash160,14,84,77
hash160,14,85,94
hash160,14,86,79
hash160,14,87,73
hash160,14,88,70
hash160,14,89,77
hash160,14,90,88
hash160,14,91,85
hash160,14,92,85
hash160,14,93,79
hash160,14,94,90
hash160,14,95,78
hash160,14,96,85
hash160,14,97,99
hash160,14,98,99
hash160,14,99,94
hash160,14,100,86
hash160,14,101,95
hash160,14,102,87
hash160,14,103,92
hash160,14,104,97
hash160,14,105,96
hash160,14,106,80
hash160,14,107,75
hash160,14,108,87
hash160,14,109,81
hash160,14,110,77
hash160,14,111,88
hash160,14,112,86
hash160,14,113,99
hash160,14,114,102
hash160,14,115,73
hash160,14,116,99
hash160,14,117,77
hash160,14,118,80
hash160,14,119,85
hash160,14,120,90
hash160,14,121,84
hash160,14,122,78
hash160,14,123,89
hash160,14,124,88
hash160,14,125,89
hash160,14,126,98
hash160,14,127,99
hash160,14,128,82
hash160,14,129,90
hash160,14,130,82
hash160,14,131,84
hash160,14,132,90
hash160,14,133,89
hash160,14,134,84
hash160,14,135,65
hash160,14,136,85
hash160,14,137,91
hash160,14,138,95
hash160,14,139,85
hash160,14,140,72
hash160,14,141,93
hash160,14,142,83
hash160,14,143,85
hash160,14,144,82
hash160,14,145,74
hash160,14,146,84
hash160,14,147,86
hash160,14,148,89
hash160,14,149,88
hash160,14,150,99
hash160,14,151,83
hash160,14,152,85
hash160,14,153,82
hash160,14,154,91
hash160,14,155,85
hash160,14,156,85
hash160,14,157,75
hash160,14,158,101
hash160,14,159,65
hash160,14,160,83
hash160,14,161,82
hash160,14,162,91
hash160,14,163,91
hash160,14,164,107
hash160,14,165,88
hash160,14,166,90
hash160,14,167,94
hash160,14,168,88
hash160,14,169,91
hash160,14,170,99
hash160,14,171,97
hash160,14,172,85
hash160,14,173,85
hash160,14,174,94
hash160,14,175,92
hash160,14,176,74
hash160,14,177,99
hash160,14,178,102
hash160,14,179,64
hash160,14,180,78
hash160,14,181,86
hash160,14,182,80
hash160,14,183,96
hash160,14,184,82
hash160,14,185,84
hash160,14,186,81
hash160,14,187,98
hash160,14,188,88
hash160,14,189,82
hash160,14,190,101
hash160,14,191,72
hash160,14,192,112
hash160,14,193,93
hash160,14,194,100
hash160,14,195,80
hash160,14,196,94
hash160,14,197,79
hash160,14,198,107
hash160,14,199,81
hash160,14,200,78
hash160,14,201,95
hash160,14,202,95
hash160,14,203,68
hash160,14,204,67
hash160,14,205,68
hash160,14,206,86
hash160,14,207,76
hash160,14,208,91
hash160,14,209,85
hash160,14,210,80
hash160,14,211,75
hash160,14,212,88
hash160,14,213,81
hash160,14,214,86
hash160,14,215,95
hash160,14,216,86
hash160,14,217,83
hash160,14,218,99
hash160,14,219,89
hash160,14,220,99
hash160,14,221,79
hash160,14,222,95
hash160,14,223,91
hash160,14,224,91
hash160,14,225,104
hash160,14,226,84
hash160,14,227,77
hash160,14,228,86
hash160,14,229,72
hash160,14,230,85
hash160,14,231,79
hash160,14,232,94
hash160,14,233,92
hash160,14,234,80
hash160,14,235,86
hash160,14,236,107
hash160,14,237,86
hash160,14,238,87
hash160,14,239,79
hash160,14,240,87
hash160,14,241,84
hash160,14,242,85
hash160,14,243,75
hash160,14,244,77
hash160,14,245,84
hash160,14,246,80
hash160,14,247,81
hash160,14,248,85
hash160,14,249,79
hash160,14,250,96
hash160,14,251,86
hash160,14,252,90
hash160,14,253,77
hash160,14,254,84
hash160,14,255,67
hash160,15,0,84
hash160,15,1,87
hash160,15,2,73
hash160,15,3,80
hash160,15,4,92
hash160,15,5,75
hash160,15,6,74
hash160,15,7,73
hash160,15,8,62
hash160,15,9,93
hash160,15,10,92
hash160,15,11,87
hash160,15,12,79
hash160,15,13,69
hash160,15,14,86
hash160,15,15,84
hash160,15,16,72
hash160,15,17,79
hash160,15,18,68
hash160,15,19,90
hash160,15,20,90
hash160,15,21,91
hash160,15,22,92
hash160,15,23,94
hash160,15,24,79
hash160,15,25,81
hash160,15,26,98
hash160,15,27,94
hash160,15,28,81
hash160,15,29,82
hash160,15,30,86
hash160,15,31,86
hash160,15,32,95
hash160,15,33,74
hash160,15,34,77
hash160,15,35,72
hash160,15,36,87
hash160,15,37,85
hash160,15,38,105
hash160,15,39,98
hash160,15,40,99
hash160,15,41,85
hash160,15,42,82
hash160,15,43,80
hash160,15,44,85
hash160,15,45,89
hash160,15,46,88
hash160,15,47,80
hash160,15,48,104
hash160,15,49,93
hash160,15,50,72
hash160,15,51,101
hash160,15,52,91
hash160,15,53,53
hash160,15,54,77
hash160,15,55,88
hash160,15,56,87
hash160,15,57,100
hash160,15,58,90
hash160,15,59,88
hash160,15,60,74
hash160,15,61,85
hash160,15,62,86
hash160,15,63,97
hash160,15,64,99
hash160,15,65,73
hash160,15,66,78
hash160,15,67,82
hash160,15,68,75
hash160,15,69,91
hash160,15,70,84
hash160,15,71,87
hash160,15,72,82
hash160,15,73,95
hash160,15,74,71
hash160,15,75,96
hash160,15,76,81
hash160,15,77,92
hash160,15,78,99
hash160,15,79,100
hash160,15,80,80
hash160,15,81,84
hash160,15,82,85
hash160,15,83,83
hash160,15,84,83
hash160,15,85,80
hash160,15,86,68
hash160,15,87,74
hash160,15,88,89
hash160,15,89,87
hash160,15,90,80
hash160,15,91,99
hash160,15,92,92
hash160,15,93,81
hash160,15,94,85
hash160,15,95,75
hash160,15,96,75
hash160,15,97,83
hash160,15,98,98
hash160,15,99,74
hash160,15,100,83
hash160,15,101,80
hash160,15,102,76
hash160,15,103,83
hash160,15,104,85
hash160,15,105,83
hash160,15,106,81
hash160,15,107,99
hash160,15,108,93
hash160,15,109,85
hash160,15,110,84
hash160,15,111,92
hash160,15,112,87
hash160,15,113,86
hash160,15,114,85
hash160,15,115,92
hash160,15,116,86
hash160,15,117,85
hash160,15,118,83
hash160,15,119,86
hash160,15,120,97
hash160,15,121,82
hash160,15,122,90
hash160,15,123,81
hash160,15,124,90
hash160,15,125,81
hash160,15,126,79
hash160,15,127,88
hash160,15,128,84
hash160,15,129,89
hash160,15,130,82
hash160,15,131,88
hash160,15,132,72
hash160,15,133,91
hash160,15,134,94
hash160,15,135,75
hash160,15,136,68
hash160,15,137,87
hash160,15,138,78
hash160,15,139,95
hash160,15,140,90
hash160,15,141,103
hash160,15,142,93
hash160,15,143,87
hash160,15,144,97
hash160,15,145,74
hash160,15,146,75
hash160,15,147,87
hash160,15,148,86
hash160,15,149,122
hash160,15,150,94
hash160,15,151,99
hash160,15,152,79
hash160,15,153,85
hash160,15,154,63
hash160,15,155,82
hash160,15,156,68
hash160,15,157,86
hash160,15,158,87
hash160,15,159,97
hash160,15,160,97
hash160,15,161,96
hash160,15,162,78
hash160,15,163,78
hash160,15,164,90
hash160,15,165,78
hash160,15,166,85
hash160,15,167,88
hash160,15,168,106
hash160,15,169,79
hash160,15,170,76
hash160,15,171,101
hash160,15,172,86
hash160,15,173,86
hash160,15,174,94
hash160,15,175,74
hash160,15,176,89
hash160,15,177,89
hash160,15,178,81
hash160,15,179,86
hash160,15,180,83
hash160,15,181,94
hash160,15,182,93
hash160,15,183,89
hash160,15,184,100
hash160,15,185,89
hash160,15,186,87
hash160,15,187,91
hash160,15,188,90
hash160,15,189,85
hash160,15,190,81
hash160,15,191,93
hash160,15,192,85
hash160,15,193,80
hash160,15,194,87
hash160,15,195,82
hash160,15,196,79
hash160,15,197,80
hash160,15,198,92
hash160,15,199,94
hash160,15,200,94
hash160,15,201,87
hash160,15,202,103
hash160,15,203,89
hash160,15,204,89
hash160,15,205,91
hash160,15,206,95
hash160,15,207,81
hash160,15,208,80
hash160,15,209,88
hash160,15,210,71
hash160,15,211,89
hash160,15,212,87
hash160,15,213,76
hash160,15,214,94
hash160,15,215,93
hash160,15,216,89
hash160,15,217,106
hash160,15,218,82
hash160,15,219,76
hash160,15,220,79
hash160,15,221,86
hash160,15,222,82
hash160,15,223,95
hash160,15,224,89
hash160,15,225,97
hash160,15,226,71
hash160,15,227,88
hash160,15,228,91
hash160,15,229,96
hash160,15,230,99
hash160,15,231,87
hash160,15,232,68
hash160,15,233,87
hash160,15,234,88
hash160,15,235,82
hash160,15,236,88
hash160,15,237,78
hash160,15,238,82
hash160,15,239,94
hash160,15,240,71
hash160,15,241,75
hash160,15,242,90
hash160,15,243,70
hash160,15,244,80
hash160,15,245,91
hash160,15,246,77
hash160,15,247,96
hash160,15,248,96
hash160,15,249,88
hash160,15,250,85
hash160,15,251,85
hash160,15,252,89
hash160,15,253,81
hash160,15,254,84
hash160,15,255,98
hash160,16,0,86
hash160,16,1,75
hash160,16,2,89
hash160,16,3,87
hash160,16,4,83
hash160,16,5,100
hash160,16,6,92
hash160,16,7,81
hash160,16,8,91
hash160,16,9,79
hash160,16,10,65
hash160,16,11,92
hash160,16,12,78
hash160,16,13,81
hash160,16,14,93
hash160,16,15,78
hash160,16,16,78
hash160,16,17,96
hash160,16,18,92
hash160,16,19,82
hash160,16,20,92
hash160,16,21,95
hash160,16,22,80
hash160,16,23,87
hash160,16,24,104
hash160,16,25,96
hash160,16,26,91
hash160,16,27,89
hash160,16,28,86
hash160,16,29,92
hash160,16,30,83
hash160,16,31,78
hash160,16,32,107
hash160,16,33,102
hash160,16,34,94
hash160,16,35,81
hash160,16,36,77
hash160,16,37,80
hash160,16,38,78
hash160,16,39,69
hash160,16,40,81
hash160,16,41,104
hash160,16,42,78
hash160,16,43,71
hash160,16,44,89
hash160,16,45,97
hash160,16,46,98
hash160,16,47,76
hash160,16,48,81
hash160,16,49,79
hash160,16,50,97
hash160,16,51,90
hash160,16,52,84
hash160,16,53,79
hash160,16,54,78
hash160,16,55,79
hash160,16,56,84
hash160,16,57,92
hash160,16,58,97
hash160,16,59,91
hash160,16,60,81
hash160,16,61,79
hash160,16,62,85
hash160,16,63,100
hash160,16,64,83
hash160,16,65,72
hash160,16,66,75
hash160,16,67,76
hash160,16,68,90
hash160,16,69,90
hash160,16,70,83
hash160,16,71,82
hash160,16,72,89
hash160,16,73,93
hash160,16,74,99
hash160,16,75,86
hash160,16,76,88
hash160,16,77,102
hash160,16,78,73
hash160,16,79,76
hash160,16,80,82
hash160,16,81,92
hash160,16,82,106
hash160,16,83,67
hash160,16,84,86
hash160,16,85,73
hash160,16,86,75
hash160,16,87,88
hash160,16,88,79
hash160,16,89,72
hash160,16,90,79
hash160,16,91,82
hash160,16,92,83
hash160,16,93,86
hash160,16,94,78
hash160,16,95,77
hash160,16,96,85
hash160,16,97,79
hash160,16,98,85
hash160,16,99,92
hash160,16,100,88
hash160,16,101,98
hash160,16,102,80
hash160,16,103,88
hash160,16,104,93
hash160,16,105,86
hash160,16,106,76
hash160,16,107,105
hash160,16,108,75
hash160,16,109,69
hash160,16,110,100
hash160,16,111,75
hash160,16,112,87
hash160,16,113,95
hash160,16,114,92
hash160,16,115,83
hash160,16,116,88
hash160,16,117,68
hash160,16,118,80
hash160,16,119,89
hash160,16,120,78
hash160,16,121,74
hash160,16,122,100
hash160,16,123,103
hash160,16,124,78
hash160,16,125,92
hash160,16,126,96
hash160,16,127,95
hash160,16,128,80
hash160,16,129,86
hash160,16,130,64
hash160,16,131,71
hash160,16,132,83
hash160,16,133,93
hash160,16,134,89
hash160,16,135,82
hash160,16,136,81
hash160,16,137,80
hash160,16,138,88
hash160,16,139,63
hash160,16,140,109
hash160,16,141,79
hash160,16,142,81
hash160,16,143,81
hash160,16,144,97
hash160,16,145,106
hash160,16,146,72
hash160,16,147,86
hash160,16,148,81
hash160,16,149,89
hash160,16,150,89
hash160,16,151,75
hash160,16,152,95
hash160,16,153,101
hash160,16,154,79
hash160,16,155,95
hash160,16,156,90
hash160,16,157,69
hash160,16,158,81
hash160,16,159,81
hash160,16,160,91
hash160,16,161,99
hash160,16,162,82
hash160,16,163,78
hash160,16,164,91
hash160,16,165,76
hash160,16,166,90
hash160,16,167,71
hash160,16,168,86
hash160,16,169,73
hash160,16,170,71
hash160,16,171,77
hash160,16,172,90
hash160,16,173,77
hash160,16,174,91
hash160,16,175,81
hash160,16,176,89
hash160,16,177,87
hash160,16,178,114
hash160,16,179,86
hash160,16,180,103
hash160,16,181,74
hash160,16,182,96
hash160,16,183,76
hash160,16,184,92
hash160,16,185,75
hash160,16,186,81
hash160,16,187,85
hash160,16,188,95
hash160,16,189,82
hash160,16,190,81
hash160,16,191,76
hash160,16,192,95
hash160,16,193,82
hash160,16,194,83
hash160,16,195,83
hash160,16,196,89
hash160,16,197,70
hash160,16,198,88
hash160,16,199,87
hash160,16,200,86
hash160,16,201,90
hash160,16,202,83
hash160,16,203,81
hash160,16,204,73
hash160,16,205,75
hash160,16,206,103
hash160,16,207,85
hash160,16,208,89
hash160,16,209,89
hash160,16,210,97
hash160,16,211,86
hash160,16,212,69
hash160,16,213,84
hash160,16,214,93
hash160,16,215,71
hash160,16,216,80
hash160,16,217,93
hash160,16,218,94
hash160,16,219,68
hash160,16,220,85
hash160,16,221,96
hash160,16,222,86
hash160,16,223,89
hash160,16,224,93
hash160,16,225,97
hash160,16,226,82
hash160,16,227,90
hash160,16,228,86
hash160,16,229,73
hash160,16,230,80
hash160,16,231,99
hash160,16,232,77
hash160,16,233,88
hash160,16,234,87
hash160,16,235,89
hash160,16,236,87
hash160,16,237,80
hash160,16,238,77
hash160,16,239,93
hash160,16,240,84
hash160,16,241,93
hash160,16,242,103
hash160,16,243,83
hash160,16,244,94
hash160,16,245,87
hash160,16,246,77
hash160,16,247,97
hash160,16,248,100
hash160,16,249,90
hash160,16,250,87
hash160,16,251,84
hash160,16,252,98
hash160,16,253,106
hash160,16,254,88
hash160,16,255,107
hash160,17,0,75
hash160,17,1,103
hash160,17,2,84
hash160,17,3,83
hash160,17,4,78
hash160,17,5,90
hash160,17,6,71
hash160,17,7,75
hash160,17,8,83
hash160,17,9,98
hash160,17,10,99
hash160,17,11,104
hash160,17,12,89
hash160,17,13,75
hash160,17,14,80
hash160,17,15,99
hash160,17,16,85
hash160,17,17,77
hash160,17,18,67
hash160,17,19,78
hash160,17,20,73
hash160,17,21,81
hash160,17,22,88
hash160,17,23,81
hash160,17,24,80
hash160,17,25,82
hash160,17,26,85
hash160,17,27,95
hash160,17,28,87
hash160,17,29,72
hash160,17,30,86
hash160,17,31,71
hash160,17,32,80
hash160,17,33,81
hash160,17,34,82
hash160,17,35,83
hash160,17,36,82
hash160,17,37,81
hash160,17,38,85
hash160,17,39,101
hash160,17,40,71
hash160,17,41,85
hash160,17,42,83
hash160,17,43,76
hash160,17,44,83
hash160,17,45,90
hash160,17,46,77
hash160,17,47,72
hash160,17,48,81
hash160,17,49,93
hash160,17,50,75
hash160,17,51,87
hash160,17,52,102
hash160,17,53,91
hash160,17,54,84
hash160,17,55,78
hash160,17,56,82
hash160,17,57,75
hash160,17,58,75
hash160,17,59,102
hash160,17,60,101
hash160,17,61,101
hash160,17,62,87
hash160,17,63,86
hash160,17,64,88
hash160,17,65,82
hash160,17,66,99
hash160,17,67,77
hash160,17,68,104
hash160,17,69,83
hash160,17,70,89
hash160,17,71,108
hash160,17,72,79
hash160,17,73,76
hash160,17,74,85
hash160,17,75,103
hash160,17,76,87
hash160,17,77,82
hash160,17,78,88
hash160,17,79,77
hash160,17,80,107
hash160,17,81,75
hash160,17,82,79
hash160,17,83,80
hash160,17,84,86
hash160,17,85,87
hash160,17,86,80
hash160,17,87,87
hash160,17,88,78
hash160,17,89,88
hash160,17,90,59
hash160,17,91,94
hash160,17,92,73
hash160,17,93,100
hash160,17,94,74
hash160,17,95,81
hash160,17,96,90
hash160,17,97,69
hash160,17,98,66
hash160,17,99,90
hash160,17,100,85
hash160,17,101,106
hash160,17,102,78
hash160,17,103,81
hash160,17,104,93
hash160,17,105,84
hash160,17,106,83
hash160,17,107,73
hash160,17,108,85
hash160,17,109,117
hash160,17,110,92
hash160,17,111,97
hash160,17,112,92
hash160,17,113,102
hash160,17,114,101
hash160,17,115,78
hash160,17,116,105
hash160,17,117,103
hash160,17,118,80
hash160,17,119,102
hash160,17,120,89
hash160,17,121,76
hash160,17,122,90
hash160,17,123,74
hash160,17,124,90
hash160,17,125,77
hash160,17,126,81
hash160,17,127,78
hash160,17,128,89
hash160,17,129,80
hash160,17,130,80
hash160,17,131,81
hash160,17,132,75
hash160,17,133,75
hash160,17,134,83
hash160,17,135,98
hash160,17,136,92
hash160,17,137,83
hash160,17,138,91
hash160,17,139,76
hash160,17,140,93
hash160,17,141,79
hash160,17,142,95
hash160,17,143,85
hash160,17,144,62
hash160,17,145,88
hash160,17,146,81
hash160,17,147,73
hash160,17,148,96
hash160,17,149,96
hash160,17,150,88
hash160,17,151,82
hash160,17,152,97
hash160,17,153,74
hash160,17,154,77
hash160,17,155,74
hash160,17,156,74
hash160,17,157,72
hash160,17,158,70
hash160,17,159,100
hash160,17,160,75
hash160,17,161,85
hash160,17,162,81
hash160,17,163,87
hash160,17,164,85
hash160,17,165,96
hash160,17,166,93
hash160,17,167,84
hash160,17,168,83
hash160,17,169,87
hash160,17,170,82
hash160,17,171,99
hash160,17,172,96
hash160,17,173,86
hash160,17,174,87
hash160,17,175,80
hash160,17,176,89
hash160,17,177,80
hash160,17,178,75
hash160,17,179,94
hash160,17,180,99
hash160,17,181,79
hash160,17,182,95
hash160,17,183,60
hash160,17,184,75
hash160,17,185,54
hash160,17,186,90
hash160,17,187,79
hash160,17,188,78
hash160,17,189,106
hash160,17,190,72
hash160,17,191,69
hash160,17,192,96
hash160,17,193,85
hash160,17,194,85
hash160,17,195,97
hash160,17,196,92
hash160,17,197,93
hash160,17,198,89
hash160,17,199,69
hash160,17,200,92
hash160,17,201,99
hash160,17,202,104
hash160,17,203,100
hash160,17,204,86
hash160,17,205,85
hash160,17,206,74
hash160,17,207,82
hash160,17,208,86
hash160,17,209,77
hash160,17,210,89
hash160,17,211,83
hash160,17,212,69
hash160,17,213,89
hash160,17,214,80
hash160,17,215,111
hash160,17,216,111
hash160,17,217,94
hash160,17,218,101
hash160,17,219,79
hash160,17,220,85
hash160,17,221,85
hash160,17,222,81
hash160,17,223,84
hash160,17,224,88
hash160,17,225,93
hash160,17,226,82
hash160,17,227,105
hash160,17,228,89
hash160,17,229,82
hash160,17,230,90
hash160,17,231,107
hash160,17,232,73
hash160,17,233,97
hash160,17,234,94
hash160,17,235,95
hash160,17,236,100
hash160,17,237,83
hash160,17,238,89
hash160,17,239,83
hash160,17,240,100
hash160,17,241,74
hash160,17,242,79
hash160,17,243,76
hash160,17,244,91
hash160,17,245,94
hash160,17,246,99
hash160,17,247,80
hash160,17,248,90
hash160,17,249,93
hash160,17,250,77
hash160,17,251,90
hash160,17,252,86
hash160,17,253,81
hash160,17,254,89
hash160,17,255,105
hash160,18,0,82
hash160,18,1,86
hash160,18,2,84
hash160,18,3,84
hash160,18,4,90
hash160,18,5,81
hash160,18,6,80
hash160,18,7,96
hash160,18,8,95
hash160,18,9,76
hash160,18,10,86
hash160,18,11,78
hash160,18,12,84
hash160,18,13,82
hash160,18,14,72
hash160,18,15,85
hash160,18,16,86
hash160,18,17,81
hash160,18,18,94
hash160,18,19,78
hash160,18,20,95
hash160,18,21,98
hash160,18,22,73
hash160,18,23,86
hash160,18,24,65
hash160,18,25,92
hash160,18,26,89
hash160,18,27,79
hash160,18,28,87
hash160,18,29,70
hash160,18,30,104
hash160,18,31,85
hash160,18,32,95
hash160,18,33,78
hash160,18,34,94
hash160,18,35,90
hash160,18,36,85
hash160,18,37,87
hash160,18,38,93
hash160,18,39,105
hash160,18,40,78
hash160,18,41,98
hash160,18,42,93
hash160,18,43,70
hash160,18,44,84
hash160,18,45,82
hash160,18,46,94
hash160,18,47,88
hash160,18,48,97
hash160,18,49,83
hash160,18,50,89
hash160,18,51,77
hash160,18,52,85
hash160,18,53,80
hash160,18,54,91
hash160,18,55,90
hash160,18,56,92
hash160,18,57,96
hash160,18,58,90
hash160,18,59,108
hash160,18,60,88
hash160,18,61,85
hash160,18,62,82
hash160,18,63,90
hash160,18,64,79
hash160,18,65,92
hash160,18,66,95
hash160,18,67,83
hash160,18,68,80
hash160,18,69,93
hash160,18,70,83
hash160,18,71,85
hash160,18,72,88
hash160,18,73,87
hash160,18,74,92
hash160,18,75,88
hash160,18,76,86
hash160,18,77,84
hash160,18,78,77
hash160,18,79,80
hash160,18,80,90
hash160,18,81,84
hash160,18,82,109
hash160,18,83,91
hash160,18,84,91
hash160,18,85,91
hash160,18,86,65
hash160,18,87,86
hash160,18,88,71
hash160,18,89,79
hash160,18,90,92
hash160,18,91,69
hash160,18,92,70
hash160,18,93,87
hash160,18,94,89
hash160,18,95,100
hash160,18,96,79
hash160,18,97,98
hash160,18,98,100
hash160,18,99,88
hash160,18,100,79
hash160,18,101,85
hash160,18,102,83
hash160,18,103,96
hash160,18,104,102
hash160,18,105,61
hash160,18,106,87
hash160,18,107,91
hash160,18,108,82
hash160,18,109,83
hash160,18,110,103
hash160,18,111,108
hash160,18,112,92
hash160,18,113,95
hash160,18,114,84
hash160,18,115,96
hash160,18,116,89
hash160,18,117,103
hash160,18,118,84
hash160,18,119,79
hash160,18,120,75
hash160,18,121,88
hash160,18,122,81
hash160,18,123,80
hash160,18,124,75
hash160,18,125,94
hash160,18,126,80
hash160,18,127,70
hash160,18,128,68
hash160,18,129,80
hash160,18,130,80
hash160,18,131,81
hash160,18,132,80
hash160,18,133,87
hash160,18,134,82
hash160,18,135,88
hash160,18,136,96
hash160,18,137,88
hash160,18,138,77
hash160,18,139,80
hash160,18,140,85
hash160,18,141,75
hash160,18,142,98
hash160,18,143,88
hash160,18,144,93
hash160,18,145,92
hash160,18,146,76
hash160,18,147,106
hash160,18,148,100
hash160,18,149,84
hash160,18,150,89
hash160,18,151,85
hash160,18,152,91
hash160,18,153,89
hash160,18,154,88
hash160,18,155,95
hash160,18,156,83
hash160,18,157,66
hash160,18,158,87
hash160,18,159,94
hash160,18,160,96
hash160,18,161,70
hash160,18,162,76
hash160,18,163,90
hash160,18,164,72
hash160,18,165,82
hash160,18,166,76
hash160,18,167,76
hash160,18,168,85
hash160,18,169,85
hash160,18,170,90
hash160,18,171,86
hash160,18,172,103
hash160,18,173,94
hash160,18,174,74
hash160,18,175,82
hash160,18,176,78
hash160,18,177,83
hash160,18,178,83
hash160,18,179,76
hash160,18,180,79
hash160,18,181,90
hash160,18,182,75
hash160,18,183,97
hash160,18,184,89
hash160,18,185,83
hash160,18,186,75
hash160,18,187,83
hash160,18,188,72
hash160,18,189,99
hash160,18,190,80
hash160,18,191,79
hash160,18,192,94
hash160,18,193,105
hash160,18,194,62
hash160,18,195,79
hash160,18,196,82
hash160,18,197,81
hash160,18,198,87
hash160,18,199,109
hash160,18,200,83
hash160,18,201,72
hash160,18,202,95
hash160,18,203,77
hash160,18,204,81
hash160,18,205,77
hash160,18,206,108
hash160,18,207,78
hash160,18,208,86
hash160,18,209,84
hash160,18,210,84
hash160,18,211,86
hash160,18,212,75
hash160,18,213,91
hash160,18,214,79
hash160,18,215,69
hash160,18,216,83
hash160,18,217,65
hash160,18,218,93
hash160,18,219,70
hash160,18,220,102
hash160,18,221,80
hash160,18,222,71
hash160,18,223,91
hash160,18,224,87
hash160,18,225,91
hash160,18,226,73
hash160,18,227,74
hash160,18,228,107
hash160,18,229,92
hash160,18,230,89
hash160,18,231,71
hash160,18,232,77
hash160,18,233,92
hash160,18,234,101
hash160,18,235,87
hash160,18,236,76
hash160,18,237,74
hash160,18,238,93
hash160,18,239,89
hash160,18,240,94
hash160,18,241,83
hash160,18,242,98
hash160,18,243,85
hash160,18,244,82
hash160,18,245,86
hash160,18,246,87
hash160,18,247,75
hash160,18,248,96
hash160,18,249,78
hash160,18,250,87
hash160,18,251,102
hash160,18,252,101
hash160,18,253,102
hash160,18,254,81
hash160,18,255,89
hash160,19,0,105
hash160,19,1,85
hash160,19,2,82
hash160,19,3,78
hash160,19,4,79
hash160,19,5,104
hash160,19,6,82
hash160,19,7,93
hash160,19,8,90
hash160,19,9,88
hash160,19,10,83
hash160,19,11,106
hash160,19,12,88
hash160,19,13,75
hash160,19,14,77
hash160,19,15,99
hash160,19,16,87
hash160,19,17,83
hash160,19,18,87
hash160,19,19,79
hash160,19,20,75
hash160,19,21,63
hash160,19,22,77
hash160,19,23,81
hash160,19,24,83
hash160,19,25,83
hash160,19,26,82
hash160,19,27,85
hash160,19,28,106
hash160,19,29,89
hash160,19,30,62
hash160,19,31,101
hash160,19,32,89
hash160,19,33,72
hash160,19,34,91
hash160,19,35,83
hash160,19,36,91
hash160,19,37,85
hash160,19,38,97
hash160,19,39,69
hash160,19,40,85
hash160,19,41,81
hash160,19,42,89
hash160,19,43,81
hash160,19,44,77
hash160,19,45,89
hash160,19,46,88
hash160,19,47,76
hash160,19,48,83
hash160,19,49,100
hash160,19,50,77
hash160,19,51,76
hash160,19,52,101
hash160,19,53,93
hash160,19,54,90
hash160,19,55,82
hash160,19,56,81
hash160,19,57,80
hash160,19,58,95
hash160,19,59,66
hash160,19,60,94
hash160,19,61,82
hash160,19,62,74
hash160,19,63,111
hash160,19,64,80
hash160,19,65,96
hash160,19,66,85
hash160,19,67,89
hash160,19,68,94
hash160,19,69,84
hash160,19,70,103
hash160,19,71,89
hash160,19,72,82
hash160,19,73,86
hash160,19,74,93
hash160,19,75,85
hash160,19,76,80
hash160,19,77,77
hash160,19,78,88
hash160,19,79,84
hash160,19,80,87
hash160,19,81,82
hash160,19,82,81
hash160,19,83,96
hash160,19,84,89
hash160,19,85,76
hash160,19,86,89
hash160,19,87,77
hash160,19,88,73
hash160,19,89,96
hash160,19,90,95
hash160,19,91,89
hash160,19,92,79
hash160,19,93,80
hash160,19,94,83
hash160,19,95,78
hash160,19,96,100
hash160,19,97,116
hash160,19,98,81
hash160,19,99,79
hash160,19,100,93
hash160,19,101,64
hash160,19,102,86
hash160,19,103,77
hash160,19,104,72
hash160,19,105,76
hash160,19,106,86
hash160,19,107,102
hash160,19,108,96
hash160,19,109,85
hash160,19,110,98
hash160,19,111,80
hash160,19,112,81
hash160,19,113,93
hash160,19,114,73
hash160,19,115,90
hash160,19,116,86
hash160,19,117,91
hash160,19,118,82
hash160,19,119,91
hash160,19,120,96
hash160,19,121,87
hash160,19,122,89
hash160,19,123,91
hash160,19,124,76
hash160,19,125,99
hash160,19,126,83
hash160,19,127,76
hash160,19,128,98
hash160,19,129,110
hash160,19,130,83
hash160,19,131,98
hash160,19,132,89
hash160,19,133,88
hash160,19,134,83
hash160,19,135,88
hash160,19,136,79
hash160,19,137,73
hash160,19,138,61
hash160,19,139,78
hash160,19,140,88
hash160,19,141,79
hash160,19,142,86
hash160,19,143,85
hash160,19,144,84
hash160,19,145,84
hash160,19,146,73
hash160,19,147,75
hash160,19,148,82
hash160,19,149,84
hash160,19,150,86
hash160,19,151,93
hash160,19,152,103
hash160,19,153,85
hash160,19,154,88
hash160,19,155,102
hash160,19,156,78
hash160,19,157,78
hash160,19,158,91
hash160,19,159,73
hash160,19,160,86
hash160,19,161,88
hash160,19,162,92
hash160,19,163,87
hash160,19,164,79
hash160,19,165,100
hash160,19,166,77
hash160,19,167,93
hash160,19,168,75
hash160,19,169,69
hash160,19,170,89
hash160,19,171,70
hash160,19,172,85
hash160,19,173,92
hash160,19,174,66
hash160,19,175,89
hash160,19,176,100
hash160,19,177,95
hash160,19,178,103
hash160,19,179,82
hash160,19,180,100
hash160,19,181,84
hash160,19,182,101
hash160,19,183,81
hash160,19,184,95
hash160,19,185,90
hash160,19,186,75
hash160,19,187,91
hash160,19,188,85
hash160,19,189,83
hash160,19,190,103
hash160,19,191,83
hash160,19,192,80
hash160,19,193,77
hash160,19,194,74
hash160,19,195,70
hash160,19,196,88
hash160,19,197,89
hash160,19,198,84
hash160,19,199,91
hash160,19,200,74
hash160,19,201,92
hash160,19,202,88
hash160,19,203,91
hash160,19,204,82
hash160,19,205,76
hash160,19,206,87
hash160,19,207,87
hash160,19,208,80
hash160,19,209,94
hash160,19,210,63
hash160,19,211,81
hash160,19,212,84
hash160,19,213,82
hash160,19,214,96
hash160,19,215,82
hash160,19,216,77
hash160,19,217,95
hash160,19,218,89
hash160,19,219,74
hash160,19,220,86
hash160,19,221,75
hash160,19,222,58
hash160,19,223,93
hash160,19,224,89
hash160,19,225,87
hash160,19,226,104
hash160,19,227,80
hash160,19,228,78
hash160,19,229,75
hash160,19,230,88
hash160,19,231,101
hash160,19,232,83
hash160,19,233,93
hash160,19,234,94
hash160,19,235,83
hash160,19,236,91
hash160,19,237,79
hash160,19,238,85
hash160,19,239,99
hash160,19,240,75
hash160,19,241,106
hash160,19,242,71
hash160,19,243,98
hash160,19,244,85
hash160,19,245,100
hash160,19,246,86
hash160,19,247,77
hash160,19,248,83
hash160,19,249,87
hash160,19,250,115
hash160,19,251,87
hash160,19,252,96
hash160,19,253,83
hash160,19,254,78
hash160,19,255,80
