start_height,end_height,length
12,12,1
28,29,2
64,64,1
78,78,1
127,127,1
131,131,1
163,165,3
168,170,3
172,172,1
174,176,3
178,178,1
186,186,1
188,190,3
192,197,6
204,204,1
206,206,1
210,210,1
235,236,2
240,240,1
265,268,4
278,278,1
296,296,1
309,309,1
311,311,1
317,317,1
320,320,1
329,329,1
334,334,1
357,357,1
360,361,2
372,372,1
394,394,1
407,407,1
413,413,1
417,417,1
419,419,1
421,421,1
431,431,1
433,433,1
439,439,1
442,442,1
450,450,1
461,461,1
463,463,1
465,465,1
473,473,1
485,485,1
490,490,1
493,493,1
501,501,1
506,506,1
509,509,1
512,512,1
521,521,1
528,528,1
541,541,1
562,563,2
567,567,1
575,575,1
591,591,1
596,596,1
598,598,1
604,604,1
607,607,1
613,614,2
624,624,1
634,634,1
644,644,1
651,651,1
658,658,1
665,666,2
673,673,1
685,685,1
687,687,1
699,699,1
702,702,1
707,707,1
713,713,1
720,720,1
726,726,1
728,728,1
730,730,1
739,740,2
748,748,1
752,752,1
757,757,1
760,760,1
767,767,1
772,773,2
777,777,1
782,782,1
786,788,3
803,803,1
809,809,1
811,811,1
813,814,2
819,819,1
821,821,1
824,824,1
828,828,1
830,830,1
842,842,1
844,844,1
850,850,1
858,858,1
866,866,1
869,869,1
885,885,1
887,887,1
899,899,1
905,905,1
907,907,1
913,913,1
915,915,1
923,923,1
927,927,1
935,935,1
940,941,2
945,945,1
949,949,1
955,956,2
958,959,2
964,964,1
966,966,1
979,979,1
984,984,1
986,986,1
988,988,1
992,994,3
996,996,1
998,999,2
1003,1003,1
1010,1010,1
1014,1014,1
1018,1018,1
1023,1023,1
1025,1025,1
1027,1028,2
1031,1031,1
1042,1042,1
1060,1061,2
1063,1063,1
1065,1065,1
1068,1068,1
1075,1075,1
1083,1083,1
1088,1088,1
1091,1091,1
1093,1094,2
1096,1096,1
1102,1102,1
1105,1105,1
1107,1107,1
1113,1114,2
1116,1116,1
1119,1119,1
1123,1123,1
1125,1125,1
1135,1136,2
1139,1139,1
1143,1144,2
1150,1150,1
1153,1153,1
1160,1160,1
1172,1172,1
1178,1179,2
1192,1192,1
1195,1195,1
1197,1197,1
1206,1206,1
1208,1208,1
1214,1214,1
1216,1219,4
1227,1227,1
1233,1233,1
1240,1240,1
1242,1242,1
1245,1245,1
1248,1248,1
1254,1255,2
1260,1260,1
1263,1263,1
1267,1267,1
1269,1270,2
1276,1276,1
1284,1285,2
1289,1289,1
1296,1299,4
1309,1309,1
1316,1316,1
1333,1333,1
1342,1342,1
1352,1352,1
1371,1371,1
1376,1376,1
1378,1378,1
1383,1383,1
1385,1385,1
1387,1399,13
1408,1409,2
1412,1412,1
1417,1417,1
1425,1425,1
1440,1440,1
1471,1471,1
1479,1479,1
1486,1487,2
1507,1507,1
1513,1514,2
1520,1522,3
1525,1525,1
1547,1547,1
1565,1565,1
1568,1568,1
1571,1571,1
1576,1576,1
1579,1579,1
1591,1591,1
1598,1598,1
1607,1607,1
1614,1614,1
1621,1621,1
1631,1631,1
1650,1650,1
1652,1652,1
1659,1659,1
1664,1664,1
1673,1674,2
1678,1678,1
1701,1701,1
1713,1713,1
1716,1716,1
1720,1720,1
1735,1735,1
1743,1743,1
1752,1752,1
1758,1758,1
1761,1761,1
1773,1773,1
1780,1780,1
1820,1820,1
1822,1822,1
1826,1826,1
1836,1836,1
1841,1841,1
1864,1864,1
1871,1871,1
1900,1900,1
1904,1904,1
1909,1909,1
1912,1912,1
1916,1920,5
1923,1923,1
1929,1929,1
1935,1936,2
1938,1938,1
1947,1947,1
1964,1964,1
1967,1967,1
1969,1969,1
1971,1971,1
1978,1978,1
1996,1996,1
2003,2003,1
2025,2025,1
2031,2031,1
2033,2033,1
2038,2038,1
2062,2062,1
2070,2070,1
2078,2078,1
2085,2085,1
2087,2087,1
2089,2089,1
2099,2100,2
2102,2102,1
2104,2104,1
2108,2108,1
2114,2114,1
2116,2117,2
2119,2119,1
2127,2127,1
2130,2130,1
2132,2141,10
2147,2148,2
2152,2152,1
2154,2154,1
2158,2158,1
2161,2161,1
2163,2163,1
2165,2165,1
2172,2172,1
2176,2176,1
2178,2178,1
2184,2184,1
2186,2186,1
2189,2190,2
2197,2197,1
2203,2203,1
2205,2205,1
2209,2209,1
2211,2212,2
2214,2214,1
2219,2219,1
2224,2224,1
2228,2228,1
2230,2230,1
2234,2234,1
2243,2243,1
2245,2245,1
2247,2247,1
2249,2250,2
2252,2253,2
2255,2255,1
2259,2259,1
2261,2261,1
2266,2266,1
2269,2270,2
2272,2272,1
2275,2275,1
2279,2279,1
2284,2284,1
2288,2288,1
2290,2290,1
2292,2292,1
2296,2297,2
2300,2300,1
2304,2304,1
2313,2313,1
2319,2319,1
2323,2323,1
2327,2327,1
2330,2330,1
2334,2334,1
2338,2339,2
2343,2343,1
2351,2351,1
2353,2353,1
2355,2355,1
2357,2357,1
2359,2360,2
2362,2362,1
2367,2367,1
2379,2379,1
2387,2387,1
2390,2390,1
2400,2401,2
2407,2408,2
2421,2422,2
2425,2425,1
2435,2435,1
2440,2440,1
2447,2447,1
2452,2452,1
2455,2455,1
2457,2457,1
2462,2462,1
2464,2464,1
2466,2466,1
2468,2468,1
2471,2471,1
2475,2475,1
2480,2480,1
2482,2482,1
2486,2486,1
2488,2489,2
2492,2493,2
2498,2498,1
2500,2502,3
2504,2504,1
2506,2506,1
2509,2509,1
2512,2514,3
2517,2518,2
2525,2525,1
2536,2536,1
2540,2541,2
2556,2557,2
2565,2565,1
2568,2568,1
2570,2570,1
2575,2576,2
2581,2581,1
2591,2592,2
2597,2597,1
2599,2600,2
2602,2602,1
2607,2608,2
2611,2612,2
2614,2614,1
2618,2618,1
2620,2621,2
2623,2623,1
2625,2625,1
2628,2628,1
2630,2630,1
2632,2632,1
2634,2634,1
2636,2636,1
2643,2644,2
2651,2651,1
2654,2654,1
2656,2656,1
2658,2659,2
2662,2662,1
2664,2665,2
2669,2669,1
2672,2673,2
2676,2676,1
2684,2686,3
2688,2688,1
2690,2690,1
2693,2693,1
2696,2698,3
2702,2702,1
2706,2706,1
2716,2718,3
2723,2723,1
2727,2728,2
2731,2731,1
2733,2733,1
2735,2735,1
2738,2738,1
2740,2740,1
2748,2748,1
2755,2755,1
2759,2760,2
2762,2762,1
2764,2764,1
2768,2768,1
2771,2772,2
2775,2775,1
2779,2779,1
2782,2783,2
2787,2787,1
2790,2790,1
2794,2794,1
2798,2798,1
2800,2800,1
2805,2807,3
2813,2813,1
2815,2816,2
2818,2818,1
2820,2821,2
2825,2827,3
2831,2831,1
2843,2843,1
2845,2845,1
2848,2848,1
2850,2850,1
2853,2854,2
2857,2857,1
2862,2862,1
2865,2865,1
2867,2867,1
2870,2872,3
2881,2881,1
2883,2884,2
2891,2891,1
2893,2893,1
2895,2895,1
2898,2898,1
2901,2901,1
2904,2906,3
2917,2917,1
2919,2923,5
2929,2929,1
2934,2934,1
2938,2938,1
2940,2940,1
2943,2943,1
2946,2946,1
2948,2948,1
2954,2954,1
2956,2956,1
2958,2959,2
2963,2963,1
2967,2967,1
2977,2978,2
2984,2984,1
2986,2986,1
2990,2990,1
2993,2993,1
2995,2995,1
3004,3004,1
3007,3007,1
3010,3010,1
3014,3014,1
3017,3017,1
3020,3020,1
3023,3023,1
3028,3028,1
3032,3032,1
3035,3036,2
3038,3038,1
3044,3044,1
3046,3046,1
3048,3048,1
3053,3053,1
3056,3059,4
3061,3061,1
3069,3069,1
3079,3079,1
3091,3091,1
3095,3095,1
3098,3098,1
3100,3100,1
3103,3103,1
3106,3106,1
3111,3111,1
3116,3117,2
3119,3119,1
3121,3121,1
3124,3124,1
3126,3126,1
3128,3128,1
3132,3132,1
3136,3136,1
3138,3138,1
3141,3142,2
3146,3148,3
3151,3151,1
3154,3154,1
3158,3160,3
3164,3165,2
3167,3167,1
3170,3171,2
3174,3174,1
3179,3179,1
3182,3182,1
3186,3186,1
3189,3189,1
3192,3192,1
3194,3194,1
3202,3203,2
3205,3205,1
3208,3208,1
3215,3215,1
3220,3220,1
3223,3223,1
3225,3226,2
3230,3230,1
3240,3240,1
3244,3244,1
3248,3248,1
3250,3250,1
3254,3254,1
3257,3257,1
3261,3261,1
3266,3266,1
3268,3268,1
3275,3276,2
3280,3280,1
3288,3288,1
3293,3295,3
3298,3298,1
3303,3303,1
3306,3307,2
3315,3315,1
3318,3318,1
3323,3323,1
3326,3326,1
3328,3328,1
3331,3331,1
3334,3334,1
3336,3336,1
3346,3346,1
3348,3348,1
3350,3350,1
3356,3358,3
3360,3361,2
3365,3365,1
3368,3368,1
3371,3371,1
3374,3374,1
3376,3376,1
3381,3381,1
3383,3383,1
3387,3387,1
3390,3391,2
3396,3399,4
3404,3404,1
3406,3407,2
3409,3409,1
3413,3413,1
3416,3416,1
3418,3419,2
3425,3426,2
3428,3428,1
3435,3435,1
3438,3439,2
3442,3442,1
3444,3444,1
3450,3451,2
3456,3456,1
3458,3458,1
3461,3462,2
3466,3466,1
3469,3469,1
3472,3473,2
3476,3476,1
3478,3478,1
3480,3481,2
3483,3483,1
3488,3489,2
3497,3497,1
3502,3504,3
3506,3506,1
3508,3509,2
3513,3514,2
3518,3518,1
3521,3521,1
3523,3523,1
3530,3530,1
3532,3533,2
3535,3536,2
3539,3539,1
3544,3544,1
3546,3546,1
3549,3549,1
3551,3551,1
3557,3557,1
3561,3561,1
3563,3563,1
3565,3565,1
3568,3568,1
3573,3573,1
3581,3581,1
3589,3589,1
3596,3596,1
3598,3598,1
3602,3602,1
3604,3604,1
3607,3607,1
3609,3609,1
3612,3612,1
3614,3614,1
3617,3617,1
3619,3620,2
3623,3624,2
3627,3629,3
3632,3633,2
3636,3636,1
3638,3638,1
3644,3644,1
3648,3649,2
3651,3652,2
3654,3654,1
3656,3657,2
3660,3660,1
3662,3662,1
3665,3665,1
3669,3670,2
3672,3672,1
3679,3679,1
3682,3683,2
3685,3686,2
3688,3688,1
3692,3692,1
3695,3695,1
3697,3697,1
3700,3701,2
3712,3712,1
3716,3716,1
3721,3721,1
3732,3732,1
3736,3736,1
3739,3739,1
3744,3745,2
3753,3753,1
3758,3759,2
3762,3762,1
3766,3766,1
3768,3768,1
3772,3774,3
3778,3778,1
3784,3785,2
3788,3788,1
3797,3797,1
3799,3799,1
3804,3805,2
3809,3811,3
3813,3814,2
3817,3817,1
3821,3822,2
3825,3825,1
3827,3828,2
3833,3833,1
3836,3836,1
3839,3839,1
3844,3845,2
3849,3849,1
3851,3851,1
3858,3858,1
3860,3861,2
3863,3863,1
3869,3869,1
3871,3871,1
3879,3879,1
3881,3882,2
3885,3885,1
3887,3887,1
3893,3893,1
3898,3898,1
3903,3904,2
3909,3909,1
3918,3918,1
3924,3924,1
3928,3928,1
3933,3935,3
3938,3938,1
3942,3942,1
3945,3945,1
3949,3949,1
3953,3953,1
3955,3955,1
3958,3958,1
3961,3961,1
3965,3965,1
3971,3971,1
3973,3973,1
3980,3980,1
3985,3985,1
3987,3987,1
3992,3992,1
3994,3994,1
3997,3997,1
4002,4002,1
4004,4004,1
4014,4014,1
4017,4017,1
4025,4026,2
4029,4031,3
4033,4033,1
4037,4037,1
4039,4040,2
4043,4043,1
4046,4046,1
4048,4049,2
4055,4055,1
4059,4060,2
4062,4062,1
4066,4067,2
4069,4069,1
4073,4075,3
4077,4077,1
4080,4080,1
4087,4087,1
4092,4093,2
4099,4099,1
4104,4104,1
4108,4108,1
4110,4110,1
4113,4113,1
4115,4115,1
4117,4117,1
4119,4119,1
4122,4122,1
4125,4126,2
4134,4134,1
4139,4139,1
4143,4143,1
4145,4145,1
4150,4150,1
4155,4156,2
4159,4160,2
4164,4164,1
4166,4166,1
4169,4169,1
4171,4171,1
4181,4182,2
4184,4186,3
4189,4190,2
4193,4193,1
4195,4195,1
4198,4198,1
4204,4204,1
4206,4206,1
4215,4215,1
4217,4217,1
4221,4221,1
4223,4223,1
4226,4226,1
4228,4228,1
4236,4236,1
4238,4238,1
4240,4240,1
4243,4243,1
4247,4247,1
4250,4252,3
4255,4255,1
4260,4260,1
4265,4267,3
4270,4270,1
4272,4272,1
4276,4276,1
4278,4279,2
4282,4284,3
4289,4290,2
4293,4293,1
4302,4306,5
4315,4315,1
4319,4319,1
4325,4325,1
4328,4329,2
4332,4332,1
4334,4334,1
4337,4338,2
4340,4341,2
4345,4345,1
4347,4347,1
4350,4350,1
4355,4355,1
4358,4358,1
4361,4362,2
4364,4364,1
4369,4369,1
4378,4378,1
4382,4382,1
4384,4384,1
4391,4391,1
4393,4393,1
4400,4400,1
4404,4406,3
4410,4410,1
4415,4415,1
4420,4420,1
4426,4426,1
4428,4428,1
4431,4431,1
4434,4435,2
4438,4439,2
4441,4443,3
4446,4446,1
4449,4449,1
4459,4459,1
4466,4466,1
4469,4471,3
4473,4473,1
4475,4475,1
4482,4483,2
4485,4485,1
4495,4496,2
4499,4499,1
4501,4501,1
4508,4508,1
4513,4514,2
4521,4521,1
4523,4523,1
4533,4533,1
4535,4535,1
4543,4544,2
4547,4547,1
4556,4556,1
4559,4559,1
4561,4561,1
4564,4564,1
4568,4568,1
4570,4570,1
4574,4574,1
4584,4584,1
4587,4588,2
4592,4593,2
4596,4596,1
4599,4599,1
4603,4603,1
4607,4607,1
4610,4610,1
4612,4612,1
4617,4617,1
4624,4625,2
4628,4628,1
4630,4630,1
4632,4632,1
4637,4637,1
4650,4650,1
4658,4659,2
4661,4661,1
4666,4666,1
4669,4669,1
4672,4672,1
4678,4679,2
4683,4684,2
4690,4690,1
4692,4692,1
4705,4706,2
4711,4711,1
4713,4713,1
4726,4726,1
4729,4730,2
4740,4740,1
4747,4747,1
4751,4751,1
4754,4754,1
4756,4756,1
4760,4760,1
4767,4768,2
4770,4770,1
4773,4773,1
4776,4776,1
4782,4782,1
4794,4795,2
4801,4801,1
4804,4804,1
4808,4808,1
4815,4815,1
4818,4818,1
4822,4822,1
4825,4825,1
4830,4831,2
4840,4840,1
4843,4843,1
4848,4849,2
4851,4852,2
4854,4854,1
4856,4856,1
4859,4859,1
4864,4865,2
4869,4869,1
4871,4871,1
4874,4874,1
4879,4879,1
4883,4883,1
4886,4886,1
4888,4888,1
4890,4890,1
4892,4893,2
4897,4898,2
4904,4904,1
4908,4909,2
4912,4912,1
4918,4918,1
4921,4921,1
4924,4924,1
4930,4930,1
4932,4932,1
4935,4935,1
4941,4941,1
4945,4945,1
4950,4950,1
4952,4952,1
4955,4955,1
4959,4959,1
4961,4961,1
4963,4963,1
4966,4966,1
4970,4970,1
4975,4975,1
4977,4977,1
4979,4979,1
4984,4984,1
4986,4986,1
4989,4989,1
4991,4992,2
4994,4995,2
4998,4999,2
5005,5005,1
5007,5008,2
5013,5013,1
5015,5015,1
5019,5019,1
5030,5030,1
5034,5035,2
5058,5058,1
5065,5065,1
5067,5067,1
5072,5072,1
5075,5075,1
5077,5077,1
5084,5084,1
5091,5091,1
5096,5096,1
5099,5099,1
5105,5105,1
5108,5108,1
5112,5112,1
5120,5121,2
5127,5127,1
5130,5131,2
5135,5135,1
5139,5139,1
5146,5146,1
5149,5149,1
5152,5152,1
5155,5155,1
5160,5160,1
5166,5166,1
5169,5172,4
5174,5174,1
5176,5176,1
5180,5180,1
5189,5189,1
5191,5191,1
5194,5194,1
5199,5202,4
5205,5205,1
5208,5208,1
5211,5211,1
5213,5213,1
5215,5215,1
5219,5219,1
5228,5228,1
5234,5234,1
5236,5236,1
5238,5238,1
5240,5240,1
5246,5246,1
5248,5248,1
5254,5254,1
5258,5258,1
5260,5260,1
5262,5262,1
5265,5265,1
5273,5273,1
5278,5278,1
5282,5282,1
5286,5286,1
5288,5288,1
5295,5295,1
5305,5306,2
5311,5311,1
5319,5320,2
5323,5323,1
5339,5339,1
5341,5341,1
5351,5351,1
5356,5356,1
5366,5366,1
5368,5368,1
5371,5372,2
5375,5375,1
5379,5379,1
5381,5381,1
5390,5390,1
5401,5401,1
5404,5404,1
5406,5406,1
5411,5411,1
5413,5413,1
5418,5419,2
5428,5428,1
5452,5452,1
5459,5459,1
5461,5461,1
5463,5463,1
5465,5465,1
5469,5469,1
5476,5476,1
5478,5478,1
5480,5481,2
5486,5486,1
5501,5501,1
5506,5506,1
5514,5514,1
5517,5517,1
5519,5519,1
5521,5521,1
5525,5525,1
5531,5531,1
5542,5542,1
5546,5546,1
5548,5548,1
5555,5555,1
5560,5560,1
5562,5562,1
5567,5567,1
5569,5570,2
5575,5575,1
5582,5582,1
5606,5606,1
5613,5613,1
5628,5628,1
5634,5634,1
5638,5638,1
5664,5665,2
5678,5678,1
5682,5682,1
5685,5685,1
5696,5696,1
5698,5698,1
5702,5702,1
5709,5709,1
5713,5713,1
5720,5721,2
5723,5724,2
5733,5733,1
5735,5736,2
5743,5743,1
5747,5748,2
5751,5751,1
5753,5753,1
5756,5756,1
5760,5760,1
5763,5763,1
5769,5769,1
5772,5772,1
5777,5778,2
5788,5788,1
5791,5791,1
5793,5793,1
5796,5796,1
5798,5798,1
5802,5802,1
5804,5804,1
5816,5816,1
5820,5820,1
5830,5830,1
5834,5834,1
5843,5843,1
5864,5864,1
5882,5882,1
5887,5887,1
5895,5895,1
5905,5906,2
5928,5928,1
5936,5936,1
5939,5939,1
5944,5945,2
5953,5953,1
5961,5961,1
5966,5966,1
5974,5974,1
5986,5986,1
5992,5992,1
5997,5997,1
5999,5999,1
6003,6004,2
6007,6007,1
6022,6022,1
6027,6027,1
6036,6036,1
6038,6038,1
6040,6040,1
6048,6048,1
6057,6057,1
6062,6062,1
6065,6065,1
6078,6078,1
6081,6081,1
6090,6090,1
6103,6103,1
6105,6105,1
6112,6112,1
6116,6116,1
6122,6123,2
6127,6127,1
6142,6142,1
6146,6147,2
6162,6162,1
6174,6174,1
6180,6180,1
6184,6184,1
6190,6190,1
6192,6194,3
6205,6205,1
6207,6207,1
6214,6214,1
6216,6216,1
6234,6234,1
6240,6241,2
6248,6248,1
6258,6258,1
6262,6262,1
6264,6264,1
6266,6267,2
6269,6269,1
6271,6272,2
6276,6276,1
6279,6279,1
6282,6282,1
6289,6289,1
6294,6294,1
6296,6296,1
6303,6303,1
6307,6307,1
6311,6311,1
6316,6316,1
6331,6331,1
6335,6335,1
6338,6338,1
6360,6360,1
6362,6362,1
6366,6366,1
6368,6368,1
6385,6385,1
6387,6387,1
6390,6390,1
6393,6393,1
6401,6401,1
6405,6405,1
6415,6415,1
6417,6417,1
6421,6421,1
6426,6426,1
6428,6428,1
6436,6437,2
6443,6443,1
6446,6446,1
6448,6448,1
6451,6451,1
6454,6455,2
6461,6465,5
6473,6473,1
6478,6478,1
6481,6481,1
6484,6484,1
6486,6486,1
6499,6500,2
6505,6505,1
6507,6509,3
6513,6513,1
6517,6517,1
6527,6527,1
6529,6529,1
6531,6531,1
6539,6539,1
6545,6545,1
6550,6550,1
6552,6553,2
6561,6562,2
6565,6566,2
6568,6568,1
6576,6576,1
6582,6582,1
6585,6585,1
6590,6590,1
6594,6594,1
6600,6600,1
6603,6603,1
6606,6606,1
6610,6610,1
6612,6613,2
6620,6620,1
6622,6623,2
6627,6627,1
6635,6635,1
6645,6645,1
6647,6647,1
6656,6657,2
6674,6676,3
6679,6679,1
6682,6682,1
6692,6693,2
6695,6695,1
6701,6701,1
6710,6710,1
6721,6722,2
6725,6725,1
6727,6728,2
6735,6735,1
6742,6742,1
6754,6754,1
6761,6761,1
6766,6766,1
6768,6768,1
6771,6771,1
6776,6776,1
6784,6784,1
6787,6787,1
6789,6789,1
6795,6795,1
6798,6798,1
6804,6804,1
6806,6806,1
6809,6809,1
6811,6812,2
6829,6829,1
6833,6834,2
6836,6836,1
6840,6840,1
6844,6844,1
6847,6847,1
6854,6854,1
6858,6858,1
6860,6860,1
6862,6862,1
6864,6865,2
6880,6880,1
6885,6885,1
6894,6895,2
6905,6905,1
6908,6908,1
6910,6910,1
6915,6915,1
6917,6917,1
6920,6921,2
6930,6930,1
6936,6936,1
6949,6950,2
6955,6955,1
6960,6960,1
6962,6963,2
6968,6968,1
6970,6970,1
6972,6972,1
6974,6974,1
6991,6992,2
6998,6998,1
7012,7012,1
7015,7015,1
7022,7022,1
7026,7026,1
7028,7028,1
7034,7034,1
7039,7039,1
7048,7048,1
7053,7053,1
7055,7057,3
7064,7064,1
7067,7067,1
7071,7071,1
7073,7073,1
7083,7083,1
7088,7088,1
7096,7098,3
7100,7101,2
7105,7105,1
7109,7109,1
7113,7113,1
7116,7118,3
7121,7121,1
7129,7129,1
7132,7134,3
7139,7139,1
7150,7150,1
7152,7152,1
7154,7154,1
7158,7158,1
7161,7161,1
7167,7167,1
7169,7169,1
7176,7176,1
7180,7180,1
7183,7185,3
7191,7191,1
7193,7194,2
7200,7200,1
7204,7204,1
7206,7206,1
7211,7211,1
7215,7216,2
7225,7225,1
7227,7227,1
7230,7230,1
7232,7232,1
7235,7236,2
7241,7241,1
7244,7244,1
7262,7263,2
7268,7268,1
7277,7277,1
7280,7280,1
7299,7299,1
7302,7302,1
7306,7306,1
7309,7309,1
7312,7312,1
7317,7317,1
7319,7319,1
7322,7322,1
7334,7335,2
7343,7343,1
7353,7353,1
7356,7356,1
7358,7358,1
7361,7361,1
7366,7366,1
7368,7368,1
7370,7370,1
7378,7379,2
7382,7382,1
7385,7385,1
7393,7393,1
7401,7402,2
7412,7412,1
7421,7421,1
7424,7424,1
7429,7430,2
7437,7438,2
7441,7442,2
7450,7450,1
7455,7455,1
7461,7461,1
7464,7464,1
7466,7466,1
7473,7473,1
7476,7477,2
7483,7483,1
7487,7487,1
7494,7494,1
7498,7498,1
7502,7502,1
7507,7508,2
7511,7511,1
7513,7514,2
7523,7523,1
7533,7533,1
7535,7535,1
7539,7539,1
7545,7545,1
7553,7553,1
7556,7556,1
7561,7561,1
7565,7566,2
7568,7569,2
7571,7571,1
7573,7573,1
7575,7575,1
7578,7578,1
7580,7580,1
7582,7583,2
7588,7588,1
7601,7601,1
7607,7607,1
7609,7610,2
7612,7612,1
7614,7614,1
7618,7618,1
7622,7622,1
7625,7628,4
7631,7631,1
7633,7633,1
7636,7636,1
7643,7643,1
7649,7649,1
7651,7652,2
7654,7654,1
7660,7660,1
7663,7663,1
7668,7668,1
7674,7675,2
7681,7681,1
7695,7695,1
7697,7697,1
7701,7701,1
7703,7703,1
7706,7707,2
7709,7709,1
7716,7716,1
7719,7719,1
7724,7724,1
7727,7727,1
7736,7736,1
7745,7745,1
7748,7748,1
7751,7751,1
7756,7756,1
7771,7772,2
7774,7774,1
7776,7776,1
7784,7785,2
7787,7787,1
7790,7790,1
7801,7801,1
7804,7804,1
7807,7807,1
7811,7811,1
7813,7814,2
7819,7820,2
7828,7828,1
7831,7831,1
7843,7844,2
7852,7852,1
7869,7869,1
7877,7877,1
7881,7881,1
7884,7886,3
7888,7888,1
7891,7891,1
7908,7908,1
7912,7912,1
7915,7916,2
7923,7923,1
7928,7928,1
7930,7930,1
7932,7932,1
7934,7934,1
7943,7943,1
7945,7946,2
7949,7949,1
7952,7952,1
7963,7964,2
7970,7970,1
7976,7978,3
7989,7989,1
7995,7997,3
7999,8000,2
8002,8003,2
8006,8006,1
8009,8009,1
8017,8017,1
8019,8019,1
8025,8025,1
8028,8029,2
8034,8034,1
8037,8037,1
8040,8041,2
8045,8046,2
8051,8051,1
8061,8061,1
8066,8066,1
8072,8072,1
8074,8075,2
8077,8077,1
8081,8081,1
8086,8086,1
8088,8089,2
8095,8095,1
8098,8098,1
8102,8102,1
8108,8108,1
8113,8113,1
8115,8115,1
8121,8121,1
8128,8129,2
8138,8138,1
8145,8145,1
8151,8151,1
8153,8153,1
8156,8156,1
8159,8159,1
8166,8166,1
8168,8168,1
8172,8173,2
8177,8177,1
8179,8179,1
8183,8184,2
8187,8187,1
8189,8189,1
8192,8193,2
8199,8199,1
8203,8203,1
8205,8206,2
8211,8231,21
8235,8236,2
8238,8238,1
8240,8240,1
8243,8243,1
8245,8245,1
8251,8252,2
8255,8256,2
8272,8272,1
8274,8274,1
8276,8276,1
8279,8279,1
8282,8282,1
8285,8285,1
8288,8288,1
8290,8292,3
8295,8295,1
8297,8297,1
8299,8299,1
8301,8301,1
8305,8305,1
8308,8308,1
8313,8313,1
8315,8315,1
8317,8317,1
8323,8323,1
8326,8326,1
8328,8328,1
8333,8333,1
8338,8339,2
8341,8341,1
8351,8351,1
8356,8358,3
8363,8363,1
8367,8368,2
8370,8371,2
8383,8383,1
8390,8390,1
8392,8392,1
8397,8397,1
8401,8402,2
8413,8415,3
8417,8417,1
8423,8423,1
8425,8427,3
8430,8430,1
8433,8433,1
8437,8437,1
8443,8443,1
8446,8446,1
8448,8448,1
8451,8451,1
8458,8458,1
8472,8472,1
8488,8488,1
8493,8493,1
8504,8505,2
8509,8509,1
8517,8517,1
8529,8530,2
8532,8533,2
8545,8545,1
8554,8554,1
8562,8562,1
8568,8568,1
8572,8572,1
8578,8578,1
8584,8584,1
8587,8587,1
8594,8595,2
8597,8597,1
8602,8602,1
8604,8604,1
8611,8611,1
8615,8615,1
8620,8620,1
8623,8623,1
8626,8627,2
8633,8633,1
8637,8637,1
8645,8649,5
8651,8651,1
8654,8654,1
8660,8660,1
8662,8662,1
8666,8666,1
8684,8684,1
8687,8687,1
8689,8689,1
8692,8692,1
8698,8698,1
8700,8700,1
8703,8703,1
8708,8709,2
8711,8711,1
8714,8714,1
8716,8717,2
8721,8721,1
8723,8723,1
8727,8727,1
8731,8731,1
8741,8741,1
8750,8750,1
8764,8765,2
8767,8767,1
8780,8780,1
8782,8782,1
8784,8784,1
8794,8794,1
8805,8805,1
8808,8808,1
8814,8814,1
8817,8817,1
8819,8819,1
8827,8827,1
8838,8838,1
8841,8841,1
8845,8845,1
8849,8849,1
8854,8854,1
8858,8858,1
8864,8865,2
8867,8867,1
8869,8869,1
8892,8892,1
8899,8899,1
8903,8903,1
8905,8905,1
8908,8909,2
8918,8918,1
8920,8922,3
8928,8928,1
8932,8932,1
8934,8935,2
8938,8938,1
8941,8941,1
8950,8950,1
8952,8952,1
8954,8954,1
8958,8958,1
8964,8964,1
8967,8968,2
8970,8970,1
8980,8980,1
8982,8982,1
8984,8984,1
8989,8989,1
8992,8992,1
8995,8995,1
9002,9003,2
9006,9006,1
9010,9010,1
9017,9017,1
9019,9019,1
9024,9024,1
9026,9026,1
9042,9042,1
9045,9045,1
9052,9052,1
9060,9060,1
9077,9077,1
9086,9086,1
9091,9091,1
9094,9094,1
9098,9098,1
9103,9103,1
9109,9109,1
9111,9112,2
9117,9117,1
9121,9122,2
9125,9125,1
9131,9131,1
9134,9134,1
9142,9142,1
9145,9146,2
9152,9152,1
9155,9158,4
9160,9160,1
9170,9170,1
9176,9178,3
9183,9183,1
9186,9186,1
9190,9191,2
9196,9197,2
9199,9199,1
9204,9204,1
9206,9206,1
9211,9212,2
9214,9214,1
9217,9217,1
9220,9221,2
9224,9224,1
9228,9228,1
9230,9230,1
9233,9235,3
9240,9240,1
9243,9243,1
9247,9247,1
9251,9251,1
9255,9255,1
9261,9261,1
9269,9269,1
9272,9272,1
9274,9274,1
9279,9279,1
9285,9285,1
9296,9296,1
9300,9300,1
9302,9302,1
9306,9306,1
9308,9309,2
9316,9317,2
9322,9322,1
9329,9329,1
9338,9338,1
9340,9340,1
9342,9342,1
9357,9359,3
9364,9364,1
9370,9370,1
9398,9398,1
9403,9403,1
9406,9406,1
9412,9412,1
9424,9424,1
9427,9427,1
9436,9436,1
9438,9438,1
9441,9442,2
9449,9449,1
9451,9451,1
9455,9455,1
9459,9459,1
9462,9462,1
9464,9464,1
9466,9467,2
9472,9472,1
9474,9474,1
9487,9487,1
9495,9496,2
9500,9500,1
9505,9505,1
9507,9507,1
9511,9512,2
9516,9516,1
9519,9520,2
9523,9525,3
9528,9528,1
9530,9530,1
9533,9534,2
9536,9536,1
9539,9539,1
9553,9553,1
9555,9556,2
9559,9559,1
9566,9566,1
9569,9569,1
9573,9573,1
9576,9576,1
9587,9587,1
9605,9605,1
9622,9623,2
9625,9625,1
9628,9628,1
9632,9632,1
9635,9635,1
9640,9641,2
9647,9647,1
9656,9657,2
9659,9659,1
9666,9666,1
9670,9670,1
9676,9676,1
9679,9679,1
9688,9689,2
9693,9693,1
9695,9695,1
9699,9699,1
9701,9701,1
9706,9706,1
9708,9708,1
9711,9711,1
9714,9714,1
9716,9716,1
9719,9719,1
9724,9724,1
9727,9727,1
9731,9731,1
9735,9736,2
9739,9739,1
9743,9743,1
9755,9755,1
9760,9760,1
9770,9770,1
9775,9775,1
9779,9780,2
9787,9787,1
9789,9789,1
9792,9792,1
9795,9795,1
9797,9798,2
9804,9807,4
9809,9809,1
9811,9811,1
9817,9817,1
9829,9829,1
9832,9832,1
9834,9834,1
9838,9838,1
9843,9843,1
9853,9853,1
9856,9857,2
9859,9859,1
9865,9865,1
9868,9868,1
9870,9870,1
9872,9872,1
9876,9876,1
9878,9878,1
9881,9881,1
9887,9888,2
9890,9890,1
9893,9893,1
9896,9897,2
9901,9901,1
9904,9905,2
9907,9907,1
9915,9916,2
9919,9920,2
9930,9930,1
9935,9935,1
9937,9937,1
9941,9941,1
9943,9943,1
9950,9950,1
9954,9954,1
9958,9958,1
9966,9966,1
9973,9973,1
9975,9975,1
9978,9979,2
9981,9983,3
9988,9988,1
9992,9993,2
9995,9995,1
9998,9998,1
10007,10007,1
10010,10010,1
10015,10015,1
10038,10038,1
10040,10040,1
10049,10049,1
10053,10053,1
10056,10057,2
10062,10062,1
10071,10071,1
10078,10078,1
10093,10093,1
10104,10104,1
10107,10107,1
10117,10117,1
10126,10126,1
10133,10133,1
10155,10155,1
10159,10159,1
10172,10172,1
10188,10188,1
10196,10196,1
10199,10199,1
10210,10210,1
10212,10212,1
10214,10214,1
10217,10217,1
10225,10225,1
10229,10229,1
10233,10234,2
10239,10239,1
10243,10244,2
10273,10273,1
10278,10278,1
10286,10286,1
10290,10290,1
10297,10297,1
10311,10311,1
10318,10318,1
10332,10332,1
10339,10339,1
10349,10349,1
10351,10351,1
10354,10355,2
10358,10358,1
10360,10360,1
10363,10363,1
10366,10366,1
10374,10374,1
10380,10380,1
10386,10387,2
10389,10389,1
10393,10393,1
10396,10396,1
10400,10400,1
10408,10408,1
10413,10413,1
10420,10421,2
10432,10432,1
10437,10437,1
10440,10440,1
10453,10453,1
10455,10455,1
10457,10458,2
10461,10461,1
10463,10463,1
10465,10465,1
10468,10469,2
10484,10484,1
10492,10492,1
10496,10496,1
10501,10501,1
10505,10505,1
10509,10510,2
10514,10514,1
10517,10517,1
10519,10519,1
10521,10521,1
10524,10524,1
10529,10529,1
10536,10536,1
10541,10541,1
10545,10545,1
10547,10547,1
10551,10551,1
10553,10553,1
10556,10560,5
10566,10566,1
10574,10574,1
10576,10576,1
10578,10578,1
10585,10585,1
10593,10593,1
10598,10598,1
10600,10600,1
10605,10606,2
10619,10619,1
10626,10626,1
10628,10628,1
10636,10636,1
10644,10644,1
10646,10646,1
10651,10651,1
10657,10657,1
10664,10664,1
10667,10667,1
10677,10677,1
10683,10684,2
10690,10690,1
10702,10702,1
10711,10711,1
10719,10721,3
10726,10726,1
10728,10728,1
10731,10731,1
10734,10734,1
10742,10743,2
10745,10745,1
10748,10748,1
10753,10753,1
10756,10756,1
10763,10763,1
10767,10767,1
10772,10772,1
10774,10774,1
10777,10777,1
10783,10783,1
10794,10794,1
10797,10797,1
10806,10806,1
10810,10810,1
10812,10812,1
10823,10823,1
10825,10825,1
10827,10827,1
10833,10834,2
10836,10836,1
10844,10844,1
10850,10850,1
10852,10852,1
10854,10855,2
10860,10862,3
10865,10867,3
10876,10876,1
10879,10879,1
10883,10883,1
10888,10888,1
10892,10892,1
10897,10897,1
10899,10899,1
10903,10903,1
10907,10907,1
10909,10909,1
10914,10914,1
10919,10920,2
10922,10922,1
10926,10926,1
10930,10931,2
10935,10935,1
10942,10942,1
10951,10952,2
10957,10957,1
10959,10959,1
10968,10968,1
10970,10970,1
10974,10974,1
10979,10979,1
10983,10983,1
10987,10987,1
10990,10990,1
10998,10998,1
11000,11000,1
11005,11006,2
11015,11015,1
11018,11018,1
11021,11021,1
11024,11024,1
11030,11030,1
11035,11035,1
11037,11039,3
11046,11046,1
11051,11051,1
11053,11053,1
11055,11055,1
11058,11058,1
11065,11065,1
11067,11067,1
11072,11072,1
11075,11075,1
11077,11077,1
11080,11080,1
11088,11089,2
11092,11092,1
11095,11095,1
11100,11100,1
11102,11102,1
11105,11105,1
11108,11108,1
11110,11110,1
11117,11117,1
11127,11127,1
11129,11129,1
11132,11132,1
11134,11134,1
11137,11137,1
11142,11142,1
11147,11147,1
11150,11151,2
11153,11153,1
11156,11158,3
11165,11165,1
11173,11173,1
11177,11177,1
11180,11180,1
11184,11184,1
11186,11187,2
11190,11190,1
11194,11194,1
11202,11202,1
11205,11205,1
11209,11209,1
11212,11213,2
11217,11218,2
11220,11220,1
11224,11224,1
11229,11229,1
11238,11238,1
11240,11240,1
11242,11242,1
11244,11244,1
11251,11251,1
11256,11256,1
11258,11258,1
11264,11264,1
11267,11268,2
11270,11270,1
11275,11275,1
11278,11279,2
11299,11300,2
11305,11305,1
11310,11311,2
11317,11317,1
11320,11320,1
11325,11325,1
11329,11329,1
11337,11337,1
11346,11346,1
11352,11352,1
11359,11359,1
11364,11364,1
11366,11366,1
11368,11368,1
11370,11371,2
11376,11376,1
11378,11378,1
11380,11380,1
11382,11382,1
11384,11385,2
11390,11390,1
11392,11392,1
11397,11398,2
11404,11404,1
11406,11406,1
11410,11412,3
11416,11416,1
11427,11427,1
11432,11432,1
11437,11439,3
11442,11443,2
11452,11452,1
11461,11461,1
11464,11464,1
11466,11466,1
11469,11469,1
11475,11475,1
11478,11478,1
11482,11482,1
11484,11484,1
11487,11487,1
11489,11489,1
11492,11492,1
11499,11501,3
11504,11504,1
11511,11511,1
11517,11517,1
11520,11521,2
11523,11523,1
11527,11527,1
11530,11530,1
11543,11543,1
11545,11545,1
11547,11547,1
11552,11552,1
11555,11555,1
11561,11561,1
11568,11568,1
11570,11570,1
11574,11575,2
11579,11580,2
11583,11584,2
11594,11594,1
11602,11602,1
11605,11606,2
11610,11610,1
11612,11612,1
11614,11614,1
11616,11616,1
11619,11619,1
11621,11622,2
11624,11624,1
11626,11627,2
11632,11632,1
11637,11637,1
11639,11639,1
11642,11642,1
11650,11650,1
11657,11658,2
11669,11670,2
11672,11672,1
11674,11674,1
11677,11677,1
11679,11679,1
11681,11681,1
11684,11684,1
11686,11686,1
11688,11688,1
11690,11690,1
11699,11699,1
11705,11705,1
11710,11710,1
11716,11717,2
11722,11722,1
11725,11726,2
11728,11728,1
11730,11730,1
11737,11740,4
11747,11747,1
11749,11749,1
11751,11752,2
11755,11755,1
11759,11759,1
11763,11763,1
11768,11768,1
11770,11770,1
11772,11772,1
11776,11776,1
11779,11779,1
11785,11785,1
11791,11792,2
11798,11798,1
11801,11801,1
11803,11804,2
11807,11807,1
11818,11819,2
11828,11828,1
11835,11835,1
11838,11838,1
11840,11841,2
11847,11847,1
11849,11849,1
11859,11860,2
11866,11866,1
11872,11872,1
11876,11877,2
11880,11880,1
11882,11882,1
11885,11886,2
11890,11891,2
11896,11897,2
11902,11902,1
11904,11904,1
11907,11907,1
11911,11911,1
11919,11919,1
11921,11922,2
11926,11926,1
11928,11928,1
11935,11935,1
11937,11937,1
11948,11948,1
11956,11956,1
11964,11967,4
11975,11976,2
11983,11983,1
11987,11987,1
11992,11992,1
11999,11999,1
12001,12001,1
12005,12005,1
12008,12008,1
12010,12010,1
12016,12016,1
12024,12025,2
12028,12028,1
12030,12030,1
12032,12033,2
12036,12036,1
12048,12048,1
12059,12059,1
12064,12064,1
12066,12066,1
12072,12072,1
12083,12084,2
12091,12091,1
12096,12096,1
12098,12098,1
12106,12106,1
12110,12110,1
12114,12114,1
12120,12120,1
12123,12123,1
12127,12127,1
12130,12130,1
12138,12138,1
12140,12140,1
12143,12143,1
12145,12145,1
12149,12149,1
12153,12153,1
12158,12158,1
12161,12161,1
12164,12164,1
12166,12166,1
12168,12168,1
12170,12170,1
12176,12176,1
12182,12182,1
12185,12186,2
12188,12188,1
12190,12191,2
12193,12193,1
12198,12198,1
12201,12201,1
12206,12206,1
12213,12213,1
12218,12218,1
12233,12234,2
12236,12236,1
12239,12239,1
12241,12241,1
12249,12249,1
12252,12252,1
12255,12255,1
12265,12265,1
12270,12270,1
12273,12273,1
12275,12275,1
12278,12278,1
12282,12282,1
12284,12284,1
12288,12288,1
12299,12299,1
12311,12311,1
12314,12314,1
12316,12316,1
12323,12323,1
12330,12330,1
12333,12335,3
12339,12340,2
12342,12343,2
12349,12349,1
12362,12362,1
12364,12364,1
12385,12385,1
12392,12392,1
12401,12401,1
12404,12404,1
12407,12407,1
12411,12411,1
12418,12418,1
12426,12426,1
12430,12430,1
12432,12432,1
12434,12434,1
12437,12437,1
12441,12441,1
12447,12447,1
12450,12450,1
12453,12453,1
12456,12456,1
12459,12459,1
12461,12461,1
12463,12463,1
12468,12468,1
12470,12470,1
12474,12474,1
12478,12478,1
12482,12482,1
12484,12484,1
12493,12495,3
12499,12499,1
12502,12503,2
12506,12506,1
12508,12508,1
12512,12512,1
12515,12515,1
12520,12520,1
12522,12522,1
12525,12525,1
12527,12528,2
12532,12532,1
12537,12537,1
12539,12539,1
12542,12542,1
12545,12545,1
12551,12551,1
12553,12553,1
12556,12556,1
12561,12561,1
12563,12563,1
12568,12568,1
12578,12578,1
12581,12581,1
12588,12588,1
12593,12593,1
12614,12615,2
12618,12618,1
12624,12625,2
12627,12627,1
12629,12630,2
12636,12637,2
12639,12641,3
12643,12643,1
12645,12646,2
12653,12653,1
12658,12659,2
12662,12662,1
12665,12665,1
12669,12669,1
12671,12671,1
12673,12673,1
12680,12680,1
12688,12689,2
12691,12691,1
12694,12694,1
12698,12698,1
12709,12709,1
12712,12713,2
12716,12716,1
12720,12720,1
12723,12723,1
12728,12729,2
12733,12733,1
12735,12735,1
12737,12737,1
12741,12741,1
12747,12747,1
12749,12749,1
12751,12751,1
12753,12754,2
12760,12761,2
12764,12764,1
12768,12768,1
12770,12770,1
12772,12772,1
12775,12775,1
12779,12779,1
12790,12790,1
12801,12802,2
12806,12806,1
12812,12812,1
12814,12814,1
12816,12816,1
12820,12820,1
12824,12825,2
12833,12833,1
12836,12837,2
12841,12841,1
12843,12844,2
12849,12849,1
12855,12855,1
12857,12857,1
12864,12864,1
12874,12876,3
12879,12880,2
12882,12882,1
12887,12887,1
12889,12889,1
12902,12902,1
12905,12907,3
12913,12914,2
12917,12917,1
12919,12919,1
12921,12921,1
12924,12924,1
12927,12927,1
12934,12934,1
12939,12939,1
12941,12942,2
12955,12955,1
12959,12961,3
12963,12963,1
12967,12968,2
12971,12971,1
12974,12974,1
12976,12978,3
12980,12980,1
12982,12983,2
12986,12986,1
12989,12989,1
12992,12992,1
12995,12995,1
13003,13003,1
13005,13006,2
13008,13008,1
13015,13015,1
13027,13027,1
13029,13029,1
13034,13034,1
13040,13041,2
13046,13046,1
13053,13053,1
13055,13055,1
13058,13058,1
13060,13060,1
13062,13062,1
13064,13065,2
13073,13073,1
13077,13077,1
13079,13079,1
13081,13081,1
13089,13089,1
13093,13093,1
13102,13104,3
13115,13115,1
13117,13117,1
13123,13123,1
13128,13128,1
13130,13131,2
13133,13133,1
13135,13137,3
13143,13143,1
13145,13148,4
13150,13150,1
13158,13159,2
13162,13162,1
13164,13164,1
13167,13167,1
13170,13170,1
13179,13179,1
13181,13182,2
13186,13186,1
13189,13189,1
13191,13191,1
13195,13196,2
13198,13200,3
13205,13205,1
13210,13210,1
13213,13213,1
13216,13217,2
13220,13220,1
13239,13239,1
13243,13243,1
13245,13246,2
13248,13248,1
13251,13251,1
13254,13254,1
13256,13257,2
13264,13265,2
13270,13272,3
13277,13277,1
13285,13285,1
13290,13291,2
13294,13295,2
13297,13297,1
13307,13308,2
13315,13316,2
13318,13319,2
13324,13324,1
13331,13332,2
13334,13334,1
13339,13339,1
13341,13343,3
13345,13346,2
13350,13351,2
13356,13356,1
13358,13359,2
13363,13363,1
13368,13368,1
13373,13374,2
13379,13379,1
13384,13385,2
13387,13388,2
13393,13393,1
13412,13414,3
13418,13418,1
13420,13420,1
13423,13426,4
13428,13428,1
13433,13433,1
13435,13436,2
13438,13438,1
13441,13441,1
13444,13444,1
13449,13450,2
13453,13455,3
13457,13457,1
13459,13459,1
13463,13464,2
13467,13468,2
13471,13472,2
13481,13481,1
13486,13486,1
13489,13490,2
13494,13495,2
13505,13505,1
13510,13511,2
13516,13516,1
13518,13518,1
13522,13523,2
13525,13525,1
13529,13529,1
13533,13534,2
13536,13537,2
13539,13540,2
13543,13543,1
13546,13546,1
13548,13548,1
13556,13556,1
13565,13565,1
13567,13568,2
13570,13571,2
13573,13573,1
13578,13579,2
13581,13583,3
13586,13586,1
13588,13588,1
13593,13593,1
13595,13595,1
13600,13600,1
13603,13603,1
13606,13606,1
13611,13611,1
13613,13613,1
13618,13618,1
13621,13621,1
13623,13623,1
13630,13630,1
13632,13632,1
13634,13635,2
13638,13638,1
13643,13643,1
13646,13646,1
13648,13648,1
13651,13651,1
13656,13656,1
13659,13659,1
13661,13662,2
13665,13665,1
13667,13667,1
13669,13669,1
13675,13675,1
13683,13684,2
13687,13687,1
13693,13694,2
13696,13696,1
13700,13701,2
13703,13704,2
13706,13706,1
13713,13713,1
13716,13716,1
13718,13718,1
13721,13721,1
13727,13727,1
13729,13729,1
13734,13734,1
13737,13737,1
13742,13742,1
13746,13746,1
13748,13750,3
13756,13756,1
13758,13758,1
13764,13765,2
13770,13770,1
13777,13777,1
13782,13782,1
13789,13789,1
13792,13792,1
13800,13800,1
13804,13804,1
13809,13809,1
13816,13816,1
13818,13819,2
13821,13821,1
13828,13828,1
13831,13835,5
13840,13840,1
13842,13842,1
13845,13845,1
13848,13848,1
13851,13854,4
13869,13869,1
13879,13898,20
13904,13904,1
13912,13913,2
13918,13918,1
13923,13923,1
13926,13927,2
13929,13929,1
13931,13931,1
13934,13934,1
13945,13945,1
13950,13950,1
13952,13952,1
13956,13956,1
13962,13962,1
13966,13967,2
13971,13971,1
13973,13973,1
13977,13977,1
13983,13984,2
13988,13988,1
13992,13992,1
13997,13997,1
14002,14002,1
14005,14005,1
14007,14007,1
14011,14011,1
14013,14014,2
14017,14018,2
14022,14022,1
14029,14029,1
14036,14037,2
14042,14042,1
14044,14044,1
14047,14047,1
14050,14050,1
14054,14056,3
14061,14061,1
14076,14076,1
14079,14079,1
14083,14083,1
14085,14085,1
14090,14090,1
14097,14097,1
14102,14102,1
14104,14104,1
14106,14106,1
14109,14110,2
14113,14113,1
14119,14119,1
14122,14122,1
14126,14126,1
14128,14128,1
14130,14130,1
14133,14133,1
14138,14138,1
14143,14143,1
14146,14146,1
14150,14151,2
14155,14155,1
14159,14159,1
14166,14166,1
14170,14171,2
14175,14175,1
14179,14179,1
14181,14181,1
14189,14189,1
14191,14191,1
14199,14199,1
14201,14201,1
14203,14203,1
14205,14205,1
14212,14212,1
14215,14215,1
14217,14217,1
14223,14223,1
14226,14226,1
14228,14228,1
14232,14232,1
14235,14236,2
14239,14239,1
14241,14241,1
14243,14243,1
14247,14247,1
14257,14257,1
14260,14260,1
14263,14264,2
14266,14266,1
14271,14271,1
14276,14276,1
14279,14279,1
14282,14282,1
14284,14284,1
14288,14288,1
14291,14292,2
14295,14298,4
14303,14303,1
14305,14305,1
14310,14311,2
14317,14317,1
14319,14319,1
14323,14325,3
14327,14328,2
14331,14331,1
14338,14338,1
14340,14340,1
14346,14346,1
14350,14350,1
14353,14353,1
14355,14356,2
14359,14359,1
14361,14363,3
14365,14365,1
14372,14372,1
14374,14374,1
14385,14386,2
14388,14388,1
14390,14390,1
14394,14395,2
14397,14397,1
14399,14399,1
14401,14401,1
14412,14412,1
14414,14415,2
14418,14418,1
14421,14421,1
14424,14425,2
14430,14430,1
14432,14432,1
14434,14434,1
14437,14444,8
14450,14452,3
14454,14454,1
14456,14457,2
14459,14459,1
14461,14461,1
14463,14463,1
14465,14466,2
14471,14471,1
14473,14473,1
14476,14476,1
14478,14478,1
14480,14480,1
14483,14483,1
14486,14487,2
14492,14493,2
14496,14496,1
14500,14500,1
14504,14504,1
14507,14507,1
14509,14510,2
14512,14512,1
14514,14514,1
14522,14522,1
14524,14524,1
14527,14528,2
14530,14530,1
14532,14533,2
14536,14538,3
14542,14542,1
14544,14544,1
14546,14548,3
14550,14550,1
14557,14557,1
14564,14565,2
14570,14570,1
14574,14575,2
14579,14579,1
14584,14584,1
14587,14587,1
14605,14605,1
14607,14607,1
14609,14609,1
14613,14613,1
14616,14616,1
14620,14620,1
14622,14622,1
14624,14624,1
14628,14629,2
14634,14634,1
14636,14636,1
14638,14638,1
14640,14640,1
14646,14646,1
14650,14650,1
14653,14653,1
14655,14655,1
14659,14660,2
14663,14663,1
14665,14665,1
14674,14674,1
14679,14679,1
14691,14691,1
14702,14703,2
14705,14705,1
14707,14708,2
14714,14714,1
14718,14718,1
14725,14726,2
14736,14736,1
14742,14742,1
14744,14744,1
14748,14748,1
14757,14757,1
14767,14767,1
14770,14770,1
14775,14775,1
14778,14778,1
14781,14781,1
14784,14784,1
14786,14786,1
14788,14788,1
14791,14791,1
14796,14796,1
14800,14800,1
14802,14802,1
14807,14807,1
14813,14813,1
14815,14815,1
14821,14822,2
14826,14826,1
14832,14832,1
14834,14835,2
14844,14844,1
14846,14846,1
14850,14850,1
14854,14854,1
14861,14861,1
14864,14864,1
14867,14867,1
14872,14872,1
14882,14882,1
14885,14885,1
14895,14896,2
14900,14900,1
14907,14907,1
14910,14910,1
14914,14914,1
14918,14918,1
14920,14920,1
14923,14923,1
14932,14932,1
14936,14937,2
14939,14939,1
14941,14942,2
14944,14945,2
14949,14949,1
14957,14958,2
14977,14977,1
14979,14979,1
14982,14982,1
14987,14987,1
14992,14992,1
14995,14995,1
14999,14999,1
15002,15002,1
15005,15006,2
15012,15012,1
15014,15014,1
15030,15030,1
15033,15034,2
15037,15037,1
15039,15040,2
15055,15055,1
15059,15060,2
15067,15067,1
15071,15073,3
15080,15080,1
15082,15082,1
15084,15084,1
15086,15086,1
15088,15088,1
15090,15090,1
15094,15094,1
15096,15096,1
15098,15099,2
15110,15110,1
15119,15119,1
15131,15131,1
15134,15134,1
15139,15139,1
15144,15146,3
15148,15149,2
15151,15151,1
15155,15155,1
15158,15158,1
15160,15160,1
15164,15164,1
15166,15167,2
15169,15169,1
15176,15176,1
15182,15182,1
15185,15187,3
15191,15191,1
15193,15193,1
15199,15199,1
15201,15201,1
15206,15206,1
15208,15208,1
15211,15211,1
15213,15213,1
15224,15224,1
15235,15235,1
15240,15241,2
15248,15248,1
15268,15269,2
15275,15275,1
15283,15283,1
15287,15287,1
15300,15300,1
15305,15305,1
15312,15313,2
15319,15319,1
15348,15348,1
15351,15351,1
15354,15355,2
15357,15357,1
15363,15363,1
15369,15369,1
15371,15371,1
15373,15373,1
15377,15378,2
15381,15381,1
15396,15396,1
15399,15399,1
15402,15403,2
15407,15407,1
15413,15414,2
15419,15419,1
15421,15421,1
15424,15426,3
15430,15430,1
15433,15433,1
15440,15441,2
15450,15450,1
15463,15463,1
15478,15478,1
15483,15483,1
15498,15498,1
15500,15500,1
15510,15510,1
15512,15512,1
15525,15525,1
15527,15529,3
15533,15533,1
15535,15535,1
15537,15537,1
15540,15540,1
15545,15545,1
15552,15552,1
15562,15562,1
15564,15564,1
15567,15569,3
15571,15571,1
15577,15577,1
15587,15587,1
15591,15591,1
15597,15597,1
15604,15604,1
15616,15616,1
15622,15622,1
15626,15626,1
15629,15629,1
15632,15633,2
15638,15638,1
15643,15643,1
15645,15645,1
15648,15649,2
15653,15653,1
15655,15656,2
15661,15665,5
15668,15669,2
15671,15671,1
15678,15679,2
15681,15682,2
15685,15685,1
15688,15688,1
15691,15691,1
15694,15698,5
15700,15701,2
15704,15704,1
15706,15706,1
15712,15712,1
15714,15714,1
15717,15717,1
15719,15719,1
15721,15722,2
15732,15732,1
15736,15736,1
15739,15739,1
15746,15746,1
15757,15757,1
15762,15762,1
15764,15764,1
15768,15768,1
15770,15770,1
15776,15776,1
15778,15778,1
15781,15781,1
15783,15783,1
15785,15785,1
15787,15787,1
15790,15790,1
15794,15795,2
15799,15799,1
15803,15804,2
15807,15807,1
15810,15810,1
15812,15812,1
15821,15822,2
15850,15851,2
15858,15858,1
15860,15860,1
15863,15863,1
15875,15875,1
15881,15881,1
15885,15886,2
15889,15889,1
15903,15903,1
15905,15905,1
15921,15921,1
15923,15923,1
15927,15927,1
15943,15943,1
15946,15947,2
15959,15959,1
15963,15963,1
15966,15966,1
15970,15971,2
15973,15973,1
15975,15975,1
15979,15979,1
15984,15984,1
15988,15988,1
16000,16002,3
16010,16013,4
16027,16027,1
16039,16039,1
16046,16046,1
16057,16057,1
16062,16062,1
16066,16066,1
16071,16071,1
16074,16074,1
16077,16077,1
16079,16079,1
16083,16083,1
16085,16086,2
16089,16089,1
16109,16109,1
16111,16111,1
16113,16113,1
16116,16116,1
16120,16120,1
16122,16122,1
16130,16130,1
16132,16132,1
16140,16141,2
16148,16148,1
16151,16151,1
16155,16155,1
16158,16159,2
16163,16163,1
16174,16174,1
16176,16176,1
16178,16179,2
16181,16181,1
16183,16183,1
16185,16185,1
16190,16190,1
16203,16204,2
16207,16207,1
16212,16212,1
16217,16217,1
16225,16226,2
16229,16229,1
16232,16232,1
16237,16237,1
16241,16242,2
16246,16246,1
16255,16255,1
16258,16258,1
16267,16267,1
16271,16271,1
16291,16291,1
16295,16295,1
16311,16313,3
16324,16325,2
16332,16332,1
16336,16336,1
16343,16343,1
16348,16348,1
16359,16359,1
16366,16366,1
16375,16375,1
16391,16391,1
16405,16405,1
16414,16414,1
16423,16423,1
16427,16427,1
16433,16433,1
16437,16437,1
16440,16440,1
16465,16466,2
16493,16493,1
16508,16508,1
16527,16527,1
16530,16530,1
16532,16532,1
16534,16534,1
16542,16542,1
16544,16544,1
16549,16549,1
16561,16561,1
16568,16568,1
16574,16574,1
16594,16594,1
16603,16603,1
16606,16606,1
16608,16608,1
16614,16617,4
16619,16619,1
16621,16621,1
16624,16624,1
16626,16626,1
16629,16629,1
16631,16631,1
16636,16636,1
16638,16638,1
16640,16640,1
16648,16648,1
16656,16656,1
16661,16661,1
16663,16663,1
16665,16665,1
16667,16667,1
16669,16670,2
16672,16672,1
16674,16674,1
16676,16676,1
16679,16681,3
16683,16683,1
16685,16685,1
16687,16688,2
16691,16691,1
16694,16694,1
16697,16697,1
16699,16700,2
16702,16702,1
16707,16707,1
16710,16710,1
16713,16713,1
16715,16716,2
16718,16721,4
16727,16727,1
16740,16740,1
16745,16745,1
16747,16748,2
16751,16752,2
16754,16755,2
16759,16759,1
16763,16763,1
16766,16766,1
16768,16768,1
16772,16772,1
16774,16774,1
16777,16778,2
16781,16781,1
16783,16783,1
16788,16789,2
16794,16794,1
16796,16797,2
16801,16801,1
16803,16803,1
16806,16807,2
16814,16814,1
16818,16818,1
16821,16822,2
16825,16825,1
16827,16827,1
16831,16831,1
16838,16839,2
16843,16845,3
16848,16848,1
16857,16857,1
16859,16859,1
16861,16862,2
16868,16868,1
16871,16871,1
16873,16875,3
16880,16880,1
16883,16883,1
16885,16885,1
16892,16892,1
16895,16895,1
16897,16897,1
16899,16899,1
16901,16905,5
16910,16910,1
16912,16912,1
16915,16915,1
16917,16918,2
16921,16922,2
16924,16924,1
16927,16929,3
16931,16932,2
16934,16934,1
16938,16938,1
16943,16944,2
16946,16946,1
16949,16950,2
16954,16954,1
16956,16956,1
16959,16960,2
16962,16963,2
16965,16968,4
16973,16973,1
16976,16977,2
16980,16981,2
16983,16983,1
16987,16987,1
16989,16991,3
16995,16996,2
16998,16999,2
17002,17002,1
17008,17009,2
17012,17012,1
17014,17014,1
17018,17018,1
17023,17023,1
17029,17029,1
17034,17034,1
17036,17037,2
17039,17039,1
17041,17041,1
17048,17049,2
17052,17052,1
17054,17054,1
17062,17062,1
17065,17065,1
17072,17072,1
17074,17074,1
17077,17078,2
17086,17086,1
17089,17089,1
17094,17094,1
17096,17097,2
17100,17100,1
17102,17102,1
17104,17105,2
17109,17109,1
17111,17111,1
17116,17116,1
17119,17119,1
17123,17125,3
17127,17127,1
17130,17130,1
17133,17135,3
17137,17140,4
17143,17143,1
17146,17157,12
17162,17162,1
17164,17164,1
17176,17176,1
17178,17178,1
17181,17181,1
17183,17183,1
17185,17185,1
17188,17188,1
17193,17193,1
17195,17195,1
17197,17197,1
17199,17199,1
17204,17204,1
17207,17207,1
17209,17209,1
17211,17211,1
17215,17215,1
17218,17218,1
17221,17221,1
17228,17228,1
17230,17230,1
17233,17233,1
17237,17237,1
17242,17242,1
17244,17244,1
17246,17246,1
17248,17248,1
17255,17255,1
17257,17257,1
17259,17259,1
17262,17262,1
17264,17265,2
17269,17269,1
17271,17271,1
17273,17274,2
17277,17277,1
17279,17280,2
17283,17283,1
17287,17287,1
17295,17296,2
17298,17298,1
17310,17310,1
17312,17312,1
17327,17327,1
17330,17330,1
17332,17335,4
17338,17338,1
17343,17343,1
17346,17346,1
17357,17357,1
17363,17364,2
17366,17368,3
17374,17374,1
17376,17376,1
17379,17380,2
17388,17388,1
17404,17404,1
17407,17407,1
17410,17410,1
17414,17415,2
17418,17420,3
17423,17425,3
17427,17428,2
17433,17434,2
17436,17436,1
17439,17441,3
17444,17444,1
17449,17449,1
17452,17453,2
17456,17456,1
17458,17458,1
17466,17466,1
17475,17475,1
17480,17480,1
17483,17483,1
17488,17488,1
17498,17498,1
17500,17500,1
17502,17503,2
17505,17506,2
17508,17508,1
17512,17512,1
17514,17514,1
17517,17518,2
17520,17520,1
17525,17525,1
17529,17529,1
17531,17531,1
17533,17533,1
17535,17535,1
17537,17538,2
17540,17540,1
17545,17546,2
17549,17549,1
17552,17552,1
17554,17555,2
17558,17558,1
17561,17561,1
17565,17565,1
17572,17573,2
17576,17577,2
17580,17580,1
17585,17585,1
17589,17589,1
17591,17591,1
17593,17593,1
17598,17599,2
17606,17606,1
17613,17613,1
17616,17619,4
17623,17623,1
17627,17628,2
17631,17633,3
17645,17646,2
17648,17649,2
17651,17651,1
17653,17654,2
17657,17658,2
17661,17661,1
17668,17668,1
17671,17673,3
17680,17681,2
17691,17691,1
17693,17693,1
17695,17695,1
17699,17700,2
17704,17704,1
17709,17709,1
17712,17713,2
17715,17715,1
17719,17720,2
17724,17724,1
17729,17729,1
17732,17732,1
17734,17734,1
17736,17737,2
17742,17742,1
17754,17755,2
17761,17761,1
17763,17763,1
17766,17766,1
17768,17768,1
17770,17771,2
17774,17777,4
17780,17780,1
17782,17782,1
17784,17785,2
17787,17787,1
17794,17794,1
17798,17798,1
17802,17803,2
17812,17812,1
17814,17814,1
17816,17816,1
17820,17820,1
17825,17825,1
17829,17829,1
17831,17831,1
17835,17835,1
17842,17843,2
17845,17846,2
17848,17851,4
17857,17857,1
17859,17861,3
17869,17869,1
17871,17871,1
17874,17875,2
17878,17878,1
17885,17885,1
17887,17887,1
17893,17893,1
17903,17904,2
17908,17908,1
17912,17912,1
17914,17914,1
17917,17919,3
17924,17928,5
17931,17931,1
17934,17936,3
17938,17938,1
17940,17942,3
17945,17946,2
17949,17949,1
17952,17952,1
17955,17955,1
17957,17957,1
17961,17961,1
17965,17966,2
17968,17968,1
17973,17975,3
17977,17977,1
17979,17980,2
17982,17982,1
17984,17985,2
17989,17990,2
17993,17993,1
17997,17998,2
18003,18003,1
18005,18005,1
18007,18008,2
18010,18010,1
18012,18012,1
18016,18032,17
18038,18041,4
18043,18043,1
18045,18045,1
18047,18048,2
18050,18051,2
18055,18057,3
18061,18062,2
18066,18068,3
18071,18072,2
18074,18075,2
18077,18078,2
18080,18080,1
18082,18082,1
18085,18085,1
18090,18091,2
18096,18096,1
18099,18100,2
18102,18102,1
18104,18104,1
18106,18106,1
18116,18116,1
18119,18119,1
18121,18123,3
18125,18126,2
18130,18130,1
18133,18133,1
18136,18136,1
18140,18141,2
18143,18144,2
18148,18148,1
18150,18150,1
18152,18154,3
18156,18156,1
18159,18159,1
18165,18165,1
18169,18169,1
18172,18172,1
18176,18176,1
18182,18183,2
18186,18187,2
18190,18191,2
18193,18193,1
18197,18197,1
18201,18201,1
18203,18203,1
18207,18207,1
18209,18209,1
18211,18211,1
18213,18213,1
18215,18215,1
18218,18220,3
18226,18226,1
18228,18231,4
18242,18242,1
18244,18244,1
18249,18249,1
18252,18264,13
18273,18273,1
18276,18276,1
18279,18279,1
18284,18285,2
18287,18287,1
18290,18290,1
18292,18292,1
18297,18297,1
18300,18300,1
18304,18304,1
18307,18307,1
18310,18311,2
18316,18316,1
18321,18321,1
18324,18324,1
18326,18326,1
18328,18328,1
18334,18334,1
18336,18336,1
18338,18339,2
18342,18342,1
18344,18344,1
18346,18347,2
18353,18353,1
18358,18358,1
18360,18362,3
18364,18364,1
18368,18368,1
18372,18372,1
18374,18374,1
18376,18376,1
18380,18380,1
18385,18385,1
18391,18393,3
18396,18396,1
18399,18399,1
18402,18402,1
18406,18406,1
18408,18408,1
18410,18412,3
18414,18414,1
18416,18416,1
18418,18418,1
18423,18424,2
18426,18426,1
18429,18429,1
18431,18432,2
18435,18435,1
18437,18437,1
18440,18440,1
18447,18447,1
18450,18450,1
18453,18454,2
18459,18459,1
18461,18463,3
18465,18465,1
18468,18469,2
18471,18471,1
18473,18473,1
18480,18480,1
18482,18482,1
18484,18484,1
18486,18486,1
18488,18488,1
18492,18493,2
18495,18496,2
18499,18500,2
18504,18505,2
18508,18509,2
18521,18522,2
18528,18529,2
18532,18532,1
18534,18534,1
18538,18538,1
18540,18540,1
18543,18544,2
18548,18549,2
18552,18552,1
18557,18557,1
18559,18559,1
18561,18561,1
18563,18565,3
18567,18567,1
18572,18572,1
18578,18579,2
18582,18582,1
18585,18585,1
18587,18588,2
18590,18590,1
18592,18592,1
18595,18595,1
18597,18597,1
18599,18600,2
18602,18602,1
18604,18604,1
18606,18606,1
18608,18608,1
18611,18611,1
18613,18613,1
18615,18615,1
18620,18620,1
18625,18625,1
18627,18627,1
18635,18635,1
18639,18640,2
18645,18645,1
18647,18647,1
18649,18650,2
18652,18652,1
18654,18654,1
18658,18658,1
18661,18662,2
18665,18665,1
18667,18667,1
18669,18672,4
18675,18675,1
18682,18682,1
18686,18686,1
18688,18688,1
18692,18692,1
18695,18695,1
18698,18698,1
18700,18700,1
18705,18705,1
18707,18707,1
18709,18709,1
18714,18715,2
18717,18717,1
18719,18719,1
18726,18726,1
18731,18732,2
18734,18734,1
18737,18737,1
18740,18741,2
18745,18745,1
18748,18749,2
18751,18751,1
18754,18754,1
18756,18756,1
18758,18758,1
18760,18760,1
18762,18763,2
18765,18765,1
18771,18771,1
18774,18775,2
18783,18783,1
18787,18787,1
18791,18791,1
18793,18793,1
18798,18798,1
18800,18800,1
18802,18802,1
18806,18806,1
18811,18811,1
18813,18813,1
18818,18818,1
18821,18821,1
18824,18824,1
18826,18826,1
18828,18829,2
18832,18833,2
18836,18836,1
18840,18840,1
18843,18843,1
18845,18845,1
18848,18848,1
18850,18850,1
18852,18853,2
18856,18856,1
18859,18859,1
18867,18867,1
18869,18869,1
18871,18872,2
18876,18876,1
18880,18881,2
18883,18883,1
18885,18885,1
18889,18889,1
18891,18891,1
18894,18894,1
18896,18896,1
18899,18899,1
18902,18902,1
18907,18908,2
18912,18913,2
18916,18916,1
18918,18918,1
18922,18922,1
18925,18926,2
18928,18928,1
18931,18931,1
18935,18935,1
18945,18945,1
18947,18947,1
18951,18951,1
18953,18953,1
18955,18955,1
18959,18959,1
18962,18963,2
18979,18979,1
18983,18983,1
18987,18987,1
18989,18989,1
18992,18992,1
18996,18998,3
19000,19000,1
19004,19004,1
19007,19007,1
19012,19013,2
19015,19015,1
19019,19019,1
19021,19021,1
19023,19024,2
19033,19033,1
19036,19036,1
19039,19039,1
19046,19046,1
19051,19052,2
19063,19064,2
19066,19067,2
19077,19077,1
19084,19084,1
19094,19096,3
19098,19099,2
19104,19104,1
19106,19112,7
19119,19120,2
19125,19126,2
19129,19129,1
19132,19132,1
19135,19135,1
19138,19139,2
19141,19141,1
19143,19144,2
19147,19148,2
19153,19154,2
19158,19158,1
19161,19161,1
19168,19168,1
19172,19172,1
19175,19175,1
19178,19178,1
19182,19182,1
19184,19184,1
19186,19186,1
19188,19188,1
19190,19191,2
19196,19198,3
19201,19202,2
19205,19205,1
19207,19207,1
19213,19213,1
19216,19216,1
19218,19218,1
19220,19220,1
19222,19222,1
19226,19226,1
19230,19231,2
19242,19242,1
19244,19245,2
19249,19250,2
19254,19254,1
19260,19261,2
19266,19266,1
19268,19269,2
19272,19274,3
19277,19277,1
19282,19282,1
19285,19285,1
19287,19287,1
19289,19289,1
19291,19291,1
19293,19293,1
19296,19296,1
19298,19298,1
19304,19305,2
19308,19308,1
19310,19312,3
19314,19315,2
19320,19320,1
19324,19324,1
19327,19327,1
19329,19329,1
19335,19335,1
19339,19339,1
19350,19351,2
19355,19355,1
19357,19357,1
19362,19362,1
19366,19366,1
19369,19370,2
19373,19375,3
19378,19378,1
19380,19380,1
19383,19383,1
19385,19385,1
19388,19389,2
19392,19392,1
19396,19396,1
19401,19401,1
19403,19405,3
19413,19414,2
19416,19417,2
19420,19420,1
19422,19423,2
19428,19428,1
19432,19432,1
19435,19435,1
19437,19437,1
19442,19442,1
19447,19447,1
19450,19450,1
19453,19453,1
19464,19464,1
19468,19468,1
19470,19470,1
19475,19475,1
19480,19480,1
19484,19485,2
19487,19488,2
19491,19492,2
19499,19499,1
19505,19505,1
19520,19520,1
19522,19522,1
19525,19525,1
19527,19527,1
19540,19540,1
19550,19550,1
19554,19555,2
19558,19558,1
19561,19561,1
19567,19567,1
19582,19582,1
19584,19586,3
19591,19591,1
19599,19600,2
19620,19620,1
19624,19624,1
19627,19627,1
19629,19629,1
19631,19631,1
19636,19636,1
19647,19647,1
19651,19651,1
19655,19655,1
19659,19661,3
19663,19664,2
19671,19671,1
19680,19680,1
19683,19683,1
19685,19685,1
19687,19687,1
19691,19691,1
19699,19699,1
19701,19702,2
19704,19704,1
19712,19713,2
19718,19718,1
19722,19726,5
19729,19729,1
19733,19733,1
19736,19736,1
19740,19740,1
19749,19749,1
19752,19752,1
19757,19757,1
19760,19761,2
19764,19764,1
19766,19766,1
19769,19769,1
19772,19772,1
19775,19776,2
19779,19782,4
19787,19788,2
19793,19793,1
19810,19810,1
19813,19813,1
19815,19815,1
19819,19820,2
19822,19822,1
19830,19831,2
19835,19835,1
19838,19839,2
19842,19842,1
19844,19844,1
19846,19847,2
19850,19851,2
19858,19858,1
19862,19862,1
19866,19867,2
19876,19876,1
19881,19881,1
19883,19883,1
19885,19886,2
19893,19893,1
19896,19896,1
19901,19901,1
19909,19909,1
19923,19924,2
19929,19929,1
19935,19935,1
19938,19938,1
19941,19942,2
19946,19946,1
19948,19948,1
19950,19950,1
19954,19954,1
19957,19958,2
19961,19961,1
19964,19964,1
19966,19966,1
19969,19969,1
19971,19971,1
19977,19977,1
19981,19982,2
19984,19984,1
19987,19987,1
19998,19998,1
20001,20003,3
20005,20007,3
20019,20019,1
20024,20025,2
20029,20029,1
20031,20031,1
20036,20036,1
20042,20042,1
20046,20046,1
20049,20050,2
20055,20056,2
20064,20064,1
20067,20067,1
20069,20070,2
20072,20072,1
20076,20077,2
20079,20080,2
20082,20082,1
20084,20086,3
20088,20088,1
20090,20090,1
20095,20095,1
20100,20100,1
20105,20105,1
20113,20113,1
20115,20116,2
20120,20120,1
20122,20123,2
20126,20126,1
20132,20132,1
20137,20137,1
20140,20140,1
20142,20142,1
20149,20149,1
20154,20154,1
20158,20160,3
20163,20163,1
20170,20170,1
20172,20172,1
20175,20175,1
20178,20178,1
20187,20210,24
20215,20215,1
20225,20225,1
20227,20228,2
20236,20236,1
20244,20247,4
20249,20250,2
20255,20255,1
20260,20260,1
20269,20269,1
20272,20272,1
20278,20278,1
20280,20280,1
20285,20285,1
20288,20288,1
20293,20294,2
20296,20296,1
20299,20311,13
20316,20316,1
20320,20320,1
20324,20339,16
20343,20441,99
20443,20443,1
20447,20448,2
20450,20450,1
20452,20452,1
20458,20458,1
20461,20461,1
20464,20464,1
20466,20466,1
20468,20468,1
20470,20470,1
20474,20474,1
20479,20479,1
20481,20481,1
20483,20484,2
20491,20491,1
20493,20493,1
20502,20505,4
20507,20508,2
20512,20512,1
20514,20514,1
20518,20519,2
20522,20526,5
20535,20535,1
20539,20541,3
20543,20543,1
20548,20549,2
20553,20553,1
20557,20558,2
20565,20565,1
20567,20567,1
20570,20570,1
20572,20572,1
20575,20575,1
20578,20578,1
20582,20583,2
20588,20589,2
20592,20592,1
20595,20597,3
20599,20599,1
20602,20603,2
20605,20605,1
20607,20607,1
20609,20612,4
20614,20614,1
20616,20616,1
20624,20626,3
20629,20629,1
20632,20632,1
20636,20636,1
20638,20638,1
20642,20642,1
20645,20645,1
20647,20647,1
20650,20650,1
20653,20653,1
20656,20656,1
20659,20659,1
20663,20663,1
20665,20665,1
20667,20669,3
20671,20671,1
20673,20673,1
20676,20676,1
20678,20678,1
20682,20683,2
20686,20686,1
20696,20696,1
20698,20698,1
20701,20701,1
20704,20704,1
20712,20712,1
20716,20717,2
20721,20722,2
20724,20724,1
20727,20730,4
20735,20738,4
20741,20741,1
20743,20743,1
20747,20747,1
20749,20749,1
20751,20752,2
20754,20754,1
20763,20763,1
20766,20766,1
20768,20770,3
20774,20776,3
20780,20781,2
20785,20785,1
20787,20787,1
20790,20790,1
20792,20792,1
20799,20800,2
20805,20805,1
20807,20807,1
20809,20809,1
20811,20813,3
20816,20816,1
20822,20823,2
20825,20825,1
20830,20831,2
20834,20834,1
20836,20836,1
20838,20839,2
20842,20842,1
20845,20846,2
20848,20848,1
20851,20851,1
20855,20855,1
20859,20859,1
20862,20862,1
20868,20868,1
20871,20871,1
20875,20876,2
20878,20879,2
20882,20883,2
20886,20886,1
20888,20888,1
20890,20891,2
20895,20896,2
20900,20900,1
20903,20903,1
20905,20906,2
20909,20911,3
20916,20917,2
20920,20922,3
20925,20925,1
20927,20927,1
20931,20931,1
20933,20933,1
20935,20935,1
20937,20938,2
20941,20941,1
20943,20944,2
20946,20946,1
20948,20948,1
20950,20950,1
20954,20954,1
20962,20962,1
20964,20964,1
20967,20968,2
20978,20978,1
20981,20981,1
20983,20984,2
20987,20987,1
20992,20992,1
20999,20999,1
21002,21002,1
21005,21005,1
21008,21008,1
21011,21011,1
21013,21013,1
21019,21019,1
21025,21025,1
21029,21029,1
21036,21037,2
21041,21041,1
21045,21045,1
21048,21048,1
21053,21053,1
21057,21057,1
21059,21059,1
21063,21063,1
21075,21075,1
21078,21078,1
21081,21081,1
21085,21086,2
21091,21091,1
21093,21093,1
21096,21096,1
21100,21100,1
21107,21107,1
21112,21112,1
21114,21114,1
21116,21116,1
21118,21118,1
21121,21121,1
21129,21129,1
21145,21145,1
21147,21147,1
21154,21154,1
21159,21159,1
21165,21165,1
21169,21170,2
21173,21175,3
21180,21180,1
21184,21184,1
21187,21190,4
21192,21192,1
21194,21194,1
21196,21196,1
21199,21199,1
21203,21203,1
21205,21205,1
21210,21210,1
21212,21214,3
21221,21221,1
21226,21226,1
21234,21234,1
21240,21241,2
21247,21247,1
21249,21249,1
21254,21255,2
21259,21259,1
21261,21261,1
21263,21263,1
21270,21270,1
21278,21278,1
21285,21285,1
21294,21294,1
21303,21303,1
21306,21306,1
21309,21466,158
21470,21470,1
21480,21480,1
21485,21485,1
21487,21487,1
21489,21489,1
21494,21494,1
21509,21509,1
21520,21520,1
21522,21522,1
21524,21524,1
21545,21545,1
21555,21556,2
21570,21571,2
21576,21577,2
21581,21597,17
21605,21606,2
21608,21609,2
21611,21611,1
21618,21618,1
21624,21624,1
21629,21629,1
21633,21634,2
21646,21646,1
21648,21648,1
21651,21651,1
21656,21657,2
21659,21660,2
21662,21662,1
21664,21664,1
21667,21668,2
21671,21671,1
21674,21675,2
21683,21683,1
21687,21687,1
21689,21689,1
21695,21697,3
21700,21701,2
21704,21704,1
21707,21707,1
21709,21709,1
21712,21713,2
21718,21718,1
21720,21721,2
21723,21723,1
21726,21727,2
21734,21734,1
21739,21739,1
21747,21747,1
21750,21750,1
21752,21752,1
21760,21760,1
21763,21764,2
21766,21768,3
21770,21770,1
21773,21774,2
21779,21780,2
21786,21786,1
21788,21788,1
21790,21790,1
21793,21794,2
21797,21797,1
21799,21801,3
21804,21805,2
21811,21811,1
21813,21814,2
21817,21819,3
21824,21824,1
21827,21827,1
21829,21829,1
21834,21835,2
21837,21838,2
21840,21840,1
21842,21842,1
21844,21845,2
21847,21847,1
21852,21854,3
21856,21856,1
21858,21859,2
21861,21861,1
21863,21864,2
21867,21869,3
21871,21871,1
21874,21874,1
21877,21877,1
21879,21880,2
21882,21882,1
21884,21884,1
21886,21887,2
21890,21891,2
21899,21900,2
21902,21902,1
21907,21907,1
21909,21909,1
21914,21915,2
21917,21918,2
21920,21920,1
21923,21923,1
21930,21930,1
21934,21934,1
21936,21936,1
21939,21939,1
21942,21943,2
21945,21945,1
21947,21948,2
21950,21950,1
21953,21954,2
21957,21957,1
21959,21961,3
21963,21963,1
21968,21969,2
21975,21975,1
21977,21977,1
21981,21981,1
21983,21983,1
21986,21987,2
21990,21990,1
21994,21994,1
21996,21996,1
22003,22003,1
22006,22006,1
22011,22013,3
22016,22016,1
22027,22027,1
22034,22036,3
22039,22039,1
22041,22042,2
22047,22047,1
22053,22053,1
22056,22056,1
22063,22063,1
22066,22067,2
22073,22074,2
22076,22076,1
22080,22081,2
22087,22087,1
22089,22089,1
22094,22094,1
22096,22096,1
22103,22103,1
22105,22105,1
22111,22111,1
22113,22113,1
22116,22116,1
22132,22132,1
22135,22135,1
22147,22148,2
22152,22152,1
22156,22156,1
22158,22163,6
22165,22165,1
22167,22168,2
22173,22173,1
22178,22179,2
22181,22181,1
22184,22185,2
22187,22187,1
22192,22192,1
22196,22196,1
22205,22205,1
22208,22208,1
22210,22210,1
22213,22213,1
22216,22216,1
22220,22220,1
22222,22223,2
22225,22225,1
22228,22228,1
22239,22239,1
22247,22247,1
22250,22250,1
22256,22256,1
22258,22258,1
22260,22261,2
22267,22268,2
22271,22271,1
22274,22274,1
22279,22280,2
22284,22284,1
22287,22287,1
22289,22290,2
22296,22296,1
22298,22298,1
22301,22301,1
22304,22304,1
22311,22311,1
22313,22313,1
22318,22318,1
22325,22325,1
22330,22330,1
22333,22333,1
22335,22335,1
22347,22348,2
22351,22351,1
22358,22358,1
22360,22360,1
22367,22367,1
22369,22369,1
22373,22373,1
22380,22380,1
22382,22383,2
22385,22386,2
22389,22389,1
22397,22399,3
22401,22402,2
22404,22404,1
22406,22407,2
22409,22409,1
22413,22415,3
22418,22419,2
22433,22433,1
22439,22439,1
22441,22441,1
22447,22447,1
22456,22456,1
22458,22463,6
22470,22470,1
22472,22472,1
22475,22475,1
22486,22486,1
22490,22490,1
22494,22494,1
22499,22499,1
22504,22504,1
22508,22508,1
22515,22516,2
22518,22518,1
22526,22527,2
22547,22547,1
22565,22566,2
22569,22569,1
22586,22586,1
22589,22589,1
22596,22596,1
22600,22600,1
22605,22605,1
22609,22609,1
22613,22614,2
22618,22619,2
22621,22621,1
22623,22623,1
22627,22627,1
22630,22630,1
22634,22634,1
22636,22636,1
22639,22640,2
22653,22653,1
22660,22660,1
22662,22662,1
22669,22670,2
22678,22678,1
22683,22683,1
22685,22686,2
22689,22690,2
22696,22696,1
22704,22704,1
22711,22711,1
22717,22717,1
22720,22720,1
22722,22723,2
22726,22726,1
22731,22732,2
22735,22735,1
22737,22737,1
22740,22741,2
22743,22744,2
22753,22754,2
22764,22765,2
22768,22768,1
22776,22776,1
22779,22779,1
22787,22787,1
22790,22793,4
22797,22797,1
22807,22807,1
22812,22813,2
22819,22822,4
22826,22828,3
22831,22831,1
22836,22836,1
22839,22839,1
22842,22842,1
22850,22850,1
22855,22855,1
22857,22859,3
22862,22862,1
22866,22866,1
22872,22872,1
22874,22874,1
22885,22885,1
22887,22887,1
22895,22895,1
22897,22897,1
22901,22902,2
22908,22908,1
22910,22911,2
22915,22915,1
22918,22919,2
22928,22928,1
22935,22935,1
22945,22952,8
22954,22954,1
22956,22957,2
22962,22964,3
22966,22966,1
22970,22970,1
22972,22972,1
22986,22986,1
22988,22988,1
22991,22991,1
22994,22994,1
22997,22997,1
23002,23002,1
23005,23005,1
23008,23008,1
23019,23020,2
23028,23029,2
23031,23031,1
23033,23034,2
23036,23036,1
23041,23042,2
23044,23044,1
23046,23046,1
23051,23052,2
23055,23055,1
23058,23058,1
23062,23062,1
23065,23066,2
23068,23070,3
23072,23072,1
23074,23074,1
23076,23077,2
23082,23082,1
23095,23095,1
23099,23101,3
23107,23107,1
23112,23112,1
23116,23116,1
23122,23123,2
23125,23125,1
23128,23129,2
23131,23131,1
23133,23134,2
23139,23139,1
23141,23141,1
23143,23144,2
23148,23148,1
23150,23151,2
23153,23153,1
23158,23158,1
23160,23160,1
23173,23174,2
23177,23177,1
23180,23180,1
23187,23187,1
23189,23189,1
23192,23192,1
23196,23196,1
23198,23198,1
23201,23201,1
23204,23204,1
23211,23211,1
23219,23220,2
23222,23222,1
23226,23226,1
23230,23230,1
23240,23240,1
23245,23245,1
23248,23248,1
23250,23250,1
23252,23252,1
23255,23255,1
23259,23259,1
23268,23268,1
23272,23272,1
23281,23281,1
23284,23284,1
23286,23287,2
23290,23290,1
23294,23294,1
23296,23296,1
23299,23299,1
23305,23306,2
23308,23308,1
23310,23310,1
23317,23318,2
23321,23321,1
23329,23329,1
23332,23332,1
23334,23334,1
23339,23340,2
23343,23345,3
23347,23347,1
23349,23349,1
23352,23352,1
23354,23354,1
23359,23360,2
23362,23362,1
23366,23367,2
23371,23371,1
23376,23377,2
23385,23385,1
23389,23389,1
23394,23394,1
23396,23396,1
23408,23408,1
23410,23410,1
23412,23434,23
23436,23436,1
23438,23439,2
23441,23441,1
23443,23443,1
23446,23446,1
23456,23456,1
23463,23463,1
23466,23467,2
23470,23470,1
23472,23474,3
23476,23477,2
23482,23482,1
23484,23484,1
23488,23488,1
23490,23490,1
23493,23493,1
23495,23495,1
23498,23498,1
23501,23501,1
23503,23503,1
23506,23509,4
23514,23514,1
23516,23517,2
23520,23521,2
23524,23524,1
23526,23528,3
23531,23531,1
23533,23533,1
23535,23535,1
23538,23539,2
23541,23542,2
23544,23544,1
23547,23547,1
23549,23550,2
23552,23552,1
23554,23555,2
23559,23561,3
23565,23565,1
23569,23569,1
23571,23572,2
23576,23576,1
23578,23578,1
23580,23581,2
23585,23588,4
23592,23592,1
23595,23596,2
23598,23598,1
23602,23602,1
23604,23606,3
23609,23610,2
23613,23613,1
23615,23615,1
23617,23617,1
23619,23619,1
23622,23624,3
23626,23626,1
23631,23632,2
23634,23634,1
23636,23637,2
23640,23640,1
23643,23643,1
23645,23645,1
23648,23649,2
23657,23657,1
23661,23661,1
23663,23663,1
23665,23665,1
23668,23669,2
23673,23673,1
23675,23676,2
23679,23679,1
23681,23682,2
23684,23685,2
23689,23689,1
23691,23691,1
23693,23693,1
23695,23695,1
23697,23698,2
23701,23702,2
23704,23704,1
23706,23706,1
23708,23709,2
23714,23714,1
23716,23718,3
23721,23723,3
23725,23726,2
23728,23728,1
23730,23730,1
23733,23735,3
23737,23737,1
23739,23739,1
23742,23745,4
23747,23747,1
23751,23752,2
23754,23754,1
23757,23757,1
23759,23759,1
23761,23761,1
23764,23764,1
23768,23768,1
23770,23771,2
23773,23773,1
23775,23775,1
23777,23777,1
23780,23780,1
23791,23791,1
23793,23793,1
23795,23795,1
23800,23800,1
23803,23803,1
23807,23808,2
23814,23814,1
23816,23816,1
23819,23820,2
23824,23824,1
23826,23828,3
23832,23832,1
23834,23834,1
23836,23837,2
23841,23841,1
23845,23846,2
23848,23848,1
23852,23852,1
23854,23854,1
23856,23856,1
23858,23858,1
23862,23863,2
23866,23866,1
23868,23868,1
23870,23870,1
23872,23872,1
23878,23879,2
23881,23881,1
23883,23883,1
23887,23887,1
23891,23891,1
23900,23900,1
23902,23902,1
23905,23905,1
23907,23907,1
23909,23911,3
23914,23914,1
23917,23917,1
23921,23921,1
23923,23923,1
23925,23925,1
23931,23931,1
23933,23933,1
23938,23938,1
23940,23940,1
23943,23943,1
23947,23947,1
23949,23950,2
23954,23954,1
23957,23958,2
23960,23960,1
23964,23964,1
23966,23966,1
23968,23969,2
23971,23971,1
23974,23974,1
23977,23977,1
23979,23980,2
23985,23985,1
23988,23988,1
23991,23991,1
23993,23993,1
23996,23998,3
24003,24003,1
24005,24005,1
24007,24008,2
24010,24010,1
24012,24013,2
24019,24019,1
24022,24022,1
24028,24028,1
24030,24031,2
24033,24033,1
24036,24036,1
24041,24041,1
24044,24044,1
24046,24048,3
24052,24053,2
24057,24057,1
24060,24060,1
24064,24064,1
24066,24068,3
24070,24072,3
24074,24075,2
24077,24079,3
24081,24081,1
24083,24084,2
24086,24086,1
24088,24090,3
24092,24092,1
24097,24097,1
24101,24101,1
24105,24105,1
24107,24107,1
24109,24109,1
24111,24111,1
24113,24114,2
24117,24117,1
24119,24120,2
24122,24123,2
24127,24127,1
24131,24131,1
24143,24143,1
24147,24148,2
24151,24151,1
24153,24153,1
24155,24159,5
24164,24164,1
24166,24166,1
24170,24171,2
24173,24173,1
24175,24176,2
24182,24183,2
24185,24185,1
24192,24194,3
24196,24196,1
24198,24198,1
24200,24200,1
24202,24203,2
24205,24205,1
24207,24207,1
24213,24213,1
24216,24216,1
24219,24219,1
24226,24226,1
24229,24230,2
24233,24233,1
24235,24238,4
24240,24240,1
24242,24248,7
24250,24251,2
24254,24254,1
24256,24256,1
24258,24261,4
24264,24265,2
24267,24267,1
24270,24271,2
24273,24275,3
24277,24278,2
24280,24281,2
24283,24284,2
24286,24287,2
24289,24289,1
24292,24296,5
24298,24299,2
24301,24303,3
24305,24306,2
24308,24310,3
24312,24317,6
24319,24319,1
24322,24323,2
24325,24330,6
24333,24334,2
24336,24336,1
24338,24340,3
24344,24345,2
24347,24350,4
24352,24352,1
24354,24356,3
24359,24360,2
24365,24366,2
24368,24372,5
24374,24374,1
24376,24379,4
24381,24381,1
24383,24385,3
24387,24387,1
24389,24389,1
24391,24393,3
24395,24396,2
24398,24398,1
24403,24405,3
24407,24412,6
24417,24417,1
24420,24422,3
24424,24424,1
24426,24426,1
24429,24429,1
24431,24432,2
24435,24437,3
24439,24440,2
24442,24446,5
24448,24448,1
24451,24451,1
24456,24456,1
24458,24460,3
24465,24465,1
24467,24468,2
24471,24472,2
24474,24476,3
24478,24480,3
24483,24485,3
24487,24487,1
24489,24489,1
24492,24493,2
24495,24495,1
24497,24500,4
24502,24502,1
24505,24509,5
24512,24516,5
24518,24520,3
24523,24526,4
24528,24530,3
24533,24534,2
24536,24536,1
24538,24538,1
24540,24542,3
24544,24544,1
24546,24548,3
24550,24553,4
24555,24556,2
24558,24559,2
24561,24565,5
24568,24569,2
24571,24571,1
24573,24573,1
24576,24577,2
24581,24583,3
24585,24586,2
24588,24588,1
24590,24590,1
24593,24597,5
24599,24599,1
24601,24603,3
24605,24608,4
24610,24610,1
24612,24612,1
24614,24614,1
24616,24617,2
24619,24623,5
24625,24628,4
24630,24632,3
24634,24638,5
24640,24643,4
24645,24650,6
24652,24653,2
24655,24657,3
24660,24661,2
24663,24665,3
24667,24674,8
24676,24680,5
24682,24685,4
24688,24689,2
24691,24692,2
24694,24701,8
24703,24705,3
24707,24709,3
24712,24712,1
24715,24715,1
24717,24720,4
24722,24722,1
24724,24725,2
24727,24730,4
24732,24737,6
24741,24742,2
24744,24746,3
24748,24748,1
24750,24751,2
24753,24753,1
24755,24759,5
24761,24762,2
24764,24768,5
24770,24772,3
24774,24775,2
24777,24777,1
24779,24780,2
24782,24787,6
24789,24791,3
24794,24796,3
24798,24799,2
24801,24801,1
24803,24805,3
24807,24807,1
24810,24813,4
24815,24817,3
24821,24825,5
24827,24832,6
24834,24834,1
24836,24836,1
24838,24841,4
24844,24845,2
24848,24849,2
24851,24853,3
24856,24859,4
24861,24861,1
24863,24864,2
24866,24867,2
24869,24869,1
24871,24871,1
24874,24876,3
24880,24881,2
24883,24887,5
24889,24890,2
24892,24895,4
24897,24897,1
24899,24900,2
24902,24902,1
24904,24904,1
24907,24908,2
24911,24911,1
24913,24913,1
24915,24916,2
24918,24921,4
24923,24925,3
24927,24927,1
24929,24929,1
24931,24933,3
24935,24935,1
24937,24938,2
24940,24941,2
24943,24944,2
24946,24946,1
24948,24948,1
24950,24950,1
24952,24952,1
24957,24957,1
24959,24961,3
24963,24964,2
24967,24969,3
24971,24972,2
24974,24976,3
24979,24980,2
24982,24983,2
24985,24985,1
24987,24993,7
24995,24996,2
24998,25001,4
25003,25003,1
25005,25010,6
25012,25014,3
25016,25016,1
25018,25020,3
25022,25022,1
25024,25030,7
25033,25051,19
25054,25058,5
25060,25061,2
25063,25063,1
25066,25066,1
25070,25072,3
25074,25075,2
25077,25080,4
25082,25083,2
25085,25087,3
25089,25093,5
25095,25096,2
25098,25100,3
25102,25103,2
25105,25107,3
25110,25112,3
25114,25116,3
25118,25120,3
25122,25122,1
25124,25126,3
25130,25130,1
25133,25134,2
25136,25139,4
25141,25142,2
25145,25145,1
25148,25151,4
25153,25154,2
25156,25156,1
25159,25160,2
25162,25164,3
25166,25168,3
25170,25170,1
25172,25173,2
25175,25175,1
25177,25178,2
25181,25182,2
25185,25185,1
25188,25188,1
25190,25193,4
25195,25198,4
25200,25200,1
25202,25204,3
25206,25207,2
25210,25212,3
25214,25214,1
25216,25217,2
25219,25220,2
25222,25223,2
25225,25225,1
25227,25227,1
25229,25231,3
25233,25237,5
25239,25243,5
25246,25246,1
25248,25249,2
25251,25256,6
25258,25259,2
25261,25262,2
25264,25265,2
25267,25271,5
25274,25280,7
25282,25282,1
25284,25285,2
25287,25291,5
25293,25302,10
25304,25308,5
25310,25322,13
25324,25325,2
25327,25334,8
25336,25340,5
25342,25342,1
25344,25348,5
25350,25351,2
25353,25357,5
25359,25364,6
25366,25372,7
25374,25385,12
25387,25394,8
25396,25399,4
25401,25405,5
25407,25407,1
25409,25409,1
25411,25411,1
25413,25413,1
25415,25424,10
25426,25426,1
25428,25432,5
25434,25438,5
25441,25448,8
25450,25454,5
25458,25460,3
25463,25464,2
25467,25470,4
25472,25474,3
25478,25481,4
25483,25484,2
25486,25487,2
25489,25493,5
25495,25498,4
25500,25505,6
25507,25511,5
25513,25514,2
25516,25521,6
25523,25526,4
25528,25532,5
25534,25537,4
25540,25541,2
25546,25548,3
25550,25555,6
25557,25561,5
25563,25568,6
25570,25571,2
25573,25573,1
25575,25575,1
25578,25580,3
25583,25585,3
25587,25595,9
25597,25598,2
25600,25603,4
25606,25610,5
25612,25615,4
25617,25621,5
25623,25627,5
25629,25631,3
25634,25639,6
25641,25642,2
25644,25645,2
25647,25647,1
25649,25659,11
25661,25675,15
25677,25715,39
25717,25810,94
25812,25815,4
25817,25828,12
25830,25831,2
25833,25833,1
25835,25840,6
25842,25845,4
25847,25849,3
25851,25858,8
25860,25862,3
25865,25866,2
25868,25869,2
25872,25874,3
25876,25876,1
25878,25879,2
25881,25881,1
25883,25883,1
25885,25887,3
25890,25892,3
25894,25894,1
25896,25903,8
25905,25908,4
25910,25912,3
25914,25916,3
25918,25920,3
25923,25927,5
25929,25930,2
25932,25937,6
25940,25940,1
25942,25944,3
25946,25946,1
25948,25950,3
25953,25954,2
25956,25957,2
25959,25960,2
25962,25962,1
25964,25966,3
25968,25968,1
25970,25976,7
25978,25978,1
25980,25983,4
25985,25986,2
25989,25989,1
25991,25992,2
25994,25995,2
25998,26000,3
26002,26005,4
26007,26008,2
26010,26011,2
26013,26015,3
26017,26017,1
26019,26021,3
26023,26023,1
26025,26028,4
26030,26030,1
26032,26033,2
26035,26035,1
26037,26038,2
26040,26040,1
26042,26043,2
26045,26045,1
26047,26048,2
26050,26051,2
26053,26053,1
26056,26061,6
26063,26063,1
26065,26067,3
26069,26071,3
26073,26073,1
26075,26076,2
26079,26079,1
26081,26084,4
26086,26086,1
26090,26090,1
26095,26095,1
26097,26097,1
26100,26102,3
26104,26105,2
26107,26109,3
26111,26111,1
26114,26119,6
26122,26122,1
26124,26124,1
26128,26128,1
26130,26133,4
26135,26135,1
26137,26139,3
26142,26142,1
26144,26144,1
26146,26146,1
26148,26148,1
26150,26152,3
26154,26154,1
26156,26156,1
26158,26159,2
26161,26162,2
26164,26164,1
26166,26166,1
26168,26170,3
26172,26172,1
26174,26175,2
26177,26178,2
26181,26184,4
26186,26250,65
26253,26253,1
26255,26256,2
26258,26258,1
26262,26264,3
26266,26266,1
26268,26269,2
26272,26272,1
26281,26282,2
26284,26284,1
26286,26288,3
26291,26292,2
26294,26296,3
26298,26298,1
26300,26300,1
26302,26304,3
26306,26306,1
26309,26310,2
26312,26318,7
26320,26325,6
26327,26329,3
26331,26331,1
26333,26341,9
26343,26343,1
26345,26346,2
26348,26349,2
26351,26356,6
26358,26358,1
26360,26361,2
26363,26365,3
26367,26370,4
26372,26375,4
26378,26378,1
26380,26381,2
26384,26387,4
26389,26393,5
26395,26397,3
26399,26400,2
26403,26403,1
26405,26408,4
26411,26415,5
26417,26422,6
26426,26427,2
26429,26431,3
26433,26433,1
26436,26438,3
26440,26443,4
26445,26445,1
26447,26451,5
26454,26456,3
26458,26458,1
26461,26462,2
26465,26465,1
26467,26467,1
26469,26472,4
26474,26476,3
26478,26479,2
26481,26481,1
26483,26485,3
26487,26488,2
26490,26490,1
26492,26493,2
26495,26496,2
26498,26498,1
26500,26502,3
26504,26504,1
26508,26515,8
26517,26518,2
26520,26524,5
26529,26532,4
26534,26535,2
26537,26539,3
26542,26542,1
26544,26548,5
26550,26555,6
26559,26560,2
26562,26562,1
26564,26566,3
26568,26569,2
26571,26573,3
26576,26578,3
26580,26583,4
26585,26588,4
26590,26592,3
26594,26604,11
26607,26607,1
26610,26610,1
26612,26614,3
26616,26616,1
26618,26622,5
26624,26627,4
26629,26629,1
26631,26638,8
26640,26641,2
26643,26647,5
26649,26649,1
26651,26654,4
26656,26686,31
26688,26688,1
26690,26690,1
26693,26695,3
26697,26698,2
26702,26703,2
26706,26706,1
26708,26709,2
26711,26714,4
26716,26716,1
26718,26719,2
26722,26724,3
26726,26726,1
26729,26729,1
26732,26732,1
26734,26735,2
26737,26740,4
26742,26747,6
26749,26749,1
26751,26752,2
26754,26755,2
26758,26758,1
26760,26760,1
26762,26767,6
26770,26772,3
26775,26781,7
26784,26786,3
26788,26790,3
26792,26792,1
26794,26797,4
26799,26808,10
26810,26812,3
26814,26846,33
26848,26852,5
26855,26856,2
26858,26910,53
26913,26917,5
26920,26920,1
26922,26923,2
26925,26925,1
26927,26927,1
26929,26930,2
26933,26933,1
26936,26937,2
26939,26939,1
26943,26943,1
26945,26945,1
26947,26948,2
26951,26953,3
26955,26955,1
26959,26961,3
26963,26965,3
26967,26968,2
26971,26971,1
26973,26976,4
26978,26980,3
26982,26982,1
26984,26988,5
26990,26990,1
26992,26994,3
26996,26996,1
26999,26999,1
27001,27001,1
27003,27005,3
27007,27011,5
27013,27018,6
27020,27021,2
27023,27025,3
27027,27028,2
27030,27031,2
27035,27036,2
27040,27041,2
27043,27044,2
27046,27049,4
27051,27052,2
27054,27054,1
27056,27056,1
27058,27059,2
27061,27064,4
27066,27068,3
27070,27070,1
27072,27072,1
27074,27075,2
27077,27079,3
27081,27081,1
27083,27085,3
27087,27087,1
27090,27092,3
27094,27096,3
27098,27098,1
27102,27104,3
27106,27109,4
27111,27111,1
27113,27113,1
27115,27115,1
27117,27117,1
27119,27121,3
27123,27129,7
27132,27135,4
27137,27139,3
27141,27141,1
27146,27150,5
27152,27156,5
27158,27162,5
27164,27169,6
27171,27171,1
27173,27174,2
27176,27179,4
27181,27181,1
27183,27183,1
27185,27185,1
27187,27188,2
27191,27191,1
27193,27196,4
27198,27204,7
27206,27207,2
27209,27209,1
27211,27212,2
27214,27219,6
27221,27223,3
27225,27228,4
27230,27230,1
27232,27236,5
27239,27239,1
27242,27247,6
27249,27252,4
27255,27256,2
27258,27259,2
27261,27262,2
27264,27265,2
27267,27271,5
27273,27274,2
27276,27278,3
27280,27280,1
27282,27282,1
27284,27285,2
27287,27290,4
27292,27292,1
27295,27296,2
27298,27307,10
27310,27311,2
27313,27313,1
27315,27318,4
27320,27322,3
27324,27325,2
27327,27329,3
27331,27336,6
27340,27343,4
27345,27345,1
27347,27348,2
27353,27354,2
27356,27356,1
27359,27359,1
27361,27361,1
27363,27364,2
27366,27366,1
27368,27368,1
27370,27370,1
27373,27373,1
27375,27378,4
27380,27384,5
27386,27391,6
27394,27395,2
27397,27399,3
27401,27403,3
27407,27407,1
27411,27414,4
27416,27420,5
27422,27422,1
27425,27427,3
27429,27431,3
27433,27434,2
27436,27438,3
27443,27443,1
27446,27446,1
27448,27448,1
27451,27452,2
27454,27454,1
27457,27457,1
27460,27461,2
27463,27468,6
27470,27472,3
27474,27478,5
27481,27483,3
27485,27486,2
27488,27490,3
27492,27494,3
27497,27497,1
27499,27500,2
27502,27503,2
27506,27506,1
27508,27512,5
27514,27514,1
27516,27517,2
27519,27519,1
27522,27523,2
27526,27527,2
27530,27530,1
27532,27532,1
27535,27538,4
27540,27542,3
27544,27544,1
27547,27548,2
27550,27552,3
27554,27556,3
27558,27558,1
27560,27560,1
27562,27564,3
27567,27567,1
27569,27572,4
27574,27574,1
27576,27578,3
27580,27582,3
27584,27584,1
27586,27586,1
27588,27588,1
27590,27590,1
27593,27595,3
27597,27597,1
27599,27601,3
27603,27605,3
27607,27610,4
27612,27612,1
27614,27615,2
27619,27624,6
27626,27627,2
27630,27631,2
27633,27634,2
27636,27636,1
27638,27641,4
27644,27649,6
27651,27651,1
27654,27656,3
27658,27658,1
27660,27664,5
27667,27667,1
27669,27672,4
27674,27675,2
27677,27677,1
27679,27679,1
27681,27682,2
27684,27686,3
27688,27689,2
27691,27695,5
27697,27698,2
27701,27703,3
27705,27706,2
27708,27708,1
27710,27716,7
27718,27720,3
27723,27724,2
27726,27726,1
27728,27730,3
27733,27737,5
27740,27740,1
27742,27746,5
27748,27750,3
27752,27754,3
27756,27756,1
27758,27759,2
27761,27761,1
27763,27766,4
27768,27770,3
27772,27773,2
27776,27777,2
27783,27788,6
27791,27795,5
27798,27800,3
27802,27807,6
27810,27811,2
27813,27816,4
27818,27824,7
27827,27829,3
27831,27837,7
27841,27843,3
27846,27847,2
27850,27851,2
27854,27854,1
27857,27859,3
27861,27861,1
27863,27864,2
27866,27866,1
27868,27869,2
27871,27872,2
27874,27874,1
27878,27881,4
27883,27884,2
27886,27886,1
27888,27889,2
27891,27893,3
27895,27895,1
27897,27897,1
27899,27904,6
27906,27912,7
27914,27916,3
27918,27919,2
27922,27924,3
27927,27928,2
27931,27932,2
27934,27939,6
27941,27942,2
27945,27946,2
27948,27948,1
27950,27950,1
27953,27954,2
27956,27956,1
27958,27961,4
27963,27966,4
27968,27971,4
27973,27976,4
27979,27979,1
27981,27983,3
27986,27987,2
27989,27991,3
27993,27994,2
27996,27996,1
27998,27999,2
28001,28001,1
28003,28007,5
28009,28010,2
28012,28015,4
28020,28021,2
28025,28026,2
28029,28034,6
28038,28039,2
28041,28041,1
28043,28045,3
28047,28049,3
28051,28053,3
28056,28057,2
28059,28061,3
28063,28063,1
28065,28067,3
28069,28071,3
28073,28073,1
28075,28075,1
28077,28080,4
28082,28082,1
28084,28088,5
28090,28090,1
28092,28094,3
28096,28097,2
28100,28101,2
28103,28103,1
28105,28107,3
28110,28110,1
28112,28113,2
28115,28118,4
28120,28124,5
28126,28128,3
28130,28130,1
28132,28132,1
28134,28136,3
28138,28138,1
28141,28142,2
28146,28146,1
28149,28150,2
28152,28153,2
28156,28157,2
28159,28161,3
28163,28163,1
28166,28167,2
28170,28173,4
28175,28175,1
28177,28179,3
28183,28188,6
28191,28192,2
28195,28195,1
28198,28199,2
28203,28205,3
28207,28208,2
28210,28210,1
28212,28213,2
28215,28216,2
28218,28218,1
28221,28224,4
28226,28229,4
28232,28235,4
28238,28240,3
28243,28246,4
28248,28250,3
28253,28253,1
28255,28256,2
28258,28258,1
28260,28261,2
28263,28264,2
28267,28269,3
28271,28271,1
28273,28273,1
28275,28275,1
28277,28278,2
28280,28281,2
28283,28284,2
28287,28287,1
28289,28290,2
28294,28295,2
28297,28297,1
28300,28301,2
28305,28306,2
28310,28310,1
28312,28315,4
28317,28317,1
28320,28320,1
28325,28325,1
28330,28332,3
28335,28337,3
28339,28339,1
28343,28344,2
28349,28349,1
28352,28352,1
28357,28359,3
28361,28361,1
28363,28365,3
28367,28368,2
28371,28375,5
28377,28379,3
28381,28383,3
28385,28386,2
28388,28388,1
28390,28390,1
28392,28394,3
28396,28397,2
28399,28399,1
28401,28402,2
28404,28404,1
28406,28407,2
28409,28412,4
28415,28415,1
28417,28418,2
28421,28423,3
28425,28428,4
28430,28431,2
28433,28433,1
28435,28436,2
28438,28440,3
28442,28442,1
28445,28445,1
28447,28447,1
28452,28452,1
28454,28454,1
28456,28458,3
28460,28460,1
28462,28462,1
28464,28464,1
28469,28472,4
28475,28475,1
28478,28478,1
28480,28481,2
28483,28483,1
28485,28485,1
28487,28489,3
28492,28493,2
28495,28496,2
28498,28500,3
28502,28502,1
28504,28506,3
28508,28508,1
28510,28513,4
28515,28516,2
28518,28520,3
28522,28524,3
28526,28528,3
28530,28531,2
28533,28533,1
28536,28540,5
28542,28542,1
28544,28547,4
28549,28550,2
28552,28557,6
28559,28559,1
28561,28561,1
28563,28563,1
28565,28567,3
28570,28572,3
28574,28575,2
28577,28577,1
28579,28580,2
28583,28583,1
28585,28585,1
28587,28588,2
28590,28591,2
28595,28596,2
28598,28600,3
28602,28604,3
28606,28607,2
28611,28612,2
28614,28614,1
28616,28618,3
28621,28623,3
28625,28626,2
28628,28628,1
28630,28630,1
28632,28635,4
28637,28637,1
28639,28641,3
28643,28647,5
28649,28651,3
28655,28656,2
28658,28660,3
28662,28663,2
28665,28665,1
28667,28671,5
28673,28674,2
28676,28676,1
28678,28682,5
28685,28686,2
28688,28688,1
28690,28690,1
28693,28751,59
28753,28798,46
28800,28804,5
28806,28810,5
28812,28813,2
28815,28816,2
28818,28821,4
28823,28824,2
28826,28831,6
28833,28834,2
28836,28837,2
28839,28842,4
28844,28850,7
28852,28853,2
28855,28857,3
28860,28867,8
28869,28870,2
28872,28879,8
28882,28882,1
28884,28887,4
28889,28893,5
28895,28895,1
28897,28900,4
28902,28902,1
28904,28906,3
28908,28909,2
28911,28914,4
28916,28916,1
28919,28920,2
28922,28925,4
28927,28927,1
28931,28932,2
28934,28934,1
28936,28939,4
28942,28942,1
28944,28946,3
28949,28949,1
28952,28958,7
28960,28961,2
28963,28963,1
28965,28969,5
28971,28972,2
28974,28977,4
28979,28983,5
28985,28985,1
28987,28989,3
28991,28991,1
28993,28993,1
28995,28998,4
29001,29004,4
29006,29007,2
29009,29013,5
29016,29016,1
29018,29020,3
29022,29025,4
29027,29028,2
29030,29036,7
29038,29038,1
29040,29041,2
29043,29044,2
29046,29047,2
29049,29058,10
29060,29061,2
29063,29065,3
29068,29070,3
29072,29072,1
29074,29075,2
29077,29077,1
29079,29079,1
29081,29081,1
29083,29083,1
29085,29087,3
29089,29089,1
29091,29092,2
29095,29096,2
29098,29098,1
29100,29103,4
29105,29107,3
29109,29112,4
29114,29116,3
29118,29121,4
29123,29124,2
29126,29128,3
29130,29131,2
29133,29133,1
29136,29138,3
29140,29141,2
29143,29147,5
29149,29158,10
29161,29162,2
29164,29165,2
29169,29169,1
29172,29172,1
29174,29175,2
29177,29177,1
29179,29179,1
29181,29181,1
29183,29185,3
29187,29187,1
29190,29192,3
29194,29196,3
29198,29206,9
29208,29213,6
29215,29215,1
29218,29221,4
29223,29223,1
29225,29227,3
29229,29230,2
29232,29232,1
29234,29235,2
29237,29237,1
29241,29242,2
29244,29244,1
29246,29251,6
29253,29257,5
29259,29259,1
29261,29263,3
29265,29271,7
29274,29275,2
29277,29280,4
29282,29290,9
29292,29293,2
29295,29295,1
29297,29297,1
29299,29300,2
29302,29306,5
29309,29312,4
29314,29316,3
29318,29318,1
29320,29321,2
29323,29329,7
29331,29332,2
29334,29339,6
29341,29346,6
29348,29349,2
29352,29352,1
29354,29360,7
29362,29367,6
29369,29370,2
29374,29377,4
29380,29380,1
29383,29385,3
29387,29388,2
29390,29392,3
29394,29396,3
29398,29402,5
29404,29405,2
29407,29407,1
29409,29411,3
29413,29413,1
29416,29417,2
29419,29420,2
29422,29424,3
29426,29426,1
29428,29430,3
29432,29436,5
29438,29440,3
29442,29449,8
29451,29455,5
29457,29458,2
29461,29462,2
29464,29467,4
29469,29469,1
29472,29472,1
29474,29474,1
29477,29479,3
29481,29484,4
29486,29490,5
29492,29493,2
29495,29503,9
29505,29509,5
29511,29512,2
29514,29515,2
29517,29522,6
29524,29526,3
29528,29531,4
29533,29533,1
29535,29536,2
29538,29539,2
29541,29544,4
29546,29548,3
29550,29551,2
29553,29553,1
29555,29565,11
29567,29569,3
29572,29572,1
29574,29574,1
29576,29578,3
29580,29581,2
29583,29583,1
29585,29586,2
29589,29591,3
29593,29594,2
29596,29597,2
29599,29605,7
29607,29607,1
29610,29612,3
29615,29615,1
29617,29617,1
29619,29619,1
29621,29621,1
29623,29623,1
29625,29632,8
29634,29634,1
29636,29636,1
29638,29639,2
29642,29646,5
29648,29648,1
29650,29652,3
29654,29656,3
29658,29660,3
29662,29665,4
29667,29668,2
29670,29672,3
29675,29675,1
29677,29677,1
29679,29679,1
29681,29681,1
29683,29685,3
29688,29689,2
29691,29696,6
29698,29698,1
29701,29702,2
29706,29712,7
29714,29719,6
29721,29726,6
29728,29731,4
29733,29733,1
29736,29737,2
29740,29741,2
29743,29745,3
29747,29749,3
29751,29757,7
29759,29759,1
29761,29764,4
29766,29770,5
29772,29775,4
29777,29779,3
29781,29781,1
29783,29788,6
29790,29793,4
29795,29796,2
29798,29800,3
29802,29803,2
29805,29807,3
29809,29811,3
29814,29817,4
29819,29820,2
29822,29825,4
29827,29831,5
29833,29840,8
29842,29842,1
29844,29846,3
29848,29848,1
29850,29851,2
29853,29860,8
29862,29864,3
29866,29870,5
29872,29872,1
29874,29880,7
29882,29886,5
29888,29889,2
29891,29895,5
29897,29897,1
29899,29900,2
29902,29903,2
29905,29909,5
29911,29917,7
29921,29922,2
29924,29925,2
29928,29931,4
29933,29936,4
29938,29943,6
29946,29950,5
29952,29961,10
29963,29965,3
29967,29968,2
29970,29976,7
29978,29984,7
29986,29987,2
29989,29990,2
29992,29992,1
29994,29998,5
30001,30003,3
30006,30009,4
30011,30012,2
30014,30015,2
30017,30021,5
30023,30028,6
30030,30033,4
30035,30039,5
30041,30044,4
30046,30051,6
30053,30059,7
30061,30061,1
30063,30066,4
30068,30069,2
30071,30074,4
30076,30077,2
30079,30080,2
30082,30086,5
30088,30094,7
30096,30103,8
30105,30109,5
30111,30116,6
30118,30119,2
30121,30126,6
30128,30128,1
30130,30142,13
30144,30149,6
30151,30168,18
30170,30177,8
30179,30217,39
30219,30222,4
30224,30228,5
30230,30233,4
30235,30238,4
30240,30240,1
30242,30242,1
30244,30246,3
30248,30249,2
30251,30255,5
30257,30258,2
30260,30263,4
30265,30278,14
30280,30285,6
30287,30294,8
30296,30298,3
30300,30306,7
30308,30311,4
30313,30317,5
30319,30324,6
30326,30336,11
30338,30342,5
30344,30346,3
30348,30367,20
30369,30385,17
30387,30394,8
30396,30405,10
30407,30412,6
30414,30419,6
30421,30422,2
30424,30425,2
30427,30430,4
30432,30436,5
30438,30444,7
30446,30451,6
30454,30461,8
30463,30468,6
30470,30477,8
30480,30485,6
30487,30491,5
30493,30501,9
30503,30506,4
30508,30520,13
30522,30523,2
30525,30531,7
30534,30537,4
30539,30539,1
30541,30544,4
30546,30555,10
30558,30564,7
30566,30569,4
30571,30575,5
30577,30583,7
30585,30591,7
30593,30594,2
30596,30599,4
30601,30609,9
30611,30611,1
30613,30615,3
30617,30627,11
30629,30636,8
30638,30646,9
30648,30654,7
30656,30665,10
30667,30670,4
30672,30677,6
30679,30682,4
30684,30690,7
30692,30699,8
30701,30707,7
30709,30715,7
30717,30724,8
30726,30727,2
30729,30729,1
30731,30740,10
30742,30743,2
30745,30752,8
30754,30760,7
30762,30768,7
30770,30770,1
30772,30783,12
30785,30787,3
30789,30796,8
30798,30810,13
30812,30816,5
30818,30821,4
30823,30827,5
30829,30834,6
30836,30841,6
30844,30846,3
30848,30853,6
30855,30865,11
30868,30871,4
30873,30882,10
30884,30888,5
30890,30892,3
30895,30909,15
30911,30915,5
30917,30918,2
30921,30924,4
30926,30927,2
30929,30939,11
30941,30946,6
30948,30954,7
30956,30960,5
30962,30967,6
30969,30969,1
30971,30978,8
30980,30982,3
30984,30987,4
30989,30992,4
30994,31001,8
31003,31004,2
31006,31008,3
31010,31013,4
31015,31017,3
31020,31020,1
31022,31027,6
31029,31029,1
31031,31038,8
31040,31046,7
31048,31057,10
31059,31063,5
31065,31071,7
31073,31076,4
31078,31080,3
31082,31087,6
31089,31101,13
31103,31105,3
31107,31110,4
31112,31117,6
31119,31119,1
31121,31124,4
31126,31131,6
31133,31134,2
31136,31141,6
31143,31145,3
31147,31149,3
31152,31155,4
31158,31158,1
31160,31165,6
31167,31167,1
31169,31169,1
31171,31174,4
31176,31180,5
31182,31183,2
31185,31194,10
31196,31202,7
31204,31209,6
31211,31217,7
31219,31220,2
31222,31222,1
31224,31226,3
31228,31231,4
31233,31237,5
31239,31239,1
31241,31242,2
31244,31244,1
31247,31248,2
31250,31257,8
31259,31268,10
31271,31278,8
31280,31285,6
31287,31287,1
31290,31294,5
31296,31299,4
31301,31307,7
31310,31310,1
31312,31317,6
31320,31322,3
31324,31325,2
31327,31333,7
31335,31345,11
31348,31349,2
31351,31356,6
31358,31359,2
31362,31372,11
31374,31380,7
31382,31383,2
31385,31387,3
31389,31393,5
31395,31396,2
31398,31415,18
31417,31425,9
31427,31429,3
31431,31440,10
31442,31447,6
31449,31450,2
31452,31458,7
31460,31465,6
31467,31471,5
31474,31479,6
31481,31483,3
31485,31488,4
31490,31491,2
31493,31494,2
31496,31500,5
31502,31506,5
31508,31514,7
31516,31530,15
31533,31537,5
31539,31543,5
31545,31546,2
31548,31549,2
31552,31555,4
31558,31562,5
31565,31566,2
31570,31573,4
31575,31575,1
31578,31593,16
31595,31599,5
31601,31603,3
31605,31612,8
31614,31615,2
31617,31621,5
31623,31626,4
31628,31630,3
31632,31633,2
31635,31641,7
31643,31646,4
31648,31654,7
31656,31660,5
31662,31666,5
31670,31673,4
31675,31676,2
31678,31684,7
31686,31689,4
31691,31694,4
31696,31698,3
31700,31707,8
31709,31709,1
31711,31713,3
31715,31727,13
31729,31732,4
31734,31735,2
31737,31740,4
31742,31751,10
31753,31761,9
31763,31763,1
31765,31766,2
31769,31777,9
31779,31779,1
31781,31783,3
31785,31789,5
31792,31794,3
31797,31802,6
31804,31804,1
31806,31810,5
31812,31823,12
31825,31832,8
31834,31837,4
31839,31845,7
31847,31855,9
31857,31857,1
31859,31859,1
31861,31865,5
31867,31868,2
31870,31878,9
31880,31881,2
31883,31886,4
31889,31896,8
31898,31898,1
31900,31901,2
31903,31908,6
31910,31913,4
31915,31922,8
31924,31925,2
31928,31935,8
31937,31941,5
31943,31945,3
31947,31948,2
31952,31952,1
31954,31956,3
31959,31962,4
31964,31965,2
31968,31969,2
31971,31971,1
31973,31977,5
31979,31985,7
31987,31992,6
31994,31996,3
31998,31998,1
32000,32000,1
32002,32004,3
32006,32015,10
32017,32019,3
32022,32022,1
32024,32025,2
32027,32031,5
32033,32035,3
32037,32037,1
32039,32040,2
32042,32046,5
32048,32052,5
32054,32065,12
32067,32071,5
32073,32080,8
32082,32082,1
32084,32092,9
32094,32094,1
32096,32101,6
32103,32113,11
32115,32116,2
32118,32119,2
32121,32127,7
32129,32136,8
32138,32144,7
32146,32154,9
32156,32157,2
32159,32162,4
32164,32164,1
32166,32175,10
32177,32184,8
32186,32196,11
32198,32202,5
32204,32204,1
32206,32208,3
32210,32213,4
32215,32221,7
32223,32231,9
32233,32243,11
32245,32257,13
32259,32262,4
32264,32266,3
32268,32269,2
32271,32274,4
32276,32282,7
32284,32284,1
32286,32287,2
32289,32291,3
32293,32293,1
32295,32298,4
32300,32302,3
32304,32310,7
32312,32313,2
32315,32318,4
32320,32327,8
32329,32331,3
32333,32340,8
32342,32343,2
32346,32348,3
32350,32352,3
32354,32364,11
32367,32372,6
32374,32380,7
32382,32386,5
32388,32395,8
32397,32400,4
32402,32405,4
32407,32407,1
32409,32412,4
32414,32420,7
32422,32427,6
32429,32430,2
32432,32437,6
32439,32439,1
32441,32443,3
32445,32451,7
32453,32454,2
32456,32460,5
32462,32465,4
32467,32470,4
32473,32475,3
32477,32478,2
32480,32480,1
32482,32484,3
32486,32488,3
32490,32494,5
32497,32497,1
32499,32502,4
32504,32509,6
32511,32515,5
32517,32518,2
32520,32521,2
32523,32532,10
32534,32535,2
32537,32540,4
32542,32542,1
32544,32550,7
32552,32552,1
32554,32557,4
32559,32566,8
32568,32570,3
32572,32575,4
32577,32577,1
32579,32579,1
32581,32588,8
32592,32592,1
32594,32603,10
32605,32609,5
32611,32611,1
32613,32617,5
32619,32622,4
32624,32627,4
32629,32633,5
32635,32638,4
32640,32644,5
32646,32652,7
32654,32656,3
32658,32662,5
32664,32670,7
32672,32683,12
32685,32692,8
32694,32699,6
32701,32708,8
32710,32710,1
32712,32714,3
32716,32722,7
32724,32724,1
32726,32727,2
32729,32732,4
32734,32734,1
32736,32737,2
32739,32741,3
32743,32746,4
32748,32750,3
32752,32755,4
32757,32765,9
32767,32774,8
32776,32782,7
32784,32786,3
32788,32794,7
32796,32796,1
32798,32804,7
32806,32828,23
32830,32831,2
32833,32840,8
32842,32842,1
32844,32853,10
32856,32859,4
32861,32866,6
32868,32868,1
32870,32874,5
32876,32891,16
32894,32906,13
32908,32919,12
32921,32925,5
32928,32937,10
32939,32948,10
32950,32955,6
32957,32959,3
32961,32969,9
32971,32973,3
32975,32975,1
32977,32983,7
32985,32990,6
32992,32999,8
33001,33003,3
33005,33008,4
33010,33015,6
33017,33021,5
33023,33024,2
33027,33029,3
33031,33036,6
33038,33046,9
33048,33055,8
33057,33058,2
33061,33063,3
33065,33067,3
33069,33074,6
33076,33084,9
33086,33090,5
33092,33099,8
33101,33104,4
33106,33114,9
33116,33120,5
33122,33125,4
33127,33136,10
33138,33142,5
33144,33153,10
33155,33167,13
33169,33181,13
33183,33186,4
33188,33189,2
33191,33199,9
33201,33203,3
33205,33210,6
33212,33214,3
33216,33220,5
33222,33223,2
33225,33234,10
33236,33242,7
33244,33255,12
33257,33266,10
33268,33271,4
33273,33274,2
33276,33285,10
33287,33290,4
33292,33293,2
33295,33296,2
33298,33304,7
33306,33313,8
33316,33318,3
33320,33327,8
33329,33330,2
33332,33337,6
33339,33340,2
33342,33349,8
33351,33357,7
33359,33361,3
33363,33367,5
33369,33369,1
33371,33374,4
33377,33382,6
33384,33392,9
33394,33394,1
33396,33404,9
33406,33411,6
33414,33419,6
33422,33429,8
33431,33433,3
33435,33435,1
33437,33440,4
33442,33444,3
33446,33449,4
33451,33456,6
33458,33459,2
33461,33467,7
33469,33471,3
33473,33480,8
33482,33483,2
33485,33486,2
33488,33490,3
33492,33495,4
33497,33501,5
33503,33505,3
33507,33517,11
33519,33519,1
33521,33522,2
33524,33530,7
33532,33539,8
33541,33548,8
33550,33553,4
33555,33565,11
33567,33576,10
33578,33583,6
33585,33592,8
33595,33600,6
33602,33606,5
33608,33609,2
33611,33615,5
33617,33621,5
33623,33626,4
33628,33628,1
33630,33630,1
33632,33633,2
33635,33640,6
33642,33646,5
33648,33653,6
33655,33656,2
33658,33663,6
33666,33666,1
33668,33669,2
33671,33674,4
33676,33683,8
33685,33688,4
33690,33695,6
33697,33704,8
33706,33706,1
33708,33709,2
33711,33723,13
33725,33727,3
33729,33733,5
33735,33736,2
33738,33740,3
33742,33743,2
33745,33746,2
33748,33757,10
33759,33759,1
33761,33764,4
33767,33770,4
33772,33779,8
33781,33792,12
33796,33796,1
33798,33800,3
33802,33802,1
33804,33810,7
33812,33812,1
33814,33821,8
33823,33829,7
33831,33837,7
33839,33841,3
33844,33845,2
33847,33849,3
33851,33851,1
33853,33859,7
33861,33865,5
33867,33869,3
33871,33877,7
33879,33884,6
33886,33889,4
33891,33895,5
33897,33903,7
33905,33911,7
33913,33915,3
33918,33921,4
33923,33926,4
33928,33931,4
33933,33935,3
33937,33942,6
33944,33945,2
33947,33951,5
33954,33954,1
33956,33959,4
33961,33967,7
33969,33976,8
33978,33981,4
33983,33986,4
33988,33989,2
33991,33994,4
33996,34000,5
34002,34013,12
34015,34020,6
34022,34026,5
34028,34034,7
34036,34037,2
34039,34048,10
34050,34050,1
34052,34052,1
34054,34058,5
34060,34066,7
34068,34071,4
34073,34087,15
34089,34093,5
34096,34096,1
34098,34101,4
34103,34109,7
34111,34116,6
34118,34129,12
34131,34137,7
34139,34139,1
34141,34143,3
34145,34145,1
34147,34156,10
34158,34159,2
34161,34166,6
34169,34169,1
34172,34175,4
34177,34184,8
34186,34193,8
34195,34202,8
34204,34205,2
34207,34208,2
34210,34219,10
34221,34223,3
34225,34226,2
34228,34231,4
34233,34234,2
34236,34241,6
34244,34255,12
34257,34260,4
34263,34272,10
34274,34280,7
34282,34285,4
34287,34292,6
34295,34299,5
34301,34303,3
34305,34309,5
34311,34320,10
34322,34326,5
34328,34331,4
34333,34336,4
34338,34338,1
34340,34342,3
34344,34349,6
34351,34352,2
34354,34362,9
34364,34365,2
34367,34375,9
34377,34381,5
34383,34389,7
34391,34402,12
34404,34404,1
34406,34406,1
34408,34412,5
34414,34437,24
34439,34446,8
34448,34455,8
34458,34462,5
34464,34469,6
34471,34476,6
34478,34484,7
34486,34491,6
34493,34493,1
34495,34501,7
34503,34503,1
34505,34509,5
34511,34512,2
34514,34518,5
34520,34523,4
34525,34525,1
34527,34530,4
34532,34534,3
34536,34539,4
34541,34551,11
34553,34554,2
34556,34561,6
34563,34568,6
34570,34574,5
34576,34580,5
34582,34583,2
34585,34589,5
34591,34597,7
34599,34606,8
34608,34612,5
34614,34618,5
34621,34621,1
34623,34623,1
34625,34629,5
34631,34631,1
34633,34633,1
34635,34635,1
34638,34639,2
34641,34646,6
34649,34652,4
34654,34660,7
34662,34663,2
34665,34669,5
34671,34671,1
34673,34674,2
34676,34676,1
34678,34683,6
34687,34696,10
34698,34700,3
34702,34714,13
34716,34718,3
34721,34727,7
34729,34731,3
34733,34733,1
34735,34737,3
34739,34740,2
34742,34747,6
34749,34750,2
34754,34754,1
34757,34760,4
34762,34767,6
34769,34783,15
34785,34785,1
34787,34803,17
34805,34807,3
34809,34811,3
34814,34818,5
34820,34821,2
34823,34823,1
34825,34832,8
34834,34835,2
34837,34843,7
34845,34848,4
34850,34858,9
34860,34862,3
34864,34866,3
34868,34876,9
34878,34878,1
34881,34881,1
34883,34890,8
34892,34897,6
34899,34901,3
34903,34904,2
34906,34908,3
34910,34914,5
34916,34919,4
34921,34924,4
34927,34927,1
34929,34932,4
34934,34937,4
34939,34941,3
34943,34945,3
34948,34948,1
34950,34950,1
34953,34956,4
34958,34964,7
34966,34972,7
34974,34974,1
34976,34977,2
34979,34983,5
34985,34987,3
34989,34991,3
34994,34995,2
34997,34997,1
34999,35001,3
35003,35006,4
35008,35010,3
35012,35017,6
35019,35024,6
35027,35030,4
35033,35035,3
35037,35037,1
35040,35043,4
35045,35045,1
35047,35047,1
35049,35052,4
35054,35059,6
35061,35062,2
35064,35065,2
35067,35067,1
35069,35075,7
35077,35080,4
35082,35083,2
35085,35086,2
35088,35090,3
35092,35093,2
35095,35103,9
35105,35105,1
35107,35108,2
35110,35111,2
35113,35120,8
35122,35124,3
35126,35127,2
35129,35136,8
35138,35143,6
35146,35154,9
35156,35157,2
35161,35167,7
35169,35173,5
35175,35176,2
35178,35183,6
35185,35186,2
35188,35189,2
35191,35194,4
35196,35199,4
35201,35202,2
35204,35510,307
35512,35518,7
35520,35526,7
35528,35561,34
35564,35567,4
35569,35572,4
35574,35594,21
35596,35598,3
35600,35611,12
35613,35615,3
35617,35622,6
35624,35630,7
35632,35639,8
35641,35650,10
35652,35656,5
35658,35664,7
35666,35674,9
35676,35688,13
35690,35691,2
35693,35701,9
35703,35712,10
35714,35718,5
35720,35720,1
35722,35723,2
35725,35726,2
35728,35734,7
35736,35740,5
35742,35743,2
35745,35750,6
35752,35752,1
35754,35754,1
35756,35766,11
35768,35769,2
35771,35772,2
35774,35777,4
35779,35783,5
35785,35787,3
35789,35790,2
35792,35799,8
35801,35806,6
35808,35813,6
35815,35816,2
35818,35818,1
35820,35821,2
35823,35827,5
35829,35835,7
35837,35838,2
35840,35844,5
35846,35850,5
35852,35852,1
35854,35858,5
35861,35864,4
35866,35867,2
35869,35875,7
35877,35879,3
35881,35887,7
35889,35893,5
35895,35895,1
35897,35903,7
35905,35915,11
35917,35918,2
35920,35922,3
35924,35929,6
35931,35931,1
35933,35935,3
35937,35937,1
35939,35941,3
35943,35945,3
35947,35951,5
35954,35958,5
35961,35966,6
35968,35976,9
35979,35985,7
35987,35997,11
35999,36005,7
36007,36012,6
36014,36016,3
36018,36023,6
36026,36026,1
36028,36029,2
36032,36036,5
36038,36045,8
36047,36047,1
36049,36049,1
36051,36055,5
36058,36067,10
36069,36071,3
36073,36078,6
36080,36083,4
36085,36087,3
36089,36091,3
36093,36106,14
36108,36111,4
36113,36113,1
36116,36121,6
36123,36134,12
36136,36137,2
36139,36145,7
36147,36152,6
36154,36161,8
36163,36171,9
36173,36182,10
36184,36188,5
36190,36190,1
36192,36196,5
36198,36207,10
36209,36222,14
36225,36229,5
36231,36234,4
36236,36238,3
36240,36247,8
36249,36250,2
36252,36259,8
36261,36261,1
36263,36263,1
36265,36272,8
36274,36274,1
36276,36286,11
36288,36298,11
36300,36307,8
36309,36313,5
36315,36322,8
36324,36326,3
36328,36333,6
36335,36342,8
36344,36348,5
36350,36353,4
36355,36358,4
36360,36363,4
36365,36367,3
36369,36373,5
36375,36377,3
36379,36380,2
36382,36382,1
36384,36387,4
36389,36394,6
36396,36400,5
36402,36406,5
36408,36416,9
36418,36420,3
36422,36422,1
36424,36431,8
36433,36436,4
36438,36453,16
36455,36457,3
36459,36463,5
36465,36465,1
36467,36473,7
36475,36484,10
36486,36492,7
36494,36500,7
36503,36508,6
36510,36512,3
36514,36517,4
36519,36523,5
36525,36534,10
36536,36537,2
36539,36540,2
36542,36549,8
36551,36554,4
36556,36563,8
36565,36568,4
36570,36579,10
36581,36584,4
36586,36587,2
36589,36597,9
36599,36603,5
36605,36609,5
36611,36618,8
36620,36629,10
36631,36634,4
36636,36641,6
36643,36645,3
36647,36654,8
36656,36660,5
36662,36664,3
36666,36668,3
36670,36682,13
36684,36693,10
36695,36695,1
36697,36698,2
36700,36700,1
36702,36710,9
36712,36717,6
36719,36721,3
36723,36724,2
36726,36734,9
36736,36736,1
36738,36742,5
36745,36745,1
36747,36755,9
36758,36759,2
36761,36762,2
36764,36766,3
36768,36771,4
36773,36780,8
36782,36785,4
36788,36792,5
36794,36801,8
36803,36804,2
36806,36811,6
36813,36817,5
36819,36825,7
36827,36831,5
36833,36838,6
36840,36846,7
36848,36851,4
36853,36861,9
36863,36870,8
36872,36874,3
36876,36882,7
36885,36888,4
36890,36896,7
36898,36916,19
36918,36928,11
36930,36933,4
36935,36938,4
36940,36959,20
36961,36966,6
36968,36979,12
36981,36989,9
36991,36994,4
36996,37011,16
37013,37014,2
37016,37020,5
37022,37025,4
37027,37033,7
37035,37048,14
37051,37060,10
37062,37069,8
37071,37077,7
37079,37085,7
37087,37095,9
37097,37097,1
37099,37099,1
37101,37105,5
37107,37114,8
37116,37119,4
37121,37123,3
37125,37137,13
37139,37145,7
37147,37152,6
37154,37159,6
37161,37167,7
37169,37178,10
37180,37180,1
37182,37191,10
37193,37196,4
37198,37204,7
37206,37215,10
37217,37221,5
37223,37223,1
37225,37231,7
37233,37240,8
37242,37243,2
37245,37245,1
37247,37253,7
37255,37270,16
37272,37277,6
37279,37292,14
37294,37300,7
37302,37302,1
37304,37307,4
37309,37310,2
37312,37737,426
37739,37763,25
37765,37796,32
37798,37803,6
37805,37807,3
37810,37814,5
37816,37818,3
37820,37824,5
37826,37837,12
37839,37849,11
37851,37851,1
37853,37863,11
37865,37868,4
37870,37877,8
37879,37882,4
37884,37892,9
37894,37898,5
37900,37914,15
37916,37926,11
37928,37930,3
37932,37943,12
37945,37956,12
37958,37967,10
37969,37977,9
37979,37984,6
37986,37995,10
37997,38003,7
38006,38016,11
38018,38024,7
38026,38033,8
38035,38046,12
38048,38059,12
38061,38073,13
38075,38080,6
38082,38089,8
38091,38097,7
38099,38103,5
38105,38107,3
38109,38115,7
38117,38117,1
38119,38126,8
38128,38128,1
38130,38142,13
38144,38149,6
38151,38159,9
38161,38167,7
38169,38174,6
38176,38182,7
38184,38191,8
38193,38196,4
38198,38200,3
38202,38204,3
38206,38206,1
38208,38209,2
38211,38212,2
38214,38214,1
38216,38218,3
38220,38243,24
38245,38255,11
38257,38257,1
38259,38266,8
38268,38276,9
38278,38282,5
38284,38292,9
38294,38303,10
38305,38308,4
38310,38315,6
38317,38331,15
38333,38334,2
38336,38348,13
38350,38356,7
38358,38363,6
38365,38374,10
38377,38380,4
38382,38390,9
38392,38397,6
38399,38399,1
38401,38409,9
38411,38419,9
38421,38434,14
38436,38444,9
38446,38462,17
38464,38471,8
38473,38481,9
38483,38495,13
38497,38498,2
38500,38503,4
38505,38510,6
38512,38513,2
38515,38519,5
38521,38522,2
38524,38527,4
38529,38531,3
38533,38543,11
38545,38554,10
38556,38559,4
38561,38567,7
38569,38575,7
38577,38577,1
38579,38582,4
38584,38587,4
38589,38589,1
38591,38596,6
38598,38605,8
38607,38611,5
38614,38619,6
38622,38624,3
38626,38636,11
38638,38652,15
38654,38654,1
38656,38661,6
38663,38673,11
38675,38678,4
38680,38685,6
38687,38688,2
38690,38695,6
38697,38706,10
38708,38711,4
38713,38720,8
38722,38725,4
38727,38733,7
38735,38740,6
38742,38750,9
38753,38760,8
38762,38766,5
38768,38770,3
38772,38778,7
38780,38791,12
38793,38796,4
38798,38808,11
38810,38818,9
38821,38831,11
38833,38837,5
38839,38847,9
38849,38862,14
38864,38872,9
38874,38877,4
38879,38883,5
38885,38890,6
38892,38894,3
38896,38904,9
38906,38923,18
38925,38932,8
38934,38938,5
38940,38947,8
38949,38950,2
38952,38960,9
38962,38966,5
38968,38971,4
38973,38978,6
38980,38981,2
38983,38987,5
38989,38999,11
39001,39012,12
39014,39016,3
39018,39030,13
39032,39039,8
39041,39044,4
39046,39056,11
39060,39062,3
39064,39065,2
39067,39073,7
39075,39081,7
39083,39083,1
39085,39087,3
39089,39093,5
39095,39102,8
39104,39105,2
39107,39107,1
39109,39115,7
39117,39123,7
39125,39129,5
39132,39139,8
39141,39147,7
39149,39156,8
39158,39165,8
39167,39173,7
39175,39179,5
39181,39188,8
39190,39199,10
39201,39210,10
39212,39213,2
39215,39216,2
39218,39220,3
39222,39228,7
39230,39235,6
39237,39241,5
39243,39243,1
39245,39255,11
39257,39258,2
39260,39263,4
39265,39267,3
39269,39272,4
39274,39281,8
39283,39289,7
39291,39293,3
39295,39303,9
39305,39307,3
39309,39319,11
39321,39328,8
39330,39338,9
39340,39346,7
39348,39352,5
39354,39355,2
39357,39360,4
39362,39365,4
39367,39375,9
39377,39380,4
39382,39386,5
39388,39389,2
39391,39392,2
39394,39403,10
39405,39409,5
39411,39415,5
39417,39418,2
39420,39420,1
39422,39424,3
39426,39428,3
39430,39433,4
39435,39445,11
39447,39447,1
39449,39451,3
39453,39464,12
39466,39470,5
39472,39473,2
39475,39478,4
39480,39480,1
39482,39490,9
39492,39494,3
39496,39499,4
39501,39516,16
39518,39521,4
39523,39525,3
39527,39540,14
39542,39547,6
39549,39551,3
39553,39558,6
39560,39571,12
39573,39574,2
39576,39583,8
39585,39586,2
39588,39596,9
39598,39600,3
39602,39606,5
39608,39615,8
39617,39628,12
39630,39632,3
39634,39640,7
39642,39646,5
39649,39649,1
39651,39654,4
39656,39660,5
39662,39662,1
39664,39669,6
39671,39679,9
39681,39683,3
39685,39693,9
39695,39697,3
39699,39706,8
39708,39728,21
39730,39739,10
39741,39746,6
39748,39753,6
39755,39758,4
39760,39761,2
39763,39763,1
39765,39769,5
39771,39775,5
39777,39780,4
39782,39787,6
39789,39812,24
39814,39826,13
39828,39829,2
39831,39838,8
39840,39843,4
39845,39848,4
39850,39854,5
39856,39858,3
39860,39864,5
39866,39867,2
39869,39871,3
39873,39878,6
39880,39888,9
39890,39899,10
39901,39902,2
39904,39904,1
39906,39908,3
39910,39911,2
39913,39914,2
39916,39927,12
39929,39933,5
39935,39950,16
39952,39958,7
39960,39967,8
39969,39982,14
39984,39986,3
39988,39990,3
39992,39999,8
40001,40017,17
40019,40027,9
40029,40036,8
40038,40038,1
40040,40046,7
40048,40056,9
40058,40065,8
40067,40073,7
40075,40082,8
40084,40092,9
40094,40098,5
40100,40115,16
40117,40137,21
40139,40148,10
40150,40160,11
40162,40165,4
40167,40168,2
40170,40175,6
40177,40181,5
40183,40183,1
40185,40189,5
40191,40195,5
40197,40202,6
40204,40214,11
40216,40226,11
40228,40228,1
40230,40246,17
40248,40251,4
40253,40259,7
40261,40267,7
40269,40272,4
40274,40291,18
40293,40295,3
40297,40305,9
40307,40312,6
40314,40315,2
40317,40321,5
40323,40327,5
40329,40340,12
40342,40348,7
40350,40356,7
40358,40362,5
40364,40368,5
40371,40376,6
40378,40396,19
40398,40403,6
40405,40411,7
40413,40414,2
40416,40420,5
40422,40425,4
40427,40434,8
40436,40436,1
40438,40440,3
40442,40456,15
40458,40461,4
40463,40466,4
40468,40482,15
40484,40488,5
40490,40496,7
40498,40503,6
40505,40506,2
40508,40514,7
40516,40527,12
40529,40532,4
40534,40543,10
40545,40554,10
40556,40560,5
40562,40565,4
40567,40579,13
40581,40589,9
40591,40594,4
40597,40601,5
40603,40611,9
40613,40616,4
40618,40626,9
40628,40636,9
40638,40646,9
40648,40652,5
40654,40665,12
40667,40673,7
40675,40677,3
40679,40685,7
40687,40697,11
40699,40701,3
40703,40715,13
40717,40719,3
40721,40732,12
40735,40740,6
40742,40743,2
40745,40753,9
40755,40764,10
40766,40769,4
40771,40782,12
40784,40796,13
40798,40807,10
40809,40814,6
40816,40821,6
40823,40836,14
40839,40847,9
40849,40854,6
40856,40862,7
40864,40866,3
40868,40872,5
40874,40884,11
40886,40901,16
40903,40910,8
40912,40914,3
40916,40923,8
40925,40926,2
40928,40937,10
40940,40945,6
40947,40955,9
40957,40960,4
40962,40967,6
40969,40975,7
40977,40990,14
40992,40994,3
40996,41001,6
41003,41009,7
41011,41014,4
41016,41021,6
41023,41026,4
41028,41028,1
41030,41033,4
41035,41046,12
41048,41056,9
41058,41065,8
41067,41072,6
41074,41086,13
41088,41089,2
41091,41094,4
41097,41103,7
41105,41105,1
41107,41109,3
41111,41116,6
41118,41122,5
41124,41137,14
41139,41147,9
41149,41161,13
41163,41167,5
41169,41177,9
41179,41189,11
41193,41199,7
41201,41204,4
41206,41212,7
41214,41214,1
41216,41222,7
41224,41232,9
41234,41239,6
41241,41249,9
41251,41251,1
41253,41262,10
41264,41278,15
41280,41292,13
41294,41306,13
41308,41318,11
41320,41329,10
41331,41333,3
41335,41340,6
41342,41348,7
41350,41360,11
41362,41369,8
41371,41388,18
41390,41410,21
41412,41416,5
41418,41429,12
41431,41439,9
41441,41447,7
41449,41458,10
41460,41477,18
41479,41493,15
41495,41501,7
41503,41511,9
41513,41523,11
41525,41530,6
41532,41544,13
41546,41554,9
41556,41569,14
41571,41584,14
41586,41589,4
41591,41606,16
41608,41613,6
41615,41620,6
41622,41632,11
41634,41640,7
41642,41645,4
41647,41651,5
41653,41656,4
41658,41662,5
41665,41677,13
41679,41685,7
41687,41689,3
41691,41694,4
41696,41701,6
41703,41707,5
41709,41714,6
41716,41718,3
41720,41727,8
41729,41734,6
41736,41749,14
41751,41756,6
41758,41761,4
41763,41767,5
41769,41774,6
41776,41778,3
41780,41783,4
41785,41786,2
41788,41801,14
41803,41817,15
41819,41825,7
41827,41830,4
41832,41847,16
41849,41852,4
41854,41859,6
41861,41865,5
41867,41868,2
41870,41879,10
41881,41886,6
41888,41892,5
41895,41898,4
41900,41911,12
41913,41913,1
41915,41931,17
41933,41935,3
41937,41948,12
41950,41956,7
41958,41961,4
41963,41971,9
41973,41982,10
41984,41994,11
41996,42003,8
42005,42007,3
42009,42023,15
42025,42036,12
42038,42038,1
42040,42054,15
42056,42061,6
42063,42068,6
42070,42073,4
42075,42084,10
42086,42096,11
42098,42101,4
42103,42116,14
42118,42130,13
42132,42140,9
42142,42145,4
42147,42153,7
42155,42158,4
42160,42172,13
42174,42182,9
42184,42198,15
42200,42201,2
42203,42212,10
42214,42219,6
42221,42232,12
42234,42240,7
42242,42247,6
42249,42265,17
42267,42273,7
42275,42282,8
42284,42290,7
42292,42298,7
42300,42310,11
42312,42318,7
42320,42323,4
42325,42330,6
42332,42337,6
42339,42344,6
42348,42348,1
42350,42359,10
42361,42368,8
42370,42379,10
42381,42382,2
42384,42386,3
42388,42391,4
42393,42395,3
42397,42398,2
42400,42408,9
42410,42412,3
42414,42420,7
42422,42429,8
42431,42444,14
42446,42465,20
42467,42470,4
42472,42475,4
42477,42478,2
42481,42489,9
42491,42496,6
42498,42502,5
42504,42508,5
42510,42517,8
42519,42526,8
42528,42536,9
42538,42543,6
42545,42549,5
42551,42551,1
42553,42556,4
42558,42568,11
42570,42573,4
42575,42580,6
42582,42591,10
42593,42598,6
42600,42615,16
42617,42617,1
42619,42622,4
42624,42635,12
42637,42638,2
42640,42647,8
42649,42654,6
42657,42657,1
42660,42660,1
42662,42662,1
42664,42668,5
42670,42670,1
42672,42675,4
42677,42678,2
42680,42680,1
42682,42685,4
42687,42691,5
42693,42698,6
42700,42703,4
42705,42708,4
42710,42710,1
42712,42712,1
42714,42720,7
42722,42725,4
42727,42729,3
42731,42736,6
42739,42739,1
42741,42747,7
42749,42752,4
42754,42765,12
42767,42768,2
42770,42772,3
42774,42775,2
42777,42778,2
42780,42786,7
42788,42793,6
42795,42796,2
42798,42799,2
42801,42806,6
42808,42824,17
42826,42829,4
42832,42844,13
42846,42852,7
42854,42860,7
42862,42873,12
42875,42882,8
42884,42885,2
42887,42899,13
42901,42906,6
42908,42923,16
42925,42928,4
42930,42934,5
42936,42945,10
42947,42955,9
42957,42957,1
42959,42969,11
42971,42978,8
42980,42993,14
42995,43003,9
43005,43009,5
43011,43014,4
43016,43020,5
43022,43023,2
43025,43030,6
43032,43037,6
43039,43040,2
43042,43043,2
43045,43052,8
43054,43060,7
43062,43062,1
43064,43073,10
43075,43082,8
43084,43093,10
43095,43099,5
43101,43103,3
43105,43111,7
43113,43118,6
43120,43131,12
43133,43134,2
43136,43140,5
43142,43155,14
43157,43160,4
43162,43164,3
43166,43168,3
43170,43172,3
43174,43180,7
43182,43192,11
43194,43202,9
43204,43207,4
43209,43214,6
43216,43217,2
43219,43225,7
43228,43231,4
43233,43235,3
43237,43238,2
43240,43246,7
43248,43256,9
43258,43264,7
43266,43276,11
43278,43283,6
43285,43291,7
43293,43297,5
43299,43301,3
43303,43310,8
43312,43320,9
43322,43327,6
43329,43333,5
43335,43342,8
43344,43347,4
43349,43354,6
43356,43368,13
43370,43382,13
43384,43400,17
43402,43407,6
43409,43411,3
43413,43424,12
43426,43432,7
43434,43438,5
43440,43448,9
43450,43457,8
43459,43463,5
43465,43467,3
43469,43479,11
43481,43481,1
43483,43506,24
43508,43513,6
43515,43520,6
43522,43525,4
43527,43534,8
43536,43538,3
43540,43544,5
43546,43546,1
43548,43555,8
43557,43561,5
43564,43565,2
43567,43575,9
43577,43582,6
43584,43600,17
43602,43606,5
43608,43609,2
43611,43618,8
43620,43626,7
43628,43631,4
43633,43633,1
43635,43639,5
43641,43649,9
43651,43653,3
43655,43672,18
43674,43675,2
43677,43682,6
43684,43688,5
43690,43694,5
43696,43699,4
43701,43703,3
43705,43708,4
43710,43712,3
43714,43722,9
43724,43731,8
43734,43738,5
43740,43744,5
43746,43752,7
43754,43763,10
43765,43775,11
43777,43779,3
43781,43791,11
43793,43800,8
43802,43809,8
43811,43816,6
43818,43826,9
43828,43836,9
43838,43848,11
43850,43851,2
43853,43858,6
43860,43867,8
43869,43869,1
43871,43871,1
43873,43879,7
43881,43883,3
43885,43893,9
43895,43895,1
43897,43899,3
43901,43909,9
43911,43921,11
43923,43928,6
43930,43931,2
43933,43935,3
43938,43944,7
43946,43956,11
43958,43968,11
43970,43972,3
43974,43974,1
43976,43981,6
43983,43988,6
43990,43999,10
44002,44010,9
44012,44012,1
44014,44021,8
44023,44025,3
44027,44030,4
44032,44040,9
44042,44046,5
44048,44055,8
44057,44069,13
44071,44077,7
44079,44086,8
44088,44092,5
44094,44096,3
44098,44100,3
44102,44111,10
44113,44118,6
44120,44122,3
44124,44130,7
44132,44132,1
44134,44172,39
44174,44217,44
44219,44231,13
44233,44233,1
44235,44236,2
44238,44275,38
44277,44279,3
44281,44287,7
44289,44308,20
44310,44315,6
44317,44318,2
44320,44326,7
44328,44328,1
44330,44337,8
44339,44339,1
44341,44342,2
44345,44350,6
44352,44356,5
44358,44363,6
44365,44370,6
44372,44373,2
44375,44380,6
44382,44386,5
44388,44396,9
44398,44403,6
44405,44407,3
44409,44409,1
44411,44417,7
44419,44421,3
44423,44429,7
44431,44432,2
44434,44436,3
44438,44442,5
44444,44453,10
44455,44460,6
44462,44466,5
44468,44471,4
44473,44485,13
44487,44501,15
44503,44509,7
44511,44516,6
44518,44520,3
44522,44524,3
44526,44527,2
44529,44529,1
44531,44535,5
44537,44539,3
44542,44548,7
44550,44557,8
44559,44564,6
44566,44566,1
44568,44570,3
44572,44574,3
44576,44579,4
44581,44585,5
44587,44594,8
44596,44598,3
44600,44600,1
44602,44606,5
44608,44611,4
44613,44615,3
44617,44619,3
44621,44626,6
44628,44632,5
44634,44644,11
44646,44651,6
44653,44668,16
44670,44678,9
44680,44695,16
44697,44700,4
44702,44707,6
44709,44712,4
44714,44716,3
44718,44729,12
44731,44731,1
44733,44740,8
44742,44742,1
44744,44751,8
44753,44763,11
44765,44767,3
44769,44775,7
44778,44781,4
44783,44788,6
44790,44790,1
44793,44797,5
44799,44806,8
44808,44811,4
44813,44817,5
44819,44822,4
44824,44827,4
44829,44833,5
44835,44837,3
44839,44851,13
44853,44857,5
44859,44869,11
44871,44877,7
44879,44879,1
44881,44884,4
44886,44886,1
44888,44895,8
44897,44897,1
44899,44904,6
44906,44909,4
44911,44914,4
44916,44922,7
44924,44941,18
44943,44945,3
44947,44947,1
44949,44954,6
44956,44956,1
44958,44960,3
44962,44964,3
44967,44968,2
44970,44975,6
44977,44980,4
44982,44982,1
44984,44988,5
44990,44994,5
44996,44999,4
45001,45002,2
45004,45010,7
45012,45016,5
45018,45018,1
45020,45029,10
45031,45050,20
45052,45058,7
45060,45064,5
45066,45070,5
45072,45076,5
45078,45088,11
45090,45090,1
45092,45094,3
45096,45106,11
45108,45111,4
45113,45119,7
45121,45125,5
45127,45128,2
45130,45136,7
45138,45144,7
45146,45148,3
45150,45155,6
45157,45158,2
45160,45163,4
45165,45167,3
45169,45171,3
45173,45178,6
45180,45186,7
45188,45189,2
45191,45198,8
45200,45203,4
45205,45208,4
45210,45210,1
45212,45214,3
45216,45218,3
45220,45220,1
45222,45226,5
45228,45228,1
45230,45234,5
45236,45240,5
45242,45249,8
45251,45252,2
45254,45256,3
45258,45261,4
45263,45274,12
45276,45277,2
45279,45286,8
45288,45289,2
45291,45293,3
45295,45297,3
45299,45305,7
45307,45309,3
45312,45316,5
45318,45323,6
45326,45328,3
45330,45334,5
45336,45338,3
45340,45344,5
45346,45349,4
45351,45358,8
45360,45375,16
45377,45377,1
45379,45382,4
45384,45388,5
45390,45392,3
45394,45397,4
45399,45403,5
45405,45413,9
45415,45417,3
45419,45419,1
45421,45421,1
45423,45431,9
45433,45435,3
45437,45441,5
45443,45450,8
45453,45458,6
45460,45464,5
45466,45471,6
45473,45479,7
45481,45484,4
45486,45488,3
45490,45493,4
45496,45500,5
45502,45503,2
45505,45506,2
45508,45511,4
45513,45518,6
45520,45520,1
45522,45526,5
45528,45536,9
45538,45540,3
45542,45542,1
45544,45544,1
45546,45555,10
45557,45560,4
45562,45571,10
45573,45575,3
45577,45583,7
45585,45585,1
45588,45589,2
45591,45593,3
45595,45599,5
45601,45608,8
45611,45617,7
45619,45621,3
45623,45625,3
45627,45630,4
45632,45639,8
45641,45641,1
45643,45654,12
45656,45662,7
45664,45669,6
45671,45676,6
45678,45688,11
45690,45692,3
45694,45697,4
45699,45704,6
45706,45708,3
45710,45721,12
45723,45735,13
45737,45739,3
45741,45747,7
45749,45765,17
45767,45772,6
45774,45779,6
45781,45782,2
45785,45794,10
45796,45802,7
45804,45805,2
45807,45813,7
45815,45822,8
45824,45827,4
45830,45830,1
45832,45837,6
45839,45839,1
45841,45843,3
45845,45849,5
45851,45853,3
45855,45857,3
45859,45865,7
45867,45867,1
45869,45874,6
45876,45881,6
45883,45884,2
45886,45888,3
45890,45896,7
45898,45940,43
45942,45944,3
45946,45947,2
45949,45954,6
45956,45959,4
45961,45967,7
45969,45974,6
45976,45980,5
45982,45985,4
45987,45994,8
45996,46005,10
46007,46010,4
46012,46013,2
46015,46021,7
46023,46032,10
46034,46044,11
46046,46053,8
46055,46059,5
46061,46076,16
46078,46083,6
46085,46092,8
46094,46107,14
46109,46109,1
46111,46118,8
46120,46123,4
46125,46128,4
46130,46136,7
46138,46143,6
46146,46148,3
46151,46163,13
46165,46166,2
46168,46179,12
46181,46182,2
46184,46185,2
46187,46192,6
46194,46200,7
46202,46205,4
46207,46207,1
46209,46219,11
46221,46224,4
46226,46230,5
46232,46237,6
46239,46245,7
46247,46253,7
46255,46259,5
46261,46267,7
46269,46269,1
46271,46277,7
46279,46279,1
46281,46287,7
46289,46292,4
46294,46301,8
46303,46304,2
46306,46309,4
46311,46321,11
46323,46327,5
46329,46336,8
46338,46338,1
46340,46346,7
46348,46351,4
46353,46364,12
46366,46367,2
46369,46372,4
46374,46381,8
46383,46385,3
46387,46392,6
46394,46397,4
46399,46402,4
46404,46406,3
46408,46415,8
46417,46422,6
46424,46426,3
46428,46440,13
46442,46452,11
46454,46456,3
46458,46458,1
46460,46466,7
46468,46471,4
46473,46473,1
46475,46478,4
46480,46480,1
46482,46491,10
46493,46505,13
46507,46510,4
46512,46517,6
46519,46522,4
46524,46527,4
46529,46543,15
46545,46555,11
46557,46565,9
46567,46568,2
46570,46573,4
46575,46577,3
46579,46584,6
46586,46587,2
46589,46590,2
46592,46601,10
46603,46607,5
46609,46618,10
46620,46626,7
46628,46629,2
46631,46636,6
46638,46641,4
46643,46650,8
46652,46661,10
46663,46664,2
46666,46669,4
46671,46671,1
46673,46676,4
46678,46683,6
46685,46690,6
46692,46701,10
46703,46705,3
46707,46709,3
46711,46711,1
46713,46724,12
46726,46733,8
46735,46757,23
46759,46763,5
46765,46770,6
46772,46775,4
46777,46780,4
46782,46791,10
46793,46793,1
46795,46796,2
46798,46801,4
46803,46806,4
46808,46813,6
46815,46815,1
46817,46820,4
46822,46829,8
46831,46840,10
46842,46843,2
46845,46853,9
46855,46859,5
46861,46865,5
46867,46871,5
46873,46880,8
46882,46892,11
46894,46900,7
46902,46904,3
46906,46916,11
46918,46921,4
46923,46926,4
46928,46939,12
46941,46943,3
46946,46947,2
46949,46962,14
46964,46965,2
46967,46973,7
46975,46985,11
46987,46992,6
46994,46998,5
47000,47005,6
47007,47008,2
47010,47019,10
47021,47026,6
47028,47036,9
47038,47045,8
47047,47052,6
47054,47065,12
47067,47079,13
47081,47083,3
47085,47092,8
47094,47104,11
47106,47119,14
47122,47125,4
47127,47137,11
47139,47144,6
47147,47150,4
47153,47155,3
47157,47160,4
47163,47163,1
47165,47172,8
47174,47178,5
47180,47186,7
47188,47203,16
47205,47217,13
47219,47228,10
47230,47236,7
47238,47242,5
47244,47250,7
47252,47255,4
47257,47266,10
47268,47271,4
47273,47289,17
47291,47312,22
47314,47316,3
47318,47321,4
47323,47324,2
47326,47333,8
47335,47343,9
47345,47354,10
47356,47357,2
47359,47361,3
47363,47368,6
47370,47378,9
47380,47385,6
47387,47389,3
47391,47392,2
47394,47402,9
47404,47404,1
47406,47412,7
47414,47419,6
47421,47432,12
47434,47443,10
47445,47447,3
47449,47452,4
47454,47458,5
47460,47465,6
47467,47469,3
47471,47476,6
47478,47485,8
47487,47494,8
47496,47498,3
47500,47503,4
47505,47513,9
47515,47526,12
47529,47536,8
47538,47549,12
47551,47561,11
47563,47564,2
47566,47567,2
47569,47575,7
47577,47581,5
47583,47584,2
47586,47587,2
47589,47591,3
47593,47601,9
47603,47613,11
47615,47625,11
47627,47628,2
47630,47630,1
47632,47644,13
47646,47654,9
47656,47670,15
47672,47673,2
47675,47685,11
47687,47693,7
47695,47697,3
47699,47699,1
47701,47704,4
47706,47718,13
47720,47725,6
47727,47740,14
47742,47743,2
47745,47750,6
47752,47753,2
47755,47761,7
47763,47771,9
47773,47776,4
47778,47786,9
47788,47795,8
47797,47824,28
47826,47829,4
47831,47848,18
47850,47858,9
47860,47861,2
47863,47865,3
47867,47877,11
47879,47892,14
47894,47898,5
47900,47908,9
47910,47919,10
47921,47931,11
47933,47942,10
47944,47957,14
47959,47963,5
47965,47972,8
47974,47977,4
47979,47986,8
47988,48002,15
48004,48010,7
48012,48018,7
48020,48029,10
48031,48042,12
48044,48051,8
48053,48062,10
48064,48076,13
48078,48085,8
48087,48091,5
48093,48097,5
48099,48101,3
48103,48109,7
48111,48130,20
48132,48136,5
48138,48145,8
48147,48152,6
48154,48170,17
48172,48175,4
48177,48185,9
48187,48196,10
48198,48203,6
48205,48206,2
48208,48216,9
48218,48218,1
48220,48251,32
48253,48276,24
48278,48293,16
48295,48345,51
48347,48348,2
48350,48357,8
48359,48367,9
48369,48377,9
48379,48388,10
48390,48391,2
48393,48396,4
48398,48399,2
48401,48402,2
48404,48405,2
48407,48413,7
48415,48433,19
48435,48440,6
48442,48443,2
48445,48456,12
48458,48460,3
48462,48465,4
48467,48476,10
48478,48481,4
48483,48487,5
48489,48497,9
48499,48502,4
48505,48506,2
48508,48508,1
48510,48512,3
48514,48525,12
48527,48527,1
48529,48530,2
48532,48542,11
48544,48547,4
48549,48550,2
48552,48558,7
48560,48563,4
48565,48577,13
48579,48583,5
48585,48587,3
48589,48596,8
48598,48601,4
48603,48608,6
48610,48617,8
48619,48623,5
48625,48635,11
48637,48647,11
48649,48659,11
48661,48667,7
48669,48675,7
48677,48680,4
48682,48687,6
48689,48703,15
48705,48705,1
48708,48715,8
48717,48721,5
48723,48726,4
48728,48729,2
48731,48736,6
48738,48741,4
48743,48747,5
48749,48761,13
48763,48764,2
48766,48769,4
48771,48774,4
48776,48779,4
48781,48787,7
48789,48795,7
48797,48799,3
48801,48802,2
48804,48805,2
48807,48811,5
48813,48828,16
48830,48833,4
48835,48841,7
48843,48870,28
48872,48911,40
48913,48919,7
48921,48930,10
48932,48942,11
48944,48948,5
48950,48952,3
48954,48959,6
48961,48966,6
48968,48972,5
48974,48976,3
48978,48984,7
48986,48986,1
48988,48992,5
48994,49004,11
49006,49011,6
49013,49014,2
49016,49023,8
49025,49027,3
49029,49031,3
49033,49039,7
49041,49050,10
49052,49058,7
49060,49069,10
49071,49072,2
49074,49075,2
49077,49080,4
49082,49084,3
49086,49087,2
49089,49094,6
49096,49102,7
49104,49106,3
49108,49114,7
49116,49118,3
49120,49120,1
49122,49125,4
49127,49129,3
49131,49135,5
49137,49151,15
49153,49157,5
49159,49163,5
49165,49170,6
49172,49172,1
49175,49179,5
49181,49190,10
49192,49194,3
49196,49202,7
49204,49205,2
49207,49209,3
49211,49215,5
49217,49227,11
49229,49237,9
49239,49249,11
49251,49259,9
49261,49267,7
49269,49273,5
49275,49280,6
49282,49285,4
49287,49291,5
49293,49296,4
49298,49304,7
49306,49314,9
49316,49318,3
49320,49326,7
49328,49338,11
49340,49351,12
49353,49371,19
49373,49382,10
49384,49394,11
49396,49403,8
49405,49414,10
49416,49422,7
49424,49430,7
49432,49442,11
49444,49462,19
49464,49468,5
49470,49475,6
49477,49479,3
49481,49482,2
49484,49796,313
49798,49866,69
49868,49956,89
49959,49972,14
