height,txid,is_coinbase,prev_txids
546,28204cad1d7fc1d199e8ef4fa22f182de6258a3eaafe1bbe56ebdcacd3069a5f,false,35288d269cee1941eaebb2ea85e32b42cdb2b04284a56d8b14dcc3f5c65d6055;35288d269cee1941eaebb2ea85e32b42cdb2b04284a56d8b14dcc3f5c65d6055
546,3c1d7e82342158e4109df2e0b6348b6e84e403d8b4046d7007663ace63cddb23,false,6b0f8a73a56c04b519f1883e8aafda643ba61a30bd1439969df21bea5f4e27e2;6b0f8a73a56c04b519f1883e8aafda643ba61a30bd1439969df21bea5f4e27e2
546,6b0f8a73a56c04b519f1883e8aafda643ba61a30bd1439969df21bea5f4e27e2,false,28204cad1d7fc1d199e8ef4fa22f182de6258a3eaafe1bbe56ebdcacd3069a5f;28204cad1d7fc1d199e8ef4fa22f182de6258a3eaafe1bbe56ebdcacd3069a5f
546,e980fe9f792d014e73b95203dc1335c5f9ce19ac537a419e6df5b47aecb93b70,true,
586,4d6edbeb62735d45ff1565385a8b0045f066055c9425e21540ea7a8060f08bf2,false,c3f0bb699bcc8a4e0716de45aef74c40aabeb80f7f00b3bdb45e115ee6f5400f;193b51cd0c5a44bf6593e69fea91e9ddd311f610c5c23187552e3347b275b81b;b6c967d8f3a3d5fe859a12e9f385531655c2c457326845065fc3942da9e19920;a739f9909bdf50466fd746e42394fada8e245f29e6f5747fca0a70dec470b75f;d8bb7a39f85135c14c37c8d370c97d642b907a791dd235793061e86e094c8d96
586,6bf363548b08aa8761e278be802a2d84b8e40daefe8150f9af7dd7b65a0de49f,false,e7caf9a784751643f7b71881aaf96e2b3e041950b42638b4fcfe82ff57ba260d
586,d45724bacd1480b0c94d363ebf59f844fb54e60cdfda0cd38ef67154e9d0bc43,true,
2812,00e45be5b605fdb2106afa4cef5992ee6d4e3724de5dc8b13e729a3fc3ad4b94,false,03a3aaeeccaab92d0d1172cd80d82ca110ddaae76be274f658530176816159ad
2812,131f68261e28a80c3300b048c4c51f3ca4745653ba7ad6b20cc9188322818f25,false,74c1a6dd6e88f73035143f8fc7420b5c395d28300a70bb35b943f7f2eddc656d
2812,73c145f4a4ad7375a6fd0c2aa2de5ff2776033151f1a077bfa2ae893b0f4fa7b,true,
2812,74c1a6dd6e88f73035143f8fc7420b5c395d28300a70bb35b943f7f2eddc656d,false,00e45be5b605fdb2106afa4cef5992ee6d4e3724de5dc8b13e729a3fc3ad4b94
2812,8f5db6d157f79f2649719d5c3ff12eb5502edf098dbfb69d6ce58363e6ff293f,false,a64be218809b61ac67ddc7f6c7f9fbebfe420cf75fe0318ebc727f060df48b37
2812,a64be218809b61ac67ddc7f6c7f9fbebfe420cf75fe0318ebc727f060df48b37,false,131f68261e28a80c3300b048c4c51f3ca4745653ba7ad6b20cc9188322818f25
2813,0ba27c495fd6d3a678c0e8cecee6e08ad81c6e34bf11ec87d6dceb8ab6b0fe2f,false,2bbeef72df21dade6fefe225c729feb0747e9759952c0e4b17f2c596e2296ff1
2813,2a6ede103277e9aa503d4a61058fd497fa06a362802086c64361ca10b4e3a803,false,8f5db6d157f79f2649719d5c3ff12eb5502edf098dbfb69d6ce58363e6ff293f
2813,2bbeef72df21dade6fefe225c729feb0747e9759952c0e4b17f2c596e2296ff1,false,2a6ede103277e9aa503d4a61058fd497fa06a362802086c64361ca10b4e3a803
2813,8debdb1723672a7bc8be053b03fa52360ba730d1c4d71270da806203a1f36c38,false,0ba27c495fd6d3a678c0e8cecee6e08ad81c6e34bf11ec87d6dceb8ab6b0fe2f
2813,a87e31b0e252fecc4a487e054fbcbd2545ea8a110747ef875a59b2e3780101db,false,8debdb1723672a7bc8be053b03fa52360ba730d1c4d71270da806203a1f36c38
2813,bb4de6f9b40bd6c1a79a006ca7ba4609a477b79e2630ec27be3b9372c94b4c70,true,
2817,5b62efcc5b069ab78504483869b71a9cddff63eb123bafeadd4da13c1c2902c2,false,65f75ac62da749585c152f0ffed3c3482687699ccba81582561590c4e16306c9;65f75ac62da749585c152f0ffed3c3482687699ccba81582561590c4e16306c9
2817,65f75ac62da749585c152f0ffed3c3482687699ccba81582561590c4e16306c9,false,f8bf1e886d6ba6e4927acf861cf5ab3e62af2d50a6b011427f0369fa3e058eb2;f8bf1e886d6ba6e4927acf861cf5ab3e62af2d50a6b011427f0369fa3e058eb2
2817,e958faf790304fc4185b377552e93fddae3a513c255f8bb09526b5886ab83936,true,
2817,f8bf1e886d6ba6e4927acf861cf5ab3e62af2d50a6b011427f0369fa3e058eb2,false,a87e31b0e252fecc4a487e054fbcbd2545ea8a110747ef875a59b2e3780101db
3309,3015186be9276f543d8e3e639c16d7627227307aadd2c588d2aa43c98ac2a1b3,false,8908c26fe156c326f0b032a47b88b53bb94e64890fbfc1ce40d484fa3839f40d;115f940a1363ca9ab303fdd3fdddb8d6d0d98fbfc013419fc66917b2bded5208;cde5906b01c1b4247709d5aff006133fb227a764cd89f8507b5d1114338150f2
3309,83dea024facdcc9cbf6d12679ba8f45553f385ac17927f1ceba66cbe8678a53a,true,
3309,d4aef5bf687ad1e45389c353b55a60073247f43a01532b17c90f20afe9963f05,false,063a1cf52736ad06125fbde45aa4d4266e0e1f060f7ef0823350b776373d6bab
3309,ff21c5c13081bf836295237b908fcf0c0c28acbd2149f64cc37efb0025cbea9b,false,d4aef5bf687ad1e45389c353b55a60073247f43a01532b17c90f20afe9963f05;cab2a01292e9a219e57c0e926c9d6d19b78607a2e7e05d6b5beea538abbf6b9e;35a2dac86fa759b44f364f3029d51b6b12708cbcbdfa7b109b7b155dad552aa2;aa89db96e318d4414902e7f906187f923a07edfd9414a83a33841af3873263cc
5217,9fa5efd12e4bdba914bf1acd03981c6e31eabaa8a8bd85fc2be36afe5a787c06,false,3c5e48964a781208739ee27a9f78098930884d63f366f6e420983eb8bdbdda65;fca0ef33d719be00d7cd38b1c7eaa2bcc23948b5be7f7a529f1a459c6a4d40b7;ec30492fbf3258bde252ad921795d67066fd6e2aeba78b691d5589b57a8107cc;d9d0ca00077e82590dcea565d04cd75d48075cbfe164ee73b258e78eefef1ff6
5217,a2949d0b9c413323c5cd47ac868e453d3200773fe76e2cbef29ec09c11ee68cf,true,
5217,bea2f18440827950003bfcc130d0a82ebff013cec3848cdc8cb1c06e15672333,false,68b0d5ad0616f24a1c7c7ec24dad236eaa9d369453e102dc1ffc7593c97d3215
5219,0af02f1ec03ed31d187c4184fe56b889d92b1def2310681f43ec1a0d84365273,false,9fa5efd12e4bdba914bf1acd03981c6e31eabaa8a8bd85fc2be36afe5a787c06;004f76f79c31bd82193930a7375b93b8c7bbe218e460be2ac2b8639a405e0a12;d3bd41e952e4f59fcddd42700585d3bf9d1a8e1e3b782c841dd4848e98e9a422;bea2f18440827950003bfcc130d0a82ebff013cec3848cdc8cb1c06e15672333;081c2089101e01b1f4a7cbd44b7f13841179419dda34d6eae5954dfdc471ce72
5219,0f0fbcc18fd0d090ad3402574df8404cec1176bc000f9aa0dc19f8d832ff94db,false,0af02f1ec03ed31d187c4184fe56b889d92b1def2310681f43ec1a0d84365273
5219,7bec25a62ae93648990a2454b376795efb29c552e00100e7d7303ac28c9ea165,true,
6156,07227b69fa2915d14377c341316c92a3c8326674b098c937e63c22f32ca04683,true,
6156,2d7d4385db1b1c5f809931ccea31c76fdcbcc82ba81d15713b30e8aa03de82b5,false,34c8bded0256738d673c4b3274001a7f29b3cdec2440deaef41533da659b4206;64e4b60e058a1e8c813f92a48d2685c77e3ecfff92e686ea3578a83be08ed224;12e922f6d63a8939e0e2133a2340273bf61318e5e7916c3fd5af8ed4a1ae065a;27584604e0d9f16b3fac2646e6c02bf060387621e3118d2ce5811ae4ba873167;585be5169a24a853f5cd095ef8abd4a7bb00f156e8d17249de6a8fddef8fa273
6156,2e8fa683ff6777b929d38d119dc7c1e15b6a6e78629487775c659fa53765498f,false,99442173fd7cae05c4469966fc9870c99b94d6c9784be2a80ddbb5bfd247bc0c;eb33de9afb823e5c99248fda80f348af96d69524811bede0f1a52f7021806885;aff9e6e35f3f45c05b4c125f2926c772d846ac4f6514e02968916a2313686eaa
6764,5b72f81894049bb44b3b8a375b7871243be1c458f658a4be2ae43210c34a8129,true,
6764,accd1171781ff942b496cc67184bdfbdac6cbb4b0ebc4559f07830a89c2d7e5e,false,02b1911beda4314c4b1e0cafa55e07f4cf7e8991668adb1845286cd7be39822c
6764,d7374c9a35997bd4fffb7cc089e6e2b22c5ee9f6019dc0fc881cc8b02e45b10b,false,670900d97b912a7cb651e8005a9be7518431b5b8b6436c8a14effbda477ff32e;05a4e107732ac7ce7063989448ad2355882907c64d3fba383dad78799a338128;17dda0f8073b473d71a262bcde8eec987cbddc0f19f474b7087e077a50f0f92a;57cc4a10655e997de2ee67678241162a69a9cb28c24a7a6a9126aeb8af6e595c;da9cc6d4f99a887f6a968940a85d3a8d09e909cad77775ca4d4f0d6c0023e4c9;3a6f912f9e6d41cc23fe1cbbb0f849797a2de8a63f58ab42234f3a5afa2edee6
7939,6db50f2ea6aea1fd8a94c6ba345f51582585dd15150f65c999722f437c791422,false,cab7f2a79eddc5719bb8ce08865d98e5edfd13c74a07f5f1d01b12606843ad26;6f849ba53877990359438deb6dc747725eaa7e2e90864b78194b9b59de860f31;54c376af081b83d9a5b86a89de1b7ee9f3adbd104cc28ee49b797d99beaf493c;e9dc814b1f5dc1923923c3a90798b92324cd40f338dd3848caac9ae1b5571350;fc3db981b076ce9f7f66206a4c6e65dd1c069b4a523bbc6be367a50d4d452774;8af483401ccbba46a39b359b23e44f1cac1d82f8745b0d19cde82952aac4e195;52b3fdc51aab6f18462d2c4c1af75a37ce83b3721016f6216deb5a282acf889d;7dfb863a759462f1a231851ff5fab0de48fbe2716c0a4a15835ea73bb331879e;fa7ead516dec7c1ad96ff8cd08e1a580bf6f81881d9f2d33cfb4ed5fda2b82ce;d7aea5b6422ebb1cb7a44a89020513c38382eae144516d56f6ed597eb470aae2;e52e4b4e5542bbaa5bebf6b6ff91fbd02b012da4f173ca514fd97110d69d24e3
7939,823530fc97725a01ba9a7de47ce683b5800e94dc63be84fb35e3bd383de98436,false,70b700c9cc4096ddd7de5c0fe9cd598c7b84e07d8144f3245f53cbd729d39fbc;eeb2d9975e6fb526e33bac83789d9dea03d2694db54f02149ce11fa3fb8a90a0;4d47649f1809d0d510f81317d0609ef70e85ea871a7a7dabab9124bda78f07de
7939,8c31d2ab95aa49b3b95945ea00f33ed79a06e626b1ee5d23c4dbb32f4c2812cc,true,
8315,65c99229b25458fb9fcc3b2824c02cac8244ef09c21a1b21966e4eae0f7dfc87,true,
8315,68efb6a6217892baf3a7cf03cbfd3b31038f1f79db649a12b7516c8e7da81064,false,c6cb09b09939790eeb5ca899769e54be8446b7867d4f8af9d5d95314938d0d0a;808cd6ebfb9afbdfac385f6ac75c4a133f89dd19c437c6a4b133dac11f350913;4ab6a2c6237ce8d6b0ef1be726164aa25c93f2b44f54783a8bff9f2414a9143c;59c21b72289038105d7ae73332cc0284f15b132956a8fc454bcc40d7bb78046b;454e7d2b049b1769de5d6ff5c6803360f17b95c55b1384242deb73321a87ea8a;3ae6ca9b431806a9795551763ceba85d09d595ea8a45644634393903f84bf0aa
8315,9f705d7fae30b1fe3d5855447d4e01d7b13c1edcfa2483d739fbebbcdd0475a1,false,3c5734b4d64906074e7c991de1020d220b09f8fb47b98d43949a18d68ae83d2d;ec0e2a7987bc747e1eae2b1768484b533a1c950472bddc00d2e884ce7bf1aa4e;ec32bbc17cdcd82991f4cb2b93075dbe82f7a8449fc5336d16936585787a17ae;ace02dde4959ae0be00ee9be33a72cc1fd9af9754b08b4f240ba50659689047c;34b074801aee8896426a9f45894d20095c4089451ccf6019690270f854fe4491
9006,2c652b0f8b810d4b94082035e910b552a1dbb73bfa8a3c28406fa3d7a0528da7,false,751ef2707470c939173bdcdd512d0952e8dec17ca8899f870cddcce5848e4265
9006,54204ff07aecf7fc09e567c2333544dbb7054b31547b227e1bf74fbcdbca28da,false,3a731c5e8d1433e6a765c7b97bd9a00a29d1a49a5ed90d427a8e4bd5cdb12d19;b9d2af379ea672c3181ee1e1b3d7923c88f5240f428fc0d994e65423eb1b2e1b;ccd1ead17a8cb0f60e9e2b889b949dcd276e19a1671f07033e2c1bee263d922c;19366e898535913133ff4205153e826e21c8fb38c6a91779a6031ac848335447;b8376e1f297867d7649199db22927e58835c0ec56f7bcfcf35445eb246085f58;a3e11219d20308c16d8914787dbb18c1ec29e9ddb50f9e46756f049aeb073b60;431eb357a5404717db995c6f1fb2b52594d2212be6b46bdb9005018f3b789f66;c1aa144ad5d5b5ebca5a432a615b349d2347884f28e1d2ffef58a7dacca6e676;6ad448872e6a60c9f157bd6c8d7fede966b7a26c99e95072103ff0b743419e79;dee0bf608e9604e08769a8011d699b09153902a2cebb139037a595adeb93bb8d;b57c610bf8738934d571ee4ff6fb743e16caccef3507d958577b330f60a87ba1;6b7baa9573b3ad0a7f2c6404cdadf4c80ebe994d3c884bb1b76df2cafe3d51b1;e67aa2df1c87045215f8c8cded2ca150c85069dffd361629d585b444107787b8;6c3cd31e35f89300de20a4a5876d092692662d78f67c3bb140dd552835cb1cb9;7fc64eba56551499b02976bf773546b384bc010265c52aab9080c445758bcce3;5883a4a398fe9e98d4d94071f3956a1f72884c803ff13681ee581838281a2af3
9006,d65723c12834c33063efcfbc7deb0c4791558d432fbe9c1c51f8b718060be583,false,506b10895afd3d320e1e7afd86077c3b07656bc547c5932228525f2c72da5102;b2a188b7e24be690ff8eca41867641a573fbede013443f56df7a8083b5d8ba3f;8173999aa8bcb4cd31513ca9e3a03d6fb839ded676999e53e9da15bbf5460cef
9006,dfd24e4ce2b8bc7c73cbb5d5e0e6e864bcbc8679108e38593a1e06ee77308ad0,true,
9962,146fbdc9a5bf4800b83d1e0b7022d6e554f93143f10f09600b4e55f879d472bd,false,fff8a9ffacadeb420c4ff9ef9e8f3f767622631cdf9507634e6cd1e885b0adb1;726d3367d6ae6e54dba85256d56ece082d70c4ccb3c1d992389d45c3589383c3
9962,7eca6143f94eb7beac2a23506bc3ff0adaa0c9c9aeec71d7022e9b31f661c984,false,a06d267838dd0b867e229662fa7462f0a09733d7b20403d5c8e589eeb84e5303;068134aeec3016706d7f2281e2b8f66e97471b44d425c25cd7529b831b2bcb0d;77d7c37df0f2daeeb418e688ca70a1e025d2bef265e4ecf2311af73058944627;cadd9b89d8ca41170da3bbe3521c4c2f9cbbb32c788a0f803cf65e8e00937a2c;fde34af456778597d2de1109cc3b19ce5328f9ffb3c044dcac0edc83b1e03435;9e51c202fb5b41f9d0b3d249ad9f51e880fbf45244f7a07d1a519e26eb3fd24b;ddbb71c171af5f0971eb1f3855c266d65b3d36edeefe7d274ea24b14e72c654c;cafa794be400056b3351a36ca55e44d6e1a080ca1a12a857fbfcabcb050aa159;ed85a49947cf823e122b3b76fb27cc68254cdac51c143abbf9a5f2b4c089ef64;3d482937730b5f2983d5e36803017d510c5e53c0ccc8bb7e55b600516d74dd7b;e68ca7a49dda6a746ca2f45f04bd690796cd45f17145b34390be41c10c116cb1;407b1b915f1ba66f6a57f6db61578f2a74026ecb00d253daa8d4c22e99789eb8;0f8097cffdc83fbbc10ded74bfa35c627ac38643c40b10a9eb332aad87fa91bd;3172c1499bf9f1ed0444798412fd60dbef22b716166e3b7adcecefc24895faf3;0e52079245af5405761b2e67bdee68044a1676046c5b9ec34644370ecb66c8fa
9962,888bb33bd3374c7dc169c2fae34c8f2529594ffb8fe18d5e33f7a9e48ba39b44,true,
11408,2dac645dfba5c80b4564a6ed8a19b546d54ad9f0cc746a036d65c64e38bfd228,true,
11408,6a679898780f5d99f0ffa12573b855e0dc470956406eb8b82690b688fa19200f,false,ed7eec75f884fbc0539178fb16b4101f6619ee875efca7cda4a2058268f88514
11408,ea84d39ef6f7b3b23fbf899e11a9bb18478a19413579a69f3005359da7a62c49,false,000d50bc8ed090e7d07ac8a4807d3483c7df47661f3e1dc156593e2781645bfd
12304,1e96292bc0b80d67876101b11f5aa50bb1071bd7b0302019950169ac2aaa052b,false,de8df28985e396474c71e627fbe19025247321001ebfa3051d71544dde539d99;7aff48c0518c4b39fd8d8d33830bc565169a6320880da8f9e3678353bd0efbce
12304,8552243568c50230e8bf6227797f993d91afadf6431a0d7f7eced17c9acc6919,false,99ffbbae9ea241a19805dc5eba58c4ef0ea7bef582c0a11f0df7ae659fb02f33;dfe5f735f16e30380c99eecd7051d8d05d84eea4b6b2235b832add32f18a5269;078242d6a21272cee189e86d91144f65fea8cec76800a4984540f791f9892e79;999aaed6e6086a0cc57ca57d0dae03fb5024226cbae5f131de02679ad8bec479;8d4649a0c6652ea65f92db5e0237a4ab96a2206d74da581f83e24eea9adf1a80;2addfaa874717406619048afec5581aa5d0db90686d2dfcf5addfb63ae75b9a5;d7961c9bba2dcf91cdde4da72ca34871daaf01dc4d2b6324deb89d99d29213af;2a079f8903d2cf58949d57f9a67cf3e92eb84f0d9d5b3879833027ad43688eb1;9d36b5c3be3ce24c736775a604448b5ea24d2e981fe16a1fb7fb604f5f2d99bd;8ca380c086a475742b2d03ae7ae1bacc87114e5043676285fd7c86d3ba2757c3;9bbedbd77ab1e1ef10d0b5bb1125d1c440d62d3430a67204594d0339f020e9de;69b3c9b523c140851d0532c67f026beec3b357240929a42a4b93c7534aede7e3;1e4624f686e35432aeb7998cfca820783a89218face25ea473c2f504b25f04ee
12304,98ea4f5541fa73cd79f0eba892aa17cf5ff9bbc3c9ad0f9795ea30a85e6e9eb6,true,
13174,4c0135d31a903852d488d908637478dedbea80167e532d23cfc188d2e5b5e3db,false,9e7bc9715975579b36d0a81383dc76fcb41c9db45c77557083da5f4f76556b16
13174,d0a7e011c51cf17cf70b9f74aca9519fc9784e3b043c2927c6f25143c2f756ca,true,
13174,e29a9dc0b293f0d84775adf316750255f267bc94a852e27a31db1f01c7a10e8d,false,9e7bc9715975579b36d0a81383dc76fcb41c9db45c77557083da5f4f76556b16;4c0135d31a903852d488d908637478dedbea80167e532d23cfc188d2e5b5e3db
14324,0106b20766171631810521da688e39e8191ede576e8431791b32d7cec252d309,false,b1b0a6d77007bbaee07fb5a86eb63aadfa2772c409ba879085d2aa43019d4e5d
14324,9b6cf217b68baf7a2cafff2b380d1df16b3c6cda1bce4f8fa22d2ac29c6a5db2,true,
14324,b1b0a6d77007bbaee07fb5a86eb63aadfa2772c409ba879085d2aa43019d4e5d,false,e4e6d0b98991457d45953907369e976988da553dc09b48e75f9955db7efee5b1
14461,04f8e688bf263d92811e765527eb90b56e3a6581230bd55284ae809e49bc1a32,true,
14461,4d54c5bef60bc4ff8c865405d313c45449e4dd9450e3925b04677bc096148aa1,false,4f6390e560137021c013c8772db5bb0cc3c0d9cf2d9ba985a24fe3f83eed5ff6
14461,b4a48e2416e6e2c3bbb42a4025ad3ac9d8c2bd1f02494a3c76fd7dee9fba6f7d,false,4d54c5bef60bc4ff8c865405d313c45449e4dd9450e3925b04677bc096148aa1
21563,18bd07424d7ef0e2902e04f7ffac4ac9676dfbb41118af4323e352e1398c05d7,false,21649355c8b239008edc55961c0e93c4753e11879dcbc5a5c8f91b03376c7404;fb2a7008c9b79f881eaa0be073134f6f8f50f4d680133d4c95a0188b67462005;c59b4119321fc5e25b862273c6e5c0dad586ccd06fc1c91ae6f8987908aac243;6106c76b1c0cdb6123ddf93b2782b1cd17a9bff3434688661cebc6c159d0a24d;6d2052f289d9b8ced02502222c8ff86dd8bf1baaab935e7ade8c526374094f68;e7a802776617af141e833dab3bbfa981efa22a479f120ef41f07b086c0854882;2c48764cb54e5cb7547f524fccf7a70a5b2f5cf8a617fa1842eecbe5bc734abb;3e6994691cce8ce35f3b1331896b05b600ea512c9a7bb63a8e14612d5ec897ad;5ad9b1a1cf8cad4f1b1a7de7ea6bb65d27453bf14454e6d40447b2a1c789cad1;54111bf4204983c213f5143ea212562bec9abaeeb2f6b417bf0b13512463f5ef;de0b1243ddf08e064d8c920b3ddd6efd1b974fa94e61a05f53d13c56e997dcfc
21563,2907f218c035ff6ec96441048bbbd35d531393dc7c34094d9fb2ca6fdae69934,true,
21563,3e6994691cce8ce35f3b1331896b05b600ea512c9a7bb63a8e14612d5ec897ad,false,6ef0c632adb9723840ac3967e6bce9060bbce7c2fda87a1164c69604b76fe904;06b0714f141c03f4852c1c73155c66770c7dcf9c0a8175e439919cf1be52e009;659932c28101bd327fbc7ec0f773e1cd3bc670750f133ebaf764526120e3ab1b;b2320aaa583b2b865cbe6efb69df3869139d265031834dfc5944e0ac4ed6bb22;47b826c90073abe69938a727934cc003680bd4d919c5a7ec3228b8d73ae33524;ae7db249486e668c4b3bf17d312cefa90b068f88f872e848a1430a782ea58b26;7dbc2962b77d1bd15c9ffdef7a9cc1ef4c78efc60ab904bdc68c427a03448828;78abacbb5061793e394b7d6574c93b59a38a05df365ac691f6e66c5a8142032c;4f6348080bbbab017cdb0fce0d058e5767a6ca7c11cfa273914ded03ed061e2c;557ffb2e5aea2927a23a6399e0b92bb7a5939f6ffa15b49f3ee6b17353a2be2d;cfa3e1fde116cde5d6cb9301e25f4dd23d99cd69dab70f0c7aa98a94f1c87337;8a8a40c92eca90935e5e14ef28c3182349d1359c74bb20be4edc6aab71a09a40;9cfd0bd8adc69f3e0cba95c994058e75a21824456e366fa12344a6340cdb2946;183a453fa690b6fe7088cfc123ad88a3d260eb1b8b700e55c3ee6a227b869547;b156af996d4ed1c63e4dbf496b552521a98852a360dc0a8c67052c9320b49166;923d006786ec323eacb01641bc9423e214140d22faf5aec132dc39e6d80c7d6c;f3703916493314048b3613705ffe0683079b3bf53c3b0b0ca11c03c0f4704c55;962ec422d6bdac6c5bbd29d5a6262d2647a569a8aa0d721cbdad024d2e9fea56;7a30d0b183c744789d40c739d6c52e52d4bb6abecc7a32ffcb2ddc9cf39b7257;2903d046ba642781c1009631a3a94549ee9d58e7e280a415fcd2e1d49f728d57;9ba6375e598301f06f6cb72d479ad4a019a6588d3f16bb7139140d6510e4fe57;ed6c27cebd4d64069f4b99adbbfe07667ee75f8d2aeaa001768b92d8778be177;e0f3d96495f7efb1ff1336acf593561ff7a7ef21b5dda3e90a8b8bd24888b987;b8fe6cc2008c4dfea9ec8a62aacf27532208f173809c88e2d2400a6c2e4c7289;51d7202400a9eee3493fa9d1b12e66e7bb701ee2336c0919675a5d5a573f2a8f;f909a90dfdf9ddf77910309fe182bb2240bb2fd9371661b44188cd1c590ca190;d691b72971418fbc15940e0ad7ad6ce6f0d5354b0a719aaf298f8d29937eb392;55675c37391fc75c7aec2aab3a5f5881618ccb0013d2858ef7cd95fcfe07569e;257b376cb0eabf98106130c62d7c36bea746b1e573521483eab1ef6d879912be;36f0ae782dd635d9a437d39afbde1e628e7c2029a73dede5a2108602902cbdc3;0d772e340574085b9e5ebecedeb76a983fb365611c125ef993cb0f34fee431dc;b4ef671e9393a50f5adb7477410f21d4235866680f0aae276ca0a6fea01336e1;b1a44b0c1d7cb7d3b13c58f50f809fb829b8295a5236419e532bf10bc077dce1;b76d0e3eeec5b4970e9c769cd5d7c8ad571bfc24c699deb159bb8e2907b21beb;5c418086e372c4d7167386aa15df2af8b2567981bbcd27d1cbe7b585277180ee;734c45507ee25a5c2fc3aafd2d33c7d073d577dcd049e28ca7ed771a2fb36af5
21563,6106c76b1c0cdb6123ddf93b2782b1cd17a9bff3434688661cebc6c159d0a24d,false,cdfd2e9b4ba6d086f4281699bb34f4398697c2fab699a2be0a591ede351b3947
24434,c650a26f418e25ad7b12da3545483c8a6291e53667de6733e6ecb38f2d3e902b,false,baea7ff3bd725066a368812575666a8da8c1402becd50101e9eac26b88e1aa8b;1e5efccc94b38f555beda8ca6ecc1ecf5ffbcf5cbca032fc118a2fc273d95d97;90522999d92213417ed7a7df71ce87f7fdb4b6931d0d5eb19ca007fe009841b1;c5da72ee836fe7aafdfd80f53394203039f4bf2459e3a244e10bb64d2ea971ed
24434,c842f40c439d1b274378a8c19115620404578b4d318237b8506493dcde56db7d,false,5dd636ade1aac8025dc71ffaa4464a568bdc8370052d0350af8d7b7c7f64db16;527f853b4445c9e29cba9f874a72162a3f9f0af382a2a3617f2b325c2570441d;c26b4a8462c8e09bbc6eaf41d1b6179708dbc6552ed252bc73e6f7e9ed4c9822;8cf38b5c681db17c5c754d0fa692e75879b4438f376b888994774947c9fd6843;ada9449953c36aac67f8d1dd34e872728922a7601f9075ab4b9eddf69cafd17d;ce9e0f19f4793eca0592a0c76a9f088432c6b1340a653e5b8a0d2f3307d21c7f;f76150cbb28d2afa676adfa14c49ab78a362640c20bfafadca1ad0d2ea9251ce;44bc805b2add1631317c6b1c8ed4167a0c2be5fd4b0e3c60017da237b9f6b6e1;64f670337894fa4a483a17a8af6170798ae8c609f894cfb6edf2154d12775be9;0d82f11c2006a8bd252ce0092f30758ddaa2cfe356e589fd18af0947e07759ef;c650a26f418e25ad7b12da3545483c8a6291e53667de6733e6ecb38f2d3e902b
24434,e6902e9e2a1943147201f7b0d818328c1d6002991eb3522dbc51a6418ec631fc,true,
26814,01e6499790304712a7f091d411489d586f173a5263cf4bf171899c6b293503c9,true,
26814,1043eb5c8b85764358f21127ed51de772db594222d650be07b45f3a9c68bdc78,false,6029e51c4706c8b12bfdc9bab2311cc99d7fd5ccca3701bff4af2935c4a89215
26814,9a12dc4ca6c7868e7320e6b916dc52046d148775c939481805bf3e063ac71f72,false,b08898cb53b91d1a5d5801169b7fa16a302b7b5313fa7e3cfe8a1335c68c9d0c;e004762f3e10c3d13ab500b86f8efc0d2a506a1e5465d812743655ff63541813;61eefc4573c03280f0031be664d2ff9582af9fe1f81f5dba47902ede2135fc1b;2843ed7a110c5a26a770245a145359d0310cc5fd7b42d6333a8433c7c9fd1821;26b01b88abe2cd45a30ebc58dedda870aefd6cdd15284734f88ce3f03069da29;8af9d51f3926bd8fa3dcad6add78348d2e82cde9ebdf973f039c726e5d03a53e;21b91abf7990203b9419865ed14db6a21b39ed699e586444692bc1d0a3ba513f;7f91b835f9b6f753d6bb48bf9841acb95d2613612b228f0a71b7ddec40233b53;52b34a248376837ebe990c571bcc31fbbab2cf1889d94f6b82c583408077a063;99e6e02cbc6613585df48c9aea8d3c6be9c7e90c0ca52ef2f1389a401178ae7a;294ba07064f3b803d89b7130abf64fd992cc4d6b8402cd8d8caea52b3653239d;09f80ab6fc89b6125bd2e0f6bd5e7493e7e2c4ca81f42336dcefc28245fbd6a1;a5b248d88457df3474c223794fdd6ec0c3fe98cc434fa6adbbf9f6a67f13d8a6;133d0724d9c24e14759b70cb1f5ed41d8192e56050fc3328bbf072db8c3f41b5;076b88fe0b81d1dbc674ee0ad6283dee50ffa6c8e2d417b22c2b701afdce2fb9;e1e4307f51d596169d84046dd49e58c20e9aa74e1e179cb3e48e7e7d338ecec9;4d1fdfbb2a33580af6163e0d54452f63b59c34a6ea14a8abb04753f5d16c8fdb;251572d2ff27f1f43e3c9c971c2321ff083f19a1d022097c43b2803e2641cde5;7a579747c91da358cd5987b36645cbfa2f44f2386256fc35320210756d8459e8;4afb8bbaf63e85d1fe269bc6c0cf3217007a17ad43fc56f80bb28433616947f8
26816,0b8f2d77c16afaa08435d71cd31467e62011cc39fe1d1318959bc74f1ad5b064,false,a40d0843b9868a26792e952851a082442eace99f2c384f0ed6ca991612fd2f60
26816,0ef1e30857aaae86e317c993bb14f2e73bfbe7a86292f63b320550a2b3d10b0f,true,
26816,a40d0843b9868a26792e952851a082442eace99f2c384f0ed6ca991612fd2f60,false,b34d15d7b7e6c2a4333fe13f354de1d715b7d8d00ec86b4cf0f8d24bfa71a2e1
26816,b34d15d7b7e6c2a4333fe13f354de1d715b7d8d00ec86b4cf0f8d24bfa71a2e1,false,c6dbae4c8ca97a746030b390441cdfc750218a20b07d29b56f07b157cdc0bbd3
26816,c6dbae4c8ca97a746030b390441cdfc750218a20b07d29b56f07b157cdc0bbd3,false,1043eb5c8b85764358f21127ed51de772db594222d650be07b45f3a9c68bdc78
26817,214f42239036b95ba5dd94f9969b4b4eb8485de51a458fe76cabe95b510b4468,false,0b8f2d77c16afaa08435d71cd31467e62011cc39fe1d1318959bc74f1ad5b064
26817,2e6e9dc142ec6c992f7a2c21d5f17422a908806be183f0537bbb0444506e9dd0,true,
26817,e67c7cef9c59167046bee99a961a4ca75137c5ed4b697b30dc6e752ff1d50ecc,false,130ed30aca14b2ba6cdd7e1a2005955a678071e9169f7c7bb388c4d49ab76133;9950bdef89328927b0b6491ea674b3df653dbcd86b649d95be1e8a343b38d04d;4ab2544a441f0705ba8a4d72502575fb325707705a4ba0cdfb28b509297ed454;95c1618324f6ae78a8392fe05cc7bc78d83fb64abe0a51575e33ef8158b0147a;4c612bf7300d4bcf5a8c3ad84abf39838996490b29443f39dbf363bb66702e8a;24aba83479b6a6399d8a3842c51805b9e70221291b1599d2b4b0398ccfbb788d;d96fc985d314ca32b4abecbb829253c5acbe0999f8554221fb7d386c56d1fc98;4a97bc03cd67a2377d6f167aff5cd15ea986c0a9a23fc5174cd06fb924f8bb9b;1b01f995e5d5d212385a8ebec419bd9e6c1f6356f6b3282a7298bd4c838641ab;82cf4fedb05815663b3dac41b25b608bbd27da22203ca9a9784603565afffdcd;214f42239036b95ba5dd94f9969b4b4eb8485de51a458fe76cabe95b510b4468
29129,10ee48008377e49aaaad29b6f5191bc27a9902580e05d7f459cb3c6a712fe785,false,4c5e40e37810adb4ec7f01d038b508d6611afdbf21f8cf8ef589a0fe5f0b3e91
29129,70f38f3ac235f65698e8c8c2589b9f0156d7700d12417dc916e6f2bf4ba12a7e,false,a131c7a34180592c257414d902a35fd468b557e984617358343373c5599ce244;09735330351be35415ee34bf981c96af3ad0713c527a58e9105ccd04f04ef951;e9a04591f6e264ee688874dc59a6453fd8a9f6ca7c6161a2ba708d2c4d24ad54;0852091ae74568bc0d995c3d231d01d097d9a52a5bf80f0dbb52bf0c49eefc70;2184b113c79af29e70d2b09be8584a112d4775833717dee4442baafe2cf659af;e5d38e44b89d01754c87fec9b6689a3ff2f057ea2c4913ebdee847d8418fc2d7;bad09585693d464f34a2866501aca116794a2c9f4d7a16ac00e33ed74f4b8ee1;1b95c5519f32f4e4d6c6e60af6660c2b17a92e0c54fa0c8b71932c283cdb2e91;591eba1f8e27727e14a9aa3695e6e005990069df06c827fd72ff05aa61723108;1b1dbad5485b04f40b8151bad90139d4f86a07fdbd5523b35a979094b0b8f017
29129,9eaecde069fab913fd604f0e2ba68cac2f608305e211dd219d97dfb03b60243d,true,
29169,bcdac13fb8d753c140084789623741a39332a727312742d341cd7093b5d68053,false,46d80f9f88e57bdbc22ce772989a99ab9ef2d77ec8cd6024291c1f3dd66542ce
29169,e9cd4e54298b6b4e819e54763a99a7834d1e6d4ab6f556137d2b32e4e5eaa3ef,false,d99f209f3d4bc34648d3864efc0ee588041b05b9b5eb2846f3435d8338f41216;52110eb34fb9ba3a59da77eca549a76ef546f4e9a09f8cfbe4dc06a553103d22;d688bdbdf4f46c0b3ec4552936c5e8cb3781d4d373ecd1027e76b24feb9de1a9;2c1f1f81802f961e74aa0be6b1f68ee96e3bada11faf8027363ce7295ea08fdf
29169,fb5e493438c2773c089b9a35bcd345debfef48c61725a71648c8a17a212c361b,true,
29170,73af85f4e35ef55387f5952e24b2825044ba3fb64046f997179f9f8d9cfd4878,false,bcdac13fb8d753c140084789623741a39332a727312742d341cd7093b5d68053
29170,ba8199d3cfef3e591ee38cdb8a1961b8571c4a8305f8179de873e1ef7a80ae39,false,73af85f4e35ef55387f5952e24b2825044ba3fb64046f997179f9f8d9cfd4878
29170,dd3dd10db07b518e7bbe503dd21f4c394bd9556c38cf1bc325a33433361c0df5,true,
34402,7d5fb1874f9dd45b7afdb8a3b831cf525676529b9d494ce06c60b954a478e3b2,false,d3a2506226b442bdd462e36e765f65de39fc2ea5bd86aeb95b00e5c54f91b605;15995ffef028aa08fe43dc37b9094f68a4157626d5a6e5dac36622bafc208f1e;5380350e6c4b269bf8335bca1113d42c47678fcea45d391dedcefff2a99d7d1f;4224082a318162646be60c1346ee504f66206b3175a09c588da47c5fb309f01f;144b974dead67f76cec4df2a049581a5cf26e047d6273b0cc051dab402f8a421;64cf9d37aff96ea6518aa12e5af01f972494361d07885f58f0a778035a7d5722;9f3883aca869b873015dc9a39dd8ed2e3d26a2045dbded7f369bdfc7d1818623;eb457f94b4d8ab66836753e9916bedfc9c1e4b836ae2be18cd90dc91018c652c;fc09df68f145219e2ba0c76ed2326e4e7a0c285515bc00bbfcab9ef265cea234;0ae14a27865928f0631595dfc70b5b8a8f4300228d288fe4b88f5213986abf36;b7953a045505e6c5bf5904d68dab9bed338632331f89a4f0d805a0a36d18fd42;78a081085dad033c3b8bb7d0d0b57efaaec320a32197369e66c62d20a6f83a43;99472adc52b127f5e7484e0e646471f745b24e06f15cbc7dc8fa83c7804fb243;86759c8046a87a5a5983ae660485879cad0a599e881668bb0fcf49cceb832f4a;cac59bf9730ec4bd3bfc078f5860b9d1be2f26682d7b86d31fba739c16352a4d;333c4a92e29f8bae14c3a86a6644924888eb5d62bd457de4141fcb74242f4b50;e017e8948a1d5daf2bf73b8d129cfe80fbfe3c79693dbbbef16714e617b61054;6508e1b6a1cc1172dc0a1c64f6b4e7495f5ef7ff70858b0d51b7afc79839b962;814fd53804bbc12c31c04c7cbab9741e020444090f23ad8f1da0776657286464;553b0b936ac9a256283a7ea82670b9637a02ab5de2b08c46d221b91a383a0d65;f9afed8440b685774ca6dcf3d8de77bb829a9af062b885cf8e50e6017c995f65;7fd80f6faa5008264f95cbfa6a168725c616d27e011f2a8b0f9485ace9d91168;4a2d7365d5d2290840e9c90dd1ada9d3f8c97912d9d0b6246e7c0a0d39556a69;37b78d930d1b0faee36191685e8fd5ea907c86e6b49fd1751c0e848588b26509;7c0a69c5d74e17ede7c9ec261a999e5f45fe061f4e7958ccf46c4915788dfb0a;0ef1e30857aaae86e317c993bb14f2e73bfbe7a86292f63b320550a2b3d10b0f;378c372742eef57e5674cad0fc7a781e1c3d694618b73daa7a865896e9886511;2e0714a681e85a9aa1f640e3318419a25f73e916228409bbb18be216a3467412;97501ec75b6d85504fe6fd9555364b235001ca1d1ab4a16121f9b51a48792217;5dae62aae2d23b9be0e64c4f838eb1bf1ad37de7e4828161e84e0b22bcab7a95;015ae69e6df0190c4017654654b820d001827be92ebe9b361b76dd0c334fc895;23351579fad9ecb7cb2796f97bf4ba9d80bd4f5f5ad9b8b36352cadea37e0c98;6c503f7f4e381a4a915d5c207e92cadc32ee8666c9c6f71e382e818631813498;efc983ba96da479f7fc347cd4de5b947c528cd712e25d22b437101d95bda7e98;c33a8b0fbf538b6ba53a68b28185987d8319f5919b16f2eef0768c7fdc2dcf98;65ffaa9883943ddb1b26c535b800abf610d9e7e4be69d154b5cab370e8c4029d;9ba8502c367813fc7af224e559d141316a276a2422b847fc2a98d0392452c69d;988bc918aa1b13d55c643dc7bf668483c340a64cdb3543017fb105047c5a779e;0b2ca5f8ce0894654d50b7e101874395ceaaf723ea4e5f894bd804c3536c7ba1;3ead0c99e4a320246755cb28b5659a729cf53f27dabbbf898a94083ceee6fea1;621c2290fd565ce5faa8fc91d492b23a8f87d20cbe21eb0b19f8c8295e235100;dc9732539a8cc04eb6f30fad218c513ea015bb086962876122f101f0b198b700;e225beef83f3290c505b71f4dc5fd449069227ef9cf17cd13367160581549b6c;814fdfc3411e06d29c57f7f748a19f76462cbc2ae284797974ea1e37f2e5cf70;351a0dff416b80ef0e6b00ea50aed298b846eb1d617164ee0328005497a0ad71;baf2eaad355bef3e17dbebe54cbf97ad6ef6687beb1b6c9f6746519d4fc0ac78;04a227bdcad8b8745f951f8e6e70f30cffc4ef35b4bd045ecb497898a719587b;79bcbc7267bb15f1436b11607f4710234a1b4be4dfeca4860d6aede43b43797b;42b72c5733f4c48e6a3af7ad94ec4b18470293a3125bf691a5e0e4c382205880;c3f8be2ecfae8ad006effd71691eefe9feb908fc4297f1e9329bd9007de15f87;8dcf3985133367c181d14124508bf9db95e1b465937ab95008c230f7eccd0588;f685da6c85eb433b9f002c51d1589d4a2c00e9c193949022c630912809d9248e;97d42b214bafe4558ac30401faefadd65b9003de3d0b126923f4a0f7f17f5b91;a3926a54a6b22ed81f855b561a10cf824a95ab5caa4663722419bdbd0de07e93;0f6beb3784ce187f23ea49c070e7d0bf748832e6cbfab1645d55e91e1c133b95;64968c0b5d4fb2ce8ae0a5be9a14f5b0e46564a8c90ff6f778b4001654ad07a5;ecc626b7c6931cb86026df47f49aa876790f910199d431547cbafbcd69b81cae;1d84d704b4e3af32bf531b1edb0bef930d1477e7b11e0f6397eef34fbc1f05af;178f034d92dac9d07d83bd8bb5872bf9ee73cdf5fa9f5d78d4bfbc2325680db0;e82e9fa9e91136ee036765d1682e26384d7c674ea36348f10580a419800ac7b1;02e0840c60da718c9045a988727efb39890a4591e8c52ec143e33da3be3083b2;cecc8fe311733bbf185bbc1eecfd6a3fb2b6b4ffff5d2549472313479d3f65b7;6eab59e38cc4bbbcf69479533f81958ad89ddff9c096e1600ed4d057c164f4c4;86d5fab07254c37d9b7b402668b8612d32013e6c154d98a9231bf69ae72682c7;fbfe6a13213a9f1745ed0b3f4200c6dba12486f2dbbcef66a7483450c6306dc9;5d124e7141549c9331afcba7c64920e9c8e28086097bdb45384e470425b80ccb;e5a770573ca8449c139765d7884dc4411bdd23b5535e4f16a4194b6f7b0c6ccf;0a4465052daa9daf1a3ac8c02d47c7212441bee9c0a79ada46553a813b738ad0;928ab789eb41292f17b6b1dfb4401e49b1cb365e37c4d980e04c8a5739ca8dd0;159aa221f17b68fdf7a44bf5ada9e1e113c225e3c847bad7de344e841935b7d1;61696a67f2715631e098768554c6d87dec4dea12ff8d74163f9408d8e03aa8d5;4eedf8864b7f05c039d8dc782b2024a94dc4f05e07d26bbd90f32603c445f1d8;299b453ae30f127d03c1a814e4700d38c6602cae389f075d2884937735ad16da;b819f793b9fdd1cd70d2bd521d794716489d055077a9835bbd9d70519fb2d6dc;8c21258a3573df0afd7c7d40a21db53324725c7fe24634e0d7b83376082915dd;1e6aa1ce45d87a2426e92e72b60196963a971050fa15f8996ead981d59d421dd;0d2787e4252ba312e15e7b763a55911e924cf96de466e2e5aff13768ebafcae6;59f35d579410a8fd8210cd06f97c491c17ee62713eef0c9b197af5874285f3e6;0fe26ccbae1de337d9726bbab1e7e6fc8c690112fa8c65fb59e6ed89a78930ee;69e6ea022e27424e8148ef97841c1098c902509dafab90c727c5e5b44bdab3f1;c30c2e5f095094c1feee8367d3bb43ebb6b292b0300b69347c18e789a2dbe9f1;18e4856963eae39d93ca8c9b85b93b0abe7dcdd0865a16e1be8aad85aa5812f2;b92dcb7e14ea5b76c4712de9b8c9e6050395621c213bcb85b365533f8b73a2f2;44d73a89d3c87e89c94ce4535cd4c23e224575a5106fa0d353c42123703caef6;b6352a10b3376e80ec9976c0a8fd4a3174e94652d07fd32c93b3534093bacef7;bee3e10071808e80f45da075899570e9a8e8a42fd5af63a22967b04e415fbff8;59c203866eb2b2a4521b433f27f36d95223ecf8dd3fdc619855971b0e0d047fb;7c9c1b62b6cd510f1edf1b65e49dfb226859d617833b38d11a8bb505e05dd5fb;d0f6c2f92882755c67671743b40d365cbcc1d725de06b32478e48446786f4eff;808c5a8a91dfc81324561aaf94b7987e912d3ed89dfd36e6ee26553e6debe2f3;f11af0d28f1b791115870de97ad8cd1803a2f3d2f497259797429d5ba4425792;f10eec171f3ccd40da953877d2e6976a15f74d2ca93148d64b13572cce40122a;7b17f527da7c0305edb0b8abaf4534b861fa0a0a47a9f7ad2b6872ab9153ddb7;ce1ce4a4a44f54794838331425cfd0dd57eff15832b7392392d878f869881321;b8d6639ba2af985c20a560f7dfe23061cf6c3d9f38a761dd41c05cd2a36bc155;633bd74ad3142b4020c4e359611c524d788041da7a5149b10c5f5c787707c245;eb7571e79f207fc7bc01c69edc9551e7d21e8dc435ec19b78ba51aaeba34462a;820d71f02eb08008ca0888b548d8cbeffc82db4fb519966173877faf57f32e43;8ce878ae12a21f6ec5aec3c3c62d06191101964ed1f6b9feb39b9798d15cd312;c77752c98e2710439541ea50d528a7a41732f220b5a5fda433d56824e5ecc61e;ea267a289fcff5dd7eac92fb3ea4d6d509959ad868843226fa40794f20123e07;c173d679a8f0391c02d950d7e66a36ab844275b3aff0ead766eea17c90bfe1e3;62b6afde3d7fdfd8417294523a60f4532295ab9efb08ed5ab3b5942b4e0de7d6;3a0c6b9c773941bf98e25b0548eb08e401eb494ed30349465c1391e13ed9ff00;07bb24fedb6dee1e9b361b528cc52f2f4281ba7f3581a763786b92fde56002d6;0ffb54aa62c90982b157838daee07065e9f341522a25abcbb69002745ae971f0;b91ec6848f118a6fadb98c42e0d11c2fb6e90be16693c90260505f0e3b2087d4;a755c4055e89c0999995d75ed723b582b7efe055aa18030b155cd5b2058a6cd5;3e653f9c775725720f36db677ea42bfe71819837c0b6f1c7d03ab70eb050391a;642df6601b4847f44277e798800ff03c47307235712d8b65d458f1e4fb34f604;8e2d9811c5bfb113b3ad0cabf784c9679b6d1c33861d22d1ab8a8782e2cdddd0;07371931cd90e3cf40f7880b284fd8463c8194dec111b15124b60dc35a705f42;522c98a7357275eb4b3d0ce1485e36a573570921ade7a10f5c7a534db350e74b;b32e113ca8d21ee41892328ed376b4a781f79371672c01498881ca4903e60b62;b6af26bf360c141937de55a88ef8033852c372d188d38863a3e0ec1c71bd63eb
34402,b6af26bf360c141937de55a88ef8033852c372d188d38863a3e0ec1c71bd63eb,false,7e5061fd760b5c97057a634a4af11a72cb18b058ee3dc731201f48dbd8f1cc1e;3747ba2e79905d2d83f9860815e86f843e11b16de6b4f3f778556b2caf9d8b20;a766bcae8c66ddd0b2569473472debfeb2eea6f09a0245005c5f04f69b603222;8cbe165f0e5d90ae10817722354566546c81da538610b721b4fb7f24f317b922;8dac7e3702a5765029619e4d0b99ec135b5239c5087a674eff9306d95764cf22;60b1bb884039c94abd895b32abca01824eb4de8392c2276bd3928f3c8458dd27;c59ea12342f155c066f3230722ce555f1a861e75244b5feca7ca7bfbc84a1829;ba85e4701566d479440685afa3583335afed72e6f641762d0589662140399b29;f70c852e4392dbdaa1f4ab94b8681ba1a0c0e2c8e4ec7208f02186cea078ff2f;1f07c76d2b675ceb820fd4accfcb55fd9e2a0dc164783d851e5b8794193cf337;948a826802b0a3525eba093f80022f214760fe5e99dcf96953168d6b40e55838;2268e0cda5b46907710899434802d17b43b2b9a24082db380bc516125944b339;606d93b444ec49ea021390647c40483e69a9f47df791eed53c33311286944f3e;074b48f283439b96c0f8ec0ec07d91895d2a4b5bbdae5d9e3f0c079b1d55a83e;0926c366e385ad1fd65f5858ccac40897eaeb0e579f942510ee0917035495440;8621a9318a6befced50e7ae3c264e45c87a771acc4d699b7dc8c9d998ff52843;92cd2f023c7f868016f18619d500e3e3bdbdcc6d0004f17b72c2ddae3af09347;b6e97fe250e2f7aa506a86f764581805a3210c1942e7a86803262c637487f748;ce5cf5354d075d5cfac4b3576e33f583b02b304be546c6150489a2c194b96252;19417b7561248235593ba2771c89d2fbe40a913ab2c46f08a97839b9d288e45b;4b78e915bc8c3cb99e4bf52bd3120c08551f8807ecba448def31411ab512995d;57b95768b513b53fa9c2885aaa97a067d078008eb72b88c1baefec4cfb04e160;6aa1ebe74ce832dc5aab70536ea7eb454cdc89b0035a882364b68afa008ea062;c3a69408eeba5fe8e3e5e3482ab39ba29ef7dffeeb0bb0d8f879ece65eb6a565;2a0daf4b7cf3b91089b16171edc0d2a1ca370180714a9aa3bf392ca6e0333668;b863efb5b7da8b76de5bd472e039816bf87067c8681dd028c510a66b473c4168;ed33fe9e12d35880db87a092a28068d309923a524ee5df32e32e97d31d146707;6f0c57811006ef30031947151bc4075fd1dbe773949c5153b031a3313a3c6409;0ecc31a8298eac80438007bc3967f6e13e083ccef4bd4fa0930d4c8691bbc00a;2844e25685aa0fa90aaba36727ef6fc052b86cf71191fc1470da1abb03646c16;9e7ffb7b140f51b2940a085dc60c7dde85b2c32d880abdef5d1dc60332bead16;d76e5f9b0625d7d70da2cbe55fd0c930d5403bc919624d8a2f89a0ae5d7aa31a;3556d362fa212b50bd713e0afff2b582d2093348250784958928046972311a97;d47c67b28dba92262dcfe0843e82d5dfbdc139d40564165efa53d0ed56f9a0a0;db49490f7551ef5d43249f1e97fef6216be6565ad58e2ca2b2a48030d65da6a0;6d9fb9e3bf06be885c93cb67da79be6c5682feb87958e1f97db6d24f20764700;e7f3d5c9a69ed4ccfe1682fd547bc2f243a1be2af895cbbbff5fbf913951b802;a8b355c3930e958c0e4a4a7cb5d06e74b4f8a3b3de57f25b116d4b90fc3f3675;066f5f9e0460c31cb5d163d283430793c3a0a962722bcd45726d24c96c6b2a7e;9f9eff5a4fac32625f6c9f9e0ae766e05378ec3c5fe7bbfbdd71d65139812b81;7fa790651495333c012e55adf430b9f38c6608a55a9234e3e27e3cc46bbb5a8e;19da22af111f8cfb27e166ed8bc11ab78041ea64c975b74db70e094ab962ab8e;89e40a20220cfa84b813da67ee9fbcdd01c15c40704ccf088343de49da735691;3ff12a9e6756eea5387ad4de27ac22ff28f1a91a0abd6598f35e65d9adf4fb92;881bf0e726a3599515e65881d6521fc9218aa626305d479059157144611e30ac;dd282cc726a9450396fa250d4b56cf9d627f7c85cf702f2f9f6143e7c3b2caad;3aa2f2412c9578a74ef21dcfbddf00a61c3927755d91fdc07fc28ddf9504e1af;2d4bd8f95f190a720b1f09611d928f0d8369f9f04f5075ac41ca2d49ca576eb9;c6bdc902cc0c879e503e6e37792391abfbcb19dddf5d85bff1c482fb5c995dbf;30bce1512c15ce8d7e64d8a0207a7a0288002eecfe67046e4559fb8f8e8e83c5;8e7e0489a5bc152b1be4391e019f525e8c10e18c92543521ce8339de4689a9c7;a2b0bc4cffec3dd8f71ef023d2996bfa2c235a145e7dbbf6e3bfb64202b2d1c7;5796fe6ab79e38c1a9b744f50174605ccb304f959c3e253d7cb6f37a8781f2c8;31ab0b8e2911a3d541b0561d2c615c149014462454eb83313ea0b7d20263c7c9;993ba51f3737c078b61b10eb01bfcdab44de4ec14cca2cd2c508f67ee8fb7ecd;b4eb84599d5ff354571329cc1e8b3d0e97d29b07c2229bfe85d1395ed6ad3dcf;f134bab774a8c7a2d245932861815f4bd68390b39b9ef49adadb52347f516fd3;e7904557182fd5c8fa29ba55b2e399d3f9665534bec9078beac48442def465d5;8fcbbe1dcf0c2ad8408d308af47d320e63e251f14daddda3f905b2b20870d4d6;ea56e899a4d5a243f4c6b93b4f48f1f6a781eb320e2e92c675891c4eb22d4dd8;55a102ce35df00fe8832d802307adb651eaf26dc0e0fc9245a67d8c40ace88da;3564a5ecc3d323010eb85742f7b669db5048399bd5ae91ffebd0afc03194e4df;cc6552c1c5ce9d089bdaeddbaa5625e9a49d3c3400bb8d516ee68a6e763cbbe0;b507608ec2f3834af5a3420f594766367104f44e0330b390f7dcb756d868e3e1;ec67d3952742c3a12d93fe0fa9850456e6f936af65f0313de67b1b18b14280e6;b2cb86eaaaf0c889ff95051e25702d4c55b0867d2ec7be4fdf878014bd8391e9;7d2a0fdc87f362e97492597e028ea9f83cb801c3ff3c58847d78fec7bca4ecea;dd2ae212ac02923cf0dc33331bac92e5000df2acdb92e013dae3eb63d8bab3ee;49f18416f419d258185c30cd3e79ba7436e102e06e059f64466977a73718bef0;fa6d0c47f5da3f375a0bcfacf8214344359f20599e2f8fb0809d7ef0402184f3;5a07652f47c2c1c272ad2aa3687a6da0f5466b4dc86650938aaa8059fd3d89f4;1dc8135e473e1649fb44385ae565ad42ebd76f0f37036b0b433b51648aedeff9;54bf740c4e886d521cf4b445adbb795167279e66f19ecc465ab5c793b105a5fa;7e8de80534895e3e67814332ba3a221ef96f49212845ce1b0adfd9675a8a73fb;df9d39374a3885c0db3d1da7d9723d39ed7d43b4d97ced0c32c5e0ac80fa8cfc;01bbc5ac79c23382ffe35da1f713993c1b28658690da36dbd9e496e29a0063fe;6dfa7db57ba1e32985cfb448cb2347323782ed04167a2e2b0eed8fe3b06a713d;72076b6e91b342e1782f09aaae2306981e22fb7964e6461798bd50b03dd55426;8bd3c03cf2a90c9e997c994f898b7e7f89deac1a403e72d6ce6f5d5334a852d0;3be8034c422dc436e13dfcbba30ed9a9bef84b4e656511e1252e6da2c33b9a80;b93586a9171845e4a1b9850958ce1ff6009a73f94002dc31cf31a097bdbff544;fb4c7bb35c7ae3db4ce5887abf35db2cd5c061cab0e99c98c2df7db7fbea900a;0829c398aa8fbdb058d30e9be3fe54c856f7f7fc491d1774151d3ffdb57194cf;1fd3d008e0c7fb9991c126e80bc41e3cb0456a86c93d1b4f09ca25aaa21c1864;e0fd8d7b195b845ccdaed321f0f5982ede3d7494668383aac70cf07db80a3eb7;053ea1d0d32f1756ebd895591488628a88f4721015e97411d36a3ec770d27428;e265a1889fbf3a1ad553ef32526b9aeb7f16fcfc7a529639fa90b875175a5cba;79162e90370e4f63088b7003a3908dc4251e78f2581a9e56f6779d8bde0cf266;528f3f6319484ae1b6cfa135acfaaf9239b9d69a8a81296d243543a860195270;31577df3e9e10b66b7901031c80eb059ed0127035ec5c0bd67842e515c1163e8;066c5c1bdfe7c2f2422c136c47266f3d70e642ca666980044c23809d331bda2f;a73bbf7174f796a77357eee77addd479e3cb0377cbc762a392b90883e900e84f;9e663e9860fa86234874e99de9427033c038d2b0f2742fd55d280838ca399c68;6ecaee75580f61a81fe7a12e2329cf184b2caa05377b26f48ace73fa74fee0b6;2a62f34e0d3fb0a0a155dee8b4fdb3738221ff29e08994ef50b40fd3d344ffbb;de45bb7aa07aa11230bf49cd27af2267fb782134f6988c6a8968bb694b3d9427;16b169e597f01b2fb5a1709e509d10f0161e8cfa40ae9547e712d3fd44bdd1e4;bdb1de7b0ea57879eb4731a7908b805d64c01e4dacf6f7d4d16fbf31647ad5ba;3b0a501bed51d42f8641195186ceafebca2ad66dadb6d69ea75d1d4c02623b43;f1734c7308cc52c9f3ec54fd346e2ed03d5a0ab4a451b955d40c2056cbf562cd;c1b9332164aed8bb1f9e029463523735c1da10f8548faa13cf6a22810091b17f
34402,b8563042611e4fe2981b0c70ca3d7a3e6fa6b75e6a25967d0d4cd701e043da48,true,
35637,073bef0200e568c19079b9e3c1f66aa3ce53c78fb3cefb3c979100238f13adf3,false,f2fca47e593029b6e689d9514a1762bf7dadd5e238cc5269f9043ccec0dbbadc
35637,3bce20d496a06035e0b938fd50b53d7040623da019132ce67163b647cf6820b9,false,7f0b76a755e78ae96dcb2470ffe4c526d64f6a521ae6c12fbb4d21cafbc9af87
35637,7f0b76a755e78ae96dcb2470ffe4c526d64f6a521ae6c12fbb4d21cafbc9af87,false,8b2fd813e7fd6efaf9027cb7a4b8ee6757d2c1d0723bca37f515b158ea8aebdb
35637,8b2fd813e7fd6efaf9027cb7a4b8ee6757d2c1d0723bca37f515b158ea8aebdb,false,efa0d3534ceb6ed297a1ef48165af9f123436027ff93ea50520bf963e43a5756
35637,b50912bfbffc127c9dbcc159d8026a28f1f5e52f0239478ff5fb8fca301b52a6,true,
35637,f2fca47e593029b6e689d9514a1762bf7dadd5e238cc5269f9043ccec0dbbadc,false,3bce20d496a06035e0b938fd50b53d7040623da019132ce67163b647cf6820b9
35992,a1e621b21bf7eff452987242c6b9610272a743e3ca3c441aeeeffc4dd800e8f7,false,b4ce509faf310f0018f12420015c746738c4c213db69c5aa025a6bd2350130dc
35992,a36eca74d808ee518bfbc9e2a58e6ebf55a457212458a1e89d022543b1e07924,true,
35992,b4ce509faf310f0018f12420015c746738c4c213db69c5aa025a6bd2350130dc,false,2e21b75b4ec69a1ad2ddb1a4cae3fa6153d47c9bccae92522d6aca7f8f948d54
36236,15a4e61f14a1b3acb9d97200cc05b6473c7a71dcba49f5c5cd8a7a577c9ca5f2,false,06a355789a355e67e0398a29ea3394440fadaa5258f2f13f6c931e7ca26bfc2b
36236,1e9c17bff5b75a3c0415c943d6e9d834e6e59f78d64954f6a1aa902f0bf3ebb9,false,15a4e61f14a1b3acb9d97200cc05b6473c7a71dcba49f5c5cd8a7a577c9ca5f2
36236,5654a04bf1b7b6f1ad6f0f3d51129e38b22cf71a00c74447f588e2cc84d1873c,true,
36405,88c061ce48231300989fdd753b5cd471dd2f9a09a8815377ce745ade135e68cb,false,1e9c17bff5b75a3c0415c943d6e9d834e6e59f78d64954f6a1aa902f0bf3ebb9
36405,c1b938e975bbdfb86e9da3e590380abd7537661d9f9eb4c556bd0f1397458cf3,false,88c061ce48231300989fdd753b5cd471dd2f9a09a8815377ce745ade135e68cb
36405,c2b96a921febd63154ff3e50555005ff07d7f7b0a96298b8e09be92949f637ff,true,
36516,0a1b1655735202e0f26e795c086e7b9fa6ef2fde814aea5afe92495a0df5e478,true,
36516,c91e48faf678ba2e11a7ec72e306bb2acd87508f1226b443352062def4097f6f,false,8ff5efba17a081ccec67b7fda4dd7a8dd988030b2723ebe903805146d7bf30d1;b4ce509faf310f0018f12420015c746738c4c213db69c5aa025a6bd2350130dc;a1e621b21bf7eff452987242c6b9610272a743e3ca3c441aeeeffc4dd800e8f7
36516,dcd801b105ca33af18f785353fc301510d0234bd282577b2a4f9646af369c8b3,false,cbfff1d40f81053264aa4cf09002d3617195c8ad31f2bc0f3e3d89ec02ff0d4a;3f79f0ffe20429e748fe697acf7a2017c5e9f11254c2928f4759b5942b29366c;f7b220808ace986f687bbc067b04b1fefe268b21dc05a1df33d52b4a958f0393;c4431c85f745347594ea357310f0b800c59e5c262a62187b6ccfdbdd5b7eefa8;22c7237ee1beaf37e12c9a9ddbf6f9af1ecc52d02c748b6efc69f8751f6d83b2;9eb7dc56dd79fddb5a372e8b0acfe0949dd2c56f12a8e1b41ea1da2c4ec7f000;8dfd334780d3bdf67d445004fc9e73522727c5f653feeb55ba9fd3326c4eecc1;5b6a18f325fb24808af69fa01898290a5fd640252a309a17220aac121b0fdce3;c91e48faf678ba2e11a7ec72e306bb2acd87508f1226b443352062def4097f6f;0c0f93fde3c4ee41e160a07b8960897fdca89c7d43a04f3c15a836d4eb32551c;7214c746e0e4098ab1b7102d5770b6ef71ce8b3020f5c97fc6623e0ab2b37e22
37303,6965beb59cf3430a88c83b32674eb676001b5dacdc4e1746fc92a7ff2e9e43d8,true,
37303,a710033b81291d68372605237bfb4358474dce49a5099dd499f4de57d5db60ea,false,ca5681a05cf5fc05687ced3175b74b62d14949d3495d073f5c2b8e213ea03e92;5298bca4defc7096d80cb4ce7db3e8ddeb539e87d5125e8cd1bfcd27688eabbf;6efe10eb4719aaa0f117751b241c0086b705cba6b99de54890cae1c3468c40c8;e44b3920c396e2bfd5d0a99d8b94a18c9c32e8d90c9c5d3ecf86c875288eb4c9;d8f25a986b4f99d6fdfd931da9dcd62918a102d4de734e36e0843b67bc1d3d44
37303,d318e925cd61ab0400a17b11ee382a44417c6e2bd688e5fea53c7236fe393208,false,2a9a332f7a592f36ad0375f42b93b67e6867bbabb24f01a2747818be9887784d
37514,5c2d56a751793d26c89a47a701e5f9624bdaeb0d7c9e8eefaa79c464dc01982b,true,
37514,60748843bb13a8239a91505cbb4eeabc8b3d1f6ed1fdf9792526c1e42707b6ca,false,a41bb1b3f8ce6b1d9cf7bd7a8707efeb7316dd5ba11549d1510d3224374e3710
37514,acb2e895a9b3664cfcfb13dd0321ef0c1205cf2aa082681dc6ba424af6456a42,false,8697331c3124c8a4cf2f43afb5732374ea13769e42f10aa3a98148a08989af5e
38004,23de31d9bdd0bb3746bf9601f2e6f6292d07d11e2f21d282a6c6ce747a3e1141,true,
38004,468258c59110df32a22c3b62b58d18438b9179836b5d470b9a7a0dbc15337bf2,false,6c0fc6d700630f06cf76a88255a2331789ddff867b184379e32a11721ffe1344;7033b11e6bb133fac4add0bd25409b07be6cc01f394af4c548c5d759ff0d4d7b
38004,5379ada1ff40f819486c96de6f57eee7102d9548e637876a3f73939b42aacdc8,false,b31810ec8437955741e3097ab6a4e015f4d58cc797bae7a62c87cd555d716f6d;d53d0fe1de0805758466afbbc40af9985b8b8f69683d188484c74419a320d6b3;9d59111e56e7c0f225912b8d13dfc51aeb13c0516e69d55a7cd75872f0aeca39;a7075c2724373095de783b4c0d2007c1dba9dda6496709a761a87d1d6ac4fc39
38353,abe1d584c7670565278e9886bbda5e97d8c03310865961bf93b1b0738a99a51a,false,e6caef99904043e63f64e0bc0f3e7a45b7cb8f2e874feadd45914febb863cbe5;f26534051b49e52bad68d0e4c7b92f5d18b10b31144069c7e62f46423af99702;fd6445c8eb3c4ac147ad06d314a9efe153e9752bab5f994483309e024ab0296e
38353,b19f4e55c0998ca8ff58627010515a39fe11267828135f498396cf47da55c2eb,true,
38353,f26534051b49e52bad68d0e4c7b92f5d18b10b31144069c7e62f46423af99702,false,443dd9ab9bc437512d9ff461e5557b0a02238346bf1eba42a6108230435ab313
38552,0bb9f36a3473edf4123ff2a63fd98d190c49524cb70ffb62777be3f437461ed7,false,a15842dc8622a7623348209dd156368c0376816304f44e3f6af19761f3b4e3bd
38552,1339584a68d98321dcf53b6a0068e23c64d5987b0ca0809a84b118e09c305419,false,eca22ce19d0d4c29dc1f64e489630a00f2fc8c0534c4f4761b604a9108ab88d8
38552,1c7af124a07cb4951c68c4480cf97d276edcc2a09f7592fdb52ef2bfd342aff5,false,7f366ab7fffa324679e2b61a7562f0e82d8cbcbf6b032a39922a2969987f3e0d
38552,46e0f07a5eff19a22a2353eb2ff399b4e4f9b00f0c2fb8b9bd67eabf88795f0d,false,99b5fbe6311160c57bff042bf49faf0edbf2520f09237b46d1b996588f4d4e44
38552,48c582c1fa3e1b9c162059fa961814bb1b47447800fca84205fcbfea20fb2be9,false,d2f4a9fc167261bf5761f8a50d676886b136eee9ffdcdfe111f287760c004ec6
38552,73aea5a1b02364823705a9fee5709ddf0981c9bbfe63334c59a54264dbe865ef,false,2847ae66175042438532c2eccc5b39935fd1216453e62e2c3cb9c8e5020cc771
38552,7db18e491ffd40e2af82be0ea938c9c79e5cb9751f951b0c0fff29b9f4d1a000,false,6a43325dc0a1dfd17020788262550e7d222f7cf601663f88ea186ac61efa64e2
38552,87e55c5edb26da319a1f96f46842dc2df0259ce047fa0dc13a8b22e8441009f7,false,d6c930e36474e19f84d687abe98baea69662672fc717a8fa45b77208ffa3e6bb
38552,bba1205079301dc2785d3cfb87b05e6dcac79e653b8d9c2a289a7ce839a6f58d,true,
38552,c1daaa5b2cf49fa1a51a71be2a06c29dce9c797aabbc08c3fcc61ce8089a23b2,false,f499fcb45a9780a3f98c0add9bdd5e83e14a0608607356bb31f44843151a2f18
38552,dd63a5a6b37c2857da38710aa19f49ce2edac6c157a8205f71eb21dc1dbcef30,false,9ea47aa39943c3979c17b9b493b9dedf0119f07ffeed511c3d82714116385892
38552,e46593135c6244f63ef2c7bb18b121a8a86c3a8345f2d6811b59106186086284,false,c2331ecfcdc035537c82989d5608d9e995e852816c96991a23ea34658c444078
38552,f9938863da6d95f46c21db4a16687c6e279419df973a327cf65db53ad5bb33b4,false,1757800fdb08f1b7f5a2e36904e03a4bf006024401abaebc8b5820824f87a874
39067,180401d454a85dd40fa40f87ce30ef408a5f4c40f700e9996a31409d57623e72,true,
39067,3b51ddacfd1ee97fb3d8b10f11934a1fc87d0b421c4e9bddee9d8927a101b58e,false,ad357a05cffb0220b346823fb05acc44dcb902e5fb03646fdf521b36519d0c37;92e12688514dd5bc799126046e18ca2ea3e58d1956d9af3874248b514c63c341;cce81abd3b9a0e963045a8631545ba2e80a6a1e1ca4bb2af8859f796d4b8f786;19469a453f97657f7543d6f64be8b86db1faff308f49034b748153322f8cdc95;93c0b6502ad2513b5f4d6eae0742d8ee6783ecd75717f0d5ff779aeec7c9b3c9;2cfab2f42b15181998361ad481abc8d8b7fcea2b1a0ba963afa1d62f02dc90cc;bd37df1837e8becd023d1efc9a4cd740d7a5f2aef3201c340d489d2e8d3e9efb;fbf4ee7fdc1cf4654d95c55e7febce959297505c1501c60b0a1a418be5d76805;15c83646f9c44c240f8a6c73ee67dad0ce6b000398fb610235e39a3b41dccd57;ecb78a235c93a57ecc4adf93b9a36e24ec26014bcf705deafcf5ea4eaf514302;33850c3a0d161f096126825ade69b1ae2bfca1c9bb0e20e817aff097314d28df;f31d8d6c5a16dde95928002d1a489cf6b812c92ef099210d88707ca4c003c219;534154bf019c61094ac1c2528e9a198568a6feeb6de02c7ed537fedccc2a68c5;c3337713578648e2012bb8e08565ffd7d57df050373010909eebd555c062f5d4;1e35a5931b88a7548288f492f81c7c4824c0f84761446dfb281a858dc1814cc6
39067,e6fc716917408b785de12a923d76b5cd04358902fe03c126003cabaf07d31bee,false,3b51ddacfd1ee97fb3d8b10f11934a1fc87d0b421c4e9bddee9d8927a101b58e
39413,615547199ad7e7d4622c0b1b665bf8d2af8d06bbcf24b42c4b8c727777e5657c,false,4a0fb2a7861b7e1e7fad96bdf499e6b801fbb6ff427f77309386c59598b40458;4a67f14eb65d2165cfc56b7dc8b3d4c78d33294dc48df66a4bf84fd439819558;5a152c92759136390d46e0ab6a54407853a2bcce134ddee8672641c4c6fb605a;3b660bed4190e0b37afde3e6d0e397620884f9929a40519ff586ab1a79b40c5c;d6c3bbe8be5ddc29097a598b044a14dbd314d455e1183048f3740219c809845c;e7cc83c19dee54d1f96e0f3752a046dd13e60ad2e7c2574c663be22dcf6b5e5d;3541f9a087a2d66b2febbe9803a444ded8fad9bc11a782217767a3e3d0a12b5e;27b521eb918e0e28b98529b8accc110a235c6d8483444fe1a46277de2dc2a45e;82f0d532b968373105dfd4b0bb7933deed9660d397a7272f7f18f6dff1f2a65e;eae4006eb2ce3601fc7e300a7dcb6375e8779ada757ed0f03e0e5236d7c51f5f;3236915ea8219e169daf7b85211ab403647855deed094dc5c732a1b04fa29c61;3f772223053df7d556eb47fd3a8ce9b1d014384a911bf383f215308a38fb7762;09c4337f9904af2ac7331c85defd708249faf20df556203f02188e9143977b62;31ddea33a34f4d1d101c3211347d0f7188f1006449adedfeb6f2b55cc7448a63;fd51f4ef92dfadab7231f1b57a9827c9519cc79011e8584a5994c9ae2336d063;d52e67648927b9b0ee6e941e624cfabd45608b223ac5eaa8a74a698cf904e863;e46e9298a82541749ccf16d7a024868c6a28ae3fac8d8d7d1f3b9cb8e22eb164;349eebac1f5e66f1dc61c8011473b06cb672789c1efcaf33f428b2b1a0387266;b7ee52a6fad91f9e43a34e9125cecede772ab651295285d78b06bf33c231eb66;d00ba6c1d4c0207deb7f2ed19f34a7f6fec2b1e5fb19742dc8264d7400271967;d751b6344e9fc0609a00e6dd32646a6e5f110719674501fcf9bb5a66b62c7467;496b15f2860ea6d417d8f2b154cd3980915e632af9c0f0fcb7e33e9c3b7c7d67;7c10d021351051a864cf6aa7ac4e34890b8ced1dae37b7e559808401ca63be00;3156671a25d54a695e1922c74ad242a6b163c6b1726f31e8b639f9d4e018d102;4bc63f6f081985de7589d6db2d4c040d8e66ea830b67dea67ebb07f14132b802;0e4f8ad84755b08882f26b88f9bcbc67f3e66d6145979bc281c5f90e8c1b3c00;361786f2f19f49ea3f9d775f134392445dbac83dec1d66b2e37f6a396d0a8569;17231068535000de8312d144f2f5ad542cbf8c83d8a4b6bb67ff1a3c7870e869;5b762830d854144862e707f83a5bc16659fb187b19ecbecb4760a3fd76cb096c;c5e659bbd7cb8b425d7f5e0dbffa845226b31726a65a31b242e3636a756be76c;74c61755c611f980707a0e4148ed674c0fcd68c94852075ca66980ebab87eb6c;91516e63a85ecb9e1e70217286f23b9da8086030032f6f3d6137605485defe6c;b036c1ed54eff5070bcd642c911070d72df98e4ad80b9a89e17031f0da18456d;476989f4e11f3fc35892f6ec189a70f9f14048690aae88b0decef17f30a96f6d;c4d4a205f42ea2bfac00f951e6288b889e4bfa3f47d7be9997abee3fbd7d8a6d;dcee6fca68d887241a836642e6ae7e6f6252e6d933045a153982a70a703ac66e;b9151bd9b82ac0ceab0b2f0a5684d60ebe9aca1a251a10d2b8f42e38cceaa373;e29bc2fa154b82a6efdd70fbda062cf9a35af4ded8cfded1b87271707aafe874;de73394be07c55897f2604a86618c8c70a69f232e7250424a4ae96c2f081be75;7d0d5705d40f4240d189a101e6e2590383114377bfa35f78043f99c9bd31d176;770b99c3b972991d07f864721695a1b72786ec7d3eb2de4b4e8b7d257abde877;192f7b80a7ffaecdeab6a0aa5b0f43673c630b6f9f30cd9ea22359a289bc4178;02a8e8f34ff0223511cd7f2ce316fc920220e568be896ddd77ef960670852b79;0ec23fe0148aa7fd09bab159ab75bc6381a49641437d92c154713e54de37077a;2cce71ccb9cdfe13d7ec4c9aa38fcb9bf68082850a7b90e7db1a0ddd7539a07a;5c96309e6aa10c2bab760fd55f52d408039a97dc56a92d05a39b9d4d19cc537b;7b5c4af5924bd9a8e9275e18e9fd94a24eea65cf73eb035a8ccd59496858ad7b;2912d7b509d80e4c22389d6849d3fdf84204643da62dcb8813ac26a18716db7b;0b5b908735f2ef8f16ce26503af089add982f507f8e7b2b0f79d08b6de9ea37c;57ba489a618ed77b2f53db6551a902f4bb22f22f493f9cb5e0c115b7db3ea87d;391b461d14d26d812bc08a42c89ac9495db5c2d48e582fdf92483e6e8f343c7e;e8f865e214abd3e550d3413aa04af18ae1fee130fc3f20a3c3f108be32517f7e;61b42eafa143aeca065cca1f278ba4590eb5add765711725e0b61dab81443180;0b9baa66d9ebe74f56be67d6e9c4dbbf358acd46cca47589765fcf5db0ceb680;29730f80163676a8ab303fbc1e503fadb1e38e19a3e3c8306a37a48b1b47c880;b8fcd62f54fc9d700a7f99a68707a4ca8162e085dd1578222fe42d4e169b4e82;d3e0bc5bc7f6d0f5b0e50843ffe162ce58460beb582e0a2a13f79a837ee66282;1dbf59b6050ed2ba48c2a090518b5a1723e56cb021f1bf66c6e9b7041886c682;367ccf47c729dd57a00df22cacb9b9e3218601ff21a61d85282ee4512b02c882;196315427169cc4cbc21068fdf7a3dae8b359783d8d6796197dbccd92f20e984;5f3957528a1fe40581426a2a472bf81bfc8142d29dac7a66fe6d2dbaba2e5b86;496a0d79e0b16dfc4a70845b339353dd95ee2a37d27ac1852cac00083a77b889;e45ae5ab62345b6060923fc1cef4e0eee0e27ceb386ccb68fe3a4addb69d9c8a;049b4561433dbd7d031cf61725f0287daabae2ad90f6dcc1e18d3c85bf1fd08a;4d3d5a80feafb48a3945ac209897945b8bf3ece5dbdac922662b8d9c1232dd8a;1f8ee9752ca818b5077ba84016a62ac87e18c85be616670c47784a6688e8e08a;5d11231ead98bc41e13e53ce7f925ff96e1e9041ba5029e1b171d2ac678c098b;8ade904c1f958d75dbb977c7bc7da35e5dbe793da31788d6f06bc62ae13a648c;67d43703b4f7627a0aa57c488cf55ae2fd6bb8d3c82188156022bcb34576018d;082f47c16bdf41adcbd3e7d7b3df61d38a1ba161f481da8f70148ec23769ac8d;a14bf34432088103b5f9c18e230de0439d2dda0aa0999da84bf60ce69149d68d;211434967203f5bba894517ad7d4076e291352815e0b57d9b803840637cb4a8f;73e63ff6702b827b20d75a5a9cad5bc08898409fb45dc62db78b7cd074b98c8f;b394f3557ca8a62bbccba63928223e6ee993a40db77c7eb1c08a559a3039d08f;94a91aa49f5a965d02eb0a2c2667a12682dc21f305253b397516a69fa6fad590;aa5a3f1f5a1bf3b6b5c29c203639a4301e9beba7506165d106ce66781f401792;680c53c3fa2bd6eb1c4901564a728ff79e2609148f494660a401b4723da65693;fb532e9a241d9ed9594bccb3235e0d24f74ea54879adc8021c5b98170c536a93;d73727817ca1c6e2b18a7c02d0fa0666e4d72e426628e2d1ddbe4cab25f75397;f9f02251879862623bc443e0da954ff50bb2e5647c69cccf341acc288d3fd997;491324d1260807fbbac928d4e1e30017ec4e9c19b48c7145d8c4117fa3beb29a;2a19f44c8db83e0e7ef684223b6a0acfb56c5bbcc96379ca41e6b7501224279b;e993d4c1beaca2768a2f94d3e8ac278110ee06fd27adf279e401513a06b4f09b;2e1345d7b504d142c842f7ac919be3448432edfd20636450a9dbb6ce90d3589d;1306c2858669ff519ee9d4af2d2815d56986dd0495b3e8f3e24719535dd25b9d;650e004b988baf1ffd4a436ece841a91ba6be3042790d916ccb328410eab119e;36309b387cf34f9c804ddd226ca585897a2177abf47c46e82c1a43db50d3419e;297d394b1bff371e2cdf20603341022d8773ec2d360b36acb8a8e70bfd6c7a9e;e81d5ec5ffd406dcdc1f9a89da0b7bce9a35560aeaeff37a902d0fe2949acc9e;b01f749c39d71ac40d7792fbd711b85392ba3271ac050305193406c77d74699f;f4f3ad81b2d7429ba9d061030a3f93d56e37fbef0773bf791246eae55e25e79f;32189e28c53f8343a36db7b7e73ad7834099d1f21d4555e7d03dd941be35f99f;904f7aae1d9cc170ff0eb3747a38845345f9377cf464a64ab07369219118ff9f;0212db30e0d5e0ffdce14393d05bd3e5dd90d484c76d7dcc84670e5eb66e08a2;2d7dcdff4276c70b178dbfd6ff1f011a9825778a807031fa597f46e1860703a3;ab1900ebee4065e787fa7207b887c2bcef18b40bed80e2ada440c93b19d4a9a6;8204f4e2e430608263a9072a0414fa70cdfcda6789fbd7d2795bfe23e1a32ea7;c8ef818a260aa580639d1af5b546baa3994a4496decdf8786fe02fdc730638a7;051649a3ee17e2a584b7eab99c0755e396c179c07041ac791d43046f63c839a7;46325935f53aed7ba92debacde4020fc6981c30cc05da8212438481cce454aa9;8bccdd88d9d7df23272094fe2b223188a76580f87559d0c793632bedda1121ab;d19c05f431de48d64df2a710c58dfb63b959f493d3a9925b5e6e75ddac6cc1ac;1e709ef409ee44bcd2a88101bc2ad0223ee4bd769f5a866bf5009dadf321f2ae;9c27eb34e91a0a4287a1295f92b99946821ea862a0d75e411e11d3e667522caf;e3ad12646f934e3a902fd349f6158f2465deb9670ce6585048d2d843ca8401b0;617de8a9eafa0cad68db87733ece521f9f501bc32ccf7a651a6f00ae862df8b2;005b29dbe5794207a3ad90e5ae2a8e4cbee5ac28d97b66024d50d55fd5eab2b4;0c9f1051f0206e8ddeb1f8bf773807794f4d7ec6bb4e3f95753be8c4e629abb5;cdc8681ac5b0af51384056644c59d0587f57c60927540db1b1e31dca8987bab5;61bc6c164da462d4fd6bfa26893f344c0c8e8ae5da8f8a276bcf7ccc49bf06b6;c500d4ba3b75181f89ec540e654ab01b99945728914f1c1a0815fc3feda809b6;34e56a60147d206e195b3d9559290825cf9af00fcd64a04264524d19038931b8;5429d893a6b27924592199053727619c359b44388c9979b967e60dbda7ae8ab9;9653f965edfde55dc689cd1a3822faf99e09f90f00055ddf6c5497f2f55035bc;13d784a8a9c4184fbeceeb037e50265767cd3d24b34902f2ff3be63ee9c78fbc;ade127871fb89830780a7197034d53144c788daec3dca3979e49c9f442f47bbd;192bdf2c8f1900338529bf201ebfeb0d15ed954b9aaeb7bbfaa063a221659abd;3f84ab3f60f40b903c329b120afdca5e0208326c4fd404e703c77650039db7bd;667a98a2a4094eed9fa4659f248301f2da54c2e51aac94c5384cce8485e24bbe;7656b0e5841675eea73e0d514aa2a0cca2f5d60b974e89eb26e87f55dc92e5bf;89e4d2c5e90a6eae44769c9799cd7dabdd98784e9f243b80240f0bdb208595c0;e411d12e0167a6d1f37cb69799afc4a45e9df786a00b616e4b4c1cecbab23ac2;1b8d1a71f58207543886c6f356b39453378bdaa9a2f8cfca43bbee8e6bf1afc3;d39973e28ebea4b34efdb444995bb0ea98dcbc98768b8ceb30c1e77c1cdf4ec4;aefc17b7eb1955308c3cd7af63043e81947358fa9bc823076df37bdc6b6e41c6;c479f841a38c36b5b240f083b781c781f235d48c94cb8bf5ebd591b723408ec6;05dc6bba02a475378ecb831b701b984fca5a857d7b8417a18b16a05426771fc7;c8c162e9917882800bd888830cca092107297d38301122fd180f71fc9f2641c7;0bb7a3d1405009041ce95fcecd90dfd363f1028fb2daf39d36efb114673493c7;39acb6d049fbd69e9075f944141a210ffcc77f2c9c15c9f1a0fdc57afe84ccc7;701c2b9b0564154f00676413fa4aad7d3f03b18d44cd7c187036414f076ff4c7;2b9fc6934aaa3a32431cf9c7776938cf890f58309ec48ec099a530f7bb64a7c8;d6784cd4cf6fb9ec23057dde170f904bac83549fe20e4ae1a6b0271a00140fc9;71b6dfbb2e0d0a7e7602f56d5b17dcc5a9d375b335eb10deaeed183df19828c9;af55cb3c7f00e55141f9d04b2cad79b08a3c98023e17844e694616fe03cb34c9;ec62d349840cd6e8e563f42a7b0eed4b8aee5c2188ff5244bcb2f5b68ebcc5c9;53d3c1bbbf1659fec526d223c08dd73342c5bf991d8b0fb12e272f9cba616aca;0adb41f713e48ab1639aa8f76bdb028bb5a53a1a4ed8431cab754f619f2113cc;406d67ffcba0426137be1beca51ede11a542e029e47c9401a855b3b254c148cc;d62a3b93038a7ed6ae589cac9da01bbe363ba25c874bd9063f7cb180d2b476cc;8f5ac4fbc632033bc54575a8e021daaa3476df93abefa6d9eddf583fde9f26cd;8ed3086d8c9c85bd9bf37e24a6ab75df845a77c86e90d9b21c51bb1640236bcf;eda267b50c0e34eb90d508888da5763be899dbc874e6afd793a350849b6b89cf;6ea015851db29985926afec40902a82aadf61d3480d71116e63748deb97b58d0;10fee7ade949164522d49a7982ed577d4e69a9d282d01016e349fe71bb003dd1;3d8dfffe8a1d3aeb4a85d59eadb8b69c160bc992eaf9c9e9e760904f161a5fd2;ddd51ac5b4cc2c7fcf57be21128a753b8003b666b9d3c438c5d693db093b82d3;ca4313856bc704e97cb6ec96699b13e8a6d676c309a8e7f858e492938a53a4d3;a52cb578b8170cff94501e20b5dc1a99aa8099e27622b7e85bf63b598ca8cbd3;61395876d2a758b820249849bde751c9cb9a18060ea70627404563a77ece66d4;88aaa01d4a9cfa8d0b11cc9ed2d9646bac7813c6847dd1d2039705b8468ab3d4;4e4736a1bd06d18c2b5ed3fe11cfbc092af45719022e3ab76e7ac8f6771100d5;966dc43b824eac3fa5ca1ccae55aafece0254e06c116a6c1569e2e4b8e8106d5;41f3ec1982d5a624ac63ed45c37d9907a3706b45239f94d28f08f94e2983d3d5;7ff2ef6e34ce5ae25d07af275fbf59ccf394e2ff9bd0b2af1cb643542c61ead5;7a96e49effa1741304704f99db0e3cdf269a76f4e257d16f2fbdfe7e2eee7ad6;4e249812346bc8bf4152a3ab6f9a2b8dc81706060ef51cfc8595edab6059a1d6;2cd1eec890879f620e97554e559629b7a6c2ec731116af84b51db82b791223d8;1b50cdf0632cdc573e89f5aa382c6055acd668844e03a2f083683535e1ae64d8;be1c6bd1d865e676a2b94aa1b66a82a0e19633aefaf15d975ba53ea01f93a1d8;129c240c4b2220372c703c77b390a353410c9fef699d896297e4cfe55de785d9;4f6159f0f69b2bf1e62bde77407b0fdfcae44faf12aa1db366f7b649a71b88d9;c68ec72a91dbb963b804cdf22b82f5497c990bb8eba3725555b840994afbb8db;59fa653ad62b1edd6440fc6a914537b5a9086048c20f6a6d901f1f451ca7c2db;98153a82e29ee813e573f6ec8e13c2689deafa03ce7fd1f85236d6c581866edc;f72b650e6b73b905a91b210e4da8aa884f7587488adf1653913750587bed66dd;9dc2c23811ffa6524730f8c37159f7413362516df5a572b3e82ee0f8947359de;87173134a49e5eacc672456a5d2c85247e635a956f37baefc246637a0876c5df;08f778c4942e7df9186dbc644b6b6439bed75f035598bfe96a350d76658fecdf;abb9b2060dfcfba60c86784b5266768d2e381b78911b65338c9688be4bba82e2;8cdfcfc8b62132d9c7bcf9a77af7549846f074178a113d2f4f27de5b62c562e3;af5a9c27f28bf59112239f608ebaa0149692999b621966e73a571972dea068e4;773efd8e44b4595e203345553caae80297462ce6765ceddc32913dd5a82882e4;a64928bd91f5e88b17dbdb7a097b728ff435f608c0dedde8974b81c134d4f0e5;bf78826848408d385f3018f14dad2a84f1cb3c2116db18a6fb69747c828a31e6;db7512c9ffb954a550a501abe8669cb713fde7a0c6fe1762027646dc268d6be6;c78aef6e5a9db7b89231d2f9f811f78374ed43ef31d93255aa0feb9bc06fe7e6;9918e2de04f581817eff91d7b19d1589a30837ca6c3f4507e6a9d19bff9648e8;2b70167eabbb42285d059f8e7b2166db82db1fd077a23cd20175e6dc0567c4ec;8edb97acfc823f644b9b2f029eab675aec51c321094ad0533472103b09890bef;e7e7a5891fe9c53f7f1abea8a4ef02e0db17b6d2e8bbcbc749b4ad948e00ceef;830cd8074c6d15b61a715b491ff93dbf3f32a9a95849d501f233056a921829f0;c788cee804c211e1761669e3ce2eb410acc8f2037aefad1406c5c9ff203160f0;df848bab6f2728f0da48cf727847fa49752ea76f59194a116983d9c802e0b9f0;b9f72af061e2073548e0af91517b580e3ec16afa770ca511b45e72b359ee1df1;a2d147613647d79c62f449c305c994bd5aa379c9d31ae56f894c843a8ee4ebf1;ad7e7ff545e25597be9eeb6d281e286534fe838bc1dbac01f439639d52b758f2;d29e42ceab790ce0a80a5da23d4e091c3f1f374a9b35cbf8a9b95ee554fa69f2;c17ac347c55ddbd9085501f713f7432c94dd78f04fdc92845651e65dc11ff7f2;1650068d55e1bd831be3ced6d6e099f9d63152d89dfdc8d87ea5c0686bafd1f4;02f1aff48b96f4a8bf6b140445833e14027788ef13437b66e93a28904f7503f5;d4e76ed1c51fd32c2e3dcf2410010ed39c326fe192984a16c5e8a936c52252f7;7a99ddb34c8d3c739f9b94eb3435367d251296c951bc1c5fb4e2f085e0aaa9f7;e3a9f42d0e1a0fd9097ef1b8ccdabb7725ba0c38f36f4b27a197b21f2b99daf7;2b851c2c874a7f3b616ccd534f06ea16e15cd9f838af7048677fbe17a020e9f9;da411a7eee7ea327de29ecc24a48a0f32d23b37f9d96f7f58e784c1be5f10afa;24c89802bbf499589b65bc4a27ede7120db71bb05190617fc8337d21777276fa;6d68eb9da3d3211709065a7dade974828d1e6378bd85c6740b0da6c0e5610bfb;c1fa6e3489bbbe24c4f6357d6ae737cb71644f9b3de5d34a9eefcc65f10143fd;3f2c1e935962f29b4fe7816c1033f14cce68f29f6f98f09ff5adc63c08493afe
39413,6b1652eaf945f43b8b88a0db4fa1c1682529ecbbc9a308ec571d6abc33587245,false,7bb3fa3032e2a7ca5e13a84d8ee5f32ae05ff270ec817f0e243413943d4e4007;8f6a1e298adfa79894f96c2c5cf62595f7b827b5684f6491fe941f1409903808;d800ebeb04199462443ee034123f63446994362dd31aee72aee0f4c6b1529408;4996b3f36d616a0e173d8770c81285d99cb2c6d6c0fb32caea9219d097806b0a;8b860b98c28a1fa873b5f14ce31937eda62debcf60ecae5e5796f59f93468f0a;3934ec2b66e1f27b8485ad780b4d8288298718e0c413e81f654fdd1ab0cf4f0b;758a13f4b0526949dc31fadde6afcc187c415e6df1d693a428c980aa1206fc0b;d0c050fd4f4133e99078b2040ee80d33bb14b43e07d6c6ed9d899c8abbe6570c;869d7b438fdf1ceab683416166a618b011cb88043fb1c3c985c26361fcf96e0c;a3224999be6f55e4e27e557d6827b732d3236c7601b25f73f55056c2569d6d0d;bee565d81c162ede5880d0025c26feec0d6beb905436e86d59e71f7107e3610e;2e7ad3b837945da8abbfa0ac799ab1233f50ce6efef5432640aa50434002da0e;4e8ca8846117298b8e630f1fa61dc8be14e8a95b2a588dc40492ee79bdea1e0f;0d47dca6099fd0745e12266cc23afc56066ece7aca06a75b862d0b475c35dc0f;459dc93e90d14432cd5ad7d7e2b4b57aee95221119d19c77cb2500beea3ceb0f;3e040bca4920491748d7128ea94e67bf3349976058a287ccc81ecbfd35d4f910;dbc91b459be09caaa47fef94eae42223dc28cc1306f4cad1fafe05d623fb0a11;f88204eb5fe1607a81b56984ed805397330f45511b9e734ba7a7a84c7ab20e14;c1637872eb96a3363a213f5b557acbe8c87a99a1b1a4b4f350e77f74cf725015;0619a969051b482d42e6acb8b523a232e3fb2ddeb7075f15570337eb58627315;dde84bcf8dcd3538168d8c6e84ebfbfa0bc524e32d3f5de12c7048e40a9b4516;fb752966298728b84f3359ed14028dbf498cefbdebbef1f7a105e9b6ec766b16;bbfe638703f36a4c9eb80a9d1ff499ab00ad962b0b7b79901a191f79d769cd03;555089f26d9228ea0e68757af6fbc6b7c9a55cf93d0d067b733b24254cdf0704;4d43a174b11cc24543492871ce678178378a81dc1c49218b377821f0e0f5bd04;c2184504986f12d9c5130d3b31b5ee8fcbd3aedb84e4f76975395bdaf6ee0405;8cc2c309c7d2fbcfc615c447732005c2804d37158a53d461a1dd5312a69bac05;3597f9579fe93f592a6ecd5a5a29cb3daecf80e99a268ed0d944454bbe33f606;29ce6550e865e6a27e007e1d4cfcdb675232e593caa0f56d862c8ea2fd362707;b6c77f8e3077c135262836559ec290987faf010d5e400c1fddbcbbe32aa0b416;655fa43e690a82bd659f28e1cd1e974027e4241735a4877d3c5d9329b75c9118;789357653855ed771bf76276d19bc4f2bff7d514ac5b7affb52ed2cca65add19;2b8a90fb336bc884b5d36e2da9e60b1b42ce80a9d29c63b11c837aa123ab9c1a;0f5f1aaef240a511d1f4c29cf5998c282456cbba5469348ca269deff903b9f1c;9532fe42e5f89d298b54c2baedffbf24cb94e1710dbb2c7a647b46eb7e59981d;2394f10965407c85e0cd94c95446f4e663c3701b94331d5f17d4ec2bf16ac31d;70045947d47a22d822f963128983e3420e10a95351ce28c4b5d91c5a1992e91d;dbb9b3beca1b41c18c2cb7e7995017b1a844c980e9deb095decd33b771f2b81e;595087f4614d7ec6c6cbc206d968c7b1d95fbd056f7308d6ee28a3c97125881f;db1574e4a4cd55e84c88fc92bf622b37e0f6d712316ef9560249e31d1f6ee520;7af5407bb4e124fcdc9de7e0f6f9296be30bff5336c226bd9aa4c8f4e68a8422;0572a31fba37162e4a3472236358a210c6f6e26b39f2dd3e68ee1823062eb922;3100b74e2bc5d2826e0274b6ced632db8b95857687a9f2e5a5dc4c6487170b26;5d58777baaba4ff923d629c0c92e7cdd4f240df173c82e66f90f672fd6bd4726;b0a655add4ac855139aa03463c9f9ba2b01fdac1b3db39462670283e034bef26;deb05054e4d2cc0a511ac80e503cfd360a43f46d33fa17ddb0bc63102ff81728;222890fcd5ffbf969886ab15fb4e01cd8335b8a066cf73eba369ed8f933c2829;a0a35445ded98cb4ce40d102c18cacfffa8cd2581b3876e3e9bdd7afccfb1d2b;113b13aae2a1c0784b6e9756f387881b9eba96c6d446ed393ddb5e4ed1c35c2b;2dc3ee1fbbb2fb26bbbfe708dfc8835bca230cc07738e12cb982069c54b0e42c;1abb691b79cb63d4016022e2495fba008969f92de15aff56cf3da1625215272f;02a126590dd37a859ec3a974d383ce922d816c2d3bf3e843abb18bc3a2b2d32f;106e590f87b92cd760366a6ab47967427274629f595340ba3237a301de3efd2f;f25931a704b9c939d7478260e5d97b8c01471db5a3a9c2c67549ec29ad0d9730;f543008234b88494b1d4255e67068bba76769e7c67194e6b33d3f29a0fd99930;79b064ff61b99e83517d9e60217129d5df1d28fc7d5252a7e265d094931e1631;c46f7a52cae99f1947f11d01cb6d6d5cb415368113acb44526e56f12cf305432;77cae232a7f0fa4cfb62511454823302f0b00f8155dde09c140009e4cde09533;eae0e2e96766a5b7d4bfe5d93876e5e4e5e620f05f438ecb1ee59da5025c8634;62a9d2d5988ff48da7cf1aac0164b14e451d754a619bc467093ca8a8df049e34;da6f23afbdea3cde4d93f2c71c22c9397634ce66fcc10a946cdf7a2a7d14f134;8bb069908873edcf3219c28473977939e99c2b02691e91aebd64c4e4012f0935;3945055c57b2c38f60a37955f643d640176ee72b83eb3a5b8ea064c182f05936;375ef4f5639ef36c691e9927be1e28e39da51ef9128c77434825ca9272686336;7b1eed3a4682154e08bccd6303e6704dbfc1af55682ec976703f9d0b7fe68936;dc607456b15a6ef26d2f567e838cc3883a7cbd769ecf98961c98fdf2fee1e437;bfa24ec4b96e36da7d398bdc1151ef629cdc9008aed994d4af27905ce2d4ed38;c5096414092601e6b91c90eb2562f7fd4249698cb4a5f99c5fc1e1b4c50c5139;a4ea26843b8fe7c8aa7863ffec60560d863b18ea513148428804e95f9608b339;413ca5c2fb6a01067c428d0a9e21070f1f137def41be127b38ad371ea5fa183a;ec0041ef1e32b1dbfa510d6de4714c3f4fe9f87d2a59be202efc85be5ffeca3a;29dfd1a340275111ff72c873c55a9c7afbe7193753b291241609e9d5ce592b3b;6b77d04cf0d0ca25d57cd0c7ba2b39a6d3575c13099568060e154b7aac46293c;2ada4bbdd04079b6b50d4b2773caac7433a7c9b49430c358c5ce568c7e022b3d;2e707bfcb29aaf6e45b28ccfc80e6a8390fbad9c2dc8fdd9c454a356a1c7663e;7933c9e9ad9b007cb63917df8e31d11745d703a640ab0f2aca8a48e58c02673f;10d5b6124be51ca96f0640d60e4b3363cc6d5248a910c62e9db7bc846908fc40;398b7f45f3f48e151c55c004945c14b3ac8bad6f1f2b33cdb458e4f14d97a141;7f8775022c55c89a99911416298dca4d5d3c8af77e74ee1de6905f43c0d45142;7b4a6de4878ed1b3797a73c02301e6297df868bd263a36eb5ef31448e19c9442;691692fc3a88675fa6f025bbf117027fdf85837d0e56a3e00ad26defb62b9942;9185b05115fde363510aae728c1769067646ee95827767cb7ffb9dcf85f7a443;a3c430e4e17888c346791a49d92a72990642f93126f2ef8a4c2757214fbad544;3c6ddc7623189c6a4c26efd068eb82cef75c12a6f1424453ac4a7eff91cdbf45;e100afecebc190368acba8aa8c7ddfbd285cab79bf1b035f719a131685f0e246;33992d7519821a3acd97274eeae10177ace1b9f163b00982609d047c5810c847;f25c74ffc879fb32975ae086309e534ef32d95bb12192b051bdb1bd841afa349;5734af38f9a47eb73704da3d7a117a9aa78340ec40b20f4ed6af4f36d31a564b;f8101873997f92180fe02bfde1ba7798616ac6915fe1e2563ab8718689207f4b;bdc3efe4e803afd4f1cca833077e3460ab4409af96bd45acc4c124f28a99844b;b6e013ad16b6a6cf8df43c38287f638948590e1abc3b767de9d9c4e039c3a64b;2f3575c2f06a96b3360467acfb02efe4dd15205aeeba9cd90f042fe330c1204f;c3f516d30198324e283f945ebb307e7eb8ee249d4f77b0e6387fff84aa615c4f;71525b63fb70a35a892d73cbc979a2e621d710902f4a1a55647f4d105246774f;21b00f49b76a0fa255d88f1d60f7127172b9c40f9211522079c5bd2323ddc44f;2a8bd4b3c40188e647947fa804c2a7d0e27d267600251186ab63b3e622cdc64f;3069dec99f2b19563897c8b4b71a69576b52bde256fcc6779ee32052581eb251;e73d5bdd408e397c22c943f6e8dc5e792fa5730b8d50679d4939112c732ed451;10c7079af7750721d00d08622d3c7d11631828638c4de6bcd45e1d5a6359f751;3e98c06da8216a568ad6656c564b7ae35a326c650da9c96777383e2bd3311a52;6e372b9f5f83eed0c6859c7a4505cabdfbbc714e080d6ff731017a5fdccbe152;baca50356d11b6421f53d49816de581f813a7407c823628f710f7599e3f10354;b8e24ab43e240086978617e9dac5559cacd24c697197ad8c76524ece59b72354;860ea2e180de6edf6bb03004ef1dc025f1e383d61c71b4805123e887ed63ab54;75939e81735d97939e6a49e8f78cc32749baa2cbbc885541b8024ecfde5eb655;64733736f7755e60e986a2ba9cdee7c669a5817aa5450b28e3243c649846b955;0005baac70905d860db626bc5e2acf14f2174afc0a23b1e5e0484893718c8856;d121202ff8913086b664bf90045efcd5e4158c314038308e6e9a75f8719a1357;17eaea2f25109f3ba41c855d1f4e6f412352dd66de41523ec1c7e0c64e1c2357;857864a46a1d0687f758f5278ac247046eccd3c7da621acdd6fa39a852982957;607ca7f2af4cbb9b9f38270441de0c13c5b23248c72d30d9776585a4eeb6a057;0337094e29863a3e0823534e53ab5abf29b78cbabde182de56d8a67c1725c857;1d82c1d2c4d640c2a20c2c2a57eb902cca505e419890ab81a6d387df8b6b4958;4c86b4fd48b90a2d463b91a6d755a512a523b5a139c798695b044330f094c558;38f127b81ca5f3cc639e6c143f65d2cc7463c06aba4ae795b85220ba348ebd59;aff7d0a122d740da90748f4b29b31d77481256571b37c60357f4d50f9eba4a5a;417c325c0247296f7f8a7251ea7f49b7aa77fa73515130d70c934bb7d3beae5b;2b3656dd84c05bf236d809b181e2b50b1ebd21eaed52b8b327ec0d8c73a1e35d;6f802835e92e358b98583a9f64c79b767f0721cb3b6bef5a19c1eed6ff0bc15e;facec8b2ced42df5988e362c6e6f6eafa676fd8eb22c571771eb1651026a8961;ae5714f23b7831901fdee08858313a329bd12b1241f73b54d18e54aaa019da63;116f5796003007049ce2c3a2e43ae7af8236b8562a92c8a2f69d2ff454af2f65;154393561614b5759db85233e1d5f4b319eb651b7ecf57877463de5d52e1ae67;533a348a0d94bd302d62a913815cc0f62e49127f3ff4ba1c30f4f25e0ba5106b;2e64dcf35d19e147e6394783072020b29d984b8922e0ebffdd109aba24790e6d;1254bfccedd398e4408aac0f169d27c7fee524e52144c171e706e1ac925be46f;72b45425ee8dcd1b5ed4c0732ccb478677de87622360bf4384cda8d3b28b3670;36a621199b935f1a1eb840b3d4a9bef304d84476f9e2b2e657f4be8a9089ad71;6a16feee87f138aff73efb2508eb50c71611cd8dc51feb903421386e590ec874;f614e9628acf41f87c7b8daba0f5486f4725651b2b48cfb65cf8d07997bb1b77;35ebd60291466f66c54cb21b4e9bfd2b70c72c778b253c18a9f269267e32ff78;55e8dce38b4b7fc51d3109d82efe45a9f3bcc51285c6f8975ce456afe5619579;b50a9143f4804edc28c797e7d04c59be72960749491cb0cc668e1fe54d526b7b;760ac2ec42e826d1d32d9f401009bbcbb8948f84af6046966e01233f988a197f;40a83c5c9b3398d4abda3c2db2eeb3a3df144d87063f2860c85290da4dafb17f;faab56e1ce5c1a26a9c8189bc4abb393a4c0c55a2d13e455a8f156d87a9eb380;57a8883ce46e7ad35936bcf4ae09f3ae421ed9f7390c14325d57ead741578b82;e200a5f6bb24aec5aa9dca66ffe62d330a735160ac4ef4d531928a3dd9ac5583;ef1361b459d7dc38c9e6ca6c77f37ff8d4d3e23f88746ca5d03e3bb431330285;4c579b190a4c8fdbea941889c710043a8c1cd02f9e0773e1f70cf7fabbf21489;bba1205079301dc2785d3cfb87b05e6dcac79e653b8d9c2a289a7ce839a6f58d;624e2aca7a92bced21e3ec157c9308db76b66f5207f1116932ecf29c71378f8e;d8e079d614143ed5a4242434771f2845de04d334dc919a82135de5959cfec696;9739c1917c81221597a23d83e5f359be0e7165aadf0654c42bd92c0361c57698;396b394442e544881bb8208a1405145d21775e35b065771a14ce56d1dbc6f698;6f0c7b7a7a21aa6ae2a841aa1623460e7299554110f6129b1b0ec8b94d85319a;2718a89c66457505482b77050f856141e2d176f00c07e12d6db50cb5d960bd9a;7606b3dab84504b7a67651bed5afddd6429e796572aa059d8acf9f4c542ac49a;84882069f9a8014f676839d926ed653e2aa1b404d7b5f88348cbe6ac87175e9c;9ae820d976f7d4f52090b5dfbc62e3b96561295031f2ef0297db37ce9307fb9c;3b358b8342fa46efdd1dc4dded0a2d180eab70ea7aba0b8aaa24cb07f95ee99f;afe2d7460517e550cff54cad7ebfdc263066aca7147a837539134cffb13b92a8;ef99173d60bba9828f871ee518eded31449a244480051632e66237a04169b2a9;f571f082ae1e520f3d67693656b1071eec2d77802a725260492e295b3f39c4a9;eb0160690d9294e4585a3e10d8e4fb3cb5932d3483b5946857265e22ce555cad;d75125a1e7f59d14e3b392d07dcfe24b77de489000b24f56042b7cba3f6764ae;ae1a22f277ebdb2f72ee3ce98fe2df4a2a8dddf1210532bd19fe79cac0b7ddb0;676d79be0b3ff9fb98010434d3a0c395a22ee0aac9ec9feb5888f1dfdb650db2;9fa2dd7d7eccb426d9ef276fb886740ddc11527f3bee3c410c41cb422cb1f1b6;da076490b8a698f314d84a2c67737c91e4804b2088aabef92ea38824cfec6fb7;b9f33c992550b9a5b592814ab7959b77d6447e234090f869e4947cf758f86bbb;d0e8bc4add5a2ce6dc7d48b37562c932ab5d85eae918c851e0080d4e25631bbc;576af776ceb34880ffaeb8b418b77bc8d50da09c2d980429968c93209d1b81bd;ef673947ab783017d2abf677b8ebd15f76dc0bb20621b347cefd008f0ca79bbd;a4c5e04520cdf76634dfb9ad42233e39de29a584ae28642e04f37542544560be;03dd8b65786c24d59ce4ac9ea48c65bc95b016d75b3d9125d12cfd3c5074cfc3;19f1512094da1864324522c9f71e3d66b299c6ca3678a9ebdfe1f9975c8108c8;6766ec23e45593eb1509155117ae5721d6b5d1042a4afe6f477f9ebd678260c9;724e6f189c88f717528d5914a529e9efa0d53d1555cc1a03734d184f59fb41cb;a18ad136e1c765bd66631210e1e9583a98d5ee1e7a272bdc42f433c354e36bcb;f7f83b388352489663af5812b6da0ba6e93d4d583e03bb18a46581ccdeb235ce;0830846494124f62e27d6cd716ce56965575493cc61273f95f1a778a7d1869d0;b232b5f55520770bf0675fdd50bed470fdbf7bf65926e0240383734b22f629d3;47468524e875e167c0716c043787162d613baca07b98388da5a14793ad7f2cd4;0b90dbf3eb19021921fb237fa672476182531b7e614216e29e937e33e4192dd6;2d8d0b2642e83c0471245884d5017e039ef79e972868b2d25316cb1d2ef559da;f4bd953e48b52526f0c39a5e1037f17179465abc801f3f909dfcf9701d0866db;2338962f12f73803e6ac3de1df3981489f3f520b32b327159e004b9497ae3fdd;bedf194a3290297582bb91eede3843f8e8d7add39025343109c58ead762e50df;4de04169f769ae464763d9033ac8c4f02adc8eecaad9a834c932814b25537bdf;2b3f91436dbe2d34ca166611fd626bc1f69e8978a7ddc7bce7f3102b328bf8df;f11ce15d7054474a865c4b5ea27936d060dca25151b62ad7e55246e4525d64e0;30e237ece4ea1dc1d624ae8ab6fdac079567b74c1564cbaf1cdebc927e8eb6e4;6d55908700b256a26b3018da755c4bd2a6f76a8fd5054d64a4c62c7f1e8d68e6;ff0f4dbe163d87442904d6d6965f9dd4982ed79f26da698820b2afcd5af249eb;61e066a34854b79dfaef3342edc6b738bd60c1a871eb8200d33ab988fb8d80eb;49d04a44b85102bc22ab23fc66f61114b7cbb63cd0ada752435c96fb2f0682eb;4243c0566309e2c2f36e537f9fdf06268d100847faddb76121eeb8536ab25eee;e291afada54a94e2e69d7ff25dd6c8f68092dcc55bc6d5cd3ebde5d8f721fbf0;ee56a7b0090ac6756ebee63a1db69c3688526a5fc237731f2cfb519d3deeecf1;ff38c8c91bab09603b692e48359e25760f5b307447bb82037990bc48d2dbfff1;4223ec78f12d521d050c111b67c28676eae816c687e638a0eae424b6f77de2f3;f2ee4a04ffd1c24ecf618d8f668411dc1fdc1c6476b3cd48d72409a03d2de6f3;0896a25b64479e990103bcf98bef54426d0dae055fad6eb53daf5314f338edf3;1d87020a2d62d499be7bbddc3c6783fc02509a816540de1afe2149d0b6c40ef7;b2167609a130480eeba0e337d5af1707fad7ca0d706c82a7fffcdd5300be8efa;3280750596bf2452da678229bfb49cc46bccb01801f892f3b3936a9fe47d90fb;995d5dcfa4d0377403ae313045e120bc7a1f791cfca64f96433a470eb3469cfc;890cfa294980344b61fd84a21d9c64ea9352066d946512a892118860e40643ff;0897e1334fe1a39f05f600ab964b2e990f8615a1e626f4428f437c3855d06e5d
39413,ad323eba54497d137047ded663f59cf0cf57a5feb3e3eb158c9d6694c80cbbe3,false,cf57544a9c3ed53c67a2f18b50dc6f13dcdc59a23cc129da4ec7f0e8fb3f3d07;bc9236e70397cf8058262f5c6b6cf6788d848178ef4b4c4913180753fab8b70b;ce56a4dd56e973c065241fc76c6c7debc16dbed98aad778eeca1c5349238860c;affa2c7e061eb9a289fe5b0d6abd61879fb5ba75fcfd8e827d897be3a9774d0e;eed666a876859ca3c0726be077d764bdb9148188e62a70d9c68d7926cdcf8910;49887c7c850028e6554c275cde168c49bf3cc6721c0edbeebdafecf9f1604511;7f770887d0aad16d7e19e883936fa9ce7d637c448d44b467d7d4ee0e4b536612;56078f552b5819c4008b93013713347f893619272f0105f745c0fa8dec1eb614;13947a9ec5bdfed11e92b1e658966f3558933011f735c75a2071aff6b667e202;44ae635a561d9394b5dc8971643e807c2d860655dd40fecb03c15b92b7d3ce03;6ab8e29504ace03b4c903865a65d826d4b50450f3dd4d741aec64f51ec64d403;e99d384c247fe49733f7173c4d45b9fc569bf7faa9655af808b61ea515675704;0a3e27b0938a77edb07b27c5d60b3993a94ea555a38191d888af4c5acb0c3117;9d6b156ee002e277ec421de4dae3e8319069cb9eb0a7b223d8a93d6e8481db18;45e843f53073aca3d248fbb4664e6b73f5b769f4d6fc10e6a673f6bdfec5ec19;16753fd35042b5c2a2b406aa991f8958920e799883cc236a003878263a7e801a;a5660499509715a2921b77e23b7a5ba46d43ede9c2fbc768b6f865935ceb621b;b587feba4c2678f7fb8b751177ef6264ce78098ef0883c2a402350a99b3e631b;c56d95072e158c25857cf900257f1c44768cd22fcd2a2a6d3b592a799f05c01b;54fb0bc7380faedd90d05bb9efd7caf5b667e49a855c759f4024a970e08db01d;d194bcb9a44b44002de5ecdc7559ccf465676cdedc4cea489d8b4dce5148d71e;35dc1f2cccd57c15b4d7a123010fab83f0385612430f8b1d886cf047dfbd941f;ce5261e90fe8d2c7740363aac2e1664e7ce50f18782c36e1a8e72a6da06f5e20;d419ccb83a74d210b813ba50ed1007fda28c27b7e4115758ceb554f5c19beb20;3293020b211d5353889d2bb315746d8821bfcf1e6dac1242017e86a703203222;abc3e8095b6d774a408df663b1621ccdd9b4d60f5e937d9e6fb874a3875d6423;157314c4ed9d182d67b8928e406a3b70acb3117b6adf53e586599aab89e16725;c11c85d08aefc075032a5ca15a37338c202a4d211f6efa1fadf4dd0137b77c25;290278dd931adcc55867d6363cf8b0d185e79e89237d39a61eb1bab0d6821a26;dbb786704e6e89c4c81585080a54ebca5591f70f9e25198eb53879aa2e84ab26;0a6183a7bff4bee3ee6290dc1243ea13b0b3aea98d7ea26df920d37c28fda427;9ee31b9532e5e58bceb7f949c2780606af3735fd260a61ea469330764965fc27;33f804d4c0b073ddafa4c8dc73aa6d9110eb7e6b3809889827f8899b8f2a0528;4b87f1ba56ca2b29d574df4d1712ea0856c6b1e9bfb23eb6d5aae025255d0728;cce28646012f7efa9bc5f30987d304242e6149180e4480de50adbaee8cb0a728;8f5b1c6d9969dcb4291925172d49aaa784815ea86fe8a47a34af0ee559661c29;d0da3e779adef86befc202ea830a841cb07a5da9b4597c19e58e974f3bac8329;2ca9cb3f3928812ffa9a2b4e94d2a7acb57141fcd8adaaf7630f6fb5892c9e2b;8b3750d37d5b8490d64e024059cab0d1195636612a88bcc7e24b0805a5fed12b;7906fbe75de7351be3675399d86d8d6ac3aa774d7c928b17c631f24716332f2c;523876c8d64032118f6d970b9227b4f76c1146ff7cb6cf3d1d3a487bfa8d6b2c;92b982a0032f1b4774fb6d5f8ba6e5a9bd33d7173f47a516c626092b6fab8c2c;0e3330d5c7a2fca0ca5609d30145c7a6fe3da12f9fde7fea68b1c0e9509a642e;5286fe38a3ed49c08b1beedcca12ded901515005ab25df223c201cedc353a92e;5f327c18f72be85ce71e2e71c169943539bf46a12f2b995eb6153dad8b6add2e;12675877adfc67eb45cc40adb1ce46127ea9a528dd318352381d40376e12092f;635540f0c8850de909b114de5d1db89cbca101de7c824c0fa4c72f1ac5d51e2f;851419169eee7f8174f36026053b8787c770a1c624bac80c0abdb705c942b531;b4a933ab5d60a8e684b7857494bf6d7c4ca2c96a4cf4073cd6d16cda8bbf4232;e62d9d19bc9dffa6c74540a5fcdfd788bb258ffff4d5db60e4d48e26d01e8e32;02de7dd0d8cd66b60683554181a22e8d242c2208dd5ae80b82ff7fe991661733;2a0c542da071006f41c18bb5de7d4dc9711df3584326929e8184a37508a61135;1853ecf9b89a411bc1b036bd0eccbd608f7ed455659f42db8dd133c20410f135;553cea432db50a4d06cd3744642fce2394a3c6a40a94656fa7c4f5c358562137;4fbb1583d0f7b5a72cfbdb706453f06e702b06bba7ea09b02926ae7bb853c737;987368609dc6369ec581e327466e062c6053f70908aa5e27220a1f89a91c9f39;7b5b70e44a07f0842427553f4bcbbb3b52e3d154fb61693a129c18891a9cc639;2a3b7916d7939daf71820023701c3733d5a0faeb208f07c49ec7298e1c19d639;fa17d97a92fe17f95207b3dfee5cbb7e182d8967e516cd7ae767b60645a5533a;2376c2a0b2a17ea144f3e1ddbcdf8bd7d0e99abf2e237836fd2fcbdf9d1d7f3a;f9e8466c0fbf3c50827d5dac9d750e17ff381a95da5da504df6f9b545699c93b;2aa67040f0c2944bfeb94e1ff67da0770ea457614cbe87553d90d069f253083c;857d1e65ab43c80243ae7698ab480068bf8aed58f4b6c846242903b5291e8b3d;b887488a14f787eca6386f02aa43a11ea26793017f09c66cd859b4944c7b3f3e;85062e3bf2c290c86c4e0a931b5b8e8830bf38d401ee4779b04bafba71b59a3e;a78f277445fe23150a2e27ca2e4fe243351db8bf6d9cf474326c5e930f44e53f;4fb09c23959f7f0fb8695e9f310fd6ae8ed67ea1610011db1ddf0001e45d4a40;a6f2d8e4ade2260e130830f04b79464676576a64bbbf7c2d3a66c48820f98a40;04ffb0110e11220963707650a7439d82b0a36f42dde6ee9dbb846313e6d68141;302c2b79ce3727f1a0245bb3796b17edb3f1d84d2689976a8f4edd89a6fb6b42;936bf5f2d1d5bb902632bd31db376b56e8167ba03daa0f87ef8808edb61ad145;07eccaabcfa4b9b81fc4f026fc05e9040142eb07a7d55b882e8c2a5d6cb5f045;4b0332ddcd31d5b913c5c8add52603edb686fbd52ea57042e39cf6e48e41ca46;edc6b663d71297380a4ac60fbed1b5236e877441eeb3a1be011df4b9cda27947;cee1223d7e28a1b4373ecb5f8dd00b555cd89b33fe2ab84fafe568f007082948;2162c353be1353b66d24c7200780ab91fb0b838bd1293f5dd957f29b38459d48;eabfcff6537a8a87460256fe4c83aa06fb34cd395ce2941fc83de66ffe4c8d4b;0861963c7e883fe1f5a929c67719d6b7613824231e9a662513d60393b00c6a4c;d143c4f833be2fd91fb8a5b59d2b9b784dbb243c40dc0cf673f0f640f737934d;a0a8a565a247096462e834a50849d962b505538a274fd80cae290e1c1ea4414e;e77bd79d0ac8e836d44738810adc77d30365bdc085631fb7bbeeedc5c8485b4f;ba41c043bce6438c1b3692cfc4d5764ce8cb4de63dcf115c05afbf8846087e50;2a16eedc3bb648f4c8a1f0f2b1bd853f97cfa1b5384b39a29c6e27e0ba38b050;a0c6377f50607635acb83e16009e5cc49d3588570bb335499540f60cc7bcd250;fa30f1c0851c6577bc8f69ca4b0efd2d8d8884306ba8eaa71b5f3c2200a84953;e4a1ad216faa3b57acdc240cf03ee5dea086131eacd1a865463a4278637e5654;5ccf38b2ad2dbc36d166b05f953010bb3caa4212e9b991e728ff27de6cbbee54;66ba92474dfc8d5f61fab063cb7797a36981bb0fd3ca1c7a0137b1c3bf1d4155;6b3845f3c3dd11d2385e5e94912ac3b2b2ec7b5532bd4306af0c018e2302a756;9068c84c0a0781e7f3f23bd6e36efacdb31e6fdbe6cd20bd985c2a399fff3657;f16bd13aa3d7ef9e95c691f1a8f58229a141f69980bea1ee58c867b087ad9157;6972e35fc8c7a35780f653b8122d6874ab085603bce45997c79ec8b556249f57;b9f41d271b12b9f9f87683ec80e8d06bd443502a8d50903b3ce2382a27b80058;a314e75dba67f2e599ced28ca61cadb81324b7a4b0b195ef415dc75d8e7e145a;154a640bb26ecdb2dcae3637742bc8b73ed7c01f06c0f1b497cc746fc3a98a5b;fe839190ff26bc35fb288e4904c659ba7e1720872ee411643e3b1a8cb188895f;5266c9c8efacaaa36e3d57349a0fb7ffe3fedf5a51faaa23e95197c2e9e2e95f;8ec108c305208a77907961712877a1dc446db8bbc20ccacbc4c1c3ce34a52760;14965087ab23fb8ea95a72105ff153a9888a04a1aa1070cddb707a29675dc060;5080f332f6bbae2f60e639b1086de00fd0e43bfca4bfa1594e0a5c067b82c360;915d34518b4e8618eeae1a4a603bd3e0fadd18d09ce29f3bd90e433cf17f7061;e961e4f2075d0160127bf1e2800adf62351a3ef5d783bcd2610655cc401d5162;9b74ac9d80043c5f6e4c2e28467433fac41844f5d7065eb68e265979ae1d1563;71769c16c0de6742698b18acf3be06f08b2b60606f674eaef6c2234329351d63;ddf4425fb1be8895e5eb6a939a4da78d8221f9dfa0d82d8debae784be644c063;0f0c714fc28ad78bb24fde3d2c8a0fd72cce6d0651de3b69e33d4ca23ff5d264;486006d23d74811681da091f7f5d4a3cd72c3c374d5dfe6903967b7c912a2167;f979aa31e4191ffc85d82fd766dbe082c232cd3e274f919484d35e4179383367;d406f3166ab173bf46e700d827fd33d7c48eab6e52c9f3ed72207a18f8a93801;ac38303566cc2ed3b85c83b766166d8465ed168f8d453a733df1987d90599f00;4b410eed2239a5db83d54fabc05912a000821c3e2131870f3315b0e57edb9767;c857901de033a816cc04ec95a8b05741974dad3a7a0b6d76e6dba43bad811368;1392bbe94aa7b26f6d66f71fcb709559282df5b49f5c516936bcc4597a5d9968;4838973446f891ce5a628d1e0d6e77bdfd2c7257e5d8121d34438373e9c0896a;9d6d0c8b9f365ab80f5781a234e5e748e91ed941c047d62ea2a8a744128e3b6b;93648f6d1ce2ff54489bc4cb66b36d7a5cc8c952867209a573fbffe5829ded6b;59c4dee222bb2e6c72c1767488fb1d7be33f214be4e0cfad6b97978620e16b6c;6f8022538936c9bd9c1b45a671aea5a02272ffa717247d89ecc2f0e721e19d6c;22f00f35760fbdd2201960dc7b7b4a89a5068643783755e88bdf23c595f21e73;023707e82a0227778a2dcde1b2a791aceac21e838979ba74b34ab5ddd5894c75;eae3a7631a32637f1845ea109580fc8681d5a2a663b88eb7b0966ceb0aeb6175;bb5480cdcc82573030e47166c21590feffb465a0052eaa823d86840216c8a575;afdf02b44e31b25f6dc478789c63ae54716ef4a458494f8549fc17594a68c176;0426e5dc8dd81ed23b4c96ccb9a737fbaa4db6d1014f8e0c52a5cd42bf0f1078;4c63156b93f56e6e6cb74c3f96b0a23d57f41f63f11a503ba1bfc48efdf9d878;6488bde7ad066e8ef12108a27a1a170e39418a2d7d16c9e9a6baf34825782979;3fe8973dd92b80863d5743c6b4f7ae2075022eea2ced63e59ffc50f66c3f4979;4aafea769cd463eee9364d7ae873b7c8416c5f0072b85f80560147ac78319379;91ceaad1290271660f6001659d606e5d694fcbb03a72982ebe03d059d0cf9479;f9f72e209e2a7f7fec680e6abfbcbacbbc0242e8ec1f2157ebe06f9bb946d980;f13ef779cdb64712bdb3a18da3ccc57a1d659e89b6b0aa4f1513dd58c03e8a83;378d8f924466b5f7ffbc98218af7eb863b03e0a3114955046522a3792ed5b884;de248b316c9a3270fd6bae1336daae7e278fc0d07c1238b90cfb6004248fa289;1e6886e079812194f82a1323eb1cc57956001814035c6006a6440085fd541c8a;e470c9ffe1e62853254ca2ebf87d024c1c42b9448c4042dd0b523079c92c5b8a;46ecc0d7797d49a32ce019d8739c0c2a78bb7b69936c7a96149cf964d0b8378b;688c5bbd154a19003f86dc6bc1469edc14be9fcff63a6d0b5dfe856ebb42568b;736a67fb82495006a60a5cda7d6966960c9030becc47ee42f020d1f8d718b392;dfde2af983de1c5555051573a1a4562a686e84d46d2d1386e35145492667da92;285d22ed147327206f3b3ea83af9de855ff6660c84fa12ea9cfa991d82f7a593;9a8b23f2d876e83ee41451357a00ef54826885aee76707e04669f0364271d997;7644e7845e84f3851a2ee1e290107eade192687c05df22566dba7d69701f8498;b47bd365ec28cb01a6eea0f038e5b1cb1575479b80843cfaa3a3b5e8295ad298;e85b10a3efa9c83fb8ced08decb0125434b3a2ed2030ffa2ba86b2bbaae0bb99;2ee666fc6f0631e584dd1c01eac78bc8263700aebc0b13c6e28c4712125dce99;062f560bff4d71165af308d8cc05bff55103a40d590d17bc435ca8a7194cf59b;69b402b4403be34c27cd36b35c60881fa3d0b20561dd6760c881322aab00219e;786cdef12c3944a6660b7ea1f760bc996755250a92dc58ac92725c68c62bb29e;f1147443f693f4593eb6963771dda7973dcee5e662acea1da0c1d2a83fe4339f;cede3a93de4eb57b1ff6dc1a56709a45bcae2d34d4d8afaf02d711620ad274a0;ddfc8b9209b69ff9790f8229323b6b8f0d999d6ddfb834eda21868818920c4a4;51ba398f0e446109e6ce3c3276a72eeef3c470cbe9a504bc08e96438a0d56ba7;94e310cb3b56b2f291404c6dd93ed0e7cf61ee8332dc5b2e3f28ca9ce03c87aa;a4c50c588d3091a6f3320cb25ec6fa6efcdc611d0fc475039288cc23fe35f4b0;52612d13c36811f907e539e4ef0947e9974aaf4aaec56efb3065ecbae7750ab1;67b8d30820a1c64b38e3c2dad361f23209812bf193773eebfbcb0f6d3221f5b1;d3dafc15d36d3b4cfca474d9447b8af42d0d9bc0694479d0adc798bf876066b4;76fbae0cd490a0814becd02b96678805a000cb03c0faf923eb5772de3680b0b4;10e7387b79bb47c86909a2e904618faf8f9bd5687ad101306a81819d42ab63b7;d6fa12b73a8898b5e7f14dee63f304b548870b2f08d35659641e281c054d76b9;8347a518433aa13481dfd06e2abb55a09057fb391af22dbf326ff149690b09ba;5ef9f1b545beff9849ab131413cf5df2c7936bea28db97b63fbbb55b81b710bd;38e0b69059dfdff1fa20c91c5db4850da9c141584803f6c0f77a292b113b49bd;9c5d6aefab069d25214611df611b86c2ac1d8fd49f309780ae16c22595d0e8bd;5503696186de7825166eba8c8863ab97554f49bfd67d39ed2c1b0f2c4043adbe;5190107f0b9ec876e392fc154a3052edb4eb6f6b6f91de886670faee79a62bbf;dda1a4ad3eb813cb4f9ebe0f1c2b95be8703e3dfa6162ac78c9589cba9005cbf;2b4e6c23643beb8a28212bce978eafd3d0bea443824f4dca3fa10c316ff3e8bf;624caf103f9eacfed9f6059831d1495c4fb0a56365404bac50904d80992fbdc4;d24c26c75c55a745c23825c77b9ced85057864d2d852a97b403575aa3447c7c5;3afb6833f5dcfef081c75e6b25dacd4ddb4f5e10af8cd614a9bfd480ce232ac7;6d0a552452a2633093fa5ccdcefeebe64484255cd6d1838989ead371832604c9;3a9429a266dbdea89bade36ca0971567fe5b67214bb7969c425a2de49cf26aca;beddae3e06feece0b32b055b8b196c4bc6c69f453ceda512d9530b4b30ef74cc;7d58f574e1ac2d28b29da83be6dfa9b2a3e2d60f971c1d6e54787c5366036ed0;2b51283c86b44284bfa6d9b5309765ff533a6a5b26fe593490e5f0dcea0a33d1;c6e1964a8942a82526835a170b71d225832e29547af3460fe2f694447063fed1;82c9fdeb109e069fab779df5a9d8b7dcdf7bf6c27c2bcc4ee06bedfbe92f11d3;2b410dbd50dbd16c606b37bd884a622240b644aeca43034087a92a96062e3bd3;93acc733c2d56613cb07755cd9af43337bb181e9144f5ca6975fb40765aaf5d3;dc49cf75d41ea016702bfeb20a5b00d9b4f06aca9f81ba6ad3e35802dfe457d5;e065293e43a687606b0132a8cee4436cfedc491ac3fc977c6354736b867c85d7;28353e17efcd3acbd308bb7f41690232558f98e437fc681d761189f804dbf1dd;6e6a88327bfe8325fcba779f9fdf1a4a30231611439ce5d08e4e56b5a1221ce1;999d131842e6c3d5f59bfa065ff267426a5bde4cdc74bacb8b557bf2fa4b4ae5;54e9fec3dcc2d84c98327e1e48d5273f6e35ef99016c2274df4f99386b5434e6;1cd11c5595b7b13af535fb4c1cf6bf0c8dc0945316c78d7cb424bd0870f43ee6;fa27548055e237ad6bc4bf4e6338fafcd489ee8d6cd3ad228e1b735ec43c2fe7;176fa74a81c36df3818f452e67ac30af4ffb9f3b3e85e70a441a449d9e2ab9e8;9bebed1ae7ad1bbb24819d5ac73dedb0478a0b26266ac51a4815f5432e89fbe8;b19f4e55c0998ca8ff58627010515a39fe11267828135f498396cf47da55c2eb;0a472d5651066221ba77ca46e1dfd09e0ebccd0726fb92cfe33e8b17bcb37ff0;c428cc7e04a0f4a8849cdbfde00fdcbce6e4f3d17850e0d84238471b9dbca7f3;f7c337c6b2dd799c899860f9b0917516395f96917bcf634d1b3e6aa99e6a18f4;392f148fa6ede6ef31b6b6f77d8aa8d26276892ca1e4ca8cdd9b001d932e6ff9;b64f30be04603705ee479ba0e0609131b47b13874ec4180f4fbe272a5b356afa;903e25a80d4d0cef56f01bd42795ca4a61fa015440e266e730511c0607c9f9fa;e6ab5c0e75dad9155ad34a97d1989d04df8de949fad759f3c7216c328c76fffa;aa22f0676f546d764e68abcdd229ccfe202b6e6b8df13d58fda56833ba350cfb;4e88b3e1f24724ab2bc2d6072a40d904e5419637a8ca61b733e65e12c6a0c6fc
39413,ba3550086490f89da3c894d0ba6a84ec23e08771501c1c87f62e0b53c34741a4,true,
39724,2f5959e182723f03aa6321d2d2d32c965d5b3d6f273018f24eb0c9de0693a7c9,true,
39724,6e97a007559ad2d139592149d6de696bc934eec243c0f4f820aca0ac7ad5f365,false,ee34d2c58a93782bcd1011fb983efe237a9df271dda203595e1a0d61423cb828;20421c75c5bc75034c8dc3f864291fb29e241dcc4ef92730b79e5da8f10e0001;30a07bdbf5ced5e6178ff17e536a3b6bec43030197ef2baac47420576c2eb648
39724,827ad8b453acc6a6628d57918a0d8074bc265d5b783b807f445db3b4d5d86268,false,6e97a007559ad2d139592149d6de696bc934eec243c0f4f820aca0ac7ad5f365
40034,3b457b2f8639b1db8f14a23243f326f6c93383b175238f7586341682db5df39c,false,dcd801b105ca33af18f785353fc301510d0234bd282577b2a4f9646af369c8b3
40034,4f865fa72f125c965d614868c14a0b3683975eb1098fefc6fbd3d457c107efa5,true,
40034,92f034f515e1eba78eb745de1da4d8536908b14ad076370175d47eefe143ac6e,false,8001c8d512690abf1afe9e74b77ae578b06c8c71d21370e2fd725da2b229e30d;82bf4e08059435e31a80083dc152d272f94f937165b4a4850e881e03eaa0b65d;f3b0602ac6dd505fa8a6598c3f0eced91f11b50b03156f2268fe3a0f4c6ef742;309a0d48f2f9e1e34f8b1f0a6bc98280c4e5b0cd0264730a1903dc30a56b280d;a47da770ca64114e1a3b789e5908bea0b157ef014fbae4ab41256129a8857308;2ed093a21788245a60f2e5d8bb8e9e67696c273cbd6459b0a71884dce0003895;1b11c16f020268a58dfd0fe5cb034069b0272bdf05a58097663e6b5403370ca3;c8db85214e3c9d0288de09a8dcb13c04579522f2d838be77558d9eb5d137062b;88b6cde8284cadfd57cbbaa6fc11e5b6c88236e01f56fbcf0af2d60f3b9c2304
40300,3b0260683033dc2096811be04d3d44de9ccacd92a02605ba8259313d2958dd2b,false,7e065fbabe6ca5d875f574db94e86407ccc2619c3e047a75a4794ada0afea014
40300,422877c8953993b12be67d4efcfeaa91d4f5516720eb656cc020270595f2c7bf,false,e4bbd60fa76ad0892d61f275277b9c295ad8d52a21b1089c32ad0e2a95bba90a
40300,d04d03f3e9783c78c6ca69611374824ee1d856b49028a46c52924d5a9e756c3c,true,
40300,ece50d468b52d6c5f920208eb82802c6e5491fc846d7f3c35b355bce26e055b9,false,422877c8953993b12be67d4efcfeaa91d4f5516720eb656cc020270595f2c7bf
40464,08d579b1e063540c05f7efe4b20b54c1a33006d61bab8b1c33ba99e274c87be1,true,
40464,8ee1ed4a807df75f1eaa9268aee90685dc6f6a1e9e9458e6b90f57c6e9872420,false,e2ce296ebaa1a26202575cb3ac3faa5e4b113d3571c18c8e1882f75e3705fe13
40464,af282309768f751d20f1daed013563b1a002c31a13e1956644f24a341dad6df9,false,d31b3a747cc28a43a1046f306a67e64c0825c11da9ca744fffe4cafbf8ce0306;d12ed61946925b5383b26f7f816c5aac797a1be912d0b48863d6bf3ed8181198;cd71b0c247cfa777748c84d5376ad6a4a19e7802793dfd27c4d5834aa4393299
40815,1d31d7dc139b0fdd6dee80bf2ee478a7a73ab33ce3f201631236b27dd0c9aca0,false,b25799d1862aa0d0c582129c534b8b086ecab28168587ebaa4d5b9ae5c1b52df
40815,9aada3b25d2ab1b103d22313da85658e7100f6a0562076d5456357afadd11085,true,
40815,b25799d1862aa0d0c582129c534b8b086ecab28168587ebaa4d5b9ae5c1b52df,false,8f8c6c2bb21de4e0b61ef62866bb46d979699eef4ae5342a41486a39ad43ca63
40858,44551e99fadaf799551df97b4096cdb33521d6b1f037a851ee9854d91d7450de,false,41fdee3dc310b7d472eb9f8028eabf35000a1ab8bc47a625a4dc1e9458ddab24
40858,47d33d440140ce298bd893afb8dc77ed742a55541d62bf2bb68a345ad9b9f898,false,ae21b06bf1560bcbb817bec7a32528d9f8884b5e3d02d68c6f0ac78a267afda9
40858,515062aa80d79a49bf85f586119163f05ee0b824c74bb25dce5be407b0e56747,false,616e75d7b59820597ee1ae684867fe36642f44a7471dc152eace52cb3696861d;352ab4a1f25a64ad2ea35fd8970f7d291cd31ae84c465d63c6ccf4f0e2a15820;17d2e9dbe5866e5a4be3cb17590c937f47d850243660c95ae5328b7437e65822;b41c5e0751d96d6549871313239090d74fdeefcb2521b72be6f27eb63f8d432f;a4ee55d5773125da6259d9c796087873aefdd9e7be67773d9255c6cc9b948a2f;f7b99e3a002c766c28db4c4250d6f98a991ff48bdfef1d8a5c776368eda5273d;8e34e7d3192a2536a9a5e2d2b54c8ad7e7b3d620c3ab98f43ca15e8cf7bfd579;73ec936bbd0cc79c8b5c022062bbe6b6e6a3fd5e4681283c7f66dfe9543bf591;6bf305b1d8c7194dc13f5553e85024a3f958fd77fb332b8c13c3f7bc0359779f;edf47e9394ebc685f6eb7f1470623d19901d0e32c06399dd93895a9c256760e1
40858,ae21b06bf1560bcbb817bec7a32528d9f8884b5e3d02d68c6f0ac78a267afda9,false,8513c13ad08de3c17c5130c49bfee2508f389ed9597f565e76fa70ecacff4930;795801ed8fc6c2f77b354f649f741dfeb803da1a401220473d5e807b00aa3dcd;7ca7d3b88b1f157d57d4bdda4df411d28fd2509fac72597e00ba584b7179fa9a;ff8fb7569a0da160b7f11230f7e2efa4252092bc73d858930c45513cb47182db
40858,c3f45d1de5a03b5df79257db69fd6d9dbc934347006db9440531bcf6fc252f1f,true,
41875,239776d96427bd9e741ddb9af6169ccd175a950c04704d7d251cd4d47b41b5cf,false,8d986a005a94b6a60d8b0ca82fe83334e5e29248fe384641d83d3c2d27aaed7d;6f9be69a18c8d9b3fd830507ab35d1857efd82f2906f3d0968c8f74fa3751b47;e3ea4d3168dfea2c41f6030a2c56037f0cffda261e04b5a1cf3f0c54a4624cef;c3741521b657a4c8f76eb0426a551ec832b7bfbd638652157bf6bdbbfb211a17;737c167fbd3758a097d4d02e394cbe66eb4ae8f0b24f719336b1b8bdf5bb861d;1cd2b20a3e2fb8b39b0de0ad4a7cf9d04a058c0dfd462b82e72f2ab1d8d918e6;5977d3e4d671b9c461a6368e2a8671f042fb81a572d0f3aca4c1881184bed918;c351d5e78ca6c0994a9629a93fede813490dbf4545e95f75b5c58adffab3ae44;a19b97831ac89cd45a03511d1c7edd0bf68aac850457582976e1b2d86a30d6a9;bfffb41380e3399301e7bce0459470b2cc2a5b08d8af8fd5121a369fa2f3ae9a;e1b3eeb8e37d16548d71c0e3c54ea38d161146493df07157a03ba2de48e2897d
41875,b7afa0d7a151f7b14eace1025924ee2ed56c27be602c3114d1616cdbdd2e825e,false,059766413cee4f8c5231890dcaa3d626fb9835040cb27d73af07c37983fe4105;57bd1617d442e4e3746f14822dedf345e2e142b0163fc32c76054fb9d19e8407;a2b18696ca565e55dabb4243ac16ccd0b6bdf5f5a52fa110467642ecca374f0c;80d4356441951855afd52a5b3292101f22cf9c0a33df61f50a4c503961a4b001;13bef2a6713671b5b198be89d7c95a480ca0fae80fc0102f94a9492ba9514b03;95ac69d1514c5cfcb689c6ddebb4b427a2291212a5c228263d8f1835f1457f04;d8bd74197dd3bb0dfd058c105c5c74b5159b5b6258d612430ec1f407a5b87f18;3eb4a9a5a4909422f6ea30c89026785b8d962d040475328b9275079950388321;6c430a1ef5a2fa073ec32c4102f967650acf80304657a98bdbda58a5c0fc3d22;a1b8f3327b1467ffbfc4e25e729aaad5822fe6bf8af2a4d1a06b6b03700da523;227c961158bb8b07daee4c43641d5c28c61e3a31b626957af3255336ef05dc2b;f00d8cc46c5cbdce23624c383c1801963646096f59382f25a55b6bd568b71b3c;8aba0e232ddac24865812a3eb4114dce5405e3e68696a20265edbae2d5cde23d;83de2553494b66f61b4ab5dd17b03fb370f3534818a854bb8f57264dfe614b44;7a25c13f6e6ae3bb91a4a44963c431d1087aef376866ff901201dae960384547;e3d154633f330539427140687fce707c6682da1387abedc74ef456d287bea848;9fb9c15379f58a77fa73ab03d01ad0368da9b89a0551f0187a1f79a9d30e4f49;fb8c95c757e29d548119b46618484e2d817648911be3005c37a2ca15664e624c;14160b4a986bd737f6639d4982ab8144d83303c3e6def7a4ac406e9071a80d58;b0c245c7f2d58d8318679811365ef80195d0c0bcbca52938bd33029e4c0e646a;171908d43b99593dad960be97a4bca3934e18b28336a2f1fca6ce32e052f1172;a1f80a70b3596d99820fc71a5a4312fb5ef815730e7abbffce25b6494a1f568a;5baba813740612ff3df24c977ce5eae15dd8d66bbfe9736c4891770df4591c8b;eee73007a21f8e30ccd3cb8de4f8e69fecbc527ffff71f406ab0a38db262178c;940661dd484619f930359670f63cfd6e6ec778c68e342a202347df578ac4de8c;415dc430391146777d7e03aa44a98a3daae3508806d94848a3850458e9152d90;839c87511e3d84bc18686a733702ee9124deeae2871586ea530d995482a1ac90;10b3f670feb8bcf09db527a952a59bb8582b7807d48c8c51131b2995c7e24d97;68a29cc2d7bade7e0cbd476a6107a22e3523a6bef145ccdd536bf7812ab92298;e205972b9f7ce87bf2e45e09d9a19ff587b07b59016cffd9b32fa1f8552a1ca5;72d052e39b1ab46a83af1a162b1b9ad9100255463517d3183cde8b3e20d000a9;5509a7ccfe9079390af69b21e3b146618620b46ffcda92f2bc646ed3421333ac;fb5c17786e0862143409a23ecd2d2995c7f436b71ef0783e061df2d3aeb55caf;4cd96caced3e5aef9ab5cf89e8f1556eebec9fb47fe9ac18e7c2bf17303889af;3fbc175acf79b42dbef98a5ed3c68135e9d9cabfc6503b12b8a4f5d474bc1db8;b79a7639423664ff250bafa15bd57440e4e213b7de6dcd55597fe50309d012bf;bf049b4c2920e5bf0bc242195d63a7b029298d19309b6c32e7dcdd58a3deebc0;cc3216d364364e2ef27f9e0350e377bfa8f3aa674e9f010e9ef7c6fc4e7710c5;fa3ab2d20e4215e0b7638397d08006a704283f47f9ddcbe57d8d91214698e9ce;e70e5b3bb2119e783d25ca976c7556c88d8b8a37899013ac78e9743bb2ebc5dc;8340ab65f11970209bed072646ce0ad158ecacf177b9286c14713d97e24280dd;e6b128eaf7e9b34420e612e94dbc0d7051b966d3a32f8e5a3462d182a12afddd;c933fa3b6c694a310e4352d313760a99d149c81c9aa304affc76312e8f5a9be2;e39741ec9dadcf6fe939504bd72e35bd3af014bd8bec5d38a8e2397b35cbd8e3;0c576ef3877cc4e865941adc97befa0a0f8a1773c9f783dbc2ae12fb82170ee4;407a5b921f135d96c324ce1e702f900c72991ce04857c859de7e5a5251e567e5;e8b76b160e463216f076e1a4b46a674885220eb7b14c281592eca9eff1a6c4e5;848e8b04b5de8a3a76e59086e895308bb27560c85db989c596004e977bace3ec;b8c90cf95ff9815125dd4374a6dc9d82eedab42b62092697db33dbd0fc5695ee;b0bd73f86dffbf9d8dfe8d1795017714da7b4ec1cd5231d3099e061916cb7dfc
41875,f4a249d4e28b8ce7c9d4949c27569c759134a53feaa3ee5ff26658ff3308c82d,true,
41943,6635a60382ad493ea4ee940412bb9e3b69eb13eb0c09fe219e248e4697184fca,false,79e8844cee7e3d9307cafa39ec734f246db96e64e27fb1cbe0a77e2b95dd7f94;fa26e8f27aeb7f54056f5839e1afda9bb3edb985939c7d0f8a665a2e5a4a46d5;a7794a6911b61245f26f840a4d35979851ff945f7f83c23078c2759801356077;286d8819814e53494e68bfc3c580344785eb9330dc3a3c11716eda55ee489027;48c23e13fbbc9fb8268e08edaa5dca8a4230a1e1acf137b5550eb37807a39001;ff7975688ef7e5107f43dba136e3031c2d8f32e74e71f1ca82d32eacdc773977;2b480fa7ad7eeff0858ccc650e8ef967f16e272436b00509dfe283cb43bd9c87;925f1425b82dc861f911a6b6dad3b516966d13f987a2bf99727414be1229d0b8;3af3f8c8c9f4f6d336b85b607f0ad566a34727345baef32f38350003f509d5a8;b7fcd12555da9376b2ef4ccd99601973c96d95e4eeead85fd46cd5719704c504;2a3e377f076f0a11dea075cdcab9fa5fb4992cc2fbfb83f3b3489048ac5419ee;23acbc62be2b3c9c0a0aaec84abc241aeab8d9b62fc4470cf5a9c05cce0b77cc;1a178fafc4f429c796cecee20bd7fb43c6433e303f06365cdb9c80bee9af5edd;431b5f0af9e78c3c910847dd173bee20c51a720d921cbf9fb12c868f0203e202;e14b7428635d2cd21c87eed60d5f3de681eb5f644c5e407df3318ee31966665b;af23bda125436c9938465f6453ad0aca3794b2b8cb8b3e93d6ba87b0afa8b72c;b3a23c544acbd24613825332799b96d0b8ff8d22a56e99092a36c6ef8cc5ed9c;50d217a3df45308d06657db96bb38fbfc273901ac007562c45bf9e3241d6e2ec;48a946a3c71a58008ff6c3085b4775d23350d6b075e625644418b1a00f126020;fb931216a9affdccc59e0cdc0b5d7891d9de3f3aa3847062071069a93a03b02b;e2e3fa05e7dd202a48b3940b41219e3d921eec7c3799ebcab495c8eb65f9c67e;600b792461f0075691633b78c5aa4ff1489840aaeffe00a8eae3172470a48a82;4a0c4d614ef7d59c6d0760ab59654e0f091709443da27bc4cf42c15e80804491;0d7b904cc10f7844f43748af4afab35d8d75157f29f725c2a3a54f93bd469432
41943,d6281c534f96454ca26efddd5cb271d068d7ee635c8a7f943a94e1219367d539,true,
41943,f1f8a67f1787b0c2b62ad035df93b64b32d3cd9604452cc92f0bdc1141cb64af,false,1e8049d5a534bc5727be901c18cfeb014bd91d41a650a3119759e1abe71e015a
42644,0dd6c4368ad8252d3c7122c342ad5ac64d7e1fa72a00a85840e0d9df9ad3071c,true,
42644,2301efcfcad5724c5f21ff30c672a20726424a212a96827b8c4c817f41d3dac4,false,0667c44b8804eece89c9599284c0f65fd2ded1b29753380f70485ae423151181;2b0c55c289103931306787e90d925f678231400166bfef0227dd40bf2b22273b;0fd6c1b1cb01292d6ccc442f32ba5eb166ea3299593836d877de9dfe88831558;82fadd4cf0b8af49d9c57e29b031c54f87c22210b9b544f69a5274d7d27d1d59;485283f645b5ae074bae5921acc4cd4cb73f8098933966978318075fee305505;95a6717436dff3b83ffaeaa17f237fe49b617f726fe501f3327af21bf973c207;cdc7ae8743a59c48b33845cf86f395707b0bc4d260441d0c4472a78fcec0df11;f720679ea53e597fc2b1099b2d9e1094676a29a680210a63f582d040e05ddb12;c2f8b5fa4296d7c637fb2788ef0566d79f44e62432e479220e1cc8370388075b;2245afd30e2c98aa18720cb207943766a92a2bf4e9f20b4b9ec5032672fce96b;3db403920c1eb397061b8de05826b9615770bcd5233f637b21956fb06a609c88;37aa3711a60dbde85d9a49f0ec23b26280f7ce7f78b2da037bc42f1c7c1a2898;5e94be8a8b84d3f6dc69c2f9046e6711e93a857b8de5bce7933f2f1f11038bcc;4bef79753f7665e47497ffa70956f11845f8caf79b3d8c61dbe1bedfdc78d83f
42644,4bef79753f7665e47497ffa70956f11845f8caf79b3d8c61dbe1bedfdc78d83f,false,0066629b4b01ba7b57b5dc079b2ffdac94759da0e57199aad50271f60d975223
43026,52093f1f0c88f21966817bc6593fcf3e2cb0c314099182807057e7057ebfb2f7,false,578b82ccf2c8d7473e5e6aa5aa238f3c6c817da0658f413f6577925ed8311f0c;d4fe81305205cddab25c412414f65b85a64498240232530fd0a75412cd203a0c;bc93383a02ff2356828383c77ffa17a368766c892db437ac3d21aadce4b1e00c;e642c35d20c8e59231e97ecfcaedae1e87542fb243c67c7d6c9f07e629b30005;0e2b130b68efc7bed354d49b02433462a9900eb167b73f04c5eb6b49b264fd0a;cb57a3dfc6331ffaa133b722ff65ab02dc726ee580a8236978a50a1383f6bd13;31d0381a230ef3c092fac8dd415cb0e02cf4f4546b03de7b086f5c976023f114;d875f9898d893a46af1b2f207ceda4ee0152dbd03ef8e4398122150b2499a515;5e2509883dabf009c9162a5379be63e0f8f3fa04800c078ea8a4d2bfb6a7a817;a3129cb4531fef749099c37fa81165e08ec5fc2446c2795cb6f258dcc5f14322;14879349ec76ccff078bcb7fb794325ad094fba0875620a1f4d8efcd93aa1a1c;3c37ed703fe7e7faec84cc955a13e76c0fcda37b02ec9c1e48c30f1c9754291c;e5179c49dd79e73e42fa50161c8c3fd123566538f425f1eb295703dbd5731d20;f4a249d4e28b8ce7c9d4949c27569c759134a53feaa3ee5ff26658ff3308c82d;abf4e71d52caeb593b54d0e6f91e2d719b55f4083c4c6c87aa17e600e7702a2f;c2c9f59e09e7fde4a0d09070900a76196457ce894db48648390318266303bd2f;536069fd313708a1870a2574cecc4907eb16453c2c819db7b96c2de9424fdd2f;83ecd426394af767e7361184c7079358d24ce27333a1b23c2c4c8bb27e9f3c30;f5485bcd86b16a4bb77c20702694ed8a75c4cf7e2b19235ea3367f6a92017030;e6ade61a87af49c2a33f62b9e365fa73fa3282888469d9f851dbde8596f13d36;26a73d91b4fc9cbdb48f1302176e5984e5338fd00775908173ed710b2bdb2a37;e9612385a4498529f73e42261a0d51000578b0d1519bae7f9b8478c251c53d3c;12595adaaed8214daa0f5541a78f7a646bc1b08e27eb0cf2cb1bb24a826ac742;d39f584845cdf1126bdfd8364dbd4e62b1162bb29988bce509fd1f7484bdb243;9b664348a2287f0ae4c880f96c3dd802a476764aaa13a5300d1c525d716b3e46;e4cc43a264bb0a36afd83e9eb8122b1bede11fca8f47dc244b617919cfa96849;edde645969c80d59d21e4b98f085df9485b839f7b03eb73f028fa2df09759f52;f8ad0f273ff8410efdcbb9d15396b6f0756ebfa9508543c9dff26a2518c1a254;ca485d7d88cd8f82730c1530f272edf95e140d66b29f0c3adb37a9bee81a6255;0e7e286dab44d43e727fd4b4ade19928204bfaa00cbf2e217c8ea22b14b6905b;ae688ec68e471716280a2e005f1fcf1fb99cad98fdf4ffcb72f1a666600a295c;c461e2b6f46640eb0e289e9d0be6d637b67e07313261e54c72df657ef1ad5067;16e8845a9d56aee2381b7b30db22a964bb536708fc718c429db429b315433f6d;e071a82ca13e13a89ef4666d173461147cef89b896c4cf9a840790ec60b51c77;3c14a527c3d32763c236c93ebabbf83a206946f4203d8309b238eb9a1a4c4e79;9c5cbc676bd6a5c3134ff63c10ac69a563db1d1bfc91403fe8fe5b2e1dbd7a7d;cd7f0a92ad6918142fa9dee162ea715bed11db12070353f258d2ef4236269880;26dea36c969efd328379396be0000a8ba44d9029b3b8a85ae00b37386cb21182;8d8e188c6aaf99a778fa3a21ffe0d95599cd7a283506512c1d6bde4ac0a3fc85;04041036ff8ad2d32a9f27011fd6bd44736e5a0a3f22b407dd429a5b03be3487;86b526e7c138f5d7b2b62679c8c2397d507bc7c63f91a0f1f0612e2847a12b88;dd77a45fecf88659610e2ae4abd31e41bd4ff29d0f74d3018327072429700689;3261b29f60ddf23c98736dae0d523dfc97e009982a59eae37a5e05366106f989;e517c10e79fef876046cde1e1bc52b13c226c66342dfdf552b0ca4f0309c1d8a;943bbf50d36f2a6e2415f92118cc0300cce3f2ccb7aa1fa434dff15ed86b718e;fdf5c8c30c0918041f97ef7538754a8062698ae2b4d981c9b976d3a5c0c78d90;61d9b8eb5270926471bab95721e4e0c6c5d61f01b7da25c8ab5f845cd1ecc091;535e4fe45059ea7e613dde9f3ddd1a7077828a0813419e361a6e2741dbf61493;f3e30590a7d49821a673d8eaa9cf6b5ec9ed327c279b4076ed69d6b57edbb093;93d9e131c856061a11adc1054eaaf7502d147eb9e754fde82745677998c19396;396456db3cc01c94d35ec67ffe4789319158f22f3dc0ae7b0f45f33968824697;fa1456efd898dad5bfdfb0be66fc1124e6066b8842e96db929ff674aaed4a898;7024a1017e620f7a4f850649520690fb7bb5761ed4e0127fcd3ff40537742599;814362c3d6b4954c5043cc5a441c9f2f98f14fd03660dda5f8450e6e78a94d99;d7be7f8cd4fcfcd1bcb0270bb50938a940802edd236d9568a4f916d41774fc99;8eb870ef86b5846483e733fd4703f81f3ff8d49f5e5152ba4af4f3d5bf36cb9a;364b9481d1dadb847e2e7d6181af20d9b6d1fec05005a4630baef24a25b89f9c;79efcd20e28be40a0c14c1a711c76f8d54159909811cdb0516d1c0d93988519e;5bef899518684ac5f37e82ca43fa9f9875f42ebf8a633de0c9019b35e914139f;bf42cab97e1b6c1d5e82e61d7279132c1075d622cad5dfc8366f7b9f3e81c8a1;f7898aefec8b4e15b3aba92b47a2244682747eeeae80fdce3f1aaf72733faba2;f26a6d880d2605da8e5320fa5c281ea9863d8202257b073e58b426a2a15a82a5;0bede5b71cfe97c14c950963b72b2144b01c67dae464a7303cbfdc84e575d8ad;1ad947649cd3ecb75770c72a01aeca7977dadef2ef7f8fa5ce73c3529486ceb1;2e41c6d95bb9c350d93a86e9535b7ce89030c10b2dafee4c11c7dba0b3fbd9b2;f583d20905a740692e061d308e47979889bd4f0b50d9ba481e9f938b77185ab5;b408dc09273f8be93859ff4802efb3c173e07ec6de37ee548071efc077de16b6;ef67214207214e4f37a941f057774d482a33966625a21c6096804afe01a460b6;0f902f8eac8a6dcdbce4f986646e4f9ad7286b5d073febd923546853700748be;dc9c37d53e5b64696771e07e6eb7c93501f8df216a7d0446bbbdfaeadd0474be;cfc0481cfbb5104236516a9cdbff8db80137db9b04b4df71c010b6086e6713bf;29f4abb4fc8717f5242d271f45dce08ba40593216d72e486a6f151873c2effbf;93508c1d7b41108de98956f1986357f97f347468cd3e50bfc94ad4d9a57773c2;4df7a8286919f569b9e380b2659f95ff669e1085f11df0701f35c7eaa92076c7;77c308d32dcd635135578db39e273c0e46ea6f1bd7db1a11139a99be79befacc;bbb83183132c79da1c2acb4b04c39bff4e1bb9b153c16f6022d51388c99ec9cb;3f8dd6c32fb85ab25e11ac87d294c48d862f19630a4ea2ce82069cd55c9098d1;054bbab42de06b0897f18b11a4b51ceb737729048e47c2e96dc4850082e487d5;95e4c1e55f0708cd47bd162e420f1e8241ce299d5279543eae325f24df1ec8d6;ac46341ab1dd0757e2cb5bbe23fd7d99c119acfb2d891153b001d8a5b0d954d9;c9ec4983847316f5f8b2b6d5c4d44f98df81ad3527687b71728c22e0652665d9;9b8b10a9e4789fbd287df538b9d233e8f2665bcf4a288e4ec5d5cce1f8e2dcd9;dd70646bfa13e55f67394542eaa67e2f799ecfe47d60fd3ce578680cc5ca65da;f13d59feebb90675367fd865a5490eef860da16dcda017c311c69e7c424206dc;c9d36161ccc87b29d1e5ab73a6c0c215ac436c2adce4c3dcb739d9a6fa0230e1;170e0bd693b6cc452c3b75f109be8a778e51f5cae3e366b36857b5de6588afe1;1df12c75dc1785ff7862965d558872768d0811fd7ccf9afc8c1ba57aa729d8e3;ab9695d44bb2ddc0b6d68dc68b9ea2ba6e4006b3ce3a1ad9e8101fef365755e8;28074149e58037391021835b4e85cd9751fea7be9084b6db9d41e46e08c607ec;ac157845ca6bd017df87a9b1876c872da96a50f1ac604c035fa0c9854b5e33ec;4c7bce52805e0968d4ee0855e501d96377954e116114d5c43f553c4ad8bb9bec;dd53d063f3a89152534157adeb622818447e5e049e4f314a9eec5cd5fb590dee;8a99c80e03c11591910c7bcdbf8bdd8a82e39cfe86e2c910b34175470f5e27ee;7f578c86f75f2ae91c71627531b590620c0183fc401a84d16de16711ea8bc1ee;371a474d87cb17a6a22efff9125a451773856656b5e06ebaf3e4a00b74430ef1;ae46c288e8bfeeefe8e19285fe00cc58acbfbe93cf8a7ca839f7d2a1cc9b29f2;098b29ade59220e1cc13b10a48f7050145f604c7208c99f37effa73e07e642f9;9d0bfbb7fab191bca87c933ed4003a4401af080eb5de83b5a96dfe1ea236aaf9;c5f6a336339e8740ce46e89e6b2e87fba8ce5184686980da2c39deb4594515fb;baa50771cf022e1eed25df3a0cafce8dd9428dbb6cb16d9d2787a49beefa22fc;8cff37cc27a02b3a7f34ee9068c08c6f1c7d0338f69836657408719b9db459fd;3f23374363fbd91ace5196d4d9f92be587e287b37d096b5c58f5d684b1e0b9fe;c6d2039a08dbcd083d0f4fb27e6b7104eb48486e83a8c55b911669ac9583c3fe;965128991303869a4d735138976972748c0aa5759df8c26d9aa2198975312aa9
43026,965128991303869a4d735138976972748c0aa5759df8c26d9aa2198975312aa9,false,0172f42c54f043ba9b189a235d91496e9e2cfb905370943027798a432ddce80f
43026,dce903de34c16a1da97427707471c7ce550be42f084aa0e549d6ee966c3d3959,true,
43281,b06e5cfb3a9410f5131d19c8523179ed3381fe1fc36d319ab5eed6a53dcf0306,false,494cbb29f490946b366bd08c86d3bba69c059794f2fb1108891f70f48f20c61c;9bda2a9d296b1a79c3bea16e0613dafeca9e4f623364d7b1ce7f4dcf52981c35;c044968e38cab6c2254d69d5d3324b0d6a0be3cc2dc66ef72b8b70d26026ded7;d834d68d32b6716e17ea19bb3e008eda120947771194d92ace7e1570147a9cb1
43281,c245fbe39c8a64b9671386ca262c9f3a9b9e20edbeb6b6c8a55b5d9d29abdbd3,false,2f8b5657d9736a3e98c7aa368e284794a26fee40d796861eb4a1da61ed93ccbc;9747261850819913dd20720e9b6ed35a189f000265e2dfae473cd8c444ee5843
43281,c4629283ee635a43090d229cf750b5dc6342c7ad0c15860c15fdfbac48552790,true,
44007,2ead27a610299e97525f71d7c8c306f785f9e59cf580ddec05ce3322463ae3eb,false,43ba10cf81dbea355c3aa1feb1fd6d93b9792ef75c3f2e001669b2b6dbfb5358
44007,7ebbad3e62a07f45271a3b701d21ac4536e6a39bd1af02dc5a83dbbb111e843f,true,
44007,ee477959d5cc1b88292fafae0fe01d1fb0d6327e97b3d28b97f1faba1863b46e,false,c97a9ffe5993ba34448f43a68c957b65b015eabeb87131b4f77e228254b12f0a
44007,f2dbee88da7d7979e3a925d515e6936fad59a40c037075c87862e2dea79af5e7,false,8725554380438ff21ddac3acecb3d38193ee16a31dd9bcbcd744c8ecbefe600c
44264,030966d83b9def6ab36b606cdfd335562c0f64c089aba872b3f14b8888f3e4fb,true,
44264,084b91126fe0e609d83f103df66ea98a66da46bdbb31bda1546d7d6545092b0c,false,7d882057f88402eec78f58e8173c53bdeb11dc4da0ec58ab2525f92b8e1fa00c;a913ede7dd4a279f0f9eb424409f0c554b3445b6d04a17ecd02b74bf1ebf7614;8ad6bfeb1cf6d80752cf07ac4595306e7e1446ce84b57500c887f98b87a48115;927c6c08a5685d0f72879f21e6d94b4f31ce630d1833f67b05897c78240b43b3;0a3279a7a3cb8628d8c00b16aa6eca004e20628944fcb505adaf806431e52aa3;1189cdadf4a59786c49196db8152e1e941ae645f06985db59fd383cc7e99c0ad;5f833cd7326c7707ddca4a9c57f6916db0f1fdf9961969314e214b5ab370b12a;4cb5007a69ce8096fe15f9f6c1330c3b1e49d33e33e5f75a17b5af2baadb9a38;c67bd7d20004126b052fda56637d6baacca408ddc56b0ecaaa8d388b763d3245;3fbf5b900d74ae7b0625019f864088028d68c1030849ff54691fe8bcc29fd3f7;1251157ff0b48b613d0a534262a80ea0e3f45218395a532c368883aa241b50c6;b9e3b5745b1641aace3bcffed376d553d7a4403eeff5dd8f0a7e443ee4cc917b;34bb97347b12515fb5268c86253fb00e792c891063b5f633738029019f20d5d6;7ebbad3e62a07f45271a3b701d21ac4536e6a39bd1af02dc5a83dbbb111e843f;dac3eedb9b4e1ff69330b99a78942275927de1523bf85ea09472116d472d535d;bc331c7334765d04ee96361c095a53e66ab79ac8677c15742236496a50edbca1;ca277b0c03bdcf9e309e49f8d107dcddac3a7fd529b7291d907f81ea5750d640;37923d568b7986b03b51f282345ddf0080cd40217311d770f6dd05108a4f2707;7b9c5c3dfc1ad4c82d22235a4923ce903b1d439b7053d0402034d1c6f3878f5c;d8af8a22f0fa06b9e6b31028fa266c7848e3ebfa3870fe35775d1ad2054a3176;3e5ff9a0930029d8674e7ca46ed6e1a01879260d37cdc4b4974f2e44d7a3cf51;cd94da250b745ee56b550d3d57111db527bde04612fcf998f5fd735338e1f4b8;d94d1d40d9521f20da8d06c2036881972da392ed494215fa73eab84a9dab242f;edaf078ef66e30f05eb933760c2bd2ae813ef670e4a14557e00224e80c525215;3665e32831b7b64eec8c676eb135a0f51e5985c21dbeedf4fc64b506615cba99;1bbcaded4ce5e2e10de74f992d00e06585735e2d5d54003faedd41e631991919;39b7ddc37c432ba3a0c781b8228c17c7927b0bb131a5ed1f2132b8d618bfb3be;15f3df0ada3095fbb67094ac8eb08c1cba83a47109df82ac9f7af24dd4cd7af1;11290515d246f4a55482fe1b194d390bcc50e55ac35f48d519b6d849e2226f0c;61a7b6cae65a066fa2a4a1d4a3dadc7366c553bcf20f9682d8402d26c723ce04;ba78076d33bd89e29fb983b66e60c9cca5b302fe6a62b5c9e7c5e13c1ad86378;2a9562d4dce93789cfc8e27ba406ded6df23274a9667f915d9de42b679a5eb97;2f82adabce54ce4102d80a511ccf6fe77a6fc6b75cad1a8cf506e0821ce48726;d7fb437c9e8a40a97dfbf33a8b6bc4f483e26ad53499c797d004964b08e08653;ad5fe5e5d49c830a1499908e3c0386a336dcd1684c0822ff24fe4ff0df171bb2;b339fc83bcd17a36068d96d871462956b91678a43f51842cf6875efe25363ebb
44264,5d1548cd362511e543c00f77e8d48c0fb20d0765c1412965f574de84969a953e,false,d39fa06d28979d15ecd670490504e721bfd9bdd59dce7d6f531883fbdbf66601;64af29396f1f449c6af7bace13eff17e3e5eeb11afb88670d06f42f45df06b02;2cb08011af6b8c5dea6b71cb3aceb6cf2f48f7c30355058c4b78e16ae52acd07;c04210c0d46b9173cb58f5a33370c30f0f49c77dcd87570b33c759bad8fa260b;c9d9d150d8b0a11264dd67b266b3141e4b5e39ee95da01655fc1b9ffb0cecc0e;8d54f9caa4bc7e45100044795b2ba11fbba026410264df0440b36bc2e23a310f;4b31845d108f95de723d8a47b4e9919655b13c3b4ef4b95d4adcf399f4478410;662bdd809a627bba4e0458c44f472b6006fd32e9a5cfa6e7b82be6ab985c0912;d100edb8ef78b4941d7dc415583dbcdfb27ba34e63fc832a3a8ea5ad023b1d1a;dcc3506172a34cdc5150160e9f43ffcf8571b13bd1092c2e9c0ffe98e2a1561d;480a6dc9965d63e7fbd74aaa28967f1a366bc4fb77e6c29d0ee404a45f58231f;ace25ae39223330c0664cea94304ef775276f068365903a644f5be58d53c6825;30dab1bc850450d8174aa569dfcca00dd58825c02bc0d7e91d467d09d14fd226;79dfe83dbf642f0eff640dd136ed3c66ba32855235696f22797441a1e9a4882a;aa197dfb15b0e2153355d6390b8d5c3986fed3118b18e484ec57aa76b8b37735;ef9e7b7a8583bc889f96cbb822f1f8dbf05d640cec63a3a92463f2f8a19a9738;c19b2081b345c9cc1e3b9db20830028055cbb22c8e2d36c6cdef07a1031deb3b;0b8f107ca82b5a762a16e37b358c86fcdec7c20d4c08ea84e63cbb0934d28b42;0a16f5cd400e3c8e2f8880f23a7ae49c66ccd0ebfb384a3f00d0ec5cba844f46;fe968a9137c2eabcbc72a81a87446b7eaa28d8c5069253a4eed575938360114e;909c68364fb2f012dbe51161407e3b1aaa009da53066b96354fea62f8875c94f;32fc1ab0078e8787f422e5cbc842ec10867f24d926375d0f7567cec5be502450;02eac30605ee58ebba712c458b0435568c9876d976d9489ca46ea9e4730bd352;e948d80f7dafdb6a7e4920202942b6ff23ddb16a70335b60aac5d361f4b31a53;13e1feca02de3f9a9dbacd36979cb45bf64b4f6967e5787dc03df063d544437c;b186fbb791ca7d000151d1e428af0a70346cd3da8707d34b74cb786bc33c9060;c01b67b7250dc0962a946077dd1d11adfccc4c5e48fcaaa4be8be426eebb4261;b299f3060057a78290144fdc2371e053a422e717bcdb6a9322b30ebb7f037861;4e7f602d3ad4edea531d15329b6766a8a34e322ebc72d8959b3e922ee7a76d68;7bd4cde273d7610e432641c5f3c7dd76fab53936614a9cf8870a43a458bcd173;20e5be1d6abf10460d461310e0e64b74aa626f10a34e7ee8a03c67e1f182438e;fc71a41a2624c062bc93ed2fd1c5a2cf4a31c4652ec37dad2aba7bc2a60fd58f;e1f701a76c74d2f2061a1755274f70fb3ec201b908e64c80d5960f8bf12f4eb2;a83a88272ea288d795fb86084e88d3456b13338068b3bbe87813282e6355c2b2;f59cb7a3a65953bb61b12f8fb1fff79cfbee9a5e060baa1144fbe36124425eb8;3c4a12304677b9225910741adf3ed9c4cbbe884da3817a5309491d1cb1ee809f;342a543dfa300758a08cee922dc914f8ba97cf5160d5efdee61a860bd9043ea1;1d83da30e74c508da627418dca422cd2112542833a7968bb6a0d5b0cd3f883bf;770969b9e1980b4a3c8175879a4437e61a1b216a69ddf603617a10fa5133edc0;f352201250b1c0dde04d98736d7932c9be112eb7719574b94dcea491945dd9c3;3214dbe50651f29a0b5efdfa69a751f3937984a356d16cb71c80d251689967c5;9bfdf7994d4893454cca5d97f3903711d1378faa3ea9e583b9ad71cfc9ce68c5;a69657594acfadf0eebd41a3b9e50f2c7bad669420bb21a60bfe7745fe37b5e1;9f2bf806f0dcbb720cc1dabfdefba6a59387f1a9af14956b5b16e691f6977ee9;5617559cb6bf6f157637dff5a788dad483506df3ff64986dec74a8bc5778e5ef;70fb7fbd82df0b9941571f2ca028ab0fcd4df37a6dc588e9d786360a3b50abf4;e02966f3fa3d3b99b966939aecb1799e5d0f6d64a684d2d934626bf903d2bcf9;084b91126fe0e609d83f103df66ea98a66da46bdbb31bda1546d7d6545092b0c
44734,998417dd90867ee66286e342692357af03ca083d79b89c97a9448f9d61359bbc,true,
44734,9b3a82b182b324f679c1e7335c158b44edb91fdc0bd7ab310f93920afa0c733a,false,2a78741295704d0655288c8a06415250ed65221f0d0d9bbeef67f9d98ce1afc7
44734,b19d1d08b5d186e3c1390aeb8d0341fb39cc2ccd4c90a1757f09d6fe756465d8,false,3e9022c0ff15cf6db49eeea822962cb643f8a7dfe40726a23a2df58576a0e76c;f882d06ac4dee6d6ff03e771aacceca310c7e234372bec6d8296de2bbcd6719a;8269cb45cb1e1c8b41f0af823d0ee907dc51c717c85afc111c32d3295d03a69c;a263f7e7772fc41652243c27db361d8c7cc037caad35973819fe79758e3f5e1e;7ebc318490f90dba7c1ec4069f1ed20ba66abc2c45e553ce41f6a08313d02e10;fdba22c95cb3da2c08d9b4a881db1865975f2498f1d681320482dffb3f934cee;c5f892b46d438fb557b730bcb56bb2a944d7291d98fa770773671e0a25a4001d
44734,c5f892b46d438fb557b730bcb56bb2a944d7291d98fa770773671e0a25a4001d,false,001124a5bd5e243c0264f635da3691b9001b51ac60254ae4059471f017ab7c2a
45332,5a5c3b999bceeb2e95b3cd07987904cc3837cc54c7ca137f21cf3ed4e29bcd11,false,3c0f281e51ad32a8969e918316ad3dafe7df41e2236b2be344ba223c013ce72b
45332,5ec05c765ae4e0f48c4cbb78e0b083405deb17a637308844f43fe438118c0e75,false,5a5c3b999bceeb2e95b3cd07987904cc3837cc54c7ca137f21cf3ed4e29bcd11
45332,72675d504145d0b332d4f4f077aba754737f1df2ae8633c507bcf785f977697b,true,
45800,32df8ec0f0bb22a8d8337c0a9026e552806ed2084ce0aad885d549dba8c7646f,false,b2c18be2140bcc2af900b096d755e835157cf3582dc072153faa4748924689b4
45800,556edeb8415df20296f4c055bd0499f9d03b70ad106c8bf1a40eee7e0abe3f4f,true,
45800,b2c18be2140bcc2af900b096d755e835157cf3582dc072153faa4748924689b4,false,1368fa9760464687b5f31b95873e44aee1a43109169fd9b4d5c34fba2566760c
45829,5e439be3aab3965afe790956f77c8d986e2fc79aad8efa08cb7f07be2bfbb927,true,
45829,82879a4efc84f4fc29b8fe8a2dbb7f4b4d81fee159f944984dd830b3343435f2,false,6c3c05fa18302a32dce91275ce5e95a1f1a79e6a0f464030ffb24eba0b7330cf
45829,a9421835035f88425588f0e1ab3b288d2620272739754c2f037e81bfbb90710e,false,32a3554733005bd9b4077ab42c224920e0a49cb37e7cd83c7cc1ce59c1e2756a;b2c18be2140bcc2af900b096d755e835157cf3582dc072153faa4748924689b4
46121,60fafe414f5ea50c3e0661fb9a1919b019265a175bb5fe0f03e480ba27f13c98,false,7aeeb4b317058957f52d1c310f3ecb312c74326e92dbb8da7850bfb9d147112a;681ecb69cc4a01151edb1627f77a3a5a2765da292bd541e6c72f81a13d7c0d35;fa4224518989cf13b84bfa654cd1e88c36b876a7e17585bf6e81e2336942163e;d6b058b14f75682d1ffec91345c86704d56ca7f9b19359ce35c724ffd574f24d;be97dc4a36df09b41bad6a3bff81b08b39b3d2a1cbd420425b511c60d826264e;02575275eda676ab84b90e62c310bd29dee1e89858cd8bfb548f2e0283bf6259;72675d504145d0b332d4f4f077aba754737f1df2ae8633c507bcf785f977697b;0ac364775cd6ad4d3cc7c06703a03d7f11a455bce93b82a1db7f797e793375a0;a55947a75e5d68d9b4d809442a8411aa2640de7ecf685f11bcb53b54f78d30a5;c9b1e846b42da2baa01211074c604c467d99f3bb785ee6f721e2b60ec5c6bebb;a74c17acb95c14c25349fd4860d8f739c175511f2cbf4a6168a71423a5f4c6d5;d461795078ae157dcf84d75b761b5b9a609932f9b56c0114b8c86b0fc910bed9;ac4423184c32d6d57724377c76202f890d48446413ac06988b2821038d6626e0;e16d92c220be3c8e0b421fae4469613554f12dca36b2e53011e15a010e4636e6;62085483e19ce74472654b4ee63620ef23f8f34f34db5ac72547ca68e56a96f4
46121,ef498ae0355b804a29a11101fbffb7cdc4cfa363d719c6da52d2e24e92fe9116,true,
46121,f00b68c8afd64de2c2582b57e337f3981537e1536716d238a2c18d0241e1d642,false,3b97e02ed5f6dec9ee4715cff6bf3410dea0bcad373a0a3d104ff49b46ee0c11;e18c85ab3d65e27b8ca137663db1b0dfc32bd8ba077033b3338b4727b28ecc14;340372a12856614c43d6b77d17841d396fa4a4611426b5a5c65a886eaa99f417;329ad0e79a0200d78d6cef49c6b71e421f8cba71c0b5d914eab10961cf50f225;64f0818de04419953ad6f05b5fcfe248feab9c2fc43f3d99ff6ea4c0e99d732d;5d9acab8000b59e7f43796c17bbeae887b1d6f7306ee885675cd66af2ec2b546;9b70e62d9ce6ea0d63d1cb5067c62934616ad390ec778eee146f1d36016ac94b;9568ae9a543a7e5d8fd98305324d409d15c98c823ea1627be79f8307a4f15752;efaf5d89a6e76e9cce80289221960c5fc6314f1e6f92b9256cfae7a78ec54f64;3fc4605e3a499500c07474d7584975c361f080c8a17fdc87f0c763fa5b232e74;f749c85bd9b41b1a1714370201ac265b945d9476b0940176d87d72f9c38b2d83;9456cf1c0ecd0ab45e473a317e4fd8dae981f9c9548f79d4f73632c8b99f768b;6c2ddc88c4dd19e313af0f01bfd2d7cbbe48307dc158cdaa2bf044d7ffdb1fb4;11f00422826bb14a7b1d68f50afcb3316e16ceb9d3db1a84434a771219d159d2;1c55b7c5ce16d5728abd8b6cca6c64e034e1707504c33007ee121c6a07d8ced5;ce8d3e1bb8889863e35e047757cb2ac7ef076e9034491c9c7dbc8d1d572087da;011f81a22d6ad15ac8f562515993660cbe2b3e69b64541833a32be8b0238dedd;80a1b4d3d1b9c91819892dad538d389ca145d5345ff4ab38c2a6fb0084404fdf;102e8087f6dae7c9606afba431f0a939ae0883dcce9d12ad040ed083bf65bae1;e6c61ac0272a08ebcc11f248130cf5a9e40e73145a7b44f2f70640d6e7d8a7fe
46179,3588f4bc243647c8eb5a029e6dd1db70930d86751373bc35a40df022f240f984,false,765983e6d9e35c6033378683213f4b94888a2bfe3f14c7a8fef3918fd48609b5
46179,765983e6d9e35c6033378683213f4b94888a2bfe3f14c7a8fef3918fd48609b5,false,f00b68c8afd64de2c2582b57e337f3981537e1536716d238a2c18d0241e1d642
46179,933c33c6078274eeb648e79a365a3ba859e0f32b70c7a096693f649828157e03,false,c75d6c8afbd59cee685a4a7c73f94ca2be12b8086bc1ee51661c245b4f73c5f2;c3821bd85a211d8cc076f1487393ef1d345cc38ac8d13b9e0910b7a1a4c2beed;3588f4bc243647c8eb5a029e6dd1db70930d86751373bc35a40df022f240f984
46179,c75d6c8afbd59cee685a4a7c73f94ca2be12b8086bc1ee51661c245b4f73c5f2,false,a23a57752559f59d505a142f53e8dec67f5d2a705605d8f2593bfab22def568c;d67d62b862afb0569a8a399afcba7c0392cf8c4ca64dd69744b11f7ee22d8fdc
46179,cb0e647fb23b2ce4a2752a9fc05af80c2db83c5a23cbf9aa236be394a296528f,true,
46241,21de23ccd78a05c3045ed00a10e5f8c85661db9e274b6880877b340fcbf51d7a,true,
46241,da4eae105f03e5f67ffa14066b0b20f6dffc7c4b5c8fb86cc1a1c58c3016061f,false,dc1b436bc350322621ded571413654e12b4cbc8a60313bee5b7fc673be47cb96
46241,fa59d554ad0a18241980ede2e2fd86dbd43192eb5b931a60150e31b77549b363,false,0bc9d6fcc5310a6bc6b4dd2709e670ced473b92bcebe07d0a3772607601b5a3e
46469,5d4a64f471ec9b3fc84f5228f6b9a1b6663b6b1da264377b5c134b62f1451e6a,false,8fed1449b59b1d7bd4635625a6f0c13c10581e28acc5076357b81027806c8caf;f6d68f61444eee8e6cd32a6b55cc2d75faa30a4ff773d8e69eac11ec1fae74f3
46469,b9499e18647e2a2f9207e6d4fece3afee1d63c1c9b9ebbab7246d65eef8bf7e9,true,
46469,f6d68f61444eee8e6cd32a6b55cc2d75faa30a4ff773d8e69eac11ec1fae74f3,false,b1205ba8c2e95cc2b885c04bfe51739a50cc11d30af2b8c6098eb342d23c5011;8b2b104e4aa8934005dc1b2db591cadcff89ce928c44678a198202581242d16f;bccbeffada4f8eac5f35f0c346ec53651e7f652835e59b8d8e8f6d805427dece;f7bca8f2400bf6b502e42e5e9936298ffa8484f75692fe2a4f49ae3a421d57f6;6de5893a1fd813e84fda6d02ec262b4344ec6db17c56016983a98215edae8c87;cadf4ea2043bb84c341c3b90717b4f9ea28fe6ac7f07d7862925110a1985717e;ee5d7193a3e98d49ccadc80c5a1b7d6e1422a254c1612fb3c75d5d3a156d0274;ed52df2d4c38f3d5cc973422cd8b9c761eecbb7099af4428969dada11269385c;e9022a8459e18b64094216010bef1702a1e70b523c36850c060116f335d091c9;179c8fe5a7195dfc7e721ec05747e76546141bb98994c7d2dcb96251be0496e5
46559,5a9e2d301cd7d08b1a920d262d4b0ea4e3fd0a4b4e28c8e104470f031d79f787,false,b59c95921a3b1520d055bbf29ccdbef50fca34666b777cd4883826a5a51eeb1a
46559,70e208b60ef5156b5f48d64999115195412b3fec607065099effc17a44af8902,true,
46559,c945e8e02aaccb74f0a12fac98ffeb57d9e3f235d1819df28705690e1d01312f,false,926bab104e385e4ad5d2ba2bcb99ae8602490caa901811e81af145cdc4d2a774
46859,23f3a607c7e207418f32c29f21ddf07daa4850fb813fc2cedbc6e844024bf7bf,false,352bfcbfb9e4f86599a67efb90c947fd8e387c38a87cc8f4b2c0d5b7aec1ffc8;ada4ecc0114ec43bd5a1558ef6c7f2474ae162d7e8860870b2b5cf5da29ae045
46859,352bfcbfb9e4f86599a67efb90c947fd8e387c38a87cc8f4b2c0d5b7aec1ffc8,false,07ddf00b9f3b7f5e21a1b56fefc3b1846f387e5683a04ed16a3fa2125ac165d2
46859,39a7cf8a69891b86fabdc779b1e21d7c97522efd2954d7f26632dc0d4ff767df,false,48018feba93dd91550834a7a8376f9a8ae8daa6859299c82c6ee15fa455dab14;ae03e34d4313c4314383ebc2141dfacb25e2f74f8f46ad1959172d0a29d34a91;352bfcbfb9e4f86599a67efb90c947fd8e387c38a87cc8f4b2c0d5b7aec1ffc8;f9b80040ea874e4f5853c5bd1e6f95644ec515cb9a38bc00abdf3f21f5f0cebd;b6b52bf53cfb788703dd0b56bc95d5d9ecea2b8e3c6de6b0e5211e8931fd6d7f;bce309247ad8db203d89065197cd40fe97c64ac4f1d7175799e6cb22cb0fd069;30a7f6e2a8838f6e2ff1e4ee8597d058bb60ca1da5e21000b33675bc494bfcc9
46859,5ad3a156c052c8681484a3b9cf036e577ccdfbacc417c52460756c8adf3dcbfc,true,
46863,09088143ab46b7c0b5b2ff7733840001ca52fb279afe6ddc88f8e93872ba1eb3,false,450959272faf1e11b7aece873cae4784e6e8f9373bf3e6e29fc1bff524ad659a
46863,b2db214cb7e3379c3a864e2550312288c5afb12b9d02e8a91da92eefad063001,true,
46863,cce00bf8b04da19d7f13167c03fbd67ffb66f46795a60b3f372a4724c49db48f,false,e005533c0c2a4b3455349ad8aedc508f6474e80a5694da697f103b10c430a9ff;7871b58e8ee6445870d5c7a5032519146861cc11f5bae766f271f8f3d45d5d92
47038,1889d93598a0736ed8cacde7834c3cab17797c433b4845f09f330cfa83f52a6a,false,e02e0a7c4e7437eb7c4455acd138634e007bdf80a4283d07afc5f08537f8dc7d
47038,38fca7c2238ed615f6da46e7664c79f192bdce59990fed533e8adf8806ecb3a0,true,
47038,e364be49287204d1ce238dc182c9d13e906314e7527a076759eafc544085ff13,false,16282763dd4b999ecac8d52fb793aae70c8438e4613f597be85ae6226bd595ef
47062,2c92df1382f13ee3ee38c2a18cf10404c96298c0f33524c74a1bd7e872d11856,true,
47062,9c3bb48bb064524cdd02b15e319d21a9c5b82ab9e817a2939ee6e6c4514c6b99,false,02deae00a7a14aea14aa263fb48fae5947dd3d4b36c3008f9d73bc35515b4403;86efd4d59ffbb87cc2de81228cdc9106a7778b3f8d7e8bfca0ac95b038b85a07;9e7242f34017237d48198e3e4078a36a3b2823c2f5c467ff3569a35618e3c008;c2ae358b8b10b30658c3a75549b99af46eaab887b4f4185f82b653153526f9dc;6875a3c721d6419c7df3f30cadd925f292402035208ca72f45504cc52bc7f30a;4bc40485391323ec33b7099bf549bde223899da121119cb2b7df044636ffdf0f;e4e7f842d671d22a874b6a564a1ed8edfc094c55ee3d78cf8a0bb8bf57bc8211;06cf05218dcd317e164b3706b6d6498b1dd15104f1daf329b89f3dca9a64f113;d5d0722d35dbfd18cb8f4701e2a799375fe60664c2fb2343d2d154b72c862015;c6f1072ce9c91f42730fa81a7d2ab7be04e653c3770622147c0c1010153b7b1b;1c736d21952ded527b3d4a8596676c9544352d6626a0f364375e8b8b125a231f;0434068ee8aea7c696438ee6d64fd02e4cef422c04a42c431ae7a3675e8be926;22f435f0e33169d297576da5443b2ee95d1064e108275a3a319dee1f46e61628;4d8847406ee89210ea6e8b3c2beef6872ea85996fa69c1c5f48facf14423ba2b;8e761dddf7038f1e3d483407170bf170bb03b3a5b80bb517e6d939c90d70412c;12a470ae8c14073961d3fb29e2a1b6e674ac1ff81df7edba61f55bb3aff9632f;8fbefdd7c3c1ca400d3876529249fec1f76667be91317dcc63646cda82f63f37;9592641d2185f1a8b0c9875d3915cbe1544b727f83f74cbb96d465a2e2d2fe39;e2f54113ca9cffbdb81dac46245bd1251cf85d85b2e0805731dc52629c92603a;60925c87821a4933d27f4f6557209cb35fde54775aeaa9c84c37eee80db2983e;5fae74bab3ac86af699ae3d90ad9c6d3e2c87debd636fa7818aae97bf9c03246;054cd9630b594b964c09117bdab02a433cfc2dcec7a1747e943af766b4d43047;0acfde8ee3968f138a8595a73e233b3e9949963d6f68347ce3438b268644a750;315128f01da60b163a0514a80ef143e45af11026082096f8f196afe7439adf51;8df75daaf101e93f28b7a09475c2281e69c8cb783c2d0e631f2184a3cd319955;cfc73d71cc7c04b6a21dab113eeaf070bea5c69deae76ab63ce9d395b5328156;5b029ea4d6df0089a58377e1f1992617c2dd410e22ba5f4738822dd9926a9256;54beadce2b7a2fff9f8ceeca065a04bf0649bbb7819fa479068238a62c759c56;e27c332cc28635352ac345bd563f1fa59d4dded5ca59ddbc9313c84bda579c5d;47fc7e1eefb7ee9bfa61fd65f806481468d491b055fad65d2f83ffea0bbc915e;80ffcbfa8225c50b2405d071b9993c32368c2c789f0a9e8afd082969664ec467;e34d524f28787cdf3ff8e9ad39f8fe409b883488bbce7e9c77af931fd76d7868;7c1c8e966e0f921fc704d1da962ae5e3b601a88d47353103b12241b610f9bf69;70bbf0df4b2af3164ec893ad816316a058d405ae1725dde30346a17a75466c74;3da03513de3149b1c172d99a5993ab3be11731e527170ebaefc80f4ecd910978;77167414a0ef419721451c3c9fffe63913cb6883730d2cbbbd5c9e7b9883a27e;a545cb3fcac432df210c5a57a593e2ab669749ba6986f403ca16ead2fe41cf8b;0b6ae8019b480add91335b86eb90d4d07aafeb8f155b786642869e609f6b04ae;d528f5b2f882082b628e1635ac5726af0fbc566e28b14c7b0d171d7889c576b0;8f3cc6634900950b5f37fda9d9a7ec30dd93c8591464d10a18e4759e70797ab0;21a25de47752cf34202e47c77a80d9f55376b8b65f59505eb35c8e3de057fbb2;32ed3e40ab9ea8735e46252e93a80af4fe475bbfba87c7ea54af1fa2b0d82cb4;d6ad32763ac1c4ebb14640c2ccadded3eaaf04fd8fe30620b2d7f92c71b186b9;206e35e795cf78711785187d0f05c49007b9db379bc5da22e5a673a1a14345bb;fba18c00bd5654907305404def7cb65ab08973871cad884229ace6d2b71398bd;e9cb0be4de85ca2d4ef66a6d06141c3470724785edfe7a5d8d13663b7ba87cbe;2e636644239826c6598af7147dd8e207bd23392b19f446732cb38b47300ed0c0;0108a0d3b1f01a2448f5a1ed3b1b29176e25179aa466ff4c06fd0ebed246dfc2;b3ce5b811eacd843a6c4cc30aa67a0a927591230d1193b0f8fcbae96a6744ec4;36d15092b20255c11a8ebaca8db0beeb974bbfb0af416aa9b36de0b152f0ff8c;1bcc547792c2ceb0b34aa937e5cbfe2af2806f6c3d7ab7c64624694f6ad67096;b92f1eec3ac647c7990409a6db82dc3a55608384296456cb8b7b83b9bf117397;5e36ad3eec24450d014edf6cd631ce705fcf9fda408f756b229a22c928d9e498;86d875ae23e01c6378391f52653f2a88a4b2f557c7563f40ebe30c49244c16a4;9d907bfca1ba72f0acd118bc12e105fd9331ebf2773d20837c55e35ab01091a5;0f980d6332b226160e912d0d8255c297004d2a3332c7aad518294b6523e69aa7;5909bd642a577f164eabbb1970aa2d39d2b6acc4110b3191aa56881fc1cf93aa;c2842986461f8688d068de4e3b87d952723984affcd3c38ce45b1d9e904fb5ab;2b75d7bd53706d2d1b5754469367d3269d722c8191fb78e776f526bd03e6e8ac;50764d7f23a64d17a6e58a397d6aa199f28b70a25c30bb1bbe54cc527ddf60c7;3b9c0c80d0ea80e499f4802bf438bf3bf9f6b2ab18769f3c96ec93c1ca1698ca;aea0508e76330d29db7de0d4d7a7f620a7553aa8be183ac104af34602714f5cd;54fc748a9ea1eef07519738d3d71f81351045a89b5554718a5dae38c046811d0;1cb131f71e874cf7b979aaed1a8006d4d1ce29e426fe70cd407020eb9936d8d6;05759d0304fb5a660fc09a3ee508bc2ebd151bb1d6fb46471490ad92700e7fd7;f390f3e436f4427bfaa5696430a17d9f9f826df13da0b8eaf8858ec7606fa8da;a1efc4f6d550b80f7c3a4a239b68144172fe78637bab8527a9e9c8812e1245db;0474309111e509060952cf27562a6c911461b403adb3d950013cd431c8438bde;74e46a2d4b0264fbd9b4240eafb9f20492a491bca4cf4f539987709fc41d36e1;7461b498e7d2abf2d6634a31ca6192d3ed4a5741dea185f07a2b1c5a534448e1;1629ad7bfc5bcb58b4d6d81fcefb3be83f414469c2210c429ba5631cce28e7e2;c149c8972225729056b7ea8c65016d8f779848bb2411d6f0f59ef8f10d9a5de4;8b66772564b58b39dd32bb15f5df845edd54a179408684891dda1fdc0b9ee6e6;ce369a023ffb4f5c675b453729f10c27a2e903f28c3601c6d00bd04d18e063e9;efe000f299b290be9b70dbb4afacf2638897dd8597d99f54ab8a8e2fae2e22ea;8420cf6136236b1a7d5d77e4392ad76d6c329f18e9fb8c2df17731358b7695ea;b0434d7b24d103338ae1c9aa554516337e367ba4763860a685bd4f79e3a41beb;e417f4cf7e2527008cc37e07eeee5d17837ea077d1c0ee0946ff6850ed3b48ec;08a46933f420f663ecaef545bdfd606e3ad4e3b751401e23e2b337fc7b46faed;ec426b1ba0d4b1b5bcc218b9640c5fc35fcc1cd9c8f785582b70fd5c529a27ef;4d5eadc4e830762e92dcb0670d200c4b9627a3804bd1ef128406aab8fdd9aeef;482d7d11407e883ed0121ca4c53106e340d1cd76150b70b8092eb5475e31bcf2;dc1784646dca1329f1ea360deeb0bc937751a1140ff36aec638d5a8a287f4bf6;f97579cc90c9a920984a15f6b398d47392e78810f037dd325fb41e1fa7b949f7;3d45d4c72a66fb7f005fa4877c836fc5bbed2e5cc0003abb8b788eba50c46ff7;a928927424b5627bf9c5f259f83b4ad1f597ff26379d57efac15600a89aa6cfa;e1a471f57545d2a0fd6c6ade728fc8785eca96f7fe99b40e4ddf8a2dfe1268fc;32b9bf3999cbc39d454a5bed73a5725f4c2ef12710a53133afa5237cdf0233d1;44a625ce6cfae6a14fbaaec55e78b5563ac4deea72b6f301472ae9c6c2e0b44d;f0073f3f6f3637c429b66f46ba352c115d6ddf0efed8cf9233bf7202e2f8b020;a0494cf3efa29be257755d723dac6c04121939004798678e87f03ad5b7912387;af7f3db9d7410bcf867050fffa22eed0dd40f79d6a683f274d0d3a8b9c76ca8e;c6af584c1306d3fd625f620becaef8f7e93063414aff8e0e316887c6a5011dc2;bce230b03f473d208ee7f092db57ca48ec95289e5197f761dc26f903eb9ec749;413376c02fa96e8f131862582b5ca84b6fcf909d37ef31f379d15ee9e18c48b1;08b732f587483c9f6485d6550c4bd1beee932a3a142809511fe313cf8b36177b;db77490a8621be67410b612ff5e0bc5d983b94079ab7ea2549d954fbbb16584f;29f9809a90f0abf4655d38e3c59e2513acb15c1c02ab0709b18a2a66a7205c9f;6b3b81e26fedbe492bbb0ea59207e1aa2fad23de735ae8a0e26184316400b8d9;57467bb5c1c8176b3298cda3533c60db550d0c6027583459c4f46ce481b0220d;e77d4e15ce68481f6fe85f95e11ce511054dc595bba733952038b02d2f3b2c95;1e7544f1a98bbed421b9cdaa8104a5ffd97700aeaf37ff342e8bd52f61197cb5;dd2c32d66853d731cb8ebfe7f4f1758137fa52d76678c17b3f04da1cb6e92fe2;b017e7c1c7ed167de7304afbafcdf52da803991b4bf4cc319604237229d4fe6a;29eea0f5ce2ade08dd513ca489015eee5011efbfe6e23ef8a67a9914366862fe;c5a754702fa0e83805db5e822dc90cb91f77ddeae135aa635b2375059fbc2b48;8a90b6ccd74102510389f05e393592b1462c9f84d0de5c89b3affd1daa9ced39;6769385d8d13faf0d646b63612c415b6d067a5975503d44dac10b905a9189a8a;07614001aa907e6af070b0012f5e6d74de41c5740ad419dd4aee9f7f60ca08fa;c93befbcac42f3646f61c8080892adece33dd06c7dba3516ab611513e62e4780;a99157dc784e015c9048f79fa33919036142715284bb27b28e0082e62e0e85a8;2064f06649c568533dc3594697bb1b96127c6a2c89e7574ec8247e11dac84e75;66f2e1c24ac70b10b2e101321811688432928b69fc17e4e8635469d41f2ff03d;b28627350961b12471fe5919dd16cd1cdcded83b0c1c831fe91492eb12d7bb89;63b2fb99e6eee57989a5723a319f5ce3aebe97c7f6fc973331e28bf4b2005c63;cb0e647fb23b2ce4a2752a9fc05af80c2db83c5a23cbf9aa236be394a296528f;0fbfa37960783a157e05389737502bccbea64d4f86292c472d202ebb5ca0fd4e;6be3e0df33d5bf23235139a09eaf10fe4717275431b86e2c9a1103f2e1d4eb97;1187363041bc9dd56e3df606b93d6ce8421e5023542a7d593940bead1318437e;8b07c300316e71756f7acfa86084ad2768d9c97a71e337e6edeb6fb06eb8ed5a;4a342e138bea8909a28e5d7996e8cfdc631c4baabfef95c5de8473130f1f2534;67a58d642a2edb796c3d2a86846304fd933d9819b6d31de128646d3fcfde33b2;e372221fb939fd52dabe7ccf0e47a464b0f1c9ad115214558fcbbff5286a373e;df108cce387b7c19f507706fc0c056577ae121d87df6eb880059c175b4cb50b5;bb4979e08e73ea743583e96b4835f8f21e00d9c4126c9834b6654b593328cb53;35e0ae3d44d01d03c6f611c7825a0b649323f31aebbcaacc65c9bf291d4d5108;1c042583196243467be14fbf600335faa5e69472f861070756e159525df1eaa1;ed481d776d685e6b0a7be60267f90d1efd0bf28c8d90009dcdf8aae5f639e73d;e3421c3f21fa53bacb7b03429a0839a69569e0483589b162639e916ce8b765d3;815f6064004ff406ad0098091bdba9496ce5e35429bbc7f344401c09dc752036;9af92560f824c51cbf6ea0f4d416177e9cb354d003805bb1e7d78db714ce03d0;cd04c5892122b8f84eeeb61d6b72a85d3fbfe13d6b17e9c1bd47fdbec1711fc6;4f30bb5cb096aaf10f578e8790c775c0e9f29b7809b2447d354be560fd28060f;17eaf6a320cdcd6c06759fa13335d7975029b6f8e03f9df80f66252d56e0741a;2b1eeb6eba6f67acf4a95ca0a8e3bd4a29472d6501915a4157ee00732c2ab6f4;21b6db2d2445047d527921fb1d7d1138661d88a142a09882658a37027356a668;9b7365338648a0a9f6f6bd1685e33c1a15de166a94a0223a1376dcee98b3dd10;078374b127780a197145e5414e310293e88307a20566a421836a4b7695649bdf;f791b12d0dbee108f0541705bc253b1eaca1bf35de7c37d7f223c044a0ed7bee;748353dfe52ca8ee501ce95e9169ff10819e05693a350fa34a03b6717497ad52
47062,efbb301dceacc853135d72d8269db57f5eded7cb1d4661efd8f7e2b214172b54,false,965477147a41fcdaa960165f4697cd03dd2af6a914a926cd24b1c577ce4e0d00;6f3ec2d37d8e18891b241e5e267ea99448a1e1a545362a97cd00cd691db9e201;c9c61e6e5463ee817369b1888251d5fe1b90f0910d1c8441397ae623a0b20502;65361b7e4a93cd4981d2237ace73de6bdcd619737de0c6005feac0f18126aa0a;011ff09d6484e1df4d3eb7a94b9cdec5a2607d06cee2621b2182740988fbe90c;4608c879d7ba10efb51c72bc00dd0369612fe8728241f978adf9dbce2191210d;0d221e89320484cb6193bd58860d0f7512f31fa63ef111f8d2de0dc00ab36f0d;e3bb267a92b29efdbc6d6e2901341370e23729b60d25c34c2dc165fee045900d;fc55586dc038f08fb71d485c083b1f077aab3822e288c08c7a4dbda0caf58e0e;6d789c182575fa96fe277514a85bd765c69353c93afe231f4d7174f801ba0718;aa2f01b673345f9030d9e6c9d1e6e726cd51946f45e39ade729a822c8a912e1b;7eee556a3c796e26c1d1158837134653330aaf8c1bb90f3257e218cf03dfea1c;89deeb518611fa34ccab67653d341579b2f3efe949e1c4d949194d360fc79d21;37fc9aed78c55bc6f00145fb161404a68034b8fea114787e8395d30603971b24;df1ff11fc46ab2cf04767511b491dac9b16a42b3a23e0a38f626ef238141b925;97562c09b26453f8d8429774b2410a79314ee674580645d7e3331b82096adb26;c525e3c21b5234b8dc6931f8b8e164aae3cdeeff256aaf600056997e7f007429;740effe879c349955d1fe5a61922851382e8097a067ce396073a717b39f0d42b;8d96f667e7623dafdae5c67fb1671003f6a6c9997f56be35c678c674a1785b2c;3a0959f660ccd29f7984b49461ae734625fc2a7b8e83af09c202105f6a1b5630;95e47fb7de14503a686129334adb784d2694be1146c9013cca01e11c256eff30;a2b4d8e1396927941d0f0889259c9c6ceb987e5b0ef155d6091fba466bcc8132;fdc5576af9f5849e36cbc59e81709c30631be7e6f622842dab2a5b371ab19b32;27c369695447ca572ece6dc5d9babeab47bc40aa81f1ff81a57e04c20f849333;85435c24d70e75cad9bd6eb57f335c87877fa6d55d93f569d9cd5d655f40f233;0dac816b8344ee47fccd113625fa6d63e9c9739325e27e233f85834a073c0236;055d5affb2a5f26f6a5b16363218f5c76c79f4816bee92edd2b85d18b83e3c36;649be8522d4a6468a246b2abb1443b79b84c12553ab89132c5928e7be81ae136;1f0e4673ededcdc3158b09f911ff59c3fdc53054b8da39bb6cf24ea778921037;65e5fd83f708b31cbfba598d07e6d907c37e87355209ccf7a3e939cf98b92e37;452997c95f846b3e7e9b8daef9372665ed46565c0eb6daa04fe5e06d0a606339;85bd2f5ca2e9a548e9eced96447ec1637bf311d529dbafe9285ccdfc4601cb3b;28b4ba167dad02186d6266eb8b9d1ebc6670325c86bc8f45d043920aef18ff46;f0c5b4b210512d6e780a1b8af46f1bf66eab3f39cb34b7edd37ec593c1890547;09a87f16a47f32490665d5768dab8a779d5913a146713dad4da2e81136361447;ed151d12c103f7cd9fbe7e9dadb09ad4e65f7a0f0aa2661f07483c071a002848;48edefe982a61b8ef17016511480e43f052f51d32007c5585fcd0663eff76948;76064bf0869119610f190f402db48e419b695cb918ef8c2b701c5f36b25a7d4a;a2019b71e27c2927c2cdfc4ca8a204b265efb2363f260b2aa90faf6f8ea1254b;915a72570989ee93962c688cfce2f27c3c0313cc1807ffcde4fc1de2f7396e4b;70b8c042132e218eccfe59644b41ce41375d59b297bd9c3ee3802eb355ddec4b;1a70d455a5132fde33736e6658623f7b4093ccba4e775b47dc208f366c978d4d;d73e78db35f7dd6a0b927397994ca6b6ae6517e4f1ba908ec6875721fafca14d;8750667fb12a2a7197d7e2ce16d01419453a104d3c86f03cb385f2d1cef7ba50;2d177e80ec5c0cc7d0bde1331be5b08ea767ef89be8517f82e5ca76379674c51;5adc0cb3c4c33c9c9b4b4778f4791ee5a0cd2ac5706d0594987c087db6d10957;9589d5d0206e24172da16ef86988073882eab87015a74580f6c493fd5cb44d57;077d5917b53e05937212e4e42a761efb0a3538f98d9e98f71eec691f24d1da57;5339e6e9cdf818b24a6540bce2bd8b0c8bc14c4286e7b04210170774e2a0a25a;1bb68dcc39dc58d099d2081d277b00e2be8c744efc0fcfb061d91c249defd05a;ba4caa538addc094f43a6f05e46292fdfde6d9f02003c7f36a11d4355046175d;82771f365d174be82f62e14564035b8c6869806b181d949dea70d6e0c99aed3f;07bcaea099f4785493653e2689e09d39bd55bc9465e947193841ded535d44243;376dd8fb568098b934accd0179656799bcf36696024e0a510e8ef729e64adf44;41e6e1e851d636f7f834d839fa939e8385fbbb3b719dcf8f9c4f08dab5f11c45;deaa9fb98dd462ebbaefe8fc766f1f192597ec18e6d76499beffa417c8597e45;2b9e4865e5580265a2af68cc3c3c79c0aff3d22fbe7c21ca349323dd8be79745;60a0a328a89a9b21b516db11e76a63c2db55f5f9e15048c81843af15985a9c6f;5eebec4fc4bce70cebab32739f88e21308371ce74145368a99e652081323a970;30e91ce81028e8bbcadc7485181316c5fc1d06d0eccaaac28361c645081bea72;456887d8862bd875a7af962021c56087154a6f8a61553636a58367fd4c160475;0a59f21db4f4e81daf4472f7a22c6e205f118c081f8d02a5a7f4d369f218d275;ea91285266070a76e7368e20918696de34b8da0907c48956a0150286abf8e077;c2a2485fd01e939f53ae8d5e14241f6c58222332651daf0a7e1a0f7c1012e277;7ab9c15a556d06a9f4ec0df13ad333fd9f3fa0d065528685f8801db6d99f397c;9fec3d8e38e75f7b3400899a889ea1a5c8e75dd86418d860d02683b3d823715e;952836265657f40f6332080aaae16c170460f4e1df091cc7f177fa6087a87d61;45d063549778257a4c39805e8913bf5bc0aa63832f808eb517e08f1b50f1ba65;34a8722010e9af0bc407a35df71e4e9a6b5cf17c5fa1e12ac12f07e0f35b8d66;752781638bf0e1f5a31fd3e6262d91d3450c161dc191bea68080572de0ffdc66;231dfc31f79f5d6c01fdae8acc7acfba799839cc73fff83de829a477ec4b9769;7cde0ce216b2e9837e39f9243ed4da4ed493e5967240e0e9343a636b360e456a;31d4daee7e5faf92f273bb9fa6ff710b6430a562f71aac1e03c4c43a8824de6b;9c55aa0c9943dbf5da9ae327c24d2cd8e229f84bf604447e584f5104ccf6086f;1eccb709b755e633b8b5286198cf151976edb13a6914a0b058ff3dabe98e247d;6e02e7c150058a4b77ba0bfdb4df501a847f81b46a76d734ea2a2221873d487e;7cc95e207359b0fde079a7fac82c55cf6de81e88e1493eea811e3f2037746d7e;c6b468306e370139eea8a480b5d518970f09d21203dc96f11ceffd72ec8da282;eee7c35219d0557fb49e7aacaa4c7f7de38b883ffceb6cce52a231ef39020384;af037682263e83b96008d49298be0c6b0428234eaada7a423b12a83980bf6384;49e6b95364dabd9e78ed3e613e29f14dff2ff4de4c4ab439357a76889b55e384;c0ba896ee409a7680341c1fdb7f1511f5e244e0df8a7f2bc865962e65af69186;c993e4415ca2532639fb18df727899711f38fbe333130931d89ea767a9fc9c88;5579812281d92bd1c6ae8fc3a7e94952a07f516ef03b9fede2dd635050123889;2d2c5db9a7337a1011193a24f0455e8d09011ac433c2805aca152ad83ced938a;31ab215b616beb03a37a505135a92a1ab63527cdeab0ec384df906241986dc8a;197832f55ba4e403aa8ceb9922912870d754fda80a2ba3fbb9fe4eb915eaf18a;41faa9bfb04b0b70264dde728b1057fe74a6a80723885fe48aa8fd8a53f93f8c;f8e0b6b61a5057e55507a8285139864a239d8bd86a981aea104051c929cb0aa4;51fa200f5ee438b940e9a4e44a712dc7f315f93449d74536ec040ed7da8b2ea6;bc0f1164090f5fa860a5b165ff7a954585fd79d3200dd1a0b74d2b28ce0b56a9;98d03bfce0dfb32ca41ac34120aeaca0899245abb54b808805f64ac658f3bfa9;bee4e5cd9efacd91f3ff9aa4d3a40a17a09763e15c5f65814ddbb1c7d570c6ae;c1d3cc92bfd3202e392ba21e4599c706350eb85a788617166235d6a168263ab0;7f24b18f4f1a590fcc60c1e6dc9eb1296cb7375acb5e25fd15110a79829562b2;cf9f50c00af927bce5fb0dec142a463fe2c870e15dc5fd815a7dae04df3bf7b2;ba9ea07d98d8ddb24f86aa9b31d746d14c3fb83b42ac02dea086eff0b7f78092;946090cc8a033e51c04cf17efc12a2ac7b4238fc29421236c49532427f8daa92;a80314bdf8e60874af73f6e95fbeb13bca91604388e82baacdb0b49151f29095;fce7eab2a03965177d52ab390c9ca8969a19e7e7c8eb46317b80c4da37542696;0f589d823cec0b4ece9f52f91f459b87821a7dc30757b9267a64afbffc80cd9b;12699ff488455f408a9f6f08cade389b0bff1aa4ca9a9b8f8a9cc2a644edbc9e;7099b356459e3bc29e004af5442ac2f61e202bbfde98a42895a12d1951a0c69e;a5028aa3c428847421aca1d6bc645e2200c2b3e54511ecd28854bc54d123539f;7cb0c7decdc4ad485c5ee2eccdd15e7fd79607725bb82e78212f5e2b475b1bb5;57a3e361a6ad5504c95239b5e3f587921df1b76f7cccf914b0540b1b7c6ab8b6;e60302e12d9a56415b30b6e14234d4702e04db7af6d1663e45b835f3f9eee1bb;2107d1bc13600a6214a96c9b85f6ef894d24ae2c0d8816a4767448d07674b4bc;2c5b3841aa6c9a7618415f0d5689549418fe8e8707eccde438c77980dc78c6bc;775c519059bf8a426eec6300be37c46dd51027fc7e9c15ec03e48a0eab3814bd;8d4c18d9175067651d82b7c19ee90964261988a664372d8d3e3ea0ee802b8dc4;a5ac6804a4efa4087b0a52db4c6abe00a4636daf8190f7f5ba445090f5a8afc5;a98d7a2ce1daed72b3dd7e7a9c01926223f5975db3ec0809be6a9bc7316de5c5;2d1465aa1ee57ebc0abb1aa73dd00f9989571e24bec5e7a1f90ef5295cd73bc6;8aafb4075cf95b1af82597f7540d43a4a477a55ed1eb80a53a5ecfdde2f633c7;15896fff12b4f8b791103099bf82917b97caa022ed7eae8282efe809944a1cd6;6d6a0e2cd79999b6f33ac7f37445ebf16941ace3498bf44417c68ec335e68cd6;8d0d10049fb0eab711122cad0e203eafcfef61d40ad9efa404bf7167bc5af2d6;232bd174f91808b560281f8a54a5f7943cbda5a713ca85faafd19e497258f8d6;aefcb1c1c30b6bf53551c5cc1ff962b99d931f1f7b6053fa4003ee89673876d7;c0265663d37ea12488ec593a3b8ed698bdbe496238699f1814557ef2bb6685d8;544c651bc1b7671675ba94a3b86a373b782fcdc4a47ea0e46f1eed87ecaa16db;2c50876c0a45a73e566220c1516c6faac65995426fe2e18d9b204f5c36d900dc;519aa5f60874f4ae416465c8431028f002c58960143d06011fc37b3760b80bde;6a50f9384be0ed9d2d1c7ac3737c9357595fae105cd3ba7819858c1a3e3a85c7;6a64c6b8dffa6eccd88e105c9edb92351e88b2e0181284c26dab4d869d7632c8;92ced295bbae00ac5bed99ab789153a78c47cc83b19ab32cb49b80c51f69fbc9;30bac571de9adc46387e331212e022cb425c64684f3d218f80fe4f7dbd0791ca;a2faa0a8467379fe1c890f97d26a9f3f82cffb8c394a299b20b9b210224998cb;590fcf3d33a4c9ca3356dac87ddcaf2c9c204a204384b4510822fe93ed45d2cc;1c9b51280dadfeb2743ba033b2974dc30ddafe99dac7e090ff5b51fa3f312bce;9951ba82b3881aa4a34b780953ec0012e03efcdc992a6d3269f63da5a16dd4ce;28d7a0996d3efead4fedd2f1b6aac6008f171b9ce094ccc7f3ad5581c0da1ce0;1cfe55ff8d0e3d627d3c7efc6dcb36df723b4edf6fcf4bed0335e892cd57fae4;e5ef06a2e77fab600146aeba107cd5ca456a5592444ac795730d24f634709be6;bc81013b0f6e19c1e0e72b40a18cf2792c47d7ead47e1120ba257297726bf7e7;a00ffeb78a4ee44b05f344ab88ede2ccb7df6e77db50f7073c8c4659d1a8bbea;24333c504d228a400532c6f7d5ae72a665bf1c26ff4ccb04dc97eab98379a9ee;649751187516eff0997290898f7218b1c476ec695c62dafa9cf58e51a18035ef;ae4d14887fe603cb04466dffac17c5341fcfb046edb2150bea8e35c515f73fef;374f24ea01edee6cf1d53d8ebb742f0c2350c805de526c26f65da218dd5b7eef;c48ea455b33747e8b84b31924423a678a799313c73472f208478c570e4e1acf1;e3a274fd93a94262a76a8775f4ce21d78f61375c1af3e080ed28afebbfb01ff2;f10c4bfad5ecc09fa9306320da907950af5386d56b3dfa5ccf33bbfd8cf63bf8;216c6efcc8495b945ed4ff0bcaf6d148671b5f54098fb73b44790ee0439426f9;1f9731cf768f9de4d8d1a25d1877c2f7c74a2fc4f56b8707c66f84bdf3874ef9;19f6df3bde2579980e1fe67cc10cadebd1fd182580632423b01f3abf4a3ebff9;ff4e61614fb2c45bce2e12eb215baa27acf219be42f419a9da819b8bf56b37fa;386d381cc3e8a8296c2d00f7dd68a2dfcb992723a0b82221a4455a00c2a7d1fa;030966d83b9def6ab36b606cdfd335562c0f64c089aba872b3f14b8888f3e4fb;facf62de2b5646870658debce11d2fda56c87d8202617e520defc6e0e8c247fc;7cf1229b0d26885f5bc7479d712f5dd97a095841965a8cc0ec672ade57466bfc;7865f6cdf6db4005438189a6b13d97155d7d04939566f159ae74f5defdeb31fd;7c679d0af1eccfe4e770b2556671f89e282ee9284fce05e473ad5f65c72684fd;f5044761fbc44f860eab227e99bac27c6c00c1a7123a6d47492cc2d4815cc8fe;9c93c8ab3a9746fb75d037231e7b68305b9cf8c635c330adba8ec07572c1feff;a436645bab657c629a66ecde4b3a9c5585bdbab4ef25b4febac1c5553e8413fb;08d1f9ccadc3cdbf511da01dd28e2abec57d3204876a3c0ec211ab084000cbb1;8ef7b6e38a2f0988170d83e7a669509eeff703356eedd2c335c4ac9d6daa1ad7;31a1a2424a6b2b76dbf838fb6e0a523b84fc71514d05782e2903ab279400417f;9c3bb48bb064524cdd02b15e319d21a9c5b82ab9e817a2939ee6e6c4514c6b99
47068,4e157f6063bc6a4e347477fb4b22396c01bfe8c32ab6e961a876c33444036c77,false,027b2f1d6a8ae0c1b93cafd7620777a026201a8bde628ff8ebde2bc824e72c37
47068,abb2a7edd700eb04f2ac3da0960a14cf3b5ab7d10262a1f57e93dc010cf1d1ea,false,b700ebd186ab6ef6dbd3a386157f07b248614c06130826ec3450b033ef1d8313;7876d8982b61b7e39f693c0ac758d29796445bc73bce25fd278e8331bc73b8c9
47068,e435c24ef703743c6d7c46357045f9d6d1991b11110861ef347ace9ba9fd8d75,true,
47136,24ea68d86e854f737b653d88faa696497c4cfee3265db7dcd9534ccbebd3267f,true,
47136,84f020e9d3bd378f611de44546ba0c6550f746bcead14cb381fd58eac2bb582a,false,317f1312ee41e61da6f0f90e1899f31efcf1c68040af0a827099e2a1efb383ba
47136,bce51af9c9f723160fe9df572ac6643760a5e1880ebd0be03605d597943e6fd2,false,c68b41eaf100f39bcb66aec984f63af14a1dda3deddc93f77d71ac5b60721a32
47163,4d67ee35cbdabf8b6f403a75305895c032fcecf9b366d0fe81c92dad02e8077b,false,1579232d16b446d6425982b9cd3c4613bdcb965aca6189d7126b7a6413d98117
47163,f2ef239a31629b501fd7230a45720d33ac8fd09d746288a88f2ddeb2628db4fe,false,d8c6391591b84eecea1fb0dc62a37c8d4019dc9d165ced670a7a38d016930cba
47163,f79ab479834ba366583a5110b74138e24acee236cf806325a431a36f98952282,true,
47248,0e4872bd8972707a8e8c2f48878a387cfacb4b82665cae25ec06a91896b75a8b,false,f2e6716ca8584b19c558e2edd686caec1aecf2d6b463c8414925978d8c4072c7;25fb731b3587527ef3d4879497a55e8dd2fa62923072265cb9d29ffb2e880397
47248,68077912189156fdf8229e761084a94fc9e976432ad68f50f9d731bcf5195bd5,true,
47248,8a51efd15788185b8b7fc370479d6556a8075e88a6fd1e88d0d4ae7f0ef0e99c,false,9a6ec52ec46b0bc20c37b5f59569b2a7c5393379bd4a45c63c8f5d0314d92750
47248,f22c138f5d1d8512301e6731abe4fccb5b9673c7dcf9820bd7f880d3be25d9b0,false,8fc6681dc1b472c3310521dd4caf46fe25a09196278b01d3fcce069d523fff54
47273,36d7fd7cac788cddc0be2269d46d29bb564cc0172d7ba6001c49a3c8960a4e06,true,
47273,5e801fd10ec125a30fbbadf7d67b4dbc5244bad528cdcc31bc4845195197940d,false,8617946010bee718e4eeba7ec986e2c986e383b32a7bb6b2e45d52eedcc14d68;cdfbce8aa2b2808f458eaeafaab805b0562a13296295a2dba869a226a6507c26
47273,6c70714423881d52c26ee88f14ec848f4a01ea29a48dc3fc2dcc4cedabb47d18,false,018076bfe0588be1d9c2427c552fe7099a5b608882350b954705e9dc10224103;14c4a4121008d2d97fde447cc9867c097bdb5ffbc025942f715e68caba8a7832;489db9bfc72eb5fc3d0364bbb4790baac3dcdee57bfb124d3eafe8dee7e90ebf;46c21d7e3c247f55065b12958bb958fe1bc3924d0cb836a0ba1d61a18800a489;db5dbb47da20ba48779e85637e9cfe3a6d10615f9faf2723d039f19219e2a5ed;53618598050bfceef073e9e09b0f68481c36a925866ea35655c1197180c7019f;f7c3885a83b955b4ab339704a3dcd7c427d38500d434b31f8df79e46c2bb6fc3;73eb6cd2ef5e23eb62e95f17f0cf76a7272b7f49b0c8532f2c4d0f66da139d60;faed79cbff88ebd7e1bb17084a1891eca706c795127d3bbcaa187d1cfd7182dc;d0bcb0e2b6a9eabbfb37a53b282e0c19b25b10ac7c7935644dab80f94881001c;837d0848a7e764e76163a81206e26c72eb984743d4545c1952c50831a37b1b93;5b26fc2cc2a0747487c79fd79aa966064fafbefcf0f87b48d8e8983ba5e0dec7;8367f93b43a1daefe09c89a4a9fdf13e2607c07591a220a1bb784707cccf1b22;1b5fc726afb09bce01df5883ca8abfb7a87978d153e55d085f9ef7c5ce96c714;e5a2ac384aab4660fdfbb1ccfdcf2820f0463fe8d863a3314e7a2902a93bfb64;a69656f374347af2e033a203a30f297b99d106ae2d9d5c1acab6187db6c5bfc8;905caa50b810faa19255c7b5d3ba4df3f84eb0f5d069a0be63137dd75f4cc549;6a81e3147e0fa2022007f76d7eee2c24626e8d77b5b6de983e7560019290e65e;3431bac57b060704c12f3425b3995e85ab2e2fab755eb333b507ecbbd49dfe0f;2ee5f9228d0c857d437133ec41bf8f2fd1330076cbdff3ca140c738a327ad2f2;1f1862f3904fceebf9fbcfdd656ef8fdd305919f44600bd9563fb8b8c43fe74f;15637e4de8fb1e08c4babf457f906a41693d171f1c95eeef08e8d60e318a5b57;053ef085d52b3271779e6b4f0c8db092d7a01250656454b8791c8629ca9b8f0e;990bb6828de8e0dd9f706d5d37f660ecba8eb79683e52b12783f3acd49267b81;af11d6498e5ddb7e3058b15d174c4655f3b387e0e7e5856f4dfd99b66dc5c1a5;be1c7bd380fb87347fde0bbc7b5f153d5d618f133d5f68f6b194896d51ac9af1;93ab47550105245d6850cd7c7cf944e975cadbadc541da07b057ef8a9c39b824
47419,a518114e23d7dc0e08d1a909e7cbc5e8911409b31bb099533682ac8de7be9520,false,a61e6f3ec0b95f7fe48940020d5378694cc6250bfbd42ab6ff71ad8f6a2fba17;61c0381a6e4893ed128425e6acbe93109fba16c136e87dec5a85bc728a2aaf92
47419,ba65da84b75bec4417c1b5162ede0083290d9e251294d7490ee81851ac7ee30a,false,fcee2d9cf8de23e1c9cfb4fdb2c7c66f632221d717067aeaf090637abdb1ae07;f7b25cfb904060e671875c0804278f9e931d3f7ae52b53617e6c8c99c2d8b502;e493507915defdc147336db50749f8a81af5756176b8cf4445e905589e07151a;e8ae78c7210880961bd69e32fc6353b3e0cd3d8e8d2123b9e37c24756518d41b;88cac7d52765163f304509cb2795022f30aab54420c3f97d374869b96b23a51e;fd7413beadb8d36b736b9d77ba4ec6325605e6c25919a85ce6a93a92bece1922;4dad763e4a6a93b2ef6ee6ba115d6fdbcf6f07a99de32e8a557742a1a2c66466;82cf7da8147bc55de1fcf5085684edf74f02385c96e4944dddcf9df8a6cdc47e;5d63d69457f6c0126857807cc6dad8e359d2744fa10d1a9ddbb22f9103b0faaa;d6b9700aba9da627c05deb6e44e9bd22191a07eb44974f0ad6312a626c1070c1;66e72204676d2d0edceac8b6a22f352ebb60bc7b30d4cca0135c0c61bffa65e7;30436785ffd95a5489e7b02ced2d5756f9a793fee10f0562343924d8a86670eb;228276a163bd9ff6cc89e6da6941097474af93d1e67302b967b6d60b5cd7c0f0;195660020ffe8762047dcac660d8c8a128d593ddfcf9e48f9fb5b6137e6060f4;5bcf1901cd48198ba47a00fdb2159be3a0bdb28aedfbdf4d82f80b943dabfefc
47419,d9d444c1d55e122d7a0dbd4e96bfb26af68f5873b2a7d93fbbc7160865c8f611,true,
47642,3e25271210cff1d1ca5cb2f21f0c0012a72a7f5b34fb097d257f4bd0ef26753e,false,0f5039b1d0f25c84e770d8d2b6e3b2cd9e9b8892f0d8fba3f866ae644b4299d4;61bc785ec9a62c3a9b9ece40eb463469ef2448d04dc51a4f547c418ba8e4a025;8d212e7df29fd562d556182666a8b5f4ae7cab7ca8b0655666d31a870e838dfd
47642,85b7a4202b445ec8163e7c473d857c73976f450173cb4cdd3c2bb8c2f5487653,false,fe89a08ad3fa03d88082a693b20448005f06340cfbdc20cc59b8d053d0fe299c
47642,ee6d78d0deb2e0a928383c2a87e6fb25a5976c9baaef4d7df07f94d3ced52300,true,
47805,1aed1bca7d183f4f7b55112d88f9c0249cdbe4fd5f5b12e87da583e09cd8b92c,false,4658a633e0bfce59b5da997d49e59a368d316306ba1c2c5bdcb28b07d0e10605;a6281c21ca7c640adbea728967884c4c25c433f0636fea00964631800bca2cb5;5f45db31c613804cec06bc207c72ad84c520d7bca23fc41c39bad8432ed22ed7;ea4e888e6d1013dfbcccf507d8f2ccaa6f7a97b74fec8418af25f74239801ad8;71d69ed1e7f2badc1609d2374d64447df5680b445ca83fb05008a2f23b51f8f0;441e8038d257d5ff7b386a53af26525e1fa4cf27c9bb01e477c09cb342dd33e7;0304ace0b06a321751b813f140a6e01743f4b89996866ff724bdfb51bdccbdbb;7159a29c29922de303c58e30b5c3e23f64b09a14d615924e647681a9ce7ed3e4;0490eeab6dfca21312fad588f1405e789ffe853c41d4cc558f59a0c3e7a0fde2;7744c96e28f0d1f71aa7347b1e43ab06b1c88e16e00e7aaf168fb79351f79741
47805,99198d813019025ea8f76df5e6d1de1cca1fb7d282ca05a1f6ece26c806fd07b,false,83e5a017873e076a1b11d84e75291012b8eab71dbac0e5e12a2f4ff6e4af3684
47805,be1628c124733ee577e8825b278d4cfd9f75eb37888f1612029f6d3ab1071c90,true,
47805,e7505495a997f0671e78ec7304875620857e0e323d6bc24580933ea725795e76,false,4df7ce6d6194b5dfc4e739eb1c88159ab00d4b2ca57bfe4398078d3ba071940a;b63f4cd3b9cfce5e57402cd9fd5417bd2ed726190d0ac5d34b4641da49ff8e0c;260132bf5ad0efd40193e2f8f275972036663f21ab0839766e93bf956b965f4a;91f643a4d8e1f2712b1675726eacffa861e31f617f52f9dec7ede6c0c695ae72;25d0df5a149e57a2fb714abfda86aa5577d987dc05f05eeb183607da49e78487;11fdf5cda5745d4903f4e41fc6f513c8f7139f62643c94bc985a919a9bad738b;451eb1629d9d5ceb7e3d25c8aa17ba708fc2652a6e07ec047ae513fd01605b8c;c45b4972a66ce2269712342dbfddea42032a09e42c28f7643713a924084aeb91;df36a6339127cc3840bb2df33624d4276c0c34561dfee4287b34ce2528911ec1
47811,173df6b31470f402c4ddadc603efd70f11b9e9f9c047382c676447833a608e28,false,603ff49297ef594360c3acf6170a9a72c420d80cd20c6b9b72729e7d77471a87
47811,ecf27449ff18ee0e4c52d5d7f372c4c4229d2bded08d6709867b4c20291ccd54,true,
47811,f5b09ada4094cf91ca892bf78292a84d63c2e9cac6de1f3a61d1a039b9e8a05e,false,46819c9546f3cab24109a9bee70a175c9165264fc2e9f67a5fc33d93d0437849;65bff35e4c81c2229bec8624450a0fcd83279ffa7340efbd6a3198655bd31202
48005,0ea1bb5a7c1e65cd5fe4832a6ac5b5c11414e50f5b4f36b86ebf7523a36c15f9,true,
48005,3c98e20674c103da2e36fc5233b7ace68c87cefdd4f7963e930064995f481d87,false,e6aab03052f2068baf894f8175e1643519ded0851a1c67f87fb429e486d5ecd8;7ab18a8f6876aa5cd6f0bb2f51c8cceaf0a74baa8b70ad3a543c711dd088d1e6;6e2a3b645b3d35cbe0644b45e83e783f1c592d34ec2b8fdbe5bd7e4a086103cb;a9b56b447128550f59528b8b5a75d2e9a4f1eaf22d5d0dea011d67ad2c6935a2
48005,ac67d0cbd5459e9cad7441db2d07cedee8d65391b81b80d6908b84df7b65e2c7,false,d7c91a1d36172f9d4bb205d591ae6faf87bde51cc1e492be5870d79386ab66f1
48075,0ab7ebdf19ce60e1db0a25652d21b8080eee0ff7a6cd2fd1988299d7b577e97d,true,
48075,c85d6eed527928b0913b546d3cd98817a1e47ada700f6597e177b750d43211b0,false,6419a0aecc99c719356b441e76f901a8746fada7078b792a46a719f4de15b1a1
48075,d78c0f15f229f368e0181bcfcdcd42bbeeb53fa69a3c58549f29a2ba50831cf7,false,462bfd48829c717606b26665bc1372f0cf8ee52ef0bee5516f7869ec2988a94e
48133,b9701b26d93d882123e5ffa28b33ad30238538ea22645cb18a1a576ec5a8ace7,true,
48133,c7e6ab02548dcf25ba27ca3aad2b6a0fbd6591b7ea4c67f03e938f13f5026024,false,c1bcecbfa23ac24651a68dc952c047887f6b603d3d6857eab9c65bd256cd2996
48133,ff4d819d3905a726a082267d1ee76099a44ca7e4f5ff2498a5a6efd8da173826,false,3e093137c398d25a54b199d535f9ffb2eed1e56a0c1288e14004f0331fb5ae28
48298,81e905e7b684de2ecdc1f8ffb95593b0f9c31337874bc6688740c8317caa3835,false,6172316f2b70c7af8fe339c2032cb83a06a0df4d73e15ea8eed278c8de1067e2
48298,bbbca632cfcb51725b9ea9cbce0c15037a70d6abc976e2b1c30bfb6ba7e1b72a,false,ae11d2819e6f7e0099e7f6272c4eb5320c9d3f96c23eed727918371a0883f96d;0efd2103e4864a7e88e2990c75a1a7e3f361710c9871628e5add49cb2a3e6cf1
48298,c862797da554fc2dfaac5a5bf6546de76bab03c0cc7d6415edae74bb9298cc8b,true,
48453,21aa43421953adecad2c7dcd6a9a8ffb2eb708408d9d7c1295ac273bec3676a6,false,bfd5536a889547c28916179171f11143d5c42f3340750e655be5e9aa01e5a9f9
48453,55ad70113347db65acd0aa3afb706056e2d2bf9c6d5ee8f26ef1b7b97a6d2375,true,
48453,a1b830697ee85657138eceacb9baa328b9d28b9ec7089e26e678acce2e421fd4,false,d4330ccae92aa237174fc8d322a076ff06fb7b468daab5f4ae95136df31822b0;270225c2650886e16d6c0486e5ca6c49c96fff82eac2f1b34e9e60dab2b96cb0;889a73a652cccb3d9a0d8a214e8b191faa797bf2e1025ee25523be7db0e0505b;a8a5badb7bf0749221f28fcf7da9781fdd2f50688b8dc537ca3fe33ef2802593;a5adc71c04219a8a5a60b4fcc293798c337fc2ff2a60ebde87e57a8ca98e74d4;24b302101b79701209b504d2cd23c0bb1638bf11cc44151c08624f5dfd5cc0c4;56ccb359eba59ad359dc87e0e85ad54b9ee20a4ab54d2667e8d18c28c5d97e0c
48453,c7ad72478eac849e6079d0e6551af8e61ed3de8aa29c35db8201520eb3d50822,false,0c34648a9d4e64ab26811b5060827bd3167cfff02e28fd8069fb71cf2b0013d1
48810,3548dc5a5a69e2a1b9eb059b9931544c755fe70ec3e9feebe1297f36e6b54440,false,b772d6287b336b6586ecfb85d992153df2012064d8ee67a6214218aaf7ea9084;c2a37969fa893fab44e08e5a1bd5342275378e3184e26f6aaa609b495ccf6f38;14e32e4e98509b991927ec58aa38d2a416cb3e42058f60b55833e8a2734228d7;89f3bc35a5bbf599479eb84dc24d6f2442982d962eb600bb376c6b34dd09f95a;88af869bcd4a251d4893285d8a0bc2d022768b3b1fad81cc311a01933ed60cc2;777b44ed8d6fc7c955cb2aa815f9efa9e970dc1d2bceaade7c313aeabb1422b9;4dbda7510638fac156cfa59f21f9c5b08b32b3af44e0c52cae8ca57e37176611;8b23832ad3da20b0e6863de88ac27cd4f074529397ba843337b14adeb50da6af;e80743a481bb82f02f40cfcb8c966645df62e3fa0980bca866a15950c8a69739;16779d914b0442544791d757d096097ec28f7747d034547f8360faca88aea866;11a92df15fee27b40b27a869d146370367bf8278511d9eab31acf04181a8b53d;b192a58caac17c9ab7984507abfc8ee8caff8d72f2c93494c074cd281f5a9f67;7bacf585f75ad68f7c01ea0d089329d55e04afee386f03c819174395eaf440d6;b9701b26d93d882123e5ffa28b33ad30238538ea22645cb18a1a576ec5a8ace7;1da34b10766920a4f668b23341d8640c092449e8cd80b2912d865f51926ec548;8d1c40cf48c29ef2686f9353c513ea8e36ddebbeaece36a0defe0eed5a935978;527f193ce946f84cd76081c1f213bb270bf2fb60a29ed40246a7ea5d3093f83f;aba0f27caba5527451ce3c8f236da73370c5a52d8db48b33f2728a4d3ce65886;2c983d200326b8cce6a9fde85af19af300157b8812c08270f44b7d2537430c86;8df2bc0636cebbc543a675cf40bcf482666731c1695cf330a6abb7adf58089c6;641a7123011e7ef8e97fbba9c2b64c9857c4fc3a0f27db1216937ac3ad383293;a3b7a1839928a47e3bfe12c9773b4d42ac3f998fb4b874c8b29a8fb1c6e25dd6
48810,5a3b5a0815d6a7f20d64857272f779d405bc958081ed55d6a4e5b4b490403bbf,false,7924fa4b360ea7911c5f0091aa19559bee3814f07d208ee42e7c005d342421db;97e104733932eb33f13e4850249543390ba2f998ef207eeee7be98a47c663acf;837a43dd2cc9684810c93bf04799054912df8449cb2b4b875f085ff4671ceaee;6e73b63c7aabe138faed724e888a8c664da04496f8cd9492bab05e758e079d67;b918663924dce89384b470afb1f6eb27bf14d93a8ab7b37fae075ad5b1eb1407;a7e0e8badd3dcbb149624bdbda97ca772db68e26d4cd4d92914fa71aec63079f;6652eac3ce708a2d17f6ee99d423bd741e1610f0ef936485f0d8b40050740382;49e564e46706b4d1beff4c3121018a179c2d35be1814a3464c720d3ab4ca4b05
48810,70cb64bd35a12e1d0d7ac128fabf4ae9dd624d0e02c7871637cf7a6557114d89,true,
48918,aa8dbfaef5d42957f65b0786402aa102032f573e7f731adcc4289827be908d21,false,7248e23f653edae600143c8bfe3987c85acd3cb65eba6a0e6eb69e7205681542
48918,d54d6fcd37905a86629c647b2c63da9b55e3e664623b10ac07e5f53ca7086ed6,false,c832c5e262c768fbdbee213b0d44ab8dfdb56dc2037f67972aca3297bf360e8b
48918,ed6252fe043aa44a7900280cff0a0b0e297c9fd9948c15a445f6adeaa146384a,true,
49076,04faac2914bffeddbe6324a5e5b08819d9c1a58502404230317a032badb77f58,true,
49076,17e8da5f925adca60826b6f2d3bceb6a5f10e749c94f65046726c21ba9ada788,false,738454b215463834bbedfe44ba533c450aa443691c4a7297683ad099abb169ac
49076,2b46c095c68237c4c2ad1c9f27b410408ac23bfc3f21d2a6f3d4acf664130f3d,false,d6dd7107b625733334676e301301766dbd4fa156ecea5171e79731997321c113
49076,6043a32be2320fb5d4d99886d2df3064e83d23d0f34558f7da2177c61f2c7e79,false,10147e93fbd565db9e360b4550c5fbf40143be29aa8069e6fe628edb2095d5c5
49076,6b89cfa50694d3fc911d3256c886dac3f4ec481f046d96c17c5337c9e6aa9071,false,7659bd30329d3fb31c839f90c3095370e5c0d7539a13be96f5917237f23eeb1c
49076,7659bd30329d3fb31c839f90c3095370e5c0d7539a13be96f5917237f23eeb1c,false,1326fdb85643e05494f1de8e3d2caf8973b7b888ab20f3fd4d90e39178e7ef48;122b3e9d4c422fc164a62c626006b98d1d1b8242e0138d3a5b674ce85750214a;56ea78e12cf20ffa1b7353f295d8fedddb0a17d110da24f01559cc1b4c1ffd4b;d61de7c03a14f985c4f4c221ea18a99c665aab257e089a8e1faea02415345d4c;199ef229bc11e19681be551cd1c2368ce2e67b2d7f74b555bd4a47f588380361;426794de430ae26fa32c16eca091bae685e7521ec91e16aaee36788a28738c64;9f3510b97b59df6a079f66b70fde9a0aa47d83c2cb3b0ca9a67969336f6c5369;a2074b67d7e33f994ce0f2653e157d2bdf39b70b936649c7b29f5aeb4ce0cfa9;ccf9605785a99a1a3cbf8705c307ab188391007757f57077773c709c2ca1e7cc;a6b1b9407ece40245064f7bacf6712708ba93934f2287a8c6b6ccc05dce8a713
49076,aa80fa55fbdac546c4ab5ffac0cadee04957b8eb5464a197c7e39cb6a5896602,false,6043a32be2320fb5d4d99886d2df3064e83d23d0f34558f7da2177c61f2c7e79
49076,e4fccafdecdd89a81605a34a6c7a0305ec7d7552dbec97b1612d373d3817bc7d,false,aa80fa55fbdac546c4ab5ffac0cadee04957b8eb5464a197c7e39cb6a5896602
49076,ff0c062c4ffda8c7b8eb13e90d64d5cfb23634d42f5dbb174eb475cf1a927e7e,false,e4fccafdecdd89a81605a34a6c7a0305ec7d7552dbec97b1612d373d3817bc7d
49091,33203752b3a217ab14e6ce3021c7dc756fc72e99c4dafda56e54a20b537fdbc1,true,
49091,83d1848ceef029ee4b48e830a0dc8b72fa5b5a29e2bcc0fa39728da0639a0834,false,83b13df99d5c581454c3e8b1fee7eab7c723abc9a112e2a56bbea852eb2f821b
49091,a92c160054777ce9ffb57fa27f5ab7ae46fa8fe9715ef49375d47f16e66d4ca7,false,e93a437fd3fd908d90fe1a91eefaf3a43a2270fc3a3b3a9051b40780ccabb554
49091,d08395d250d0da58f59dedcbfe02bed6667d103a93573d778f5b384bcfc5bbcf,false,c0d51db0cbf18bf850b6713fa5cd0f28a1ac988dd7cb6bb2934d146a36ca3a5b;ad65821f34942c83d6a0c5b6e340ce612a8be9c75c754b38f248232394c015f7
49255,3941bf42d07b2cddff6bd263d4476ceede921f723e45f14860fedd33f3d8c67c,true,
49255,a5f029ff2b26af428f75728ec32b748af9f1df7fcd9aff0dd134dffb5ad02d22,false,650325c7d4858f0a3712668129c82479a2cc3775c1efdd3ec7dd5cc3e6f28df6
49255,ec8411373071e0073ccf09904fcde751cc139f31930a0ff1ff4bda8a67780e14,false,4a78e9e0335780d915d576083e558f38d76a0361c7e12fc39951bd95003b063d
49396,47b1eed0bf709f464f82e54051676d73658ab5fec2206763dd00ae9f6988760b,false,84172b01b579f63f0d6a27866bb4a4f13122433f6cc1b1dbea6f45a2850874f0
49396,7024b8e40194ddedfb1557cea95f158fb40f7692e71bb558d01ae531fe72ad5c,true,
49396,df4a6ae09c845f032f7f1ec9635874811404bdc7425a491465c6a13a3e4c18ff,false,79b2f159b47693eafc4b57ada561277a3d27bca5c0275f0a29027c5315e87371
49594,0733c3a496fd0a0e48ef87c33fdb3460a1f2d42239f19a1140b5aabf69c72eda,true,
49594,8618e7d091092af614a553e83d2f0a48e1084c5608f80575bd2e1f49e8675cc9,false,4e6362a9c616032c2cc4c9178e124249fa40cde4630129cecbcee1b27314ef5a;e82c8c512f29c374be8ba9f35623a087a016e509bbe5e48e915d5005533f3c49;302a722a876e9536ed0a50bba73bbc8ce14cbf7d1294217e4738a2362bdeb998;8286d58f1c9c4a86a12ed96028f443242ca5dc986e260f897514ef94ccfde973
49594,b650cd8954a275ef8c5c4ad627122ee22f3e4c9629dc3ea2191b7ec05fa7916c,false,75403818c720443dbe744464b82e50e3168dfe2a1f3aa6a34f01ac5d6b205bea;c24f028bdee2813760bec52f24542f3bf9af10106a97fe32e3e7de7f775268ac
49597,ba69e05211a97b3e48bcb4bdcc0f384344e8638302a81fa5f5837e5379bc86ff,false,00447529bf205367f6b907839abc6c2add80517c169d2a1a7a99e10031c9bf73
49597,bb82db1bbd00d4fec1c0c611ddc741b080be006720e7c93df1d0b3a7666c8452,true,
49597,cdca3688aa84cf8a4b7d696aa52500e7e3f07c066cfd326bc9352a64af38d3e9,false,0040aaa11da7aa8da2f5b97d7ae0be5c778eebd7b210f5c8d32405fb303e35bd
49642,5f7644d06e2e07e0d5fb52be70245924c7fa994dbb984fd213867a7b23328f2b,true,
49642,6ee493b6ec06e601c7141f1e768e98bdc07944fed47e50dc47d09fdb4a08d253,false,f962fed8ecb64713c7d108b56d5f82ca36e0e79b856bb1a3b76217cd249c6174;3b533914c0f7bcfd627a1535fe9b56463b40086852b7075544f53cf42bf1ca0d;28b8fd7fedd0ba025d8e6bc819da4de749238bbf2385e581233a8fa8b00aed87;75ab9b4c63c3a7867acf5b9c75b101a71ff3a77315cc7d9e19e20ebc2f7ce549;29385068efae06be9018cf248e76332b8a138fd995ed955c4f2345eef5dc8bf9
49642,90c71dec6bbd04c82e39d93ec2e8bce48ea6c04f402a72145d572a06581016ea,false,39c3dc009d56820300f8e5f51c9182aec0da2600c546fc4ecf9cd36e95205d6f
49642,c865c713de19288779ddf7d3e0a80a2e912b1cca2c18d5bbdf5e7ef5405953fe,false,a2db685ba0454848288cc642fe92a5c2566f76eea43624fe7c5a9ae951d02440;5e85a9d84adf3ed40f0f049033db512080dca43fbb2c3634d4cf2e8fc25f6286;58da23c317d50cc022b1dc83d88ee28fc1fcc0569bc127d0ca79d6fb49a5738e;9835e72cb1f0b5e5596dc9f9fb3fa0baee6b2e0c31a11a4c60420b28222042c4;bfcd356c375b23c4415516ce0b78936ec4bdac626c8ab12d0a2442f40d749374
49755,579e01cf647a7ed0231820859bd90d3be54aaa40c873d35a4e12b20a5a55b37a,true,
49755,7dae8550f023a23d4ee6e9df8092b3851a29bd00eb94e7f17c410e598c0a2275,false,e0f227e51463da16492bfa8ffd4b19387b07d410217aebad8d510dc54c6d18c4
49755,a98240dead16a9f04b438e7497266f24fda469d6530b0fe8f9dff401411e96bc,false,7f9475265478ecf6b4e348752aa15c4e8b141923cefea77ce0f1135cfa484f50;3504a292df60daab86c774781ae4884e797a6c3cd8b40161d0e217a1afc39b02
49819,390ed774929cda004d4b363999e92d3457ad17c57b446542722c4065ab648572,false,c7161c1c29dd70dcdf292d643dcaa313d8cea3d05191f51e5e885acc7adbee93
49819,8f7a004d753a0eb4626fe39d0b464c72047d7ee7e94c826a0073a5a83af3d87d,true,
49819,c7161c1c29dd70dcdf292d643dcaa313d8cea3d05191f51e5e885acc7adbee93,false,5f94ff0a3498c2e403ff895d03b8cb73844bf5833b2fe5ffacfb6c974df7ac27;2c7216d17ec4ec08f6a7fcd449ffd98c2e44f72aa17856cc0a03ef92e1c2dae4;b984375edd0e50683a64c96097ff9d97aa63f3fa6be1df80259803f92cff98e1;69b6325410ed3c04894a33f855cf097975b09b827226f7e565bdbe86c5b448f6;56a96d9841d22764287c9a37cedf97c47678690c2507e0ad1cc5e5539080cafa
49820,026e5a5d362cb4ea40c73e38d7512bce9742b13ab9dd78b4654607f1723e62e1,false,995580f9f29a2c015cb2e4e3b9477011ea187c5952eb7f9d9a41b5d6ae4e0667
49820,380e2b238302f6e91779b5f2dd1173fa6142e67f605155a3264cf3612396a63c,false,390ed774929cda004d4b363999e92d3457ad17c57b446542722c4065ab648572
49820,447c8d3c215deedbdb4c1f95fa5c44d71fb5f7c82ed9b7550a9a021b86c463e6,false,026e5a5d362cb4ea40c73e38d7512bce9742b13ab9dd78b4654607f1723e62e1
49820,49d7e47db44fa3fd650e411bcc0fe197fcbecb2c44e0414909d1598f491dd15e,false,380e2b238302f6e91779b5f2dd1173fa6142e67f605155a3264cf3612396a63c
49820,995580f9f29a2c015cb2e4e3b9477011ea187c5952eb7f9d9a41b5d6ae4e0667,false,380e2b238302f6e91779b5f2dd1173fa6142e67f605155a3264cf3612396a63c
49820,c059911a80d2b52780920e22faf11bad30ba1fff808cce6bc750a71d135109dc,false,8ef28249e5d50230214bded5ffc7769fcb3c6d937779a5aabb6a4088e1c8b78f;8ef28249e5d50230214bded5ffc7769fcb3c6d937779a5aabb6a4088e1c8b78f
49820,d52ef09a696544f062bf8ea68d8ffb3b3aa6aaf5c7017271334b05509f5c624b,true,
49821,19e306061d28711313a84bc35f8a803b5047377cb74f5a9b4116be7a0c9eab37,false,9011ee788971c307da7d850490d5c571aa36c9c18f5c3ba157d7ac319ee4c360
49821,9011ee788971c307da7d850490d5c571aa36c9c18f5c3ba157d7ac319ee4c360,false,c059911a80d2b52780920e22faf11bad30ba1fff808cce6bc750a71d135109dc
49821,cb2c688c4efcaf23dd418b3d1177e0604030576aa4e67c1faba1388727e735c6,false,1dab240c95b9f44e00687bed644b791c7871cc8f252150c32733b6684b599481
49821,e23ef3b95de2d09ffadb1d020d98fa1d3444d30798b0e323b96d139b54ce5732,true,
49821,faf172f5dc06b0ae03268555dddcd65be47e9a8a8bb44a122b12bfaf735f9a81,false,8cd9f081122067f41db92bb949c58d584f72ca3a93d86f3783d09bee5b4b7d30;6488df3145ca55940bf31cfa285d786a3f59796c64c21ffea7fab90ac5540c5c;9801edcaf40dcd15a679e19819295b967da8add6c1e236f9423708b548f16c96;05c9b94ad48e5a80594df8a9a6f6ab4d7329019b4445a8fef3092014ff73ccb2
49823,4d4b8aeb24fb72ba08989a86148c948ca23227e7d988a299ac4db03c9797a241,false,bcfb8cd8083ba83d1b3e2735c55b64ab7ddad12c43e90f3ccbd245a7f869df89
49823,9db13ff9cfa8f2f75f2f0851a9941160b2e09f43ab56edc351ff109828855a51,false,49d7e47db44fa3fd650e411bcc0fe197fcbecb2c44e0414909d1598f491dd15e
49823,bcfb8cd8083ba83d1b3e2735c55b64ab7ddad12c43e90f3ccbd245a7f869df89,false,faf172f5dc06b0ae03268555dddcd65be47e9a8a8bb44a122b12bfaf735f9a81
49823,bf47d342deb909e06545aec7e7f48412f47a2fce0e78cd5a34380cad67e1c978,false,4d4b8aeb24fb72ba08989a86148c948ca23227e7d988a299ac4db03c9797a241
49823,fda024f9b968dcedd5a74cfaabf60876eabed25130c655ba949f56474574ede4,true,
49884,30f040467a4d007cbbe7f9c4628583a1f2a9a6c8996c8632702d0060a440f81c,false,41ad58a9fe2ce74f9e90a4e927206ecefec27d318a642f2bc650e69509357f81
49884,3ebd3a3d29a79525d99438ba70e46bf28b43b18a59dabfb53e71a6d3a56820f4,false,caa352b231b2499f2ec7e471b762ed96c71d9e7fd88c91d91f08d38fea2aed31
49884,73baeea01e1ebd40b45d38296129b49ad6a83727d9b97c7ae3b42cef38342155,false,d691e279ded13484a700e5a0e001248f6e93641ee6b21868d7026df61d2dee3c
49884,fa2bd866d53af10dcdfb3998087861f07d2d456e644afa5b0323fca99d13aec4,true,
49890,74ebef9ff21f1323b81e33f43589f75669b69e078ca8ba5ac2c22f8743b313b0,false,cb2c688c4efcaf23dd418b3d1177e0604030576aa4e67c1faba1388727e735c6
49890,a5b9735e984a51e6fe86cfea481a47ced6090051e8635b42d7031a96eca57f95,false,67b1a656c0b2c8cc8871cb6febb25da58dfb14f9878c2c79f2d4f0fd8acbfa37
49890,a675afb51c9c51736884cd316deef96e75de111b628bb2c7dc7c04353d2dfede,true,
49898,1034c152bfb553c271e7c72ef8e88b573896b3b1be0438b613d6a3b6ccbb2091,true,
49898,b3c017b1bfd3fac8b628c14435287f496a4c6afe6d5044d7e353eda9964873a5,false,3742181f074c68f1b6c91b191f8740d93d187624e0ad8ecb805649888a411c32
49898,c420d55d83dd6c9a2257ed8f036aedeb6244c5e4f695f1884e0478150121c330,false,74ebef9ff21f1323b81e33f43589f75669b69e078ca8ba5ac2c22f8743b313b0
49929,0005dc67508a538cf66aad65bdc1249dc5e369e2b44171e55e3642dfeebaa0c3,false,4f8c3e8f399c0098b5b76f30b29fd030b722c2af975f3c52f128d00dc136a6b2
49929,0e2859bfeab7a8937a7e2be12690cc16aa35fff372a52c5f6f4824c33b45e491,false,fafe8ae2eb13d79255f71f6365f5e37b6e1f327445440a154d9bfda33e3ff2fe
49929,25232c7218d6b2106bae865cc63f27cdfcc4c2d793e8d1f5dd7292c65657639c,false,542745a849b945daca711667e01c395f5cc906d125f42c665c75136cf174e940
49929,da22f9136e29be4ad7c09d2d26b8a44fbf72e4a1d81056d65e8071ebf06d8d6a,false,d06ea078671afd2230045a619c035fdcbce202cb622d07721b41b9085a4ca40f
49929,e78b017aa832d9519c4d7520da9e996d59bad51cc1b2e3ec1584bb59dbd2a425,true,
49995,42ebe18e0337f365aec6c0d624ae4b6e8b30c5973efe6759e54da7fbde00a72b,false,a4c878b3af2f188d15cafa9823a70fb3b3d2d63fabc3d02b4568ea55df7a1477
49995,d08324c419d9c515319e7d20a2cdc8bc545008562bd58d31c57c7ae92c75138f,false,9540730c7812ea224c1e648e4ee106eb8cd20bfe96dc9a53bb96ecc958223d0d;b71a440c55874ab6957c62e27abc26c5d0ab426dcee520bff06891f5ba90d97a
49995,e82ccae1284d6567efc9fa8b7cd660e6368ac17b314b4cd1c45f25a8d0507010,true,
50001,7940cdde4d713e171849efc6bd89939185be270266c94e92369e3877ad89455a,false,76a8d70a757be5055f60be076b683897cadaad6b7bdf78c43e39b9d59cb4a6ea;0dd0394c6240355f4e4b3c88028f678ed746cebee3b3e8509620733f018914c9
50001,e1882d41800d96d0fddc196cd8d3f0b45d65b030c652d97eaba79a1174e64d58,true,
50001,f84761459a00c6df3176ae5d94c99e69f25100d09548e5686bd0c354bb8cc60a,false,0d37522b89f991f8433b80f709ad31862a54435cd003f25732fe405e9db93216
50083,4c34accd47499c05f948ab4e316bbca8015756e9890905743cf6266da0276214,true,
50083,b0eb2da2ac3454481e949f895eacf6af53e4632316c73bdc03c7cb9a372e71c3,false,7523f8697aff2577cb123094b7fc3cb94c91d6f5c1026de40926039fd04badbf;bb2369eb1670b6f027ae7e83f2b91c11c3aa8092c2a9795897eee8c0f8450dc7
50083,db32ad272e94f833a32f4e7853268f282db4b275959fdd43833820f529536022,false,721352936fbc5edb343e5608fd067f2d481c9bc6365215a037c7638cb8b1d6a4;903ffa019dbe42498d939a7bc37b67513275f92a91d8724c7d6fecf472126089
50091,362f11c00cab6dc36cf4a88bbb316b3408eceef0e36c0530cad281a0593881b3,false,eb7a4771777f44c275c4148bddd2175a634afcd959fd9daa5deb590820897f67
50091,4d6c4dcd01fecb126e61151b2215dbe6e90964bf5ec263a4e97d2d0860ef39ef,true,
50091,a0fcb84943a6448d75ca5e567d5c2e13218baed80f36ada75044bfa4f476e07f,false,a5ade50a0534a5995592d0d5e949e96c96d283733a811a412df1fa0e8ff92b8c
50091,a5ade50a0534a5995592d0d5e949e96c96d283733a811a412df1fa0e8ff92b8c,false,deab648e7978b17a7a67ffaa6184be742f77564f721b60a14d3207fc56a69a6f
50139,189230208f75b870a6c30f635857838b72d296b8bab52dd6bbfacda77875d3e0,false,400cfe3f920eb8e20e3f532fad430dd77999e1331db6c76e2778a0a08e45a8d8
50139,400cfe3f920eb8e20e3f532fad430dd77999e1331db6c76e2778a0a08e45a8d8,false,11230873db9db38806fdd549f537538b6e3cbe349a8b3b65789af68ec2fef862
50139,cab8985829fd516b893c5649eae85dd2266208a07acd14be6236a1a4550e0256,true,
50161,2ba037ea7ebb1db66a821cfb943335988a2f6c17e021e09662aa12e6845cbc00,true,
50161,bc993a21210376bcbc7811dc65a02a0b9eeed163923ecc150d01928867878997,false,95490267d4ea331327f21057f08081d9e2bc5904a614bcb086f0da69e6a7bd7f
50161,daa66a5da7e8c71e8ed937d7364323f74e5e0ff33c55970394ad4eb8d58abf63,false,d0ca207e83d56a86bf6d74eab644b8500d8b8c6764d2e89233bd87ff30249103
50193,a9e81a56ec6efe271df4e9130c996251955677a84800ec669e964d387b80211a,true,
50193,c6b628d523b0d52a0c7194b01500435523adb3c207f97c5727c1e7aac58d4e97,false,d55bc7ede46e2cfd01f24624944fe2fb9a9d14287eb9f82d73857e671a2d6121
50193,c995b6039f836f39222020cf0b387227e3358074f4e62cac853d718576060bea,false,03c5e7a584e5f3eeb910ed03ee631054cc55491a16bac5e30463e14d751d5d18;ae9e18d9b03d3f21b80b9a61195987d7cb3e40628a902dd186b40ec8f530b66d
50213,21402d641188d8056723927c0c3fd191198b05e5c7d1a4cb7b0b39874ceddd11,false,ebf4bc09dc0b2cfbb486239c7720ab23feb22dc49fc8489c65874995bc75d693
50213,3043156c3112ddf3de57506c9e9aad3a2c316b2a5453b21aea1affa9c8d017c7,false,d146d1d9431b2faa331c09f4b5b45769726f8848857c4d3aeed0ccb8f57f7506
50213,3c20848f378ab41d4046ecbf247237e2f26fc0bd95da9c6a188ae7ecc3e298b6,true,
50213,54caac6a59a0849365e887e50ec40255d2ddcb9b2176475c96a468e5e32b6929,false,ebf38fbbf89033e2f02e6b317b51962e9a0c1b81d26af468d9bc9eca1e9118fb
50248,093ccc8f820b56a5128de17f98c516c3eafe3869c7acb03c518f0cd2c91e1bd7,true,
50248,aee0d7f914043f7ac7bb3602feb5a5239c92842d9c366017838acda16df45a26,false,409b4dff4643b165981e3d9ce404126dffb203f035edd9f120f3b3ef4fb4d0bf;0f27122ab5240c493ce89f4099eb2333d26aba9466ffc460cde0df78d6f861c1;f2342dd235185fa5bfefe5abe70a78f600a112ad1955f4a6f9120f69ddcb58c2;614256166ad0f4f9a09d904d9cc908cde6f4e0ae41bb8fd74eb0c805ea9276c2;884553312e0c6abd7130cd0e547127c6adeb3d1cb91eabfb9cf76dddf389c4c4;cef630cf18ff377b7b84a4a0992f99d7813662231264f20b4f467dfbc3f8c7c4;fc5579e6f22866e93995e50da630a3d3befe63df4940549d94a268bb962929c5;fcd68f8fbe8e93d2e208fe191c5c27e645f4e210ab59fe3f52c46375d07d6ac5;ce5630bfc5d7ca1e7c139c704d8a8097742bbd4812d1fb19cc7f4c2737bbd8c6;df72cfccf3f64bcd646b34efa52b96516172467c6806afd50f0276fa52e473c7;4a2379ecf80b8ce488fbfbe1018c71648efe4a487d9aa822bc9ce2cccbddb5c7;2a5b2170ce3cbeaf980ac3ffcaf0451c0d2d3b52ff0a543733b82cec22dda0c8;8d181252f9d43a0d39f2bf63f218cefd40dea345678a5ffdba2174f4f72b08c9;f77194f654760256da4e0f02e8d42901b2a06a5f93ca4460afa95d2f692b0bc9;2ce7e90dacc612b8025b8affd30d2ef3af05de2eb5e10b0bdb44a42359c8efc9;970606e807852f7cc8ecdeb169a89b549e4ad77c0ba8934ddae59b35b14d05ca;256b9b9e1ddf4265bf6fb16b7aec8b5df82af691e491b0799f64c06c47070aca;611bda5d9a2d80b2000616fc09687c6674f617e7458185f2fe4e2e06c989c2cb;2a272146064daba054391f09865f542546a0a3e40c5b760870396800c24372cd;f44068b717adc149ea81ffc2fbd47bbdc35f9ea33e7b6b1473e053940e82e6cd;ce8a83dca65d31c8cc8775ee3d87e4787764b3d9701feab34bd12c73eedce3d0;316abd414b8e7cbccd1f35d827205bf2249d8f4c2980b65965ac534c35a6e4d0;dfea04fa8ef62a176a7b63049be206c60d95bfa4956206c552b9150711e91fd5;80ce2facd96fdbb31fe396df0c258be36be9f4b4d51a80e4eebf465dd35a45d7;b560cb2a2024a7e465f39fc3323e5b49bdf4c9c3637e6336a5d29a0fa8e23dd8;9bddc582b4af85766a46d09ae3465c9ffa0019df2981c0baecf1ba889e1b7bdc;c43f32852cb59db8f1165fdf13a561ed32d21261afe2ca186a0932b154d348dd;5524231ef052d96d58efa6cc490e2319424bd15f80aba185ac341d884411b7dd;a77e3c47e79175d47cf8c2e9e665337b57ae99e7e5405fffa031a6f54258efde;ffe84dc23bf5f967ad01d68f2c97437f3c8b9006f80208a9d588348de2ed70df;bf5979828f71889df902b58f2e13782b0dfb7798f6392b7ace20fb9cc2ce8bed;c098a13b2e89ea2c37858f490c3a861ed4f3359f713de8c094367f5c4866cbed;2e8b2c52143b27eca96b0bec1c5ba84b99ac8ff2934971a7c2b4f1fe3fa613fb;cdca3688aa84cf8a4b7d696aa52500e7e3f07c066cfd326bc9352a64af38d3e9;7803d5bab9127f0d19072d7a088eb70ceea34112b70993b949271a5b85e92b20;d5d4f76a6beb6d636825e43c29133fa751b77c6acc280afa23b3e870e7161179;de3ec611a66a89c7be70aec287e3e63570b8d0cabed8f65eb3bbf7f73bf44e01;bc993a21210376bcbc7811dc65a02a0b9eeed163923ecc150d01928867878997
50248,f0d75cca4d5ccd9d0f762a47965afb19d7484f0e597b2de93d3e11e3432698b5,false,616005fcf034e027e79f005adc1ef484d8928edf91539d841dffcb1e021a9fba
50259,45c9f310317a53bb88bfefd5ba4d2ce025355fc27bb7bf4965ab36ea905d64b1,true,
50259,89b3325dc76ec46e0283c2191c2653213d538858978dec501bf90f3aecca1edf,false,400cfe3f920eb8e20e3f532fad430dd77999e1331db6c76e2778a0a08e45a8d8
50259,8d0e7300fbb85cbe39afaa6997cdd938989abcc59ae7d1aa782d68810f7d0b21,false,f6bfbaa1bd69e6436f9b62450a59f74a7c671ca4c1ff3c85eaf8aad356a6218f;1facdb311addbbea9ba70fe4499e81769df7b03da4065054cb725b24977dbc58;df9f7ab9cbd4e9bda3b558cb5539fad7a85aae9110278edb984717638c310ac0;dcb8bdc820cf714c864781c29d6053d3129d2b9efe06ed91addf2cbcf6e8a045
50259,defa4904789e634bb748d48d7111610787535975b6fb76bb5dd1d8c038819fb1,false,89b3325dc76ec46e0283c2191c2653213d538858978dec501bf90f3aecca1edf
50265,48096dbcd659143abb7803da83332b5cb29f5da46af8eccc71a9414b560ef1ef,false,b0ca70532af78260d802f3c4740a2f83ff53b359b93aff1b758f6d524ea395ee;82973194467d84ab1023a1d5ec6621b1ac6b48f008899bd9191e6ee88d2d56e8;568351c7b26c69f56c4b57071991820673ee7181dfa621583150841d6b83f573;49a7bcb3d0b7e92c127f4d8bc25e119074613bda02104d77f4ef8d570130ba3e;2672d98907a98010e11da8638c1c4cd9916a3d14bebb66df91923a9bb2ee543f
50265,c6c29fff87304715960be6c25e8d5d5f27fb9be7d0e22cb0b4eb7e36f7fbf07b,false,046c9a8c4217a69c556f9b2f9603d7a014f5a480ca46a4148cd6b726abe3239b;4c336e7a25f63eb5c1bb21cf27bb78e9dd361076d55199b14acd42a6c5fc9694;bda10eb62b9b9210872a86047d9e2c597cff6fa7b52e42cc4120069c88f82588;6b6bdaab163937f5db8297b5d7b105d26543c3101886f5d4535f8f10a77bd6ac;b3ed4de254fac63b735d4ef4449bf89bc5ad98bf139a5a2575b61321267f217b;cd47daac36efa53ed23f813eaa2bcf47e603172cdeb2948e6e0f27403592cd09;2958bbd1eee686c5e11d7e16f96fbd73f394cb1051f76864f3b941c4de4c285a;dd4da7e1fe65d278157376ac58448e794965a2eec717f5eef0adf875441c3469;dba91fbc693b8173e30a33f414fa40f28699b1122be3483685f08de516d7fa59
50265,d8434744001d636dc7d404aba95e420c0579cbd79958c459f9372a3a2193af6f,true,
50271,085a03785163c38fd7c19ea2de190ba0c72d76da0287fce2342c80bf979ef7e8,false,45319f351803a62b03421cfd7de947492b9af8e452f283041916b2225e631c05;b05ff60fc431e5bdc8826f27192ef5cdfac1445cdf8bbb9ad1e087c4ea547a96;fa364cde71d5227b70098a8181cf4133a75c8de2534d380e5f781471a23842ab
50271,49771d2a614d3b22e353e11999a69c0f19fa93a40ee9843a8f30b6e1320c6c60,false,06340340a6f3371d47f5a7c004e2fe33ecd4348df362b294a30c030116e93f63;23dedc9343eb7c43d57380cb37b221ed20c2fda0d984c723c39e9b4bd74263aa;2c22a85321f0226c2510a87d9dc9908fa5564d10a06a261ac0c59a62883e5e82
50271,8a96c6140afc9c04d10a35f0e386846f6a0457fcb3c738fc9c06939f5032f840,true,
50271,9eb28f3f5bf590a16d3ce28b3de434e93b6bfc721601e0672ebdc25bb58b4257,false,3fcec73bf2ac82a71c53e23f9b354e1e51ee90a0da1c2c138ed2ef3d774ca996;2412e062df23339f922ff6887259672c877e559c2cb22b0c2d869b891cea9e41;715555f5bc72fa366e873d914c148b7d0d56657d79400cde8309ce46a20f022f;10a9928d272d416ba5df6673b96503c099d28ec127f7eebc519919399632912d;dcaec8e0e338970388d086691ae20bf31b4765d7d332aedbb4100bdea930f459;e43c53dc399ef256786151033a8745d64710744194a923d8bcc272807a54944f;b924194d1d9279c7193127fc63ba570f774896d065071f987f5b7a4fc81b1563;103f5e9ba70eac3c12af0cbccab78bcf08638ddc792d85754b50be3ac90fff90
50271,b40f926a9c3dcf5a6b7b36d4f8f1e3ad2408d34e8ec8780c59e88fd57e9230b8,false,055b282a0cf090f0e53bd00d46c048dce603538e4b56cefa9e916836c7aa371f;b244acaf42ee5e452d6ddbfe359533e55713e1030a5f37d63b245e37ec5dfb3e;3f3af9e7297b63ed0332a643513e6da68c733a60126b85a2bd977f5fd320c48d;4b553316e2cbfd6bd8954957e12362b5d9b06d63bddf6a12be60f9620ec449d9;4eada7d4465a3bd6401d7608111df17073e05ec75e829173058422b807d64067;41b309c2ec157b010b92fd3a8baf76f7a3ad41fa1518b49e3c3a71244a21a92a;ddb5fccfab092964e9f4ff98481f3c4669884ad361fa8687ea83abc6bd5aead6
50280,003ebd03ef40b4cdea77fcde1fe4915aaa5b7f402de6b02ab4d25b79b674c4a2,false,73d5cbe1c9d447f8951046a882615404214d40c35d74856a570f0338d5f45d15
50280,73d5cbe1c9d447f8951046a882615404214d40c35d74856a570f0338d5f45d15,false,e0924cba9d541638b0b215431b44ddabf96bf4f78ced12a2adb06d9751b5196b
50280,9e427d33c9072c32eb71153894aa73546e449b28e37c60c5173d3974c43eaaab,true,
50296,59d4b2fba53edc6ff723dbdd3fc9e25c0c206c49edaca7326fa030ed12c2da94,false,57ed1f7eaf6ec044acf5b5903429db177b40a99238216da7d05c8a5950334d0d;393d9ba3afccb0193fd9736f87bfb7b21877a6701b7a33ba64dfa882c1845090;5c73b4bfd924a8774aeee0b0f3ec054dc66211c0b19bfe959a50ec37af9aa425;757204523d86332ee5978bb098f1ae73e50bc5039ef0d647fd7c1c773214a049
50296,aae56195ca1ccc63a7adb7f0ce0982e87353c454924f6364e5f484cccb182fcd,false,d2cdf0526e440204bd5e634d516b0fc19e17da4aba7fa1b154dde2442b4cecf8
50296,ff1fe7ceb61c3e86e8486a16cb4b34ab165ed55f173512467a4f7a8e0ac909dc,true,
50301,1bca07662ec58e230514a6aced19deaf1b3b221ea91a7f7adbb75bb8ee0945bb,true,
50301,320cdde6bd6ae4caef01bfebf82904c8988cfae7dc46b5df3a9130c928f9369a,false,5f3d90c4ca84cf54a8e0911c3e9afe7c32193bd891e16f777eca2233bafeaf25
50301,9393d807b7aecedd22efe374a9d7da879251ba5185591fdacfe6823975313b5b,false,5a07f9cd4661027a2d601405ffdc4dbbe1e14427a277375dde7b4f69673164ee;a36c4e76ef0250c4519ba9a893102bcf169e7587d0b7f22cfbc341ce2741d5a0
50301,a37eeeec8a158d76d7983a5cee32803920c38afce47f3771a15ef07eefb1e81a,false,8211adfc42cdd16ffc91e0531e791d1f77c4e3ace91e1b4de66c423ae004210b
50339,04dbcd13c1c490fb8afe7066ff67cac7b72c00f4aa198a3dd36baec7977200fe,true,
50339,532ae4285010acac849245335864aa9b279d163a94cb9a6a79833b5bf93f9155,false,289e5734df50bb685fcb5b527f070ed7d51c3f45ca4f30c8d383065186b750ad
50339,5acc375ae9be8090befb3bb8d9cfea034f93f34a839f792f024c8feeaab424a1,false,9cbc4873fb1320370223e00e3a86c88179bbeee421236d8642aad5a614be58ad;dd9a1bfdf338abb1f6bea0f2f0d2c07c4fde239fcce1123c0b2bae948039b2a9
50346,47cd95dec92e7fc0d9bba657be775d71ffed76eed9f7bbe2e3e26f695dc5d513,false,85abf157a8fc430a0e61d777f08b6392cee9e4f65b45206ef40d13dccbdaad32;e7d15ddcf8b3275bd354476df87ceb9391dc5db67269acf04f2ded6e2731f573
50346,e7d15ddcf8b3275bd354476df87ceb9391dc5db67269acf04f2ded6e2731f573,false,85abf157a8fc430a0e61d777f08b6392cee9e4f65b45206ef40d13dccbdaad32
50346,fb18f665f6f59954b6a3f115fdd9afe58401b5fb5dc47226d385fb8eb7392449,true,
50359,590b2a2374ff45092993a86a0043bd48fb8331e86870caa5ec131d750de9e9e4,false,3d4a330ae35aae6486b4724eb447848148a7028296fd5099097e67e3ef0be871
50359,89444f2e0664fa2ead6ff43ba6bae7b5598586a0fa172fd625a8068ae2321b14,true,
50359,fa9a8ac995c12e0910d9d58adc2040c650ea128dd0be3a67f7850c49f1324356,false,64748b0f56dfbae3b5d7e6b3b9ae26133380129531b00f9a2c12623fda04421f
50413,04116421fedd8d1648f440242f4a4ae8efd94a26ce988682971a70f5dc7ede52,false,ee74beebc571cad32dec920c0e5ff76289fa0ee79126bc0ae81b840a43ce24e2
50413,0876bb8a520cf530d6f7f2386529b0e530a6359ae50480c56c2382ee84d8f5f6,true,
50413,3592c9a12c24803dd9c83d1cf84396a9396651700e4810556d22e94e5550413b,false,3ad7b0db2935ca67650bdf5bf9caa37ae0c5ca82a0aebb14f750e19237e7c844
50413,49cfb6ca93bac54af925c780a7d19807334f5cd22ad844b9880911b90d78570b,false,ae5161d4c6638a5c529c9536e1332c4bcfcf3668c9d5cee21c8783f6908fa045;a8e6bdda14b8b19e56bfe33c972d704e0dbe46c4e4259f4bd097d3b62300f71d;6d501c9e9efd5ab4a537dbd089774bd2c0acde765bf06a9b3f6d1a0541e3afb7
50413,4c7b10c815201caef4c38851fa08fdfc36242cc6f66bea931026ffd88d3097ff,false,8c45e25c2468084b4ad6c18ed3d2dab8311352554cd5bd5579028dca8541da15
50413,7a07df5ee73118593458556d13686bb4ae7df7cb3b81358132252c4cd3ff630c,false,e7e9f6a6fb19fc5a2fab40ac1c6a3908f1f6d5ed82e7d8397d2c90b49912ffad
50424,054d941a833c8f2eeabb0f8ddb7b2c0921eb3581b15190073c592c2dd1c3d196,false,5014bef512a8a43e4e447cc16eb53c02ad4cd87e680269f10e6c81206e553fe5
50424,4ac74858042c7911fd5d7d6f23f1192823b6dfc3edd2d5dd3ea67d593fc65d1c,false,3cbb6feaa924e1eba23648e7ab7e07cc9933faaadd1b6cadbfc9295ce90aae3a
50424,6d0d907083f0835e03297f6828e0ddcdded0b034e122f9d071ccd1d5eafd104e,false,96d62ea72faf5f5d907eae671f9db002c9b05b568ce16a533e8d8c24d9763c8b
50424,83223facf612271ad4eb6d81dddb076b1302d5e81cf44a737adfbeb5be3ce009,true,
50425,424bf3dffa0fef5a58ee4c62e22d3991a2c342396a9302c4ddca4bddbc58c232,true,
50425,530dce1730f2d44be3aeda00a24f72848d16cd3f6c53fb1ea0d2449cc8aa4435,false,9ad823e5dba6d0d8879f59416c3b21b9ce99e725d4d4c7d729e543c88e279a44
50425,86c9a247fe4be6b7b2b5761a7eccb16f4d824105d4ad3c93c82c50a45a79a2eb,false,99264d92bcda408ac3e5ee6539cc38db731f6fa9e8753bc397d47da842885415
50471,10917955b6735da74c85df74d88594b7f2530488cf427a0ce0420346bd5f840a,false,a37eeeec8a158d76d7983a5cee32803920c38afce47f3771a15ef07eefb1e81a;d0e7fce322c043b0f740d4b7ac523f1e58fac3d7ce8782eecbe7e6dc67f68a19;7940cdde4d713e171849efc6bd89939185be270266c94e92369e3877ad89455a;320cdde6bd6ae4caef01bfebf82904c8988cfae7dc46b5df3a9130c928f9369a;30f040467a4d007cbbe7f9c4628583a1f2a9a6c8996c8632702d0060a440f81c;7a61ce5ad8d2b08eefa39c81be4df9a75a9b036d201ece182248a31b49533294;532ae4285010acac849245335864aa9b279d163a94cb9a6a79833b5bf93f9155;3ebd3a3d29a79525d99438ba70e46bf28b43b18a59dabfb53e71a6d3a56820f4;5acc375ae9be8090befb3bb8d9cfea034f93f34a839f792f024c8feeaab424a1;f8736150540b19644a1a82e68daf3356fa9101406b26b8cffa5a98a3eadc7ec5;b24d0b39bb06e8405d3658e9b74a6efb2c7e8898fa2205a30a19a390f12d816b;a3fcca4681192c4a80f27fa9bfc6c4d1467d24f73fc19e0692d15921e833cfa0;3ae1f1f942e203594a7759b044bdcf85b1c2f5866f1fad2d0c5de54d429b4f93;c6b628d523b0d52a0c7194b01500435523adb3c207f97c5727c1e7aac58d4e97;73baeea01e1ebd40b45d38296129b49ad6a83727d9b97c7ae3b42cef38342155;9393d807b7aecedd22efe374a9d7da879251ba5185591fdacfe6823975313b5b;f84761459a00c6df3176ae5d94c99e69f25100d09548e5686bd0c354bb8cc60a
50471,3edd3677f7a1c25eda6c1d413f613038f880fd922cb4c70face0e652becd70c1,false,168deac2af46e3551b39e492290478abc29608ef9656f9fb258eb147f18e35a9;f7dcc8bfb4fd43dfe127e73d7e6902dcc245dbc422f494446f4e2aa5873e8566;8d35f4ba430dbebbac9413a18c3dc9f3cef87ce0795e922f5665644004bd715c;8437ffdd0f89528d70cc892d6717a055883086a098b26473518adbf69e72a726;f48c26a685e3418a600d72a94efb5f4784d5b6ea0feaf8c5ad87ba81392b55ad;31b9696ab82de2688e545ead94c5a70cb4f472f1522dddbd315909d639d2d85d;f33c4f32c00d901e920279364efc31fef041acdc14395693429d0807ec6dcbbf;a1ec7a21712faa68753b6cb53217ccae88c0134385eb0a2d275b405b48983efc;2d1b49a8380e62a9544f6982873f0d57cf46ea958b77de058e37f8827e23d648;810ebf1a0dd13e27c96bb6e8a7d679cbd8f037089c3ebfa87525111ec50113bd;44ae58f5649d9ed3b43b6e0b6d525ebc48ef598eb38c02ae551bbc44bd3d0b9c;339d8f692141f2f54f2d450ba9bd952e8c5e16e23bbfc53795d8d7a47b154b4b;172bbcd846bf2a896c1cbed6184507cba59b66c481c82dee87e25304fda7d92c;c5ec2978bc911259b59040fe2d8d7b96371737482fc60e4f3dacdb145396cfa5;99d39b95ecfa12898092f4b3f419ac24fc5a356a7f162beb26678e78bfa8b3fb
50471,9588bf8dbefb105ec270c2ac14cbdeb6fd53cd6b37efc2480effb7c227115978,false,91d180106bc805b1d73703451af71b2d770fcad8b9db519d5637816a73ef8e50;f5dcb1ae039daf162c05f430295edd6fba45e5a5b03c7944e263c1662ccc4df7;8dece4b6d66c05e151c44442eeb0de420418deb20ffaceb1819d8cab7b13ec3a;efcd4d08574c18bdba7d4d9b54b5380964c19773d3420629a2746691713fd74d;5b36a4639f3d4b1477233cbe9420620b5904f8694ae3e9b479ae7982aab1af45;4b121b02f58003d1ec55c506137978a6d58afe8d1b32fc9b4dd4b4206681f6f5;d12aa93fb5407bf5248165eab1053efa027ad43ebfa8086d80ddd556fdebb7c7;4e399c662908809cc599d0dcaf11fd55b7701bffc1cc3b4f8450525fda152c86
50471,a7ea71cbe8bf1d13d127a5061797a806ccd12a6f966f4c51e97ce636c22c36c6,true,
50509,65321e322939a617a001d07dae48b41f86774b12a7c66bec4df28e7c0ecdb175,false,2890f4384b37c52a97d8ce6c00f421ac68f0b3ce9cbfd05b6283e8f1ae984096
50509,992051cd26d72ab2ebffea8f91e517abdb97f364077c664e78bc67b36018cacd,true,
50509,fb60abec4a2bd5cde85a4a6c5d28b23384680672f38bbdf74715d37d9161ff35,false,fe9ce79640d9ac74ef8ea2f8e2dde8a50b58aa115b393660d84abfd63e2475eb;08d625d11e0634fdd3d44c1c6a9714df1ab20879e59d4a51c8926c72ddb2bd96;906811c2fcbbfd7b16f8d4b635d9a5b0069786becb8ae79f9820cf4f4b052abf;220edc6a7c7604dd6bf5dd96e39033d5f08d0169cbb038850b6e98e51cad2c30;c420d55d83dd6c9a2257ed8f036aedeb6244c5e4f695f1884e0478150121c330;bc2be1765a38f604376e16d84f5ba233998396f9cb8a5b186e26ee4587b6dabd;590b2a2374ff45092993a86a0043bd48fb8331e86870caa5ec131d750de9e9e4;098f5328b5f443045043bed74ea5ded17e79781decba55ac76e9b1c928ac9e34;7b079b8108cce3709a4febeab2c1adea8299a7dd7b7053666a756d9346b1c815;fa9a8ac995c12e0910d9d58adc2040c650ea128dd0be3a67f7850c49f1324356;1dab240c95b9f44e00687bed644b791c7871cc8f252150c32733b6684b599481;a5b9735e984a51e6fe86cfea481a47ced6090051e8635b42d7031a96eca57f95;67b1a656c0b2c8cc8871cb6febb25da58dfb14f9878c2c79f2d4f0fd8acbfa37;6a648c543b2dd1fc504e70cc3fd8847224a8368153c7036751eb4256bb1bfa6c;65321e322939a617a001d07dae48b41f86774b12a7c66bec4df28e7c0ecdb175;19f7901fd27803bb871dd80c836bca7624bc9665775f74ffabab6aa5b37cd1b0
50634,1c591943e92d74a7f40fa6a5e6549079ab7e46d1a4117e08848741531e5c1313,true,
50634,be2e262bea9020730534551328158b6276e88c8caf06d9a8938dbd8a4d318fd6,false,d253de4c4b542cb24da42c68b14027b4962cdf148b693591ae4f9844bd3f2327
50634,dd7e10143717dc37a7a4ca4e04a50d618be68c039ad402d1a86f2234e8194cde,false,424ef8d5dade5b53440679efd976830980cb6b159d62744e086ab105cb227679
50638,1b41cdf25e2a274c19d0f6abd03ecac0e6ed4dc8340a5555f970a934af4f3fc3,false,fbd475ec060aca9f9e1e739a3d8a084a8fd004ec7bd4c7275fb05fa6bdeea6b0;48732d93111f50383d945874348eb04fed0e5a5bfbd3b545262069375e10364e;0d4846ca6f0a673640469019b422a441309f7d0e663c1ad2071d7c0255713e63
50638,309cb716dc2dd41f0c66657d17b36ca4d4cc2190a374d1094d8b3a4b93f4ac83,false,36e8b62001e49ec7c9a5c8a7eef0f22aa9d731501b3e3a406b941b41af5080cd
50638,76d79219b6dad7f7252ef43e15ae1c38856c2a1ee21fe51ea03970e9096a34e5,true,
50638,8a604773a673a3b756a135b2563e90498a1ac1fe069656a71ba7ba0c326e8452,false,215f9928983a4010d96537347a1d908c525226e0bf3f3052413b3f65efb1a0c6;1e113115d760e82a1a4c4736a29290645fac6f4129176d1ad7336526591dd997;ff42ae1ab0ae2fa6712a81652a1f7fc9329cb12cb2b295aab8467897b2817fea
50638,c9c7c03b3f0126c2750065e5f2aefe2c757f6b156fd9f46830b916ba0e945cb6,false,153a79cd20d9a2a1d9407bcb7a06d92a01d6fa4b9cadbde950aadc9fdf460d73;a6b66ae7e72e3a450193e467e096ae99869387a539fde1d3a4ccbbe3c87e4e3c;b92628cc1aaf3d7069af55c7219d44264735ec90638632f2e7b0112323a9b795;ad36714296a98990f734a3587896f3fea6401b35da800a5ae5a468b1dfccde3c;1c990a920b7f981b188b4dbe8e4d61567045a8324d3af6ed28ececaedff590ba;161153669a3ad5666d7db325a64fa582eb7d91c529300b52043a84634a48c792
50640,197077b08dc65d50ac727c05733f454bc1797c9f308a4a34791d72c870fe1135,false,1475e613956d2afc01e38465de6f687d87505501b687287ea2a8c769f06b4872
50640,5e890ff63ed1e7e1487d230d9f6f362244f270f46748b118f352c3b4009627e1,false,1034c152bfb553c271e7c72ef8e88b573896b3b1be0438b613d6a3b6ccbb2091
50640,677d5a4690cb9e7176247b9f371272db00052fcfee4a7eb30fc1ffe415c1a553,true,
50680,6153f3b2f3440d01d01e065bddac2c7c4e537a3ba337278b1725679f05352a2f,false,52afda35ca91d8c2ad5d880ea7821c3f42daedc3eb30666b4dc43499d3701d3d;bcfb8cd8083ba83d1b3e2735c55b64ab7ddad12c43e90f3ccbd245a7f869df89
50680,8ef820c5c338ec68aa382c6d16ad488e00076c04848ae097d3523b00ba2a09c1,true,
50680,d1c853d5da014a5742b730c54b73fd618eefc1169fa7659a9082dafaabbea403,false,995b7c105e35aaa9c5be17b918aec992cc69050414ea2149e70b818429172fcb;e8da06a54aa38d48c244c35f34472533effadf03d16dcfef65834a12f39fddeb;e878a1ecc84740b4d4b11a64de1d90319fc1d55b6d96b22a7133274a85ef3bf8;cb5f117d9f583884d012031b2167ca071e76d6394ab66fbe1957da3c46273439;02117b022cee2b1fb98b5c1d5c0f28d6486c7b23e045f48e6575508306e0c010;9e427d33c9072c32eb71153894aa73546e449b28e37c60c5173d3974c43eaaab
50706,0a5dbcb4a1fe2069ec4f611c58a311500e744134073c3d41e2abda6c8d4d3a0b,false,72a8e7492700430316a007381bf0a597b11332d47383e4d83ba98c21c3968a07;3bf10f50c49cc5670ca487405d537bae551653ad7bea75ada75d8812917d1019;a432fb57c8584059d4ed2662485ef0831b068f217b6cbd56373399e46fbc2b45;032140d05ebb023d7e3278a7d329674b8e9469a125144ff34374bef10737067a
50706,99ec5618840805a971bb39878e7ecf1bc25addb8f36a43b8cf59f9a1ae8275cc,true,
50706,9ceb3985bd6e698256f054fcd57361668750b1ca228cf80d059d9a0863a1df40,false,aee0d7f914043f7ac7bb3602feb5a5239c92842d9c366017838acda16df45a26;87cec5d5da50c0703963c62292f44c96bedc8ea9cd3166f0aaf953b27d0d1fa5;89a4806ced91b086c15f45b90917b63264c0cf2d11b1586d84ac76c3cd5b3d38;d1c4b5d51774a5e04743f2bd0c8bf425358aced3948dfbbf0f83ea5190b61b82
50713,4662cbf83bd46fcfc9e7b020f88b17b8cc43841a6e46a5ac94c5947c92afc982,false,a5ade50a0534a5995592d0d5e949e96c96d283733a811a412df1fa0e8ff92b8c
50713,cae0fada58ad0eb8592633fff246138ad646c8fb07e6a661f126bc738f69cc6e,true,
50713,ebdf980ac832af74dc398344f4bccaa4b31f249b57cdf4d0dd51d2c010b60076,false,170c28c0f74ae1ce16e0446b60b1e18498a1000679126dcf49b3ae84806f8cef
50772,36f315f12aa5dd223225fcd0c3e25182be193f3d5a29c0290142040391ca034c,false,396ecfbf6e8f1a8b24902fbed569f091aaeca3aba6f7eee102ab39a43cb9b51a
50772,43cfd9480c21426e048a08d5cc92ed697310b29f22492cb6c4dd664b0fdc48f6,false,caa7df4d2950ce9edd329fcbc912985bcfd75bb60dc94340f5a4d182821d9c87
50772,8381edd17267d86c6939539740a151490847249ac0f85bad9e84a98fb264c10a,true,
50776,082181066d8be087a5d50987e9ed436d2bc8367f50437fdafc983527007b4121,false,3bc0fe18fc29e0a4acb60910a41063c9e8c79c6d5de28ebf41fbdd47cdde94d5
50776,4f12a0a5aa560728ceae819f16ddb79475a220c80333a5d72a28a8c946989e68,true,
50776,ea1125710e6d72413d2788af4f6cffa55115237a3e08171d23ba776b6482e673,false,d464ad34652b36aa732c1def0dde45474a41db2a334709706e8c54975a57b16e
50776,f62eafdea4175b4d02b190e991c1dcba94b644ba18655652fb0aaddeef3b8e01,false,1a9350b70440ce8398edba1c6d995f476755e8fc1621c7390f27b88e051bd784
50784,5f2061ffdc3f73ef3a48547f1d8ee7b1b538034144b071e9d903bdbbca8e3194,false,aeb1581c8785285ce4f532ee0f0b842908ed82d68c464784f5776d90e9dc13ec
50784,95e252e29deb0c8b480a6aba3448eb0213222a6eb8c4d2ab92bd71397db1e374,false,00641f7aebded66cfc18e10b58f707e2cabda07a242248db18bb1e19f4ee5201
50784,9a8a583f53ebc9dfb64a501a8100caae2ed6ef5f5155a8db1b7f418418d305e9,true,
50784,a80be673454a9821e666c5de9053cde1974e2c71ef31b716ea9c7eaf24fd6237,false,5f2061ffdc3f73ef3a48547f1d8ee7b1b538034144b071e9d903bdbbca8e3194
50784,da2e1f9224dd7b26e77c0be47101cf2d29851a2008615de0990a6b4e6e82b5a2,false,a80be673454a9821e666c5de9053cde1974e2c71ef31b716ea9c7eaf24fd6237
50847,1d744cbb96c144e7857345436feaab387d5dc5a0f287048b59d1ed1edd385991,true,
50847,6ca14d43e811c45821c1ffe58d2a8ba8f0b95a1fcaf065ffa0ae50e3ebeae567,false,6e08cc937a9ed29bb810d1f7774b228927c0a9ef5062cf06ee0ac93746328bab;f1642025214dbfbe713bcf64838b8bb02b07854141280878a2be7f294d0a23d4;a78a1a5e78b552b435be8edfff80a498e1ee2523f0ff0a9487eb3f74b309fcc5;552be7f4bbba90cfdb472ef05ab6ae6cfeaf97a24f80fa206a41bdb1c1731181
50847,a322d591d3746430ea683429fd75fe35915f6bac3866dd8d5db631a3feb97e6f,false,1dc8578fffbd523ced11dcaa9d9f6b2f30c929ccf1c164c3f2fa0695e1eb6f5a
50847,d50083c4417fec80e422abbca20ee7be32ad5af8eae20ee78c36a0bf5831c2b9,false,d4dcb2097f61e29d1d25b049c2e4508a108fa1e3315d6c2f0d568a6ee8bb7604
50864,554319e513999d47dcbade3b12b17af3b4b82f967238331babaec667ff829bf4,false,ad8dd59d8997670e6be96cabf6b75cb5dfd5fd4d0470323ce798eb9451030ec2;76d79219b6dad7f7252ef43e15ae1c38856c2a1ee21fe51ea03970e9096a34e5
50864,c46470f16c379d28ec5b594ff2df0235e29a071e9098342e43e36df2c091aa0c,false,a322d591d3746430ea683429fd75fe35915f6bac3866dd8d5db631a3feb97e6f;41e2d62f3f6795bf5711de6ca20280bf6f691d14a462c246d26f7293391d97c3
50864,dc1eb780f016a224e0b795a764335397859117c7972de47868c6ed05b2779ae7,true,
50865,2e08408e12fce0e3190148f77615a960c9df3745378e4b72545269d4dd1c1d98,false,19e306061d28711313a84bc35f8a803b5047377cb74f5a9b4116be7a0c9eab37
50865,3360d1175825c95b9396e3021692289c96e59334ca6a1787f9fc991a4c273a9b,false,2022a65dc23d1c09bed1b7cf36c99f61bb3bffe623f069c85d9775b72c9c7f0c;e855986b950667cfa66712910bf64d77250feb566b7c7d7c7d3042e153e94e3b
50865,8794b9dec7bc31118f989949893bb8f4a11ee19835889cf11af410ded5f4135f,true,
50865,e35f21860fe04aff3796060e4f4e6f85893657cddbb4bdb51637768883fa5eb3,false,0bf7d479a1880fbf76d278d8a9609686053b8dd8d1bd52937365f28e03c91b91
50884,1c3aaad9906c92e62b9a143e592fb0e80db12af4f696f6aeeab95c6914ac5e37,false,2a1bafb1dc3c76c01d8974d5109e6e5a5cbaa021d4b073010a0b3665aecee3b8
50884,481c6e88b6e05335951af39f0e189f428d3b62ecfa685f4d74322339c7220b6c,true,
50884,d662e3c3e6945b34376d6e01af52eae7927e5ecd39bd5c7f94b818d170b408d6,false,7d5399466913e8fe352fcc133d090796d4440a8533d41d2911b96a83655fc1a4
50884,d6799167e3e3099536ebc6334b66a49f72501b73e7c07764053e65f8afc1a875,false,18c737de2d996f38bc584be3cb192ef2989097732246a487d3b3a4815e2dc1b7;18c737de2d996f38bc584be3cb192ef2989097732246a487d3b3a4815e2dc1b7
50886,2e2356a248dee925854616b85643920b9997a6815aee9a165c6699abf87c9490,false,170c28c0f74ae1ce16e0446b60b1e18498a1000679126dcf49b3ae84806f8cef
50886,350e8a228cb660d84d7aba79da6588089880e3ae1a34229caf03fb5f33bb79dd,true,
50886,60e1fbc90991ce9ecfdda96a5a5712d933860609aceaaa2e0f1eb3e686866d56,false,2e2356a248dee925854616b85643920b9997a6815aee9a165c6699abf87c9490
50886,de9b52ff598c522cfb2546b3d51b28e56ea49f1cff6dde40a0323df596a030e4,false,9df85f16bab6ff97cc19546fedb676d90f517fea2aa2762bf0abe69c752abf7e
50889,06db2d77e2690ff4e3c385ceb7113328e18c8f60e84c30f7d6b8203f659140f3,false,562cb2a7feeae948466a15acb63a1635d7133fc8dfa47d9d88d5d86f3be3b22c
50889,075447373c37100b2dc4b05ed45bf9c5a9b34d506d4678e54f0e67b3c9dda5d6,false,1ff607c9b531f93e37c0f9357439ea3577bb6d995b002d101423a72940e37396
50889,0a4f18f433399c6376c1b3a0b7bb0fc81c7d8762aaca5c365e987228114ab1ba,false,06db2d77e2690ff4e3c385ceb7113328e18c8f60e84c30f7d6b8203f659140f3
50889,0b859784ca38d483cd156aca61fd8ebe1a8cedcbb888be2318a6adbcacdff070,false,075447373c37100b2dc4b05ed45bf9c5a9b34d506d4678e54f0e67b3c9dda5d6
50889,18ba1c4e8ccaff3b7e96d5da2115b7fc695fe7a49a0a04e5e25840c27678ea76,false,a5fc4335ee7e630a53725f8fb64639a68f13fa4ee338a28e5e9bd4ae41d244dd
50889,1b046f72c00fa2afefe158609f7ce1ec722690379ebd4417b6ae45950e78b26c,false,ac568a0c78c4b29f04717156ea8cd163af80ee774f272eec315c8f9a0bacd697
50889,1f8c4d7aa65b581f3defba8550ca51086dd4f7648ce28f1ea405f9671ca06c0d,false,681ff24a3291c18e84b4f23afdeb112e2b4838e667edbb8da49efac283de80e1
50889,1ff607c9b531f93e37c0f9357439ea3577bb6d995b002d101423a72940e37396,false,8232c142f5bf559756505183b45000d8c6c453d74e4a14c636ba8abc0295ab38
50889,23d5c77d8fc56846fc5af901c0da32a1f173b01f3e42a12792f5108a7843829e,false,4eee0d1d4e81f93b4d1f247f7f591488ec883bc9c1b315e408a6bc28c206c30c
50889,36503f58a2beadffdb0d66fa818f1521caf7a94fbe5e766ce9ce4b5f611606a8,false,a104c52e4622f486650a1a28edb6c0f2211d07b9f2f03106bbd74bf8676f0ca4
50889,4eee0d1d4e81f93b4d1f247f7f591488ec883bc9c1b315e408a6bc28c206c30c,false,d8c1de03bf62c74c8b0f9660a83352d93225e8dddc6fd6ca21ca68a34a579748
50889,562cb2a7feeae948466a15acb63a1635d7133fc8dfa47d9d88d5d86f3be3b22c,false,a7e60d205a63622076b0ac200bec6ae225f3edc2edd77cb51b8f1f019bd38584
50889,56a756ae490a9b1f970f1e2eb24ee63e5bcfcfb9565d27a9c1aff65af364232b,false,78f41acfba2985b1ebc28164608d5a9a48271faab902c03ffe20b21019424173
50889,61b807a24ce941e77874b3076a1ca406366fb063c9b645e2304620dec4ab25a9,false,a1abb0dc74d953c5fbb535f1f06907c96f022d743a0641a563021a7b68c813b7
50889,644ad9deaa1f11a07aaa19cac013b38f1e30f95d9a74409ceafef920992c7db8,false,0a4f18f433399c6376c1b3a0b7bb0fc81c7d8762aaca5c365e987228114ab1ba
50889,681ff24a3291c18e84b4f23afdeb112e2b4838e667edbb8da49efac283de80e1,false,1b046f72c00fa2afefe158609f7ce1ec722690379ebd4417b6ae45950e78b26c
50889,78f41acfba2985b1ebc28164608d5a9a48271faab902c03ffe20b21019424173,false,1f8c4d7aa65b581f3defba8550ca51086dd4f7648ce28f1ea405f9671ca06c0d
50889,7bf4414cfdd11850ee8063f53e455b01cd887e34319e2fbce8be5a3e97bb4996,false,18ba1c4e8ccaff3b7e96d5da2115b7fc695fe7a49a0a04e5e25840c27678ea76
50889,8181a2e914d36f56557fe9659df61cc0efc16ea7108c2aa1afd471d1f327f10a,false,7bf4414cfdd11850ee8063f53e455b01cd887e34319e2fbce8be5a3e97bb4996
50889,8232c142f5bf559756505183b45000d8c6c453d74e4a14c636ba8abc0295ab38,false,da6b12e6da10427c09a89eb9c3cccdc8b806b184739891f58f965dc81190cddb
50889,8b52a26a8b0f978a435f8fefcc0659161526c99244e933e5a5e6ceb75da20138,true,
50889,a104c52e4622f486650a1a28edb6c0f2211d07b9f2f03106bbd74bf8676f0ca4,false,eb38db073403cc6f09dfab12307b7993d07a052cf2dbe367116c4eed4e8fa91b
50889,a1abb0dc74d953c5fbb535f1f06907c96f022d743a0641a563021a7b68c813b7,false,23d5c77d8fc56846fc5af901c0da32a1f173b01f3e42a12792f5108a7843829e
50889,a5fc4335ee7e630a53725f8fb64639a68f13fa4ee338a28e5e9bd4ae41d244dd,false,0b859784ca38d483cd156aca61fd8ebe1a8cedcbb888be2318a6adbcacdff070
50889,a7e60d205a63622076b0ac200bec6ae225f3edc2edd77cb51b8f1f019bd38584,false,d28861d0b29d204095ed1450331938a4ba7c409427324d624e145e19d6907798
50889,ac568a0c78c4b29f04717156ea8cd163af80ee774f272eec315c8f9a0bacd697,false,36503f58a2beadffdb0d66fa818f1521caf7a94fbe5e766ce9ce4b5f611606a8
50889,d28861d0b29d204095ed1450331938a4ba7c409427324d624e145e19d6907798,false,8181a2e914d36f56557fe9659df61cc0efc16ea7108c2aa1afd471d1f327f10a
50889,d8c1de03bf62c74c8b0f9660a83352d93225e8dddc6fd6ca21ca68a34a579748,false,644ad9deaa1f11a07aaa19cac013b38f1e30f95d9a74409ceafef920992c7db8
50889,d9a57438bf940e190d58a5e60c980984c13069f45d422186ce01db3cf229b601,false,61b807a24ce941e77874b3076a1ca406366fb063c9b645e2304620dec4ab25a9
50889,da6b12e6da10427c09a89eb9c3cccdc8b806b184739891f58f965dc81190cddb,false,f7b4a6421e19420bf87f1bb33686128c670f4ed455a619b978ab141150e1ea60
50889,eb38db073403cc6f09dfab12307b7993d07a052cf2dbe367116c4eed4e8fa91b,false,d9a57438bf940e190d58a5e60c980984c13069f45d422186ce01db3cf229b601
50889,f7b4a6421e19420bf87f1bb33686128c670f4ed455a619b978ab141150e1ea60,false,2e2356a248dee925854616b85643920b9997a6815aee9a165c6699abf87c9490;60e1fbc90991ce9ecfdda96a5a5712d933860609aceaaa2e0f1eb3e686866d56
50923,6622c3fde84fcfc66ab0a9b97788cc4e956368e3a0f1015d91a001dc7ade2729,false,c8723a0bef03393dbf0853849860721acda7ba5e7a7fe2a202841d01ea3caeb9
50923,a50a72580e82e91c9eb3340a36ef07e9c84ffdeeaa9d2e0a54758689269e3577,false,f6b10b160df79c8a3ffc4a9e9513fdc36e8b80edd23b51a8efdf55ff7223fc39;fe0c0e133a8afc48aacc2aa6b1426601220516a7be6e30d7c37fee3f550349ba
50923,c7c0bb307ecaad24461744020d05c8d151ed5c2c2e21028744a5bce7ae5715ef,false,5af80c7fbae0b3e90432236a60024434aae2536bf3748a2da2f9bdf7109d6e30
50923,dc936cb7c8204ac2366ece9362ec7fca0d93fbe8482614bac23cadcddcdf281e,true,
50960,298d7c2d5c4dccfa5e2e0cf02bfee06ffb7396c1406d8f7908691b1ad9a8c0c6,false,2f87156f824f3110481828d8d5aa4107ca0d67e49535d665df58c091e3dc338b
50960,8b0b21233a4da74759810bd71db542c28d427fb7a535d3e127f577d00c9a9683,false,2ba037ea7ebb1db66a821cfb943335988a2f6c17e021e09662aa12e6845cbc00
50960,aa9cde587eb14b697e31b6ce8dc6310f59eacc6fc46d85f53d29b9d6443af193,false,3dace08aec052e43720f804c91d4dc069587c7a788c31222b297d403f226889e
50960,ad5adb70cd54e21149ff6e6014cdd49ac714527a372ac5e3e099c1a2adca120c,true,
50960,c41c1bd543df64ab196db24547d4f6b8cad019aaa22776fb48dc3358d26fb1b4,false,17a94dce90a423a81d9b4b04c160d8929fe0534cab9b368d1499accbda7b02c8
50960,f0f324d5dc73292d16fc2f25eb7c9386aadaf7ce9d8e25ddda172a4aa295caa2,false,296654fdb59df22e75231b5b9546ab841bd4b6c60f92bf14ae21b697e8b78194
51031,be48c45610397d56ee3eea812cd9be6884544fefc50181120506ab6d88c0a25d,false,b49db6ac08e6787aad4719bd9589ae088ca8a5a65e72dff69cf64f7fcedc06eb;7e21e1d8989ecbc942b9342336fb4e8c420a38250bebfd8d9548ae844adb2adb
51031,c8d4185e9cbf540febc860d735b26be68beb640274a35f12997e98b8b7495d0d,true,
51031,e5be04a4a1717d0f4272e3aee75c91887a12486fa274317ddee9eb5e8e89a019,false,b6b2fb4f26200a8b20401e194b35c05269e5273bcf82467d58ab42eee8a5af9d
51049,37e5a2596f2a1e4886bc6e35e828a8952cb39b8062931632b27c78f96c7524dc,false,6d6ab18b93d03d02d50d24b321dc1321ff273153880b49ec9e19ab9a382ece02
51049,48af66273ca1c7a884eb33eadab7aed3d0708d5b4439aa6805049cb0d81d2369,false,9c03e56cc89a1058447ab5081a823f706d0022c186848d2462d3aee450924200;f3241faeb6600a2e72fa503b405824db2c550bc5482a88aebedd6f22714c3301;ad1c7ba0ae39cc03ae8540cae942cb422d281e5dbe5e89ec8d29789467a48b00;d53497075600e946a02e9ca18b782d107bb456093a08784f878f89a12bd95801;2d437a09b3476addbe4ca7e9afa8f1213157dd0b63bc619ced1d73ac586c4101;88c311956ffd6a5da4bbf47b76fef77873df381eb8525029cdaff0b844e67e01;d7dc77e523c30c8fcb7e52ce4d8794461ddec2fd3a087fe0c5bc1b8c2b13cb01;1ab30305bd815523b4d96cc5a447ba83cb2a710007cf3fec0e35987bab209901;9784c84ed34cebc02c3c7163fd55a10fd4257d442dbbe701a488d4312a259e02;8ae5c6cb41c5dee72cd5ec6de5bced9d4d88a94e232e9a041ebcbdca17940202;02c03d344594e7e9a3958d74dbf48cc2060106f68402e8dc6615da5f9a951f02;c7c69b0ef04738fd6d21672b8fde48c6b1e2b23034e8c27c62dfb97e64b55803;ddbb6ebf8f4a58a309e8e3a8daa369ff56069d8fed0daee1f9cf151998588503;32b73e429a574ad933e6b3133e07d4064f7d18ae02d82396225b0e0876b3da03;2d2b52501f962bac2490a482173d2f3227909caf69345f6bd5d35dc4726a0604;c1b27a174de8f863b1d247d9e4fa22ad9aa0a118b2d31c59bced5b068fa21e04;026053351b452c18aa6896a1ec3ef42c4d3577589e40e8e8ba9d6074ec592104;2d5b802cb62c8bbabd6973ca467ef67ca0e4cddbde9314b9862e11b790195c04;cd4d92464af890b67bbcc12bcec505a39224bd1806c1117a1844e45c8da86004;26419bce396316df4698c266841a77072265ea911d87104d76b4d5b2c3eb8804;92825d07fa05f81fc9238662db94cac84e71d5cb8d71ac2e0fcfd97d799e9004;4e69adf1f8d5f40e6dfc741cc522a70db3c0e1be49670eb9584e86d3b1d4d204;f8291472a32b40a96fc574257d13100dbefb970ca59ae72a845759fb95fde104;6df40f42cf7e5ab20f9da2eabfda960f421c181ded26f1778e43e700d0430e06;e1b91c296c681c96202d3733d01c109eb8557f440f14e66aba335eb4ead23306;36d779d336b73e8cf6fe297ef193002e1543609732c31a6bbf3f2dca833a4106;571a48056f9f9b36a18a2505f6e23978d2fc379722fac8188ec1e30727188b06;8794b92e1e452bde6a0ac0641f77cb70481637c620c0188477d7341a2c421b07;bef7d7651779d57dd7ffc5ada2c0075fb3f4bba429cb8640c446c7964326eb07;edafbaff9a267365d2b3b822bff8c8928ae8215d3bb76d8e0b88a747cf690c08;8ba8d63600703f29a60eb1ab80913fe2ce46fa289c6a82fb19b5cfad3f65ca08;bc74baa6e9533d1a21447ba81fce0b3fed6e5318df07117511f57e12a163df08;15c0c84b824a91ab4cac61c16b5bf712d55790364836e60c292606490bd12309;81990f4c115d2fc7ab4802d5e9c5047e96b586fc49ff41d2c54b6b6557143309;2ed6ca72cf24a2b152faa971aca519a3da6e37372cd7f8980ad798ad36f44809;81ff5963c4bf85a05c4d18d20e0cc4c082a6bce973bc83be8f04bfed8a876509;0686bb0777e784e9a0091defb8d8f69c2b259330ff7ddb9670e4cb42bca17c09;34ca50eebf168cd6f22d9bfe55e071a968fe04b9d75f160e8364bbb7996fa809;8ad4e2a558a6aea6ef861d695aaab416c92c0b3e8f5a836ba22a0c1b2df4bd09;f17358d5c6b2aa8a76137237cb694ecde98fb12ebc6834a129e399155468ca09;787a8f4e9ebad8bd3e06702ba7dab2f00eb794c92cff2c5bd45c43e6b695020a;b010e1ca8936f9eba68fe81e0c695059f94922c18afee511595ef75349ae810a;08aaaa2d8e3e402824753ed9e62b2ff6d5532c17d454797a1f956e8de97ba80a;6c1aa07845c807502304c12db81ccf829e58d4496210ea4e05529e5d66fec30a;ecb2d7e0702a8e6039f5c2de7a80394cec046615cbef7e27fb7004613022e70a;02003aa57674789b6c8efbde34020e8c2ab801bf510ed0ff37a9d7784df8590c;3ded7b35ff0d500c570093ed0e7408a8c02564a964dbd6082a26348a5267ed0c;eeb4c50c094249c9c1a20f2d3e1c9d095d419b13269a02c088c51da7e1f0f40c;bc8e40e53e155dd5f695cd3c9c17333a3e786a450c03c3417e9365ac7679f50c;bc7705949dacf0ab925bee917f3d4717ec532928b4da3d9a81cbd4bd6e347e0d;7fb27c4a8cdaa3d48246c861c0a74cb73375580cb0f4c7d25de381420e31b00d;711aee08aec0c41775503c1af0ff2840a6bf21313ec037523217af1e1975e20d;98dadc928366def074585536facf623c5e20db775f889f07cb3d083b874a430e;088044d41a42624583cf681b4ad7b461f0e60a880b7980cfa2cb89838d63ab0e;db70db67f7de5eff7ab42888f505703fcc9d60140b231200a558425892e3b90e;eefcc29c2b11bcbbe7aa5a81864c6f184917b0a85c10e8dcfac52a8ff7d9590f;21cb8ddd03eb382062518d2ded36dcd814338ab36d29d8e040aee074fd8d660f;afe3c115148fda5f1630f32d93d142e78b4a51f380a3a097b52e1b6a6f3f6a0f;3c73c8df41a498dd49252f3d429127a5e1f28ad7775dce8bcb393d5a01bb8c0f;b5ba88ef65425f8a85cfd573e9024fffde8f500ce142c8b56f914b48ba6fa90f;897377c5c68980345b9909a4fe3f1e401bc11e06ef12b7b082a3835e196aeb0f;0d619bf1986ab8dad88172fce438a381111e4f5b5aff93c2dd57f97d88de3310;7780c89e946e345ed4e843bf95e1c7ea85ff1a567cbe8c537c5c31bf4fcbe210;977baa70d03b9eb150b1edeabd343e66032f4e689f6536184605b1111f26e510;893005311e5be58964758c911496eb0520eba4e8e4fcc248a2f11a6d2f7b0211;1606422b7a702c0a22d6928c529a08136eb54b8faa00d8f8e04a43515ec20811;7166ed2cf8ba3bb8b33d6814748b3e3923eb4248aff81b1e36f11c06cbc92311;038fc6f19afd94defaa52a5691aed2594ecb3bd63f4033a55e66ee0bab0cab11;cfcb9603206c27da8e4c23ee8671dc03b29a1e64fd27fb083761e45bde41ca11;83a5357a8abde7c0b13675b87dbe4cedc23ec4771aa64b4b4b769f8b0dfdf411;7b7facc8b672aaaa8b7ea7bcbb2d62ec7e1b738a05b68e6abcf434115d4f0512;0b6cc3f2cc9ff396b1d77ba4666e920e29509f7d1c24eb0e26185cb5af821d12;3745ce97ae1d22f835dad6bc7a519ffd226ab9873a0bd4f46ac551726caa2412;966983ce90b3fd0fdd59916d56a6da06ed0e7d7062bc9f48be58a58e480a3412;040637d96ae48edee98edea14200ddb853f34c10a9ae7328fb742b328c755212;3a5abf8b86434119cba5171354fb104fdc531a609283d1fbdf9ee71fb8229212;96951acaa186c59cf1363f32e17ea2a5f3accf5448846b7a733199c66b3c9312;547f18834321bea7517721dae8df7ff3864fbc614f02378f13e5a8f3eaa64413;326080d940eb21536378e1172054b9fd121e8dedbb80d4cab09b0be2977b8c13;c9f6d4c5a24562e2d1673467831f3f17377aabde75c79d104d4d4456557dd414;11ad0d521a4263713bf7f7ec93748e6c25171432c4d7c4c91a9817f9695ff014;28b22df592a23a2fb8ef67b95f64961f563c69963b37237d09bd383d217ffa14;5124e184e5de6dff35b0a97a6b4fed9521b2a947048d4eecb604525055763d15;bfa73470ebe0a1c5aa6785ece0e962de6ef73ed507acaec9edd510857028e115;514860cf0dcde731eee35b96acf95daf2d68a8883454c56c5b6b562268fa5016;de001f9ecbfbb6a499a36f2bdf6fb81890c0a6b979f3df9b51cb21f68c436e16;b792d973652b32e29e436ee18b030fcb784c899fd2f2ff605477dcba8b7fe116;987d864cf7f57268e1e8325c4bc567bf2cefda07ba096b846eb4e536044cc417;ea47d4dadc2be5640f278cc6bdcaf6518dc69334762fa31a0951e4fd3d635118;9eeff37998188c5d32d13820393a35140621385f7cf06ef2b5885ebb53e35418;8690cabee62f6377f4a0f5bf0b19ee6180752116f49ac08f5fb7674ec8465818;948f9cc88cd956883e5c6f1f44e32591bcec92b9a214d49bbbef28d73f23d618;d8be962380b5c1b86cfb47cd4d06d8814c737c0cdb0d24db912dfb6857bb5b19;acc9f761faf6e95d2ec4824791a772acfbc319f55ff66cdf5552ef0b46e77219;73f75ccfadede933694455d833d4f863585cba743f170d74d0b8070b1b1d8619;ffbd66cae1f84b8531f271714ee1d77f68e6352677ab2eedd7c08ef116519719;bb84f878ac31e2f8951b1e911a03ffaff76e4b170392780a2545a93ec9acd319;b077b57ff34e1bc7ddf1af1f286139022952dbc94e036f9caea9194eccc2101a;c0c2f871ef1ea45853fcdd231f8912e4336b240c239503c974fcfc34d69a121a;2b9f87e390faf541af4da222abd61159ba9e053398faf66ea5ee766ce4ab341a;3e5b4ec471e7564353e6097f42dd0d8748ab8233b34bca36063d2a70929d401a;017f10e193caf8b38af71e1e3a59d70ab05a4c3e2e8303e0957f0e050349841a;48969427c66e535c314304539a85e3573399c73a63382f0599cba3eb3772bd1a;eb416eae0361ed0c7f3e705394f7d8f309f831bd0fcf51ac2f931176d0d96e1b;cb2afd4c0be6b7103da2b6a259376921dafc47feedb6b02740c8a08a746ec01b;8014372bffd981563099f86dba5d7dbde9d25eb3c9d8417206659786c32de11b;4b4e149801493033205a1c2186360d8f70ed0dc4d55b57dea2072735f2cbe41b;f4a96ab94e64c27ef453b31d636557f70466e58a6e988ce55dbb7da65bf8571c;1c91dea3c56384ce72b9bf2a8084fcae0fde08a7995af75d155f281a4524ac1c;27c4c8699c38b289863dadbeb9f734dd4b1358497701d709a49fb785099f161d;1066e44700e4843c0873912a3320a4ab27cd34db493416db7db9b831e7ecb71d;c0ad5e18aa9f7bcf482e5a793c28e1a5d490ef6256732ab04036f222a12ebb1e;1c95091ecb0defc55e647429364748b5cffb8b71a37db674bf686e0d32ead61e;d9c24d6c46c3f13ac578f2d6bc3ac15517207f7986bf5df4bee9c9de8b1ceb1e;6214d73df90972345acfe5d5456c60c2ccefde103074b6a5548512b707f1f91e;6d6ba16defdf5478ca216dadafe07e0263336b531351fe1ee2ad421b04a2dd1f;bc79ea70a1599a74ee1e04edce8c68feed8024e240e1fb6968d2b4efb85fd120;92d722e9154d4135acbc88a667d134c40f919fbd809de2f2d3165bdc887af720;7e148d67d0e2c05151efdb8438f0bfca0f6c88c0d6bc94c512935c64b4c78821;183a5107d476d43b4b479f5bfd9eec5de894167e4504a02fdbca4caeb6b3cc21;7c86f16a29b253bba4aaaf4a0504ec5a706a5a77c564957fa17eb7da57bb0622;13ce701a795a576b42b5d190af397c9e4732f4fed06d78fb01421782367f2722;c724daefa3ca6ca2bf49fdbe0452187f803855fb591763b47acc7b96ddf6e222;3f7e789bbf1dd1a57ea4666fc9258dace0f1d4282b8e8993a0d9a8e94ee7e922;dd67e2a52189f03fa32cf884924eeedcd3a4c9315367db53c281328fbad92e23;f0b90a6302c69315aa8de384322bf0773508ee70f0a16658502629c824e48e23;5fddadc8d231ade34f63950c84fe127ac55661bdffbafb0da14b95d627db6324;32fc9c72d6f81836f76bd34cf565ee59df61c0a682e0765edd9c8729bee6a224;c04c7106eb42962d2034afd851bc8a12fae16860cb908e4afac41106fa2a7f25;89abb67e23a6038880d31a6ef594a73d3e2068ea8ceffba939d5fb0576cbeb25;391cd0e041085e91f2a4d7108ad891055739ff2656376d2522ea45cbc23d1526;215bc74259a7bba3b6eb6c7547551891a755e70209b77c0572a76a7b1ca35526;1db4bf7321668e1cff598ee7c17345a0b872edeb97d32b9dd095a9a7ae5bcc26;12c99b049f20d8b6391d593c9cb26b22ad4d61b116a441cb54d708670ff28b27;baa9863b76f2f7b9f9ac8fd18d4f06974d5752cffe66d9b57c4136361c3ff827;33e48e307a81f86abc426f19e19bd3868075d608c024da1cd02c3b928a02fe27;0c3698222bdc7deddbac8ca887678213f86d9dd371e96288a8a68e5b283e0a28;555bd3964fa6f6ecfafeb61c72d3c27df61026606d0e6cf746ed63677bd73b28;4d693e834ba9eb6bd8f3cd789890ee64fb611412e61e86e6f9d53571ae766b28;84c1cb5551389f7ed2513f58deb2f63badc205b5c58a4c47cf9716f013ae6c28;11b1dea44f8a6cdadff86990c54f8b831322343dd000cd6c61df991292dc8728;4ed0303c7e08c843137fad856157d9cec1c19edc8b9ddfc399d4004e8ca63829;02e6f7c62d5811fa768293df68b70c3a8756686f643d0f9aa7298aa98445592a;1358e1bc1431a22340efc26646ddf477b89e6ff0e9ef73f4db5b53219a0bbc2a;3299797a97d8862c2b0768cff3a51ec7dec40deecdd62a7107b6c5e0ccddbf2a;725288fe93196fef3661b1ca5115a957f5f745a8e0ef53ce7bc715a17d26c62b;4e5b6f44e2bb35cf5c8f161ddc91e955b326c992b88e2b87931616dde7d1cd2b;142760d6385514bfdb7febd7c57b99e320c21a1091d84538fe4ed5db86c3e52b;3a8f4717d68d43c011229d1f959c8a10a6e134c2036cea7a4b58679f6d83242c;f46182765bbd7a32e5482323d9db4fda62ac7a5d9ac5b6a78f301332348d822c;79e9ef19b6feee1b3055b7855eb705d081748ebdafcf503b42e8f2a36f8a4a2d;71b057068f1428d85fc9c6b6527b410913be74fb721167addae3b0d9f60e602d;4373ddfff6b58b92a6043ff6f86ac50e5d59afd1db072e736c92fad218dc6d2e;15fadae53814972ed7c2c4470aaf5dfae237f5f13ac63020496330ddc84c2c2f;51ee3a5eb52b679e4d5b2287d8cab86ab4e51e33f4ba59f83ab82cd2394d352f;0aba4e296f22bbdffdb78efa747ec40d44acc165dba6075459deb5698999462f;8350ae8a915c3ce2881c4b205d0e329bdf54e9a109e78485e5bf1f8a2f42dc2f;b6a5e8ce882f75081f1988e7da7a730768a5e8e1103dad2599394ec49c9e1230;6bfbe88677d44ac8f63f6aa89f49db33f5612e1522335aa6711ec314728a2330;303866956cc4641d6c348bc0ee06908e54a5ff430aa516aa28af779b71fc3c30;ba7b18bdbdebf3e13ff42758dd427c1b1a68722d495c2e17ea25758b14447730;0cccd1db71b2cce6dac6da4a30f3ec863ed04a5cc677a8753fd18cf6340e1731;cb9c35aadc28b1528b69b6a51e2a3ec10c3e6e0df1ef1261e83a0ca5e0872431;a3c74396cea171a936a1ee80a1b580e6ad751e8425bb42461f2bc982c705f231;b0a822ee42b03372abdeb09424621a73b8b138608f43c75abb917ee873e42132;734c696de71b0da1682fc3bb1e41922a92634f7ecad9347d01b1814e0ab3e432;d9458033b618fe5f45e946e35c0b557656b714b9322cf9c17d6e0585ce674833;1d109d870577e0015c8c44f0e23c497fa83ffe0773a698f9b17239ef8d425d33;8a29f6672e7d4dff2e21bc26fc2f82496946c0fc27ef5d108b1237cf4d418733;73d8578c3d6b03478eee4ee57780f5456b07d87768142b3800e8a562e5fc2534;8e45d7918b7d1e665126053ab7adf60be9a91bbb591be31c6b131484949f0f35;1643a59902c67943204e1e10f3eef879d2321f2a75be2e2d61fe1186ea819c35;e0f43bfdc1a5cd81036c563982091e85bea239c3a80f87459589d7e0f79caf35;d11168f09dae69ea83ed3ef3ff7e2106c52a341579d1de58a4c58f9cb4472e36;11ebf3e43d66effc6d4a9ea7d90e7d9f6a9e39033a7aa5955661c6dcc35a5736;8f6b141b1862da752e6a84de45f7b2668397064dd24fc6b357fcc99033807e36;df5411ebf6ba90b5559e6a60deedc0e1d057d5e764bd5b37dd96ba7f045db736;84a33f4a22b2b8e6f5d7dc99050c28e8f87ef4fe1cd02c157ad27456ec690637;ca55ea57904deda7363c9965c6f6c13d1ab371b1afe0e3a35237cecb1e527638;0745c4dfc6e46af4427a21e65e79344cd0b692ca7782bf92f4569e4d480d8738;16d7b88788fa2b5f1a4dbe0efbb2cd628a50efede5f71813f8ad0531e3b0a238;afeb8c2209f5bb63be3863b4f29abb1e6135e549a137d86852b9145ad779e038;31c7c7732a5e566dda92f0ac41826ba9abbc6796112d44757107f6c1003ce638;e16b94fb0da5318f1d1107404914d2b73e239c44b043234cdfc5701156d83c39;85a482a02c097090c331579016567e2c404ddb27d8460bff6be7cab051e15d39;19e0e65b822a210bd78739a98ca3f7d9a0d44a626ef6cbf6e0967ecc55ff7739;53cfc6c673de170b8190a972814697b6f40499a1e39f0b78f5dcaf42f1bafa39;0d1b9590de19306b7a03d74cdb1400a5c68ec2301297ed473cdcf4258de1393a;052e944b090d923b9ffbbdd87dacef5c84d32a341790fa62bfe517c2d986433b;4313bc3dc5e9123a00026c3a07aab71d1b79cab2e169fecde80cb0a0cbf9873b;260e28f5fa0bfeb382abe5a239f5516844866c6abf610c256abffd8215ecd13b;c9f413a514dd03518fd59f2fac6102b1b4a592c2f5149250ce7dda0060360d3c;b2e77e82f2a14c5f310e160fcc21430a1807c1c70f4b41fcb7296fa7b9e7d33d;520aaa5904207c17666eb4f009f63fa6084f305795622197bb94f654be49ed3d;6533c42d4cadc40a9e719a72a11e1ef79f048b8656ab8f936e1e413ab680533e;4c26fea92b0908472c2b059ab848aa65fdef2063e19f3e5b3c2dc86219f9cc3f;6bde393c8a898f1a1dfbe27fd6a3b5b3451090bee9ffae55e2ad71193315f83f;d5057c77c61b986d65ab84ac7ac2a0ecaf023aee5e3f06a00d2532d1651d3040;afdc54a014bcc614cde95a600d75eb12d55789aa79065de6900fdfea60bc6a40;630c424e1c82a3a41d2cf0b69144c3aec2d650e7706a544fa9a0c57fa9a93c41;41ab6eaada5fe92e8473a72f7c137f7345d2632631827e4c6b954a5727585241;3058fc3a91ba27cc143bbe44a6eb8bf873d360148a92fb600297e43d2be1e341;55e8e537a0b8698d62c795c054bac76da82bfe4966f837776ed51e131b70fb41;d1efc808a678abd0c6a185c6b664e2b9bbc6116064594ccd1a88cff01b1f8142;eedbc60978951ea9ebd21cf46948e0bb21c12a5288656d53009ef46db196c642;7d65688a9997a81e24705699eeaee70f9cd4d63fecdfbbafa5d405d09ac4ef42;b73e863aadcc9e93676ec8d713b7bb4fa50c4324e6ce0650a6a975103cb51743;031d8f0cad39da16bc13eb23f0a3e5301be58fda1356d44c1f9dc32f5e64a843;9e2064beaab931bcfd1010205b2e50b9b31db57e49fd58538470bb60331ecb43;bb7a19de6d5bc29831fd8a6f3c1ff48f6ba0660ae88291d838379fc84fecf143;e381437554230353847d7de90d0d8b9802826f7acbf460caf3875f48aed6e046;ad511d71762f4123df227e2e048672c4df8cc2ac056ee37f52ff33085b2a2c47;ad511d71762f4123df227e2e048672c4df8cc2ac056ee37f52ff33085b2a2c47;4746a4151947503ff487367c9b024c3a97e229db702a1893b68e689687d13747;4d05f356889b1bd1e5662358e70c4f86e1acb2c269823a47f0f6180f0fe0af47;b776a1407e976ed3c356518eea4598d80e8bdb3d37421d43a53b7c06ea62d847;c49ea8b6929bea4c1f70a008c9422a3ffa96d9981ae2b02bfa7fa7ddf0110748;ff2abf5c34e946c14be419e30952521aea607596f8d623462656acbd7f0b9948;3f8355a360a6c12effa8180345292186a46a385a819c003bbfb53ccc35169649;60db76f7a6772c30d197055fcff056ee90676130344d8eab8f65a28b45c60e4a;a05d817cafeb054b7b7edc34908f2a2d5f4c11c23847ba89d3269aab2f396b4a;20b2d588502983f1a665cd7a7b277ed1c33bd5617f9a6eaeca8506e534cbeb4b;9a19566b7ff7c861ea763629e2dcb145d1144e0900ac761a05ecaafebea4784c;37784093b85d6c124c0be96266935a17eeeea955a21d58974a911587e0d4874e;cbf21271c480c63fd46273c78b9cbf4931fb6a3d85782acfd70ad292e7f88e4e;e339ae448d44cd6726b386aa1fe283c156b7bc1e5b8595c724f2adfad328c64e;348b695654ccb65bcd145dc067c3011648147f6f9461316070191cbbb7cc1e4f;35b7c96741ad6ed2e77462c311e5a2f25572a4b7eae28ac7b89bbe186a26784f;e60a2726feffa484d5d32e58f493e05c58f991c7fc7b6623035a96d9d2b9834f;d910226b91f1706de33cc57d7bc7a61f4c0d5c59858bb6a3a6a3a39f06352551;04cec2bdeb05bbf89dbb68a3fb06e822b47d48770836efcfdc9b938840f8f752;a2b7df635be7364e1637543d62e8b3bfad863b3cbdd6a07414545870e86fa954;716e2d78ebba059099feccc249b0183ae4c9a4f9fb3300648d9429a2f32b0355;1903772aa6ee04f25572b3cf7d748bb66f777b5678f20a6f148525c113cf9155;967dd0bc1ecb4a96f1bc6a85238a2a4bc244450b9f3eec213a602050eeb38856;1955d40d7a509cb99b8cba3bd6582c0d3e954599f6f1034c473ba51f6945ed56;0b9086e9d93342e149679fb00775548797ce8f022488ab6b5c7688e6c5453257;936b00de6caf10f19f5d5d1a5574705837c38f299cd01e86071ea0e731ef7358;434901d7d3086c73b6d71c2fc4da1e971077d8335f3fed4bbc871c900cbe285b;8e33e0490cf3a34032ebb9fd64c1a820a99591825946bef38c80f0925b3e685b;6b540e1fbde2f4d1c38fe9c5ec799727081aaa0921fecc7170bf5bee8ac9845b;72cb33616484548178675088ee727b52ec18a88ccb7e6d84af631e555fba615c;858235a6e71d0ae7a46c10a5597a2d2bfc9d540ca680425edc7d5d173900b85c;d967353057d54f81fac23355ecbf7072a0df93cb38e5853484b1e167ba75245d;9c42504b3b80126a7b9d01b1f5219e7882b0ad71a929cec24f15ba064276515d;e46cc22ba8a6992168e393b5a67d060bf79f259005866a6c6a9e46682630785e;a6fa23400d7fb46de4f5ce6e417d6d868f092a244b15a13468b02fab8b39d35e;9b990e6d0c04c593d9e0f5a22560eeb6db2058d3535ba36962d0649d06d9ee5e;a1c2b4202fa2348dedb0d713585e28f1a7257a0feb66af1a304b71636d44475f;db8979b09e80d223bc40a495bfa1a3be2e6e77d00a9e3b49bb7c26440950e25f;a3cfd09f736dcb699572d8d95a220d99fefbda5a10adc34f0a5665831e2da760;0c1fa2cc93be98a8925d98ebebed35ef6abfc9b816b0d23630da1bc3ec872862;3c43502719c71a3e00633c452ae3d595a71321fa99ff966f80d88e85f571cd62;8dafbe6b78555504c1a1049f143ce57f5f661d1fe98d1c78a549b3b904f02a63;4914636790726dcc055041f225be55f57c7286de2748b30b19e8cd8ccacf9863;cf099879bf2081e8150574a033909de2e64a7fed2a1da90f35a4b234d2f3bb63;301f79939dedc83fcfe9a9ae35b6ba0cdb9017b1436b1e96a6ef3c31ff9e4d64;6002b4355e784f9579571688734e95d78eaaf0c297e670d9eb19d619b588a364;87eac2983827b3998396091742b6b8ce8998a25c17898115d0d9f1b894c8ac64;c6e93dc62750b75c2b6695a061200ccb3e4f47fde0ec98f65470124d2b48c664;e025bae6fce99303378bc1f3ff2005972b0374a400cf2b381807447c84adf864;429eff81ac9b909dd0dc1c55494e44a7e1f59ea6cc28d7ad62356224a35bfc64;7d9480f8f8fe994deddf58f636f6f7d6b2034b08e11e28552760d69367e21865;ea80641ae968f895d104d0ec704a043619890b316e1cf16d21c9618970aa3866;86dc2a1e846e650d75b7d94a28c7bcbd50f83288c20a1ba5277810b93d3e8966;c5a9bd9c8b984dcc9105e1e665ea218952291764ce744cad6b2249340c250868;f2abf77be3cc6c333fb033e0e41e1a66cb1eb5d24cca979871cd940b544d6a68;6b0f5280491d5e794bcbcd3876f369e2220767e3b307abda32b4e998480e3769;90372a5fc7555a163a2ed370b5043455e8125c69b6287750578b4307cf774569;06549bdd71bf5a40b0d7bdd2de405fe09f846e3dd0cacbc4c2ca3fe5bac22600;eaef916ff7f53c4952e31d1ce43c4f72f9b78a0c74bda9cfbef8f4591617156a;e1dcbb84b4c6563902b19d5e9ccc7f0fb868ad9e4c6d58aaf66a5a589382406a;665c453592473984e5609e985c41191e245c7637c692c48a2f04bae985b9a56a;1bcc748de1119e045b1d078d3a4104963fb1177d33bfafe1bddf5f9cc21efa6a;6eda393408f29c4c956f29580848ea26032a924c960971b7faeeb5235b75c56b;196350f3faeed19ecc955e1f0b41ba7e9621baaf4418bfe9ea38753f2731996c;83acd944f2f699c09b2ae52d8422f25971ca46da1d9880d631de02caac0ab26c;f073cda8dfd61ffab1eb7f27c1dcaaddefca64063a2c30cbc5a254b30e47e16c;f66277417421ddf6897004532eb7c241ab7698cd513537cb7121ee1bc1c72c6d;b20f56c1c4038f38f6108766ba2b87bf61b047cb75a58fd261291af5a3e83e6d;1a32a9d047de0d500e3edfb8391c8c13aca371b4d91fd94e5f1fdc893f0c536d;bdf8dace86feeee587dc62997a0b1c7970c8a979541cef46b486c32cc04f136f;949aa737a544cd7c5af4d43c556b54d3477246697ea9e2fc324cf3464683c470;e2ddcea8398f9896d2891cfc8dd7fbca8ab6ab690362bfc99ecce4d270531d71;f5c6b59fc9470c97d8bcdc2e4b8a00eafbe70d17170eff5d479d12e8abdd7871;5b5e8cbd1a37a5cfc562de0f56d62422fb6db1e7765ff800766c18c084c89471;ad770560b45aeaa7dcc0aa3115b700cda16f1a2372fedb0df05f24648220a771;ba9b89d0c06befc9df3168e41bd10f22bdb891ce2edab627a99f4ea35e1eac72;fdb84003d18254f21e5584dd12196aa56da253cae36cf3b6d74a9e1e4f1b3275;2d8e76b636d7899ffb3ba3678b23f5d87cebfdbd3f959d993a912e8ecfb3d775;442a16294926b83e8ac67727a69ef970f426c2100fb5cc6b596aa239c2a61077;d44891c11d6010bdc84b602ecc3b2f79fb3a60bfdafe0dd89962117728251577;0d2a421172a2c94fd3e37b2bacb043299a906c32575363b64a7faff1c9ea9778;6f5112b8fffcca4fb91a0e0ab179a4eaf7ddc590a8c7b56834a5d72ed9f8d979;827d6d96d9d819b1808eac38c1983cf947d446944149c70bb27baa623b0e867b;0f8df335d54563d2066d54c66c08e448a8f6121eb73205dd5df822d78b89027c;d69cd828183d4d82407c2a10e1546b0262a0c573b69cbb4301f4359bfe1d1a7c;a9f10e5fd71244f8033c87d73137d405a6f87e4524e25aa5e8dce2ada6bc207c;bf5f113503710bd43e4188959ff2b1918c1683e164273971391b64919ccbb67f;78d38d1f1def7c407552b05678002dd28729165ee09f8aab76450ef12c7e2080;26f725f2da4c2c57e4c6852b2c8064875928936337eaac8ae00dbea52f883080;6dec520d30ac4ce476ce0bd52d848d651e76f51a815761d4f07ab300e8436a81;fd8aac77060f14410c802ed1ccc46a1d0c6181f28c7251d2843261e8f0eb3482;58f7ced1c287e68a47467a2e7027babe683e363fd02469ab7fc30b24436bb282;f76954a5c19874484d77d80693fedb755bfc4bd259d1ae96056615c9cdaabb82;3dc172cb13291d2d751e029b7fde7f7b3e61fcc8d45ffa61a62a853d82dbeb82;1dfef37724a267812b5c7de8f2e7dcf897e153eec9b7a4269dfded1b3763f083;b07631f11dbb0d7306c960111e387778200816fad9a3ebcf28577f9e3a639484;f750a000e60e4d5a396982593f655a73f117faa4baa599852a6140293621e986;1f7047f5d9331a7bbf6ee2e49924ceee71d4505d382ddcefb7d3a1c76fe1c787;0fdaadd8d0e3a3ba364f201f2680553b2f7880f311b4726d87a93086a9b9c889;e772b9423bd5d7a4797317b3e7e3832c1229b1106d2a3c99796a1c817cbe0d8b;7278ff8e789e0f5ac5733f467fc5c28618774fec5d1879d8c217f28be9286e8d;c0db823d2bc95f0c321819f046a715406a7ad249df9dae396219d716d5127e8d;358d24d676d1ba0f49125c50e6be847c84cb26ee7e2a11095234fc97cec6108f;b99f07553744777c5387ae1c01531a52bc2e26aef61bb5d03c68a167aa4b188f;affad22029832c287afac48200703fecab32f236731ea4aedd9adba6d81fcc90;fd5be87c2860b19ad4277cff7a652137318afbd146cfcf1707041bdc66b1d891;221713f903b78d31ea274061c3602325b2144d934fd878c350b5946df7f1f191;2ad11ec6f760a5a007b0382fc89e6e4fd1cd71956f8427b4d3a880db946a7093;1fd5fbd8a22b98978876c5d95c8baed49be42eecc8573de26dc6685e89013c9b;a908d6f8b334f4adb3631a1af0d5e4aff510980e03d44597780fb0bc93c2c69b;af46237e2933c451a77ee14bdd1a2ca2aa01cd30cacc7a035501192cffd7e49b;8b86f0531c11a7b0afb0dae91130c7cc3d41a918055682f4a52295ea1fc4209c;f2feaa59574a1d1d27083eed13a19bd92c28894fca4d77ec19ae2a26ff46459d;7dc2b9626eaa4fdd9916ac4ee3305d04f7d0df49e9067f4ccbfc2d6edaf7ce9d;51cf62c309e5820cf3cef889a619300d7d2cc93dd8a3630b66b433c999a5e69e;c3c823b145ce6e9a1a8a285f7e7ec3a124590fd9767e9f316a9aee3ec68a1aa0;6bed99232b69593db6d1eeef151c4356e61a74d0db102e09e06610903edb85a0;c947187f682c6b230e2cc87a2bd0639787ee85372a9791748239937df42dbca0;abd47096c78b024acc0dd4da97f566667cf5466212ef696d2fcad469e713e9a1;70dc566b06f7f29a1f69a4221326bbdb6d56d179878fcdfa1dbd31dd1075d0a4;01954575ef5d79b888794bdc6096d483bf4ede56c758110c5ceed910aa6f15a5;d83cc67d2993f3dede978a0c31574750adc4e73b8a93376b7f55a84f05172aa6;648fa5ad89df7c4931b665905e5f7c08f29a09657cb8d08de24ef7523f1aefa6;d6627b6a1b3eb7a1eead589aa5202aec711e1fecc3874536d2f8a22c856ecfa7;b934ef1832ac411a15cc24eb083628b0542e17679e4656497fba536e9354baa8;0077d5b5a6ec44f9f1dc3b2718b201f567a6a2ea2db5877186bdac3b9fa03fa9;d8d96bf689f4fcd8c851f663ee732e66369b07cfe104723e7fabfa5675d94da9;abb6f3cca2a4109866ee36e8d16b33e43ddc7533bb39dc96d525f8f1d33cbaab;51f3042ff12210fe396106b71f7c08af19cb346d0bfbeb1d093fa5a7debc67ad;1bafe2c9e7c51e78ea645326b74989e3b72cf965dec0c819d2b883ef005672ad;cefc92ced9b7318efbb1ba155c85521e0d8fcdfe2277cda8b1d3930e111722b0;3a1cf4ceb382a69179f7b0142d6d364b2111a2e670f958a8b955c43879343ab0;72f9c7317148b841906a42a5ca83a705fb6ea1f3bf27a226aca93f0a1ee685b1;2c6aa92cada2309efdbb2ff4545cc61fda0e647f66a5524bd1488e01cd93afb3;a45ab483d7df6a4cbab7ae4467e802959f74dfe7459dc61ac9e206b3844a51b8;d550ff861ab911384bb99645271dcfd8433f19d5973667c6fdc3b3fffe9078b8;32d0aa675517ef7b1a85f7a9ea974eeb34820ae9ccc017fd09f74d002d8142b9;405b31c7f93862f90fa732a316eb63c21c5fd9f985e5b01c9e46c6a02031b1b9;eedf7b59f9df6caf2d960e471e7edc82ac44927cf18113f53cc05b488f3028ba;8ff063ab15ef8ffdc823af376f299fa3cc8ed63b07b1c1d13aae459fde8eb2bb;ee0aa918a0beee022e6d33e2fa28ae291d2c13fb20a0fc46b5fae2c977df20bd;0c5239de72096766ea3fea7314ec13a65129c47ca328e52397f8d2fdec1641bd;052e452580a6b48d092e24d312d5bb6d6a4bf6fab80dde2bb70b917694cc52bd;d32fec19299d7da5a102d1e80b2939a42318dc5117d719375faa35bd04fcf0bf;3c6d352339931bcd3c02179cef57fdf22aabcb8b9f38b7c38cc1fc5686ee8cc0;9a1ff258e9086c605336436f19113549aa67a2a8e179c569047841e3a2bcf4c0;c67f1c733db211a081f99aba88b39f95b1afbdc987d3031384690c535f7d17c1;7f1be6fd0a59c216fe22af9fb7f05a6ee83d856ea5768469f3cf4fd3e9bf31c1;1d008ebad3c7c683c093ec0727abfd890ea2287eb6276f3f82a7eee96cb362c1;24e17d14cee5a82608e7e41e922aefc7cf41d8db474c35dde25e6b9e090178c1;50cb81523642d3727b731c3c5793b96ea77ce7f3946f1e768f1c0431c72e48c2;48b46487c86900f0bdf9aa45e9bce53238e839fa5dd2afd4fe1ed18e24e463c3;8d6cb9022e19bfa49a3d4215b667d4243618b296d50813f41cd222f2c086ebc6;3a89fec3e9f63c71b05dd21e6f0036bc0c7b4020944c947d1c9b12584f3f71c7;a4ab5fe840ff842af589bfde6468d25053b7b8e37f985978a57fd1aa7bcf79c7;7f875789aa90258221071f00e0babc44c2ac341a5834729702142956722f70cc;6fb782482b3d04dec099aa7fbcd1bb0e2a77a8d30c48629562d6132a0e768acd;60b9860cd5a60abd68cdf2ae454a82f6f1e40974e26dc10a6667fe45a4eedbcf;1ac6240100ee7240d4a7fd7a69dd53edbc5dc56cd6e142d473f029d0e53dffd3;825374ce68534d36fa0be95e0b80662d786772dc685ad601a0813244da5fb4d6;97505274af90b1b2b412aed8d4cf0245ade918b60d44bf091da2e4592b72a6d9;37dbe0c86e0f1d1c854b596ce7a64eb6848fb1b7c09f18cdaaf5e1cd6f542cdf;94c6b24f970b0e51e94b6103f0086573915e6fd940194da1acbebbc184d350e0;9c6b133a497781770147f19e1848c7af70a1a03bdb5880f9bbe3089a54ed0ee2;4bda7f679122c0ae0c34015186a5291ded5ab2819d1b1bb1491eacc7e816b8e6;31ad8ebac2a82f1cc487892924b083720896612d90ec32d49978112075ca24e7;576ab38c6ee9c7771ed3a5b2f6456fbdee17c448a171cd5c03ec77ffb17752e9;3b83a1c7feb1b17035156f56e683f93927d08caa065797c362c81bca1ecccae9;26ffcc7f9c52b7e443f565d13de631296584aacad780ac42312ef6ec594bd0eb;d4ace7830d41de088422f127649126285c3d11a1f20f00740db32fb80a7f36ec;a6ca02061f092adfbdc1a1fb3ea49a1dab9408dd6f3b43b7aab61aedf279a4ef;7e3c056d79c50acd391376f526d9636ffd7e091bda2e0cabdcf90ecdb74804f0;5decd163e9aa4054b11e05ce646d56821a1a9d1df82950e25afd6c684c3965f6;99e0184296047b896f2dbbf9bd47991e7b65211740e50012e355d64b2d819bf9;6331ed4ed294f9ef755b8764cd5f0b4a279e13a853a795ad2bc3eb6e450a11fa;408268eaca4bedde44d09a7ad0a658399dc58a53e6736fca583bdcfc57bf5cfa;f1ba447a0c20534c53fefd04d35fe562e284e6cfe0598171bab9c33c95d902fc;f10a33858d849109fb73b97cd6d53998ffa3ae4bbfb4daeca2956262472a05fe;b814892681a2ac57d8ec984ca4a8b061bf57e2e64d5e9e7c91ae73988bc3edff
51049,ce9a9ae4da24ff27c1ae3572f16ed95df713e1e4a4a27fb24a82da382199614d,false,e4fccafdecdd89a81605a34a6c7a0305ec7d7552dbec97b1612d373d3817bc7d;b3c017b1bfd3fac8b628c14435287f496a4c6afe6d5044d7e353eda9964873a5;252cab241aed16d68c4a01a09ee12349ef55147ebfd12746891ae50f149163e7;e256563b1b37eb99a3df67bce47ca8544233bdcfd09effdf4d10ce87b1dde34b
51049,d2a9e4e078bea985ac4654e84a5a7f623d1f6172cb9821de2e1d98d63e320dde,false,48af66273ca1c7a884eb33eadab7aed3d0708d5b4439aa6805049cb0d81d2369
51049,e024d5023bad6322ffdf4c76449811d529fc0adc086b0dfb4d660b28d790d1a8,true,
51049,e256563b1b37eb99a3df67bce47ca8544233bdcfd09effdf4d10ce87b1dde34b,false,6944062bc72e039d29e15616c90a5412f8b5498a4bbded2f90c7bfc5da8f5ac2;37e5a2596f2a1e4886bc6e35e828a8952cb39b8062931632b27c78f96c7524dc
51049,e9bb8c89bb252807718ef510af484ee0be6c9c2bf6246913ed241d192e457394,false,b1a871741015b0fd4c8355ae334b499c422153a3e77e13dcfbc6fc57b6d12b46;b4f63d4613047f4566aef52ab5758c14cc0f34dc1eafc1ee51c823b5f6fb3746;17b11c3be2d360db4cd3bcdaf38711ad26894f9e58e73ec28eba152d92ab7946;33ca01565013142b7f591e729b07a2d90bd885296d7d4d32d1628437a4b3ae47;3081c1c03e359eb4d924ec065be70ee733a2e9fe924d26245a1d79d6e49d8548;20d12bfd3baa33f7e209b697bd9e02c81084cf773c2dd1be47cc62908189c848;1750f0d12ea567e6fd9fa33d70a968f6066928f94e17fcdca1b016b0db304649;6bbdcf8bddd949aaae91e13da90c2ec8ecf48c1d13680e6d162a062a7e5ae34a;432ca01f877feac5e703cb57a4a8b10a6b9952d2af033cd1cce54bc878f6264b;a02cac60ce1f9fe2eb07005ecedce3b9d5ebac87e78b0afd766d17473df0304b;7e14f500b7401de2e793fb8444854ff0a8ff56ba9a632d5e842b0a8a9d817a4b;5c3834db69e46dfb9cfeca6ab73ca2447e20fa930773f9ad07f9861041e4ba4b;2dc61722b821d1a870a3ac58668d143f638b80c8f5a1a77d116479e44bfb324c;07d7e6aa936626218e7ac8e1ac15c06550cb23280df9bc88638070cf5412df4c;2227373b877a3018976fb1db4b1d40e077e0d8ee727394f4b7f8454cd9ceb54e;93845c1b9686f1a3053d684a2d24e5ebc729be67758cd750064c9af39d16634f;a386786951df949f40aa93dc2a6a2d515c508543d9ea11a5646d24638ad4ff4f;759ddd748e068296f250744d2891f6571141e14bb8e16d905dedefdd3fa94b50;71223e409c08a302ca8c0ecbc507650d51c4df68cd11bebb127dfe8fd6c66350;71223e409c08a302ca8c0ecbc507650d51c4df68cd11bebb127dfe8fd6c66350;51f701fb6def363bbdcd783ce0627b4700d90ce7ccec178a763761b5342cce50;9326b3cf50c59dc4feeca88e70a08dc1166c69084bd51372c3c56307ddbd5851;dbef3ed87b40b6d92d0b97d1d7fd5c4a91412f0f0023cab5b060804dc0867f51;0ece79338763a1f7b64ad563e736edd7402339867db156035d3eb2c30addcf51;2f7a6d44007c23b4cc609bf8797819382f1725e3b009b7eb3ceca35f7397e052;df54ed74ddcb07b931bd5aeb7212c1a37b281982b85067d475b724e5364e6953;8069d724c436b5c73761aa199069f3177c43b273f7983696937847c76da69c53;f696ff5ca5bc4e8ccece84c80c4259ab2113aa409066cfe0c7d43c93f573e153;726b21c5d29e5cb36d3021bfee7384ad4ca01893b3c044c07adbe018cb3e3154;563e73559c7f0a64d49fc768465c37a0bada7e40043f0d1560176d93f58b8555;24df8eeda7af6c166136f7a867a8966f626cb765b52fff63f51b1e1a9fe6d955;6262ee7f39cc54ad7e024bce7362b96fa7b429b268344f36dc7941ce6cc3fa55;9d454f2005e055bf724b8108948d807d74c3f17ddc651652b716714f6caab156;9a5df9b39789e9afa96a19307dc5a57f230b23e6b990ae4d1f478279ac05de56;925be1c9e8412e25e9a10328600b857399d07e517f1532a1d333f1b5d9eced57;64620d489e4e1e5358779613205a844e222537d7c5f26bfe9fc5aff4adb92d59;ecc42a4b08391b7c9c060c76d8fbc685c9043ad66d4de5318671121a099de359;9560252bbb614e1b8175539550616191b60127d5e449649e5fd4ed8db972545b;e1ba03075d239b956135a7e2f015ad320cd2ea5375f99470f5d94b08037a905b;e375a6f241bcb82a0f6abfddf472dc318236f586462e60c268cfc42e3496ef5b;cc4e7f529cd69627513c8bed7aac78dc5744f1abd8d4d48c5521c1ac9460bd5c;d3c7fd29d930f74e5ddd9502ed1e33a67a7ea5845bf033b4a5e563bfeae02d5d;98dc69fa4191d2b2cd8e5e673838c4cc76315e878b77c2f8b297ebc128647a5d;2a1bb4fcc901ab6a5a4752cbd26479845adffc086950fe31f16639b7ccdd9e5d;ff8d387777c6480bc800f3ce71acf974fb2bee8bdef2e22a3eac2a07d8e8a85d;9d5c309bfd4be8a7dccc44e04e942a3b31b0025f7cce26fa15342c277405ca5d;23ad9b1f9890cbef04d84eec1b6a63d8b78d1a0ee555144beca4553b34c1955e;95d2615d60f41a6ccf77a0405d785f09b5dfad7aaeeba11d9553f1bc8149a75e;cebe9fb9cc414df63a6c86f412acc940f463e9403281c92b2351dd3c14d8a95e;e7382acf066345cc5fd3e22a3a7b18049ddca56e430aac6018fbe53852877e5f;058de45750567038f3fc69eff2e62f48d46e2d213db973e887095b4bb37ea45f;72ae5301bd6b9316855df4af6ed2a5a2e637070a7a223fa10240b0fc3cda6861;04108f4be6ad855a89fe2ef2c656b8902967b7b509bab9a221be6e2473357761;7812f8f78e48023a2c8c0a3dfd7db0a61cbc33023a30e6b4356a546e5398af61;cb1c14c9cef58484dd83cf4c22c33ff4f837da331dc6e740390be0c47027f061;775ba2e81fd43d2d6b5af72b69bee71865ce8a0ec98fae3d6c2d41254301f962;cdfb13728e7ea5441ed42d0d46866aea4ce3464fcd09b5487470923964b3c563;a955459e4d9d61d1bceb7732920a64d9a25849cb8f81ec56a68007c788f53464;47a0770c94213dab8591c505a721b16c594dc6bd74ed508c5b7adb70d9683764;d9fa4de7f55b2e50428a70d0f62c7badf8a760607e0a85e79b3f06e09c56de64;eb596c419d15090905fa690a5c6902a018afeceefccd40dd8c2ad6fd9b063865;37961011487f503d0805c073d4e8cca4a75a3390c5457ade05cb5e0e2a3ee666;d158cb59fa5e04947dcc386933af5d7741478217ad73610419d7aa81dad29967;e90e36eebc4aac9e1dd857541cd7b875df69d3cf9367a348b597ba05e8a32168;1a785bcbcb4bc05ca793f45c446d6ea54eae409ec130b49d060922eeab012969;765c91de1179551423ec4fb8ca6b1878f33d1a7b21ce08995e97bdd970f3496a;94873ba2201183dd792e72a1b88c8ccb6abd5944a83aab560e7ebba4121a7f6a;279c70119332c494a463283a473b5f77152f0803d1be8672adde6b6e1051cb6a;cdea6d06a8f43fd8815c673fabacbabb145be5dde6c542553ed0a5c9fea8da6a;5fc1c6a4c5b01718cf207f673818187c24a61f95677e5bbec98bce2a881b476d;5ba3ea4edf395b66f3b051b800b2e7d6584955ff7d0da4433763c9341ac4876d;407e1f563b7cb0b6b09402bf2767dfbb87791d5ba353f1251886265ffd523f6e;e2a7451d9d102637a343230a831a8632c458a2c824e9ba0728fa884e874e846e;1808276d2c14668ab540dbc9ea22238649eecccd4b5604c1d3f094d58609a26e;82fbbfcc344a8adfcd2703887d3462a2a201874f3cb5c9a7f1aedd73ce67a96e;88ba76f51b26997f8ce3e7ce747a2c6c2937f5a57eff7cab28933581e5b2da6e;32b34e26fc218ac5e4af111ae66d7a9e687f9fcd4177105731b2452ad1220970;ece087f46e820b913b1e23706cd5f197534d6403b13011127ad22eddf93d1b70;c235d6d86a7cc4a932045295b3d2558a0582a8b8eb078978cc8e23cdca056970;dd48a184271c9e1d3a2df01d438303aaa6a847bcb84264145a735a781ca67971;5f10684ba8d6e5426356c64fa38176af72916d19e86f9375e6f9e97c8814d371;ccbaafeed99247e541a03802cd5b94c325f7c3b6b7c554b373ed65bd2fc65072;cb80cc98e1cbe6797c2d3c64c6258a0d10420452e0a8e5e5d6ccbf751ee28273;4ba7fe2073aabdab9a2465a55e85d8b401bc5f3d33f0f1c51f4a724ec93ca873;111faa7adacf2f2325befe76501f3f7cfc97316a838f0322a0a8149c3d398a75;d1ba830cdf121739275e7ecb2446326c25073ab0878b05fbd85ef111f0a48976;cbe9da9093843012226fe9db68c320e234db526251f0d7f33810d4344907cb76;838fb9ab266bfa2c095271534c5f45ae1a736cbd8fb57d303fbc525c5bab6f77;f08b94dabfb8f20e5627b4bc203d838e4daccb0386889d96c6f5902d87731578;c038d730be2e8d344177679d65163ea93e506e75678b506fead1383b21e15c78;ca7f1407b2a4ca826aa7a92ff4e8bfaec0f1c12ba2bbf14ac736118ee5a06179;fb7c42fc333995d99b454e542a566f21fc251b6f80c5159bac5885744c4a7a7a;fb6bd67293b7337116ccb3697babcaaa1464fc3534375b614fef1698aa20da7a;ce356e3e86f7566e68a4caa90ae8db12d60de5a95b93fa7b05f6fc72c62a557c;2f1c206da4f956ce147d745daba3d2e167349e2c26eea9f5af66388a1b989a7e;b330c188f859df89a02d96a9776db1b53dbbb4c8d78a0b697e17f907ba0cc97f;68c00ffc61ec7f517065a8b8c4524b27a75a87e403174f26006fa3eb59761e81;fe1f660c2d8647f42401f24ba531f3ca8ddc77784628cce49136563921d6ea81;d1af422e9101e351448310eea50230fdfa2a8c2b53068afb1a22267fb199ab83;17989edd571764fa2e866a46a5d2ac27d4d8e31ac55fc673639621213ba7fa84;00aa2f40c9de8000d4ba038eb12cb7ba38ddd2d16e2709e6b9a54fef0b064085;2f14286db9c031baba53118c56842258f527b78379e8bc45d80d7abefc5fa685;ddd71ebcfab4b4b828084173bf813659c4f79ae0419f28c5520527a0c3e0aa87;f176af38d7d5ed5ad6546d0b48710050bc9f85cb219a5fa31045d1e151f57789;90be58bd3cceefd4b286753781fa943913936f20b937c77cd04ec3d9c98b498a;a0c916ffb37dca5a3172b6d27b0388ea9df1c4e55e40405534b83694e0927e8b;465cfef8e04b1e85c6ad1215903d8a70688834680af49a3db78226046e619b8e;374acc94a6ceeac1722a1a10f69c561698c0a4f8389d657425d50a17b9880691;3fcc10e7d49edb2437aa08295be7fb3968c37f7ec18cc43f83c707d7d27b1c93;46386447597bfefd56719a2b6ed40ce3ff642764ce03be9465a9b9c0e568eb93;ee1e9f518bcaf8269d0a7e15af7b17f414202ffe168e35e4720318caf4929b94;13ac3da9e26d75c5c8317cd502fc4ae0ac37eb379dbfa8aef28b190c19dd5d95;7564c57accee8b5077885c069a13ba95822e5085a2030e8a5521296ef42eb095;2e431049a0e7b1772cd78d233d4d19620211feb8d8adc2ab564be1d752350f96;aaf14c45bc89200d1a0933322b7f1ff98dde90bc8a6ea15781d226be4b582a96;c94dcf178b4d52413ce75466ed9bd323e701c39bd651781fa6dda8aa9e0f1097;6d0e0d59cab6f63c93ce74a7b7936592314d77247a6eee55e2c1fcdba5744d98;058b2e36ce06c9271b00385dd22a4e4e61f4c5e3763534782e96f139fa596b98;66382fb3a68261e23d234a7e6e1ce15533e26a0d34423df3473d63e2a9388c98;d1658b26899b2d7a7ea010e64c69815e16e42b8e125c9d9a9e12701fa730af9a;470aa39f48d8404c7b8c01a5f39131e2c4a74cb0eb210f026dc766006ce2eb9b;5dc86057342e5919b0bc8a2f73797d1cb169ee90a7d9d07ca15a9a215ec11c9e;aaee109bcc76226d0b09e3f1e13637b390ab52a0b3b1eeba7600ff94430e169f;b5b52b8989eec1f1adf045676aec9f47be4f17782de442f95b5679a4ad54c79f;9ac021ece1690b98dc29e3d1df7f768b8d3089a128d0cf32e286a3d4a283d49f;4764a1151315608eb3d8aaeda38cc3957d647c24488c453c5651162d25c11ea0;4aba01117a34a208c7a0a055aa04bfebdfdb353be54b20825b5afe865e9a71a3;8920c6cca321245a8b3e787b2e6eec3e3b21c7c9d050207d86ee554ebb7fa3a3;d972ee7256600a5c5f6780a5eabcd16e45823161397f5737fc42b25fd5ff31a4;8388d6c9324d972e372d2775cac150d9b8dee7fa303fbae215e14a011e1c37a4;255c1520713219b0113c821e724f434c5bcca68cda82bafb267eeee92ec23ba6;d4704f49faebc28a26310bd2dd485c6e59e313523ed81473ca9b28676d15a2a6;f1081ca28566e9f0bab9e8d28d9844908685e4d5c3b055a1aa650b4e5adaa2a7;e761909872987dcff748f870269f1d723a4ae494bf3c4b9412408b0a05b656a8;25adae0c938669b8e2f004bda6e16ae49db4aa6e72581f88e84dc5d93f3977a9;0cde2005bf55be6e965ad333b76ca0b954a66ac55cc9c03836a3678fad12e7a9;f085e9bcb97136a80f69820159eb8bd6bb874d64448dd1018d1d5a772eefeca9;6a5ec6a96cb82f73880c7ee4fffdcf5cd060e5cc35c1f39f1c5005dc159f0aaa;c039b5293e2246243ed25f73dbee2cb475052cddb07086951bdc8a57a3dd60aa;9e7f47bbedca1ddc26cc442e5a93a0ef447e39227a1c151fb6b60042e73ae5ae;c624a02131014ea1d9ad6fa54e5ed0cb2de04354fcca4ca29db4de9ee13f92af;c6412400016e621296251ff030e050ba303f1e111af14e5afbdc1aee02ca27b0;39ab41f9c41c3cf79c317f4f1c9ffa5b9f47ee0f051f3787972cc5fea6cb27b2;0dec6ace1063de6dc2d1556a58d7f462dccde6285e6838b509f191d2a9e154bb;c32a99e9124ae7c4c404c1889bedfff959db3f74f957c53c4c56beb87bd19bbb;676501f7d8515ee656421291d86cbe5c9ba4785854c79a1ea5971f5e9cd90dbc;1322ed2644b473c3f2388280c5818abf3373578c05e6aa3f9defddc9234b36bc;aa8529fb74edeec77745f99f2f6ff05a6125920634a922fc7045d0a86cef5cbf;f402374b7543847f5ad975c9d727bb968e96174d8feb020a0f4f79ba316322c0;3f9fc15e1cb47fe09f7dc6d9fa21254f27548b052063e164d7d32183e02f51c7;dc680b5c6d7b86d479a2507b2fddeaef163aa912f3503bfc81bb30fa24cf86c7;767dab7b12abc32664b1e5e3205f278c47129a3333942387a68ed49b6a0fedc7;a63c3c68a4d2c7c7321b4ac2d13803a65dc9124e8f2c303d5dd6779b613cfbc7;04d88ba4c641a5e8633acfd2d5986ded5723218a95a6d4d87f4137e2e662aec8;7c1d7e4a6cc889b2edb029c1b2373c6a1b87b1a13addb9e59aed6428703313c9;aed79d7411e19eec3503211239d0401ac847f118540846ec2620018663e47fca;c8d169a446a4b00529130ce5b7ec3c0f0b7789baa9e8a23e530b278d4cd3d0ce;3072fe86da50b629d98988f0bfd857b0b479f743877f666149a7cd82fd648ed0;6e0e7f3047998823bf7626a0afec630715be081e419aabd2880529355111ded0;66e3dbbeed92a3fb8472dff12477f3c416ac51ae169e20ace93f0f1915c2bad1;36cb277e9f23e97d0ef84611c36ad2b7e5ac194211f6671a328a51b1984cf7d4;7583cc16d408e0b45fc39fe0518b718adae978dc4a74e72138c492aaf0232ed5;b93a8a5c0275424a5a94ddc40ab0deb7cd053f3f1c54498af1a82291445d07d8;66628ac672cf8a624943761ecc91812db5e0e4a2fb9036b83c8850bcaacecad8;bc2b8d89a83dd98bb151fd9ef17437a6d72e2bc24cb34875cc7d3e306494eeda;bc3558f35ce5add601132c0490a4840ee52351a3902256be37314d3693997cdc;cfe199a67736979ee42d38a3a5e16f2b21f328c151fe656143bf313a37f466dd;a87e76c36420167b8805af944e77a3eee74847095af40dc5f33b0b642181fbdf;cc2176c6304869fa6dab1f7bad0e64f4ffa934d0b428bb4f8101eefa4b2cefe1;0022be0e34b464320b6e1fc1f2997e9b9d868acce2c009b93d1f72adbd3863e2;865be36ffc8ff8747f1768a673a9b15b80b7b8a4541cfcb7a1adca4e90e3b0e3;2831b32644eae0f3e3aacd82535c64a079a6d16132ca84681915b5359d3432e9;b035ae35ad1579fe3318d322ba07561d04eb52d586316c02ad1951e47f1fcde9;de3e453c7269a74e7daa61910e8f6e83cdeffb4747075ee4b2a881f1d95a0def;4e62a79598cdefbd901edce19bcf93c6ce97dddbfe1d2136e9a641b22be8b0ef;3b1baa107fa96268f594df21b64e1f6683553167b45aaec11e86ce94ea9d52f0;abe3f07ea3801db1f06d1b3fafbae0effe7ae838f8915d73a7f2d9edcfde29f3;86cfbf0322cfbf664cd4ec61ff2aab68772e0af4bba8c023a136e1e9b9404af3;7bfbb7d5dfdc438c9ae984064b1d934cd95d38ab48914a8aae14719df6c09ef4;d78f55e89190a35e3a8c0fa0b9c5ced25fe2e41f9999fe9032b03d32f2cd1bf5;03987be32560d23438d4df410550bdcc062691bf6e7d6bc250db822d22fb63f5;11326dc3f58f84229dd099d125af9e48266c5ae7ca2e2d4963903c8c60f5b2f5;6b8871ea03877f602958347cf3f1a8f240e0c88bdb5ebbe2169aa51b7ff169fd
51080,1ac2b9f3b9f1da123900bf45bf4794515b66012591e34bd2ed8866e5866f00bc,false,a5d4b6b6ca5af8ba44ce14e42d56e648dbff103e43839b7af8dfc40b34a3c761
51080,8fa3830191a6de7e11ec91f21ca1b03fd70d27b60960d087f5c1762eee8acffb,true,
51080,f747baf093e58930ed82d4999fd94498d55bd6e0cf25126d532b6a6eaa5c0d2b,false,1ac2b9f3b9f1da123900bf45bf4794515b66012591e34bd2ed8866e5866f00bc
51155,4d442813c8d283149b08f82a28ccfabf6344556a35d7ce030b795e42e2551d99,false,c995db62c4d76d05f8aa6a5d8839ca36e10f77df4eeaab3d3b77ad99f56fd400;3b657773fe9dc18b91c751c09ab3d8686e2f1983fe9d75517cd29c5fc1b8f18b;e732ad605a4bb7a4ba6427fae6d4e19caa34d9a6dc1425245c4060cce5a67b5e
51155,7cc0cbef6c2914a6267befa8175920658091a105fe1ff606d550ee88ead6e5aa,false,3f488eea03b1798b078914a4ec57baed58280dc7e019bc334c8705ff36462760
51155,ceb68276e41ff7f01d48f966fb46a58303ca90e663b1ad90b0241ed7b3c091fc,true,
51162,164ba199c8e4ef2180290efafbba6f7e5f0f1462637b3b1a2f24eb754cc3b88d,false,992051cd26d72ab2ebffea8f91e517abdb97f364077c664e78bc67b36018cacd
51162,5af7fda6dcc50384af647e0097eec6c9f489ac66b65359edcf65682dfa1cd236,false,946c6432d0571e933bfd48c5e108b218edd93fe90781628f2ee95aa374d820e7
51162,830d81d865347d5fdec9eae931897c40f94be065b1886f22b40e3d41746e2c55,true,
51162,bc79237234f57d7c7484ebd2da95fc81a0db54c2636d1e4b4be0d9f8493ab979,false,5753484cf5211012159fab158db105000f5063fe1abaceefbab30ec7a57f91f2
51162,db6926197d348918e2a41fd13930f66c2f8a76771c553ccc096f06e64a80a75a,false,a0ff66b787435b9599d8d83da4d58bfe1fdb9e0725aea6913019aad3f8c91e8c
51162,f232fa0df591502f0a545d7c02703d772b5ef5a8684be262b2255e0d93d5961f,false,7320243863af261ac9bf8613c8406cf5d30d50f8db5471d460511c3a2dccea83
51172,121c666b3c152484950a2ed222c5eb6496063aadaa8b0c7096c29384bc32c5ad,false,350a0cbfff3d26d9e7b723363a5318f7ecf7855601a19e7cd545a1a6bbaa4bad
51172,947d98109b401f3865a59a136934189a7c69be761952ecac7a2c7c171d584205,false,f993d49703a9936abd95cdbcae4b1dad3fdf694fde41e088b0bbd1160b9e5cc6
51172,a2b46edaba42439e7f81ea8d69ddcbce9c62aaa42b0abe69e247e3631d3896c5,true,
51224,b5a4c5d880906102a6d22900d9e8cb5fdecfcfd7326b53dc588be791fe40f46d,false,801d2de9a1458e211f46a5f1eee39d394e28969acd6ca8575efa4b60a7498d78
51224,ce9c4a59d44e15773c557861403146cbf28cf54aeb5353cfd772554f7d232ab5,false,3730832951ec40d274153e3c8eac2046929dd1f4565fc62327667aadbb717eb5
51224,f384e6e98f2d7b32d9c00e33515b032781e5e4d2bc111f9495d8519574456aef,true,
51232,129e3b9840499f42ef48313b92aafa82a366a1b3a6536bb17c023fa675c2ca23,false,7d7b0574606c2160ec2856a7c5237b200d1ed3713ce8c34ed48dcf6420e3b683
51232,c87b122071cbc259c7e407172d727b4b9543901c1c2ed30f526abb2b8ec2b75e,false,3920623fdb818a8fcee4bc022d7c91c2828eb00527b720bcd99e8debff55b71f;707ed7b17cac1a318d7127c7ef324868ea90207cec33af282ea66d4c44914e2f
51232,fe316006371a5836f11e3ff9e9548fb4875e9cdc610cc77e73e114538976b17f,true,
51255,180eabc5212260b152d2d6e24bd224270938e302c080ea365e789e6a987216a6,false,4673c2eceec0a5bd66629c17646ff276fde958c214cf6aaf069d993eb1b1218b
51255,4673c2eceec0a5bd66629c17646ff276fde958c214cf6aaf069d993eb1b1218b,false,3d7caa074d4bc91f5db67a370e05c6de24472c9f61af5525acfdab7c6f492467
51255,4a399e238d8e840a45251d508579e5085626f82aaf611d367efccc4c93996cac,true,
51255,ba3e663d1d308e868f8f1e302f4e8008eca8d7d181c0dc6a7a4d8a3a5c0b3adb,false,72f508583ea37892271edb5d03e282e41b47793f12548b3f5038717e07256711;6122fb1c86fb6f2f4893d5a72bd17bc7ece36301937d41020ffa72b12a103413;584b70380e527838a37a62312351270814dd30e7bc0aebd01676f756b9654c16;9e08b305ebb1a5bbd8defce1d8bd6ffce4e53757d485a900de8df8f5215a691f;01889dde4d151ce6c17fb459dd5c68b5ff26fcee641aa58ac093b5b8e048cb21;0699d93575268c629ee1380d506c3573486a4925f5bba3a41c4ea3078dae2f27;267d41411f38867d3398a83f88419b75c255a6984df0a5aadd872924da45a52b;3ceec874a313a8e9768c3fa12e236acdec6663e6321f10d171bbb077ab654e2c;ef19fb9d18b8f4c9b374af87e3a54139387249432553c96a407ad07373b2682c;f6de4c9a9cabd85947388b639cd5dc75932c14429190f99eb9b36c67ea43c331;e902c63f14087dbf5bf43728f47b36d4e7b2b94febde89ab2362264fc3931938;0d5b791f1a5187aeaf308a002d05330229e6c258789444c5becfa097d7d72638;486afa095ee2b5973d223edb012ad18f1a217c3b698eddd1256702d78f614339;4f87eb76398db735f0663aca6378aeebfd0210114b378d03e3fa790ddc8ad43f;9a66d51edccfdf2e8fce82630d9fc5d239fed1dbf24b04f56e2aaeed67611b49;debab788119a39376a44a14c5c12cd012d620333766fb5a778959e8a0ce7334a;e4d9d2c8aa483802464912f54bc13bf652d5192071cd80dd6f9ee5e67dce7d51;1601225c0297a67d33e65205d0f39ec6cad3521596ab90265cb122120086a151;fc639ae850d0e266880ddfee673cecd709808bdf0870275ff0997d77c96d5652;de14c6d72a864b0396a856c2e24673193fd17bb6e5e199100d23a429c8efd658;2d79cec5f91bc8f237697f2a13d91d3610de5e8f5e57307928efe85d15c13f5f;ce1179a3553047e0fb37b1ec06097c9cedc4aa4ec11947c35d9edd095f4c6f68;bce4d3e14cc972053359bace252f40c6aab5e889fe32dbea4b0e310fa9410c6a;abc28f05f5a5387b1b377ef92d554f7b66dbabd9c53c6eca8f253d8de7cde96a;0c99d172d86be705eb8b93486f67e8ae518552f01d8db01616d27271d3d82973;75c28ed0951596ad3ce13816ec92c25edfdad072ed0e8de29f951058b6e9fd77;0d8b7d2605ec8c944d900fc7899315d706cc43efbeacaeac68d26f012fbf3780;803d59826d81722a6d92e4d33e39e53e68b187ad7f03b7b8155830a0e73aac83;a394a6fb2ae7cc0cd84efdb845b144a85194787211925892d46ce5d66b21fe92;ba8bed11d530f9cc5cc8785df919692d7fb456954114a6a4f90d414874b7bb9f;3ccb863d8fbbd8088d618cbecdf64221bfaf995922415e6cffeb108dd4b82ca2;005bd996f4589b90439b05ea874987f530063d431394705781329f118618caa2;ce0606c137e799cdf83d5e9425156c423236e830a5def692d35dd4928be9b4a3;832cac78b54c60fb772e551e819780ec60c0be3043a155a7c385868b1764f8aa;a5930d300d92b6145590262f09ad0b6aacb09fd7d8fb5be9d4574c13213368ad;87087983c9c2d4659b26b5daaff2e1b69041a86f1eb11c0cb0e75ef8cb18ceae;7e03eb58b50fe63a9f50fafa1d3f8e2287efb92f597faefff6b171228a34acb4;e29b1e5f32a353fa2ebae401307ffc781d433a2baf41606db7959eabef07e9b8;95fe9d1b16a4f83355371f89834bd4735870f4dded177713df8c1ef6918eeec9;4eacc8fe70f944c9d2f5bec77ba66ce23e8d94020c0c60114375f1191e3542cb;76db0b3749e82ea814a806e9ee8b6c5eff751d6faa0afff2385e6fd11fff4bd3;cfdc4bc6f6dff97f03af7dd8d152dad4360d4dac82656faf8dc14bad2b7d1cd5;c3630bca534bfbcbec3992ecc3b042c6b2d08d110164aa89df913f6f5abfbed9;f674a61a87b997b12306af66cdaed90871bc5fb31042296364a89047d91d02dd;39e63d687bc6ea298d4d20f267b4b4c4e9c47c7f425113f9407aba682aa563e7;fe8ec22bd46fa6fadd1ae5e807e04dc0375305953be2bce1d3fdde80c18e76e8;49f6943aefedb270f561aa0429a616e85ffe167890d2544231472b89555131ea;27c43fdad4955324b970cd1f7653d8883c2b9ed50f1be40365686c0a44093cee;e063d5c166c90a5262c8fcc2d44cdb35e0ec6ee8343bf5669a11220577a9d4ee;435eef8623c1ac6f3485297e5abe9203248e01d22202e827021345950ac290f2;2ca25a0550cdc51bdc82be1e90fefe224c3694d9d2556e3a16fcbc4c8bdbaff5;bb344d946aacd1e5cd5b9dba174d267c3822e3a357e1fa4ba11a18a6bd94f2ff;5183cac674569552eb52f01fceddb476dfa6faac19dc193377d66bb2d4caff03;512b28cff5d7854cfdddb3d405861ce5514c4a7a06ec8cdceeae144b7a4a5e08
51386,33125ca90e378cc5c0d5943b7e26a7ec96a8a0da063b0a2b34cfa5ad6a1570b1,false,d5bce596073361033c2c0b123dfaf288f43981927ff7deb4512765c89f1c90d5
51386,50aabef07ba2fbdf76ff9c7995eaa9e60fca1fc02590931133a2f7d10945e897,false,fcc7f6cc69d7147ed2f82f6da265706088968d794ff5b406e5d0c26048960655
51386,6805cb550b5aee12d258ea0d936c6ac53cade608a9cb7af79fcc8f455db8bc0b,true,
51386,c396f903ce43c5a1d866ab2a17508c1a882887e032824441e2e4433b79a59baf,false,15bce9e1ea763dafcc6ec372211ba46c77ce4cb6f2bbcf884a8e7b2a925939e7
51386,f0ca312f72b170fef4c3ce44b98aa6d5a9ddc669788417f5b027eb30e68a8f0a,false,6ae72a9c659a9265fbf4d4ded8b6206f5a49b0e1223b558836d7f6e7303d0018
51408,1d45420dcc3806a1776b344cbdc67fac182e827eefde9f504fc4c4b7a37a7643,false,defa4904789e634bb748d48d7111610787535975b6fb76bb5dd1d8c038819fb1
51408,3cd28bd568f95a53dfd9c69ea758dda54cb3e613e8f22eb76a251b028e9ab657,false,40321e7a9f30a3d4833dbeb623cd9977b843d21738f5e6774ad812032dc07814
51408,40321e7a9f30a3d4833dbeb623cd9977b843d21738f5e6774ad812032dc07814,false,89b3325dc76ec46e0283c2191c2653213d538858978dec501bf90f3aecca1edf
51408,796b912f218d01c05a3ca6f0fd6d522f60c3d6a0ca8a6dc77f3529a3a5d677ac,true,
51426,071ca6f953aa2daf643e2c520274471f136acd632a99a07dd5317e5afb909b08,true,
51426,775263a3e19affd1741e6b75a5703e3f7ee1adca5a4ae4a9ad9646c05f53b96c,false,05c8e6aff69c26b14c97d8c9dae3a4795c2a9424b1cc50602c3ba264d2a85e6b
51426,c5280ea8f72b4b16d74112b5d1a4447505623cab4439f821bc883ed4ea441205,false,937e82ca551902a2aea72dfd89dca506380c5d361fc7f9b3dd0240477a05d304
51426,cbd87edbd89e17717b9434e0cae2b0d79ef4fad0f91738b952fc57ed791988b6,false,a502620af5eb2929542d711ca9d3fcf5718056b3e955a42e3e10b64e3f35051e
51427,9c7f7b8724f5a20c3cf3ae6541445a70e5774e0ed745f10a37ae6146f753f507,false,b89630766ef3757df1ca271c709a83880eac2657e11fae77d63fe42e7e64be91
51427,d2b8c85e8e55e5e3d21bfbca12240cfabda6ce0c83d716d685fc92a19bb0d707,false,cc2f480a35ea50920eb2a84f4753a68f215926da5e3128fcc5b26fdfb714ad1b
51427,ef32fbfeab49680f3090613427f2b5a900b1cf258734e36f681d892ff2f10c62,true,
51494,661a1b8a25e08f56e81b073643ce7f6cfcca04aaa2e0c98d625e0c8b5b121509,false,60e98e3a6fe41903e216f192ca2eb4c10d167917c8b00a14afad2fd31f522d6a
51494,aa654a04bfc738502d59ed9f9bb1aeae09108108b206319f506916f3fb336926,true,
51494,cb37b35c3e0d785113f490d34ce37b38005ea078f5bcfabd546038ef88581350,false,81130efa4a3640ed76a69b1489a7c7e03301cb9b7a8a3d41961633ffd3c1a1f8
51536,56b307ef2126f9cc384062d955528b135d8d3880ff19bf86e9803579df09ffbf,true,
51536,6ce498efd53cd610ca11325700d731c2025ea0a193e9f3b874071bcd9dab6c98,false,06db2d77e2690ff4e3c385ceb7113328e18c8f60e84c30f7d6b8203f659140f3
51536,941295bc96a1cf6808fb489f3852f457796aa93deb7c33bf80446ccb0fc8bad7,false,a104c52e4622f486650a1a28edb6c0f2211d07b9f2f03106bbd74bf8676f0ca4;36503f58a2beadffdb0d66fa818f1521caf7a94fbe5e766ce9ce4b5f611606a8;61b807a24ce941e77874b3076a1ca406366fb063c9b645e2304620dec4ab25a9;075447373c37100b2dc4b05ed45bf9c5a9b34d506d4678e54f0e67b3c9dda5d6;a5fc4335ee7e630a53725f8fb64639a68f13fa4ee338a28e5e9bd4ae41d244dd;1f8c4d7aa65b581f3defba8550ca51086dd4f7648ce28f1ea405f9671ca06c0d;56a756ae490a9b1f970f1e2eb24ee63e5bcfcfb9565d27a9c1aff65af364232b;8181a2e914d36f56557fe9659df61cc0efc16ea7108c2aa1afd471d1f327f10a;4eee0d1d4e81f93b4d1f247f7f591488ec883bc9c1b315e408a6bc28c206c30c;d9a57438bf940e190d58a5e60c980984c13069f45d422186ce01db3cf229b601
51538,4c4b2b861a902dd413da68ef06e273b55d089337451729fa7a343913d7e9a454,true,
51538,b4aab7547c63e62abf6103d0be6d49f6a01794f58056f0914617a3ad699de53b,false,72249cef13b5632d1ab29647c210c2b8fdf4c4040bc9d29eaa2be1f10a225f30
51538,b52503945f593301af190a3da6b84670c72b59fba9c5294cf0ed1426d4f3ade0,false,00d672c6f79ea6b04afa6ac10a427913379bf830844c1197215103d3b506716d
51580,6b7f4fbc80bab7f4f28042c2c6ea1dc2e57ac5c8df45b624ab7d7a6a1d434187,true,
51580,7cdd55f793ab5bf339a5120cdf6931f5421454a6aec71fb8e5666dadeb920670,false,277772f45adcd0418af0d97cae024eb3ada8cf019d4ec96e4020a0757e5ccd0a;6db4cbe93ecea81a55bf6c87824f57f5f1f84a6c67b87d0a4e4f02b7ac6f18c3
51580,f12bc98907bfc9b8407d9282a8e9a87c1d6ea8ba290ea6730b3460dc1c862b49,false,c69ce897513aa7245e6a5cbd4de1312f29b1f650f7a9faff6abcf10990e79f36
51622,0075b1058a5a4c575d578b68ae9ec8fe5c491b01b9cf1420b77d848767491b84,false,87bbbecccf545a7b83253d9bddc2ba22a893ed7b89d888267f8317f78c8cdf87
51622,87bbbecccf545a7b83253d9bddc2ba22a893ed7b89d888267f8317f78c8cdf87,false,4632764f4777084daf32b5e99121e1e0d8d81ae8037a244ef91de5207b219d35
51622,9ba741700ae802b116aa527c2e89c2dc30199af77c39982a9a10ffb0fbdf4013,true,
51622,d766541f9899af316fd5a4c77033511080d4c0eab3e05601cc71f0e31916757d,false,0075b1058a5a4c575d578b68ae9ec8fe5c491b01b9cf1420b77d848767491b84
51628,1d003b0aeb63e58c859a3d567f43879f80d673105a4ab04cabd15089e0d8448c,true,
51628,53d0a0b8351b24b880fa962bd2b74a8acbb7cbb85c48a42bbd6276a34dcf04e1,false,5e1fcb00a10e6d833380204ae9472a0ee041278972b4ca6386758dabcbae9530
51628,5e1fcb00a10e6d833380204ae9472a0ee041278972b4ca6386758dabcbae9530,false,0075b1058a5a4c575d578b68ae9ec8fe5c491b01b9cf1420b77d848767491b84
51628,7688c7b40c48595159d1530b7e7b9846ea38c1ec3489ceba8ce3584f64e68236,false,a322d591d3746430ea683429fd75fe35915f6bac3866dd8d5db631a3feb97e6f;442542cbfcd0de60e56f488667ed32e9d76e52f3b794199365dc899c673f519f;90d38493e3cd184ff238df213c3289b92424c3ec98d5c182d38876959bed7ff9
51628,90d38493e3cd184ff238df213c3289b92424c3ec98d5c182d38876959bed7ff9,false,976413bf235e284f089a01ee04532df67b13d9e87ba681192877aeefc06f5b6f;87bbbecccf545a7b83253d9bddc2ba22a893ed7b89d888267f8317f78c8cdf87
51628,c27a44ced0912633b0317e7a159b54ba77cd5d132f265c0c5d9dc155edf3253e,false,e6c7c52424e6745c68fd49637c62b8fb07da455f33adc67be446d74b099460bb
51628,e6c7c52424e6745c68fd49637c62b8fb07da455f33adc67be446d74b099460bb,false,b787571821daa62a2640756ed1337136b95cb8c26b160db137579fe21848537a
51633,3844448e370dcbe08994aaa46ab6db415dd49891b9cc73fd5fea8b752f6767ab,true,
51633,67c508925bc2038bca388c84769e7b26d5c8a1cb4f4ad8e76acd2029f87656ac,false,ac7802003f311e1314c0f8a6cb9cd285cb7ff30bef79e128f44add14ccbd45ac
51633,ac7802003f311e1314c0f8a6cb9cd285cb7ff30bef79e128f44add14ccbd45ac,false,4d45de85e85b0d7b2970075e81300269059afaa5fef7d0b2500e6eefd7f93808
51635,b8fe5636540e1a6928204fb948df12d38b2502696e59a33251d43adcec35896b,false,1d2fa57fd3516636eb83b06fbe80aab3496a0d8ce207a235d7e4d03c8088095e
51635,bfbdc320564e952e7a2663b49139604c7a6886d7f48b63c373c85e7c80f4241e,true,
51635,cf7acb21a67a5d8426fd577deb3381bdafcb4477bca3d63ddfc3a565bf7d84b6,false,8c055a8491eb3ee2473c9d7188d14d16011953bef3328a177e7fcb2a8d6fdb08
51646,5561aa8ee537cb0a67e99ecee5936ab85b6e1edd06cde25703c8fd20462c3d1a,false,1194ca6da1ee044cc2d29bbe5aafaf9dada252bb872099a2d8f98d789e5c8b90
51646,d47396400ca5ea866e91eafb9e4554a8dddd64c065c3b7b715e4d6c20635e2c2,false,b4aab7547c63e62abf6103d0be6d49f6a01794f58056f0914617a3ad699de53b;ac7802003f311e1314c0f8a6cb9cd285cb7ff30bef79e128f44add14ccbd45ac;98f905fc2ac8b7dea78684f7041ad080f942126659ec66ea06afa2ebe9be6460;c27a44ced0912633b0317e7a159b54ba77cd5d132f265c0c5d9dc155edf3253e;e6c7c52424e6745c68fd49637c62b8fb07da455f33adc67be446d74b099460bb;53d0a0b8351b24b880fa962bd2b74a8acbb7cbb85c48a42bbd6276a34dcf04e1
51646,e14206d024d78c1bbee550067c3191dc3c8de5b8e49166e4c2eec81a00cee913,false,5561aa8ee537cb0a67e99ecee5936ab85b6e1edd06cde25703c8fd20462c3d1a
51646,f0953e4906099e7f14b11b2c10bc28209ed83e15956603daffb641d32815b994,true,
51647,8654d38bfa3239b1eb9d6a51eea3534db16317c41925d033654a9054ef1661f7,false,67c508925bc2038bca388c84769e7b26d5c8a1cb4f4ad8e76acd2029f87656ac;9cd9096c2f736c4253bcc6f0d29e88d79313a961da08ca7bb0aba83279150c45;c4c314ccc071ca4c54d0a1b187dd032cf954a07153e499327462f1f3c76c3f7f
51647,87b06e0c412d4e239430c7b0f7dc7490cff9ac5fb7e340abc262c6ad488b28e3,true,
51647,8a504064c560c24cde6998ccc37cda2c5af6c377e5f5f6ebb8beccc89a4a004a,false,5561aa8ee537cb0a67e99ecee5936ab85b6e1edd06cde25703c8fd20462c3d1a;de9b52ff598c522cfb2546b3d51b28e56ea49f1cff6dde40a0323df596a030e4;0f0116b3b296c256aee7a64c09d7e5830e323913dabf0ff5ed50233f4bdbb3f2;e14206d024d78c1bbee550067c3191dc3c8de5b8e49166e4c2eec81a00cee913;b787571821daa62a2640756ed1337136b95cb8c26b160db137579fe21848537a
51647,9cd9096c2f736c4253bcc6f0d29e88d79313a961da08ca7bb0aba83279150c45,false,e14206d024d78c1bbee550067c3191dc3c8de5b8e49166e4c2eec81a00cee913
51650,2d77590370a537011396ccba2960fc5621fc6c747b1f767ba3f5aca43dff0504,false,8654d38bfa3239b1eb9d6a51eea3534db16317c41925d033654a9054ef1661f7
51650,6bfc6550bf7145fcbfe6424e35452d1885ceefe3d879d35a322196f75f73a54f,true,
51650,73f177625f29457d750540ebb204231c54eca12a27235e971fb2a4d694610421,false,6ce498efd53cd610ca11325700d731c2025ea0a193e9f3b874071bcd9dab6c98
51650,a3fbe79f22616c9ab5dc44a96359bfe9249759766befa87d504dd8f3a727cb1b,false,2d77590370a537011396ccba2960fc5621fc6c747b1f767ba3f5aca43dff0504
51653,3c1746a431b2aeefdae84118ec062994fd4e41c84c36f9cc7f844d2e6e4cd061,false,6c9bb914b13ae5e965a5e2703b12a386740545e0ee5f81ba2c2a007dfed07db3
51653,3cdbe08c49895f27851bca50d4d8a2cf64a3f929d9301e9da546b20b236e7628,false,a3fbe79f22616c9ab5dc44a96359bfe9249759766befa87d504dd8f3a727cb1b;3c1746a431b2aeefdae84118ec062994fd4e41c84c36f9cc7f844d2e6e4cd061
51653,5eac3e84138bf23b7d8acd7b0f626bce544306da535e39098eaf8cd8fee6fa85,true,
51653,6c9bb914b13ae5e965a5e2703b12a386740545e0ee5f81ba2c2a007dfed07db3,false,73f177625f29457d750540ebb204231c54eca12a27235e971fb2a4d694610421
51653,b9f0cb762e6730323a8e0813929a82d7c59300b74f731f30d8ba743a7ac8ba92,false,73f177625f29457d750540ebb204231c54eca12a27235e971fb2a4d694610421
51660,1edad864355100a7267cc3c91ec6ef8b8b82d5ae8993b40e260c42b05684fe27,true,
51660,628ec180120b57cde4b087ad78f255e0e3fdd954aca08888ad7e7812e98066a2,false,d299f25e7929e62db2ee6c188e10a541c933a326ec36552dcea5b5962d78e455
51660,e7497b8a7f08ec50b5ac710c6d2bed315ed1d7f6800d54e39dad07c90ddb8e77,false,4fc406a8ebe678a2e7c5c4fe9c09fcbe95d24476e52a7eff614b8086913672ea
51663,0b6b32dda0ff8ad68625582c57077bb39080a16adae76b1a143468ab09253ce2,false,fd0f2e56b2e7732ef25a6ba9901c3440e0662dc3a651f5512b6ee31d8c70a809;b0ed19ea3a414ac8ef53a91147aa0ab9861895a616a565ac19f014cd4a9b620b;beb416d0d882e8d88536941bc9d642f27d7bc9b98a1d68224d7836b38981e611;ed7a224d3dc4a400489dce56c64360f23f1d14cbe714c6098c9b8fbaa0425816;1d7c81989eb64c0f538dc3d304d440f55c0040a1655930b04792370a8d27d91a;792c4a613e51966fc1c852cd8d94fd10a05efa55fffdd6a41281c8d139540b23;e152708ebeef4e4856bab545bf88c6ac53448822cdd878c3d621cfdbe9fd5323;c32c9ec0274f316bc501db9ca9932dcbf9beaf2ab90972d0dc63246f614f5650;3f48c4b99de4f7cdd5eb795d50d676bb4106fb9538833d63a236b6faa53a5359;ae502200ceed003d47c647b0eb54f0f09299b3aa1f90ef2ead08e88fc52ce159;668df87733f26d0f3031c6f29d3b643c891f0554cf7e929056815364bb7ba45f;c1da7f0d72f28cf62eb409b707ef897e0e6a4aae870e4c46d89fafb021822a68;31a04370025d348581a94bc1d6442ac54ed31dcaaac7d70c7f107bd67c42806d;da02cae692b2f38ea40a2d8d8707bdda0914ee08f0026dcbf2d5fca90a8aab6e;d84bf8337ccdfa2496a147ccca704d2959116f162e96525e6ba64809db48cd7c;b2f9ad23ca91f6ddfc8b6f6414f6fe9850b2a9386c25881d63f4685b1749d88f;711ac7601afde0910fd02f7b730038a1f9b23045036647095edff86d3463a293;87bbec5332cb02476fdde2cd40c7e2cae3102ba1ef611d2dc2b7b3dc536febbd;10ac0f55a6664efa207c211eba28c1a9e6fcb810ca0e6bb5d5e90caf4b8eb2f3;56b307ef2126f9cc384062d955528b135d8d3880ff19bf86e9803579df09ffbf
51663,dd35da440a3289f9202466fd5b0cb10579db044d187bbf6860e9a7dec9723a54,true,
51663,e29514b9870fa21f909df4f45aae848962ded7a038e39d9f889dc7e5c9201e95,false,0b6b32dda0ff8ad68625582c57077bb39080a16adae76b1a143468ab09253ce2;c2663f33c0ba1540b97dde762853124a6ed1bb753ab3996c3854c01f56524346;941295bc96a1cf6808fb489f3852f457796aa93deb7c33bf80446ccb0fc8bad7
51672,104264c42bbd5ca60673219eb83c4328d9bfbcd16f54a88a0e3d03d963838e45,true,
51672,13633837a03ec490543dfa9eb76b69b9a467b1d5808333906ed05346b95b1673,false,3cdbe08c49895f27851bca50d4d8a2cf64a3f929d9301e9da546b20b236e7628
51672,1da00ee34311a0424b5bc5836ecfdecb79192b3839b173f92701a1e74cb525bf,false,a1abb0dc74d953c5fbb535f1f06907c96f022d743a0641a563021a7b68c813b7;051c122a0f70df384f8e1803f0ab96e9ef49d563e74592874fd9ab1f52b159ad
51728,01151e8a57b4d12cc9718a355c1982dd6ee8868bcceacfda3ab27af3bde8844c,false,0310760474f400aaa4fdaf7713c568f273ee76dd655885c2082a431546af5d3a
51728,0136fca80af9843d19000be24f012dade1148415001dd07627bdb77d512d5465,false,d99dfeb4e278edb3717bb887c863c1f7c3dd44cffac61787d95f2d46602c8101
51728,016a75693679ab73b0e4007ab31e1522224bdcc8fec12da35e30b4405d59790b,false,1f30c918f58fab7f59e13c218a52cfb1953c9631b861c8ea0b966ec60aacd34d
51728,01af5539eb61867e14e1242836a0e4e1210a346d2cdd29ae390ec069327da3ef,false,7b5cdbd470ff96b2622449f5dfa194d71afc3fd726026e83d1cd9e4ee2a41186
51728,02c627783ec33124a425da76b7c8a2f97b71aa9599f24063e21f3916af5992f2,false,a9835e9e3153e1df826fefd67fc4c99bcc653e804dc3faa981ab349e89c7fb31
51728,0310760474f400aaa4fdaf7713c568f273ee76dd655885c2082a431546af5d3a,false,5118f82c39c4a7e39118ec03439387c56fb70ec0ef211c0d41c9182362eccdbc
51728,045c94e0b56cac3c971c131d69db9bcf78f8ad6495818ca4f56e99dfdb35c971,false,e421d896b0703bfe4f5342049ef9160b1c878624d1260ad51decac019d35320d
51728,04e51bd1ce62bac5daaf44e9ba204d51a1c8711e07c82619cf60c700e53238f9,false,02c627783ec33124a425da76b7c8a2f97b71aa9599f24063e21f3916af5992f2
51728,05acf49956bcd835cf61a5f6ed24566f2fa0579bc4661ef720f21dab8244eee3,false,6c5bc445987ec43221a7ab3dce7daf4e48b727bb697c7158bb4007ef5b033272
51728,073636d643eca967219c9243795b78e2b55ac28311611b7344962b4a85e276b5,false,ca192df16b09bac14109e2404a06c4bd3b3b913ea77e4587d89502bc168a6fc1
51728,0741c27a70e126ab39d53c1fff3187953de3ad5a7b75400b7232b4cd5f3a987f,false,440c571d60ae2feaf46689919953a0fbd5d2e404dbf1a99a2ebcb95d4028fb24
51728,0743e6d8b6c14f86942c9d1d8811c4cb2b1f1e965b7528b2b4f81d29f85a9fa8,true,
51728,0761538eb31b69991c70126d55007903ce6b63454d1e5bf966ef4bb86f4b362c,false,1275a378200f2da4b3f41ea05525915824c5b48ea05f4188d4fd31697010f362
51728,0904d3bd03fded118cb0704893da0866fa27da69e1539bc98a22831998a05e00,false,72a5b5b941198da638d64050758fe76d4c637a2e56e7ee2a1adcb35094f28d47
51728,0ab62f69bf0d604b6cb81aea976a062bf8e33b6842e49998691e8696c63df80e,false,0136fca80af9843d19000be24f012dade1148415001dd07627bdb77d512d5465
51728,0b406c7591eb8d4700cb2e23ad3ca7a4de84c91194f7e60162b802235d39b13b,false,6a14e1890c53910343497b6c4a24b373e114f2cb8dde543963be53c05e4c807a
51728,0b6138263eb25ecbc70a6c78417806c04762524c688372c5df5e5c37083a7941,false,47ee1c653645a9ad2caf8ce694ad1060451348b98bf230ed1083b4211c907201
51728,0bf686ac4a6229a8395d81f7d4a748291f88e71bd2f9d453a405b055416912ba,false,faa2cb087a2b0c5e2c898f713ebd77762afb7088a2bd0c720615a6b2efc54eb1
51728,0c338eba9e9fab294a783e0a693da7a249d328126a7b4c8ef9a2502a1a9815a7,false,4d51acfdbb2d331e4055b20edca9c7db18e3b58ba655f19cc19eecda094e8d87
51728,0c967ed774bca3cca32acdfd9236669f1c341995e1f2185fab80ec75faec75a5,false,afd21d8b9ea584ead608a36bac21ccc8132248b382d9a65d48068fdda0d2cb07
51728,0cfe7a7b15253e259eb85d1a88b8106f82f841f031872d153696e5a6c0f86bf7,false,42c897fcb9211d24d7b947a6f32e44ea7b4d81f3b647ce6b1f57c097dfaee6ad
51728,0d38bd211a205a9bd74f02f7eda906d02d487fd5594c856bdbea71158b7ad5dc,false,9da20d81079f681ce8b011e9e3dd740828992c4da46a929d688b770b025af1bd
51728,0dfb494e6f5a020169ac762ba18d05b72255d9c4bf753c8b1b15815e1c21dfab,false,de8023681803b5e0ae69961b98b97bbb0271eec7af341d351ba519879e37c58a
51728,0ebe546f89e277416748f91a2b1b0d6cbad4273d4787cd216d18f8f087511b54,false,396475d4c3011ea97c31aa1132e63c335cea9b3b1b573ca93ef135dbee0a66cc
51728,0f5138afd22c4626e7584247efdc0ef1435da54bf6f4696a1b926311725f8df2,false,d43ff33218872cb5f1ecaa770c5f16ff92218969d384012b0cab455dbb9b76c3
51728,0ff13b11319df3ec36a54a796b807ad46ee432019329e26f0c6684649120c676,false,22497971b94c1a1452ae5ba2dfb69fda680128f5efcb6fddad51279c7d521a3e
51728,10b061f6d18fc950f7f123655b06e326cfaed2290c0a9129b88e8d61c9299ec3,false,ae0b30f765c466d9187511af1ad92d00ce7d1e22f3a0568fcfe4d08554caccf9
51728,11c4c323db32a3777927a33a83f5fd4a6915fdc25679c6b1c742758daed87ab8,false,e1e67eae347663cfd97e8a616b026b443638a3240f802bd38771901591f11bfb
51728,12401ed92a2213e5036c278ea6b4219aafa261356d3e61b8bbcd02ca5411565e,false,79ee5dd759e7092d1ffa0e4502ac9bd77e07bbd04db43577cdf3a6c68d38d674
51728,1275a378200f2da4b3f41ea05525915824c5b48ea05f4188d4fd31697010f362,false,b1bfdf0fee5c6403d27a3f5641b22f68cacecc04e88b7258e0ac8850db66280c
51728,12c4ce3b81eb4db62fb0adc854bb9acd8f045dc229565bdd083ba64c884fee79,false,d5d79ae004d7c5383c6d06df5fb6781dee2637f28f23c6f4be3e690374e01fe1
51728,12f09169bc6d130b0ecf236eed519eb697d7598d98b0354cf762aded73e211d4,false,ed57a7da3f4dec16a1a0038dc9a6653b7409f8c93985febc6d8042c0cbf8d930
51728,1321167c955ce4c8a31f84d596a031143c01c91f5259d58cd9a8778a02fc2181,false,eff140fe6b0a47c18dc5f3fa7ead72a5fc9e814cd68b277771dbdbc6fc39ff3f
51728,132217b2d545137caed8528215989834a19c48c9fbfe6d26d78d7e1ae9934470,false,5cc42f6cf044e29a00b93514b780ebc42b9e103572aae437009a53d587294cf4
51728,13f3af159afd7a5ded2e444086f9f6a19122f2239a3e7bbbfe6a65f7d3e470f9,false,9ece5201165af2b7fb6432713ba87a889a200ab0562eb28a9f73dc690fbf97e8
51728,1452578209321f49723999a3c0c27306416b30a2b867f10aee3e9dea0ae6b7cc,false,20c0977d680fb41109f98cfdd13cba5c1ad521032f2fb4c0fbba296aa94d6d27
51728,1454caf9ad6db17e413f83228658591e41127744215fcbd0c6224fa9ccff8eca,false,f54d4d0312850b7a9db4438883f31cdcb0ea9c2939758e0758341117d4370595
51728,151717960b4913260bc9a869e21ef865b9b5e4f056d25f42d8cf6aa8d30f5e2b,false,a24993ea94cfa4da01bdfbfaa408c5ca45ba87acb5df0eb83e6215c9d484f316
51728,155573c3814217bb9870a6c109b3bee46fa264b7f4f6449c84ad2d98799f0435,false,7f5b6d687e8db75e87ff676d72e2f090de555bdfc01d77943e60c967775dd35d
51728,157af66d1751364a18b82fd5ef9bd97ce3a0f2feb6086f2b6ead92fe9732b3ed,false,9186572e228bc341696f45f524f73b7f8a450bcd63286f385df15dbadcc83650
51728,181587c583dc1431f1d9aa60959e04353a6305427338b4ea0a912a64246beb74,false,5c61c54608276966c761dce42c94353f257889a89e2eec35069535f592c44be3
51728,192d3e68496c7a6003279ef39df5d2fc96fb02b18b9412294c4ce99e25ea599b,false,1eacd5e8d959358b6453bc8b6f37341d582ed594e4aaa56b9e182d30e617fa00
51728,1a50398d67ae81a31c802f203c7f8566026d6ee53961975310297e1d8323fae9,false,7c3436d121da514359a7c747cd4de6f74c6d9fb4915b944add54bf487ae5ddc3
51728,1e22907bcc4aad85947902a04251aeae37bcbc7dde20c2b2034734a3fb69746f,false,9b80134f9ea97fe6392523c9af0474c268865896f0af2e2afd570ad4a9933632
51728,1eacd5e8d959358b6453bc8b6f37341d582ed594e4aaa56b9e182d30e617fa00,false,51ae40819937b49a16b125bffe43f773ede085e53ab59b0bd1656d18bad99522
51728,1efe4edd0b03bb04e7bbf8b17b7f5dcee1cc3988d71e49458329fa01a302c271,false,75418b77c2079301f24fbcb1f593fa6b0b11288c2e7ca829864637336d95299a
51728,1f30c918f58fab7f59e13c218a52cfb1953c9631b861c8ea0b966ec60aacd34d,false,65dd6bd3753302b851352a50cffaee1e9fe92d8c173fb39e4220922885eb2fd3
51728,1f645b9f7a9dc38ab4f7c6e94ce004b47972db6815fe00147ff9b1854cc843de,false,12c4ce3b81eb4db62fb0adc854bb9acd8f045dc229565bdd083ba64c884fee79
51728,1f74641207d03b7a4448b89577ef0b60fa66fcc63db50ac1b7def9c082a84a3b,false,7e89acee589e2ebf51017429e8e4ba51d79bbe4d02c88406acb754fd58f00901
51728,20a3ef8243a7ed434ce1f7d22314929a39aa71b91e637989e71f807d4808f539,false,ed80abd3ea5281af991addd51d68a830b19792aa900f4e80683f17a398e6e9f2
51728,20c0977d680fb41109f98cfdd13cba5c1ad521032f2fb4c0fbba296aa94d6d27,false,8db19538689e540a7439a43ae861352733136ff222fc35132b4d36c6df41f6a7
51728,20d3355cbf550b0596f8bb23d8c33db46cc241cd44fd1f07c23887af250ece82,false,c46c608b280c3f97154a2d9a7b8350781052a503d0245554eb0e030d5b792437
51728,20de917d26be0dd323370fc76eaebd56f3f9ee6e906fe21cd896ce60b724295f,false,c6ef7efe2b197d93f8e8088e0ef46773c721679240fe6fd0bab8f3a0a3228524
51728,210fd7894a3a97d971d446245bb73a46888011abc42d202d59ce3f88bdbe4bff,false,bfb055031683d340a5eceb6957619563b0b26a517868b746d3e552017e66b48f
51728,212dd3f3c85114c9ad6dda8c040be5716dc9335cc1754fe46b2743ed7871443d,false,acbc0c9f8c3990021a09d1a7c25cf934cd4435453112f5512d1f600c68a834c0
51728,218a514814317fbb3c4d22243da21550d874c2358b7e64acc9c2edfd292c9fab,false,bdb3a4650d66a2c6825ffd635ef95bb3e4f3e930672d90615aa8b636e08eb5ad
51728,22497971b94c1a1452ae5ba2dfb69fda680128f5efcb6fddad51279c7d521a3e,false,da4cb80d46517103baa41f7241f4b9d17745c5d4528b51a3b482e0805259dcb6
51728,22cace25379362a168e288586c90362460cdf2d81eedd1f323340f2162b1259e,false,b08480d45e3c38c617c0308395b41a322ba82169bb710ffc5a137f89472263da
51728,23ac73d6d65aa7187e4eeef69fc6ca73d62403cb9a591cfe977fb7ff2696c9b4,false,f610c9f63aee838ad380d09e5623ac29fd243ed78a0686e23bdff8ecc96fb8c6
51728,23ad890136f68c2369aaee7ee2bee7aa815f64fd056cbf162bb43bc292d6a90d,false,ee49e3d99dec911b6ddad45842864cd90f555bc3822ebb1b36361f4401572c76
51728,23baf46c5edb2ce6586499dddf07499c9729257caf9b05367e72a9db2bed3ecc,false,39e639a6fe887f42f624ac29e148dab2fc571560c1f22c3a6c4373e586e0e592
51728,24a1d32cdf154e6a7de3b8ab4d93a6c6d9ef04eac8c9810713b34ebad66a84e2,false,7daeef414c76378a488471b8d0ffc4159c3e386550697ac5388f2a1702bdbc59
51728,25053be5537c86fa9840efb54e3da0b4d266c6b699c41fc645bd10bbe7e37311,false,af94ae0b59cbc4f09c30bad658f67888c3e12fe82e16a4577ff8b51845379d29
51728,2646607a0496db36578273315c476e4ebd7a97a3875980f5a049bcf1e568ce29,false,6b0562874785815dd40b8d40e527d58ee95d7c860ad3b6a8a383726f9fb00af4
51728,272e97733767f62df31644aac9926c2175c2333a063bfd352224ae1da70e5ffc,false,da848e235497d17e01152685aad355903bc4f316fbb45d16a43f6ec12641d31a
51728,277d0226fc40477045574a6b31178e97eb9e85fcaa9afc6620dd95f194fd1dc7,false,61cc319fc1d030fec333727e708b1703e016065ddb70f92a64d9f4a0514dfa03
51728,2792b9ea551972367314547e09063cf40edd67cd29e535eb0749f5b8d0fb9859,false,6077dcac01cb65d59d4d7b48aac1616bb1227da6bbd9cb106a4eae1a1eec6224
51728,27ae74d0efd7c8f52582f66a9c84d9105ce6b1a3fa1d879bd552769816193597,false,bb3ee20e972844f930b5f6d94f1501b58ce9e127a006ccda2ab7b023b08f9965
51728,28625e19ba331357555730194bf89df2c2dce83b1db4d332489e6e73081ba53c,false,11c4c323db32a3777927a33a83f5fd4a6915fdc25679c6b1c742758daed87ab8
51728,2ab833fe9a5f715a6bd7569ab9e54935ce9b1c634da369404b535ba3c2d0408a,false,a122688b7a5d1e7614ef532fdb700df4bc857f773073b97bac541789f8a0ea18
51728,2ba5e03372cb33381cd9b636ea9e36688a1571bdece3a779519a44ef899d58ec,false,f1d24674e484ea37f9b7bfeeb9501d86b07762d8b9d6388bf96606b8c7fabdd9
51728,2d494c9b73dfcc665468c3a1bfb31eaeac2dd15e28870ddf2fd94bcb1125542c,false,d50083c4417fec80e422abbca20ee7be32ad5af8eae20ee78c36a0bf5831c2b9;4632764f4777084daf32b5e99121e1e0d8d81ae8037a244ef91de5207b219d35;d766541f9899af316fd5a4c77033511080d4c0eab3e05601cc71f0e31916757d
51728,2d9f61eac989e285771f3037edaf2d923751bb529d62ca70b74a2e0acd55ddcf,false,bf98d8d650b002974c9e64047682fba198f6d0ff91549338da4b74261e7bd45a
51728,2df41cc553e621d8dcbd3061d40b09436f2187f2804e43d9045280890e3eb87f,false,23ad890136f68c2369aaee7ee2bee7aa815f64fd056cbf162bb43bc292d6a90d
51728,2e102d3f1e64a9cf0bcd82c7e5b67873b13353eaf5f08e194c91bf01a5324641,false,27ae74d0efd7c8f52582f66a9c84d9105ce6b1a3fa1d879bd552769816193597
51728,2efe16665ab6558e449939af59e07eb5120d272d44cae80c6a12cc99de40d759,false,89294ca9417655680253bd8a3ce35bd0617d0768cbed1413745ca804b1ca0ebd
51728,2fa4d54629c2a0fa85d06f354bf89efef6f664267b46345f150d9d8a58ee0f22,false,93cd8cc3b7a4426613282490eef3b88d5b0fe57fbfba35a4679d9141fb2c592d
51728,312e5ee559ed05a6f76d0cd018a1e7c1e77284a5fce8a17c4372dd0ca6f48655,false,d5830a59531b6c6dd24d4055792850ab8c47f59a20fc21883a362d46051a80af
51728,3213cf467eabf53b9731ba0e379761dd8ea0228952b2d362a37fcf3f59a1146f,false,cca632afcfab8fd6148cedfe16328f781c7b2559b9680ad7351024200f791d66
51728,32297b65c6db6ce813244ddafbbb104362017e53528448ee1961e1bc3314e43e,false,6de9ad8ec77fa7d0f58af483325d2db4939146664c87c15f674ae19764dad85a
51728,33380da3f21493a32ca8b33755c2c4b5088035e1ae61914cc028739785e730d6,false,887adaed42df2a91b48555d9713dbcdb28a0d3ea78694fa80614021aee47fa98
51728,34dcd06c9e6119ea318dfec134515f1d001fb9298b28e552f1621cdd1b33cbf0,false,a691aa477ec82bee5495c5d354e4234c1713bb8a81bf03aa87099dae44e54056
51728,35be86cb4c55ad9dd64c6d682d3d6c32295ad75d93d11a488d9e3984e5a3573c,false,979f6e40c8ee65b0ef8fb41ad4f0317d610074b87b717fd344b71bc78c02c3f6
51728,370f45a6cab975dba076ff591775213316fb3e4bdbc1a9b1d671469559567908,false,51cf42d8b9b913c494716f6005dd740e4685364bc968e66b57baadf3aa9abb59
51728,37457d1abba050d4b45cb32bc80632dabeb895f967985cb87b889a3e1d15d20f,false,0f5138afd22c4626e7584247efdc0ef1435da54bf6f4696a1b926311725f8df2
51728,379ae70144f9700c89408f771ecc552791ac7641f93f591175b4c9fb47dbb936,false,4e7b76f48da321dab3b0f0311343582054ea82671cb7d5ca590606297de3fb33
51728,38959aff1f4fe14a8d39b351e68703110d2570e5c7d0e7288fa226f3fd204850,false,72f284c65380734639107a190f842eca12da9e9a3389329d7fbd39815ac136b3
51728,396475d4c3011ea97c31aa1132e63c335cea9b3b1b573ca93ef135dbee0a66cc,false,2792b9ea551972367314547e09063cf40edd67cd29e535eb0749f5b8d0fb9859
51728,3993cbde91713d554531f559a2ef085cd4d39f1807f2322533c19dd640b90ecf,false,8770aabccda0bd0a299d0d1b70e0df42782b93af70447b96e92dacd1a33def80
51728,39e639a6fe887f42f624ac29e148dab2fc571560c1f22c3a6c4373e586e0e592,false,ea2c63be74a67589617743f9a816a3bfb58fc22d50cfb28880e6e51ee79f0348
51728,3e9cffcec591114675d27aab521f5101c2094ab2f19dcbd018d6dc5f6e10b0e8,false,0ebe546f89e277416748f91a2b1b0d6cbad4273d4787cd216d18f8f087511b54
51728,3f6bd2c05923a7e568cf1c878678447645f7b5435f025f2eb152f0483c53d355,false,ea67990244a177b19b159bc7fe3441504a7a730313f10ee8cdca9d573f4f79ed
51728,40af3eceac968f7d64c0bfdc002675d385f39912a6789754902c244ec5954bf2,false,c18166b44a4b279a3e2bb9f58c5ef5273670e62aaa6b2f7eac4df15e541f36fc
51728,40e64427311dfd31cbee728ffba45e5257e91dc3f0490ffaef08efc04b4d028e,false,8d4dd7b45becb56638fd051d917089673e1fc281a65948a07642da6ff24dcf3c
51728,410c5677c8274c9900870edb5b6c880110cd9c96e253313efba0620c8523377e,false,bb74e54827f6453abca9dedd2871baf1c6d7576970f540f60ca82af45d36aae6
51728,4179e1162d730639a88c2f1073c22e547cbe46c0d0818e68d581e7705db63fba,false,212dd3f3c85114c9ad6dda8c040be5716dc9335cc1754fe46b2743ed7871443d
51728,42c897fcb9211d24d7b947a6f32e44ea7b4d81f3b647ce6b1f57c097dfaee6ad,false,045c94e0b56cac3c971c131d69db9bcf78f8ad6495818ca4f56e99dfdb35c971
51728,42f16815e7574202c0bd591a1ba8e459b8812d3655ffac5c9015bac0ae8aee55,false,b9703587a680ec0d5566c979703019d6cf16e027c366f837046f773aee95736f
51728,42f2800e8f02117649c4e8470fac7c9ff7195de06c15f34ebf09d995a73c9e6d,false,3993cbde91713d554531f559a2ef085cd4d39f1807f2322533c19dd640b90ecf
51728,43582ab1fa3022c29040564bac0224306d3e1d1d404633d634783d4b27eff224,false,6af50b1d81e7359feb4159fcf3cadb09d0c2e9d7f990547997b08a864b171a27
51728,439a2fdc4520680c9bfdfb4e2a86e15837660698cb97fcf24334db623494d76a,false,73c59ed59acc8ab1b2a8ada4bb1f4808dd6f534a0e03b6369a3698bcf8c72c51
51728,43c9cce147e76494ad2fb2201649613b943a369ef8d392adea084fc0c9c88d69,false,272e97733767f62df31644aac9926c2175c2333a063bfd352224ae1da70e5ffc
51728,4405336aba27f99438b72cb62ac44640c3c5ee3361ebd3a484717fdb9a45ce81,false,c82f1d8bc34b2102237518674b127e919ad9c1cacb6eec32e4443070bb884704
51728,440c571d60ae2feaf46689919953a0fbd5d2e404dbf1a99a2ebcb95d4028fb24,false,91e1665cddc28731353765179c83754d7e59b240fe652e18d80c26784835178e
51728,4435273e228bc2b47aaa8e3bc41cc121df71cbe7d5cc958ec5b46fd294798aa9,false,cde892e5a4cf6d5d4dd602fc106910d238d05fdbf0f55dc999101c5856b958c0
51728,45b7fde015b82607ce723ca5129e4772a7d83760733ee673c44358eaf48e43e4,false,4628eb2a7072f1c6660bc9c60315fbcc6801de9404a35fbf8e397b70a1006b03
51728,4628eb2a7072f1c6660bc9c60315fbcc6801de9404a35fbf8e397b70a1006b03,false,67e93cbfa217dc600a6cdfd0d2451653981599849ad9fc117202667956eb7ef9
51728,466d2d6b51268d78a37dbe4cfe041dc6e90bc3497fa08110560f04193af39f53,false,db45312ecf2317fed8fb0da5ff144bf09ab9ccd64dffa65b6bd46ffe518f9a45
51728,4735ceaf8a4455aca1406d98deb0573f7c39777f82fed747487e929670553138,false,5ee49225675c01e4f40d92ca3d7e9754b57e3863c11fa0b8dc16a548488afd4f
51728,473ff0ca918f06b9a14fa5d024080ae73d0568b147c6cc5cb8c286a2c0dbe053,false,0cfe7a7b15253e259eb85d1a88b8106f82f841f031872d153696e5a6c0f86bf7
51728,47ee1c653645a9ad2caf8ce694ad1060451348b98bf230ed1083b4211c907201,false,cdb62d88943ed7b7d6bc936088fbe7d21840339c840bc5de9264d111e34a5d52
51728,48d5fa31fbabc992b94e19cb0a15225a932188cb091d4ee2fbe7b8cd9908915d,false,b783bc28b66258f0e65c9232089763f1a34183a851235980d7b878dbbb27af10
51728,493bc746f23fec4b1ea441cc9d5b0074d8f037f28d577fe40afb4504421202ce,false,5750ac0818de859c2987e77794f13ba69e2697f725c50cba9d1fc91a0a51cff9
51728,498ca4fd73c1690c2b8abbcb96e2ef4f7cdef7676d76f5b1a2eb129516ecceb8,false,b59c1cb0818e5add1f37d7fdb5df7d0797050cf52bd28edf06951eaf3a9ef795
51728,49b2a1eb6118d095b72a9474b07e8547ae370c6eff397b89709ca22a2da2cbb8,false,7cd22f33a7985a1104616afd4ac3e519a9a89b950aab4ef59e29324c8fcf4a38
51728,4a26f664704562eef732155fff7fe9eff8f73a9a5c368d2b15b8cf884f00c17b,false,9c6e4f4cff77c315c26faa636170b7cc851e092a8ce4109c3d89a585eb63c9d9
51728,4adec4f1883be0a2c976954d33fe834244d77260a24b5a9b828e60ec68c5c215,false,d56adc83da94e162a259d448331a5446e4d0f8648b155cf8596d1eccec9065f1
51728,4bbde9fea8313ef36997890667c85c0192798cc866981be6c137445d2ce62fc7,false,6692ac5cd6ec06544b1c3b7047f2431175e2881fe30156526d16a75461e9ccb1
51728,4c57ee101e939927766eb65015ea5725cfa8a7ac0939d5a5df11ea76595141c1,false,192d3e68496c7a6003279ef39df5d2fc96fb02b18b9412294c4ce99e25ea599b
51728,4c7a6aed59271ea776dba3504c6027fc5f56b6d692de2972384ea739d09dbeea,false,d46258bb76ea53f33fb63562504e8692b46106a05e57ba45e98c0b6141b08d33
51728,4d51acfdbb2d331e4055b20edca9c7db18e3b58ba655f19cc19eecda094e8d87,false,79126fb60e68f5fd4d4601f3ca445a72aea0d6d86f4d7e97b69cee709e0b6a5a
51728,4e7b76f48da321dab3b0f0311343582054ea82671cb7d5ca590606297de3fb33,false,32297b65c6db6ce813244ddafbbb104362017e53528448ee1961e1bc3314e43e
51728,508ff3f93e0cb9582604906ce4936ed11aa6e795d12f232c180c735891ab13e5,false,d2878d72a45bc2f51236d6eb8d88340fbeb904019daea6b982c41454f39eff7f
51728,5118f82c39c4a7e39118ec03439387c56fb70ec0ef211c0d41c9182362eccdbc,false,d8b507168a3dfefc1739fce07f986078388f62e7e974b54f48fc553a533d54cd
51728,51ae40819937b49a16b125bffe43f773ede085e53ab59b0bd1656d18bad99522,false,8ac96ffe0a89bff79445df8cb23c42cf5ca73bbe3e42f25dcbc24bc73dfb66dd
51728,51cf42d8b9b913c494716f6005dd740e4685364bc968e66b57baadf3aa9abb59,false,ee1409a63f09a1e5984ce00c0baea10ec49c9c1e1f0c43cc47a01a5096686fc6
51728,52a46cbc714a4fac5f73e042e2a45c89ca7ffadf169205190e06bceef45f9230,false,2ba5e03372cb33381cd9b636ea9e36688a1571bdece3a779519a44ef899d58ec
51728,535bc7eb47c2c28ad609e7fa7234d1381088b89e7580608cf3b4e9408c3b9c5d,false,0c338eba9e9fab294a783e0a693da7a249d328126a7b4c8ef9a2502a1a9815a7
51728,545ba5585413e6e374cc1558b8e26e86eb5369e1151ef51a61b8accc02b3877f,false,f54ce05ea8237840a32614682dbf9b879a59626062cddfa4bc5d7f9aa85b2690
51728,54db17f2bf4ea417167b3c456bec14f12b668c198f739515b8e4f9420bec4d11,false,b6bd90d5178f9fbbf9e3789ab74fab80b68617847dafcac2f1daa7561d723793
51728,550926f3cc231c2a87de7793e8b211152a0b5a67e6c6fdbfd7d7a78c5cb7992d,false,0bf686ac4a6229a8395d81f7d4a748291f88e71bd2f9d453a405b055416912ba
51728,55c1cc952c17cd685aa5ce384cea7142e2581be9e9553d3dba75a58fc4b1447c,false,3f6bd2c05923a7e568cf1c878678447645f7b5435f025f2eb152f0483c53d355
51728,55dee86f92cf23e66cd7c6bda3821b775ba0f74a49306c81347d56ce55cef9a1,false,7f89695dd57f5be87f05ee572553590c951d1f03fc1b462b216a1ccc479b4aac
51728,5750ac0818de859c2987e77794f13ba69e2697f725c50cba9d1fc91a0a51cff9,false,fec6190ea6eff57d1a72901206959c538a93737a3238f7c82f438f3b65d7f096
51728,5a22064344f4151f99d5c74ea0446508374450148187abb0683fd75c91ca5677,false,e29514b9870fa21f909df4f45aae848962ded7a038e39d9f889dc7e5c9201e95
51728,5b22c03c9427334f61f57fb0714a8eb1f3a0b073c6a5310f873f86f534dd34f1,false,c277e6c2dcccdefec3a5162fe1987ae4aaf78791ce18ec11aebdc60436e03c10
51728,5c40e9010c3f485fa0670a935f47cbaade97326427a18a1e8e52956796bf02a6,false,652c6bf330ea44b47fb5154d42c2de5e483c85bca98fbf36bc619066d7aeba69
51728,5c61c54608276966c761dce42c94353f257889a89e2eec35069535f592c44be3,false,d0da960b1772f0f4a6ea43b174b76024bdeff03a7a21111aa98de3e3a5a24557
51728,5cbb0a3dca8cbffa16f0899f57ee300abd0b28b7c2f6a72eb8bef32c1505ced9,false,0c967ed774bca3cca32acdfd9236669f1c341995e1f2185fab80ec75faec75a5
51728,5cc42f6cf044e29a00b93514b780ebc42b9e103572aae437009a53d587294cf4,false,40af3eceac968f7d64c0bfdc002675d385f39912a6789754902c244ec5954bf2
51728,5daa9728966a3069d348a15568318f29da8039a9cafe74f30d0a7b451ae60170,false,34dcd06c9e6119ea318dfec134515f1d001fb9298b28e552f1621cdd1b33cbf0
51728,5ebf960815c717399b1b95ce0a4b2631f1e53be4a2913447bd49c6b006c6529d,false,c7578a0bb7c5ba04673015249cdc3d46c70b9e078b07396e0748620b6c950ba8
51728,5ee49225675c01e4f40d92ca3d7e9754b57e3863c11fa0b8dc16a548488afd4f,false,8901ceae5de2bbd5cd2dde1b2291bd1aa4fb440670a89581893e9070a9baee75
51728,5fc7e153f8f6ad2d1c7560cfe796a8479b25f06b55cf20f34804cd53076dd636,false,a576d77e597e784474be32f9a0d3e57baa2ed72c0441206997ed62e42a74c733
51728,6077dcac01cb65d59d4d7b48aac1616bb1227da6bbd9cb106a4eae1a1eec6224,false,1f74641207d03b7a4448b89577ef0b60fa66fcc63db50ac1b7def9c082a84a3b
51728,61cc319fc1d030fec333727e708b1703e016065ddb70f92a64d9f4a0514dfa03,false,5c40e9010c3f485fa0670a935f47cbaade97326427a18a1e8e52956796bf02a6
51728,6284fb8076401a0cb7158ac7a54753efea44eb698a13c4bba75fa7d043426170,false,2d9f61eac989e285771f3037edaf2d923751bb529d62ca70b74a2e0acd55ddcf
51728,632b03c7dab6967ca9e4d8147bac80169ef2503e14ab7f5d5880d848f5c2aa51,false,725d4c133820e8df69edffba84bc7f68b3c98a34478487a3b6b4392ab9ff067d
51728,6456046de3e6d0188d229904898c58952c228e0553f28a17eaa17cd6a8e664f3,false,c466586eca760b7dd750657d06932c2361a329db80a51e18b5547aae8d6809f4
51728,6509355a617d9ca65444efb6a44623bb7dbc9c6c16cbee40f31a57c2f539b215,false,702ff3792b3cb36f4260256d2b052a95feee4b8a0ab28a8a402bd5c5307278cf
51728,652c6bf330ea44b47fb5154d42c2de5e483c85bca98fbf36bc619066d7aeba69,false,54db17f2bf4ea417167b3c456bec14f12b668c198f739515b8e4f9420bec4d11
51728,65dd6bd3753302b851352a50cffaee1e9fe92d8c173fb39e4220922885eb2fd3,false,c3db1b861f8f7dc82b7f20fd3653881c99dc8188581f3ae51d14a11e85c165a1
51728,6692ac5cd6ec06544b1c3b7047f2431175e2881fe30156526d16a75461e9ccb1,false,33380da3f21493a32ca8b33755c2c4b5088035e1ae61914cc028739785e730d6
51728,67e93cbfa217dc600a6cdfd0d2451653981599849ad9fc117202667956eb7ef9,false,c758c13c6f53f548d5b45114cf6a375918ca191a7330524aef754d7427d452a3
51728,69e7840f0a9439b386208188dbb801ef6d7e12fc41e85fd5e3ab5699a325b218,false,20de917d26be0dd323370fc76eaebd56f3f9ee6e906fe21cd896ce60b724295f
51728,69e8aa41ad1b7522281c52acf4b0d12c542b53f1bae701ecd1cf23f2d29c330a,false,23ac73d6d65aa7187e4eeef69fc6ca73d62403cb9a591cfe977fb7ff2696c9b4
51728,6a14e1890c53910343497b6c4a24b373e114f2cb8dde543963be53c05e4c807a,false,b900e6bff1358bd58aedd7f42ec9fbe92dd435fc48a70b45002ee0c41bfa5720
51728,6af50b1d81e7359feb4159fcf3cadb09d0c2e9d7f990547997b08a864b171a27,false,2efe16665ab6558e449939af59e07eb5120d272d44cae80c6a12cc99de40d759
51728,6b0562874785815dd40b8d40e527d58ee95d7c860ad3b6a8a383726f9fb00af4,false,550926f3cc231c2a87de7793e8b211152a0b5a67e6c6fdbfd7d7a78c5cb7992d
51728,6b4a0457ec5637dd56f0c95c77c0d9e258495ab6e583f537ea8d9204831eb424,false,cb1167b0c9a7c56cdea497b2ce286bba19782897dd53bdd7a9886f24bb7b5eee
51728,6bf9eb9d47ccf8c395e1a900f4ff21f1e769d10b5dbb6e0c1550318b93626ef3,false,e3276b9edfb5128904f76965cfa0402c3833aed79812fd7c4ae333d375ce2229
51728,6c5bc445987ec43221a7ab3dce7daf4e48b727bb697c7158bb4007ef5b033272,false,69e8aa41ad1b7522281c52acf4b0d12c542b53f1bae701ecd1cf23f2d29c330a
51728,6c9c3234fbed04dfd2d3c3e36512e9d594415ea27cebb35bfc827b7d9fae0651,false,e48cb0eb0927035a16d33ae147b3b31558fd2a126ac03b8f65ef7493d6c51345
51728,6cc115859366f21a1cdf38268fbd5cf66b1a161d698b5606fe8a9cff191cd97d,false,75cad3a0bdf0e9cff79781b77446eb98cfa7989e9d91f28fac7fb7f2ed98c3a6
51728,6de5013ea74da525bfe4e8f6cd5842d844bb86e92a5211b4021924c195e672a7,false,508ff3f93e0cb9582604906ce4936ed11aa6e795d12f232c180c735891ab13e5
51728,6de9ad8ec77fa7d0f58af483325d2db4939146664c87c15f674ae19764dad85a,false,2df41cc553e621d8dcbd3061d40b09436f2187f2804e43d9045280890e3eb87f
51728,6edb3e6ce1450bff0fa2435457f3583711644dc4fabf636bd055441450ec7b20,false,dead167bbd221fbc65f306abdefe95febb05ff0f43ec4290c6a70bed1482053d
51728,702ff3792b3cb36f4260256d2b052a95feee4b8a0ab28a8a402bd5c5307278cf,false,c6ed65733a629f9d780018132232c3d8a56d4de8ec98e86987e55716d069b50f
51728,7148b9c04cf4d5452e7793935dbbf051237987885afe7b2845625830147e4b80,false,88fdfafb1f36a542425d5f0b786a44749ae3e6341b461a3c67cedc7620c5be8c
51728,725d4c133820e8df69edffba84bc7f68b3c98a34478487a3b6b4392ab9ff067d,false,01af5539eb61867e14e1242836a0e4e1210a346d2cdd29ae390ec069327da3ef
51728,72a5b5b941198da638d64050758fe76d4c637a2e56e7ee2a1adcb35094f28d47,false,861bf353e4b6b5c4745e9dcd88251725f122c1e21e3537af69c3525524035c1a
51728,72b6f1b685815e3c330525a185c17fce11abce168164f3b63bd747f88d6e87d7,false,545ba5585413e6e374cc1558b8e26e86eb5369e1151ef51a61b8accc02b3877f
51728,72f284c65380734639107a190f842eca12da9e9a3389329d7fbd39815ac136b3,false,157af66d1751364a18b82fd5ef9bd97ce3a0f2feb6086f2b6ead92fe9732b3ed
51728,73c59ed59acc8ab1b2a8ada4bb1f4808dd6f534a0e03b6369a3698bcf8c72c51,false,5fc7e153f8f6ad2d1c7560cfe796a8479b25f06b55cf20f34804cd53076dd636
51728,75418b77c2079301f24fbcb1f593fa6b0b11288c2e7ca829864637336d95299a,false,84a5af60a3cbf24c4e155d3b1dee2b02de5ed9eb52451c0b37a4b0288e076333
51728,757e734978084d632e1e83791573166b7e8eebf08b8faff4d68e3222af0f767d,false,473ff0ca918f06b9a14fa5d024080ae73d0568b147c6cc5cb8c286a2c0dbe053
51728,759728aae0e3bf6e25f733dfac6cdad413596e7c3b7955d8bc6705c906390443,false,4bbde9fea8313ef36997890667c85c0192798cc866981be6c137445d2ce62fc7
51728,75cad3a0bdf0e9cff79781b77446eb98cfa7989e9d91f28fac7fb7f2ed98c3a6,false,c3614ea343d64536994a95effdd45563da2a91c91ec53ae8c303c9f9d8da7237
51728,766133005d37620907e47934f20cf209019c7ca15a95093c47a1ca95532358a3,false,498ca4fd73c1690c2b8abbcb96e2ef4f7cdef7676d76f5b1a2eb129516ecceb8
51728,766e6756a37dbaf8b1337fc476de23998ff4f27b335040b5fdbd1daca8f964bc,false,4405336aba27f99438b72cb62ac44640c3c5ee3361ebd3a484717fdb9a45ce81
51728,76cb0a7ca668574e9208cdbc1a82a8fe328e1546df64b0a00bbf75981a784953,false,04e51bd1ce62bac5daaf44e9ba204d51a1c8711e07c82619cf60c700e53238f9
51728,7720adf4a18aa1b25299316830fd939907cc42d1658c7fe24baf5a048c86a281,false,7d88cd36f4cb14e90b9db3de08778b70d54303332230482a502ff138b7a460f5
51728,7910603a8cf723d830bc2943a21e0dd2191364a876178b22ebde3b4eb13ef011,false,0b6138263eb25ecbc70a6c78417806c04762524c688372c5df5e5c37083a7941
51728,79126fb60e68f5fd4d4601f3ca445a72aea0d6d86f4d7e97b69cee709e0b6a5a,false,8c6e7e36d706f3b650677093ed0f012b3ac40f2c5d779aa8be450706e8ded7ef
51728,79c23de45ad0b2999a127bf5cb0b6012516a392781998dfc24bc55798ad994af,false,42ebe18e0337f365aec6c0d624ae4b6e8b30c5973efe6759e54da7fbde00a72b
51728,79ee5dd759e7092d1ffa0e4502ac9bd77e07bbd04db43577cdf3a6c68d38d674,false,3213cf467eabf53b9731ba0e379761dd8ea0228952b2d362a37fcf3f59a1146f
51728,7b50fa577489ed05ac5aa98474ff168ac2d9734ca13253fa4812ac7f914eac22,false,277d0226fc40477045574a6b31178e97eb9e85fcaa9afc6620dd95f194fd1dc7
51728,7b5cdbd470ff96b2622449f5dfa194d71afc3fd726026e83d1cd9e4ee2a41186,false,1efe4edd0b03bb04e7bbf8b17b7f5dcee1cc3988d71e49458329fa01a302c271
51728,7c3436d121da514359a7c747cd4de6f74c6d9fb4915b944add54bf487ae5ddc3,false,22cace25379362a168e288586c90362460cdf2d81eedd1f323340f2162b1259e
51728,7cd22f33a7985a1104616afd4ac3e519a9a89b950aab4ef59e29324c8fcf4a38,false,1454caf9ad6db17e413f83228658591e41127744215fcbd0c6224fa9ccff8eca
51728,7d88cd36f4cb14e90b9db3de08778b70d54303332230482a502ff138b7a460f5,false,9475363d6d19219f70f883420dfd866170af8b2f011e5bafb0b73bfed709696a
51728,7da44fbd5b919b656af8aaac3c73823959e08bb9a6d118e21919c3cea840a766,false,d84f6e9c837110bc30c29f269a41680b769f3e21e01f17901b7db9b35c600f90
51728,7daeef414c76378a488471b8d0ffc4159c3e386550697ac5388f2a1702bdbc59,false,c106da8c8fb1e1b9206ee56fb1ea236801f8d3ea00dffc282bf0260e0fa9f482
51728,7e89acee589e2ebf51017429e8e4ba51d79bbe4d02c88406acb754fd58f00901,false,7b50fa577489ed05ac5aa98474ff168ac2d9734ca13253fa4812ac7f914eac22
51728,7f5a8f20bd6afe51426907a578bafacb506ca395aaa11dfea28ad1e32043c8a1,false,d05e4c28f6bc5c2848f1310913222586c805e478426203a5c557d5ccd9229ad1
51728,7f5b6d687e8db75e87ff676d72e2f090de555bdfc01d77943e60c967775dd35d,false,0ab62f69bf0d604b6cb81aea976a062bf8e33b6842e49998691e8696c63df80e
51728,7f89695dd57f5be87f05ee572553590c951d1f03fc1b462b216a1ccc479b4aac,false,d18fd7c61739503de824b2ce748732cba1d074f5f6694dbdc5db801861abbf80
51728,83c771a22ea99b46976cf22829859405dd7d371df73f7d5b6b3cedf3d2ce4a64,false,759728aae0e3bf6e25f733dfac6cdad413596e7c3b7955d8bc6705c906390443
51728,84a5af60a3cbf24c4e155d3b1dee2b02de5ed9eb52451c0b37a4b0288e076333,false,d8a36c5de06969245def3f6e1f1a9c0a2a2e015fff17d7dbeabae48a841627e0
51728,85e0391418021b7f901cf80907446eb01dc020176a14ae88483a17c3ecc12ad8,false,87dbbf520d94545ab126bdb661762f997411194f6209393d5e0f9e943c6f837b
51728,861bf353e4b6b5c4745e9dcd88251725f122c1e21e3537af69c3525524035c1a,false,c43e6aa6d309f50611a364bcfe92510b7bfee1873c4df6cb39a5d56eb89ed213
51728,8770aabccda0bd0a299d0d1b70e0df42782b93af70447b96e92dacd1a33def80,false,f2073c7561ec31bc83634436d86f73908fb8a935ec972be7edd2c67835e58986
51728,87dbbf520d94545ab126bdb661762f997411194f6209393d5e0f9e943c6f837b,false,d60e961090ee3e3f868fbac29da4342ec3590020f3015335b1852a6b84c28e3f
51728,887adaed42df2a91b48555d9713dbcdb28a0d3ea78694fa80614021aee47fa98,false,a606457c15975f6c7f6e1d0100ac6ec24d1d125c3b7aa6991367d9a092bbf4f2
51728,88fdfafb1f36a542425d5f0b786a44749ae3e6341b461a3c67cedc7620c5be8c,false,312e5ee559ed05a6f76d0cd018a1e7c1e77284a5fce8a17c4372dd0ca6f48655
51728,8901ceae5de2bbd5cd2dde1b2291bd1aa4fb440670a89581893e9070a9baee75,false,28625e19ba331357555730194bf89df2c2dce83b1db4d332489e6e73081ba53c
51728,89120bdfcb46df5c374b2a4a3d4fad42caaf91d3b0446774e3258edc3da18b51,false,a6dea2302d346e9eec2c43259f5228f3653f0c9965967a36bb45c0375183a8db
51728,89294ca9417655680253bd8a3ce35bd0617d0768cbed1413745ca804b1ca0ebd,false,151717960b4913260bc9a869e21ef865b9b5e4f056d25f42d8cf6aa8d30f5e2b
51728,89781fbfa99b19452accb9484d389f188c24cedbbae9ec8e78b55d3a074ea91e,false,a2361942994f13aac76622a8815cca3b8cb45b046d1c62d833ff9f113b04616d
51728,8ac96ffe0a89bff79445df8cb23c42cf5ca73bbe3e42f25dcbc24bc73dfb66dd,false,6edb3e6ce1450bff0fa2435457f3583711644dc4fabf636bd055441450ec7b20
51728,8b6f9d88ccfcd5fea1bb112929f35b32b56e587b7b220812abf7f28ef1f03964,false,93a138e57ef0fc9a36e282f6459b8a39cdfbd28b75fde2ae24ab7a48932f37ac
51728,8c6e7e36d706f3b650677093ed0f012b3ac40f2c5d779aa8be450706e8ded7ef,false,4735ceaf8a4455aca1406d98deb0573f7c39777f82fed747487e929670553138
51728,8d4dd7b45becb56638fd051d917089673e1fc281a65948a07642da6ff24dcf3c,false,c6f9071c6587aea16fb3c9814696ba6cfbc842c94326aa04b483366776fd0651
51728,8db19538689e540a7439a43ae861352733136ff222fc35132b4d36c6df41f6a7,false,6de5013ea74da525bfe4e8f6cd5842d844bb86e92a5211b4021924c195e672a7
51728,90c8eecf4108ba4108f274b064bf10654004bc88aec2ea6aaca8510d9bba81d3,false,d5aa6d693cce0eebfefa85d92f33767d12838c02fc6dfabceb7b40e9a87f390e
51728,9186572e228bc341696f45f524f73b7f8a450bcd63286f385df15dbadcc83650,false,f129c38786fb85f7b74d4d6524ba88d1d64dbb0943e3519ac0f884532ab6c59d
51728,91e1665cddc28731353765179c83754d7e59b240fe652e18d80c26784835178e,false,6509355a617d9ca65444efb6a44623bb7dbc9c6c16cbee40f31a57c2f539b215
51728,91f4095484c920d67e24173adb13df5b3beba38136a93f34e666c10ac9070fb5,false,55c1cc952c17cd685aa5ce384cea7142e2581be9e9553d3dba75a58fc4b1447c
51728,932b8dfac2c15ad47b90dc8a33cf124699eb45de203124a5f4a4c2f760f8802e,false,3e9cffcec591114675d27aab521f5101c2094ab2f19dcbd018d6dc5f6e10b0e8
51728,93969e350e240926e45114f61fd2142b07fab2607e270f1c05cff607bbf894a9,false,f8cc75d41c511ab5aa07ed7e6617e96aacd72452b275a71696a4a0f7932cc759
51728,93a138e57ef0fc9a36e282f6459b8a39cdfbd28b75fde2ae24ab7a48932f37ac,false,766133005d37620907e47934f20cf209019c7ca15a95093c47a1ca95532358a3
51728,93cd8cc3b7a4426613282490eef3b88d5b0fe57fbfba35a4679d9141fb2c592d,false,6c9c3234fbed04dfd2d3c3e36512e9d594415ea27cebb35bfc827b7d9fae0651
51728,9475363d6d19219f70f883420dfd866170af8b2f011e5bafb0b73bfed709696a,false,932b8dfac2c15ad47b90dc8a33cf124699eb45de203124a5f4a4c2f760f8802e
51728,961be3892f8112f793e877ac5378d76c1ba1be5454c97aa4f1b81ab402114fbf,false,1f645b9f7a9dc38ab4f7c6e94ce004b47972db6815fe00147ff9b1854cc843de
51728,969335b584ef73db892f482e081174364da44722b7f4c2a89de01b1d7a5ac97b,false,d6e45377248562a9a4ef5877433b67239b43b1b95a2dabd0011c472e5afe7a11
51728,979f6e40c8ee65b0ef8fb41ad4f0317d610074b87b717fd344b71bc78c02c3f6,false,b2bd6514c755af753f50f47ea96dfd9000b479416c149f5367b3e5902ee15e51
51728,97a45b12de40e0a491065ada61f5a99fa60fe2e7d455652ea009716b649662e3,false,f6dd8eeac3188f1a3ca316e90350ccc79a907f00a9f55855318cfe3d3032d616
51728,9b80134f9ea97fe6392523c9af0474c268865896f0af2e2afd570ad4a9933632,false,155573c3814217bb9870a6c109b3bee46fa264b7f4f6449c84ad2d98799f0435
51728,9ba7a2b93499df05e42f54812474709befc030950d1715207e79a1428a419e50,false,7720adf4a18aa1b25299316830fd939907cc42d1658c7fe24baf5a048c86a281
51728,9c6e4f4cff77c315c26faa636170b7cc851e092a8ce4109c3d89a585eb63c9d9,false,e89e3eca5e67a466d51369f59bca9367d0f13fbf820d28cd593f9053b9b5e02e
51728,9da20d81079f681ce8b011e9e3dd740828992c4da46a929d688b770b025af1bd,false,afc66b0cb0a08246bef497d3ec1b332deaafff446801a54f9250f77cc39e35e3
51728,9ece5201165af2b7fb6432713ba87a889a200ab0562eb28a9f73dc690fbf97e8,false,410c5677c8274c9900870edb5b6c880110cd9c96e253313efba0620c8523377e
51728,a122688b7a5d1e7614ef532fdb700df4bc857f773073b97bac541789f8a0ea18,false,0d38bd211a205a9bd74f02f7eda906d02d487fd5594c856bdbea71158b7ad5dc
51728,a2361942994f13aac76622a8815cca3b8cb45b046d1c62d833ff9f113b04616d,false,43c9cce147e76494ad2fb2201649613b943a369ef8d392adea084fc0c9c88d69
51728,a24993ea94cfa4da01bdfbfaa408c5ca45ba87acb5df0eb83e6215c9d484f316,false,632b03c7dab6967ca9e4d8147bac80169ef2503e14ab7f5d5880d848f5c2aa51
51728,a3b65ab4966ff5d8c845edad9d29d738a72aa5bdf64809708b015dc4652c1e5d,false,13f3af159afd7a5ded2e444086f9f6a19122f2239a3e7bbbfe6a65f7d3e470f9
51728,a576d77e597e784474be32f9a0d3e57baa2ed72c0441206997ed62e42a74c733,false,20d3355cbf550b0596f8bb23d8c33db46cc241cd44fd1f07c23887af250ece82
51728,a606457c15975f6c7f6e1d0100ac6ec24d1d125c3b7aa6991367d9a092bbf4f2,false,20a3ef8243a7ed434ce1f7d22314929a39aa71b91e637989e71f807d4808f539
51728,a691aa477ec82bee5495c5d354e4234c1713bb8a81bf03aa87099dae44e54056,false,757e734978084d632e1e83791573166b7e8eebf08b8faff4d68e3222af0f767d
51728,a6dea2302d346e9eec2c43259f5228f3653f0c9965967a36bb45c0375183a8db,false,b1fa2c3ad7f3ddc482ded8c9ffd7760250d543c0761c78ab24b7df175397dced
51728,a78573514bc3dd22b5cd94832cad1894e7253873098d626eef9dec6625549803,false,e60645bf06f64f04cf1bcc52cfa74c2f818dc0c51ea3b2b4162d92406afb229b
51728,a846b4775ce8d409a2d4af2b6b714d69a6cafa343def02b9829e3170be4cf0ff,false,cf5a014e0ba4f301cc28a7ce3a4c631c6122f3d5743d836e5012c08e46830be8
51728,a9835e9e3153e1df826fefd67fc4c99bcc653e804dc3faa981ab349e89c7fb31,false,2646607a0496db36578273315c476e4ebd7a97a3875980f5a049bcf1e568ce29
51728,aa45c83ce09f5634175d4b4b8f63b4cdc806c9677ecf73e308a7881d1fe76224,false,181587c583dc1431f1d9aa60959e04353a6305427338b4ea0a912a64246beb74
51728,abbf3be5b3ba0746b6b6d11ccd0aa2346082a3470c6d738df077e7de1926e55c,false,f689874eb4605ded71beb57211ca4cca1404ff187602a0aef827e70f401467c6
51728,abfcbb5a766107adbbca8cf13e6c70690ed1344584fd2835062f87c3bb84afc0,false,69e7840f0a9439b386208188dbb801ef6d7e12fc41e85fd5e3ab5699a325b218
51728,acbc0c9f8c3990021a09d1a7c25cf934cd4435453112f5512d1f600c68a834c0,false,bcf8f9273e9c3e5a3137735fb4eccd1ab6267c9e335e1733944bfbb018d9ac72
51728,ae0b30f765c466d9187511af1ad92d00ce7d1e22f3a0568fcfe4d08554caccf9,false,a846b4775ce8d409a2d4af2b6b714d69a6cafa343def02b9829e3170be4cf0ff
51728,af94ae0b59cbc4f09c30bad658f67888c3e12fe82e16a4577ff8b51845379d29,false,b080e233367dd027ce814cb3d1f8abe25d2fc0a73037dcf73ea7a5af6765a4d3
51728,afc66b0cb0a08246bef497d3ec1b332deaafff446801a54f9250f77cc39e35e3,false,abbf3be5b3ba0746b6b6d11ccd0aa2346082a3470c6d738df077e7de1926e55c
51728,afd21d8b9ea584ead608a36bac21ccc8132248b382d9a65d48068fdda0d2cb07,false,cde3661d80a6ac9c0f9d5dc90023511c8dbc723797fcb7b263abcd81ef20c1e0
51728,b080e233367dd027ce814cb3d1f8abe25d2fc0a73037dcf73ea7a5af6765a4d3,false,35be86cb4c55ad9dd64c6d682d3d6c32295ad75d93d11a488d9e3984e5a3573c
51728,b08480d45e3c38c617c0308395b41a322ba82169bb710ffc5a137f89472263da,false,c6374f799416d7bc126e4291dafbe28dd3de90d61595740c618a748ec5edc85b
51728,b1bfdf0fee5c6403d27a3f5641b22f68cacecc04e88b7258e0ac8850db66280c,false,e139f65a689b5b4bda8b1d13dd85f2d3c99d3aee93992f5537e00c3289e821de
51728,b1fa2c3ad7f3ddc482ded8c9ffd7760250d543c0761c78ab24b7df175397dced,false,5daa9728966a3069d348a15568318f29da8039a9cafe74f30d0a7b451ae60170
51728,b231f9bcc9a254e5e6bb8630195580a3185194d03c6ab88012cd5c502e399a88,false,d50742984b5e3ba03210db985ee63b384986afe40ada9c38d97d059449f619d0
51728,b23f01936103ff78038804547d64893feeab3367961933960074d740f2432bba,false,bc589cac7afa09b04ce2d1eae1062ee12ec9ebef8f0ec53a74f5bea045ca05d9
51728,b2bd6514c755af753f50f47ea96dfd9000b479416c149f5367b3e5902ee15e51,false,12401ed92a2213e5036c278ea6b4219aafa261356d3e61b8bbcd02ca5411565e
51728,b2f15b70c92574bee46872c2a4475a2b5a7e45608a770cee3764eeebbe4865bf,false,c2043dbf0894705bac73918c3e480b18b601d38b513c02f7b57bbae6c2f6aafe
51728,b31901a9e06c4d246112dea42f6e302dca0ce102a03333851af0a3d5c6d3806b,false,d47396400ca5ea866e91eafb9e4554a8dddd64c065c3b7b715e4d6c20635e2c2
51728,b59c1cb0818e5add1f37d7fdb5df7d0797050cf52bd28edf06951eaf3a9ef795,false,b31901a9e06c4d246112dea42f6e302dca0ce102a03333851af0a3d5c6d3806b
51728,b6bd90d5178f9fbbf9e3789ab74fab80b68617847dafcac2f1daa7561d723793,false,e3791c0753c1b5981b3ca5855443e821d052063aa804d259f6830a94c10c2c92
51728,b783bc28b66258f0e65c9232089763f1a34183a851235980d7b878dbbb27af10,false,1452578209321f49723999a3c0c27306416b30a2b867f10aee3e9dea0ae6b7cc
51728,b84cdad8dfdf3759b66c0af1d2318c6bb0761a290387a2a40f03c48fa3cc82bb,false,766e6756a37dbaf8b1337fc476de23998ff4f27b335040b5fdbd1daca8f964bc
51728,b900e6bff1358bd58aedd7f42ec9fbe92dd435fc48a70b45002ee0c41bfa5720,false,ffe3667a4857aac32f3c96153da01cc86906c1c7fdaa5bc75c72cc0cf8880696
51728,b9703587a680ec0d5566c979703019d6cf16e027c366f837046f773aee95736f,false,1a50398d67ae81a31c802f203c7f8566026d6ee53961975310297e1d8323fae9
51728,bad14863240018ae500f992072aa8bdde13b5ee952b4008694bf6cc89340c3e4,false,38959aff1f4fe14a8d39b351e68703110d2570e5c7d0e7288fa226f3fd204850
51728,bb3ee20e972844f930b5f6d94f1501b58ce9e127a006ccda2ab7b023b08f9965,false,0ff13b11319df3ec36a54a796b807ad46ee432019329e26f0c6684649120c676
51728,bb74e54827f6453abca9dedd2871baf1c6d7576970f540f60ca82af45d36aae6,false,40e64427311dfd31cbee728ffba45e5257e91dc3f0490ffaef08efc04b4d028e
51728,bbaddff240642069c66ccd4c4189ded87a8a73ec73ed009bd8f54ada793308f1,false,eec82457cbc83612495843f85ba22caa9492978840048944c93294ce3e815f7a
51728,bbadf78936e312b8db858ded6acad156a7605abf6e3b2132754a38a698e0ca1a,false,439a2fdc4520680c9bfdfb4e2a86e15837660698cb97fcf24334db623494d76a
51728,bc589cac7afa09b04ce2d1eae1062ee12ec9ebef8f0ec53a74f5bea045ca05d9,false,7148b9c04cf4d5452e7793935dbbf051237987885afe7b2845625830147e4b80
51728,bcf8f9273e9c3e5a3137735fb4eccd1ab6267c9e335e1733944bfbb018d9ac72,false,ffbc301812410f78e82fb6f0e85e51fddffeef3f0bc5a1b38a3e304644510d25
51728,bdb3a4650d66a2c6825ffd635ef95bb3e4f3e930672d90615aa8b636e08eb5ad,false,fb246bd35a9a30f8e6041974e36453abd426a994142d18d744ffcfd5675c4abf
51728,bf558812ad73476101f5006e335ed1d7fe1bc97b306d31f4fad0cb401ba945f8,false,c843cfe6c276219acae7a8fa720b0d23609d78495775cf9b76fa8623cd256317
51728,bf98d8d650b002974c9e64047682fba198f6d0ff91549338da4b74261e7bd45a,false,bad14863240018ae500f992072aa8bdde13b5ee952b4008694bf6cc89340c3e4
51728,bfb055031683d340a5eceb6957619563b0b26a517868b746d3e552017e66b48f,false,4c57ee101e939927766eb65015ea5725cfa8a7ac0939d5a5df11ea76595141c1
51728,bfd6f7b6592208fbb30d88d453772e57384c703dd1a5222010c20a066fb9e964,false,25053be5537c86fa9840efb54e3da0b4d266c6b699c41fc645bd10bbe7e37311
51728,c051330051bc1cb9ea069199c75ef90de9632897e52d2d0e9b1f2c1aff64a185,false,e0768d6a2a44a25bb33c86b8041625cdba5f83a1e7070285941b7f4097582121
51728,c106da8c8fb1e1b9206ee56fb1ea236801f8d3ea00dffc282bf0260e0fa9f482,false,c051330051bc1cb9ea069199c75ef90de9632897e52d2d0e9b1f2c1aff64a185
51728,c18166b44a4b279a3e2bb9f58c5ef5273670e62aaa6b2f7eac4df15e541f36fc,false,cb03f3abed6adf7d920804d53df4ebe86c14af3896216e27854d7cd11d04a80c
51728,c18550f5af7f7c2b82c79ca8da437dde10eba86cea5b6adfb317dc00d94c1e08,false,7910603a8cf723d830bc2943a21e0dd2191364a876178b22ebde3b4eb13ef011
51728,c2043dbf0894705bac73918c3e480b18b601d38b513c02f7b57bbae6c2f6aafe,false,85e0391418021b7f901cf80907446eb01dc020176a14ae88483a17c3ecc12ad8
51728,c277e6c2dcccdefec3a5162fe1987ae4aaf78791ce18ec11aebdc60436e03c10,false,5a22064344f4151f99d5c74ea0446508374450148187abb0683fd75c91ca5677
51728,c3614ea343d64536994a95effdd45563da2a91c91ec53ae8c303c9f9d8da7237,false,e010731d4a4271f7ac71b7641f7650e1b16155fc19c59b407c2e38f1a63c34e5
51728,c3db1b861f8f7dc82b7f20fd3653881c99dc8188581f3ae51d14a11e85c165a1,false,83c771a22ea99b46976cf22829859405dd7d371df73f7d5b6b3cedf3d2ce4a64
51728,c43e6aa6d309f50611a364bcfe92510b7bfee1873c4df6cb39a5d56eb89ed213,false,073636d643eca967219c9243795b78e2b55ac28311611b7344962b4a85e276b5
51728,c466586eca760b7dd750657d06932c2361a329db80a51e18b5547aae8d6809f4,false,d8296131b333b863d172934c9fc4fd21b235790c808156ea1d425bea1f8c5bb8
51728,c46c608b280c3f97154a2d9a7b8350781052a503d0245554eb0e030d5b792437,false,42f2800e8f02117649c4e8470fac7c9ff7195de06c15f34ebf09d995a73c9e6d
51728,c62223868b5a1084eb7f0c3809552348906981fcd759b9758538e5cb3e310cd4,false,76cb0a7ca668574e9208cdbc1a82a8fe328e1546df64b0a00bbf75981a784953
51728,c6374f799416d7bc126e4291dafbe28dd3de90d61595740c618a748ec5edc85b,false,961be3892f8112f793e877ac5378d76c1ba1be5454c97aa4f1b81ab402114fbf
51728,c6e0f8b4208019b532e3556bd6682fe0fb0d544a2699fc6407e2cc1e4da231b0,false,218a514814317fbb3c4d22243da21550d874c2358b7e64acc9c2edfd292c9fab
51728,c6ed65733a629f9d780018132232c3d8a56d4de8ec98e86987e55716d069b50f,false,210fd7894a3a97d971d446245bb73a46888011abc42d202d59ce3f88bdbe4bff
51728,c6ef7efe2b197d93f8e8088e0ef46773c721679240fe6fd0bab8f3a0a3228524,false,c6e0f8b4208019b532e3556bd6682fe0fb0d544a2699fc6407e2cc1e4da231b0
51728,c6f9071c6587aea16fb3c9814696ba6cfbc842c94326aa04b483366776fd0651,false,05acf49956bcd835cf61a5f6ed24566f2fa0579bc4661ef720f21dab8244eee3
51728,c7578a0bb7c5ba04673015249cdc3d46c70b9e078b07396e0748620b6c950ba8,false,7f5a8f20bd6afe51426907a578bafacb506ca395aaa11dfea28ad1e32043c8a1
51728,c758c13c6f53f548d5b45114cf6a375918ca191a7330524aef754d7427d452a3,false,2fa4d54629c2a0fa85d06f354bf89efef6f664267b46345f150d9d8a58ee0f22
51728,c82f1d8bc34b2102237518674b127e919ad9c1cacb6eec32e4443070bb884704,false,fdca25788048873143120907c39f977035d39c55bd0d2f9949ec529ec46f4496
51728,c843cfe6c276219acae7a8fa720b0d23609d78495775cf9b76fa8623cd256317,false,7da44fbd5b919b656af8aaac3c73823959e08bb9a6d118e21919c3cea840a766
51728,c958096dfdad6828f684097ab83482bbe1feab14b976f4f1410b33b58c903cd0,false,bfd6f7b6592208fbb30d88d453772e57384c703dd1a5222010c20a066fb9e964
51728,ca192df16b09bac14109e2404a06c4bd3b3b913ea77e4587d89502bc168a6fc1,false,6cc115859366f21a1cdf38268fbd5cf66b1a161d698b5606fe8a9cff191cd97d
51728,cb03f3abed6adf7d920804d53df4ebe86c14af3896216e27854d7cd11d04a80c,false,abfcbb5a766107adbbca8cf13e6c70690ed1344584fd2835062f87c3bb84afc0
51728,cb1167b0c9a7c56cdea497b2ce286bba19782897dd53bdd7a9886f24bb7b5eee,false,91f4095484c920d67e24173adb13df5b3beba38136a93f34e666c10ac9070fb5
51728,cca632afcfab8fd6148cedfe16328f781c7b2559b9680ad7351024200f791d66,false,4adec4f1883be0a2c976954d33fe834244d77260a24b5a9b828e60ec68c5c215
51728,cdb62d88943ed7b7d6bc936088fbe7d21840339c840bc5de9264d111e34a5d52,false,f314f82edc63b0a2e73913e8ea260bc123cd687a3f122ad9cf8fd392e360b8f7
51728,cde3661d80a6ac9c0f9d5dc90023511c8dbc723797fcb7b263abcd81ef20c1e0,false,b231f9bcc9a254e5e6bb8630195580a3185194d03c6ab88012cd5c502e399a88
51728,cde892e5a4cf6d5d4dd602fc106910d238d05fdbf0f55dc999101c5856b958c0,false,2ab833fe9a5f715a6bd7569ab9e54935ce9b1c634da369404b535ba3c2d0408a
51728,ce806910ce4804de564a9b2a3704b57b0c87c7517ca2a5012e3b6aa9563dcc7b,false,8b6f9d88ccfcd5fea1bb112929f35b32b56e587b7b220812abf7f28ef1f03964
51728,cf5a014e0ba4f301cc28a7ce3a4c631c6122f3d5743d836e5012c08e46830be8,false,12f09169bc6d130b0ecf236eed519eb697d7598d98b0354cf762aded73e211d4
51728,d05e4c28f6bc5c2848f1310913222586c805e478426203a5c557d5ccd9229ad1,false,132217b2d545137caed8528215989834a19c48c9fbfe6d26d78d7e1ae9934470
51728,d0da960b1772f0f4a6ea43b174b76024bdeff03a7a21111aa98de3e3a5a24557,false,49b2a1eb6118d095b72a9474b07e8547ae370c6eff397b89709ca22a2da2cbb8
51728,d18fd7c61739503de824b2ce748732cba1d074f5f6694dbdc5db801861abbf80,false,0904d3bd03fded118cb0704893da0866fa27da69e1539bc98a22831998a05e00
51728,d2878d72a45bc2f51236d6eb8d88340fbeb904019daea6b982c41454f39eff7f,false,535bc7eb47c2c28ad609e7fa7234d1381088b89e7580608cf3b4e9408c3b9c5d
51728,d3763c8a9049dbe7844b1367c615cc5f6dd04ea61d34f33d55d56419a550a242,false,0741c27a70e126ab39d53c1fff3187953de3ad5a7b75400b7232b4cd5f3a987f
51728,d39053051b345ec3aa237deb226f363d95d7f45eeb98d255334b8dcd5b702a7f,false,e978cfdf99f98ed44c47783e8315dd552360049f0f57d3f3653f645780e32192
51728,d43ff33218872cb5f1ecaa770c5f16ff92218969d384012b0cab455dbb9b76c3,false,f3389ed455a7007d50b59df8f8488ee694f1a6eae8ca245478ea20463afcac8e
51728,d46258bb76ea53f33fb63562504e8692b46106a05e57ba45e98c0b6141b08d33,false,bbaddff240642069c66ccd4c4189ded87a8a73ec73ed009bd8f54ada793308f1
51728,d50742984b5e3ba03210db985ee63b384986afe40ada9c38d97d059449f619d0,false,f470744e80a29280cca43ec164db90f3b8dd7695f9ed8deda12f31317df12b60
51728,d56adc83da94e162a259d448331a5446e4d0f8648b155cf8596d1eccec9065f1,false,10b061f6d18fc950f7f123655b06e326cfaed2290c0a9129b88e8d61c9299ec3
51728,d5830a59531b6c6dd24d4055792850ab8c47f59a20fc21883a362d46051a80af,false,1e22907bcc4aad85947902a04251aeae37bcbc7dde20c2b2034734a3fb69746f
51728,d5aa6d693cce0eebfefa85d92f33767d12838c02fc6dfabceb7b40e9a87f390e,false,6bf9eb9d47ccf8c395e1a900f4ff21f1e769d10b5dbb6e0c1550318b93626ef3
51728,d5d79ae004d7c5383c6d06df5fb6781dee2637f28f23c6f4be3e690374e01fe1,false,370f45a6cab975dba076ff591775213316fb3e4bdbc1a9b1d671469559567908
51728,d60e961090ee3e3f868fbac29da4342ec3590020f3015335b1852a6b84c28e3f,false,37457d1abba050d4b45cb32bc80632dabeb895f967985cb87b889a3e1d15d20f
51728,d6e45377248562a9a4ef5877433b67239b43b1b95a2dabd0011c472e5afe7a11,false,93969e350e240926e45114f61fd2142b07fab2607e270f1c05cff607bbf894a9
51728,d734ebe211ebcb6a0990eb0960d083ab50f1101d7cd32ce0e904e12315dc4335,false,90c8eecf4108ba4108f274b064bf10654004bc88aec2ea6aaca8510d9bba81d3
51728,d8296131b333b863d172934c9fc4fd21b235790c808156ea1d425bea1f8c5bb8,false,6284fb8076401a0cb7158ac7a54753efea44eb698a13c4bba75fa7d043426170
51728,d84f6e9c837110bc30c29f269a41680b769f3e21e01f17901b7db9b35c600f90,false,466d2d6b51268d78a37dbe4cfe041dc6e90bc3497fa08110560f04193af39f53
51728,d8a36c5de06969245def3f6e1f1a9c0a2a2e015fff17d7dbeabae48a841627e0,false,2e102d3f1e64a9cf0bcd82c7e5b67873b13353eaf5f08e194c91bf01a5324641
51728,d8b507168a3dfefc1739fce07f986078388f62e7e974b54f48fc553a533d54cd,false,1321167c955ce4c8a31f84d596a031143c01c91f5259d58cd9a8778a02fc2181
51728,d99dfeb4e278edb3717bb887c863c1f7c3dd44cffac61787d95f2d46602c8101,false,c18550f5af7f7c2b82c79ca8da437dde10eba86cea5b6adfb317dc00d94c1e08
51728,da4cb80d46517103baa41f7241f4b9d17745c5d4528b51a3b482e0805259dcb6,false,379ae70144f9700c89408f771ecc552791ac7641f93f591175b4c9fb47dbb936
51728,da848e235497d17e01152685aad355903bc4f316fbb45d16a43f6ec12641d31a,false,72b6f1b685815e3c330525a185c17fce11abce168164f3b63bd747f88d6e87d7
51728,db45312ecf2317fed8fb0da5ff144bf09ab9ccd64dffa65b6bd46ffe518f9a45,false,55dee86f92cf23e66cd7c6bda3821b775ba0f74a49306c81347d56ce55cef9a1
51728,dbf62430dba35cd8ba5a7ae295b7cf9aa8c07304c5b632655729d6d6338da8ba,false,bf558812ad73476101f5006e335ed1d7fe1bc97b306d31f4fad0cb401ba945f8
51728,dd177e02c40eeca1c6b0023610ec1c057a43ec673a35ed1322b547d70c11780d,false,89781fbfa99b19452accb9484d389f188c24cedbbae9ec8e78b55d3a074ea91e
51728,de8023681803b5e0ae69961b98b97bbb0271eec7af341d351ba519879e37c58a,false,e8ed84238e6aa5b54e86044fbdbdd700e10d6c59f4ab4fd77cba3ad1c36e5df6
51728,dead167bbd221fbc65f306abdefe95febb05ff0f43ec4290c6a70bed1482053d,false,c958096dfdad6828f684097ab83482bbe1feab14b976f4f1410b33b58c903cd0
51728,df7e6f9212b67d93f3e9710ee9fbf20b3e24066d27fb72b4d129a5c4aa2d3e5c,false,01151e8a57b4d12cc9718a355c1982dd6ee8868bcceacfda3ab27af3bde8844c
51728,e010731d4a4271f7ac71b7641f7650e1b16155fc19c59b407c2e38f1a63c34e5,false,b2f15b70c92574bee46872c2a4475a2b5a7e45608a770cee3764eeebbe4865bf
51728,e0768d6a2a44a25bb33c86b8041625cdba5f83a1e7070285941b7f4097582121,false,d3763c8a9049dbe7844b1367c615cc5f6dd04ea61d34f33d55d56419a550a242
51728,e139f65a689b5b4bda8b1d13dd85f2d3c99d3aee93992f5537e00c3289e821de,false,4a26f664704562eef732155fff7fe9eff8f73a9a5c368d2b15b8cf884f00c17b
51728,e1e67eae347663cfd97e8a616b026b443638a3240f802bd38771901591f11bfb,false,a78573514bc3dd22b5cd94832cad1894e7253873098d626eef9dec6625549803
51728,e3276b9edfb5128904f76965cfa0402c3833aed79812fd7c4ae333d375ce2229,false,aa45c83ce09f5634175d4b4b8f63b4cdc806c9677ecf73e308a7881d1fe76224
51728,e3791c0753c1b5981b3ca5855443e821d052063aa804d259f6830a94c10c2c92,false,23baf46c5edb2ce6586499dddf07499c9729257caf9b05367e72a9db2bed3ecc
51728,e421d896b0703bfe4f5342049ef9160b1c878624d1260ad51decac019d35320d,false,48d5fa31fbabc992b94e19cb0a15225a932188cb091d4ee2fbe7b8cd9908915d
51728,e48cb0eb0927035a16d33ae147b3b31558fd2a126ac03b8f65ef7493d6c51345,false,969335b584ef73db892f482e081174364da44722b7f4c2a89de01b1d7a5ac97b
51728,e60645bf06f64f04cf1bcc52cfa74c2f818dc0c51ea3b2b4162d92406afb229b,false,5cbb0a3dca8cbffa16f0899f57ee300abd0b28b7c2f6a72eb8bef32c1505ced9
51728,e89e3eca5e67a466d51369f59bca9367d0f13fbf820d28cd593f9053b9b5e02e,false,bbadf78936e312b8db858ded6acad156a7605abf6e3b2132754a38a698e0ca1a
51728,e8ed84238e6aa5b54e86044fbdbdd700e10d6c59f4ab4fd77cba3ad1c36e5df6,false,ecd42aeab1bcf34207fb406f9d38483d82868c41f3cda0adefb6c7c075ec42c7
51728,e978cfdf99f98ed44c47783e8315dd552360049f0f57d3f3653f645780e32192,false,6456046de3e6d0188d229904898c58952c228e0553f28a17eaa17cd6a8e664f3
51728,ea2c63be74a67589617743f9a816a3bfb58fc22d50cfb28880e6e51ee79f0348,false,5b22c03c9427334f61f57fb0714a8eb1f3a0b073c6a5310f873f86f534dd34f1
51728,ea67990244a177b19b159bc7fe3441504a7a730313f10ee8cdca9d573f4f79ed,false,016a75693679ab73b0e4007ab31e1522224bdcc8fec12da35e30b4405d59790b
51728,eaecdaafdfd162242de744a4af472cb6c80cc8f5e8785dbc6d53ed0c76da6be9,false,4c7a6aed59271ea776dba3504c6027fc5f56b6d692de2972384ea739d09dbeea
51728,ecd42aeab1bcf34207fb406f9d38483d82868c41f3cda0adefb6c7c075ec42c7,false,89120bdfcb46df5c374b2a4a3d4fad42caaf91d3b0446774e3258edc3da18b51
51728,ed57a7da3f4dec16a1a0038dc9a6653b7409f8c93985febc6d8042c0cbf8d930,false,52a46cbc714a4fac5f73e042e2a45c89ca7ffadf169205190e06bceef45f9230
51728,ed80abd3ea5281af991addd51d68a830b19792aa900f4e80683f17a398e6e9f2,false,eaecdaafdfd162242de744a4af472cb6c80cc8f5e8785dbc6d53ed0c76da6be9
51728,ee1409a63f09a1e5984ce00c0baea10ec49c9c1e1f0c43cc47a01a5096686fc6,false,b84cdad8dfdf3759b66c0af1d2318c6bb0761a290387a2a40f03c48fa3cc82bb
51728,ee49e3d99dec911b6ddad45842864cd90f555bc3822ebb1b36361f4401572c76,false,42f16815e7574202c0bd591a1ba8e459b8812d3655ffac5c9015bac0ae8aee55
51728,eec82457cbc83612495843f85ba22caa9492978840048944c93294ce3e815f7a,false,0761538eb31b69991c70126d55007903ce6b63454d1e5bf966ef4bb86f4b362c
51728,eff140fe6b0a47c18dc5f3fa7ead72a5fc9e814cd68b277771dbdbc6fc39ff3f,false,43582ab1fa3022c29040564bac0224306d3e1d1d404633d634783d4b27eff224
51728,f129c38786fb85f7b74d4d6524ba88d1d64dbb0943e3519ac0f884532ab6c59d,false,97a45b12de40e0a491065ada61f5a99fa60fe2e7d455652ea009716b649662e3
51728,f1d24674e484ea37f9b7bfeeb9501d86b07762d8b9d6388bf96606b8c7fabdd9,false,6b4a0457ec5637dd56f0c95c77c0d9e258495ab6e583f537ea8d9204831eb424
51728,f2073c7561ec31bc83634436d86f73908fb8a935ec972be7edd2c67835e58986,false,0b406c7591eb8d4700cb2e23ad3ca7a4de84c91194f7e60162b802235d39b13b
51728,f21dca3ea21619d6fa654ac60e440b83d0a471186c3b57633951d21980128398,false,4435273e228bc2b47aaa8e3bc41cc121df71cbe7d5cc958ec5b46fd294798aa9
51728,f314f82edc63b0a2e73913e8ea260bc123cd687a3f122ad9cf8fd392e360b8f7,false,a3b65ab4966ff5d8c845edad9d29d738a72aa5bdf64809708b015dc4652c1e5d
51728,f3389ed455a7007d50b59df8f8488ee694f1a6eae8ca245478ea20463afcac8e,false,24a1d32cdf154e6a7de3b8ab4d93a6c6d9ef04eac8c9810713b34ebad66a84e2
51728,f470744e80a29280cca43ec164db90f3b8dd7695f9ed8deda12f31317df12b60,false,5ebf960815c717399b1b95ce0a4b2631f1e53be4a2913447bd49c6b006c6529d
51728,f54ce05ea8237840a32614682dbf9b879a59626062cddfa4bc5d7f9aa85b2690,false,493bc746f23fec4b1ea441cc9d5b0074d8f037f28d577fe40afb4504421202ce
51728,f54d4d0312850b7a9db4438883f31cdcb0ea9c2939758e0758341117d4370595,false,b23f01936103ff78038804547d64893feeab3367961933960074d740f2432bba
51728,f610c9f63aee838ad380d09e5623ac29fd243ed78a0686e23bdff8ecc96fb8c6,false,ce806910ce4804de564a9b2a3704b57b0c87c7517ca2a5012e3b6aa9563dcc7b
51728,f689874eb4605ded71beb57211ca4cca1404ff187602a0aef827e70f401467c6,false,4179e1162d730639a88c2f1073c22e547cbe46c0d0818e68d581e7705db63fba
51728,f6dd8eeac3188f1a3ca316e90350ccc79a907f00a9f55855318cfe3d3032d616,false,d734ebe211ebcb6a0990eb0960d083ab50f1101d7cd32ce0e904e12315dc4335
51728,f8cc75d41c511ab5aa07ed7e6617e96aacd72452b275a71696a4a0f7932cc759,false,c62223868b5a1084eb7f0c3809552348906981fcd759b9758538e5cb3e310cd4
51728,faa2cb087a2b0c5e2c898f713ebd77762afb7088a2bd0c720615a6b2efc54eb1,false,d39053051b345ec3aa237deb226f363d95d7f45eeb98d255334b8dcd5b702a7f
51728,fb246bd35a9a30f8e6041974e36453abd426a994142d18d744ffcfd5675c4abf,false,f21dca3ea21619d6fa654ac60e440b83d0a471186c3b57633951d21980128398
51728,fdca25788048873143120907c39f977035d39c55bd0d2f9949ec529ec46f4496,false,0dfb494e6f5a020169ac762ba18d05b72255d9c4bf753c8b1b15815e1c21dfab
51728,fec6190ea6eff57d1a72901206959c538a93737a3238f7c82f438f3b65d7f096,false,3cdbe08c49895f27851bca50d4d8a2cf64a3f929d9301e9da546b20b236e7628
51728,ffbc301812410f78e82fb6f0e85e51fddffeef3f0bc5a1b38a3e304644510d25,false,dd177e02c40eeca1c6b0023610ec1c057a43ec673a35ed1322b547d70c11780d
51728,ffe3667a4857aac32f3c96153da01cc86906c1c7fdaa5bc75c72cc0cf8880696,false,df7e6f9212b67d93f3e9710ee9fbf20b3e24066d27fb72b4d129a5c4aa2d3e5c
51729,00568fb305dc5f73aac4dc9969f351db3fb4478c3cc353c2c8d988f32ec79999,false,8d02751dcdfd5325b6c463dd497a265b486307b0d3a3f966c557b50019e86a25
51729,015c55fd82cbf37804f7e890e5aa8c1af3cc22e19c953364583b9c1565d5ffd9,false,e8f9b3ddd270ca1b3441c66dee5cf2c48fbbe49d7c2c57228d1b47918cadcd35
51729,016626fc6b87e7cdf15d223eed429435245a4756bfb9cd1e8b37c65badb54ab0,false,3e7e96d195759f0964ffb14f66132dd353ba5c58e0466d3491abc366c93f6ad4
51729,018a273971423474a6d3f5eb46217abad3c8c3408539521b21b6fd1ba846b64c,true,
51729,02c80c222d5367eb81ee02f842894f1595c58e642c59de8b0503f92b4345b660,false,68b39dd8aeee733577a0a8d951ee1f060a6d5bc8510fbe9ec6dcf60aa41dac9c
51729,041c63dca8cabc6ef44b18a0ea0a93e3381f6ecac9b61f7248cf2eb868192497,false,ee775534be1b73f9286ac5a97b758cf41f360730f56e9bf86dbcb727a7460044
51729,043711a16e2576edd33654d9d9f341d4df7b9f72e59ab37f6bae52837d9887db,false,82f12103065e6ed7649b4e6af1dc39e477f4970a1d42cea96ff7ecb948a0bdbd
51729,04733bf761c2d1d2162e0ec5a51851bf7a0389699cf2fb88afbeb50de31ca0b1,false,4d4cd4d3a47985f3e1b137ccfcc894e81db7161c3d3a92dedb785b488bf27751
51729,047414f6f290eab10eabf3a12b2c5b0a2e66115fdebdec0b8dcc8c8558da990b,false,495072679f2d311c065df5ee7d1b6e92a9de0a8df7bed8bde6573557bab9fd7d
51729,056175a88feb7a102e6aea0e1cf5648a2772de6b51c4430f8f6c775ae84d97dd,false,54b286ac1e826ab18c92effd045be4404db4af3df4e9b98561fa19116d772c4e
51729,05aa458039417de651e6289235e89af09eef84eaa12b95c55c765ae85cf8705c,false,da83e8a321d75deaa0bd5abcdb2b0f3c887587a6b3ff09f10c6969cffadb9dde
51729,05d0c487065aaf96383f268bbd11bedbb55a4fe618785ced5504398d226339c4,false,49696807ba70db342121e481549dd14bc8c5183315c878d28fc7300d20de1d06
51729,05fa9d1f7491a158b29710bdda615052cb92a1960e92da56ae5010f0e831f276,false,a29de715873316ae73bfe8340d5c7f8cb0911d937dc7ed289d0d2f227f464b9f
51729,062e60a0db9d5da6eae92e7b916c1cc73b9f767696b46bf850557959bf092c0d,false,684e03c8034c053a98a8903284b0bbbdcefb3518e1418122e8558b699add20d4
51729,06deb2410649180bc3d9535679b1b3e1a8d1d3a03e003e3cf94d86d0cf58e391,false,5dfee3a4c173f9fba67139d51029fdf67f6d894e113cfb6a70750898d3d879fb
51729,07c3dc7ba1ca1255f8d9de1ed71dee5724753a144fe72017be6394ba653aa04b,false,54d18f9577f0f12b491e2c52137fcd1c5f465732ac119d7645adbd08dec1770c
51729,0828d6456afe1050f8691a4580f2b9e8816bfb26a5cdaba25a7c0bb0071bc35e,false,1891e7535a82a2dff286c7197c3eff2127a376405039d523aa95fefdac0a4891
51729,08d8f5e95da72a7b191c4f716de67716a6258fbb0419f84ceba37175b7de7a1c,false,ae585fb457a80dbb0883a1f4af24093dbad3a3afbc16d4a3d8475179f53da138
51729,08f23615e620cb9c7d3289644cb5eac6f09844975100d7478b31d7e32731432d,false,8f2ae9877c31aa4ac4a38e24cb8ad42f4ec7caed8cad5d2773c92f59cb559fe8
51729,090616ae10408ffa9888bf8b9e18f15ac14d9493ab33a712d7d3d09980f335a8,false,e2647504348cded78d0f9a6f45b4c2609a9ea3249e3368ffea79d1e920c71da5
51729,094b09d794db747df763e551fba984416f583a036eecfe55582e1ea1c213dd17,false,2b2e1f34f1286a0e77870b708035a679387e69a21fb61ceffbce13091a64a1b6
51729,09cb72a7bd785c4455a996d9d27c58d989cfc1646c30b54ce966ebb08d8a8508,false,c692e6f1b269fd2ca3e0a2450a5b67842aaab6f791339b711d4376905627466d
51729,0a18d9069d1ad31ed7e4b775d65a7e4cf61c85dccdd9ece96f47ab7329ea9536,false,1fa6f55c8e2ef777bcfe791e5f75c7947487e9dbe31b010952c156a339143b42
51729,0b2034afd23122c816312e09cf1702e400938dfd69ae7bc660f47b756449b08b,false,04733bf761c2d1d2162e0ec5a51851bf7a0389699cf2fb88afbeb50de31ca0b1
51729,0b4f0e8e3f6df4f8fcd71efb3b064fcd6b86e01f0e3aa8b25c6466c21b1e8373,false,7a595a38862df5182c94a9057da885c927d33b02eb7ed6e0a89671186c052c48
51729,0bfccb8002dd147fa0a456f885588aa863a64311be0306c97b5be9642a2d564a,false,cf5eb402c00b48858fc43fe70c48b7bba730a6d9523959bee9e79ed2bce59fd0
51729,0c02eb0ff5e40412b0754d44c0bdd3bcc051b0fe278fa192979373d96abbd6d1,false,55f5b3b6b00c77dea51842e170fcfab3206bf5894548f8d8190abfa1bae1efe3
51729,0c549de8eaa7dfe564766f208be76bd59a98858d96eb3e534eb141539bf9a2ea,false,d8ec83940f2dedaa7ef03f6adadf86f7b48a3eb952a2eea392b3b6aac07f9ddb
51729,0cefc1f8ecfd14c93fe7aa6c1b44d2e986f19977d4c202286e2f7509745901ce,false,70956f3a1c28d504535be9c75d9bb69a806e48fff911e672d69eb7b5b85000f5
51729,0d442385e9d5063455a146bc183bdbb659b72142b453eb65d997fe0fdc09c397,false,a52e588970c29e3c90342759bed752b6db1efca5f6522239c8760a81ff0ce3bc
51729,0d47131141bf84fdcfad8855703fa75bb0b595ace9708b2e4a894eb55b92a102,false,b53471668c6c49291b65b26a757a537f8221dd5b7684023c07dfe684f6302ba0
51729,0d9a78ed05f6b5e5216dfa0e13b1e41ff75b4ac8c486bd362757deff82afed24,false,f14714066723f3f8f0ec2accdf4230e214a72b708521432f12513b9232b05c94
51729,0dec048a43ae0b40c812b28e7e58e4d4e12750730220b846da14773c5aa1232b,false,87fbb5266091d9c6632561e0dce45dc248b5c6168a60f6d55ee5094050e5df9d
51729,0e228784f7c4e27a482f74acb79820025d7bb11d31183f94b99d256299ba3aac,false,043711a16e2576edd33654d9d9f341d4df7b9f72e59ab37f6bae52837d9887db
51729,0e41ab7dc32c5439523b320008d62559c93f5c1b60b0bb03b716cbc3aab96d18,false,efabdbd429d66ba0d15df2da9c10b73aa561c26b3caafc75382029d9c7a6ef13
51729,1041344dec7d805794e79820534ad445b7439be7d093b59f396621c4acd6cf42,false,e7e0ef915d28e9a04683ab03a75800af8d104ae7a3a6a8149215ab671d428c04
51729,1165ab99d3ee28e130f9cd0ca0eead00b303a2bbc3a6502402576a69bb691b89,false,e48ee6c313fab1181333cea8f81a0fb2e652d8cf3a73d9da3dca337b39079e46
51729,11813d5f1a20bcca242ee4c3fbf9f542c602cf54675d629a20e90d85b886faac,false,d2a9d5c27da8afd9a3dedddd8e93b8cb4f1b6c38255fb325f5b17a5cf3eb6257
51729,11b21a61b38470162a29b874d5c5bc94004e812d01d8d2706eeb82490b41bf91,false,cf8f2ed8306a3b454c1f8bbdd35b9943df2cab486d56065b098c34985670a328
51729,11f32bc1dce5ef1c4a61f784c2a22ef2a41e3c3d1877642c9f60df952a962504,false,cc406ade38baa9b9e2b2543f9c3bf04750d08f8968a7a20b9f8efe86b2826c22
51729,1236fbfe01144aa1c79327cc3b2d48214d549b59fb4ac4c9ed8a55decb1e7f0b,false,6d71283b48482ff271ec33661a6c22b6bed79c3df7e6b7b3cf05eabc3d633039
51729,12c8656ccd4b6daac4a2a136ba451e0c987e8c299a14905930c28343accf7fde,false,3e0b55f3f1a5761ee94bf0b1895ac14201e2ce41ac8e3c2ad3f2468ae7e4ac28
51729,14275b5305981a2a0511d625ea9ff0f836afc933ceb9ad33fb1f71314c7a7093,false,422a46569b3114244224f661a0334e30f86cbc1051b8fa68062ba7d4deeec0ac
51729,148466e2edb82d435e48e41ea6c7ceb0a85f1445a9809edfb08e5346abc8f39c,false,0dec048a43ae0b40c812b28e7e58e4d4e12750730220b846da14773c5aa1232b
51729,15025fb184a8b461e5c0e654520a213c72be2211ccae49a34d9d568e55135e13,false,f67e4e1aabb798d293a0d8f0d62d605f908da859d9f92f3dc2b842e62dea1fca
51729,152072e906df95710f5eecbdcb18bf27ccb884254ee105f1436d0c992ca7e698,false,67c91a2f6ce1eee0c257998e52c778397fd5ff5c9689f0fbbdbd4c3bbb1b6893
51729,152575a5c3f7ef11b7fe192e3c6ab85983249e6938a571ca1fd3f12f3ec8629d,false,234801dffa14be5ea28159aeda16a8754e5cb8f4302777f5578066fecdbc43ea
51729,15fdf3b7e7999b7d71b5aeca962f097a24f0fcdadde73d62098ef0470c576d8a,false,4d2185516cd922b4371ce6ab5c910e7c14ece5a36f2bb76ad7db6b43aeb89fbf
51729,1608d29dc11e510d8b20bed7072159d05f36d3e6277e9342ec79fe2300173669,false,ca6004ab1710742da5f36d26fb6331f5128e59fd9cc27f4eb2323ef5c8a24d53
51729,167ba8759b5724d6c1e333d746425799c84fbd723a51e679261f83c449a33096,false,52c5f4ad64a3d893705686bd64bc6fe660b534fc255f4db445420701ffc8ebb0
51729,16863ecb748eb9ffe1c03f35289672c4d5b26fc7967ba54cc7fef44911239cc4,false,5108bf1bd63bbbf54bbb4f9a532926d5687a23ec101473faa6b911ab5e770083
51729,182fbd5ad5465b96a3ddd38c0326f5d3e0baeb35c5c5354833388d655269b153,false,b3b2881de7782e9fa2824f571d430caa871eb6be1f7d7ea523a13f3f08d7b61c
51729,1891e7535a82a2dff286c7197c3eff2127a376405039d523aa95fefdac0a4891,false,b5f8aa6a2264921975c8e9aa4e1dc83b8737e2eb5bcbbde82935da5686a5b32e
51729,191b6b140860b264123a7b6940fbc479ca5f53a15c741a5b0058ddf32cd13f59,false,828f9c423249e71d61ea277431ba5a5c3cd8e750b233f20f6c1fb02b62704032
51729,19efa78efffe5eb94957ad1e58efebd69a28c42e0034f2d5fd9d7ba2ef84b669,false,bfaf0823d92791d9832402da4186e0089187a23fdadb902d0143e463372418de
51729,1a8419322725a1b9c2347334d14db12afa2e60e2e5d807a80ae4eb4a7aef2923,false,43a69070ab83de65e2e5601e2bd835b712be298126953a93845e7f1273be5954
51729,1a91d25e09bc5f4712ca8f08814fc3758b268c3cd18aae4534f813eabc1e1e22,false,bd4e167b458b14ab11b820f3e9343e0e12bc027a1093b3c068d4ddd7fafa3859
51729,1affa50a505afbc07b6b7b7349f846283f2da0bebfb9d742d3af3eb9108ed253,false,11f32bc1dce5ef1c4a61f784c2a22ef2a41e3c3d1877642c9f60df952a962504
51729,1b1cc3951814ba33c4392a29a1bdf5abdee16ff69015567dd99bd28d32db55c9,false,fcdca9fb51174e9ae4473ed073bff3191cb27d6807c3ff4188db9ff4e569cba6
51729,1b4bffe828c2b2c5b08f0feb5a67f339d79f31b18a56c43e0c4969f1bd61dde8,false,8f875f30bb4e1c618bc40086607ace0263e8234e6dd1d94e6d69e34df6df82c7
51729,1bd610cee9d9ce6424b273f9bf66aee13da6cf9cb3f0bec85065934e34318b46,false,a1a3ca2162c4f7de2e3dcf6b6a6a385cb390b5ecda02e16ad940a6eb2ba222dd
51729,1c178ff608ac9390e4f7825587237ae5bb26fe06e5d162b181029d814abfe596,false,82c6d9c5a21da2a6b645201d83b0eec690c24da9ab41adc75e5f90c96dd41e31
51729,1c7e8dae0f0c3c7707ba2cdbb3570bf82052e652183807c76c8e7b22ea79dbfc,false,ed6018b373b534f3cb06d1ad4a2e6b3be3c37c9f341c676d490d572b1712899a
51729,1c928b61c1b387f3b900125566037cf9a47f4fa8a39dce0abb402b82bea75106,false,6772a610649ce7cda1b15fa6a8fe433e06523468a35b09ec51dd0bc5d2d93a48
51729,1c9cd096a195a76461f78f894cea1ec22406c12e9fdb4234980d5d141959d297,false,3c14baedadfccaae218259aac532a7c490bc52c159396cd9f4aae3d91284eb71
51729,1cc79689994323c22512aedabb2b4901e11b28bb249bb8ed7790db5408d3d48d,false,1c178ff608ac9390e4f7825587237ae5bb26fe06e5d162b181029d814abfe596
51729,1cc7aecf6c79c8e0a48d4a658ae2a871bea3ae52f2473bf0a7c3e349a9ece4bd,false,0b2034afd23122c816312e09cf1702e400938dfd69ae7bc660f47b756449b08b
51729,1cd9a2a7cc56e830c4e0b2a1508ba84e6f3fa094e8f0cb2996ad3befe75e8236,false,94d53c099d123beb299f4a40d7301d5130ff29c9294f1c852b62b9d6c22b3236
51729,1dc67c837820534f428100ad9fc65f7f2753e2e5785405f6c588e81bd7d25b98,false,16863ecb748eb9ffe1c03f35289672c4d5b26fc7967ba54cc7fef44911239cc4
51729,1e28c032ef56edb357b56673b774b915f752185501c5e10af9f88e118fb16ea0,false,08d8f5e95da72a7b191c4f716de67716a6258fbb0419f84ceba37175b7de7a1c
51729,1e637d27dc7fa8e73646fe1e5bd84562647210f4f79f7fe77bbbcb41e4e83b87,false,a2ea48631cc83279ce061671086601644e5022f93529047d5876f0d07baf995a
51729,1ebdf94cacf6610a64b69a50abaea60a97dae2db9a586f5f3e24b5876a7e7390,false,ae4eed22473c39fa54bedd0fbda817b7019258ae207516fb80a4bd412954f16c
51729,1ecaf95cdb9a25865ae02e285f32709bae5b52327a8d64d201f3b3906c876fef,false,3b41936bb4007d082b07a217d359cd45e69d7829c80552b74b8360230658fe46
51729,1f18cce9d845c61c27cf0573f0f40a20a37875730eea59794f08c36f035c9928,false,d9af0900a5ad854e22a4503628ed4b573bf4223cbbc43330b0b13542a7b5c045
51729,1f4c07989a458a95fdc6a53278a0b05cc73aad6cf55e4bd22f6b5fb81854783e,false,4c67129f4669b258453950c4332a82da3e40ee6b37ec37ed2f6706c44509a07e
51729,1fa6f55c8e2ef777bcfe791e5f75c7947487e9dbe31b010952c156a339143b42,false,74aafd706a37d3e5a88a8c5cca0cc91423db4bccfc3fd06c6056f7eade27584d
51729,2050c3875374b7d8d929f120c8b11d0ca554790860225dd3592c3b073d763eaa,false,c8a67d03b4519e2638750e62b784df07502d2795b524b369fb4c57168dbece74
51729,20bbfae14b29a99085595521a705a6d86fc516dfd2bae12814ec2ba2151b3ef8,false,cbeed1655df0de3e72c7f9ae2869a0cf73e15ec9c6c16c54a48b99c682dfeef8
51729,20d4519a358b8bdf44fae2d773a9979fed7718b7f6fff867f8d918a17fafe0b9,false,9a9c7e935f472f2338d413a1561669b68f98bd7cd4b40283000319cae23cb94b
51729,20de1c2a0ceac0057476f7215549fafa357fd55b1567c042c9c563bf887fe030,false,e3bd4ad599f36d2d3ebca6f387cb1232480d18f71fe55c664005926d048211f0
51729,210b213d5b33225684eb33bfbc7479218db23446ffa2aedaca85d0fd2bf75cd6,false,fa2a41e3a9dba1249cb26d39e019cb68834155847c690615033b14b86bb56496
51729,21252aad13f15d5d94a9c3d09ed1074dc3a10258c350316053439663e6dcd6e5,false,df4f60ece18e973141bcb09297e8f381c6cdc2b431127de9dce11ef7d0ff6179
51729,21e517d2fd7a166eb648e0372128ab4a28af2497bda8fea2f40374cde166c22c,false,88cd5041797a8ebae8f24fefc2049da7fee32a933e5e698431650655d73bf406
51729,224052f28f8671f13de00babef3d679914176a985f474bf1b6090835f112862e,false,b09f7b3c14eaa622fcf6c2df1075247c8813c7f143c538408d89e45a75131283
51729,22a00086d51a42124fbae28ec5733923c7452f1bbba19e53e627e5329fb74170,false,090616ae10408ffa9888bf8b9e18f15ac14d9493ab33a712d7d3d09980f335a8
51729,233649f78a4cf5e1e0b9dadf7419b13b2db39f27e1aca7b7ac73cbe03b9d379b,false,f2b227ad372774f7bf0d79bcbe3948a930ff2e565fe347431c8a956ad192542c
51729,234801dffa14be5ea28159aeda16a8754e5cb8f4302777f5578066fecdbc43ea,false,41891e599e437896d4bff0f9b7c21a52858dca27f0fef37d91138998af98b599
51729,23bdf922a5d48c4acae5e2109c08ac2cb3f0e67057e8c9f50242fc5d9e1a08ba,false,78ee48f8df0423c8edd76e4b3ba0cf495fc0dcb64810ff907cd5b906e486a6ef
51729,244f7d3b0e43158eecca7ecf9e2146149ebb858371db715757ac90d78f2c0471,false,dabb74397a4edfdb82a3f02025f96a545679bae4026eeb3a6b1013ec4d662376
51729,2505f773efd167256850eb53cdbae0be361b61871406712254b3d4e1e92f5dc4,false,becc5e9f764049fc12707798571ee5b67c347b047494f49135be241cb6ffebe7
51729,254b71a12f8012eb3fb2acd9e3e96e4c79c21803a2df2ffac7e7dbadb2c453ee,false,e2578a24ef8e6e8918177b74bffccb04dcbe0e4870e7a5107533058010294b38
51729,25da98762cd72dc45d7f666faa4cbb75b4c2c0e35178fa26c25dd8335a521e65,false,83fb6030ce463168b4665a4c2fb5ded2bcfbb37ca32521a86dcfc9dea9f68c46
51729,2653e9ac2706fc2006bfcbf6d04ecbd4a8f1d95d7dfcf2a9c701aaef17ba3340,false,c369405c82472715712af66da2e0c3abdae1b318b8cfd9124df62e7259ef4422
51729,2662c287e47bae99229f4e8643e03d3d77e3d4dc9fdd026bc4cbb306e5bbad93,false,a6c76f662ea51ad43d564bf2f3912f78a82998f17a14c0bf3e9cb325a2816784
51729,271f00236ff8ce53d3f9532df5f8fdaed3fc26c25a9608044e66026df0c86cc1,false,15fdf3b7e7999b7d71b5aeca962f097a24f0fcdadde73d62098ef0470c576d8a
51729,2752958f26f24e6a1a251dd991e24d4aa9b7c15b3a50d871d9afd73eff8fa28a,false,b98fbe50e1327b314f2e23b4c7c3dd6773a4738310564644e22b614fee9b5bb8
51729,27f5cf04a957411f627b34fd5e4181fe507a17a16747056a42893f2696250cdd,false,77750601124ecd9f125247f2224dda50cef260c0d247f3d01125b43e77074ffe
51729,2820124dd21ff9a666899e354380e2dfcd021036d82d7624fb6cbf0227de7eca,false,768d026f2a045f86879c132d4a506ac185d341be3cbe486d3e206c480fb11b38
51729,28476ec6b17ef069a6ff0ba1301318df3ba7d923ff316ecf061611857f0bdc20,false,6bc3244e46b560c4b4af7502d81e62ba1742104c9ed042446a1e6894eef415d3
51729,2852e1ab074156c34c5a5b60797d5492355dd24af304193441febb6927b1304b,false,05aa458039417de651e6289235e89af09eef84eaa12b95c55c765ae85cf8705c
51729,28760dc6e0429bb3bfd8fef790eb8799f8a4d1f69771a42298724a484a31ed41,false,c208b1ab2beea85333b91c153d7bafbf855d187c2f749db14f7b7bb0ff10e183
51729,2898dc07008f229df00f6320a778156991092cc64590900084ef202e0f6ea81d,false,1ebdf94cacf6610a64b69a50abaea60a97dae2db9a586f5f3e24b5876a7e7390
51729,28ef5d101cbabbd8f2d57d4ee7b4bd4207c7985c6156321c9265ba592489466f,false,7d3ea724454ec2b4a98c5f468e6f423bb45d4d5045527cb83c986ab106a1bba9
51729,29ca7dc4433e506aeedd0213c8b5715d887414093aa7d100661863814f472776,false,c466a101501a3e058478b37b16f1e7f3283e2e87618284f470d9b0ff8ea603c6
51729,2a176adde9c340b960a2f71c6fd69a76a35413b1773f115e0e0418b7168321c1,false,ffd080d10d3a0b377b942bef1496d1710def4e0926124c5e04b64c0febaf96c5
51729,2a7d5eda4c31412f5d4b0265e00fc2bc529308ece9fbe675e7867ae892e4ab00,false,21252aad13f15d5d94a9c3d09ed1074dc3a10258c350316053439663e6dcd6e5
51729,2b2e1f34f1286a0e77870b708035a679387e69a21fb61ceffbce13091a64a1b6,false,42605a288f6b7afd229050ea3a5ca402d11d0d840ca83140eeb6da51290d2c77
51729,2b6450ec08166195db8ad3f153c91a8a05c007ef167f91cec2787116eaf3ef01,false,aee2ae569931ce9b31502ba90d6e52afa3d267256ed89c4a05a359f95745d8b7
51729,2b9b7d4f90a2ab8aec51012b640923f65a883d3151464d89cc1158aba2b64915,false,390428d1bdde210b066b9c2e03b6c997320165f628a7a643fe0a30d1b2b689a2
51729,2be5a67c3fd6fee942a022a41ddb34039ae73a69d2416d89d0c04d0dcf7a4c7e,false,d467fdf448d85015330d2b03a06735f92e430d52862ed9f962c06137fab56d26
51729,2c376e8d2c0607e6f2191e70ff10cbb7fa76a135fa3c1aa6b3defa58d46db707,false,90310419ba9451e51e5f13b944e12214b852d214dc13dd1672b8d471f7ba6022
51729,2d366fa24ba21daf35b5ef78c6ff1644252f378f01230e9b734ff4ebba568c0f,false,73386ed5a7eaeefc8a868d9d45ab4539065dec36475694ecdafcd9d96e39e0e3
51729,2e22b1c98dd04b082b602fc2c7db4ef1ad03741d120c8b523f60a4e4ad8e45d0,false,96120c2047c2381f3bf23dbc34e09dbe42786efaede0b94cbb8cd5260d4c9944
51729,2f1b8050d962c5dada803e824c9aa97ef44cc7616b5cdae37a70d65424ae32f7,false,b396df5abb7f7587ab445a9e4ad3fe03e67c82464b9ccb67f8ccb8f876cea16b
51729,2f3b24002883911852267a29fdb7b5f252d004131d899c522135badae70b2e0e,false,2d366fa24ba21daf35b5ef78c6ff1644252f378f01230e9b734ff4ebba568c0f
51729,3114545d70af3f753fcffb7e3a97b36a58c207997e9a70fa71f26b37a518d07a,false,b6c16a96157c5e65f5578a72136ce417a9ee2e5ff182ba0ec701bef096c82021
51729,3133bab0675c4aad9720b34df6ee08dd1ee8e52307ed215eac38e985b00a3890,false,d665ea03321b332cdc7e33c0cc7827f2dbb3bb48de3a2a79f94e0bdcd507e067
51729,31345a59cd4477829c07df9fa79c4186b4725a6f9c51ca6d96934771eacc1648,false,b4baa9a9a194aa84601f35e3431c7df7b24a1ebc7c8b33b9e2dd68b2ace837f9
51729,31c59a798649cf540478552f1977746e7d678fe242630e50cdb28ae2e41e4692,false,a5fce4874140bed617c1a02fbff5a72d7157f98c5e4bd0e7c996312cecb37315
51729,32c74d548e37f8a6840c0379981964010576eec21eec2d1fc60352d9008dee60,false,2a7d5eda4c31412f5d4b0265e00fc2bc529308ece9fbe675e7867ae892e4ab00
51729,338fdb7ab5bbc9f559454e5be5b04e6f156c5c5a76e8c9a6c789f64ff9026dc3,false,3f23018d40ee65d21dd9d729a6f00e291050d011b50bb335eaf9f8ccfe30eb4a
51729,341712cd27be5a367703c9b3a7fc726abc0a35a630f00733b086df002aa5043e,false,cf41c036c05367fb5008a01a3061f999c97ff8a802455c271e11e303c41ee7f9
51729,3447aaf4b81eb523d9fded8a16b73e3c5f35501673a6811504be1dd5531cfdcb,false,b4abd2cb251753e5d2cfa26f1b47fdec3abd2455afca310c595f452c121b67f7
51729,34b4ff69d8a69917ef2a6f894ce31c3d54919dc5ed57fd6cc887d862334d09bc,false,dbf62430dba35cd8ba5a7ae295b7cf9aa8c07304c5b632655729d6d6338da8ba
51729,34cf94e497c6e7aa5d7e9e2eb8470d01878c400c71376cac9bca39a62295c089,false,71dbd0dd8e13dcfb3ff96d107fa8c117c2e61d185e4fb7be87876f209a93105b
51729,34eddb0cbb0dbb1ea877f9e733c19161f4df545477b62081fc218defbc413a23,false,ae7869901963527ad0d111a5af3981bef205eb278a6d920e6cd0d469fc6b9e8d
51729,35b48a65354a5c6bf43b9ce43e44220bdd3784be241f272a2597c69f2a880813,false,b75a26332683fef844808f4e59d798fc3941943555f458116a808cc2e3409800
51729,365b4cb769f0bb1008ad23b02d965f8334a6f3d71dabcc93b3ae2bf8bc487561,false,e659d2208cb9df9222a2016ee0f46e5dc9cfcdf083500221e7fbef96b4da28a8
51729,37b63023ec3bd705d48899ac215825ad3b119cb4e8b204bbe51ea6c79060930c,false,0d47131141bf84fdcfad8855703fa75bb0b595ace9708b2e4a894eb55b92a102
51729,37dfc628e5dc49289e512602653d3323335b9291f28aa1936ecd15e0c78f5309,false,7e019fdb466fe4349e494a6748dc70360c9209412d707eb3c1110991bf98dd30
51729,3805798d8ecf50202ba6f7d9cc8fc302577fa196025214b7b6f9ab0c38520192,false,b8404948c95512e83cf15fc5fc8b28308a397d2fe0b5f17965474dc6a1f3d0cd
51729,38569f6e571c4c94b8fdfb14277d43096de4b902d5eb211b75b2fcf0a3138db1,false,7b8553048a278306da1f9a7e43ea8a7b5d78552c7f13cb8decc1b501ca3cbc13
51729,38684e22b25099c105fa7df87ff1bccc9b392fc37381cb2160ab7160f365b4a4,false,1affa50a505afbc07b6b7b7349f846283f2da0bebfb9d742d3af3eb9108ed253
51729,38eeb8d67d7e8f01be194ab1842a03f6b384bc57fe8181bdf62b914e017021b6,false,3a7307a2da016201d23a7342319d0698eaa30f6d66fb25b6702353e43269b895
51729,390428d1bdde210b066b9c2e03b6c997320165f628a7a643fe0a30d1b2b689a2,false,12c8656ccd4b6daac4a2a136ba451e0c987e8c299a14905930c28343accf7fde
51729,39088b5436eedc270f32c427731cca1916038dae9a224d6a7e8c51e51b9639bd,false,95d6205f6e7110cfeae4b3c1255d086411a2607571b49df466f8d30acd1f8664
51729,397d80f775087afdb9d78e4233d4fed271b713b3b02b7465ae7263f3f6580d83,false,152575a5c3f7ef11b7fe192e3c6ab85983249e6938a571ca1fd3f12f3ec8629d
51729,39a48472e31e38e02a5ec7088d76e20a2eb5c71fadbbd507fb18e1670a69d86d,false,f86ead62ed6e371ced83bcb28f9a6cbfd8b68ebf2ced6d2b897d3bd161f4caa1
51729,3a20e0ac2ac5319417b25745f24caa905c0315056d76786953b9af862d24c96b,false,e32c917a1d6dadad586d09793195bf3b1d11a22f0065f3c2606a291e518cca6f
51729,3a7307a2da016201d23a7342319d0698eaa30f6d66fb25b6702353e43269b895,false,a56ad6bb050d85fa977973f8e9d7a45f8f3b844f4d1a5e4fc4eef8900daa7664
51729,3b41936bb4007d082b07a217d359cd45e69d7829c80552b74b8360230658fe46,false,e65a7e14f394712bc10f7f1063539d2a52fa463bf35f81129839bfc62e2bbccc
51729,3b78ebb0e9b1821643e6a3751bf74ddbba9d999ac639139fde030c6debab9f5f,false,182fbd5ad5465b96a3ddd38c0326f5d3e0baeb35c5c5354833388d655269b153
51729,3ba8cb7136216900b5b45f2d042e0552512b02eda49288277101380f588947e6,false,0d9a78ed05f6b5e5216dfa0e13b1e41ff75b4ac8c486bd362757deff82afed24
51729,3c14baedadfccaae218259aac532a7c490bc52c159396cd9f4aae3d91284eb71,false,66dbbd83cbdca53abd73b4a0ca69554c76f8258fd65e00cfdc2239502ca56d2c
51729,3c157c2a7865b6b188d4231eaf07df04b194bb027a5b0845a54c1e873cfbe0eb,false,047414f6f290eab10eabf3a12b2c5b0a2e66115fdebdec0b8dcc8c8558da990b
51729,3c4bd6a85f121deee08cc77e6fdeb38cbcafe9a4acf6403de8bf65c9f1471907,false,37b63023ec3bd705d48899ac215825ad3b119cb4e8b204bbe51ea6c79060930c
51729,3c67bd3cf51c97c35dad0cd7df407660b3d9269bc6c5ff876222870f88ebeccd,false,cefdc87e03e68e128ffe2ee1fc851175ea378358242bad772d729ec69c4b8611
51729,3c7f44fb7d7350bce354c6a4baa6d4b062941144a454b20f5a3bf3379689c5d1,false,e9c25542313a86ff3b71527983c17742b7f5629aea2b5ab231fb570f10cf23d4
51729,3d2ccc12be57cd26fca1a280a321de9559a8dcf86ae46852665ade09e149ab78,false,772555ff3421efaa3ba5b3028e510fb9044c747a13947408fe9028575b3bc1c4
51729,3d3df02d70bf0dc04ec045683de78a8e5b78110ace29578708db580c1eb53582,false,e3e7195f34f3fcd4c400aa8115172286e7de87ac62b37767ca407b05a0337b68
51729,3db67ffdeafbfdae25dde07d5c68aca5633cefaa5a96ff8f42d92684e3ad4d22,false,972727402dedfd531c2bf57c599e2c31344f7dc3e7def55332291add3fd9675c
51729,3dbca51a0ebe3405ccfcd79dc6cd48a0abe7a348fe12f0b3d8bcf8be974e8c9e,false,09cb72a7bd785c4455a996d9d27c58d989cfc1646c30b54ce966ebb08d8a8508
51729,3e0b55f3f1a5761ee94bf0b1895ac14201e2ce41ac8e3c2ad3f2468ae7e4ac28,false,2a176adde9c340b960a2f71c6fd69a76a35413b1773f115e0e0418b7168321c1
51729,3e3d30837fd540e20a6ee3a88f5698fef8be6cd66de90b70de3557847475f3d4,false,1041344dec7d805794e79820534ad445b7439be7d093b59f396621c4acd6cf42
51729,3e7e96d195759f0964ffb14f66132dd353ba5c58e0466d3491abc366c93f6ad4,false,c621d353334a31c98ac6a1a1ad707493476a5e03c0cb32c31946bb03e216be82
51729,3f23018d40ee65d21dd9d729a6f00e291050d011b50bb335eaf9f8ccfe30eb4a,false,2505f773efd167256850eb53cdbae0be361b61871406712254b3d4e1e92f5dc4
51729,3fb64ab9b78259ed2e4de14afb8e81458e49fd4d54d878a271a814244e14aa8b,false,ecc42abc423442a9e88146bf45b6c7498fb6c362da33ec61e384cd4ccfa0c396
51729,3fc759dd02ff02517808f56cba94f378f4b095c11cd883016a50c3159b91d3a1,false,8309e4aa078c0fbe35afebbf83909217b1a6a70ef482e9f10a939dce29d23e94
51729,40af89aa6ff362fd9bab94004c3693bc4f130c8c7bb6adcdf13ebab630c48ce6,false,08f23615e620cb9c7d3289644cb5eac6f09844975100d7478b31d7e32731432d
51729,40e4590a76a27464736a8573cc9716c8541141540e0e160e5014215530f73db2,false,ff26307f3dee674128c643e3e06493eb6ed3a47ecae451e64119a5206e575398
51729,41891e599e437896d4bff0f9b7c21a52858dca27f0fef37d91138998af98b599,false,a5bbe27e8e3483b027f6d69b48120616864c02a4d192fd775cb4476a7a096f8f
51729,422a46569b3114244224f661a0334e30f86cbc1051b8fa68062ba7d4deeec0ac,false,bb2664b3a65d069ed330cdc26bd795e6fb0b6e98a5325d9f8e92be45a0b7bd46
51729,42605a288f6b7afd229050ea3a5ca402d11d0d840ca83140eeb6da51290d2c77,false,e97af57333325e31bf013efd208752f8cdb8e4e3ce6ef3356263a1dfe62ebeb0
51729,4292229a8ffebf87281bcd55e25d6707a1a46015f0b488c09db8b1cc34956d3b,false,20de1c2a0ceac0057476f7215549fafa357fd55b1567c042c9c563bf887fe030
51729,42dd928d376e500eadfbe12e89a722dd9dd16f9201d0454513d263b1c59b12f4,false,f4a999cbdf9307c100240860159d40ec1ae6ee4407150ee0bbb6966c17a460e5
51729,4368fb42a476491c9a0ec2a0773efaea92077c29ede7f42579ff77fa36a9e126,false,1c9cd096a195a76461f78f894cea1ec22406c12e9fdb4234980d5d141959d297
51729,43783c9114e9bbd0fba7df1bf23f5f120c2d813520f0bd0187a21f87bc47b1c0,false,1ecaf95cdb9a25865ae02e285f32709bae5b52327a8d64d201f3b3906c876fef
51729,43a69070ab83de65e2e5601e2bd835b712be298126953a93845e7f1273be5954,false,0c02eb0ff5e40412b0754d44c0bdd3bcc051b0fe278fa192979373d96abbd6d1
51729,44a0c4f015da8d31f21c54ccd9e411879271ae156923a4b98243af8f56ea77c3,false,83c72463cddf84edff2770f8b34025965eefac047ce4554934e02bcb0eeee9de
51729,45762b382348c819849ee79f4c7ac1ced5a92c5dff7d6fbdcd7e9f6718ef5308,false,70272446eba216ec90c925b9632df88a0b0ab85c6c9db9507881aae4b103d649
51729,45c7613af18dc61fce1c4c52fd13d51ed8c35e886a1e73782f805e9ac0d34882,false,8891645784791a79445084a03ab49dd50d67254e037244c861b1498ff066f987
51729,473767181e1bf97e9e93137ed020273ad67578e2d99b901fc2dbc93cecd31efd,false,b8672ae18945ead9779d4907120faab51904c5d47ecd60ba167e4d26d8d37486
51729,477024e893445f56f10b2ffc73a6aa2dba696720843ccfa84405ba3ce01b1826,false,338fdb7ab5bbc9f559454e5be5b04e6f156c5c5a76e8c9a6c789f64ff9026dc3
51729,47ef5ba1c96c7e3faf4d0bcbdaaab6ffcaf177a4c0aa2b523d16c02525230ee2,false,1608d29dc11e510d8b20bed7072159d05f36d3e6277e9342ec79fe2300173669
51729,483c3f61c6ae54177dba7cc0812ad37d6f0620f064154f5850155c4e61bf5d50,false,1f18cce9d845c61c27cf0573f0f40a20a37875730eea59794f08c36f035c9928
51729,495072679f2d311c065df5ee7d1b6e92a9de0a8df7bed8bde6573557bab9fd7d,false,7bdd6acc3000a8cce11be2008a11c66b87eaeb9a8b9b7aa6adc6d04d3b4d3efd
51729,49696807ba70db342121e481549dd14bc8c5183315c878d28fc7300d20de1d06,false,fc219403a752ee0bd6d11ab15b11703ced6b85ac489d9c40040dd866c2f25fe0
51729,4a419df0273e5a0ff75609fe1019c53a56931b627077d3550fbdafeea11bccfe,false,3447aaf4b81eb523d9fded8a16b73e3c5f35501673a6811504be1dd5531cfdcb
51729,4b4fa27e4c57504fa16ed28946c0c1af01a66c6c0942f8be6f5c58c51275bd4c,false,b380a328d93632007472f9268185b4a9bc354bcc7a9b3cc565683c71956aa4e1
51729,4b8cdd43e4f4e916dba9ce7f3fc3ddedc87752b56f7dfe104bcfd2e5ed53fb0f,false,b93808cb86cc1dac66e1f90e35e3cf174fc1a7e485c61e797a1e416055eb7856
51729,4bda73d6b988d261ad3fa2849a8d5bda535d66f782e30c069543bfa419f04fb2,false,5aab79de0854b3b9c65d327094c92b86430b2a2d17505fc2554c4cfe6a40d150
51729,4be7872ffaf7a7a43d7e24c89d9575affb5196ef26d94d3ef0c4c9144db91b9a,false,59351b2b824284a59129f8ebdfebd0457fdd4abfe522498473b24d4c5cdc9f6f
51729,4c5abea6ea66ac98bce7f59d51fff89dcd638be298686298412a9df545982d54,false,fcf575fa516cf5f56432793a35335bb0a9c4b9edc1d3c9cf703ce0298dd0d29a
51729,4c67129f4669b258453950c4332a82da3e40ee6b37ec37ed2f6706c44509a07e,false,0cefc1f8ecfd14c93fe7aa6c1b44d2e986f19977d4c202286e2f7509745901ce
51729,4c6a3f2e3fea40b1a4c99fb760afb0fc2995b22ba35905c895be5352d4bf1e22,false,c1345c01f55b6b381e89417c50ca8e5daf0bee11b064e2a2f6f8f52ba38a69e2
51729,4cc21fc551b83d01e1746ba9a84be7bdeb0e6d8ef55c7d8f85fa0ba88fdd6cf0,false,a00862be011a12daee64d276910ea4d03fc1bf0dd21c044318132dd3156892db
51729,4d2185516cd922b4371ce6ab5c910e7c14ece5a36f2bb76ad7db6b43aeb89fbf,false,5b400ef43d8fbad3e125f69a7b622fb3a802f6a9919e5226eb499aa328f24634
51729,4d4cd4d3a47985f3e1b137ccfcc894e81db7161c3d3a92dedb785b488bf27751,false,78bdb04b32d74463ab879a1941862410fa4d58aa362303973341efb79ddd4375
51729,4d5abc07fc49b64d2b120c64b33a6da065073ec469a8df0a6c8553cbd33e7ce5,false,3c7f44fb7d7350bce354c6a4baa6d4b062941144a454b20f5a3bf3379689c5d1
51729,4df2df9c22fd7bf0f7bdbaa53b399ed2ff352cd7e3772f07a71b4bb3459a4b1d,false,3b78ebb0e9b1821643e6a3751bf74ddbba9d999ac639139fde030c6debab9f5f
51729,4e18388523b14c33762120313a17d92ce4499e77612d6a80f929d1e6400caa36,false,5581b8605c0e61ae7ea27c99dd3458159c2a7fe45e711ca0217c2c6e16d6348c
51729,4e6fe29a7215883d6468eb48196baec319699346ce3f21b220d074a741cae5a2,false,efa9a96ded4de4c993806ee0c4a860fbc788a0b749ea05ddb9b73a7ebee7f76a
51729,4ff7dc6d1cd0991a9a8035bcf61fae2f799c94907e55d6d4ae37769bcd779bd4,false,8a398428c10219d4069bc12558518ffdfddd8f261eb2d8f3fdc5df13c52efe22
51729,505a11f25f261d08c58d041db9dec1b3accac1d7e8b945abe05af8c102e8184b,false,95ee369131e17c52f143a6f0ff1ea3ce02626bac2a18d5a2f69e1135deffaf64
51729,50b1a88292abcebd5710de143f7cc7ccaeb9c898536d876f71c6bbc418f04f0d,false,1165ab99d3ee28e130f9cd0ca0eead00b303a2bbc3a6502402576a69bb691b89
51729,5108bf1bd63bbbf54bbb4f9a532926d5687a23ec101473faa6b911ab5e770083,false,d3638de507f94d0f73d191ee5b50f386e196c3edc417801485bc3612824cb4b7
51729,51159f37a22eda49a41a5db42a9a06fa68857a71ca260effd02cad4648f0198a,false,4368fb42a476491c9a0ec2a0773efaea92077c29ede7f42579ff77fa36a9e126
51729,52c5f4ad64a3d893705686bd64bc6fe660b534fc255f4db445420701ffc8ebb0,false,483c3f61c6ae54177dba7cc0812ad37d6f0620f064154f5850155c4e61bf5d50
51729,536da00d29d704fdd2c75c28d26999227214cc7e81b7ed2e236ebd4d63611b4a,false,55f043aa315e0fd677fdd44b5d1f828704c181dbfdbc22fd4a6b48b1d59a6291
51729,5379b797d13521584acffaded02031f13a03b2d4675355f8c731d676265bcf1f,false,4b8cdd43e4f4e916dba9ce7f3fc3ddedc87752b56f7dfe104bcfd2e5ed53fb0f
51729,53a797b07616c82ab217e04ac822c5c8255c20e9dd79951ad96771b6c8c3bf31,false,c8819088fcbbdd4a0b94212bf155c9f1d5b4e10996bea2c0fad17d619c9d7221
51729,5452e59e90cd136c8fed93a3707fa230f9c95be7609bda5b5d129e4c1dcede21,false,88c775da27212821c6e53dee604cd7c74c05dac2df9babf31abb9b8ef5d78eed
51729,545ec974e5636f90d376a84c58e5bec02ba7dcc5fffbc2ef95ca0fb766ec8496,false,854f86b11efb2bfb487bc80e88e5243ab8dc30fd2f40eb72b4ed590760b60c7d
51729,54b286ac1e826ab18c92effd045be4404db4af3df4e9b98561fa19116d772c4e,false,c11ec24896991c0ec2e76ecd6d639e07236c5d95f7867b186a90f18f3e763c31
51729,54d18f9577f0f12b491e2c52137fcd1c5f465732ac119d7645adbd08dec1770c,false,0e41ab7dc32c5439523b320008d62559c93f5c1b60b0bb03b716cbc3aab96d18
51729,55352165ad90b528b713e8d0b73ab130ad70497ae557d57dcf121e384e826ca3,false,4df2df9c22fd7bf0f7bdbaa53b399ed2ff352cd7e3772f07a71b4bb3459a4b1d
51729,5581b8605c0e61ae7ea27c99dd3458159c2a7fe45e711ca0217c2c6e16d6348c,false,28476ec6b17ef069a6ff0ba1301318df3ba7d923ff316ecf061611857f0bdc20
51729,5584b2afdf11d107a8e6ff8f1b825a257d6e30d9c639d12d8d55328241d41bdb,false,ea49b0ab4ea47d04e387f19e0841d23279b217ec54bb049e5437f4b312f16843
51729,55f043aa315e0fd677fdd44b5d1f828704c181dbfdbc22fd4a6b48b1d59a6291,false,3c67bd3cf51c97c35dad0cd7df407660b3d9269bc6c5ff876222870f88ebeccd
51729,55f5b3b6b00c77dea51842e170fcfab3206bf5894548f8d8190abfa1bae1efe3,false,ee83dc121400d857292b7140b771d5c3089ff0f3f782a23fce07d66e8895509c
51729,56d4f5a01ea6b93be277ce1866ece8212e22a5766065dfe94cb99ac990562982,false,65baabe1d95ee3265981adf3a38fd634c788b7d46e9467f8288ddc9c4425ce3b
51729,570bf88f35f4d55b97ca0b9bf53a7878354931e8671b0bfc41067fbf911cf71d,false,f6084c89abbda27c44f74ad353b25f4ff45843b639b0854f9f89b4f640990a95
51729,59351b2b824284a59129f8ebdfebd0457fdd4abfe522498473b24d4c5cdc9f6f,false,e557fe294b68768a393313eec18c1f759a96de99fa163b315dc935caf8bf05c5
51729,5aab79de0854b3b9c65d327094c92b86430b2a2d17505fc2554c4cfe6a40d150,false,8fdc87747e19e03edfb85f5f3aac4397dc6dcc11e0925cc26467732630353deb
51729,5ab4984aecf18675c67fe046b2108a5c910443cc26875b717daaeb89c7fe7c06,false,c41c7b4473d120e477a0c500db7ccb8d9d76cad683292d59671b9c3e0b2e73e5
51729,5b400ef43d8fbad3e125f69a7b622fb3a802f6a9919e5226eb499aa328f24634,false,872e17ff22897f611832580516f18e225d5678266dc0d530894dd53a2c2d0745
51729,5d1ca3a7c3980ecb719cfbb3d19a4bc19b08d12923bd7d2563e599f23c074e75,false,c7bca59d4f72f1c03562bc4215a357893f6de20e090fffc49220989362a6d589
51729,5d9b540d66fdb0eec0e313e7b5f38fa168e4a3f1457ffb8e1a8d840da44ba29a,false,c432eb8c5f856c624e7eda75e58802c80212666857aff91f3146a9f78a7fc5be
51729,5dc8fd71c5e0a2081f72c609359e392d3c7c0b24fa1acfef3a63ad1971c083d0,false,42dd928d376e500eadfbe12e89a722dd9dd16f9201d0454513d263b1c59b12f4
51729,5dfee3a4c173f9fba67139d51029fdf67f6d894e113cfb6a70750898d3d879fb,false,4bda73d6b988d261ad3fa2849a8d5bda535d66f782e30c069543bfa419f04fb2
51729,5e0cba83d3bd4baa9940b48463d888951ea899210bf67104bc2588964a31804c,false,735afa522da4c5f1c313edc9775004db4eabd90dec52729752c04a293c178d28
51729,5e297e228d98fdaad77e91e0b9be129a71b87bde6ebe16faa4ff8308d3e07246,false,2b9b7d4f90a2ab8aec51012b640923f65a883d3151464d89cc1158aba2b64915
51729,5e66540ddc3bdbaf7fc4cd031003437b4f706e85762385109f53c6a28859ddc8,false,b01f4ae564d7f8847aec79b949a27ca5683d130928ba4fae2bebbc17dbd8b719
51729,5f764bd0ca6a83e7191ad998222984137799cae1859d8368ad0785d92737d941,false,c6e949f21ee616f41a44b0efdab768095286f3fe010fcf3564e85ae60219bcc5
51729,5fb304fab33848fa14a6d0f695db5f16c62e023f4f930c3fc4a89254547de5f2,false,5e66540ddc3bdbaf7fc4cd031003437b4f706e85762385109f53c6a28859ddc8
51729,60c05643de0bdbfbd14b20163b4af928a3a5727398ad39693f0de45eed99eeaa,false,db2a0d9ed746787f895491fc48f3b77c28936842e283579754ba1f9b8d4913a7
51729,6129960d1c4f94c12abcac97202b87efd2d14b2ffa2787d46175d06bd9f68c7e,false,45c7613af18dc61fce1c4c52fd13d51ed8c35e886a1e73782f805e9ac0d34882
51729,627d9bc26601ed517346a55806823068945073b3d5fc4af866d87365f49ce79d,false,5fb304fab33848fa14a6d0f695db5f16c62e023f4f930c3fc4a89254547de5f2
51729,6280fe6b0d274c88039a43dcf070e32fb48cf4f2e57d580d05ed775b46ea4981,false,684c20f000d0b3ec39762efee406dee565ca0cf96aa0783cdd54f8be81bf69e6
51729,628b04e477242d2f76bbdb3125c0953cc0da0840c5307a68811ad14cf75ef664,false,ea1e396a68bc54f369f1f6bf722c1db6b115534b9c836bd2ac28560fbfa70b58
51729,636399ad0befd7a54629335a6a28a827c648fa0d2f6770447ddfd8c9c0d37605,false,2820124dd21ff9a666899e354380e2dfcd021036d82d7624fb6cbf0227de7eca
51729,63d1648377bdbe1390d40b6bc5b23044e525f8122ab5890373cd55072d3dd60f,false,d80b2fa3233ef787bda25d2abbd4522a22601cdc851ac58f841eb44b7e60b81a
51729,645718c98fd5ab3c6e44cacf844c3c8db71dea9acd1ad9d95b61510e7c10cdba,false,397d80f775087afdb9d78e4233d4fed271b713b3b02b7465ae7263f3f6580d83
51729,64ce2b7bb7bb2022829e9fa4b4d03d96a5f39aa50c41bdd991157e6096a05f61,false,15025fb184a8b461e5c0e654520a213c72be2211ccae49a34d9d568e55135e13
51729,6502aaf3ca46b2ae4bc60546a4ec7f3a148bc605a84f86dc15eba9b5e4118b70,false,4292229a8ffebf87281bcd55e25d6707a1a46015f0b488c09db8b1cc34956d3b
51729,650fa700751e3d670c7b67df2e8e79206ad2694ddfd32858700b030baa22c658,false,6a14409589d01bab073ad11d9ed4df6af35f5e50b7f96fb28d09aab849877292
51729,65baabe1d95ee3265981adf3a38fd634c788b7d46e9467f8288ddc9c4425ce3b,false,5dc8fd71c5e0a2081f72c609359e392d3c7c0b24fa1acfef3a63ad1971c083d0
51729,668f39584564ad791e497c3a557d0bacb356c5bbb90862e881d74e50802ec5da,false,73948d09bac47c1486e411c6cab7599f2b6170b8d83d6fcd9a9c6c6c4da68083
51729,66dbbd83cbdca53abd73b4a0ca69554c76f8258fd65e00cfdc2239502ca56d2c,false,85ae68c54a9b96098184b53ad7ab0d284f0a1ebee93a47cdbe6c023e16f78056
51729,677278ecd58778a082e70b2ded0e8319178e5b4928c9dab53ccb17dbae6f5721,false,9269c37eed2ae60ab8448095d7ef0ca1b241cd1d8bc16c84a9540463dd677592
51729,6772a610649ce7cda1b15fa6a8fe433e06523468a35b09ec51dd0bc5d2d93a48,false,50b1a88292abcebd5710de143f7cc7ccaeb9c898536d876f71c6bbc418f04f0d
51729,67a251ce680e690d5e743eaa051e03010930f4b8d03f37830ba08b19f1a61367,false,943d9d677697c13bc98cec44067f76a11a85f465f055a1300cecc9fba5e62545
51729,67c91a2f6ce1eee0c257998e52c778397fd5ff5c9689f0fbbdbd4c3bbb1b6893,false,b99d821adcc08129a22d547e7199a4c3f69b978cdab4c04597ae4d5fe65d6765
51729,67fe6c1dd00d8892e84ccd60bc6cd3e481b37bea170133adc547714b70fb4d55,false,3805798d8ecf50202ba6f7d9cc8fc302577fa196025214b7b6f9ab0c38520192
51729,684c20f000d0b3ec39762efee406dee565ca0cf96aa0783cdd54f8be81bf69e6,false,4d5abc07fc49b64d2b120c64b33a6da065073ec469a8df0a6c8553cbd33e7ce5
51729,684e03c8034c053a98a8903284b0bbbdcefb3518e1418122e8558b699add20d4,false,4e18388523b14c33762120313a17d92ce4499e77612d6a80f929d1e6400caa36
51729,68627b1621d7ee247b7bc6f091da9d26180fb663f56a50f6d4ed608e9d650c1c,false,4c6a3f2e3fea40b1a4c99fb760afb0fc2995b22ba35905c895be5352d4bf1e22
51729,68b39dd8aeee733577a0a8d951ee1f060a6d5bc8510fbe9ec6dcf60aa41dac9c,false,9a6b03bb25c122b331bb315872b0f6c6648420cd8347e42efdf8728258b68913
51729,697097c8a5b92289c8a51169ba17619740f8aca43d2c5cf31b3b0b05e6bd515e,false,64ce2b7bb7bb2022829e9fa4b4d03d96a5f39aa50c41bdd991157e6096a05f61
51729,699e7154ef2f84366d097f478da0e7fd00e1e74fdf94e8923a2e767c5e877c71,false,76bbc6a4c623dbcfdb7ce5c74884b01406a95a874a83b0122a18bf3c97d66b04
51729,6a14409589d01bab073ad11d9ed4df6af35f5e50b7f96fb28d09aab849877292,false,00568fb305dc5f73aac4dc9969f351db3fb4478c3cc353c2c8d988f32ec79999
51729,6a42f5ff6e3ea1365e61b4edb91827ffc241710ea761000fbf3369fdb5b0e1ab,false,4b4fa27e4c57504fa16ed28946c0c1af01a66c6c0942f8be6f5c58c51275bd4c
51729,6bc3244e46b560c4b4af7502d81e62ba1742104c9ed042446a1e6894eef415d3,false,1e28c032ef56edb357b56673b774b915f752185501c5e10af9f88e118fb16ea0
51729,6c449aadc7b9e54f4e77e86881ef282e77b63b8ea883b73c5ee7b7b592e7e67f,false,1cc7aecf6c79c8e0a48d4a658ae2a871bea3ae52f2473bf0a7c3e349a9ece4bd
51729,6d71283b48482ff271ec33661a6c22b6bed79c3df7e6b7b3cf05eabc3d633039,false,b4dea1261c10f829198199b8499014607c9ed7140fe71f4012bd93b655d9e130
51729,6d7a66a2238f23c483241832872dacd03b32be5a4bd980faf41c50a730ab985d,false,f5394fa23f57ff50200aaa297d9075d42f89dda042f835f95841f6c496811941
51729,6df39f681d4c5ccf46097349dbf6c4f61bd388f1c531c1c77f5ddf33b9e8a3a3,false,efa3db4912766b52319be257403f3d49121738eb10301efd95650be116f800ca
51729,6dff62286c9b156e1a0ad12e5a306e5686d5da67bdc25df26bdb6dc445a79cb7,false,775fad335c4ea5676f1c921c0ab360cb59311836002e9e4dbe94d5857875d52d
51729,6f28fe1b44ed9d328f6413b479a031f12b5dfc984a253c34396496716ebb3e0c,false,1236fbfe01144aa1c79327cc3b2d48214d549b59fb4ac4c9ed8a55decb1e7f0b
51729,6f33c32b7d9b922d095008d56962aa922445eb44b5c695c52637b6e10522839e,false,477024e893445f56f10b2ffc73a6aa2dba696720843ccfa84405ba3ce01b1826
51729,6f4a63e1645dffc3366a3d2e0b34c4348e5fe74f3998c91a1176f117c7f2c6b8,false,4cc21fc551b83d01e1746ba9a84be7bdeb0e6d8ef55c7d8f85fa0ba88fdd6cf0
51729,6fbd58adc4a81c999bf8d127f164aa7958f765f53a70c9820941d020b94a83a9,false,a1762e65dfa2b9cc8d1f1b5e84840cd2bcc840a0a0f141e053540364bc9af788
51729,6fc810a072612c07891dad98da9c9727b2acc5e80c6129582e4ae62941886dcf,false,e2895de55c571a67eafe08801f85e54e4b8947fe4396e46bf28ff8fd6214a961
51729,70272446eba216ec90c925b9632df88a0b0ab85c6c9db9507881aae4b103d649,false,e3ae77ec0ff4e6721a02bfde9db467ae37c9ff05224be9018c590dbbce07a6a8
51729,70344d34d99947b6a7f2e59403129f789ba462dafd7815dbc004a4c03d35f797,false,7cfa916879ec92d6dce45c9c50e145b8993e5e7e651afe4f5a7b48f1ac8d4c01
51729,70405be5f3787f1fffe109e94ca079bbf6f997805122c45ee7960a2c0b965026,false,b06b8c6abb1e641b48b38ef5fda9a342929dd646d3df717aba197385e54dae3f
51729,70956f3a1c28d504535be9c75d9bb69a806e48fff911e672d69eb7b5b85000f5,false,3fc759dd02ff02517808f56cba94f378f4b095c11cd883016a50c3159b91d3a1
51729,71dbd0dd8e13dcfb3ff96d107fa8c117c2e61d185e4fb7be87876f209a93105b,false,ae8444118bc5c91dfe7ac55f2bc0ecd7665d508b5570ee339345c35dba49c7d8
51729,72a19cc7bd0f6177daeca5f324fa988049942668b460a59e8f390728a28c2642,false,3133bab0675c4aad9720b34df6ee08dd1ee8e52307ed215eac38e985b00a3890
51729,72c2a2b17f7ddc0b387dab34459fa17d0560ccdf68f6bc8c531f80e63c35c790,false,dcd56cd23e5b7be5197e3721c33b74b1993805e0867303a8fd5cda3cdb9b04d0
51729,7321d2d6f68ad2bb0bcd2bd4af54d036afd666d260e893d2201ad9b7ded3c0e5,false,5f764bd0ca6a83e7191ad998222984137799cae1859d8368ad0785d92737d941
51729,73386ed5a7eaeefc8a868d9d45ab4539065dec36475694ecdafcd9d96e39e0e3,false,2653e9ac2706fc2006bfcbf6d04ecbd4a8f1d95d7dfcf2a9c701aaef17ba3340
51729,735afa522da4c5f1c313edc9775004db4eabd90dec52729752c04a293c178d28,false,2898dc07008f229df00f6320a778156991092cc64590900084ef202e0f6ea81d
51729,73948d09bac47c1486e411c6cab7599f2b6170b8d83d6fcd9a9c6c6c4da68083,false,82934c73d93ec294faaae5b101d1d0223acf5413ee553f013025cf2de606c298
51729,73b220540f446a010bebcd0a1f85f9c39488634b0bba08c018ed8ecce5e2d040,false,19efa78efffe5eb94957ad1e58efebd69a28c42e0034f2d5fd9d7ba2ef84b669
51729,73cec9b3b1fec0e4a21b35f5ec9399639e4e29aa1d8d0a6fa8fd110d6df448ee,false,015c55fd82cbf37804f7e890e5aa8c1af3cc22e19c953364583b9c1565d5ffd9
51729,74685b0ff80b239bf6756163aef03ae2df346680d908ffabf54408a728411ad7,false,062e60a0db9d5da6eae92e7b916c1cc73b9f767696b46bf850557959bf092c0d
51729,748431f5844724ce9c0580f56f76aefd9ce326a4792634fd54332c16d5ab85d9,false,505a11f25f261d08c58d041db9dec1b3accac1d7e8b945abe05af8c102e8184b
51729,74a776a234b33dda6b0c4358cda7e38a519d4a8bfdb09086170ef8c231ff2da1,false,88ec5d75895ed15b07b79c30bf015ed7e3f7fd79c934e2e791223a408df003f8
51729,74aafd706a37d3e5a88a8c5cca0cc91423db4bccfc3fd06c6056f7eade27584d,false,f02af93ed0478fb422cbbc5e8cb8f37a37fc14f9a59cc421d3360accbc597561
51729,751d8c75291013f54d80c60f87dfce2a88f9af8db1324aeb18b11a8de0e2b2f5,false,1b4bffe828c2b2c5b08f0feb5a67f339d79f31b18a56c43e0c4969f1bd61dde8
51729,7545a1a0397dbec78ace77e544551c0561aabe644b7ec5d694f4e1d48ae83d32,false,b1c2d1ac53cded17724689806733f5a403f3161f3c5076839875ccc3cfd60746
51729,756c229cda8c77f76a90673d6884f70651273893f948e5524ede114af93eb18f,false,ed31150001093f9974a535edf12088aed315bf74bc7739567da409e2220a79a8
51729,768d026f2a045f86879c132d4a506ac185d341be3cbe486d3e206c480fb11b38,false,07c3dc7ba1ca1255f8d9de1ed71dee5724753a144fe72017be6394ba653aa04b
51729,769d6708e7261899dbcbb8193ea9795bec5398bb75f33f0905b8ed3f0ffc1b43,false,c598cf6d07603c71e570532a68eaa18716b134de63e05181c83d5b595906bbc9
51729,76baac1f176af8eddcd9390bdb39ced1bb9ff0cf191969c7c124b153cbf534a4,false,a7be34f0bbb37103f69514c19e4fe95847e2f3325a451409877312ed785270a0
51729,76bbc6a4c623dbcfdb7ce5c74884b01406a95a874a83b0122a18bf3c97d66b04,false,96d89e4322a0455efa4a372cb21ad670a09ac2c349c3995a4537356aecc9e6dc
51729,772555ff3421efaa3ba5b3028e510fb9044c747a13947408fe9028575b3bc1c4,false,da48bf80b5aecf8f534e6b0d50e58ab59066cb54830c142f0f2fa08dd938062d
51729,77441cb34c9cfbe5541a3509b4956795f0cd1be0ead5fcfdec67e1b00ff9f8fe,false,b2ec774bc9e34d92ebff9fbdb8f4f377974dd88695f17e1d815cef0a29d1c872
51729,775fad335c4ea5676f1c921c0ab360cb59311836002e9e4dbe94d5857875d52d,false,ecb56c0439a12fc8a6017a9ff4cf0a9bca0ad762c2906ddd3c8ca6b55fe9d194
51729,77750601124ecd9f125247f2224dda50cef260c0d247f3d01125b43e77074ffe,false,14275b5305981a2a0511d625ea9ff0f836afc933ceb9ad33fb1f71314c7a7093
51729,779edd5085b64eacc666128d942734caa0f913efbb27f169493bdd0dfbef1652,false,751d8c75291013f54d80c60f87dfce2a88f9af8db1324aeb18b11a8de0e2b2f5
51729,78bdb04b32d74463ab879a1941862410fa4d58aa362303973341efb79ddd4375,false,34cf94e497c6e7aa5d7e9e2eb8470d01878c400c71376cac9bca39a62295c089
51729,78ee48f8df0423c8edd76e4b3ba0cf495fc0dcb64810ff907cd5b906e486a6ef,false,81ef4c43e8e1adfb03864a5662081f1b11c8e4fb2c013bd37aeda23202fb6134
51729,79fc1c7f5a56de7967f2ab22ec385a1fb65458ba0686771bf140bad86b931e39,false,d9f8e7a81315e79f1460e65b6519935bf46b73be0aa6c711b8e114c8491f0a80
51729,7a595a38862df5182c94a9057da885c927d33b02eb7ed6e0a89671186c052c48,false,84f0e3413270f147dd833f76c0d8d29276a4f4d4dde60346a9a2172e05874a11
51729,7aaaf08d3f0346dfbb7eb36e4a721bafc8339e44040cde43516748ada2695ba2,false,e48577704e0bc1df43a8d0f899414e01c2b0fc1d74c871f7dc251bba156b2a08
51729,7b8553048a278306da1f9a7e43ea8a7b5d78552c7f13cb8decc1b501ca3cbc13,false,f3e8554737699f6e481d95d1d08d4c3001c934518f0f2be9da02cbd2de3d8c00
51729,7bdd6acc3000a8cce11be2008a11c66b87eaeb9a8b9b7aa6adc6d04d3b4d3efd,false,0b4f0e8e3f6df4f8fcd71efb3b064fcd6b86e01f0e3aa8b25c6466c21b1e8373
51729,7cc6f8b71ccbfd91df084d6cf619bbe602fe1cad990c52c2ca9b54a753e33a8b,false,6a42f5ff6e3ea1365e61b4edb91827ffc241710ea761000fbf3369fdb5b0e1ab
51729,7cfa916879ec92d6dce45c9c50e145b8993e5e7e651afe4f5a7b48f1ac8d4c01,false,7fd8f4c6222b6b9c8adf71140c753df29298db1b7304996bab3778db47daf093
51729,7d3ea724454ec2b4a98c5f468e6f423bb45d4d5045527cb83c986ab106a1bba9,false,191b6b140860b264123a7b6940fbc479ca5f53a15c741a5b0058ddf32cd13f59
51729,7e019fdb466fe4349e494a6748dc70360c9209412d707eb3c1110991bf98dd30,false,bcc91df394dae07a87191e5d5d40fb63a047efcc43966ba726eccd6763303f60
51729,7e11c67eea8ebbf346bb15b26ae8e54d810a8ad61832e7b5c2d81d8110552fa8,false,c7a7d6a32b69954c83609b78c08294e4df962e89234b169a95c6e1aa4fa55fdf
51729,7ed1f39e2a4525767a5fd3a938b669c1d8471f0d4fc913f902cb48eb1e32c7b4,false,ccc0479c94059f4a575a417260a769094c4857450aa40c6f5fba79d96b66eabd
51729,7ef8a0d901b3e013adae2b38201f637b1b57902d791e7a94cb827a04580160c1,false,96dfbe78a2faa5262b27298544e067b1c925f4875a7531a9804bb61239f472db
51729,7f526024f16655c7f13a1af6b59f3bdb01725443167883101e05b0f5ed8c77e8,false,51159f37a22eda49a41a5db42a9a06fa68857a71ca260effd02cad4648f0198a
51729,7fc19b5ef3149db8f296ebb09828cc37ada2814f34862cca156b572e235b755f,false,6dff62286c9b156e1a0ad12e5a306e5686d5da67bdc25df26bdb6dc445a79cb7
51729,7fd8f4c6222b6b9c8adf71140c753df29298db1b7304996bab3778db47daf093,false,5379b797d13521584acffaded02031f13a03b2d4675355f8c731d676265bcf1f
51729,81a911c6138016cca63852a4ed7c46a2528fd1f8cdbd02c58d88e3d014773de8,false,365b4cb769f0bb1008ad23b02d965f8334a6f3d71dabcc93b3ae2bf8bc487561
51729,81e9c86fce448a796850adac83427b4b997bca29d602b53f93b2f218a7c34851,false,f8b61706c6cbf0980f6ae76c9e1dd939e2d4a84911b485439eaaa235f13d01cb
51729,81ef4c43e8e1adfb03864a5662081f1b11c8e4fb2c013bd37aeda23202fb6134,false,ff7c92592be5403ec0221180477c79a28e060a0db2815d4e809a5815232c4c1f
51729,8219ec6ec7b662e0498370d00fdfccfd02c914eb39566996515d4eb4197cefc7,false,79fc1c7f5a56de7967f2ab22ec385a1fb65458ba0686771bf140bad86b931e39
51729,823ccd03a34c69151819ae1909906880f1f875563835820ad4632dab6d5192bf,false,fbc53687539d65da9e8eca1c0a63a09c3a7093712829b0facbfd56b6283d9850
51729,828f9c423249e71d61ea277431ba5a5c3cd8e750b233f20f6c1fb02b62704032,false,9ea1e0a37d742d176e39f014a6b80bc017b768e26936bcbd85aa10c8dc39f836
51729,82934c73d93ec294faaae5b101d1d0223acf5413ee553f013025cf2de606c298,false,34b4ff69d8a69917ef2a6f894ce31c3d54919dc5ed57fd6cc887d862334d09bc
51729,82c6d9c5a21da2a6b645201d83b0eec690c24da9ab41adc75e5f90c96dd41e31,false,5e297e228d98fdaad77e91e0b9be129a71b87bde6ebe16faa4ff8308d3e07246
51729,82d90bb88041899d632808c0cdff3d04f7b6aafd9c24673d2654537696e9bb53,false,40e4590a76a27464736a8573cc9716c8541141540e0e160e5014215530f73db2
51729,82f12103065e6ed7649b4e6af1dc39e477f4970a1d42cea96ff7ecb948a0bdbd,false,dc754138c98e60ef5b749368f7a0ea5a759337375c83e9f80c434e9ce393d855
51729,8309e4aa078c0fbe35afebbf83909217b1a6a70ef482e9f10a939dce29d23e94,false,271f00236ff8ce53d3f9532df5f8fdaed3fc26c25a9608044e66026df0c86cc1
51729,83c1233a3b3f5b6408dbd2b1a6925ff430a6fd3cd500a82895023510ee259415,false,6502aaf3ca46b2ae4bc60546a4ec7f3a148bc605a84f86dc15eba9b5e4118b70
51729,83c72463cddf84edff2770f8b34025965eefac047ce4554934e02bcb0eeee9de,false,cb363c3a0858b0353ffa3685c9efb832215e945005e1b4310255458d775eb7f0
51729,83df9e90adb7a9c18addd28d9e413834379376ed5e52c2b74afb524203b8c336,false,167ba8759b5724d6c1e333d746425799c84fbd723a51e679261f83c449a33096
51729,83fb6030ce463168b4665a4c2fb5ded2bcfbb37ca32521a86dcfc9dea9f68c46,false,c2af399800fabaf0c5997257d08bd7f4d858c6c399881bfaed3fda20129219d7
51729,84c36395da82de59eb569e3e249016fda4fba6905b86a5ed7e0ece99069a7125,false,d3e44b1f2159087af0377384ba195754bf6df257d8482e76f6728447004ba9b7
51729,84ebe6c7d53272c63b478b5ee61fb7f16495a3f79c7bafd5d788b22067d22eaf,false,9980fe644ceaa19d44d49cc5db6f56f490eea4a318ee1dd123ba02673d675b8a
51729,84f0e3413270f147dd833f76c0d8d29276a4f4d4dde60346a9a2172e05874a11,false,b9a17d41b9bce4f372a6c820ca0c27c09f186a4fb343424c270209c024325d92
51729,854f86b11efb2bfb487bc80e88e5243ab8dc30fd2f40eb72b4ed590760b60c7d,false,e861f657727d252b0c8634b6e1d58e2bff7cb1ff0158d8484714b8bfc88f3e79
51729,856e832615077d01abfc4e24c77534899ea85160f8f3d2d163b03c0c5cc9687a,false,a82cb19e1a7e7be33641dcd8d0c3d3af603ddbf67510961b6079f9b317cbd346
51729,85ae68c54a9b96098184b53ad7ab0d284f0a1ebee93a47cdbe6c023e16f78056,false,b1a4fdd0c3626e97eb72c3b24e71fde517c2b9de2a3509f567577a9ec51b29ac
51729,872e17ff22897f611832580516f18e225d5678266dc0d530894dd53a2c2d0745,false,8aa1de6f9eb35738ef291ba75ceb25cf69b60c7c42e393d21f49804f4a74a05e
51729,874eab20c41e75b463ea1d692f79800f3bbc72386a2ed1c36e491deaf4ad5c44,false,20bbfae14b29a99085595521a705a6d86fc516dfd2bae12814ec2ba2151b3ef8
51729,87c8f58542f5cc32f59e6cc5a0728ff5e2308febc37f8b09bad6821b1f632f74,false,aa8fc65f02d37adaff1ac44acef9442f5d259853dd5aedfff6626b8cff2d0fba
51729,87fbb5266091d9c6632561e0dce45dc248b5c6168a60f6d55ee5094050e5df9d,false,f50a0a22df18cf2c8818b3c3d7c84fa42d2f890819e336ab8cf54504239b3553
51729,8891645784791a79445084a03ab49dd50d67254e037244c861b1498ff066f987,false,d4e1598c9bdcad078defff1569513132993f76dcf9dc0f763b997f2c93b3f124
51729,88c775da27212821c6e53dee604cd7c74c05dac2df9babf31abb9b8ef5d78eed,false,3ba8cb7136216900b5b45f2d042e0552512b02eda49288277101380f588947e6
51729,88cd5041797a8ebae8f24fefc2049da7fee32a933e5e698431650655d73bf406,false,041c63dca8cabc6ef44b18a0ea0a93e3381f6ecac9b61f7248cf2eb868192497
51729,88ec5d75895ed15b07b79c30bf015ed7e3f7fd79c934e2e791223a408df003f8,false,d75cb1e448d1157446705c4418c4da360af010fc12bbefa23207a81554ecbb9b
51729,88ecb21af0fdff135cd72557f797f46c501e7fb06f0bb85e6797689c200b7b78,false,be2b5aea0ff4e9319333fb9a86548c68efb084f51bf745a6af11d2ff924f8894
51729,89fcc232ad8c7abe9b95aca12b5f41620ac28f4c0d08ec47e7672e256f4af930,false,74685b0ff80b239bf6756163aef03ae2df346680d908ffabf54408a728411ad7
51729,8a398428c10219d4069bc12558518ffdfddd8f261eb2d8f3fdc5df13c52efe22,false,a3a3b9dc0ea0e631a3734ab978852f835db45b51cc324450ebfa56c67f9207ca
51729,8aa1de6f9eb35738ef291ba75ceb25cf69b60c7c42e393d21f49804f4a74a05e,false,a3be5c8d43000c20b00173e75521c2c176323bcf96ae8254865ccdb7cac3c651
51729,8b39dffec25df777b12697f4fa4aec7ed673cf2e984dc39d45e63aa963242667,false,668f39584564ad791e497c3a557d0bacb356c5bbb90862e881d74e50802ec5da
51729,8bb32cffef429a9af024087b245945611ac36030982588bef3fb46321ee4624a,false,e9b601f1b911378e4d64ee18874da0c3c64b84907516f47f3be071349568c88a
51729,8d02751dcdfd5325b6c463dd497a265b486307b0d3a3f966c557b50019e86a25,false,9dc15b158d98960ad452e70f730f709a55e074908cfffc5091e564f093ab288c
51729,8d950fa2e6a64bc5a65b1344dcb91ddbf2b8446d2ead546679ef557272e5b16d,false,2852e1ab074156c34c5a5b60797d5492355dd24af304193441febb6927b1304b
51729,8da2097573117bce5c0163c8c4da76d47b5dc79cba1d8377fefd5b1cce5d4a16,false,a3393b566b7c2b6fc3de8f25a35f51946066719a108cfbfece09f0ab2447ba5b
51729,8e7ac484bb989a0903e39e2ad92b0f699c07a57215e63684403961578d2ffb61,false,df7b2590c8db750f7f581f7a080df0c8ac0e549942356d67ba9149ad3c40c4ec
51729,8f2ae9877c31aa4ac4a38e24cb8ad42f4ec7caed8cad5d2773c92f59cb559fe8,false,677278ecd58778a082e70b2ded0e8319178e5b4928c9dab53ccb17dbae6f5721
51729,8f39b903b55fc222e148eb9bd6fe8f8de60cf08fd93cd23404014d37aaab5000,false,3114545d70af3f753fcffb7e3a97b36a58c207997e9a70fa71f26b37a518d07a
51729,8f4ad18c88d6165a28dfcbfe663ab780f7b7972aaf7554cc7b33aff67ddb2d65,false,7cc6f8b71ccbfd91df084d6cf619bbe602fe1cad990c52c2ca9b54a753e33a8b
51729,8f875f30bb4e1c618bc40086607ace0263e8234e6dd1d94e6d69e34df6df82c7,false,0828d6456afe1050f8691a4580f2b9e8816bfb26a5cdaba25a7c0bb0071bc35e
51729,8fdc87747e19e03edfb85f5f3aac4397dc6dcc11e0925cc26467732630353deb,false,233649f78a4cf5e1e0b9dadf7419b13b2db39f27e1aca7b7ac73cbe03b9d379b
51729,90310419ba9451e51e5f13b944e12214b852d214dc13dd1672b8d471f7ba6022,false,84c36395da82de59eb569e3e249016fda4fba6905b86a5ed7e0ece99069a7125
51729,914c2273c44259811c4e6f58a53b047c0cc00709380bce7c841f7016976d79e0,false,95f8fbcb78be95cca3e046ec95db185473456448abb2eb44e08988ba488da57f
51729,917da9401c9e0f5fab2311c9c750ab702fdd948cdd0b1cb43dcde0279d01fbea,false,53a797b07616c82ab217e04ac822c5c8255c20e9dd79951ad96771b6c8c3bf31
51729,9187dfc423fdd95bc03a7e244c067bf87f763c7c76019d4eb97af5df037af5c3,false,7545a1a0397dbec78ace77e544551c0561aabe644b7ec5d694f4e1d48ae83d32
51729,9269c37eed2ae60ab8448095d7ef0ca1b241cd1d8bc16c84a9540463dd677592,false,6df39f681d4c5ccf46097349dbf6c4f61bd388f1c531c1c77f5ddf33b9e8a3a3
51729,9398b21f66b9e4c011a275b421bacc43c1486bf61173b8c097a8ba7b7bb574be,false,3a20e0ac2ac5319417b25745f24caa905c0315056d76786953b9af862d24c96b
51729,943d9d677697c13bc98cec44067f76a11a85f465f055a1300cecc9fba5e62545,false,28760dc6e0429bb3bfd8fef790eb8799f8a4d1f69771a42298724a484a31ed41
51729,94d53c099d123beb299f4a40d7301d5130ff29c9294f1c852b62b9d6c22b3236,false,e92b3d013862442c6f07151d03f9de976485316320c00b3bfb3d7cc749b8a25d
51729,94d6d251f48608cda8d2c8400e7154571e1e30aa4a7bbeaa7be912869f190446,false,8b39dffec25df777b12697f4fa4aec7ed673cf2e984dc39d45e63aa963242667
51729,9525109e0aef2c1fc8d0295e64ae1af1d965f8f4a43d8fd097f21782995f4da5,false,88ecb21af0fdff135cd72557f797f46c501e7fb06f0bb85e6797689c200b7b78
51729,95d6205f6e7110cfeae4b3c1255d086411a2607571b49df466f8d30acd1f8664,false,697097c8a5b92289c8a51169ba17619740f8aca43d2c5cf31b3b0b05e6bd515e
51729,95ee369131e17c52f143a6f0ff1ea3ce02626bac2a18d5a2f69e1135deffaf64,false,5584b2afdf11d107a8e6ff8f1b825a257d6e30d9c639d12d8d55328241d41bdb
51729,95f8fbcb78be95cca3e046ec95db185473456448abb2eb44e08988ba488da57f,false,34eddb0cbb0dbb1ea877f9e733c19161f4df545477b62081fc218defbc413a23
51729,96120c2047c2381f3bf23dbc34e09dbe42786efaede0b94cbb8cd5260d4c9944,false,152072e906df95710f5eecbdcb18bf27ccb884254ee105f1436d0c992ca7e698
51729,96d89e4322a0455efa4a372cb21ad670a09ac2c349c3995a4537356aecc9e6dc,false,b7a44df7ba02a3c33f14e1adb8d93a08a08b9fee6f90507784841b05ee8098ae
51729,96dfbe78a2faa5262b27298544e067b1c925f4875a7531a9804bb61239f472db,false,254b71a12f8012eb3fb2acd9e3e96e4c79c21803a2df2ffac7e7dbadb2c453ee
51729,972727402dedfd531c2bf57c599e2c31344f7dc3e7def55332291add3fd9675c,false,e41cc363f8a1139c4ff3708ceaf8754d8900f6b4ae6dd1b1328cdd67178c033d
51729,973c380784efb6562e6bb8f04cdbe9fa1e60b2239d588b4c0150a9a9b13cfa18,false,7aaaf08d3f0346dfbb7eb36e4a721bafc8339e44040cde43516748ada2695ba2
51729,97de3b523c119d7b5b1d544f90c7d0383dab84721659cf84e3fa0d4bc1bbb74f,false,40af89aa6ff362fd9bab94004c3693bc4f130c8c7bb6adcdf13ebab630c48ce6
51729,98cf39b99ed4c2679528052de022bf3d36c384ce68477885941693cb2e3b2ce0,false,9a0232e84e7cdb1f686081bebb932eb7ad2d3372efd00ab28eab18f57a456a32
51729,9980fe644ceaa19d44d49cc5db6f56f490eea4a318ee1dd123ba02673d675b8a,false,627d9bc26601ed517346a55806823068945073b3d5fc4af866d87365f49ce79d
51729,9a0232e84e7cdb1f686081bebb932eb7ad2d3372efd00ab28eab18f57a456a32,false,1a91d25e09bc5f4712ca8f08814fc3758b268c3cd18aae4534f813eabc1e1e22
51729,9a6b03bb25c122b331bb315872b0f6c6648420cd8347e42efdf8728258b68913,false,38684e22b25099c105fa7df87ff1bccc9b392fc37381cb2160ab7160f365b4a4
51729,9a9664dae412fb0c30d6d042f734106551ed126afbdd52b509aec3754ec3d200,false,e00014d2b1093728f18b90d927b09eaa5e4396de199c9fd15151ee8715bf7592
51729,9a9c7e935f472f2338d413a1561669b68f98bd7cd4b40283000319cae23cb94b,false,536da00d29d704fdd2c75c28d26999227214cc7e81b7ed2e236ebd4d63611b4a
51729,9b14d0d0016f71ca802685e43514b4d029850f5c5b72304aa93bfa955f723331,false,39a48472e31e38e02a5ec7088d76e20a2eb5c71fadbbd507fb18e1670a69d86d
51729,9bc2f3329d10353eff29db3d78a48400407b7b905c45f45f71787eb6451c1583,false,82d90bb88041899d632808c0cdff3d04f7b6aafd9c24673d2654537696e9bb53
51729,9be754046a8ba679e0a443e6573ecc5846f4976a58a1d30e8b411b04606ba604,false,e556da726894c6fee58c6453399b282da028a777323d23a0cf14bee7eb0935f2
51729,9cca2ddc68c995acf552f0aa1eecbda8f461480a438340c113da0b1481ccd478,false,9bc2f3329d10353eff29db3d78a48400407b7b905c45f45f71787eb6451c1583
51729,9ccb7704c1514a6307fba6fcd3b743e103ba6bd5ebbd16ee96c914274a283800,false,73cec9b3b1fec0e4a21b35f5ec9399639e4e29aa1d8d0a6fa8fd110d6df448ee
51729,9d09c0c677ae71051a85b1d8dd0bf30f567e3a68ec4089b3125c1ec9428013a8,false,1dc67c837820534f428100ad9fc65f7f2753e2e5785405f6c588e81bd7d25b98
51729,9dc15b158d98960ad452e70f730f709a55e074908cfffc5091e564f093ab288c,false,b00a988b68eb91ee0044488d9bc465e50d4c64ba68da81ad3834a6f7cdd87917
51729,9e48999e3f6b82a6c26c1e68dd413c730bb9a5dd7ddecc71d0a93c4818b7782c,false,05fa9d1f7491a158b29710bdda615052cb92a1960e92da56ae5010f0e831f276
51729,9ea1e0a37d742d176e39f014a6b80bc017b768e26936bcbd85aa10c8dc39f836,false,7e11c67eea8ebbf346bb15b26ae8e54d810a8ad61832e7b5c2d81d8110552fa8
51729,9f1924af036a729e5882d1a4989a9f771c91a56d408854ad71c6fec9c6b97858,false,2e22b1c98dd04b082b602fc2c7db4ef1ad03741d120c8b523f60a4e4ad8e45d0
51729,a00862be011a12daee64d276910ea4d03fc1bf0dd21c044318132dd3156892db,false,3dbca51a0ebe3405ccfcd79dc6cd48a0abe7a348fe12f0b3d8bcf8be974e8c9e
51729,a0996c9afcc013d7c432a17ca066369b8778d2bad0cc35a8c064934f89b7185a,false,33830f88d68b60b01fd0ec65fabf34c91f91ca361d474be01a09656526b121e6
51729,a0e90a786d51a8cd7fe9f029244c023981cbdc1652861c18d7be2cd50651a2d5,false,ff93f4165de5118360c0be18db09c3a2f0be05e29cae48b60446d14cfd0d2402
51729,a10b040acf42b31c29e794ae6326da46a9c7af652c40afb1d86cd89002251b56,false,89fcc232ad8c7abe9b95aca12b5f41620ac28f4c0d08ec47e7672e256f4af930
51729,a1762e65dfa2b9cc8d1f1b5e84840cd2bcc840a0a0f141e053540364bc9af788,false,dde33c3ace0070fd8db9afccf5daf3073edb1e18adce682a530ab1854525de28
51729,a1a3ca2162c4f7de2e3dcf6b6a6a385cb390b5ecda02e16ad940a6eb2ba222dd,false,6f28fe1b44ed9d328f6413b479a031f12b5dfc984a253c34396496716ebb3e0c
51729,a1a9c4737e1f4daafaacb2fd461c771ac0abe5b7b16449390d6c45dce5f83018,false,c45f02e328f7082f23aa6e4648f3ef90b430adfd03849f979fc45f2a53e239c5
51729,a2506cb72d5cfc3c0ca0c6da761dda833f6bb7c908c1c8f8e302f62e80863562,false,756c229cda8c77f76a90673d6884f70651273893f948e5524ede114af93eb18f
51729,a29de715873316ae73bfe8340d5c7f8cb0911d937dc7ed289d0d2f227f464b9f,false,636399ad0befd7a54629335a6a28a827c648fa0d2f6770447ddfd8c9c0d37605
51729,a2ea48631cc83279ce061671086601644e5022f93529047d5876f0d07baf995a,false,c85093111fa15345454e989ef4bd5932bcf48461790834e96a1507c864c52c5b
51729,a3393b566b7c2b6fc3de8f25a35f51946066719a108cfbfece09f0ab2447ba5b,false,9d09c0c677ae71051a85b1d8dd0bf30f567e3a68ec4089b3125c1ec9428013a8
51729,a3a3b9dc0ea0e631a3734ab978852f835db45b51cc324450ebfa56c67f9207ca,false,d94d1a26ba6957058427077e57509d9f2c91745566eafd988dcd1d9992e75275
51729,a3be5c8d43000c20b00173e75521c2c176323bcf96ae8254865ccdb7cac3c651,false,3d2ccc12be57cd26fca1a280a321de9559a8dcf86ae46852665ade09e149ab78
51729,a52e588970c29e3c90342759bed752b6db1efca5f6522239c8760a81ff0ce3bc,false,05d0c487065aaf96383f268bbd11bedbb55a4fe618785ced5504398d226339c4
51729,a5538cdc4f43b57c15b26a5edd1ab620cc60494805ee0d258f580d38f300d49d,false,a567ebc52fc8bb51ea742e97591ca7d21d03f0ba123c21808c74e9239b83acb2
51729,a567ebc52fc8bb51ea742e97591ca7d21d03f0ba123c21808c74e9239b83acb2,false,4be7872ffaf7a7a43d7e24c89d9575affb5196ef26d94d3ef0c4c9144db91b9a
51729,a56ad6bb050d85fa977973f8e9d7a45f8f3b844f4d1a5e4fc4eef8900daa7664,false,c91e0ea36372e9bbeb245e9e0fce738666b1457e6c3612a60d91289cffb7da77
51729,a5bbe27e8e3483b027f6d69b48120616864c02a4d192fd775cb4476a7a096f8f,false,ca1199526a71d025dca8534fae3e32e5fa8d655db0ef30b9cee47f17877caa7a
51729,a5fce4874140bed617c1a02fbff5a72d7157f98c5e4bd0e7c996312cecb37315,false,094b09d794db747df763e551fba984416f583a036eecfe55582e1ea1c213dd17
51729,a6c76f662ea51ad43d564bf2f3912f78a82998f17a14c0bf3e9cb325a2816784,false,9f1924af036a729e5882d1a4989a9f771c91a56d408854ad71c6fec9c6b97858
51729,a74735d7ae966f1269b4d0275a9d24ab8bc4ffed1ff479293835800487378760,false,c2d82cfa8cc8cac4028d51f17572960bed0894c77129891efeca56b55539a72f
51729,a78f3852e12a5194659a9ecfd61ba00d71ac91e56f3b4ba095b5f24b36c2bd8c,false,fd7e69204047ae48e69c68be1bd16188a8960c7e9e24da421b2a495b29477498
51729,a7be34f0bbb37103f69514c19e4fe95847e2f3325a451409877312ed785270a0,false,5d9b540d66fdb0eec0e313e7b5f38fa168e4a3f1457ffb8e1a8d840da44ba29a
51729,a82cb19e1a7e7be33641dcd8d0c3d3af603ddbf67510961b6079f9b317cbd346,false,23bdf922a5d48c4acae5e2109c08ac2cb3f0e67057e8c9f50242fc5d9e1a08ba
51729,a93e23bdaa1a02fe4d201753317fdaeb392223563e4a4422825bd597a7338d8e,false,28ef5d101cbabbd8f2d57d4ee7b4bd4207c7985c6156321c9265ba592489466f
51729,a9bee6f21faf73d3058669cf30b8567d3211fe1b92dbc9c21f56f04519c2bd79,false,aba468752105ff6774370ffb54fc6de2d2cb7b24e62cb2f71e2bff3ddb34e05f
51729,aa8fc65f02d37adaff1ac44acef9442f5d259853dd5aedfff6626b8cff2d0fba,false,f304d921e1f672f77ce743a209999f297aa963046709bb2a630d6f0457ed0c28
51729,ab1fb6b9e76e29db850ed8f7090497c7f23b6c92c0a77ad0ad5c7d70fa9a0685,false,68627b1621d7ee247b7bc6f091da9d26180fb663f56a50f6d4ed608e9d650c1c
51729,ab592b50959a19fefefd9fbf6457d1cadb39367c2ca231e59a7e01d1dc1c8a43,false,27f5cf04a957411f627b34fd5e4181fe507a17a16747056a42893f2696250cdd
51729,aba468752105ff6774370ffb54fc6de2d2cb7b24e62cb2f71e2bff3ddb34e05f,false,d8387c1e916a934fbaccfbc7c646e4647d98752f0144b84f7ca7d92916aa69a7
51729,ac1b47ef6c58423cd840e5a3983e289ed3ebf0835aaceadeeeff03072271b246,false,e75c255454e5e4b370e8dd6d1f36ada25d47c4c39708f48085ad1f96c55c6e47
51729,ac692227045710e29adc63985ec2be63b47ecc855438eb6d6ffe5e39745fcc03,false,148466e2edb82d435e48e41ea6c7ceb0a85f1445a9809edfb08e5346abc8f39c
51729,ae4eed22473c39fa54bedd0fbda817b7019258ae207516fb80a4bd412954f16c,false,c9c1ea5c4a139579fd59f0cc3ba2f62cba646c82259bb2bc0864e2deb03a41aa
51729,ae585fb457a80dbb0883a1f4af24093dbad3a3afbc16d4a3d8475179f53da138,false,6d7a66a2238f23c483241832872dacd03b32be5a4bd980faf41c50a730ab985d
51729,ae7869901963527ad0d111a5af3981bef205eb278a6d920e6cd0d469fc6b9e8d,false,473767181e1bf97e9e93137ed020273ad67578e2d99b901fc2dbc93cecd31efd
51729,ae8444118bc5c91dfe7ac55f2bc0ecd7665d508b5570ee339345c35dba49c7d8,false,ab1fb6b9e76e29db850ed8f7090497c7f23b6c92c0a77ad0ad5c7d70fa9a0685
51729,aee2ae569931ce9b31502ba90d6e52afa3d267256ed89c4a05a359f95745d8b7,false,60c05643de0bdbfbd14b20163b4af928a3a5727398ad39693f0de45eed99eeaa
51729,b00a988b68eb91ee0044488d9bc465e50d4c64ba68da81ad3834a6f7cdd87917,false,2b6450ec08166195db8ad3f153c91a8a05c007ef167f91cec2787116eaf3ef01
51729,b01f4ae564d7f8847aec79b949a27ca5683d130928ba4fae2bebbc17dbd8b719,false,d2c5a8be0ba40a99c21c29ee406c5f1ae4aa04184dbb3473b16b9140457c52f3
51729,b02bd46c1334bf1aa248e4c5317b84d0a6b237bb0673ea96453f73c69976c089,false,e9a9cc3bfb864afd6d471d4f5302f37c50d31a814842f00e99a8f5430691e30f
51729,b03f7fc8577057f8da1d2156048aab38ff1f3bd19d692c896cc18c312b344173,false,97de3b523c119d7b5b1d544f90c7d0383dab84721659cf84e3fa0d4bc1bbb74f
51729,b06b8c6abb1e641b48b38ef5fda9a342929dd646d3df717aba197385e54dae3f,false,5d1ca3a7c3980ecb719cfbb3d19a4bc19b08d12923bd7d2563e599f23c074e75
51729,b09f7b3c14eaa622fcf6c2df1075247c8813c7f143c538408d89e45a75131283,false,7ef8a0d901b3e013adae2b38201f637b1b57902d791e7a94cb827a04580160c1
51729,b0b7158b16c940a7489d66fdcb0b5b4fe7d65ecc3f45c8e04c7a877c0d088215,false,a78f3852e12a5194659a9ecfd61ba00d71ac91e56f3b4ba095b5f24b36c2bd8c
51729,b1a4fdd0c3626e97eb72c3b24e71fde517c2b9de2a3509f567577a9ec51b29ac,false,ac692227045710e29adc63985ec2be63b47ecc855438eb6d6ffe5e39745fcc03
51729,b1c2d1ac53cded17724689806733f5a403f3161f3c5076839875ccc3cfd60746,false,22a00086d51a42124fbae28ec5733923c7452f1bbba19e53e627e5329fb74170
51729,b22419a9b7c2c158f159696ac6cd27dacc896b91ae07f4d8396f7bb030211f26,false,5ab4984aecf18675c67fe046b2108a5c910443cc26875b717daaeb89c7fe7c06
51729,b2ec774bc9e34d92ebff9fbdb8f4f377974dd88695f17e1d815cef0a29d1c872,false,a2506cb72d5cfc3c0ca0c6da761dda833f6bb7c908c1c8f8e302f62e80863562
51729,b380a328d93632007472f9268185b4a9bc354bcc7a9b3cc565683c71956aa4e1,false,c406169cecba0a98684656b885d1b1d47d350d8084dadd6c72ebe4c8a44fa767
51729,b396df5abb7f7587ab445a9e4ad3fe03e67c82464b9ccb67f8ccb8f876cea16b,false,87c8f58542f5cc32f59e6cc5a0728ff5e2308febc37f8b09bad6821b1f632f74
51729,b3b2881de7782e9fa2824f571d430caa871eb6be1f7d7ea523a13f3f08d7b61c,false,f609211748f09d90c1fb102fe450bf3b75b02480c4592f8518083fad38d3db5d
51729,b4abd2cb251753e5d2cfa26f1b47fdec3abd2455afca310c595f452c121b67f7,false,c76d3f0f53774b0f097791c71cab38900c25c39de430a03ab196a8878e487eb2
51729,b4baa9a9a194aa84601f35e3431c7df7b24a1ebc7c8b33b9e2dd68b2ace837f9,false,bb76c33606e22fef67e7140392f3945e5ec770202bd053bddc6a8531bae34a12
51729,b4dea1261c10f829198199b8499014607c9ed7140fe71f4012bd93b655d9e130,false,63d1648377bdbe1390d40b6bc5b23044e525f8122ab5890373cd55072d3dd60f
51729,b53471668c6c49291b65b26a757a537f8221dd5b7684023c07dfe684f6302ba0,false,84ebe6c7d53272c63b478b5ee61fb7f16495a3f79c7bafd5d788b22067d22eaf
51729,b5f8aa6a2264921975c8e9aa4e1dc83b8737e2eb5bcbbde82935da5686a5b32e,false,c0dc9fe8d95d9d74d10ae63ea518db5140884e4461443cf908d1896510311a2a
51729,b6373919ff918b42d0dd25adf05a2ef27770aff63c99d2e6273a04090abfbb1a,false,9cca2ddc68c995acf552f0aa1eecbda8f461480a438340c113da0b1481ccd478
51729,b64d5246e4914b24b78e9ba4ba402c032043853ebea7596086eca08f7227651c,false,ab592b50959a19fefefd9fbf6457d1cadb39367c2ca231e59a7e01d1dc1c8a43
51729,b68fbf3c3eb11f76d2a3d4b02120882a0516673086945aed37023c28d96bd538,false,1cd9a2a7cc56e830c4e0b2a1508ba84e6f3fa094e8f0cb2996ad3befe75e8236
51729,b6c16a96157c5e65f5578a72136ce417a9ee2e5ff182ba0ec701bef096c82021,false,1b1cc3951814ba33c4392a29a1bdf5abdee16ff69015567dd99bd28d32db55c9
51729,b75a26332683fef844808f4e59d798fc3941943555f458116a808cc2e3409800,false,d64659e57613154ee47bda6614cc6cb6cf2b2030403c7f24c1c0b5eeb4fc0382
51729,b7a44df7ba02a3c33f14e1adb8d93a08a08b9fee6f90507784841b05ee8098ae,false,8219ec6ec7b662e0498370d00fdfccfd02c914eb39566996515d4eb4197cefc7
51729,b8015dce2118340620dcadf0091af2f79b6000df3ab5892ccf4140d7fa9d5ac4,false,11813d5f1a20bcca242ee4c3fbf9f542c602cf54675d629a20e90d85b886faac
51729,b8404948c95512e83cf15fc5fc8b28308a397d2fe0b5f17965474dc6a1f3d0cd,false,1cc79689994323c22512aedabb2b4901e11b28bb249bb8ed7790db5408d3d48d
51729,b8672ae18945ead9779d4907120faab51904c5d47ecd60ba167e4d26d8d37486,false,31345a59cd4477829c07df9fa79c4186b4725a6f9c51ca6d96934771eacc1648
51729,b93808cb86cc1dac66e1f90e35e3cf174fc1a7e485c61e797a1e416055eb7856,false,c7575f9c3df0018249afe5f6dfa4b2c2797d65db5a56c576192c8a0d20f1148c
51729,b98fbe50e1327b314f2e23b4c7c3dd6773a4738310564644e22b614fee9b5bb8,false,74a776a234b33dda6b0c4358cda7e38a519d4a8bfdb09086170ef8c231ff2da1
51729,b99d821adcc08129a22d547e7199a4c3f69b978cdab4c04597ae4d5fe65d6765,false,f8d29c238e16f38e1a699c772f45d8c87a36f29ef8f103457aa00ee0bbf682f3
51729,b9a17d41b9bce4f372a6c820ca0c27c09f186a4fb343424c270209c024325d92,false,25da98762cd72dc45d7f666faa4cbb75b4c2c0e35178fa26c25dd8335a521e65
51729,b9d8dec381b6592f21fda1ed645ad9462c6dd231c842963b4a634f4d6348d89e,false,e05edaf5830c7729d4f778a31da1a43811716141bf873340c11789406f69ba29
51729,bb2664b3a65d069ed330cdc26bd795e6fb0b6e98a5325d9f8e92be45a0b7bd46,false,20d4519a358b8bdf44fae2d773a9979fed7718b7f6fff867f8d918a17fafe0b9
51729,bb76c33606e22fef67e7140392f3945e5ec770202bd053bddc6a8531bae34a12,false,21e517d2fd7a166eb648e0372128ab4a28af2497bda8fea2f40374cde166c22c
51729,bcc91df394dae07a87191e5d5d40fb63a047efcc43966ba726eccd6763303f60,false,e270083ce33bf191402a41aef4ea3036f6aebd33d90e4619c1ccb1623af5c85b
51729,bd4e167b458b14ab11b820f3e9343e0e12bc027a1093b3c068d4ddd7fafa3859,false,2050c3875374b7d8d929f120c8b11d0ca554790860225dd3592c3b073d763eaa
51729,be21e86ffc02427876c7b90e2e4ce4f44aa63daaf91772f2880b6c84219433d3,false,a93e23bdaa1a02fe4d201753317fdaeb392223563e4a4422825bd597a7338d8e
51729,be2b5aea0ff4e9319333fb9a86548c68efb084f51bf745a6af11d2ff924f8894,false,fb1f024c0d180007d9f2c0311ad2cab182bc9124886293325a7147604c9e3b8d
51729,becc5e9f764049fc12707798571ee5b67c347b047494f49135be241cb6ffebe7,false,628b04e477242d2f76bbdb3125c0953cc0da0840c5307a68811ad14cf75ef664
51729,bfaf0823d92791d9832402da4186e0089187a23fdadb902d0143e463372418de,false,224052f28f8671f13de00babef3d679914176a985f474bf1b6090835f112862e
51729,c0ac7f55c2a94bb8fa0f5645b66acc8a250b4197ab057f333a0c6a308e24894c,false,f0c58c13b219efb6f43d3ddcd4d9c89647449d3250258a989b371de517ecc0c0
51729,c0dc9fe8d95d9d74d10ae63ea518db5140884e4461443cf908d1896510311a2a,false,3e3d30837fd540e20a6ee3a88f5698fef8be6cd66de90b70de3557847475f3d4
51729,c11ec24896991c0ec2e76ecd6d639e07236c5d95f7867b186a90f18f3e763c31,false,1a8419322725a1b9c2347334d14db12afa2e60e2e5d807a80ae4eb4a7aef2923
51729,c1345c01f55b6b381e89417c50ca8e5daf0bee11b064e2a2f6f8f52ba38a69e2,false,b02bd46c1334bf1aa248e4c5317b84d0a6b237bb0673ea96453f73c69976c089
51729,c1e75ee1b2f989a31f6075f58bded5778b1d30926aae5e6c617302dd86a7f381,false,2752958f26f24e6a1a251dd991e24d4aa9b7c15b3a50d871d9afd73eff8fa28a
51729,c208b1ab2beea85333b91c153d7bafbf855d187c2f749db14f7b7bb0ff10e183,false,823ccd03a34c69151819ae1909906880f1f875563835820ad4632dab6d5192bf
51729,c2af399800fabaf0c5997257d08bd7f4d858c6c399881bfaed3fda20129219d7,false,f0ac39aca904e4cb39956dcb8bd0e83ec59f6bcc5fbd944797a6ceb3982c18ec
51729,c2d82cfa8cc8cac4028d51f17572960bed0894c77129891efeca56b55539a72f,false,0bfccb8002dd147fa0a456f885588aa863a64311be0306c97b5be9642a2d564a
51729,c2e37c16cb42c433fdaacc36192a9905bbcd6d82ee1d0f71a87cd3a5c09a85f5,false,0a18d9069d1ad31ed7e4b775d65a7e4cf61c85dccdd9ece96f47ab7329ea9536
51729,c369405c82472715712af66da2e0c3abdae1b318b8cfd9124df62e7259ef4422,false,a0e90a786d51a8cd7fe9f029244c023981cbdc1652861c18d7be2cd50651a2d5
51729,c406169cecba0a98684656b885d1b1d47d350d8084dadd6c72ebe4c8a44fa767,false,e8a898a5a3e7cac9f00d41b5c78d2dd58e297a1bc5445ddae2ba5693593b1f35
51729,c41c7b4473d120e477a0c500db7ccb8d9d76cad683292d59671b9c3e0b2e73e5,false,f316c977ee690d68353e109cc0d3c838d63db485e04b5104ce124c40d9c3fbc8
51729,c432eb8c5f856c624e7eda75e58802c80212666857aff91f3146a9f78a7fc5be,false,e5f4482cdf263159708cb52e10efaf36f7e8b7cd97c10a742c410a77d39a729d
51729,c45f02e328f7082f23aa6e4648f3ef90b430adfd03849f979fc45f2a53e239c5,false,6c449aadc7b9e54f4e77e86881ef282e77b63b8ea883b73c5ee7b7b592e7e67f
51729,c466a101501a3e058478b37b16f1e7f3283e2e87618284f470d9b0ff8ea603c6,false,5e0cba83d3bd4baa9940b48463d888951ea899210bf67104bc2588964a31804c
51729,c574f35016e39610ae1aa2c1daa28b1e8a5f2e949f3a428bc1c3ecf96a89a6ce,false,1c3aaad9906c92e62b9a143e592fb0e80db12af4f696f6aeeab95c6914ac5e37;d6799167e3e3099536ebc6334b66a49f72501b73e7c07764053e65f8afc1a875;6ce498efd53cd610ca11325700d731c2025ea0a193e9f3b874071bcd9dab6c98;2a1bafb1dc3c76c01d8974d5109e6e5a5cbaa021d4b073010a0b3665aecee3b8;1da00ee34311a0424b5bc5836ecfdecb79192b3839b173f92701a1e74cb525bf;d662e3c3e6945b34376d6e01af52eae7927e5ecd39bd5c7f94b818d170b408d6;2d494c9b73dfcc665468c3a1bfb31eaeac2dd15e28870ddf2fd94bcb1125542c
51729,c5896bdb34230abefcd0c9b8c46b74f796ccca122541e9970c92799e939c82d6,false,d81906f42dd783114869a8d40ebc51b36319e9c6bc6fc66417e7f40223f32c1b
51729,c598cf6d07603c71e570532a68eaa18716b134de63e05181c83d5b595906bbc9,false,b64d5246e4914b24b78e9ba4ba402c032043853ebea7596086eca08f7227651c
51729,c621d353334a31c98ac6a1a1ad707493476a5e03c0cb32c31946bb03e216be82,false,06deb2410649180bc3d9535679b1b3e1a8d1d3a03e003e3cf94d86d0cf58e391
51729,c66239149bb16742b2c827ae6a9712b909d494071471263e60959952600c12ee,false,244f7d3b0e43158eecca7ecf9e2146149ebb858371db715757ac90d78f2c0471
51729,c692e6f1b269fd2ca3e0a2450a5b67842aaab6f791339b711d4376905627466d,false,c66239149bb16742b2c827ae6a9712b909d494071471263e60959952600c12ee
51729,c6e949f21ee616f41a44b0efdab768095286f3fe010fcf3564e85ae60219bcc5,false,98cf39b99ed4c2679528052de022bf3d36c384ce68477885941693cb2e3b2ce0
51729,c7128d09b6057a9c1aa9ad96843f47887ad62db6a2f8b7b5782349dbb3661d13,false,3db67ffdeafbfdae25dde07d5c68aca5633cefaa5a96ff8f42d92684e3ad4d22
51729,c7575f9c3df0018249afe5f6dfa4b2c2797d65db5a56c576192c8a0d20f1148c,false,32c74d548e37f8a6840c0379981964010576eec21eec2d1fc60352d9008dee60
51729,c76d3f0f53774b0f097791c71cab38900c25c39de430a03ab196a8878e487eb2,false,83df9e90adb7a9c18addd28d9e413834379376ed5e52c2b74afb524203b8c336
51729,c7a7d6a32b69954c83609b78c08294e4df962e89234b169a95c6e1aa4fa55fdf,false,c5896bdb34230abefcd0c9b8c46b74f796ccca122541e9970c92799e939c82d6
51729,c7bca59d4f72f1c03562bc4215a357893f6de20e090fffc49220989362a6d589,false,9187dfc423fdd95bc03a7e244c067bf87f763c7c76019d4eb97af5df037af5c3
51729,c80bb1a3aad2847c13da2d73d54e14a68174b6331b3f25035b3c648b6c2956dc,false,39088b5436eedc270f32c427731cca1916038dae9a224d6a7e8c51e51b9639bd
51729,c85093111fa15345454e989ef4bd5932bcf48461790834e96a1507c864c52c5b,false,3d3df02d70bf0dc04ec045683de78a8e5b78110ace29578708db580c1eb53582
51729,c8819088fcbbdd4a0b94212bf155c9f1d5b4e10996bea2c0fad17d619c9d7221,false,47ef5ba1c96c7e3faf4d0bcbdaaab6ffcaf177a4c0aa2b523d16c02525230ee2
51729,c8a67d03b4519e2638750e62b784df07502d2795b524b369fb4c57168dbece74,false,72a19cc7bd0f6177daeca5f324fa988049942668b460a59e8f390728a28c2642
51729,c9168a491f85b4d63c04ffa6f1ee294921322722d0634dda78f86575701a0783,false,da6dca482d7a84b44ab3b13a1f976732853ad775985b66dda70f1e7a69984ae8
51729,c91e0ea36372e9bbeb245e9e0fce738666b1457e6c3612a60d91289cffb7da77,false,4c5abea6ea66ac98bce7f59d51fff89dcd638be298686298412a9df545982d54
51729,c9c1ea5c4a139579fd59f0cc3ba2f62cba646c82259bb2bc0864e2deb03a41aa,false,0c549de8eaa7dfe564766f208be76bd59a98858d96eb3e534eb141539bf9a2ea
51729,ca1199526a71d025dca8534fae3e32e5fa8d655db0ef30b9cee47f17877caa7a,false,1c928b61c1b387f3b900125566037cf9a47f4fa8a39dce0abb402b82bea75106
51729,ca6004ab1710742da5f36d26fb6331f5128e59fd9cc27f4eb2323ef5c8a24d53,false,2662c287e47bae99229f4e8643e03d3d77e3d4dc9fdd026bc4cbb306e5bbad93
51729,ca87b5d9ae2317582bfb1eb82d8ece2e2039757daa785d18db3d72471bd01e2a,false,31c59a798649cf540478552f1977746e7d678fe242630e50cdb28ae2e41e4692
51729,caa8344898dbfb1e3e975ed2126d7257b1064b93ca9b50682ffbf9b0e776e3fb,false,c0ac7f55c2a94bb8fa0f5645b66acc8a250b4197ab057f333a0c6a308e24894c
51729,cb363c3a0858b0353ffa3685c9efb832215e945005e1b4310255458d775eb7f0,false,016626fc6b87e7cdf15d223eed429435245a4756bfb9cd1e8b37c65badb54ab0
51729,cb78a0bb5cc9071999f5a16b4b92ce5e63a0908e58eea25db318b6759884a438,false,ec6fdeaa007ffd5af22e99e110dd4571352882b2ce824fed01034d9798762b88
51729,cbeed1655df0de3e72c7f9ae2869a0cf73e15ec9c6c16c54a48b99c682dfeef8,false,45762b382348c819849ee79f4c7ac1ced5a92c5dff7d6fbdcd7e9f6718ef5308
51729,cc152ec5381042f0ec4210f30e65f551c1e843b73d75499c94166a9508122ae8,false,1bd610cee9d9ce6424b273f9bf66aee13da6cf9cb3f0bec85065934e34318b46
51729,cc406ade38baa9b9e2b2543f9c3bf04750d08f8968a7a20b9f8efe86b2826c22,false,decfabb595d37343dbbfe2c57546b542a8cb3e9067d007e846c8c0a819e8c9fa
51729,cc9c47662e751b279f22565cc95060f0db6ff5ad6b3fc1e8a10e1ce3c5bdf915,false,fd32e4911214d2e5f98ea8af08ddc0510ffb4187e88c7cce6b12fb3ded27798f
51729,ccc0479c94059f4a575a417260a769094c4857450aa40c6f5fba79d96b66eabd,false,f64b99a5351d77cba4c22afc68eabce6e66ca112ff38a023a876a367cfab41bf
51729,cefdc87e03e68e128ffe2ee1fc851175ea378358242bad772d729ec69c4b8611,false,e75192db658227801299a7906b7cd427e1f7c86e446a82ee3d1b3611dbf36c2e
51729,cf41c036c05367fb5008a01a3061f999c97ff8a802455c271e11e303c41ee7f9,false,ddfbb141a0865cf525c6654fbc7644e918104e4047e83a258d1feafe81601aa5
51729,cf5eb402c00b48858fc43fe70c48b7bba730a6d9523959bee9e79ed2bce59fd0,false,43783c9114e9bbd0fba7df1bf23f5f120c2d813520f0bd0187a21f87bc47b1c0
51729,cf8f2ed8306a3b454c1f8bbdd35b9943df2cab486d56065b098c34985670a328,false,37dfc628e5dc49289e512602653d3323335b9291f28aa1936ecd15e0c78f5309
51729,cfb45845bc3babb9c8a1327d0c403916237994723488f639390d4e1f714b9805,false,b94bcea7d92522258f58304fa4c07f33f95ede946bc0fe1793eed798415817e8;945de321ac94cf5849080daad11b75861ae41ae2c3d2a50cea376fc8079221ff
51729,cff601ce07de7e54b0c42a18393c56fe9202bd421df3c1671c38e437086292fb,false,9e48999e3f6b82a6c26c1e68dd413c730bb9a5dd7ddecc71d0a93c4818b7782c
51729,d2a9d5c27da8afd9a3dedddd8e93b8cb4f1b6c38255fb325f5b17a5cf3eb6257,false,83c1233a3b3f5b6408dbd2b1a6925ff430a6fd3cd500a82895023510ee259415
51729,d2c5a8be0ba40a99c21c29ee406c5f1ae4aa04184dbb3473b16b9140457c52f3,false,3c157c2a7865b6b188d4231eaf07df04b194bb027a5b0845a54c1e873cfbe0eb
51729,d3638de507f94d0f73d191ee5b50f386e196c3edc417801485bc3612824cb4b7,false,df38bdf637d1ee55d6f5a1b7a5c9a6b9844cc3a66acd814cbeeb1ebc96cdea32
51729,d3e44b1f2159087af0377384ba195754bf6df257d8482e76f6728447004ba9b7,false,67fe6c1dd00d8892e84ccd60bc6cd3e481b37bea170133adc547714b70fb4d55
51729,d467fdf448d85015330d2b03a06735f92e430d52862ed9f962c06137fab56d26,false,2c376e8d2c0607e6f2191e70ff10cbb7fa76a135fa3c1aa6b3defa58d46db707
51729,d4e1598c9bdcad078defff1569513132993f76dcf9dc0f763b997f2c93b3f124,false,e751d7b93a8c4743853b765604dd83d90be5e43a20e4778c03dce2568e1af5e0
51729,d64659e57613154ee47bda6614cc6cb6cf2b2030403c7f24c1c0b5eeb4fc0382,false,1c7e8dae0f0c3c7707ba2cdbb3570bf82052e652183807c76c8e7b22ea79dbfc
51729,d665ea03321b332cdc7e33c0cc7827f2dbb3bb48de3a2a79f94e0bdcd507e067,false,be21e86ffc02427876c7b90e2e4ce4f44aa63daaf91772f2880b6c84219433d3
51729,d69800266fab616a4e019a518b01a20417342dd6f61fabfe2154404cad8a5a2e,false,77441cb34c9cfbe5541a3509b4956795f0cd1be0ead5fcfdec67e1b00ff9f8fe
51729,d75cb1e448d1157446705c4418c4da360af010fc12bbefa23207a81554ecbb9b,false,341712cd27be5a367703c9b3a7fc726abc0a35a630f00733b086df002aa5043e
51729,d80b2fa3233ef787bda25d2abbd4522a22601cdc851ac58f841eb44b7e60b81a,false,d69800266fab616a4e019a518b01a20417342dd6f61fabfe2154404cad8a5a2e
51729,d81906f42dd783114869a8d40ebc51b36319e9c6bc6fc66417e7f40223f32c1b,false,b6373919ff918b42d0dd25adf05a2ef27770aff63c99d2e6273a04090abfbb1a
51729,d82a93701de2f65b59109ddfe28e9e4ca00916c774b5145219bbd3446044662f,false,4a419df0273e5a0ff75609fe1019c53a56931b627077d3550fbdafeea11bccfe
51729,d8387c1e916a934fbaccfbc7c646e4647d98752f0144b84f7ca7d92916aa69a7,false,55352165ad90b528b713e8d0b73ab130ad70497ae557d57dcf121e384e826ca3
51729,d8ec83940f2dedaa7ef03f6adadf86f7b48a3eb952a2eea392b3b6aac07f9ddb,false,8bb32cffef429a9af024087b245945611ac36030982588bef3fb46321ee4624a
51729,d94d1a26ba6957058427077e57509d9f2c91745566eafd988dcd1d9992e75275,false,2f3b24002883911852267a29fdb7b5f252d004131d899c522135badae70b2e0e
51729,d9af0900a5ad854e22a4503628ed4b573bf4223cbbc43330b0b13542a7b5c045,false,c7128d09b6057a9c1aa9ad96843f47887ad62db6a2f8b7b5782349dbb3661d13
51729,d9f8e7a81315e79f1460e65b6519935bf46b73be0aa6c711b8e114c8491f0a80,false,76baac1f176af8eddcd9390bdb39ced1bb9ff0cf191969c7c124b153cbf534a4
51729,da48bf80b5aecf8f534e6b0d50e58ab59066cb54830c142f0f2fa08dd938062d,false,a9bee6f21faf73d3058669cf30b8567d3211fe1b92dbc9c21f56f04519c2bd79
51729,da6dca482d7a84b44ab3b13a1f976732853ad775985b66dda70f1e7a69984ae8,false,6f33c32b7d9b922d095008d56962aa922445eb44b5c695c52637b6e10522839e
51729,da83e8a321d75deaa0bd5abcdb2b0f3c887587a6b3ff09f10c6969cffadb9dde,false,1e637d27dc7fa8e73646fe1e5bd84562647210f4f79f7fe77bbbcb41e4e83b87
51729,dabb74397a4edfdb82a3f02025f96a545679bae4026eeb3a6b1013ec4d662376,false,70405be5f3787f1fffe109e94ca079bbf6f997805122c45ee7960a2c0b965026
51729,db2a0d9ed746787f895491fc48f3b77c28936842e283579754ba1f9b8d4913a7,false,9398b21f66b9e4c011a275b421bacc43c1486bf61173b8c097a8ba7b7bb574be
51729,db91e957cacb27671efc8ad68313b11932287091250f91aa8d2c270ea14d9cc6,false,b03f7fc8577057f8da1d2156048aab38ff1f3bd19d692c896cc18c312b344173
51729,dc754138c98e60ef5b749368f7a0ea5a759337375c83e9f80c434e9ce393d855,false,caa8344898dbfb1e3e975ed2126d7257b1064b93ca9b50682ffbf9b0e776e3fb
51729,dcd56cd23e5b7be5197e3721c33b74b1993805e0867303a8fd5cda3cdb9b04d0,false,9ccb7704c1514a6307fba6fcd3b743e103ba6bd5ebbd16ee96c914274a283800
51729,dde33c3ace0070fd8db9afccf5daf3073edb1e18adce682a530ab1854525de28,false,cff601ce07de7e54b0c42a18393c56fe9202bd421df3c1671c38e437086292fb
51729,ddfbb141a0865cf525c6654fbc7644e918104e4047e83a258d1feafe81601aa5,false,3c4bd6a85f121deee08cc77e6fdeb38cbcafe9a4acf6403de8bf65c9f1471907
51729,decfabb595d37343dbbfe2c57546b542a8cb3e9067d007e846c8c0a819e8c9fa,false,2f1b8050d962c5dada803e824c9aa97ef44cc7616b5cdae37a70d65424ae32f7
51729,df38bdf637d1ee55d6f5a1b7a5c9a6b9844cc3a66acd814cbeeb1ebc96cdea32,false,f1c80245436a469c82fe078c38d0a2d5fa13c5ab17b14f74761a24d498355827
51729,df4f60ece18e973141bcb09297e8f381c6cdc2b431127de9dce11ef7d0ff6179,false,7f526024f16655c7f13a1af6b59f3bdb01725443167883101e05b0f5ed8c77e8
51729,df7b2590c8db750f7f581f7a080df0c8ac0e549942356d67ba9149ad3c40c4ec,false,769d6708e7261899dbcbb8193ea9795bec5398bb75f33f0905b8ed3f0ffc1b43
51729,dfb644caf356a25844835bb869b597f99b08643841287c299b77538d78090fea,false,645718c98fd5ab3c6e44cacf844c3c8db71dea9acd1ad9d95b61510e7c10cdba
51729,e00014d2b1093728f18b90d927b09eaa5e4396de199c9fd15151ee8715bf7592,false,a1a9c4737e1f4daafaacb2fd461c771ac0abe5b7b16449390d6c45dce5f83018
51729,e05edaf5830c7729d4f778a31da1a43811716141bf873340c11789406f69ba29,false,72c2a2b17f7ddc0b387dab34459fa17d0560ccdf68f6bc8c531f80e63c35c790
51729,e2578a24ef8e6e8918177b74bffccb04dcbe0e4870e7a5107533058010294b38,false,d82a93701de2f65b59109ddfe28e9e4ca00916c774b5145219bbd3446044662f
51729,e2647504348cded78d0f9a6f45b4c2609a9ea3249e3368ffea79d1e920c71da5,false,9be754046a8ba679e0a443e6573ecc5846f4976a58a1d30e8b411b04606ba604
51729,e270083ce33bf191402a41aef4ea3036f6aebd33d90e4619c1ccb1623af5c85b,false,6fbd58adc4a81c999bf8d127f164aa7958f765f53a70c9820941d020b94a83a9
51729,e2895de55c571a67eafe08801f85e54e4b8947fe4396e46bf28ff8fd6214a961,false,b0b7158b16c940a7489d66fdcb0b5b4fe7d65ecc3f45c8e04c7a877c0d088215
51729,e32c917a1d6dadad586d09793195bf3b1d11a22f0065f3c2606a291e518cca6f,false,73b220540f446a010bebcd0a1f85f9c39488634b0bba08c018ed8ecce5e2d040
51729,e3ae77ec0ff4e6721a02bfde9db467ae37c9ff05224be9018c590dbbce07a6a8,false,ac1b47ef6c58423cd840e5a3983e289ed3ebf0835aaceadeeeff03072271b246
51729,e3bd4ad599f36d2d3ebca6f387cb1232480d18f71fe55c664005926d048211f0,false,e4a8c309973d40841a73c6c8a446c5d89e977cb60ee57bae0fda0238fcf56d2c
51729,e3e7195f34f3fcd4c400aa8115172286e7de87ac62b37767ca407b05a0337b68,false,7321d2d6f68ad2bb0bcd2bd4af54d036afd666d260e893d2201ad9b7ded3c0e5
51729,e41cc363f8a1139c4ff3708ceaf8754d8900f6b4ae6dd1b1328cdd67178c033d,false,4ff7dc6d1cd0991a9a8035bcf61fae2f799c94907e55d6d4ae37769bcd779bd4
51729,e48577704e0bc1df43a8d0f899414e01c2b0fc1d74c871f7dc251bba156b2a08,false,4e6fe29a7215883d6468eb48196baec319699346ce3f21b220d074a741cae5a2
51729,e48ee6c313fab1181333cea8f81a0fb2e652d8cf3a73d9da3dca337b39079e46,false,e59da0dae9aca72608aa4dcd562f3f27c4066a167cd9fb11bdcbfcad795a409d
51729,e4a8c309973d40841a73c6c8a446c5d89e977cb60ee57bae0fda0238fcf56d2c,false,a0996c9afcc013d7c432a17ca066369b8778d2bad0cc35a8c064934f89b7185a
51729,e556da726894c6fee58c6453399b282da028a777323d23a0cf14bee7eb0935f2,false,650fa700751e3d670c7b67df2e8e79206ad2694ddfd32858700b030baa22c658
51729,e557fe294b68768a393313eec18c1f759a96de99fa163b315dc935caf8bf05c5,false,9525109e0aef2c1fc8d0295e64ae1af1d965f8f4a43d8fd097f21782995f4da5
51729,e589512800f1e0ba648afa629c526f386b30a5d2fef51f9f7fa6e3407bcf81ae,false,dfb644caf356a25844835bb869b597f99b08643841287c299b77538d78090fea
51729,e59da0dae9aca72608aa4dcd562f3f27c4066a167cd9fb11bdcbfcad795a409d,false,94d6d251f48608cda8d2c8400e7154571e1e30aa4a7bbeaa7be912869f190446
51729,e5f4482cdf263159708cb52e10efaf36f7e8b7cd97c10a742c410a77d39a729d,false,ca87b5d9ae2317582bfb1eb82d8ece2e2039757daa785d18db3d72471bd01e2a
51729,e659d2208cb9df9222a2016ee0f46e5dc9cfcdf083500221e7fbef96b4da28a8,false,38569f6e571c4c94b8fdfb14277d43096de4b902d5eb211b75b2fcf0a3138db1
51729,e65a7e14f394712bc10f7f1063539d2a52fa463bf35f81129839bfc62e2bbccc,false,c9168a491f85b4d63c04ffa6f1ee294921322722d0634dda78f86575701a0783
51729,e75192db658227801299a7906b7cd427e1f7c86e446a82ee3d1b3611dbf36c2e,false,3fb64ab9b78259ed2e4de14afb8e81458e49fd4d54d878a271a814244e14aa8b
51729,e751d7b93a8c4743853b765604dd83d90be5e43a20e4778c03dce2568e1af5e0,false,67a251ce680e690d5e743eaa051e03010930f4b8d03f37830ba08b19f1a61367
51729,e75c255454e5e4b370e8dd6d1f36ada25d47c4c39708f48085ad1f96c55c6e47,false,cb78a0bb5cc9071999f5a16b4b92ce5e63a0908e58eea25db318b6759884a438
51729,e7e0ef915d28e9a04683ab03a75800af8d104ae7a3a6a8149215ab671d428c04,false,5452e59e90cd136c8fed93a3707fa230f9c95be7609bda5b5d129e4c1dcede21
51729,e861f657727d252b0c8634b6e1d58e2bff7cb1ff0158d8484714b8bfc88f3e79,false,29ca7dc4433e506aeedd0213c8b5715d887414093aa7d100661863814f472776
51729,e8a898a5a3e7cac9f00d41b5c78d2dd58e297a1bc5445ddae2ba5693593b1f35,false,9b14d0d0016f71ca802685e43514b4d029850f5c5b72304aa93bfa955f723331
51729,e8f9b3ddd270ca1b3441c66dee5cf2c48fbbe49d7c2c57228d1b47918cadcd35,false,81a911c6138016cca63852a4ed7c46a2528fd1f8cdbd02c58d88e3d014773de8
51729,e92b3d013862442c6f07151d03f9de976485316320c00b3bfb3d7cc749b8a25d,false,570bf88f35f4d55b97ca0b9bf53a7878354931e8671b0bfc41067fbf911cf71d
51729,e97af57333325e31bf013efd208752f8cdb8e4e3ce6ef3356263a1dfe62ebeb0,false,c2e37c16cb42c433fdaacc36192a9905bbcd6d82ee1d0f71a87cd3a5c09a85f5
51729,e9a9cc3bfb864afd6d471d4f5302f37c50d31a814842f00e99a8f5430691e30f,false,c1e75ee1b2f989a31f6075f58bded5778b1d30926aae5e6c617302dd86a7f381
51729,e9b601f1b911378e4d64ee18874da0c3c64b84907516f47f3be071349568c88a,false,7fc19b5ef3149db8f296ebb09828cc37ada2814f34862cca156b572e235b755f
51729,e9c25542313a86ff3b71527983c17742b7f5629aea2b5ab231fb570f10cf23d4,false,cc9c47662e751b279f22565cc95060f0db6ff5ad6b3fc1e8a10e1ce3c5bdf915
51729,ea1e396a68bc54f369f1f6bf722c1db6b115534b9c836bd2ac28560fbfa70b58,false,db91e957cacb27671efc8ad68313b11932287091250f91aa8d2c270ea14d9cc6
51729,ea49b0ab4ea47d04e387f19e0841d23279b217ec54bb049e5437f4b312f16843,false,874eab20c41e75b463ea1d692f79800f3bbc72386a2ed1c36e491deaf4ad5c44
51729,ec6fdeaa007ffd5af22e99e110dd4571352882b2ce824fed01034d9798762b88,false,8e7ac484bb989a0903e39e2ad92b0f699c07a57215e63684403961578d2ffb61
51729,ecb56c0439a12fc8a6017a9ff4cf0a9bca0ad762c2906ddd3c8ca6b55fe9d194,false,0d442385e9d5063455a146bc183bdbb659b72142b453eb65d997fe0fdc09c397
51729,ecc42abc423442a9e88146bf45b6c7498fb6c362da33ec61e384cd4ccfa0c396,false,056175a88feb7a102e6aea0e1cf5648a2772de6b51c4430f8f6c775ae84d97dd
51729,ed31150001093f9974a535edf12088aed315bf74bc7739567da409e2220a79a8,false,779edd5085b64eacc666128d942734caa0f913efbb27f169493bdd0dfbef1652
51729,ed6018b373b534f3cb06d1ad4a2e6b3be3c37c9f341c676d490d572b1712899a,false,0e228784f7c4e27a482f74acb79820025d7bb11d31183f94b99d256299ba3aac
51729,ee775534be1b73f9286ac5a97b758cf41f360730f56e9bf86dbcb727a7460044,false,917da9401c9e0f5fab2311c9c750ab702fdd948cdd0b1cb43dcde0279d01fbea
51729,ee83dc121400d857292b7140b771d5c3089ff0f3f782a23fce07d66e8895509c,false,545ec974e5636f90d376a84c58e5bec02ba7dcc5fffbc2ef95ca0fb766ec8496
51729,efa3db4912766b52319be257403f3d49121738eb10301efd95650be116f800ca,false,210b213d5b33225684eb33bfbc7479218db23446ffa2aedaca85d0fd2bf75cd6
51729,efa9a96ded4de4c993806ee0c4a860fbc788a0b749ea05ddb9b73a7ebee7f76a,false,b9d8dec381b6592f21fda1ed645ad9462c6dd231c842963b4a634f4d6348d89e
51729,efabdbd429d66ba0d15df2da9c10b73aa561c26b3caafc75382029d9c7a6ef13,false,6f4a63e1645dffc3366a3d2e0b34c4348e5fe74f3998c91a1176f117c7f2c6b8
51729,f02af93ed0478fb422cbbc5e8cb8f37a37fc14f9a59cc421d3360accbc597561,false,8d950fa2e6a64bc5a65b1344dcb91ddbf2b8446d2ead546679ef557272e5b16d
51729,f0487fb46ef624cff8c61088ecafae450eaf041d2dae34974687525765455ffb,false,35b48a65354a5c6bf43b9ce43e44220bdd3784be241f272a2597c69f2a880813
51729,f0817224ec34561deeb9e7a203640bdcade2dcfe9ac9006f81f2d683b6ab6159,false,7ed1f39e2a4525767a5fd3a938b669c1d8471f0d4fc913f902cb48eb1e32c7b4
51729,f0ac39aca904e4cb39956dcb8bd0e83ec59f6bcc5fbd944797a6ceb3982c18ec,false,81e9c86fce448a796850adac83427b4b997bca29d602b53f93b2f218a7c34851
51729,f0c58c13b219efb6f43d3ddcd4d9c89647449d3250258a989b371de517ecc0c0,false,70344d34d99947b6a7f2e59403129f789ba462dafd7815dbc004a4c03d35f797
51729,f14714066723f3f8f0ec2accdf4230e214a72b708521432f12513b9232b05c94,false,9a9664dae412fb0c30d6d042f734106551ed126afbdd52b509aec3754ec3d200
51729,f1c80245436a469c82fe078c38d0a2d5fa13c5ab17b14f74761a24d498355827,false,b22419a9b7c2c158f159696ac6cd27dacc896b91ae07f4d8396f7bb030211f26
51729,f2b227ad372774f7bf0d79bcbe3948a930ff2e565fe347431c8a956ad192542c,false,f0487fb46ef624cff8c61088ecafae450eaf041d2dae34974687525765455ffb
51729,f304d921e1f672f77ce743a209999f297aa963046709bb2a630d6f0457ed0c28,false,b68fbf3c3eb11f76d2a3d4b02120882a0516673086945aed37023c28d96bd538
51729,f316c977ee690d68353e109cc0d3c838d63db485e04b5104ce124c40d9c3fbc8,false,a5538cdc4f43b57c15b26a5edd1ab620cc60494805ee0d258f580d38f300d49d
51729,f3e8554737699f6e481d95d1d08d4c3001c934518f0f2be9da02cbd2de3d8c00,false,1f4c07989a458a95fdc6a53278a0b05cc73aad6cf55e4bd22f6b5fb81854783e
51729,f4a999cbdf9307c100240860159d40ec1ae6ee4407150ee0bbb6966c17a460e5,false,f0817224ec34561deeb9e7a203640bdcade2dcfe9ac9006f81f2d683b6ab6159
51729,f50a0a22df18cf2c8818b3c3d7c84fa42d2f890819e336ab8cf54504239b3553,false,914c2273c44259811c4e6f58a53b047c0cc00709380bce7c841f7016976d79e0
51729,f5394fa23f57ff50200aaa297d9075d42f89dda042f835f95841f6c496811941,false,13633837a03ec490543dfa9eb76b69b9a467b1d5808333906ed05346b95b1673
51729,f6084c89abbda27c44f74ad353b25f4ff45843b639b0854f9f89b4f640990a95,false,cc152ec5381042f0ec4210f30e65f551c1e843b73d75499c94166a9508122ae8
51729,f609211748f09d90c1fb102fe450bf3b75b02480c4592f8518083fad38d3db5d,false,8f39b903b55fc222e148eb9bd6fe8f8de60cf08fd93cd23404014d37aaab5000
51729,f64b99a5351d77cba4c22afc68eabce6e66ca112ff38a023a876a367cfab41bf,false,8f4ad18c88d6165a28dfcbfe663ab780f7b7972aaf7554cc7b33aff67ddb2d65
51729,f67e4e1aabb798d293a0d8f0d62d605f908da859d9f92f3dc2b842e62dea1fca,false,856e832615077d01abfc4e24c77534899ea85160f8f3d2d163b03c0c5cc9687a
51729,f86ead62ed6e371ced83bcb28f9a6cbfd8b68ebf2ced6d2b897d3bd161f4caa1,false,6280fe6b0d274c88039a43dcf070e32fb48cf4f2e57d580d05ed775b46ea4981
51729,f8b61706c6cbf0980f6ae76c9e1dd939e2d4a84911b485439eaaa235f13d01cb,false,6fc810a072612c07891dad98da9c9727b2acc5e80c6129582e4ae62941886dcf
51729,f8d29c238e16f38e1a699c772f45d8c87a36f29ef8f103457aa00ee0bbf682f3,false,56d4f5a01ea6b93be277ce1866ece8212e22a5766065dfe94cb99ac990562982
51729,fa2a41e3a9dba1249cb26d39e019cb68834155847c690615033b14b86bb56496,false,c80bb1a3aad2847c13da2d73d54e14a68174b6331b3f25035b3c648b6c2956dc
51729,fb1f024c0d180007d9f2c0311ad2cab182bc9124886293325a7147604c9e3b8d,false,699e7154ef2f84366d097f478da0e7fd00e1e74fdf94e8923a2e767c5e877c71
51729,fbc53687539d65da9e8eca1c0a63a09c3a7093712829b0facbfd56b6283d9850,false,11b21a61b38470162a29b874d5c5bc94004e812d01d8d2706eeb82490b41bf91
51729,fc219403a752ee0bd6d11ab15b11703ced6b85ac489d9c40040dd866c2f25fe0,false,44a0c4f015da8d31f21c54ccd9e411879271ae156923a4b98243af8f56ea77c3
51729,fcdca9fb51174e9ae4473ed073bff3191cb27d6807c3ff4188db9ff4e569cba6,false,b8015dce2118340620dcadf0091af2f79b6000df3ab5892ccf4140d7fa9d5ac4
51729,fcf575fa516cf5f56432793a35335bb0a9c4b9edc1d3c9cf703ce0298dd0d29a,false,973c380784efb6562e6bb8f04cdbe9fa1e60b2239d588b4c0150a9a9b13cfa18
51729,fd32e4911214d2e5f98ea8af08ddc0510ffb4187e88c7cce6b12fb3ded27798f,false,a10b040acf42b31c29e794ae6326da46a9c7af652c40afb1d86cd89002251b56
51729,fd7e69204047ae48e69c68be1bd16188a8960c7e9e24da421b2a495b29477498,false,38eeb8d67d7e8f01be194ab1842a03f6b384bc57fe8181bdf62b914e017021b6
51729,ff26307f3dee674128c643e3e06493eb6ed3a47ecae451e64119a5206e575398,false,a74735d7ae966f1269b4d0275a9d24ab8bc4ffed1ff479293835800487378760
51729,ff7c92592be5403ec0221180477c79a28e060a0db2815d4e809a5815232c4c1f,false,6129960d1c4f94c12abcac97202b87efd2d14b2ffa2787d46175d06bd9f68c7e
51729,ff93f4165de5118360c0be18db09c3a2f0be05e29cae48b60446d14cfd0d2402,false,02c80c222d5367eb81ee02f842894f1595c58e642c59de8b0503f92b4345b660
51729,ffd080d10d3a0b377b942bef1496d1710def4e0926124c5e04b64c0febaf96c5,false,e589512800f1e0ba648afa629c526f386b30a5d2fef51f9f7fa6e3407bcf81ae
51730,000b866b12e34b1bb63d877aef5ce070aadd65dbcd2060e8abf4097a3d020915,false,051adaff4ce1bd123e73152e00ebddece7d25d643f9a43daac1ef98ed359dc07
51730,011e2190132ca81b9b7bf4cb139794f3686a1f9286799d79bef4e8e1fc163273,false,7f743567f8f078bfdc3d8da90a50079a35a1ab067a6c2e93c9ddc3ead454c7de
51730,02f09fe00d8780c19060ee7fbd14594459883c200c262f43719ac5eef3ff686f,false,7f5ad20ea7353d958d4d0792f8acd7b6388ff4e23430e0c31fa47027a8733ac9
51730,03a54262d4b7a1a1e39055c672377615405d449d07d4f592d6ece2772071f769,false,89cda3edb82cf578c6c5b12e7cc489d15458f59e88edbc2aa0e7c3cfc0c6d9af
51730,041809c0f2ceb0cd6d253c34c9d550336d70f8adda6b35fe9c37ee8ac3ab3fdf,false,fb66516e51fcd183797f483204d2bf7f6631c15a5b64c5d532fc6930c5ba53f5
51730,051adaff4ce1bd123e73152e00ebddece7d25d643f9a43daac1ef98ed359dc07,false,918ea3281992d9f820526918ae28c708167e5bbb49a2f6672c44a5d333e7edb4
51730,0772ecc4769c0f5d38b7b7b3eed1e13e5aa04c386419e010d55140d0d69d9047,false,dcffc70248ff606ed859f5192e9ac7d1f83e01ae8f27a6b0c4e06e60f2bc5ede
51730,0a540de83a0f8e6dc39fe3a55074eae32e433e643d194b36b872f740c9601ea4,false,56155229eb471054c7712b50aa4f465a81ad354f92fa120a002d152568b9a3e7
51730,0e82a9b557ef44cb7140354cc7027f21e38d9e6211c04206faa6b87e0144ee3c,false,fe8168727c879b87c8ce2d44264c1a3df02273f1c71249ea7beeac8ba28bae7b
51730,0f04e67fbb5e408159b1438dfb003352708ba6cb9f83a950ba6d2c7eac4b1305,false,cb1a5d8ae79cf03fec67af3a4c1fdd3827ff0a4e969e75eceee5d8ac382249ba
51730,11b490659fc109537d04606d35051a50f9736ebd17f7212df7ed8264c378e024,false,56feb79fab578582ecc534a0b5df27e6ad4c9484f8b0c65cee501e633ab5f666
51730,1351aade1a5b0156b9cee0264bd99a987380e08f2b830a4bb439104e08f8663d,false,88b995590ea56084a90d232a0ef64584bf205b986a2e8d61da5a09cda0b652a9
51730,1389366855390c04729937f4b647ec36e3eb202ddbb14ce95a8cc2e755c7fb61,false,b9d49e6f677f3ca7a0d267c2c6e9ffe8ae75ad1e63942fd21739b32700492d5c
51730,17428929c8c8e8af330ac7a3e81234965076ac9625ffcf5135b7c974acdc1086,false,000b866b12e34b1bb63d877aef5ce070aadd65dbcd2060e8abf4097a3d020915
51730,175d491076a29d5bc36f01fe17624fd03f9485f56802888d8204846649340956,false,1351aade1a5b0156b9cee0264bd99a987380e08f2b830a4bb439104e08f8663d
51730,18229c6b7bde376fdfb754db444340a12c13ebf76dff7523104e430bf35350e5,false,39b5cc68681b525bb8d5bd088940cd0ae500ca54fa973bb70e4ca53044a628fb
51730,1ca6a41fb656cd8e903f3b4dd2b6158ea2c5c12f572c5c325fb60ccc4eedb1c4,false,1effe31d1da7a0334d3fdc7a932c7e16214d44d7291e23adf429f2515acb1f01
51730,1ed6eff2561b0acd2c914ad00ee9dfefa5d8eecd27b993a7cf905554165a87fd,false,5ea57fba49007771c1f0ed11d9263a973c1f057ee041330f524d20d0696b0e32
51730,1effe31d1da7a0334d3fdc7a932c7e16214d44d7291e23adf429f2515acb1f01,false,0f04e67fbb5e408159b1438dfb003352708ba6cb9f83a950ba6d2c7eac4b1305
51730,24782215169ae2c2c2f4683d3ccd2ad88135581de3aff2565e931f98f21c21e4,false,7d6daeab8849f529d7edaabed03fa9422ed027739444bc6e49267e769c69e17b
51730,282c3e911e0e1d3434ee79d387820f028aa192d124c1141441990da12b57da60,false,593108ba86efcce8127770caf1138db34b38c1404b5f400384aaeb9bd898442f
51730,2a63eedec9626bcca1e7dbf98188010455c56ce00b1350dd92d3803ff4b20a25,false,175d491076a29d5bc36f01fe17624fd03f9485f56802888d8204846649340956
51730,2ebd9641762f2e20c99a6d5e168eff4e90aa0e6e8ea4a0c7e5f335f21b3b1929,false,54bee84db9c98266cf96b64078808531a4e2a12755803d3e284a97789523913a
51730,2ec95d4d4b66663b0377001e334122b3e2f2666491ebe60eaedc03858931b81a,false,24782215169ae2c2c2f4683d3ccd2ad88135581de3aff2565e931f98f21c21e4
51730,2f14aa89cf874a66a19e505b6cddca0ab037e97a32cfe34a078e8914d9c6ba81,false,c9a26a2e065e7b667e4e1b8c2df8feebae709069c64ef90656fdf560b1cc70fe
51730,2f6aef695f3a49c49e39e6a4eddbad917a1eaab4ac73ad2961528a7b4303912b,false,8de894e7884c70ea85a1d223bc10a676f573fff951e037aa58c291227f9b9cf4
51730,3364e862ce4683eb3da6eb6ad3366b9359988086aa3ad56ebfb35f8d90060ebd,false,b418fab1ae499353a0e9a3fb1d26f011c50c2b694db130b83ba305ee880943a1
51730,37a603b93a3f514c0930c6ab9f6ac4c62d30e46df49924d8cdc57193f6796203,false,b0771e69aaf1eb2f46badc79d33d1879f980898e824fd9fdbba3d058601f01f0
51730,39b5cc68681b525bb8d5bd088940cd0ae500ca54fa973bb70e4ca53044a628fb,false,7dd24adfa118c7481a2f6eeac509be703abe7420df2eb1e101b06c0c364b35ba
51730,3cd72f22123d91a1f4df2e381ca99c5966a5f772544d626b4350fc2341150f4e,false,f76bc2ad696f9861926f8d93a1a7fcb1ae4f98dfac350ee25f52a7793d4aa17e
51730,448f5f2ca5c4f2fb05558b203bf34d9bdf788b5f71d566bf6e396b28d5056a23,false,712c78b54174e5033ce3ac82a5a7126ea471fd3cc8229cafe2c2158255a1a1e6
51730,48367ebccf38c7828f64ced6ff504b66221220e6e32053c6715f53cb5e1375e5,false,e63658c6a48eae7aa3f8b9c13b4274d9d6f983344f495180800f6aaf03e575f3
51730,4947bcf133745d0087c54aa8a942ec8d63473254b8bf10fc3b83dce775115b2f,false,a0caedcfed07bb1540d1b8a6b28888710f68ea6c3fb1921ce7845518a17b7feb
51730,4ae953b0b0354a2b0609bc2f742d110203b19c86fc1875de5b48b470aedd5012,false,91e22e831a1f6fededeab6ef519682d130632ae96f981c21304e7cd55ff4e4ee
51730,4c934017b952c16f0cfa9b9dc942faa8549716c1ee85983bd7dff86828c75bef,false,7bfea77535fbbc3baa1de262d42b629a3bbbc7578c3fe603dfa42eb9779493f6
51730,5250a3d4bfe0b794dcc45e12bc03d8058a004ffb4133b489f867b495ae61c910,false,5bfe089bf25c3a9d82d6411b2514cf56e9d55355d097a5b867dc348677e4eb28
51730,54bee84db9c98266cf96b64078808531a4e2a12755803d3e284a97789523913a,false,7c7b0682d0b7265481d1b57f1db187517c8d7e0493441e0399e3092977700bc9
51730,56155229eb471054c7712b50aa4f465a81ad354f92fa120a002d152568b9a3e7,false,a4309ba020fdad689fdac5b93ca662124138502ba0ef58e6165ff0e58bbc3153
51730,56feb79fab578582ecc534a0b5df27e6ad4c9484f8b0c65cee501e633ab5f666,false,e1cb6fd18f685b862944e141e0273395ad9dfd51dfbc034177f838e4394a2e59
51730,5719c8d2d4e24b3a37e68952809f7febad8650f6cfa2a6d04b153ff29388c433,false,2f6aef695f3a49c49e39e6a4eddbad917a1eaab4ac73ad2961528a7b4303912b
51730,57a5169722a4b9c75df0199d13aed502884ecc8d7f8d74c583bd7c74be40bcdc,false,e9479be0bc75f883ecaabc05a0d7045d0aae7e889f77981b0b2567f203a0695f
51730,593108ba86efcce8127770caf1138db34b38c1404b5f400384aaeb9bd898442f,false,041809c0f2ceb0cd6d253c34c9d550336d70f8adda6b35fe9c37ee8ac3ab3fdf
51730,5bfe089bf25c3a9d82d6411b2514cf56e9d55355d097a5b867dc348677e4eb28,false,2ebd9641762f2e20c99a6d5e168eff4e90aa0e6e8ea4a0c7e5f335f21b3b1929
51730,5ea57fba49007771c1f0ed11d9263a973c1f057ee041330f524d20d0696b0e32,false,ee4e22d38f155eb6506623d670ae36a2af3db9d38eb300a29a0fd52b3a7ac22d
51730,6aaf68511d962558d35823dd7b887602d4a4acd9ec3a9b96b6e4a5ab68db0bda,false,3364e862ce4683eb3da6eb6ad3366b9359988086aa3ad56ebfb35f8d90060ebd
51730,6f6f70a31ef3544ffbca8780c2ae2285c33fd70bd2ce6154d2b4f93d4ee88058,false,cc413e22e1868ba4612e55abf59878e03faae9217d6ac76e5bd2b03e3b7573ab
51730,712c78b54174e5033ce3ac82a5a7126ea471fd3cc8229cafe2c2158255a1a1e6,false,bc38699dad81b73424846511136b5d45d7cd676ff5793e7c8ac8ac16fe4c17ca
51730,72b73affa32ee5f8f3ccf988a51b438252a511d05cc4be4b975a5c86f92c8051,false,4947bcf133745d0087c54aa8a942ec8d63473254b8bf10fc3b83dce775115b2f
51730,72e11ad05dee74c5e600738de6329049e9f8a658f86d163626f830316c4e61bf,false,2f14aa89cf874a66a19e505b6cddca0ab037e97a32cfe34a078e8914d9c6ba81
51730,797ce9c0b8c02d05e77c543072e9928b60141683bf165bdc94f10beceba2030d,false,bf34a93d995e708f801a1b99e3ad5ffea338a0a8a5d98143b2df60b58d85848b
51730,7a3a3a7253782ec5d286ac7b5f370d146a1378444d6e51ed256d482e28b29634,false,011e2190132ca81b9b7bf4cb139794f3686a1f9286799d79bef4e8e1fc163273
51730,7b993d04ff2578c02515272a3e94b884d25a2002502abe5ba713b1ce23fa94f6,true,
51730,7be9d91deb461b074a3fd1c1cefdc818d90aefc44ad301ad7fb658e739eb530a,false,da919337d4896ce3c5f0c9b5d830f3834e92653a34ff56615932d0529e5ae6d9
51730,7bfea77535fbbc3baa1de262d42b629a3bbbc7578c3fe603dfa42eb9779493f6,false,bb8067fa4c1151c60e21fed4f5e4db5b68a896d02a5de1c10aa99def2e0def8b
51730,7c7b0682d0b7265481d1b57f1db187517c8d7e0493441e0399e3092977700bc9,false,c4c5d18c228120d15e053afbdbc2b7f86acc54b3cdc05a39e62166a1d9f7cc4f
51730,7d6daeab8849f529d7edaabed03fa9422ed027739444bc6e49267e769c69e17b,false,9e74cf5a8e69a61634df24c85e29732bf4bcd2ad4a23b4e9087b115c60a87b5f
51730,7dd24adfa118c7481a2f6eeac509be703abe7420df2eb1e101b06c0c364b35ba,false,797ce9c0b8c02d05e77c543072e9928b60141683bf165bdc94f10beceba2030d
51730,7f5ad20ea7353d958d4d0792f8acd7b6388ff4e23430e0c31fa47027a8733ac9,false,448f5f2ca5c4f2fb05558b203bf34d9bdf788b5f71d566bf6e396b28d5056a23
51730,7f743567f8f078bfdc3d8da90a50079a35a1ab067a6c2e93c9ddc3ead454c7de,false,cb929622fbb6bfd9e211846da0ec68c4091ac89d54ebd3921682f94d569dd97f
51730,82e2ca47f77910707b7f92d901e5f6c46bf9d051ff78feaf390cbdc943ba94c6,false,e5596324411fabd2b474df2a3e8c7a7a53a11009656ef6c5585107d763715e2b
51730,84a2f519b14b8c894e9d0fa8824cd2dd05d37c8128721df59b69dbe6fad6d7bb,false,5250a3d4bfe0b794dcc45e12bc03d8058a004ffb4133b489f867b495ae61c910
51730,8525d19438671dc387c5d0ba5ea6082418d86d6c1ee1555eed8d62f970c86529,false,2ec95d4d4b66663b0377001e334122b3e2f2666491ebe60eaedc03858931b81a
51730,8584805ca17855d068d48b0fc8fa066423d6dc7e41e0d0993708746ef0ab08f0,false,fc595c7d64254e3a3f9478f1bf3699fbc5029f570e698f297c6f8e438d3be05b
51730,88b995590ea56084a90d232a0ef64584bf205b986a2e8d61da5a09cda0b652a9,false,9f21155e1c3914e15f5fb55cc08b268cc39bf27ac518991060d610db1a62cdb7
51730,89cda3edb82cf578c6c5b12e7cc489d15458f59e88edbc2aa0e7c3cfc0c6d9af,false,c22f764ad2d95709e186352526458c30815eb3487eaf5fa0aa8640beca15ead2
51730,8b0b42d71081bcdae666f6c1f440d3d42a7d166c646420767daaa06fb2113b9b,false,b17f86bd2019c061dad9821b4a15a32af77dcb1a68d71f49ac72ac67c9cf1d6c
51730,8de894e7884c70ea85a1d223bc10a676f573fff951e037aa58c291227f9b9cf4,false,a730839b846149bc6625aa14a025593167d1d456a36578b82c4d3d0dcaf00fd4
51730,918ea3281992d9f820526918ae28c708167e5bbb49a2f6672c44a5d333e7edb4,false,c6cbea1e0c73f3c440d3a56cd63f706d5a69cc48cbca1e758333e48b6409cc0d
51730,91e22e831a1f6fededeab6ef519682d130632ae96f981c21304e7cd55ff4e4ee,false,e00f1aff96d5e8daade8e3abb136034a04ce76824d7ef1fe9d25d5635e6b5694
51730,92cb8c0b212ee129664dbd2b754346b6b4d1598acb9a8a222b059391de1d459a,false,11b490659fc109537d04606d35051a50f9736ebd17f7212df7ed8264c378e024
51730,96ecf0a8b2389bab5d18315fcb079dc7c202ec0c843e88ef88fedd60c30596a9,false,3cd72f22123d91a1f4df2e381ca99c5966a5f772544d626b4350fc2341150f4e
51730,97574b92b4da4b3b56f098d03da6699900d38d9beea3536415b43da9fa046b3a,false,72e11ad05dee74c5e600738de6329049e9f8a658f86d163626f830316c4e61bf
51730,9e74cf5a8e69a61634df24c85e29732bf4bcd2ad4a23b4e9087b115c60a87b5f,false,92cb8c0b212ee129664dbd2b754346b6b4d1598acb9a8a222b059391de1d459a
51730,9ea709891d560eb768ea33259fd721b5f39335d2d7cedf3f7690b1b0a4454a5f,false,03a54262d4b7a1a1e39055c672377615405d449d07d4f592d6ece2772071f769
51730,9f21155e1c3914e15f5fb55cc08b268cc39bf27ac518991060d610db1a62cdb7,false,c7da0ba834cf50043b32175dbee4f10011c151a878c9356b68055c326797e1a7
51730,a0caedcfed07bb1540d1b8a6b28888710f68ea6c3fb1921ce7845518a17b7feb,false,4c934017b952c16f0cfa9b9dc942faa8549716c1ee85983bd7dff86828c75bef
51730,a3a6c8daa365432cf5eb856010e7a4aba85caec27ca7855ec31cd68466b86a73,false,4ae953b0b0354a2b0609bc2f742d110203b19c86fc1875de5b48b470aedd5012
51730,a4309ba020fdad689fdac5b93ca662124138502ba0ef58e6165ff0e58bbc3153,false,7be9d91deb461b074a3fd1c1cefdc818d90aefc44ad301ad7fb658e739eb530a
51730,a5314146dd4f8323cfa75adb9917750a7a086d3c3431c8d9d02ed74775afbf68,false,84a2f519b14b8c894e9d0fa8824cd2dd05d37c8128721df59b69dbe6fad6d7bb
51730,a730839b846149bc6625aa14a025593167d1d456a36578b82c4d3d0dcaf00fd4,false,6f6f70a31ef3544ffbca8780c2ae2285c33fd70bd2ce6154d2b4f93d4ee88058
51730,ab6d6bda4e55471549aa34576560916fa1f3c9c33d0545d778bf5d9621209d85,false,8584805ca17855d068d48b0fc8fa066423d6dc7e41e0d0993708746ef0ab08f0
51730,b0771e69aaf1eb2f46badc79d33d1879f980898e824fd9fdbba3d058601f01f0,false,1ca6a41fb656cd8e903f3b4dd2b6158ea2c5c12f572c5c325fb60ccc4eedb1c4
51730,b17f86bd2019c061dad9821b4a15a32af77dcb1a68d71f49ac72ac67c9cf1d6c,false,2a63eedec9626bcca1e7dbf98188010455c56ce00b1350dd92d3803ff4b20a25
51730,b418fab1ae499353a0e9a3fb1d26f011c50c2b694db130b83ba305ee880943a1,false,8b0b42d71081bcdae666f6c1f440d3d42a7d166c646420767daaa06fb2113b9b
51730,b9d49e6f677f3ca7a0d267c2c6e9ffe8ae75ad1e63942fd21739b32700492d5c,false,9ea709891d560eb768ea33259fd721b5f39335d2d7cedf3f7690b1b0a4454a5f
51730,bb8067fa4c1151c60e21fed4f5e4db5b68a896d02a5de1c10aa99def2e0def8b,false,6aaf68511d962558d35823dd7b887602d4a4acd9ec3a9b96b6e4a5ab68db0bda
51730,bc38699dad81b73424846511136b5d45d7cd676ff5793e7c8ac8ac16fe4c17ca,false,0a540de83a0f8e6dc39fe3a55074eae32e433e643d194b36b872f740c9601ea4
51730,bf13b0ad7e4ce5cb3243135d9dde6b1cf93ea6fa55da533eaf20e3adb8d68b81,false,da9f6cb452dcf03c74737a22b17868c48e61c7d6bb2dd3b7d514adc032076313
51730,bf34a93d995e708f801a1b99e3ad5ffea338a0a8a5d98143b2df60b58d85848b,false,57a5169722a4b9c75df0199d13aed502884ecc8d7f8d74c583bd7c74be40bcdc
51730,c22f764ad2d95709e186352526458c30815eb3487eaf5fa0aa8640beca15ead2,false,37a603b93a3f514c0930c6ab9f6ac4c62d30e46df49924d8cdc57193f6796203
51730,c4c5d18c228120d15e053afbdbc2b7f86acc54b3cdc05a39e62166a1d9f7cc4f,false,5719c8d2d4e24b3a37e68952809f7febad8650f6cfa2a6d04b153ff29388c433
51730,c6cbea1e0c73f3c440d3a56cd63f706d5a69cc48cbca1e758333e48b6409cc0d,false,ed2c0b3bda4ead3c2be2fff223132febd33a7ed9b59abde20584728de5c7c7cc
51730,c7da0ba834cf50043b32175dbee4f10011c151a878c9356b68055c326797e1a7,false,dea877ce75888f21bf3f5a625dd92ed10870293c1739f2097aba5baf2004bb3a
51730,c9a26a2e065e7b667e4e1b8c2df8feebae709069c64ef90656fdf560b1cc70fe,false,72b73affa32ee5f8f3ccf988a51b438252a511d05cc4be4b975a5c86f92c8051
51730,cb1a5d8ae79cf03fec67af3a4c1fdd3827ff0a4e969e75eceee5d8ac382249ba,false,748431f5844724ce9c0580f56f76aefd9ce326a4792634fd54332c16d5ab85d9
51730,cb929622fbb6bfd9e211846da0ec68c4091ac89d54ebd3921682f94d569dd97f,false,bf13b0ad7e4ce5cb3243135d9dde6b1cf93ea6fa55da533eaf20e3adb8d68b81
51730,cc413e22e1868ba4612e55abf59878e03faae9217d6ac76e5bd2b03e3b7573ab,false,8525d19438671dc387c5d0ba5ea6082418d86d6c1ee1555eed8d62f970c86529
51730,da919337d4896ce3c5f0c9b5d830f3834e92653a34ff56615932d0529e5ae6d9,false,1389366855390c04729937f4b647ec36e3eb202ddbb14ce95a8cc2e755c7fb61
51730,da9f6cb452dcf03c74737a22b17868c48e61c7d6bb2dd3b7d514adc032076313,false,97574b92b4da4b3b56f098d03da6699900d38d9beea3536415b43da9fa046b3a
51730,dcffc70248ff606ed859f5192e9ac7d1f83e01ae8f27a6b0c4e06e60f2bc5ede,false,17428929c8c8e8af330ac7a3e81234965076ac9625ffcf5135b7c974acdc1086
51730,dea877ce75888f21bf3f5a625dd92ed10870293c1739f2097aba5baf2004bb3a,false,48367ebccf38c7828f64ced6ff504b66221220e6e32053c6715f53cb5e1375e5
51730,e00f1aff96d5e8daade8e3abb136034a04ce76824d7ef1fe9d25d5635e6b5694,false,f1c1fa2420aebbb7dd70ca92d304aada2985e29292ed4d5f4f4dab5d14f39200
51730,e1cb6fd18f685b862944e141e0273395ad9dfd51dfbc034177f838e4394a2e59,false,282c3e911e0e1d3434ee79d387820f028aa192d124c1141441990da12b57da60
51730,e5596324411fabd2b474df2a3e8c7a7a53a11009656ef6c5585107d763715e2b,false,7a3a3a7253782ec5d286ac7b5f370d146a1378444d6e51ed256d482e28b29634
51730,e63658c6a48eae7aa3f8b9c13b4274d9d6f983344f495180800f6aaf03e575f3,false,ab6d6bda4e55471549aa34576560916fa1f3c9c33d0545d778bf5d9621209d85
51730,e93eb95c24588ece314dbd33e9e4cea12a012cb7dd55911f145d9d0fe9e27334,false,cfb45845bc3babb9c8a1327d0c403916237994723488f639390d4e1f714b9805
51730,e9479be0bc75f883ecaabc05a0d7045d0aae7e889f77981b0b2567f203a0695f,false,96ecf0a8b2389bab5d18315fcb079dc7c202ec0c843e88ef88fedd60c30596a9
51730,ed2c0b3bda4ead3c2be2fff223132febd33a7ed9b59abde20584728de5c7c7cc,false,1ed6eff2561b0acd2c914ad00ee9dfefa5d8eecd27b993a7cf905554165a87fd
51730,ee4e22d38f155eb6506623d670ae36a2af3db9d38eb300a29a0fd52b3a7ac22d,false,02f09fe00d8780c19060ee7fbd14594459883c200c262f43719ac5eef3ff686f
51730,f1c1fa2420aebbb7dd70ca92d304aada2985e29292ed4d5f4f4dab5d14f39200,false,a5314146dd4f8323cfa75adb9917750a7a086d3c3431c8d9d02ed74775afbf68
51730,f76bc2ad696f9861926f8d93a1a7fcb1ae4f98dfac350ee25f52a7793d4aa17e,false,a3a6c8daa365432cf5eb856010e7a4aba85caec27ca7855ec31cd68466b86a73
51730,fb66516e51fcd183797f483204d2bf7f6631c15a5b64c5d532fc6930c5ba53f5,false,0772ecc4769c0f5d38b7b7b3eed1e13e5aa04c386419e010d55140d0d69d9047
51730,fc595c7d64254e3a3f9478f1bf3699fbc5029f570e698f297c6f8e438d3be05b,false,18229c6b7bde376fdfb754db444340a12c13ebf76dff7523104e430bf35350e5
51730,fe8168727c879b87c8ce2d44264c1a3df02273f1c71249ea7beeac8ba28bae7b,false,82e2ca47f77910707b7f92d901e5f6c46bf9d051ff78feaf390cbdc943ba94c6
51731,0296d22cdb894b6db942f241a8729b29e4ab35326aef0440ae94c221485517aa,false,a40bed6709b282346e3ba14c4c54f8b2e2196c17cc68d793a36178cdbb60693a
51731,0668691e756d4a9c6c6516ed4dc07ebedd5061ee0f742f9176607839275b44ce,false,0296d22cdb894b6db942f241a8729b29e4ab35326aef0440ae94c221485517aa
51731,09551a476b89657c1ef3368f4306d6d6e277bb518fa4a36f0cf4be0508d2dab6,true,
51731,0a05e0b4338d5c0246316c12a936304047e481a0a3e0886c0ba74680c6b89286,false,df9e885a7f029d41b3fc2e38b3ac0fa58f45263858c8f896b9f9586b1586681a
51731,0a64f85eb7b5cfb610734f122851b943e91eebf699e2d60b3855650653bb99fe,false,2442f904c1948c213ea68021d2c46c3ad5fc5ece8ace92665115d2b53c8b9080
51731,0d612b81bcff22606283a318e75dc4e6add34cc0dafa030e5c183e05b3049e7d,false,26444104d4f5d23ada05d19dc4f419b5d3e44044f673a27bacef4688b151e34a
51731,0e5970aea2ece3e578748c92cd23747ba263c9c03afb2e29f30fc8e0ee824005,false,e0b2103d21177307c0693609282615c6b3368cc1cfeba45685be9424921e235c
51731,0f2fb5bed43acd01977dbf5210d79942abda4c70155e6593d4bce084514a3b55,false,0fc97d1ebd5af4814da78ada0d7b0b5a6f39e687706c21cfaad5a3bfe39bf0d2
51731,0fc97d1ebd5af4814da78ada0d7b0b5a6f39e687706c21cfaad5a3bfe39bf0d2,false,f5d99314b892c297cb749d4694c78d688858802d207662f8f8caf1dd6f02a7cc
51731,18fd922b0ed3e3bfe818ae5b39cbaac2fb0ce44b8e2129bc090d420a6c6d80d1,false,bb6619eec48119c69625171742d972d28c979efe45fc7b01e73c9a1fb1e68e58
51731,1f68addd6d6a6b7fb148dcc81114380494739bb7c54ec47e0fcb04f2878270f5,false,71dca2228b709352bf9520cd0510f7b033057a421adf09ab487d81c95b4d3a94
51731,1fb609094867ecadb0438b7bff7f0df7ce3bf2731fbc7edaa63b4c0e23407819,false,49f2f2598adc6811b0b2ba7bd32434482e196a737ce69dd9aa4e880c596a96ba
51731,2442f904c1948c213ea68021d2c46c3ad5fc5ece8ace92665115d2b53c8b9080,false,3b40ca177305bd9179750a12c2c53fc7fd3d9b4dee9c457900ce0d8806729223
51731,26444104d4f5d23ada05d19dc4f419b5d3e44044f673a27bacef4688b151e34a,false,eefe00e3b610f2c8842c67660bffdab704faf44a0f2f280e04401c6e1403520a
51731,2ce5821ea94f9110f47dfe940ad831977b512d148106cd1ecffabbf8f89e831f,false,0e82a9b557ef44cb7140354cc7027f21e38d9e6211c04206faa6b87e0144ee3c
51731,3132ea2cc6ecfc5d4a653329720129fb4ad0e1a4824963617bed6651afd07d93,false,e12cc7bb19163adf86ef4999ea09a784f3b411b4a9a90d63505a1e54958eff3c
51731,34ceab7478849d7c7c9f23c7d43ce7f4eeca5f9e57ffeadb7fc2066681520f7a,false,d19fd2faccf8a45970ba614ecc07b5a5c5c347e83c792435c845b16e2eb14bcd
51731,383eeb8dc7abab579f28bc0f89ad02453d602733c1e3c96c34bdd678a81ad939,false,0a05e0b4338d5c0246316c12a936304047e481a0a3e0886c0ba74680c6b89286
51731,3b40ca177305bd9179750a12c2c53fc7fd3d9b4dee9c457900ce0d8806729223,false,97596a92d92d430d3ab56fd8ece1d427f50f384f225df54ad61aada6c52d21c1
51731,3d4cd885b73ca12da5cc4569038511dfcac462cb8b2b531601b8b8db197f5d5d,false,4fecbfd5f1f338a913fe9f5b8de896a585a30d311977619312d325d7f8836e21
51731,3e00447b049116d656606389738aaaa157f8d6bb56a48269ad016ace1167f45e,false,0f2fb5bed43acd01977dbf5210d79942abda4c70155e6593d4bce084514a3b55
51731,3edef75da485c1fc1bc760c083661b6b2abb49faaee02c019a1f975a0faedaef,false,bdc00c1b7232a3d131553a4dffbbbfdbf9fe32daecb2f78d8d0b9ea41581025f
51731,407980c2b23fbb5ba1e6a839dc49c088eeaae58434e6559b66163eb5056f5bf7,false,c1714de69d5f0ebab0a6d0935d85373234380021709ecacef3e645282149697d
51731,49f2f2598adc6811b0b2ba7bd32434482e196a737ce69dd9aa4e880c596a96ba,false,7553f34fff16e84536b437916c1cf3a6892588562cbf38b8fee7291576747659
51731,4a38e1c5d777168fc69f29736fed3d6d8691e699b30d8e33154718ed397e1bb3,false,383eeb8dc7abab579f28bc0f89ad02453d602733c1e3c96c34bdd678a81ad939
51731,4b1aa0618f9d0b825f31de015f95e2434797ed44524ad20dec37aef30bbe225b,false,c76687c1c539207caa8a45ed0c002b7fec9f669c519625eef89f81eb08518212
51731,4cc36bad707021de3cfe8c110992232b4babef6a4e0ed82b9cc27cfdc2a25979,false,615e3d4fda45f159836b62c437502c9e7b6130f66cfdb63c61260dd371dc2f9d
51731,4fecbfd5f1f338a913fe9f5b8de896a585a30d311977619312d325d7f8836e21,false,407980c2b23fbb5ba1e6a839dc49c088eeaae58434e6559b66163eb5056f5bf7
51731,5216c035891ca86f9db976b35fa4f890544b48708f45d982c08852c5a877537d,false,b1c1eadda289acd80b91d30cd56bb705c3214e01b063767a28874c5ff0fea605
51731,524e79ef6cd08ea845df09a064184312ff27d5b9989291e3029b2190ff0e6315,false,0668691e756d4a9c6c6516ed4dc07ebedd5061ee0f742f9176607839275b44ce
51731,57777891c04b467325a48e64552c5b4ec798dda5594a7d994b79d7ed4dbf8916,false,cfac061d395793f2667697e8340f4b0bce46b71e7a7c9ee5c2f887f5d4bf9c0d
51731,57e68e7f0b842c169fa262965847e4dc1fbed75730a63176a2e8e99f6a2381f1,false,c3decbc16062de16f613859aad734b450ab5841eea1fd9b7fee5aa7491bf8af6
51731,615e3d4fda45f159836b62c437502c9e7b6130f66cfdb63c61260dd371dc2f9d,false,a9bae7afacb39b6a6daac48463901d34df8d1d27c1f832723cdf7e0b482d70a8
51731,63b1e514c4aca9ff2b4f60faa15c8e76e869b56736988b34c769b8b2fd9b23c3,false,c91c48c696131c5f98b1314727f2f0d1b733c6851b78de8745c67f9a37f866f4
51731,64efcc27fce0236512a58c69c36039a066de915c5d7f7723fbfabdbd70329b7d,false,675ee5f7b44ca9dbaa8e09190afc470f2082aedfbc7a9de19a540f2b2c3dee55
51731,654793645f14469d31fe7dc9e4f0ba677227dd6ceedbc419f91126364f6151c5,false,7dcb32bb744c4d9670f15fe56e7deb64c47e6c019c4a7f51c8669596266f022f
51731,675ee5f7b44ca9dbaa8e09190afc470f2082aedfbc7a9de19a540f2b2c3dee55,false,34ceab7478849d7c7c9f23c7d43ce7f4eeca5f9e57ffeadb7fc2066681520f7a
51731,68b2560cbd948fe1f86c91668d6d005f05741d48041b9faf4c9fc5e2c0d6039d,false,f24c27f05b16c6e32e752bdbf398ae7ef2833e8f267681ff49f06b81c343aa6a
51731,6c2a28478f96dc2e0366700c6e4e6db064eae12e13678d135385db1da06bb565,false,18fd922b0ed3e3bfe818ae5b39cbaac2fb0ce44b8e2129bc090d420a6c6d80d1
51731,6e075a6e29e4b3495800b19f89866ab36786eb82af8c3bba25b776bcc3226d8a,false,a23eee3293207d87637d7b0ebad9df71463b5ea7064e953e1b94004f40a4c0c1
51731,71dca2228b709352bf9520cd0510f7b033057a421adf09ab487d81c95b4d3a94,false,64efcc27fce0236512a58c69c36039a066de915c5d7f7723fbfabdbd70329b7d
51731,72ecddfabb099cd4d4fd5b22e4bad3adb10d78b99dd59f5ba6c19bb29b53c82a,false,752f93db5c7e8ed633dd693c311b21280c64c24f07f55e5b2ba9bc3afc88321e
51731,736873361c3f38287c27728f6987842a41ca2646e6fb99db96c9461dc08dd205,false,c7113329c2d73a31c294698e53a1fabd9bd33449325852bd03995b0334b4b499
51731,752f93db5c7e8ed633dd693c311b21280c64c24f07f55e5b2ba9bc3afc88321e,false,b5aba776d8a1ca7bc3a71bc1647c752eab177d1c2bda40950f47c9ba22107cb2
51731,7553f34fff16e84536b437916c1cf3a6892588562cbf38b8fee7291576747659,false,654793645f14469d31fe7dc9e4f0ba677227dd6ceedbc419f91126364f6151c5
51731,7559d8150550165f4661eb508419c8df1ef9075fea706c51133d3175b1bc919c,false,4a38e1c5d777168fc69f29736fed3d6d8691e699b30d8e33154718ed397e1bb3
51731,7dcaa89f35276fcbcd005f131f92d1c174af09ff4ce09c3dfc167e5fffb0cef8,false,2ce5821ea94f9110f47dfe940ad831977b512d148106cd1ecffabbf8f89e831f
51731,7dcb32bb744c4d9670f15fe56e7deb64c47e6c019c4a7f51c8669596266f022f,false,3132ea2cc6ecfc5d4a653329720129fb4ad0e1a4824963617bed6651afd07d93
51731,85d32e6a27d1486f8e011ce203b113dc11f7a678673d2554e117207777064a03,false,6c2a28478f96dc2e0366700c6e4e6db064eae12e13678d135385db1da06bb565
51731,8c13e9f69edbb571c7ee46c19895e7cc63bfb0c1368fc1f99f950b3a04855374,false,cbea7865e9c54fa26f0787bff2452fb188de76b47c4c875ac2a5078d7ac52f33
51731,8d4b5711ca6b20306abc11fb6f2abae2b5b4478c7c1076761752a9b1032a9bc0,false,1f68addd6d6a6b7fb148dcc81114380494739bb7c54ec47e0fcb04f2878270f5
51731,8f2ed9d0369bbc6ecf8478e2901e93ef42a81b5696557fae3d709f8483372273,false,57e68e7f0b842c169fa262965847e4dc1fbed75730a63176a2e8e99f6a2381f1
51731,94f6bb90badc53eb058cd106df37466aa7815d0ffee4abd6c9c25f57205cdc31,false,d66dad07727e07a0282b8bca33b89b1042b2c99613a72ce2c35f1384961c6496
51731,97596a92d92d430d3ab56fd8ece1d427f50f384f225df54ad61aada6c52d21c1,false,3e00447b049116d656606389738aaaa157f8d6bb56a48269ad016ace1167f45e
51731,9855becb7028f5147d29369a4f1ee2c9730b97e8be5fb941616fd581ed312114,false,7dcaa89f35276fcbcd005f131f92d1c174af09ff4ce09c3dfc167e5fffb0cef8
51731,a23eee3293207d87637d7b0ebad9df71463b5ea7064e953e1b94004f40a4c0c1,false,8c13e9f69edbb571c7ee46c19895e7cc63bfb0c1368fc1f99f950b3a04855374
51731,a40bed6709b282346e3ba14c4c54f8b2e2196c17cc68d793a36178cdbb60693a,false,3edef75da485c1fc1bc760c083661b6b2abb49faaee02c019a1f975a0faedaef
51731,a9bae7afacb39b6a6daac48463901d34df8d1d27c1f832723cdf7e0b482d70a8,false,736873361c3f38287c27728f6987842a41ca2646e6fb99db96c9461dc08dd205
51731,aea03ec380aa7ee208b0a0bdc63ac7dabebb309f4cac53947b062fcacfc880e3,false,0a64f85eb7b5cfb610734f122851b943e91eebf699e2d60b3855650653bb99fe
51731,b0cd6f8a224015909a71d8be389ac17f89018cbe5131a22f6613a48e7185c6c6,false,bea630a09aba06756b1aa45403f5ac94225816d63dbacae08bfad0e3e9da6b4a
51731,b1c1eadda289acd80b91d30cd56bb705c3214e01b063767a28874c5ff0fea605,false,0d612b81bcff22606283a318e75dc4e6add34cc0dafa030e5c183e05b3049e7d
51731,b5aba776d8a1ca7bc3a71bc1647c752eab177d1c2bda40950f47c9ba22107cb2,false,e38454d80a7aa0269667be858fc213de5d3f3076526b0c9ed8acf1c67bc17212
51731,bb6619eec48119c69625171742d972d28c979efe45fc7b01e73c9a1fb1e68e58,false,aea03ec380aa7ee208b0a0bdc63ac7dabebb309f4cac53947b062fcacfc880e3
51731,bcd5c8f34bee383db207b98df8abd0db328a25ebd8757b23d4391ebb82aa7075,false,72ecddfabb099cd4d4fd5b22e4bad3adb10d78b99dd59f5ba6c19bb29b53c82a
51731,bdc00c1b7232a3d131553a4dffbbbfdbf9fe32daecb2f78d8d0b9ea41581025f,false,d713826a8b7991a10b3b08ec4233259de36942dffb6041939b174618c4c36fec
51731,bea630a09aba06756b1aa45403f5ac94225816d63dbacae08bfad0e3e9da6b4a,false,7559d8150550165f4661eb508419c8df1ef9075fea706c51133d3175b1bc919c
51731,c1714de69d5f0ebab0a6d0935d85373234380021709ecacef3e645282149697d,false,d1389d4617bb61713a30fc8fecc3ece01da1582a383f1e06b5e597f1440594ce
51731,c3decbc16062de16f613859aad734b450ab5841eea1fd9b7fee5aa7491bf8af6,false,68b2560cbd948fe1f86c91668d6d005f05741d48041b9faf4c9fc5e2c0d6039d
51731,c64e94f4a6e3788d90eca1ff98f1270c2e0b891f90df211770e41163ebca113b,false,9855becb7028f5147d29369a4f1ee2c9730b97e8be5fb941616fd581ed312114
51731,c7113329c2d73a31c294698e53a1fabd9bd33449325852bd03995b0334b4b499,false,5216c035891ca86f9db976b35fa4f890544b48708f45d982c08852c5a877537d
51731,c76687c1c539207caa8a45ed0c002b7fec9f669c519625eef89f81eb08518212,false,bcd5c8f34bee383db207b98df8abd0db328a25ebd8757b23d4391ebb82aa7075
51731,c91c48c696131c5f98b1314727f2f0d1b733c6851b78de8745c67f9a37f866f4,false,e44738912202e9b2e7a40394e97129c6c14703113d076497b71235c064da0d2b
51731,cbea7865e9c54fa26f0787bff2452fb188de76b47c4c875ac2a5078d7ac52f33,false,1fb609094867ecadb0438b7bff7f0df7ce3bf2731fbc7edaa63b4c0e23407819
51731,cfac061d395793f2667697e8340f4b0bce46b71e7a7c9ee5c2f887f5d4bf9c0d,false,0e5970aea2ece3e578748c92cd23747ba263c9c03afb2e29f30fc8e0ee824005
51731,d1389d4617bb61713a30fc8fecc3ece01da1582a383f1e06b5e597f1440594ce,false,8d4b5711ca6b20306abc11fb6f2abae2b5b4478c7c1076761752a9b1032a9bc0
51731,d19fd2faccf8a45970ba614ecc07b5a5c5c347e83c792435c845b16e2eb14bcd,false,c64e94f4a6e3788d90eca1ff98f1270c2e0b891f90df211770e41163ebca113b
51731,d66dad07727e07a0282b8bca33b89b1042b2c99613a72ce2c35f1384961c6496,false,8f2ed9d0369bbc6ecf8478e2901e93ef42a81b5696557fae3d709f8483372273
51731,d713826a8b7991a10b3b08ec4233259de36942dffb6041939b174618c4c36fec,false,b0cd6f8a224015909a71d8be389ac17f89018cbe5131a22f6613a48e7185c6c6
51731,df9e885a7f029d41b3fc2e38b3ac0fa58f45263858c8f896b9f9586b1586681a,false,e53065ebe0b59f87bf5ed2c5c76fceaa6c6bdef20399532963c62e1de75356a9
51731,e0b2103d21177307c0693609282615c6b3368cc1cfeba45685be9424921e235c,false,85d32e6a27d1486f8e011ce203b113dc11f7a678673d2554e117207777064a03
51731,e12cc7bb19163adf86ef4999ea09a784f3b411b4a9a90d63505a1e54958eff3c,false,4b1aa0618f9d0b825f31de015f95e2434797ed44524ad20dec37aef30bbe225b
51731,e38454d80a7aa0269667be858fc213de5d3f3076526b0c9ed8acf1c67bc17212,false,94f6bb90badc53eb058cd106df37466aa7815d0ffee4abd6c9c25f57205cdc31
51731,e44738912202e9b2e7a40394e97129c6c14703113d076497b71235c064da0d2b,false,3d4cd885b73ca12da5cc4569038511dfcac462cb8b2b531601b8b8db197f5d5d
51731,e53065ebe0b59f87bf5ed2c5c76fceaa6c6bdef20399532963c62e1de75356a9,false,63b1e514c4aca9ff2b4f60faa15c8e76e869b56736988b34c769b8b2fd9b23c3
51731,eefe00e3b610f2c8842c67660bffdab704faf44a0f2f280e04401c6e1403520a,false,57777891c04b467325a48e64552c5b4ec798dda5594a7d994b79d7ed4dbf8916
51731,f24c27f05b16c6e32e752bdbf398ae7ef2833e8f267681ff49f06b81c343aa6a,false,4cc36bad707021de3cfe8c110992232b4babef6a4e0ed82b9cc27cfdc2a25979
51731,f5d99314b892c297cb749d4694c78d688858802d207662f8f8caf1dd6f02a7cc,false,524e79ef6cd08ea845df09a064184312ff27d5b9989291e3029b2190ff0e6315
51731,fb0fbda942c829ff945937a37f1bfc9c9aa5618d09186a6cfef2354bcf8eba25,false,6e075a6e29e4b3495800b19f89866ab36786eb82af8c3bba25b776bcc3226d8a
51732,817065409797aaae41460db18e9c4828bf754c866c6aab77e1049e541fbc3f2d,false,dd8bdd8e25d1488220650d4a3062978abd9306d762c7ae21da1f3290159b20a1
51732,dd8bdd8e25d1488220650d4a3062978abd9306d762c7ae21da1f3290159b20a1,false,fb0fbda942c829ff945937a37f1bfc9c9aa5618d09186a6cfef2354bcf8eba25
51732,fc15183e8271ede9b539860a7f85f39aa1735d1ab3f7fd5317a7e5ea525b76a7,true,
51733,09d85b135112392a2905d52927f3570126fb9b9ae9e3e60a0e3c6fa2b109f5d5,false,5b7fa9487a65514ee5635e5b908c3608dcdd89e2fa8bba8859171ff62ab3fafe
51733,1f9feb52e5888ac182c5589650c8bee1c4cecb42d90fba7fa48e323f0a0f46ed,false,38e2b4015dc6934b619ef8bb4ebf6d2ccdfc3b5f88e768213b713d3fbaba94e1
51733,20c6ba8b8ab3425833baa972761f008bf7811d6d8552f1a1bc6a0b15b11d3c16,false,f628251c3a391389a0897b6e6b5ab5f39547527784d737a35d0735096089a142
51733,3141791ec22260261209571239199781d7eaaf76cf15a76927eb98c52924206e,true,
51733,38e2b4015dc6934b619ef8bb4ebf6d2ccdfc3b5f88e768213b713d3fbaba94e1,false,817065409797aaae41460db18e9c4828bf754c866c6aab77e1049e541fbc3f2d
51733,420ab7a2b45604e082e866f726cc621a3977473d02a9e9473e803d2c528b646d,false,c34afcc6c83d9e891a92c005ae504876480a4783cd34510ea99a8ca1c07fe684
51733,5119f2e7044a752dd7a6abeb2b521f2a1481dc387b7cf960c6142a5f4a3e9e43,false,be0b4cfb78b08767ff4bd743258f3db0756deb47bd5e92382102fee2cd3fc9b0
51733,5b7fa9487a65514ee5635e5b908c3608dcdd89e2fa8bba8859171ff62ab3fafe,false,da8b0dbf1cce0580af8323fb07798317dc7d8dae1e656189cb0cf125893e6d3a
51733,6aba2b99d02fa202dbf967f3d69e776f954f10892dc0f1ab7fc4172d4b19fd6c,false,20c6ba8b8ab3425833baa972761f008bf7811d6d8552f1a1bc6a0b15b11d3c16
51733,7a66ca8a2df149c62ba3faee3125d472c35914686d5539f3e1601e3c1acc0794,false,5119f2e7044a752dd7a6abeb2b521f2a1481dc387b7cf960c6142a5f4a3e9e43
51733,964d3fa4364f180cb203662f4b681d25b4a1233e000fb191f07214ab7786ca55,false,f86a8a237cd3eed8267dee1b6c8f0773edca17a9a3280d05bd6b2c712aadfba5
51733,b8d9deb8451b263248b802926943920c765d78c1321df86e08412cb2edf040cd,false,7a66ca8a2df149c62ba3faee3125d472c35914686d5539f3e1601e3c1acc0794
51733,be0b4cfb78b08767ff4bd743258f3db0756deb47bd5e92382102fee2cd3fc9b0,false,c5f24bc2a2176dc4fc9793ee20f6e9ceadc7b4066d055a8e28b3c54bf27c9260
51733,c34afcc6c83d9e891a92c005ae504876480a4783cd34510ea99a8ca1c07fe684,false,b8d9deb8451b263248b802926943920c765d78c1321df86e08412cb2edf040cd
51733,c5f24bc2a2176dc4fc9793ee20f6e9ceadc7b4066d055a8e28b3c54bf27c9260,false,09d85b135112392a2905d52927f3570126fb9b9ae9e3e60a0e3c6fa2b109f5d5
51733,da8b0dbf1cce0580af8323fb07798317dc7d8dae1e656189cb0cf125893e6d3a,false,1f9feb52e5888ac182c5589650c8bee1c4cecb42d90fba7fa48e323f0a0f46ed
51733,e661dabeafa91a51cdd946ec5790ffe63468f36ab4c062e867d14fa0ef4d01cd,false,964d3fa4364f180cb203662f4b681d25b4a1233e000fb191f07214ab7786ca55
51733,f628251c3a391389a0897b6e6b5ab5f39547527784d737a35d0735096089a142,false,e661dabeafa91a51cdd946ec5790ffe63468f36ab4c062e867d14fa0ef4d01cd
51733,f86a8a237cd3eed8267dee1b6c8f0773edca17a9a3280d05bd6b2c712aadfba5,false,420ab7a2b45604e082e866f726cc621a3977473d02a9e9473e803d2c528b646d
51734,007a9da41b7b327bded88ce9d790f36721a4b67a5633af003b4ce7c1ff844bcf,false,68d5072ec3b734a1ccffb0be2d7217c64804110862eb638fbd5707f218d8ac4e
51734,02081cc0295695155659f11a25afca30c81c8f080079dcaf65263c1f49ca1494,false,0fac9c49307c065b9842c3465af1f4b7a33e8781ab909161cae7171a7d6ca7c3
51734,0211eb015d832defa04880163f5aee6a144684103cfd95c579635d4ccc71b962,false,2244cfccc6153c20879673c572ed40b37c1e16d6ebc5665175c7459ab7c5f16b
51734,0230af9db3a1e01bed7079cce6e68e80f74a664f73d49e50e17e94e943f55aab,false,d183aa2f6de04a2446d861c2e9bc53bdc4853b44454b167226a9b39e5f254822
51734,02eaa10636ab30efbb850a0205d86c575c51f0bb82a696cc65cc49e2826fd30a,false,ea8158a9fc87815fbfde43c075bba7621aec791c6946184d18b5f32c47cebcde
51734,02f49086b3674777a866b82d3d24315f1259f7cd72dd02d65a8d30d38c83a434,false,4518262254b0048851a3008b9902896eae0bb0d741f6ace0fa3304128d3171f2
51734,02f92e9a7e96cd8cea8ccf9c03c4b9c80297cfe5a54bd7d6aefa5d0b016a7e95,false,b974937d3d41ac67d61325d695fb232592da0b58cc9e821db3a223bde84de8a8
51734,0398e181e938afd2738390c8761dabab84d9ed5330d2d7ef3acd8d4a075c3701,false,150947c49c71ccafe3604c353cc793c9359d8e8f7af3221f1888129b0474c9cf
51734,04a87e614552dd996a650179aadf0123541fd33044527e3a7d7661c128f02ab7,false,5eb3da5742406be5be36e32e7507d8797c427e459b39d6c1b44441ba53152483
51734,04e4b1f862966586140b3c90ecb50953bb603e16d883292d6b7958e483395d81,false,5b6398fd0adbfa0ac82c4b1a28f2b2b5e6524a5d38eb64eb2c3d058f16dd0e96
51734,05c8cf4f5d8178e3fee0a6121e74e679c021f7ca24c0ce61567bf0929a8b1f4d,false,f58c6f9b2d677366ae74ac759bb8e999f123d90ee596d63d84e9f7bfd1e575d7
51734,05eff9ee186882fc25d768d07400db65ddfe3738dcc4e72997941c619a317b0f,false,952f6a58464a435fd2385251ecce0e36ec0d7fa6c7e824bda57df3e4279160f3
51734,079eff5ce8fb5f46d5c184e9e6c854cccee6fa662f51c3ece32b8b950dda36c6,false,8cf8abb2d47282e36627eb48c0567174d26508a1eb129edaa897c2bd7ffa6d55
51734,07fce8f4bba99c9a757b8dc4106dcad934f1972ca04114429a6e8bd0f55d8fb5,false,e8e22182652119288ae63d147df1d77becc6d3b525b03077769f93f8d7de2681
51734,08f4cb5874a2cf0c094f9e982adc2d694e38e71d170110fe44831999894ca151,false,f52e44e9588736ff055d2c23214208e5befb850ad1c0d7f5a2bce1fa886f46c8
51734,0926c3e3ec41f29311cbf5c41f41d37a601f77b2b41c274bd94811ec56c1f6e2,false,699cb537430c128564149e7feef09a46e8cd9adfa7fec92789af910815a04c8c
51734,09c87722d00a15a309d934c65159551f9458cadc88d7d896f0f63b1c349dd074,false,74874f75e7adff0e1bc7ec394a759c98b3f4e8e180b14153c7d6d4734d5448d1
51734,0a243b9ef497f5b5d2df4eceb62e6bf8fb019c775b35ca5897d29517876ddf60,false,44fdb6479942added0f19f39d57487e81de41063384c6069f718d4e40c913ca7
51734,0a6126f2e27cefd834d98a1b1e6fce9b25ca9ff1e082ac357e656f8890f4e568,false,2b152fc6a7ae6f224741d8d7f31cbca6ea475026b1d7289ffe17de87b06c634f
51734,0c446059335405724b3b3a64dafe0d91cf64c740feddb91502114b500f592830,false,b640d7192082de4218b2cab2c57365ba24c3117b03814994a1b0b62f3d8c983a
51734,0c493f04919cffa02873f7470a5e98825047188082a9fc16b325e12e884b04da,false,39fa5eeec4ea7ffc8c4089590bb96b6c09280684bd0f083cacf5b4a70b136f7a
51734,0ca605a4faa612029120f23db9dbed3b76bb5023d8a6c7e792064d75c74ddb36,false,65f4a8b720bcd3d0b7ff60a5df6536264958ad443c403a63bb7c91481395b629
51734,0d318a4d80bac69f640aea9aa05eddc1ebbeb81385fc9306b7ad85fa81b7fc70,false,60c9d32e7d8367772ef986f2a74af56a9f300cbb819204d6f13aaf45c198c529
51734,0d372935f10ab16c7d25eda27a5b9734f34caa706739baf5487e6a3fd720a731,false,30e8f4f132183bf08401544e681e12b56f558d8eabd5da7049a6046c67919149
51734,0dbe641a98068a1f1751fe15d1450147f8dc2d8beaa2877e16e793f921c9df1a,false,a3c4690ed77132112b4a3f74258294d125ab30a4bfef7ec910d6c3ad1ab228b1
51734,0e4b0791b49220377a4282caa8a8cca9524b716ae6f567ab84ffb26748bbd5aa,false,c81fd32573ffa49ab8161ae78f0d091764ae7b554dfaac9da6d6dcaa9ab400aa
51734,0fac9c49307c065b9842c3465af1f4b7a33e8781ab909161cae7171a7d6ca7c3,false,8dad692b334767bffba4eae6054ae5da970fe0ad9b67030cbbdb97279ce3dbf3
51734,0ffa3506c44979001bffe83e67d9aeb890ef04f0955c2ff332b68e10065cdd13,false,cafdd2fa59357a18f4ec04a51c2d51192c8be70effe17247901135a57d6ab964
51734,106f4801f096c52dd1382740417933cabc62c7540478b095f8e64fef3696e432,false,1a5a6ff3c569c518c10c20ccdf3d12498cae698b7d64bd34aed1282b6116d404
51734,1147c87953cc9db9b9e1abc0fb0185dfc09db47ba133db2f8330f7fe9a262ebb,false,77be2113223da590b3f800a4df71d5b6c36a832572a7956f1614a9444eb9c314
51734,12929aae6bd58a799e160c2c777a286ef9c28be7c5732166ae1097a8d1531990,false,e579cb8312b14eb9f91cc309b5773ae0130442697e3d0e2eedf2e7940fec6a13
51734,136bf1d4391d7e8eb8e3e267e4e49098d4d4fff41e5d345fd24e0bcb0a9bc67f,false,6c516104b132c5125da94bad688a467030a531e0b83972535fd5507d1004b67c
51734,14524805e14165ea273c0c5819bb063600bf6900b67590d6f197e8ab4fd36f3d,false,b43e5d12319096753e88d9122b3c0dd9bbfa2e1ce2163176acb2bae501e53452
51734,1498ba4baa3e211e498ff290d80cee5a378419faeaf0bfad4d5cab4a85c21377,false,1ffc65a1f70e295ad5e4f3e82aca8e2c6a19b4de5b1583540dca01925d2f59d0
51734,150947c49c71ccafe3604c353cc793c9359d8e8f7af3221f1888129b0474c9cf,false,02081cc0295695155659f11a25afca30c81c8f080079dcaf65263c1f49ca1494
51734,159fa5fc265f0c8ed5f10a5aa33191c93085d6c142b053ac3faa2ced468a224d,false,86ffe991ae37f25cd6d8e8e17eee889866c1ecd7ad71dfe33a89c1cad8f1ca7b
51734,15e2cdc61de3d9ed643fbe647a3dc1d028fbcd6aa8b4cf3a318041979931a336,false,e06d53e025e73c21d055c90a39305a9acd01902745910b21c3e83c6055693633
51734,1644746d7ec5e085e7cec0f71815231bc7e5b1e5d2ab35123e97eaed74604862,false,caaf0b58222fc5da579f4a258b3a6d43c8dda0c390d5b9575ebb07e9593319dd
51734,1760750f9816aa84abd0a42a7fb88cfe0579ada400f26777daf8c0dda698d1e2,false,d2c9abc5901a0f36403a212e736b299690a41940c4040078f47979b2bc7f8eb7
51734,17e683664006897fc70e4d36701086e3a7287789f01acdb33f49aaa1eaaa5afd,false,482d4930807f057bec35bdf7ce9844065ead791cc18bef0c796cd92a6edb22e1
51734,1817a71fe2050b81b847f69470d013bd8e13dd6e097dddadfa71ca3ea100e5e3,false,e86efa2fa0b5a2ee83bef3e67090d272e3d92bad3c2f15725fd0f38755bc635b
51734,18814a624052d6ad67ac46145705138c54706ec69a4aecdc54bf3251319c4d97,false,c5085cbb09f7efd96b15e1f322e800acc9000b27dfc14648736f9b3181b23e21
51734,188ace87642baf5dc1019114460f020d1209a2763034752a441a87a2e4a20e19,false,78d027bb148ca8366122245459f01cac01e0ff25368d7383a487c8933b7669e2
51734,1a5a6ff3c569c518c10c20ccdf3d12498cae698b7d64bd34aed1282b6116d404,false,db23312c515186af2d60bf251bf5466cc73de2275bc75f64c8184dfa43521fa4
51734,1b78801c9c1092b2a4948c2dc6ab17b0afe6feeaf8d0419e5f4050f104c7c85a,false,e584d22b54dfc4766a0f776c8c83933e3cfda33765ca568dd2af25f437311856
51734,1c2008f7de83982ded3630a067565853747822fbe8cb189d4fbd55813e5a5196,false,438fa2b1550d12f9e9d72ee205a60dc59b5c05ddb9b1c7e63e7330e493d4d126
51734,1c732eb8480099014777222c36e2b083535c8eae5bcd4a6a00e844f149258bf8,false,c7090bd68ea1d2e04fb782e860dc22a2f14760a2487864f57f727d5f26995ed5
51734,1d838a2ba0e6b99bca514715f725083c95e9d39d2740096e86b988a6b960fb2d,false,9a612421315929c535d4532e75ea750affa0d8bb7c015f7f49d95abd31adcfe3
51734,1dc50b5c6afe3a41bc3a7993a69ec39fcbe952f4e6a10f99c07aadcf496b0b85,false,ec65f882ccd2bb88e9e17272a9b2df79ae8723409a7bcd22bad2e4fc2f9d1876
51734,1df3ec4431e05e1f2dbddc519594ecf52c7578d08cd296c81a29c86d393abddd,false,ffae378cda63943d496872faabeb8aadb4077621538dc63c6076769ad1478c17
51734,1e1646aacc77cd453e6492932ba4c2a098e504b8cd86e4ea58532e47f527f212,false,0230af9db3a1e01bed7079cce6e68e80f74a664f73d49e50e17e94e943f55aab
51734,1e308392ffae496b7a5de29223063dce891fb72e3687dde36557c59f66f64f68,false,479de031974ca2120efee8723be8a94800a93a62f8812e34747d67c800a0a2cf
51734,1e7da54a75ca861553d98cad2f0a7c7d38da3a7d220c234b60b5b1f6bd7831fc,false,97019f61b755a48a77d4272cc7d9be308193d7bb060dfc1aa74740b1ab2737c6
51734,1eccbb2cbdaec75eee13d786b6fce8486b692784345b98d48360046027f604ca,false,8f4e4b0011550df26f822399c0b40285348e5cbd2038948f8775b9e0479b385a
51734,1ffc65a1f70e295ad5e4f3e82aca8e2c6a19b4de5b1583540dca01925d2f59d0,false,4c9a19016a326200faa851b0c18462d5fde27ae651735fb2c054ec3ca9504533
51734,205327f2281c9ebee8b229e9cbcb6522680d5f409d9ad6a269487b9e615c707e,false,8bd7fbea26bcc6a52d25f644b94a8a1001d8d478cd47ca54fc1cfea659087669
51734,2106e3b551fd1a14cd7ac9cc9e23f4b6b65ca9139264095c0c8d7372fe8cbcc9,false,f9553f1ca2ab36e810a05b620bc95ca8212222911d3a5a51071f4806bfce4da8
51734,2244cfccc6153c20879673c572ed40b37c1e16d6ebc5665175c7459ab7c5f16b,false,159fa5fc265f0c8ed5f10a5aa33191c93085d6c142b053ac3faa2ced468a224d
51734,22c7959263dc31a1c57b3c6cd4cff2cc6e6407d81ca669667d4e8f55be04b027,false,6e068580498dc9cb2df1de861aed3407cb5b24c97cba4e1b029e298167f21a58
51734,22e0145d08cac30c7e89e42fdee4932b83cf1d3eb71fca9d851f2836847786bb,false,2b9fc7ed357b2e5479c007cf697730df0a3940fd4e2ed9d806cccb501ce399fd
51734,2362aadfa3b32b932d47b22ee6990a1a80247984183f3adc3e0609557edde018,false,8fb543b2a58eec323d0041a0fa221605687939206859277fcd0b279fb9411426
51734,241c686ecaf0b9dc9ae902562ecee850707f871779157c37f42f383755c405cc,false,de1ccde2e671eea1096b3c35c3e1f93612537f49b3adb625653c7d32e92f0e5c
51734,242be33191e57f4afd28e74086d2c46c06065d51b2abb8f357dfb98579f4d7ae,false,e21fcfcfba89f7e12c2c95da35b50152583b0c311df742efd190de54aa1607e1
51734,251c1d993d40695970fdbf00b4063aa3b95ab48fe3b5ba4946afbf10d9b0ce3a,false,5f5e4713d16e1bd4de47f5f50999503f9284d6168d5040605703ae30498ed2a1
51734,25b47fe61fcfc06182cefd501501e9535c5cb6760daf942779569e144da51d73,false,c889304f23f4632d051e2a1a58d0037f872f80dc33a9863ba1397bb27d618ac5
51734,25cfdf143e6e9e03f5b92c061575e2f3011f4303fd08621269243cc73bb8f688,false,94d1bb701fb60311e188ebeba057e99b6b9e058668a0d09862cbf05349f7e0fb
51734,271ab0910121dadb7dbfe0db0d5680e9b48467736a2e8ce389fbe0f8db5838e4,false,1147c87953cc9db9b9e1abc0fb0185dfc09db47ba133db2f8330f7fe9a262ebb
51734,278615afa5d901520b73a468c8117d8115fd8f379c03ddcb3c4f1698a43d7d85,false,908981ea3f1da3b88aecbc86e9298dca4e9c59c659d053093b4cb0a522b86824
51734,278b7389193e29c871adcc85052edf3f6fc54a51f3f161dfbcbe79831189655b,false,9d2621c573696ff70711714764a7057db2b890e7661d8c74ea2b15a843902496
51734,289a522f7683e11d495cdc03dcbaedd8bc5b9a2e7e456936f56440580eed31b9,false,007a9da41b7b327bded88ce9d790f36721a4b67a5633af003b4ce7c1ff844bcf
51734,29342b23db3b0f2404187254e82440121364010c25ca430b57be7074fe766ed0,false,9ef3b4b62f1c459f18579bc27bdcc34472e9eb0d3d64b8a001ba4d377f086660
51734,2a5b58ba26ec034bfe47ba2c586def5a77b71453d684d3cfdf3c620fd26ae329,false,2ca0decccec19f4e86021dfc56ae2c7581b3f8c16d4c42e252f35e7234de7b7b
51734,2a912d1c8126c5c5097b5b5dd70cef967f9b6c3e00a103fd72e4b7655c418382,false,1df3ec4431e05e1f2dbddc519594ecf52c7578d08cd296c81a29c86d393abddd
51734,2aa6934c8c5c8e988de9e216064bc650eaa0f780e318138aa85a889712b48b93,false,2d021f174418f7b40f3a0a9ce9dbcbbe3a57a9d9ccf345c09139f0bece68c234
51734,2b152fc6a7ae6f224741d8d7f31cbca6ea475026b1d7289ffe17de87b06c634f,false,f4ab4f3f7ccf6cbebbd8754146e8bb89662465c8a2297d7eeb0c37fec8aa05ae
51734,2b563953da6b9c7f6cedc0a24c44bb3585969abafbcec5427523bbe72009f1bc,false,f005437cede825dc708bf0d5091b7ec57e4e5571397ccc8683e79366776e05e9
51734,2b9fb8015e3ba15b3798b360638806c6bd4513b613b6f0e4db3e7d17a566fd57,false,cfb463a79f7032618103005a437c0c9d3c7ca770e90d40365105492b0c70f616
51734,2b9fc7ed357b2e5479c007cf697730df0a3940fd4e2ed9d806cccb501ce399fd,false,6f7d71e21bd23d2a48ac405653e889d811ac11ff37c8207a0d918b6aedd9135b
51734,2ca0decccec19f4e86021dfc56ae2c7581b3f8c16d4c42e252f35e7234de7b7b,false,1498ba4baa3e211e498ff290d80cee5a378419faeaf0bfad4d5cab4a85c21377
51734,2d021f174418f7b40f3a0a9ce9dbcbbe3a57a9d9ccf345c09139f0bece68c234,false,2f1311bd12e3792ca674ea5c2b21d4f5f08ee898abad45ef5d3ad8be29a531ae
51734,2d30b81aa1492bcc70652a82ddd01915d37e5c1d107f3e6d88d7208641f298f5,false,8089bd2909b09b840f80b3ed74f4d1d05788a1c7dc76fafe1119d643278f8d63
51734,2d911f2011b45a2ca95fa5c018f033184b9da150d9643e3ac06d7b24b8acefae,false,ea13863b8fb48914bc7b3fd77cbf4f5ce5686df22d4ef2ccf39f8446a750ec14
51734,2db59e92384c7da3f34419e0c3055d7b77518d7f13930e6ee85bddd6ae996b48,false,451a73bc017f575d5ed9728c3ac0cd12ecbcb242241277e93f1ea75224e0bad8
51734,2e00e4a86fb88d327da01559f4df7b2e853c0123e7527f00dd87028d73951988,false,25cfdf143e6e9e03f5b92c061575e2f3011f4303fd08621269243cc73bb8f688
51734,2f1311bd12e3792ca674ea5c2b21d4f5f08ee898abad45ef5d3ad8be29a531ae,false,33717112a49ce0c654e25b468b7a616c25244e5101ca26656db8281e0be46ca0
51734,2f343e96c09a9d3b487738a3fa41330d9925b89ed1184a837c8bfb011b3233ae,false,c3817ab0e7e35f2ca402fb8224272b84009b024021ca9c41470c9162d9a968fe
51734,2fb72cfc67b8fef0b5aaab371bfc0702d8f72bfeda5b0f2e6bd09b348c7b751e,false,d171f189d26e185306d79f3a34f165f4e397e50d18a4d4cea7bca9bc4373d7a7
51734,306dc3fa78af52f92cc92556a26932ea9a19627567bc7ebd5ce21fdc41096fa4,false,69097d508e5daa9e5759058f1332dc7910566b08259511f9af5f2ecee9287ed0
51734,30e8f4f132183bf08401544e681e12b56f558d8eabd5da7049a6046c67919149,false,07fce8f4bba99c9a757b8dc4106dcad934f1972ca04114429a6e8bd0f55d8fb5
51734,30f39afbf8d3c4d4080d82990a75ff72e7cb73eea2c68153dea33943996ba64f,false,c414071eed5445308fdb7806ab4af237a3459d4a55af81a30726bfa219da076c
51734,3136dd896027bbf50d1de77cc45711f0894a32399e70c08452f758dcf1c1ef25,false,b619c26c3ef4eacf33ccf294111c03504967ffeb46a4b857071031e14a238b41
51734,3137fbb5f4d81895e24e410d7b3f44a957419732c0ba0700ce064a4c95c90fd7,false,8839fd3174576ab72023fad5db05069ced780944fb15074daf584ee593bb7eaa
51734,3266f361ace7d1209dd3428518d3c56789d8c68c5c60fc59682d53aac3d2c3b7,false,88c18cc6aab6a5037d70ec2e0437e3652a0f55908f97f1cf2aaeb31a5b3fe9d9
51734,32c9dd787ce37ff9f8806ad4091ce61960f1a403d3eee663bd3778eb981ee96d,false,82b34370ced153ce3a763c8ba71bfcfd95a6e5f85caba023cb177cb75a73f27a
51734,33717112a49ce0c654e25b468b7a616c25244e5101ca26656db8281e0be46ca0,false,6723ebb3b79fe1130a8744cd4991be6dbb056ec14d322e753631f2b93c12bc5e
51734,3406b7211a5167527d78d281a8bc639637b6cabfe7ae02e268b1563c8aef721d,false,7bc21909c58d30cc4e9b12dc246989285d3128543299ebc93e817b44682ae08e
51734,3466ff990619faae786b55ce9368d253a19832491d90115576caaec7b521736b,false,e9c2b6f3fd87ffd127080a2e55e055c648e45f9096b6022a06fa283937bbe6be
51734,354027f6589f2533e26a6965b0a8809bbe7bec05ca2cbbcaafbb737300a91334,false,7dc0cf737855cf980f70ad648f8c8bdf949155da6ee5ba63262a345f0767d05d
51734,354fae306dcae614d1e8921ad0385137acd7a5fa24f843c109515f3621367679,false,d8de0ac4937b467d5d9d1537a6e3863159e944513096e0dbb9501dc9c5f47004
51734,358e559bc894c93ee285463ac24136b7832a486aeb0ca527497a53e99b4d3109,false,749e6d90ff5215373ac1b70a114d48f18ea3bd09aca50a9bdc5fb0c4cd87717e
51734,35e9c135f1431f9cb4fbb1f972da495784aaefd4b753085652fdc0a7a6e7e537,false,de2046443379821c9c90cb3d941bf0f324d57a131b22a8d21db77e75789e4496
51734,36025ade28d884e733bf8dceb6bec651337033fa072c5943552680cf58163845,false,35e9c135f1431f9cb4fbb1f972da495784aaefd4b753085652fdc0a7a6e7e537
51734,36e6dc1376e4fada612b1d4688e3fee26458645368d98bb9e44da460194039cb,false,4ebc4ad05b1a4f10c0a25f0d43a76c9412eb7e46d2a6cf9a62e5f13084b772be
51734,3794f07dd4c304a508c2a71f86950502ac8c7c551a810608b2ff5b363e9e72d1,false,b9a2301f8950d4b905812cefbfd0cbf3d9ebf1e8f1fc8d8d931839576e945859
51734,3856a664adfe440ede0c9c4c010edac920f635886339695e6f91da1864a2e58e,false,2d30b81aa1492bcc70652a82ddd01915d37e5c1d107f3e6d88d7208641f298f5
51734,38e359b629ef2c344b8ee16ffd796638e9391e19e5cafcd4d5691ae6e5c8dfe4,false,b72b57c6a57a80275ce80b0572a0a44737031416b9270286fdeba50fac93489d
51734,39fa5eeec4ea7ffc8c4089590bb96b6c09280684bd0f083cacf5b4a70b136f7a,false,ece71ce34d946f993ae81af021d7b604b1715edc097edcf9ac2a3f3e711e7317
51734,3abb778d04e6e1b66bcb5413f06a60a8a9221ccdfa9bb95247d358c0b9195b9c,false,9c16c7111407e7b831d10aad2958e5985317b366a839ff1d8ed31c9f6c6d1bf8
51734,3b2ead965d3eace638ec8e1bce7939d9f86f286170625cd374f52d03e96ee701,false,845b4b849adbf8398da60fbee20b8c9185448d900307da15721f61ec2005ce07
51734,3bed6bf7e66bdf47219775e3734f4cb7ff435a6dfcb051b72a4f5f0e96eb084b,false,7faa50c7d1a2b28128a40d7bba3808f75276da9fc7769c4e0ae5a54a486ecbf2
51734,3c28678859ac55b7d0c6d22cd3f2e966ca8b0e7761870206927184c25fe97c99,false,b2d57cf65bb0027d33ec9a1cbcb12c8ae0e8a5b14f3e531395b9eab18f91d5a6
51734,3c63780a759e41b194a59a57f96fe6a007f1dc325c8ce1d57e02c4dde69f3ef5,false,3466ff990619faae786b55ce9368d253a19832491d90115576caaec7b521736b
51734,3c8a709d9b4e715bf47b75b1adbfa481d64b113650f282f7ebca21bf442c10bc,false,88ccb9a34759966825ec21b264f275c1294d364465b80f64b5b2c73a36fb6f61
51734,3e522a766af45d14a3d0c094afa38b7deb56159334cfea15e996b3da01de6f91,false,242be33191e57f4afd28e74086d2c46c06065d51b2abb8f357dfb98579f4d7ae
51734,40f9775355808561ec72e3a732ac11345456d95b42980269412f3f869aacea76,false,5a64d6eb58c4883b89cb70e50e5049372f47da07e22c09930bef332c9fbc594f
51734,411f65ec7fd191f53c610c7997a25ceab8cff4002f634c0f24bbbfdd9a77c332,false,42708b3c207565174117d19629f82a1b41e33ed34c6764dafcb24f274fa8376b
51734,42708b3c207565174117d19629f82a1b41e33ed34c6764dafcb24f274fa8376b,false,b750e63716f43b71122fd0274b8e5813c5c1e46292903e9875e0f10be0defa3b
51734,438fa2b1550d12f9e9d72ee205a60dc59b5c05ddb9b1c7e63e7330e493d4d126,false,cc529555d63e5815bb77ac19774e779a1d33416c2aff9205d06919c519d377b7
51734,43f4b2a62f4ce419bfd972db5ceadf27f521fc08303a8af88397ea9d06ceb5e5,false,ce7d989f8ee0130917b08ec157d4b6883da5ad8100bae97c83a78590ce2a3f16
51734,443be5220fe0c390e6340f985f0fb4bc92ede6b84b7d24ba87d14cd1535bb86e,false,1dc50b5c6afe3a41bc3a7993a69ec39fcbe952f4e6a10f99c07aadcf496b0b85
51734,44628dc353c693d9b335ebeb5d804e0133c9cfaa9b3eab4cc657c817de723709,false,ff0be3fff334d6b7d44dd4191473fb10c61dae5873c3c9d9e956c0a00f9cc843
51734,44fdb6479942added0f19f39d57487e81de41063384c6069f718d4e40c913ca7,false,6aba2b99d02fa202dbf967f3d69e776f954f10892dc0f1ab7fc4172d4b19fd6c
51734,4518262254b0048851a3008b9902896eae0bb0d741f6ace0fa3304128d3171f2,false,48db0988127eb53a49a38b658fb31510248d81266c26d332d9ea704938dc7d30
51734,451a73bc017f575d5ed9728c3ac0cd12ecbcb242241277e93f1ea75224e0bad8,false,96e92c14f648eed249e6e85ad6b771d57160d7e25d05bbbd404d098896c82268
51734,454d4f0a4eada1ec8980efb83c7b50b4d0c442026f4d472f8bef502d63ef4461,false,bad8628f8fdbcaf102b3a4c733fb436fe939a93d60c44263cede2e24ad235492
51734,462b2f21c902f7eaaaf127b8de8eaa216229efd3fd05b07cc1323b646602866b,false,354027f6589f2533e26a6965b0a8809bbe7bec05ca2cbbcaafbb737300a91334
51734,4674e509487e86fca596033be9f08ed44619d10cf2bea166feacf4d09050f621,false,649b36576d4e18c6faa94cd89b7da92f32a6dce8a384e672d11b3df57bf66d7d
51734,479de031974ca2120efee8723be8a94800a93a62f8812e34747d67c800a0a2cf,false,bc71208f47a24bc145f503fce58217e59cd27f2bb0ef64f89b0353b5106a72af
51734,482d4930807f057bec35bdf7ce9844065ead791cc18bef0c796cd92a6edb22e1,false,a0f85fc6306b3ea4edda4557f288d70bc4aee39d4391bd71dc170dfc01782de2
51734,48db0988127eb53a49a38b658fb31510248d81266c26d332d9ea704938dc7d30,false,3406b7211a5167527d78d281a8bc639637b6cabfe7ae02e268b1563c8aef721d
51734,49115d811cd91f6553e65863296b9b29847473fb9de115ffdde80cc2c54a8725,false,38e359b629ef2c344b8ee16ffd796638e9391e19e5cafcd4d5691ae6e5c8dfe4
51734,4a750e5e0198fafa0e60a8580325ff83e87ebf5f7f5c118d4b7d558e0595c671,false,bda9a9c76a95f215feb2f7a8ab9f5e2c1accea6045631e4284c732eb3b290c7d
51734,4c9a19016a326200faa851b0c18462d5fde27ae651735fb2c054ec3ca9504533,false,6f14694e66c68927e8b6ae4cbf2a7f63bc1ba322249be5c095d1b6654873f342
51734,4cb044f9731c28dfb5b38c2c3778334dcbb867c8d3dc31f199d28b6f0e81ee50,false,7570bdd52a658e0387b530808d766737a6e4886cbf81808f0a99297a51e1a9d9
51734,4ebc4ad05b1a4f10c0a25f0d43a76c9412eb7e46d2a6cf9a62e5f13084b772be,false,62453467b36986e9bb69547d16486cf5715abf148a3d994eed708fda3d1e4d14
51734,4eef24ca043e43a93c989c2c00aa01768490b0bb33f58a073e3a646be83262c4,false,3abb778d04e6e1b66bcb5413f06a60a8a9221ccdfa9bb95247d358c0b9195b9c
51734,4f4e671ee92baab98ee00961101863628186421441b1b7a728e3a98eff7bd6d2,false,25b47fe61fcfc06182cefd501501e9535c5cb6760daf942779569e144da51d73
51734,4fc0c29466f4d9ea1597a9c4af35bd32d2fa9b24b5ae3a8ff4af49538e78b7bf,false,c87cc73985735393fa51099e2f7a6ef5c56e92b0f5576658a270a5b2bbf19cd7
51734,51058d7b52467490cafb532443504ac15385ecdb925e1da36283e39272f54a6a,false,8f15bedd224eca87f7778fc9ac46b8a9d4f8ae68b075242aff2719e7d5c582b1
51734,524e27f998a2b1a8f5ab9b7decdcf9657864f90262404cdedd76bfb752238297,false,dd8145e5a80e8044aa27d0f41718ff3f9f7d680aebe5e14155f48be93270a81e
51734,55a97831b0d47292aab3bbbde02deb186832e8ad00f1d2f81cf1b3587fa490ff,false,8cae68dff7f15be5ba41144fbc6493b2193b0d92fc87e3251a6c1c50ad55b67a
51734,55f5c5e86144df6f88d8b00882fea68cbd089876e66643cfee7ecd61f48dbaca,false,68feeabba060b312e95cb3ad00b9e8b3153d967ff5cb1e8f0cf04b0a2ff141fd
51734,56bfb0baacc11b7c1e22326cb814edfacd8a524c98fd561e5114f1978b024eb4,false,0d318a4d80bac69f640aea9aa05eddc1ebbeb81385fc9306b7ad85fa81b7fc70
51734,57c5b2705a0dbeab74bad3d606b1d6a9fc636e42fa7581fe16a38392c978ec19,false,5d25c71437f628f380adc79c16a36709bb46cbc3d603c9881a15f99fda491b80
51734,591d6be044c127761bbf2f797b003dc571209821f9ad52cc402a2fcc49006a02,false,3c63780a759e41b194a59a57f96fe6a007f1dc325c8ce1d57e02c4dde69f3ef5
51734,59536bb5c827d5de2ec50f25e9993367fe62899ba2ccedc6badcafcbef243bbb,false,0211eb015d832defa04880163f5aee6a144684103cfd95c579635d4ccc71b962
51734,5a64d6eb58c4883b89cb70e50e5049372f47da07e22c09930bef332c9fbc594f,false,f53187655184f000fe3d1fe2e3eb48f0a1195412b1b14a44a1758be7e798684d
51734,5b6398fd0adbfa0ac82c4b1a28f2b2b5e6524a5d38eb64eb2c3d058f16dd0e96,false,c5c0821a786818293875a8174dcaefeb3572924e12ceb0bb5c53d5630d5a8891
51734,5c334f93e8b73b5df788e75e663f496258b8e897017e0f24b658c5043038e3e0,false,2b9fb8015e3ba15b3798b360638806c6bd4513b613b6f0e4db3e7d17a566fd57
51734,5d25c71437f628f380adc79c16a36709bb46cbc3d603c9881a15f99fda491b80,false,2b563953da6b9c7f6cedc0a24c44bb3585969abafbcec5427523bbe72009f1bc
51734,5d4b76fc72d881d85db87010fdf8633ae781eacae2ce3468790e5e84191a1c0f,false,f1cadaaeb6bf6261e99f3a2a7b980e3d68f9a41b2a4f9c7099e824a320898df8
51734,5e30ee43cd19f98f4642e462aca6f7a5066107903f245b52bcaa976920590c26,false,652ac6b57e08c8163c8981233ff5e3392c8c41fdd84fa64151cf92cba60b1e13
51734,5e50e461d6fbb7648bb73129730265a5330d4bc2089d10bfbdb968bab2ae5dec,false,51058d7b52467490cafb532443504ac15385ecdb925e1da36283e39272f54a6a
51734,5eb3da5742406be5be36e32e7507d8797c427e459b39d6c1b44441ba53152483,false,636fee5fa1514924b1f7cc1bbf881c60b3bdb880e673202c7e64e26d6d842dd8
51734,5f5e4713d16e1bd4de47f5f50999503f9284d6168d5040605703ae30498ed2a1,false,fee88a11847611bf3bf0540c1f4b28c07a98b0752d914c61a931b1808cb625ab
51734,60c9d32e7d8367772ef986f2a74af56a9f300cbb819204d6f13aaf45c198c529,false,8ce330ebc128bbeb895ee7ae625821e36199a3e27e6bfa98419663f107015c1d
51734,61f2bca6d85e4aaf43cee3129357f5083c6d11e49a4fd4ab743b2053b4b0ef25,false,1d838a2ba0e6b99bca514715f725083c95e9d39d2740096e86b988a6b960fb2d
51734,62453467b36986e9bb69547d16486cf5715abf148a3d994eed708fda3d1e4d14,false,188ace87642baf5dc1019114460f020d1209a2763034752a441a87a2e4a20e19
51734,636fee5fa1514924b1f7cc1bbf881c60b3bdb880e673202c7e64e26d6d842dd8,false,8f593943b3a180fdfca90889e663e9cb886aa587a71061fd27fbdde12b1b1419
51734,63ff45247f43d354a678835fc2602bc907bdc06249ffe8242f08ccfb4ae16779,false,443be5220fe0c390e6340f985f0fb4bc92ede6b84b7d24ba87d14cd1535bb86e
51734,6410d47fe74aa0c4cffdcf4cdd21a68f7069d984f76676c97330d8e0836de83d,false,04a87e614552dd996a650179aadf0123541fd33044527e3a7d7661c128f02ab7
51734,649b36576d4e18c6faa94cd89b7da92f32a6dce8a384e672d11b3df57bf66d7d,false,9a00d4d05c1a4cb0d77f135df8896a74951866a04bbc62b23e5c63c4036ef849
51734,6504e7d7edae43995af194b073536a778cfd3b815206cd4af8c79f45be4e1f22,false,8fa5382f158e7bbef94f5086c03211f312a39d7d55fa5db2a5a7e475afa7fab7
51734,652ac6b57e08c8163c8981233ff5e3392c8c41fdd84fa64151cf92cba60b1e13,false,eac5fdd0203c7a1e9f0a84b3968cf251e54ef5d43543e0165572986ee604cf76
51734,65f4a8b720bcd3d0b7ff60a5df6536264958ad443c403a63bb7c91481395b629,false,aed292fe7a91cdbd72094b03221d804077c06904d1e9b22c2862e4a2c4b1621d
51734,6613aa0be90b5b0c5915459596cc36f725c805a6b60916ca67927d9aacdc9298,false,93b538381d89962c20f5e12e50decbdead8a88987f16724d91f648e8addd4a2a
51734,6723ebb3b79fe1130a8744cd4991be6dbb056ec14d322e753631f2b93c12bc5e,false,18814a624052d6ad67ac46145705138c54706ec69a4aecdc54bf3251319c4d97
51734,683e88bb738dc3e57a6c5c4fa8f4f82749ab76dfdf97d794b9ca1f3620c67ff3,false,f5c4313a2f580f8ccb96454533f0392b5830ecf9279775d5873bd6c1b7b154c9
51734,68d5072ec3b734a1ccffb0be2d7217c64804110862eb638fbd5707f218d8ac4e,false,b43b64664092a3c18439a2b2f39c56193369d3ca300c64588b09331c27035dd6
51734,68f41926646fb28d655f58f636df20f598d4a264b58e458e917b28772a1fa554,false,5d4b76fc72d881d85db87010fdf8633ae781eacae2ce3468790e5e84191a1c0f
51734,68feeabba060b312e95cb3ad00b9e8b3153d967ff5cb1e8f0cf04b0a2ff141fd,false,59536bb5c827d5de2ec50f25e9993367fe62899ba2ccedc6badcafcbef243bbb
51734,69097d508e5daa9e5759058f1332dc7910566b08259511f9af5f2ecee9287ed0,false,993eb37e9233df396fd53c11fdc86a11f0f08f983cde6d913c0dab998d097b98
51734,698df78b03dc6089c65f6796be690d38a42c987298e0fe493374f60f6f304c9d,false,f6de13c12808d8734d56eac1526e733f3d7b28bd7af96955fd0ca56f3ee73e5d
51734,699cb537430c128564149e7feef09a46e8cd9adfa7fec92789af910815a04c8c,false,3c8a709d9b4e715bf47b75b1adbfa481d64b113650f282f7ebca21bf442c10bc
51734,69c230b45e44f709426a5ade1fd0ecb25e0065c2b3b86dec8c463c0c8f59a53d,false,ac3c6bd50a1b2e3e28acf3a9f0dfad486e7dea265a57357fa40bd94d36d1b382
51734,6bee1ab85da63a435e02cc2eece4e25be6fc64e19efc7583a72624c2449e50fd,false,49115d811cd91f6553e65863296b9b29847473fb9de115ffdde80cc2c54a8725
51734,6c516104b132c5125da94bad688a467030a531e0b83972535fd5507d1004b67c,false,4eef24ca043e43a93c989c2c00aa01768490b0bb33f58a073e3a646be83262c4
51734,6cd21277a8da11e30d5498bc920e1297cdd9ec5aa2ba5849c584a255a5d55d60,false,934e02aff2b4220e374f4850bc35a58f531336afbc10a780a39e62257b77d6fe
51734,6e068580498dc9cb2df1de861aed3407cb5b24c97cba4e1b029e298167f21a58,false,4a750e5e0198fafa0e60a8580325ff83e87ebf5f7f5c118d4b7d558e0595c671
51734,6e1266540fc0f462e88d42daa6514f5f78926195684365e65ccbe93c99579d18,false,d747342f446c0c0da2ad9b3c3d04aa1ff7438c9effd9229bc3709183222cdb30
51734,6f14694e66c68927e8b6ae4cbf2a7f63bc1ba322249be5c095d1b6654873f342,false,ea6d33443d890a11c41122a7fc2e034a7160b5fe9db8fb518339c02a99f45fc5
51734,6f7d71e21bd23d2a48ac405653e889d811ac11ff37c8207a0d918b6aedd9135b,false,2a912d1c8126c5c5097b5b5dd70cef967f9b6c3e00a103fd72e4b7655c418382
51734,6fd5ce3942982ec1a9320c40c7adb400b0ebb6d0967adee5805792f2f5db089f,false,f4221d3d21baf05ca87291d1d4c7175e2f3371b1a42d443552bac3de96a878aa
51734,70c7d28b1f72ae9d04da49b6a4d57831405ac7ddd66024c46273c615f3e9a43d,false,9964a43fd59119495d5208a1acec44792b3f041f5cc801ac371a031465743444
51734,7109751a7745a79be6ad8402b41c3340d5eb772a4fb258eca7d2301c2adafdea,false,0398e181e938afd2738390c8761dabab84d9ed5330d2d7ef3acd8d4a075c3701
51734,7140719cdf7110a9fbe1b413bf0cbcf3f6651d7c8a11e3d63d311dac0170adc6,false,d139476aff056ca4a8dc6f8f455bbe2d05973edcf8ffa9a00ffd9b359344adef
51734,742d93b155aaf10b2c518ccf77fcb75658bbe71aa00c7d53494859b63e6dfcac,false,454d4f0a4eada1ec8980efb83c7b50b4d0c442026f4d472f8bef502d63ef4461
51734,74874f75e7adff0e1bc7ec394a759c98b3f4e8e180b14153c7d6d4734d5448d1,false,3c28678859ac55b7d0c6d22cd3f2e966ca8b0e7761870206927184c25fe97c99
51734,749e6d90ff5215373ac1b70a114d48f18ea3bd09aca50a9bdc5fb0c4cd87717e,false,7f6b5252ecf8972a732cba4c44bf5baacb9d890119f8c711c737d9d0aec0f4ac
51734,7570bdd52a658e0387b530808d766737a6e4886cbf81808f0a99297a51e1a9d9,false,a7505898b6e83e983aa031be3c63c15054b66ccc70a6351af2c72627a3620490
51734,765eb3f82bb3b5bf3c0bc92dc5a30442763d55b8a0051784924a5f925057086f,false,95a52ed58321ddd55ed7e74c521cd937d20d47ae4f0a5147607bf25da768c3bc
51734,77be2113223da590b3f800a4df71d5b6c36a832572a7956f1614a9444eb9c314,false,3137fbb5f4d81895e24e410d7b3f44a957419732c0ba0700ce064a4c95c90fd7
51734,78d027bb148ca8366122245459f01cac01e0ff25368d7383a487c8933b7669e2,false,17e683664006897fc70e4d36701086e3a7287789f01acdb33f49aaa1eaaa5afd
51734,796758baf2f3e08417698276f0c25da449e79708b8ca6aba57d0b8873f242462,false,271ab0910121dadb7dbfe0db0d5680e9b48467736a2e8ce389fbe0f8db5838e4
51734,7a94b7f959285ed911af4907c85d3350ec0f191ecd7ba32037a34abe0ec7bd1f,false,0c493f04919cffa02873f7470a5e98825047188082a9fc16b325e12e884b04da
51734,7ab7fed95f7ffdc24de340a4e4c5869da0ea53fa7360628e9ccfa568aa3e823d,true,
51734,7bc21909c58d30cc4e9b12dc246989285d3128543299ebc93e817b44682ae08e,false,04e4b1f862966586140b3c90ecb50953bb603e16d883292d6b7958e483395d81
51734,7cca4043fc5f91985c5329f89dc6f795d32bf106e34883326f94417e6e0ce2ce,false,1760750f9816aa84abd0a42a7fb88cfe0579ada400f26777daf8c0dda698d1e2
51734,7dc0cf737855cf980f70ad648f8c8bdf949155da6ee5ba63262a345f0767d05d,false,a665fc3fb6a675734dabdb8008b6c44449848a3384e93eba304ab7b5566a084c
51734,7f6b5252ecf8972a732cba4c44bf5baacb9d890119f8c711c737d9d0aec0f4ac,false,68f41926646fb28d655f58f636df20f598d4a264b58e458e917b28772a1fa554
51734,7faa50c7d1a2b28128a40d7bba3808f75276da9fc7769c4e0ae5a54a486ecbf2,false,a6adee3897f090ae41f564dffc8af6133b670092e27b23d270a57788c9dcf927
51734,8089bd2909b09b840f80b3ed74f4d1d05788a1c7dc76fafe1119d643278f8d63,false,b0ac93c60790e2f6822f4818654114e3647daf6fe2be0dda17a2b85a0d786201
51734,80dd4f2f1e078b063c0d0afae75b74c30bf0d48f0ec7ad538f8be064a0055278,false,2a5b58ba26ec034bfe47ba2c586def5a77b71453d684d3cfdf3c620fd26ae329
51734,8138d65b1c967f735215e28c8357ad37773115901d0cc0d20b7ccc03b8172af5,false,40f9775355808561ec72e3a732ac11345456d95b42980269412f3f869aacea76
51734,821d55a21b940868abff7894d785155c8ee159a7f043a20d0d79e6b8959ed2f1,false,29342b23db3b0f2404187254e82440121364010c25ca430b57be7074fe766ed0
51734,82b34370ced153ce3a763c8ba71bfcfd95a6e5f85caba023cb177cb75a73f27a,false,eca3c9d49ff6a882fee70cb0f8bbfe7f8f7acd244b028bdef5e51f38cd0fe23e
51734,845b4b849adbf8398da60fbee20b8c9185448d900307da15721f61ec2005ce07,false,61f2bca6d85e4aaf43cee3129357f5083c6d11e49a4fd4ab743b2053b4b0ef25
51734,85b01a601263d05ca16ecdb782c9bb152fdc52857feae8a12088aab4a08a60f6,false,591d6be044c127761bbf2f797b003dc571209821f9ad52cc402a2fcc49006a02
51734,85befc4fb38b8cbe47c399c844be3893610860e0eaaa849b3b815d9b7521abc8,false,9e57466e9918615d2dedf625d74a0ad4a5a979c2feeb09028ae2b021b386e61e
51734,86ffe991ae37f25cd6d8e8e17eee889866c1ecd7ad71dfe33a89c1cad8f1ca7b,false,1e308392ffae496b7a5de29223063dce891fb72e3687dde36557c59f66f64f68
51734,874afaf72a6ec2ee5a7993825ec817288cfe6a1a4a227f889f6195f2db188655,false,8138d65b1c967f735215e28c8357ad37773115901d0cc0d20b7ccc03b8172af5
51734,87880992d462e86e2f421e32387a2aee5bcd749b9c588220ed1aa31907c28a3e,false,cc8af8e6f04d58b31a43938285b1ebee7d0a2aea662b09efcc245f7120db622c
51734,87b772383614653afce9a7cb4463e7a49b6c7f396dae6f4811e2efea37893982,false,e0b5167d98750b7b29ccd0bf468dbe16ce4d397fc2bdbbcda26d38106eb2e126
51734,8839fd3174576ab72023fad5db05069ced780944fb15074daf584ee593bb7eaa,false,4674e509487e86fca596033be9f08ed44619d10cf2bea166feacf4d09050f621
51734,88c18cc6aab6a5037d70ec2e0437e3652a0f55908f97f1cf2aaeb31a5b3fe9d9,false,36025ade28d884e733bf8dceb6bec651337033fa072c5943552680cf58163845
51734,88ccb9a34759966825ec21b264f275c1294d364465b80f64b5b2c73a36fb6f61,false,698df78b03dc6089c65f6796be690d38a42c987298e0fe493374f60f6f304c9d
51734,8a42f2dcb21d88e54327b2a3d808890fc51682880193580f3b6aca0e57888b3d,false,278b7389193e29c871adcc85052edf3f6fc54a51f3f161dfbcbe79831189655b
51734,8a7eaf0cd0b24bdb37631e9625dda8a3ff8975942c00bdddc809e897a63ba1ba,false,15e2cdc61de3d9ed643fbe647a3dc1d028fbcd6aa8b4cf3a318041979931a336
51734,8ab1a02186acfef974b831f742f18a23c3b85f09d5f704a000fbb6ae675fd88a,false,a1ed7e5f0b63b6fd133921360b259889f253119ffe614163f82038c19f92ff12
51734,8bd7fbea26bcc6a52d25f644b94a8a1001d8d478cd47ca54fc1cfea659087669,false,aac5fa8f058e0b777130a6174f9cc76720d221d02fc30ef0b52ca07d55bbb8c1
51734,8bf5e545da51db98d74460b3bfe32cd1218230213c9bb8b16e7454f3f195f3c6,false,e7db6fd61b6146e6017f0409520b6f7f7f6e662cab343489de4c5d1839f50b18
51734,8cae68dff7f15be5ba41144fbc6493b2193b0d92fc87e3251a6c1c50ad55b67a,false,079eff5ce8fb5f46d5c184e9e6c854cccee6fa662f51c3ece32b8b950dda36c6
51734,8ce330ebc128bbeb895ee7ae625821e36199a3e27e6bfa98419663f107015c1d,false,278615afa5d901520b73a468c8117d8115fd8f379c03ddcb3c4f1698a43d7d85
51734,8cf8abb2d47282e36627eb48c0567174d26508a1eb129edaa897c2bd7ffa6d55,false,eb3d91e93782902d52b3d5cc01c5a4036c8e3500c8ff6fc35399a5bb4c699646
51734,8d2c42ec40be433440d59a6c884ab780cdb48ba080b5bb0d7d9a309ca17033da,false,6cd21277a8da11e30d5498bc920e1297cdd9ec5aa2ba5849c584a255a5d55d60
51734,8dad692b334767bffba4eae6054ae5da970fe0ad9b67030cbbdb97279ce3dbf3,false,0926c3e3ec41f29311cbf5c41f41d37a601f77b2b41c274bd94811ec56c1f6e2
51734,8e212705f4c1ff323dae662e8e6f5edb5b6bb8b1c2cadfb34922788aed3ac68c,false,2106e3b551fd1a14cd7ac9cc9e23f4b6b65ca9139264095c0c8d7372fe8cbcc9
51734,8f15bedd224eca87f7778fc9ac46b8a9d4f8ae68b075242aff2719e7d5c582b1,false,44628dc353c693d9b335ebeb5d804e0133c9cfaa9b3eab4cc657c817de723709
51734,8f4e4b0011550df26f822399c0b40285348e5cbd2038948f8775b9e0479b385a,false,0c446059335405724b3b3a64dafe0d91cf64c740feddb91502114b500f592830
51734,8f593943b3a180fdfca90889e663e9cb886aa587a71061fd27fbdde12b1b1419,false,0ffa3506c44979001bffe83e67d9aeb890ef04f0955c2ff332b68e10065cdd13
51734,8fa5382f158e7bbef94f5086c03211f312a39d7d55fa5db2a5a7e475afa7fab7,false,f3e3e6d35a63d0dca1ccc175540e9c815aee337a1b416741faacb06ebeb4ff7c
51734,8fb543b2a58eec323d0041a0fa221605687939206859277fcd0b279fb9411426,false,fd0b8db16e3d3c9129f62f1a52ee4761010a45733b8138b916d229349373a3e9
51734,908981ea3f1da3b88aecbc86e9298dca4e9c59c659d053093b4cb0a522b86824,false,e082a82d3e21657f391178042008c6512d8bd4f432ca83973075ae05568e11e4
51734,934e02aff2b4220e374f4850bc35a58f531336afbc10a780a39e62257b77d6fe,false,12929aae6bd58a799e160c2c777a286ef9c28be7c5732166ae1097a8d1531990
51734,9367a7b3f9bcf0aec5c8fda4fc9083aa57cb6f9c8099eebf7fce969adf278935,false,d708d889a3e96a4193a0118dcb0901aa481ed7e528518d90e33dd71cf4ba353f
51734,93b538381d89962c20f5e12e50decbdead8a88987f16724d91f648e8addd4a2a,false,3856a664adfe440ede0c9c4c010edac920f635886339695e6f91da1864a2e58e
51734,94d1bb701fb60311e188ebeba057e99b6b9e058668a0d09862cbf05349f7e0fb,false,5c334f93e8b73b5df788e75e663f496258b8e897017e0f24b658c5043038e3e0
51734,952f6a58464a435fd2385251ecce0e36ec0d7fa6c7e824bda57df3e4279160f3,false,289a522f7683e11d495cdc03dcbaedd8bc5b9a2e7e456936f56440580eed31b9
51734,95a52ed58321ddd55ed7e74c521cd937d20d47ae4f0a5147607bf25da768c3bc,false,7a94b7f959285ed911af4907c85d3350ec0f191ecd7ba32037a34abe0ec7bd1f
51734,96e92c14f648eed249e6e85ad6b771d57160d7e25d05bbbd404d098896c82268,false,ab3d7d8457dd2402c4ce65c670324f64a025e31d60a2ada02d8e269b2c8ecba4
51734,97019f61b755a48a77d4272cc7d9be308193d7bb060dfc1aa74740b1ab2737c6,false,b114e7b91f7099be2c7586b1a7faa474116d5c703b6eeaf116e68e19f887070c
51734,9762ada118af08fc96942a290fa44857acaef7ff01a9a531a783c90085784768,false,22e0145d08cac30c7e89e42fdee4932b83cf1d3eb71fca9d851f2836847786bb
51734,98c818b786b11031e9e11cff4a31172f36df20e8c4b98f4d43a818b984b226ad,false,87880992d462e86e2f421e32387a2aee5bcd749b9c588220ed1aa31907c28a3e
51734,98ca2719edfe72c416754c23c69ec10ae776bb3f80867a0481be898d38fd2c41,false,f38b6c79b370deb8deb9644ff6f9412605261a4adc00b68d266c3b0c3221c78f
51734,993eb37e9233df396fd53c11fdc86a11f0f08f983cde6d913c0dab998d097b98,false,1e1646aacc77cd453e6492932ba4c2a098e504b8cd86e4ea58532e47f527f212
51734,9964a43fd59119495d5208a1acec44792b3f041f5cc801ac371a031465743444,false,2aa6934c8c5c8e988de9e216064bc650eaa0f780e318138aa85a889712b48b93
51734,9a00d4d05c1a4cb0d77f135df8896a74951866a04bbc62b23e5c63c4036ef849,false,1e7da54a75ca861553d98cad2f0a7c7d38da3a7d220c234b60b5b1f6bd7831fc
51734,9a612421315929c535d4532e75ea750affa0d8bb7c015f7f49d95abd31adcfe3,false,4cb044f9731c28dfb5b38c2c3778334dcbb867c8d3dc31f199d28b6f0e81ee50
51734,9c16c7111407e7b831d10aad2958e5985317b366a839ff1d8ed31c9f6c6d1bf8,false,85b01a601263d05ca16ecdb782c9bb152fdc52857feae8a12088aab4a08a60f6
51734,9c3256a5026db15dda9dc8d994d5430e9fe55fe38c2c10ea898301a57d9e2c6e,false,b42b1395012aa8bad28d9339470cc82dda37268f56ade9558d45a1bd22e7b327
51734,9c5fdfb7457544d79f02c362e216512b11f9ad3abce98d590049ba2f596e1858,false,1c732eb8480099014777222c36e2b083535c8eae5bcd4a6a00e844f149258bf8
51734,9d2621c573696ff70711714764a7057db2b890e7661d8c74ea2b15a843902496,false,2d911f2011b45a2ca95fa5c018f033184b9da150d9643e3ac06d7b24b8acefae
51734,9d423f39137b0a17a22ac54ff88cefcda673ad1d398db263b8b2854429672f8b,false,7109751a7745a79be6ad8402b41c3340d5eb772a4fb258eca7d2301c2adafdea
51734,9e53a5c576982fdaf0d042474159f6cce88aac58e316a2042c1c585d14ce682c,false,cb941ffe586db716d0b61f940396ee0f00dde7019a723682204057a756fe99a9
51734,9e57466e9918615d2dedf625d74a0ad4a5a979c2feeb09028ae2b021b386e61e,false,cc1a5aae7ffb96e682c10fefb93cc23e86f6d3e3a2fdf15c2aa990b2ced5fa76
51734,9ef3b4b62f1c459f18579bc27bdcc34472e9eb0d3d64b8a001ba4d377f086660,false,98ca2719edfe72c416754c23c69ec10ae776bb3f80867a0481be898d38fd2c41
51734,a0f85fc6306b3ea4edda4557f288d70bc4aee39d4391bd71dc170dfc01782de2,false,05c8cf4f5d8178e3fee0a6121e74e679c021f7ca24c0ce61567bf0929a8b1f4d
51734,a10d6dfe9add5c3c32edf2a8851ae0e94b1ffac9188a163cd1127a881cb2bbf4,false,57c5b2705a0dbeab74bad3d606b1d6a9fc636e42fa7581fe16a38392c978ec19
51734,a1ed7e5f0b63b6fd133921360b259889f253119ffe614163f82038c19f92ff12,false,205327f2281c9ebee8b229e9cbcb6522680d5f409d9ad6a269487b9e615c707e
51734,a361c8e30d5f3cfaab53360ba9a59ff025c6832c07e34fbfad278f7609d4ba82,false,ad2ab9104bf40cbcd7efa6e52be7b15f67617912bcc8a39b883db2f50e3249cc
51734,a3c4690ed77132112b4a3f74258294d125ab30a4bfef7ec910d6c3ad1ab228b1,false,0a6126f2e27cefd834d98a1b1e6fce9b25ca9ff1e082ac357e656f8890f4e568
51734,a3cb94bf99041b5b25116465aaced8c00f09c6f6faed5cd56db5875e9df020f5,false,8d2c42ec40be433440d59a6c884ab780cdb48ba080b5bb0d7d9a309ca17033da
51734,a53c3811bf062d922f5d864febaa120b6899f146aaa742cb3f9ce286ab501f0b,false,c1ac12a8063a67e0d0116c7341500ec93dac75f39a7a129893cecc25bd4d610b
51734,a665fc3fb6a675734dabdb8008b6c44449848a3384e93eba304ab7b5566a084c,false,0dbe641a98068a1f1751fe15d1450147f8dc2d8beaa2877e16e793f921c9df1a
51734,a6adee3897f090ae41f564dffc8af6133b670092e27b23d270a57788c9dcf927,false,7140719cdf7110a9fbe1b413bf0cbcf3f6651d7c8a11e3d63d311dac0170adc6
51734,a72c870512a26aa86e49cd3663acb31772a457117b4b08020e5f624fb3634cf0,false,8bf5e545da51db98d74460b3bfe32cd1218230213c9bb8b16e7454f3f195f3c6
51734,a7505898b6e83e983aa031be3c63c15054b66ccc70a6351af2c72627a3620490,false,0ca605a4faa612029120f23db9dbed3b76bb5023d8a6c7e792064d75c74ddb36
51734,a8a026d244a4f7a462c5f0e6544ce99aa3f1c96f1a31173495fda28c2146a6db,false,c8a0b713e2b2ffac7c367645b41b76dd2727487cce32bc861f1ba45ead2a9f3f
51734,a9725e8b4cdcf06d82448b9d7d7f059e6e519ef0831558aaf51e4a0ac8acd816,false,3bbdad54b795f13f3c4d67675684d653bf786e564d4280cd9dbad5d2b80e1fdd
51734,a97bc70a27b3fa8832bc14cfaf403a8181994295dbcd4177fc1413f06d372e17,false,af3a210df4ce4d501b44acfcbc8d1b1f6a88e7613332f09e9121dc85a23592d8
51734,a9c728967f9336ca9c9fc4aaaf00bd4de987942ff0409e8c373ffcf77f2216fb,false,0a243b9ef497f5b5d2df4eceb62e6bf8fb019c775b35ca5897d29517876ddf60
51734,aac5fa8f058e0b777130a6174f9cc76720d221d02fc30ef0b52ca07d55bbb8c1,false,b3edf2498aa57277040edf5a030af43580438500392068764ce745cb24695530
51734,ab3d7d8457dd2402c4ce65c670324f64a025e31d60a2ada02d8e269b2c8ecba4,false,796758baf2f3e08417698276f0c25da449e79708b8ca6aba57d0b8873f242462
51734,abcaa51b9d9d3ca335e7a30fee87d5a7b6ec9613cb3ed9889a880177c5ebe169,false,d44a5c63672a493ccc789b201341eb352e1486a447f2b70b9e069c242d687187
51734,abffc8c594726aa643b01c811a613a7d011ab6d4c93a13beaca6e25684017e43,false,fa977ef8d91298bbf603b805b8bdd2b8baac872c59a5fb4fbf281735a97a3c35
51734,ac3c6bd50a1b2e3e28acf3a9f0dfad486e7dea265a57357fa40bd94d36d1b382,false,a361c8e30d5f3cfaab53360ba9a59ff025c6832c07e34fbfad278f7609d4ba82
51734,ac9ece5d4cad518f6f5e4908910b0cf08a0ba8a25acc49c1e4ec90d353427e90,false,6e1266540fc0f462e88d42daa6514f5f78926195684365e65ccbe93c99579d18
51734,ad2ab9104bf40cbcd7efa6e52be7b15f67617912bcc8a39b883db2f50e3249cc,false,32c9dd787ce37ff9f8806ad4091ce61960f1a403d3eee663bd3778eb981ee96d
51734,ae92879252a7f414d5ce795da968cbc1019978c85fea32a0d25a1c722c7bd74e,false,f02f30fe99cba37c9381775970b123cb0d9b30b8f03996f96cda341513b005b3
51734,aed292fe7a91cdbd72094b03221d804077c06904d1e9b22c2862e4a2c4b1621d,false,09c87722d00a15a309d934c65159551f9458cadc88d7d896f0f63b1c349dd074
51734,af3a210df4ce4d501b44acfcbc8d1b1f6a88e7613332f09e9121dc85a23592d8,false,742d93b155aaf10b2c518ccf77fcb75658bbe71aa00c7d53494859b63e6dfcac
51734,b0ac93c60790e2f6822f4818654114e3647daf6fe2be0dda17a2b85a0d786201,false,ac9ece5d4cad518f6f5e4908910b0cf08a0ba8a25acc49c1e4ec90d353427e90
51734,b114e7b91f7099be2c7586b1a7faa474116d5c703b6eeaf116e68e19f887070c,false,e612140d59191d2ec79e7c9a678a882ca4c0c2e0c04f1f8a5ff002f8c0536f36
51734,b1777a894a59b744a548d948bebf6358f7af3b3fe46d11f8a578aecc69f48b34,false,c466dcef3045300398c66d0ef9e772e6ddb53315186c7959745353556e3ff006
51734,b188e34a23fa748e5cf018fce525698ec657f081d0a4df0bed57634baa955b0d,false,d7f5f250fbc4231b1d6f045ad6f0381cfec5dc0f985d415ce0950de740bf6a09
51734,b2d57cf65bb0027d33ec9a1cbcb12c8ae0e8a5b14f3e531395b9eab18f91d5a6,false,1817a71fe2050b81b847f69470d013bd8e13dd6e097dddadfa71ca3ea100e5e3
51734,b351c76d9a02997a5888da32b8f8c12beb6630d0c221ffffc7eeef28536a337e,false,e8550681c4f786b19534627c1da6725db875c7cf56101abece6dfa50eef4267d
51734,b3d885afcdf7ba2061821e32df2b422e4e30e891077f18d9c6d11371585d7c82,false,e1a10afa2df3c5254268d6ad4cfef1bb47813b9a2366e8a4a7e8988a261bcc21
51734,b3edf2498aa57277040edf5a030af43580438500392068764ce745cb24695530,false,87b772383614653afce9a7cb4463e7a49b6c7f396dae6f4811e2efea37893982
51734,b42b1395012aa8bad28d9339470cc82dda37268f56ade9558d45a1bd22e7b327,false,3794f07dd4c304a508c2a71f86950502ac8c7c551a810608b2ff5b363e9e72d1
51734,b43b64664092a3c18439a2b2f39c56193369d3ca300c64588b09331c27035dd6,false,0d372935f10ab16c7d25eda27a5b9734f34caa706739baf5487e6a3fd720a731
51734,b43e5d12319096753e88d9122b3c0dd9bbfa2e1ce2163176acb2bae501e53452,false,1c2008f7de83982ded3630a067565853747822fbe8cb189d4fbd55813e5a5196
51734,b551a7d5d2d8dbaf584f465fe67b6be9c9b00abb5ec4096d36fcca77118322f5,false,d4bedaf339bc49e8a6beeb2d77fd4c2bad36ec737e34ac8b24e3a20840421e7c
51734,b619c26c3ef4eacf33ccf294111c03504967ffeb46a4b857071031e14a238b41,false,411f65ec7fd191f53c610c7997a25ceab8cff4002f634c0f24bbbfdd9a77c332
51734,b640d7192082de4218b2cab2c57365ba24c3117b03814994a1b0b62f3d8c983a,false,b1777a894a59b744a548d948bebf6358f7af3b3fe46d11f8a578aecc69f48b34
51734,b6854bb4e6427527c8c0cdc41ee0a3ef30c1282847457bd9bd854225278b92a5,false,c3c62b0dbba0b7ef87a0fb0ac3fb8b01225fe1e596cf436327046615778c2e0c
51734,b72b57c6a57a80275ce80b0572a0a44737031416b9270286fdeba50fac93489d,false,dce598209684d55a5c5a0ea854d145e11bc46e9685520a199fb33f82e80ad8e3
51734,b750e63716f43b71122fd0274b8e5813c5c1e46292903e9875e0f10be0defa3b,false,3266f361ace7d1209dd3428518d3c56789d8c68c5c60fc59682d53aac3d2c3b7
51734,b974937d3d41ac67d61325d695fb232592da0b58cc9e821db3a223bde84de8a8,false,a72c870512a26aa86e49cd3663acb31772a457117b4b08020e5f624fb3634cf0
51734,b9a2301f8950d4b905812cefbfd0cbf3d9ebf1e8f1fc8d8d931839576e945859,false,02f92e9a7e96cd8cea8ccf9c03c4b9c80297cfe5a54bd7d6aefa5d0b016a7e95
51734,bad8628f8fdbcaf102b3a4c733fb436fe939a93d60c44263cede2e24ad235492,false,ee34f36f58bcf02947503d9b6ad4915effd4b91091fb3e3b62e45b755c59987e
51734,bc71208f47a24bc145f503fce58217e59cd27f2bb0ef64f89b0353b5106a72af,false,a53c3811bf062d922f5d864febaa120b6899f146aaa742cb3f9ce286ab501f0b
51734,bda9a9c76a95f215feb2f7a8ab9f5e2c1accea6045631e4284c732eb3b290c7d,false,c3fa36621af585a891c0b040bd6a5cd9e579b4cc7ecf70188e4d59a7efdf284b
51734,bf38f2678b86886562d8b20d7ed0a55986ca661057e33540d51b62098ea92539,false,3b2ead965d3eace638ec8e1bce7939d9f86f286170625cd374f52d03e96ee701
51734,c1ac12a8063a67e0d0116c7341500ec93dac75f39a7a129893cecc25bd4d610b,false,3bed6bf7e66bdf47219775e3734f4cb7ff435a6dfcb051b72a4f5f0e96eb084b
51734,c33463f0518a712a7be7a633857a22adfaf2201fee6b552ff40a2b3111c8106d,false,cea1a035f677d70d32ecc33f73ca80fbe4c8dc8813813b746828da6d39aed980
51734,c3817ab0e7e35f2ca402fb8224272b84009b024021ca9c41470c9162d9a968fe,false,14524805e14165ea273c0c5819bb063600bf6900b67590d6f197e8ab4fd36f3d
51734,c3c62b0dbba0b7ef87a0fb0ac3fb8b01225fe1e596cf436327046615778c2e0c,false,08f4cb5874a2cf0c094f9e982adc2d694e38e71d170110fe44831999894ca151
51734,c3fa36621af585a891c0b040bd6a5cd9e579b4cc7ecf70188e4d59a7efdf284b,false,6fd5ce3942982ec1a9320c40c7adb400b0ebb6d0967adee5805792f2f5db089f
51734,c414071eed5445308fdb7806ab4af237a3459d4a55af81a30726bfa219da076c,false,8a42f2dcb21d88e54327b2a3d808890fc51682880193580f3b6aca0e57888b3d
51734,c466dcef3045300398c66d0ef9e772e6ddb53315186c7959745353556e3ff006,false,6613aa0be90b5b0c5915459596cc36f725c805a6b60916ca67927d9aacdc9298
51734,c5085cbb09f7efd96b15e1f322e800acc9000b27dfc14648736f9b3181b23e21,false,a97bc70a27b3fa8832bc14cfaf403a8181994295dbcd4177fc1413f06d372e17
51734,c52337e9e3fec214ce690bbe1ca01f34484064e8c477f9a7a685eea6f2a44eec,false,02f49086b3674777a866b82d3d24315f1259f7cd72dd02d65a8d30d38c83a434
51734,c5c0821a786818293875a8174dcaefeb3572924e12ceb0bb5c53d5630d5a8891,false,63ff45247f43d354a678835fc2602bc907bdc06249ffe8242f08ccfb4ae16779
51734,c7090bd68ea1d2e04fb782e860dc22a2f14760a2487864f57f727d5f26995ed5,false,abcaa51b9d9d3ca335e7a30fee87d5a7b6ec9613cb3ed9889a880177c5ebe169
51734,c780ed38b7c4f7e57867b599038fded05f0017ff54bf45f53bebce23a5cfdd5c,false,ca59eeec2595d9bfaf8aed41c2e00f488289bf057a54f4170ee9787756eb8e0f
51734,c81fd32573ffa49ab8161ae78f0d091764ae7b554dfaac9da6d6dcaa9ab400aa,false,462b2f21c902f7eaaaf127b8de8eaa216229efd3fd05b07cc1323b646602866b
51734,c82d6a71a9cfedab5557e665be13cf6837d359520351e7566ebd74f969220912,false,43f4b2a62f4ce419bfd972db5ceadf27f521fc08303a8af88397ea9d06ceb5e5
51734,c87cc73985735393fa51099e2f7a6ef5c56e92b0f5576658a270a5b2bbf19cd7,false,30f39afbf8d3c4d4080d82990a75ff72e7cb73eea2c68153dea33943996ba64f
51734,c889304f23f4632d051e2a1a58d0037f872f80dc33a9863ba1397bb27d618ac5,false,e05219882fdc2e0b210057509802030fdb4780319cb8e77cbcb4c877758d5e5e
51734,c8a0b713e2b2ffac7c367645b41b76dd2727487cce32bc861f1ba45ead2a9f3f,false,9e53a5c576982fdaf0d042474159f6cce88aac58e316a2042c1c585d14ce682c
51734,c8e359c93a3d37f4b57fc0e5a02ff609ab54c9c35f17f234b506ab65b7f5ebc8,false,6504e7d7edae43995af194b073536a778cfd3b815206cd4af8c79f45be4e1f22
51734,ca59eeec2595d9bfaf8aed41c2e00f488289bf057a54f4170ee9787756eb8e0f,false,b6854bb4e6427527c8c0cdc41ee0a3ef30c1282847457bd9bd854225278b92a5
51734,caa7cd0c2a9df2fa65507f1c21572705d5a2dac40a5788af68071a01e34c77e6,false,136bf1d4391d7e8eb8e3e267e4e49098d4d4fff41e5d345fd24e0bcb0a9bc67f
51734,caaf0b58222fc5da579f4a258b3a6d43c8dda0c390d5b9575ebb07e9593319dd,false,1b78801c9c1092b2a4948c2dc6ab17b0afe6feeaf8d0419e5f4050f104c7c85a
51734,cafdd2fa59357a18f4ec04a51c2d51192c8be70effe17247901135a57d6ab964,false,8ab1a02186acfef974b831f742f18a23c3b85f09d5f704a000fbb6ae675fd88a
51734,cb941ffe586db716d0b61f940396ee0f00dde7019a723682204057a756fe99a9,false,5e30ee43cd19f98f4642e462aca6f7a5066107903f245b52bcaa976920590c26
51734,cc1a5aae7ffb96e682c10fefb93cc23e86f6d3e3a2fdf15c2aa990b2ced5fa76,false,c8e359c93a3d37f4b57fc0e5a02ff609ab54c9c35f17f234b506ab65b7f5ebc8
51734,cc529555d63e5815bb77ac19774e779a1d33416c2aff9205d06919c519d377b7,false,a10d6dfe9add5c3c32edf2a8851ae0e94b1ffac9188a163cd1127a881cb2bbf4
51734,cc8af8e6f04d58b31a43938285b1ebee7d0a2aea662b09efcc245f7120db622c,false,c780ed38b7c4f7e57867b599038fded05f0017ff54bf45f53bebce23a5cfdd5c
51734,ce7d989f8ee0130917b08ec157d4b6883da5ad8100bae97c83a78590ce2a3f16,false,e32f6633260d84dfdc34bc2433fc2c2e236a86ee009bea0ccb607bc04984eaba
51734,cea1a035f677d70d32ecc33f73ca80fbe4c8dc8813813b746828da6d39aed980,false,9367a7b3f9bcf0aec5c8fda4fc9083aa57cb6f9c8099eebf7fce969adf278935
51734,cfb463a79f7032618103005a437c0c9d3c7ca770e90d40365105492b0c70f616,false,9762ada118af08fc96942a290fa44857acaef7ff01a9a531a783c90085784768
51734,d139476aff056ca4a8dc6f8f455bbe2d05973edcf8ffa9a00ffd9b359344adef,false,4fc0c29466f4d9ea1597a9c4af35bd32d2fa9b24b5ae3a8ff4af49538e78b7bf
51734,d1641d879729b765b31c48551d15c7f9df5b61b39eaca6a291a0f2d1b984d475,false,9c5fdfb7457544d79f02c362e216512b11f9ad3abce98d590049ba2f596e1858
51734,d171f189d26e185306d79f3a34f165f4e397e50d18a4d4cea7bca9bc4373d7a7,false,ef597412264529c29fed19f0990bbb33c1d0c203ca466a99d1fc609bc007fb6f
51734,d183aa2f6de04a2446d861c2e9bc53bdc4853b44454b167226a9b39e5f254822,false,abffc8c594726aa643b01c811a613a7d011ab6d4c93a13beaca6e25684017e43
51734,d2c9abc5901a0f36403a212e736b299690a41940c4040078f47979b2bc7f8eb7,false,85befc4fb38b8cbe47c399c844be3893610860e0eaaa849b3b815d9b7521abc8
51734,d44a5c63672a493ccc789b201341eb352e1486a447f2b70b9e069c242d687187,false,a8a026d244a4f7a462c5f0e6544ce99aa3f1c96f1a31173495fda28c2146a6db
51734,d4bedaf339bc49e8a6beeb2d77fd4c2bad36ec737e34ac8b24e3a20840421e7c,false,f54f2edf1b7e9b5c4cc6c13b02b7cef95f1af8f7871b9a51d223ed0c56f8d7ed
51734,d708d889a3e96a4193a0118dcb0901aa481ed7e528518d90e33dd71cf4ba353f,false,5e50e461d6fbb7648bb73129730265a5330d4bc2089d10bfbdb968bab2ae5dec
51734,d747342f446c0c0da2ad9b3c3d04aa1ff7438c9effd9229bc3709183222cdb30,false,2db59e92384c7da3f34419e0c3055d7b77518d7f13930e6ee85bddd6ae996b48
51734,d7f5f250fbc4231b1d6f045ad6f0381cfec5dc0f985d415ce0950de740bf6a09,false,80dd4f2f1e078b063c0d0afae75b74c30bf0d48f0ec7ad538f8be064a0055278
51734,d8de0ac4937b467d5d9d1537a6e3863159e944513096e0dbb9501dc9c5f47004,false,55a97831b0d47292aab3bbbde02deb186832e8ad00f1d2f81cf1b3587fa490ff
51734,db23312c515186af2d60bf251bf5466cc73de2275bc75f64c8184dfa43521fa4,false,8e212705f4c1ff323dae662e8e6f5edb5b6bb8b1c2cadfb34922788aed3ac68c
51734,dce598209684d55a5c5a0ea854d145e11bc46e9685520a199fb33f82e80ad8e3,false,a3cb94bf99041b5b25116465aaced8c00f09c6f6faed5cd56db5875e9df020f5
51734,dd8145e5a80e8044aa27d0f41718ff3f9f7d680aebe5e14155f48be93270a81e,false,02eaa10636ab30efbb850a0205d86c575c51f0bb82a696cc65cc49e2826fd30a
51734,de1ccde2e671eea1096b3c35c3e1f93612537f49b3adb625653c7d32e92f0e5c,false,3136dd896027bbf50d1de77cc45711f0894a32399e70c08452f758dcf1c1ef25
51734,de2046443379821c9c90cb3d941bf0f324d57a131b22a8d21db77e75789e4496,false,ed47597bc56e1d8b29eb53e480adbb1c00e870549ffd222d5b4ea49c46d11ed0
51734,e05219882fdc2e0b210057509802030fdb4780319cb8e77cbcb4c877758d5e5e,false,0e4b0791b49220377a4282caa8a8cca9524b716ae6f567ab84ffb26748bbd5aa
51734,e06d53e025e73c21d055c90a39305a9acd01902745910b21c3e83c6055693633,false,c82d6a71a9cfedab5557e665be13cf6837d359520351e7566ebd74f969220912
51734,e082a82d3e21657f391178042008c6512d8bd4f432ca83973075ae05568e11e4,false,b351c76d9a02997a5888da32b8f8c12beb6630d0c221ffffc7eeef28536a337e
51734,e0b5167d98750b7b29ccd0bf468dbe16ce4d397fc2bdbbcda26d38106eb2e126,false,d1641d879729b765b31c48551d15c7f9df5b61b39eaca6a291a0f2d1b984d475
51734,e1a10afa2df3c5254268d6ad4cfef1bb47813b9a2366e8a4a7e8988a261bcc21,false,306dc3fa78af52f92cc92556a26932ea9a19627567bc7ebd5ce21fdc41096fa4
51734,e21fcfcfba89f7e12c2c95da35b50152583b0c311df742efd190de54aa1607e1,false,f2d91bcca9e36c3086fdaca101225e27abb62622df53e0456b03cc1c68f056c4
51734,e32f6633260d84dfdc34bc2433fc2c2e236a86ee009bea0ccb607bc04984eaba,false,b188e34a23fa748e5cf018fce525698ec657f081d0a4df0bed57634baa955b0d
51734,e535222685530d337e23ee8db71df5dea1900544124f51eefc57134524ca0a11,false,b3d885afcdf7ba2061821e32df2b422e4e30e891077f18d9c6d11371585d7c82
51734,e579cb8312b14eb9f91cc309b5773ae0130442697e3d0e2eedf2e7940fec6a13,false,106f4801f096c52dd1382740417933cabc62c7540478b095f8e64fef3696e432
51734,e582e9f76bb5600c63c7cf57946d3cd8b30de743c22e1c34730569ad187f5d9c,false,6410d47fe74aa0c4cffdcf4cdd21a68f7069d984f76676c97330d8e0836de83d
51734,e584d22b54dfc4766a0f776c8c83933e3cfda33765ca568dd2af25f437311856,false,524e27f998a2b1a8f5ab9b7decdcf9657864f90262404cdedd76bfb752238297
51734,e612140d59191d2ec79e7c9a678a882ca4c0c2e0c04f1f8a5ff002f8c0536f36,false,fbed567d70162b480f2680d5cd8d60ab9c4558d41152a74d7a9d3910ce935210
51734,e7db6fd61b6146e6017f0409520b6f7f7f6e662cab343489de4c5d1839f50b18,false,c33463f0518a712a7be7a633857a22adfaf2201fee6b552ff40a2b3111c8106d
51734,e8550681c4f786b19534627c1da6725db875c7cf56101abece6dfa50eef4267d,false,9c3256a5026db15dda9dc8d994d5430e9fe55fe38c2c10ea898301a57d9e2c6e
51734,e86efa2fa0b5a2ee83bef3e67090d272e3d92bad3c2f15725fd0f38755bc635b,false,e535222685530d337e23ee8db71df5dea1900544124f51eefc57134524ca0a11
51734,e8e22182652119288ae63d147df1d77becc6d3b525b03077769f93f8d7de2681,false,c52337e9e3fec214ce690bbe1ca01f34484064e8c477f9a7a685eea6f2a44eec
51734,e91329568618599f0733cc8c8fcaeac4c6e04080d01b28b3067421764c2570f9,false,6bee1ab85da63a435e02cc2eece4e25be6fc64e19efc7583a72624c2449e50fd
51734,e9c2b6f3fd87ffd127080a2e55e055c648e45f9096b6022a06fa283937bbe6be,false,2e00e4a86fb88d327da01559f4df7b2e853c0123e7527f00dd87028d73951988
51734,ea13863b8fb48914bc7b3fd77cbf4f5ce5686df22d4ef2ccf39f8446a750ec14,false,bf38f2678b86886562d8b20d7ed0a55986ca661057e33540d51b62098ea92539
51734,ea6d33443d890a11c41122a7fc2e034a7160b5fe9db8fb518339c02a99f45fc5,false,2362aadfa3b32b932d47b22ee6990a1a80247984183f3adc3e0609557edde018
51734,ea8158a9fc87815fbfde43c075bba7621aec791c6946184d18b5f32c47cebcde,false,55f5c5e86144df6f88d8b00882fea68cbd089876e66643cfee7ecd61f48dbaca
51734,eb3d91e93782902d52b3d5cc01c5a4036c8e3500c8ff6fc35399a5bb4c699646,false,05eff9ee186882fc25d768d07400db65ddfe3738dcc4e72997941c619a317b0f
51734,ec65f882ccd2bb88e9e17272a9b2df79ae8723409a7bcd22bad2e4fc2f9d1876,false,1644746d7ec5e085e7cec0f71815231bc7e5b1e5d2ab35123e97eaed74604862
51734,eca3c9d49ff6a882fee70cb0f8bbfe7f8f7acd244b028bdef5e51f38cd0fe23e,false,a9c728967f9336ca9c9fc4aaaf00bd4de987942ff0409e8c373ffcf77f2216fb
51734,ece71ce34d946f993ae81af021d7b604b1715edc097edcf9ac2a3f3e711e7317,false,1eccbb2cbdaec75eee13d786b6fce8486b692784345b98d48360046027f604ca
51734,ed47597bc56e1d8b29eb53e480adbb1c00e870549ffd222d5b4ea49c46d11ed0,false,2fb72cfc67b8fef0b5aaab371bfc0702d8f72bfeda5b0f2e6bd09b348c7b751e
51734,ee34f36f58bcf02947503d9b6ad4915effd4b91091fb3e3b62e45b755c59987e,false,69c230b45e44f709426a5ade1fd0ecb25e0065c2b3b86dec8c463c0c8f59a53d
51734,ef597412264529c29fed19f0990bbb33c1d0c203ca466a99d1fc609bc007fb6f,false,f4eb7c20fcdd18fbf38e93422d739b627d79299356448fd73cd86034f1514d05
51734,f005437cede825dc708bf0d5091b7ec57e4e5571397ccc8683e79366776e05e9,false,9d423f39137b0a17a22ac54ff88cefcda673ad1d398db263b8b2854429672f8b
51734,f02f30fe99cba37c9381775970b123cb0d9b30b8f03996f96cda341513b005b3,false,251c1d993d40695970fdbf00b4063aa3b95ab48fe3b5ba4946afbf10d9b0ce3a
51734,f1cadaaeb6bf6261e99f3a2a7b980e3d68f9a41b2a4f9c7099e824a320898df8,false,683e88bb738dc3e57a6c5c4fa8f4f82749ab76dfdf97d794b9ca1f3620c67ff3
51734,f2d91bcca9e36c3086fdaca101225e27abb62622df53e0456b03cc1c68f056c4,false,56bfb0baacc11b7c1e22326cb814edfacd8a524c98fd561e5114f1978b024eb4
51734,f38b6c79b370deb8deb9644ff6f9412605261a4adc00b68d266c3b0c3221c78f,false,b551a7d5d2d8dbaf584f465fe67b6be9c9b00abb5ec4096d36fcca77118322f5
51734,f3e3e6d35a63d0dca1ccc175540e9c815aee337a1b416741faacb06ebeb4ff7c,false,caa7cd0c2a9df2fa65507f1c21572705d5a2dac40a5788af68071a01e34c77e6
51734,f4221d3d21baf05ca87291d1d4c7175e2f3371b1a42d443552bac3de96a878aa,false,4f4e671ee92baab98ee00961101863628186421441b1b7a728e3a98eff7bd6d2
51734,f4ab4f3f7ccf6cbebbd8754146e8bb89662465c8a2297d7eeb0c37fec8aa05ae,false,821d55a21b940868abff7894d785155c8ee159a7f043a20d0d79e6b8959ed2f1
51734,f4eb7c20fcdd18fbf38e93422d739b627d79299356448fd73cd86034f1514d05,false,22c7959263dc31a1c57b3c6cd4cff2cc6e6407d81ca669667d4e8f55be04b027
51734,f52e44e9588736ff055d2c23214208e5befb850ad1c0d7f5a2bce1fa886f46c8,false,2f343e96c09a9d3b487738a3fa41330d9925b89ed1184a837c8bfb011b3233ae
51734,f53187655184f000fe3d1fe2e3eb48f0a1195412b1b14a44a1758be7e798684d,false,765eb3f82bb3b5bf3c0bc92dc5a30442763d55b8a0051784924a5f925057086f
51734,f54f2edf1b7e9b5c4cc6c13b02b7cef95f1af8f7871b9a51d223ed0c56f8d7ed,false,70c7d28b1f72ae9d04da49b6a4d57831405ac7ddd66024c46273c615f3e9a43d
51734,f58c6f9b2d677366ae74ac759bb8e999f123d90ee596d63d84e9f7bfd1e575d7,false,358e559bc894c93ee285463ac24136b7832a486aeb0ca527497a53e99b4d3109
51734,f5c4313a2f580f8ccb96454533f0392b5830ecf9279775d5873bd6c1b7b154c9,false,e91329568618599f0733cc8c8fcaeac4c6e04080d01b28b3067421764c2570f9
51734,f6de13c12808d8734d56eac1526e733f3d7b28bd7af96955fd0ca56f3ee73e5d,false,36e6dc1376e4fada612b1d4688e3fee26458645368d98bb9e44da460194039cb
51734,f9553f1ca2ab36e810a05b620bc95ca8212222911d3a5a51071f4806bfce4da8,false,7cca4043fc5f91985c5329f89dc6f795d32bf106e34883326f94417e6e0ce2ce
51734,fa977ef8d91298bbf603b805b8bdd2b8baac872c59a5fb4fbf281735a97a3c35,false,ae92879252a7f414d5ce795da968cbc1019978c85fea32a0d25a1c722c7bd74e
51734,fbed567d70162b480f2680d5cd8d60ab9c4558d41152a74d7a9d3910ce935210,false,3e522a766af45d14a3d0c094afa38b7deb56159334cfea15e996b3da01de6f91
51734,fd0b8db16e3d3c9129f62f1a52ee4761010a45733b8138b916d229349373a3e9,false,98c818b786b11031e9e11cff4a31172f36df20e8c4b98f4d43a818b984b226ad
51734,fee88a11847611bf3bf0540c1f4b28c07a98b0752d914c61a931b1808cb625ab,false,e582e9f76bb5600c63c7cf57946d3cd8b30de743c22e1c34730569ad187f5d9c
51734,ff0be3fff334d6b7d44dd4191473fb10c61dae5873c3c9d9e956c0a00f9cc843,false,354fae306dcae614d1e8921ad0385137acd7a5fa24f843c109515f3621367679
51734,ffae378cda63943d496872faabeb8aadb4077621538dc63c6076769ad1478c17,false,241c686ecaf0b9dc9ae902562ecee850707f871779157c37f42f383755c405cc
51735,00452a43f6b326e8eedc9a9eaad7575fdfd89c1ac9f4ac5aa31438b417c5665e,false,0d3903a10a75bf4c627f15286c5450e2b4b80ce289b9968072960a3ee1fb9906
51735,02283e088e2a2312d8bea69e4ddd41d0bee8568c7ca8be3de5ac75cd199ee643,false,af0d4d64cc90f1de1f23b3829a1fa996e13702050c6ab2d2fdc2201b71f2a907
51735,02cba578b2b59739c445381be90d8dd5b06e8e6030936f49880bb55cb4781961,false,384822dcac2142b58c1a60820733a1c3864406e780721e0b1c3eb64480452604
51735,034a309844c9b9498cf82cb51d5e0a388fe06a4271e8456dc403a9a48887f4df,false,effd9ce1d9bdd08c6da00a3679e2bbd35d0d8303bb310bb007c892bace7e9727
51735,04d98061da65e7d517a9d3daafd0d72aa060dff61254168f19f1abc54710c54c,false,41ab838c2f77f570bfb203c1492043c4808d25c674b6d5ef427c3c7461d7bd9a
51735,073eff093a4d9f4052d594fae8997e7e3c1d53c3f173618d5a307e451773fcc7,false,315d8374c1e361c4fbe70cda29e4e4bf2b0ec645714299f01be2a1d5ba621a8b
51735,0a77b3c9171618d84bd43a81f0912d7c71617e870a0285cb94e5a7d40216d0aa,false,94178e0f3fab417c2d7476ec61e4efb87547ce4521d3c67625a90788cff230d1
51735,0c2bc8591e454004c2a7b96c5180933b650b75b333346dbf723e83ad91a5fd35,false,ce7a31fd739ce66203b93fab3ca172419b01d5fe2321eea7a47533e641a6ad3b
51735,0d3903a10a75bf4c627f15286c5450e2b4b80ce289b9968072960a3ee1fb9906,false,ac646f02c0be8e1ce546aafb7fdbd909cb0c166a588b19df655596253d0d2fcb
51735,0eb60b007ad64a8cb82f248c68c4d9cfb1e080fca0b0780f0062d859a5f5399d,false,2c10faf3ae0d1ab14b4f2d6b990a3084438eccb51cb133d467d8e9091c08272b
51735,109dac5068baa548b02c3c483457e353e4715606720fa140ccb219b3a20b4b09,false,0c2bc8591e454004c2a7b96c5180933b650b75b333346dbf723e83ad91a5fd35
51735,1dc1147d541eea33b4056c53693d44297cd9a5ce34e94b31d08b03db49f28e04,false,cb3b3e76287921a835de9e5d45dff9eac93925579d423c3c8b40224329376a08
51735,1deab5c0995d51384c739aade5247b6eb02fc9b3f418377f8fc5029b685a5a70,false,f244202ab5b4242b4ae82f54738dbd549d4d6513a575a2b13143d6740cfb81d4
51735,1e16ada32cb971b33437acdf1180b5dc6369d8fc0857f95f0138a8e39058d4ad,false,2a3fe89bf77e39cf4bf9d24df56d2c610d2c5c25ba510a0849de77e94381016e
51735,1f5ac527fafebdc8e25eb231c4b18acbfef1c585d46e99f395ef67464c5b6014,false,c9061d92abe5d06fe78e53c2638505569be04e656bac8b13945d06e45504b81b
51735,21dd2d911e298b0e01c9f5d4549ef5707d0b5d4f89ce4edb18b7b78de7396a31,false,aee6be6d4d5d5f697ede022106c1acd09b834d50b7942af332f166c18b5ca6de
51735,2204258dcae8f3ab69953281533323031a56056fb35802f457dafa13a2eba93a,false,c9d56eaf0530436076cdc5390017b2a3726245a05b5567dbe7ece976f7ce3b09
51735,236145de9d0c4659b79ef8972f23ed2e0dc5f270ff9af55631f959d3e84f1d1a,false,38317bdcbf047b926c9f9a082c565a64da75a4c18faa7ad7872ae19ecb209aed
51735,2388225c8835837b9f689aff72a560b1a1418b919a0f20b4331a443235c06a06,false,82e9765d4a4bcc0909680dba588cdeea87ec0b08c62e178da0e37da4455d8f9b
51735,28512fc4c7a49d560330002e8fe0c76f4baec6364477e741e7b30984cf807dd8,false,b228ae63c481a4baee9e340b7f20b6edfc8917e1008087fe638e1c32cdf7007b
51735,298fcaa93ec5c1b85f18894de667b22fb788a478ae817f5fd10ddb0f34a86554,false,aa3fd4ce46ebf1c6991eb7ecbd471816d3af89962b8cb7a200481ba1f1c6b86d
51735,29c5f1fdd01996e71d1887ac23199e8fcab89eabaf56463bba8e9f6785aa07bb,false,e1e3fb58b10c4c1a74d920fefcec004619784e0fe4270ec51c5b86040fe79eab
51735,2a3fe89bf77e39cf4bf9d24df56d2c610d2c5c25ba510a0849de77e94381016e,false,39e849b7b34609946351d867fb1439ca52e962a48fe92e46af0cba4664a47570
51735,2b8ccb10d45b78ed489f2fa68a1e218174b7591c8a7b9d9a7d17dc6e6b461298,false,28512fc4c7a49d560330002e8fe0c76f4baec6364477e741e7b30984cf807dd8
51735,2c10faf3ae0d1ab14b4f2d6b990a3084438eccb51cb133d467d8e9091c08272b,false,a867551741521a5b9bbce8e88a692f954d0b0310161c58d5f3f24d877977626c
51735,2c8cf8a9b89d86f7812962b7ee0f7de2950639ee6ef5b9a2edc5ce199e93bd59,false,758209b540a3782e4b143aabe1bc58c890a0e957184e3361ae109ac920770aec
51735,2f77e9e2d337cb67c79381fc77a6b36ad9b22a4bb665588f9f2d641612168e60,false,823541bbcb7031487d6f4f53cca04f4381f7f88ca6b32c7da816726d2f593827
51735,2fa1fa59ef5f1b953704a0f41c662438de19abaefb1596ce6ed0552bd7c6c361,false,625311c568bcc2fbc4c663a889605bd38e3531b2c0fa25c648061cd28dc9aecb
51735,315d8374c1e361c4fbe70cda29e4e4bf2b0ec645714299f01be2a1d5ba621a8b,false,e54f73099e4e356343a532c41d75e570e59c1e1f56a27d0b3780bcaf00001a3e
51735,3160c9f9eb0cb26ba7a1c6745f395ea41f07da542f378dd71555741ce622170f,false,c1dce1d4d3c80d5d3f3199c9200b570b5d1b314e3c70dcde77710b3831214375
51735,32d3d1db140cfcc95b7fb93acc840f65f05e42f6455b329b60e29572fbdac4de,false,9cf6dfcb8c98bc21995475aeb157aac30f27c7c095d4ecb4b224c92bec79c222
51735,3306366bf084ff74668d572250164fd97a043ccdf02ed1e37c5d1d13f7bed362,false,d773da1a7c178eb9043f54dd0bb07a324f92f9384bf7d4d83a7e1b8ebc4f383c
51735,34a36e2b7097ec820f4e4a687736cac3654a77c244badfb8e2c52843f8f2ecaf,false,dd30178d40408bf79313937160ee927a3d8ac749488212f1f449a9d4f3c55b5d
51735,38269da6c9f2f80544a96a9e89db96ba65f5b84ca7b1881bfe50f4dce029b268,false,5960b4f4bb0e5482091a6e09297e9009c633ee5aad3e5699dec25115bbab6bdb
51735,38317bdcbf047b926c9f9a082c565a64da75a4c18faa7ad7872ae19ecb209aed,false,e2f22f443a7ea3eb351d38c44386aa8bddcbf834d277b76d526a20697a9743bb
51735,384822dcac2142b58c1a60820733a1c3864406e780721e0b1c3eb64480452604,false,7294d40286e0b3714d304dcb2002bf2e36e0d51aeb2e685584a0ea049909cb5b
51735,39e849b7b34609946351d867fb1439ca52e962a48fe92e46af0cba4664a47570,false,9dd40afbff0718beece82309f0ae29eab73580e2cd6ed37a6cba9341155db8cb
51735,3b9ee3faec4763ee798a814a3a1517e4963be284cd6d15b7489f166a2c17b23f,false,1f5ac527fafebdc8e25eb231c4b18acbfef1c585d46e99f395ef67464c5b6014
51735,3f3923a87965f09b936e6b641e98270245f989b1366ba7aea6a2ff99ed7edfa5,false,109dac5068baa548b02c3c483457e353e4715606720fa140ccb219b3a20b4b09
51735,41ab838c2f77f570bfb203c1492043c4808d25c674b6d5ef427c3c7461d7bd9a,false,2f77e9e2d337cb67c79381fc77a6b36ad9b22a4bb665588f9f2d641612168e60
51735,429e28cc51e27b5f8088d40bba8ac10729c6f2c4222cf4c41cc7b98866a81ece,false,d5ecbdd9ea52916b200ded397a08944a72902303b9cd2cd3fe16d6b2aed79072
51735,4469092947a437f9b4276e0a7e3c899a2b74b2fe325e49202c3005911adaab85,false,778632b78002da04fab03a58ee3586d12379c26ae4560e24ddb646604f71a56d
51735,45e50fa3710ddd991c9fb3059ddeba116670578f1322d94adaf496f514fac2a5,false,5045b83ebc1c1b9284ddc1d4345b88c8448f9aafcbff709ddd0947b96694fafd
51735,4646fb0c620a7d99d68064f073926cfa77535495cca8c8767c8997f99eb16757,false,7f9a8499296f61bdab84a64ccd91cb344da325f02f90f2521817520cdd9fd933
51735,4692f99894044df13dcd828beff5a5d237583dba423d40915c0b21b129a2544c,false,69703b8eb917b935f25f87edaf5034a9b8c556c85ff3cb462339f87e9ab0684d
51735,46c8634b7ce860035a989a1c81d78daf088753732e2766967758f61a77e428f9,false,3f3923a87965f09b936e6b641e98270245f989b1366ba7aea6a2ff99ed7edfa5
51735,4a479fb303eafec3372ec7a5c5bcb82484634dcc8e408d38f2723feffb67cbff,false,1dc1147d541eea33b4056c53693d44297cd9a5ce34e94b31d08b03db49f28e04
51735,4b36a67c758cd62ee95b01f9c54f73e001b604f26d9e001a8af3d55391624e74,false,3160c9f9eb0cb26ba7a1c6745f395ea41f07da542f378dd71555741ce622170f
51735,4daf4ffe9350e02615ed6651bf7c0b9eb9a98e8eb9693891ba96861a90706ec1,false,4a479fb303eafec3372ec7a5c5bcb82484634dcc8e408d38f2723feffb67cbff
51735,5045b83ebc1c1b9284ddc1d4345b88c8448f9aafcbff709ddd0947b96694fafd,false,eda0e73fe14a1849b2605ef224c391f7d71b4751d0df8173be0843ce1bbdd30e
51735,52c0dc4107831d55366514fed78020a3ec9e81a9583df5439889bfee74f837ca,false,46c8634b7ce860035a989a1c81d78daf088753732e2766967758f61a77e428f9
51735,53a59939b77776eb82e1759adf23eab31c92aa7487e733b00f78fdbd6baf8912,false,4646fb0c620a7d99d68064f073926cfa77535495cca8c8767c8997f99eb16757
51735,55a00e399af6dd18c8cd98287167124d0ed54c4399fe8c13c0a75888281be7c9,false,2b8ccb10d45b78ed489f2fa68a1e218174b7591c8a7b9d9a7d17dc6e6b461298
51735,5650e9571404eb21b3b54fcff1d703b67031d464b8d9fd139f2c499b943bd988,false,638ef720cc3b655f51c598b8cbd5d6471bb673430bf3307a2a965060211837e2
51735,5773e8e84153f3d60ac6d8e85ff6cc9251c189dd347102d6b470ca4492b3e81e,false,bc0f9d6d7d24f9a43df97f1d4cf9758d36cca26f4df2653f482fdc59e5f4e7a3
51735,5960b4f4bb0e5482091a6e09297e9009c633ee5aad3e5699dec25115bbab6bdb,false,5773e8e84153f3d60ac6d8e85ff6cc9251c189dd347102d6b470ca4492b3e81e
51735,5ba0df1d1c3fbf0639fd52266b201947e7175457c9675debf26ffdf456630813,false,f8a549d74a11a2ae8bcd2cbb433bdecc385e20fe4c566275d9c3d7a95a6c0068
51735,5da0cac7f7b382a2b0c73f316af440a11d79e4869a28d6898960e0fccea3de0f,false,073eff093a4d9f4052d594fae8997e7e3c1d53c3f173618d5a307e451773fcc7
51735,5db596013bdca15dc7f86f6626723d3048b8b7be9319a9d108ca025cc4c880c8,false,ca14bacb2f75f7f7f5cc6b5d790a5e829c885dab9ad1ce221d53fcab138307e9
51735,5e2937545e00621d0e09d252aa542a4a9d968e92e344a3421205ddd403703ace,false,96b83cc9de57fe2baf6f3e16ef2f3ddd5bb1f64c09a5ce18cf449cd0558b4416
51735,6020878d1c0b0344e0af079b37ef5f3c47baa69f4e9b5f855085da49fcec61a5,false,ac2f300a301271229d7742c6dc3e4520cde963b572ff51a9f5c194c4d5e1c89d
51735,61057894a6d12cd350b9660e53dea5d5c34e05470d07c32e019968188ea85548,false,ccc8bf51bf4e07d04b3f9583d39c95873c52a80fae578702993f6e751880f759
51735,61878c7ae554419c17bdc6e8789bce2e4746a17f2a0b639386c2d49e172c8cd6,false,29c5f1fdd01996e71d1887ac23199e8fcab89eabaf56463bba8e9f6785aa07bb
51735,625311c568bcc2fbc4c663a889605bd38e3531b2c0fa25c648061cd28dc9aecb,false,87b7463ae25127e5a4c5628eb6a2e0c2549290e1b6ae6ec9ce5b9c6082c51abf
51735,6365a1cf3e617397f9129173916d5082b6bdccb837ccad71de8cd88a173397fd,false,21dd2d911e298b0e01c9f5d4549ef5707d0b5d4f89ce4edb18b7b78de7396a31
51735,638ef720cc3b655f51c598b8cbd5d6471bb673430bf3307a2a965060211837e2,false,6db4678bd7629faa5ee24ae64b775b287c98435876a2dc7557182be4aeb1d478
51735,64e8167697251ef6f68d807bd591df6835dba64cc6a3b2975ba0458c6a6a6330,false,236145de9d0c4659b79ef8972f23ed2e0dc5f270ff9af55631f959d3e84f1d1a
51735,69703b8eb917b935f25f87edaf5034a9b8c556c85ff3cb462339f87e9ab0684d,false,6020878d1c0b0344e0af079b37ef5f3c47baa69f4e9b5f855085da49fcec61a5
51735,6c3999f55294092bdf6641f54ab12097654b0f224ea486da44996d093a8bc896,false,5da0cac7f7b382a2b0c73f316af440a11d79e4869a28d6898960e0fccea3de0f
51735,6ca12dca3c0e8bf06db4b28b3fccc5cee7d109612a51890371357861b5d74f13,false,2204258dcae8f3ab69953281533323031a56056fb35802f457dafa13a2eba93a
51735,6db4678bd7629faa5ee24ae64b775b287c98435876a2dc7557182be4aeb1d478,false,78f4ded29e0f8a995ea89aa9a6a30f7335425b2cb7d11d220600349939e8141e
51735,6dc62bb78457764eaea9d2d5caf4e2a2bb3949dffe55f1d396f7abdccbc9a726,false,00452a43f6b326e8eedc9a9eaad7575fdfd89c1ac9f4ac5aa31438b417c5665e
51735,70265a18214f34cdad646d6bd0a90d42b00e17a6742b262c323412394b7ff5d4,false,fee450813ef914e595459b96588fa0c51b7e7677eeeceef85e6018e173e016d1
51735,711d1d543d06d36f981f4688e493fbbcebf10bf34af1ef9d58149c18c399540a,false,4daf4ffe9350e02615ed6651bf7c0b9eb9a98e8eb9693891ba96861a90706ec1
51735,71830ab6b7ca2996400f4b832feb7bab87433edaf79999b9ec88a25ae298ead1,false,f8300683dfd76eedae69c108591c21dd04e81304eb34b12885614da5aaab4e70
51735,7294d40286e0b3714d304dcb2002bf2e36e0d51aeb2e685584a0ea049909cb5b,false,6365a1cf3e617397f9129173916d5082b6bdccb837ccad71de8cd88a173397fd
51735,72d9debc6b8a95dbe3666e8eea3bf51fd72ccfaaa05fd5e6f56f0dcda0a52018,false,9afd8d7d9dd1b01d3d794efabec49e2aa45e2670d5a407bbac4a61fb1ee5451f
51735,73dabb2490831016fcfaba3ff381afbdd2c2e7915db5248c8e6b281f7e28cfa5,false,8373e0034eb57ed2742a4fabfbd9706477d5dcfa450ffe5e916bdcd58f2c1d81
51735,74704bbb3d6e655dda68791ea47d6ed1055827dc96e188e8b342486b62d4a090,false,04d98061da65e7d517a9d3daafd0d72aa060dff61254168f19f1abc54710c54c
51735,758209b540a3782e4b143aabe1bc58c890a0e957184e3361ae109ac920770aec,false,8a638ae6fa5da36fb6368264a86de0fbdc7b7b95f8bfeacd12290ed7d38faf0b
51735,778632b78002da04fab03a58ee3586d12379c26ae4560e24ddb646604f71a56d,false,9c8294234c1b719061fc3ad3764c1fcbd08261c67330246a01470aa1b55998a3
51735,78f4ded29e0f8a995ea89aa9a6a30f7335425b2cb7d11d220600349939e8141e,false,5db596013bdca15dc7f86f6626723d3048b8b7be9319a9d108ca025cc4c880c8
51735,7974dd1870c5c097fca5ea224ca24f2bcfd2d85dfc51d0c313f2cee834e942f1,false,e84aabc887bd255177529e23a281d67bb24e9abbfca70e7463b7465a64caed43
51735,7bb2b670eb6b7ef5fc00d42612f1afeb1ab83cf1d33a4c99ddb87f7ca927be71,false,0a77b3c9171618d84bd43a81f0912d7c71617e870a0285cb94e5a7d40216d0aa
51735,7d6ef0ed4dd06a4862cf44b507874932b40c29c7285fa81823d6532a9ca2bdfb,false,711d1d543d06d36f981f4688e493fbbcebf10bf34af1ef9d58149c18c399540a
51735,7f9a8499296f61bdab84a64ccd91cb344da325f02f90f2521817520cdd9fd933,false,73dabb2490831016fcfaba3ff381afbdd2c2e7915db5248c8e6b281f7e28cfa5
51735,823541bbcb7031487d6f4f53cca04f4381f7f88ca6b32c7da816726d2f593827,false,61878c7ae554419c17bdc6e8789bce2e4746a17f2a0b639386c2d49e172c8cd6
51735,82e9765d4a4bcc0909680dba588cdeea87ec0b08c62e178da0e37da4455d8f9b,false,f8d0447fe221c13e21847053930b916cee4c999131308c53afe6c047f4e94ba2
51735,8373e0034eb57ed2742a4fabfbd9706477d5dcfa450ffe5e916bdcd58f2c1d81,false,02283e088e2a2312d8bea69e4ddd41d0bee8568c7ca8be3de5ac75cd199ee643
51735,841701266054d5e00d69317d4f477708e6a9b8401220337cb69bccb40d2b5709,false,38269da6c9f2f80544a96a9e89db96ba65f5b84ca7b1881bfe50f4dce029b268
51735,86e0d44bbaaca4a42e5791a10d98614794c40070bbdef16416ba2eaaa0935f55,false,ddea4040acd641025ff7d37af9151943bfb2ce1d84af3803b8dd863a50fd1669
51735,86fb65abc6bb633b772d26afa02449044779a9490e2d3367953eb41590c0cba3,false,2388225c8835837b9f689aff72a560b1a1418b919a0f20b4331a443235c06a06
51735,87b7463ae25127e5a4c5628eb6a2e0c2549290e1b6ae6ec9ce5b9c6082c51abf,false,3b9ee3faec4763ee798a814a3a1517e4963be284cd6d15b7489f166a2c17b23f
51735,8a638ae6fa5da36fb6368264a86de0fbdc7b7b95f8bfeacd12290ed7d38faf0b,false,917c5a1664c0bc8dd777707e36346f28a3a6a3397608f415b572ed3b230599b5
51735,8c1af93ed1d27f8ab6962299588d043b9284cf407a6c40e40b26337e403e7326,false,e46479a9ed57fa1bf419ef19e96ce9e316e8e97cf02f796d26e9d0e70bc962a3
51735,8c3256ebab629123388bb9465e49875e7f622a6357e216ee5bfa29f317dfa640,false,74704bbb3d6e655dda68791ea47d6ed1055827dc96e188e8b342486b62d4a090
51735,8daefef5aa516395ac845cd55d1988515d952e62d21efee82da51dbc72700bbf,false,55a00e399af6dd18c8cd98287167124d0ed54c4399fe8c13c0a75888281be7c9
51735,917c5a1664c0bc8dd777707e36346f28a3a6a3397608f415b572ed3b230599b5,false,8daefef5aa516395ac845cd55d1988515d952e62d21efee82da51dbc72700bbf
51735,933f47998fb2b4927179107819fc8330beb7fefb10bda1032061b511d6db93e9,false,2c8cf8a9b89d86f7812962b7ee0f7de2950639ee6ef5b9a2edc5ce199e93bd59
51735,94178e0f3fab417c2d7476ec61e4efb87547ce4521d3c67625a90788cff230d1,false,7974dd1870c5c097fca5ea224ca24f2bcfd2d85dfc51d0c313f2cee834e942f1
51735,96b83cc9de57fe2baf6f3e16ef2f3ddd5bb1f64c09a5ce18cf449cd0558b4416,false,71830ab6b7ca2996400f4b832feb7bab87433edaf79999b9ec88a25ae298ead1
51735,970edf2071d72a8016aad90008f7f9ba8377a8299a68b2d3de69637648802b8e,false,f1a8bc131724ad6aa43901fd07a0916dfedf9a9a2d8552a4aaed101970c04f85
51735,974bff504d46c4e37ab676485873e2d1be7f530eb3d424ad78b32e74a7aafa0c,false,acc9e3caf122f2be1ab81991c4f999ddc05db1cf6d9d76d72bb8b96d38480360
51735,984bcfe2fe6d9cfec8839b492e142e3191dd8c7dc55caafb548bdcbd4c823214,false,fba30eb2964e1e5814ec7e75a1c7658972d561b8b153e578a5edb954d85e39fa
51735,9a1e7025f6897271480990928b1573c3534af5d9f2de35d903b703ea1ab12d71,false,ce28ecb4b4d5c92228d9b3d099cf9a5c5308e0b8a0466d5f01e94a58585039dd
51735,9afd8d7d9dd1b01d3d794efabec49e2aa45e2670d5a407bbac4a61fb1ee5451f,false,53a59939b77776eb82e1759adf23eab31c92aa7487e733b00f78fdbd6baf8912
51735,9c8294234c1b719061fc3ad3764c1fcbd08261c67330246a01470aa1b55998a3,false,7d6ef0ed4dd06a4862cf44b507874932b40c29c7285fa81823d6532a9ca2bdfb
51735,9cf6dfcb8c98bc21995475aeb157aac30f27c7c095d4ecb4b224c92bec79c222,false,1deab5c0995d51384c739aade5247b6eb02fc9b3f418377f8fc5029b685a5a70
51735,9dd40afbff0718beece82309f0ae29eab73580e2cd6ed37a6cba9341155db8cb,false,7bb2b670eb6b7ef5fc00d42612f1afeb1ab83cf1d33a4c99ddb87f7ca927be71
51735,a3865f4ca66d02500d68f2e462bab098a5a185f1960d99d924e2e6978ad9bee7,false,dbdef30ef667ba481707c6c450ed98f77b4b2e1fefd79a4db076780675c705f3
51735,a6cd2ee073ccd92bce523eec79e7323e58d7712fc1b344ca39b45d3a06613989,false,32d3d1db140cfcc95b7fb93acc840f65f05e42f6455b329b60e29572fbdac4de
51735,a867551741521a5b9bbce8e88a692f954d0b0310161c58d5f3f24d877977626c,false,2fa1fa59ef5f1b953704a0f41c662438de19abaefb1596ce6ed0552bd7c6c361
51735,a956ada15fdb21e32b35143aff30afe0f02656eacbd7dc63df1cdac7f50b0cf5,false,64e8167697251ef6f68d807bd591df6835dba64cc6a3b2975ba0458c6a6a6330
51735,aa3fd4ce46ebf1c6991eb7ecbd471816d3af89962b8cb7a200481ba1f1c6b86d,false,edfe50ce048a7018af80684a8d9452db97de6f3f120dc269d10a33650eca549c
51735,ac2f300a301271229d7742c6dc3e4520cde963b572ff51a9f5c194c4d5e1c89d,false,70265a18214f34cdad646d6bd0a90d42b00e17a6742b262c323412394b7ff5d4
51735,ac646f02c0be8e1ce546aafb7fdbd909cb0c166a588b19df655596253d0d2fcb,false,933f47998fb2b4927179107819fc8330beb7fefb10bda1032061b511d6db93e9
51735,acc9e3caf122f2be1ab81991c4f999ddc05db1cf6d9d76d72bb8b96d38480360,false,3306366bf084ff74668d572250164fd97a043ccdf02ed1e37c5d1d13f7bed362
51735,aee6be6d4d5d5f697ede022106c1acd09b834d50b7942af332f166c18b5ca6de,false,034a309844c9b9498cf82cb51d5e0a388fe06a4271e8456dc403a9a48887f4df
51735,af0d4d64cc90f1de1f23b3829a1fa996e13702050c6ab2d2fdc2201b71f2a907,false,61057894a6d12cd350b9660e53dea5d5c34e05470d07c32e019968188ea85548
51735,af367b05d22b6c8077938fd93a688730d022bac39c9684ac3444b377edd713b3,false,5e2937545e00621d0e09d252aa542a4a9d968e92e344a3421205ddd403703ace
51735,afa55c2ce0e1038d87921d4de7b13a456edfa5ca6f44cddaf4cda9f1db441481,false,4469092947a437f9b4276e0a7e3c899a2b74b2fe325e49202c3005911adaab85
51735,b0ea9ad9fee9861432767f4f7f843172cfc8daff9b8bbb288d7ac3485b9cbf0d,false,974bff504d46c4e37ab676485873e2d1be7f530eb3d424ad78b32e74a7aafa0c
51735,b139381488f5ab2fe46186f791b1e6a9abb9db77ca465ad8e65203613ab3d59a,false,298fcaa93ec5c1b85f18894de667b22fb788a478ae817f5fd10ddb0f34a86554
51735,b228ae63c481a4baee9e340b7f20b6edfc8917e1008087fe638e1c32cdf7007b,false,a6cd2ee073ccd92bce523eec79e7323e58d7712fc1b344ca39b45d3a06613989
51735,bab3557a58582c089dc811c38167a3cf27146bb52596058fa743e9bd97d4af1f,false,5ba0df1d1c3fbf0639fd52266b201947e7175457c9675debf26ffdf456630813
51735,bc0f9d6d7d24f9a43df97f1d4cf9758d36cca26f4df2653f482fdc59e5f4e7a3,false,ff9de76150fe04dd0bf099ef7d1e05bf050217690906b38a3816b2347c7ae1d0
51735,c1dce1d4d3c80d5d3f3199c9200b570b5d1b314e3c70dcde77710b3831214375,false,52c0dc4107831d55366514fed78020a3ec9e81a9583df5439889bfee74f837ca
51735,c9061d92abe5d06fe78e53c2638505569be04e656bac8b13945d06e45504b81b,false,02cba578b2b59739c445381be90d8dd5b06e8e6030936f49880bb55cb4781961
51735,c9d56eaf0530436076cdc5390017b2a3726245a05b5567dbe7ece976f7ce3b09,false,a956ada15fdb21e32b35143aff30afe0f02656eacbd7dc63df1cdac7f50b0cf5
51735,ca14bacb2f75f7f7f5cc6b5d790a5e829c885dab9ad1ce221d53fcab138307e9,false,6ca12dca3c0e8bf06db4b28b3fccc5cee7d109612a51890371357861b5d74f13
51735,cb3b3e76287921a835de9e5d45dff9eac93925579d423c3c8b40224329376a08,false,34a36e2b7097ec820f4e4a687736cac3654a77c244badfb8e2c52843f8f2ecaf
51735,ccc8bf51bf4e07d04b3f9583d39c95873c52a80fae578702993f6e751880f759,false,e54102588192c4d2ba78d4fc7c9cdc2705f618828b4855db986f6e644149cd06
51735,ce28ecb4b4d5c92228d9b3d099cf9a5c5308e0b8a0466d5f01e94a58585039dd,false,8c1af93ed1d27f8ab6962299588d043b9284cf407a6c40e40b26337e403e7326
51735,ce7a31fd739ce66203b93fab3ca172419b01d5fe2321eea7a47533e641a6ad3b,false,e9e3553efe6036050de1056a0550e29cb8a1a319402b78970ba687edb8f2c7c5
51735,d5ecbdd9ea52916b200ded397a08944a72902303b9cd2cd3fe16d6b2aed79072,false,bab3557a58582c089dc811c38167a3cf27146bb52596058fa743e9bd97d4af1f
51735,d773da1a7c178eb9043f54dd0bb07a324f92f9384bf7d4d83a7e1b8ebc4f383c,false,429e28cc51e27b5f8088d40bba8ac10729c6f2c4222cf4c41cc7b98866a81ece
51735,dbdef30ef667ba481707c6c450ed98f77b4b2e1fefd79a4db076780675c705f3,false,86e0d44bbaaca4a42e5791a10d98614794c40070bbdef16416ba2eaaa0935f55
51735,dd30178d40408bf79313937160ee927a3d8ac749488212f1f449a9d4f3c55b5d,false,a3865f4ca66d02500d68f2e462bab098a5a185f1960d99d924e2e6978ad9bee7
51735,ddea4040acd641025ff7d37af9151943bfb2ce1d84af3803b8dd863a50fd1669,false,e6f4c0007e2e811846fbe77743640a4c7353ce9b8387ea911d2be978ddc860e6
51735,e1e3fb58b10c4c1a74d920fefcec004619784e0fe4270ec51c5b86040fe79eab,false,72d9debc6b8a95dbe3666e8eea3bf51fd72ccfaaa05fd5e6f56f0dcda0a52018
51735,e2f22f443a7ea3eb351d38c44386aa8bddcbf834d277b76d526a20697a9743bb,false,9a1e7025f6897271480990928b1573c3534af5d9f2de35d903b703ea1ab12d71
51735,e46479a9ed57fa1bf419ef19e96ce9e316e8e97cf02f796d26e9d0e70bc962a3,false,1e16ada32cb971b33437acdf1180b5dc6369d8fc0857f95f0138a8e39058d4ad
51735,e54102588192c4d2ba78d4fc7c9cdc2705f618828b4855db986f6e644149cd06,false,f9ee795c07101da760320fe42367456927a8870f8e49de7ba323b045b328eb89
51735,e54f73099e4e356343a532c41d75e570e59c1e1f56a27d0b3780bcaf00001a3e,false,86fb65abc6bb633b772d26afa02449044779a9490e2d3367953eb41590c0cba3
51735,e6f4c0007e2e811846fbe77743640a4c7353ce9b8387ea911d2be978ddc860e6,false,b0ea9ad9fee9861432767f4f7f843172cfc8daff9b8bbb288d7ac3485b9cbf0d
51735,e84aabc887bd255177529e23a281d67bb24e9abbfca70e7463b7465a64caed43,false,984bcfe2fe6d9cfec8839b492e142e3191dd8c7dc55caafb548bdcbd4c823214
51735,e9e3553efe6036050de1056a0550e29cb8a1a319402b78970ba687edb8f2c7c5,false,5650e9571404eb21b3b54fcff1d703b67031d464b8d9fd139f2c499b943bd988
51735,ea94f5bdd5f31340c20437216de83f17b59adec4978d53aa60352ba8c6d7dbb8,false,4692f99894044df13dcd828beff5a5d237583dba423d40915c0b21b129a2544c
51735,eda0e73fe14a1849b2605ef224c391f7d71b4751d0df8173be0843ce1bbdd30e,false,6c3999f55294092bdf6641f54ab12097654b0f224ea486da44996d093a8bc896
51735,edfe50ce048a7018af80684a8d9452db97de6f3f120dc269d10a33650eca549c,false,afa55c2ce0e1038d87921d4de7b13a456edfa5ca6f44cddaf4cda9f1db441481
51735,effd9ce1d9bdd08c6da00a3679e2bbd35d0d8303bb310bb007c892bace7e9727,false,874afaf72a6ec2ee5a7993825ec817288cfe6a1a4a227f889f6195f2db188655
51735,f1a8bc131724ad6aa43901fd07a0916dfedf9a9a2d8552a4aaed101970c04f85,false,ea94f5bdd5f31340c20437216de83f17b59adec4978d53aa60352ba8c6d7dbb8
51735,f244202ab5b4242b4ae82f54738dbd549d4d6513a575a2b13143d6740cfb81d4,false,4b36a67c758cd62ee95b01f9c54f73e001b604f26d9e001a8af3d55391624e74
51735,f5147bf2db6cf674e79db224cd0e978b89753a6e9a0e6e452e72c518061a9290,false,6dc62bb78457764eaea9d2d5caf4e2a2bb3949dffe55f1d396f7abdccbc9a726
51735,f526baf3703d4189b2173775430af9ca3d470c9a5ade991517d9a2799ae46703,true,
51735,f8300683dfd76eedae69c108591c21dd04e81304eb34b12885614da5aaab4e70,false,841701266054d5e00d69317d4f477708e6a9b8401220337cb69bccb40d2b5709
51735,f8a549d74a11a2ae8bcd2cbb433bdecc385e20fe4c566275d9c3d7a95a6c0068,false,fe271da157a1242366859a5936280b6d0d69a1aead426757fc8ee77f20a6795c
51735,f8d0447fe221c13e21847053930b916cee4c999131308c53afe6c047f4e94ba2,false,f5147bf2db6cf674e79db224cd0e978b89753a6e9a0e6e452e72c518061a9290
51735,f9ee795c07101da760320fe42367456927a8870f8e49de7ba323b045b328eb89,false,af367b05d22b6c8077938fd93a688730d022bac39c9684ac3444b377edd713b3
51735,fba30eb2964e1e5814ec7e75a1c7658972d561b8b153e578a5edb954d85e39fa,false,0eb60b007ad64a8cb82f248c68c4d9cfb1e080fca0b0780f0062d859a5f5399d
51735,fe271da157a1242366859a5936280b6d0d69a1aead426757fc8ee77f20a6795c,false,970edf2071d72a8016aad90008f7f9ba8377a8299a68b2d3de69637648802b8e
51735,fee450813ef914e595459b96588fa0c51b7e7677eeeceef85e6018e173e016d1,false,45e50fa3710ddd991c9fb3059ddeba116670578f1322d94adaf496f514fac2a5
51735,ff9de76150fe04dd0bf099ef7d1e05bf050217690906b38a3816b2347c7ae1d0,false,b139381488f5ab2fe46186f791b1e6a9abb9db77ca465ad8e65203613ab3d59a
51736,0c7ad3d3a977094cff620263dd5d05612edc00bd579c2f584a52cc849bced0b7,false,52c373b57b48c6342a945813661d5879e97bd39663977fa2105eba4c63a1f2ce
51736,1f4f247a1e623fadd1cc543ebc17abedc31ea5c1393991a747f949b6ce1c6d7f,false,c6b769800727b408b2c84db2efb5256cd18d4addbd6c53af6edee300ac165c9e
51736,2207c6d24160abf4b4cdaf4be92ca564366d58f0a896904938e47ad7f4e22826,false,5625513494340b1610555654583beedbba37c7a500c37e3493f0f019f1b3f3c7
51736,2de3b9d74b803249b9e349aa7c8f9ba25501fc66a1270a57b5eea00baa56bbf3,false,d0947c7b4c6b339f8e647396266924c71c6d6892fb85b752a42df853d3de7897
51736,411a1c496cf34cd4f3943c2cc5a9b00ae5daac84f20fc876e9864993c3ffe789,false,d51d509f4519f2a4149eca24f2ed17a21d7d483319b787b9966b546f65265654
51736,4aae61aee91466cbdc3fc8a96cec033dc5362f56dd389598c37e21878e0cbb06,false,411a1c496cf34cd4f3943c2cc5a9b00ae5daac84f20fc876e9864993c3ffe789
51736,517d3c699ecc3233b222150b2de7bf5fb29f89dbf5078eeebae5b755b432f44f,false,923f6b598e5f09874500a3ce03cd0cf185478cf612b133a505c379fa26efecb7
51736,52c373b57b48c6342a945813661d5879e97bd39663977fa2105eba4c63a1f2ce,false,5c150b7c42a6dd5c8fedaee17f29a378d128464d689f323d2e5442c7ce74e878
51736,5625513494340b1610555654583beedbba37c7a500c37e3493f0f019f1b3f3c7,false,2de3b9d74b803249b9e349aa7c8f9ba25501fc66a1270a57b5eea00baa56bbf3
51736,5c150b7c42a6dd5c8fedaee17f29a378d128464d689f323d2e5442c7ce74e878,false,a09e45e2300b2b02eec3c0ecdd2e165ab78733aaebb02d556876f63cbf5292bc
51736,7141a4ae9a38fe096207df8805797ea5f2c9bb55122d2a685cd021a5a43285e8,false,4aae61aee91466cbdc3fc8a96cec033dc5362f56dd389598c37e21878e0cbb06
51736,923f6b598e5f09874500a3ce03cd0cf185478cf612b133a505c379fa26efecb7,false,d4b7b82d36364ee19de46bea410544e9e1cc17c34378ecbd5ff3a49b9bf91650
51736,a09e45e2300b2b02eec3c0ecdd2e165ab78733aaebb02d556876f63cbf5292bc,false,a160c48f465977f5610ab4ec4f385e0703602fc842004265986b49d66cc35f23
51736,a160c48f465977f5610ab4ec4f385e0703602fc842004265986b49d66cc35f23,false,1f4f247a1e623fadd1cc543ebc17abedc31ea5c1393991a747f949b6ce1c6d7f
51736,c658c0be035e55f07e82e1cbd138e4ae3416727b69a40bc642a8743135a0cf92,false,517d3c699ecc3233b222150b2de7bf5fb29f89dbf5078eeebae5b755b432f44f
51736,c6b769800727b408b2c84db2efb5256cd18d4addbd6c53af6edee300ac165c9e,false,2207c6d24160abf4b4cdaf4be92ca564366d58f0a896904938e47ad7f4e22826
51736,d0947c7b4c6b339f8e647396266924c71c6d6892fb85b752a42df853d3de7897,false,8c3256ebab629123388bb9465e49875e7f622a6357e216ee5bfa29f317dfa640
51736,d41d20d1bff1292ae78a3a74cbdbaeff8b94ab51bc9b0e352075b442f32d470a,true,
51736,d4b7b82d36364ee19de46bea410544e9e1cc17c34378ecbd5ff3a49b9bf91650,false,0c7ad3d3a977094cff620263dd5d05612edc00bd579c2f584a52cc849bced0b7
51736,d51d509f4519f2a4149eca24f2ed17a21d7d483319b787b9966b546f65265654,false,c658c0be035e55f07e82e1cbd138e4ae3416727b69a40bc642a8743135a0cf92
51737,01d077e551bc326a416e31610a1f10339bf48310fcd5fa0b07b988894d271081,false,376556966d7f2b603c9254387623925a4c0e051745b5c3b8824d2a9d287db009
51737,025856bd335a298e88014d5e36f0d4dd9c55a96e2512b63afc448e38de92f56c,false,7c4a70fb861ae063e1e00ad074b5cad137c31a9a1a3fd39592542e004a393f08
51737,02c3a76ac0c83360aff5651b87894bab62e8d5f066098aaf3b1bfea200a15978,false,d5857d3f42f049d0e7fc4bd22d837cf116b86169c29541b54f74e3c912b28923
51737,0343797b082f2679ec13cdb4730d4a1cbe6464898f7c7c0cf35f652eafc9313d,false,3953ee82caccad4febccb7fd55219e74091fcfb7ed9e06c22b905475f2a4ee15
51737,03828a1f789e0a854bc94f3d3c3cd91d01126d454cf230fb1b1991621cad417b,false,2fb6a85679ce5e80ca4330239ae3a3e581167128be75546407d900ae3e06b342
51737,06da3773e907eed9d81b25dbb68c6c7d170657bc08d69a389036535ff7e5e1fa,false,0df595a897e07ddabf7626eeeb8e277e89504b7d88d549c2f4242e624c2fb873
51737,07d2d8e2baaef1e1d457792358030211601894b267c8bd43f6dde3f988ac5d03,false,88aedb61d04d218af740b35eb420d5e8892808ed715f5d6dba22c94a08b93921
51737,082643959daf765f46152c346de4057dd6b751da303f6f89fdb30a7d5549c8bb,false,9db5a5b29a2818afd17d09888749708859497bd81d37f471bdfa6ce63e077e9a
51737,096f85124d670e3da13cb55880ec272e486fb423b034797b0c48c0a5825046b3,false,82b13766456125a0667272a4f49df41290e7d8a44da6c1709f325e6d3cdf9ac7
51737,0bd7b7b1b2e663446ffe2bfb9264839f257cd14069c20d5f78b5a19a757f3c7f,false,b36f92d71a555724ba4a91eb52790c7e2d095d070a55c3381ec735d8668bebaf
51737,0c765604c8e6db7074e4bf022c6e48e054c1b1426ec77ca2b34c322a7a9bbd18,false,8a080e38fbf696f1ed8bc0a89b2b11c0b8ddd14edfa333358c789f8516f109df
51737,0d2f8091560c63a6d1cf1021f2960258314919b97f609c153dfa491b52d14188,false,ba7cb2e528cc32fd8c88369d358e0c053fdfe00a01103fd0f8b194bcd4762ded
51737,0df595a897e07ddabf7626eeeb8e277e89504b7d88d549c2f4242e624c2fb873,false,1bfbd1e99ea98554f7fface0441239021f9b89a3de202953f05d23bc86cf5fa8
51737,0edb952fd75de0aa68df930f9a18eff7cda53e630189c274c1d98a6ced6a2919,false,1290d6f7a853d0f442d5c5e43ddbad7494c1d22a004008a0978a9cc68fcb0b9b
51737,1290d6f7a853d0f442d5c5e43ddbad7494c1d22a004008a0978a9cc68fcb0b9b,false,c4aae5086f82509070276e1a2c3a3114d8f89d87a7ebe37709f2d72cce91b90a
51737,12d09ab2bb35c1a64f4d0a14329f7afcbdd94e920bdedf7a126294f7e8e03a27,false,1a5019e8585c5104d0a26df74500c94b967a5101a7ea6b0c56874befd3fdde46
51737,12e5bdfd3c73f383802a03b763c0afffdc217fcb38b408cecd1ad15de38595b6,false,66c4bdf55631e81f9e6b989feade637d2dd968d399750f340e71e8ac222e3248
51737,130ee80e456c6c138de0f7b5c82fabe7109d07d88b43b3ca03ee30313cdff28a,false,9e00f7aa3b7f82be1034c6adc58509481f5133054c2b895398bf116ef30e3a22
51737,158e99a81a4986dcd8af9f3d84497bb40ee24f3c55b94fb0f0f56ae63f38612a,false,40b57ee07de543fbf894bc62e8c151452c61e8482bbfff4827a9451d6abde2a5
51737,16857972af7fc47d294a0526a0e0b9095395898c2fe6cafa75cbe5b0ff99274a,false,7e1d987431ec712f99f9bb94b30a23303fc5d4b3b3f801abadb055a870229cae
51737,16e4d7069cd03c1a48e917b12a7a3f0c768fbea909078df4988b8515bf268e2c,false,025856bd335a298e88014d5e36f0d4dd9c55a96e2512b63afc448e38de92f56c
51737,17fe41338e542ace966f94842621462e94eff99a398abb6aa438d1ed79928863,false,d93528281849ed92ea704b0efa38f70c976084e0818cea4476bd973e1c9797b2
51737,1a5019e8585c5104d0a26df74500c94b967a5101a7ea6b0c56874befd3fdde46,false,6ae03835f408b38241ddba17fe62cc57a793a61dea899f23ee82b8a5807551f7
51737,1bfbd1e99ea98554f7fface0441239021f9b89a3de202953f05d23bc86cf5fa8,false,4d661265f51166b412922a9c8c481c1d7f58f94c0e0f7bea88160ec96538dbe0
51737,1e607d1b9aceb0d3cba6d5fb1183d7437da7495c1d59e7b3a278fade90055036,false,41988540618a29341c48b98cb63946459f925e075f599ef621d060a3b6f68eb1
51737,1f3b404a8080f4907ebb40402a3575d7bc59f2da84341863e19c7b8419cb8b75,false,bfed0952113d1c8864778af7fbaadb36581b68bfdceaf1220f3b53a65641d13e
51737,1f4e8780f49847282dc1d4babac97ebf66b4006280996aea3b7bbeb84f0c4e46,false,0d2f8091560c63a6d1cf1021f2960258314919b97f609c153dfa491b52d14188
51737,200f3e0598bc45ab7b8cb77888ba5e373b61b1a38db09d34fa626c3fa726c601,false,9356758a0fb56c939b5eed8f746654704def6190fa7a2883952c3f8817194aca
51737,20996441694b87850380f1d8862126554e8afcbb3065a5a10d2afd976ad2a2bd,true,
51737,23e82b44758b2e95b3794cdd5745ede67d39dd4b66a03ff62686ebcec71a94c5,false,7910e465065116e513610b86d93081f915f8518be255498dcd396274bc66160f
51737,24e6e5debed26fb2939b7c21990e3431afbcbc6f4b6d3ff9e500a15a47db31f6,false,452f8c3e834309c01aab574ffb83ff24523f3f3e147825a177dfddf8167cb54f
51737,2599ea7b9c512bc1b964c4ae84c9a555ca3dc3ae3ad0755b06f92f1d4bec3523,false,f49b3b3f483a1757a6a3058d1955a7fe95e1a6003b1b847cd6e3e4befe8bd2b4
51737,25a58432dc8cc5282a44f217b3aa66a6a240b814e2361add49f5132570af817f,false,e14bf8e382a1ff3ff913e13111aa8adb930891b9181ec04e0f6fb3e0ecb764d1
51737,263663762a40e4829c9c11701d08ab15d8d929ef18749344e7b52171eb4ea949,false,2599ea7b9c512bc1b964c4ae84c9a555ca3dc3ae3ad0755b06f92f1d4bec3523
51737,280ff64c20a001a4812700fe648f91cb306f8aca3f43322086e73ffb9e07cb70,false,bc4e9fa60c29603027094d5cae3dbb6b23355a65ade8165581f409ef1ef09823
51737,2ae2140d8426c357003aa22f0eaac9355fab288b3fa628fda1b13b5b3c2d5f7e,false,94e2a6b66df4722ca86518b49ef7dc665236300dc30ef4923f3361a38cd4abd1
51737,2ea1715c77052ab8c7b4726e1964f18d05056327777a0b5bcea0c832d2155c1c,false,c6c10bfa55e3f69da3c77045859d01be78e31ed22a8ac0493ce780231093f848
51737,2fb6a85679ce5e80ca4330239ae3a3e581167128be75546407d900ae3e06b342,false,da24ea4785aa0c7cb112ebdcaf4800554c55d20f440f0dd59c86c01f76066d95
51737,30f4a37019a91ce6a01274564024617e1b1eda2a0105d7983db9cb33f1b62a33,false,7b5f298207384b53d269528b86219a81dd9f9688b96572dc8168fc994a7a0d28
51737,32d5490f3ec99b261c3003b50ee5b7726e5a9154f8e0df2a45ff3447ea2ff1c7,false,e660db5dfa4172641fa590617ca5302c3a185ea4c6e75c51a3a47dc7163ad777
51737,337791a9aa53a79c80e4c88e2f40fb5ba18d34e4cd2dad44d86ecc43b710a142,false,30f4a37019a91ce6a01274564024617e1b1eda2a0105d7983db9cb33f1b62a33
51737,374e1f210337007ebdd2da06f6570f2126fe0d54a3e5e5670741e114a8ad5140,false,f9e01ecd61e6371f7b82a5935f0d70ea5605245de7f77d4475fa9331fb7e2f16
51737,376556966d7f2b603c9254387623925a4c0e051745b5c3b8824d2a9d287db009,false,8c3a49161c386800032750d9ab4576b2d2a02e128685e865ebd5fb28b758bf52
51737,37f956afd6e74185e28c05da61bd24a764c8299e1463385c9bce5c517fa46800,false,87d0fc53bd9b975c58b25e6b39e715d89750a39a1603cc51c2b18a2414b58ddd
51737,3953ee82caccad4febccb7fd55219e74091fcfb7ed9e06c22b905475f2a4ee15,false,7be631040c29717cea85fc0d29cd58571b7c97f5ac848615fc748598ce4efb42
51737,3b78a587f396a1b861306edee3705ed6a8c2cbf3526294a6d04f6088c02b066a,false,23e82b44758b2e95b3794cdd5745ede67d39dd4b66a03ff62686ebcec71a94c5
51737,3ce497fd1b6fbfb8966c31d1913aca38a2ee713184e4ba7e770c9630b1914d72,false,41078cbcaf25846ae35ac91cd1ad402a3c631871800b600872c5a560243078de
51737,3ef593e7f6e2caa6bc7a032fab8027853cf118fc2703c793062b5c1d179b6c20,false,f5be2a06efca8e1e8296e5cf8928c3ea02c27b8edde812d1923ab813112ea0eb
51737,40b57ee07de543fbf894bc62e8c151452c61e8482bbfff4827a9451d6abde2a5,false,6226f92962c1303ff917528cd36486456070f1d2838b16f736ab702b2042ee5b
51737,41078cbcaf25846ae35ac91cd1ad402a3c631871800b600872c5a560243078de,false,79c5ae4b1f8e736d3081980f28ab08f9649dfef7b52346fcb4e5c63bf6252bc8
51737,411d7cc303e6344f238d2e61d0ccfc95e18b4a5b41acfab7313cf90f2fa99278,false,ac7ad18e53205acd52cd918db19e99441955573dd649b12ec7098d54b360505c
51737,41988540618a29341c48b98cb63946459f925e075f599ef621d060a3b6f68eb1,false,d0b591e3a8a606a10d13f08d2f9d61f000ee45489db6437d3677738adb3b43c7
51737,42e6536106c2eed59c992870fe9a817f69859fb5b4a7a55897f929857434c8a2,false,f59b79d5b66c7162f647e6c6247f14f3030d5f40d75064be29a680b09112d472
51737,452f8c3e834309c01aab574ffb83ff24523f3f3e147825a177dfddf8167cb54f,false,8fea2e01ba44d06c6cf1b568cad24c1d11c309abd4ef0e11d109d8cde294db11
51737,468bb5f17a4b47271ec7298c3871ab781b811427aa984809674aa60c85129ce0,false,f5a50bcc566590fcdb6d914739ac879100212dfa3527d5052fe6f70c622af79f
51737,46b2a5441226604be50ba6b0fb73a49e109a10c0bb11fa3415530651a27fefbb,false,03828a1f789e0a854bc94f3d3c3cd91d01126d454cf230fb1b1991621cad417b
51737,4be47ea9c524515683eb192e403d2eece02f98b05b361dcc4856d8a2f7250783,false,07d2d8e2baaef1e1d457792358030211601894b267c8bd43f6dde3f988ac5d03
51737,4d661265f51166b412922a9c8c481c1d7f58f94c0e0f7bea88160ec96538dbe0,false,a81c3aeea2839e852a28772a4bb3311783ec18ed3402ebcafe357713e02dba69
51737,4fb13f4ce22a9cbdeec64f211fcb70cf2df4312fafbdd06cef76c540c6700450,false,c65cf74d2c61164ad86ca1aaefc917da8b8dbaa8222fd3f2826a43b7ee78bdf5
51737,5077351bba5be2ed7ae3773d590728ae3e2ad7db5a9f643258546abb8003898c,false,d7f77d21325b80627c1aa9c057a7961e893a0d4985afc9b72f9f211ea19d32d0
51737,5125bd965678a411b53db8fe1ec9a4461ac454471d04b6ee391f9bedbc35acc9,false,e08289469d1e93017df2c84381b263ac8eb9bed140bc4e84c968c55b81e33ccf
51737,51781972109a7faff2ea905f5bbed074b5d94e94014a4355eba988ee1fb35807,false,b33221e1499dea72a07b96e24b1e992c00a99e6fe71ee43007e7f3aa51072576
51737,5550948e3816277ceba63d909b49533090694a009494a42092266e3e3c9b5cd8,false,5abec4be2f3ab88685080e4c06100205df055feb4bed4afe6151335960dbdd3e
51737,593329adda50bec52e78a6627fe9906b8e0538e8863a466a4e34f219d4c0edfa,false,1e607d1b9aceb0d3cba6d5fb1183d7437da7495c1d59e7b3a278fade90055036
51737,5a0964dfac234dc8bee83b4ff1b916b5e1278e5d4e1c81bbd702d2fca422bbaa,false,337791a9aa53a79c80e4c88e2f40fb5ba18d34e4cd2dad44d86ecc43b710a142
51737,5abec4be2f3ab88685080e4c06100205df055feb4bed4afe6151335960dbdd3e,false,dcd54ec4b4acb4df33df8d4c9390b6f3c204c60ae06580cec7e1ce3a7ba47875
51737,60a63ddcc22f36d165fdba6de078280ec247ada91d067bc87ab98be767dc9cd8,false,ae106766af4b5ef3b52e03a079568a007bfaffef7d7ea50f029a0e78a57f7462
51737,6103accc81cbe85448f477cb0b36d54f280f75e40e4a154ea0c83d517e340098,false,0edb952fd75de0aa68df930f9a18eff7cda53e630189c274c1d98a6ced6a2919
51737,6226f92962c1303ff917528cd36486456070f1d2838b16f736ab702b2042ee5b,false,2ea1715c77052ab8c7b4726e1964f18d05056327777a0b5bcea0c832d2155c1c
51737,639cb317066c4c204b0bcdf44b7ed009162f54867a888ee8011f7fe59a881c9f,false,8121d0badbfa628a5badedf59fb4d0c26a01a075faacce6eaa0b305a24166fa0
51737,66c4bdf55631e81f9e6b989feade637d2dd968d399750f340e71e8ac222e3248,false,7b7dd097fe81920f7081957f09543b43398c640b5e73d2adc73b86521de65686
51737,6735fb57d301b3255795952653fef3465c59c6e0bffc2bcd8ff5d32d323f0839,false,b3a36c89d32724459193cb5056fcb4bef052120c5d16c50c5599e1072a786df4
51737,69d9865ae989801fae6d9dbe9f78338d04fd8e61b06f0c0b536def9729b2cbe0,false,51781972109a7faff2ea905f5bbed074b5d94e94014a4355eba988ee1fb35807
51737,6ae03835f408b38241ddba17fe62cc57a793a61dea899f23ee82b8a5807551f7,false,411d7cc303e6344f238d2e61d0ccfc95e18b4a5b41acfab7313cf90f2fa99278
51737,6deb968d1b7f882f9e6336dd788ce5a4914a1582898e5eb00ab3583123168dd2,false,d4989f1469f1d6afaa7d9dede7f2080f41c5947d9ddd19cbe6697714ee11107d
51737,6df0d2c347952a0e46ca4f611e3bd32316573f463573422eccca7b854e619b29,false,6103accc81cbe85448f477cb0b36d54f280f75e40e4a154ea0c83d517e340098
51737,6f927609286d66818ddfa157703b80968204f64415e3dfb8c4eff2755f31d7e1,false,32d5490f3ec99b261c3003b50ee5b7726e5a9154f8e0df2a45ff3447ea2ff1c7
51737,7114213c6dc6b13a5996020a3cc8b0f5108c2a4f73ff5ef96b7093a49306ec54,false,f797bd26024ab88b66b32ebddf24a5388bfb8e04e9956ba57443911596b5ef54
51737,7116e883136c0939991c5703ed9bc44bbe742808b24f33555398f5727127c692,false,16e4d7069cd03c1a48e917b12a7a3f0c768fbea909078df4988b8515bf268e2c
51737,71fae326af1ba30b4ea7d9ae6c49578a8e70f2c61c8fc24fef063ef7f8c7204b,false,130ee80e456c6c138de0f7b5c82fabe7109d07d88b43b3ca03ee30313cdff28a
51737,74f4a77e733aeb4840758563a70627d01161639da3eed757817c9c37f49718de,false,e01fea444004a4e0aa1fef39f38eb70b34608893f4988c44a267b6a00914d06d
51737,75ee1b4a956596a8c2fbefeff4851b35f0f2df92a6d09d2adfe7c42c82462bdd,false,7936492cf748a020018111798ea86f91faa9ded6f8ea25b875245b1c66e5f241
51737,762d16a56c60cb0667e2e2db6fcbd0f3166cd8963c6824e5065f6be00c1c2536,false,6735fb57d301b3255795952653fef3465c59c6e0bffc2bcd8ff5d32d323f0839
51737,76dd550f2345f9399c5327b03e12f62da1f66397e618633d75dc7a177fd36bb1,false,a776be5c2c723462fcc80d71da9a0a85c90e79870a92de780948e5ab287e12f6
51737,784e773bb38b4bec2ad414a85fdf5dd4e2e435c77f38b71d21a875453ee4ba93,false,0c765604c8e6db7074e4bf022c6e48e054c1b1426ec77ca2b34c322a7a9bbd18
51737,7910e465065116e513610b86d93081f915f8518be255498dcd396274bc66160f,false,9f95c52eba4455c378b285ce35f6edc8547b761ed0319f51d7fdd74d9b5cbf50
51737,7936492cf748a020018111798ea86f91faa9ded6f8ea25b875245b1c66e5f241,false,5550948e3816277ceba63d909b49533090694a009494a42092266e3e3c9b5cd8
51737,79c5ae4b1f8e736d3081980f28ab08f9649dfef7b52346fcb4e5c63bf6252bc8,false,aba83917b7695f268f21faeb5cda14f782d9da46e4c0212a9abdbc7585a5fabf
51737,7b5f298207384b53d269528b86219a81dd9f9688b96572dc8168fc994a7a0d28,false,d56c11e7e90fbc0648ca2b0edda170d1d562991bf6fa6006d8344bebafac7b1d
51737,7b7dd097fe81920f7081957f09543b43398c640b5e73d2adc73b86521de65686,false,94af3fb4acefb7fe2337a3c815e87b2e029e78265a3194dda468381f22277db9
51737,7b949f8d7ef4bc872435c1a70c26bac1d0373276d646236ba0c40bd5d1dc1169,false,8a9b00fe42fa0ef144bfc118eca80737ed70fbe95a927ceda55f146bef82f568
51737,7be631040c29717cea85fc0d29cd58571b7c97f5ac848615fc748598ce4efb42,false,e9b089b755f4a9c25e0a438ec3ed6a67bdd9cc3aa691c11442da2ac8c9f1a203
51737,7c02dc0239be8aae4680e75c8943498ed06b11e77f0a77f04b6e65c391e58374,false,81b981ed0eaa9759411879390f2e620f4c40c37a28e7317f8ee8c52f1840fba4
51737,7c4a70fb861ae063e1e00ad074b5cad137c31a9a1a3fd39592542e004a393f08,false,ba6bc364c183002d04ae11528ee8543dee9b5e17af147fe9245b705f94df7179
51737,7e1d987431ec712f99f9bb94b30a23303fc5d4b3b3f801abadb055a870229cae,false,7141a4ae9a38fe096207df8805797ea5f2c9bb55122d2a685cd021a5a43285e8
51737,8121d0badbfa628a5badedf59fb4d0c26a01a075faacce6eaa0b305a24166fa0,false,a1f28b0d3edae4f809915d1251d2ff8b0d72796494621ddd285656dccece74ac
51737,8171f8bc251da2856e602e905c367dd170ede65cfee5a36b19a41c6743836d15,false,e0519bf9d689cbdbcd22020b077856dff1ab939d796f3ff51ce22de628ec6ddc
51737,81b981ed0eaa9759411879390f2e620f4c40c37a28e7317f8ee8c52f1840fba4,false,24e6e5debed26fb2939b7c21990e3431afbcbc6f4b6d3ff9e500a15a47db31f6
51737,82b13766456125a0667272a4f49df41290e7d8a44da6c1709f325e6d3cdf9ac7,false,a3b77683b2b92cbe67471391430f9d6d04e0d016ed894b0115d781cc8c1b64a5
51737,86279714125f9558f39eacd4c6f3b433523d60ebd391e2303766745f5dafb896,false,d714175b99703070bd27f47927a871d5e6deca9ae9ba941c64d6dfb8066b70d5
51737,871f08c3060acff7e43b73222f9293fc015edbff84611c288cf14eca2bac3828,false,5077351bba5be2ed7ae3773d590728ae3e2ad7db5a9f643258546abb8003898c
51737,87d0fc53bd9b975c58b25e6b39e715d89750a39a1603cc51c2b18a2414b58ddd,false,784e773bb38b4bec2ad414a85fdf5dd4e2e435c77f38b71d21a875453ee4ba93
51737,88aedb61d04d218af740b35eb420d5e8892808ed715f5d6dba22c94a08b93921,false,158e99a81a4986dcd8af9f3d84497bb40ee24f3c55b94fb0f0f56ae63f38612a
51737,8a080e38fbf696f1ed8bc0a89b2b11c0b8ddd14edfa333358c789f8516f109df,false,b58a46649c921e006e9128f73f0044347389715bd72b73a6b848acd786464701
51737,8a9b00fe42fa0ef144bfc118eca80737ed70fbe95a927ceda55f146bef82f568,false,16857972af7fc47d294a0526a0e0b9095395898c2fe6cafa75cbe5b0ff99274a
51737,8c3a49161c386800032750d9ab4576b2d2a02e128685e865ebd5fb28b758bf52,false,df8a4e3fba6903e0d23f6f5733f48022e1a4c3207aed6ff019ff0278d6ac40a8
51737,8dadbe3143df041e37a9616f82eba756545a4be9003c261cc3fdb4909f06a571,false,cf60c1a866d88c71cd13a12e80899c6c29d052063b07a8c50b96cfd3b33243ab
51737,8fea2e01ba44d06c6cf1b568cad24c1d11c309abd4ef0e11d109d8cde294db11,false,9bfe09d61f9330e822ad6635d7275ac1a2dab9761a02768905b16f3c6d8a007d
51737,9356758a0fb56c939b5eed8f746654704def6190fa7a2883952c3f8817194aca,false,d384b88ceb6f5bab17f35735e5df28b82ec30c012e6d083c6f85ad079087eb0d
51737,93859de4a36b4bf77e0f60f18f89d16bd31f693acc864122e0d1fdd9fc6a32a0,false,a9b80b8cd276000417572a3b6bc469b2d62ee14308e4883460d8aff04da4f89d
51737,94af3fb4acefb7fe2337a3c815e87b2e029e78265a3194dda468381f22277db9,false,6f927609286d66818ddfa157703b80968204f64415e3dfb8c4eff2755f31d7e1
51737,94c1b2752142e9cd3c9f2d93bd0b2241bb051e4367cb435fc92a91b242c1c005,false,200f3e0598bc45ab7b8cb77888ba5e373b61b1a38db09d34fa626c3fa726c601
51737,94e2a6b66df4722ca86518b49ef7dc665236300dc30ef4923f3361a38cd4abd1,false,dc12cefb0f06586ecd410f9bd8a08a8d423ce3732f34dd94895302b648c07d04
51737,961b092387ddbab57bbb78e76cd68ea508e41d2e9f71927f4e2b23cd6d25a6fa,false,b26c115a719c499cef77e09650a3f8823bb575419fe21db6703637807215ba61
51737,9a0d6b2fef0ae8a22620e52b71222ecb4f44872f01d97353f110120bd52578b0,false,3ce497fd1b6fbfb8966c31d1913aca38a2ee713184e4ba7e770c9630b1914d72
51737,9bfe09d61f9330e822ad6635d7275ac1a2dab9761a02768905b16f3c6d8a007d,false,c4bee23e0f286ced6d853821b205a17501267bc8bfdd40f0eb614cfbf8c8c61f
51737,9c999a253fdf7e91f7fe1faeabe50c3bd16ffff003a2f52be3a36c3996587785,false,93859de4a36b4bf77e0f60f18f89d16bd31f693acc864122e0d1fdd9fc6a32a0
51737,9db5a5b29a2818afd17d09888749708859497bd81d37f471bdfa6ce63e077e9a,false,f749bf93c9dfc5d84a8a9de2cb4fb0ab88d63dfa364ba2a073be253bb5971d4c
51737,9e00f7aa3b7f82be1034c6adc58509481f5133054c2b895398bf116ef30e3a22,false,7116e883136c0939991c5703ed9bc44bbe742808b24f33555398f5727127c692
51737,9f95c52eba4455c378b285ce35f6edc8547b761ed0319f51d7fdd74d9b5cbf50,false,cf4bbaf30480032c9198ff7246ac173af9ba61edd4ebbf16893354d0bd9f4a47
51737,a1f28b0d3edae4f809915d1251d2ff8b0d72796494621ddd285656dccece74ac,false,b76042a58d584c0c183c9ace87245bd36b8db79cf00d19d80722b2f558c0725f
51737,a3b77683b2b92cbe67471391430f9d6d04e0d016ed894b0115d781cc8c1b64a5,false,6deb968d1b7f882f9e6336dd788ce5a4914a1582898e5eb00ab3583123168dd2
51737,a480614e9fa26e9efa80017311bd795105912751b6b8bef2167b700a63a3b561,false,263663762a40e4829c9c11701d08ab15d8d929ef18749344e7b52171eb4ea949
51737,a75ee11092b0f9d8034a37e33cbdcb5a14dae64ba19a21faa153ba94b94bbabc,false,468bb5f17a4b47271ec7298c3871ab781b811427aa984809674aa60c85129ce0
51737,a776be5c2c723462fcc80d71da9a0a85c90e79870a92de780948e5ab287e12f6,false,f966ebccf3827c3d1f5b4f7d8886c1e9cebf55b6158cfa2bfef64b53b6473900
51737,a81c3aeea2839e852a28772a4bb3311783ec18ed3402ebcafe357713e02dba69,false,bcc7c1e1adc9745397b5351f2ce8e027d1a3484b9c72fd744f48c0b184290f39
51737,a9b80b8cd276000417572a3b6bc469b2d62ee14308e4883460d8aff04da4f89d,false,cb74bccd1f6f60636ed97469f22e7557441ac69ad3fcc53ca21eeec502187adb
51737,ab3a78a36e76321797c56b7fb4d2bcdfc949c9113bc85e53b1406e9cd3caee78,false,46b2a5441226604be50ba6b0fb73a49e109a10c0bb11fa3415530651a27fefbb
51737,aba83917b7695f268f21faeb5cda14f782d9da46e4c0212a9abdbc7585a5fabf,false,01d077e551bc326a416e31610a1f10339bf48310fcd5fa0b07b988894d271081
51737,ac7ad18e53205acd52cd918db19e99441955573dd649b12ec7098d54b360505c,false,7c02dc0239be8aae4680e75c8943498ed06b11e77f0a77f04b6e65c391e58374
51737,b26c115a719c499cef77e09650a3f8823bb575419fe21db6703637807215ba61,false,17fe41338e542ace966f94842621462e94eff99a398abb6aa438d1ed79928863
51737,b2bcde69fcc3b774ba10e56516de623754429965d9894152b8cdbb3bf6942033,false,fb17d2a166196150032c33263207e9f9de807ff5e33fde0b53dc395550aede6c
51737,b33221e1499dea72a07b96e24b1e992c00a99e6fe71ee43007e7f3aa51072576,false,082643959daf765f46152c346de4057dd6b751da303f6f89fdb30a7d5549c8bb
51737,b36f92d71a555724ba4a91eb52790c7e2d095d070a55c3381ec735d8668bebaf,false,e21b1393dcd91b0366d601eaca2ba56f005b0867bc96f469c56230493af6853c
51737,b3a36c89d32724459193cb5056fcb4bef052120c5d16c50c5599e1072a786df4,false,b2bcde69fcc3b774ba10e56516de623754429965d9894152b8cdbb3bf6942033
51737,b58a46649c921e006e9128f73f0044347389715bd72b73a6b848acd786464701,false,9a0d6b2fef0ae8a22620e52b71222ecb4f44872f01d97353f110120bd52578b0
51737,b76042a58d584c0c183c9ace87245bd36b8db79cf00d19d80722b2f558c0725f,false,a480614e9fa26e9efa80017311bd795105912751b6b8bef2167b700a63a3b561
51737,b7669198c39766e1a16932bb70c6e5cba5d56fa61d79d24d02207f3378ac7cc1,false,37f956afd6e74185e28c05da61bd24a764c8299e1463385c9bce5c517fa46800
51737,ba6bc364c183002d04ae11528ee8543dee9b5e17af147fe9245b705f94df7179,false,280ff64c20a001a4812700fe648f91cb306f8aca3f43322086e73ffb9e07cb70
51737,ba7cb2e528cc32fd8c88369d358e0c053fdfe00a01103fd0f8b194bcd4762ded,false,0bd7b7b1b2e663446ffe2bfb9264839f257cd14069c20d5f78b5a19a757f3c7f
51737,bad9ddae9f9fedbad73005460eb533dc3cad45104a5ae72035748ca756a3e4a6,false,12e5bdfd3c73f383802a03b763c0afffdc217fcb38b408cecd1ad15de38595b6
51737,bc4e9fa60c29603027094d5cae3dbb6b23355a65ade8165581f409ef1ef09823,false,1f4e8780f49847282dc1d4babac97ebf66b4006280996aea3b7bbeb84f0c4e46
51737,bcc7c1e1adc9745397b5351f2ce8e027d1a3484b9c72fd744f48c0b184290f39,false,e8d253810ec7b902aac21ed83441666bca5faddd93c47c6915b394d4e4cd829f
51737,bfce7ea496006e037bbb28267ff3e5c5418b2b40d8d284d6860392def12926ac,false,f0d432529c5484958457c5da05fc9d8ebb3dbb3078076c6aa33ef26aeb82de95
51737,bfed0952113d1c8864778af7fbaadb36581b68bfdceaf1220f3b53a65641d13e,false,df21c2281a95f82d56fcd6dff80a6543c4d645c095346a784a2b8af31701d6e0
51737,c305a25717301b71fb4c2631111464940e40a2e599caeaa4851e29c0c187470b,false,d055e9d56ac8f056b987b83be9da08131d68f868466799797ed4b27bf422e2ba
51737,c4aae5086f82509070276e1a2c3a3114d8f89d87a7ebe37709f2d72cce91b90a,false,f811011c0c1caaf7c28644a529547d84ad436c6346e59c2fd23dcce0750fbcd2
51737,c4bee23e0f286ced6d853821b205a17501267bc8bfdd40f0eb614cfbf8c8c61f,false,8171f8bc251da2856e602e905c367dd170ede65cfee5a36b19a41c6743836d15
51737,c65cf74d2c61164ad86ca1aaefc917da8b8dbaa8222fd3f2826a43b7ee78bdf5,false,02c3a76ac0c83360aff5651b87894bab62e8d5f066098aaf3b1bfea200a15978
51737,c6c10bfa55e3f69da3c77045859d01be78e31ed22a8ac0493ce780231093f848,false,3ef593e7f6e2caa6bc7a032fab8027853cf118fc2703c793062b5c1d179b6c20
51737,c711242274e522714cd2679f9206f323b126f46fc02a43cf574adbc9a4e91657,false,fb3943e18f2505ce6e2f759ff7d13dbfa15b5d342359e4779aef5335cc7da30a
51737,c76539aa8fcb3a4e9d9b66b64b09dab49d5fd1b883bb0cc6e3b64347b8b19a6c,false,096f85124d670e3da13cb55880ec272e486fb423b034797b0c48c0a5825046b3
51737,cb74bccd1f6f60636ed97469f22e7557441ac69ad3fcc53ca21eeec502187adb,false,d8419852cf32052933d25ed686b2b60484bc018be26e71f6383f5a5d265184d2
51737,cf4bbaf30480032c9198ff7246ac173af9ba61edd4ebbf16893354d0bd9f4a47,false,8dadbe3143df041e37a9616f82eba756545a4be9003c261cc3fdb4909f06a571
51737,cf60c1a866d88c71cd13a12e80899c6c29d052063b07a8c50b96cfd3b33243ab,false,a75ee11092b0f9d8034a37e33cbdcb5a14dae64ba19a21faa153ba94b94bbabc
51737,d055e9d56ac8f056b987b83be9da08131d68f868466799797ed4b27bf422e2ba,false,74f4a77e733aeb4840758563a70627d01161639da3eed757817c9c37f49718de
51737,d0b591e3a8a606a10d13f08d2f9d61f000ee45489db6437d3677738adb3b43c7,false,e3bb6e7d8d24437cd20c67a79dd1442d5c56f687b96bcd90e8147cac28c037fe
51737,d1f5462d967c90e485b2babdb11f47dd5b0b0de4a7a24c307e34fbf4e50dffc2,false,762d16a56c60cb0667e2e2db6fcbd0f3166cd8963c6824e5065f6be00c1c2536
51737,d27ad12e46cc0949ea0fd65617499e1bda03f243e8e8ff6ad9fe6590f4d9e00f,false,9c999a253fdf7e91f7fe1faeabe50c3bd16ffff003a2f52be3a36c3996587785
51737,d384b88ceb6f5bab17f35735e5df28b82ec30c012e6d083c6f85ad079087eb0d,false,25a58432dc8cc5282a44f217b3aa66a6a240b814e2361add49f5132570af817f
51737,d3bc8f8ac392cb9980a82888b8d76138f7f49caa07ee64b31c161938b7dfc8dc,false,ab3a78a36e76321797c56b7fb4d2bcdfc949c9113bc85e53b1406e9cd3caee78
51737,d4989f1469f1d6afaa7d9dede7f2080f41c5947d9ddd19cbe6697714ee11107d,false,2ae2140d8426c357003aa22f0eaac9355fab288b3fa628fda1b13b5b3c2d5f7e
51737,d56c11e7e90fbc0648ca2b0edda170d1d562991bf6fa6006d8344bebafac7b1d,false,94c1b2752142e9cd3c9f2d93bd0b2241bb051e4367cb435fc92a91b242c1c005
51737,d5857d3f42f049d0e7fc4bd22d837cf116b86169c29541b54f74e3c912b28923,false,374e1f210337007ebdd2da06f6570f2126fe0d54a3e5e5670741e114a8ad5140
51737,d714175b99703070bd27f47927a871d5e6deca9ae9ba941c64d6dfb8066b70d5,false,f2b7b0f46a138db964d160464092168af9d7db86ee84ddeea52452d5f46ea813
51737,d7f77d21325b80627c1aa9c057a7961e893a0d4985afc9b72f9f211ea19d32d0,false,3b78a587f396a1b861306edee3705ed6a8c2cbf3526294a6d04f6088c02b066a
51737,d8419852cf32052933d25ed686b2b60484bc018be26e71f6383f5a5d265184d2,false,b7669198c39766e1a16932bb70c6e5cba5d56fa61d79d24d02207f3378ac7cc1
51737,d93528281849ed92ea704b0efa38f70c976084e0818cea4476bd973e1c9797b2,false,06da3773e907eed9d81b25dbb68c6c7d170657bc08d69a389036535ff7e5e1fa
51737,da24ea4785aa0c7cb112ebdcaf4800554c55d20f440f0dd59c86c01f76066d95,false,6df0d2c347952a0e46ca4f611e3bd32316573f463573422eccca7b854e619b29
51737,dc12cefb0f06586ecd410f9bd8a08a8d423ce3732f34dd94895302b648c07d04,false,639cb317066c4c204b0bcdf44b7ed009162f54867a888ee8011f7fe59a881c9f
51737,dcd54ec4b4acb4df33df8d4c9390b6f3c204c60ae06580cec7e1ce3a7ba47875,false,d3bc8f8ac392cb9980a82888b8d76138f7f49caa07ee64b31c161938b7dfc8dc
51737,df21c2281a95f82d56fcd6dff80a6543c4d645c095346a784a2b8af31701d6e0,false,c305a25717301b71fb4c2631111464940e40a2e599caeaa4851e29c0c187470b
51737,df8a4e3fba6903e0d23f6f5733f48022e1a4c3207aed6ff019ff0278d6ac40a8,false,4fb13f4ce22a9cbdeec64f211fcb70cf2df4312fafbdd06cef76c540c6700450
51737,e01fea444004a4e0aa1fef39f38eb70b34608893f4988c44a267b6a00914d06d,false,593329adda50bec52e78a6627fe9906b8e0538e8863a466a4e34f219d4c0edfa
51737,e0519bf9d689cbdbcd22020b077856dff1ab939d796f3ff51ce22de628ec6ddc,false,5a0964dfac234dc8bee83b4ff1b916b5e1278e5d4e1c81bbd702d2fca422bbaa
51737,e08289469d1e93017df2c84381b263ac8eb9bed140bc4e84c968c55b81e33ccf,false,86279714125f9558f39eacd4c6f3b433523d60ebd391e2303766745f5dafb896
51737,e14bf8e382a1ff3ff913e13111aa8adb930891b9181ec04e0f6fb3e0ecb764d1,false,e61d3eb3d4e0ac4eea00affdbcc7162d74899c77bd118ba6246acb9d4525af82
51737,e21b1393dcd91b0366d601eaca2ba56f005b0867bc96f469c56230493af6853c,false,eb6f39fbe6679c3955fab3dced8d1def36aff7fb490e196263df7019d67b520f
51737,e3bb6e7d8d24437cd20c67a79dd1442d5c56f687b96bcd90e8147cac28c037fe,false,bad9ddae9f9fedbad73005460eb533dc3cad45104a5ae72035748ca756a3e4a6
51737,e61d3eb3d4e0ac4eea00affdbcc7162d74899c77bd118ba6246acb9d4525af82,false,c76539aa8fcb3a4e9d9b66b64b09dab49d5fd1b883bb0cc6e3b64347b8b19a6c
51737,e660db5dfa4172641fa590617ca5302c3a185ea4c6e75c51a3a47dc7163ad777,false,fe143706c7265e5fecceca60ed0b2b40cd91b85937a8c49c21e533cd84553428
51737,e7df78394b205d123dd5bbe4f922d528c2042860ec04149f06ffbeb6a491d54b,false,1f3b404a8080f4907ebb40402a3575d7bc59f2da84341863e19c7b8419cb8b75
51737,e8d253810ec7b902aac21ed83441666bca5faddd93c47c6915b394d4e4cd829f,false,5125bd965678a411b53db8fe1ec9a4461ac454471d04b6ee391f9bedbc35acc9
51737,e9b089b755f4a9c25e0a438ec3ed6a67bdd9cc3aa691c11442da2ac8c9f1a203,false,76dd550f2345f9399c5327b03e12f62da1f66397e618633d75dc7a177fd36bb1
51737,eb6f39fbe6679c3955fab3dced8d1def36aff7fb490e196263df7019d67b520f,false,7b949f8d7ef4bc872435c1a70c26bac1d0373276d646236ba0c40bd5d1dc1169
51737,ed60be82429a37462b3ebd0d5f88674af1ced80dd288b2625e74ae179d1b8ea2,false,42e6536106c2eed59c992870fe9a817f69859fb5b4a7a55897f929857434c8a2
51737,f0d432529c5484958457c5da05fc9d8ebb3dbb3078076c6aa33ef26aeb82de95,false,f2738f555dda014ab575bf6c2e625b85f01d04716bf70c5282adfc333b28b3e3
51737,f2738f555dda014ab575bf6c2e625b85f01d04716bf70c5282adfc333b28b3e3,false,c711242274e522714cd2679f9206f323b126f46fc02a43cf574adbc9a4e91657
51737,f2b7b0f46a138db964d160464092168af9d7db86ee84ddeea52452d5f46ea813,false,871f08c3060acff7e43b73222f9293fc015edbff84611c288cf14eca2bac3828
51737,f49b3b3f483a1757a6a3058d1955a7fe95e1a6003b1b847cd6e3e4befe8bd2b4,false,bfce7ea496006e037bbb28267ff3e5c5418b2b40d8d284d6860392def12926ac
51737,f59b79d5b66c7162f647e6c6247f14f3030d5f40d75064be29a680b09112d472,false,4be47ea9c524515683eb192e403d2eece02f98b05b361dcc4856d8a2f7250783
51737,f5a50bcc566590fcdb6d914739ac879100212dfa3527d5052fe6f70c622af79f,false,75ee1b4a956596a8c2fbefeff4851b35f0f2df92a6d09d2adfe7c42c82462bdd
51737,f5be2a06efca8e1e8296e5cf8928c3ea02c27b8edde812d1923ab813112ea0eb,false,12d09ab2bb35c1a64f4d0a14329f7afcbdd94e920bdedf7a126294f7e8e03a27
51737,f749bf93c9dfc5d84a8a9de2cb4fb0ab88d63dfa364ba2a073be253bb5971d4c,false,d27ad12e46cc0949ea0fd65617499e1bda03f243e8e8ff6ad9fe6590f4d9e00f
51737,f797bd26024ab88b66b32ebddf24a5388bfb8e04e9956ba57443911596b5ef54,false,69d9865ae989801fae6d9dbe9f78338d04fd8e61b06f0c0b536def9729b2cbe0
51737,f811011c0c1caaf7c28644a529547d84ad436c6346e59c2fd23dcce0750fbcd2,false,e7df78394b205d123dd5bbe4f922d528c2042860ec04149f06ffbeb6a491d54b
51737,f966ebccf3827c3d1f5b4f7d8886c1e9cebf55b6158cfa2bfef64b53b6473900,false,7114213c6dc6b13a5996020a3cc8b0f5108c2a4f73ff5ef96b7093a49306ec54
51737,f9b0f049eda4d3ffea7b5925c6816625c51f63655b6774b4f283f4e207fac475,false,71fae326af1ba30b4ea7d9ae6c49578a8e70f2c61c8fc24fef063ef7f8c7204b
51737,f9e01ecd61e6371f7b82a5935f0d70ea5605245de7f77d4475fa9331fb7e2f16,false,f9b0f049eda4d3ffea7b5925c6816625c51f63655b6774b4f283f4e207fac475
51737,fb17d2a166196150032c33263207e9f9de807ff5e33fde0b53dc395550aede6c,false,961b092387ddbab57bbb78e76cd68ea508e41d2e9f71927f4e2b23cd6d25a6fa
51737,fb3943e18f2505ce6e2f759ff7d13dbfa15b5d342359e4779aef5335cc7da30a,false,d1f5462d967c90e485b2babdb11f47dd5b0b0de4a7a24c307e34fbf4e50dffc2
51737,fe143706c7265e5fecceca60ed0b2b40cd91b85937a8c49c21e533cd84553428,false,0343797b082f2679ec13cdb4730d4a1cbe6464898f7c7c0cf35f652eafc9313d
51738,00d80eb77eb924a46cf5c6cf5500109de8d9273d58bad3d0b5134b6b525e0d43,false,6643c87e8dd94cbf2bbe09c73d96f6fb0a6cbe7026d6998c0102c369aee872b6
51738,019cf7589fedea5b4925c93a604f2e59a2f592a6b0a53672abc4368fad049d60,false,3e5292574426b37e85cf8a42a58470c8db3036154d76d138fb54387587927833
51738,0220df2c42eee35e1cc27546eb7351e8f8d2b5dddf4428b49efabc54adc39229,false,9b9a1a89ba7fa6d4d2c6f4b6cae3bc342d8e12e197644e1c1f78ed377e1096fc
51738,02a2a0c9a524e5836149be47752e844f95c2290702dbeb9f54301742a479cd2e,false,331f039e7d36156d86bb83573cc0879359eb88149b338a6f616c7a9ddb9e092a
51738,043f24b4629826dd6e2715bc901985a1ca7409c532176719af0436bdd9f9b786,false,62fbae1352b36c8ad412393bcf6192cbf0865a28d2d33bdb97f0c658267d3283
51738,06870d5747b2b30def389fbfeacdddfc336cd43e24533fbd52e8963aab5f7ba8,false,0220df2c42eee35e1cc27546eb7351e8f8d2b5dddf4428b49efabc54adc39229
51738,0a3b305dc9c8a84563d87b63a77e8f018dd17a239a6887c5f3fc4a185ecadcf2,false,6b3287f61aac2c463eefc28ca1ceb73002307bf0407b3f18917c854ab2664957
51738,0abcb90242c14fc0ab370757cd337db2edd7312553ddd567cf735313314afa0f,false,3a1561bccbf4141b0888029f3130ec293e64a96318da4e24db2e109db7167957
51738,0b46797b2351272fde5fc9fa429ad37aa5c52958f229fe7ff45ec3d76f92cce8,false,460d675abb024906900e97d7bba0dbcbc32e0c260f0049452b8ac9b0f70ca04b
51738,117c1a5c712e83f203f4886d7c1f84eab03f17869b0b28285b362ad37a2746bf,false,f901c621bdbc2b9c24a9908280a48e9ad30b1e1affebe396974d76b5b11c6f26
51738,14d1a8ecff5fe7f58f3664b6975089f324aff081de59faf98c7f2895bcbe7f31,false,7b3be23f231368e3f5fc2e9d6f2eac11bfd9999af14d796506a4bfe515c07e43
51738,14e2866d3318a49799b1ad4a525fa189e15c43680ac688a9a0e81232c2e21e61,false,3f17168829e0633bed8941bd42e8fa4b5689892b89f32454ebec5ca3627cdbb2
51738,16be9927e596c03a4b0be28e4bb924ede730a1f279d1bf5685197d7ba30755f2,false,599795e103f0beb952430499a313227848bbb8c292fb35597a4fba3fd4f3553a
51738,180abce5fff3a88f039756da81a2aab4279ae7afd1b4937854f08e9732196992,false,74b599e3d9e310caf7cc9f99dab765067f63d13ca224a2f21ed0bf34efe1cb17
51738,1f54bafc70859e908d3bcad89f1071d180a9773d2a3548b547926ebc8d7486bb,false,df9a7a8859cab3d2ff84941a971d2c2f91c48b2ac79c5936650a3229dbb34ede
51738,1fcafa6449dcd71205d03c4d34cf587b9278bf6eebeb55fe6022886d9b4695e8,false,64488c6c753f3e5f61a42de7928430eb8342ead86a4e0765a3726faba5f3015e
51738,209974f6c8369caad65b0108a58dcbb9f28e67ca18d33bcc64adf29c46ab4279,false,0abcb90242c14fc0ab370757cd337db2edd7312553ddd567cf735313314afa0f
51738,22b0753b2f2b37298233c1215a0b273a899853a592eefc740392fd1ab61556b3,false,7f153ff7f13b1e44a5d3ec03cdb51bc61120b62c0a207b8d509e85284d0281e2
51738,2355294d641257d192161f5d81247001b3d75817f9c4c8718ed04bf35f268e84,true,
51738,2524b68e59062721aa949af5b905e2ce966693fb622474ea51e225d6e4dc0d3f,false,ca3fc6e9ee501fc1980525439abc9575650c66035f347ff478b0475954209175
51738,2551bbe2be8ada9a08b671b61970f9dea8562eebea88d72b70039331008faa8b,false,6d413ba6e6a28ed65a58a0d1fb161f5ad6670f2c38f1d67cb5c91cfef9c44365
51738,2655546a93e99fc9f5e4a7064086a4a99919bbfe41557f516ffa5b628376edc3,false,f5f12a8a22578f066b3798d871f1dbc35bb3a5448e6a1d2633d7512243d9cac7
51738,28f85f9c69b471d7d75ac073bec38ff0146268a132d8c3ec0621345978fc35fa,false,da882b4f1fd0674db42ed2c33e18d1df6c18c44fdbfe07b709c0edd4e1ab0bd5
51738,2a123b64ca636869cc7e14ea72edbe7ad6c7990adf1c8513d507a8a4aa6aa14b,false,b16f61bdd28d7787e5649a8a83d9526bd67da602583f084c8f5b4d325d106c0c
51738,2a42d512a0db5633c992c923a6469d08699686dbb7546127c50ffc15e6fdc9a1,false,2524b68e59062721aa949af5b905e2ce966693fb622474ea51e225d6e4dc0d3f
51738,2c8706faf22d9d209000d1277a50eed4551f63eba565b60c4a10556fa6f85a92,false,d57a3435e9254c770bd61933b60d5a1ac1730b7acfbbbe25d4f537ae7edbfa40
51738,2d60fbf5439b5371691636e46bbf92a0cd54e3af082750428ff19f9be9e898dd,false,f64f9565b2901c0fb5b97214049adf7d2bce0e2815bff1bbfacdc502d1c72566
51738,2e91b9337c8ccb33da0a39a8a3e17098f6f97975da1dd186507ba859f3f31edc,false,c8330f9af7277ae143c0cbdd1f6bc2f7eb019f9b1ddf16ebd09b5973298692e3
51738,2f366d3927aaa55b34cbcdadd3c62c88a0ae6610cf50ff2a550cb6fc78be8981,false,ece70659ea94e45a193208640dac36cecf6f19c12c5890de31de0fb2c8e36371
51738,2f60d4b09a2400ff9133d2164d77f927b5e69d0b9542b3fd32fc0d043909abdf,false,cd4ef524ecea443bc06b58efa7135628b59872e8db5d3504e26866f2ffe7fac8
51738,3279ff1954e151b096609cb41447b9858dc0b8895ed4c7d5298445aa8cae056a,false,2d60fbf5439b5371691636e46bbf92a0cd54e3af082750428ff19f9be9e898dd
51738,331f039e7d36156d86bb83573cc0879359eb88149b338a6f616c7a9ddb9e092a,false,043f24b4629826dd6e2715bc901985a1ca7409c532176719af0436bdd9f9b786
51738,33c962d997eb0680104b5d69cdb80ad249620aa8ca5a2bba61e4e3a7b30f951a,false,f91fe3c315b520013f2b3509572b114c5e0ba49b74266c6daadb1c4735876efe
51738,352dc262ca971b9d9f4c241926fff55e1102ca85fb14d6f9ae08d2c515d5fc4e,false,3ba878cf56445e0bc75bf536a8e85096dee21d36067e999659b26cc7c65fcc02
51738,390671c9f1f048d130128e9735a50e28823fc165b068cd2783b6049d640f5541,false,ae302ac75384cce7a2fd3ac12c5391ce5c82755b63cae6e535a2deacff66a2fd
51738,3a1561bccbf4141b0888029f3130ec293e64a96318da4e24db2e109db7167957,false,3ed61c3d5048df0c7900c13a37b5de47e77d7f09f718025114c68123597958c4
51738,3ba878cf56445e0bc75bf536a8e85096dee21d36067e999659b26cc7c65fcc02,false,c1ab211dbbd10146ccf9ce4d7f19aed5ca27407690b04344ff84afff4f6fa1af
51738,3bcfd0e111e08001fe782d88e3f8e45325575366216e58e2db4f28b87fc10587,false,97c10cdf4909761dd5e173fc1022a4ad4971e46fa0117485ee3049156e53901d
51738,3c176fd516b8ed301fb627792f93cc5e8f24a8c9b1e46c44e72f8b6665c6e2a9,false,beee86ce7d24ac3b9b493548676ee6ea181b1e8577372445dba4d4cdd1af288f
51738,3e5292574426b37e85cf8a42a58470c8db3036154d76d138fb54387587927833,false,2551bbe2be8ada9a08b671b61970f9dea8562eebea88d72b70039331008faa8b
51738,3ed61c3d5048df0c7900c13a37b5de47e77d7f09f718025114c68123597958c4,false,d5509b9258b9d1bcfbe85106e1957adc060ed3fe5dd566e510763cd7af0070ec
51738,3f024714a5395c36b1628fc48e5c9d56196642ac19dc983068f91108d830193d,false,a628c692ac88c055f242c1909bad27c232a1a28d5dd454fa3fdecae16eaf6201
51738,3f17168829e0633bed8941bd42e8fa4b5689892b89f32454ebec5ca3627cdbb2,false,2c8706faf22d9d209000d1277a50eed4551f63eba565b60c4a10556fa6f85a92
51738,430994be75823ecf8fc87d4ea614c4e7dea5bdf099226def34374c6ac73b18bf,false,2655546a93e99fc9f5e4a7064086a4a99919bbfe41557f516ffa5b628376edc3
51738,44371a8848e06fbeabce530c9dbe4c634011c5ab7a471ee7dfca0126a5b2ca33,false,8aa53b7354a3d3fa0b6a0ccfde1efb55118e52ab383c3416d108f5221cbd2b97
51738,4454f57b88cc45c94ce6d183faf93b4de1eb67259be8c648f02b90d1d175f7f8,false,b2ab35d8445cac1bb2653c98fafa5b0aa55ede59d319ea12f1fbfc9490d0647f
51738,4545fa8bae5c2014334f57ee160892541e13548ee7e32297e6ea8c96ac591f6a,false,06870d5747b2b30def389fbfeacdddfc336cd43e24533fbd52e8963aab5f7ba8
51738,460d675abb024906900e97d7bba0dbcbc32e0c260f0049452b8ac9b0f70ca04b,false,f8bb1d3a8876389f9f2677b7665335887d6f4ac9749ccc08ea34db1214375644
51738,47066c5a614d0373756188c8b23cd10265cfc55de68ffce321f179983338aa24,false,7e9b4d54c4e9d5ce02a10a044eb1213adc0ce925deab53d052b65150f3eb6998
51738,50ea352f1fda5e748584ae7488b9577ebde7efe4afbb20cd804e41efdc9d4974,false,00d80eb77eb924a46cf5c6cf5500109de8d9273d58bad3d0b5134b6b525e0d43
51738,5124d699776b6082eddb84d45642dc026f1ef98292f6998655c41b6b65d07982,false,54df369447821beff9fe8cd8db2d3880fa3cf1eb069e7ac66e942ab9c4b54a11
51738,54d03c7a47c04b1e4a1976aeed95d91a01f7d00f45ccbb0e61223615ce34ee70,false,cdbe4d9dd8791366cd872c11297c3dee5244b1eecea61a432e7488dfcb9fa6ff
51738,54df369447821beff9fe8cd8db2d3880fa3cf1eb069e7ac66e942ab9c4b54a11,false,ee158fb18fefd8d46d97bf169475b059df098e20fd7111ebe1dc0df932e636d3
51738,576d6bb12e6666f4e716f96830d81e6383081c30cf6fbbfbb980bf1655ab4dfc,false,a868d3a115f70044b283e0ce66746168b820fbda9060cf45c325101297f37629
51738,599795e103f0beb952430499a313227848bbb8c292fb35597a4fba3fd4f3553a,false,0a3b305dc9c8a84563d87b63a77e8f018dd17a239a6887c5f3fc4a185ecadcf2
51738,5af2e83a51976983d1fc05f41eb4077e0e9a8c34c028c3c6a1bedfb56f19c9b4,false,352dc262ca971b9d9f4c241926fff55e1102ca85fb14d6f9ae08d2c515d5fc4e
51738,5fccc96afe08aed30612077ccdcf44ccc7a00a4a0cd44d4f5e8576f80c802631,false,ff6d38a7d14a0370fe9af2c6cf2aa82f70e5a47ff81cb47a73da4ed45ff676a0
51738,62fbae1352b36c8ad412393bcf6192cbf0865a28d2d33bdb97f0c658267d3283,false,14d1a8ecff5fe7f58f3664b6975089f324aff081de59faf98c7f2895bcbe7f31
51738,63a936635ddac999afef64a083b560fb796143de51b44f6670874d8db67b2d95,false,0b46797b2351272fde5fc9fa429ad37aa5c52958f229fe7ff45ec3d76f92cce8
51738,63eca9dd718c49aafd0e74b26622a73f58262855154a8f0b9a088c50a94b51bc,false,209974f6c8369caad65b0108a58dcbb9f28e67ca18d33bcc64adf29c46ab4279
51738,64488c6c753f3e5f61a42de7928430eb8342ead86a4e0765a3726faba5f3015e,false,f3ef25bd137fb95f8c47f73308472ee0efa27ebdc543b5621ad0ffb26b367403
51738,648bda68ff9eb277252fb7176f80755d5cf7808bdbaa083d242c47099b9996d5,false,54d03c7a47c04b1e4a1976aeed95d91a01f7d00f45ccbb0e61223615ce34ee70
51738,65de8112b2cfabd779c7366401d991f8cad2e3d5e56f9dff551a109b3f2eb1e8,false,d57c44eee2d10214343fbdcd714a6a9e34386037a1d8d1edcee458e2a0a163f9
51738,6643c87e8dd94cbf2bbe09c73d96f6fb0a6cbe7026d6998c0102c369aee872b6,false,8f41d8e7d3321ec49862d2a2e78f2a50244e3eca2709da96bca1805a2532ffcb
51738,6b3287f61aac2c463eefc28ca1ceb73002307bf0407b3f18917c854ab2664957,false,a3382366a490fe0a8a096579acbff00375bd638ba465b8008be3b07b6ce8256e
51738,6ced9b3a91d725bb9dc3954bea12c3dc924e3c3be5807b12b1eac6438f47a615,false,019cf7589fedea5b4925c93a604f2e59a2f592a6b0a53672abc4368fad049d60
51738,6d413ba6e6a28ed65a58a0d1fb161f5ad6670f2c38f1d67cb5c91cfef9c44365,false,acadbc883bbf6dc9158a2622cbdac5b8a32e398a588ede0ebb747822820280a5
51738,6e284a82ae29fec75b985d5ce15ee99efb8405cf6cd08ea86523b6a9f73ff258,false,b68af025e349521c1c635688d8b96b80a7d6bc39851b3ab05cdf20bc5b1621ca
51738,71491ab540a86c2c68ee4cfab95dfad03130fe15de6b287dd8b3c497fec41447,false,7bbda56e8726b9e3f117fc4c54a4c652916aabd8c9d3f73f51a295e9cb440cce
51738,71943d37895808627e0c56d5ef264789cb719164a3f0f3e30e7f403384dd09b8,false,3c176fd516b8ed301fb627792f93cc5e8f24a8c9b1e46c44e72f8b6665c6e2a9
51738,73224b96ca67d11cf18859a5c4197d220c30192d3cdad591f51208e3f1cbe50e,false,430994be75823ecf8fc87d4ea614c4e7dea5bdf099226def34374c6ac73b18bf
51738,743333b647ac23706c3ed265b7ac476def6b5410d0a2af90b7156d889008b816,false,5fccc96afe08aed30612077ccdcf44ccc7a00a4a0cd44d4f5e8576f80c802631
51738,74b599e3d9e310caf7cc9f99dab765067f63d13ca224a2f21ed0bf34efe1cb17,false,3279ff1954e151b096609cb41447b9858dc0b8895ed4c7d5298445aa8cae056a
51738,7aca07a15d93fcb748b3a50e82ca93ca58b8a8f455fd6e3d7ef55312b43ac7b1,false,e7dac9fa9f30f48e8849ce9129de205858e0beac519c5fe2942c7d670532eb3e
51738,7b3be23f231368e3f5fc2e9d6f2eac11bfd9999af14d796506a4bfe515c07e43,false,a498c810825f741e9d43dfc44e5a215df9a673f94390d5af12b19dba5191d3ee
51738,7b5604f111fa820f25523603e8d6b6b473726001d9980d133106341af1245697,false,aa7b7b11f9f041a83ef7bf0eacbf79b9c11b0c335828ec766b3c20e035d1b01b
51738,7bbda56e8726b9e3f117fc4c54a4c652916aabd8c9d3f73f51a295e9cb440cce,false,c961d2da107f9e2321587469bea114a2039f84940bda07308d3ec8ec34b6f989
51738,7c56a21fdc04171fff7fba72519167a7e7ffa0e26bff09cce4873b7c70d33490,false,cb11dcce3b0ed0ce00e37423fdbc63eecaafa7f71c7c47f4eb4b5dac85cf22f8
51738,7d97650280b2cada5001681b593621d3a9af61322b6c12a593a5e24a7c810d48,false,8d5357733f141e8b2a84887531e440489e4c7787e0e67db09b595959a3686f4d
51738,7e9b4d54c4e9d5ce02a10a044eb1213adc0ce925deab53d052b65150f3eb6998,false,50ea352f1fda5e748584ae7488b9577ebde7efe4afbb20cd804e41efdc9d4974
51738,7f153ff7f13b1e44a5d3ec03cdb51bc61120b62c0a207b8d509e85284d0281e2,false,ffdc0d2de6bede7e267e655c543424c0bfbb0520860f24370cc3f611d19a31a8
51738,81aa7280f8d2aef85c8b905d5d9950f23930fc72a74d9c2d6b07ca609c829ee8,false,2e91b9337c8ccb33da0a39a8a3e17098f6f97975da1dd186507ba859f3f31edc
51738,89f38d552097b86920e7ff23bd0aba862f685344be090875fc44c90e59aaf26b,false,f2222e7674d8c5ab0297e885326c220c2c7eed79e9226c6b3bcdd823b48f634f
51738,8aa53b7354a3d3fa0b6a0ccfde1efb55118e52ab383c3416d108f5221cbd2b97,false,2a123b64ca636869cc7e14ea72edbe7ad6c7990adf1c8513d507a8a4aa6aa14b
51738,8d5357733f141e8b2a84887531e440489e4c7787e0e67db09b595959a3686f4d,false,99c53955709cfade3fa2e6eec847818d4153c29fa09550bce487de88864d2dcb
51738,8f41d8e7d3321ec49862d2a2e78f2a50244e3eca2709da96bca1805a2532ffcb,false,9e6aecef5b7ea5da39f673672b5a6710bb343c76f1596f4b751b7b4714407e11
51738,97c10cdf4909761dd5e173fc1022a4ad4971e46fa0117485ee3049156e53901d,false,81aa7280f8d2aef85c8b905d5d9950f23930fc72a74d9c2d6b07ca609c829ee8
51738,99c53955709cfade3fa2e6eec847818d4153c29fa09550bce487de88864d2dcb,false,63a936635ddac999afef64a083b560fb796143de51b44f6670874d8db67b2d95
51738,9b9a1a89ba7fa6d4d2c6f4b6cae3bc342d8e12e197644e1c1f78ed377e1096fc,false,65de8112b2cfabd779c7366401d991f8cad2e3d5e56f9dff551a109b3f2eb1e8
51738,9e6aecef5b7ea5da39f673672b5a6710bb343c76f1596f4b751b7b4714407e11,false,5af2e83a51976983d1fc05f41eb4077e0e9a8c34c028c3c6a1bedfb56f19c9b4
51738,9eccb9d03e2f5990dccf0bbffce45b558948ea8e838cc3f648fa128c38f3cb35,false,7b5604f111fa820f25523603e8d6b6b473726001d9980d133106341af1245697
51738,a1c49cbecc2c9c479793d2ba55137f538f92f6fbcbb22c51dc95f5610bfc1686,false,63eca9dd718c49aafd0e74b26622a73f58262855154a8f0b9a088c50a94b51bc
51738,a2bca58ce1d7b5986ee661e0063a0960bd58187bdada27a72235c844b62fbeb3,false,2a42d512a0db5633c992c923a6469d08699686dbb7546127c50ffc15e6fdc9a1
51738,a3382366a490fe0a8a096579acbff00375bd638ba465b8008be3b07b6ce8256e,false,a1c49cbecc2c9c479793d2ba55137f538f92f6fbcbb22c51dc95f5610bfc1686
51738,a48221953ad87f15ab9313194c9fd12216679873f8861ab6e4d5430e5c9661ea,false,fd730f5cb566a82e8afb3db62e700e51a5449525f37d58d5d1197c1bd536c8f5
51738,a498c810825f741e9d43dfc44e5a215df9a673f94390d5af12b19dba5191d3ee,false,e8291731669280ec557fd144b2d3a00d9f569e4bb40fc0ad6d62fb1ed7645b40
51738,a628c692ac88c055f242c1909bad27c232a1a28d5dd454fa3fdecae16eaf6201,false,dc995dd049b76e1fac9162464ca14fe26f05da28aa37d6f9039c3d131f6bc982
51738,a868d3a115f70044b283e0ce66746168b820fbda9060cf45c325101297f37629,false,ba336b5d95bcd789239f967e8cec97e0731cb2dfb6c1cf45a9e2147f6d95bc40
51738,aa7b7b11f9f041a83ef7bf0eacbf79b9c11b0c335828ec766b3c20e035d1b01b,false,b43fd229bd843cf082336da912ead09f3efb57883096f48956e88b78533dea57
51738,ab7ec28e35b39a8cceb115f86d9a3e2c3d944a893f43e2ee425b89213bfbb166,false,5124d699776b6082eddb84d45642dc026f1ef98292f6998655c41b6b65d07982
51738,ab94ef388fd7e286017e41fcb3a6d8be7172b5c5a09ab7cf51d350309b9d0852,false,4454f57b88cc45c94ce6d183faf93b4de1eb67259be8c648f02b90d1d175f7f8
51738,acadbc883bbf6dc9158a2622cbdac5b8a32e398a588ede0ebb747822820280a5,false,bc4a1e8239e1d603aa97ed796bc8ccbf5ba3ce636366c97b841308520d712050
51738,ae302ac75384cce7a2fd3ac12c5391ce5c82755b63cae6e535a2deacff66a2fd,false,6ced9b3a91d725bb9dc3954bea12c3dc924e3c3be5807b12b1eac6438f47a615
51738,afafa0436c8484682c4282c94221f0533a7e3fdfe0be46c50896b64219c953c5,false,14e2866d3318a49799b1ad4a525fa189e15c43680ac688a9a0e81232c2e21e61
51738,b16f61bdd28d7787e5649a8a83d9526bd67da602583f084c8f5b4d325d106c0c,false,576d6bb12e6666f4e716f96830d81e6383081c30cf6fbbfbb980bf1655ab4dfc
51738,b2ab35d8445cac1bb2653c98fafa5b0aa55ede59d319ea12f1fbfc9490d0647f,false,d60f72d9d17b718a5556f284d92f12341bdc8cdbda9e3d9e2749f3dcad446f8f
51738,b31d07ab372faf07f714f48d775d348d6c0f630b0e15dbe7cbc5c725c202810e,false,3f024714a5395c36b1628fc48e5c9d56196642ac19dc983068f91108d830193d
51738,b43fd229bd843cf082336da912ead09f3efb57883096f48956e88b78533dea57,false,d3a0979ddb8bb6c609f237ea401e02b2876a09857c65c494d1b8bab7f7e93c99
51738,b66dad801f64f5c2b0671a5ab13c028579f533aa8e4867ac7891cfac8a0642ef,false,ab94ef388fd7e286017e41fcb3a6d8be7172b5c5a09ab7cf51d350309b9d0852
51738,b68af025e349521c1c635688d8b96b80a7d6bc39851b3ab05cdf20bc5b1621ca,false,7aca07a15d93fcb748b3a50e82ca93ca58b8a8f455fd6e3d7ef55312b43ac7b1
51738,ba0d2019c1f4c8d7a33e709b744e57d70274e1c21b97071e2f64711539b10161,false,4545fa8bae5c2014334f57ee160892541e13548ee7e32297e6ea8c96ac591f6a
51738,ba336b5d95bcd789239f967e8cec97e0731cb2dfb6c1cf45a9e2147f6d95bc40,false,b66dad801f64f5c2b0671a5ab13c028579f533aa8e4867ac7891cfac8a0642ef
51738,bc4a1e8239e1d603aa97ed796bc8ccbf5ba3ce636366c97b841308520d712050,false,16be9927e596c03a4b0be28e4bb924ede730a1f279d1bf5685197d7ba30755f2
51738,bc895993168cd0797765fc32f24865f8d861134b8c0cf3f58db6d249433f72ac,false,afafa0436c8484682c4282c94221f0533a7e3fdfe0be46c50896b64219c953c5
51738,be8a404451b89204d10b5679ab6e796bda8bf85d30ec59161656dd35f28c5cf9,false,7faacd66f9956017cb0bdf95fc6d64672412698463c216912bfa47607fed3240;825f5f6f39034051ded80cd5ef9a37ddf9cb2fad1c8445db6aae54290f698963;381bdf7627d6453b52d08bd9e339b538d7b3648eca3e5a83bc20c6601bce1aa6;72e96e1b2d137e0075c92cb5d910877fbd1b77bc87c369344dcd081d6b806fbd;1b9e7ec585343d54dc4d758b329563f41d6a38d0695af6d70e0387c26818e7e7;ce7612ea8b22a86342a9b7f01e1afcf7c5000acc4ae9f95378020f73df2f36f1;60a63ddcc22f36d165fdba6de078280ec247ada91d067bc87ab98be767dc9cd8
51738,beee86ce7d24ac3b9b493548676ee6ea181b1e8577372445dba4d4cdd1af288f,false,390671c9f1f048d130128e9735a50e28823fc165b068cd2783b6049d640f5541
51738,c1ab211dbbd10146ccf9ce4d7f19aed5ca27407690b04344ff84afff4f6fa1af,false,117c1a5c712e83f203f4886d7c1f84eab03f17869b0b28285b362ad37a2746bf
51738,c5e8c964f1da35fd1b0fe6592bfcc2c810d3110a1a2a4903f8a04a1e0588c047,false,02a2a0c9a524e5836149be47752e844f95c2290702dbeb9f54301742a479cd2e
51738,c8330f9af7277ae143c0cbdd1f6bc2f7eb019f9b1ddf16ebd09b5973298692e3,false,73224b96ca67d11cf18859a5c4197d220c30192d3cdad591f51208e3f1cbe50e
51738,c961d2da107f9e2321587469bea114a2039f84940bda07308d3ec8ec34b6f989,false,f14b543dc89a94367bdd8ceab69971a76a099528de6c79f6bd78cfdca245aa5b
51738,ca3fc6e9ee501fc1980525439abc9575650c66035f347ff478b0475954209175,false,22b0753b2f2b37298233c1215a0b273a899853a592eefc740392fd1ab61556b3
51738,cb11dcce3b0ed0ce00e37423fdbc63eecaafa7f71c7c47f4eb4b5dac85cf22f8,false,2f366d3927aaa55b34cbcdadd3c62c88a0ae6610cf50ff2a550cb6fc78be8981
51738,cd4ef524ecea443bc06b58efa7135628b59872e8db5d3504e26866f2ffe7fac8,false,71491ab540a86c2c68ee4cfab95dfad03130fe15de6b287dd8b3c497fec41447
51738,cdbe4d9dd8791366cd872c11297c3dee5244b1eecea61a432e7488dfcb9fa6ff,false,cdf2d4ed5ee7b7b8534f1d5cd7844e5da479740c1afed5474c1e271ea1e746be
51738,cdf2d4ed5ee7b7b8534f1d5cd7844e5da479740c1afed5474c1e271ea1e746be,false,743333b647ac23706c3ed265b7ac476def6b5410d0a2af90b7156d889008b816
51738,cf03b4c607aae39cedd61408726595e2a016061dbe6b94058cd6a3edccf5efff,false,3bcfd0e111e08001fe782d88e3f8e45325575366216e58e2db4f28b87fc10587
51738,d01406285949815b7a647203a439ce5b1ce7d81ba5d2edce318292e7267af015,false,7d97650280b2cada5001681b593621d3a9af61322b6c12a593a5e24a7c810d48
51738,d04c03d3316ba8e60a92e09954c485435633dd83c2c60eca0fe0664561539554,false,180abce5fff3a88f039756da81a2aab4279ae7afd1b4937854f08e9732196992
51738,d3a0979ddb8bb6c609f237ea401e02b2876a09857c65c494d1b8bab7f7e93c99,false,33c962d997eb0680104b5d69cdb80ad249620aa8ca5a2bba61e4e3a7b30f951a
51738,d5509b9258b9d1bcfbe85106e1957adc060ed3fe5dd566e510763cd7af0070ec,false,7c56a21fdc04171fff7fba72519167a7e7ffa0e26bff09cce4873b7c70d33490
51738,d57a3435e9254c770bd61933b60d5a1ac1730b7acfbbbe25d4f537ae7edbfa40,false,ba0d2019c1f4c8d7a33e709b744e57d70274e1c21b97071e2f64711539b10161
51738,d57c44eee2d10214343fbdcd714a6a9e34386037a1d8d1edcee458e2a0a163f9,false,ab7ec28e35b39a8cceb115f86d9a3e2c3d944a893f43e2ee425b89213bfbb166
51738,d60f72d9d17b718a5556f284d92f12341bdc8cdbda9e3d9e2749f3dcad446f8f,false,bc895993168cd0797765fc32f24865f8d861134b8c0cf3f58db6d249433f72ac
51738,da882b4f1fd0674db42ed2c33e18d1df6c18c44fdbfe07b709c0edd4e1ab0bd5,false,71943d37895808627e0c56d5ef264789cb719164a3f0f3e30e7f403384dd09b8
51738,dc995dd049b76e1fac9162464ca14fe26f05da28aa37d6f9039c3d131f6bc982,false,c5e8c964f1da35fd1b0fe6592bfcc2c810d3110a1a2a4903f8a04a1e0588c047
51738,df9a7a8859cab3d2ff84941a971d2c2f91c48b2ac79c5936650a3229dbb34ede,false,648bda68ff9eb277252fb7176f80755d5cf7808bdbaa083d242c47099b9996d5
51738,e401455b7ebe0f15ac3d89fb4419f930ef39698553bad34464bc2a400f209a34,false,a2bca58ce1d7b5986ee661e0063a0960bd58187bdada27a72235c844b62fbeb3
51738,e7dac9fa9f30f48e8849ce9129de205858e0beac519c5fe2942c7d670532eb3e,false,b31d07ab372faf07f714f48d775d348d6c0f630b0e15dbe7cbc5c725c202810e
51738,e8291731669280ec557fd144b2d3a00d9f569e4bb40fc0ad6d62fb1ed7645b40,false,9eccb9d03e2f5990dccf0bbffce45b558948ea8e838cc3f648fa128c38f3cb35
51738,eb3913b131b572aeea0b5deb6c477dcd329642222657c2f4f93cac8b63acc950,false,89f38d552097b86920e7ff23bd0aba862f685344be090875fc44c90e59aaf26b
51738,ece70659ea94e45a193208640dac36cecf6f19c12c5890de31de0fb2c8e36371,false,d04c03d3316ba8e60a92e09954c485435633dd83c2c60eca0fe0664561539554
51738,ee158fb18fefd8d46d97bf169475b059df098e20fd7111ebe1dc0df932e636d3,false,cf03b4c607aae39cedd61408726595e2a016061dbe6b94058cd6a3edccf5efff
51738,f14b543dc89a94367bdd8ceab69971a76a099528de6c79f6bd78cfdca245aa5b,false,ed60be82429a37462b3ebd0d5f88674af1ced80dd288b2625e74ae179d1b8ea2
51738,f2222e7674d8c5ab0297e885326c220c2c7eed79e9226c6b3bcdd823b48f634f,false,28f85f9c69b471d7d75ac073bec38ff0146268a132d8c3ec0621345978fc35fa
51738,f324c33340d606787505661163bde71c83a98c8f6fb2c54e1dde0af61d4527ba,false,2f60d4b09a2400ff9133d2164d77f927b5e69d0b9542b3fd32fc0d043909abdf
51738,f3ef25bd137fb95f8c47f73308472ee0efa27ebdc543b5621ad0ffb26b367403,false,44371a8848e06fbeabce530c9dbe4c634011c5ab7a471ee7dfca0126a5b2ca33
51738,f5f12a8a22578f066b3798d871f1dbc35bb3a5448e6a1d2633d7512243d9cac7,false,e401455b7ebe0f15ac3d89fb4419f930ef39698553bad34464bc2a400f209a34
51738,f64f9565b2901c0fb5b97214049adf7d2bce0e2815bff1bbfacdc502d1c72566,false,a48221953ad87f15ab9313194c9fd12216679873f8861ab6e4d5430e5c9661ea
51738,f8bb1d3a8876389f9f2677b7665335887d6f4ac9749ccc08ea34db1214375644,false,f324c33340d606787505661163bde71c83a98c8f6fb2c54e1dde0af61d4527ba
51738,f901c621bdbc2b9c24a9908280a48e9ad30b1e1affebe396974d76b5b11c6f26,false,1f54bafc70859e908d3bcad89f1071d180a9773d2a3548b547926ebc8d7486bb
51738,f910dc469c36fb6993ea95c2cf315188d991510729fadcb35bb1e52906b9122f,false,eb3913b131b572aeea0b5deb6c477dcd329642222657c2f4f93cac8b63acc950
51738,f91fe3c315b520013f2b3509572b114c5e0ba49b74266c6daadb1c4735876efe,false,d01406285949815b7a647203a439ce5b1ce7d81ba5d2edce318292e7267af015
51738,fd730f5cb566a82e8afb3db62e700e51a5449525f37d58d5d1197c1bd536c8f5,false,47066c5a614d0373756188c8b23cd10265cfc55de68ffce321f179983338aa24
51738,ff6d38a7d14a0370fe9af2c6cf2aa82f70e5a47ff81cb47a73da4ed45ff676a0,false,6e284a82ae29fec75b985d5ce15ee99efb8405cf6cd08ea86523b6a9f73ff258
51738,ffdc0d2de6bede7e267e655c543424c0bfbb0520860f24370cc3f611d19a31a8,false,f910dc469c36fb6993ea95c2cf315188d991510729fadcb35bb1e52906b9122f
51739,00ef79025a5ee5e787c87fec7e50994d04be55ddef9213a145e9e25647e04e12,false,a7c0a7683c52bb947e6acfb88c5a39726636fc840ba21752551de3cfe24bdc93
51739,110d5a2109c363d677a65a2316f496aad27095c5ade7097e7519219d62b3bf0d,false,87c228eb7dac4a153c9d7680562c6c0073486a3dc63c077d044e8eb3dd34db3b
51739,13f4a21606920fbd86dc4b5121d52207c22ef31f4a5e6c18c61c0e051c97aa0e,false,1d49960afc588b30bdcdcd8f235dc5c15d1391869adfc400fb917a2ea03ec857
51739,15266c5bd60bf8c7ba0d04d0aca3bfccd03db3e1cfafe9498f85339354a01649,false,a2ed6c5cfa62daf4d4f0b2abc80738a73876db48249e4c27460e2b217853996b
51739,17ba3413f9461687f99ec927836a4cdbaba505fad1d08d3a18dd6f5e0f3fd79f,false,13f4a21606920fbd86dc4b5121d52207c22ef31f4a5e6c18c61c0e051c97aa0e
51739,18c44a830977ff658cd32e671d6d04477002ceb824925781497591bf691538f4,false,297f76bad26237cedc71a4a1218c2476e1c2a409bd853ab31944e251c79ded2e
51739,1b61a54607209b08324f7c2cd9c68271752de7db64f85e92663a9962b39f056c,false,95eb0b726935bc7f68cf2d8299aaba735f2cb1215490a9195f2000ad8c03654e
51739,1c09709162d7ceb05dfc9132021383ded38f1989845390e8cc2406b25e944aec,false,46d9166470bbb2d8de76c6f9a1fca4634d1116fd292e3483bb5e8530a5f2f10f
51739,1c38363d9c9d140115a2281da881ac63e8ce274a52773d8739f9a3934afcf993,false,1fcafa6449dcd71205d03c4d34cf587b9278bf6eebeb55fe6022886d9b4695e8
51739,1d49960afc588b30bdcdcd8f235dc5c15d1391869adfc400fb917a2ea03ec857,false,a53646412f8b34580514fa45710646f511c980ab0c7238613fe0375ef0613a1e
51739,2288fbee99d5cdf9ab6ae332f003cae9396032e00cc2c6c132058e2669ac4d3d,false,76611510038f38dbcaf3f025acbca2863e6e2c135967dcf2dd417e3d755fde69
51739,268ee4e02e4ba11185ff78f85800766dd90c0bd71aa4cd8d6702cb852ed0e8b9,false,681609632a6b096402480df0adcd4ddbce5304d0691865be21fb61320570ab31
51739,295925a2f5f817f6531a8f4528ed6bb65757756ca202946baf8819b0dd1537e0,false,110d5a2109c363d677a65a2316f496aad27095c5ade7097e7519219d62b3bf0d
51739,297f76bad26237cedc71a4a1218c2476e1c2a409bd853ab31944e251c79ded2e,false,bb3a0b91bfa0a54ea51ed5c7bb21f399432927a2032b1559301c6fcf0f91c85c
51739,2ada4f681eddb7c175d4c9a2c9f14a148d7af9a82004b8e5bf06ac10db6c80f5,false,dade11db2a7bcb39120285aafe8bebea4816bdebb77adf41297254302dfbb855
51739,31a80675d126513e695634bed212fde4eaef5c70a429e1e43f21a41722dc471e,false,c33d409a3b5b48e6c982fc4ec5a54532d428b2af7ae9511f8172d840d101ff8d
51739,32cc08e29bceec9cc05d79f321fd2b61639b18859813a39857e5eb2633a5edd3,false,a5bb460b706f6990db81e87bf5fa7908d9039333d87c7503d7d5a63f0d574e6a
51739,343f4d27c885f1b8ea51507a6e9e3ad76436954ccc2151c0c4e9ed7617e09190,false,f79fa7fb68930b9522dbb896b32749719a72971fb3518ebed1d7ad66c8699fc4
51739,346c5bffdba7d37c563f6a2fc03de4078ff343228786e3d65527214f6dcbe548,false,96aaa429a8bd4219fd669a49d552d75d1feb28c2a1fbc93ea37a0fa7e21e95a8
51739,38aa751db80a9839754610d4313f91c23b73727ef0bd410117bc3368598f9fd6,false,f6e33ca73abb8b2fb9471d4eaaaec48fd9a336a8216dfb477639f0d84dd37e28
51739,39acf8605550ab41df35b43e8722c03d3b7ccbd34c90894026c6d3de4777712d,false,3ee2a899218c335a4ee7341a8779f69f8d45c4623a93e6fc0b071cec28480b7d
51739,3c87c9a81faecf4ebfda14141742dea288c99970510ec5a8673355d02ab12944,false,8c2450dff3fcf6059a332cb1ebbfaff843388faeff8a2d36d68361c2b0e86218
51739,3ee2a899218c335a4ee7341a8779f69f8d45c4623a93e6fc0b071cec28480b7d,false,346c5bffdba7d37c563f6a2fc03de4078ff343228786e3d65527214f6dcbe548
51739,46d9166470bbb2d8de76c6f9a1fca4634d1116fd292e3483bb5e8530a5f2f10f,false,62b29e1f25f257f882cd8a670c451c07b806943a01a7f932dc775dc8d826e661
51739,4909bd8ad471c8231138b741ccd8a9c0f25dbfedc09ba66b73d62bd0e861ddc0,false,5a0d0670c66400d872e3816e6b82c0a9a00633ce3e3cf786e5f8ab4326b1e015
51739,49c3fac064cbaa6c19848243ef67a52dfe7e808ebd75dcbc59670d572c8cfd7c,false,343f4d27c885f1b8ea51507a6e9e3ad76436954ccc2151c0c4e9ed7617e09190
51739,50eca021e50d9c5cdd18e4dcda2f51f43263b163cc663aee01f0ae85eee45bdf,false,9527f8aad59950360ba9200d6eaf33e366b78d507adf211c66ae9b7d3e59d37e
51739,5215bc74c6e0834c1d1f1551f05ad170a9e983e641e44f7f3747c832a21b64c1,false,17ba3413f9461687f99ec927836a4cdbaba505fad1d08d3a18dd6f5e0f3fd79f
51739,585f263f94eef6daa5824bd98ea9cf25f406e29c09f906e73de74b426373a2ec,false,18c44a830977ff658cd32e671d6d04477002ceb824925781497591bf691538f4
51739,5869a11f3e77ac4ced18ee57ca2a86ce4fd7856b773040d52bdd5c1992f81ad1,false,88d875369979025758c57ffe3bb55531d0518e93dec425c4ff49c27c684e4f1f
51739,5a0d0670c66400d872e3816e6b82c0a9a00633ce3e3cf786e5f8ab4326b1e015,false,3c87c9a81faecf4ebfda14141742dea288c99970510ec5a8673355d02ab12944
51739,6093f40934cfcf441d9449da6a6e308591a3ee3a6c3d4318daa7b4a1c87674bc,false,fa45651d426e7d7026719c1e166469528f96384cbd2c5929eb2d56328955b917
51739,60b3d095cfb4178147d26c28686e783384bcf46a1bff69e047b6267d5a3902fe,false,8c08afa44848cbd46fc824c91ffc63576fc2a1e1a2e34892e247e51505ba4992
51739,62b29e1f25f257f882cd8a670c451c07b806943a01a7f932dc775dc8d826e661,false,5215bc74c6e0834c1d1f1551f05ad170a9e983e641e44f7f3747c832a21b64c1
51739,681609632a6b096402480df0adcd4ddbce5304d0691865be21fb61320570ab31,false,a23385e2b013a2dd3dd853e3eaf0788ba9f25bd6ef42a33f044d8d5eb4e61692
51739,6ddcf2ebbfd5148e721aa8328945d45e71f2587b31d3bc5423546b70b3462e92,false,79c8da19f40967bbf21daba31909db11c1f473627df24b6a048994166459827c
51739,71c11c6aa0969d0ada7babd2e15976959a3b7feb357e202c1631a103fd0fe698,false,1b61a54607209b08324f7c2cd9c68271752de7db64f85e92663a9962b39f056c
51739,76611510038f38dbcaf3f025acbca2863e6e2c135967dcf2dd417e3d755fde69,false,38aa751db80a9839754610d4313f91c23b73727ef0bd410117bc3368598f9fd6
51739,79c8da19f40967bbf21daba31909db11c1f473627df24b6a048994166459827c,false,71c11c6aa0969d0ada7babd2e15976959a3b7feb357e202c1631a103fd0fe698
51739,79f42363c729fe253a614f790fc806fc243db6db1d196d2ca4a0213249ca60ab,false,1c09709162d7ceb05dfc9132021383ded38f1989845390e8cc2406b25e944aec
51739,7d14dc7a9d33924fde0facb1460028ebcd6842518637597abcff34115b5a5769,false,e566c965be798f3fb64759ddd6094fcbc4603f31ac5b7987aa1a8f5e9d47743e
51739,7ef9f171fa2379e704eec7cf36bdc3e26610426bd0ae210f5830bab5458c65b3,false,7d14dc7a9d33924fde0facb1460028ebcd6842518637597abcff34115b5a5769
51739,80b623621d702051885624738a8ae27200005344eca55864986a7b7d0e026482,false,50eca021e50d9c5cdd18e4dcda2f51f43263b163cc663aee01f0ae85eee45bdf
51739,842aad9b963ac061c7515a8689253e1213c438ca8cdd209dc044d0c9a882909e,false,32cc08e29bceec9cc05d79f321fd2b61639b18859813a39857e5eb2633a5edd3
51739,879f7cfaf6b6db81754370e7fe92971eb86515df9cd0395ef34e729656bf83f5,false,e034dc43893393b30cd6ff6d280b86a7c36653b240e9a7b4a111154c227e933c
51739,87c228eb7dac4a153c9d7680562c6c0073486a3dc63c077d044e8eb3dd34db3b,false,80b623621d702051885624738a8ae27200005344eca55864986a7b7d0e026482
51739,88d875369979025758c57ffe3bb55531d0518e93dec425c4ff49c27c684e4f1f,false,cfaac75b7020e6671f776ec45f6aa0382cb9b0909e16da8ec3d095d22f70b930
51739,8a52034a835a92b3cf381dfc43b87ff0f045e683c7e299da24ba2e91d17c904a,false,b7c2284c4dc5bea6fd6b265db4658f13198698e14c39ffd7575046d8d0df82cc
51739,8c08afa44848cbd46fc824c91ffc63576fc2a1e1a2e34892e247e51505ba4992,false,879f7cfaf6b6db81754370e7fe92971eb86515df9cd0395ef34e729656bf83f5
51739,8c2450dff3fcf6059a332cb1ebbfaff843388faeff8a2d36d68361c2b0e86218,false,60b3d095cfb4178147d26c28686e783384bcf46a1bff69e047b6267d5a3902fe
51739,8c759e6384b585a22324ffd083bb55ba0d4c5148ae3bfa7398a4f0aa7a2cf5cb,false,e888665d18eb12cb70be889b5862c3a663aeb1afba2a0a2529f90e66e3b9e2fe
51739,8ea18adf248b3d13eae2ff9ad0e26bca2ff5c815c5d7eb201397ed5691916e53,false,df45260cc708f2544e25b4800c672de9d7b90b2c70c17f55b0241557775596fd
51739,935fb5400500d86ab8537f896193b9e21015b1cbb9335d4e20914d5f0a9b4e51,false,fca08c22ee4f9515d791b32da9e18f0022d89812300c7655488740d5c4468843
51739,9527f8aad59950360ba9200d6eaf33e366b78d507adf211c66ae9b7d3e59d37e,false,98a2a6b924b736ea60aea576f22b12750c5e0283f21170f5a82c4eaa869251fa
51739,95eb0b726935bc7f68cf2d8299aaba735f2cb1215490a9195f2000ad8c03654e,false,bf8cfe7fce6e008cb9b3b0418f367bac385b92ba1ce09adbb4dbb54028fb00af
51739,96aaa429a8bd4219fd669a49d552d75d1feb28c2a1fbc93ea37a0fa7e21e95a8,false,6ddcf2ebbfd5148e721aa8328945d45e71f2587b31d3bc5423546b70b3462e92
51739,98a2a6b924b736ea60aea576f22b12750c5e0283f21170f5a82c4eaa869251fa,false,842aad9b963ac061c7515a8689253e1213c438ca8cdd209dc044d0c9a882909e
51739,9bc5da7ce10ef86a0225b69c54d8488dc13c91d76ba4b002c04e05319ad61757,false,39acf8605550ab41df35b43e8722c03d3b7ccbd34c90894026c6d3de4777712d
51739,a23385e2b013a2dd3dd853e3eaf0788ba9f25bd6ef42a33f044d8d5eb4e61692,false,ee2e311f71956a8248b1d0d46b67a2dbd79a2d294c47b16c4b798c7316bfe25e
51739,a2ed6c5cfa62daf4d4f0b2abc80738a73876db48249e4c27460e2b217853996b,false,295925a2f5f817f6531a8f4528ed6bb65757756ca202946baf8819b0dd1537e0
51739,a3288574b6c8e1953d4b2966a9cb38ff2f451cbb4324c4cced9bfa92683c87f8,false,268ee4e02e4ba11185ff78f85800766dd90c0bd71aa4cd8d6702cb852ed0e8b9
51739,a32febde6ac4c9de4521f7e7c1815702ce2bd2ffa4bbdcacfc75aaf200da7822,false,8a52034a835a92b3cf381dfc43b87ff0f045e683c7e299da24ba2e91d17c904a
51739,a53646412f8b34580514fa45710646f511c980ab0c7238613fe0375ef0613a1e,false,bcf5198b91fab82aaa339d428eddcaf890ce9b9f6e6e8ea7d2e61219af20e21f
51739,a5bb460b706f6990db81e87bf5fa7908d9039333d87c7503d7d5a63f0d574e6a,false,7ef9f171fa2379e704eec7cf36bdc3e26610426bd0ae210f5830bab5458c65b3
51739,a7c0a7683c52bb947e6acfb88c5a39726636fc840ba21752551de3cfe24bdc93,false,9bc5da7ce10ef86a0225b69c54d8488dc13c91d76ba4b002c04e05319ad61757
51739,b7c2284c4dc5bea6fd6b265db4658f13198698e14c39ffd7575046d8d0df82cc,false,ced238f10389474fe759e970e88ae69086816b0379c1516c331b9f66b2b3a502
51739,b89ea590705d5686d974592b6de6bab4dc32ef1d87a3785054249fb2164dc3e7,false,5869a11f3e77ac4ced18ee57ca2a86ce4fd7856b773040d52bdd5c1992f81ad1
51739,ba7d831f4f1d131e0cd18272605bae4e975f65150249c79b4e527c9987116bf7,true,
51739,bb3a0b91bfa0a54ea51ed5c7bb21f399432927a2032b1559301c6fcf0f91c85c,false,d4de9fb0405151fb4fd6f4de03407e6235c7b3d1d29eda99165ca3c8c12ea489
51739,bcf5198b91fab82aaa339d428eddcaf890ce9b9f6e6e8ea7d2e61219af20e21f,false,e14fbe14eee7abb8c559182ef9134d8be22fa4c881531495b1f84230bb770a18
51739,bf8cfe7fce6e008cb9b3b0418f367bac385b92ba1ce09adbb4dbb54028fb00af,false,15266c5bd60bf8c7ba0d04d0aca3bfccd03db3e1cfafe9498f85339354a01649
51739,c33d409a3b5b48e6c982fc4ec5a54532d428b2af7ae9511f8172d840d101ff8d,false,8ea18adf248b3d13eae2ff9ad0e26bca2ff5c815c5d7eb201397ed5691916e53
51739,c3b2482193b7012a4868eefcd5451090fcfd2dc834b07e14b3556dd2397539c9,false,585f263f94eef6daa5824bd98ea9cf25f406e29c09f906e73de74b426373a2ec
51739,ced238f10389474fe759e970e88ae69086816b0379c1516c331b9f66b2b3a502,false,e76cfd43b1245d19dd5f37f55cedcb81a2655d6d012397a3d705294588996518
51739,cfaac75b7020e6671f776ec45f6aa0382cb9b0909e16da8ec3d095d22f70b930,false,8c759e6384b585a22324ffd083bb55ba0d4c5148ae3bfa7398a4f0aa7a2cf5cb
51739,d280562a778ba2f8cd1572a1c608f1c32345cda1a7f95d2a90747cae24d1d108,false,2288fbee99d5cdf9ab6ae332f003cae9396032e00cc2c6c132058e2669ac4d3d
51739,d4de9fb0405151fb4fd6f4de03407e6235c7b3d1d29eda99165ca3c8c12ea489,false,49c3fac064cbaa6c19848243ef67a52dfe7e808ebd75dcbc59670d572c8cfd7c
51739,d7f05277b753a5f441b7a079ea443cf6e7f3c74cb1e59264e5f1b4bf8b071592,false,e1ba58d39fccba978fba8f1d414e5956e75208ab04ccd47fc27aeb14c26e5f64
51739,dade11db2a7bcb39120285aafe8bebea4816bdebb77adf41297254302dfbb855,false,79f42363c729fe253a614f790fc806fc243db6db1d196d2ca4a0213249ca60ab
51739,df45260cc708f2544e25b4800c672de9d7b90b2c70c17f55b0241557775596fd,false,00ef79025a5ee5e787c87fec7e50994d04be55ddef9213a145e9e25647e04e12
51739,e034dc43893393b30cd6ff6d280b86a7c36653b240e9a7b4a111154c227e933c,false,a3288574b6c8e1953d4b2966a9cb38ff2f451cbb4324c4cced9bfa92683c87f8
51739,e14fbe14eee7abb8c559182ef9134d8be22fa4c881531495b1f84230bb770a18,false,935fb5400500d86ab8537f896193b9e21015b1cbb9335d4e20914d5f0a9b4e51
51739,e1ba58d39fccba978fba8f1d414e5956e75208ab04ccd47fc27aeb14c26e5f64,false,f8ef1eaeffec718e354c5827bb4f79af2ef76ee17e15eba13f797f4794b526c7
51739,e566c965be798f3fb64759ddd6094fcbc4603f31ac5b7987aa1a8f5e9d47743e,false,d7f05277b753a5f441b7a079ea443cf6e7f3c74cb1e59264e5f1b4bf8b071592
51739,e76cfd43b1245d19dd5f37f55cedcb81a2655d6d012397a3d705294588996518,false,b89ea590705d5686d974592b6de6bab4dc32ef1d87a3785054249fb2164dc3e7
51739,e888665d18eb12cb70be889b5862c3a663aeb1afba2a0a2529f90e66e3b9e2fe,false,2ada4f681eddb7c175d4c9a2c9f14a148d7af9a82004b8e5bf06ac10db6c80f5
51739,ee2e311f71956a8248b1d0d46b67a2dbd79a2d294c47b16c4b798c7316bfe25e,false,a32febde6ac4c9de4521f7e7c1815702ce2bd2ffa4bbdcacfc75aaf200da7822
51739,f4f0a6bd01fa37d80ab05811c57bc4cc680a9588844fd80abbdc7395b490bb9e,false,4909bd8ad471c8231138b741ccd8a9c0f25dbfedc09ba66b73d62bd0e861ddc0
51739,f6e33ca73abb8b2fb9471d4eaaaec48fd9a336a8216dfb477639f0d84dd37e28,false,c3b2482193b7012a4868eefcd5451090fcfd2dc834b07e14b3556dd2397539c9
51739,f79fa7fb68930b9522dbb896b32749719a72971fb3518ebed1d7ad66c8699fc4,false,f4f0a6bd01fa37d80ab05811c57bc4cc680a9588844fd80abbdc7395b490bb9e
51739,f8ef1eaeffec718e354c5827bb4f79af2ef76ee17e15eba13f797f4794b526c7,false,6093f40934cfcf441d9449da6a6e308591a3ee3a6c3d4318daa7b4a1c87674bc
51739,fa45651d426e7d7026719c1e166469528f96384cbd2c5929eb2d56328955b917,false,1c38363d9c9d140115a2281da881ac63e8ce274a52773d8739f9a3934afcf993
51739,fca08c22ee4f9515d791b32da9e18f0022d89812300c7655488740d5c4468843,false,31a80675d126513e695634bed212fde4eaef5c70a429e1e43f21a41722dc471e
51740,0cddf8579184c331bbacbc180759e9251f1be1a8ba844872070120d0db39428c,false,a2dd679bb36dd3113f5d669d42291c0bc74ff78c54ffc26d3deced6a4c29bead
51740,0ceada6c1eca5998173ea22cef4ee706ed5ff18d4c049531020693230dc3cf55,false,aa88cb87b22cb0de8882da57bf2c657f1bd796e138db39f86a61d36c16a4bcf4
51740,10a18d0fbbd5ff3bd427a6d42243444d9e2cd630ff64e8327640fb5e9e2613af,false,bc69e2b2eabfa1856d5cf9948caf18440fd4709e78b68c6c483b695cabd122c3
51740,1791acfaf54a42f498c3984f60645f5cb4e905cd32a0afd35b882b4fc2f253f8,false,4acdfbbfde8e63f450afd18bd0098820072fcbf2c790a4f100363d1dc54b4d3c
51740,1edbc3d2ed6b0a09f44dd17cf4868cc028554e81946ee514698f2c8faf1fecd1,false,7a632516d3b39b4af69b05dd5f4e9b26f9c95c6cc90fe5a52ecd261aadee48a0
51740,2c18f3c94c449a73e9eb83cc25447391f68876f5adb1da84c65b5c238381cbf6,false,d0da67304e9e5309969c66ba6d62be446764c3962df037ebb76d15dcccf1e8b7
51740,2e13d98377dbb394c8f6df2fd1b4a65ac99bc8050aa445e5e0e962b1a0eebd70,false,9a332388064d3da842ddb4f52606504476b45be0bc7db1d336793f6fb69111c1
51740,3b2a7f507ad3fca10d131f007f7448b220be37769d097c7a5121adcb381ae9c5,false,1791acfaf54a42f498c3984f60645f5cb4e905cd32a0afd35b882b4fc2f253f8
51740,3e2ab976d151690cc8f176ad6fb41a7874acf4783175f675201b988834f3a0e5,false,2e13d98377dbb394c8f6df2fd1b4a65ac99bc8050aa445e5e0e962b1a0eebd70
51740,475eef0ce420abea1f285888b893fb9f6c19a006b0b65997a537bb16cc478b15,false,2c18f3c94c449a73e9eb83cc25447391f68876f5adb1da84c65b5c238381cbf6
51740,4acdfbbfde8e63f450afd18bd0098820072fcbf2c790a4f100363d1dc54b4d3c,false,5f1bd0148aeb8b2357bc58f1ab1d115e33bca56ca8214310547a4c4740e64d69
51740,4fbd3ff60a7d655aeb5512b3de54245a4726b7f60077633bf7dc3dad017502ed,false,475eef0ce420abea1f285888b893fb9f6c19a006b0b65997a537bb16cc478b15
51740,5092119a44f18bc12bf674f76582d7696b64e23ad828f09f7d67dcee1462d46a,false,dfb2b6b4e9cbcac577d53cc278e49e02b37b473c697daa4860c8d7261df45536
51740,51ed4237756d0a15956cb72f134540b4b8854c4155c23ece276b85b91735af6b,false,1edbc3d2ed6b0a09f44dd17cf4868cc028554e81946ee514698f2c8faf1fecd1
51740,567e9e0ffa156c221a66db8544456c50260d15aa98786698b79006c621693c65,false,7280d5d0f9bfd044cb2e4bd7fd0df6ab7483cc1e6788cddc75d22c9e3398e2d5
51740,5a48259f910cf0a6393f7f010b39c29fe6478b2fbdb9a98aa43dfb06f4532342,false,d5a91506816e30f6e44e0056f94f04e5d2c091bc6bdb948fe3d31964d7d09430
51740,5e85ae14185ba2115ef326ebe542f58dd4ee4e2de3dc9bebc2c2730f0b157a0a,false,cc8baf15857c03e05ca7cb8d5121ebe81049e0c3a5aaaa77dcaee4048b851194
51740,5f1bd0148aeb8b2357bc58f1ab1d115e33bca56ca8214310547a4c4740e64d69,false,c7fcd04a8203b3818cc5dcbe3e1d5f9a9c0a2635adb21f3193f07547aa4f6521
51740,7280d5d0f9bfd044cb2e4bd7fd0df6ab7483cc1e6788cddc75d22c9e3398e2d5,false,acd4a9f861163621a0c48dc2ddb011d5fa6646f65a41c42a4af9d2cd821d5901
51740,7a632516d3b39b4af69b05dd5f4e9b26f9c95c6cc90fe5a52ecd261aadee48a0,false,0ceada6c1eca5998173ea22cef4ee706ed5ff18d4c049531020693230dc3cf55
51740,837a8c638d47611494da22369f344f1a7561c33516e86c6232c1771f504cc8ab,false,d280562a778ba2f8cd1572a1c608f1c32345cda1a7f95d2a90747cae24d1d108
51740,8490e7298f25d022d0703c8e57a7c4a722fbfd0c3eaaf1b1ead7af2be090ea12,false,a74c8ba98f5cdba1f5308eaea3a1a41b73dbaa67d11954f409250a3b369a7604
51740,954632356da210bdc0ea383ab25f4b2d55d8a991820624e1e59ad481b91123a8,true,
51740,9a332388064d3da842ddb4f52606504476b45be0bc7db1d336793f6fb69111c1,false,5092119a44f18bc12bf674f76582d7696b64e23ad828f09f7d67dcee1462d46a
51740,9dde8fe8aae2214436112ade88feadfbf520d0eb33e6e2c7e251254bc41bacb8,false,837a8c638d47611494da22369f344f1a7561c33516e86c6232c1771f504cc8ab
51740,a2dd679bb36dd3113f5d669d42291c0bc74ff78c54ffc26d3deced6a4c29bead,false,d100c91911667bb981263781fdb28e1df0ca0ca4addee84dcd06152a5cafff6f
51740,a74c8ba98f5cdba1f5308eaea3a1a41b73dbaa67d11954f409250a3b369a7604,false,d0223d321e046024ba00830fe4e08b26cb1d13bbfde45fc0ca55593db7a54375
51740,aa88cb87b22cb0de8882da57bf2c657f1bd796e138db39f86a61d36c16a4bcf4,false,c0fb8c08fa657775e81887d18aa026084f64875b4c307d30df73184cd5864cfe
51740,acd4a9f861163621a0c48dc2ddb011d5fa6646f65a41c42a4af9d2cd821d5901,false,d6acf6126b84213272589311243dc1c96c6c3c23c956c17e41923496db12e223
51740,bc69e2b2eabfa1856d5cf9948caf18440fd4709e78b68c6c483b695cabd122c3,false,f880252dfa784a0cb3ad321bbd8ac11690a873e1ed165cbb739a4c9a5a799a75
51740,c0fb8c08fa657775e81887d18aa026084f64875b4c307d30df73184cd5864cfe,false,5a48259f910cf0a6393f7f010b39c29fe6478b2fbdb9a98aa43dfb06f4532342
51740,c7fcd04a8203b3818cc5dcbe3e1d5f9a9c0a2635adb21f3193f07547aa4f6521,false,567e9e0ffa156c221a66db8544456c50260d15aa98786698b79006c621693c65
51740,cc8baf15857c03e05ca7cb8d5121ebe81049e0c3a5aaaa77dcaee4048b851194,false,0cddf8579184c331bbacbc180759e9251f1be1a8ba844872070120d0db39428c
51740,d0223d321e046024ba00830fe4e08b26cb1d13bbfde45fc0ca55593db7a54375,false,5e85ae14185ba2115ef326ebe542f58dd4ee4e2de3dc9bebc2c2730f0b157a0a
51740,d0da67304e9e5309969c66ba6d62be446764c3962df037ebb76d15dcccf1e8b7,false,3b2a7f507ad3fca10d131f007f7448b220be37769d097c7a5121adcb381ae9c5
51740,d100c91911667bb981263781fdb28e1df0ca0ca4addee84dcd06152a5cafff6f,false,3e2ab976d151690cc8f176ad6fb41a7874acf4783175f675201b988834f3a0e5
51740,d5a91506816e30f6e44e0056f94f04e5d2c091bc6bdb948fe3d31964d7d09430,false,8490e7298f25d022d0703c8e57a7c4a722fbfd0c3eaaf1b1ead7af2be090ea12
51740,d6acf6126b84213272589311243dc1c96c6c3c23c956c17e41923496db12e223,false,9dde8fe8aae2214436112ade88feadfbf520d0eb33e6e2c7e251254bc41bacb8
51740,dbea6cdf6cc3ee175b0e855ecbd0b1050713fbbe5fce12c4fac293f595f81a69,false,4fbd3ff60a7d655aeb5512b3de54245a4726b7f60077633bf7dc3dad017502ed
51740,dfb2b6b4e9cbcac577d53cc278e49e02b37b473c697daa4860c8d7261df45536,false,e595ed790b0cb3458454c9c325cdbceb38547dd917e062e70df54d68a54d8e99
51740,e595ed790b0cb3458454c9c325cdbceb38547dd917e062e70df54d68a54d8e99,false,dbea6cdf6cc3ee175b0e855ecbd0b1050713fbbe5fce12c4fac293f595f81a69
51740,f880252dfa784a0cb3ad321bbd8ac11690a873e1ed165cbb739a4c9a5a799a75,false,51ed4237756d0a15956cb72f134540b4b8854c4155c23ece276b85b91735af6b
51741,00dd687d0ce31d96193f9753aa95ae7f328b3ff11347819695babeb5c558bd41,false,3f4f138b6e551b2721057f3ab937a4176b097bcfb226245a64850dff56877dab
51741,015a60aa9c5754a7f975dad395dab6283976672be68d18d447af745680f238f8,false,40dda48d2c9156c10aafb043ce6b14765fda0d3dbb4666d91874cbd6c678661e
51741,01f1f181d6eb989e0dbba98ba8f118328aa24e505bd2674a7617132199504fd9,false,a649db132e9eab05627df1f0ca0edd84d527f4ca68fae951da957329c35d6b20
51741,023af1da2a5f6d8d514f48f9a36adc01da56830f2a4f184c3aee4d3daff4dea0,false,e7c87f7a5f7a0333a6871fc44367cce291be2bd5e21d1827544df5d64ceb14a9
51741,0262f9788318534a6f93814470f8a208628e9f46a326ab5560ad8012b836cbf0,false,7cac92cc8b2f87831ef792f6dd28e3ea1488e340e325db48ae58815eb50046d5
51741,026acf236b666164df7791bacade64f24ce775554279324ea6fafacc30e21558,false,61c1ec0e8d3ce364e872455d9eb0fee74c632777aaeed57a5b59d0d5c7da93fd
51741,02dd5a07a7be19c4a0bb6e8b98590e3e9239056d204cc39fe3ff9af1ed56e163,false,7271e9b923cd448e23022fd971c955866096098bfd896f01f77c1eccd61a2c09
51741,032dd290ea4d49dd9af1537d8b358be1736de73e1e1b1a43485a387b9887246c,false,2b1d57674b804f77822e836267af411a438aefa8ae69d06fc8d5030a9600f248
51741,0377da28e7c2f30aeca4da12bc498c56a215fc307dafd18f132deeae14d489e0,false,572b609a35861288fe4c29a574f3a7ef89f8affba7718c98bb2af7f028270d9b
51741,03c6529350a4e354bbd5ed799dd1d460dd71a4e981f108901da1b7e857b6bddc,false,80f82df5d06ead23f6c6054f7eb1b4a268e956e2ccf68f60e40ed950a37f5a7f
51741,03d969b51292ddd7248cf52bca3c496a8866826bda90f505d14a0c2c256ad6ff,false,f7e34a4fc7d3608b2fb6a86cb60ed78e2031173933e68c0a188d117a34d97889
51741,044f5b61c33781d69932ece580c3e354f87930927f5e806f4fa64910fa178fd3,false,b04240e5deb495959417f32782fa3c4723df1db0e70c4f0b17dc3a83a62d5a3e
51741,047643ec978575226f2fe07855f45e297c786f579d53b043780f69f6e822ba9f,false,3808ce98d033fd3765c042e1a3ea7a86095bc4d81419281346bb912101c45b7b
51741,0476c3017d1bb74eca6e7bfce999c94098f3642f75f295d91e9ec05238f78f03,false,a9a57be694266054e39a16210766f3e1b931ad1156cc77a263addae495d539a8
51741,04c418bd4de88265c17820408ffa8c8cd4b86a24ad8876957d39e1e3ae7b20c8,false,0ddd81254d66af66e20ab40369ed63802898cd12419b02e50a7e47e76b5c70fb
51741,04dbfea7592499d475e3c98ef31e63568903d5cd6da576f35dd2234f75074454,false,57dde42d3328cc8b9e7a3606e9d8821af85517dcf11c7e2f48de5618862317ec
51741,050cd0aa095bd50dad579a322c35ca7ad792e75e4448b7c8a02b17498fc9b846,false,74ba94130843a90592c720d0c0e2ed43d4ce64581da289017bbdc67b8f411689
51741,05250ae4b1339f3bfc5e28500dfeecf0c23e5856c0414e9500ff28871a3e59c0,false,9848ce9fc04c658eb22af2013fd176fcfd8659abcf84006e9cb61c86fbfa784f
51741,0572b036c0d88169c2f111d4805f1019834980b9c5c1f6d40b9bc2736126e6a1,false,fe5967430d9078e05ad253d39306e243be4a52989b6c60ad689e6cb61eb7bc20
51741,05d6290a0c08ea885946e36542936538070bb8947d65fa35affa063f23338a9a,false,8522108c91780c391f096d7ed914ea7f33a82834496b68ec9c6fd4972eff1dca
51741,061a69dd6e2b81717199919fe23924a6f0ffe46ac00a19fd073ab7fb1a33d75b,false,0c1a37a22a6b66da8491bc6eff6613cfb08df21f9c15d6c20da981ae1dabd39e
51741,06b2822ee71c1701003ff87b5178ea77d39a6b7fd99bb9070b7bbabfa4696f2a,false,c67e64f4e684e545017e69bd5baa40b1379df07006acc428684e68bcbc264c18
51741,071353babc3c9298daf42d81f40dacaebb3bd34c17b4394ae85a472b56c7f128,false,10c9e83a86bb61ccddd10ca993a0309f0ae5b82c82143ff17e982967ab3e9a46
51741,0733d2a4b3da6234f0bc529ce24d5dd7a404cd66325d543dad26c3788dea41d2,false,4fbe756aff47e0fd4767fd7cc0543222118fde430614588055e7e574222beaba
51741,08053113f9fc8870662f4a994dd41b757ffc73bbb57a728ef05825fc78745687,false,e21b1ae49963ee927dde64dff27484df0323306c5641b1f7886fd47af2eae1fb
51741,0921fbaf27ed2a53ecf35313a7e8696ea22cfa77ba74725edb0557e052183f06,false,59d4bb7ac6281bf72497a7c9311fefdaf13a9ebe4d25e3154032607a841c5c30
51741,09232651df9666df92a9f0e503cdc0e3b1af1a18764c0e0bfaca0f969643f50f,false,3ba23de37efe88ef33bb77dce7ebf9ef97faea85303ab7c8426df649aa999914
51741,0938f197c56aa1ea215301d06a67a0354dfc02da607d5e989e1083ee0b86ca05,false,0476c3017d1bb74eca6e7bfce999c94098f3642f75f295d91e9ec05238f78f03
51741,09e0410388db5935ea51755a79f4d09438b8f1af277e7fa90227f255f4bba192,false,810d0da43a11120572e5c446344457179d88027ea28f4ef75b22b7c8dff95526
51741,0a1eacf18427bcaaca6a1b0bd6500654121af3d7afdbe9181a19767310f0b4b3,false,9daa43243ba77101bb39700c360786765c3ac26f6d5de37fc2c5e599dffef7eb
51741,0a37858c0d00af40cce12256133d7e743c42ffb345e8826d3e6700c6d0745413,false,c0eea97dc593f059f90630839557a5df1c3c8d7b73e01e5c8c01b89764705583
51741,0a703c49b7f709b17c40247f4699261abfce5408239544f18eaf918e9ebfd04b,false,f1bb0f8d0e0c6c11c2fbfb7ae18dfaee797dc38a9ca5576ab8369fb93ba7fb57
51741,0a745f40dccab2477e38b4ca11e7307b59dfe6492c64a8f399fb5bb7497f1457,false,6d2e04c77844ef857c95beda1ffdcbe4cb071f1d211214e0dd047e6f6f52c02d
51741,0b56b0f6cde4eb36b22267255e8cc71826082db2c339b7ba01cb8672337302b8,false,d5505c473a940b2a273c38e7ba61147dce337b33d2f7b87176d281aa968e284e
51741,0b5e0c80c4745656c2d6fe7add9dd22c39ff99b94c1448e24e692a5e7c20ecad,false,762a56cd4d0f3482e1573270d56672c8f78544af68d2a78fbaff2fe5e89f549b
51741,0bd9b10771c152ac5a0321d3ca8a172534139ada3dd8fb9e34f33ca5f462f97e,false,4128584ad3399ff6dd6f96b7c2154cc1a6ff6a3043cbdd5a9cfadae1e9f7cc43
51741,0c1a37a22a6b66da8491bc6eff6613cfb08df21f9c15d6c20da981ae1dabd39e,false,746eeb6a99cedc5bc0ec12d939966b7a94d7dd52c5b5011d3be58067197eba89
51741,0c63f81a7365c44848122ca319b9580f02a482e463cc1384eaab133c9090ed41,false,233362c6509650d993262f28916dbd1e2d51a565d275da7356e44123da704d62
51741,0cb5e7259a8414e2ff895709074e54a67669da5ba26bad1f2bd9c6f35b2de730,false,a10b7cdd8b42b971fe9f50086f280985d3315d50cdef7a6e81833e71c2d78a50
51741,0cda57d8f897216a8ca57848dab40c2b499f55df7d1f730f10c6843803e63b44,false,9d6261a65c5b7a6522c6a49e543bccd64352a37e657de896ddec518a3cef9b85
51741,0d0d2390ffb2fc7508d53c7ed64ce5c52d45be1c81f5cae3477d8a05bc090a47,false,13a7db1dd83e2914c5e65c8ab8afdecd53dcf724c78eb26cc7278b65fd4dbbb6
51741,0d1200c406edff1ec6e0ba914cf69bfab45ab3f0888726e88ab3ada6d5c07a06,false,b5c19ee542c711e5df984fbb24be29a2326b631ab0136bedfcb0537586b81bc5
51741,0d4da3a91b9583e8338d5117936315f6f5dcee91f2be7dfd0df1892323bc9cc3,false,7ba0eb601d1d9453915cf67745894e9d692da73b5643d58a970cdbede45586dd
51741,0d7814a858e8f92c40cbc29f73fa4c2f83ea0d7143a994f00aa975e467bfaa49,false,f00d2ff942fccc44827f82d755b9b2628ed0a7f16113587332e928b9baa27964
51741,0ddd81254d66af66e20ab40369ed63802898cd12419b02e50a7e47e76b5c70fb,false,821b2c41a06b07ccdda472b8e41772cf2cb876035327cc0b65e1857ae3037550
51741,0e3b02ed729a0bef618caceaf95673431991a3df85425ffcb50d2f87cd4dfd2e,false,708d8a01c6b6b873e793cc956bb09a5328fa62e94e940c35809b400c36d1cbd1
51741,0e46651a120d68532c7796d6874b8a1ffaee7464d3993e3d2ca728cc811952ff,false,d3009f3d419b441393b24c3dcfa7c98ae7a1fab1e8d7fb6b646aa487191cb22a
51741,0fb01201f603f7ed9757abfa58a666174fcbc833df9bcb26764a5466e942209a,false,f556d64c1ace686d1a24960a632440a982299500428ac81bd3612b818443281a
51741,100173e364aba0dcc7111f0b87bb3d905b0ce842af69a512a5556bb47c106838,false,0bd9b10771c152ac5a0321d3ca8a172534139ada3dd8fb9e34f33ca5f462f97e
51741,1036f8c139a2ba22f8640265d546f1f8f34011ab42a8fdc17fc124c7d9f807b1,false,7500fe32069420e23aeb6d6370f47cf95ecef3a30006b56b2d2037b1d8b9bd99
51741,103f072f5d0cf704bc0f7dc13f809beca023ec47d2d907c906cf3bc4441fe670,false,c589e91d44baa2bf45f6595f2c90918887487c4941126501acedd317f469e3e5
51741,10b332af1d9ea6806ad974aa338434561e245f1e4727b589406860e6c734cbc4,false,0921fbaf27ed2a53ecf35313a7e8696ea22cfa77ba74725edb0557e052183f06
51741,10c9e83a86bb61ccddd10ca993a0309f0ae5b82c82143ff17e982967ab3e9a46,false,0d1200c406edff1ec6e0ba914cf69bfab45ab3f0888726e88ab3ada6d5c07a06
51741,11194747e63ff6f982e6d2e56eb1f285e3b59aededb9fdfe8ea62d91cd422b9f,false,4d4ac3224bf4ef28bb5389c568f953072885119977b9c51f72d5ad161868c945
51741,113805630520a5f3a01d2c88fd4063d28f98983e1aeb5cbcadb4e2cd4e4ee300,false,8113bc335fc8e9da8f3c07166b04dd9dd704db2636919bcd88ed167250f55c1d
51741,1157013427af427b534db2b4ac9d68a9d2cfb0dd4ec3f5d082c534952c10ddf3,false,42020a0a7ae1108560814711f823cee7c5db6105e455a947f6fab0d150595e8e
51741,117043ffea1e594a6fc28412519d58d5d770c58cb5cb118b5d5d1d1327d18a61,false,e5485b2339ea343f8708c089f98d008d207e398337d04f6eaeeb7ab09c759473
51741,118323ff56f985d24bb8bd317b197be6d4766169816b029c4a28f86541107467,false,57c59dc316601a2d1ebfe5f47a32cfd45ba0be505e10ea44f2b3f6ccc1cacbcd
51741,11c6254a899790e038b84fc804146a867499e7551fcaf9fca859625dbdd0a157,false,0938f197c56aa1ea215301d06a67a0354dfc02da607d5e989e1083ee0b86ca05
51741,125bf98c17b5632bfbc24c17ebc4cb0fd9cb63b5c8e04260eaf1f4af9be8f07b,false,46424cf1412154e3292a6a177ccd9226c8e536a26a79bc42b0f7372cead8a6f1
51741,127c4714e411a433d94d5f679404be11ce3d60e7aad86691d9f3b231542e212f,false,18be2119935067818d34783ecb6b1897b9e5010baf0703c4e1d04d7fffae0afd
51741,13a7db1dd83e2914c5e65c8ab8afdecd53dcf724c78eb26cc7278b65fd4dbbb6,false,e6869ca61720a847ba49b1f1fe92cad7c8dbfb43278ed665cd5df623170a6b96
51741,14da367b87e7bcf0e564d07ff42cc74e35de98722ccc66de73bd3b3a69165605,false,c8e0ab7a59f19172ec580c1beaad0ec3c240ba12cb81656db42415a368199241
51741,14f8880713dc6b95c5af54c57cac151ead389a3941d4da07c2e8ba5ff1f9f256,false,a6d04da9eda3f0dce2e1c94388815d87642c227f0bf3f22934520cac8056b952
51741,154bce4f9168a987b6ab103cc07fcaef21d2e3c1c8ac22b038abf23e8ce1acbe,false,2a6a3c139f3e2f8a2bb615b27f7471d797785dee32033e1d7b75db59c171a890
51741,1729d6f8965ab8e66497becd108c6c8faca9dee5ddd65e798c9390dfb010ebf2,false,1eb5ed64c5b63e530d7554096d46b2b140e6ae37bf06eab264e38ae334a2c25e
51741,175f47c60beef60149cc8bbe891036edb890d273c9f44f7bd58a98526fa160cf,false,032dd290ea4d49dd9af1537d8b358be1736de73e1e1b1a43485a387b9887246c
51741,1782825540d3bf33acf22f253ee154b70b8a5b00ccdd9d827ff6cc8c4bdfe9fb,false,3d2ccf1f47baa32d3866de6096311e3fd2d59c17d92e2c3e014726f788472f7c
51741,17cfac7e83518d5792c8327954f9259557207a839b19470f9f79b4df044dd573,false,56c5f59e29aafef9dbb8db57cfb9a8d882400ea31c43e607cd73071feade8fe7
51741,186371edf08d998c29e24b3715017af1e767fb15da3fcde0ff2378f7bd006ce1,false,b5c224c858089bd014b06d8f1428a32ef49f42e7354bf268e1b4ac3c91d82bdd
51741,18be2119935067818d34783ecb6b1897b9e5010baf0703c4e1d04d7fffae0afd,false,e9694ce96b95e756d0f2f1fb61cec2ad7529a1aefb706f8ce0020324bb9bfe29
51741,18ef0f6edc346fcdb5e8978ab84b6954cc1b9a5317e8b8befda9cf407ff9037b,false,71196ecde061e359d60e0e585fa4cb44efd41213fbe889eb6257b27439b5937a
51741,19186aa2f2e6bb7f38c22399fddc843b32a92e43a11081872f550b4e9ae92022,false,bd0ae8694267aa931a88c8ebb4f6c43f6b3d28ccfba0bc282263d47dd6296b72
51741,193b3f7254e4fda521b0c82ca35722d641a4c1293d6e0f922d6683a5e66f95ca,false,c0ead1781c430b1013a3f6b67905972fbcdd9ca0adc0cfb2058f641d4060f0e7
51741,196884d7ebd97212c90812ad9f4a71563568f3c4d2d92019cd1eeddc4286f7ac,false,e1d6c9f59cbe2dd8c10a04f640bcbab1831d57a81f05b145564af2086cfd6ca9
51741,19b29fcba4e3a45bfd0af3b9e628b135228a966fff452bf71b53d16b776cb4f7,false,0fb01201f603f7ed9757abfa58a666174fcbc833df9bcb26764a5466e942209a
51741,1aebd4f6eb16bff5668df9186ed2be76bf6f5eba0bd37b0ef102583d16b7ec8e,false,b6bc0f2f76875f479dc9db6dca08c4becb84980f4b725c0dd06a38d56356c43c
51741,1c9baefa602ee6322bf3f55a4a2bda93923d5564149a006c13e97367576465be,false,9e00a6014de228c0e4443b691996bb3cefe5f87f1e6f52eb8728988c04cca1c5
51741,1cb6309384f0512869c0729a91f88b56bfbb6c94cb7f0eb32f03e4b252a56e84,false,3b8f976829ac9e7527c42672ba6113a471918d57f8a77fe89826880ecf18b732
51741,1cc3093d8acf55fc2321012e38dec37d2ca401ef58063a12a524ad6ddd351246,false,a624a617ede6d669a8c44995aa6447e560c5d511debadc85112215d017f59928
51741,1cc6c08fd752569a755672f463d2bea44ce585b9e191b2d7b1af8a7abe4377b2,false,ce889ab0a27293aad7db95dfc11d324e1745cd8ad086b9422da7283c2800ab6d
51741,1cd80c5b8f089dcb8d68aeded6eeb8d0d4286845f59fb1429a8fed5c475378a2,false,2f47e2bed796cac2014a9d627a39455308d765ff3b9f59a4cc05f527e92f30be
51741,1deb20fe41151b23b97a830ce2c0eaa9ee131cd4910338f079389431a7bee455,false,a12424de8859dc9ad3b583896328baa49eafb7db004848fd3b4f19012bdd098a
51741,1e2f4d0dd870995c995ae2c3c0a6b635b0a92cff68be9019b518c411beaf590b,false,7a45b40dd50d3549ada7ac6476bbf94f0b2ec889ee5345603c368c5d64c4ea5a
51741,1e759db095da42613314d06979a9de09d8e3b8b8c2e93b104254b70dc6235bcf,false,bdd9d686bab091b43f262a0acc44d0ff0aeef933f7f5b6e01ece3482378c58c9
51741,1eb5ed64c5b63e530d7554096d46b2b140e6ae37bf06eab264e38ae334a2c25e,false,19186aa2f2e6bb7f38c22399fddc843b32a92e43a11081872f550b4e9ae92022
51741,1f6527870336581af450eb38cf13a7e5bb2b8bc6d457a09696c725a37bcc0708,false,841292f848a32ccf3a88cc7a271442565960cd470a37620911b3f7caae116740
51741,1fe2c7409f122426a23ba90df718e7935506aba49fac508071a00e5eb84b6e84,false,e67a69034b0b15d4425fd93d0b920cbebec809efb1f7638a9b7ea4a60067e395
51741,201dc3afbd08c8b5b9a29347692491bc23e4adba906a9305c5b055f0adfd8e40,false,c16533bf826b6fd38747f6ad708b2611ad25f013d11c71e07ea85ff4c5f4d1d9
51741,20559955dad662f643e6bd43223a64c218744d687a88351830b663d42486f281,false,49c0c502722ee98fec8d50311bdf69e937fa128310c8aad174ca018a281151df
51741,206c39689ba312f33c2b2306bbe2d3a39be18d67d021bbdf58112eb182d6510b,false,3eb3ec625d0d0c02aed01dde778e509fabd82ede9d6244ebeaef9c36a2c31624
51741,20b67480d1e437989010dcdb352f5a9c6ef0608af477dc1c4a5272084befb528,false,8a81c0488def6b9e74183afca82c77b4bffed15a7f0690122ab3f3e7d52bfd93
51741,211c31ec58bda8904f04cbdf001941ae31018bc43f961722cbbe25a1daa54ca2,false,2bc7771349017024343f334a7eb863bf689625137aff561f776998d64c840f0e
51741,217d81762913fac7abe06dfc0ba88deb38cad5f8a6095ea1c8011cb90b368e63,false,a7917485bf355f1b29ac72b3d00b770df050a35f202b3b3f8fc88d52e01611da
51741,218dd670405060a42db62841e98dd6c9d6bad1ac33129f14f83ae16e34d6557c,false,04dbfea7592499d475e3c98ef31e63568903d5cd6da576f35dd2234f75074454
51741,21959ee208412d667658dc422190c61532351a53849a63ec5cb004cc421b6dd6,false,10a18d0fbbd5ff3bd427a6d42243444d9e2cd630ff64e8327640fb5e9e2613af
51741,2199113834b92359236f9912151f51534bf211b608775af2ce7abf8e05b22991,false,58a71de0624df8d191a3168f091f07e9892b08517b12d9c1976bb042cb26477c
51741,21b7ce92666fd7215fd63341ae63ce98fa1adccabbf9ff4b1529c695738fc72c,false,c564b9f648397cd25bb43f7ced69b4178657d4c8cba6032ae3f5c1befd5a29dc
51741,224a8d388e795d58549f41f325c4a71e3fe66ec7fba0d6764e4d3fb854ef4b2a,false,4f583b9fcf3361201f6e10634906893df274a1c78e66d6b3dc111150ffa56d2f
51741,22d242089228ab0dc2d0841010bcc0b549196d66ec1fbea53cfec7f39242d3ff,false,552afcb739216fba3a53c8d334cf44b27dea894a2011ca964ed11570c69a7750
51741,2300f7b3f6375d5ffb67aac47f502ceb33484f18cb614c9a1c2823af2146292b,false,83b0ba4b2fd6984d3f33c5c70ffcdc4b1d49b5d7344c59bc549764dffd6ba705
51741,2327fe243c745bfde547c838eaa7dee36002608aa089dea14fb325289a4cd722,false,3f5f33b0358409b873ccbd603b15000627e96e08c59314b95a503b1d785ebf70
51741,233362c6509650d993262f28916dbd1e2d51a565d275da7356e44123da704d62,false,34073c61ca042407f3c0c2f4ed759565fcb57b618ef87478d2daf58cef528a76
51741,2355429983f360dc26dc4dfd7bc68a2b363ca12b74a71d49ea63d33ad3783c78,false,6078687d5d480585ae88bcc257aa371d7a279e26b644775233c0acdd83f05d7a
51741,23a2e4acb118c78222c6fa42cf4c518f911d039a5bb5f793f255423653f421e6,false,86e03e8030410ec5f2644790f134f2584c6b9ded0fff68bf63201bd29aa706d3
51741,23eaaa9d1a22d92e0bbe5fcc95d946b47eb553bdce2f783ee0964409a4f43bfa,false,5393315e0ea28eed1ec34f2f3b2dd5a41179909e7dcc9094de68adbcce7da5af
51741,23ecdd0edb07d3a1cb90a84bae5b11587e74ae90df77c3f3d91808c5c7429a09,false,48c130902f8ab9be47d192bdb3d0dea8f83113de99eab40ce22d1bcbab8466da
51741,242be1d78e420515234eeae51e4ccc9720397e1489d2d574df6554fb4dbc7d19,false,e74ed3d8519b19f52aa16a788487e864a1226a8761525a7c88f82d2f09c71aa1
51741,253a94be2e9945ac6245d4f057f6afd2b85595ccc7fa88a81e43bd6248f57e82,false,7559d335c2b419f2563a6729ad0cae0bd34a88bd7d7657c6c3a30a28d68c9e16
51741,254c22152102609b2ca2ff48eab33c5d2ddc2eb0ac53255c87cea8f296f34f2e,false,33ed6d0c68cb6ef8fb04d7112307a628717f4c80695d31fbc408fd02e02c0b2d
51741,258baa86438e2e019b63fb6796ecad22d5e8abd459a42efd58e76b11408c070e,false,1fe2c7409f122426a23ba90df718e7935506aba49fac508071a00e5eb84b6e84
51741,25ab14146a72d757eff9d1e9369e1bd67f93f313fdb18c9eefe5eea0694a1a19,false,be362ba80752a235b33d02a74236bf693acba41de2dc5de0dd47b51254f0f247
51741,25d427017d6829e40f6f684371da9ec9f29d818e4cd03b1cf35a1a84d188d173,false,5e9fbf3742f276c1253e0c789c4282579409b91c31498a2fcb8989a98736fa02
51741,26481c7cf10dbf457b6f4000822e9cfffce207b32f14b79f1eb3039ede1e3124,false,42ee1d8873ec506a0ea6f70b541a2606fd680ae34c525fe1f29bb1920262f7c4
51741,2657edf2b745ed681fa3f50d49e92ed38f30da15e15690a3df52de33befd0d0c,false,82c527418089d4ab2c9d4a7f852e67b920caa32bc505407391e3a322e9ffbe9f
51741,271d97e08fe22b0ed37fb875a649fc67b38cb23896eb40633a84a867a37da6ba,false,201dc3afbd08c8b5b9a29347692491bc23e4adba906a9305c5b055f0adfd8e40
51741,2779cb93224f158cf22c7e3de489249cb42b77393aae4676835f25fbd3a7a56d,false,6222c6c6d9e54653295d3901022b607d281a6e4628e313ec74de97eb234b9b58
51741,28069aad473488215e260b54c43bce10df0f0c619be3097230cf17b90c40164d,false,7326eeab12ba684a7e9765baefbef288f361ee24eb16659a2027003e0fffcc87
51741,285e336cc616dd64733bba57d4b76590d9b613b666973bd9b5d2025600c7d53c,false,641e1b0e962760f72bc3aec5d68f10857cf7018766f11236953fab02b2e93df6
51741,2891490beb88c46bfd01171c1871ac949381579dc2e56269fe84d965dc7ae816,false,2355429983f360dc26dc4dfd7bc68a2b363ca12b74a71d49ea63d33ad3783c78
51741,289991203f565e16a4de5c8d1dc34277f117572b1372b9cccbaed55425135404,false,eac961f6686d948b4370f9c0d53503b405cfa3680f8d17f9e1f7be235975be01
51741,28b8db4f0eff651ccbd1f9c765df1fb2ebe7574f093dbbad0b19426f782eed24,false,cc34d4723795bd652a9a72d73d266eb1086dde1733b6dcca9b5be9f5fc1b76bd
51741,28cab3ff375ef327bd86c1ff9302ab9b17a35367f0bd57d920cbcf249325efca,false,416c67e4a100389a977baef98cfbdc5c02cfcd9b8099304265c667ab43bc2ed4
51741,28ed6cee48c3d9c7fd7ea1954ea2e65152ca820ab02586a812b6b6aa78fa731f,false,6b401dd9c92477426064e328f1e406d7b87155be137ece1e38226c67df42d93d
51741,29c81080aacad132468b0439e386cb308b1081c96a2309986514da8e9b082a45,false,7eb64dd828b57b583a61697d008d4d3df26dd3e6d274d68f515c7c8d658ed4dd
51741,2a26caaa654d86cdd0908df6bbfc4853cd8488cc8d23d7d97aadb0bf2e8603d0,false,7f67f8a22a0f67cfecacca5851e23bc788d2b543d94ec9739a8c32a105a3d83b
51741,2a6a3c139f3e2f8a2bb615b27f7471d797785dee32033e1d7b75db59c171a890,false,8a61e35aaebf2d6dada1830a2a0f2d7dcf483894721ef9e991dcb59a0efb8848
51741,2a8521a9ae59aa9885435cdaad3f6b86aa42dd2350bfc5d9e40819a437ac5406,false,94465a91788194a294f23b54ca6b8ee9818998b7a82f4ed839a44c84a28c57fb
51741,2b1d57674b804f77822e836267af411a438aefa8ae69d06fc8d5030a9600f248,false,09232651df9666df92a9f0e503cdc0e3b1af1a18764c0e0bfaca0f969643f50f
51741,2b33981c02d11669c25dc5d8aa78229ad131347e2f5f79ded12cca33c45a816a,false,061a69dd6e2b81717199919fe23924a6f0ffe46ac00a19fd073ab7fb1a33d75b
51741,2b33e3c3b34ed92e24a81d0be06d53db7556f576705ee8ac4fdb85d6b1098421,false,cf2e7a7cbc023a57714ed4bbd80981ddf762dec5feb25e34020efd6d5c2736d6
51741,2bc7771349017024343f334a7eb863bf689625137aff561f776998d64c840f0e,false,dbec7cbbe59118fa1d88a19d3e227687fc49466d59b1a4552fe152dbcba3a651
51741,2d68e2db4ba42a062c553c57e44cfb2587a8102debe55870fb25ceafefa557c0,false,dffa83544fb441f040f335f840e218fedf5b1e8329ba05a927f317357fa66478
51741,2d9660ea61d77eb4e31890b0cedb005bdb9cd01972a712db5fd317ff4de80ed9,false,4f005186813f633cadb377ffe7f0d9ade08f701d7cb81ade02f4b3148d239115
51741,2f0ce8b3cc8dd077f3431486a7a8ce790d10dec9ea42c37b27c6d176e494f671,false,0cda57d8f897216a8ca57848dab40c2b499f55df7d1f730f10c6843803e63b44
51741,2f39fe6f1d621fc972672c2f31a49dcd5e14dc714b103e82efcaf5e90976b31b,false,9a0af80f17bde34b51a536f72622a616fc02b6398eb5266609ed4f6aa959127d
51741,2f47e2bed796cac2014a9d627a39455308d765ff3b9f59a4cc05f527e92f30be,false,8709d43f40c0c8a1036493e32cd314a9facd7e5ea334f64b1b435d743d39ac36
51741,2fa0755181f3192214238ddc671d13a34ec670dcbd275a02c7e91a4471e12c18,false,b46f606b2cd64bf8439521f3c49e7fa28cea16f74d2e61cb774dac7947f9c9ca
51741,2fb61bc632b63f4853ec262ac48a26050683ed96110e5de5bf9240e739657a5b,false,2779cb93224f158cf22c7e3de489249cb42b77393aae4676835f25fbd3a7a56d
51741,3001b25af7daaf666c103a0b232e83268b3964ecf203b2b77dd9f1fd3171d299,false,044f5b61c33781d69932ece580c3e354f87930927f5e806f4fa64910fa178fd3
51741,307fe9212a7e34477df50fb0289ff6611f8a8d2925a3445a26cdb3db6af213f6,false,8de61c3523075a0259550c182d5bf20a987c5dd1caea0d78cb43e62f11c1c93d
51741,30c8bfa50542a8a445d9fbdfd08b00993586c96fecb845fdb5dddec29267a915,false,00dd687d0ce31d96193f9753aa95ae7f328b3ff11347819695babeb5c558bd41
51741,3108b04f13813447ca959557a307b469458527a20e93f1d6652b2b627b90b231,false,050cd0aa095bd50dad579a322c35ca7ad792e75e4448b7c8a02b17498fc9b846
51741,31a9a495d91da139b6a581ad9bbb7b00710b79dd9c19c736981b0deeeabc6f1b,false,7b988635ac4790a3dd9060e5b87b9c71666bb4f6c4618bdb5f4e04141527b5c4
51741,3233b6faf5fa2033f57b2f7a87f740e8701211196be471251f0c17e23c6664b8,false,4886dcd0f19c042ab0d1e24ad21fcfb6bff4ffaade5e92b545250b2a26959fec
51741,3300550361b51fc5e48ddad5c08e9bc02465e0be42a4db7478ad1069295af5a5,false,6ba7ed09838204a95d6cd550483c63abaef8bf34b973cde77255f7338223462e
51741,339e62993a0499e43e9915a01bc3823a91b69e3abdc115edfa19181c67411040,false,64acb4c375a24cb095c2faa6611e14105de9a686d18847b9d76ee19d9326300d
51741,33de3f3fd6806d6c5f79ce273f34f8f5e949aa342cd8931ddb50f0f1a155c838,false,cd2c5f8ba3b97605ef343ca2e9e411588264ea742ea05b35f548a3687be7298f
51741,33e0ac8245b3ac21f0338f126d931b5b3be7b4f336552afd27049e2bfad0129c,false,5cce93aeb6804effa11ce01dfadd6719bb54aedf4082bd59a82053a74553a888
51741,33ed6d0c68cb6ef8fb04d7112307a628717f4c80695d31fbc408fd02e02c0b2d,false,c574f35016e39610ae1aa2c1daa28b1e8a5f2e949f3a428bc1c3ecf96a89a6ce
51741,34073c61ca042407f3c0c2f4ed759565fcb57b618ef87478d2daf58cef528a76,false,04c418bd4de88265c17820408ffa8c8cd4b86a24ad8876957d39e1e3ae7b20c8
51741,355c35512cc1a0b077d6530222648068abb846b122561c10f3781d8b58997191,false,2327fe243c745bfde547c838eaa7dee36002608aa089dea14fb325289a4cd722
51741,355d604018d6d263d57bf60f16d1f498583c53173917ae1615d2f504bea65bcf,false,3b93f0e1e64ee598380b985f943a6be972ae6b8cbeb2982ad8820bc38054f98c
51741,35f5309714afa42500ef2d5ae73478d6cfcafc3456a03c9dc33e4997b0e9de01,false,58c808689710042c6bc9853b1d50108cc3672b27dda6ed778a61dff1d6e89b4f
51741,364418661683605266dc95b887c5b6cf3213721cbe1b08460b647a2a829cb833,false,b83c352eebf0139e549f72a9af6cd8908e168401d01dae9e478e418a80215cd0
51741,3753c935bd90af1eeedadcf143fa0146b407a8000ded5358ec82b534dfb4a7c7,false,4d082a578f3af0f218e4b886fc7e4c0b75c5586d681cfc5924dd346fdd283938
51741,37f1d2369862910a40f525e16cffa56da4aed3817ad7478ea26e37a4ad6b661c,false,c5d264b956cb7fb1504090aeea1c87e70f3ecc004b33a54861dbd3bc29fd3154
51741,3808ce98d033fd3765c042e1a3ea7a86095bc4d81419281346bb912101c45b7b,false,8aae105f091ce02a95fdcea862cb8bd638baf2444c7518db85a8e183cd6714bb
51741,3829901b78eeaf27db486e8ee9ca1e555cf6f61db982aae4be72faec75f80bd3,false,4ab4094042693f91a5a7402ea255e260835e73c9b96ccb79be83513fe19c8695
51741,3918a2891638acc47dc3cb548ad2f43da4b4eb4a94328b83bc245c6f763f035a,false,964743fa2d2a8e7cfd76cbea5124c827fdfcae9da1baad3a6315a13a2284b17d
51741,39d74656aa15ad58cf23dd00052aae9df315e16eb432899c29cb2336a5b899d4,false,ab70bdee9c8fbbedffccb67d96f0d97fea17bcdfc4219cf60144321cfd522a98
51741,3b328cb340de2d817a91bd20e01d2cec4aca104ebccab23050725891af387d45,false,7b3a895b3c0662d9cd909c9809c0e2385c0d5c154dc02940b6bb24fea2a58bbb
51741,3b4a70a041ab7d4096a1bd932c415e9fb4ccdaccdd66c267b3928a20da5cffc6,false,2a26caaa654d86cdd0908df6bbfc4853cd8488cc8d23d7d97aadb0bf2e8603d0
51741,3b8e8b8e82c195e0513e47b131c8776550074c81047b705afcbaa12f2fbbac29,false,05d6290a0c08ea885946e36542936538070bb8947d65fa35affa063f23338a9a
51741,3b8f976829ac9e7527c42672ba6113a471918d57f8a77fe89826880ecf18b732,false,da3fa176122c97585ca50e975a3191196e9a2f0a02dcaf3b7bb5fd6db9bf60be
51741,3b93f0e1e64ee598380b985f943a6be972ae6b8cbeb2982ad8820bc38054f98c,false,a658dfb341245822f8d719dfce7ee935f2d76381eef0d40c1750582b647de0eb
51741,3ba23de37efe88ef33bb77dce7ebf9ef97faea85303ab7c8426df649aa999914,false,c5ece2721c1ede25d1e3b31fcc187c831b03b4c55a3373560d3b4d13c9e298c2
51741,3c1eb9e692a88a0c7843b9c8f5dabe57c87dbd3a0bee7eb8071ac31b14689501,false,d3b548b509e10349efceaf907ac1d02a2868d1e6924fa9fdd5b47dbf0f084dde
51741,3c5d20c7fa3a03a5e65c63810edccd0f0feea2cfc67ec01859ee39fee97ea6b3,false,c47f3aa22ddf342659b9833a3221b6ae3bde4da2d8e4a879dfaa6fd2e5abd9a5
51741,3c77d359c8d18b1cd76940a2b923e64dfda4c8d1e68a25a6617521a86a34ff85,false,eb8cc5e836a5ea2491bc21fe84f0845915daf9adbd7a957cb3076958f9bbb532
51741,3d2ccf1f47baa32d3866de6096311e3fd2d59c17d92e2c3e014726f788472f7c,false,b0f94b90fd47bebc6ff6ee682c3d8075550b310e9fa568035cb454cd99e8f43e
51741,3d41fb24025ffe76ce8a53cac711aaa99942e154b457a7141bfd958c45948be0,false,b557e3de4aca9d9ec1360d15264ecf14b4c1113b8b2061e8a1cc7de8f5cac31c
51741,3db140d69129804557245c5876274021fcf2e149012b793afa658cd387e9f40e,false,68992f656461f722ded4b90cb65176b6f08ee668fa8bd551401b494b491659cb
51741,3e38e2d9be80fd004d10b005bc4b17aa56250cbcf40c3e2fffb4a581537f6ee8,false,602dd3823777e5b5ada52a9a38c52158b103d89f9fe0010e1f4835e3f919c259
51741,3eb3ec625d0d0c02aed01dde778e509fabd82ede9d6244ebeaef9c36a2c31624,false,468e500978b6cbdd9680020b9a7da13972910c3efc42503dceed25973ff9a95e
51741,3f15408f1deb4d1de2a35fbfa1f5630d9c57fb7ea0cead420c5a1dea8336f229,false,1e2f4d0dd870995c995ae2c3c0a6b635b0a92cff68be9019b518c411beaf590b
51741,3f4f138b6e551b2721057f3ab937a4176b097bcfb226245a64850dff56877dab,false,44e83b1ba6cb3b7a0f2340adfc5084b0041fb6eacb19f3adfa96428ab70c10c9
51741,3f5f33b0358409b873ccbd603b15000627e96e08c59314b95a503b1d785ebf70,false,289991203f565e16a4de5c8d1dc34277f117572b1372b9cccbaed55425135404
51741,3f67b58bc04bde73a89db141051b5e408832ee690b744ca89ff1e937a0a438ae,false,a5bccd176656df867dd99cd5f6f24515740787ce64a21d9f00ddc82a5dd573a3
51741,3f9c5931540c0815e580c6313145bc549d4c97312b9c9aac1b084a4b70a2e20b,false,3233b6faf5fa2033f57b2f7a87f740e8701211196be471251f0c17e23c6664b8
51741,3fd4c9384f4d81e44169ee105c10bc129480b8492d0d2cc372528314ee77c10e,false,d18003b875ee1aa1834cc0487a5ea567ebb613f529ba12327e907fdf80ae6b44
51741,4075bf0a8ba356590cd3a06b5f9ebd3bdff6b8c645a8e855e35344e7d0edf768,false,01af5539eb61867e14e1242836a0e4e1210a346d2cdd29ae390ec069327da3ef;725d4c133820e8df69edffba84bc7f68b3c98a34478487a3b6b4392ab9ff067d;ab6d6bda4e55471549aa34576560916fa1f3c9c33d0545d778bf5d9621209d85;9f21155e1c3914e15f5fb55cc08b268cc39bf27ac518991060d610db1a62cdb7;8b0b42d71081bcdae666f6c1f440d3d42a7d166c646420767daaa06fb2113b9b;3364e862ce4683eb3da6eb6ad3366b9359988086aa3ad56ebfb35f8d90060ebd;6aaf68511d962558d35823dd7b887602d4a4acd9ec3a9b96b6e4a5ab68db0bda;4c934017b952c16f0cfa9b9dc942faa8549716c1ee85983bd7dff86828c75bef;72b73affa32ee5f8f3ccf988a51b438252a511d05cc4be4b975a5c86f92c8051;2f14aa89cf874a66a19e505b6cddca0ab037e97a32cfe34a078e8914d9c6ba81;cb929622fbb6bfd9e211846da0ec68c4091ac89d54ebd3921682f94d569dd97f;7f743567f8f078bfdc3d8da90a50079a35a1ab067a6c2e93c9ddc3ead454c7de;7a3a3a7253782ec5d286ac7b5f370d146a1378444d6e51ed256d482e28b29634;fe8168727c879b87c8ce2d44264c1a3df02273f1c71249ea7beeac8ba28bae7b;2ce5821ea94f9110f47dfe940ad831977b512d148106cd1ecffabbf8f89e831f;7dcaa89f35276fcbcd005f131f92d1c174af09ff4ce09c3dfc167e5fffb0cef8;9855becb7028f5147d29369a4f1ee2c9730b97e8be5fb941616fd581ed312114;c64e94f4a6e3788d90eca1ff98f1270c2e0b891f90df211770e41163ebca113b;d19fd2faccf8a45970ba614ecc07b5a5c5c347e83c792435c845b16e2eb14bcd;71dca2228b709352bf9520cd0510f7b033057a421adf09ab487d81c95b4d3a94;1f68addd6d6a6b7fb148dcc81114380494739bb7c54ec47e0fcb04f2878270f5;d1389d4617bb61713a30fc8fecc3ece01da1582a383f1e06b5e597f1440594ce;c1714de69d5f0ebab0a6d0935d85373234380021709ecacef3e645282149697d;4fecbfd5f1f338a913fe9f5b8de896a585a30d311977619312d325d7f8836e21;c91c48c696131c5f98b1314727f2f0d1b733c6851b78de8745c67f9a37f866f4;63b1e514c4aca9ff2b4f60faa15c8e76e869b56736988b34c769b8b2fd9b23c3;e53065ebe0b59f87bf5ed2c5c76fceaa6c6bdef20399532963c62e1de75356a9;df9e885a7f029d41b3fc2e38b3ac0fa58f45263858c8f896b9f9586b1586681a;0a05e0b4338d5c0246316c12a936304047e481a0a3e0886c0ba74680c6b89286;383eeb8dc7abab579f28bc0f89ad02453d602733c1e3c96c34bdd678a81ad939;d713826a8b7991a10b3b08ec4233259de36942dffb6041939b174618c4c36fec;bdc00c1b7232a3d131553a4dffbbbfdbf9fe32daecb2f78d8d0b9ea41581025f;3edef75da485c1fc1bc760c083661b6b2abb49faaee02c019a1f975a0faedaef;a40bed6709b282346e3ba14c4c54f8b2e2196c17cc68d793a36178cdbb60693a;0668691e756d4a9c6c6516ed4dc07ebedd5061ee0f742f9176607839275b44ce;524e79ef6cd08ea845df09a064184312ff27d5b9989291e3029b2190ff0e6315;f5d99314b892c297cb749d4694c78d688858802d207662f8f8caf1dd6f02a7cc;dc995dd049b76e1fac9162464ca14fe26f05da28aa37d6f9039c3d131f6bc982;a628c692ac88c055f242c1909bad27c232a1a28d5dd454fa3fdecae16eaf6201;b31d07ab372faf07f714f48d775d348d6c0f630b0e15dbe7cbc5c725c202810e;e7dac9fa9f30f48e8849ce9129de205858e0beac519c5fe2942c7d670532eb3e;cdbe4d9dd8791366cd872c11297c3dee5244b1eecea61a432e7488dfcb9fa6ff;54d03c7a47c04b1e4a1976aeed95d91a01f7d00f45ccbb0e61223615ce34ee70;df9a7a8859cab3d2ff84941a971d2c2f91c48b2ac79c5936650a3229dbb34ede;f901c621bdbc2b9c24a9908280a48e9ad30b1e1affebe396974d76b5b11c6f26;9e6aecef5b7ea5da39f673672b5a6710bb343c76f1596f4b751b7b4714407e11;6643c87e8dd94cbf2bbe09c73d96f6fb0a6cbe7026d6998c0102c369aee872b6;00d80eb77eb924a46cf5c6cf5500109de8d9273d58bad3d0b5134b6b525e0d43;50ea352f1fda5e748584ae7488b9577ebde7efe4afbb20cd804e41efdc9d4974;fd730f5cb566a82e8afb3db62e700e51a5449525f37d58d5d1197c1bd536c8f5;f64f9565b2901c0fb5b97214049adf7d2bce0e2815bff1bbfacdc502d1c72566;2d60fbf5439b5371691636e46bbf92a0cd54e3af082750428ff19f9be9e898dd;74b599e3d9e310caf7cc9f99dab765067f63d13ca224a2f21ed0bf34efe1cb17;180abce5fff3a88f039756da81a2aab4279ae7afd1b4937854f08e9732196992;2f366d3927aaa55b34cbcdadd3c62c88a0ae6610cf50ff2a550cb6fc78be8981;d5509b9258b9d1bcfbe85106e1957adc060ed3fe5dd566e510763cd7af0070ec;3ed61c3d5048df0c7900c13a37b5de47e77d7f09f718025114c68123597958c4;0abcb90242c14fc0ab370757cd337db2edd7312553ddd567cf735313314afa0f;209974f6c8369caad65b0108a58dcbb9f28e67ca18d33bcc64adf29c46ab4279;a1c49cbecc2c9c479793d2ba55137f538f92f6fbcbb22c51dc95f5610bfc1686;6b3287f61aac2c463eefc28ca1ceb73002307bf0407b3f18917c854ab2664957;599795e103f0beb952430499a313227848bbb8c292fb35597a4fba3fd4f3553a;16be9927e596c03a4b0be28e4bb924ede730a1f279d1bf5685197d7ba30755f2;acadbc883bbf6dc9158a2622cbdac5b8a32e398a588ede0ebb747822820280a5;6d413ba6e6a28ed65a58a0d1fb161f5ad6670f2c38f1d67cb5c91cfef9c44365;3e5292574426b37e85cf8a42a58470c8db3036154d76d138fb54387587927833;019cf7589fedea5b4925c93a604f2e59a2f592a6b0a53672abc4368fad049d60;390671c9f1f048d130128e9735a50e28823fc165b068cd2783b6049d640f5541;71943d37895808627e0c56d5ef264789cb719164a3f0f3e30e7f403384dd09b8;f2222e7674d8c5ab0297e885326c220c2c7eed79e9226c6b3bcdd823b48f634f;89f38d552097b86920e7ff23bd0aba862f685344be090875fc44c90e59aaf26b;f910dc469c36fb6993ea95c2cf315188d991510729fadcb35bb1e52906b9122f;ffdc0d2de6bede7e267e655c543424c0bfbb0520860f24370cc3f611d19a31a8;2a42d512a0db5633c992c923a6469d08699686dbb7546127c50ffc15e6fdc9a1;a2bca58ce1d7b5986ee661e0063a0960bd58187bdada27a72235c844b62fbeb3;e401455b7ebe0f15ac3d89fb4419f930ef39698553bad34464bc2a400f209a34;97c10cdf4909761dd5e173fc1022a4ad4971e46fa0117485ee3049156e53901d;3bcfd0e111e08001fe782d88e3f8e45325575366216e58e2db4f28b87fc10587;ee158fb18fefd8d46d97bf169475b059df098e20fd7111ebe1dc0df932e636d3;54df369447821beff9fe8cd8db2d3880fa3cf1eb069e7ac66e942ab9c4b54a11;ab7ec28e35b39a8cceb115f86d9a3e2c3d944a893f43e2ee425b89213bfbb166;9b9a1a89ba7fa6d4d2c6f4b6cae3bc342d8e12e197644e1c1f78ed377e1096fc;4545fa8bae5c2014334f57ee160892541e13548ee7e32297e6ea8c96ac591f6a;ba0d2019c1f4c8d7a33e709b744e57d70274e1c21b97071e2f64711539b10161;d57a3435e9254c770bd61933b60d5a1ac1730b7acfbbbe25d4f537ae7edbfa40;3f17168829e0633bed8941bd42e8fa4b5689892b89f32454ebec5ca3627cdbb2;bc895993168cd0797765fc32f24865f8d861134b8c0cf3f58db6d249433f72ac;b2ab35d8445cac1bb2653c98fafa5b0aa55ede59d319ea12f1fbfc9490d0647f;ab94ef388fd7e286017e41fcb3a6d8be7172b5c5a09ab7cf51d350309b9d0852;576d6bb12e6666f4e716f96830d81e6383081c30cf6fbbfbb980bf1655ab4dfc;f3ef25bd137fb95f8c47f73308472ee0efa27ebdc543b5621ad0ffb26b367403;1fcafa6449dcd71205d03c4d34cf587b9278bf6eebeb55fe6022886d9b4695e8;1c38363d9c9d140115a2281da881ac63e8ce274a52773d8739f9a3934afcf993;fa45651d426e7d7026719c1e166469528f96384cbd2c5929eb2d56328955b917;e1ba58d39fccba978fba8f1d414e5956e75208ab04ccd47fc27aeb14c26e5f64;7ef9f171fa2379e704eec7cf36bdc3e26610426bd0ae210f5830bab5458c65b3;842aad9b963ac061c7515a8689253e1213c438ca8cdd209dc044d0c9a882909e;9527f8aad59950360ba9200d6eaf33e366b78d507adf211c66ae9b7d3e59d37e;80b623621d702051885624738a8ae27200005344eca55864986a7b7d0e026482;15266c5bd60bf8c7ba0d04d0aca3bfccd03db3e1cfafe9498f85339354a01649
51741,40d4fb93c3367be0b092c0920767c90ae8cdc38242031da53641d553693d4994,false,3300550361b51fc5e48ddad5c08e9bc02465e0be42a4db7478ad1069295af5a5
51741,40dda48d2c9156c10aafb043ce6b14765fda0d3dbb4666d91874cbd6c678661e,false,ceb977aa4519f1c4dbc1abea64840ade94050c6eb8a15fe5580e9a08f3b8402c
51741,4106a0bf7e7e5d8f4f63a9e1a58debaa4511dff8e2ca72671e3e42c0b717ac42,false,ef60a6e5e0639f33d16cf3fcb5d3b0af07d24e76842f3ff5d0cad744ce876341
51741,410ccd6c64c1827203b3070e8ed7086de0ea202ce3c400660254b1f08abb6d5f,false,a74f6d6eb38087e0c928ac3e99b0cd58b41412b4ed96b34aee9791947215d7d8
51741,4128584ad3399ff6dd6f96b7c2154cc1a6ff6a3043cbdd5a9cfadae1e9f7cc43,false,84a656d67936769e7f222ad899859773f939a5a3201a244f8c9c44c1343f27f2
51741,416c67e4a100389a977baef98cfbdc5c02cfcd9b8099304265c667ab43bc2ed4,false,01f1f181d6eb989e0dbba98ba8f118328aa24e505bd2674a7617132199504fd9
51741,41746f72ae93e5e96f8fb65da4994148f0062473c3034326a16e613d695610d1,false,1aebd4f6eb16bff5668df9186ed2be76bf6f5eba0bd37b0ef102583d16b7ec8e
51741,42020a0a7ae1108560814711f823cee7c5db6105e455a947f6fab0d150595e8e,false,90467421027dc0a3290f39ffc4c4f3ab23f184b47b7799509918aa6a4f99b56b
51741,42301f858e8966ea919cbdc7eec223696d4710dee2312c63477e56b2bcba7679,false,dd40613c75db2cd0f4f19eb2a7ceeea535e39333e60b25e7cfbf1291d1628b99
51741,423e199983bf9f5e8f13f27b2b4c7a611cc20c65322e90d9c84b9af16072a5cb,false,285e336cc616dd64733bba57d4b76590d9b613b666973bd9b5d2025600c7d53c
51741,42e2a34063276f264f5dd58cad2139b76de5f24da7fd33fffd20f64ccb0d327e,false,734e5f6f65856a067d76bd48c5153ae57499008a28e4ab5143f13302eddb3c0a
51741,42ee1d8873ec506a0ea6f70b541a2606fd680ae34c525fe1f29bb1920262f7c4,false,a484968d93a78095abd8da9099d94603bf8471cc6f5b75a35730694c48492128
51741,4377cee2cee33104c8b3d9da336f2b9fba7e305d81e97e0f3e1de0eb2726c42b,false,841d570a8e5380f2d304dcc9e8427ff6997bd07e4fb1486cafffc43b8758c569
51741,44276bcc7e461e239dd15d599130344dce1d7215379a920398e4c8bce446d069,false,410ccd6c64c1827203b3070e8ed7086de0ea202ce3c400660254b1f08abb6d5f
51741,44b80bbbecc853d2afffb477dcb01e18b14dfb1cfa4cb1b5eb95c65115da6404,false,7bf523ad6a65453587cbae2aefc6bbe7876fc787bf366e6dc56e9763f2d7052c
51741,44be3d90de86bf1e40f2db8c6d1174a90b8bfedeb88b10ca11c5ea78d48d1e07,false,fe97e675126b36f6fe98583cd67700d8f2aa03194a3e3c400cb637a5183def93
51741,44e83b1ba6cb3b7a0f2340adfc5084b0041fb6eacb19f3adfa96428ab70c10c9,false,0a703c49b7f709b17c40247f4699261abfce5408239544f18eaf918e9ebfd04b
51741,45c9e6a66206560720139f411580ac801bbed324ebec64c80b57abac7bacfd87,false,242be1d78e420515234eeae51e4ccc9720397e1489d2d574df6554fb4dbc7d19
51741,45fc345a7114d71397a3f9dc16a5e3aa64868ba57f98aad6c3aa323a184c1a45,false,22d242089228ab0dc2d0841010bcc0b549196d66ec1fbea53cfec7f39242d3ff
51741,46424cf1412154e3292a6a177ccd9226c8e536a26a79bc42b0f7372cead8a6f1,false,015a60aa9c5754a7f975dad395dab6283976672be68d18d447af745680f238f8
51741,468e500978b6cbdd9680020b9a7da13972910c3efc42503dceed25973ff9a95e,false,a6c7023c8bdb656adea993c51a712192a90f212e340bd0d1711f7ae13858fddc
51741,46d5fb76f7c8ba35a536b4a278158f928c615500b7962b82cb90235ac6437d5e,false,a6c486989bc104785cb00e601d78286bebf1e3d9535a7def5b12339cefdf5798
51741,47e8fc68792cdab199720dcd698cf87c58d28b777e78c94ff5134c33001b5700,false,17cfac7e83518d5792c8327954f9259557207a839b19470f9f79b4df044dd573
51741,480114dd9d84aea43772b57921e1661146c885938bab88e24990f60b6bec6d6f,false,6c67427c6c60a520395245098ddf6f30d022ce7015bce173b3bb2ecdb6377fe1
51741,4815b3d51e575c99d915c67d28dba015d554c2df4f14ca25b87c1e5a399bd684,false,30c8bfa50542a8a445d9fbdfd08b00993586c96fecb845fdb5dddec29267a915
51741,4823f0bd53d49f02461342f2611eb7e9a08eaa80df19e151638ff0e74eb95afc,false,77190a1d3759334b8e71615cfcaa47da1c0412a77262b2ebc40690315750d1b8
51741,4886dcd0f19c042ab0d1e24ad21fcfb6bff4ffaade5e92b545250b2a26959fec,false,5ca2c0422eeea3e1f5c8ba0d39e3b9c4e8eccbcb45c668367857e79de7306ca1
51741,48c130902f8ab9be47d192bdb3d0dea8f83113de99eab40ce22d1bcbab8466da,false,747de7e74b1dc6f023142cbfdbf5254db66d8504abb9573486883b011a0dd3a9
51741,48fee77f9b7b41812bd991b5b3fb9af9321a21d3dc26545207096298a253f9b8,false,ee795ccc8f3db91abf653f6c14e338fc29c48801126dfed5d309b77eb0b30123
51741,492271f5a6528349f0c0b817f4721c782cb40487f637eecdb6ec11488615100a,false,79f084b43b7c2ab1ce03f3944fb8830cd737c114d7826b713aed582560db4be8
51741,49c0c502722ee98fec8d50311bdf69e937fa128310c8aad174ca018a281151df,false,e9cd8c3575c8da8ecafb53a3e1e110bda43e66c4fcd27a2a068964c7388aeed6
51741,4a3139767c4462c6aacb3fa3aa79a2d1bc99a026c76cf7deffc420da6869ec47,false,d0db6882870396f73e285469320f06b1beea22ae5146dbe0ff5b7a25e49fa790
51741,4a4b0147e1cfb58571e3f5af7f740e6d6eb9d9951cc0b33f4324379a8c2001ec,false,67ec174729550063ba447cab775dd93e21656ec5f3babfea9d54a5a5531f3220
51741,4ab4094042693f91a5a7402ea255e260835e73c9b96ccb79be83513fe19c8695,false,9d45065ff93ce96679a42afc2c43b6b6ed49eac85e5b3acfcd35c9c5592f32c2
51741,4ad7e893c416111750708da29290a56bf6c023b9afd4e49ce482b6a6d24e8dc5,false,113805630520a5f3a01d2c88fd4063d28f98983e1aeb5cbcadb4e2cd4e4ee300
51741,4bc993a44edabbff39dd0fd90bda318139c5b6dcd56ccd01a9a472368ad15638,false,847dd70173682bdd1be9bcbdf664b33b06b3e7a74d13a5b605a1e8b4c832675e
51741,4ccddc1a776284b1aa9a86ef8a355f6693f5a7af0534c715c2150ed894e5e6fd,false,11c6254a899790e038b84fc804146a867499e7551fcaf9fca859625dbdd0a157
51741,4cd57e79dacdd4786dd400901eac16e7a3b0fc542c83132c0bbcdeb3103671fa,false,3e38e2d9be80fd004d10b005bc4b17aa56250cbcf40c3e2fffb4a581537f6ee8
51741,4d082a578f3af0f218e4b886fc7e4c0b75c5586d681cfc5924dd346fdd283938,false,355d604018d6d263d57bf60f16d1f498583c53173917ae1615d2f504bea65bcf
51741,4d4ac3224bf4ef28bb5389c568f953072885119977b9c51f72d5ad161868c945,false,48fee77f9b7b41812bd991b5b3fb9af9321a21d3dc26545207096298a253f9b8
51741,4d4deb1cefa213182e5463ca02463e17273924bb6f34b808ec93bcaa027b06ad,false,e31d24de40c7b4c8087227e9743ddf4193774248610204e3a3bb1cc062a175cf
51741,4df536a6779d4dc592bc835c170ab8e4c50834c240b82f978349886a8e5d955a,false,71ed3fd9778aae901e081a85dfe4e4a818fdad9c3c62314960368b15fb2d5806
51741,4f005186813f633cadb377ffe7f0d9ade08f701d7cb81ade02f4b3148d239115,false,f0f05fa3c4380742223d00258ba39022246f5c4dbbc937a0e48eee6413928c40
51741,4f583b9fcf3361201f6e10634906893df274a1c78e66d6b3dc111150ffa56d2f,false,5e330d3db5c894d948ea5fd47df3182012cc7ddbd6aa25637355bf7ab209e10b
51741,4fbe756aff47e0fd4767fd7cc0543222118fde430614588055e7e574222beaba,false,9056c81f304d9c8bfd7844222e7063c78a9e4ad803342cb46f9a23dbf127d63e
51741,504560c87e060d3f333e304285012064dc24ff7ee40157762e9d8ef22204bfa8,false,a712d41b90ffee5501ba87c38cf1c370d451747bf6cf3baa14a58cf6a3ed5a6e
51741,504e6cbb3fc85212399f7a9c0e177d7369f03acb41f5517b153deb0527ab0af2,false,2b33e3c3b34ed92e24a81d0be06d53db7556f576705ee8ac4fdb85d6b1098421
51741,50e5b30af900ab92b287e68c766bb1ce949083aca80362e03c4ec1c5e83d1793,false,a9753d453a72219bc8a18569297c7cc7d90c1f2171f16692206c7aa5bfeb54c9
51741,51950650b49ef58612523d0202964b5f21a7bb6c1fa0d6fed50d021cd2bdf798,false,a52727fbfa09ab2623b2c4df49f7d68f5d86db8b256c81671dc38545cfc6d459
51741,52196453af548c572f5f3fe75d1f9ce86b7a591c18ade8d939bffb350e0a4407,false,b717a8d00838bb54d43efe337e834f7511a9bb0079e9e383326bb69312c0bf5c
51741,5247299d6026bbe0aab68e7607d27f049709249f1b69af408d57043d4136eaa6,false,28ed6cee48c3d9c7fd7ea1954ea2e65152ca820ab02586a812b6b6aa78fa731f
51741,52575d9be130a95153782438838a156c9f99f9419dbd67db0f81c74a22166996,false,118323ff56f985d24bb8bd317b197be6d4766169816b029c4a28f86541107467
51741,5283c123a101813ea4db7b1c29fecdfad7ed9154082c55293daa6a7af8e3e678,false,0e46651a120d68532c7796d6874b8a1ffaee7464d3993e3d2ca728cc811952ff
51741,52b703d8611d6cba4dfa4c0a0236af68d82205ec8dcd71dd52c9366891279014,false,66644ec57745ab9b161f44a694db4c538daca877288bca466e939e5a35bcad39
51741,5343067077d72bba45d3ec2409a8dc99f2dcc9fe395f266cd6000a6ad23472cc,false,5dd2df787581cc37eb49fd11ad3f92265973cc243e1009c22ffdd385830af1e2
51741,5393315e0ea28eed1ec34f2f3b2dd5a41179909e7dcc9094de68adbcce7da5af,false,2fb61bc632b63f4853ec262ac48a26050683ed96110e5de5bf9240e739657a5b
51741,545e6ed3790c160ef0f4fe87eec88ec921637118934b82db43bd6040c1f8e0e6,false,59d00372295e91c7b97a62a3969ccb3e384a843c8e96e633ec260f449bdb9b48
51741,547f3b4d46d477d532dd8b8258dbd3b4753b82b2aebc7f17d61491076684b55d,false,96b04d1fe2ed8c8774190c739dcb42247ac3f5de608dd76695e49aa60d33a14f
51741,548c20f8d11acff00aa85937ab3057ead5579d00ed74f057a1d1fab1846ab8dc,false,c9ce439b89e792554879947e3c4395bd855a02f3881be91d7727c7553f477ab4
51741,552afcb739216fba3a53c8d334cf44b27dea894a2011ca964ed11570c69a7750,false,905680b6d711a38c6f6dbee948bcedad71c937fb6306ebe9b8090a0545ae4c80
51741,555ffcd81b6631d60df080754c3d0588f540ebbc2a9624d4d3dd47155d3d5d92,false,28069aad473488215e260b54c43bce10df0f0c619be3097230cf17b90c40164d
51741,55f1abe8b11e1e5bb6589d0b2887435dfebbe8c04ab757e0d8db34d7fa03a78f,false,debf62705b3d55cf69cf00fb556f598c32229c4cd4e64736bb5208d80fc7883b
51741,563adfd45d1ba71ae062f373fb07097dcad1686876786ba7e397e958a760d67d,false,fa9d5f892174d060c151ca95c7acbdbdf302e10301b6640a5f194a1127e98717
51741,56c5f59e29aafef9dbb8db57cfb9a8d882400ea31c43e607cd73071feade8fe7,false,75366b96a8e840ee15f3fe996fd124088e5bca5b65fe0b4f8291f152df2c31e5
51741,572b609a35861288fe4c29a574f3a7ef89f8affba7718c98bb2af7f028270d9b,false,e55efeb67f9bd6c7ed39563da1c7d485ee672bb7f1b5314c1d5c29dd2c105c27
51741,573cd8524f3f2c5a697f24653a8c7b935261656859354e819c7fbdbb4f8aa7b1,false,95bda13530eaf902be1fb07701a216e3ce3a5165c458990cab127a8511ffc23c
51741,57622f87f34f8cdbf5c36bbbf963d63e8728194d5e6daab6e8acefac4cb3d510,false,e3cd556e3c054bd1ab6c826da98ec5466116964d9ca060eb7954552519da8430
51741,57c59dc316601a2d1ebfe5f47a32cfd45ba0be505e10ea44f2b3f6ccc1cacbcd,false,aab388f303d7e4a3e0b3f8a42631994ccb675e7ace787e225d011d733f5a6de3
51741,57dde42d3328cc8b9e7a3606e9d8821af85517dcf11c7e2f48de5618862317ec,false,2d9660ea61d77eb4e31890b0cedb005bdb9cd01972a712db5fd317ff4de80ed9
51741,582d1b1018da1868c24752e38022accbd8cf79080e55d60cd9c6bbedcb64a2bb,false,0d0d2390ffb2fc7508d53c7ed64ce5c52d45be1c81f5cae3477d8a05bc090a47
51741,5845ad283f5d81bdf133e96c0d9503b327484153d944db78eb6def9c30a09372,false,6bc8254a45a1af669561ba8e247f253144e2f5fcdb94976b65f226b70edd65db
51741,585332f611e322acb864a1488897656c886a06f2fe7af3930846cfe62e4bda41,false,25ab14146a72d757eff9d1e9369e1bd67f93f313fdb18c9eefe5eea0694a1a19
51741,58a562b17e2e1d969893da8ae05f553bed783ff05afe2b359203baa1ea3ec39a,false,efa2328d72613b630fa4a707c6fe3582263b440aa78dab52199cd7f9103e8a55
51741,58a71de0624df8d191a3168f091f07e9892b08517b12d9c1976bb042cb26477c,false,026acf236b666164df7791bacade64f24ce775554279324ea6fafacc30e21558
51741,58c808689710042c6bc9853b1d50108cc3672b27dda6ed778a61dff1d6e89b4f,false,aee64af85d250e061d7c4d3f7fef25819a2c409894da0a61f15c786038c065a9
51741,593033a34bbbe1da7b585153faf68ac461263fc6c976e49d610b4a8a9d11f19a,false,339e62993a0499e43e9915a01bc3823a91b69e3abdc115edfa19181c67411040
51741,595a814c6d2af0ed9959dcbb7f86fd4e82aeb8edaad7e4bed981c39ba6f3e099,false,c44df60cdcf991ba05441d9d55dd5a6405129966489821b88168848a07434e75
51741,59962da29f6da982d76c16589775bf2185b1b23e7e3ce1e80b3713218905fae6,false,0a745f40dccab2477e38b4ca11e7307b59dfe6492c64a8f399fb5bb7497f1457
51741,59a23d9cb2adf8b7947f3a25532ccb05602ab233d40805b8ef3256b7d884461a,false,5845ad283f5d81bdf133e96c0d9503b327484153d944db78eb6def9c30a09372
51741,59d00372295e91c7b97a62a3969ccb3e384a843c8e96e633ec260f449bdb9b48,false,ac2f8e9f2210b91a487eb1f2cb09481cfe05c58fa3e72e5fd0ff76da2e20725e
51741,59d4bb7ac6281bf72497a7c9311fefdaf13a9ebe4d25e3154032607a841c5c30,false,355c35512cc1a0b077d6530222648068abb846b122561c10f3781d8b58997191
51741,5a226ec7b5a38203f86a4935f9334b3a9ec6d2be598f78e834f94dc611599bb3,false,bf5028b35be493b47bde03a8e698aca439330365e3f27ab445b8e66d38f48983
51741,5aa5c5382e7cbe3df4cfe452a75dfd227623e46299b91041b67df98d2d76ac69,false,759715c38977ea3eca96cb3db5b540f1f583b40ee74ccef7cd575a9e04bad388
51741,5b3dd09198a32131b09b3b12e59ebbf763ae6141b1bd1846908fd6671575e9fc,false,0d4da3a91b9583e8338d5117936315f6f5dcee91f2be7dfd0df1892323bc9cc3
51741,5ca2c0422eeea3e1f5c8ba0d39e3b9c4e8eccbcb45c668367857e79de7306ca1,false,69238c9bbf02710633537f66794670e8b1e5a62e7a065c5e3b778b50f3712438
51741,5ccaf951bc6273a0bc5031d73953f7f2a145a77d073d2b006e3aadc5a5db6d6b,false,bf05fcbf0e24801b9c5313f9c9844e0f42ec7a50c30dfe1ff48c0b3b5a3da480
51741,5cce93aeb6804effa11ce01dfadd6719bb54aedf4082bd59a82053a74553a888,false,74542922758c7fe439db31d44e7e4844e1989b9ffd2a99369bdd31b0a5f79165
51741,5d290f2f52286c192723ed661fbd0de1645a01112abe0df7166556793b3df572,false,c79a0b2150466a120f2444bf6696ca9d4d853d4164e94b8a305de49f1d9df38f
51741,5d377f17c164bb5f7a2f2f98eec9bcce2a5ef72daeb5fe00924a8c52cc960e3c,true,
51741,5dd2df787581cc37eb49fd11ad3f92265973cc243e1009c22ffdd385830af1e2,false,593033a34bbbe1da7b585153faf68ac461263fc6c976e49d610b4a8a9d11f19a
51741,5e0cf4ce8a0d3d728835b8c892f6456f2821dd6ad79c769b93d071383380fb27,false,cab13a603cafdb6a141efd0d1d2130e3470592e3a3f87c566c28e260a09c5b10
51741,5e330d3db5c894d948ea5fd47df3182012cc7ddbd6aa25637355bf7ab209e10b,false,0a1eacf18427bcaaca6a1b0bd6500654121af3d7afdbe9181a19767310f0b4b3
51741,5e38f00dbefb2e7d3694cf0597d17349f959b40c14dd07148ca9ea9a4ccbdf94,false,fb769699f27611c305e5ed657c75d0d711eeba9425b6c48e850c6354e9e7f216
51741,5e503088bb42920fd2ad0f967693cbf7a288105829eeea59d416ff2ba746829e,false,b30d1688e2aaccaa84670c9ec893fad7f3c02c7af4eb08ca815eb1c058c0de8c
51741,5e9406316eee1ac44ccf396e1cde4355903308586009fda2490a76c4ed4b3ce0,false,7c09c55b289784ef35c22de1e9f001da02d443b9d0bf214246f026012c96608a
51741,5e9fbf3742f276c1253e0c789c4282579409b91c31498a2fcb8989a98736fa02,false,eb24414f05efe2d666f2fc0f39bbfd351c3e1442a4e546d4aa9c7bc6e82d8056
51741,602dd3823777e5b5ada52a9a38c52158b103d89f9fe0010e1f4835e3f919c259,false,57622f87f34f8cdbf5c36bbbf963d63e8728194d5e6daab6e8acefac4cb3d510
51741,60417dc3a354910719c32eb3e70f14f971807cbb3a3c6b0b1cccc7b09c838115,false,0a37858c0d00af40cce12256133d7e743c42ffb345e8826d3e6700c6d0745413
51741,6078687d5d480585ae88bcc257aa371d7a279e26b644775233c0acdd83f05d7a,false,dfc099f18c73d0828d974f7e9616a6ecaa09476eb0013774a3ef9a05b9b6e299
51741,61c1ec0e8d3ce364e872455d9eb0fee74c632777aaeed57a5b59d0d5c7da93fd,false,cddb2b66044e26269b55d94067c0a41cc205622fffd2a9282b4a4aa94ac5bec9
51741,6222c6c6d9e54653295d3901022b607d281a6e4628e313ec74de97eb234b9b58,false,3f67b58bc04bde73a89db141051b5e408832ee690b744ca89ff1e937a0a438ae
51741,6225b059385f5a713344c0328ea5c0d18bc416d5169635d22c861f01e021fd61,false,154bce4f9168a987b6ab103cc07fcaef21d2e3c1c8ac22b038abf23e8ce1acbe
51741,625e0e01ba93bfe241cbeb0f42a80258afef9e8cfca93e19f95db67565efdf64,false,b79183d6f0374e6b2eb2a0bb450c28e532889b421d62db3aaf71729577b5b8ec
51741,6263128eda85d75613b4cf3b7ab0022de9701a095da870b2f9ef9c87562ca185,false,f43b53200b392a0c64366443259e7115ac0c8bd78a14ba340befb42d298e5d6b
51741,62f0faa5ef7a492836dd8ca1ee75b1129d78fc1fe5b70f30f8d6bff0d3d68f53,false,c1e28504da70dce1e0bbd24e535fd8acf3de345cbb4ec7f58f086cd9729e5fbd
51741,641e1b0e962760f72bc3aec5d68f10857cf7018766f11236953fab02b2e93df6,false,d281a9c710ae503c407761601673e72ba2f3cc522a1c7d6f0f73e93f8b968a20
51741,6438b73becfcde7011b7b56a1980f81d8b4e70c2dd82d8c0f23fc0a663e6095d,false,7a517d46b1f2a2162f7ae3849e7d1efff22c42d3a1a4e43c110100c0e17584ec
51741,64acb4c375a24cb095c2faa6611e14105de9a686d18847b9d76ee19d9326300d,false,e7765c255300ae2e0c0941987894278d1379017e2f5bdffe0c439a8f9e22cc88
51741,6515433eb2702b2be375ae34dc9c7fb81d68e57b1ad0007bef6784e556028626,false,bd188807ef1f543e0b01031cad679641a4e2464ac60e91734b44e0c5f7c5cdd4
51741,651da78dced80ca5a42e3d8216b8652731a46499e0e8cd8b82ad32a6f4fd1a85,false,c3956da111e84b9566fff54ddea5976b5b407b5140f51affb00a7fa9da43b54f
51741,66644ec57745ab9b161f44a694db4c538daca877288bca466e939e5a35bcad39,false,3c5d20c7fa3a03a5e65c63810edccd0f0feea2cfc67ec01859ee39fee97ea6b3
51741,67ec174729550063ba447cab775dd93e21656ec5f3babfea9d54a5a5531f3220,false,2b33981c02d11669c25dc5d8aa78229ad131347e2f5f79ded12cca33c45a816a
51741,68992f656461f722ded4b90cb65176b6f08ee668fa8bd551401b494b491659cb,false,ab1f034e89a049710005d927233bb5be0f1ccf3c6a9b88004171766d21fca73e
51741,689c6b882a06809cab3504d613e11a753357b346ad7bab50a27461062daa0089,false,d870c19f8aa525b287ae0283a80cd71bce64d721bf73b7e94c4c6c9ae123f865
51741,69238c9bbf02710633537f66794670e8b1e5a62e7a065c5e3b778b50f3712438,false,18ef0f6edc346fcdb5e8978ab84b6954cc1b9a5317e8b8befda9cf407ff9037b
51741,697b12933936a06103e1b5c0716fd21824037713771bb814a6c4710eed82e46b,false,46d5fb76f7c8ba35a536b4a278158f928c615500b7962b82cb90235ac6437d5e
51741,6a265e57fa8b28a2e39de5baaa7f63e62f42551727c1a115e3913e876798ad7a,false,e32eeaff885c41111838dff63969b834adf34e22f1cf726d325ec29560b5aa49
51741,6a32098b5c824cacaa60a1a3eaa4aa3e5f9d3a523974e5d6e03f174119d5c79e,false,cdfd78d9e67d301b42bb330dfe35b5613667707006ac72edb81bf4d22804446c
51741,6ab580d92bef15da3a00948abaaf3f37f3983c8559da6a6c89b38872bccded89,false,6fa68f81774a31eed85e9788b132072e58a79575be53732bb97115d79b383815
51741,6af179acba1025b654389f4beca4bd07876f740893bc0247fb5ca18dc72d95d3,false,e316b5de62759e81b00c47ec0c534389b934a9dffa0c9d8582cd7dd4d972c57c
51741,6b401dd9c92477426064e328f1e406d7b87155be137ece1e38226c67df42d93d,false,6a32098b5c824cacaa60a1a3eaa4aa3e5f9d3a523974e5d6e03f174119d5c79e
51741,6b8b3427c1ce1cc651031c76ab63309bd9480634388a7e8edbf178f49543b871,false,10b332af1d9ea6806ad974aa338434561e245f1e4727b589406860e6c734cbc4
51741,6ba7ed09838204a95d6cd550483c63abaef8bf34b973cde77255f7338223462e,false,59962da29f6da982d76c16589775bf2185b1b23e7e3ce1e80b3713218905fae6
51741,6bc8254a45a1af669561ba8e247f253144e2f5fcdb94976b65f226b70edd65db,false,c6575efe74b19a7223ab3c9f6626a0ffbe0400c94ceb8a85ce0efe249324b23f
51741,6c67427c6c60a520395245098ddf6f30d022ce7015bce173b3bb2ecdb6377fe1,false,4bc993a44edabbff39dd0fd90bda318139c5b6dcd56ccd01a9a472368ad15638
51741,6cf108ffec5491a64340985689f8c6023cc574372db0f181536bf408f41237b8,false,e174976868b64d5af48e32a8b91ef56f79b44b5b51b6d98c6406108689bcebc4
51741,6d2e04c77844ef857c95beda1ffdcbe4cb071f1d211214e0dd047e6f6f52c02d,false,81697665671dae10f2968eda4c642621476a64a85110ff25bdad3b82a4e09650
51741,6d50ff89ce9ab54c3da53aba84ccebf20f919cdf0e54298bdca6ca5c748dd78b,false,258baa86438e2e019b63fb6796ecad22d5e8abd459a42efd58e76b11408c070e
51741,6e3179b9f292b6385663f587ae22354e1885ef43081b80f6900c1eea49813154,false,8de3872a16d06d9f7ec8ca9ece92694e855e4be3d8fce98cc1e7b51a85216c3d;78cbf277b93439225268aee0f5b19f0c51bef680e56336433ebf56bab251a69a;65d66e9a750bc785edbdf4b7ff17c6607fa9ebe165347b16d4902c6402ef4cb5;448465a5e1367c7f4616c4b21065ab9736bd03a82a48b8599b799d177b3b3e88
51741,6e50b97a0e5101050d5b9c708c3e88c9ef1b0824a60e6212b3e4a1b7d7310765,false,dd49b5eba387bf9e3eaac16a51669a2dbe4bab41bafab1f7dd9f31d0ffcccd36
51741,6e591e77c88ff7f31fb8b2a70e3aa7f720d93457beccf2c06f9d75134ce392e5,false,3c77d359c8d18b1cd76940a2b923e64dfda4c8d1e68a25a6617521a86a34ff85
51741,6f050977088acda2c7eab965bb4434a128c57e5a73aa26ffe33dd3edb35b6733,false,5a226ec7b5a38203f86a4935f9334b3a9ec6d2be598f78e834f94dc611599bb3
51741,6f922f75a81888b9eb31f41e9240f9f27e4e75f0e4c683c293294cdb205b4d38,false,1cb6309384f0512869c0729a91f88b56bfbb6c94cb7f0eb32f03e4b252a56e84
51741,6fa68f81774a31eed85e9788b132072e58a79575be53732bb97115d79b383815,false,a478143301fbed9b6dccaed895442bb4f62a7b74b7a0673a998884ca473597ad
51741,6fc6febd2268c4e939440d813b3811c314d39e5c67f8874e21d9825e9a9c1561,false,697b12933936a06103e1b5c0716fd21824037713771bb814a6c4710eed82e46b
51741,708d8a01c6b6b873e793cc956bb09a5328fa62e94e940c35809b400c36d1cbd1,false,f8c85a355de0c9d0b413138effeab6f1fa261dc676dad4fe26c9256460deb78f
51741,71196ecde061e359d60e0e585fa4cb44efd41213fbe889eb6257b27439b5937a,false,40d4fb93c3367be0b092c0920767c90ae8cdc38242031da53641d553693d4994
51741,71924a2615d323cb40828056edc9338febc278c410fe107fd4363f2b75950944,false,d4c481686d18a4782d10d9700b2561731bfa6853cbbb5f10e35fcf5af8a0e00c
51741,71bcc522f2b8457b9e4cfdbad5db4d2906d455e46facba36d89c52a85a918425,false,2300f7b3f6375d5ffb67aac47f502ceb33484f18cb614c9a1c2823af2146292b
51741,71ed3fd9778aae901e081a85dfe4e4a818fdad9c3c62314960368b15fb2d5806,false,b8351efde9910db29d87dc7be3e93f711eea59e06c1ec195cdf1618f036bfb92
51741,71f3d1e12443d0fd70d40e7b508f4020ea09834d014bb460b9262b25570c7849,false,e9514e0ff72b70e2284e9f6bb8f3f2fd0acd77cff0e7e080b25a407b1f300cee
51741,7244ac18ba85d4921cb374cb7382a98638f9c4a4ea2f7c5ec0ea927fd54728d3,false,03c6529350a4e354bbd5ed799dd1d460dd71a4e981f108901da1b7e857b6bddc
51741,7271e9b923cd448e23022fd971c955866096098bfd896f01f77c1eccd61a2c09,false,42301f858e8966ea919cbdc7eec223696d4710dee2312c63477e56b2bcba7679
51741,72f2a38ccb9620bb486f51544716bbe0db07f31942e3ee7e12abb1fa9cd5a892,false,b0a7423d17d30fc10b2266661db126169c15203f0d12c3ac7ad4493031184d9f
51741,7326eeab12ba684a7e9765baefbef288f361ee24eb16659a2027003e0fffcc87,false,45c9e6a66206560720139f411580ac801bbed324ebec64c80b57abac7bacfd87
51741,7334d7a7d9870226477c1b6e229ee55e1298cadb71ca83395e776baf2db019c8,false,7601382c7e671a0ecd374864efd756542dd541c338388786d09e967efd217ea1
51741,734e5f6f65856a067d76bd48c5153ae57499008a28e4ab5143f13302eddb3c0a,false,5e0cf4ce8a0d3d728835b8c892f6456f2821dd6ad79c769b93d071383380fb27
51741,73969eae5ad407eb861764ca59754389cad8ffcbe216debee71c134433a21cc1,false,28cab3ff375ef327bd86c1ff9302ab9b17a35367f0bd57d920cbcf249325efca
51741,74542922758c7fe439db31d44e7e4844e1989b9ffd2a99369bdd31b0a5f79165,false,aaab43cf5eda50ed0bbd97c774223e6757911867104264c4f1e9447003e5a388
51741,74563f4547495fe6c66c77031f9fdd20146c4853e950bb38783b29f71bb0eda3,false,0b5e0c80c4745656c2d6fe7add9dd22c39ff99b94c1448e24e692a5e7c20ecad
51741,746eeb6a99cedc5bc0ec12d939966b7a94d7dd52c5b5011d3be58067197eba89,false,e08a2c88dee14b5559dccb9247882ddfd720f1c1b9afdb736448f829e9e8ae9d
51741,747de7e74b1dc6f023142cbfdbf5254db66d8504abb9573486883b011a0dd3a9,false,023af1da2a5f6d8d514f48f9a36adc01da56830f2a4f184c3aee4d3daff4dea0
51741,74ba94130843a90592c720d0c0e2ed43d4ce64581da289017bbdc67b8f411689,false,4d4deb1cefa213182e5463ca02463e17273924bb6f34b808ec93bcaa027b06ad
51741,7500fe32069420e23aeb6d6370f47cf95ecef3a30006b56b2d2037b1d8b9bd99,false,582d1b1018da1868c24752e38022accbd8cf79080e55d60cd9c6bbedcb64a2bb
51741,75366b96a8e840ee15f3fe996fd124088e5bca5b65fe0b4f8291f152df2c31e5,false,99c01c7b58da15db275116ef0eaab41001d9307021b55b260b42cb1510656578
51741,7559d335c2b419f2563a6729ad0cae0bd34a88bd7d7657c6c3a30a28d68c9e16,false,44276bcc7e461e239dd15d599130344dce1d7215379a920398e4c8bce446d069
51741,759715c38977ea3eca96cb3db5b540f1f583b40ee74ccef7cd575a9e04bad388,false,d9cb59bd3b4e5e8622c7bd229daac1f4a40077722e16b426dcba2843a2ead18a
51741,75a0a1398154ef215b2889358fd830f3e26384d541efcf43a2a6240fec919d92,false,ff9e46ff4a42f8b272a4414b72d62561e9eda3fad7110bab0321d654c30b8591
51741,7601382c7e671a0ecd374864efd756542dd541c338388786d09e967efd217ea1,false,cd1949ee8ebff49f6816712506ec8fccd4375b2d8c14ad658716c803b1e1efcc
51741,76187e59115a2f62f00dbb3a63247a5f79d3fca64259c0a4de0f271594995338,false,0cb5e7259a8414e2ff895709074e54a67669da5ba26bad1f2bd9c6f35b2de730
51741,762a56cd4d0f3482e1573270d56672c8f78544af68d2a78fbaff2fe5e89f549b,false,7b107b1bdceb116a5c31d92ffc7f0a140330d28ca56ab9965fa7f048114c0e97
51741,76c3729cbf3cfdb0a72dcccee2e0e56ef5db7e62f8ea4b45e36ad4c190c2e93c,false,ccc8f52fa80da14795c30f56dac16df99910e86d86087a72473db0575de61191
51741,77190a1d3759334b8e71615cfcaa47da1c0412a77262b2ebc40690315750d1b8,false,ca23b4b0c9a5f3d8cafbc18ab1917ad65f36a13a79ad4d091154ce9a2c78bfe7
51741,77a5240ebe5c6885879719408bfb6d5d45b51c9839ac5feef358679bf7ccb0f7,false,3829901b78eeaf27db486e8ee9ca1e555cf6f61db982aae4be72faec75f80bd3
51741,77be5f570dd9d0eff9b6a911851072fe85c0572293e5a8f7051121c103340bed,false,211c31ec58bda8904f04cbdf001941ae31018bc43f961722cbbe25a1daa54ca2
51741,780f846d4f0efcfafc44e9a85badee109d99a61ca0069312dbfaddb03a0a07f0,false,d6ea75332d32a0f2686e67d849e04bf7254fe34cf63a008f5f99b141de284050
51741,782a1c3913e07f8fdd2ff7a7d86e16144b8834d60927183c699c7ab867228bf1,false,dd4f6c4df7207e07ab511e5e4c05d4b9b5b659a7407e98d34f2285c8a9bd21cf
51741,78df40caa2beed40910f0028dc57df7039de8e0d40a88a9ec3fc8ab8e30d7d76,false,855cdec730229141fd5344b7d3aaa1498b8b6840ef8c1cc3d47b0f09585b1b20
51741,79966d0e563fcc4f849938a62a225225b5ed3088d845765f546f2c56ddd9d22b,false,585332f611e322acb864a1488897656c886a06f2fe7af3930846cfe62e4bda41
51741,79f084b43b7c2ab1ce03f3944fb8830cd737c114d7826b713aed582560db4be8,false,1157013427af427b534db2b4ac9d68a9d2cfb0dd4ec3f5d082c534952c10ddf3
51741,7a45b40dd50d3549ada7ac6476bbf94f0b2ec889ee5345603c368c5d64c4ea5a,false,f024f644223aa40293f64862e9a46cc6a5d75a3956aa26caa665d07c8ad05a75
51741,7a517d46b1f2a2162f7ae3849e7d1efff22c42d3a1a4e43c110100c0e17584ec,false,884a341b659b887ad47979fa4dc4b568f107d165f50fa2a572f3e2ded1932bd0
51741,7b107b1bdceb116a5c31d92ffc7f0a140330d28ca56ab9965fa7f048114c0e97,false,f5f036f229beabeefa420d1334741e1693a04f35deaab23eb2b109aee2c866c9
51741,7b3a895b3c0662d9cd909c9809c0e2385c0d5c154dc02940b6bb24fea2a58bbb,false,a0a35be601602071d1386be86d49f9c6aad276f33bf505b85ddcce4df332e146
51741,7b988635ac4790a3dd9060e5b87b9c71666bb4f6c4618bdb5f4e04141527b5c4,false,3001b25af7daaf666c103a0b232e83268b3964ecf203b2b77dd9f1fd3171d299
51741,7ba0eb601d1d9453915cf67745894e9d692da73b5643d58a970cdbede45586dd,false,883010e405ae270b4f3c1e92ef49b700130e10e563a20f3803b1cf9df80b0f2a
51741,7bf26ff6737c47c6ce3aa232c3bcdfbbcf968bef83f80e845acc8ef73ccb85b5,false,f8db7aa5af6c93b19909d64ad452487b0dab787723605ddfa40bc214b49e277d
51741,7bf523ad6a65453587cbae2aefc6bbe7876fc787bf366e6dc56e9763f2d7052c,false,14da367b87e7bcf0e564d07ff42cc74e35de98722ccc66de73bd3b3a69165605
51741,7c09c55b289784ef35c22de1e9f001da02d443b9d0bf214246f026012c96608a,false,99ae69124a92522f2797ecebcdd21d1f35bdbf8d6e22e4a45a2c33e06cfd5228
51741,7c0ee88352f15a90acc484fc731e6981e14b16c32e9f6addcebb5927ff8d52e8,false,828dee49515ebc16cad2ae54c599282316ffd3d825aad2c9f9539091a3aa147d
51741,7c4b4681d94402d20bdf62b1a0d018fd16c19e1a9d8930b164cbe1b3c1936e64,false,2fa0755181f3192214238ddc671d13a34ec670dcbd275a02c7e91a4471e12c18
51741,7cac92cc8b2f87831ef792f6dd28e3ea1488e340e325db48ae58815eb50046d5,false,14f8880713dc6b95c5af54c57cac151ead389a3941d4da07c2e8ba5ff1f9f256
51741,7eb64dd828b57b583a61697d008d4d3df26dd3e6d274d68f515c7c8d658ed4dd,false,c254cbd1c5455a49c8ab25c475dbe9f761faeb10678c59a9ac797a63d833f15f
51741,7ee6cac922ce374fe256c6a202d237264d7e01c071947a91bc0f764bd656e5eb,false,08053113f9fc8870662f4a994dd41b757ffc73bbb57a728ef05825fc78745687
51741,7f67f8a22a0f67cfecacca5851e23bc788d2b543d94ec9739a8c32a105a3d83b,false,7c4b4681d94402d20bdf62b1a0d018fd16c19e1a9d8930b164cbe1b3c1936e64
51741,80c3bdd233ac2179655ee84dd05b77b39eaed6ea8fdc040ba70e8e302f6ae4c5,false,423e199983bf9f5e8f13f27b2b4c7a611cc20c65322e90d9c84b9af16072a5cb
51741,80f82df5d06ead23f6c6054f7eb1b4a268e956e2ccf68f60e40ed950a37f5a7f,false,cd133984694a90338f5ef73de95066f53979744d1182a44ca674975a70aa403d
51741,810d0da43a11120572e5c446344457179d88027ea28f4ef75b22b7c8dff95526,false,3b4a70a041ab7d4096a1bd932c415e9fb4ccdaccdd66c267b3928a20da5cffc6
51741,8113bc335fc8e9da8f3c07166b04dd9dd704db2636919bcd88ed167250f55c1d,false,186371edf08d998c29e24b3715017af1e767fb15da3fcde0ff2378f7bd006ce1
51741,8139eb85d64e8f3dba732227f0e434565ba811d63a7169476973416545f760b4,false,254c22152102609b2ca2ff48eab33c5d2ddc2eb0ac53255c87cea8f296f34f2e
51741,814185b8c84290a5fefaf36f3195f20ab5d165ea12255f68742739ba5279eb3d,false,95d8e83b7eeaab228fe6e9bebdec2c1c5d3d5382154ae6d78c06ec2a129f5741
51741,81697665671dae10f2968eda4c642621476a64a85110ff25bdad3b82a4e09650,false,f6858b5c10f9e8025c4a1ebf09e348ce78944739703a8a61a5588cc493d19a78
51741,817958805cba85ca2d09f3bb8901c12e5dc07861a4ede2a38ac29369196c60d9,false,f2319af9da4b025a520616b25bd5777ccb233ea603fc93c08e9942c387ba0c0a
51741,821b2c41a06b07ccdda472b8e41772cf2cb876035327cc0b65e1857ae3037550,false,59a23d9cb2adf8b7947f3a25532ccb05602ab233d40805b8ef3256b7d884461a
51741,828dee49515ebc16cad2ae54c599282316ffd3d825aad2c9f9539091a3aa147d,false,271d97e08fe22b0ed37fb875a649fc67b38cb23896eb40633a84a867a37da6ba
51741,82c527418089d4ab2c9d4a7f852e67b920caa32bc505407391e3a322e9ffbe9f,false,fb2b71fc1abe309ccd7e805837cc2059c31f99b2f008cb7c5bb4f74b15ec081a
51741,83895a7e8370ec6e436f0ad83c9680fcb33bd7296301ae927debb6a5e50c77f6,false,fa227e8ec5b8237357d4b59517bc98155e6dfd490de6c9be7f8dcf911b516acd
51741,83b0ba4b2fd6984d3f33c5c70ffcdc4b1d49b5d7344c59bc549764dffd6ba705,false,f5682acf0a29ae18ad46c53cc62b7f5f618dd4c979bca24f080c76b44539ce0f
51741,841292f848a32ccf3a88cc7a271442565960cd470a37620911b3f7caae116740,false,8e8e2b7da84d9300e57f16d249dfe89d56775bac0c7ea66ac64541f7d8654826
51741,841d570a8e5380f2d304dcc9e8427ff6997bd07e4fb1486cafffc43b8758c569,false,bf0ec811a50893305634a9eeed5dffcb56a8be6553b2243209fe29fc8992fd32
51741,845675e9ef223ef45e16701f742315e6425bb301ed1ad455ae342328bd05a502,false,02dd5a07a7be19c4a0bb6e8b98590e3e9239056d204cc39fe3ff9af1ed56e163
51741,847dd70173682bdd1be9bcbdf664b33b06b3e7a74d13a5b605a1e8b4c832675e,false,acfbdc6a6b754d185929fce88203c6a56c0502cda1778f58bc3c8aa2611b3426
51741,84a656d67936769e7f222ad899859773f939a5a3201a244f8c9c44c1343f27f2,false,8b945209ce76116009499742f7bc928f43ea0342f1728fde07181114479ee79f
51741,84c97bd19f742d36e0ecced91c5c28958059d640bd4629e2d880d6106281bec7,false,5283c123a101813ea4db7b1c29fecdfad7ed9154082c55293daa6a7af8e3e678
51741,8522108c91780c391f096d7ed914ea7f33a82834496b68ec9c6fd4972eff1dca,false,b0d47f063add19b30510b51f6021a9ade98b52635d04bfad16849ee3816b5681
51741,855cdec730229141fd5344b7d3aaa1498b8b6840ef8c1cc3d47b0f09585b1b20,false,2f0ce8b3cc8dd077f3431486a7a8ce790d10dec9ea42c37b27c6d176e494f671
51741,86e03e8030410ec5f2644790f134f2584c6b9ded0fff68bf63201bd29aa706d3,false,c37c35bf1d3c4a4f4d9b187af7f6649666daa52b4850b4ef8b8d36bd64d7a382
51741,86e60bd27b682066d30dfeff2d8396281bc3b86e17abf015c164b3ca847201bb,false,f21a5f6c59ff6c8b7167f90b69fcb3710935a8b79ffc8bc89aeac908066d286d
51741,8705033bdd3e3bdf70262cd8fc65d2fc291445c4ffa17f3eb095bfafae3db660,false,ba64aed8e6ffd1738daa286da88feb8829bdb42eacafc16ccd302191626cf462
51741,8709d43f40c0c8a1036493e32cd314a9facd7e5ea334f64b1b435d743d39ac36,false,1729d6f8965ab8e66497becd108c6c8faca9dee5ddd65e798c9390dfb010ebf2
51741,883010e405ae270b4f3c1e92ef49b700130e10e563a20f3803b1cf9df80b0f2a,false,a0caee4f22eb4d5be54ef99a140b21ca0fe04cb211caf5f68cac61be4427aeea
51741,884a341b659b887ad47979fa4dc4b568f107d165f50fa2a572f3e2ded1932bd0,false,3d41fb24025ffe76ce8a53cac711aaa99942e154b457a7141bfd958c45948be0
51741,8a05106a749d8afe14432773c03b6181126bc5d800142beda13f7a09649e8272,false,7ee6cac922ce374fe256c6a202d237264d7e01c071947a91bc0f764bd656e5eb
51741,8a1c3e8c61b520d43f4f94f9537476f04227ccd5ca50f1dc6a4e5409698d6db1,false,e0b121de62514c6be3a1d6c7fa5a94c58857dd8db1af47145c43cb006a9557a1
51741,8a61e35aaebf2d6dada1830a2a0f2d7dcf483894721ef9e991dcb59a0efb8848,false,224a8d388e795d58549f41f325c4a71e3fe66ec7fba0d6764e4d3fb854ef4b2a
51741,8a81c0488def6b9e74183afca82c77b4bffed15a7f0690122ab3f3e7d52bfd93,false,9b1593acaf4fb6cf268bc4e271d47abbf211d0df5554cd36533fb4b0e4227d6f
51741,8aae105f091ce02a95fdcea862cb8bd638baf2444c7518db85a8e183cd6714bb,false,e5df184039f8de93fe9a4ef5e01450ca295e9dfd15ed79d28446ef26e8f83b58
51741,8b0d4ea27f2da0b9acd8b2279cf9b42560b493db1c47f4df45fbbab7003a138a,false,21b7ce92666fd7215fd63341ae63ce98fa1adccabbf9ff4b1529c695738fc72c
51741,8b52513c79fbd12f6d8c4581503ccc3b16e12cc35daa879186249aac123d7a9b,false,6b8b3427c1ce1cc651031c76ab63309bd9480634388a7e8edbf178f49543b871
51741,8b600596177166f0745d86bce8dec864a7d7da125a45382e399b3b4fde7aff96,false,ccdb316e53201302b0816086f947948a7fe8eaca09dbbf305735ca0c0a30a260
51741,8b945209ce76116009499742f7bc928f43ea0342f1728fde07181114479ee79f,false,4a3139767c4462c6aacb3fa3aa79a2d1bc99a026c76cf7deffc420da6869ec47
51741,8b9c3e687d10c72f76dc137aea0b93481f8765054544a1e57dcc420ae7e98c28,false,6a265e57fa8b28a2e39de5baaa7f63e62f42551727c1a115e3913e876798ad7a
51741,8bc4e089808e9228d391385c150b2659f30cca4c7490ac518a48475e302d41c2,false,fc9df4f84c97cb4a46adaa26661c0ccef23d909b699e0be39e0ebba50d4963ac
51741,8d511322b36096cf4fc5fe7e72f308ce99a4b2022d65ca734ec42255727024e4,false,a0a72af482b2ec2cf762f885579ec52bc7f55af9a63df4d41c3461280bc4ff06
51741,8dbc8f799a740116fdfe9ea0f07ad0b782337f96b708c1476a6c06aea567a1d0,false,0c63f81a7365c44848122ca319b9580f02a482e463cc1384eaab133c9090ed41
51741,8de61c3523075a0259550c182d5bf20a987c5dd1caea0d78cb43e62f11c1c93d,false,52575d9be130a95153782438838a156c9f99f9419dbd67db0f81c74a22166996
51741,8e129ab168a38a8ca6aba32919aae6601ef3fb807227fdb066b3d67996a02f4f,false,f5c35e1d150e4abbd4f698f83303e14f82c0ee7b162b075c56e343600a5fdc14
51741,8e8e2b7da84d9300e57f16d249dfe89d56775bac0c7ea66ac64541f7d8654826,false,b49918078a834c6c58e649676721129f4deb55ab185b2a113ae77349c50a825b
51741,8f98587069d49a680d1ffe86fd34471650b81a46fe12079d636ad39beba48134,false,86e60bd27b682066d30dfeff2d8396281bc3b86e17abf015c164b3ca847201bb
51741,90467421027dc0a3290f39ffc4c4f3ab23f184b47b7799509918aa6a4f99b56b,false,20559955dad662f643e6bd43223a64c218744d687a88351830b663d42486f281
51741,905680b6d711a38c6f6dbee948bcedad71c937fb6306ebe9b8090a0545ae4c80,false,5e9406316eee1ac44ccf396e1cde4355903308586009fda2490a76c4ed4b3ce0
51741,9056c81f304d9c8bfd7844222e7063c78a9e4ad803342cb46f9a23dbf127d63e,false,2657edf2b745ed681fa3f50d49e92ed38f30da15e15690a3df52de33befd0d0c
51741,921f4e004d032c48e1caff05b19451b4b7d568b5add1350435aabc8f641fdde3,false,a8ae821dd8dc9029828c79da9910b2eb7091a92afc1732edf28487941b93a692
51741,922cfcce4621ea0262bff4ff31e43115e4fa3d2c49bf9b9839d36b45bf4ed13d,false,71bcc522f2b8457b9e4cfdbad5db4d2906d455e46facba36d89c52a85a918425
51741,92b68d79f571665ce52da978dd8c68ddb05352ed62a6ecc0c8de7f195730de8e,false,6ab580d92bef15da3a00948abaaf3f37f3983c8559da6a6c89b38872bccded89
51741,92ca4c5e198dd02bc6855e68b184b2b6f38298e125cf5b15f750b5cc4624d11d,false,1deb20fe41151b23b97a830ce2c0eaa9ee131cd4910338f079389431a7bee455
51741,94465a91788194a294f23b54ca6b8ee9818998b7a82f4ed839a44c84a28c57fb,false,35f5309714afa42500ef2d5ae73478d6cfcafc3456a03c9dc33e4997b0e9de01
51741,9449300b07c6c6a2d507b689e36e44ac3a186b9e5fd7fbcd8f2f4715943bf8b7,false,25d427017d6829e40f6f684371da9ec9f29d818e4cd03b1cf35a1a84d188d173
51741,9522dc1a64db1c925800bd767e3e9ca70c8a24ca98987ec7154e35f15e766ad7,false,52b703d8611d6cba4dfa4c0a0236af68d82205ec8dcd71dd52c9366891279014
51741,955400f037f6156e2a5819b86d297664d2fc92759727516f2303a1c36838b6de,false,307fe9212a7e34477df50fb0289ff6611f8a8d2925a3445a26cdb3db6af213f6
51741,95bda13530eaf902be1fb07701a216e3ce3a5165c458990cab127a8511ffc23c,false,83895a7e8370ec6e436f0ad83c9680fcb33bd7296301ae927debb6a5e50c77f6
51741,95c0ba7b7d44de2987ac8fe13d2b03ad854f549a9115a63c0ae5f621c11e0b09,false,d351334b4b8a22b99c3765d24214d8d6bd2a2693e1b172580a3354f343ddbd2d
51741,95d8e83b7eeaab228fe6e9bebdec2c1c5d3d5382154ae6d78c06ec2a129f5741,false,3b8e8b8e82c195e0513e47b131c8776550074c81047b705afcbaa12f2fbbac29
51741,95fa2380f7d1fce4fb359ef3490d567644d0f49c06a6348ddb3081f699625e6d,false,bdda2cc7a795e7a646f89fc0a566c1adf268ed96ac19585ed9289bdd91b9e7e7
51741,964743fa2d2a8e7cfd76cbea5124c827fdfcae9da1baad3a6315a13a2284b17d,false,df72f389da12696426fa56a71ba76847a83bcee18a537470238802070a3f751a
51741,96b04d1fe2ed8c8774190c739dcb42247ac3f5de608dd76695e49aa60d33a14f,false,955400f037f6156e2a5819b86d297664d2fc92759727516f2303a1c36838b6de
51741,980673563b9473573b97c15f76a69cf9c1c96e4d4fb86d3542a1ae40df7062ee,false,b4962a2df5da6aa03c0d13dfab34829f95c51e4c87f8078a0173f6ae20800741
51741,98220828b1584d5102ae59691d9ad65f6e116ed1419e741cdca41bb2ce4017e6,false,9a3c5ac6faa51aec250ab46310f833443ac30717c1f896ec1e392560e0abeaf7
51741,9848ce9fc04c658eb22af2013fd176fcfd8659abcf84006e9cb61c86fbfa784f,false,71924a2615d323cb40828056edc9338febc278c410fe107fd4363f2b75950944
51741,98b1caced2212b650a75d40ea9abf333b014c3c94220e6e6dd7259f82b103d49,false,1c9baefa602ee6322bf3f55a4a2bda93923d5564149a006c13e97367576465be
51741,98fc0a74fdb3b3f65716c0234bae0f7bb937e6cc3971947ad18497b76b85f1e7,false,f998e73455ad89eb4d4094182e6104e82e6303d9f4ac0335a23c1d94dad783f0
51741,991aca9b1707a492d680db424ec7bdcc2b8a4c6d2706955458b9c6c9111dd87a,false,d0b1d4e4054ba4b934d5ccc8d520d0f52ad03e0dfb006366d93a274c8daa3473
51741,99ae69124a92522f2797ecebcdd21d1f35bdbf8d6e22e4a45a2c33e06cfd5228,false,127c4714e411a433d94d5f679404be11ce3d60e7aad86691d9f3b231542e212f
51741,99c01c7b58da15db275116ef0eaab41001d9307021b55b260b42cb1510656578,false,e2683162aef84346bcdece563b1f187f0f4235a001ad39d25702b8dbeb8bdc5a
51741,9a0af80f17bde34b51a536f72622a616fc02b6398eb5266609ed4f6aa959127d,false,f857db0e6d43b22e4c8b323e1d7f73408d44744fa132fa11ea9c4d46be43b97a
51741,9a3c5ac6faa51aec250ab46310f833443ac30717c1f896ec1e392560e0abeaf7,false,f03aeff2b997a7c801552cec603fbc0d8f9ef8d328ece2237a4fd90cc963e3f0
51741,9a52cde8b4fce3c873730069a6bd524e3e09dce21873e529187bbe179c657f3d,false,71f3d1e12443d0fd70d40e7b508f4020ea09834d014bb460b9262b25570c7849
51741,9a731ada9074db80ff2a3c43113efb207529b4869ba2b5f12f922c60c4e46ef4,false,05250ae4b1339f3bfc5e28500dfeecf0c23e5856c0414e9500ff28871a3e59c0
51741,9aa5711ce63626514df45d30c929916ede2666f9b4905828903a3492bce512ae,false,03d969b51292ddd7248cf52bca3c496a8866826bda90f505d14a0c2c256ad6ff
51741,9add72428c4723d93427d0ac5084c4fd89e19566a7e331e01668d76bf98db724,false,39d74656aa15ad58cf23dd00052aae9df315e16eb432899c29cb2336a5b899d4
51741,9b1593acaf4fb6cf268bc4e271d47abbf211d0df5554cd36533fb4b0e4227d6f,false,55f1abe8b11e1e5bb6589d0b2887435dfebbe8c04ab757e0d8db34d7fa03a78f
51741,9be17e12005fccd660d109bbd3de0222ace154ba5da68ebd4f1b943298700603,false,7244ac18ba85d4921cb374cb7382a98638f9c4a4ea2f7c5ec0ea927fd54728d3
51741,9be2a6fa325c2b30423ebd949c89d96fcb81af52cd2e63feb3e7da4cf35c9084,false,5e503088bb42920fd2ad0f967693cbf7a288105829eeea59d416ff2ba746829e
51741,9c05c816a7b8b50f209ad0244d0359f4e40b30f7fda065ea25f016a8e8b9f2da,false,ac642bae475699529bb87f8823c6514f456dc35c91f0adfe388a50e7775276a7
51741,9c14d4193a6580174a44c4c3b15495c52763de37a2e7a2a1f864d55350eb9d34,false,72f2a38ccb9620bb486f51544716bbe0db07f31942e3ee7e12abb1fa9cd5a892
51741,9d0525694752000d6ce66893f29f3915b0e11d86970d51c4b08284b419835096,false,117043ffea1e594a6fc28412519d58d5d770c58cb5cb118b5d5d1d1327d18a61
51741,9d45065ff93ce96679a42afc2c43b6b6ed49eac85e5b3acfcd35c9c5592f32c2,false,b0e9b34d0e4d6fbcae7d5f812706cbec48dbc4aeeb053efc783b4bc6833f9fea
51741,9d6261a65c5b7a6522c6a49e543bccd64352a37e657de896ddec518a3cef9b85,false,2199113834b92359236f9912151f51534bf211b608775af2ce7abf8e05b22991
51741,9daa43243ba77101bb39700c360786765c3ac26f6d5de37fc2c5e599dffef7eb,false,8dbc8f799a740116fdfe9ea0f07ad0b782337f96b708c1476a6c06aea567a1d0
51741,9e00a6014de228c0e4443b691996bb3cefe5f87f1e6f52eb8728988c04cca1c5,false,6225b059385f5a713344c0328ea5c0d18bc416d5169635d22c861f01e021fd61
51741,9e7c89a839c282daec365a9c41df37d2da2e8fae920c548ba2653baf7886df25,false,b3c09778a61a9288dfb3f9acc4339eea5f9bb84dd9971230d8cc851dafdb67c5
51741,9ee339d58b952340b771249ff2ca243d8c4e2a9ef4613275bae0ecc1ff6e87a0,false,9aa5711ce63626514df45d30c929916ede2666f9b4905828903a3492bce512ae
51741,9f911a3d32ea722597ebf4b153743a75dcbae103d712011a93c8fec127dd37ea,false,d0800ce16c0e93ee1a7edd20f275bd25a037e09681ed5474e676fe20d0627842
51741,9fc9e22632d642cb71cc07b50c738f8554c717bdab62ecebd72ea08efb96cd5d,false,1cc3093d8acf55fc2321012e38dec37d2ca401ef58063a12a524ad6ddd351246
51741,a05efe656457ac147db6df82f2caf917fa13764e0c9fd0f416f552601ea51c0e,false,a9313be038f076e75ffa1870567abe3fe0109b02dc8fb94f68883dba633f4fc2
51741,a0a35be601602071d1386be86d49f9c6aad276f33bf505b85ddcce4df332e146,false,5aa5c5382e7cbe3df4cfe452a75dfd227623e46299b91041b67df98d2d76ac69
51741,a0a72af482b2ec2cf762f885579ec52bc7f55af9a63df4d41c3461280bc4ff06,false,2d68e2db4ba42a062c553c57e44cfb2587a8102debe55870fb25ceafefa557c0
51741,a0caee4f22eb4d5be54ef99a140b21ca0fe04cb211caf5f68cac61be4427aeea,false,4823f0bd53d49f02461342f2611eb7e9a08eaa80df19e151638ff0e74eb95afc
51741,a10b7cdd8b42b971fe9f50086f280985d3315d50cdef7a6e81833e71c2d78a50,false,545e6ed3790c160ef0f4fe87eec88ec921637118934b82db43bd6040c1f8e0e6
51741,a12424de8859dc9ad3b583896328baa49eafb7db004848fd3b4f19012bdd098a,false,92b68d79f571665ce52da978dd8c68ddb05352ed62a6ecc0c8de7f195730de8e
51741,a1377c5a5e00897bd95de26c6d15b3f2df4cd021d5ab4e5a9253cae5e2801a67,false,3f9c5931540c0815e580c6313145bc549d4c97312b9c9aac1b084a4b70a2e20b
51741,a478143301fbed9b6dccaed895442bb4f62a7b74b7a0673a998884ca473597ad,false,c918c85d2bffb0670db0213ae58cbe83df0629511479e5ecdd20456ffea6b73a
51741,a484968d93a78095abd8da9099d94603bf8471cc6f5b75a35730694c48492128,false,6af179acba1025b654389f4beca4bd07876f740893bc0247fb5ca18dc72d95d3
51741,a51ffe0693684fe3a9e266cb377d1730d6fbb4ae265c1107f02fe5f07cceeec1,false,19b29fcba4e3a45bfd0af3b9e628b135228a966fff452bf71b53d16b776cb4f7
51741,a52727fbfa09ab2623b2c4df49f7d68f5d86db8b256c81671dc38545cfc6d459,false,e58dbd85ab35535de9ad3c6ccd2fc69d3e30bb032ab1820b1473221221b7d502
51741,a5bccd176656df867dd99cd5f6f24515740787ce64a21d9f00ddc82a5dd573a3,false,d6f311fcc88bee9dca9f83e0db3649387b6f1e9657fe5d3a18fd0f9c8f2880f9
51741,a624a617ede6d669a8c44995aa6447e560c5d511debadc85112215d017f59928,false,77a5240ebe5c6885879719408bfb6d5d45b51c9839ac5feef358679bf7ccb0f7
51741,a649db132e9eab05627df1f0ca0edd84d527f4ca68fae951da957329c35d6b20,false,6515433eb2702b2be375ae34dc9c7fb81d68e57b1ad0007bef6784e556028626
51741,a658dfb341245822f8d719dfce7ee935f2d76381eef0d40c1750582b647de0eb,false,a8d948d7dc0bdccc61c1324be6c3da045a34a57a9122c5a902d74a35cfde1449
51741,a6c486989bc104785cb00e601d78286bebf1e3d9535a7def5b12339cefdf5798,false,c795650dc418d82e0d2502e076c71ca669d2e4153bcb4972d60d4daa84bfda2e
51741,a6c7023c8bdb656adea993c51a712192a90f212e340bd0d1711f7ae13858fddc,false,b8f6307fd7469fd8821add72fdec1dff43f14823d37e61920bd48ef3d60e5aed
51741,a6d04da9eda3f0dce2e1c94388815d87642c227f0bf3f22934520cac8056b952,false,3c1eb9e692a88a0c7843b9c8f5dabe57c87dbd3a0bee7eb8071ac31b14689501
51741,a712d41b90ffee5501ba87c38cf1c370d451747bf6cf3baa14a58cf6a3ed5a6e,false,555ffcd81b6631d60df080754c3d0588f540ebbc2a9624d4d3dd47155d3d5d92
51741,a74f6d6eb38087e0c928ac3e99b0cd58b41412b4ed96b34aee9791947215d7d8,false,ed3227debbaafaa410025dacf5364daaeab87d33f987f02acc7be9450826eee8
51741,a7917485bf355f1b29ac72b3d00b770df050a35f202b3b3f8fc88d52e01611da,false,50e5b30af900ab92b287e68c766bb1ce949083aca80362e03c4ec1c5e83d1793
51741,a7bfd26a6c7aa8dd200f2360b566ec0f78be3869a386fe8d9ed0957db31b80f1,false,9f911a3d32ea722597ebf4b153743a75dcbae103d712011a93c8fec127dd37ea
51741,a8ae821dd8dc9029828c79da9910b2eb7091a92afc1732edf28487941b93a692,false,60417dc3a354910719c32eb3e70f14f971807cbb3a3c6b0b1cccc7b09c838115
51741,a8d948d7dc0bdccc61c1324be6c3da045a34a57a9122c5a902d74a35cfde1449,false,1f6527870336581af450eb38cf13a7e5bb2b8bc6d457a09696c725a37bcc0708
51741,a9313be038f076e75ffa1870567abe3fe0109b02dc8fb94f68883dba633f4fc2,false,a949c8814cbeeb2e58bc5a5aeeea1016bcdbc4e50afd698d1521cdbfe0391113
51741,a949c8814cbeeb2e58bc5a5aeeea1016bcdbc4e50afd698d1521cdbfe0391113,false,547f3b4d46d477d532dd8b8258dbd3b4753b82b2aebc7f17d61491076684b55d
51741,a9687a2a8f55d8b5ccf83a5d52ec094d1102615b56613e42cd31826871715145,false,58a562b17e2e1d969893da8ae05f553bed783ff05afe2b359203baa1ea3ec39a
51741,a9753d453a72219bc8a18569297c7cc7d90c1f2171f16692206c7aa5bfeb54c9,false,51950650b49ef58612523d0202964b5f21a7bb6c1fa0d6fed50d021cd2bdf798
51741,a9a57be694266054e39a16210766f3e1b931ad1156cc77a263addae495d539a8,false,45fc345a7114d71397a3f9dc16a5e3aa64868ba57f98aad6c3aa323a184c1a45
51741,aa5a4acd75262c75362fa5ab01779ecdc254f3aa51eb990c4ce5c76331447124,false,253a94be2e9945ac6245d4f057f6afd2b85595ccc7fa88a81e43bd6248f57e82
51741,aaab43cf5eda50ed0bbd97c774223e6757911867104264c4f1e9447003e5a388,false,3db140d69129804557245c5876274021fcf2e149012b793afa658cd387e9f40e
51741,aab388f303d7e4a3e0b3f8a42631994ccb675e7ace787e225d011d733f5a6de3,false,a9687a2a8f55d8b5ccf83a5d52ec094d1102615b56613e42cd31826871715145
51741,ab1f034e89a049710005d927233bb5be0f1ccf3c6a9b88004171766d21fca73e,false,ca0eee243e6dee009e1e47d3312035cc00a7536fa08e1064ff1cc755af152e46
51741,ab70bdee9c8fbbedffccb67d96f0d97fea17bcdfc4219cf60144321cfd522a98,false,f32ac1bbeb706a957895b17ffd64e56fd68ed4d9acbb2dd79103d5b256af697d
51741,abae0d2d4707b9e8f1563a808a155bf66bf3ad2de976570685d77531549dec47,false,980673563b9473573b97c15f76a69cf9c1c96e4d4fb86d3542a1ae40df7062ee
51741,ac109ed71b9d1c188a4f48738b5cbe05bc87e72901bb4c97ca564a1d9261c094,false,8b9c3e687d10c72f76dc137aea0b93481f8765054544a1e57dcc420ae7e98c28
51741,ac2f8e9f2210b91a487eb1f2cb09481cfe05c58fa3e72e5fd0ff76da2e20725e,false,1036f8c139a2ba22f8640265d546f1f8f34011ab42a8fdc17fc124c7d9f807b1
51741,ac642bae475699529bb87f8823c6514f456dc35c91f0adfe388a50e7775276a7,false,bbdcc4a1b257d940d891f11cd261fdc8a9b25b6dd3934adae7a6d881baf1f9f8
51741,acfbdc6a6b754d185929fce88203c6a56c0502cda1778f58bc3c8aa2611b3426,false,21959ee208412d667658dc422190c61532351a53849a63ec5cb004cc421b6dd6
51741,aee64af85d250e061d7c4d3f7fef25819a2c409894da0a61f15c786038c065a9,false,bc953934caf4e7df2e7e05610dbc2780da41823e6c1252b0e83561e5dd0e77aa
51741,b04240e5deb495959417f32782fa3c4723df1db0e70c4f0b17dc3a83a62d5a3e,false,98fc0a74fdb3b3f65716c0234bae0f7bb937e6cc3971947ad18497b76b85f1e7
51741,b0a7423d17d30fc10b2266661db126169c15203f0d12c3ac7ad4493031184d9f,false,4377cee2cee33104c8b3d9da336f2b9fba7e305d81e97e0f3e1de0eb2726c42b
51741,b0d47f063add19b30510b51f6021a9ade98b52635d04bfad16849ee3816b5681,false,6f050977088acda2c7eab965bb4434a128c57e5a73aa26ffe33dd3edb35b6733
51741,b0e9b34d0e4d6fbcae7d5f812706cbec48dbc4aeeb053efc783b4bc6833f9fea,false,9be2a6fa325c2b30423ebd949c89d96fcb81af52cd2e63feb3e7da4cf35c9084
51741,b0f94b90fd47bebc6ff6ee682c3d8075550b310e9fa568035cb454cd99e8f43e,false,c230712107c7ea6ffdb1c2bad890d379be5f72fe59b277ee7af973866a5d6064
51741,b19b0bceac18f15676329d509aa6b2870e03338eb4aeac28affff5e75483ae1a,false,196884d7ebd97212c90812ad9f4a71563568f3c4d2d92019cd1eeddc4286f7ac
51741,b30d1688e2aaccaa84670c9ec893fad7f3c02c7af4eb08ca815eb1c058c0de8c,false,100173e364aba0dcc7111f0b87bb3d905b0ce842af69a512a5556bb47c106838
51741,b3c09778a61a9288dfb3f9acc4339eea5f9bb84dd9971230d8cc851dafdb67c5,false,33de3f3fd6806d6c5f79ce273f34f8f5e949aa342cd8931ddb50f0f1a155c838
51741,b46f606b2cd64bf8439521f3c49e7fa28cea16f74d2e61cb774dac7947f9c9ca,false,845675e9ef223ef45e16701f742315e6425bb301ed1ad455ae342328bd05a502
51741,b48c46080066d26750061bc93e416b4f00161248a8c548561f03dd93ad174a28,false,e9cc2702adf80b28700f5418f19cc87edcf759b3d6637e56d96dafed76f68471
51741,b4962a2df5da6aa03c0d13dfab34829f95c51e4c87f8078a0173f6ae20800741,false,f6464ea5c6d0b24bb6dd933ce4b5fded017d3365e540be44040979438d6a4690
51741,b49918078a834c6c58e649676721129f4deb55ab185b2a113ae77349c50a825b,false,1782825540d3bf33acf22f253ee154b70b8a5b00ccdd9d827ff6cc8c4bdfe9fb
51741,b557e3de4aca9d9ec1360d15264ecf14b4c1113b8b2061e8a1cc7de8f5cac31c,false,fb8da25015c89cd414edc147e592ce3399daaca5757d77d15681278d14b496c5
51741,b5c19ee542c711e5df984fbb24be29a2326b631ab0136bedfcb0537586b81bc5,false,bc9eb5e0ada61d29c9d57b93d3934a3dacca7a413b85f12ecf8292b4cc49deab
51741,b5c224c858089bd014b06d8f1428a32ef49f42e7354bf268e1b4ac3c91d82bdd,false,504e6cbb3fc85212399f7a9c0e177d7369f03acb41f5517b153deb0527ab0af2
51741,b6b47a0dafe6fec60cd26d97d49e2f00d5b68f71f177d44ebdb42c47a35f7f6c,false,aa5a4acd75262c75362fa5ab01779ecdc254f3aa51eb990c4ce5c76331447124
51741,b6bc0f2f76875f479dc9db6dca08c4becb84980f4b725c0dd06a38d56356c43c,false,c9f48d77390ce192caff8b6007ba7cd10fafd06c4b6d53d27dd093d2af6c32ee
51741,b6fc6cc38c143c617bd29fd202c1eeb1618875d695d168bd52f44b2efe4f16e0,false,8705033bdd3e3bdf70262cd8fc65d2fc291445c4ffa17f3eb095bfafae3db660
51741,b717a8d00838bb54d43efe337e834f7511a9bb0079e9e383326bb69312c0bf5c,false,3f15408f1deb4d1de2a35fbfa1f5630d9c57fb7ea0cead420c5a1dea8336f229
51741,b74a501b0deb6f01cbec82c6cacb859631dcbac048eadccb028d7c5c79914a8f,false,95fa2380f7d1fce4fb359ef3490d567644d0f49c06a6348ddb3081f699625e6d
51741,b79183d6f0374e6b2eb2a0bb450c28e532889b421d62db3aaf71729577b5b8ec,false,78df40caa2beed40910f0028dc57df7039de8e0d40a88a9ec3fc8ab8e30d7d76
51741,b7e62e9123487cee691b3a56baa96dd48f8ce095ccb7b400396600419fc114b8,false,780f846d4f0efcfafc44e9a85badee109d99a61ca0069312dbfaddb03a0a07f0
51741,b8351efde9910db29d87dc7be3e93f711eea59e06c1ec195cdf1618f036bfb92,false,cd0d4e650c4b07eca5cacca5ca2236b3570a798fc10f7da1d2c157126a1fb1e8
51741,b83c352eebf0139e549f72a9af6cd8908e168401d01dae9e478e418a80215cd0,false,5d290f2f52286c192723ed661fbd0de1645a01112abe0df7166556793b3df572
51741,b8ad002c3b5b0b8d079b95a1d78ce823379acd46351e8f4c0c3fdcff694fe36d,false,f165eb5c148fd875ed11cc7aaa7845c2a7d7d9f57673ba4b9bb5a7e8259c5863
51741,b8f6307fd7469fd8821add72fdec1dff43f14823d37e61920bd48ef3d60e5aed,false,c976b6eab051a76e9d50d2d35ec0189065fff42a7c3bbb138125b786081616b9
51741,b93375c5ea8f7db6ec5e386c3f1b0f5cd696e296dd5b0d4367db8592d0548c77,false,79966d0e563fcc4f849938a62a225225b5ed3088d845765f546f2c56ddd9d22b
51741,ba64aed8e6ffd1738daa286da88feb8829bdb42eacafc16ccd302191626cf462,false,071353babc3c9298daf42d81f40dacaebb3bd34c17b4394ae85a472b56c7f128
51741,bb00a871c29d3f77bf73ba9de6ef9f327da81887e8f8bf95f813ca9fc136c640,false,20b67480d1e437989010dcdb352f5a9c6ef0608af477dc1c4a5272084befb528
51741,bbdcc4a1b257d940d891f11cd261fdc8a9b25b6dd3934adae7a6d881baf1f9f8,false,f47a8e76fd50ca5257bc33c747d9496ea8e6485ed521dc8acdaedc455d7afb27
51741,bc8da173f18f34177098426260ea3f949242a7c428ff4519acc06177db254e62,false,ef7022eabd7674334dc32c3c239a7086a6adb8486320afcf7e918630511d9866
51741,bc953934caf4e7df2e7e05610dbc2780da41823e6c1252b0e83561e5dd0e77aa,false,c342fce943826e584d3dc184c1a46f7f95a0cfa4b75f705f05e609ece1db8ae3
51741,bc9eb5e0ada61d29c9d57b93d3934a3dacca7a413b85f12ecf8292b4cc49deab,false,23a2e4acb118c78222c6fa42cf4c518f911d039a5bb5f793f255423653f421e6
51741,bd0ae8694267aa931a88c8ebb4f6c43f6b3d28ccfba0bc282263d47dd6296b72,false,8b52513c79fbd12f6d8c4581503ccc3b16e12cc35daa879186249aac123d7a9b
51741,bd188807ef1f543e0b01031cad679641a4e2464ac60e91734b44e0c5f7c5cdd4,false,1cd80c5b8f089dcb8d68aeded6eeb8d0d4286845f59fb1429a8fed5c475378a2
51741,bdd9d686bab091b43f262a0acc44d0ff0aeef933f7f5b6e01ece3482378c58c9,false,6e591e77c88ff7f31fb8b2a70e3aa7f720d93457beccf2c06f9d75134ce392e5
51741,bdda2cc7a795e7a646f89fc0a566c1adf268ed96ac19585ed9289bdd91b9e7e7,false,1cc6c08fd752569a755672f463d2bea44ce585b9e191b2d7b1af8a7abe4377b2
51741,be362ba80752a235b33d02a74236bf693acba41de2dc5de0dd47b51254f0f247,false,8139eb85d64e8f3dba732227f0e434565ba811d63a7169476973416545f760b4
51741,bf05fcbf0e24801b9c5313f9c9844e0f42ec7a50c30dfe1ff48c0b3b5a3da480,false,37f1d2369862910a40f525e16cffa56da4aed3817ad7478ea26e37a4ad6b661c
51741,bf0ec811a50893305634a9eeed5dffcb56a8be6553b2243209fe29fc8992fd32,false,a7bfd26a6c7aa8dd200f2360b566ec0f78be3869a386fe8d9ed0957db31b80f1
51741,bf5028b35be493b47bde03a8e698aca439330365e3f27ab445b8e66d38f48983,false,504560c87e060d3f333e304285012064dc24ff7ee40157762e9d8ef22204bfa8
51741,bf5fd72f2cefce0fe9ab0e58e3851542000927c65ddd8beabc18c18c5adcfa7f,false,0733d2a4b3da6234f0bc529ce24d5dd7a404cd66325d543dad26c3788dea41d2
51741,c0ead1781c430b1013a3f6b67905972fbcdd9ca0adc0cfb2058f641d4060f0e7,false,f63bacae9dea69fee330820994c0e5be40450a69578f0d380b7d76ed7ac81a2c
51741,c0eea97dc593f059f90630839557a5df1c3c8d7b73e01e5c8c01b89764705583,false,3108b04f13813447ca959557a307b469458527a20e93f1d6652b2b627b90b231
51741,c137237659bc46ad925dd45a0e825ed362f405ce4b061251583f24caadba866c,false,fc34143fb9952291455b9a6875d3f5bc946e5831d583da25275f43e5dbdb5ed4
51741,c16533bf826b6fd38747f6ad708b2611ad25f013d11c71e07ea85ff4c5f4d1d9,false,9ee339d58b952340b771249ff2ca243d8c4e2a9ef4613275bae0ecc1ff6e87a0
51741,c1da309d317142b13d4d7f04def07f3e9b9f455fe008101c8493fa22fd7f1837,false,5ccaf951bc6273a0bc5031d73953f7f2a145a77d073d2b006e3aadc5a5db6d6b
51741,c1e28504da70dce1e0bbd24e535fd8acf3de345cbb4ec7f58f086cd9729e5fbd,false,6d50ff89ce9ab54c3da53aba84ccebf20f919cdf0e54298bdca6ca5c748dd78b
51741,c1eb490bf99950b40cedbdc3f273d69de06b9f569cd5f4aba1cb66e0fb4fe82d,false,fa9a891febcb64583f91a49c9c207e410d76e858ca6b6a8a188ab200f6a4436c
51741,c230175dc8a5d55b08af059d1cfdd4090a8973fd1bfcf64c3f8d7fc393bd9b11,false,c137237659bc46ad925dd45a0e825ed362f405ce4b061251583f24caadba866c
51741,c230712107c7ea6ffdb1c2bad890d379be5f72fe59b277ee7af973866a5d6064,false,c230175dc8a5d55b08af059d1cfdd4090a8973fd1bfcf64c3f8d7fc393bd9b11
51741,c254cbd1c5455a49c8ab25c475dbe9f761faeb10678c59a9ac797a63d833f15f,false,cdcc0e7c37f8e4642b4c31345f00d268fda27c89097b7e0cf41c55f46e586111
51741,c342fce943826e584d3dc184c1a46f7f95a0cfa4b75f705f05e609ece1db8ae3,false,7c0ee88352f15a90acc484fc731e6981e14b16c32e9f6addcebb5927ff8d52e8
51741,c37c35bf1d3c4a4f4d9b187af7f6649666daa52b4850b4ef8b8d36bd64d7a382,false,9e7c89a839c282daec365a9c41df37d2da2e8fae920c548ba2653baf7886df25
51741,c3956da111e84b9566fff54ddea5976b5b407b5140f51affb00a7fa9da43b54f,false,23eaaa9d1a22d92e0bbe5fcc95d946b47eb553bdce2f783ee0964409a4f43bfa
51741,c44df60cdcf991ba05441d9d55dd5a6405129966489821b88168848a07434e75,false,e26a4f971642c02069c51740bba5268d55556d7f265d4fbe917742abe571c73e
51741,c466857e43fc3bae957ed0775ab5c3e055d1f272906694075cacd73cfa0a1e23,false,41746f72ae93e5e96f8fb65da4994148f0062473c3034326a16e613d695610d1
51741,c47f3aa22ddf342659b9833a3221b6ae3bde4da2d8e4a879dfaa6fd2e5abd9a5,false,4ad7e893c416111750708da29290a56bf6c023b9afd4e49ce482b6a6d24e8dc5
51741,c564b9f648397cd25bb43f7ced69b4178657d4c8cba6032ae3f5c1befd5a29dc,false,9c05c816a7b8b50f209ad0244d0359f4e40b30f7fda065ea25f016a8e8b9f2da
51741,c589e91d44baa2bf45f6595f2c90918887487c4941126501acedd317f469e3e5,false,76c3729cbf3cfdb0a72dcccee2e0e56ef5db7e62f8ea4b45e36ad4c190c2e93c
51741,c5b0b3a6c12b848c66cec35e2d21fc721252b56090b4372aafdd73e3dd814d6a,false,cb4951128335253fe7a7a8ae5023c7dc033366c60eecfad885806c0cce4abcfb
51741,c5d264b956cb7fb1504090aeea1c87e70f3ecc004b33a54861dbd3bc29fd3154,false,480114dd9d84aea43772b57921e1661146c885938bab88e24990f60b6bec6d6f
51741,c5ece2721c1ede25d1e3b31fcc187c831b03b4c55a3373560d3b4d13c9e298c2,false,f1a582abb9dafcbe85d5cf5e532c0f56dbd49257e0f80bf52a6a64fa408a6cd3
51741,c6575efe74b19a7223ab3c9f6626a0ffbe0400c94ceb8a85ce0efe249324b23f,false,6f922f75a81888b9eb31f41e9240f9f27e4e75f0e4c683c293294cdb205b4d38
51741,c67e64f4e684e545017e69bd5baa40b1379df07006acc428684e68bcbc264c18,false,52196453af548c572f5f3fe75d1f9ce86b7a591c18ade8d939bffb350e0a4407
51741,c795650dc418d82e0d2502e076c71ca669d2e4153bcb4972d60d4daa84bfda2e,false,f0b42bf5652667bd38fb4a2cfd42f6eb1e7997aa92c5e0274226a7351eb34d96
51741,c79a0b2150466a120f2444bf6696ca9d4d853d4164e94b8a305de49f1d9df38f,false,d1283a043b9268de178751a124d3d021be470b20aaee9992a74fe925f31470dd
51741,c84fbb0367e8c42ab800ba25312eafce002f914f40c4fb17a6a69af0e3242453,false,e0c6336b87673b35982277515295d48e1424d94a5ab0744b906ac93c27f15c83
51741,c8e0ab7a59f19172ec580c1beaad0ec3c240ba12cb81656db42415a368199241,false,8f98587069d49a680d1ffe86fd34471650b81a46fe12079d636ad39beba48134
51741,c918c85d2bffb0670db0213ae58cbe83df0629511479e5ecdd20456ffea6b73a,false,548c20f8d11acff00aa85937ab3057ead5579d00ed74f057a1d1fab1846ab8dc
51741,c976b6eab051a76e9d50d2d35ec0189065fff42a7c3bbb138125b786081616b9,false,d29b1f01e80dd3a79f2ab97f5755a1a3ae69508c5f3ca1463136c5bb3d30500a
51741,c9ce439b89e792554879947e3c4395bd855a02f3881be91d7727c7553f477ab4,false,76187e59115a2f62f00dbb3a63247a5f79d3fca64259c0a4de0f271594995338
51741,c9f48d77390ce192caff8b6007ba7cd10fafd06c4b6d53d27dd093d2af6c32ee,false,c1da309d317142b13d4d7f04def07f3e9b9f455fe008101c8493fa22fd7f1837
51741,ca0eee243e6dee009e1e47d3312035cc00a7536fa08e1064ff1cc755af152e46,false,4cd57e79dacdd4786dd400901eac16e7a3b0fc542c83132c0bbcdeb3103671fa
51741,ca23b4b0c9a5f3d8cafbc18ab1917ad65f36a13a79ad4d091154ce9a2c78bfe7,false,26481c7cf10dbf457b6f4000822e9cfffce207b32f14b79f1eb3039ede1e3124
51741,cab13a603cafdb6a141efd0d1d2130e3470592e3a3f87c566c28e260a09c5b10,false,0377da28e7c2f30aeca4da12bc498c56a215fc307dafd18f132deeae14d489e0
51741,cb4951128335253fe7a7a8ae5023c7dc033366c60eecfad885806c0cce4abcfb,false,84c97bd19f742d36e0ecced91c5c28958059d640bd4629e2d880d6106281bec7
51741,cc34d4723795bd652a9a72d73d266eb1086dde1733b6dcca9b5be9f5fc1b76bd,false,abae0d2d4707b9e8f1563a808a155bf66bf3ad2de976570685d77531549dec47
51741,cc4b2103b4a49e484dd8b7f7945b35e6c1b24eb638ee9c88200b611c029f49eb,false,3753c935bd90af1eeedadcf143fa0146b407a8000ded5358ec82b534dfb4a7c7
51741,cc83648d90402eb38e3eeab6da7e1ed153bc8be57246c1fa35d510713d750e9b,false,103f072f5d0cf704bc0f7dc13f809beca023ec47d2d907c906cf3bc4441fe670
51741,ccc8f52fa80da14795c30f56dac16df99910e86d86087a72473db0575de61191,false,eba59df5b9a19d0cbcb63ca896d3fbac1b0d359018d220873f3aa3f23c0bc668
51741,ccdb316e53201302b0816086f947948a7fe8eaca09dbbf305735ca0c0a30a260,false,6263128eda85d75613b4cf3b7ab0022de9701a095da870b2f9ef9c87562ca185
51741,ccf33f6b7d5db600d3449a9673c0c69c377b0ac3ed68a4367e7abd5c1a47395a,false,0d7814a858e8f92c40cbc29f73fa4c2f83ea0d7143a994f00aa975e467bfaa49
51741,cd0d4e650c4b07eca5cacca5ca2236b3570a798fc10f7da1d2c157126a1fb1e8,false,8b0d4ea27f2da0b9acd8b2279cf9b42560b493db1c47f4df45fbbab7003a138a
51741,cd133984694a90338f5ef73de95066f53979744d1182a44ca674975a70aa403d,false,9add72428c4723d93427d0ac5084c4fd89e19566a7e331e01668d76bf98db724
51741,cd1949ee8ebff49f6816712506ec8fccd4375b2d8c14ad658716c803b1e1efcc,false,d32db912bd07e90747d58c4763c3aa13d0137337e885fda6c45f93ad5cfe4aba
51741,cd2c5f8ba3b97605ef343ca2e9e411588264ea742ea05b35f548a3687be7298f,false,ac109ed71b9d1c188a4f48738b5cbe05bc87e72901bb4c97ca564a1d9261c094
51741,cdcc0e7c37f8e4642b4c31345f00d268fda27c89097b7e0cf41c55f46e586111,false,92ca4c5e198dd02bc6855e68b184b2b6f38298e125cf5b15f750b5cc4624d11d
51741,cddb2b66044e26269b55d94067c0a41cc205622fffd2a9282b4a4aa94ac5bec9,false,c1eb490bf99950b40cedbdc3f273d69de06b9f569cd5f4aba1cb66e0fb4fe82d
51741,cdfd78d9e67d301b42bb330dfe35b5613667707006ac72edb81bf4d22804446c,false,33e0ac8245b3ac21f0338f126d931b5b3be7b4f336552afd27049e2bfad0129c
51741,ce889ab0a27293aad7db95dfc11d324e1745cd8ad086b9422da7283c2800ab6d,false,23ecdd0edb07d3a1cb90a84bae5b11587e74ae90df77c3f3d91808c5c7429a09
51741,ceb977aa4519f1c4dbc1abea64840ade94050c6eb8a15fe5580e9a08f3b8402c,false,8bc4e089808e9228d391385c150b2659f30cca4c7490ac518a48475e302d41c2
51741,cefef7c0284dc6f1d08de73de5092e7159147bcca72b250a68137bde68cc3f7e,false,4106a0bf7e7e5d8f4f63a9e1a58debaa4511dff8e2ca72671e3e42c0b717ac42
51741,cf223f505fecde30f8c50fe3c7684871fc6884829b3d16960bae428fa95c495e,false,0572b036c0d88169c2f111d4805f1019834980b9c5c1f6d40b9bc2736126e6a1
51741,cf2e7a7cbc023a57714ed4bbd80981ddf762dec5feb25e34020efd6d5c2736d6,false,b19b0bceac18f15676329d509aa6b2870e03338eb4aeac28affff5e75483ae1a
51741,d0800ce16c0e93ee1a7edd20f275bd25a037e09681ed5474e676fe20d0627842,false,bc8da173f18f34177098426260ea3f949242a7c428ff4519acc06177db254e62
51741,d0b1d4e4054ba4b934d5ccc8d520d0f52ad03e0dfb006366d93a274c8daa3473,false,b6b47a0dafe6fec60cd26d97d49e2f00d5b68f71f177d44ebdb42c47a35f7f6c
51741,d0db6882870396f73e285469320f06b1beea22ae5146dbe0ff5b7a25e49fa790,false,edc95287039a25736f7dac662593713a91a5f0e3bf1558994e64b6ffc357e4dd
51741,d12207ed10dae2ef84498ec936d0c07c7a743c685d1a74f836f2ab6319ddd7fb,false,31a9a495d91da139b6a581ad9bbb7b00710b79dd9c19c736981b0deeeabc6f1b
51741,d1283a043b9268de178751a124d3d021be470b20aaee9992a74fe925f31470dd,false,921f4e004d032c48e1caff05b19451b4b7d568b5add1350435aabc8f641fdde3
51741,d18003b875ee1aa1834cc0487a5ea567ebb613f529ba12327e907fdf80ae6b44,false,689c6b882a06809cab3504d613e11a753357b346ad7bab50a27461062daa0089
51741,d1a5f59f904104fec983d3feef32515ec3701da62b805e28ebfe73320757d373,false,817958805cba85ca2d09f3bb8901c12e5dc07861a4ede2a38ac29369196c60d9
51741,d281a9c710ae503c407761601673e72ba2f3cc522a1c7d6f0f73e93f8b968a20,false,11194747e63ff6f982e6d2e56eb1f285e3b59aededb9fdfe8ea62d91cd422b9f
51741,d29b1f01e80dd3a79f2ab97f5755a1a3ae69508c5f3ca1463136c5bb3d30500a,false,ccf33f6b7d5db600d3449a9673c0c69c377b0ac3ed68a4367e7abd5c1a47395a
51741,d3009f3d419b441393b24c3dcfa7c98ae7a1fab1e8d7fb6b646aa487191cb22a,false,cf223f505fecde30f8c50fe3c7684871fc6884829b3d16960bae428fa95c495e
51741,d32db912bd07e90747d58c4763c3aa13d0137337e885fda6c45f93ad5cfe4aba,false,d5f1fbc245dc09205a460da61308f28ae0b23d4c0052ca3f24905dc4a98cdab0
51741,d351334b4b8a22b99c3765d24214d8d6bd2a2693e1b172580a3354f343ddbd2d,false,175f47c60beef60149cc8bbe891036edb890d273c9f44f7bd58a98526fa160cf
51741,d3b548b509e10349efceaf907ac1d02a2868d1e6924fa9fdd5b47dbf0f084dde,false,29c81080aacad132468b0439e386cb308b1081c96a2309986514da8e9b082a45
51741,d4c481686d18a4782d10d9700b2561731bfa6853cbbb5f10e35fcf5af8a0e00c,false,814185b8c84290a5fefaf36f3195f20ab5d165ea12255f68742739ba5279eb3d
51741,d5505c473a940b2a273c38e7ba61147dce337b33d2f7b87176d281aa968e284e,false,651da78dced80ca5a42e3d8216b8652731a46499e0e8cd8b82ad32a6f4fd1a85
51741,d5f1fbc245dc09205a460da61308f28ae0b23d4c0052ca3f24905dc4a98cdab0,false,95c0ba7b7d44de2987ac8fe13d2b03ad854f549a9115a63c0ae5f621c11e0b09
51741,d660b1c970e7f6fed40d96595ee861fd5256fe5a5f79f258f71bb3c9170508a7,false,e5212d40d5a2d2e54bdf0c80083a359dc8de3be9043b64342d1f354db0fc792e
51741,d6ea75332d32a0f2686e67d849e04bf7254fe34cf63a008f5f99b141de284050,false,cc4b2103b4a49e484dd8b7f7945b35e6c1b24eb638ee9c88200b611c029f49eb
51741,d6f311fcc88bee9dca9f83e0db3649387b6f1e9657fe5d3a18fd0f9c8f2880f9,false,595a814c6d2af0ed9959dcbb7f86fd4e82aeb8edaad7e4bed981c39ba6f3e099
51741,d870c19f8aa525b287ae0283a80cd71bce64d721bf73b7e94c4c6c9ae123f865,false,75a0a1398154ef215b2889358fd830f3e26384d541efcf43a2a6240fec919d92
51741,d9cb59bd3b4e5e8622c7bd229daac1f4a40077722e16b426dcba2843a2ead18a,false,206c39689ba312f33c2b2306bbe2d3a39be18d67d021bbdf58112eb182d6510b
51741,da3fa176122c97585ca50e975a3191196e9a2f0a02dcaf3b7bb5fd6db9bf60be,false,dc708da5b25f3ec95ed0f52d7bf4f73637f770b612e4b3176d3f8cee429c575a
51741,dbec7cbbe59118fa1d88a19d3e227687fc49466d59b1a4552fe152dbcba3a651,false,6fc6febd2268c4e939440d813b3811c314d39e5c67f8874e21d9825e9a9c1561
51741,dc708da5b25f3ec95ed0f52d7bf4f73637f770b612e4b3176d3f8cee429c575a,false,44b80bbbecc853d2afffb477dcb01e18b14dfb1cfa4cb1b5eb95c65115da6404
51741,dd40613c75db2cd0f4f19eb2a7ceeea535e39333e60b25e7cfbf1291d1628b99,false,9c14d4193a6580174a44c4c3b15495c52763de37a2e7a2a1f864d55350eb9d34
51741,dd49b5eba387bf9e3eaac16a51669a2dbe4bab41bafab1f7dd9f31d0ffcccd36,false,4815b3d51e575c99d915c67d28dba015d554c2df4f14ca25b87c1e5a399bd684
51741,dd4f6c4df7207e07ab511e5e4c05d4b9b5b659a7407e98d34f2285c8a9bd21cf,false,f219d5fda4a8e16b00af5213b54fa94858abaf1f65d005e02bd418f51dc6bd9a
51741,debf62705b3d55cf69cf00fb556f598c32229c4cd4e64736bb5208d80fc7883b,false,9fc9e22632d642cb71cc07b50c738f8554c717bdab62ecebd72ea08efb96cd5d
51741,df72f389da12696426fa56a71ba76847a83bcee18a537470238802070a3f751a,false,77be5f570dd9d0eff9b6a911851072fe85c0572293e5a8f7051121c103340bed
51741,dfc099f18c73d0828d974f7e9616a6ecaa09476eb0013774a3ef9a05b9b6e299,false,0262f9788318534a6f93814470f8a208628e9f46a326ab5560ad8012b836cbf0
51741,dffa83544fb441f040f335f840e218fedf5b1e8329ba05a927f317357fa66478,false,0e3b02ed729a0bef618caceaf95673431991a3df85425ffcb50d2f87cd4dfd2e
51741,e08a2c88dee14b5559dccb9247882ddfd720f1c1b9afdb736448f829e9e8ae9d,false,b8ad002c3b5b0b8d079b95a1d78ce823379acd46351e8f4c0c3fdcff694fe36d
51741,e0b121de62514c6be3a1d6c7fa5a94c58857dd8db1af47145c43cb006a9557a1,false,fad9bf18304ddb3b478dceb3bd39128c3b57b7be8c32ce604ed9c180877d2071
51741,e0c6336b87673b35982277515295d48e1424d94a5ab0744b906ac93c27f15c83,false,7334d7a7d9870226477c1b6e229ee55e1298cadb71ca83395e776baf2db019c8
51741,e174976868b64d5af48e32a8b91ef56f79b44b5b51b6d98c6406108689bcebc4,false,047643ec978575226f2fe07855f45e297c786f579d53b043780f69f6e822ba9f
51741,e1d6c9f59cbe2dd8c10a04f640bcbab1831d57a81f05b145564af2086cfd6ca9,false,9be17e12005fccd660d109bbd3de0222ace154ba5da68ebd4f1b943298700603
51741,e21b1ae49963ee927dde64dff27484df0323306c5641b1f7886fd47af2eae1fb,false,5247299d6026bbe0aab68e7607d27f049709249f1b69af408d57043d4136eaa6
51741,e2683162aef84346bcdece563b1f187f0f4235a001ad39d25702b8dbeb8bdc5a,false,7bf26ff6737c47c6ce3aa232c3bcdfbbcf968bef83f80e845acc8ef73ccb85b5
51741,e26a4f971642c02069c51740bba5268d55556d7f265d4fbe917742abe571c73e,false,42e2a34063276f264f5dd58cad2139b76de5f24da7fd33fffd20f64ccb0d327e
51741,e316b5de62759e81b00c47ec0c534389b934a9dffa0c9d8582cd7dd4d972c57c,false,09e0410388db5935ea51755a79f4d09438b8f1af277e7fa90227f255f4bba192
51741,e31d24de40c7b4c8087227e9743ddf4193774248610204e3a3bb1cc062a175cf,false,eeffa0a82566acf4b0645e721967429986bd3462be1e7c2bbeb9e9cffc91ef1f
51741,e32eeaff885c41111838dff63969b834adf34e22f1cf726d325ec29560b5aa49,false,f4e1c3eaa092153f0d47456996d5855bd002f102d73971d906909b17140789f4
51741,e3cd556e3c054bd1ab6c826da98ec5466116964d9ca060eb7954552519da8430,false,bb00a871c29d3f77bf73ba9de6ef9f327da81887e8f8bf95f813ca9fc136c640
51741,e440f73ed38bf510cdf684d3be1a69ac0c9af70586c8a073d0f63f6f7fc62629,false,fa875b76e5b1b935f3967e6c102ab7cd5746f9eee57ab80aa650e63d6e417d57
51741,e5212d40d5a2d2e54bdf0c80083a359dc8de3be9043b64342d1f354db0fc792e,false,5343067077d72bba45d3ec2409a8dc99f2dcc9fe395f266cd6000a6ad23472cc
51741,e5485b2339ea343f8708c089f98d008d207e398337d04f6eaeeb7ab09c759473,false,f1d607b7aff6370a930f55cb330c517aebd3830a43103d09f6ed614b62335608
51741,e55efeb67f9bd6c7ed39563da1c7d485ee672bb7f1b5314c1d5c29dd2c105c27,false,73969eae5ad407eb861764ca59754389cad8ffcbe216debee71c134433a21cc1
51741,e58dbd85ab35535de9ad3c6ccd2fc69d3e30bb032ab1820b1473221221b7d502,false,9a731ada9074db80ff2a3c43113efb207529b4869ba2b5f12f922c60c4e46ef4
51741,e5df184039f8de93fe9a4ef5e01450ca295e9dfd15ed79d28446ef26e8f83b58,false,74563f4547495fe6c66c77031f9fdd20146c4853e950bb38783b29f71bb0eda3
51741,e67a69034b0b15d4425fd93d0b920cbebec809efb1f7638a9b7ea4a60067e395,false,922cfcce4621ea0262bff4ff31e43115e4fa3d2c49bf9b9839d36b45bf4ed13d
51741,e6869ca61720a847ba49b1f1fe92cad7c8dbfb43278ed665cd5df623170a6b96,false,a1377c5a5e00897bd95de26c6d15b3f2df4cd021d5ab4e5a9253cae5e2801a67
51741,e74ed3d8519b19f52aa16a788487e864a1226a8761525a7c88f82d2f09c71aa1,false,9a52cde8b4fce3c873730069a6bd524e3e09dce21873e529187bbe179c657f3d
51741,e7765c255300ae2e0c0941987894278d1379017e2f5bdffe0c439a8f9e22cc88,false,80c3bdd233ac2179655ee84dd05b77b39eaed6ea8fdc040ba70e8e302f6ae4c5
51741,e7c87f7a5f7a0333a6871fc44367cce291be2bd5e21d1827544df5d64ceb14a9,false,573cd8524f3f2c5a697f24653a8c7b935261656859354e819c7fbdbb4f8aa7b1
51741,e9514e0ff72b70e2284e9f6bb8f3f2fd0acd77cff0e7e080b25a407b1f300cee,false,98220828b1584d5102ae59691d9ad65f6e116ed1419e741cdca41bb2ce4017e6
51741,e9694ce96b95e756d0f2f1fb61cec2ad7529a1aefb706f8ce0020324bb9bfe29,false,ea3603895f824a9cd4e5065f83bcf36886b935fc7059938e63b32d9af21e0292
51741,e9cc2702adf80b28700f5418f19cc87edcf759b3d6637e56d96dafed76f68471,false,28b8db4f0eff651ccbd1f9c765df1fb2ebe7574f093dbbad0b19426f782eed24
51741,e9cd8c3575c8da8ecafb53a3e1e110bda43e66c4fcd27a2a068964c7388aeed6,false,125bf98c17b5632bfbc24c17ebc4cb0fd9cb63b5c8e04260eaf1f4af9be8f07b
51741,ea3603895f824a9cd4e5065f83bcf36886b935fc7059938e63b32d9af21e0292,false,b74a501b0deb6f01cbec82c6cacb859631dcbac048eadccb028d7c5c79914a8f
51741,eac961f6686d948b4370f9c0d53503b405cfa3680f8d17f9e1f7be235975be01,false,193b3f7254e4fda521b0c82ca35722d641a4c1293d6e0f922d6683a5e66f95ca
51741,eb24414f05efe2d666f2fc0f39bbfd351c3e1442a4e546d4aa9c7bc6e82d8056,false,d660b1c970e7f6fed40d96595ee861fd5256fe5a5f79f258f71bb3c9170508a7
51741,eb8cc5e836a5ea2491bc21fe84f0845915daf9adbd7a957cb3076958f9bbb532,false,b6fc6cc38c143c617bd29fd202c1eeb1618875d695d168bd52f44b2efe4f16e0
51741,eba59df5b9a19d0cbcb63ca896d3fbac1b0d359018d220873f3aa3f23c0bc668,false,b93375c5ea8f7db6ec5e386c3f1b0f5cd696e296dd5b0d4367db8592d0548c77
51741,ed3227debbaafaa410025dacf5364daaeab87d33f987f02acc7be9450826eee8,false,2f39fe6f1d621fc972672c2f31a49dcd5e14dc714b103e82efcaf5e90976b31b
51741,edc95287039a25736f7dac662593713a91a5f0e3bf1558994e64b6ffc357e4dd,false,eee1ab552bd881b038313350997961acd0172cfd03ee7a4a2468deb2c45f2ef9
51741,ee795ccc8f3db91abf653f6c14e338fc29c48801126dfed5d309b77eb0b30123,false,563adfd45d1ba71ae062f373fb07097dcad1686876786ba7e397e958a760d67d
51741,eee1ab552bd881b038313350997961acd0172cfd03ee7a4a2468deb2c45f2ef9,false,8e129ab168a38a8ca6aba32919aae6601ef3fb807227fdb066b3d67996a02f4f
51741,eeffa0a82566acf4b0645e721967429986bd3462be1e7c2bbeb9e9cffc91ef1f,false,9449300b07c6c6a2d507b689e36e44ac3a186b9e5fd7fbcd8f2f4715943bf8b7
51741,ef60a6e5e0639f33d16cf3fcb5d3b0af07d24e76842f3ff5d0cad744ce876341,false,cc83648d90402eb38e3eeab6da7e1ed153bc8be57246c1fa35d510713d750e9b
51741,ef7022eabd7674334dc32c3c239a7086a6adb8486320afcf7e918630511d9866,false,f8419655495977db05f0530516d31ff584bd498e433e7b9637e5bc4171c34ded
51741,efa2328d72613b630fa4a707c6fe3582263b440aa78dab52199cd7f9103e8a55,false,47e8fc68792cdab199720dcd698cf87c58d28b777e78c94ff5134c33001b5700
51741,f00d2ff942fccc44827f82d755b9b2628ed0a7f16113587332e928b9baa27964,false,3918a2891638acc47dc3cb548ad2f43da4b4eb4a94328b83bc245c6f763f035a
51741,f024f644223aa40293f64862e9a46cc6a5d75a3956aa26caa665d07c8ad05a75,false,5b3dd09198a32131b09b3b12e59ebbf763ae6141b1bd1846908fd6671575e9fc
51741,f03aeff2b997a7c801552cec603fbc0d8f9ef8d328ece2237a4fd90cc963e3f0,false,8a05106a749d8afe14432773c03b6181126bc5d800142beda13f7a09649e8272
51741,f0b42bf5652667bd38fb4a2cfd42f6eb1e7997aa92c5e0274226a7351eb34d96,false,1e759db095da42613314d06979a9de09d8e3b8b8c2e93b104254b70dc6235bcf
51741,f0f05fa3c4380742223d00258ba39022246f5c4dbbc937a0e48eee6413928c40,false,c466857e43fc3bae957ed0775ab5c3e055d1f272906694075cacd73cfa0a1e23
51741,f165eb5c148fd875ed11cc7aaa7845c2a7d7d9f57673ba4b9bb5a7e8259c5863,false,f617abd8d5dd20b58d06bd0d0aa060bfaa33ed3b8cb32117ea95a96b85417917
51741,f1a582abb9dafcbe85d5cf5e532c0f56dbd49257e0f80bf52a6a64fa408a6cd3,false,0b56b0f6cde4eb36b22267255e8cc71826082db2c339b7ba01cb8672337302b8
51741,f1bb0f8d0e0c6c11c2fbfb7ae18dfaee797dc38a9ca5576ab8369fb93ba7fb57,false,c84fbb0367e8c42ab800ba25312eafce002f914f40c4fb17a6a69af0e3242453
51741,f1d607b7aff6370a930f55cb330c517aebd3830a43103d09f6ed614b62335608,false,9522dc1a64db1c925800bd767e3e9ca70c8a24ca98987ec7154e35f15e766ad7
51741,f219d5fda4a8e16b00af5213b54fa94858abaf1f65d005e02bd418f51dc6bd9a,false,b48c46080066d26750061bc93e416b4f00161248a8c548561f03dd93ad174a28
51741,f21a5f6c59ff6c8b7167f90b69fcb3710935a8b79ffc8bc89aeac908066d286d,false,625e0e01ba93bfe241cbeb0f42a80258afef9e8cfca93e19f95db67565efdf64
51741,f2319af9da4b025a520616b25bd5777ccb233ea603fc93c08e9942c387ba0c0a,false,6cf108ffec5491a64340985689f8c6023cc574372db0f181536bf408f41237b8
51741,f32ac1bbeb706a957895b17ffd64e56fd68ed4d9acbb2dd79103d5b256af697d,false,a05efe656457ac147db6df82f2caf917fa13764e0c9fd0f416f552601ea51c0e
51741,f43b53200b392a0c64366443259e7115ac0c8bd78a14ba340befb42d298e5d6b,false,d1a5f59f904104fec983d3feef32515ec3701da62b805e28ebfe73320757d373
51741,f47a8e76fd50ca5257bc33c747d9496ea8e6485ed521dc8acdaedc455d7afb27,false,a51ffe0693684fe3a9e266cb377d1730d6fbb4ae265c1107f02fe5f07cceeec1
51741,f4e1c3eaa092153f0d47456996d5855bd002f102d73971d906909b17140789f4,false,8b600596177166f0745d86bce8dec864a7d7da125a45382e399b3b4fde7aff96
51741,f556d64c1ace686d1a24960a632440a982299500428ac81bd3612b818443281a,false,782a1c3913e07f8fdd2ff7a7d86e16144b8834d60927183c699c7ab867228bf1
51741,f5682acf0a29ae18ad46c53cc62b7f5f618dd4c979bca24f080c76b44539ce0f,false,b7e62e9123487cee691b3a56baa96dd48f8ce095ccb7b400396600419fc114b8
51741,f5c35e1d150e4abbd4f698f83303e14f82c0ee7b162b075c56e343600a5fdc14,false,98b1caced2212b650a75d40ea9abf333b014c3c94220e6e6dd7259f82b103d49
51741,f5f036f229beabeefa420d1334741e1693a04f35deaab23eb2b109aee2c866c9,false,e440f73ed38bf510cdf684d3be1a69ac0c9af70586c8a073d0f63f6f7fc62629
51741,f617abd8d5dd20b58d06bd0d0aa060bfaa33ed3b8cb32117ea95a96b85417917,false,364418661683605266dc95b887c5b6cf3213721cbe1b08460b647a2a829cb833
51741,f63bacae9dea69fee330820994c0e5be40450a69578f0d380b7d76ed7ac81a2c,false,c5b0b3a6c12b848c66cec35e2d21fc721252b56090b4372aafdd73e3dd814d6a
51741,f6464ea5c6d0b24bb6dd933ce4b5fded017d3365e540be44040979438d6a4690,false,991aca9b1707a492d680db424ec7bdcc2b8a4c6d2706955458b9c6c9111dd87a
51741,f6858b5c10f9e8025c4a1ebf09e348ce78944739703a8a61a5588cc493d19a78,false,8a1c3e8c61b520d43f4f94f9537476f04227ccd5ca50f1dc6a4e5409698d6db1
51741,f7d4ce97b3be735ccec846468ba19ff23013eff22c5e4506e8b4130294211562,false,bf5fd72f2cefce0fe9ab0e58e3851542000927c65ddd8beabc18c18c5adcfa7f
51741,f7e34a4fc7d3608b2fb6a86cb60ed78e2031173933e68c0a188d117a34d97889,false,218dd670405060a42db62841e98dd6c9d6bad1ac33129f14f83ae16e34d6557c
51741,f8419655495977db05f0530516d31ff584bd498e433e7b9637e5bc4171c34ded,false,2a8521a9ae59aa9885435cdaad3f6b86aa42dd2350bfc5d9e40819a437ac5406
51741,f857db0e6d43b22e4c8b323e1d7f73408d44744fa132fa11ea9c4d46be43b97a,false,06b2822ee71c1701003ff87b5178ea77d39a6b7fd99bb9070b7bbabfa4696f2a
51741,f8c85a355de0c9d0b413138effeab6f1fa261dc676dad4fe26c9256460deb78f,false,3b328cb340de2d817a91bd20e01d2cec4aca104ebccab23050725891af387d45
51741,f8db7aa5af6c93b19909d64ad452487b0dab787723605ddfa40bc214b49e277d,false,2891490beb88c46bfd01171c1871ac949381579dc2e56269fe84d965dc7ae816
51741,f998e73455ad89eb4d4094182e6104e82e6303d9f4ac0335a23c1d94dad783f0,false,4df536a6779d4dc592bc835c170ab8e4c50834c240b82f978349886a8e5d955a
51741,fa227e8ec5b8237357d4b59517bc98155e6dfd490de6c9be7f8dcf911b516acd,false,5e38f00dbefb2e7d3694cf0597d17349f959b40c14dd07148ca9ea9a4ccbdf94
51741,fa875b76e5b1b935f3967e6c102ab7cd5746f9eee57ab80aa650e63d6e417d57,false,9d0525694752000d6ce66893f29f3915b0e11d86970d51c4b08284b419835096
51741,fa9a891febcb64583f91a49c9c207e410d76e858ca6b6a8a188ab200f6a4436c,false,8d511322b36096cf4fc5fe7e72f308ce99a4b2022d65ca734ec42255727024e4
51741,fa9d5f892174d060c151ca95c7acbdbdf302e10301b6640a5f194a1127e98717,false,3fd4c9384f4d81e44169ee105c10bc129480b8492d0d2cc372528314ee77c10e
51741,fad9bf18304ddb3b478dceb3bd39128c3b57b7be8c32ce604ed9c180877d2071,false,cefef7c0284dc6f1d08de73de5092e7159147bcca72b250a68137bde68cc3f7e
51741,faf54b18008b5c4619284fac155faadb96d7c688ac70e2255a465f8a730b8dbe,false,d12207ed10dae2ef84498ec936d0c07c7a743c685d1a74f836f2ab6319ddd7fb
51741,fb2b71fc1abe309ccd7e805837cc2059c31f99b2f008cb7c5bb4f74b15ec081a,false,62f0faa5ef7a492836dd8ca1ee75b1129d78fc1fe5b70f30f8d6bff0d3d68f53
51741,fb769699f27611c305e5ed657c75d0d711eeba9425b6c48e850c6354e9e7f216,false,492271f5a6528349f0c0b817f4721c782cb40487f637eecdb6ec11488615100a
51741,fb8da25015c89cd414edc147e592ce3399daaca5757d77d15681278d14b496c5,false,217d81762913fac7abe06dfc0ba88deb38cad5f8a6095ea1c8011cb90b368e63
51741,fc34143fb9952291455b9a6875d3f5bc946e5831d583da25275f43e5dbdb5ed4,false,4a4b0147e1cfb58571e3f5af7f740e6d6eb9d9951cc0b33f4324379a8c2001ec
51741,fc9df4f84c97cb4a46adaa26661c0ccef23d909b699e0be39e0ebba50d4963ac,false,f7d4ce97b3be735ccec846468ba19ff23013eff22c5e4506e8b4130294211562
51741,fe5967430d9078e05ad253d39306e243be4a52989b6c60ad689e6cb61eb7bc20,false,6438b73becfcde7011b7b56a1980f81d8b4e70c2dd82d8c0f23fc0a663e6095d
51741,fe97e675126b36f6fe98583cd67700d8f2aa03194a3e3c400cb637a5183def93,false,6e50b97a0e5101050d5b9c708c3e88c9ef1b0824a60e6212b3e4a1b7d7310765
51741,ff9e46ff4a42f8b272a4414b72d62561e9eda3fad7110bab0321d654c30b8591,false,44be3d90de86bf1e40f2db8c6d1174a90b8bfedeb88b10ca11c5ea78d48d1e07
51742,0300f837785e00939f34437b4dc7d3d9fc995332bb6a4c2876987eedf16001db,false,0ea4b27919135b0ea9a0cf10b48cc8820de0a0b20268cd042a348c099d47e68b
51742,0b83f892669d1f945c371cf74d8be2b80d8bab1933e3d610e25916c6797237f1,false,204aed7699da4897a2653fec0b8f36de9c5ccc1404e6f11ce6269819d13c7b15
51742,0e0ae491d23a38dbf523b5ad6344e516a0d5cc630ca1839265cbc8d0a07db569,true,
51742,0ea4b27919135b0ea9a0cf10b48cc8820de0a0b20268cd042a348c099d47e68b,false,75274bb050b7b357ac6853ec07c7d6f00f2ca1d9f030f341dfec00ca6515fa8b
51742,19ecec07bc410b961ca7748c8b6caf387b29f911cc3b4fa10dac2a5083c1e915,false,e0884c3405d6a265bf2840075f3494007e6175d06257a1c7fe82bdc23e50b4d3
51742,204aed7699da4897a2653fec0b8f36de9c5ccc1404e6f11ce6269819d13c7b15,false,cfc6d49421dd7f15c6bba713c0b46b203ba7ca9ef4a36773f00bd57b6128d8ed
51742,229743113eb0e8d6338a36d6c28751491fd675861fd2830e711b643984aaa9c4,false,ea3542f980c9637edf07e3a2e972b5ee8e5d27c56c34ac52e62c03756e5dfeb1
51742,268f69ba3310d58424bfefaf9b549c85ef3fbed3b3119cf9771a3ba343cf38a0,false,3f14b7b25f6f9ed908a18fcc4c83b9ecf7dc433a32c7d0d32a231ae6b784060e
51742,27e35339375cc59605d2d94ccc4ed9627a37c77567774156fc309fe3be9f38a6,false,b117a6ad1e4d69fa31d524e02d88eb2bcd491226891c7e9c6b9ac8ed0ebc6c43
51742,32e30a7045a3739343686124cf9397ab998cf23d55306295e97dd4e1b698aaa2,false,6e1895500fa429c51e83a1884e7ca22dd1a35ea7f00139caaf86d9d9d530aaef
51742,3c2a58958cf85e836e0cb6b754ff621ca114b6a30af407e63b85b63aaeca196b,false,e42d8bdb009bb72d10a7a1b9b4c9a9999ae9784f4c9319f57c4547da30a05b3d
51742,3f14b7b25f6f9ed908a18fcc4c83b9ecf7dc433a32c7d0d32a231ae6b784060e,false,62c742a81bfdbd370ee4b40c9521bd329d2862d3d2b1e1bf3bf55b716958beff
51742,49ae614c641e79eddd6649fa0117d85c9248cd90f5921a899c311e10a2a5cbbd,false,abac1ab4d171d17bbb89d2be0c55b7ae14c86014b028fe4842debbef8686f5d5
51742,519cf59c94631a8ff49896ad622b90e9cd5cc7cb37f749a25ef3aaab8ecd829e,false,72ad75987410850598cdb32c77eceaf4ce0eb8461018042b660b5f95d32fb4b5
51742,5483c113b98317480bc7e672c0c63c7f96f23a4df8404eaf054bccfe1033ff9c,false,19ecec07bc410b961ca7748c8b6caf387b29f911cc3b4fa10dac2a5083c1e915
51742,56e475a0223f705d65af562238aa60f191a872a65cff578419fca9f24c1c1911,false,b9fad902500cf044ca4029c802320d6a646cf4e4a3495a619a18f08ec23e95b6
51742,5948b512dec814231995190c42ff3ee3c79b536493e6c25645feab820de6ca57,false,8963baa048d2b109fa2ce9d5f8690f198a1666834853f2dcff564e4cddf49ecc
51742,5f8af5ada909c437f4c97f8b4573d880558dfe4d5019e98fb1fdfe9a791d5618,false,229743113eb0e8d6338a36d6c28751491fd675861fd2830e711b643984aaa9c4
51742,62c742a81bfdbd370ee4b40c9521bd329d2862d3d2b1e1bf3bf55b716958beff,false,4ccddc1a776284b1aa9a86ef8a355f6693f5a7af0534c715c2150ed894e5e6fd
51742,6e1895500fa429c51e83a1884e7ca22dd1a35ea7f00139caaf86d9d9d530aaef,false,f145c37873d20d418d95055e43eadb49ee86d96d0b28fa10c990cb3d68b482d5
51742,72ad75987410850598cdb32c77eceaf4ce0eb8461018042b660b5f95d32fb4b5,false,dc0f29608a3a887a0df7db14ce195dd22857ccff40265fa2bc45b035a1ab7e29
51742,75274bb050b7b357ac6853ec07c7d6f00f2ca1d9f030f341dfec00ca6515fa8b,false,32e30a7045a3739343686124cf9397ab998cf23d55306295e97dd4e1b698aaa2
51742,8963baa048d2b109fa2ce9d5f8690f198a1666834853f2dcff564e4cddf49ecc,false,0300f837785e00939f34437b4dc7d3d9fc995332bb6a4c2876987eedf16001db
51742,90c381b9e97f4ca4daab69308ed9c96fa2e982044d98da8ac262107a8a314b44,false,519cf59c94631a8ff49896ad622b90e9cd5cc7cb37f749a25ef3aaab8ecd829e
51742,abac1ab4d171d17bbb89d2be0c55b7ae14c86014b028fe4842debbef8686f5d5,false,90c381b9e97f4ca4daab69308ed9c96fa2e982044d98da8ac262107a8a314b44
51742,b117a6ad1e4d69fa31d524e02d88eb2bcd491226891c7e9c6b9ac8ed0ebc6c43,false,fe320954d65491c1bc8606c89fbd02d0cd72df60f1e9c243f84b27c4f1791286
51742,b28d12a44b2dc5fc240989d87da1193168ced23a380d8ba650e86de36266ebdd,false,49ae614c641e79eddd6649fa0117d85c9248cd90f5921a899c311e10a2a5cbbd
51742,b4be5dc5bfca9fc72878b0d2208f150f2bb19c72677ade83774ee80c86c8e172,false,c0b2c1db486059227908926d7faf5d3f3bbab1f3f577429efc5ce938682b156f
51742,b9fad902500cf044ca4029c802320d6a646cf4e4a3495a619a18f08ec23e95b6,false,5483c113b98317480bc7e672c0c63c7f96f23a4df8404eaf054bccfe1033ff9c
51742,beff835a67aeb0641608a6e27baf183436816106bdda7b3961eff9774856ffd3,false,db5affd7a71ec766510a517b74396f3b6740a527a03a9159bc0e87a530638720
51742,c0b2c1db486059227908926d7faf5d3f3bbab1f3f577429efc5ce938682b156f,false,0b83f892669d1f945c371cf74d8be2b80d8bab1933e3d610e25916c6797237f1
51742,cfc6d49421dd7f15c6bba713c0b46b203ba7ca9ef4a36773f00bd57b6128d8ed,false,beff835a67aeb0641608a6e27baf183436816106bdda7b3961eff9774856ffd3
51742,db5affd7a71ec766510a517b74396f3b6740a527a03a9159bc0e87a530638720,false,b28d12a44b2dc5fc240989d87da1193168ced23a380d8ba650e86de36266ebdd
51742,dc0f29608a3a887a0df7db14ce195dd22857ccff40265fa2bc45b035a1ab7e29,false,27e35339375cc59605d2d94ccc4ed9627a37c77567774156fc309fe3be9f38a6
51742,e0884c3405d6a265bf2840075f3494007e6175d06257a1c7fe82bdc23e50b4d3,false,b4be5dc5bfca9fc72878b0d2208f150f2bb19c72677ade83774ee80c86c8e172
51742,e42d8bdb009bb72d10a7a1b9b4c9a9999ae9784f4c9319f57c4547da30a05b3d,false,268f69ba3310d58424bfefaf9b549c85ef3fbed3b3119cf9771a3ba343cf38a0
51742,ea3542f980c9637edf07e3a2e972b5ee8e5d27c56c34ac52e62c03756e5dfeb1,false,56e475a0223f705d65af562238aa60f191a872a65cff578419fca9f24c1c1911
51742,f145c37873d20d418d95055e43eadb49ee86d96d0b28fa10c990cb3d68b482d5,false,3c2a58958cf85e836e0cb6b754ff621ca114b6a30af407e63b85b63aaeca196b
51742,f8dd0a7e392599868047575b6bcd224d319c5e7aa595cc4a63fccc099cb78e39,false,5948b512dec814231995190c42ff3ee3c79b536493e6c25645feab820de6ca57
51742,fba75b1ac52642eef4c991f5b558f8046f05a88e4f27217b2cfbe972cc47080f,false,f8dd0a7e392599868047575b6bcd224d319c5e7aa595cc4a63fccc099cb78e39
51742,fe320954d65491c1bc8606c89fbd02d0cd72df60f1e9c243f84b27c4f1791286,false,fba75b1ac52642eef4c991f5b558f8046f05a88e4f27217b2cfbe972cc47080f
51763,1eef61559141d7597343f5ed4c8d60bad4897316476b809c3420064e7e342318,false,0b78a198140b44f32cf26fd0473fa8927aa273b8660976bbee0cd0918ff60b68
51763,c6ed393e55bce0b921748623a5d6ef152af27e067da8507ca572c45c135527c8,false,129e3b9840499f42ef48313b92aafa82a366a1b3a6536bb17c023fa675c2ca23;4832fed6f043bfcab9fc0f1c7f87b30b5a293f99502e55e914c513c9bddc2be8
51763,d1684722ccaeaed2ee487da6d556d53d121f13173c82028956435d1274fa14ce,false,0b78a198140b44f32cf26fd0473fa8927aa273b8660976bbee0cd0918ff60b68;f1db77c16a6bb7bf84523d3d2cca8c15d9562f76a8c0e9dc99c942f53d2bde73
51763,f19c09f6900b83cf29d25b98f5d2d61310b89916ba6bd798d7450a7eff7784a6,true,
51763,f1db77c16a6bb7bf84523d3d2cca8c15d9562f76a8c0e9dc99c942f53d2bde73,false,76c01ef2eaf907d89658767ee6ba8230ff36ab5afcb480b5bc7876582c1f4955
51773,25436db0c08403755191af00bb2cda8354f85985a6486b09d7fa3f8dc949d3a8,false,4075bf0a8ba356590cd3a06b5f9ebd3bdff6b8c645a8e855e35344e7d0edf768
51773,9663b350d8561fd9f78ae7a0f14aca29eedf4ab9e8220924a030a0f1ad2147e6,false,0a5dbcb4a1fe2069ec4f611c58a311500e744134073c3d41e2abda6c8d4d3a0b;541ffae75e21b2af8f9a5909b85161a7c4e8e8be539ff58012ec775a3c2946d8;c6ed393e55bce0b921748623a5d6ef152af27e067da8507ca572c45c135527c8;3f6e6f73aae0a1c2357d56b28ef9e0df2901da253f0f76cf2091a2a6d0dbef3d
51773,a3e689f753e62290503be4cc1345662fd5d9fa8ea5c914adda23a872a1138e1e,true,
51773,f91e33161a0da5559dd69cbca9d33715f4259bbf9e289ae3d36d43240bcf46e4,false,7ce6963fa50f3180eabf8050d75b9dc202a86eaabc06a247ea90f1079089e3e5;f5e61d9e177b18f0e2f27375e349962f560f5dd0be5f10844b67ed9814849c92
51778,331a45249c9c2494298befd7d2a259eeb766fe65b1b4a12b4fc46e5a7cd8c18c,false,de9b52ff598c522cfb2546b3d51b28e56ea49f1cff6dde40a0323df596a030e4
51778,4949482af97c7735f877fdd646a97fbfeb92bde3f277d034c043e83665470831,false,0a4f18f433399c6376c1b3a0b7bb0fc81c7d8762aaca5c365e987228114ab1ba
51778,a198eecf0d7a2e706e818a4de0f60aef29e7decad1c6c0e8247020890dd83f10,true,
51805,31df9cde457006f1565d367934572a7633db759cb148870c26b447cf3e7cd0db,false,c8536dad4e591d114ca6ec54cafe54c5d599f4d4a594a80ce825d42791fdc831;ea900c283c8a1f4f6f3d274773c60e13593ee9ce2a2f62b796b48462c4a8d7ac
51805,4b0e29ca41bc5e08c1a115cb1da5d883a05cfbf2adc3e2506247491e1a565288,true,
51805,7304e7e537f4ef0d34d0d633ef171bbc538cd7ab331d314b33ad3e5c1f16db17,false,1053041640e175f2ab927f6808d84849f1a1526ac6658a8ff5c5844f416135c0
51809,5933f83f611896b3f35fd650b4f03f9d85d4b6491299c5c5398000834929a224,false,5501ebf3d41b9035544effb8694529c1b9989e90dbf74f6d5d1dda461746b343;7304e7e537f4ef0d34d0d633ef171bbc538cd7ab331d314b33ad3e5c1f16db17
51809,8af674f248bf97f4c2e4ccf36cc60ed03fef865e7ea81fb24bf39138d3cdfcf2,false,6c74078eee737029c68f5434981d21d7bf938a33a97aed7914420ba0cb8e4e56;25436db0c08403755191af00bb2cda8354f85985a6486b09d7fa3f8dc949d3a8
51809,bbee4ef3408c79e0c7c6565bb6a56b1653512b0575932ff06fe96a9a006b44f9,true,
51837,22d874eb14c296e4d309070da0e624cd939760163ac3907a9f1e728837f360ce,false,a7b04633ce5ed528405f16cde90208d7832507b08e09a5063cb5d4806c55e51f
51837,39731487a1176b1f8bd6c6ee82429b0873ee1252146a9bb0cde522426ba33442,false,13b816a0fc37a4342e472c82766b646e2c5db0047d19ec44051df2c20895e599
51837,57522378e9d33f075cabfbd8a0cd3f9c2ec2f755ff9b18718f501b0d6d4e2049,true,
51837,73da16ed806fb5ccf8144aaefea8e911052232c96ba7edaa2b031ea79406b608,false,a17b885fec19c86733b3f734617de80ec267028650de00f5417ffeef31bc5562
51837,7fb3abdd6c9e6122db2a310ca94594d80b13dddc43800b5fecbde11ec0d033e1,false,98ae5db659cbb1ab6e81f5aaff5dcf6a75bc3037046c8746c562e1248e741705
51837,9c70941e1d865d7178cbcb9226745007a7a0d727008601971f3a3b5764b95731,false,a0b165934594303bd28c4fb69b354407d4dc6d8440b75d493bb6a16755f222c6
51862,03dfef26dd0e24e65a4ff4c58921ec042f64eac96e6e58605658ffa44fcd45ae,false,49df5bcf24b1e920ae41ec13dd55b46aa5aadc4959e7c350e1313fd2166cb25e
51862,5cc7cb647194f608282d9c662b21240a84f514b9cfd6bbe27756e9501a460a2b,false,2e1d5c918e377a549326454590b821058960eeb6fa14651f6d44a601e44694b8
51862,8c57ae657fa0fad5b1dacc11e2123882708486e60305a77836e1b3f544304e33,false,40a8d5d6dcd1b73c83adbc6222d465f963d8f74e81ac885c9793c124f655e4f0
51862,bab00ee6620b07b31217dc017b650eca9068e17e96511fdd15c6bd3e3ae2ae55,true,
51862,f488f96d963b95f30f0050193bce25a771ca442c473f3e64b295915a6ed11186,false,675ba5c836e24e5fee18af8aced19e6df90bb038e4aa0de5975eab2ad6d12a56
51874,607c313c4ecff586bba8f34827ec50240a13cbc6c85a1615e19f80863cbae2eb,true,
51874,73a4eb5cbf3347ca2c762a53facdf09506f80c75ebfc1564b9c2b73317cc06e6,false,628ec180120b57cde4b087ad78f255e0e3fdd954aca08888ad7e7812e98066a2
51874,7c38cce7d4a93879f43693ea722ece964c7cea807394360b71367acd36f237dc,false,5cb6561e932363baced9c2df650379bda62b0c0d7c598d7d99b9d2b6ede07d5b
51874,f98e4e1cb4650f6d71f14d41a04520c6e21f183347bbdcd97f1472fbce88a98b,false,691207ef8249486ab684862813b2463852c483da6f0ef358070eef918419a2e6
51887,1c2b037b00840f9d44f018331ccadce9bb7b4bfc009cef65570404ff97b7f88d,true,
51887,a9020abf56db56841cdfcb041fc1cabe72572897e03ec92cb9536c8bab273417,false,87b06e0c412d4e239430c7b0f7dc7490cff9ac5fb7e340abc262c6ad488b28e3
51887,b0802d6d6477e3a0853b6629aa3920f15115ced50514bc0fc157c248b620acc7,false,b04298756b9ef879ef2f291080d90cb4ae44d2728de47c1086aa88dbad415806
51973,088bbe4fcf55ef5815bf9ad20405f4770c4097b11e679dcfdbed3f56ebe354ea,true,
51973,1e133f7de73ac7d074e2746a3d6717dfc99ecaa8e9f9fade2cb8b0b20a5e0441,false,588ccbed0ca886af592f3272afc34b84efde3e3c3276e7b4bb47c8373903e354;1cd964e6c7e14ab5aad687a9b4c21e212dca714474e2f16a8ad1f3b4b30ee86d;4c06f72885f0a4d6f351dc6f1bdf2525360bec1443e19ca5f9698f8381996a6e;46fc9cbf02f873c15507637f24fd41978c7fec04f83b4a6ab9e6cba4de137a6f;ffafb4b90f096357c619534220eb90772b7d664ff7b957297175deb8e9c4996f;726a4ba92b0c70e114632c6cd6dd7a0e3a32583705a60f1b0d85caf3c1b61b70;90ff18287a8ce7cdb46216b48a58112cc00d7a41f78f9abab288257214beed70;78ddd35e2a3764b8421b7b22167dfd063e09d0105cd50cf7c588d71d1b790675;c6da3e52edc015468c59afa3f5fdae220b44be74089b56e5c3316ccbebe5b08f;1d086dcfa2ab14f1201f49244bdb6c78eba79497467809e08c3ead1492da5799;90a8dc050cb783d353259e8af9135bd33289f1663f2abab824afef76cf978f99;754faac76b9afc3badc3164e4b01b5099553e705c5a7845ef2ba99357ae89c9a;8f0b2032a9dd50532b7f43cc1707791bc35ba3f2fee55c563f487c8222f0459c;8daa92ef8ffa3a4f35afe2060a2ad791e17827f06badf115bfdcbb2de8c52d9e;f4a37e0e0f9a7f5092f99f613b7371702be563a2e3d5b8b2359f2914047f6ea2;732de2e23129c51e6f1b8b0532ee3723bd4904cc3071385c81eea3755f7b75a9;ef9192163a41fd2ac128e12ecf6aba7f1966934d28f6358828a48fcdf00c91aa;ab493bb1d684267b10474c28e9b6187b4e2dd99e21f6172a1b19d07262ea55af;7dad045cbb152bfc47703c4e1f6ff98c75122d737fa9b4df54e12fe5afab4fb0;2b917e7d0cbe9dea59b476970dfb138e5095fbf8a1cd8cc6da74d291cee5d8b5;0bda3b1b42f1599bb07726d4172dbf1e88153236442e72e0a36c7cdb463441bf;fb584e44c71e465ddcae32009bffdba987d04d4a52a27dcf67f90b6e438ac8c5;fa7427bccb2111e56626b41c8ea05ebcfb1041457d0fe0addad3a86692cd64d0;6f83b0d553f284dd4fad298b1df378bfb37e05bbdd3b2fcc820db8b1b3a943d2;4fc363c5e7e31782355e36ecea2f9959b329bbaa1edb3204fb0772eb2d2daed2;c11b86f7a93f9ef958e75f7adefa04b4956d3b6b891d7071a923ce13ff90d2d4;da4f19a10e9d44538b23ba484bcb2b305d975fa82305e86a8f3ffcb41b384cd6;1e91a56f3eacec60e0af625cc0be0d5dce0749b1c0c86d01d88d46f0f65484d6;331e2ed0d6e7d0a38d6510e0875478c35874f62e94ecdfc4b5983043ac8210cf;8d7c43a675bc6184eea95aaebb4b94de26d407a3609b12969bf55b087b433ed8;a62e5d5add24a5c436554bdd386eeb6882543a82fce87485a506a21b0b153fdb;3a9071ec53723338f8ea63e5123d9e4770702ccc15cbce5f294133edbc7358e1;3cc1730781ec1fd7fd7fa8e41d4db31307a34cac9170d49d6ba90ab17ea765e8;881e8d2bafb5034f5614eac03b0c304c12c9e352234c3cb99290dc72aada07ff;8aa9b818ab7a914a2f11af197b6621676e613872564afcee5536ef2ba7ab30f9;4ebb4a5e75e5cb4c9baffd6ac9212d84a47e44cc3876192db40b658da0a937f0;c44f75cedb76e57b08c39e58d29543b100434cd22e4a62bae6426980c6c07226;06551983e540fbbc3fe35e6766c08a02b05427693913839d649dc0eff012cdd1;91f1df7d2f9c9b5bca6c06637ea4cb824cca8ef21bc68327bbee3552692b3b0d;faabc8197845e35436c632eec52dbd6efe5e44d204bc4f438387d748871c4629;f279f42b91cebe914239a91986abe2478f2bab97ca2e099ca6569a6598e6824a
51973,f279f42b91cebe914239a91986abe2478f2bab97ca2e099ca6569a6598e6824a,false,8e576d8c125730bb14648807dcbaca1b737454553064f715c13af00fe6227102;958069f552157cc43bc21a97d358a1b1ac6f6536b9f2378b895c43ba369f9903;263a84832e5090ead2760a13bd63441a7aa53fdb6d4fd8ba3fc88b1771c8ae04;99534c1d97323df768bebdd1353b44587be5fec2e568e0f5310ce759b1d60b07;bd3900c8489a7b4579f8e0d0e78aa747afb5e6c714442edec9f4a90f3145350a;215c65b94798a6a958dd044222f70e66936e809469a30251ea34828b9280d20d;d51e33c1f65797b8fd6f117305463304322908bb33ee3785181a33d76db18e0e;1b5402eb2421b4e237f34f796abdca49927569e074cd1739cfd5d1e50b99e613;1666ffd368aab131bc1b1b7e646a8bf87aed9f6d740b364fb8eb9b69455c0f14;048214e12ad64aaee77c4223ae08f60dcfe153f503d55f0bfd213d0cf85eb015;aa35877e26534cddf6dfba0aff0bbc03517f5e37fc8ff29b71dde626ec297c1a;0ca1d7476ce69fb688eefccbf30f536de2df7044f5f28292651be616e965881a;a7b66dcd2ee24639c971cddec5b9bca19c4988301e728221e6b9a339d1808f1d;e251add46f9346efabfa42835e33b69cfc993b1da8291d33c4e92125b544e222;0a9250bea4b1500ce599ae04a59dac7517c24d4fcdb142128a932e461a021523;5910967e2571754cc3ee4160d57b429a64a5e9bbc18ec638d0477e22a9581523;dc0dd62aceb87956aad5d5fccfb65e76aeb41c654fb51359c8784f379da40524;f098390e908faee09b6030fc4471b9c4666d00c4eccd08c3ab6b5e456a240924;e43621d09a0990b85ec885777ef9fed9ee755a2f6211e173808fab5c5b1a2624;b1bfde0d6015a87d3ea41a42546fd2427c976c757cad4241cac51122add8cf24;4d014a1a844b1353c757ebeb4b725bf16b10c83e5db5cec82501f30a975e5126;681a2e9dc2dee51536344cd333a0e9d994132eb289ca4a08cb3e40269e569428;8c02f74b21314dc36f9d140acfed3972bc1876eefda8863889351d674651cf2a;b91b4bf386d72a24a497109e44fa1dc37f5ec4ffc29602bca30af9de6815372b;518046cd60fc96f069c6de023d7123888335cfda2fc7b38d5099d407ac48372c;12f566347111ed9003f5e38357a4703a8e7d2624eab65904e9c4a13fcafbc42c;9b09732835071e25327c032729793aced2751599b8d65dd207eb553d64aeea2c;f29081af0a357a794cb8ff61618d520db377a3e903afca2cee9d70732f34422f;17ceac0faa41dcb7b7015e8ab9438b1340737fb765ab10b7126157027531c430;f0c416e003c30fb6a14d45859e7312a34936ff432596a3b809f06bf178feb036;26985f044a047530d8514f5a3d29f94ecfe0ce27076a6fbdd6590271dca97d37;eb300df2bed467ab0a429aceb0feffaf948674bec5275e9fcd2052005a49f038;b9aaa06a14e5dee016576046afddeb6558a0096fff21dd69f94d375170620639;71a5b02f409c84d7c56a15521f335f69191a46a14a08645c2a2174aea8f98239;77aa9cec32334100daed756a63c0e7fe6861579cb0b4d66ef24cbcf945fe623c;c721ac4216ceadc10d9ff54710d4bd2fd23dedbfa7c60e09d46f4e3ab836743c;7ab7fed95f7ffdc24de340a4e4c5869da0ea53fa7360628e9ccfa568aa3e823d;02cb7439caa8aee326645cc4fdaaaca7a35eec51f8cc5182eb9c64452411cb3f;92b324289f55d847d894d46c1f50c72cd9be1f5372bfeec5ab4abf2cb1005942;0958aa6fce3fbe733ccda52d88adea7e19fd8a4781d19318dfd8b82d15ef3443;f5854be264bca08a12f43c353abcd1fb1279892d234655f574f42c4815e1cd43;697e34fe4711cb964ae80f2782a99ffe3af4327a63d46d6739e0de8f55e60144;2fd2f916426a6cec27421500af47a9affdb926b744defd7d02af6e90fd840447;3e32a6fa54f3b2f3fabb5f994b5bcb0ba9a888bbb1e866bb28e589f02a994b47;4353f760f21a1f778f7a32e357f996ae885a5bf66d238f671c4441aa7f8d9d4d;623a339900040e0818cd279aaa4d8ee6d6af378f1428ffe178557f1596a3994e;e7888a6d83356d7e6ae5c62b10a92058a99e9f6f9666b2a6149d63d08920a84e;182f58220cd7ddad4264a45ecd0b3749dd0785d0b3ec9ac6b1e85a5b6f18f54e;be85ce04275f173050c175b004449c5ff1405d3d585dec5b13ddc7e52531f54e;dc28386abdae943bc35c1765e3790bb0b5f47ef034595e5a5108110e7a2ecc4f;53bf81e4269cc80d3903d22c682004958df49d2bad5e999019d2bc572de49c51;8b87c985dd2dbd31c3d1d07057e2f601c8113e94a4fbcdce18342ec7dc55b052;a87412a91c649977f25a3945e17d17d9afd4e4e723202903c352f48144c98d57;184a7c2f8fb91165a32ed08521ff687230a7722fea548529aa091d7d7ca2e758;af36dc22d90a519efb8a7a3ccd41cae40b3133c4f7e18536efc6a51d702f2259;3622f30c4c65672ba8e235ad33cd9f3a9a203c6f0e23f29c53036603126a865a;4ec1b448ac9afc6fa70a1463c9c98849ccb4fc44dcb062f9215925b7bfcb145b;789e8eeb6bb8c816862b8cba74499e00ccea00c15fc102a510eef68f83248e5b;43b60c6deda4a29be42225324225431b2f805d126aad295601c59400cd27885c;7b51b537633480e5516394a4307f069048c0ae530490533a363908fbc280a85d;4d0522021c458404ee87973f28d66103dd2a7fe26913c45e5387c3839ad2245e;5347d80911ed56fcabe99d41e53579a5345919c253dc139d6ef019460e84695f;735390d3b024cb10af52a87e1a7ecf1100124a7ce31848b55423eebe7e7dd664;81992ee68c772b72b4efab3aa3e22c9b143890125dd2ee65f1734a67ee5ca866;0e0ae491d23a38dbf523b5ad6344e516a0d5cc630ca1839265cbc8d0a07db569;18b5d5a064fb08ec0de342904e4eb85227de5533573cd21ede583202442f0a71;2b1b71ce7ce6e734f1804ec126e00735d37f4511f1c976ad0c3e90d59c8f6f76;5dfc9762954d5651a442527221d0d6dc516cadbc428dbf5092eb0a3e25ae2e7a;b7d4328928d84e4b7d7c4abed41dd0cbabd93cd06794ac2480051ca747e0d27a;7398383e5f4315b94e117a1d4ce0bb67db8cba5aeff2ad1d025030f9b7c1bc7b;9219ce0afe95ae2a928658dab4719a623e7ae4730e2d5009c236dea11ba1c67d;32dfbe84e1d940ff4af280e74c46aa8e5c31643cc21e930a06b8b1147f29cc7d;8c55d8a8e3303e2d5f6ecf68f7290a7d6e2567c86f5bbc2386197fbe0604de7d;e263d4ea499486db2af6d52e8a6255995c9a1efa02a59793c2494618ace19d82;ea2116d9e97ce7033fd12215d49a07894aec5fdb209d3006589b3ad87e05a282;02a0140d2613ffa5d277c9a3e5a32bef4f90ddc7199ddad5131f1fd3538fcf82;9111c5647b87508b1977c1635a56dbde86ef31b04323588e550daa229e1a6e89;c862797da554fc2dfaac5a5bf6546de76bab03c0cc7d6415edae74bb9298cc8b;9295539abd17e2f71ceb0a6380356b6ba0b80e5726e7698bdf3a2fe8f813248c;1d003b0aeb63e58c859a3d567f43879f80d673105a4ab04cabd15089e0d8448c;f40cff940e8ee074a8af6aa8c847ac39011318b5e59b0913cb89f5269d74d78c;1b1e3550dc94e4d54659328d8ac69314a89809ba0a4f74ca5a0c1607707cd38d;c93a0dd9352c4bab10017dafc23894c6f6d9e72239d64fa69ec7c25e3af7dd8d;84e6fc280896080015e640523e5580f10558c456cb2ec683cac1eaa8196bfd8e;a2e7981bf699f68e5f6c70d698fd9149c08fa54fd1cde7ad475486b832e03590;9f746b5845827088bfc824dadf816ef8e3ace3aa76a59002a73c27973b083891;3a4fbd4b0a72dba2f7a9107c985d963b26a15894fd59feee9241b9da786ead91;90dfdfffa409ca98cf4af24b6bcce1350462f7fcf22bc6e5ed7c6f284e03c691;91e2f3c7b23c1a85160a6f580f79d8510b5dc12aac182329c37b7f45b03a5795;40911b48a5f96f0bf6c5340968f6e6c28524472b33d28e57fa2ac22e1c016b95;4afd872ae7cee18f0aef4f83e8c0629d6e4c7e00c6f66b62a7f9257115ab7c96;df84ad5226a02265db178826f2764f27b6b81719ccde80a39b9b76d3c8daf498;1b0410b2ca4c9c7691d3d5156ab607d49598a6195f28731b1ac91abf9004c5a0;410e13b6b117e4f3cd8603a3683a794a7acb3aa658c39bd6e5300350f84ceeca;2e45fdb487f1037cc2086107e4a7021010088e2f3deec54f9c4424b26bd612cb;653457d6cf7cf54f83286febcb226af951209d70274f361762cdc114ddde0ecc;365888643713325fe66f29e6f9644e050bacc52f0a3ad069a47bda958cc22dcd;2aeb3a3d1c988ca023eb379936e70a93de568889930cff0cb1e2e71e4fc87ed0;e714f46f56b14f157f53909fc268638988429559dbe642d40904802d725768d1;f5bd26c8b249e2606f501eb4acff2e5da49d3fda96092be374783689f78d52d5;cf1c26a06d7a0b7b990f743d6592ad73d2ac6fc6628d74d58f9c0bddfcd70cd6;829211ea31b3188718bbf6f095459f5f12aa256b6f3594f344b2e2a1deab39d6;093ccc8f820b56a5128de17f98c516c3eafe3869c7acb03c518f0cd2c91e1bd7;c58bc8a7efb723a2c78b63fb35a99dfbf82589b348b75fb0af128056a445f8d9;3a5472952b3840b06fd5d80275aca40f90fe92704886dff75b8660b8d47bc1dc;f1347e96e72b354ed8a9077db2cc6c17961c00821945ad0cc6649a1de055c5dc;67ac362911cf0e4e05aab5fc4c1bb1d3add29098d27376b87b5daae554c45cdf;366a7ba6aabbe158662e56532ee737e5d9f0ead6b7ca633d0423555efc3494df;62f3b7cc5381336bf0ff39f62394d0ed39c8d03239a001f27b44529049ab0de1;ee2ce7ea51b5041e00c4c1a92bd77a09c51041a6f64b6405f0006a8a4b9814e1;0dd24292a0118388359993933723624a29208113306f2011ee8efd7c5b99dee2;cea4ac4ddf18da52a97e26b488f0af55841f609f66adfe8e584a110baf3a81e3;7e63f9e237eccf8702aa20edfba3e5ed5e133c52a587a9a53dded1b860c393e3;ea49af5e2715d5da8f59e9b3638a2e7fd45f2c3a61342ebcc18dfc601a20fbe3;fcf92a97a970cf966d3071e45433b99678f795eb982811b37fa3bd4ae7646ce4;7af8f502970614b3695d905238d615b3e980c01a9abe1f89fb046ecd0a4a7fe4;869a17e5fdf99d19ceab068fd10be1d6c7887f84fb0dd6d345a5157a9919c9e4;58ec04c153338b75a1e58306d3f5a37f2add98aa2da80d0d479adc640d4686a5;3beac8ff4f8347879044b39579404898eb6c766beab73a59da6fe08ff3efb3ac;1ed75c47009823819dff2cc6d605ae128f187116bbda4a007ad592d32083c2ae;b1b1858c64c0fe6eaa57ded0eed102d34e921153776ebdf9818bea11ce9a8eb2;db27234a92d154f4c4a9a8d435afa1268e6c3b26f70df3987c0e0772a80c96b4;78e1285098902b65285fd7b13e9bf0fe69b0d0d7641f5eb939190b9a8350ffb6;db36959384ceebed912639a21d9f8e1acf3eb37d74262c30a599d55a3744aab7;b9c1f9a8b860a226e03f4b07fd8aef4fcf027782c9e69b38bdc4a1b6bd63dcb8;346e6d7de26483606f04d0b12dfdc98f98cfc201c992dccf4c988fa93a2858ba;f47f1c3e98d01f05dc30ce9cbb32e8f1d5854ada5db61c3ab00d9b842c8589bb;49224e7b1b7fee8ac59d42b4af49ac26c44dc4903c8ce5381da2773e357650bc;50847c88a6a18168330e9c82ea11056b4cc4079211d2a21242ffba0349ebb2bc;44713564b815e183ad89a5387663ae77c633f256721478aec49cff514b93d1bc;ceb59eae2600564bb347f2bc618cfb63af672490a56c6a5a8671108ac7fa89bf;7e59961a780fbb6c81af78bcc693ef5ffd01100a1bba196714d3c5326e8babc0;3d801f24858d71571e42aae168995968d7f81bf81e4fcad69ce1988088cbdac0;47f3459364ac94b3122e9f75363e2163a23f004a1380f1525bdfb4fb75ebe9c0;b4378a26b2d9796119552b903f5ba2913ac7231113b71d40db8e43e3ca1c06c1;88ed0cc9af3ade54064485248826fd4a025f1878ec67c42211e06d7ee48cd2c3;911a4f6e8058ed58eb14e1091e3a33a728894a42538076c208a7aa3cafdb65c5;248b4becadcb788e5c01899aa8e1a25f3e04e7f57afa82a936d04350e1d1afc5;1760df9582dda66b38648e7024ec13203529fedc5dddf82a1fe5bee6048c14c8;8a8d743227b20aa41ee8e82e014cf9cf4c19fa528063fd7b3e9fac471bd695f6;b49a6abeedf844689663ca305794d1a1d358dc7d433433f88d6cdb859da12af8;e6560afd6763e7e145a86f673f28cb374cf7a6f75e6dfd8e8c6c74282ce55ef8;a5d9a3502606ef8db413a1fed0a6924bab64422c4ce7e1692681957eccf57bf8;0ea1bb5a7c1e65cd5fe4832a6ac5b5c11414e50f5b4f36b86ebf7523a36c15f9;8fae9f5bd2cba352705c31cfe042f8f76085a9063caa674d401b934839573ffc;b4412ba18b0e03949609253f2d6d18e0752c7d4b9dd5069e6f2a159de9c8d3fc;12c5b94b654dfad67368cabb9f0de29ec0a723567bce44472aee537b88f7dbfe;eed76e27806f162b2a8a96bc418866db24ee055fcbc862993eac04f54d83b9ff;f650273493b754b0d258ffb7cb27a08c760e4f2d6ac7bacfac460dd8b1e535e6;ddd4970e3ecaec3d2ed0fd3fa095627782ba65e939bd1799747de542d65d3de6;79d4b105c30aa518777e40098158754a6d2be6963b83eca474685022887d54e7;5e2f7026e1f8082b3e8afbe6a5cc191098a4f5806a6bd542de99cabe2b7868e7;b1d57227c64804ae62eb1e4d98fc6af2d191a171b222e71497067255faed11ea;e34ded92be0738359bfcc7db701c92f028f9545c6ffa51e63bb2d14071a60cec;515195f52c845dd3318ee690a352e31195354e6d3e5399ab490b6a0cb4b0a8f0;8c6607820530fc09ff429a2f572ef22277e196293471764efe38ba906247d4f0;f4fb8a4370fb747e02c13c3d72e25715e83d69a9cb53674c1921226ef80f3ef3;4b2dbb6a32099c146342a9a636e3e3081ed2b39ee4439caf4837076cf411e7f3;e1e5be4dc4129589df46b42056da09388d82930d4c278a2e70248e67dd2b8afe;c3805d691f0938d52c60606fe2309b0c48afbb13384315ce2441ec2917361a1b
52032,17170f8bc6c3a673604a5add5e40c4fbb62e268875751bbfc3b83c1172168f76,true,
52032,1ffc2c72b97f5898e27ee5f2827b83d8c0a056bf3ff665affdcf0f0d38fc0826,false,e7ec933694764a9f63e88f11fe9dcb7a2b690d4364d807214b3a24d9b916972d;a142190a628b309d8e268a00fa3f6b7dffa0a859fa4b5615064a54d2763d2d85;9f83b207e0b105c400794b66cc5e1db620b7b8fdbba514d95b60fac162ab0430;2ad9ac05736ab2fd5fbe9d86154891d4d0ceddf629ac0fee2e942cd81f3ac86c
52032,9f83b207e0b105c400794b66cc5e1db620b7b8fdbba514d95b60fac162ab0430,false,7ea6d285f0e1e885e67d5e07c78d1593a7d385cc9f5418bef977b55910a38dce
52048,4154d8d1d208c418f755619094055ad67fa52deace0e7ffca8acece57f9452de,true,
52048,6a2978401b0102885e3b3c2f43b6d35e83493fb136e574e11a40a19825eaef30,false,7dbb29efdb64f3295c0130ab2d4679f81ebd3905d28fb7045854e23b3ed5989b
52048,7cba307ffe7945363d385ad0dc7f862af8645f7a0d0bd518d0fdd955a97a6fde,false,f90bcf18ee573a2e84ab7c116dd7afd326c50d997f05153c5e334f70e737111d
52048,f90bcf18ee573a2e84ab7c116dd7afd326c50d997f05153c5e334f70e737111d,false,b8dc3483a3b4ab62a443c58c94243388ce62b2e09d880ee8a2615ee74ca59534;0bfaffe1bb6fdd4113c194977d9b9c6c4492814effdaae05c0732368010c8514;b83fc6b0c27275985f022d5a006691cba7403643d0a4d300b18bb3f09982bf17;1b8532a04a5075222a827c7f9d2d3497b9ca183894d5071d72457ad54a706a34;fe489c673010546700faf326ad732c898a7ccebb3292a63e034ca36a73c44702;fbaf09c0b9ef22b721eb6344d7117e2a5f5b343adbfd4747123d2d8be5527504;294bed5ed87f77f1bf7ce2e5e725345b5616ff71de011023ec5dbb110c837008;ab02aaeee92671fddae9d59fccb09728703a86b89c969b3b1347624414a86c0d;e1564378567a029b5888f77fcef5cad98f2553fb698a82555b528c154e8b8b37;ccb3b122ba8aeed5ff813d0479ed72e06b80783e59d3559d9ee8455ecab66742;9140a66e046e671a72c0d6db0c70a7b21065552b48c323c21aa1582d0107984a;62c8cd4c78ecb3faf69f0f86c947c5bcdf894928d6a2538050f10b3b9832cb4a;63fd6801e5633e6b02792e9ade6ebc3ec0ba9951d201efc8b0b00361d9da4c4f;f608a2708c2126480970f9f9a1dc9fcfb16ddd64c37cb7c243fec92dd4a40a50;732a1c6657315356dbd92c67bbbe6a94199dbcecd23e4b3882299f52a6014151;9b09cedc6a74a46c98ddb7e1a76667741c67db2a795960fa8deb4a1efc08965b;b3eeb2d80b34694a5e00f12917f2f93ae11913887b4092bf7c8ac396d668455c;2af181819afa9a61de7e9e1181da15197b72a69eab922ced2ade691f6f16a664;554f914260900220ddef17440a2813e4566f97c50a9a04808c7dc23e43c95265;e78865e4da2eef346b7414ac6154d098e6f42408ec3bedbc165aab160d04e966;c226c4d0c9c99f6921a9516dad0d9d0356ede29cebca4fc2a0c5bd5d739edf6a;9964d974b6b5aea2c4c1a220db671321ee55374280a9efbd1658d46ae26ba76d;9e224d3c19a5a6b7549553552e1bb086859cc0d8f8e51f58edeb8f684ddc4c83;99956e9e63116a3be3efdaf93c3c0930065c375e33dd49fa6629d28af72c3384;d9010d8d02ebb6ed86131b686f798c85cb6e699b0921def613a849c2f84c6587;130c2b66783ab5ef61067df7ac9bbf4831e5383253451b3c2ca89595ab358688;1e3abbcfba689fa3d5c3514077302b73d7be3b7dcb6a727dfc6c5c011dc21c89;4bd3fd5e1f1b28d09f47186a164febb0d7d255cc8c419265c9dac2601acfbc8a;a6255eb34f06af1e592b6ce454f777aa98c133bee56343be248ef0d0c804468b;c312427802ca7c7c9a320b984e9cee82bc5efe14ea6bd75b59a51ae8da79aa8b;839840147227512697c0df264972b54928ab22b0d8c8e0df7f7557a95559598c;4e9f8f14e8ca37aaa7a97a21ef26f99ef01d04a57c930586588e1d14d5e3748d;7953da6ca15f5ae9016d19a16cc3ef971c22ddba4c5d26bd9ab137ba68bde48d;3d07878f4dfd1c1a29c000dea54e3172fd5949a2f775801dc5dadc88d0b3d48e;a26deacd45faa873eb91f6987b4a588239d6aee5a9fa15b52540fa10d4c19893;fba27817eb10f9917b8663c88c94f8c918dfa8db92cabf9c568cd9c6e7e9e191;65a7bc6c56b7d629c76b017c5a4316b68cc8355e7cc3cb8b01f8f313763d2896;9de5c03be6de4edeed5fc8e6e1923fd6f0bb670d81844f5d260934317fce5796;6e67c11064b6a4b8ac29bab93f27d3384ba7d72562722e74198c07e8b78a3e9a;25ac903b5f3885328089d0e80ca0f1c12d7bac1e33a29dac7e45589638b1619b;23e189907d3caf37b4e6ad2e842e573b609cdeccc4119b7c8ef5d45474742ea1;94517a487a1fef9ba5969730aa151ff5a643aaf01b24b48f9d6c162fdfb5c7a6;0bee12838a1dae28504a9adc24699ea2863b802953ae2685a19fc8cd1fb381a7;be395b3751b86d7bcee6328a43ae4ef5c2a890f7a14929b2e8da2d7dd059f1a7;d3a254a88d1e6be18f4478f73c67bc9467e0b214db875c2dc12e5220bc57f0a9;1de43a65130003862340db5572d3f211d7ade226068cf0c41d27af974efc15ab;deec8ffd7a3008408bac6fb958d0539ce0b24529a2fe49c50f61f438047219ab;385247fff5a5d6a5cc1455ea94225b4219b0323a6867efed4f24d62ac2e5dbb0;3ccce1069a7184b78eede5c03aff7a61ccac5e4919258832d31e0a09512365bf;150da6674f7cfa2f95a34aca9f0dea071754ecde41ff4e63b29a6caf45d1b1c7;f63d027d8817f22f17185a7deff6795e4ac551968973a4d1754b99a45fb24dcb;10d6518ed1a7d602e09c83af2ea9b1a77ad6e87afe7089b8f34cd4a5c05fdfcd;62fe9a4f0ebde917ea12f136ec3c8deb3384195b6e60f7b7a7eb6e0fa830cace;2857807ef3e16ae06b0974419ffe2ad047c8b015b8cdc543c9497f99460614d1;36e55ae0911cb6fd83c07118771647f19cfcb0f6cc5ae2074153004149c007d3;5b33f7bf764a46b1c99e3b9df24305848edb3a2d25b845634793f01bc60b33d3;09f6948f18fe5aa946820ce8968f9c0863ad1e80c0ba2bde43b84287ff3c23d7;7729d8476e61ebfb29f579e514378fca6cd443f3566732aaeae6c346528d54dd;520deb74a568e9199401066f4b2a29bf0bcd5e0120482a158ad851c8c3baacde;e485c37f5c50d2dd5aad58c1364546526d0c830f8f8d2bd09be41d02c9b528e4;2997c6a9d1b38864b812f4fa44d15b9ac3e8b0e5a231bcd9ec394cd342ab73ea;74623cc8ab0cac3c8a3756b306ac087d179859c38c36ebfad2450f002482b2f0;8690c74883803638970d7a42a00488e43b7395bbe32462b754b369b97373bef6
52051,0bc95130f019bfe18661db459c667b38f369aa8b05336bdcfd4eef4c64d901f5,false,99f34d58c7b94f9b05339ec06b469391f7e3709a01db334b196afd080ba32a42;919ea5a7cc32f9c4bcf683282383bd099d0f99dd45f844081aa682067134fd12;8f50d890d5c2f0b92d1a2187f5bdf5934658318260011e51b055a008bb106fef;99d7a2df6e2e32387f94e86d1ff94808c81b214ad3263f65baf1931f40bf100e;75dc05acdee6b12dfd8f44f3f260f2097f2a13be2e636a558a24477434e25e89
52051,6e5d35549c3fd80fe6308488c4fcb45de20ef8afeffd2da458caa3e83e95ca7d,false,428eb306aefc6a6aace113cad89cc37723749e0062d3147e74fb7b517f99c2cf;f8ad9764b2327f6cef2131bd2c9502065a1ceb31c54017ce97845cfb475ae1a3
52051,fc5759d6d20c60cb8533a65dd987b66666b19afb3e94aecee5daf755822638fd,true,
52107,9628200efcd3eaeab6cd262f89adc34b06782d4fd76e0a6f65d695cb9f7a3f4c,true,
52107,9de8f74c1f02956de73dae85beb06b625ce35821363271ec7e4fe7e545ab3914,false,66d3fb53687cc19f2c18c64c2612b4ecd04b11a3cae0aba3cc1be2eb523ea80e;469bb759548a9d95bb1fbe46904fc0a0525decd48da574c4927b34ce1b3fe160
52107,d9d6fb8a7594910240cab26f9aaddc3998838566976ed0be818a6002327f9586,false,8aae0b86ba05e0d882618eb651f6d71443e9ed6d85441446ad48ec11c283483b
52108,11e1611bedde63b6736596fb742d4431c5f81771c1b1b58e345a0fab993088a0,false,c4c314ccc071ca4c54d0a1b187dd032cf954a07153e499327462f1f3c76c3f7f
52108,35c836518adb3344f9f0a532754e221d47736101174bcedbcdbb791648f5e1a8,true,
52108,479f26df6c16a938239de09b8d09a793e8bb62e3eecdd5d65ce0829f4d182a4c,false,f8122fffd420cc49892ecefa40153bca5cb12595dfdb99fb451faaffe60bf9d2;830d81d865347d5fdec9eae931897c40f94be065b1886f22b40e3d41746e2c55;1a299ae834ddb75913fefa4c98984b5acf08a4ad86aa782033d3ef9fc7541dd1;7cb8e6e8a00f1737984a3bd4a74761aef89c833a08902651a65156b800b4a9c3;80c288c7e34a5f0e28b42ce4db51af59bd3d5157c793f30745b1e46e4b2cef39;685eb6a3aba7eea518a4060e715c59a612e94a136ddbf1e92cb940605355dd7f;c24cb73ebcfb5b609337bd9eaabda9c10160641ccdd36681d00c0aef808e0290;cce1ab0dbe642f7d7d6d47f49fde1038e3e7bdac9b4cb62fad377f0b27f90a3a;9af2429b06e7b7fc3a48e9cfd295eb58889ea234e619baf2420f2d960d9bdb89;ddc88991041b6dbc5faf4a78d56a4c2fdeb785ff20d19859bdff6a302c795351;36a34791d6877a870a9a97a136d7802f502ac7e8ff4dedb304cffc2831720fa9
52108,4b97d39dc87c66d74f3e94f53d77519f361da921b077e2e4ee96482a88b0398a,false,2cb13443e48fe0fc620606a9bf26bc424ec6742cc35065c9687ce21ae356e33d;e0a19db82ebece7a7184de7e3354359d777388c8cd474a720f6b2790bf561c92;510a6f939737c5bcee113c3480614ec6ff4582eaaf1f560ec24eda77ad2073de;8adc1283188d5da52aeb5b2d096c076791765fb53e0b073efa167d51057a4f45;9c170189f9497341e955163c5c19bb0cee16219781fc19512692a2c0dc581820
52123,312b0c50e3252c85b525b52bce9a0c63a89aefd3e826bced57d7f9d422cc7500,false,b69deee4579e0b36d09852a959b7c8f78a1a7aa5880f380690f34dfeb90dd3d0
52123,49c7c21c427c316c868d48f7a25321a20f7aa806046e187e87151f4716c6422d,false,49cfb6ca93bac54af925c780a7d19807334f5cd22ad844b9880911b90d78570b;3214d8afd727aed7d72b33bd0244aeae89ef6fdc54629a58dc85630f175a411c;f95895006488c5cc0ca7c30911e1c0b6e48f31f40d18d4b4b5e6be62215f0a07;5f7644d06e2e07e0d5fb52be70245924c7fa994dbb984fd213867a7b23328f2b;36f315f12aa5dd223225fcd0c3e25182be193f3d5a29c0290142040391ca034c;f646b6497cbdccacc7be106003f6c19fa14473c4f26ccb18031b865fb021e857;8c88c6bd4daa6311295906cc2a3a7b5392404d8f3db806859426cea7bfa85359;06a328c140ea9c37e4a82d7d783dd86c64e751801c584f3dfdff607ad39f5a5a;4dfc27d7f47c73ce15ed13599efd86682bcdc35f3ebf3c0536f3a6f26be14763;8c3feb7f20fe9cb632da58ab4f85416a0597f357c9c3bc7e6606495786386c5c;f742345e0d029985df0c1cb3429090deb2a0110fe5c592ecfb9d6fbad75eca74;7dae8550f023a23d4ee6e9df8092b3851a29bd00eb94e7f17c410e598c0a2275;af7b44e819bfff5e614405aceb09218cbf1a8ecce3de3e58134685a31247c57a;1dfb94e2e32b0a44b89d8b56a01ca841742b12934a62df47141671d7e7429d83;673b4396f795fd255a026de6f7f7cc8c1c290740d38102d2a0755ad87a382985;8b49c1e8c974de7adff234c1ede27ad12a7a1343e68dbb732b9a3af92df42488;02d450e673074ef2d15249c737ff0d52ba2ffc751050cbe42b1c357b51aad48b;e1dfb5bf4c70dcb26064e1924b54970fd086a1d964af2e7bf4a8707299f6e38b;9eb2cb6681958a686f3957da15a8965e0379056941144aeaabda4364b28f5c8e;f90ccae47ab1a7fd6592e2ab3f8987c0c9b933dcfaf1decc7d0fa5a2a731d6a4;47528efc115b03e1251568fadaee146772915004ada58ad3cd008e753955b1a7;29bff09584523b44578d3293903d24c314f54822f4b002d4109d7578201d33ad;c46117cbcc0c1ece9e12acf841bbaa2a6ad50d48e4e3bbea3a528fc3ac3020b8;d96423422dbd070807ac8460de4b159c1cd5c710becd551b2a4388047d866eba;112a85941dcdf7c3f9719d5d9efd9efcd94cd7d6d5a512b73dbfe3c07441c3bc;e0f227e51463da16492bfa8ffd4b19387b07d410217aebad8d510dc54c6d18c4;23a6dcf921099baba9d55d8d1d928b97041c18fbdcd7603390c12611276dcac5;eeb45c667b782d11c8792384957abf9cd3653b2c399ea8815bd030752f25e2c6;b83ade26b3111abb9a6254de892ecd65d5bf9aa795d2d3f7926566192b0f90c7;ceb03d250b2e788952d9e9aa218e0f14b55e1c0deb669e1cb37616e67efef7ea;43cfd9480c21426e048a08d5cc92ed697310b29f22492cb6c4dd664b0fdc48f6;9b63a649c409a29745fb67337c455b7f05c55761072c54b88ca4cc6bdd6220fb;bb80d5bc003e43e49595e3fd9478ab8460fefe725fea16786c6ea15c71f7e996;312b0c50e3252c85b525b52bce9a0c63a89aefd3e826bced57d7f9d422cc7500
52123,b6a0e4ae8feb6ef261ca5159695b3dd2b52329a7bd991161f120965fb44d2eca,true,
52123,bb80d5bc003e43e49595e3fd9478ab8460fefe725fea16786c6ea15c71f7e996,false,3cff76be92e2581a245f1179370e8ac0f9036aa264964e161194a4ffe1c62700
52139,108491a264e827a7237a56bca1fd3b099eb4820a47fa7cc655feaee822076be1,false,0f69d7cce1161127877a93b8b519cf644b3c2f0f04a69449d68147e369fe4cbf
52139,3f19a2473844cccf7c45536f2559e72087ebfb3753a45a26a7b9463e3b80bc2c,true,
52139,8944def390ea9bc5c58f5ab32e1353ee841c86a3be12c774bcf938cf8d7eea5d,false,7c816e96b1e6b1e41bdf35e8d89fcab3cab24c279766480f9a513bbbb5fb06a5
52163,0c2c5c4e98f679a2dc601e7ee31e32b05c01de5ae5d0f0fe41404df10f2bae5f,true,
52163,b338535600e2752f03e18ab318da783a6549544303ba84f3da1849a4bd7ba800,false,cbba48105596296d131b1af03db9c139a2e74aaad1f01a79dfe173c28071688d;c3b220a26a044721a7a0ca40be705b70d7693a635b35ee1436f0ca0f466d57b6;8087b2a71808d43477ee9364747845b8236ae9d5664b2d611fd2abc761cf40f7
52163,da989ba791a05e88658c59d7ee0328b856c1f55fca6e7ea617374dd12b887f1a,false,bb342ca61c786458a0eb5d77b1b996765a150f12ebda4e87dd15f9c47a3cff07;b9c28582b5618aea808d90741db3ce24b4533c375dab5a40855dafaa029f4758;6fd348f66c656ec7e6a8f9d64b4b070890b9c5667f7dbb37a2d0649916001e92;622ce8ae16d9f8f7aa4b25e088418bdbd1880dcbdb7c89cdbc1217f40461c7ce;e22a00ad97f4023f254ac8bf916d6d93bb1b07c5934bc770d9cdb35498cd33e1;73470a86ca48e599dd4e26730ca6490ffa2ceb0c4dfafa1b71cda73f92aee2f7;d09c5e02e446bd477000d9c08f674efb696aff2ea4d799dc93ec02435eacb952;f3edb458cede2b128337a572b2a9c9c247833131a6a24a0e016b2df0a6938a8d;df6d28e84ea4858510206b1552d8338d6612298927bfa3e5f9c28fd517a0ac6f;f875ee99b756e4ac9d3086d547016d8d3133958cda2b2da46fa5ceaf11b93510;7bf4e25a6e45ec2b329a91d45f14f90d21a3e28346d5f03ed7aa81c13b7f6587
52218,005efb605eb82cf11e5f151938ea2337912aa56c046c25d0c39b1c72a9dc2d10,false,04778245d13e9b9c17c8488f3ca9508bd600cd33d3988f6c610581069ffd46be;3ff405e4245ebbda51c2a4122a6224a1cb8eeba165ff0d05d90563f900047425;e60a345ddf8015122a17e8a403b4c3a52b0c904d527d5d5c501f1c0e144201e7;bd90cfc6782f88949d07f84dae5e3a88e1cf0a9ad7b72acbfbb6f3fa17bd6344
52218,70b99bba26dbe09294e4530d9960556582b075171c70e141cf0a5d98f9c78db1,true,
52218,90d25edff5295631b7ce59a0a64486fa816ee75be9f1f207889db92b9815903f,false,b1c97e8d2ef567ae5098b148e9629a84f7a41b1e6859096d4f503844f4ed6677;79ffb385b6adfe78f0ff492c66b3c70008b190f6fbcd5d0417369004ee92a2f0
52218,938954c705bc8337f927713e685a24c83b6f4424a2eb708e2c09c1583d8b86c5,false,b89cc8c37d731d096e6bf907447b1de92a3c2a6342dede791244b6b662c30aba;9cb9175ee9dd85ab2f8e921c32898194f11a9fc9c869585cb983d1013aa30fdf
52223,118ffa26c1645625ae370b2b59054c5e966acb16e066e8caa5047f7b093734b3,false,6bc1aaebdeddca6ef7520ceea1187acab2dfc8a220344e391e1ee2896593c08c
52223,391fd54d5ded54f6fe14480e0f586ad017b376f2d6dd1060ff1faf65ef3002fc,true,
52223,472d670508d636c996551636a1b82575fcbe5d01c07c89c79f746107ee61bdc7,false,118ffa26c1645625ae370b2b59054c5e966acb16e066e8caa5047f7b093734b3
52223,8d0920929269aa320e2fae4d9597f9cb09be402894846a7c935b1ab25fd0f51d,false,d7a6f268123893f291b84f204d6154fdbadae4bae8e5909d2862b47a5721f9c2;e346d4c853f7c099e889409f5a41b8ee95db24e1e132507f88f97c338ba6c4e1;d70ea5f4325754a901a277cd8be818d45cc2eb4d4e275f229a18572b1c4a33e9
52224,6dcd1eeb6239227b106633309a1e0c920ad2c15521311b46ad31b5d70fcd8e8c,false,eabdc01a6b8798911db73020c54ed0b5b684be3bbdd37748733fbad2b009c788;89d02ba8fb2a402810303d64010448d81e8e4922da785821d6f002db6412e79f
52224,931100c4959c257d1518af4ac45f762199c73703ed6ee057e2ebc613fe25f75d,false,b400191213c71561338bfc488885cba9e7bda916ee065350a246fc3c1d3d3736
52224,f93dc9d7307f07b6d98bcabf3153017701f2b01e0626bf0947603c3ce6a53b5a,true,
52313,1d934cabf50bf1a6a888c39ebafd208a6d335c16265652234aa3a64c164de912,true,
52313,22751f9c451f2c95d5ee2154b91dec7ba591688d1be1b5401f44ff570ec1c3b8,false,c13c5ec4edf6c6f3e0d2eb15caf41055f71691b9320809353a75e2fb3b2c1245;640aa7ddd1671285e8175336b19faaada6974133ec82f252c193d233f1911c4b;dd18a443175358b6a4c556565abb6167fb214708f444d53c101d740511246164
52313,f1471b9274a03a3d01d49d07234c2b09c2a978a0d967eebd86e52b9ccf4f2fc2,false,3906e43f20405883d5be28286923bbead71c18dbf1970f9d3207c466ff9ea839;f2e2fa7634666469cdb64e0bf495acdabc4d9736b7876ff5d61b316293bcf459;2343cb24deb9689cba3e628aed25f788604d63cb9dfaa7e298f1aeee09ae1c96
52331,03a52f35293c8f36041d936da73ee7b3a90a03a5e4f030b13498f1da9d0bdcd8,false,85363ac4a0912d845ad0949ced60a1158af3cff2cdd7ebd3b9c400a06a1aa019;41051bbef4e64f0b26142440a9c874f7255850ab21e58796262e9321c7690a4b;fb957e7eb4ac844296e9c002610014cc39f340f90b400acaf2dcece7522efb70;6d5af6e759705d1c50260792beacc123c9511b24380a3b979e6a6b6c35299f7f;1180cffca82970be702b8f4d1206fb314ffa6b400442eba39e9adbadff4b1de6;066206ab7de04b5d04de7e904cab7b85bf650bcd60ddb7dd1e49b7b57b8ac2e6;db063d622a659d2f888ad24bf189bc06e591664ac235190f908f5ada04ee8be9
52331,30a24c5dde097fc2c3ea8cbabaf7719676197e9227a8da8e44f7fd9c6394b9ea,false,1757bb3fd6096499ddb9396268376f14fd8af53c9514fd76762fa50ffbdf7372
52331,e15af2c362a1436693387026892f79d9fb8c7ad3b5f3165bd41a2c4cc7ee8785,true,
52340,801eafab27e2eef92b75ec676aee59b0bd0421680f9adf3a94397c879a180892,false,d132d793e0cc70bafee0dc159d3fe2a29d9897ea68332f73bcd5153546267cd0
52340,937f20152aab2bbbd9e0668740fe014c35c97062a026b53e14e6b50f052cba92,true,
52340,cfc36b273eaab0fe6735138e5a4d9c04dcf469db7087bdfac2f5cc7c70122c8c,false,06e8ea3754f9aa113b178dac939f6827422009d2b88b3531f83c85d769b8f2ac
52340,effc66a698cab14c864ac6d598bcf46b1c93ac34c112a4750febbd9045617c42,false,c6e32e9f3a1b8b33f26fa9c68e264e3a32aeb0f2e1645b6ec7a6ac72c7e6fe3a
52352,2473285dc48a3e45cdbe393a784a78a68733bf22cdd165a9cc9b65c69f71f046,true,
52352,6c882747be6e0a938440934be14206bf497d07000a9effedeb677f6d5799677f,false,118ffa26c1645625ae370b2b59054c5e966acb16e066e8caa5047f7b093734b3;801eafab27e2eef92b75ec676aee59b0bd0421680f9adf3a94397c879a180892;e32e903f6cb7f12dcf764ad848cc63c4ebf5cd65decf847c11e6203de5285236;cfc36b273eaab0fe6735138e5a4d9c04dcf469db7087bdfac2f5cc7c70122c8c;d73eff605804b5d69f525c04c30e37bd9766db3e1a383bee08b515e723526838;52922988b3c088bce48beb40641d810c52a54bd19c8673e444de030a4bde18bf;effc66a698cab14c864ac6d598bcf46b1c93ac34c112a4750febbd9045617c42;472d670508d636c996551636a1b82575fcbe5d01c07c89c79f746107ee61bdc7;931100c4959c257d1518af4ac45f762199c73703ed6ee057e2ebc613fe25f75d
52352,e32e903f6cb7f12dcf764ad848cc63c4ebf5cd65decf847c11e6203de5285236,false,0b6f3a354b9704bbb9a084bdd073221104df54b030a46fc2aae29ba1f038cc96
52406,1fa8ccc264b4ce74f8367f4f56920b8988727f09938e9f2fbc208e6d9208bc3e,true,
52406,6695980b66e07295ececcff21e4301183df6736b9b5a06c6aa0f5525754d2241,false,d6c7d494e528fff9e0af7b2ee6b8c5fee70b3006e695133490595eb5ddf1d2cb
52406,87c420873e68a14d15f995ee3816abf15e6feb2bc747d3e05bbed7eee1d713ee,false,6695980b66e07295ececcff21e4301183df6736b9b5a06c6aa0f5525754d2241
52419,3e665d571cd7d655ea94bee240566340ce4c720d78d0b17cdad0e9a0feca9fe5,true,
52419,5fb62affb7b59fa9a3508de47a5d484e5832122833d50ea4e08f170762a4e1fa,false,dd62a94195f9c0cd846702150fbf9a4c9e48ec2bd901765586fc194e4e6c1b64;881f356833e5e7c1bd5c621974a22fb0df1f1b68724ebbf3197209c127bd6612
52419,7f530faed72c12d6a55ffc22523c8b423825128174b754b6ed4f00fbcbe43e25,false,539d41721de0c5d9b746a29ee3dfb0b8f8d4d404698506d4f3352af2d9953057
52428,2e74cc7b9a9074797290b598a1f4c4d8ce893043013790cd170494ff73541d8a,true,
52428,c4be65d84462c5b7cfc22b6f64443c37e8f2a82b208bb769af33eb8f72f0a19d,false,98ef1f90f276ebe3dad134d28378a072ea2c555a1d99c0618e19533b70671834
52428,de50348509a78d5aa4068ebf073fa77c0798806d42992c17361c57deef97620f,false,6f7ef9185932acdc62718ff9172b0b496306ad315c9d3e319a6cca57847239a8
52508,1a1c29bd85fe4723291ca46b255826ef6d61e49673f892b67aa30f3952256924,false,e256563b1b37eb99a3df67bce47ca8544233bdcfd09effdf4d10ce87b1dde34b;37e5a2596f2a1e4886bc6e35e828a8952cb39b8062931632b27c78f96c7524dc
52508,20d26146298559ed3c553435302b426d599760cdb93c45c0c68b43801b64ed46,true,
52508,8640342d5c7bce83cf3e3195b819419b2b448b3f2fd993de53741cba91fec607,false,0e340295ee134142ec22f4cb3b839da1b134ff06e25fa109499bb570c7ff57be
52508,d0cfc49f3f7951711a27b39b93ceda45828270b168cd0a67f02530da95fe538e,false,72e83a335b0b8c16b0e6172de242c91df3194524485df73338e22b6bca22ebae
52527,1956d6fe6ed0c49be85a1241330593eeb18b831d09630c2c771db783ec7c8b42,false,45d5b163b8dab0e4637ce1b23dc931da82de4ea946d5e6f592047d0615d321c8
52527,27f4169dbff3c0ac5d6510440d6a2bc05061c3b8db68c7301ae7c741e1d073fe,true,
52527,c5941a80e4b3ba9f7dc144b7fee6b95e124ef22b720e11906903981c467c2410,false,44c68485b6ea0a379f1d28345d08d3375733f394ef467d617e811528e490e6f4
52530,23c922ba8624fb15c8691d34fcf1c5b7e3a1b65013bbf1e5a676aff813cfd3f0,true,
52530,360bc5cdce0370bad9dba866c3eadca67a8cc2c057f11edde49d07d6485c3a97,false,d9dd661d7babdff1007d1c92a842d38bef5f99a83a2227b0410dc6c6364fbe1c
52530,98d6bab990b965f2245f721a34c8ee2665f7256b6c4f97a04dd1d2aba8a807cb,false,360bc5cdce0370bad9dba866c3eadca67a8cc2c057f11edde49d07d6485c3a97;360bc5cdce0370bad9dba866c3eadca67a8cc2c057f11edde49d07d6485c3a97
52530,e4a115a139700e996425c92614a29a26ee262f96429fce9a03613b4d20e81e45,false,b5ca38a1029e38eaf29749ceab3f72f2e008284cdd0498b0676cdc15143f7e32
52559,a94bd9c30bdc4e87870dd3b196e778f956b084f539a29a55fbe80397a428758c,true,
52559,bacb397b8c4ebb3ddb5bdc843732df5b38931457e6ed5f981a62869684c00e31,false,f6f7e1a574218c3f97956942ba8a112eb4919ae610f5c962a6263b7ddc0d6212
52559,f6f7e1a574218c3f97956942ba8a112eb4919ae610f5c962a6263b7ddc0d6212,false,3fb05f2799d96af80af92ef86dd14a3a56e6ed973942eaad0d2472e80246f5f6
52567,334f53a61bf533ebf5eb85c988aded6d7b1fce2d85ac1977403d080bdf389231,false,b5449b1151a0a88f9b7b1a9c1151f5035d991708b2884449b35441a9cda4b110;dc49c533e2d29f8f1dcf050e7bf583310192ddce43722e2fe083df908b176979;f6f7e1a574218c3f97956942ba8a112eb4919ae610f5c962a6263b7ddc0d6212
52567,8c6cffb01a0afaf212335bde55b41b006d278fde0aac28287f5bcb0dd79085bb,true,
52567,cfff478229e6c53a05a3b7c58fdef26ff93cec0cb7bc47c7bfb1326134083974,false,8b5cdfc3bbb525f30c5c240663274accb8488fa9b687759b083a9b3811893f61
52569,335718abdcd70b5d21270460695d3f50ddd0e3d7a93528bd988c64b0a72c87f5,false,9a3017bf6d4ebd9d710400fac2ff48e12f095482b15e671abc1011549b7bf850
52569,9a3017bf6d4ebd9d710400fac2ff48e12f095482b15e671abc1011549b7bf850,false,334f53a61bf533ebf5eb85c988aded6d7b1fce2d85ac1977403d080bdf389231
52569,d9f7efd3ae4e7553f104d8604ceeb7e471b883901792864bc67dcd9148f2e33e,true,
52632,7a8a36f68d265ff49e4df5215a2a6dd922dbfbb6cc695399d2b10efd4a75c47d,true,
52632,844762611c4f3ef314231a27e4bfb56fe97e7563f0828fed19bb01cb3d4bae35,false,985af845c606581d8e53639398f23079a4ce84e83cf5181cef7e8630ea201867
52632,86160dad4f6c7c1cacce8a900333221a216a9b18fb6aaddea4b4f87c784400d5,false,9f0a2fd9f119b583ed41d1c0b6f75facf7e7d2f5a098be9cbdd814c32e1d0d40
52632,985af845c606581d8e53639398f23079a4ce84e83cf5181cef7e8630ea201867,false,98d6bab990b965f2245f721a34c8ee2665f7256b6c4f97a04dd1d2aba8a807cb;98d6bab990b965f2245f721a34c8ee2665f7256b6c4f97a04dd1d2aba8a807cb
52633,5a77e856edf464860edf8ad78821b77aee89476fa61ff05b5d6463cd0af9a8d7,false,5e65f691b6e3484531a076edfc8e91fea5a09a089e64cb74ead274db3f8d4e49
52633,5e65f691b6e3484531a076edfc8e91fea5a09a089e64cb74ead274db3f8d4e49,false,844762611c4f3ef314231a27e4bfb56fe97e7563f0828fed19bb01cb3d4bae35
52633,763b979a076b8ba69c12f6133cdfccdb48782d15d2f834837f792e5ecdbe7d69,true,
52660,25dc9f78abcda8e9cb7636b71004368911a6a26ed01549e596c706291085f471,false,788e40f8834433e03b1a8edb399bd7a59ffda33bc5c9dec5d5e967f9c6aee8cd
52660,89bfd1a30d418ce20624929ea62482c4863e1d90a4c13df944dfff5f4d8320af,false,143f61ff61b402dafc8b4c1899b3c82806f7f1ddb0455d2675867972328ccb6f
52660,b613a6ed86ca8ea75eff71c64fa0991db75831a27bc06cd8d54251063542956b,true,
52665,04b52e7d01a5f2e1b140fd3d163f7808b9bcf9ade916d55499fbdd575ecb25e8,true,
52665,1b25f78ad811ff99586f875a33ec9ca9a1f107edf53c8c990d93f880ae143241,false,5fcfd8c19e56e50eb20e7f5e7f373ce6e201806724d68dee6373a2058ad7bc64
52665,aab57e1fa162a451a4f7804a3dd2d5b151047233d44280341fcbc3e5e7f2dab1,false,14bcecd4a42001f10750b17e54d37d490d789b9a9c68382e35cc50a24005b554
52665,b04c27d651878883aba6f87a9149ba658b6fdb6f6118a42abbd97dc65ebecbd6,false,f87f8a9a07af30c44e14a252f4a17688291d2b75daa2e38a143034d213a8ef70;3e665d571cd7d655ea94bee240566340ce4c720d78d0b17cdad0e9a0feca9fe5
52668,80949484a7fa036bc3800a580c3cbf29273b4ef25d425bd18156bc4a76e5a89e,false,f7d4514d461123dfba26f0113536e08759929de51eabb4e14c445ed122076ff3
52668,b1c2397339a44583edeef4f27b26296a1d215a909384691ac9a0be949d509cac,true,
52668,e457aaf46d02a348321635c727f440bdfa253023211d4635e166823ec27c3c5e,false,9fdee49b8287f8a0cdf88af9eb9df8143242d81a77cc7c76fd61b64903dcc97a
52670,0bfcd7af1c99e95a596c705aa70adb5336cd0795eef08ca329568414963d3636,true,
52670,2879e454498eaa2c6cef82d3b176c8dc666806c68ee8cd29b62c46be33d11b05,false,b1373e0bf243298c2d5df8931adea6a965d6d2167cdf9c834087032b8f30da27
52670,8a0c5b3725f32a43d0c340b3e8d12d46ee4ed8b2e18e553b1c5a87152380cd3e,false,9f0a2fd9f119b583ed41d1c0b6f75facf7e7d2f5a098be9cbdd814c32e1d0d40
52670,b1373e0bf243298c2d5df8931adea6a965d6d2167cdf9c834087032b8f30da27,false,86160dad4f6c7c1cacce8a900333221a216a9b18fb6aaddea4b4f87c784400d5
52674,0a7c453c6bb4c3dcef2c8f2440d46023b00c719eee61f430b27ebefec6900407,false,eac5fdd0203c7a1e9f0a84b3968cf251e54ef5d43543e0165572986ee604cf76
52674,7baa6bb1d67c30d93d69dbd41dff2551c889936f4fb5673682940383a4912e62,true,
52674,a94154a9ec4d9818d59b405a31e4e1d38e404f387438f6396d1719600aa2d238,false,dcf23bd48069defa9ac4eb90c3c09d48aa0d9b561be7f538458c05a784337d9b
52680,7c9f3955a57f7ba6fecd7a50a7cefd48fdec191168b2270ff3f91da24be44c1f,false,a94154a9ec4d9818d59b405a31e4e1d38e404f387438f6396d1719600aa2d238
52680,d3bd1d2cc6077bc54bb0992eda95472589d66367e6b6c4a86e9f3c503859734b,false,7c9f3955a57f7ba6fecd7a50a7cefd48fdec191168b2270ff3f91da24be44c1f
52680,e1fc8bd5d8d50c7f617a32d51e98934428aa380f28f714d31f5434be426cf965,true,
52681,78e0728510f403f3120b48ae2ec00d83592c42e290ffb0ac448d814fb18bc4c7,false,941295bc96a1cf6808fb489f3852f457796aa93deb7c33bf80446ccb0fc8bad7
52681,96d7ca3a5ae5628bd02bd05fde58ec8d6687965bf5b1df63ab31bb270897b9ac,true,
52681,e423c60add081a973a4445fd6a95630c28c14d9be61a7e45e6106ea3ed486544,false,331a45249c9c2494298befd7d2a259eeb766fe65b1b4a12b4fc46e5a7cd8c18c;78e0728510f403f3120b48ae2ec00d83592c42e290ffb0ac448d814fb18bc4c7
52682,3bfbf507254992e99873ee114233deea0afa84ba74dcacbe0524faef68b9dd76,false,8a0c5b3725f32a43d0c340b3e8d12d46ee4ed8b2e18e553b1c5a87152380cd3e
52682,3daae9acf7661cbe4bbeee52af0cb2a6137e39932ca271c4c4cdcd99fe294de2,true,
52682,f72e0866bf2bf6709ec864e01210646acd9e8b2cbe5b7249dc9136e4726851cb,false,d3bd1d2cc6077bc54bb0992eda95472589d66367e6b6c4a86e9f3c503859734b
52683,609c6f3c3800e26dc259f488a9a5074636c50dca572a5c8f0926777a0a470691,false,30df33d7bccdbf9126a456f158dbf1d6325a3e6ae5ffbb2b2cf01ac2f3f99c60
52683,730e0a342152e4276ef44f29d965df634203d90c4ffeef738d8e9b72af6abb7a,true,
52683,cd3ff4905888855cdf7a00ed3842c201fe7b0f9603181bb828d05c1a6698a776,false,d4c2f14114aadb15452a4756d52f1af2f7a12fbef015acd39f183de8621d01cb;7fcc4fdce4aba7f79262a3a7f156800b6fe31f7244dad9301af0305c930b8497;300c40d43616c4a0d05948de1c3a2fa4f3ecf151390a80c954bec301e341bfec
52703,205e9ce4e1dfdbf6cd2b60be405b80b20ba8053c29a0101c965ea505fe71a4e3,false,fcb29d6de10b098871b233a5c84272328ac5fc08ca65d245972c312a08cc0346
52703,97eca6faccd3dcfc91285166a79c43528d7d2da0d8f6877121d88ebe6144601a,true,
52703,d1bce38c01d9f9605c1992ed31c744a4d3774b0d35db9a3325592bb69475300a,false,205e9ce4e1dfdbf6cd2b60be405b80b20ba8053c29a0101c965ea505fe71a4e3
52703,f55dcdae38e9d43932970ce90838f93573224d9947924f8245f956699e12f895,false,d1bce38c01d9f9605c1992ed31c744a4d3774b0d35db9a3325592bb69475300a
52704,2e0f07339afec324e1c58b829eff8f2720fd69ddf27d41a22161c3a3f3742f73,false,7512e3f4936094cd7f08a05af5cb5ff063eb47123a9fff6583117ea804115828
52704,3528ba79b7d2746df7f5158a18f1f86b7134710a9591f9bf7bd2c3dea6733b3e,false,2e0f07339afec324e1c58b829eff8f2720fd69ddf27d41a22161c3a3f3742f73
52704,5adb9ebbae2d0ce123def38d2484549c6d7aff87ea1ceed2075cf850e69232e0,true,
52704,7512e3f4936094cd7f08a05af5cb5ff063eb47123a9fff6583117ea804115828,false,a7f02d41b166fcaa4e45326c642811f067a3f4c28aabe96da432388f9fc6a5f1
52704,8f430c005210ec3ebc054e32ab6063e2e6fb3e8d77181a62d272f0907adf5e37,false,3528ba79b7d2746df7f5158a18f1f86b7134710a9591f9bf7bd2c3dea6733b3e
52704,a7f02d41b166fcaa4e45326c642811f067a3f4c28aabe96da432388f9fc6a5f1,false,de810e51c19273f473e4013f4dd1b77ec2b1cd4501880fbcb27ec6108e1757e2
52704,de810e51c19273f473e4013f4dd1b77ec2b1cd4501880fbcb27ec6108e1757e2,false,f55dcdae38e9d43932970ce90838f93573224d9947924f8245f956699e12f895
52709,5e03ed402edf26620cf47a8d1606f99e0194cb0b930a72b3d6e87b3b00ebcc0a,false,da9279bed6421f783042ba4d533abc6669472dd7f8a27811f480ea859013b70a
52709,d8c22f193df17a2e37eb3a0afab20a25260b0d515f756d4e239a6d439bc8bd6b,true,
52709,da9279bed6421f783042ba4d533abc6669472dd7f8a27811f480ea859013b70a,false,1f92f4408ff21211d6e08608dc331b7c5ede2e7a31b3ccf741e7d9df5fb5616a
52712,2401f5f832657792d51ea8ca5eea19521315b2bca2a370bc5bcf0cec3388ad66,true,
52712,4be675d80d07e55a3f9d4cfff4ea36d719aa852316923db7bc8f605f5584be0a,false,fa4fa6c82b3a4125d351f1b4224dcca47dedc2329e6522389c0d6081d0c1642d;c3833ee39e25e6424eba4ebb746a9314fcd4e384775bf2e9b3412bb33727af41;fb45aea8d3fed2bb82c987ee5f41cd8da5c4781bcfc9c12942d84cf9f5c9aba0;5e03ed402edf26620cf47a8d1606f99e0194cb0b930a72b3d6e87b3b00ebcc0a
52712,4dc7467b96a1098a3e7208b4b686e6d91aec9493575171d3e82ba28438a600c3,false,9e978e654073a219b4ea1a1a733fb00063ebb2e7b11684e7b64916d3fed24fdc
52712,b356fdec7ccf5ff29201c5d62fabae75cf879afa3b2769c2ec4540f81b540f79,false,4be675d80d07e55a3f9d4cfff4ea36d719aa852316923db7bc8f605f5584be0a
52735,4b8c6134631573fb9a846127dfe4fb18e0d0e56d6140d43b863ddc91ba7a3d7f,false,c8ecb23a4ca2ed7a84ad4e50209bda1e2cb9b4239df1eab9304eaa159280cda4
52735,67afa7dcc66945410065136d3345f02e1e816b44d810863b6e7e9a42bda346f8,true,
52735,c8ecb23a4ca2ed7a84ad4e50209bda1e2cb9b4239df1eab9304eaa159280cda4,false,94e35b5db498752a4810216962749ee67c1c0d7a1629605d857fb3c5e4c9394b
52741,0e304b5ec7a2d87848a0c897b52b9d78f3fdfd9b1c10f01d208be42163312c2a,false,205e9ce4e1dfdbf6cd2b60be405b80b20ba8053c29a0101c965ea505fe71a4e3
52741,4417ad44ab66a7d9b406966c42647d55eb1dd7b191cf14cafbcf0963309b834d,true,
52741,45c9eb22722ce350c89deab09b3bf89f4aec940b8d866045672ce428aab52b39,false,1f92f4408ff21211d6e08608dc331b7c5ede2e7a31b3ccf741e7d9df5fb5616a
52741,d85bd629d31751d0b72f9b0f7e98f273cc9a670aee81600cf375293a005b7756,false,0e304b5ec7a2d87848a0c897b52b9d78f3fdfd9b1c10f01d208be42163312c2a
52743,04308ad666dc9b7b443ff9f669a7c6b0604279f61f15b1ec73784aa1621d1a78,false,ba93e193c270031da6e97294d6e0cc59faab8b448880bf2f9c57cb4eea901523;a51afbd4d089496660f58e0a441cee1ee3617835ef6abcedbcbdbe85185e184f;1f611c7fe54130a525a81d9fed48e42d6faaac4652996187fa2f03c630569db0;1631717c8d57ef30d05f0a283d17ea1a41a2c004b4b85db11d47d099cc3596c3;9a80fccd2965ec160ca481d8c447982481d495f642dff2d9a3602244d90db6f6
52743,3b4bd7499d68124b42b692653dc06037d6f02a229b6f31a116b3c792aca57df2,false,2e0f07339afec324e1c58b829eff8f2720fd69ddf27d41a22161c3a3f3742f73
52743,d53d1f160a201557a9d9f2c46c77e1cebdb99a3a231d4ae7c4401863eca7b7c4,true,
52744,4f36e40cb54d29112d8ae7babadae791fe9b4545d58e43c1704b0135383e5f12,false,b338535600e2752f03e18ab318da783a6549544303ba84f3da1849a4bd7ba800;e22e9c1e5eb87db093e38d0b68f9e370178352b4fb08d6350aa1b40be7990202;23f4a310c7e7f9a129ffd73a8e5f26c1f9161f7d1f0d87f03b82cb2dbb80c305;b1c8287e7e6738e9ff5fa89b3e4f7b05be2109e775e1a9aa900ab49fb389c307;e44952965ed75927fd03dc7aa8bae5da3a7de632f79de1aedff3686dbf22d407;889f8525c7d8ce38adbbbb241fa1b2b620720cb86c5ed8be84c5dc8ce68c9809;2f64a2ccc05c3f654357fed31224a1647332727c464715d8c9ef50052b93ea01;f1363e739243fc12bbc6785661581326726b682fb53a612c20d93645238cdd09;1ce56f209dc3bb4188c541d6cc862816b695ebb426b65c82b4082f8e3d0c3b0c;3d6a68ce2830856f9d3e0ea289ddf9af7229776234b7e3bf9012fe49f6e66d13;d6256a846ffae8b7461d27aa8d35a0de454312f96407a94b748601a2f7cdd51a;0a919f926eef187d63282af5cdddf9f7adbd619a4f1c22f16598897a791c741c;8d0920929269aa320e2fae4d9597f9cb09be402894846a7c935b1ab25fd0f51d;8019492d7f2f16b580db3fb69ddadf944dc044201336b166023995b94efadc21;04ddf4bbc2f79a335bb3e1f7f762c02748308a7d947b6a14cb211ccc8c3d9929;805309b3167ad46ed3f117a985ea7570ef1c653a1cf7d09d6cb244bf267b3e29;200fd3f490d48a27a0b39c4b93f48bff5c9fb0a129fa37a448e2c60630b02d2d;636cc33248a5fe32d16bb5825cb869bcdd9a8a4b648194d3f76138b9a6fac42d;7b217d43ebb4b1f0c020e71aa1b04c22434d5cc90d34df43e3f5173729ca0c2f;46899efcf401cbfdb29f264f47eaf8ae541e5f753af98c98d38784637755132f;4f70427e8686b1597288743197a6a590baac1af2639b686ae3a0a63bd7a64b2f;09ac698f2aff22fa1e14520fd7958675589eb6ab004353a4a05def9819882a30;2a0ac7bbf1f5cc21574f7ef20af476d696ee485f51eed22c5a96866c63559a2f;fd5c01e74a821713cec6d32a95b67a12eb2d13659f23d9baf231b1537dc89e39;f971808250903d51b26074a7e9d97172bf0323cbb727a1173b0e29f3c32e9644;ddd75a9aeb14530f544638d90a861c1af9cc70d23f9b9dc98a04b972ca14584b;f9953e3a6264752d847c16dbdefc8eaae0cedf5c541cf32ce52023a7de8ea946;27bc7e80ac6dedb79578616095589e51336d8794b29e9e6ddea5fc61cdbf0f4c;40cd4aa630f5d9c05e1bdcc577bfded00f5926d23943d0d49294c43c2265a14d;af6967b2595f0bfdbe254cbc0fc72cd6926d900b3d9799e4eed1a534e24d7d4e;2b32201feb11d1bb4ee5ffc9733a9f99d1cc2d09db1976fa6542856a7b6ccc4f;d7e8017abeea575466271c118e7774eda215ac3721de74434454267a7a1e7050;77d84f1996bb1ed56b062ca789b50d9804658ac9a5517e4636a6544a9cebc452;ff50d1829239858ffd005d6f0950db6183327ebab28d3ad91d584722a22f345e;c6bbefc8866b180cdd68a2ea24a42fff9690671615491f19f6c6ab2e169cfa60;d8b0039d81b9bc0b7d9da909c8b3d1ce7a8f617391be81dd3caa33971c8f9362;30ed63afbfe8f64c5e3290ea4ba8dc6068ac0b1f5da468b98b49aebcd0ba7b63;7f904ef59ae8eb3d9dcfdae5fa929fd946c35010c62050abff8dbde56ff88970;57ba9cedf31761790fdfbaa5743e47159d1e7b67611905684562c49659379073;cfff478229e6c53a05a3b7c58fdef26ff93cec0cb7bc47c7bfb1326134083974;a50a72580e82e91c9eb3340a36ef07e9c84ffdeeaa9d2e0a54758689269e3577;c6c29fff87304715960be6c25e8d5d5f27fb9be7d0e22cb0b4eb7e36f7fbf07b;e1ae746a0577607a2f07216a39f81ef12ae5ed81c6f8f1875b82c9103bf92c7d;e4f4a73af2c8c3ad968dfbd4777ba53b5480811a8e29dca59e627eb2e6166f80;30d5728543278f01de4ed330202dd2f5de1c6a68b3bbd9db1b348d1f3986a481;7263f2a2b98997e5f68e2d485b497bbf50457f7ef3b8c8cbd817eb3816c98e93;4cfa3596fc120c3524b6a3ac7ef5685b9c73154a25a0c152049d1d34c2bd1493;c13516c9336296a4365e8bbe2132bdb3dac4545fa7cd5911d413e7f0e3592b9b;b1e1aa968f4c29fe2fad80bbcca545c6b6ea280c4533279f91c76bdc2f62c994;cf38a30a8c5db7dcab0cd61e0cf78bf65c41e7dc57a3b8bc5a649ebb1ef5009f;6c2f009833b2d66576cc13ddb2d6b0a78aa01a44970c21c40cb4ad9249f638a1;d2818b736d6ca52999f8a75b589c670d9cb334c2d06e807938025fb5571bc0a7;62259e9464e0b9ebe1e3a1c9792c303064fe07574dcb49a5f54e5c2a9477fab0;a5f48dbdb45db4106d3ceb09c1518b76e3be818261e39a8a01ae4ae0e63e11bb;ec2a66a03ff6827edcf03d29180b2b91317309e2e20574bd1ab9adb8a02e8dd0;710dcd53a46b1ed15526bb6f89e25d50b0fcbaad8c3b953e7ecf87d7fe5614d1;9663b350d8561fd9f78ae7a0f14aca29eedf4ab9e8220924a030a0f1ad2147e6;d3b4ede07391cb40b95d768792eb61145f81be731a96b907788805d69c4e6bd3;b1af46ce92981299363bad67b3d3358c4d45ad7eb79e82186ac600e41a4bc5dc;05e101872be4f4912914abd30c8ba076f35df8a6f2f5b9f089133725f7b023e4;4f1d74b02aceb764b1772e3ae5e717fbdd8bbbef04641d744c605fe50442d9e4;25997eca5a7b1d170e9033650a22fd0bc422d9e732c0ff5881a78f98965fd3f1;8a6fd41d1f58e06ab63e5fef0734cfe7eae6390262fd0e5bce433cf394030bf2;54ad141c7f050349ef0f3015565019b3a775a33adfed19477a145422f870fff3;47f404b132841854d2bc008514ca8cc17c3187ee2c879196c4ef33c490f65ff4;0876bb8a520cf530d6f7f2386529b0e530a6359ae50480c56c2382ee84d8f5f6;7378839a99c7e4a2eeac9065aecc8fcdbdafa220f54874be6f3932902ce06ff8;86219830e7c179f8a17aaa43faa9e305286d857aa6d16aa6988582f0aa37a5f9;27f4169dbff3c0ac5d6510440d6a2bc05061c3b8db68c7301ae7c741e1d073fe;3b4bd7499d68124b42b692653dc06037d6f02a229b6f31a116b3c792aca57df2;eb891b9de7353594b3cf52d123fbe29af93f8689f293f6c8a61e20f45341b97f;04308ad666dc9b7b443ff9f669a7c6b0604279f61f15b1ec73784aa1621d1a78;d85bd629d31751d0b72f9b0f7e98f273cc9a670aee81600cf375293a005b7756;45c9eb22722ce350c89deab09b3bf89f4aec940b8d866045672ce428aab52b39;d1bce38c01d9f9605c1992ed31c744a4d3774b0d35db9a3325592bb69475300a;de810e51c19273f473e4013f4dd1b77ec2b1cd4501880fbcb27ec6108e1757e2;7c9f3955a57f7ba6fecd7a50a7cefd48fdec191168b2270ff3f91da24be44c1f;d3bd1d2cc6077bc54bb0992eda95472589d66367e6b6c4a86e9f3c503859734b;cd09e84e98b3d9faf793d78bfd0425037e518569be623caa940aebcdfcd36ff3;5e03ed402edf26620cf47a8d1606f99e0194cb0b930a72b3d6e87b3b00ebcc0a;4be675d80d07e55a3f9d4cfff4ea36d719aa852316923db7bc8f605f5584be0a;b356fdec7ccf5ff29201c5d62fabae75cf879afa3b2769c2ec4540f81b540f79;f72e0866bf2bf6709ec864e01210646acd9e8b2cbe5b7249dc9136e4726851cb;a94154a9ec4d9818d59b405a31e4e1d38e404f387438f6396d1719600aa2d238;da9279bed6421f783042ba4d533abc6669472dd7f8a27811f480ea859013b70a;f55dcdae38e9d43932970ce90838f93573224d9947924f8245f956699e12f895;8f430c005210ec3ebc054e32ab6063e2e6fb3e8d77181a62d272f0907adf5e37;fcb29d6de10b098871b233a5c84272328ac5fc08ca65d245972c312a08cc0346;a7f02d41b166fcaa4e45326c642811f067a3f4c28aabe96da432388f9fc6a5f1;7512e3f4936094cd7f08a05af5cb5ff063eb47123a9fff6583117ea804115828
52744,8005a49b878ad91ad9fa59395bdfbe554af5da46c6c98c7160e9c15b4144391e,true,
52744,eb891b9de7353594b3cf52d123fbe29af93f8689f293f6c8a61e20f45341b97f,false,3528ba79b7d2746df7f5158a18f1f86b7134710a9591f9bf7bd2c3dea6733b3e
52792,03ef6cabe84a0204b8841008135fd32cf09733248fbe9dc0222b61bdd6864560,true,
52792,79719fec63bb150d2dd309d03095302d661691dd82c38728b49b8e8a4306d5bf,false,9209fca39458a1b6f44658ad61387e77835476f6cb9f2cc0ee8f01580f76d5d1
52792,8fc5f21ce837c15ef456c72c3aeab249df5f83b714d87b7e85c6f03d9d9e60cc,false,d1a7197fac8a915e093483536294695ee0c89442c68f5a0f48f781e3fbdb520d
52807,9d770a473e2bf3093c1aed0702c80b8c2c9f533fe2e3c17730243bffd3f9a0b9,false,aaa9694ab411600632fa8987fbf07b576acab26e2e38a66e523a63d3c787a9e3
52807,aaa9694ab411600632fa8987fbf07b576acab26e2e38a66e523a63d3c787a9e3,false,ba40a86ee1e8a22b6a5dcc7b1d4099482508aa2bd90783abac9049fafb000da9
52807,b62af793417ca77a8efc013ee33e9c77a225fa90950d857ec38b968d5c6f1c2a,true,
52842,105c4d6182bf367b5fcbc777a6bc6e86e35987b32a1978362050f6eda5fd963f,false,9a6c84404ae4abe40a9fcd16d7926c1cd021927c71fe2617fd361bb3e9061c65;a29fc1a8fa9729cd125e0cc3648b5696a76b228b604b3f11fe2930660aafe4d0;869cc4c20c757e0a580640c7310177fb6b52f40a24473b582616b88e6c0b08be;74df733091215521ee682aa9a75c4527456fbe894ee499a3957101bffb8aea6c;230fd2e4e36c9ab11ff38268a4953f7370943eb44c09f1017e3a64cf599a5c6e
52842,521c127bda211a8e0754c1f2e945579876ea6c754030639d5d18d4149e7fae12,true,
52842,5979410b5caf837c5b708a325bc2dabb1b35dff0b990382928b5d6d78ae8d908,false,2401f5f832657792d51ea8ca5eea19521315b2bca2a370bc5bcf0cec3388ad66
52842,5f74a64611f93ae19cb56377acabf38c374d204ae88ff007fd00904b787a8b0b,false,1ad772ae784eeb0a7f4ad1f598b570aaadc654cef0e6ff56f4749e6138654de7
52842,82d849f9da3fd672edaaa7757b5f274476574e5c2b574ce3f69316de9a911a1a,false,bca061a7ae4431433d1a766f0f2df685d1231d724762bf4c6b80b708568526b9
52891,b86b5b50c56232635a59d11d17b0b52c1bf20ae242c3ab7c1394acbd2bf85a49,true,
52891,d6d9febe0f10feb8af93322ebfae4d4e02047a2236c35f8954ac1d60a2515da3,false,bb4e23a89ef7280d792dd51255dd444c3c6c4251dfefd6057606648e37d78403;cd4f4c5f9f68e2c5ae649b408b491c49214b25a7cc8a65ba72ca09ea093b0512;5ccd54147473807605507b04fbc8cd16724f8d46717b6e304fdec14f44c37144;a6b4ee691eaf9815a29018c793ec0877ef14e1f5aa064fbd2926b004d89fabbd;945ba5766caf5ecdfec0813d7dfb1f11011dc888ad4d0a25f70fa68ec7fe18c0;dc60d31781c4265da3e2aa1038677896909476a062929400ceeee08ce2ca2aff
52891,f0da49672f1467b01282cb2af81586f6908f0a768dd2becdcee10512b30008ce,false,30edaedfbe97e32ce77012fec347b76ebe74bb1ad11df00c6c069e17a65564bb;730e0a342152e4276ef44f29d965df634203d90c4ffeef738d8e9b72af6abb7a
52898,0a22a94fe4925d562c8ca2d3e31b1a88038be4c163a68a793bdbafc1237c0115,false,ed95f3c350f50e66d4341b3b64de402e45077f0dc11634e21cca0f391ee058fd
52898,9754dfed3e248ca175e0c0ab3ba388f96709df2137feb96c9003ed955326126b,false,b7dd18d528afa519e2eb7055e1cc1f2aea93bae0c388acd4d64036d26003d369
52898,c1cf2a29b242ea016ec340c87735624a67b20c53e23036c662c69c3ad6002a1d,true,
52898,ed95f3c350f50e66d4341b3b64de402e45077f0dc11634e21cca0f391ee058fd,false,1ad772ae784eeb0a7f4ad1f598b570aaadc654cef0e6ff56f4749e6138654de7
52909,39487c1610d6ec93108ebd427f97e86c3f54d07bcefa257f73ba09f43ae4a321,true,
52909,45efe3db20e32bdfc00bea969562178fe7ee1518032b7f87879b6f904ad4de24,false,f5c6ec8eeaed5f65a9d653db2fc2af42aeb01ab35a010c43c33a10ee5de66a49
52909,d29ed7fa7a6daebf273d1c33a6f75d28be5dfd4c99ea40c34cdaa3abc5515ee9,false,e205761e044592d5a71022591291eb8bfec6e2fb18c6c325aff23ffefeceac66
52913,3037bdd0cb2dc5d06577f28d7112e9fd827c7297dfe3ea810040e53383b677cb,true,
52913,7b4c22d08ef2475e1d63a06afaafcd550a568664438d4e728136660c3eb3bd75,false,324a208a1f2d87308954766ca22249ea6715f3abf4cfd64ab4189a7e32362d6f
52913,fb0505c37e9738f539720d94a22249ee02342405eedeba91aa958aa12b9e105b,false,5501ebf3d41b9035544effb8694529c1b9989e90dbf74f6d5d1dda461746b343
52919,5b870342344b275bfcbcd92817babe07e243dcdaca5144b9e23b4dfcdfdd1d2d,false,c0b06ed7c56432ebd6383a14252b3ea86058d3d9d35f03fc4854c9e3db8040b0;45efe3db20e32bdfc00bea969562178fe7ee1518032b7f87879b6f904ad4de24;0bc95130f019bfe18661db459c667b38f369aa8b05336bdcfd4eef4c64d901f5
52919,c0b06ed7c56432ebd6383a14252b3ea86058d3d9d35f03fc4854c9e3db8040b0,false,6a2978401b0102885e3b3c2f43b6d35e83493fb136e574e11a40a19825eaef30;6a2978401b0102885e3b3c2f43b6d35e83493fb136e574e11a40a19825eaef30;d29ed7fa7a6daebf273d1c33a6f75d28be5dfd4c99ea40c34cdaa3abc5515ee9;5f74a64611f93ae19cb56377acabf38c374d204ae88ff007fd00904b787a8b0b
52919,d1e75497a6c840698d47e7b2ddd8ddd7cff767b8e1ec28d73871876723b7c062,true,
52919,f433f23310abc5017482e8fd5cd703b519bbec52c910315d1ac619b622de2db7,false,5b870342344b275bfcbcd92817babe07e243dcdaca5144b9e23b4dfcdfdd1d2d
52931,090ebef5db62dcab596890f1a7667a343cdf563938e479256aa46963e3c78fa3,false,e1fc8bd5d8d50c7f617a32d51e98934428aa380f28f714d31f5434be426cf965;5979410b5caf837c5b708a325bc2dabb1b35dff0b990382928b5d6d78ae8d908;82d849f9da3fd672edaaa7757b5f274476574e5c2b574ce3f69316de9a911a1a;ef76e4192fde013e41ff393150b4758d0b88e5e42ba4dcea719ebbc5c28692a0;dea5a3f3e0863539a3f2454400a5094cb3748f8994b346f1f3a5c78bf429e1e8;81a4eecb17d4fa25462c5484339ae43f6867c5f9daffa81561297c6af92a2d85
52931,81a4eecb17d4fa25462c5484339ae43f6867c5f9daffa81561297c6af92a2d85,false,22224fdd4d09c7b7922598944224d5cc0ec8a0955630893d21542be2dd0bf557
52931,ada1d0bf7f7928363df4cc13903248f6899f3ceb25a2028fdb6f1daf673f2893,false,3da4615c94da34b13095a13813a8adc68583262cf6cfdebb862b0e27edecc82b
52931,b8e1ba3482a441574d995408d5794091b5f339b93ba3762c7a59f570eecb93a1,false,ab805ece58fe94dba9a866f636395cd8b6917df12ddb474b8a6889196367684e;17202535c50d3fbcece8a8b48752f1465dcf65cc99e4bbd2690feffcabb0abbf
52931,dea5a3f3e0863539a3f2454400a5094cb3748f8994b346f1f3a5c78bf429e1e8,false,e9df80a2e7097fa13811db08b744cd684b32587994a1a4699ad93f4e457c7f7a;a3d17f2169c07fde0d05e9d9bb90a11a23e179dccbfd3365d5e89841a77491c1
52931,ef76e4192fde013e41ff393150b4758d0b88e5e42ba4dcea719ebbc5c28692a0,false,26a86f83057367951a04df6d7aa0aa1f7eae026833f79c3a0914cbc260a94b04;918043e31577ee2ed0b5a571b6293e97b73c4764a5246e1d61d22a35accc3d78
52931,f4b19c43e8274fb32fa9f57faf5a92efc12d45ba539b9b6a0587cc34a0d2b4d1,true,
52964,77d1796e162e591a0172d22854bdae9786be2d9cb2bc885466b0ac1895bc5522,true,
52964,7a74165ec101ab4013e9c952214a3d6e7b8affcbce1ef8f4001cb460a21cb8ed,false,a519d03b6c28048a51bfcaf76def552d69e283f51f61a4950c7ac5d6a09c16ff
52964,ae4f6ddde511042076cf5c7865e0ec9318edcc3e1b32e1e632fe5df4e009d98e,false,6e64e06c5a361f27f60229b8d4a9039d04ae5b2afe61595bcd4aba88327530e4;2c68d8f1a6f8ab77d31fc718a00eea8a28f964003d359bad58eb78c785169ee4;96a47fae5ff56fadcb1bed3e3cc9588e182e0a1328265984aa237493872d0be5;3e61f298cdbf8bf8600169623221ec8cfc921677016f868f3453b50d10a164e5;b4f2ac263b9866d10cf3a8ab11af9641f6fe76dfce7e1972a77ac170542ef5e5;971230c34c821cf8cb065a0e8f045bace6bbd27fcc7e62f5b95cec98285366e6;54d12cc9a08650169b3c50687169726bf9c7a359d04cfcb45e5bd94a81b64ae7;20b68a53a12fab0d7fd857ff56696145fae2d08687a13a896a1dd72efd74c0e7;702109df7d65d7f2e0b7035cd3621865c58264c2d549f5a9bd39400090b70ce8;83fc6ea0bdf0cdc5156a0bcedd7cfcea2db9ab7ea3337899e20666c2640543ea;a1050726319b68184fc747e5ecaed44e0898b0424208ced010e4291fbf233beb;b2db22e05c57cf5d5bb29bda62922902e5e912afcb734550b3b6ab54f8ceb9ef;014d2da9513a2a74e9099ba26a0f684bcf05722166fb56050b3a5e275a23c6f3;f5386d4b498f564f01f25382a93ac833b42f754a60bc3f573c398960304b7af6;65a928a19f60115483974c3b657a4d20be8570cd83d5f4bd056eb034ef733eff
52964,ded1d6a0089ce514a9f595b1d22b0001e601a69e2944c8c5998da29639f0ec35,false,b733f98a18109e5faeda07e537e9749c133c3666fb64478087c53b70c1f2a4c0
52967,38b018dc9e7138697dcf5c53e93be0dab26a2597cff775689d676b338ffdab93,false,7f2e4f589eebaff1ec581ac52637714bc753242f355fc9c32385c24c5573811c
52967,8672bc792803f3ffdcd35d40c57fbeafe57599a4b011c0d9bda69c5c53c2a306,true,
52967,e919a8936eea90f4a5b40d2051d0d22e6eac7aa3875fea81999db241b74f0e75,false,6f8cd989e576e951cbaeba0cbf4d74f8d8e1d2a3d1374e743818a7be19ec991b
52969,15b09fba9ab8cbd68838d3cc7f90f897f0fa247619fb38ea7a6c6eafbeb65837,false,d2c37c75cb3bb33e75b7a3cf52bd7ce879137b3f5a69da29666139a196e87670
52969,d2f7d33a3471dd8f9c0d4025143069bb9598d2146fe4dd4fff0c54f4d843965d,false,1b716ff5686859dbd48b40be1dac03403fcffa4d9ee2c75dbda0c9970ac70745
52969,d48857968b885c00cf0ecac717e180e1fc57ca9faed6da60e424303c19a026b7,false,766f2c82895a5b90fc5a069404ed7a37b641efb803e645c70b69a90eb8506769
52969,e274f6a19bb988d9c75465347947f50a6814421c7e428ee78b29775c7569c73d,true,
52992,11ce94af3f7649de2e42485f8b3f58a9bd8fb7a2b5fe2abd6f5d09581f9c4aa9,false,c4e9bbd6d3b1d19ebe28ab1319c9ec8979d7f2b1fbbc635788290585fe1f9229;4408b1dcac57ee5ca37968f1faaf9bef141d62479d7f47bd42c492ee56a8342f;923e4086a750bebe691ca6e5100b7fc747734a41167771bf3b7322d9cc735a75;09e797d3d0605814e2833ebf098e2a5a4eac1bde6591ac87a286869b4a8df088;c4613ec36dbe1c22bb2656af5be23af16bd8fb9822ed066d9294b9983e47aebd
52992,240d37dba216da15bce021e9fc221d47bd339c202dadefea55d7f468cfcb6190,false,7a632f1f3d691a07331707ffbe4d99e618d2ab7243466cc777a6ffbef453508f;f101d753e4ec5edc953d8202c6ad8958973db6da5e8bb9010d80a7afa79efac0
52992,35a3780ee7fcb87c971b8caa15e15aed5f14986822fdd6b90c8a79f23c4d9940,true,
53033,1df98259003f26d35936e1ee66686d753a110cc816ebd93fafe1d4067d4ac486,false,4e2ef6109d6abecc534bb8d54080ef1569f17fd55c65fc2581dcc29ce7635ea0;b888040c7c1276c4040eb819e2a6717d3264ecf97d96dc36cb0c3545055124b8;04116d46dd2f48deaa3b43107bb394e8fbc2af5c1eeca72bc54c2104d96b09c3;c18fc26bfa398d9e9eac2480647c578942bc3ee8ac708b82739d85bca6c366d0;91d979d3398c3e1e1e8f54a0059d8755434b99209ded40d61ec0255448b1f524
53033,9211b9382fae2900cd3e110f3ba3e7a8b4018ee08d48bff19251a5b14123dfcb,false,94d8b68abbe404ce267eec08288b70937ae6cd7226a4590e316f427d97aa9f71
53033,a8f4e74cd067d82c76cb05e5364a0b80079288cff2b26733257ab5c1ed4dbd5d,true,
53058,2234f859094d4e3074c1acabd31da75d8a87624699f9396dbb7650e647d63d2e,false,84c6814635ff21a8c0c064618cf22edff14186d0e26a86067e2fb0c67cbb5708;9bf24c8e3848a5102e8c57c1d0253f98207202c966fb91a7e39d7694ac787903;48e19cc1f77e3606567a1e035572b453da3b8e0ec1f15b11011eb955ad7afc40;3aa22264767dcc42b315abfe5d9ad1e0395017456f3018b205ce8bdb5e695d1f;e2ebf9c6eb0396c6e18d0fd21dccb46e3ad034771df6c974e8f21e6bcccdec32;d6e8f75487f51c8bbdbbcb00dc015965d49636adab58ed60c6beebc33400a95b;adbdcdae1b94f114503a447f6ddd7f7808295f70a33671c2195b756875f58b74;69cbfa5b3420e6d76338d885fa54be4f44fb9ad067858862a145b6f873c68877;a93eb36a4b02512718197700c7f98dff75d34371942609c703c635f8c885738b;528d1592e09417d450d3a38965d24ea42f4770485546dadbcc40951e42ff1d7d;a0ce9861e8e41e367911a2d0b39916f17c3c6a8c89a74a18ef5a4f5a8fc35a93;eb4f049822ffb4abdbb18ee01f04f43244ddd8cd8d5aa104482ece8a280c1b9a;85a942cecad40b463924e0a7e8622c02d706935f2f1cfd76e1078c3b11e4a4a5;604ebcaba755d6c99ba62459781d5b9a9b0332aad238a57896734988e16638a8;fe303616d822d3566f27ebca36762746eb7683bd1d13506eed37998242916bb4;f9cd49154282ee7ea4b737f8c976a7b3508e497d4781e18b603d10c9c7af9ab7;d5fcc2564333e3f18072458f597b7cd8142bb0ad8a1cf930dda238fb27be4ac1;3ec66d90854cc3201f0935c33d3148db707393820667028e6a1d661864e650f5
53058,45b9744ae37a187a5c9fd2d524c3a5de1762ccb6cbf9926ab44709b11040551d,false,668f58b00cd510ed0140412e9a60493567c84709af1a98b2b24522eb263f1266
53058,b97675e98c23cbc5fe103368c647fca6fb9e983e709b7cc5c422e41a8b7e9a8d,true,
53066,1001d10ddf64509c1548125ca3120f32355e8af588fe6724aa5dc033e699a617,false,0025e65c1ef9f449ca3191de8299f752c28288db46923ef93f2d3dceddada44e
53066,32a83b09394f17131074360c6628147bfb3eaf0f57000bc416da7bce140c74dd,false,7d8514357058d8b1a08d51bbca54329b7dbafc5c2e792f99c38e67297fda2c28
53066,3cd17728f2e9152cc908976701a28e910838a86fe5b745af74bd5b373aff6e1d,false,1001d10ddf64509c1548125ca3120f32355e8af588fe6724aa5dc033e699a617
53066,4e3a183b09d35e5adeed6d12c880b46486db3f25869c939269770268a7bd5298,false,32a83b09394f17131074360c6628147bfb3eaf0f57000bc416da7bce140c74dd
53066,7d8514357058d8b1a08d51bbca54329b7dbafc5c2e792f99c38e67297fda2c28,false,3cd17728f2e9152cc908976701a28e910838a86fe5b745af74bd5b373aff6e1d
53066,8fb3751403381c11979f8b0d9fac7b121ad49561c6a07645e58da7d5ab5bf8f8,false,4e3a183b09d35e5adeed6d12c880b46486db3f25869c939269770268a7bd5298
53066,c429d280b4f74e016c358d8bb3a909889ee23b058c26767f14384d9ff8d9b8f4,false,8fb3751403381c11979f8b0d9fac7b121ad49561c6a07645e58da7d5ab5bf8f8
53066,e0598db6abb41bf57ee0019c23520121565d2217eb9ae91d2114199fec5ac41d,true,
53085,76695928fe92de3b13caf9555a04b0f6297dfc44b340d5ebd103457c0c743f12,true,
53085,798fec309d9b269d8f839ceee48a0c05f114c66b06c321bd46db03063d07f238,false,9cdc78526d30611bfec9f9e09d4e6d9295fc4746460f2caf9bddb41677a55160;3735e54c9ff8c2c6d7bd88e441c1d294d1b478dec066b99a2f0862809435f896;dc356b2765b18629c41956c67b98b5ad12b405ca71bb92cf36a946ec8570d5bd;d9efec77123cbc98d012fa719a59d9932dda2defe58b40750ff07cf7c1ef60dd
53085,a64c9b7bc0b63a0cff0e2264f17aa22dd380d9f91fa8c6cfc8cf615cc83dc83d,false,5ca5a8de7743408af97da33c4af27673341ccf2f622bc3195499206b0a214d9e;b70ee3e881b3deba2bd45163338e9d3ce78b788fae3949d31fb56bfcf39a848d
53085,aafa6505bb2cf16b625c79107f92d4f91bb110a602254d75a91ec1574d019cfe,false,99bc646b21e2bae8dd1e40a890ec4fb95b06da2c896c55a358967469e1c78b07
53104,049315a5abd6f7ed758eda0eacd12182836d5e650b353b19545d88b5650bfb95,false,f201b4d1d526aaf044a5995d1a8d3bf860a1287560de5e7db712ba2e57c09576
53104,1860436a2fbf5c1e79b265c0fb388a13cb384d993fb015247d57d4e1d82c0559,false,1b2b2966471e1a2dc1c987f443fc6671844323824b2e40881f1205f0a9a01676
53104,1b2b2966471e1a2dc1c987f443fc6671844323824b2e40881f1205f0a9a01676,false,f2ff5a00e492cd789c1a51a3040d31b191c92a7cb1b4acaded23baafeb032053
53104,4fe61e1ccc7f66dfd03cca9f10bf3716ee5c1284833a060f6600342a36ba48c8,true,
53104,58df39ecb34a9916777dee2e84bcc2cd2aa7d2c8786ae673b684b002e327771c,false,1860436a2fbf5c1e79b265c0fb388a13cb384d993fb015247d57d4e1d82c0559
53104,f2ff5a00e492cd789c1a51a3040d31b191c92a7cb1b4acaded23baafeb032053,false,049315a5abd6f7ed758eda0eacd12182836d5e650b353b19545d88b5650bfb95
53160,2f904e22e2a770e1ea7fdc09fdd3b18cdea12edd1a061409e887907fca0b70bd,true,
53160,cb6159d16368af831f8f9d18780115132c040c7c881dde5d9d98914a24bb1755,false,624e39b583069266b08baa947765634474ac7aefa68e24b66445daa3f67ddd2c
53160,f6db5e5487dd5be084ba26d395367349f5e22ea28a97755aa73556c4e0bb08d6,false,bb854010ca6ca75681b8302d109a48e5edcdcab73205fea664de2e4ed9c308b1
53188,148f6c870292f126a5b83bc90028d879b47bc566402580cff88b443969650851,false,9be91c2d3de66b25d358f915111b903c79636426246c89c795f40eb70a21d965
53188,3ea1b67042930bf92a7f99b22de5653747ac9caf234d007c6f1ecad1b3a6c32e,false,33d53896391a25f329b6e379d1c18e90334d36646bc0b7e0bc094b895edc3041
53188,99d5ea69fb9f78edbf981c6e1d9bfb761eafb3985459f8c278472b70b32f8c73,true,
53188,9b35aa374adc7b10d39b439388178c59609f7738dd65cf9dda9951b475da7822,false,9c56f5c52a0a3bf14d3e7409d428f89855a9d386712e3932cf208097a9e8efc8
53188,bd33095256c14ff78f2f2e6f065255b7687a71dd60ec40ca662dc0adf5aaae2c,false,10d91957792bce33c5fab3a2c36b2e99d5e6be778c51e05b93614eda5aa74a8c
53215,633b00527007491da7aee5e6f2a53d94a31537888b6c13b139996a7b2527be9e,false,5e65f691b6e3484531a076edfc8e91fea5a09a089e64cb74ead274db3f8d4e49
53215,c15ad2946147ed9dc1716d57c954bd4d27b05bc006993e24ed53e2003c5797d9,true,
53215,e5a30926f609bd585c411f1490dc2dec0a5cc029a0e8f10a42aed1cb8692069c,false,0adcb07ae4decb229cf33ed347a9f2025ee82330b4f30ea9c5a9f7d136e4f9cf
53241,0065ca10870302ed2b2308f5b8384820e81c93d307bf9b962f6d98f33a4422cc,false,58696bd0343154292821589425649dc74e16b78db96589b0ca4b8e73ac5523c7
53241,180d8a516f9ec93f0d5a9dceefa203ffebd94b20c65b4f0102fcdca0b9f6bab0,false,757c72722a4693724d073ff6d363c4115e11d1955f2539329eb189b91b35e5fb
53241,39ddac8d2bf583b477611bc5f79bcf90811507d5d354f4680721833333fdecc5,true,
53241,7a3622e9d57f5dea2dfc6cd5132d686559090d8637907b4576bae7eacf981668,false,0065ca10870302ed2b2308f5b8384820e81c93d307bf9b962f6d98f33a4422cc;0065ca10870302ed2b2308f5b8384820e81c93d307bf9b962f6d98f33a4422cc
53241,8084468e05c6faa4029fbfd7b9b9d33e2274e9f40634207bcf86197fc6f83af5,false,24cf2dedab3c7898ec0f0532e177f15f41984b0c820202bcb143e43eec0c25d2;24cf2dedab3c7898ec0f0532e177f15f41984b0c820202bcb143e43eec0c25d2
53241,ba4c8c5a3192f3a1e8d2b1984d41d42ae8c36b139a6010b0009456248d2ad0e2,false,3c8215e06c65c15387e869c941c3910f986d5a55ba887e0d371dcfec7a8167e6
53243,5e21e9e466c97fe6f60001b5a3a6108ae7bb81fabc8ef464a79889b26dad3b1f,false,7a3622e9d57f5dea2dfc6cd5132d686559090d8637907b4576bae7eacf981668;7a3622e9d57f5dea2dfc6cd5132d686559090d8637907b4576bae7eacf981668
53243,6a16ea475b675238ddcb912ca68b5b87b7d71a1b7ee3727b4966e88bc3ce86a8,true,
53243,8c5feb901f3983b0f28d996f9606d895d75136dbe8d77ed1d6c7340a403a73bf,false,180d8a516f9ec93f0d5a9dceefa203ffebd94b20c65b4f0102fcdca0b9f6bab0;180d8a516f9ec93f0d5a9dceefa203ffebd94b20c65b4f0102fcdca0b9f6bab0
53257,0b89a5127fec13ebaccb5016513b6c66c145b7abb5126a21d6004246e3a630fe,false,c0572f193b5a0abde5c09dde894b49f403309a80e9a6ec85f92f9f81a595d411
53257,53d5f1fcd7820e65fd6e407e8842b8b5208d3d0d9137290299e475638aecbae1,false,0b89a5127fec13ebaccb5016513b6c66c145b7abb5126a21d6004246e3a630fe
53257,f8991605f0e673683a24be6b5d3b1a474cce842f3c4fa8429c30f10e7619d691,true,
53258,2dc551aed972744418545db834edc83a65c07766887732c53bbd1438abef962b,false,53d5f1fcd7820e65fd6e407e8842b8b5208d3d0d9137290299e475638aecbae1
53258,46efa3eda87da8fd2f9125539407ed6ceb7235152c81ed40817df010694c3dfa,true,
53258,7169ed539ccd932484925ddb90aade4320273783eaee1742af399660b70baa89,false,2dc551aed972744418545db834edc83a65c07766887732c53bbd1438abef962b
53260,54196e5673ebb3e0006ec4fa3a4ec3e775754f4de05d7865f90d3982d00bff8d,false,e70dc0f25a7ae46d36cc60ea100f9f55613b304ed5a92e59012b409e44b7f0a1;ef0899ec5acea4c3edaa885682341b2261571a348c55fd6eac8f0bf3fa773adb
53260,6857fcdb883e90e63d0c1b5157f326047dd4559bbb51f56788cbcf7d77b18f59,false,7169ed539ccd932484925ddb90aade4320273783eaee1742af399660b70baa89
53260,e843e242931c89bcd2840c1caafdaad5141d0d1eefb3c940d37979a026b9cbcf,true,
53260,f383cb07ab1f5fab8d5664453abff2be3482f9f2ee1a1073e9b51d3d338dfb76,false,fc6e003c72c1c03839bf54347e95bf13d858979dd3f4e721e64cc1eae645391c
53264,1bee155e1b1643322553d3ab4f65787f222834bcde9eb139a144fc5793842879,true,
53264,998d615b93b43c4464fc1b448c376ad08a4efc29605d4fb9d9158e34ee0033b1,false,f65caddc6b0677b2b30bcd40d9b1c99406cc1a48806ffa8b3f355ea6bf833656;5b92bd34589adc27064753260a8131a5c2d61f9e2cb8390252dad3daea0efc95;81c020c0ec820e67fcc1f915b8d98b725dc4d23d7d25914f3433f28c3db7d719
53264,f65caddc6b0677b2b30bcd40d9b1c99406cc1a48806ffa8b3f355ea6bf833656,false,54196e5673ebb3e0006ec4fa3a4ec3e775754f4de05d7865f90d3982d00bff8d
53265,14b9a6418f59f9f36da4c705df526b8f429cc74c65563c8e33bb5b2214b63b3d,false,27e143570d33966532f1ef3741c64e54df9b5ace4b2f86c3e3327a85682ca4c5
53265,b12063290077f111a8ed53097ab2e6df7c70d1b26edb0779d30e053c55bc6aa1,true,
53265,eb7aec30f83ba62bff1531d6a2ab12eef7e39caa1710ae375cc693e18e38ce50,false,998d615b93b43c4464fc1b448c376ad08a4efc29605d4fb9d9158e34ee0033b1
53269,1d12d584434d355e6725a4aae79f82338f456ae1ddcc277d35038a49e47d4796,true,
53269,93b9a7e7abb749d29e3a1ea753c805703a248319c7f6273349505462487b9b37,false,14b9a6418f59f9f36da4c705df526b8f429cc74c65563c8e33bb5b2214b63b3d
53269,9626bb7b9ba8e5de6812cd98aaa1b7378b9487f3760f75c7c084120a8c85c7fa,false,9ceb3985bd6e698256f054fcd57361668750b1ca228cf80d059d9a0863a1df40
53305,52043b7b8bb401fdbacfad5b319ccc2feaa42bcf2ef1cd87a2f39f813d60e1e5,false,45c0ea7afe981162e44ab5f04a7a5e7ecd66e17f7390d328e0d43c6cd04a05db;21f378939a8c66d3fc5c1c55c9430932a667d8708568d5c7d65e893d2b71a69d
53305,82f876475bd700ade8fcd6fd2e324adbaadb3985871510bd256dfe9481356a8d,true,
53305,867da54b0fd0a9429d30471af3fcf069e069141fcc544583f3103ac3948f2e0d,false,a6a6546eaab272cc6fb370cf693f45c6f37c632289e08d3671ec1f7023174e86;04b385b53527de71b482b0ffef7ce82c06469273ca9ba4ed05743412b725acff;7139e25d67bd650fe2b73ba6e1ed0d23543ae076bba82f54304215a12c8eb82e
53324,4254eb4550e9e114995c399baaabca95b25396b17d3ce98c8b7d63ab3138765c,false,cf4bcf976f13bd34fa9e522dcf741f0c5c5f1f8d3df64f937d6df6cfedc2178a
53324,77515cade507e10fda3c63d3d3a2e274c19aad15ffec17cd4c757760f776ad54,true,
53324,9d1497ef61389ac883c2d5de452bf09d8580400a53404bc82c3edb1adc381fc9,false,2de448e124732e0c14bce9eb73d68bc4ee282c57124d377ba77a92dd35e4f9dc
53339,02dc6aaab41ad5e86efb10cdaa069f86ff65d2c999c238b42666aa8cfd443c34,false,82fdc1584dfe21f96fbfde72ed54e13b04de5bcf692c7f07199c8a8c98c980f8
53339,3c58ed05dbe68c3f923e2c19484ee71815430a2a4d55336eb886ab22e0812828,false,439167d9ec863ddf92375189a30f7483313c521690557b0abf9f92a7cf616f00
53339,b33eaac449bd1a6c351afd3a939ada3c947b6dbc98b380caed405360f3d7e0e9,true,
53380,59e01d6c064451a659ab32f4fb7633e2b926ff025fe9a295ff6dcaa44250e9db,false,c11b9ac74a6b7c8dc9ef29126c89d13cd6e7411eecff005de5284b83c41362d4
53380,9e5c550920037bfed565c2d2b62bdd44d52c982f8fed7a804c39ad6b231a7fcd,true,
53380,a2ef4ecb0aee4675062d8bfbf769d4d3f81143e4a62f940c0e6b4bbf5009900d,false,4fec425d2aa62c66ef4e9dd46a913aa426e117c18127fc00c25aef04501590fc
53382,027768f7ca703c7dfa70bc23f215ca88a210f6c8022f52fc2dcf4a4027c9bdff,true,
53382,653c2e7081301502be87583af2e28a4e209c10c66e66cb346977c4b4416173f0,false,5c2ba43ea04721fcc842f9880af197dd30064081c6d974618453cd4c999dda03;79100f01fe87e3b5b2f3478cd86a374e8e7c49d6060fb2a5dcb36f0353021e13;5e7f59c9dd9b4f57ad90403f4c67c36444267896d17bcdecdfa8f42b2543e235;c628c7dfcfe3a39c06512c8765fb66c4893d750b1b5b12fd02d30a8f893cef63;610aeb0a861a0dceccb2d18e36c00e8f32fafcf2a89fd635d138d30e2b1ee57b;702be469790cb3fa6365480b9ef1362898e5471af63aa0eb54a8a100f19f4f85;8cbb751abe59752236ccf15b4f48921d1f5358d532a026b6ba36e085e36e0baa;96d7ca3a5ae5628bd02bd05fde58ec8d6687965bf5b1df63ab31bb270897b9ac;7d93ee16a49085934b2ff3ba3b846911db47db47984f6798657de9754a3f18b1;14d235de678eccb924f299f28711f523f1dc932f359407669b15e830dad114c5;2d0e4bcc32af13023f89bed484eeee60b24a5a2b0421c675007b35b7a21386c5;53064567fdb71bd5948f0c61b015a95b9c8296362af3befcad5de1cf27d40ae7
53382,ca3d8de7f5799b67236a7c5d525bf17ed17158827db3cd9e1f3f70f293438689,false,3a9fd5a85c3f03c95d56c7b6e992635aac37e7aa603b82247fe4fe8c2f315a4d
53423,056e6d5447d6f29c752010c1f1cd0b277d516731671c26f8a1a546f0267b95c8,false,93b9a7e7abb749d29e3a1ea753c805703a248319c7f6273349505462487b9b37
53423,5cc0287149b3ddd7bef6760816510795ae8c581361f1c3f3951592efe6f420ee,false,20c909220787f9f142c367042294d52850d940e944bfb6d17bdcb7673750bc8d
53423,7066d7b301d631894c4fe4a20e0cad7409f9205c35daaf566cc7dbc045f925a2,true,
53423,d472a4ffd5828a141640b36a7d9e5a8db3f5181208ca7e42204602c5a7973834,false,6c6f6f705e3afbfe2a61cd1961f9255d673af7ac73e83e29905db2ba9b5a3c1f
53436,396ae3f71c101b61743c41cef33c82b6e3b1e553632a01bfe8fc209849f2e78e,true,
53436,3c077a7025908231687b3682fb3690789f877c4d2210ee8070afbb60749f8849,false,5ea2effa430009b28227b0d4e86238a227ed9218822e1f3a1a0166b9b414c14d;847afecdbed2a66ffd62466a014f73a197805d1b907ac5eefd2f50d87c64d58b
53436,47bfb53c668cbf7ecbb85460e724272ef20134041ccf5baebcbe2cd407b3e932,false,e3ca958e11287cc361b75f92b16869cd29b0f6015aac00837ff6f13c66f0f9ed
53436,6610648ecbe921f022260ca9ecf70b7c8316d8dd1e2465b31c2ea273b74b6ec0,false,47bfb53c668cbf7ecbb85460e724272ef20134041ccf5baebcbe2cd407b3e932
53436,e3ca958e11287cc361b75f92b16869cd29b0f6015aac00837ff6f13c66f0f9ed,false,5cc0287149b3ddd7bef6760816510795ae8c581361f1c3f3951592efe6f420ee
53456,23dfb365970ac0f7052500181d1280cf4071a4fbddb544b09e4e126354f4b6fb,false,a27b7f2eba36d21bcdebc8b6b0a67bdf2d797359b5caed63ea781036d9853313;1eef61559141d7597343f5ed4c8d60bad4897316476b809c3420064e7e342318;7688c7b40c48595159d1530b7e7b9846ea38c1ec3489ceba8ce3584f64e68236;86080e0020a9a43af8a9e3a7eee41ccad1abfc55d31bd2ba50663adbd2d45f32;5068abd106b7814b517e68f6c936b38adf0c5bd9e6a0a2c09c83c365c623da5b;919133eb16f5cdc0384fb00e28ff6d91f6f9c231656edca73da9208b4f0edb72;f1db77c16a6bb7bf84523d3d2cca8c15d9562f76a8c0e9dc99c942f53d2bde73;937f20152aab2bbbd9e0668740fe014c35c97062a026b53e14e6b50f052cba92;1109649defae653c110ffa8c0155b152fb1ba9fefa71115a4e3f643f139469ae;a24b0da928039e30922ce78108187764677b59992513dbcaea4691a00d09b6e7
53456,83a3970fd686aaff3b4630a3257b251a0ba9f875bbaf84ffbbcc13e1fc98c4d6,false,91671217ed5ab3a8a35b845520337c8817d5ed21854adb8dbc45b621b41ce8b1
53456,c716b5f17e7db6d6710a7757a66ffc6e11aab6a03a04d4f6003606b3ce2e0aa7,true,
53457,5fd371cc7dd19e50d05e6b141d3be8c2895afe2eeab68704110671d691b088d4,true,
53457,de5788f97d358751213b655d58020f68d727e913bf96efa31b3c93d82a353478,false,46efa3eda87da8fd2f9125539407ed6ceb7235152c81ed40817df010694c3dfa;5df6faedceba6b939d3688eaf19840954e56053839726f6563ba78d6f82192d5
53457,e393eeca386b20758aac9972e874d3954ea6c8d955d24244e41927bc5a4adca8,false,e99daf8b4347c3f25b2e9392bed3ef22f3e6fc09b641d04ffb0d997e8d36657f
53478,6ace663fc273c71d67ca5ff5c7b3b2b6a20e84d55ecc1b3aa232d968551b8b0e,false,cac946a503ed1a5e0f1a8092d5a2d423c5d69ab5fddc2298246d17a0b276d077
53478,7a221f82820a6131a409042b4e7c99f616093f1259d44fe4eb51aa2180e39fde,true,
53478,a26242537eafd357e4857a5a23b3bcfdbe7134579ecb1df5728bea144bf9212a,false,698cb125b075e900938b112ae5f376d71e97298818b3279ca246fdeb708a57b1
53494,91f6b941483a024b96af036a6b39ce10474a814a10cb2224fb44a618ce26cd7d,false,c45300584215975629afa2dfc59b46e6e5e6323bcbdfc57a15dd6a4129f0306a;5f72aa6aed6660324d5c585bed092d13a029941690aa750d604df151605e47ca;5d81313b6758a7d7084cdabde7fe00142b7d79e6058bedbf09e072cc863241ef;632ca81d4fefbdf030b6c7b6b5845af9d01bcd069c69e42992a0585e6c8a04ae;ab5ebbdc58e01cc71d2e062252fd30552d3a02ff39a04b2d032460e0140eb977;67cc7ea10e2d931ab94b2a763b3970ea80f60e5b30b91138a668f721ee49d320;1346ac6875814aa0af261176667ef724f31911b0c6d3eb4c313b2ce636bd5fd1;d8202daa4c4f3669c57bf40c42fdb8fc5340e9959b163ea586725dddfc1f37fb;bbb3889a357c4de9b6bca30ac3a3abad7baa4417061c12c2ff48a937d85472d0;526e6c29cb1d0e820b0500150123a824943e143196c67ab4ee4f005c33d89e28;1e3e53cb3c7711796bc6d826ad4e3a4058c747727ba15e2e847e7730277a7c5e;61de93f25f1eaf15234058fb5e793e0adabf4c2b437e44c6a19b7606afec44e5;01285d438ecd2c37182fec44f824b5193b178b02b41ca0442de499d3be91fcbc;31f50a8e656ff23a26d9fe2ed5114d9cbb41b6a8988e65f969031c9fb9bc25c8;75df1b68e49befb4bb894c939cc4222794010ecd129eaa6d0d86de9afcc2e201;4c4f700041d88cf423421d654d7b66e7b179733ab6dcf745afbf2f08e183c402;003a41523ef8458e9cba3b35ea47aab3987c59b7fb5eebf5fcf71cb3f18c6552;d550c52662d2d918f39482b60a6c8a684f054dd0bcba5ed3bb6d8a546c03506d;9927129651789cee759ded7930fcd7e81c97a2e9fbe6e56f33dfcbb8e033e13e;9fef488c4ced3f005d40534769bfc79563e381cbe30b6a8a053de3798fe6052b;7832960d6396dc44ca14983acc04542a12840566d31cf574e5f9e309d08262b8;5479726946090ae7a19310b789c2f13e3449c6119205b35db726738dd0d1a66c;cb0925cf1d5c7d7d66306198123af08b65863131ce643800dba4ca60b0013a07;9d17966d08dcb43b4949a4edbf1a964ff245fa7244aa54971d8c452fe859ac25;57ecc8a62659d5b857d55e6b335f0b7f6be08fefd3ec3b8cc601635de8de0fcc;807d0cf848f4619fa2b5f07edf358442e0e5469f219edd62a58e7b6d79ba41c4;50271843126598aedfbea7bcee9c13eb8e0b94d3fdbfc78270fb6d767327f468;0a324f62218614924561edd8aac9bab2ea86fa911d5020339caa860c519c940f
53494,fa282d8bd3686068de3f83d4681bed63b1dbbcc9d723608ddde2d2f18be70bdc,true,
53494,feceb877165be73a587d7d56fa4fa3e9e0c07695792491767d74ee730280f890,false,f5dba2b2ed46c9e4fe9ac4f85f6736d3e8dc35d496036a22473b8016aef6534e;0de6dc0935a27cd1f9ae14ebe1b13ec53615a4326ebfa05f7103294851429658;9577b55cff290bc4b0ef1fcb5278dd8d31350c3eca2bdf71a16955b9f49fe664;a9e7c7d9e132cc53bb3f788b7977aa2bd6e6ab12c62f82b1c27655f25de22c6d;4f2afe73d952d2068d843fb3a3a16620db38be5f45223ac06fffac1ab9d0fd92;6bd5e5f16cc9cfe3df6a277a03ca55985656e3631d132ac115ae263caa3b439a;6f72092b237ed0bd5bbac6410f000dcc5f7222ec5e0c512ffddb15c183dd47a3;7eefd2b4d3661a15d063c4ce9971ba0fb9c4d513f3d8db869d92c8eb840d50aa;26bf71df282101fbc0041da4fc2e13cdee0bb49db05b4508f09b8f2999e771c5;e33d3b34d49de1a584b980c1de6be4da937d1092f03861b4d531acb14834e5db;213ad2507b045b49f8a57aa53817b50526f7c714a8cf6561fe64356dd800ddf6;28b6a65d9979509f3ddcb8508914735800c9ca82b464416e98804b310f5a26fa;48620ef2403309070f2268830f5208dd699bdc97a60fbd52a8f19996666f59fe;29176142ca315801243a6ad2339a51f31d4d38896105f68da24051445edb0e1f;ae6294766a9215f1747dc5212a993fe95c994462a5ac69777440c0ced749e720;330446357483b0955d6c215b9ccac78c3bc063968734319a79c28cf00e803b2e;60801c0f3ff6e438f29ec433ee31ec1d2f83fd13b3fc2597675de54f118c593d
53512,302c0eb6ec0e2f38484ae9cd7f807f377849924875ef6510696855c4a3c8ba48,true,
53512,735c0182b25e45055f3471e0d9e3a4a94dfa524952f2f6d9399e4c8df9077c18,false,d616e416bb6fe621a1edb187ee95d430cd5d641d06439aaffe26f4498deaa780;53f504f051798a5bd54e2e76ed0a2dcdf8c07f39b36bba510277034dafeadcc5;b4458aa2f9857aa73278a1cf7e3f52e23122b47a564f1a868c0c4917d52c6463;cd87e479e24b0d43eeb73fd7fa5f8b5418b5e9f55f927b72ecaa91dc9001cc60
53512,ea94357ba58ae3a04bfe23372d0251366ff69fe800bf59f0d546db9e26aa30f2,false,2528fc8a63403c10c93467d3091651fe338c7b31fb7e2ef37003f2eb1ef15f9f
53529,1a1117dcff3b35b6014563999e909d2afeb0d3b1bb9205dad469af1012507f85,true,
53529,89b5f57a01326510176b2da5ca0398bc8450b15459d0a385c6f0c92651f2a16f,false,c213967b73df3b847ef75b0265312ac7f033edb324b9bff1b2fff3b105548133;d1e75497a6c840698d47e7b2ddd8ddd7cff767b8e1ec28d73871876723b7c062;21a5b89fb953ca8db9c7f814a848a55fc5f753b50e32d6d0e6bf99a08cd986f7;536d172cb6e347122ec93fdb64b113e06d76058dc0d008011e717164d01269c8;4ac828388168f51a5fddc443a328938da040bc8da5952c5c48d53a7f68326864;759d1040d85a4bb16d84100f13fa51c4409910e9cc059b50ac79bf2eefa3b201;67311b2da0b3b1a9ecac71960cf8e4c568e2adeeacc490c35de1c68229fa89e1
53529,b5e5325db0c0ed8d22e72ea198e7aa2171574d95f0e1fff18f062a63f6978107,false,8fb3751403381c11979f8b0d9fac7b121ad49561c6a07645e58da7d5ab5bf8f8
53554,14ccb3c9cd92c8ecdf0447e91a2e9e598b6724b06a79d69b498952c82631d3dd,false,dbcb4ab64cff87f68e605198b30d81c719fe5a882b727fac085112c46236fb8b
53554,34b7792b82f67c87d7d65f73688d6e9e2be07075ac2245411156757eabab2180,true,
53554,4087e5a4191eb7d49016457855acb3838784da11c76fd3d073786f9c1faf5624,false,bd369ac6539323f74039e7eb579f20cc602e8db49041e62ba1bbd609a73da3c4;8cd389942c6e740622d5cbd67944d44cfbe3d04d5f9cd74a72273e47ab9074e1
53554,baf0765d6e4b228c9f3e34c1be99342993b71ac2d93199460f27641cb6dd785b,false,401638ef715b45079e8590c76d17edea7e7dcf3619a47c419f6232d0eb13e82b
53583,182e06c24ec788bd963afaf5548cc72cf27c557b8fabc1ec531664c1385d9773,false,0ce8e85aa82e8d99c196964342e825f8a11ff9e7e1ff0bb5b5dd571e46ab2fd3
53583,86a6dc04407083d038e3b993a6b56df24cb6b4ae5c6939a1cdad248c3f2ba00c,true,
53583,fb33c4bbececca18e6562855ae9b05d2e4f814ddfd11c5202bf53dfa649d865d,false,e85dc966911286c5b172076dbbffc05a5ce28aa835200b89f2fbf9c66231d54d
53589,3c2408bc35c010fa78d63c73d5cb1203c34db2462a22b050f883d22aceadf6cf,false,8084468e05c6faa4029fbfd7b9b9d33e2274e9f40634207bcf86197fc6f83af5;8084468e05c6faa4029fbfd7b9b9d33e2274e9f40634207bcf86197fc6f83af5
53589,6132c36316f4602ac656cfe4c7f27a9ec6eace6bb6f4d6740a0a3258e2839b98,false,2adc84a8ec2d251c4c4db5048daa2c187c4850e7fd0df282bc9cc46b19a1fd89;97696f6de6c9dbbfa7c9c27b6c1078478f699ba214ee2b221a947e354b397ffa;a27bebd09b45a6b77b4f6c01eb8b9db2917cb2aa20e393c1fc5ecd3bcfdb7c67
53589,665828d6e0b6094d676d344c8ef4b46e2c232c2230e865fdd2ef8e46e2752610,true,
53599,865e0dbd6c1be88d317e8318ac65fcc6fe3e92108ed6d4bfa3d42e7587388fab,false,182e06c24ec788bd963afaf5548cc72cf27c557b8fabc1ec531664c1385d9773
53599,9b84e962d65b487577f5e7b9a7cc1c09854c71d1474492e467a2991378f7fb9f,false,865e0dbd6c1be88d317e8318ac65fcc6fe3e92108ed6d4bfa3d42e7587388fab
53599,bf1053f4b082d82dc1f8c83883bd3056eb14963044dbeee0ba4d2ed0faebd1ce,true,
53611,3a70d7222fa5a81462f73c7b2b2f86ebfff6d3381c2782ce64c46a6a79f21ac1,true,
53611,5739361da586a091dfbcc89de5d66732de574b3751e9b85a9e87de77eca57b39,false,a5a1dbaca5860583963c279272dae9575db21f9eabd24c9555a2a343cec88c00;4323d77572128db10661f26db3cfa2c799ca62fbb493a417add3f3177c1cdc02;79ebe6b76a06c6520a5fce69bc706df72c5107a57b4bddb4379d31353b84629a;409a34e947693c1bd5c6b7fcb39291f2870644c9b81f67fa5872af88550f89ee
53611,a5a1dbaca5860583963c279272dae9575db21f9eabd24c9555a2a343cec88c00,false,f9a66949da8146691a722c20940bf702a2954b4f6ceb5643829df0f59e7f504b
53628,10503c06e6328f9069bc3f7d27be411dc86bcaedbd284950f6984db3a77f7691,false,36053020abab4fcb305c9bafab101c68a1472067a89e53b74125c35f39c753a4
53628,9f683bf8b7b59e6ec118d254884c1c517e8420803a0cc88eae6e08f23bd133b6,true,
53628,a99957fe6b8edf55cf219e14c2804d06771fb016ae6c4c971c47266c44fa51a9,false,ebff86f578fad5ac342ecb37877da3842bb8321205610b3a56ade297916940f6;e6d807a1437bb17a086754832ac34dc7eeb8715baba6592578453f56fc91c909;3d6928e779712a8ad4ea94c91d3d6086c44caf9ae413d1d2e7d4e84efa3fd161
53653,5ded22e5fc18bcb2cde678b716dfa34ad42dea7cc03d20fc10ff1709e6a7b1ac,true,
53653,5fcc5d03401fee99b8b09c15315bf839ab646bc92d3b1a323c5e3acaa20667b9,false,9e234bc4d0fc8a66354d2c19abbec7b785f1f8ea079df1c5b0883bdcb035956a;7e3db1300eb7bf4bd10b88fdcbfdd3d43bba688d0004a749f8400cfecb0b908f
53653,905d33ed756ec8594412fae0492152692333f30d8daa95b51ec1711e98e4b6aa,false,d28b8097549cefdbd5ee1bf3f3bf30987a6689b7fd06c635dd955d8637234318
53653,d82b79ccf811b23b61422f363400e5c57383f97d54d50987aacb64ee42b015fb,false,3f798e9b8a91dbea4f44cd91e9525b852a590a41f168e9e7bf174653ca7be6ec
53663,85ac7a964f1713868d75863b8319f4982c23ca5b0bf0e5caec9809bc2294a7e3,false,1c982dbad82f7710ccea3a038a99396071b179d825855c6994b45ae89ee946a8
53663,a3da6b9549e12a18763f6e12821bb5e268b1cb51455d25a55093257105911c4d,true,
53663,af31148909d0aad107ae60ed311a22c91f0dc9ae6464ddbf6630c27137d67886,false,477c10cd2edf0ea76883dbd1f51c0654cddf03753c8ba49e80903fa0eab2bf9d
53663,cf5004ede1315ad0e303083fd34e4d8bf548e280f6ee29cc77c6eca3bb11eac7,false,443aa02f9cc2ac256b259d0571af01b7fc59d2ca5380b51db9f929c1fbe11cbe
53664,88da451a7bb298df4a5fb9354892828c96931f23c7d285750cc068714b10fbeb,false,af31148909d0aad107ae60ed311a22c91f0dc9ae6464ddbf6630c27137d67886;85ac7a964f1713868d75863b8319f4982c23ca5b0bf0e5caec9809bc2294a7e3;cf5004ede1315ad0e303083fd34e4d8bf548e280f6ee29cc77c6eca3bb11eac7
53664,909f06993709d25f6604ff8e462794d4dce657ffe67de317a67ba8f31c3260f7,true,
53664,f089f194ca23144c41ca8687a2e8b5f28d477f240167580084471b09ffe7526f,false,adeb5f36d148e9b5a27518dc114c813e749ab9da1bcce859e7bdc8116d0a3735;fa550c4451c8a0f10a8b1131fcd838eec8be2315e99d5f2cd9eddcd787c4e478;2caef466847768051af106b0b54019dcbd71b7feb3668ec9fd98263adcc5d348
53720,5480e52abe746cae8c96a7b64bdf7484a98679d32b8eb104018404387dbcc09e,false,bafde3c249c845cd21155f5a30c96c957dab7150601f1c2053227c09fb335e53
53720,666b8a8b7c03a9601347ed2e79b0331ae66d8a0c1f68d531635e7e3bad2af386,false,d499895c20e6c11c5f3e32dcee68a4c5cc006e8ef03c4ab82f11b67779d26c16;705491a1324c0dcc76d496fb4220017ea2db92bf4ea9e9210dfb6ec6cd0a7ded
53720,fa747a995b8a7fdabe85b3542db388a26cac9aaea7f396bb221be1904dab4d83,true,
53765,041a5a9b5bc383f9fb3f7e9498f69ebf67f95bbdf123172c5b2e6cb92cb0ffc4,false,070268c04fe4f22fdcb221fad9be691dc5340b4b6096849eb797fa885ed30d29
53765,960efbdc32c5e9f50f5d3fd0e48a8ec54f61213d3f054ce710fbd6e4bd235d66,true,
53765,deed7460801a138716b2b44f83a9d44576fa1d0a8deaad8ddf309762653fd960,false,041a5a9b5bc383f9fb3f7e9498f69ebf67f95bbdf123172c5b2e6cb92cb0ffc4;13db6f263ec8dc85f38cfd39a8d42418ac0445d0ce0aaaf4dbff07d64777578c;c2873f0fbeebc1c8496c03f9dcd6f3291ef08cced41fe379597502950de6de23
53765,ecf22944cd74502fba11a21d0cd2bef5247767f3969cfeba93cc71e8ffc267ad,false,3a70d7222fa5a81462f73c7b2b2f86ebfff6d3381c2782ce64c46a6a79f21ac1
53774,27e52842e734732c941f0622b1ca2336fe41555fdfb8e218d227869827a08705,false,52007500cff9358480c27a315743cf73faecd3d6695b750205fc230b08f4b8b5
53774,8d89a15d727881b1117c231e75f9598050b94d38d4981129113f1326afba736d,false,ebe27cbe1f76910c314c1692fc7b469c3609d48e17f4ec773ec46499f9218647
53774,9a55d7bfdd0758160cbf917bacac357545d637320d719c76e8df8cc3ad9e738e,true,
53774,d5409783b5a1b3fb421bd21e812bec809af075153baf0e57b6dd4c81c96a8798,false,666b8a8b7c03a9601347ed2e79b0331ae66d8a0c1f68d531635e7e3bad2af386
53774,ebe27cbe1f76910c314c1692fc7b469c3609d48e17f4ec773ec46499f9218647,false,154a3fc4103abb468d765ebd4201c0be4de94f7845eda819753f955dd220a513
53869,3741415a0a39f6e1d0f951f6267b7e51be2a50b163c1720ba48a733332af034b,true,
53869,66ab513f428ecc9755c26e796ce327bcc0d11d3e351057c5d5a84be66fcff4e4,false,fb0505c37e9738f539720d94a22249ee02342405eedeba91aa958aa12b9e105b
53869,fd00a3fb7dba829b8a6fd65c40fdc9b321578e30c9bb6859c9c06f5673ae9e9d,false,9748768f08a707c38c1ea79f7ebc261f1673eac8af982e9fbc26805979e630dd
53902,07bbe47ed4a72518726d8bd2200da1ffc866ce094380a51e8abdd415b87e7982,false,0248e00046561c61b367a6c1d7941a3843ae05389ece6439c6af7be97ba8238c
53902,a51715c2d606f21315f4a6d36869f254b711d5a755f0d5863fe26362b30891b8,false,e8d611f1d3e4b137eec40588ab1c1c47fb4e91e0a7b3dd44e3bb8760e07c8dc7
53902,a8dd80491e9be420ba53ade377ce8394f02a9a76d4fc3b7ee4409617f09e056f,false,7bcbb43ecac712ca8c1927804b0348933c87986fbb1a2ade2ff3ae19e2fd5b26
53902,b21fb6af4715523b2335a08c4afeb5fd40f801bb42e37e6022d58e2461e2c963,true,
53928,1c3d9d3f63937332cc42d1701fa7e42b23c532da96a8e16cb5eaf2f16c36ed1d,false,c5064e7ff01a522efd8b27cb5b13c4d13de2032f4c6fb771d2aefcbc199a5002;f9416389cd8c61ab49dd7515b52d38d745ea648a252333ab3aa8f43ff0d6110a;bd495d5d9f52a6acd40dd6d669244e1e957338b304ad150e3ca95867283b1a20;fed026a53562dac89bc9278f57e1551be20dfbb796f2a798bf3c352472d77d20;3c0995dbe2cd382c827da758d96aeee562806bd8ac78324770b780d39e120428;9e3dda27240e994c82dae0a7f3e8a440d601411d5fb39564aafb7f65eb695430;2ae0adfaeff40453514e2a10c580caca1f7c79a8589130aa1470cf8a4da6e645;55a0e598036cba8ef7e03e141145f8b14fb71b902516ef0d765e7d8562fc004b;5be34c21ef5235b4b66456d0083dab3ff2bffce77dcd0a0aa87d16a8a478474b;6e0a08a07dddf5320ccaf338ad80d8949bcb6ad1834b6a4642162b0cc269886c;500035209debd9a0ba30748b4e831a19d3e71577e95eecd474bb6994db40be75;c7b300ac7c907d0785f3e68efea954dae5f77a6f7ba1ee0123f2596821643c7a;5f18f3a4e8baa48d786aae9d6f8c1f6766ddb049673742ac4eaa96608c5ff58a;faeffbc8645bfe119eda001fa2f93f842d5eb3bd17e5ebdc51c3ba5186484989;df40b5161c77b2c204770695b92a97604ff9fc9a56a2e7f01c757a0a7f8e0097;2a89fde77e2f31686907e3e47deba2372f0e6ef8a78e72d5d580531b11f45e9e;3e3450c107a4b69730438aef23486d1b23ab32cc2f3a6c0882dd6f8ca98633a1;2d72dc051728efbc75ebcde588da17ed24b5df88336bf2a43a5ea63b0496e8b4;1faa4a10b1b7628d779a92dabf3cf139719b75b60960b3f0f164a711a4c34bc3;787b13035d753399b8b1b01bba9623c7c4b5e704741aa107329bf311e6bcf4db
53928,81e4eb16105d1d6c41a81e4dc8c0bb96000dc5d31f44c0ff6fb0c56ea319cb03,true,
53928,9a0e3dbf2031099a5f36761a6a4ee6d4d05309563cb96a5785b932da61c70cb0,false,854f3e5997d17188c1984b5a7d0a242914de63b2e1fb9151034ef181d90b7bfc;03722753e03a80e9c58dffa4bff3bdfaea2ade7ae32536baa9c9277609b03981;281690a3b135ffbb705bcf7b69887016996462da6d4e517b659640fda6b15d53;d94f3b584240e2ed9136ef7980a27ede57858af9cb43b0a568c521337c58948e;82838289298111e55dd96f6d4ce2bf64be55456e646ebddec4582d04414c06b5;8155cea4c99da2270c27ece4e726a35972661d35cb211dccf5c4ea9e0da034f4;e7a2a3c03304d34854a65f5f0dab86248f0d5e9e73ccabcb155532b609ffddfd;ecf22944cd74502fba11a21d0cd2bef5247767f3969cfeba93cc71e8ffc267ad;a8dd80491e9be420ba53ade377ce8394f02a9a76d4fc3b7ee4409617f09e056f
53928,f121898f139d15059da21acfe80c238933b4da591144ed348808e635688914a2,false,cfde2b94c5372897be71b8af440435c15ca5cc8ada700b133ef92546b285fe3e;30e96de150845005af72ef10b5c7f344dda80ff8587162fb604b2a030a13133f;4127d2391cd5ec1b87745123e74c22b2b64e09f0eacd0ffa2aad5ccbaf6c4faa;c3cbcf1ae2ea528ad05036ba7a64a9285d5c3e616be7ec29b7196d051df0a0ce;23c922ba8624fb15c8691d34fcf1c5b7e3a1b65013bbf1e5a676aff813cfd3f0
53952,55cfe30349696923abe333777e020256d8ad21c6a99aa686e0198ab38c3eb1a1,false,0d5632f20be18af423899ce2b4f8934bf00846b4ee6107a43914015a55c187d1
53952,70c4ffa9a8dbec2feb1cb687155f4e0e9c1007eea6d92c1cb1073c007c709fd3,false,a519a8d9647da1feb25609b97c454d53ccd56943d22b5fb69f3c02a7a0485494
53952,bcc17c8ffd7bffeabe32b1555a2184e1438d46778cfa6f4868f817c20e58de96,true,
54057,5173413baee1bd9403e659fd4782f5cf5e46dfe16ec07b78b6ce3aa891acbebc,false,e64fbfe8756eb4ce232d007388fce7734b610452d9d264696bfafd72d812825a
54057,89073bd4c248529af839af79213648cdf16dd7d0e1980f8514addc4f13463a67,false,b1e25bacb4fa2b9849b9e5582d4e88089c1c64978e2019801d52aeeeb114d423;c8e9d59b75d74766993ffc1292c686fba33988124430ceaad316a71e062c0912
54057,ee892f1649d4e80fbef518e6a07c849cc205be68c8c3843c5b1ed52fed4d6591,true,
54064,153b9e9548896f33a41ddc416191dc34f2d0d030cf66e639976897666cb61c44,false,da1b27525299dd7911e4eaa4f6354adc04ddf5fbc91b15a8c9aa524ae658905a
54064,4f14e4a10c55c237a07b1809b142a6728be2e1d72bc4cea9dcde3db95234d049,true,
54064,98ece754779cabf0ae133fbf00766c9017516197b3d057b019a4e3194ffd1afb,false,44a1e51759f1dff24b66b90065c8eee53c6aae0db68d645ea7e8b924a90ca8fc
54116,0df5dbcadc4d1bd7a912c6f027b36a47ae7720a644ce718059fbf121a79b3db4,false,3357f27e3f3b243d84a6c473a6a512b4df3ca0b55d75d755c0c6d7458516818b
54116,34ab20ca104721ace7ffa9a5dfb96d575f7410efaf6ac5a2b925f8fcf0853f4a,false,493d11566e5a7db2d18d41365bee6f66c8b50b048ed728219555c1bcf83fb8bb
54116,55eb9789f284d5476dfdc43adeee071ac3a89ee3630e58cdd5e1a42c52c3b59e,false,4cd3d494af02cbb714d4318b69a681f9b1ae605477ed2da8815eec4d49e88bca
54116,6c2d320f2ec046336b17b7fa0d6396e3f79582f713dbc8fcb40b2c465c9e67dc,false,293d487dfbf2da2e9ca23d32c740d1b5153013f1ac9e37bce5db865821b9195a
54116,8bfa446c1480bc7ea412eb1e143a3f5000313c9b6f835aadfca332b33ebdf1fb,false,08c8faac6668c42cf00081d1665d9834db356d8c9ce9e823148ea6b9ce135946
54116,aebd0840096d461d07bda0ac2c3e1f6f8df939c4a8bd6ad436ba7930294f0641,true,
54131,85f7c860ad6db769ca72ae17bd0020185524c126cd41e3c011f54888e4c2769a,false,ddbf099cd4f406084e55bb2b44e65e21c326a29eb633ab98ec1a1ac1b88fdafe
54131,be465474e745b37bea7161664151e9182fe86c22d8ac4747775163ce4c5b918b,true,
54131,c84fa052a10c123fd287c49543f57781b115cc79c27c4f9df32491820d34b028,false,5d8616ac23c20b76d74b203c7b32bf74d68cfdcaac43fbc8dc98a1361ffbf230
54147,2bc1f8cd461c0ce2b482a91a0034fb833af2847f3f338c34cff16845ae869adc,false,ec6188ba4c54ef27c2506d23cf15170de7f7856a27fd55420f60bb4aedecbbc1
54147,4cd5c3e3536a18309e25ffdc7b2649554fb1d597d59ff53207018259eca98dfa,false,3d7caa074d4bc91f5db67a370e05c6de24472c9f61af5525acfdab7c6f492467
54147,6ee5e2a6a7c84bbdd6c841766b2694d6a5b4d99613aa2880be92c6ba488dad4e,false,d407989570b3c0e09209836a72ac87e8f2e5a71c3f73bbb330ebb896e6081937
54147,edd74d664fe9caf0e79ecc8e23adda62133984a9c735538d830e62d0b56df67e,true,
54209,40039d1bf2395339a544744bf4202ed2e3879e623071b605b9facfabca4124a9,true,
54209,bea1c7207181852b4894ed7ce32b61d4ed0facebd629dc37e42e760f601b64ba,false,028faed8157d8d900ecf70a49096842a9ef3413f20b6ec1fab1a01511c01efd8;58795b6f3857d13eed3c8b36aa2cb06e921c1a118b7813b94c2d31b3d91f9d95
54209,d7bc0364f0d80c4613506c0129e610218adf51356a4b55c5194702f1c3b944c3,false,cf45785a06e3774c7d67b4e3f5d133324f7ad5d288bafe13693973f7289c72cd;0e839ed4a5e886cb4099467537954ee4ac0bf94b3d7196509215067d15873f84;1900c2ce8a4afd8a57b80939e562e129361a47e22cd48f63e3cbb69744d48ec5;ed4f3c5f45f7412075d55cd42613d707e35b06892bb4c300c0a6da44d3969ab1
54215,3ba56b85677127565b7bca5dc1db8bb35fbc319a7b18655bc786a6d7c3e30a1b,true,
54215,86741e6860c82d2ad3be11851b3cac0904b41d6a05ad6d5cd7a06e6fb5a15bf6,false,e54c13e149e75689f203fa601b2219e6c729ed0ab3f1e4c1ef272e4974508eba
54215,e54c13e149e75689f203fa601b2219e6c729ed0ab3f1e4c1ef272e4974508eba,false,c63cc36434a960524a30cd6887ec04735b3ca89a447004b364c658df67bcc121
54244,9f2eca42b655dea650553ca8c7792d44bd39448e8b531bf8591bc161197c092c,true,
54244,b8ec6aeab971b494c78d61cfc7d0cfa72e537e3c986b23836175b3ec725bac09,false,e54c13e149e75689f203fa601b2219e6c729ed0ab3f1e4c1ef272e4974508eba
54244,d74f44380a8bb1846fee740be9669406983a711e2fe87252138b133be2f79707,false,b8ec6aeab971b494c78d61cfc7d0cfa72e537e3c986b23836175b3ec725bac09
54286,06c77a3593715a1d3eadee6c42cabd4c315c51becb547b9b34d158a9d2641c83,false,6f98d71a68d874cb77d7261df83f9048b20bd3f61982bfdaf9098e74a3416e35
54286,89ac7041d69a2e0668928db049e22cd57ed71e93d99d4ed97e1c3e4756e5aa0c,false,8982d069bbacb557c22b94e4c21fcb6538e8cd75651dbbfe099a51076df05455
54286,8f4b23d563f40126ed59dfb1bc52180713c8023f5e2d224b4d9528348c30af0e,false,733d6278f7201addd75606ff615261d25fd624108612ec0b2cc2af19c49a9b09
54286,b2ff6eb3ac45205d42be0a521340d88947454bca1b04863100971181c4465bc0,false,87c0a0217da9444189f3e382749ee5e438b033b66cced20310a6ad777f1cb1f9
54286,b6f73ed8397b84da31976c98b9312ad98e7b4713d43ad62ccf070ea9669e8015,true,
54286,edd000c22949d19957a93c5cbd931bafabb99e0e109f21b63f43328dc9e2baab,false,54b8b6e91f701089c75d158934a00858b79196bb2d96b2fc0ec5e82d80aca85b
54308,4fdd91215ec5e8df7167c161398390235e628a7977dedf6a575fd1f63e63aa58,true,
54308,57d6b0390525c97314279497ce8c76bd15333d3da17016fb65dc93d161892cae,false,9792408db9ae555788c2cb70cf289a2b9c06ac48dafa4308547d03f0ffb2a393;f147c66eabf677f6221bd10d3164d00d14a4832876da1078b4d23d56dbdaff97;cd56333f4c75d7c1ac6772927b25073ee6333b9cb5ab651bc001121b667a9ca3;91dbad2a36b587419cc075050930de38109f216b795cd2398991591f62dab0b8;29b5f02db533024b3249d5e36514a1806d87a6a124764cf25812a46cfde148d7;0daf0a785cda0e3e177f44dcb2d4a4a41df8c0e37d7d9a557af0f30b74750ee2
54308,b503ca67d24cf48c15371f12953452680c38426b422f31e7e51fae1d73c6bde9,false,f3a2ccaa3d5dcb63a2670695c3e431345e79926f1a2abb6c5bbf3210805606e4;8273f3a0b09cf07ecfc1297de18f9d6942082f2a61f7516c58c6b2d1f52173a6;8c3020cf14d9e527f08b39ba8fecb7be14aff4e24435949336502b1fce78cbe7;089df645b83724888d4ac14f1522d905541ad87b68d0e37dc8b330f90a1c01f7;59b3e317e5ac884ededa148124c015d3838c791849ba2e8040132b1af5f35678;57d6b0390525c97314279497ce8c76bd15333d3da17016fb65dc93d161892cae;407481714e1e36845a27ac1d5221b03b3feb54202fbc715a4e17fe519f45de37;451846e68ec4d4616109baf4da56f23ce3b6a9825ef4accaa5146f2fcb882c88
54311,388cfff1660ca06586200df016e6cb746e25f41f184b29a39791ff4acbce7e17,false,f7afd3c9c5b7fc64135ecddad162d23ca2836d70871fc0fb9d570aa62a152ab4;b8c63ccd4ca8fc6c3440c05f550793f9f4bdf96d7935775b6190f9a355e8722e
54311,d244f48b87530c519fa279fc6870b75cb43e43c05d60147e647c71b45590bb4f,true,
54311,ff60c8ecf2267971ca68f4a51f8bdff252041db40493cdad4c5e1bbbd1a76248,false,bc945e4d4c30fdaad63aecb82dae05eb4f42f10d03249631e7f7561678c5a62f;9f195169df7b5ccb747b9f72424b104203ebd5e3b163f64df64285f8ec703708
54336,413962271763ea51cbc59440a8ad0d0b833065a67f2e4e5d1e7ed87d76ae50b9,false,888a77dd8525736b136f0433cd91d454f335fd1ee0c032753411073625df63bc;ab12fd9c2ebd2174ad6e016931866acb5ac08fc31aeae17cf4be93ae2b3f54c2
54336,6613d8c9b0c80db1244068841db0e57bb0d759eccee117d46124f70070662964,true,
54336,defbf7f0652fe1dc0c6e3881a6085c19ba605a38ca260e7b13af4dacabee3677,false,60ca33b91f5f5cd4bade3c96b33cc003629129e9c36ce45a5880176488388d9a
54345,781e2352d888b1154381bc53da1c9fc458333fb8d074e2d701eb3b0273a4a2ec,true,
54345,a1c30fc9840cf1b78a580321d090f30840e6ccd137a12d47ffe972465c1c2756,false,acaced9da25aefac4d89d0a9d4eeaa5cef36167e213475d6c43287bcfae33d0a
54345,acaced9da25aefac4d89d0a9d4eeaa5cef36167e213475d6c43287bcfae33d0a,false,e62fa3bc7984ae1cd5252ebf72720c3ab3b8e023518caf6ae73a2b81d26625a1
54381,1046a0fe18f1ef81404510456feec7547d26bd61ce462028d1a51da757bb2a97,false,e37a42a8f7e4b60ae2d974833772478f306580340d7d0c31de604a456f784db2;b87b8655b6765577c51597aa0692c0ec0e50f04764c0199a6887198ac4b54761;cdbca2e4831d18810e8bc276e1ab78887908a1c43703ba4d6b59d37d32fca394;8a55c6534486af23c0ed53142ccc1d95da55d73a764e7e07ebf5a4f309a45c82
54381,c5bde573e28abc47978898ac3ad4167106a46d8366ce7dc8afea5254248eb2ce,false,6e565e0a3df5acfa3a065e1152c28768c79a5ba5301ee0ffed25b2cc1e53d405;ba4ebff92b4cd651fa2e55889f7001afc2ac8bfcd7e02f84e251b604607c6cb7
54381,d7cb1a0887f5b9b833ffee9a6654594071c67975b631cf561b57391555bf1f3b,true,
54452,0e19d1195aaac82653194c143b96929a7252b5269bf835fdc2576e4fb4161594,false,18548292263df063255eaecea362c863272320e6c8b253c4fc5209084c90ea42;0b0765b1e804cac0c8fe993d4353ba63de4046add2a1c095dc9a1e0e9f3c5525
54452,4f7bd187cb16d248344d1332d0833a7606f0e6daf08121fe68d49513123e2617,false,5bd118c0823f444f39e606ae46004b1baac5b37e3e3d65ccbf3e392b731dfa36;1f50b3ffb81ae5fac46c142912c6d6e15fdbe6e3c16d885115a85c4fc2894fb9;79930f43e8ae8d7d59454fc955d83d87355c58632d0f41ad712651c0fe7c71a6;ed627a3a5646b6a1f8b3788e458e0550fe4d0e1031a059e4252a9644532b832c
54452,9ca86eacd483f0701762e7ede70dcce5575415cbe2e6cd2bae965e0cba9a98b7,true,
54462,38511c97564e6d5af077502e641f4bd487de3169e4d9d3b727cda88dd4ebe364,false,12c82dfed21be85550db365c3757b1948538a545c04632f791e1cc8f838c302b
54462,66a1c2c0da3c7acd1a0c0514319924b7adec9b357d58db5b4e86896afa6a442c,false,86e921e8c23c8daac6d25ccfed04f5b992c2078b4753435be71efb966a272a9b
54462,991812542ee0123db9a27148351b89dfe8dfc8d7e716a6bd6dccb1d21ec71c85,false,981af68671549bc21101abbda4e49af9ae0ac2b7bcf2ed3caf46a4ac6868cb03;c410783889930e47af4f703b2f5e64324bbd03d5e3aec35075a5da877d2849a5
54462,b6e08cdd666db4b51f11ddc8d7c6e64be0dd074b3d25b16766e890da7c637457,true,
54463,28f0a7885dc2be5b8f5425e883aeee1d716f0546f2ffd9b2e132b645462515a0,true,
54463,8e9eabf22a251d2fd2466498c83abf3c0f2aeba2e0334a2e239f6f3d8f4b6559,false,319ff323ade8e33bf6960a80cbb4463034ef112189828b82d23e0d7b14ce835b
54463,da990345bdf2685722dafb817e90a7e6088ae8ee217cb3f4d29d36fd8e7edd93,false,38511c97564e6d5af077502e641f4bd487de3169e4d9d3b727cda88dd4ebe364
54471,1ca4cf582195408b1c554488c60db73861d34741efff9d9ae7214cbeb58c90f3,false,00d8cf8d95d50087e6f1c51c5d6961673fbd76d0d3c782e844a114a3bf463ddb
54471,37e1e112f55ee6eb903cba7fb0c67da743f34efaa1a623fc0adc4ecad4236fb2,false,8e8e56c9eab3667b73bbb596bcbe352090e26c20bdc226c8680b8201dcb70560;72a83ccd6cf7a4b79beda6ceee73324188d77d5d08e6e97413c1404fb39217bf;67afa7dcc66945410065136d3345f02e1e816b44d810863b6e7e9a42bda346f8;fc94226e831e33a856e664e7cb37fd0b0f5a2d45ba301102de7612056e160bfc;04b52e7d01a5f2e1b140fd3d163f7808b9bcf9ade916d55499fbdd575ecb25e8;d77f0c3475990ec0f89731423c9129e9d1e0465ee13b607361a68b2bbd31d59f;0aa431d1d6396cbb799c8fad0d1aa4c961fdece0195cbed99c61b75f80e959e1;45ede3ad51651f4ea7c9ba79e8a8849beacdaa44a8bf7fc78234663af42bbe3c;826992ba93b644ed0debb6baef5f68bd78c5b08e9326cf8333d7adc497188b5a;2090753903712606281c0ed2be70cfabb6339ecef4451baf7c02b26344a4d116;436702a06bcac9ca521bca1c4e3776ffaa8bcec8e85f01e466f2fc2032359420;f9aef86abd2d25a49d6b680610239e8181142b7904b2bd9bd1131b8f2e4ade77;cd2af0f4fd82db84ffc59e74d6278ff06a417a301f4b364cf322e829a32faa88;ffdddbb099e78f826f3cd02736092bc8a816aff06dfd62e126b25799929ab01f;8a62a57e5fa9ccd67b1a0fe1b74ddb72599c330cd70ee671b249051235a2813c;74b82da4da52ff734a4ee99a5350f6a8b8be8b378f9d9ee7e9d3bb869465853f;88d52ab938961e61d78d46b33e670bcd17adb6f77b654bf3c45e395ed5cfb7b3;481f5968ca7ad86d407444403165a04152844e721c8c36ac3d6c964b8d453902;aebd0840096d461d07bda0ac2c3e1f6f8df939c4a8bd6ad436ba7930294f0641;d6347db88be041ee45977bc050b0395abccf83f6a5575eca03ace60a109f6c6b;ae4483dfab3707903ebbc085077fba9c4d6fb507298205ba4cf6ff1d00143616;92291cf791375d007ea737a2346336f62c5d54890e49067efa77bcb0f03473b9;0bc8a3a22ab4af31f42eb968b787e774a7f16f4b073e68a08ab1f1c6f6519744;1ca4cf582195408b1c554488c60db73861d34741efff9d9ae7214cbeb58c90f3;b8f72232c35774209d1a8a3f262c467ae6ed75edbc9833c494df2fcf9d19e352;29f94d873c03f471a95ae8918c70bf078d94db1445d3c0b3d714c058a83f3585
54471,43e0f9f1a400b8863fddb2979ad7a622d66d28158b2532b0b4aa7eab39bcfec7,true,
54471,bde103b382cfc91bc5f8413e847969b177b741558c2334e29da29717ba7a867c,false,ffb0a7fe460b4e049854455380bacf764649e6b62ec6e3e834d11a1bff24c313;6cb2e926fad1b5d8d5e968c7d1ca7a1722f7c37a809e5f2a34a5c84f9082c756;8bed0a41047d62ba891aab3409ccffe26324892299698bbe31796d30cc4b3470;29426b44b9185468a5e34f7ee041d3724e0c6a4eb98319195e65f02772254bee;ca8a2ce4128ceb9a88910642585af3de9de11958c9b6d169a11d870bf52196f4;3aa401f3b8d8b9b678f89081d70be14daad12a206faef91aa329a15eeb28372c;dc1eb780f016a224e0b795a764335397859117c7972de47868c6ed05b2779ae7;37ab96adfd00b41002c0c5a74f8c2cad080c0badccff9aa798d93da75e480640;b5898410364f23095901df935e38d100f5187dedfae10a2369f50274fd00f244;3b9630f8bc9b36ea6c3c6d8ebe86cda84b95f2c16df9881295447d60e93ce447;b711e65af3a789ddf33e10497a4b8357e622ef3a13f4c5bd872f6e372c51b36c;214cee96fe29145bc45b96aef4b0399130f465820997860872fe3b4c89988e5a;4600a1fbc973981f9efbeb4a1bd3f8ae9c4091c9ffb2490d807acd3d62abbf8c;f4308795d156f65590d359f388d088168251b00eed7fbe8e42370ae8c670beb2;f04a28e391083a426a3ea06895ccddebd7c75d34787c495ed01602bf18c420a7;a964f2b5ff5bab8b5984e76840f8ce1eae7dcf72ba124e8eb78b697275b10e70;a2a6d97338ea0d97829839dc1783aa775defa046942a917b1654f0013265a04f;8668f9d6bbeece8ac7af2bd0a42601546c46fa913f68ba1b17edbeef98a485e0;cc0048bc7caf4975d855651119762ab374c5fe32027e8736106f52bf866938ab;8e7d2679f01e71bcae23a411c25cf59fd53a7a3d9e88e531577b0ba01fc56d66;4dafe4176cfa5eb0c8a23a6a65eb55d40911d536ea67822a28fd374566c66dc1;d4fbd4de000acd0c018209c5c792d9a2e1ce0ebfeedb33fe6e3379921bc516a5;da990345bdf2685722dafb817e90a7e6088ae8ee217cb3f4d29d36fd8e7edd93;ab361bdcb0b2337ecb7c509874457393bc8534835e1c58f09a120a828cbb2a9e;8b2d1d9deb35c2122dd900b4e4839c28366a2ab18f38847f1b4bc94220ef64d0;598a9e31a534f6f83adc4517a58a5f003ac3eb42292d481baba60d1a20fe46c9;b8d68a710740b8769f68c96eff0c74445768ffeaf3e59986f15eda26bb974688;cde616a01a4fe5026fa9c90ce4494ad3054c227930680b540ad21d5633391162;1c7d5e76e9bfc99b7cb83a9a959602d3207cbef779c89aa3d16affb3f51eb887;797d35b3ce97428c933cb8319f9f946c6d5dd7834b6684e038c0324a479567a9;b588f1f35b8fbc83694582ac006e7f00508e5fee9c7ad88724a76c7dac9db036;942cfb95009eb6f862f947837567d2a51cbe19fec3ed09eddc328c28484d6294;f512409da27c7faf5640e68d823674c1c4b7bf416ca7514e41426e0303915c0d
54472,069c3529bed320f61d7a06fc8839f7289fab08a943e43eab1dc3e636afb85d84,false,f695c8d7f1465380fe2ae0f091b38bc044b9a87631266b2d788dd2dff41fd0c2;94121a101affddbbf3563361b8e0aa5ffa6517953fdbcee54c47ce3c3867e4c2
54472,0e40ec6f2e5d6f2971597cd833cd42373177722ae329f7bb588e08ae38f7a710,false,38511c97564e6d5af077502e641f4bd487de3169e4d9d3b727cda88dd4ebe364
54472,6608d6a362f1482ae5f6feec0d40c5e1713cb8a423c0732295dbb4ed8990217b,false,1ca4cf582195408b1c554488c60db73861d34741efff9d9ae7214cbeb58c90f3
54472,6d26f4d7cc466d7988fa677b1a6ebd269b87f61f3f74b65b70936b545ba811c9,false,cab1e3f7c6f610a4477915d6b08c7fc76d4560b284f62e41de729f0fec53b29f;0e19d1195aaac82653194c143b96929a7252b5269bf835fdc2576e4fb4161594;4f7bd187cb16d248344d1332d0833a7606f0e6daf08121fe68d49513123e2617;069c3529bed320f61d7a06fc8839f7289fab08a943e43eab1dc3e636afb85d84;b1420f6eaff70a69ffec21595bb28bc78b359a736ada3acfb40ac57f9d655e62;44e07f11679f133eb665797ea1f3a5c34f8cd011bf5d399b3d8cb62e150d8b9b
54472,9a7c4105e9d2e42702912bd56b00b9b738997c6998fbb932ceb9e0be18ca2167,true,
54486,184802b8555ac1266eca52df208fabc0f20a841d3178e3ff496c259fda0363be,false,1681c11b80a7fc19c0e92b285f73a854182c61e3ec9a3ccf44504438cee7454b
54486,7808a14f97825d3772543e2f6d840f9acbacf8f64c7fb1fc2e1ee9a18b7d2ab7,false,f0a5482e3e88b1e685c7e7fe7a21684efe299b7bb9320f8d85722eef00bcb55c;9673c86c2ac9c09bcbacea6aa37cd98c5863e0a91887918e62cf6a393cb44479
54486,de2859e3d080d930617f1af43fc858b73c2a2221bc21b9d8d287ed70ec160ed3,true,
54491,33a73a02947b0e59039a76e4d88c57d86dc502779e779599482be742f4df0588,false,8838e5804aabcaa6e635e4f1f10037c3b0a0c2744317f4342e5a9b9fd0ffded2;e2daad8533095f8e0e26131410e4356162ea9131cae3af64c4b11f477eef7821
54491,8838e5804aabcaa6e635e4f1f10037c3b0a0c2744317f4342e5a9b9fd0ffded2,false,ced41204102dce255b309365297365406c573548d81795b784a22282c03657c4
54491,d48f87dc4cc3590417ef1cf89374c73b5b8f167b112925f1390a7970c8196269,true,
54491,e2daad8533095f8e0e26131410e4356162ea9131cae3af64c4b11f477eef7821,false,2edb3342d2fefda94033d7f0316fff6aab31469bb137a11fafeaf52d193d1f65;97262c9f8bdcef93cda2abc37401418bc09217ccfa48348f64a8c5b5ca6be2a2
54494,3540ad0510a125af630e92b74b50c33a5ae0925f26b564fc5e0a6fb85659a116,false,6b5958a5845bd9e8c7dc0784c705e46233cebe0802268b478ca101238f117b28
54494,3cfbf362acd0964ed918f28d1a0246bfc2dbb69585603e728023d87927365123,false,bb73258c2feca5076da94e7e282339e371442fdd89f6550805708a8d06bcce52
54494,5ec2d1eb2d7aeff8a94e841cdbbd9b3352e842f227169ef6c03dfdc455c72311,false,f87ef0580443fd4293256187b2ef8ee91a5c7a3e8f5d5b117beb0e476d2bb8fc
54494,6b5958a5845bd9e8c7dc0784c705e46233cebe0802268b478ca101238f117b28,false,3cfbf362acd0964ed918f28d1a0246bfc2dbb69585603e728023d87927365123
54494,7a0ae32ed1f7d09dba3db303d27ecfec9da5937236bb48e74b72cc0cfeee47bd,false,86385e491129e779018a2572a286a8464143daf3ccf178b63e63f53c45d7511d;127e63f602c5bccdc25f5bd67e7d4237c76859e0fbf0b687b2afdb42c9a13005
54494,b243b1ac487f12088378ca23a57e5b705c16bd1096c9152005e0b29403bddd17,false,985af845c606581d8e53639398f23079a4ce84e83cf5181cef7e8630ea201867;7060da42b7969901b629fb109ab76bb0e38f9d439ced4c902716112c2ced1cab;ba3e663d1d308e868f8f1e302f4e8008eca8d7d181c0dc6a7a4d8a3a5c0b3adb;2bd9320eef8927b7c3f82f29fcc86f9bf34bc8b61eaee19a043a9afa99beece7;be8a404451b89204d10b5679ab6e796bda8bf85d30ec59161656dd35f28c5cf9
54494,b76c0a049d7720a9f83f9f61432443dececaecf8dac54633d2f064632805c9b6,true,
54494,bb73258c2feca5076da94e7e282339e371442fdd89f6550805708a8d06bcce52,false,57c803b73d5e631bd42deace25daaefb7a640a7fd113a65616d4684f49f796f3
54494,f87ef0580443fd4293256187b2ef8ee91a5c7a3e8f5d5b117beb0e476d2bb8fc,false,6608d6a362f1482ae5f6feec0d40c5e1713cb8a423c0732295dbb4ed8990217b;0e40ec6f2e5d6f2971597cd833cd42373177722ae329f7bb588e08ae38f7a710
54502,1abdd586e35c59dbe3edb1e81a03ff1152003583d0ac43bad2e7cdb13b941bea,true,
54502,5982bc250998c2ef7685aa5fdf80f33d4a0fb91e819b90f3fe028c16920a7cf8,false,a76fcad1095e47f47b28a09645288834f7e80cc3a2a9c6c4301fa7b86b1c94f8
54502,7cfe73794a4190dec28a7633224e4238e929ba1b20139eb43edec4b0a099e815,false,d74f44380a8bb1846fee740be9669406983a711e2fe87252138b133be2f79707;27ad6ac2a5d8c23db713590568da73a677c10c6eb5826a33925c46c276ad774f;a1c30fc9840cf1b78a580321d090f30840e6ccd137a12d47ffe972465c1c2756;49b3661f472de7662df744d267745bcc09aacce4b0d0cc13150abb31dd166b72;86741e6860c82d2ad3be11851b3cac0904b41d6a05ad6d5cd7a06e6fb5a15bf6;33a73a02947b0e59039a76e4d88c57d86dc502779e779599482be742f4df0588;6d26f4d7cc466d7988fa677b1a6ebd269b87f61f3f74b65b70936b545ba811c9;5982bc250998c2ef7685aa5fdf80f33d4a0fb91e819b90f3fe028c16920a7cf8
54520,19fefdd9369f194dec5851b5bc9cbd246f85951f5b51b77c38b41ad673a078d8,false,3540ad0510a125af630e92b74b50c33a5ae0925f26b564fc5e0a6fb85659a116
54520,213d6da8bac630d9be42dbe36f8cff49b96a8c55e1900d8b4ef478814a9565d9,true,
54520,3e543f7712818a15e4dfd68216db765628958546f6f12805fa92f72bfd12aa9c,false,5ec2d1eb2d7aeff8a94e841cdbbd9b3352e842f227169ef6c03dfdc455c72311;66a1c2c0da3c7acd1a0c0514319924b7adec9b357d58db5b4e86896afa6a442c;bde103b382cfc91bc5f8413e847969b177b741558c2334e29da29717ba7a867c;37e1e112f55ee6eb903cba7fb0c67da743f34efaa1a623fc0adc4ecad4236fb2
54521,209a0366e79284fdfa4b4569bdfe487836b367e492eb28321aafe467078c143c,true,
54521,7754093d94f0a182bf356074694f3ba4bdcd3342a7e630c2a8f1e0e68aa9330c,false,60daddff291bb490421c9d74d94d35842296a56c42ca9d0261924c896523f9e8
54521,b20a13361c27093297633e715c33147381881635cc4a46d2945b8f5221e13877,false,fd00a3fb7dba829b8a6fd65c40fdc9b321578e30c9bb6859c9c06f5673ae9e9d
54550,01a55fbfc071c03e284fbc76157887a3640e79b6b776d6cf06a012f64a8663d3,false,99ce9e72e76caa0af268c270a02646958baab9781ed13ba81361ad5c5d98f258;4089fbbc729780b96dc4c950795bee3b56a3b23c355f6fa7925acf6a7728665a
54550,6bb2656205b0c3e2a297790943869989c58c56c2cb2c6c4f498d28ca698a5031,false,3966466cbbb2aade9768f12e1f1b3df1b09fe9bbce809d6825da0e73d376a109;005efb605eb82cf11e5f151938ea2337912aa56c046c25d0c39b1c72a9dc2d10;45a9cc3ff200bcd510bea0ac6d995aab6cd7138eaebb8cf5dbc7a080d3d19a1c;ac6aa6731e3c39316e2e7cb4abf5cba8fffe120af67c2602e3404a930e57c91d;2fb20b3eca06902bdfdfbda4bf7f03555325ea7886a0af9b2dc76324fe3e382a;97b0cb157bd700aafc7045bbc9c4a2f5c1846b64874bb1d5edeb46b3957ace27;b1ff339023624b4f63c43259221696fb01458d4bcb6a9ba76b30395e2dfd0333;798fec309d9b269d8f839ceee48a0c05f114c66b06c321bd46db03063d07f238;37e4b5feb91db4ae6da77f02e7094362c3d4705dbc08325c322f72fc91999734;e251f591993d5a2e965bd416b9acbd8a3807734a75e5676cc901d0a94488953a;5c2eef65ba7d2973cce852b3bc0f11b4baf53f48a45202a0d7f8541d8073c23a;5f0e0ad7a96241b3b4cf8d9c82041aa69c28c8093a4d38ac9e623a6fff45dc3d;afd47a65e9b897c8ff1d2106720cff9577c35ecef5183d74ecc9defbc0dfa05b;263e503619a428b5e560ce4cecfef61929d27520caaf7cc2ee9360300a10175f;95a790b5aa7d0228ab3b1a7ccff85b582fbb0c6e6dd09fc912453f61f954a067;f9dbf766204826f387ec01344946000d4867113cb52e0f01593f83e8b9c54f69;9058df734387f972d07f1c59f302373a78d7e0eac048987fb57aef2b82041c71;de5788f97d358751213b655d58020f68d727e913bf96efa31b3c93d82a353478;2b4d28a688f6117522f04080b1ba87f74a08ae7a90f65a53902f01918946827d;6a95b405d233b3d114638007df7d6014a65126d03e56f3c4d91380a98fad1381;a9eaf77bca6cd670b7c01243814640200db308e355e9f3657471a4467a30bd8b;82f876475bd700ade8fcd6fd2e324adbaadb3985871510bd256dfe9481356a8d;609c6f3c3800e26dc259f488a9a5074636c50dca572a5c8f0926777a0a470691;362a3c8bb5fa77a308406dff9807c525d401ebd31db75b38fe8b1d9ca7e9e392;069f9367a218d61094fcc0c40f29ecf44517fedb247352cbccbab3daf9f42993;26a698a027dcc5f936380789c2ca934fb3e2470967df82729a73cd7717f0a2a4;e393eeca386b20758aac9972e874d3954ea6c8d955d24244e41927bc5a4adca8;0ce8e85aa82e8d99c196964342e825f8a11ff9e7e1ff0bb5b5dd571e46ab2fd3;e15920e91c015169cebe850d8e08e04181af06be820687c6e9a2b879814e69d8;ec1d0e28f684eaa0542c6654b1803158384b6dc4badaf621ffbeea1cb97f19de;3ed89b3c8e8e942cac51ad581aa9a1d3a244a325c937ca38d77ebe91e78517f0;9eea25bb4d92f2f56f959ae79b2290ac4f93d47ae33a8953a60d4e51e2cf85f3;714102bdefab32a1c1659605f1e68a73b13056bdc25b1f6cc65764ba509b6ef9;0c6c68677cd3dae656896a807b5a466cd8c09ebfcc8efd164b7aa61fe6d784fc;aafa6505bb2cf16b625c79107f92d4f91bb110a602254d75a91ec1574d019cfe;a53c72dcece44befb274fd9a704a8411139846ff8ab37d131a945a1f51c81784;a851ab5a38417fbf5f5af260cbd1876a1cbfab113a320263ef1261b306a83a95;675e77702fdc0d7af3d30f75e93dd24d9b22c9dd9f4113c90f6c0735000f3b4e;a25c81405973722a2b6eba9e9611664c24220a7676dce73fbbe027fdece76674;01a55fbfc071c03e284fbc76157887a3640e79b6b776d6cf06a012f64a8663d3;d7bc0364f0d80c4613506c0129e610218adf51356a4b55c5194702f1c3b944c3;297a1dcb434d93901dd9ddb677dfe136724b0936299fa36c3b41ba4b7cbeda50;98ece754779cabf0ae133fbf00766c9017516197b3d057b019a4e3194ffd1afb;9b84e962d65b487577f5e7b9a7cc1c09854c71d1474492e467a2991378f7fb9f;5fa93770ffee624b1003cb3e88bcdcdc7f6ecd504b122ba4f168b48528797e4b;fc88912d89f83e5631d7ccdfa87cdffd3d82eefc62ed24c64589859bc201690e;78cd3c365eece8b16a50b98e1ca20c68547e309662666b240271b7244fcd35a7;153b9e9548896f33a41ddc416191dc34f2d0d030cf66e639976897666cb61c44
54550,eab41b235d544065bec92a27ebb11cf7a092ac78b26ad233bee410d3334f4802,true,
54585,310506b41b3befb9ec995611b581513d5be489bad8beeff5afee7bb01a77a718,false,254b9a583928f8a0672b8eac214f553789b2fe91632b7dcd56745eac7856f66e;c0652c0877fd7d646d89c017a29e2b6e96be33f9711715246e5a1e882ff18986
54585,5ceff503368b202e1706a67d195090cc7d769dffe28f316028c195a0153e265e,true,
54585,e28812dab99a93770fc5dfc8eefc60592d54e4b4a29e306935e8f8f1d3b36fc6,false,815c0cd86ba6cbe2010a733e16116b4a4114d2a29f869d4481e177e20aa4feb0
54599,a1b2926e0b0e2d032d24a7bc38700cde95b7db754962c8d2add113178ad0df1b,false,781e2352d888b1154381bc53da1c9fc458333fb8d074e2d701eb3b0273a4a2ec;13bd2c3835bffb3b9cba6ddcf8ea1d528cce7af2e7211275a33541349395059b;fbb80d7a7c73b061f4cbc12e362ecd3bdb2f16c6b78eb4ec23efba72d762f569;65011502721f9040a6e9faf2457fbbc7633d9b7840d9776a9a31fd1d308237bd;67973ce0c7f9bb971752da2eb65a3e1f937383f32f3c0b4d38f1413ec02f021a
54599,d7cbbf6ef861d0999124e9be515f684d6fa91f9dd8a6bc411adb8820f2dea2c5,false,e0a52ccbaf69a83e8295369f7eecf2fecc9e6d5b9134edda34dcc26b8afc5a95
54599,fba84e875dc5a2075ca968e454aa80b23fc11da01c5f27f71dbcf1799e8ef9a6,true,
54616,0db6fe4bedefd5ed6788a993b1247d72cb551e14cb8be1324091e8b45c3c2b62,true,
54616,8b96664a51567dae34592da13cde7aef250da1266e5a606af762cdd01e66db68,false,9d62d37d8fb8d61668d5f7d22a1960575f314d53ac1ab004e7841078030d89a8;63d81a75ad5feeb87dcc4b766d07473edae32df812443a6d59ca6f80c5c86cd6;310506b41b3befb9ec995611b581513d5be489bad8beeff5afee7bb01a77a718
54616,9d62d37d8fb8d61668d5f7d22a1960575f314d53ac1ab004e7841078030d89a8,false,085c1764bd11fbd5f4812176eee8e8de886774115c0dcd413b062450e427caa4
