height,tier,phase6_p,dt_s,nonce,u_S,pi_stock,clock_lr,updated_p
1,added_possible,0.83416,463160,2573394689,0.59917,0.1875,0.752,0.79092
2,added_probable,0.98135,79,1639830024,0.3818,0.0,19.574,0.99903
12,no_patoshi_evidence,0.00023,528,208296255,0.0485,0.0705,0.054,1e-05
28,added_possible,0.83416,30884,2396281646,0.55793,0.2083,0.752,0.79092
29,added_robust,0.98135,46,2688142130,0.62588,0.0,19.557,0.99903
64,no_patoshi_evidence,0.00023,227,82803279,0.01928,0.2615,0.033,1e-05
127,no_patoshi_evidence,0.01224,2066,397110364,0.09246,0.6434,0.224,0.00277
131,no_patoshi_evidence,0.00023,600,237559704,0.05531,0.4701,0.097,2e-05
163,added_possible,0.83416,10453,97728000,0.02275,0.9792,0.752,0.79092
164,added_possible,0.83416,430,672269844,0.15653,0.0,18.981,0.98963
165,added_possible,0.83416,898,4078834216,0.94968,0.0,18.159,0.98917
168,added_probable,0.98135,470,1647037482,0.38348,0.0,18.981,0.999
169,unresolved,0.08456,13342,3718213931,0.86571,0.0,5.711,0.34535
170,added_probable,0.98135,502,1889418792,0.43991,0.0,18.981,0.999
172,added_probable,0.98135,452,1565279797,0.36445,0.0,18.981,0.999
174,added_probable,0.98135,616,257790258,0.06002,0.384,0.097,0.83601
175,added_probable,0.98135,1015,2262400290,0.52676,0.0,18.159,0.99895
176,added_probable,0.98135,1266,1720267529,0.40053,0.0,15.748,0.99879
178,unresolved,0.08456,574,4117295153,0.95863,0.0,18.981,0.6368
186,no_patoshi_evidence,0.00023,91,14496688,0.00338,0.7669,0.022,1e-05
188,added_probable,0.98135,337,3644554265,0.84856,0.0,18.981,0.999
189,added_probable,0.98135,252,1723050534,0.40118,0.0,19.364,0.99902
190,added_probable,0.98135,312,3810841349,0.88728,0.0,18.981,0.999
192,added_probable,0.98135,1630,4261059103,0.99211,0.0,15.748,0.99879
193,added_robust,0.98135,291,4006026267,0.93273,0.0,19.364,0.99902
194,added_robust,0.98135,389,2193620277,0.51074,0.0,18.981,0.999
195,added_robust,0.98135,1381,2070700593,0.48212,0.0,15.748,0.99879
196,added_robust,0.98135,821,806943026,0.18788,0.0,18.159,0.99895
197,added_robust,0.98135,1266,2505039909,0.58325,0.0,15.748,0.99879
204,no_patoshi_evidence,0.00023,342,15280487,0.00356,0.9892,0.054,1e-05
206,no_patoshi_evidence,0.00023,406,125825145,0.0293,0.4377,0.054,1e-05
210,no_patoshi_evidence,0.00023,197,60921210,0.01418,0.4664,0.033,1e-05
235,no_patoshi_evidence,0.0,677,140056530,0.03261,0.8317,0.097,0.0
236,no_patoshi_evidence,0.00023,388,30447564,0.00709,0.9593,0.054,1e-05
240,unresolved,0.08456,442,80963888,0.01885,0.7778,0.054,0.00493
265,no_patoshi_evidence,0.00023,71,9678169,0.00225,0.8957,0.022,1e-05
266,no_patoshi_evidence,0.00023,119,38500562,0.00896,0.227,0.022,1e-05
267,no_patoshi_evidence,0.00023,794,268450930,0.0625,0.3554,0.097,2e-05
278,no_patoshi_evidence,0.00023,900,297380049,0.06924,0.2606,0.097,2e-05
296,no_patoshi_evidence,0.00023,501,91557334,0.02132,0.7182,0.054,1e-05
311,no_patoshi_evidence,0.00023,138,22511269,0.00524,0.9028,0.033,1e-05
317,no_patoshi_evidence,0.0,470,12217557,0.00284,0.9946,0.054,0.0
329,no_patoshi_evidence,0.0,362,96426764,0.02245,0.6667,0.054,0.0
334,no_patoshi_evidence,0.00023,700,211252462,0.04919,0.5786,0.097,2e-05
357,unresolved,0.00054,153,38016310,0.00885,0.7367,0.033,2e-05
360,no_patoshi_evidence,0.0,66,4831612,0.00112,0.9877,0.022,0.0
421,no_patoshi_evidence,0.00023,421,120767577,0.02812,0.4797,0.054,1e-05
485,no_patoshi_evidence,0.00023,103,31296318,0.00729,0.3436,0.022,1e-05
501,no_patoshi_evidence,0.0,662,65090162,0.01515,0.9476,0.097,0.0
506,no_patoshi_evidence,0.0,751,74941666,0.01745,0.9239,0.097,0.0
509,no_patoshi_evidence,0.0,388,81824181,0.01905,0.7696,0.054,0.0
604,no_patoshi_evidence,0.00023,30,10864000,0.00253,0.4821,0.023,1e-05
613,no_patoshi_evidence,0.00023,59,21213150,0.00494,0.2679,0.023,1e-05
634,no_patoshi_evidence,0.00023,191,64953813,0.01512,0.4293,0.033,1e-05
644,no_patoshi_evidence,0.00023,326,106627856,0.02483,0.5827,0.054,1e-05
665,no_patoshi_evidence,0.00023,62,10639183,0.00248,0.8589,0.022,1e-05
673,no_patoshi_evidence,0.00023,513,148682861,0.03462,0.2873,0.054,1e-05
713,no_patoshi_evidence,0.00023,55,15902171,0.0037,0.3214,0.023,1e-05
740,no_patoshi_evidence,0.00023,906,284725464,0.06629,0.2943,0.097,2e-05
748,unresolved,0.00054,61,1471282,0.00034,1.0,0.022,1e-05
760,no_patoshi_evidence,0.00023,670,184806211,0.04303,0.6983,0.097,2e-05
787,no_patoshi_evidence,0.00023,451,140256465,0.03266,0.3442,0.054,1e-05
788,no_patoshi_evidence,0.00023,17,4996465,0.00116,0.507,0.02,0.0
811,no_patoshi_evidence,0.00023,1014,326617677,0.07605,0.1584,0.097,2e-05
821,unresolved,0.00054,453,20190514,0.0047,0.977,0.054,3e-05
830,no_patoshi_evidence,0.00023,360,113991810,0.02654,0.5257,0.054,1e-05
844,no_patoshi_evidence,0.00023,414,94029524,0.02189,0.6924,0.054,1e-05
858,unresolved,0.08456,784,204377882,0.04759,0.606,0.097,0.00887
866,no_patoshi_evidence,0.00023,785,239474667,0.05576,0.4576,0.097,2e-05
885,no_patoshi_evidence,0.0,560,11104432,0.00259,0.9973,0.054,0.0
887,no_patoshi_evidence,0.00023,207,65156835,0.01517,0.4276,0.033,1e-05
899,no_patoshi_evidence,0.00023,1106,359582267,0.08372,0.0998,0.097,2e-05
907,no_patoshi_evidence,0.00023,36,9281905,0.00216,0.5357,0.023,1e-05
915,no_patoshi_evidence,0.00023,879,284910225,0.06634,0.2918,0.097,2e-05
927,unresolved,0.00054,447,18964486,0.00442,0.9824,0.054,3e-05
941,no_patoshi_evidence,0.00023,336,96964275,0.02258,0.6612,0.054,1e-05
986,no_patoshi_evidence,0.0,329,13811166,0.00322,0.9919,0.054,0.0
988,no_patoshi_evidence,0.00023,233,53832323,0.01253,0.5512,0.033,1e-05
993,no_patoshi_evidence,0.00023,271,30008296,0.00699,0.8357,0.033,1e-05
1023,no_patoshi_evidence,0.00023,36,9468767,0.0022,0.5357,0.023,1e-05
1025,no_patoshi_evidence,0.0,590,99540172,0.02318,0.6355,0.054,0.0
1028,no_patoshi_evidence,0.00023,300,93298347,0.02172,0.6992,0.054,1e-05
1060,no_patoshi_evidence,0.00023,106,37734473,0.00879,0.227,0.022,1e-05
1061,no_patoshi_evidence,0.00023,837,279119733,0.06499,0.3142,0.097,2e-05
1065,unresolved,0.08456,420,142372379,0.03315,0.332,0.054,0.00493
1075,no_patoshi_evidence,0.0,159,28054731,0.00653,0.8534,0.033,0.0
1083,no_patoshi_evidence,0.00023,608,191487173,0.04458,0.6683,0.097,2e-05
1093,no_patoshi_evidence,0.00023,1120,337837700,0.07866,0.1421,0.097,2e-05
1105,no_patoshi_evidence,0.00023,627,202161741,0.04707,0.6097,0.097,2e-05
1116,no_patoshi_evidence,0.00023,1332,429975226,0.10011,0.5885,0.224,5e-05
1160,no_patoshi_evidence,0.00023,75,19007422,0.00443,0.638,0.022,1e-05
1172,unresolved,0.08456,614,192903191,0.04491,0.6621,0.097,0.00887
1178,no_patoshi_evidence,0.0,297,19273674,0.00449,0.9399,0.033,0.0
1179,no_patoshi_evidence,0.00023,346,108216181,0.0252,0.5705,0.054,1e-05
1197,unresolved,0.08456,262,59255587,0.0138,0.4894,0.033,0.00308
1208,no_patoshi_evidence,0.00023,371,108711363,0.02531,0.5678,0.054,1e-05
1216,no_patoshi_evidence,0.00023,24,9929613,0.00231,0.4085,0.02,0.0
1263,no_patoshi_evidence,0.00023,548,144173040,0.03357,0.313,0.054,1e-05
1285,no_patoshi_evidence,0.0,708,223046516,0.05193,0.5324,0.097,0.0
1297,added_possible,0.83416,5234,1519748910,0.35384,0.4479,0.752,0.79092
1371,no_patoshi_evidence,0.00023,941,149634834,0.03484,0.8067,0.097,2e-05
1385,no_patoshi_evidence,0.00023,26,5865955,0.00137,0.493,0.02,0.0
1387,no_patoshi_evidence,0.01224,446,138511779,0.03225,0.3496,0.054,0.00066
1388,no_patoshi_evidence,7e-05,4787,686699852,0.15988,0.8646,0.752,5e-05
1391,no_patoshi_evidence,7e-05,880,97687415,0.02274,0.9015,0.097,1e-05
1395,no_patoshi_evidence,0.01224,4664,1331443042,0.31,0.5312,0.752,0.00923
1409,no_patoshi_evidence,0.0,226,9306767,0.00217,0.9841,0.033,0.0
1514,no_patoshi_evidence,0.00023,163,46601896,0.01085,0.6466,0.033,1e-05
1522,no_patoshi_evidence,0.00023,39,5998589,0.0014,0.8036,0.023,1e-05
1631,no_patoshi_evidence,0.00023,309,70523774,0.01642,0.8333,0.054,1e-05
1650,no_patoshi_evidence,0.00023,131,31481932,0.00733,0.8198,0.033,1e-05
1659,no_patoshi_evidence,0.0,228,19948093,0.00464,0.9276,0.033,0.0
1664,no_patoshi_evidence,0.00023,454,135757259,0.03161,0.3726,0.054,1e-05
1673,no_patoshi_evidence,0.00023,73,17345347,0.00404,0.6871,0.022,1e-05
1716,no_patoshi_evidence,0.0,96,6864956,0.0016,0.9571,0.022,0.0
1752,no_patoshi_evidence,0.00023,518,154052236,0.03587,0.2547,0.054,1e-05
1758,unresolved,0.08456,961,292309021,0.06806,0.2743,0.097,0.00887
1761,no_patoshi_evidence,0.00023,543,161499851,0.0376,0.2168,0.054,1e-05
1773,no_patoshi_evidence,0.00023,674,193101917,0.04496,0.6621,0.097,2e-05
1780,unresolved,0.08456,224,61615658,0.01435,0.4647,0.033,0.00308
1841,no_patoshi_evidence,0.00023,61,10850972,0.00253,0.8589,0.022,1e-05
1935,no_patoshi_evidence,0.00023,455,120255804,0.028,0.481,0.054,1e-05
1971,no_patoshi_evidence,0.00023,831,210198849,0.04894,0.5798,0.097,2e-05
1978,no_patoshi_evidence,0.00023,549,161436837,0.03759,0.2168,0.054,1e-05
2025,no_patoshi_evidence,0.0,503,11515482,0.00268,0.9959,0.054,0.0
2033,no_patoshi_evidence,0.00023,44,8535036,0.00199,0.5893,0.023,1e-05
2062,no_patoshi_evidence,0.00023,153,40236225,0.00937,0.7067,0.033,1e-05
2100,no_patoshi_evidence,0.00023,274,81260023,0.01892,0.2721,0.033,1e-05
2117,no_patoshi_evidence,0.0,567,167671746,0.03904,0.1897,0.054,0.0
2132,added_probable,0.98135,1504,2989250602,0.69599,0.0,15.748,0.99879
2133,added_robust,0.98135,557,2873511687,0.66904,0.0,18.981,0.999
2134,added_probable,0.98135,843,3584490286,0.83458,0.0,18.159,0.99895
2135,added_robust,0.98135,1504,3742726421,0.87142,0.0,15.748,0.99879
2136,no_patoshi_evidence,0.00023,144,36510860,0.0085,0.7597,0.033,1e-05
2137,added_robust,0.98135,1150,3873646601,0.9019,0.0,18.159,0.99895
2138,added_robust,0.98135,962,316622085,0.07372,0.1808,0.097,0.83601
2139,added_robust,0.98135,717,1822693891,0.42438,0.0,18.159,0.99895
2140,added_robust,0.98135,1471,3222713370,0.75035,0.0,15.748,0.99879
2141,added_robust,0.98135,1444,1675654447,0.39014,0.0,15.748,0.99879
2148,no_patoshi_evidence,0.0,99,4728692,0.0011,0.9877,0.022,0.0
2172,added_possible,0.83416,1737,2699047713,0.62842,0.0,15.748,0.98753
2203,no_patoshi_evidence,0.00023,125,7734764,0.0018,0.9894,0.033,1e-05
2209,no_patoshi_evidence,0.0,961,185453071,0.04318,0.697,0.097,0.0
2211,no_patoshi_evidence,0.0,327,55005012,0.01281,0.897,0.054,0.0
2212,no_patoshi_evidence,0.00023,28,4681562,0.00109,0.5352,0.02,0.0
2228,no_patoshi_evidence,0.00023,1493,427772310,0.0996,0.591,0.224,5e-05
2230,no_patoshi_evidence,0.00023,890,60922800,0.01418,0.9601,0.097,2e-05
2247,no_patoshi_evidence,0.0,85,9376830,0.00218,0.9018,0.022,0.0
2261,unresolved,0.08456,334,104677420,0.02437,0.5949,0.054,0.00493
2275,unresolved,0.08456,63,18224157,0.00424,0.6687,0.022,0.00207
2288,no_patoshi_evidence,0.00023,809,67618363,0.01574,0.9401,0.097,2e-05
2296,no_patoshi_evidence,0.00023,41,1541389,0.00036,0.9821,0.023,1e-05
2323,no_patoshi_evidence,0.0,59,7678524,0.00179,0.6607,0.023,0.0
2357,no_patoshi_evidence,0.00023,138,31332978,0.0073,0.8216,0.033,1e-05
2400,no_patoshi_evidence,0.0,76,9140222,0.00213,0.9018,0.022,0.0
2401,no_patoshi_evidence,0.0,136,23213422,0.0054,0.8993,0.033,0.0
2455,unresolved,0.00054,717,77932574,0.01815,0.9214,0.097,5e-05
2486,no_patoshi_evidence,0.0,381,47609538,0.01108,0.9187,0.054,0.0
2488,no_patoshi_evidence,0.0,346,44076618,0.01026,0.9295,0.054,0.0
2492,no_patoshi_evidence,0.00023,369,105194472,0.02449,0.5908,0.054,1e-05
2504,no_patoshi_evidence,3e-05,584,174979789,0.04074,0.1694,0.054,0.0
2591,no_patoshi_evidence,0.0,649,85464436,0.0199,0.9152,0.097,0.0
2608,no_patoshi_evidence,3e-05,55,20340186,0.00474,0.2857,0.023,0.0
2614,no_patoshi_evidence,3e-05,437,129164407,0.03007,0.4173,0.054,0.0
2618,no_patoshi_evidence,3e-05,56,14106999,0.00328,0.3571,0.023,0.0
2634,no_patoshi_evidence,0.0,330,49957778,0.01163,0.9106,0.054,0.0
2643,no_patoshi_evidence,0.0,562,61961708,0.01443,0.8686,0.054,0.0
2654,no_patoshi_evidence,0.0,80,7509061,0.00175,0.9448,0.022,0.0
2658,no_patoshi_evidence,0.0,227,67141215,0.01563,0.4028,0.033,0.0
2659,no_patoshi_evidence,0.0,17,2846939,0.00066,0.7465,0.02,0.0
2665,no_patoshi_evidence,0.0,662,113971263,0.02654,0.8741,0.097,0.0
2676,no_patoshi_evidence,0.0,60,7411299,0.00173,0.9448,0.022,0.0
2690,no_patoshi_evidence,0.0,338,47917905,0.01116,0.9173,0.054,0.0
2738,no_patoshi_evidence,3e-05,574,169411087,0.03944,0.1843,0.054,0.0
2740,no_patoshi_evidence,3e-05,569,148631123,0.03461,0.2873,0.054,0.0
2815,no_patoshi_evidence,0.0,167,20148166,0.00469,0.924,0.033,0.0
2816,no_patoshi_evidence,0.0,101,16798905,0.00391,0.6933,0.022,0.0
2820,no_patoshi_evidence,3e-05,65,15654283,0.00364,0.7546,0.022,0.0
2843,no_patoshi_evidence,0.0,386,63154511,0.0147,0.8659,0.054,0.0
2848,no_patoshi_evidence,0.0,479,54477763,0.01268,0.8984,0.054,0.0
2853,no_patoshi_evidence,0.0,84,13639925,0.00318,0.7853,0.022,0.0
2884,no_patoshi_evidence,0.0,147,23565168,0.00549,0.8922,0.033,0.0
2921,no_patoshi_evidence,1e-05,164,32662724,0.0076,0.8021,0.033,0.0
2923,unresolved,0.39054,611,164303104,0.03825,0.7706,0.097,0.05845
2929,no_patoshi_evidence,3e-05,1126,327521142,0.07626,0.1571,0.097,0.0
2943,no_patoshi_evidence,3e-05,466,124614287,0.02901,0.4458,0.054,0.0
2946,no_patoshi_evidence,3e-05,355,86371402,0.02011,0.7547,0.054,0.0
2948,no_patoshi_evidence,0.0,1075,76914681,0.01791,0.9214,0.097,0.0
2959,unresolved,7e-05,244,36337700,0.00846,0.7615,0.033,0.0
3010,no_patoshi_evidence,0.0,389,58795200,0.01369,0.8767,0.054,0.0
3046,no_patoshi_evidence,3e-05,473,129268344,0.0301,0.416,0.054,0.0
3057,no_patoshi_evidence,3e-05,22,8895478,0.00207,0.4225,0.02,0.0
3079,no_patoshi_evidence,3e-05,534,161203392,0.03753,0.2168,0.054,0.0
3091,unresolved,0.01163,221,49878327,0.01161,0.6095,0.033,0.00039
3095,unresolved,7e-05,586,116146478,0.02704,0.5122,0.054,0.0
3128,no_patoshi_evidence,0.0,311,60072576,0.01399,0.8767,0.054,0.0
3142,unresolved,0.01163,81,21853219,0.00509,0.5644,0.022,0.00026
3147,no_patoshi_evidence,3e-05,78,20709594,0.00482,0.6135,0.022,0.0
3179,no_patoshi_evidence,3e-05,447,102306227,0.02382,0.6206,0.054,0.0
3182,no_patoshi_evidence,0.0,110,9385800,0.00219,0.9018,0.022,0.0
3208,no_patoshi_evidence,0.0,81,6154321,0.00143,0.9693,0.022,0.0
3248,no_patoshi_evidence,3e-05,544,177206266,0.04126,0.1558,0.054,0.0
3276,unresolved,7e-05,615,80553522,0.01876,0.9177,0.097,1e-05
3295,no_patoshi_evidence,3e-05,34,13701808,0.00319,0.375,0.023,0.0
3298,unresolved,0.01163,203,58948898,0.01373,0.4947,0.033,0.00039
3318,no_patoshi_evidence,3e-05,602,188629164,0.04392,0.6833,0.097,0.0
3323,no_patoshi_evidence,0.0,405,50688076,0.0118,0.9079,0.054,0.0
3326,no_patoshi_evidence,3e-05,585,178134126,0.04148,0.1558,0.054,0.0
3358,added_possible,0.87022,264,1076977968,0.25075,0.0,19.364,0.99236
3383,unresolved,0.01163,261,74371584,0.01732,0.3269,0.033,0.00039
3398,no_patoshi_evidence,3e-05,66,24148899,0.00562,0.5153,0.022,0.0
3399,no_patoshi_evidence,0.0,434,11893498,0.00277,0.9959,0.054,0.0
3409,no_patoshi_evidence,3e-05,919,275799220,0.06421,0.3267,0.097,0.0
3418,unresolved,7e-05,645,18481666,0.0043,0.9938,0.097,1e-05
3428,no_patoshi_evidence,3e-05,191,70655086,0.01645,0.3604,0.033,0.0
3451,no_patoshi_evidence,3e-05,156,48504980,0.01129,0.6307,0.033,0.0
3489,no_patoshi_evidence,0.0,418,135700799,0.0316,0.3726,0.054,0.0
3535,no_patoshi_evidence,3e-05,891,153914828,0.03584,0.8005,0.097,0.0
3557,no_patoshi_evidence,3e-05,826,279945318,0.06518,0.313,0.097,0.0
3561,no_patoshi_evidence,3e-05,1322,436234151,0.10157,0.5786,0.224,1e-05
3581,no_patoshi_evidence,3e-05,510,141362104,0.03291,0.3388,0.054,0.0
3604,no_patoshi_evidence,3e-05,723,221954458,0.05168,0.5349,0.097,0.0
3607,no_patoshi_evidence,0.0,326,46549964,0.01084,0.9214,0.054,0.0
3614,no_patoshi_evidence,3e-05,137,19663631,0.00458,0.9329,0.033,0.0
3617,unresolved,7e-05,57,9945350,0.00232,0.5268,0.023,0.0
3632,no_patoshi_evidence,3e-05,756,153907339,0.03583,0.8005,0.097,0.0
3633,no_patoshi_evidence,0.0,378,123151344,0.02867,0.4648,0.054,0.0
3654,unresolved,7e-05,1186,224644641,0.0523,0.5262,0.097,1e-05
3672,unresolved,0.01163,610,130330643,0.03034,0.8479,0.097,0.00114
3679,no_patoshi_evidence,3e-05,164,41694418,0.00971,0.6908,0.033,0.0
3682,unresolved,0.01163,667,135364895,0.03152,0.8404,0.097,0.00114
3686,no_patoshi_evidence,3e-05,369,78116053,0.01819,0.79,0.054,0.0
3695,no_patoshi_evidence,0.0,1080,196218708,0.04569,0.6446,0.097,0.0
3700,unresolved,0.01163,225,76897833,0.0179,0.3039,0.033,0.00039
3712,no_patoshi_evidence,0.00158,234,82543976,0.01922,0.2668,0.033,5e-05
3716,no_patoshi_evidence,0.0,370,69774093,0.01625,0.8374,0.054,0.0
3721,no_patoshi_evidence,0.01625,993,266623100,0.06208,0.3603,0.097,0.0016
3739,no_patoshi_evidence,3e-05,874,191016288,0.04447,0.6708,0.097,0.0
3744,added_possible,0.87022,403,252798493,0.05886,0.0136,18.981,0.9922
3745,added_possible,0.87022,1406,1320620857,0.30748,0.0,15.748,0.99062
3753,no_patoshi_evidence,0.0,511,97696741,0.02275,0.6558,0.054,0.0
3758,no_patoshi_evidence,3e-05,816,176232941,0.04103,0.7244,0.097,0.0
3762,no_patoshi_evidence,3e-05,433,71442266,0.01663,0.8306,0.054,0.0
3772,no_patoshi_evidence,3e-05,253,48300122,0.01125,0.6307,0.033,0.0
3774,no_patoshi_evidence,3e-05,146,34538962,0.00804,0.7809,0.033,0.0
3778,no_patoshi_evidence,3e-05,1494,178733977,0.04161,0.9252,0.224,1e-05
3805,no_patoshi_evidence,0.0,450,81049295,0.01887,0.7778,0.054,0.0
3813,no_patoshi_evidence,3e-05,411,80576157,0.01876,0.7805,0.054,0.0
3817,unresolved,0.01163,361,75179803,0.0175,0.8103,0.054,0.00063
3822,unresolved,0.01163,195,42419475,0.00988,0.6802,0.033,0.00039
3827,added_possible,0.87022,810,672264708,0.15652,0.0,18.159,0.99185
3828,no_patoshi_evidence,3e-05,299,83533636,0.01945,0.2597,0.033,0.0
3844,no_patoshi_evidence,3e-05,155,27125155,0.00632,0.864,0.033,0.0
3849,no_patoshi_evidence,3e-05,522,149730506,0.03486,0.2764,0.054,0.0
3860,no_patoshi_evidence,3e-05,402,105427391,0.02455,0.5881,0.054,0.0
3863,no_patoshi_evidence,3e-05,131,35307026,0.00822,0.7739,0.033,0.0
3882,no_patoshi_evidence,3e-05,488,127852690,0.02977,0.4255,0.054,0.0
3898,no_patoshi_evidence,3e-05,452,94490587,0.022,0.6843,0.054,0.0
3904,no_patoshi_evidence,3e-05,607,165199268,0.03846,0.7668,0.097,0.0
3909,no_patoshi_evidence,0.0001,618,109283181,0.02544,0.8791,0.097,1e-05
3949,no_patoshi_evidence,3e-05,166,52234721,0.01216,0.576,0.033,0.0
3953,no_patoshi_evidence,3e-05,303,80548064,0.01875,0.7805,0.054,0.0
3973,no_patoshi_evidence,3e-05,647,120304778,0.02801,0.8703,0.097,0.0
3994,unresolved,0.01163,304,77379356,0.01802,0.794,0.054,0.00063
4004,unresolved,0.01163,274,42981165,0.01001,0.6749,0.033,0.00039
4017,no_patoshi_evidence,3e-05,1033,211031963,0.04913,0.5786,0.097,0.0
4025,no_patoshi_evidence,3e-05,561,148841182,0.03465,0.2859,0.054,0.0
4029,no_patoshi_evidence,3e-05,488,125432429,0.0292,0.439,0.054,0.0
4030,no_patoshi_evidence,3e-05,446,88958403,0.02071,0.7371,0.054,0.0
4039,no_patoshi_evidence,3e-05,236,56649426,0.01319,0.5265,0.033,0.0
4040,no_patoshi_evidence,3e-05,368,101866926,0.02372,0.6247,0.054,0.0
4055,no_patoshi_evidence,3e-05,368,93348047,0.02173,0.6992,0.054,0.0
4075,no_patoshi_evidence,3e-05,80,18984930,0.00442,0.638,0.022,0.0
4077,no_patoshi_evidence,3e-05,588,157056224,0.03657,0.2385,0.054,0.0
4087,no_patoshi_evidence,3e-05,490,130734667,0.03044,0.4092,0.054,0.0
4119,unresolved,0.01163,504,134593540,0.03134,0.3821,0.054,0.00063
4122,unresolved,0.01163,349,73287980,0.01706,0.8211,0.054,0.00063
4125,no_patoshi_evidence,3e-05,344,90480814,0.02107,0.7236,0.054,0.0
4150,no_patoshi_evidence,3e-05,109,28152059,0.00655,0.4049,0.022,0.0
4159,no_patoshi_evidence,3e-05,245,78612682,0.0183,0.2898,0.033,0.0
4160,unresolved,0.01163,142,35105286,0.00817,0.7756,0.033,0.00039
4169,unresolved,0.01163,760,107423750,0.02501,0.8853,0.097,0.00114
4181,no_patoshi_evidence,3e-05,277,73177949,0.01704,0.3375,0.033,0.0
4182,no_patoshi_evidence,3e-05,445,118740304,0.02765,0.4905,0.054,0.0
4186,no_patoshi_evidence,3e-05,291,46838900,0.01091,0.6413,0.033,0.0
4198,no_patoshi_evidence,3e-05,453,121507131,0.02829,0.4743,0.054,0.0
4204,no_patoshi_evidence,3e-05,395,87978994,0.02048,0.7412,0.054,0.0
4226,no_patoshi_evidence,3e-05,539,145359535,0.03384,0.3049,0.054,0.0
4238,no_patoshi_evidence,0.0,1386,225415017,0.05248,0.8978,0.224,0.0
4250,no_patoshi_evidence,3e-05,41,7537910,0.00176,0.6875,0.023,0.0
4251,unresolved,0.01163,622,172197640,0.04009,0.7419,0.097,0.00114
4265,no_patoshi_evidence,3e-05,109,26651562,0.00621,0.4417,0.022,0.0
4266,no_patoshi_evidence,3e-05,248,68869094,0.01603,0.3834,0.033,0.0
4267,no_patoshi_evidence,3e-05,194,60436146,0.01407,0.47,0.033,0.0
4278,no_patoshi_evidence,3e-05,586,158889638,0.03699,0.2276,0.054,0.0
4284,no_patoshi_evidence,3e-05,33,8236207,0.00192,0.625,0.023,0.0
4304,unresolved,0.39054,494,3153635875,0.73426,0.0,18.981,0.92403
4306,added_possible,0.87022,196,2939937829,0.68451,0.0,19.364,0.99236
4325,no_patoshi_evidence,3e-05,80,17288516,0.00403,0.6933,0.022,0.0
4332,unresolved,0.01163,863,184115757,0.04287,0.702,0.097,0.00114
4337,no_patoshi_evidence,0.0,1097,182866811,0.04258,0.7095,0.097,0.0
4338,no_patoshi_evidence,3e-05,34,5792833,0.00135,0.8304,0.023,0.0
4355,no_patoshi_evidence,3e-05,154,29666626,0.00691,0.8392,0.033,0.0
4361,unresolved,0.01163,929,204572712,0.04763,0.6035,0.097,0.00114
4393,no_patoshi_evidence,0.0,721,121497230,0.02829,0.8653,0.097,0.0
4428,no_patoshi_evidence,3e-05,757,139021416,0.03237,0.8329,0.097,0.0
4435,no_patoshi_evidence,3e-05,274,60474262,0.01408,0.47,0.033,0.0
4438,unresolved,0.01163,200,46459443,0.01082,0.6502,0.033,0.00039
4443,unresolved,0.01163,254,56464414,0.01315,0.5265,0.033,0.00039
4446,no_patoshi_evidence,0.0,711,116400239,0.0271,0.8741,0.097,0.0
4473,no_patoshi_evidence,3e-05,1408,448451798,0.10441,0.5536,0.224,1e-05
4501,no_patoshi_evidence,3e-05,490,135474863,0.03154,0.3753,0.054,0.0
4513,no_patoshi_evidence,3e-05,673,208896620,0.04864,0.5873,0.097,0.0
4514,no_patoshi_evidence,3e-05,43,13468793,0.00314,0.4107,0.023,0.0
4533,no_patoshi_evidence,0.0,1334,427735122,0.09959,0.591,0.224,0.0
4547,no_patoshi_evidence,1e-05,2172,307904930,0.07169,0.8354,0.224,0.0
4556,no_patoshi_evidence,0.0,371,4490458,0.00105,0.9986,0.054,0.0
4570,no_patoshi_evidence,3e-05,177,64814550,0.01509,0.4311,0.033,0.0
4584,no_patoshi_evidence,0.0001,743,98025213,0.02282,0.9002,0.097,1e-05
4588,no_patoshi_evidence,0.0,48,6391236,0.00149,0.7768,0.023,0.0
4593,no_patoshi_evidence,3e-05,397,127984229,0.0298,0.4255,0.054,0.0
4603,unresolved,0.01163,170,39272725,0.00914,0.7191,0.033,0.00039
4658,no_patoshi_evidence,0.0,480,61256665,0.01426,0.8686,0.054,0.0
4661,no_patoshi_evidence,3e-05,1125,344677952,0.08025,0.1297,0.097,0.0
4666,unresolved,7e-05,439,54826542,0.01277,0.8984,0.054,0.0
4770,no_patoshi_evidence,3e-05,391,83562416,0.01946,0.7669,0.054,0.0
4849,unresolved,7e-05,483,81282845,0.01893,0.7778,0.054,0.0
4869,no_patoshi_evidence,3e-05,450,126350350,0.02942,0.4336,0.054,0.0
4888,no_patoshi_evidence,0.0,339,90914919,0.02117,0.7222,0.054,0.0
4909,no_patoshi_evidence,3e-05,345,119260138,0.02777,0.4864,0.054,0.0
4932,unresolved,0.01163,989,263646516,0.06138,0.3691,0.097,0.00114
4994,no_patoshi_evidence,3e-05,180,26505859,0.00617,0.8657,0.033,0.0
4999,no_patoshi_evidence,0.0,333,38952849,0.00907,0.9404,0.054,0.0
5007,no_patoshi_evidence,0.0,30,1783198,0.00042,0.9732,0.023,0.0
5015,no_patoshi_evidence,0.0,955,103870708,0.02418,0.8878,0.097,0.0
5065,no_patoshi_evidence,0.0,870,141234108,0.03288,0.8292,0.097,0.0
5072,no_patoshi_evidence,0.0,1034,151249881,0.03522,0.8055,0.097,0.0
5084,no_patoshi_evidence,0.0,234,71329380,0.01661,0.3498,0.033,0.0
5130,unresolved,0.0,280,79208470,0.01844,0.288,0.033,0.0
5176,no_patoshi_evidence,0.0,1255,324988569,0.07567,0.803,0.224,0.0
5200,no_patoshi_evidence,0.0,197,49747388,0.01158,0.6113,0.033,0.0
5201,no_patoshi_evidence,0.0,46,11707750,0.00273,0.4821,0.023,0.0
5202,unresolved,0.0,380,99793703,0.02324,0.6341,0.054,0.0
5234,no_patoshi_evidence,0.0,405,81199248,0.01891,0.7778,0.054,0.0
5240,no_patoshi_evidence,0.0,691,148999583,0.03469,0.8067,0.097,0.0
5246,no_patoshi_evidence,0.0,973,144948539,0.03375,0.8192,0.097,0.0
5260,no_patoshi_evidence,0.0,616,98308023,0.02289,0.9002,0.097,0.0
5262,no_patoshi_evidence,0.0,354,54534523,0.0127,0.8984,0.054,0.0
5265,no_patoshi_evidence,0.0,442,96181051,0.02239,0.6694,0.054,0.0
5273,no_patoshi_evidence,0.0,93,19089759,0.00444,0.638,0.022,0.0
5411,unresolved,0.0,429,104391454,0.02431,0.5962,0.054,0.0
5418,no_patoshi_evidence,0.0,986,226945517,0.05284,0.5162,0.097,0.0
5452,no_patoshi_evidence,0.0,631,150569054,0.03506,0.8055,0.097,0.0
5501,no_patoshi_evidence,0.0,691,147434223,0.03433,0.813,0.097,0.0
5519,unresolved,0.0,587,114388756,0.02663,0.523,0.054,0.0
5525,no_patoshi_evidence,0.0,398,108904298,0.02536,0.565,0.054,0.0
5575,no_patoshi_evidence,0.0,636,175650292,0.0409,0.7282,0.097,0.0
5713,no_patoshi_evidence,0.0,395,94601580,0.02203,0.6829,0.054,0.0
5733,no_patoshi_evidence,0.0,57,20975358,0.00488,0.2679,0.023,0.0
5735,no_patoshi_evidence,0.0,335,59579007,0.01387,0.8767,0.054,0.0
5798,no_patoshi_evidence,0.0,506,122129130,0.02844,0.4715,0.054,0.0
5882,no_patoshi_evidence,0.0,474,136262646,0.03173,0.3659,0.054,0.0
5928,no_patoshi_evidence,0.0,333,84959635,0.01978,0.7615,0.054,0.0
6027,no_patoshi_evidence,0.0,203,49510774,0.01153,0.6148,0.033,0.0
6057,no_patoshi_evidence,0.0,1073,260640177,0.06069,0.3753,0.097,0.0
6122,no_patoshi_evidence,0.0,343,80584526,0.01876,0.7805,0.054,0.0
6142,unresolved,0.0,84,18817848,0.00438,0.6442,0.022,0.0
6269,no_patoshi_evidence,0.0,1208,246931966,0.05749,0.8703,0.224,0.0
6276,no_patoshi_evidence,0.0,124,5359455,0.00125,1.0,0.033,0.0
6296,no_patoshi_evidence,0.0,756,217808800,0.05071,0.5574,0.097,0.0
6421,no_patoshi_evidence,0.0,336,90717869,0.02112,0.7222,0.054,0.0
6692,no_patoshi_evidence,0.0,406,99930704,0.02327,0.6328,0.054,0.0
6701,unresolved,0.0,62,14166548,0.0033,0.7791,0.022,0.0
6721,no_patoshi_evidence,0.0,192,7823280,0.00182,0.9894,0.033,0.0
6722,no_patoshi_evidence,0.0,407,120240842,0.028,0.481,0.054,0.0
6725,no_patoshi_evidence,0.0,1328,56060657,0.01305,0.985,0.224,0.0
6727,no_patoshi_evidence,0.0,70,16203244,0.00377,0.7117,0.022,0.0
6728,no_patoshi_evidence,0.0,242,73746818,0.01717,0.3322,0.033,0.0
6776,no_patoshi_evidence,0.0,623,94659039,0.02204,0.909,0.097,0.0
6844,no_patoshi_evidence,0.0,3919,85002463,0.01979,0.9792,0.752,0.0
6858,unresolved,0.0,3637,7994417,0.00186,1.0,0.752,0.0
6972,unresolved,0.0,1102,315733298,0.07351,0.187,0.097,0.0
6974,no_patoshi_evidence,0.0,818,138863049,0.03233,0.8342,0.097,0.0
7015,no_patoshi_evidence,0.0,197,48275570,0.01124,0.6307,0.033,0.0
7034,no_patoshi_evidence,0.0,297,63217783,0.01472,0.4435,0.033,0.0
7071,no_patoshi_evidence,0.0,424,67617953,0.01574,0.8496,0.054,0.0
7129,unresolved,0.0,511,135816704,0.03162,0.3726,0.054,0.0
7132,no_patoshi_evidence,0.0,517,58908479,0.01372,0.8767,0.054,0.0
7216,no_patoshi_evidence,0.0,308,56229982,0.01309,0.8916,0.054,0.0
7241,no_patoshi_evidence,0.0,528,146785131,0.03418,0.3008,0.054,0.0
7299,no_patoshi_evidence,0.0,542,170803006,0.03977,0.1802,0.054,0.0
7309,unresolved,0.0,1359,345388826,0.08042,0.7431,0.224,0.0
7353,no_patoshi_evidence,0.0,1190,346368174,0.08065,0.1272,0.097,0.0
7356,no_patoshi_evidence,0.0,232,67350903,0.01568,0.3993,0.033,0.0
7358,no_patoshi_evidence,0.0,489,98984577,0.02305,0.6423,0.054,0.0
7378,no_patoshi_evidence,0.0,480,158239909,0.03684,0.2317,0.054,0.0
7402,no_patoshi_evidence,0.0,631,95408083,0.02221,0.9065,0.097,0.0
7508,no_patoshi_evidence,0.0,247,39438066,0.00918,0.7191,0.033,0.0
7561,no_patoshi_evidence,1e-05,449,162571007,0.03785,0.2127,0.054,0.0
7566,no_patoshi_evidence,1e-05,53,43692268,0.01017,0.2054,0.023,0.0
7575,no_patoshi_evidence,1e-05,45,37522630,0.00874,0.2321,0.023,0.0
7583,unresolved,0.00478,200,59948288,0.01396,0.4788,0.033,0.00016
7588,no_patoshi_evidence,1e-05,186,84849875,0.01976,0.2473,0.033,0.0
7609,no_patoshi_evidence,1e-05,256,60814697,0.01416,0.4664,0.033,0.0
7612,no_patoshi_evidence,1e-05,561,137412094,0.03199,0.3564,0.054,0.0
7614,no_patoshi_evidence,1e-05,674,165996399,0.03865,0.7656,0.097,0.0
7668,no_patoshi_evidence,1e-05,747,188647117,0.04392,0.6833,0.097,0.0
7674,no_patoshi_evidence,1e-05,242,100948716,0.0235,0.159,0.033,0.0
7706,unresolved,0.00478,309,100742443,0.02346,0.6287,0.054,0.00026
7811,no_patoshi_evidence,1e-05,134,46849237,0.01091,0.6413,0.033,0.0
7831,no_patoshi_evidence,1e-05,324,89763205,0.0209,0.7276,0.054,0.0
7844,no_patoshi_evidence,0.0,742,61284491,0.01427,0.9589,0.097,0.0
7852,unresolved,0.00478,353,75496996,0.01758,0.8089,0.054,0.00026
7885,no_patoshi_evidence,0.0,376,25711429,0.00599,0.9688,0.054,0.0
7888,no_patoshi_evidence,1e-05,309,79928170,0.01861,0.7805,0.054,0.0
7891,no_patoshi_evidence,1e-05,856,232458697,0.05412,0.495,0.097,0.0
7923,unresolved,0.00478,339,99300884,0.02312,0.6382,0.054,0.00026
7928,no_patoshi_evidence,1e-05,831,211101901,0.04915,0.5786,0.097,0.0
7952,no_patoshi_evidence,1e-05,154,51531470,0.012,0.5866,0.033,0.0
7989,no_patoshi_evidence,1e-05,110,40930901,0.00953,0.2209,0.022,0.0
7996,no_patoshi_evidence,1e-05,806,241943221,0.05633,0.4489,0.097,0.0
7997,unresolved,0.00478,84,26901767,0.00626,0.4294,0.022,0.00011
7999,added_possible,0.73225,-1,3650603,0.00085,,,0.73225
8003,unresolved,0.00478,384,133968134,0.03119,0.3848,0.054,0.00026
8028,no_patoshi_evidence,1e-05,543,157886207,0.03676,0.2344,0.054,0.0
8041,no_patoshi_evidence,1e-05,150,33418218,0.00778,0.7951,0.033,0.0
8088,no_patoshi_evidence,0.0,714,78307532,0.01823,0.9214,0.097,0.0
8151,unresolved,0.00478,719,202995462,0.04726,0.6085,0.097,0.00047
8156,no_patoshi_evidence,1e-05,150,39875418,0.00928,0.712,0.033,0.0
8172,no_patoshi_evidence,1e-05,52,9865899,0.0023,0.5268,0.023,0.0
8173,no_patoshi_evidence,1e-05,180,52013493,0.01211,0.576,0.033,0.0
8183,no_patoshi_evidence,0.0,773,113991882,0.02654,0.8741,0.097,0.0
8206,no_patoshi_evidence,1e-05,281,76044860,0.01771,0.311,0.033,0.0
8215,no_patoshi_evidence,0.00064,664,169967167,0.03957,0.7506,0.097,6e-05
8216,no_patoshi_evidence,0.00064,5000,1448266673,0.3372,0.4688,0.752,0.00048
8227,no_patoshi_evidence,0.00064,6183,1603655861,0.37338,0.4271,0.752,0.00048
8231,no_patoshi_evidence,0.00064,12880,3163984483,0.73667,0.0417,5.711,0.00364
8243,unresolved,0.00478,507,159854892,0.03722,0.2222,0.054,0.00026
8274,no_patoshi_evidence,1e-05,660,190883557,0.04444,0.6708,0.097,0.0
8315,no_patoshi_evidence,1e-05,800,23882255,0.00556,0.9938,0.097,0.0
8341,unresolved,3e-05,629,229562910,0.05345,0.5075,0.097,0.0
8383,no_patoshi_evidence,1e-05,62,41759361,0.00972,0.2209,0.022,0.0
8390,no_patoshi_evidence,1e-05,1026,345957082,0.08055,0.1272,0.097,0.0
8433,no_patoshi_evidence,0.0,373,153914172,0.03584,0.2547,0.054,0.0
8446,no_patoshi_evidence,0.0,801,299279198,0.06968,0.2456,0.097,0.0
8458,no_patoshi_evidence,0.0,69,49111105,0.01143,0.1902,0.022,0.0
8572,no_patoshi_evidence,0.0,48,9523722,0.00222,0.5357,0.023,0.0
8623,no_patoshi_evidence,0.0,652,4783101,0.00111,1.0,0.097,0.0
8649,unresolved,0.2072,1978,1790460470,0.41687,0.0,15.748,0.80453
8938,unresolved,3e-05,1246,405420087,0.09439,0.6309,0.224,1e-05
8970,no_patoshi_evidence,0.0,266,45380000,0.01057,0.6572,0.033,0.0
8995,no_patoshi_evidence,0.0,490,83315847,0.0194,0.7669,0.054,0.0
9006,unresolved,0.00478,765,66015765,0.01537,0.9439,0.097,0.00047
9098,no_patoshi_evidence,1e-05,205,87689641,0.02042,0.2191,0.033,0.0
9117,no_patoshi_evidence,0.0,481,13084348,0.00305,0.9932,0.054,0.0
9230,no_patoshi_evidence,1e-05,367,48216382,0.01123,0.916,0.054,0.0
9240,no_patoshi_evidence,1e-05,66,16058871,0.00374,0.7239,0.022,0.0
9243,unresolved,3e-05,941,35910960,0.00836,0.9825,0.097,0.0
9269,no_patoshi_evidence,1e-05,564,151070993,0.03517,0.2669,0.054,0.0
9308,no_patoshi_evidence,1e-05,1005,280706205,0.06536,0.3055,0.097,0.0
9340,no_patoshi_evidence,0.00064,3926,137175953,0.03194,0.9688,0.752,0.00048
9406,no_patoshi_evidence,0.00064,4059,191933712,0.04469,0.9479,0.752,0.00048
9451,no_patoshi_evidence,0.00064,4624,283258501,0.06595,0.9167,0.752,0.00048
9640,no_patoshi_evidence,0.0,12,24131299,0.00562,0.338,0.02,0.0
9739,unresolved,3e-05,223,33105665,0.00771,0.7951,0.033,0.0
9807,no_patoshi_evidence,1e-05,333,113197475,0.02636,0.5298,0.054,0.0
9811,no_patoshi_evidence,0.0,75,37934249,0.00883,0.227,0.022,0.0
9838,no_patoshi_evidence,0.0,24,34615383,0.00806,0.2817,0.02,0.0
9843,unresolved,3e-05,993,420206112,0.09784,0.0274,18.159,0.00054
9901,no_patoshi_evidence,0.0,856,126586009,0.02947,0.8566,0.097,0.0
9904,no_patoshi_evidence,0.0,111,6121365,0.00143,0.9693,0.022,0.0
9930,no_patoshi_evidence,0.0,449,66729674,0.01554,0.8523,0.054,0.0
9993,no_patoshi_evidence,0.0,549,220590751,0.05136,0.0474,18.981,2e-05
10133,no_patoshi_evidence,0.0,823,100050668,0.02329,0.9002,0.097,0.0
10453,no_patoshi_evidence,0.0,74,24835474,0.00578,0.4908,0.022,0.0
10505,no_patoshi_evidence,0.0,447,45075115,0.01049,0.9255,0.054,0.0
10667,unresolved,2e-05,810,193201689,0.04498,0.6608,0.097,0.0
10720,no_patoshi_evidence,1e-05,114,5689514,0.00132,0.9693,0.022,0.0
10970,unresolved,2e-05,1133,144287770,0.03359,0.8229,0.097,0.0
11018,unresolved,0.00295,154,63152432,0.0147,0.4435,0.033,0.0001
11024,no_patoshi_evidence,1e-05,34,10298026,0.0024,0.4911,0.023,0.0
11035,no_patoshi_evidence,0.00414,1413,618747883,0.14406,0.2718,0.224,0.00093
11038,unresolved,0.00295,98,44219904,0.0103,0.2086,0.022,7e-05
11051,no_patoshi_evidence,0.0,657,22808077,0.00531,0.9938,0.097,0.0
11058,no_patoshi_evidence,1e-05,701,307033038,0.07149,0.217,0.097,0.0
11065,no_patoshi_evidence,1e-05,449,195295075,0.04547,0.1016,0.054,0.0
11067,no_patoshi_evidence,1e-05,208,87082840,0.02028,0.2261,0.033,0.0
11095,no_patoshi_evidence,0.0,37,10144827,0.00236,0.5089,0.023,0.0
11100,unresolved,0.00295,682,293305654,0.06829,0.2718,0.097,0.00029
11108,no_patoshi_evidence,1e-05,726,315814479,0.07353,0.187,0.097,0.0
11157,no_patoshi_evidence,0.0,372,74857545,0.01743,0.8117,0.054,0.0
11165,no_patoshi_evidence,0.0,182,7072759,0.00165,0.9965,0.033,0.0
11173,no_patoshi_evidence,0.0,968,191584933,0.04461,0.6683,0.097,0.0
11184,no_patoshi_evidence,1e-05,439,87528406,0.02038,0.7466,0.054,0.0
11187,no_patoshi_evidence,1e-05,279,143837290,0.03349,0.0406,19.364,0.00019
11190,no_patoshi_evidence,1e-05,538,231870463,0.05399,0.0285,18.981,0.00019
11205,no_patoshi_evidence,1e-05,388,168518288,0.03924,0.187,0.054,0.0
11220,no_patoshi_evidence,1e-05,742,325969070,0.0759,0.1584,0.097,0.0
11229,unresolved,0.00295,105,42010116,0.00978,0.2209,0.022,7e-05
11238,no_patoshi_evidence,1e-05,928,410425560,0.09556,0.0349,18.159,0.00018
11242,no_patoshi_evidence,1e-05,729,320853714,0.0747,0.1721,0.097,0.0
11244,unresolved,0.00295,213,90533926,0.02108,0.2085,0.033,0.0001
11258,no_patoshi_evidence,1e-05,772,339588188,0.07907,0.1372,0.097,0.0
11264,no_patoshi_evidence,1e-05,993,440139959,0.10248,0.0175,18.159,0.00018
11267,no_patoshi_evidence,1e-05,453,198036347,0.04611,0.0962,0.054,0.0
11268,no_patoshi_evidence,1e-05,899,401625563,0.09351,0.0436,18.159,0.00018
11299,no_patoshi_evidence,1e-05,332,137490553,0.03201,0.3564,0.054,0.0
11300,no_patoshi_evidence,1e-05,432,192237260,0.04476,0.1057,0.054,0.0
11311,unresolved,0.00295,664,210897699,0.0491,0.5786,0.097,0.00029
11325,no_patoshi_evidence,1e-05,69,25200914,0.00587,0.4785,0.022,0.0
11346,no_patoshi_evidence,0.0,220,44350605,0.01033,0.6643,0.033,0.0
11352,no_patoshi_evidence,1e-05,99,37426045,0.00871,0.2331,0.022,0.0
11368,no_patoshi_evidence,1e-05,383,157932298,0.03677,0.2344,0.054,0.0
11376,no_patoshi_evidence,1e-05,369,153053126,0.03564,0.2615,0.054,0.0
11378,unresolved,0.00295,285,117119529,0.02727,0.0954,0.033,0.0001
11442,unresolved,0.00295,453,189072953,0.04402,0.1098,0.054,0.00016
11475,unresolved,0.00295,977,416639490,0.09701,0.0312,18.159,0.05099
11478,no_patoshi_evidence,1e-05,258,107390101,0.025,0.1343,0.033,0.0
11484,no_patoshi_evidence,1e-05,236,98241471,0.02287,0.1678,0.033,0.0
11492,unresolved,0.00295,995,425743878,0.09913,0.0224,18.159,0.05099
11500,unresolved,0.00295,460,200229149,0.04662,0.0908,0.054,0.00016
11511,unresolved,0.00295,1108,474116100,0.11039,0.0075,18.159,0.05099
11543,unresolved,0.00295,316,132877575,0.03094,0.3902,0.054,0.00016
11545,no_patoshi_evidence,0.00414,73,13469883,0.00314,0.7914,0.022,9e-05
11570,unresolved,0.00295,515,214374675,0.04991,0.0556,0.054,0.00016
11574,no_patoshi_evidence,1e-05,62,22599016,0.00526,0.5399,0.022,0.0
11583,no_patoshi_evidence,0.0,179,41398034,0.00964,0.6926,0.033,0.0
11605,no_patoshi_evidence,1e-05,1246,531606863,0.12377,0.3716,0.224,0.0
11606,no_patoshi_evidence,1e-05,9,2933112,0.00068,0.7324,0.02,0.0
11612,no_patoshi_evidence,0.0,343,64185758,0.01494,0.8591,0.054,0.0
11616,no_patoshi_evidence,1e-05,144,58831080,0.0137,0.4965,0.033,0.0
11619,no_patoshi_evidence,1e-05,163,66201255,0.01541,0.4117,0.033,0.0
11624,no_patoshi_evidence,0.0,86,666307,0.00016,1.0,0.022,0.0
11626,no_patoshi_evidence,0.0004,273,114163911,0.02658,0.106,0.033,1e-05
11627,unresolved,0.13887,2776,1187299880,0.27644,0.01,15.748,0.71748
11637,no_patoshi_evidence,1e-05,939,394572433,0.09187,0.0511,0.097,0.0
11642,unresolved,0.00295,169,66048032,0.01538,0.4117,0.033,0.0001
11650,unresolved,0.00295,146,54363689,0.01266,0.5477,0.033,0.0001
11679,no_patoshi_evidence,1e-05,132,47366507,0.01103,0.636,0.033,0.0
11681,unresolved,0.00295,968,404147221,0.0941,0.0411,18.159,0.05099
11688,no_patoshi_evidence,1e-05,842,354207178,0.08247,0.111,0.097,0.0
11699,no_patoshi_evidence,1e-05,259,108701067,0.02531,0.129,0.033,0.0
11717,no_patoshi_evidence,1e-05,291,128988794,0.03003,0.0742,0.033,0.0
11726,no_patoshi_evidence,1e-05,77,33673825,0.00784,0.2883,0.022,0.0
11772,no_patoshi_evidence,1e-05,840,369811960,0.0861,0.0835,0.097,0.0
11776,no_patoshi_evidence,1e-05,773,339274043,0.07899,0.1397,0.097,0.0
11785,unresolved,0.00295,511,221411889,0.05155,0.0447,18.981,0.05317
11792,no_patoshi_evidence,1e-05,226,100659030,0.02344,0.159,0.033,0.0
11798,no_patoshi_evidence,1e-05,271,114021553,0.02655,0.106,0.033,0.0
11803,no_patoshi_evidence,1e-05,163,65868696,0.01534,0.4152,0.033,0.0
11804,no_patoshi_evidence,1e-05,396,176701401,0.04114,0.1572,0.054,0.0
11807,no_patoshi_evidence,1e-05,709,310746778,0.07235,0.2095,0.097,0.0
11818,no_patoshi_evidence,1e-05,229,96135088,0.02238,0.1749,0.033,0.0
11847,no_patoshi_evidence,1e-05,29,6856553,0.0016,0.4507,0.02,0.0
11849,no_patoshi_evidence,1e-05,644,280317413,0.06527,0.3092,0.097,0.0
11859,no_patoshi_evidence,1e-05,29,7081277,0.00165,0.4507,0.02,0.0
11880,unresolved,0.00295,930,408889910,0.0952,0.0349,18.159,0.05099
11885,unresolved,0.00295,324,138097921,0.03215,0.3537,0.054,0.00016
11897,no_patoshi_evidence,1e-05,-14,58672528,0.01366,,,1e-05
11907,no_patoshi_evidence,1e-05,115,44921152,0.01046,0.2025,0.022,0.0
11911,no_patoshi_evidence,1e-05,605,261967049,0.06099,0.3728,0.097,0.0
11919,no_patoshi_evidence,1e-05,123,49069651,0.01142,0.6219,0.033,0.0
11926,no_patoshi_evidence,1e-05,1014,447735954,0.10425,0.0162,18.159,0.00018
11928,unresolved,2e-05,147,31455526,0.00732,0.8198,0.033,0.0
11937,no_patoshi_evidence,1e-05,226,94857200,0.02209,0.1855,0.033,0.0
11999,no_patoshi_evidence,0.0,909,113526386,0.02643,0.8741,0.097,0.0
12033,unresolved,2e-05,188,32172290,0.00749,0.8074,0.033,0.0
12140,no_patoshi_evidence,1e-05,834,249879636,0.05818,0.4177,0.097,0.0
12191,no_patoshi_evidence,1e-05,187,6939030,0.00162,0.9965,0.033,0.0
12239,no_patoshi_evidence,1e-05,697,35729075,0.00832,0.9825,0.097,0.0
12284,no_patoshi_evidence,1e-05,66,7288738,0.0017,0.9448,0.022,0.0
12334,unresolved,0.00295,134,13603629,0.00317,0.9647,0.033,0.0001
12335,added_possible,0.62791,654,174159917,0.04055,0.7344,0.097,0.14052
12437,no_patoshi_evidence,1e-05,167,15029878,0.0035,0.9594,0.033,0.0
12450,no_patoshi_evidence,1e-05,738,192930062,0.04492,0.6621,0.097,0.0
12459,no_patoshi_evidence,1e-05,352,153879620,0.03583,0.2547,0.054,0.0
12474,no_patoshi_evidence,1e-05,716,301619625,0.07023,0.2357,0.097,0.0
12508,unresolved,0.00376,238,99705091,0.02321,0.1678,0.033,0.00013
12522,no_patoshi_evidence,1e-05,108,43357255,0.01009,0.2147,0.022,0.0
12539,no_patoshi_evidence,1e-05,308,124423145,0.02897,0.4472,0.054,0.0
12542,no_patoshi_evidence,1e-05,255,102699938,0.02391,0.1537,0.033,0.0
12545,no_patoshi_evidence,1e-05,32,6166099,0.00144,0.7857,0.023,0.0
12551,no_patoshi_evidence,1e-05,124,46811643,0.0109,0.6431,0.033,0.0
12578,no_patoshi_evidence,1e-05,114,3858061,0.0009,0.9877,0.022,0.0
12618,no_patoshi_evidence,1e-05,1095,476967121,0.11105,0.0075,18.159,0.00018
12625,no_patoshi_evidence,1e-05,-33,42629872,0.00993,,,1e-05
12637,unresolved,0.00376,348,154927130,0.03607,0.2493,0.054,0.0002
12639,no_patoshi_evidence,0.00527,162,64297118,0.01497,0.4346,0.033,0.00018
12645,unresolved,2e-05,384,33751810,0.00786,0.9512,0.054,0.0
12653,no_patoshi_evidence,1e-05,1207,530972849,0.12363,0.3716,0.224,0.0
12658,no_patoshi_evidence,1e-05,261,107814903,0.0251,0.1307,0.033,0.0
12665,no_patoshi_evidence,1e-05,144,49215733,0.01146,0.6184,0.033,0.0
12691,no_patoshi_evidence,1e-05,100,36154798,0.00842,0.2393,0.022,0.0
12694,no_patoshi_evidence,1e-05,61,19225284,0.00448,0.638,0.022,0.0
12698,no_patoshi_evidence,1e-05,133,50666493,0.0118,0.6007,0.033,0.0
12709,no_patoshi_evidence,1e-05,289,121861212,0.02837,0.083,0.033,0.0
12712,no_patoshi_evidence,0.0,129,33247147,0.00774,0.7951,0.033,0.0
12713,no_patoshi_evidence,1e-05,222,97146202,0.02262,0.1731,0.033,0.0
12716,unresolved,0.00376,919,404375584,0.09415,0.0411,18.159,0.06414
12720,no_patoshi_evidence,1e-05,478,203461730,0.04737,0.0827,0.054,0.0
12723,no_patoshi_evidence,0.0,253,33802317,0.00787,0.7933,0.033,0.0
12733,unresolved,0.00376,656,286339370,0.06667,0.2905,0.097,0.00037
12735,unresolved,0.00376,1023,450333956,0.10485,0.015,18.159,0.06414
12737,no_patoshi_evidence,1e-05,853,374151229,0.08711,0.0761,0.097,0.0
12741,no_patoshi_evidence,1e-05,1415,624799880,0.14547,0.2594,0.224,0.0
12751,unresolved,0.00376,656,286496038,0.06671,0.2893,0.097,0.00037
12754,no_patoshi_evidence,1e-05,191,85154512,0.01983,0.2438,0.033,0.0
12760,no_patoshi_evidence,1e-05,867,379993772,0.08847,0.0623,0.097,0.0
12764,no_patoshi_evidence,0.0,170,2926651,0.00068,1.0,0.033,0.0
12770,no_patoshi_evidence,1e-05,753,328979303,0.0766,0.1546,0.097,0.0
12814,no_patoshi_evidence,1e-05,137,53821511,0.01253,0.553,0.033,0.0
12837,unresolved,0.00376,608,24566833,0.00572,0.9938,0.097,0.00037
12983,no_patoshi_evidence,0.0,801,23695458,0.00552,0.9938,0.097,0.0
12986,no_patoshi_evidence,0.0,1051,442834008,0.10311,0.0162,18.159,2e-05
13003,unresolved,0.00376,995,261718070,0.06094,0.3728,0.097,0.00037
13170,no_patoshi_evidence,1e-05,-143,2945259,0.00069,,,1e-05
13195,no_patoshi_evidence,1e-05,685,274894990,0.064,0.3342,0.097,0.0
13256,unresolved,0.00376,-146,4204845,0.00098,,,0.00376
13264,no_patoshi_evidence,1e-05,90,82584036,0.01923,0.092,0.022,0.0
13265,no_patoshi_evidence,1e-05,375,124570762,0.029,0.4458,0.054,0.0
13271,no_patoshi_evidence,1e-05,71,24875388,0.00579,0.4908,0.022,0.0
13315,no_patoshi_evidence,1e-05,196,118055867,0.02749,0.0901,0.033,0.0
13318,no_patoshi_evidence,1e-05,-135,6837691,0.00159,,,1e-05
13332,unresolved,0.00376,1189,395947315,0.09219,0.0474,18.159,0.06414
13339,no_patoshi_evidence,1e-05,4,55016518,0.01281,0.2535,0.02,0.0
13341,no_patoshi_evidence,1e-05,149,103149495,0.02402,0.1519,0.033,0.0
13351,no_patoshi_evidence,1e-05,130,104018788,0.02422,0.1484,0.033,0.0
13387,no_patoshi_evidence,1e-05,258,140093094,0.03262,0.0477,19.364,0.00019
13412,no_patoshi_evidence,1e-05,167,111910607,0.02606,0.1184,0.033,0.0
13413,no_patoshi_evidence,1e-05,206,67846510,0.0158,0.394,0.033,0.0
13428,no_patoshi_evidence,1e-05,949,372645586,0.08676,0.0786,0.097,0.0
13454,unresolved,0.00376,243,83424564,0.01942,0.2597,0.033,0.00013
13457,no_patoshi_evidence,1e-05,642,270798203,0.06305,0.3466,0.097,0.0
13467,unresolved,0.00376,170,113680152,0.02647,0.1078,0.033,0.00013
13471,unresolved,0.00376,61,76782390,0.01788,0.1166,0.022,8e-05
13494,no_patoshi_evidence,1e-05,139,97474890,0.0227,0.1731,0.033,0.0
13516,no_patoshi_evidence,1e-05,-3,57009370,0.01327,,,1e-05
13523,no_patoshi_evidence,1e-05,5,6538572,0.00152,0.4648,0.02,0.0
13539,no_patoshi_evidence,1e-05,26,61914779,0.01442,0.2254,0.02,0.0
13568,no_patoshi_evidence,1e-05,149,51670202,0.01203,0.5848,0.033,0.0
13571,no_patoshi_evidence,1e-05,341,116804278,0.0272,0.5041,0.054,0.0
13582,no_patoshi_evidence,1e-05,236,63098758,0.01469,0.4435,0.033,0.0
13600,no_patoshi_evidence,1e-05,1053,354351325,0.0825,0.111,0.097,0.0
13606,no_patoshi_evidence,1e-05,405,138996676,0.03236,0.3496,0.054,0.0
13618,no_patoshi_evidence,1e-05,47,19906450,0.00463,0.2857,0.023,0.0
13630,no_patoshi_evidence,1e-05,282,92619749,0.02156,0.1926,0.033,0.0
13656,unresolved,0.00376,495,169363235,0.03943,0.1843,0.054,0.0002
13662,no_patoshi_evidence,1e-05,277,43995850,0.01024,0.6661,0.033,0.0
13694,no_patoshi_evidence,1e-05,505,119742922,0.02788,0.4851,0.054,0.0
13703,no_patoshi_evidence,1e-05,294,104430690,0.02431,0.1466,0.033,0.0
13716,unresolved,2e-05,492,86840102,0.02022,0.7507,0.054,0.0
13737,no_patoshi_evidence,1e-05,640,214180350,0.04987,0.5648,0.097,0.0
13746,no_patoshi_evidence,0.0,313,96445328,0.02246,0.6667,0.054,0.0
13750,no_patoshi_evidence,1e-05,219,69042326,0.01608,0.3816,0.033,0.0
13770,no_patoshi_evidence,1e-05,1576,520607102,0.12121,0.389,0.224,0.0
13777,no_patoshi_evidence,1e-05,1315,435161071,0.10132,0.5786,0.224,0.0
13800,no_patoshi_evidence,1e-05,491,161577314,0.03762,0.2168,0.054,0.0
13809,no_patoshi_evidence,0.0,56,8827606,0.00206,0.5625,0.023,0.0
13819,no_patoshi_evidence,0.0,584,169013692,0.03935,0.187,0.054,0.0
13821,no_patoshi_evidence,1e-05,546,125241067,0.02916,0.4417,0.054,0.0
13831,unresolved,2e-05,750,183862049,0.04281,0.702,0.097,0.0
13834,unresolved,2e-05,244,70198573,0.01634,0.3657,0.033,0.0
13840,no_patoshi_evidence,1e-05,915,183588091,0.04274,0.7082,0.097,0.0
13842,no_patoshi_evidence,0.0,-130,6703974,0.00156,,,0.0
13848,no_patoshi_evidence,1e-05,413,48588687,0.01131,0.916,0.054,0.0
13851,no_patoshi_evidence,0.0,208,160692556,0.03741,0.0159,19.364,2e-05
13854,unresolved,0.00376,325,39105584,0.0091,0.9404,0.054,0.0002
13869,unresolved,0.00376,372,117903148,0.02745,0.4986,0.054,0.0002
13879,no_patoshi_evidence,0.0,3282,1266237180,0.29482,0.0,15.748,2e-05
13883,unresolved,0.0012,842,228749065,0.05326,0.5087,0.097,0.00012
13885,no_patoshi_evidence,0.0,336,117567862,0.02737,0.4986,0.054,0.0
13887,unresolved,0.0012,14,2033945,0.00047,0.8169,0.02,2e-05
13889,unresolved,0.0012,12532,86654464,0.02018,0.9792,0.752,0.0009
13895,no_patoshi_evidence,0.00051,1223,152309826,0.03546,0.9252,0.224,0.00011
13912,no_patoshi_evidence,1e-05,-167,1102266,0.00026,,,1e-05
13923,no_patoshi_evidence,0.0,173,99795862,0.02324,0.1643,0.033,0.0
13926,no_patoshi_evidence,0.0,119,104386472,0.0243,0.0245,19.574,2e-05
13929,no_patoshi_evidence,0.0,80,68893564,0.01604,0.1411,0.022,0.0
13931,no_patoshi_evidence,0.0,408,210321170,0.04897,0.0623,0.054,0.0
13956,no_patoshi_evidence,0.0,965,331221592,0.07712,0.1534,0.097,0.0
13967,no_patoshi_evidence,1e-05,149,26232214,0.00611,0.8675,0.033,0.0
13973,no_patoshi_evidence,0.0,736,225213779,0.05244,0.5237,0.097,0.0
13984,no_patoshi_evidence,1e-05,825,144518721,0.03365,0.8217,0.097,0.0
13997,no_patoshi_evidence,1e-05,1108,224120011,0.05218,0.5299,0.097,0.0
14005,unresolved,0.00376,473,80094982,0.01865,0.7805,0.054,0.0002
14036,no_patoshi_evidence,1e-05,162,25233734,0.00588,0.8763,0.033,0.0
14037,no_patoshi_evidence,1e-05,612,75191533,0.01751,0.9239,0.097,0.0
14042,unresolved,0.00376,743,123324417,0.02871,0.8641,0.097,0.00037
14050,no_patoshi_evidence,1e-05,987,309507400,0.07206,0.212,0.097,0.0
14054,no_patoshi_evidence,1e-05,1199,133880847,0.03117,0.8429,0.097,0.0
14055,no_patoshi_evidence,1e-05,103,9908859,0.00231,0.8773,0.022,0.0
14079,unresolved,0.00376,1006,207608109,0.04834,0.5935,0.097,0.00037
14083,no_patoshi_evidence,1e-05,55,10908133,0.00254,0.4821,0.023,0.0
14085,no_patoshi_evidence,1e-05,424,125851114,0.0293,0.4377,0.054,0.0
14090,no_patoshi_evidence,1e-05,411,69305974,0.01614,0.8401,0.054,0.0
14106,no_patoshi_evidence,1e-05,1102,189704153,0.04417,0.6771,0.097,0.0
14110,no_patoshi_evidence,1e-05,79,17867489,0.00416,0.6748,0.022,0.0
14119,no_patoshi_evidence,1e-05,328,96951359,0.02257,0.6612,0.054,0.0
14128,no_patoshi_evidence,1e-05,1246,217507476,0.05064,0.9027,0.224,0.0
14133,no_patoshi_evidence,1e-05,89,8189528,0.00191,0.9202,0.022,0.0
14146,unresolved,0.00376,800,138293299,0.0322,0.8354,0.097,0.00037
14150,no_patoshi_evidence,1e-05,97,15634089,0.00364,0.7546,0.022,0.0
14151,no_patoshi_evidence,1e-05,127,22181134,0.00516,0.9081,0.033,0.0
14170,no_patoshi_evidence,1e-05,950,187441004,0.04364,0.6883,0.097,0.0
14171,no_patoshi_evidence,1e-05,386,76060120,0.01771,0.8049,0.054,0.0
14179,no_patoshi_evidence,1e-05,11,337119,8e-05,0.9718,0.02,0.0
14181,no_patoshi_evidence,1e-05,606,192172139,0.04474,0.6658,0.097,0.0
14189,unresolved,0.00376,193,20331059,0.00473,0.924,0.033,0.00013
14199,no_patoshi_evidence,1e-05,406,125887686,0.02931,0.4363,0.054,0.0
14203,unresolved,0.00376,1128,359381035,0.08367,0.0998,0.097,0.00037
14212,no_patoshi_evidence,1e-05,682,140254594,0.03266,0.8304,0.097,0.0
14217,no_patoshi_evidence,1e-05,328,100518496,0.0234,0.6301,0.054,0.0
14228,no_patoshi_evidence,1e-05,1328,270320911,0.06294,0.8454,0.224,0.0
14232,no_patoshi_evidence,1e-05,888,280755660,0.06537,0.3055,0.097,0.0
14239,no_patoshi_evidence,1e-05,223,37516044,0.00873,0.7491,0.033,0.0
14257,no_patoshi_evidence,0.0,1149,355605443,0.0828,0.1085,0.097,0.0
14263,unresolved,0.00376,377,42526239,0.0099,0.9322,0.054,0.0002
14266,no_patoshi_evidence,1e-05,983,170963593,0.03981,0.7431,0.097,0.0
14276,no_patoshi_evidence,1e-05,431,74799331,0.01742,0.8117,0.054,0.0
14288,no_patoshi_evidence,1e-05,318,110529864,0.02573,0.5515,0.054,0.0
14292,no_patoshi_evidence,1e-05,106,23272784,0.00542,0.5276,0.022,0.0
14295,unresolved,0.00376,2376,601898007,0.14014,0.2918,0.224,0.00084
14296,no_patoshi_evidence,1e-05,1442,499321225,0.11626,0.4439,0.224,0.0
14298,no_patoshi_evidence,3e-05,1944,1569485,0.00037,1.0,0.224,1e-05
14303,unresolved,0.00376,47,2535943,0.00059,0.9554,0.023,9e-05
14311,no_patoshi_evidence,1e-05,240,86917032,0.02024,0.2297,0.033,0.0
14317,no_patoshi_evidence,1e-05,343,118905725,0.02768,0.4905,0.054,0.0
14319,no_patoshi_evidence,1e-05,91,18228164,0.00424,0.6687,0.022,0.0
14325,unresolved,0.00376,861,304525109,0.0709,0.2244,0.097,0.00037
14331,no_patoshi_evidence,1e-05,527,61092322,0.01422,0.8686,0.054,0.0
14363,unresolved,0.00376,176,37940511,0.00883,0.7403,0.033,0.00013
14385,unresolved,0.00376,61,12980788,0.00302,0.816,0.022,8e-05
14401,no_patoshi_evidence,1e-05,460,159471705,0.03713,0.2249,0.054,0.0
14424,no_patoshi_evidence,1e-05,296,99570029,0.02318,0.1678,0.033,0.0
14425,no_patoshi_evidence,1e-05,366,115474572,0.02689,0.5149,0.054,0.0
14432,no_patoshi_evidence,1e-05,-5,172665,4e-05,,,1e-05
14438,no_patoshi_evidence,0.00051,752,134138695,0.03123,0.8429,0.097,5e-05
14442,unresolved,0.17042,1594,1456329476,0.33908,0.0,15.748,0.76388
14444,added_possible,0.6825,512,1243255076,0.28947,0.0,18.981,0.97608
14450,added_robust,0.99942,1058,3544911135,0.82536,0.0,18.159,0.99997
14454,no_patoshi_evidence,0.0,135,90412133,0.02105,0.2085,0.033,0.0
14465,no_patoshi_evidence,0.00527,304,169491824,0.03946,0.1843,0.054,0.00028
14476,no_patoshi_evidence,1e-05,240,134042307,0.03121,0.0654,0.033,0.0
14486,unresolved,0.00376,267,98255381,0.02288,0.1678,0.033,0.00013
14500,no_patoshi_evidence,1e-05,283,148951776,0.03468,0.0283,19.364,0.00019
14510,no_patoshi_evidence,1e-05,364,82408188,0.01919,0.7696,0.054,0.0
14514,no_patoshi_evidence,1e-05,354,116814502,0.0272,0.5041,0.054,0.0
14528,no_patoshi_evidence,1e-05,620,135761930,0.03161,0.8392,0.097,0.0
14570,no_patoshi_evidence,1e-05,481,148784299,0.03464,0.2859,0.054,0.0
14574,no_patoshi_evidence,1e-05,845,229703240,0.05348,0.5075,0.097,0.0
14579,unresolved,0.00376,806,314722848,0.07328,0.1908,0.097,0.00037
14587,no_patoshi_evidence,1e-05,123,71003220,0.01653,0.3551,0.033,0.0
14628,no_patoshi_evidence,1e-05,-63,30671052,0.00714,,,1e-05
14646,no_patoshi_evidence,1e-05,634,260032016,0.06054,0.3778,0.097,0.0
14659,no_patoshi_evidence,1e-05,302,155053499,0.0361,0.248,0.054,0.0
14660,no_patoshi_evidence,1e-05,83,24631255,0.00573,0.5031,0.022,0.0
14691,no_patoshi_evidence,1e-05,594,177414874,0.04131,0.1558,0.054,0.0
14714,no_patoshi_evidence,0.00527,-124,19355114,0.00451,,,0.00527
14788,no_patoshi_evidence,0.0,29,141886118,0.03304,0.0,19.621,2e-05
14791,no_patoshi_evidence,1e-05,390,128747396,0.02998,0.4214,0.054,0.0
14796,no_patoshi_evidence,0.0,102,173034095,0.04029,0.0,19.574,2e-05
14835,no_patoshi_evidence,1e-05,-7,7785790,0.00181,,,1e-05
14864,no_patoshi_evidence,1e-05,71,61799805,0.01439,0.1534,0.022,0.0
14867,no_patoshi_evidence,1e-05,39,54250361,0.01263,0.1607,0.023,0.0
14936,no_patoshi_evidence,0.0,63,40863248,0.00951,0.2209,0.022,0.0
14941,no_patoshi_evidence,1e-05,298,147932926,0.03444,0.03,19.364,0.00019
14945,no_patoshi_evidence,1e-05,315,96553557,0.02248,0.6667,0.054,0.0
14957,no_patoshi_evidence,1e-05,397,177222836,0.04126,0.1558,0.054,0.0
14958,no_patoshi_evidence,0.0,250,86619638,0.02017,0.2314,0.033,0.0
14992,no_patoshi_evidence,1e-05,263,100092065,0.0233,0.1608,0.033,0.0
14999,no_patoshi_evidence,1e-05,-158,5779127,0.00135,,,1e-05
15002,no_patoshi_evidence,1e-05,56,55885424,0.01301,0.1429,0.023,0.0
15012,no_patoshi_evidence,1e-05,516,214758612,0.05,0.0556,0.054,0.0
15033,no_patoshi_evidence,1e-05,98,80279872,0.01869,0.1104,0.022,0.0
15055,no_patoshi_evidence,1e-05,895,340539225,0.07929,0.1334,0.097,0.0
15073,no_patoshi_evidence,0.00079,1478,338995467,0.07893,0.7656,0.224,0.00018
15080,unresolved,0.00585,283,112357663,0.02616,0.1148,0.033,0.0002
15139,unresolved,0.00585,644,187632696,0.04369,0.687,0.097,0.00057
15144,no_patoshi_evidence,1e-05,12,55652783,0.01296,0.2535,0.02,0.0
15213,no_patoshi_evidence,1e-05,98,70693467,0.01646,0.1411,0.022,0.0
15224,no_patoshi_evidence,1e-05,231,87448898,0.02036,0.2244,0.033,0.0
15430,no_patoshi_evidence,1e-05,-55,27783805,0.00647,,,1e-05
15527,unresolved,3e-05,297,135336711,0.03151,0.0565,0.033,0.0
15682,unresolved,3e-05,509,98065171,0.02283,0.6504,0.054,0.0
15757,no_patoshi_evidence,1e-05,1099,344706619,0.08026,0.1297,0.097,0.0
15988,unresolved,3e-05,1129,61649439,0.01435,0.9576,0.097,0.0
16012,unresolved,0.24265,635,4289963299,0.99883,0.0,18.159,0.85333
16013,added_possible,0.77025,1182,3846081569,0.89549,0.0,18.159,0.98384
16574,no_patoshi_evidence,1e-05,100,101052243,0.02353,0.0245,19.574,0.0002
16614,no_patoshi_evidence,1e-05,-72,48123386,0.0112,,,1e-05
16615,no_patoshi_evidence,1e-05,101,38291775,0.00892,0.227,0.022,0.0
16617,no_patoshi_evidence,1e-05,-52,25370976,0.00591,,,1e-05
16624,no_patoshi_evidence,0.0,1225,252214357,0.05872,0.8678,0.224,0.0
16631,no_patoshi_evidence,0.0,649,149005958,0.03469,0.8067,0.097,0.0
16636,no_patoshi_evidence,1e-05,592,304247944,0.07084,0.0041,18.981,0.00019
16638,no_patoshi_evidence,1e-05,538,283750892,0.06607,0.0081,18.981,0.00019
16667,no_patoshi_evidence,1e-05,1157,522264233,0.1216,0.005,18.159,0.00018
16670,no_patoshi_evidence,1e-05,623,240705194,0.05604,0.4564,0.097,0.0
16694,no_patoshi_evidence,1e-05,-77,51241554,0.01193,,,1e-05
16700,unresolved,0.00585,1073,413818669,0.09635,0.0337,18.159,0.09654
16702,no_patoshi_evidence,1e-05,-33,68112504,0.01586,,,1e-05
16718,no_patoshi_evidence,1e-05,-106,25644221,0.00597,,,1e-05
16740,no_patoshi_evidence,1e-05,652,246045129,0.05729,0.4314,0.097,0.0
16755,no_patoshi_evidence,1e-05,810,296475485,0.06903,0.2606,0.097,0.0
16766,no_patoshi_evidence,1e-05,634,239907088,0.05586,0.4576,0.097,0.0
16783,no_patoshi_evidence,1e-05,1939,739097077,0.17208,0.1546,0.224,0.0
16789,no_patoshi_evidence,1e-05,1246,482664309,0.11238,0.4763,0.224,0.0
16796,no_patoshi_evidence,1e-05,240,90939619,0.02117,0.2032,0.033,0.0
16843,no_patoshi_evidence,1e-05,296,97280089,0.02265,0.1731,0.033,0.0
16848,no_patoshi_evidence,1e-05,62,13204556,0.00307,0.8098,0.022,0.0
16892,no_patoshi_evidence,1e-05,303,109898485,0.02559,0.5583,0.054,0.0
16895,no_patoshi_evidence,1e-05,1049,361976565,0.08428,0.091,0.097,0.0
16897,no_patoshi_evidence,1e-05,911,319690492,0.07443,0.1758,0.097,0.0
16902,no_patoshi_evidence,1e-05,391,150347103,0.03501,0.271,0.054,0.0
16903,no_patoshi_evidence,1e-05,779,278330642,0.0648,0.3192,0.097,0.0
16904,no_patoshi_evidence,1e-05,13,4422907,0.00103,0.5775,0.02,0.0
16905,no_patoshi_evidence,1e-05,146,57355580,0.01335,0.5141,0.033,0.0
16917,unresolved,0.00585,1945,693876270,0.16156,0.197,0.224,0.00132
16918,no_patoshi_evidence,0.00819,29,9723209,0.00226,0.4085,0.02,0.00016
16924,no_patoshi_evidence,1e-05,1429,540877802,0.12593,0.3641,0.224,0.0
16931,no_patoshi_evidence,1e-05,507,187814494,0.04373,0.1138,0.054,0.0
16932,no_patoshi_evidence,1e-05,683,261569964,0.0609,0.3741,0.097,0.0
16938,no_patoshi_evidence,1e-05,322,107692216,0.02507,0.5718,0.054,0.0
16943,no_patoshi_evidence,1e-05,910,320877181,0.07471,0.1721,0.097,0.0
16944,no_patoshi_evidence,1e-05,492,177048264,0.04122,0.1572,0.054,0.0
16956,unresolved,0.00585,360,103144240,0.02402,0.6043,0.054,0.00032
16959,unresolved,0.00585,145,46620717,0.01085,0.6449,0.033,0.0002
16963,no_patoshi_evidence,1e-05,1955,609373110,0.14188,0.2893,0.224,0.0
16968,no_patoshi_evidence,1e-05,112,38819162,0.00904,0.227,0.022,0.0
16976,no_patoshi_evidence,1e-05,185,67443565,0.0157,0.3975,0.033,0.0
16981,no_patoshi_evidence,1e-05,20,11109346,0.00259,0.3944,0.02,0.0
16989,no_patoshi_evidence,1e-05,1469,567241745,0.13207,0.3242,0.224,0.0
16998,no_patoshi_evidence,1e-05,257,93788225,0.02184,0.1873,0.033,0.0
17008,no_patoshi_evidence,1e-05,1258,434437103,0.10115,0.5786,0.224,0.0
17009,no_patoshi_evidence,1e-05,701,230152879,0.05359,0.5025,0.097,0.0
17012,no_patoshi_evidence,1e-05,694,248341837,0.05782,0.4214,0.097,0.0
17014,no_patoshi_evidence,1e-05,304,120956619,0.02816,0.4797,0.054,0.0
17151,no_patoshi_evidence,0.0,1911,326737676,0.07607,0.798,0.224,0.0
17153,unresolved,0.00187,122,39111176,0.00911,0.7208,0.033,6e-05
17233,no_patoshi_evidence,0.0,467,139113702,0.03239,0.3496,0.054,0.0
17255,no_patoshi_evidence,1e-05,1491,531485438,0.12375,0.3716,0.224,0.0
17265,no_patoshi_evidence,1e-05,1269,455505779,0.10606,0.5411,0.224,0.0
17273,unresolved,0.00585,220,73454114,0.0171,0.3357,0.033,0.0002
17274,no_patoshi_evidence,0.00819,482,173414048,0.04038,0.1707,0.054,0.00044
17277,no_patoshi_evidence,1e-05,308,105682824,0.02461,0.5867,0.054,0.0
17280,no_patoshi_evidence,1e-05,203,70593169,0.01644,0.3622,0.033,0.0
17334,unresolved,0.24265,1626,585799430,0.13639,0.3042,0.224,0.0669
17335,unresolved,0.00585,1071,660707366,0.15383,0.0,18.159,0.09654
17338,no_patoshi_evidence,1e-05,1779,630741373,0.14686,0.2569,0.224,0.0
17357,no_patoshi_evidence,1e-05,1229,432241314,0.10064,0.586,0.224,0.0
17374,unresolved,3e-05,551,97541165,0.02271,0.6572,0.054,0.0
17388,no_patoshi_evidence,1e-05,1117,392131533,0.0913,0.0536,0.097,0.0
17427,no_patoshi_evidence,0.0,14,356840,8e-05,0.9718,0.02,0.0
17444,unresolved,0.00585,163,87979816,0.02048,0.2191,0.033,0.0002
17458,unresolved,0.00585,2063,789672235,0.18386,0.1172,0.224,0.00132
17558,unresolved,0.0001,1589,266142247,0.06197,0.8504,0.224,2e-05
17606,unresolved,0.01701,1255,487223076,0.11344,0.4663,0.224,0.00386
17616,no_patoshi_evidence,4e-05,-87,57439661,0.01337,,,4e-05
17623,no_patoshi_evidence,4e-05,436,256534374,0.05973,0.0122,18.981,0.00076
17627,no_patoshi_evidence,4e-05,173,156649281,0.03647,0.0212,19.364,0.00077
17695,no_patoshi_evidence,0.0,1239,265299915,0.06177,0.8504,0.224,0.0
17763,no_patoshi_evidence,4e-05,575,192170363,0.04474,0.1057,0.054,0.0
17771,no_patoshi_evidence,4e-05,1861,462328800,0.10764,0.5237,0.224,1e-05
17776,no_patoshi_evidence,4e-05,213,113854686,0.02651,0.1078,0.033,0.0
17777,no_patoshi_evidence,4e-05,47,17520956,0.00408,0.3125,0.023,0.0
17782,unresolved,0.01701,91,150649629,0.03508,0.0,19.574,0.25301
17831,no_patoshi_evidence,4e-05,1600,624132685,0.14532,0.2618,0.224,1e-05
17843,no_patoshi_evidence,4e-05,-37,9289058,0.00216,,,4e-05
17850,no_patoshi_evidence,4e-05,452,214530487,0.04995,0.0556,0.054,0.0
17851,unresolved,0.01701,1048,154076721,0.03587,0.8005,0.097,0.00167
17857,no_patoshi_evidence,4e-05,1464,399153385,0.09294,0.6434,0.224,1e-05
17903,unresolved,0.0001,-92,43391236,0.0101,,,0.0001
17924,no_patoshi_evidence,4e-05,650,303195105,0.07059,0.2294,0.097,0.0
17925,no_patoshi_evidence,4e-05,727,154013887,0.03586,0.8005,0.097,0.0
17931,no_patoshi_evidence,4e-05,991,265912145,0.06191,0.3628,0.097,0.0
17936,no_patoshi_evidence,4e-05,990,232952983,0.05424,0.4938,0.097,0.0
17966,no_patoshi_evidence,0.0,182,63819472,0.01486,0.4382,0.033,0.0
17973,added_probable,0.90793,1350,716589368,0.16684,0.1746,0.224,0.68816
17974,unresolved,0.01701,220,101601074,0.02366,0.1572,0.033,0.00058
17975,no_patoshi_evidence,4e-05,21,9624302,0.00224,0.4085,0.02,0.0
17977,no_patoshi_evidence,0.00232,-118,20556881,0.00479,,,0.00232
17980,no_patoshi_evidence,4e-05,217,101609058,0.02366,0.1572,0.033,0.0
17985,no_patoshi_evidence,4e-05,431,63469482,0.01478,0.8618,0.054,0.0
17998,no_patoshi_evidence,4e-05,149,72127608,0.01679,0.3445,0.033,0.0
18003,no_patoshi_evidence,4e-05,287,243971253,0.0568,0.0018,19.364,0.00077
18008,no_patoshi_evidence,4e-05,508,248421839,0.05784,0.0176,18.981,0.00076
18016,no_patoshi_evidence,0.00232,2707,1308031993,0.30455,0.0,15.748,0.03533
18018,no_patoshi_evidence,0.00232,2054,997193200,0.23218,0.0299,15.748,0.03533
18025,no_patoshi_evidence,0.00232,379,187135953,0.04357,0.122,0.054,0.00012
18026,no_patoshi_evidence,0.00232,2482,1229654719,0.2863,0.0025,15.748,0.03533
18039,added_probable,0.90793,968,2163721252,0.50378,0.0,18.159,0.99445
18040,added_probable,0.90793,887,1823169567,0.42449,0.0,18.159,0.99445
18041,added_probable,0.90793,990,2707732997,0.63044,0.0,18.159,0.99445
18043,added_probable,0.90793,2309,2611104770,0.60795,0.0,15.748,0.9936
18051,unresolved,0.01701,157,88802563,0.02068,0.2138,0.033,0.00058
18055,no_patoshi_evidence,4e-05,356,286548754,0.06672,0.0068,18.981,0.00076
18061,no_patoshi_evidence,4e-05,893,340219631,0.07921,0.1334,0.097,0.0
18067,no_patoshi_evidence,4e-05,751,223772506,0.0521,0.5299,0.097,0.0
18071,no_patoshi_evidence,4e-05,772,481377621,0.11208,0.0075,18.159,0.00073
18074,no_patoshi_evidence,4e-05,1098,641304199,0.14932,0.0,18.159,0.00073
18075,no_patoshi_evidence,4e-05,1190,576809590,0.1343,0.0025,18.159,0.00073
18082,unresolved,0.01701,1821,621943040,0.14481,0.2668,0.224,0.00386
18090,no_patoshi_evidence,4e-05,181,196111590,0.04566,0.0018,19.364,0.00077
18096,no_patoshi_evidence,4e-05,-218,4836517,0.00113,,,4e-05
18104,no_patoshi_evidence,4e-05,326,269311311,0.0627,0.0095,18.981,0.00076
18116,no_patoshi_evidence,4e-05,-40,87577720,0.02039,,,4e-05
18119,no_patoshi_evidence,0.0,95,1630117,0.00038,1.0,0.022,0.0
18121,no_patoshi_evidence,0.00232,53,124120679,0.0289,0.0089,19.557,0.0435
18123,no_patoshi_evidence,0.00232,455,207238076,0.04825,0.0718,0.054,0.00012
18126,no_patoshi_evidence,4e-05,1309,631483879,0.14703,0.2569,0.224,1e-05
18136,no_patoshi_evidence,0.02372,82,137529167,0.03202,0.0,19.574,0.3223
18141,no_patoshi_evidence,0.0,672,202054350,0.04704,0.6097,0.097,0.0
18144,no_patoshi_evidence,4e-05,1133,516540345,0.12027,0.005,18.159,0.00073
18148,no_patoshi_evidence,4e-05,1540,777747912,0.18108,0.1272,0.224,1e-05
18150,no_patoshi_evidence,4e-05,512,326675854,0.07606,0.0027,18.981,0.00076
18152,unresolved,0.01701,373,276483121,0.06437,0.0081,18.981,0.24725
18153,no_patoshi_evidence,0.0,613,192960111,0.04493,0.6621,0.097,0.0
18156,no_patoshi_evidence,4e-05,-32,89184245,0.02076,,,4e-05
18159,unresolved,0.01701,2088,17754154,0.00413,0.995,0.224,0.00386
18183,unresolved,0.01701,42,26670631,0.00621,0.2679,0.023,0.0004
18190,no_patoshi_evidence,4e-05,469,350603722,0.08163,0.0014,18.981,0.00076
18191,no_patoshi_evidence,4e-05,1139,568717256,0.13241,0.0025,18.159,0.00073
18201,unresolved,0.01701,444,318222870,0.07409,0.0027,18.981,0.24725
18209,no_patoshi_evidence,4e-05,584,382022119,0.08895,0.0,18.981,0.00076
18229,no_patoshi_evidence,4e-05,86,47812087,0.01113,0.1963,0.022,0.0
18230,unresolved,0.0001,597,153423900,0.03572,0.2602,0.054,1e-05
18231,no_patoshi_evidence,4e-05,584,218782674,0.05094,0.0501,0.054,0.0
18242,no_patoshi_evidence,0.0,-96,32979163,0.00768,,,0.0
18279,unresolved,0.0001,410,203085843,0.04728,0.0827,0.054,1e-05
18284,no_patoshi_evidence,4e-05,85,149383836,0.03478,0.0,19.574,0.00078
18285,no_patoshi_evidence,4e-05,2071,964640161,0.2246,0.0374,15.748,0.00063
18290,no_patoshi_evidence,4e-05,794,506562659,0.11794,0.005,18.159,0.00073
18292,no_patoshi_evidence,4e-05,1379,767359842,0.17866,0.1297,0.224,1e-05
18297,unresolved,0.01701,1203,685535497,0.15961,0.1995,0.224,0.00386
18326,no_patoshi_evidence,4e-05,364,53868970,0.01254,0.8997,0.054,0.0
18334,unresolved,0.01701,1366,180389921,0.042,0.9227,0.224,0.00386
18360,unresolved,0.0001,819,278286634,0.06479,0.3192,0.097,1e-05
18362,no_patoshi_evidence,0.0,287,73523934,0.01712,0.3357,0.033,0.0
18411,no_patoshi_evidence,4e-05,341,161774705,0.03767,0.2154,0.054,0.0
18423,no_patoshi_evidence,4e-05,1458,658603884,0.15334,0.2244,0.224,1e-05
18426,no_patoshi_evidence,4e-05,754,340336337,0.07924,0.1334,0.097,0.0
18431,no_patoshi_evidence,4e-05,244,108330890,0.02522,0.129,0.033,0.0
18432,no_patoshi_evidence,0.0,194,35217163,0.0082,0.7756,0.033,0.0
18447,no_patoshi_evidence,4e-05,137,60567742,0.0141,0.47,0.033,0.0
18450,no_patoshi_evidence,4e-05,1282,581846970,0.13547,0.3067,0.224,1e-05
18486,no_patoshi_evidence,4e-05,1364,622849148,0.14502,0.2643,0.224,1e-05
18522,unresolved,0.05454,1323,682130720,0.15882,0.1995,0.224,0.01274
18585,no_patoshi_evidence,4e-05,68,12563776,0.00293,0.8282,0.022,0.0
18587,no_patoshi_evidence,4e-05,2110,963363047,0.2243,0.0374,15.748,0.00063
18588,unresolved,0.01701,233,107301888,0.02498,0.1343,0.033,0.00058
18590,no_patoshi_evidence,0.02372,337,136157173,0.0317,0.3699,0.054,0.0013
18595,unresolved,0.01701,1828,885456902,0.20616,0.0549,0.224,0.00386
18600,no_patoshi_evidence,0.02372,39,4820889,0.00112,0.875,0.023,0.00057
18604,unresolved,0.01701,1830,270714631,0.06303,0.8454,0.224,0.00386
18912,unresolved,0.0001,129,24199700,0.00563,0.8852,0.033,0.0
19021,no_patoshi_evidence,0.0,617,182780071,0.04256,0.7095,0.097,0.0
19120,no_patoshi_evidence,0.0,117,19448479,0.00453,0.638,0.022,0.0
19249,no_patoshi_evidence,0.0,1323,260219057,0.06059,0.8579,0.224,0.0
19311,no_patoshi_evidence,4e-05,-225,3329484,0.00078,,,4e-05
19475,no_patoshi_evidence,0.0,1212,127548789,0.0297,0.9401,0.224,0.0
19485,no_patoshi_evidence,0.0,169,118483052,0.02759,0.0883,0.033,0.0
19781,no_patoshi_evidence,0.0,350,18009189,0.00419,0.9824,0.054,0.0
19909,no_patoshi_evidence,4e-05,-161,17540976,0.00408,,,4e-05
19948,no_patoshi_evidence,0.0,1963,391849122,0.09123,0.6559,0.224,0.0
20080,unresolved,0.0,1037,277376278,0.06458,0.3217,0.097,0.0
20140,no_patoshi_evidence,0.0,140,82667975,0.01925,0.2633,0.033,0.0
20198,no_patoshi_evidence,0.0,5551,1327823201,0.30916,0.5312,0.752,0.0
20203,no_patoshi_evidence,0.0,7280,1733491843,0.40361,0.375,0.752,0.0
20421,no_patoshi_evidence,0.0,7462,2361491923,0.54983,0.2292,0.752,0.0
20461,no_patoshi_evidence,0.0,1496,784112812,0.18257,0.1222,0.224,0.0
20468,no_patoshi_evidence,0.0,917,525402102,0.12233,0.005,18.159,2e-05
20481,no_patoshi_evidence,0.0,256,229863051,0.05352,0.0018,19.364,2e-05
20491,no_patoshi_evidence,0.0,1707,875833973,0.20392,0.0549,0.224,0.0
20508,unresolved,0.0,594,269761049,0.06281,0.0095,18.981,2e-05
20539,no_patoshi_evidence,0.0,1196,650218230,0.15139,0.0,18.159,2e-05
20543,unresolved,0.0,-135,55231512,0.01286,,,0.0
20583,no_patoshi_evidence,0.0,286,128485877,0.02992,0.0742,0.033,0.0
20592,no_patoshi_evidence,0.0,651,406594045,0.09467,0.0387,18.159,2e-05
20602,no_patoshi_evidence,0.0,376,281031540,0.06543,0.0081,18.981,2e-05
20605,unresolved,0.0,910,521739322,0.12148,0.005,18.159,2e-05
20610,no_patoshi_evidence,0.0,336,148019571,0.03446,0.2913,0.054,0.0
20948,no_patoshi_evidence,0.0,681,304693969,0.07094,0.2244,0.097,0.0
21359,no_patoshi_evidence,0.0,21468,2654454192,0.61804,0.1771,0.752,0.0
21392,no_patoshi_evidence,0.0,241,88680944,0.02065,0.2155,0.033,0.0
21396,no_patoshi_evidence,0.0,2354,820705644,0.19109,0.0998,0.224,0.0
21406,no_patoshi_evidence,0.0,4742,1639306299,0.38168,0.4062,0.752,0.0
21408,no_patoshi_evidence,0.0,6209,2142122835,0.49875,0.3021,0.752,0.0
21409,no_patoshi_evidence,0.0,2503,862425172,0.2008,0.0648,0.224,0.0
21411,no_patoshi_evidence,0.0,5106,1763764861,0.41066,0.3646,0.752,0.0
21417,no_patoshi_evidence,0.0,141,55566076,0.01294,0.5336,0.033,0.0
21423,no_patoshi_evidence,0.0,8067,2751477676,0.64063,0.1354,0.752,0.0
21425,no_patoshi_evidence,0.0,4196,1409130397,0.32809,0.4896,0.752,0.0
21426,no_patoshi_evidence,0.0,5139,1682616993,0.39176,0.3958,0.752,0.0
21431,no_patoshi_evidence,0.0,5348,1837409552,0.42781,0.3646,0.752,0.0
21433,unresolved,2e-05,6340,2093831477,0.48751,0.3333,0.752,2e-05
21434,no_patoshi_evidence,0.0,1789,607062712,0.14134,0.2918,0.224,0.0
21438,no_patoshi_evidence,0.0,38219,189325427,0.04408,0.9479,0.752,0.0
21454,no_patoshi_evidence,0.0,494,136215189,0.03172,0.3699,0.054,0.0
21657,no_patoshi_evidence,0.0,1514,647027798,0.15065,0.2419,0.224,0.0
22289,no_patoshi_evidence,0.0,348,268676571,0.06256,0.0095,18.981,2e-05
22301,no_patoshi_evidence,0.0,73,151974089,0.03538,0.0,19.574,2e-05
22304,no_patoshi_evidence,0.0,-43,86801407,0.02021,,,0.0
22311,no_patoshi_evidence,0.0,-271,3942299,0.00092,,,0.0
22313,no_patoshi_evidence,0.0,533,348155103,0.08106,0.0014,18.981,2e-05
22335,no_patoshi_evidence,0.0,425,271437134,0.0632,0.0081,18.981,2e-05
22348,unresolved,0.0,545,231999278,0.05402,0.0285,18.981,2e-05
22373,unresolved,0.0,1448,739678465,0.17222,0.1546,0.224,0.0
22380,no_patoshi_evidence,0.0,337,265161297,0.06174,0.0122,18.981,2e-05
22383,no_patoshi_evidence,0.0,454,193221179,0.04499,0.103,0.054,0.0
22389,no_patoshi_evidence,0.0,1373,708081294,0.16486,0.1895,0.224,0.0
22409,no_patoshi_evidence,0.0,2198,1057332562,0.24618,0.0224,15.748,2e-05
22527,unresolved,0.09136,15555,1497433879,0.34865,0.4479,0.752,0.0703
22741,no_patoshi_evidence,0.0,905,295262041,0.06875,0.2631,0.097,0.0
22779,unresolved,1e-05,459,245862913,0.05724,0.0176,18.981,0.00019
22792,unresolved,0.09136,1477,3723730196,0.867,0.0,15.748,0.61292
22793,added_possible,0.51268,1202,1111110678,0.2587,0.0125,15.748,0.94308
23031,no_patoshi_evidence,0.0,352,219154755,0.05103,0.0488,18.981,2e-05
23034,no_patoshi_evidence,0.0,595,201723081,0.04697,0.0854,0.054,0.0
23066,no_patoshi_evidence,0.0,143,42079161,0.0098,0.682,0.033,0.0
23069,no_patoshi_evidence,0.0,391,122925166,0.02862,0.4648,0.054,0.0
23074,unresolved,0.00184,175,154828052,0.03605,0.0247,19.364,0.03446
23077,no_patoshi_evidence,0.0,341,111174976,0.02588,0.5474,0.054,0.0
23082,no_patoshi_evidence,0.0,559,282184319,0.0657,0.0081,18.981,2e-05
23259,no_patoshi_evidence,0.0,2151,295439325,0.06879,0.8404,0.224,0.0
23354,no_patoshi_evidence,0.0,932,245384069,0.05713,0.4364,0.097,0.0
23441,no_patoshi_evidence,0.0,2112,694399162,0.16168,0.197,0.224,0.0
23477,no_patoshi_evidence,0.00025,3784,43966701,0.01024,0.9896,0.752,0.00019
23490,unresolved,1e-05,364,83230502,0.01938,0.7669,0.054,0.0
23508,no_patoshi_evidence,0.00025,803,174983571,0.04074,0.7307,0.097,2e-05
23527,no_patoshi_evidence,0.0,45,14708729,0.00342,0.3482,0.023,0.0
23538,no_patoshi_evidence,0.0,461,126576819,0.02947,0.4322,0.054,0.0
23539,no_patoshi_evidence,0.0,287,94890698,0.02209,0.1855,0.033,0.0
23541,no_patoshi_evidence,0.0,58,14905769,0.00347,0.3393,0.023,0.0
23544,no_patoshi_evidence,0.0,73,22423156,0.00522,0.5521,0.022,0.0
23552,no_patoshi_evidence,0.0,250,83771501,0.0195,0.2597,0.033,0.0
23569,unresolved,0.00184,873,307883052,0.07168,0.2132,0.097,0.00018
23571,unresolved,0.00184,417,144599610,0.03367,0.3076,0.054,0.0001
23578,no_patoshi_evidence,0.0,2087,742787416,0.17294,0.1521,0.224,0.0
23588,unresolved,0.00184,154,54750754,0.01275,0.5442,0.033,6e-05
23610,no_patoshi_evidence,0.0,1542,549885396,0.12803,0.3566,0.224,0.0
23626,no_patoshi_evidence,0.0,2013,715509914,0.16659,0.1796,0.224,0.0
23649,no_patoshi_evidence,0.0,115,34754957,0.00809,0.2515,0.022,0.0
23665,no_patoshi_evidence,0.0,899,236028992,0.05495,0.4788,0.097,0.0
23681,no_patoshi_evidence,0.0,821,326777269,0.07608,0.1571,0.097,0.0
23708,no_patoshi_evidence,0.0,1616,856787112,0.19949,0.0698,0.224,0.0
23709,no_patoshi_evidence,0.0,492,219468813,0.0511,0.0474,18.981,2e-05
23716,unresolved,0.00184,421,258031910,0.06008,0.0122,18.981,0.03381
23725,no_patoshi_evidence,0.0,1320,579734926,0.13498,0.3067,0.224,0.0
23728,unresolved,0.00184,-301,644395,0.00015,,,0.00184
23734,no_patoshi_evidence,0.0,572,204615438,0.04764,0.0799,0.054,0.0
23742,no_patoshi_evidence,0.0,164,208709982,0.04859,0.0018,19.364,2e-05
23743,no_patoshi_evidence,0.0,877,395243759,0.09202,0.0511,0.097,0.0
23747,no_patoshi_evidence,0.0,-128,72993348,0.017,,,0.0
23754,no_patoshi_evidence,0.0,1278,710236884,0.16536,0.1895,0.224,0.0
23759,no_patoshi_evidence,0.0,849,517703127,0.12054,0.005,18.159,2e-05
23771,unresolved,0.00184,138,59419167,0.01383,0.4859,0.033,6e-05
23777,no_patoshi_evidence,0.0,-247,24224464,0.00564,,,0.0
23820,no_patoshi_evidence,0.0,388,136917655,0.03188,0.3591,0.054,0.0
23848,no_patoshi_evidence,0.0,-106,71515860,0.01665,,,0.0
23907,no_patoshi_evidence,0.0,745,375898433,0.08752,0.0711,0.097,0.0
23909,no_patoshi_evidence,0.0,-302,1308891,0.0003,,,0.0
23911,no_patoshi_evidence,0.0,84,32051211,0.00746,0.319,0.022,0.0
23957,no_patoshi_evidence,0.0,642,227901081,0.05306,0.5137,0.097,0.0
23971,unresolved,0.00184,1064,379300405,0.08831,0.0636,0.097,0.00018
23993,no_patoshi_evidence,0.0,-2886,308612561,0.07185,,,0.0
24068,unresolved,0.00184,-3599,2498611,0.00058,,,0.00184
24070,no_patoshi_evidence,0.00259,-3578,144102161,0.03355,,,0.00259
24071,no_patoshi_evidence,0.00259,59,26020251,0.00606,0.2679,0.023,6e-05
24074,no_patoshi_evidence,0.0,-3463,195988130,0.04563,,,0.0
24078,no_patoshi_evidence,0.0,-1986,720733827,0.16781,,,0.0
24081,no_patoshi_evidence,0.0,-3896,2459235,0.00057,,,0.0
24097,no_patoshi_evidence,2e-05,-216,20370173,0.00474,,,2e-05
24143,no_patoshi_evidence,0.0,-2892,458608443,0.10678,,,0.0
24157,no_patoshi_evidence,0.0,-2647,115816619,0.02697,,,0.0
24159,no_patoshi_evidence,0.0,-2521,291599951,0.06789,,,0.0
24176,no_patoshi_evidence,0.0,-3158,195434862,0.0455,,,0.0
24278,no_patoshi_evidence,0.0,1924,778452803,0.18125,0.1272,0.224,0.0
24292,no_patoshi_evidence,0.0,34,90462952,0.02106,0.0625,0.023,0.0
24313,no_patoshi_evidence,0.0,5350,732984078,0.17066,0.8542,0.752,0.0
24317,no_patoshi_evidence,0.0,384,118323431,0.02755,0.4973,0.054,0.0
24319,no_patoshi_evidence,0.0,3415,1543966409,0.35948,0.0,15.748,2e-05
24508,no_patoshi_evidence,0.0,1477,598364824,0.13932,0.2968,0.224,0.0
24518,no_patoshi_evidence,0.0,1696,748703917,0.17432,0.1446,0.224,0.0
24533,no_patoshi_evidence,0.0,1350,606446096,0.1412,0.2918,0.224,0.0
24536,no_patoshi_evidence,0.0,2582,55971050,0.01303,0.985,0.224,0.0
24551,no_patoshi_evidence,0.0,606,246836218,0.05747,0.4277,0.097,0.0
24553,no_patoshi_evidence,0.0,734,298257845,0.06944,0.2531,0.097,0.0
24556,no_patoshi_evidence,0.0,1178,207421397,0.04829,0.5935,0.097,0.0
24565,no_patoshi_evidence,0.0,379,153548754,0.03575,0.2575,0.054,0.0
24569,no_patoshi_evidence,0.0,2165,952500451,0.22177,0.0399,15.748,2e-05
24576,no_patoshi_evidence,0.0,576,312777288,0.07282,0.0041,18.981,2e-05
24577,no_patoshi_evidence,0.0,1641,596074745,0.13878,0.2993,0.224,0.0
24581,no_patoshi_evidence,0.0,614,329452235,0.07671,0.1546,0.097,0.0
24583,no_patoshi_evidence,0.0,1058,465618237,0.10841,0.01,18.159,2e-05
24586,no_patoshi_evidence,0.0,4017,1635001562,0.38068,0.4062,0.752,0.0
24594,unresolved,0.00184,2340,954821676,0.22231,0.0399,15.748,0.02821
24595,no_patoshi_evidence,0.00259,80,33584475,0.00782,0.2945,0.022,6e-05
24596,no_patoshi_evidence,0.0,930,369327705,0.08599,0.0848,0.097,0.0
24610,no_patoshi_evidence,0.0,121,100457889,0.02339,0.1608,0.033,0.0
24616,no_patoshi_evidence,0.0,3325,1380648509,0.32146,0.0,15.748,2e-05
24619,no_patoshi_evidence,0.0,4194,323314604,0.07528,0.9167,0.752,0.0
24620,no_patoshi_evidence,0.0,551,242611443,0.05649,0.0203,18.981,2e-05
24621,no_patoshi_evidence,0.0,1068,471298363,0.10973,0.0087,18.159,2e-05
24623,no_patoshi_evidence,0.0,300,53518017,0.01246,0.9024,0.054,0.0
24625,no_patoshi_evidence,0.0,1743,334462339,0.07787,0.7855,0.224,0.0
24627,no_patoshi_evidence,0.0,2422,430482860,0.10023,0.586,0.224,0.0
24630,no_patoshi_evidence,0.0,4382,407714879,0.09493,0.8958,0.752,0.0
24635,no_patoshi_evidence,0.0,3676,21007684,0.00489,0.9896,0.752,0.0
24636,no_patoshi_evidence,0.0,1076,475088115,0.11062,0.0075,18.159,2e-05
24640,no_patoshi_evidence,0.0,659,141203599,0.03288,0.8292,0.097,0.0
24641,no_patoshi_evidence,0.0,3926,141335496,0.03291,0.9688,0.752,0.0
24648,no_patoshi_evidence,0.0,1300,514394205,0.11977,0.4065,0.224,0.0
24652,no_patoshi_evidence,0.0,829,396057831,0.09221,0.0474,18.159,2e-05
24655,no_patoshi_evidence,0.0,393,215692921,0.05022,0.0542,0.054,0.0
24663,no_patoshi_evidence,0.0,5126,712695377,0.16594,0.8542,0.752,0.0
24667,no_patoshi_evidence,0.0,-22,45769109,0.01066,,,0.0
24669,no_patoshi_evidence,0.0,4371,328955816,0.07659,0.9167,0.752,0.0
24672,no_patoshi_evidence,0.0,4724,480407964,0.11185,0.8854,0.752,0.0
24674,no_patoshi_evidence,0.0,4044,189894106,0.04421,0.9479,0.752,0.0
24676,no_patoshi_evidence,0.0,1075,392992401,0.0915,0.0536,0.097,0.0
24677,no_patoshi_evidence,0.0,4377,329253046,0.07666,0.9167,0.752,0.0
24678,no_patoshi_evidence,0.0,-3385,72839301,0.01696,,,0.0
24679,no_patoshi_evidence,0.0,2022,833941619,0.19417,0.0873,0.224,0.0
24682,no_patoshi_evidence,0.0,4413,407322332,0.09484,0.8958,0.752,0.0
24683,no_patoshi_evidence,0.00259,-3025,184322794,0.04292,,,0.00259
24684,no_patoshi_evidence,0.0,223,87396688,0.02035,0.2261,0.033,0.0
24685,unresolved,0.00184,2232,712757559,0.16595,0.187,0.224,0.00041
24688,no_patoshi_evidence,0.0,4438,418347667,0.0974,0.8958,0.752,0.0
24692,no_patoshi_evidence,0.0,1116,461091179,0.10736,0.0125,18.159,2e-05
24697,unresolved,0.00184,3895,126386982,0.02943,0.9688,0.752,0.00138
24698,no_patoshi_evidence,0.00259,412,176108227,0.041,0.1612,0.054,0.00014
24709,no_patoshi_evidence,0.0,5478,802605738,0.18687,0.8333,0.752,0.0
24715,no_patoshi_evidence,0.0,5222,2163026591,0.50362,0.3021,0.752,0.0
24755,unresolved,1e-05,264,85915947,0.02,0.2403,0.033,0.0
24764,no_patoshi_evidence,0.0,439,175247439,0.0408,0.168,0.054,0.0
24765,no_patoshi_evidence,0.0,386,159346282,0.0371,0.2263,0.054,0.0
24774,no_patoshi_evidence,0.0,618,249123514,0.058,0.4202,0.097,0.0
24783,no_patoshi_evidence,0.0,1121,422691038,0.09842,0.0249,18.159,2e-05
24789,no_patoshi_evidence,0.0,562,212661426,0.04951,0.0556,0.054,0.0
24816,no_patoshi_evidence,0.0,1823,707163853,0.16465,0.1895,0.224,0.0
24817,no_patoshi_evidence,0.0,1801,697420658,0.16238,0.197,0.224,0.0
24823,no_patoshi_evidence,0.0,436,162332797,0.0378,0.2127,0.054,0.0
24844,no_patoshi_evidence,0.0,1352,275127476,0.06406,0.8429,0.224,0.0
24848,no_patoshi_evidence,0.0,846,343919986,0.08008,0.1297,0.097,0.0
24849,no_patoshi_evidence,0.0,988,388827646,0.09053,0.0536,0.097,0.0
24851,no_patoshi_evidence,0.0,251,96263331,0.02241,0.1749,0.033,0.0
24856,no_patoshi_evidence,0.0,871,342218692,0.07968,0.1334,0.097,0.0
24863,no_patoshi_evidence,0.0,2393,976923618,0.22746,0.0374,15.748,2e-05
24874,unresolved,0.00184,1334,525872932,0.12244,0.3766,0.224,0.00041
24875,no_patoshi_evidence,0.0,1295,526497274,0.12258,0.3766,0.224,0.0
24876,no_patoshi_evidence,0.0,3175,220747953,0.0514,0.9027,0.224,0.0
24880,unresolved,0.00184,1347,531058180,0.12365,0.3716,0.224,0.00041
24881,unresolved,0.00184,2025,801308960,0.18657,0.1097,0.224,0.00041
24884,unresolved,0.00184,418,69744423,0.01624,0.8374,0.054,0.0001
24899,no_patoshi_evidence,0.0,800,160732758,0.03742,0.788,0.097,0.0
24929,no_patoshi_evidence,0.0,1466,605724867,0.14103,0.2918,0.224,0.0
24941,unresolved,0.00184,207,80885794,0.01883,0.2721,0.033,6e-05
24943,no_patoshi_evidence,0.0,459,186886370,0.04351,0.122,0.054,0.0
25010,no_patoshi_evidence,0.00113,1267,684751552,0.15943,0.248,0.244,0.00028
25013,no_patoshi_evidence,0.00113,2886,1323858377,0.30823,0.0041,15.373,0.01709
25024,no_patoshi_evidence,1e-05,1994,211654599,0.04928,0.9451,0.244,0.0
25033,added_probable,0.93969,6255,2302231586,0.53603,0.0192,11.788,0.99458
25034,no_patoshi_evidence,0.00113,819,519760330,0.12102,0.0121,17.929,0.01988
25035,added_robust,0.93969,1486,2586843938,0.6023,0.0,15.373,0.99584
25036,added_robust,0.93969,1476,4648963,0.00108,0.998,0.244,0.79141
25037,no_patoshi_evidence,0.00113,1114,654052800,0.15228,0.0,17.929,0.01988
25039,added_robust,0.93969,690,2477591299,0.57686,0.0,17.929,0.99643
25040,added_robust,0.93969,592,1362399779,0.31721,0.0,18.935,0.99662
25044,added_robust,0.93969,1029,879634688,0.20481,0.0,17.929,0.99643
25045,no_patoshi_evidence,0.00113,359,310008303,0.07218,0.0015,18.935,0.02097
25048,unresolved,0.31519,1280,2570271778,0.59844,0.0,15.373,0.87617
25050,added_probable,0.93969,1174,3613094689,0.84124,0.0,17.929,0.99643
25056,no_patoshi_evidence,0.03697,47,21529616,0.00501,0.0965,0.006,0.00023
25058,no_patoshi_evidence,0.03697,22,10085701,0.00235,0.1153,0.003,0.00012
25060,no_patoshi_evidence,0.00113,-121,72432093,0.01686,,,0.00113
25072,no_patoshi_evidence,0.00113,2910,1218676322,0.28375,0.0081,15.373,0.01709
25075,no_patoshi_evidence,0.00113,834,367992980,0.08568,0.1741,0.109,0.00012
25082,unresolved,0.31519,1610,702669829,0.1636,0.2337,0.244,0.10078
25086,no_patoshi_evidence,0.00113,2183,961248185,0.22381,0.063,0.244,0.00028
25087,no_patoshi_evidence,0.00113,2551,1065515654,0.24808,0.0285,15.373,0.01709
25089,no_patoshi_evidence,0.0,509,41540512,0.00967,0.9718,0.056,0.0
25090,no_patoshi_evidence,0.00113,495,322426947,0.07507,0.001,18.935,0.02097
25092,unresolved,0.31519,311,129916450,0.03025,0.6255,0.056,0.02515
25096,no_patoshi_evidence,0.00113,365,89834767,0.02092,0.8826,0.056,6e-05
25100,no_patoshi_evidence,0.00113,732,297786978,0.06933,0.4033,0.109,0.00012
25103,no_patoshi_evidence,0.00113,1221,275093827,0.06405,0.9157,0.244,0.00028
25105,no_patoshi_evidence,0.00113,402,169900282,0.03956,0.3085,0.056,6e-05
25110,no_patoshi_evidence,0.00113,127,38831230,0.00904,0.8691,0.029,3e-05
25111,no_patoshi_evidence,0.00113,3464,1460180412,0.33997,0.0,15.373,0.01709
25112,no_patoshi_evidence,0.00113,1132,476392933,0.11092,0.0287,17.929,0.01988
25116,no_patoshi_evidence,0.00113,244,94216210,0.02194,0.1658,0.029,3e-05
25119,no_patoshi_evidence,0.00113,486,204144976,0.04753,0.1285,0.056,6e-05
25134,no_patoshi_evidence,0.0,761,64163732,0.01494,0.9763,0.109,0.0
25159,no_patoshi_evidence,0.00113,1441,282568388,0.06579,0.9075,0.244,0.00028
25162,no_patoshi_evidence,0.00113,626,161025251,0.03749,0.9069,0.109,0.00012
25178,no_patoshi_evidence,0.00113,157,56425598,0.01314,0.6329,0.029,3e-05
25182,unresolved,0.31519,151,45063941,0.01049,0.7953,0.029,0.013
25223,no_patoshi_evidence,0.00113,1187,427674573,0.09958,0.0683,0.109,0.00012
25227,no_patoshi_evidence,0.00113,2117,757119374,0.17628,0.187,0.244,0.00028
25230,unresolved,0.00162,251,62113046,0.01446,0.5468,0.029,5e-05
25233,no_patoshi_evidence,0.00113,520,155396802,0.03618,0.4108,0.056,6e-05
25235,no_patoshi_evidence,0.00113,167,106753481,0.02486,0.0856,0.029,3e-05
25239,no_patoshi_evidence,0.00113,1887,810665179,0.18875,0.1433,0.244,0.00028
25240,no_patoshi_evidence,0.0,271,64616337,0.01504,0.5153,0.029,0.0
25241,no_patoshi_evidence,0.0,1812,589074557,0.13715,0.3913,0.244,0.0
25243,no_patoshi_evidence,0.00113,1562,467780531,0.10891,0.6494,0.244,0.00028
25246,no_patoshi_evidence,0.00113,1629,606714748,0.14126,0.3598,0.244,0.00028
25252,no_patoshi_evidence,0.00113,673,241818939,0.0563,0.6518,0.109,0.00012
25256,no_patoshi_evidence,0.00113,314,116923819,0.02722,0.7319,0.056,6e-05
25259,unresolved,0.31519,4320,1553100843,0.36161,0.1346,0.432,0.16592
25261,no_patoshi_evidence,0.00113,1507,549944238,0.12804,0.4644,0.244,0.00028
25264,unresolved,0.31519,502,201366555,0.04688,0.1366,0.056,0.02515
25265,no_patoshi_evidence,0.00113,397,147923355,0.03444,0.4718,0.056,6e-05
25270,no_patoshi_evidence,0.00113,128,42388146,0.00987,0.8307,0.029,3e-05
25271,unresolved,0.31519,656,240035637,0.05589,0.6656,0.109,0.04778
25276,no_patoshi_evidence,0.00113,1573,479338061,0.1116,0.6189,0.244,0.00028
25279,unresolved,0.31519,925,243850245,0.05678,0.6424,0.109,0.04778
25285,unresolved,0.31519,272,97515563,0.0227,0.1427,0.029,0.013
25287,no_patoshi_evidence,0.00113,1057,327386290,0.07623,0.2882,0.109,0.00012
25289,no_patoshi_evidence,0.00113,619,277846479,0.06469,0.4804,0.109,0.00012
25291,no_patoshi_evidence,0.00113,95,36711696,0.00855,0.2203,0.012,1e-05
25293,no_patoshi_evidence,0.00113,112,38862940,0.00905,0.1627,0.012,1e-05
25296,no_patoshi_evidence,0.00113,1112,495529389,0.11537,0.0198,17.929,0.01988
25297,no_patoshi_evidence,0.00113,281,124984961,0.0291,0.0295,19.456,0.02154
25299,unresolved,0.31519,141,43575331,0.01015,0.8164,0.029,0.013
25300,no_patoshi_evidence,0.00113,1486,365547371,0.08511,0.8333,0.244,0.00028
25301,no_patoshi_evidence,0.00113,72,21935036,0.00511,0.7334,0.012,1e-05
25304,no_patoshi_evidence,0.00113,601,172003286,0.04005,0.8832,0.109,0.00012
25305,no_patoshi_evidence,0.00113,584,196104541,0.04566,0.1704,0.056,6e-05
25307,no_patoshi_evidence,0.00113,936,410041406,0.09547,0.0898,0.109,0.00012
25308,no_patoshi_evidence,0.00113,1269,578349134,0.13466,0.4075,0.244,0.00028
25310,no_patoshi_evidence,0.00113,772,230829901,0.05374,0.7058,0.109,0.00012
25311,no_patoshi_evidence,0.00113,116,39841726,0.00928,0.1439,0.012,1e-05
25312,no_patoshi_evidence,0.00113,284,88753913,0.02066,0.2106,0.029,3e-05
25313,no_patoshi_evidence,0.00113,1167,399102092,0.09292,0.1107,0.109,0.00012
25314,no_patoshi_evidence,0.00113,104,36218598,0.00843,0.2303,0.012,1e-05
25315,no_patoshi_evidence,0.00113,769,306867812,0.07145,0.3675,0.109,0.00012
25318,no_patoshi_evidence,0.00113,252,116727131,0.02718,0.0502,0.029,3e-05
25320,no_patoshi_evidence,0.00113,240,85833677,0.01998,0.2343,0.029,3e-05
25321,no_patoshi_evidence,0.00113,894,357842614,0.08332,0.2006,0.109,0.00012
25325,unresolved,0.31519,2716,957214723,0.22287,0.0681,0.244,0.10078
25327,no_patoshi_evidence,0.00113,514,229252715,0.05338,0.0494,18.935,0.02097
25331,unresolved,0.31519,742,336896263,0.07844,0.254,0.109,0.04778
25332,no_patoshi_evidence,0.00113,75,30072147,0.007,0.4293,0.012,1e-05
25334,no_patoshi_evidence,0.00113,1592,691956689,0.16111,0.2398,0.244,0.00028
25336,no_patoshi_evidence,0.00113,106,36137195,0.00841,0.234,0.012,1e-05
25337,no_patoshi_evidence,0.03697,1301,349850364,0.08146,0.8496,0.244,0.00926
25338,no_patoshi_evidence,0.00113,58,17151158,0.00399,0.2424,0.006,1e-05
25339,unresolved,0.31519,786,229837872,0.05351,0.7096,0.109,0.04778
25340,no_patoshi_evidence,0.00113,2617,1139765692,0.26537,0.0152,15.373,0.01709
25342,no_patoshi_evidence,0.00113,4742,1619392905,0.37704,0.1154,0.432,0.00049
25346,no_patoshi_evidence,0.00113,1815,649560288,0.15124,0.2988,0.244,0.00028
25347,no_patoshi_evidence,0.00113,1156,310320321,0.07225,0.3554,0.109,0.00012
25350,no_patoshi_evidence,0.00113,402,170588638,0.03972,0.307,0.056,6e-05
25351,no_patoshi_evidence,0.00113,693,312528480,0.07277,0.3493,0.109,0.00012
25353,no_patoshi_evidence,0.00113,860,290739110,0.06769,0.4292,0.109,0.00012
25355,no_patoshi_evidence,0.00113,703,304583061,0.07092,0.3747,0.109,0.00012
25357,no_patoshi_evidence,0.00113,695,216554312,0.05042,0.7686,0.109,0.00012
25359,no_patoshi_evidence,0.00113,103,50504770,0.01176,0.0401,19.776,0.02188
25360,no_patoshi_evidence,0.00113,323,73347409,0.01708,0.9274,0.056,6e-05
25362,no_patoshi_evidence,0.00113,34,13854201,0.00323,0.4565,0.006,1e-05
25364,unresolved,0.31519,57,17122865,0.00399,0.2447,0.006,0.00277
25367,no_patoshi_evidence,0.03697,264,106392976,0.02477,0.0856,0.029,0.0011
25369,no_patoshi_evidence,0.03697,737,262198388,0.06105,0.5576,0.109,0.00417
25371,no_patoshi_evidence,0.03697,737,241666382,0.05627,0.6534,0.109,0.00417
25372,no_patoshi_evidence,0.03697,139,39750479,0.00926,0.8597,0.029,0.0011
25374,added_probable,0.93969,189,58569519,0.01364,0.5999,0.029,0.30835
25376,no_patoshi_evidence,0.03697,668,238831846,0.05561,0.6733,0.109,0.00417
25377,no_patoshi_evidence,0.03697,300,79387372,0.01848,0.9123,0.056,0.00215
25378,no_patoshi_evidence,0.00113,698,277147989,0.06453,0.4843,0.109,0.00012
25380,no_patoshi_evidence,0.03697,944,253542728,0.05903,0.5967,0.109,0.00417
25381,unresolved,0.31519,346,149368370,0.03478,0.4597,0.056,0.02515
25383,unresolved,0.31519,503,190381625,0.04433,0.193,0.056,0.02515
25384,no_patoshi_evidence,0.03697,1116,504629965,0.11749,0.0154,17.929,0.40768
25387,added_probable,0.93969,467,207407904,0.04829,0.1139,0.056,0.46617
25388,added_probable,0.93969,939,374014776,0.08708,0.162,0.109,0.62943
25390,no_patoshi_evidence,0.03697,-13,20559420,0.00479,,,0.03697
25392,no_patoshi_evidence,0.00014,131,42227067,0.00983,0.8327,0.029,0.0
25394,no_patoshi_evidence,0.00113,1675,438756240,0.10216,0.6961,0.244,0.00028
25396,no_patoshi_evidence,0.00113,98,40573346,0.00945,0.1327,0.012,1e-05
25398,no_patoshi_evidence,0.00113,67,15696287,0.00365,0.8824,0.012,1e-05
25401,no_patoshi_evidence,0.00113,1822,15138482,0.00352,0.998,0.244,0.00028
25405,no_patoshi_evidence,0.00113,225,102057155,0.02376,0.1078,0.029,3e-05
25407,no_patoshi_evidence,0.00113,673,298019141,0.06939,0.4033,0.109,0.00012
25411,no_patoshi_evidence,0.00113,1847,831225556,0.19353,0.1311,0.244,0.00028
25416,no_patoshi_evidence,0.00113,1025,344789668,0.08028,0.2342,0.109,0.00012
25417,no_patoshi_evidence,0.00113,690,180859487,0.04211,0.8634,0.109,0.00012
25418,no_patoshi_evidence,0.00113,9,4319999,0.00101,0.5202,0.003,0.0
25419,no_patoshi_evidence,0.00113,467,135541498,0.03156,0.5756,0.056,6e-05
25422,no_patoshi_evidence,0.00113,335,106882012,0.02489,0.7969,0.056,6e-05
25423,no_patoshi_evidence,0.00113,351,85338315,0.01987,0.8967,0.056,6e-05
25428,unresolved,0.31519,167,24098837,0.00561,0.9596,0.029,0.013
25430,added_probable,0.93969,593,269693225,0.06279,0.0076,18.935,0.99662
25431,no_patoshi_evidence,0.03697,421,125487072,0.02922,0.6588,0.056,0.00215
25435,no_patoshi_evidence,0.00113,1130,451293588,0.10507,0.0452,17.929,0.01988
25437,no_patoshi_evidence,0.00113,2290,918250074,0.2138,0.0783,0.244,0.00028
25442,no_patoshi_evidence,0.00113,2718,1227176932,0.28572,0.0081,15.373,0.01709
25444,no_patoshi_evidence,0.00113,638,294086065,0.06847,0.4154,0.109,0.00012
25448,no_patoshi_evidence,0.00113,1812,819833697,0.19088,0.1362,0.244,0.00028
25451,unresolved,0.31519,570,215589140,0.0502,0.0872,0.056,0.02515
25458,no_patoshi_evidence,0.00113,360,20881785,0.00486,0.9919,0.056,6e-05
25473,unresolved,0.31519,581,57980727,0.0135,0.9551,0.056,0.02515
25474,no_patoshi_evidence,0.03697,639,398960060,0.09289,0.1107,0.109,0.00417
25479,no_patoshi_evidence,0.00113,1516,392280916,0.09134,0.7917,0.244,0.00028
25480,no_patoshi_evidence,0.00113,1189,433103205,0.10084,0.0628,0.109,0.00012
25490,no_patoshi_evidence,0.00113,1340,324306781,0.07551,0.874,0.244,0.00028
25497,no_patoshi_evidence,0.00113,927,378205299,0.08806,0.1504,0.109,0.00012
25502,no_patoshi_evidence,0.00113,263,77569260,0.01806,0.3332,0.029,3e-05
25503,no_patoshi_evidence,0.00113,1163,325115658,0.0757,0.2948,0.109,0.00012
25508,unresolved,0.31519,693,281118505,0.06545,0.4661,0.109,0.04778
25516,no_patoshi_evidence,0.00113,514,55918537,0.01302,0.9582,0.056,6e-05
25523,no_patoshi_evidence,0.00113,1069,255009186,0.05937,0.5884,0.109,0.00012
25524,no_patoshi_evidence,0.00113,77,164671820,0.03834,0.0,19.776,0.02188
25525,no_patoshi_evidence,0.00113,1352,398541926,0.09279,0.7846,0.244,0.00028
25529,unresolved,0.31519,1764,493332764,0.11486,0.5976,0.244,0.10078
25530,unresolved,0.31519,2701,768351236,0.1789,0.1758,0.244,0.10078
25532,no_patoshi_evidence,0.03697,169,46116952,0.01074,0.7771,0.029,0.0011
25534,no_patoshi_evidence,0.00113,1485,331184735,0.07711,0.8669,0.244,0.00028
25537,unresolved,0.31519,918,252109064,0.0587,0.6039,0.109,0.04778
25541,no_patoshi_evidence,0.0,972,245894896,0.05725,0.6353,0.109,0.0
25546,no_patoshi_evidence,0.00113,1178,455676324,0.1061,0.043,17.929,0.01988
25547,no_patoshi_evidence,0.00113,1554,431231162,0.1004,0.7104,0.244,0.00028
25551,no_patoshi_evidence,0.00113,327,128905848,0.03001,0.6305,0.056,6e-05
25555,no_patoshi_evidence,0.00113,1983,602794926,0.14035,0.3648,0.244,0.00028
25559,no_patoshi_evidence,0.00113,1545,629569985,0.14658,0.3272,0.244,0.00028
25564,no_patoshi_evidence,0.0,500,165111130,0.03844,0.3347,0.056,0.0
25566,unresolved,0.00162,336,36621857,0.00853,0.9788,0.056,9e-05
25579,unresolved,0.31519,1106,300509208,0.06997,0.3961,0.109,0.04778
25580,no_patoshi_evidence,0.00113,1389,368889854,0.08589,0.8272,0.244,0.00028
25585,no_patoshi_evidence,0.00113,905,369196432,0.08596,0.1713,0.109,0.00012
25587,no_patoshi_evidence,0.03697,1203,251921005,0.05865,0.9278,0.244,0.00926
25588,no_patoshi_evidence,0.00113,-283,17164537,0.004,,,0.00113
25591,no_patoshi_evidence,0.00113,541,176697872,0.04114,0.2636,0.056,6e-05
25592,no_patoshi_evidence,0.03697,638,104178575,0.02426,0.9559,0.109,0.00417
25601,no_patoshi_evidence,0.00113,1490,407828083,0.09495,0.7622,0.244,0.00028
25602,added_probable,0.93969,2286,1079634463,0.25137,0.0244,15.373,0.99584
25603,no_patoshi_evidence,0.00113,512,148839494,0.03465,0.4647,0.056,6e-05
25609,unresolved,0.31519,122,40845872,0.00951,0.845,0.029,0.013
25610,no_patoshi_evidence,0.00113,777,213649879,0.04974,0.7791,0.109,0.00012
25615,unresolved,0.31519,114,50017280,0.01165,0.0401,19.776,0.90101
25617,no_patoshi_evidence,0.0018,418,171950024,0.04004,0.2969,0.056,0.0001
25625,no_patoshi_evidence,0.00113,407,21551806,0.00502,0.9914,0.056,6e-05
25629,no_patoshi_evidence,0.00113,1721,329979033,0.07683,0.8669,0.244,0.00028
25631,no_patoshi_evidence,0.00113,345,121430966,0.02827,0.6935,0.056,6e-05
25638,no_patoshi_evidence,0.00113,1394,353832176,0.08238,0.8476,0.244,0.00028
25651,no_patoshi_evidence,0.0018,1932,493158998,0.11482,0.5976,0.244,0.00044
25654,unresolved,0.31519,193,3253669889,0.75755,0.0,19.456,0.89955
25655,added_probable,0.93969,368,1342584860,0.31259,0.0,18.935,0.99662
25658,unresolved,0.31519,924,2114057248,0.49222,0.0,17.929,0.89191
25667,unresolved,0.31519,1796,1632194837,0.38002,0.0,15.373,0.87617
25673,added_probable,0.93969,163,1927006748,0.44867,0.0,19.456,0.99671
25674,no_patoshi_evidence,0.03697,1379,313076096,0.07289,0.8862,0.244,0.00926
25677,added_probable,0.93969,541,176695844,0.04114,0.2636,0.056,0.46617
25678,no_patoshi_evidence,0.00113,427,18674921,0.00435,0.9929,0.056,6e-05
25679,added_probable,0.93969,251,3547287067,0.82592,0.0,19.456,0.99671
25681,added_robust,0.93969,4718,722003205,0.1681,0.6538,0.432,0.8707
25682,no_patoshi_evidence,0.0,782,105702118,0.02461,0.9548,0.109,0.0
25683,no_patoshi_evidence,0.00113,1224,344727371,0.08026,0.8557,0.244,0.00028
25686,added_robust,0.93969,2312,2887460116,0.67229,0.0,15.373,0.99584
25688,added_robust,0.93969,1844,3722626593,0.86674,0.0,15.373,0.99584
25692,added_probable,0.93969,1688,2249028899,0.52364,0.0,15.373,0.99584
25694,added_probable,0.93969,1081,931789851,0.21695,0.0,17.929,0.99643
25696,unresolved,0.31519,497,137279265,0.03196,0.56,0.056,0.02515
25697,added_probable,0.93969,835,3573998621,0.83214,0.0,17.929,0.99643
25698,no_patoshi_evidence,0.00113,99,22592477,0.00526,0.7146,0.012,1e-05
25699,no_patoshi_evidence,0.00113,2693,829140170,0.19305,0.1331,0.244,0.00028
25704,added_robust,0.93969,140,1899912709,0.44236,0.0,19.456,0.99671
25708,unresolved,0.31519,153,1512319511,0.35211,0.0,19.456,0.89955
25710,no_patoshi_evidence,0.00113,61,15108065,0.00352,0.8899,0.012,1e-05
25711,unresolved,0.31519,533,3231256341,0.75234,0.0,18.935,0.89707
25713,unresolved,0.31519,3669,1024266242,0.23848,0.5962,0.432,0.16592
25714,added_probable,0.93969,579,1363356930,0.31743,0.0,18.935,0.99662
25718,no_patoshi_evidence,0.00113,440,180631474,0.04206,0.2445,0.056,6e-05
25719,no_patoshi_evidence,0.0,1160,272817596,0.06352,0.5063,0.109,0.0
25720,no_patoshi_evidence,0.00113,1123,276212056,0.06431,0.4876,0.109,0.00012
25723,no_patoshi_evidence,0.00113,140,34195385,0.00796,0.9144,0.029,3e-05
25724,added_probable,0.93969,303,2315543331,0.53913,0.0,18.935,0.99662
25727,added_robust,0.93969,1350,3516893472,0.81884,0.0,15.373,0.99584
25730,added_robust,0.93969,149,3589444646,0.83573,0.0,19.456,0.99671
25732,added_probable,0.93969,1679,2287886876,0.53269,0.0,15.373,0.99584
25735,unresolved,0.42261,82,1461736733,0.34034,0.0,19.776,0.93538
25740,no_patoshi_evidence,0.0018,9485,2562568165,0.59664,0.0192,11.788,0.02081
25754,no_patoshi_evidence,0.0018,43,12030346,0.0028,0.6165,0.006,1e-05
25758,no_patoshi_evidence,0.0018,1908,511984621,0.11921,0.5569,0.244,0.00044
25766,no_patoshi_evidence,0.0018,360,135865802,0.03163,0.5711,0.056,0.0001
25768,no_patoshi_evidence,0.0018,2310,653449605,0.15214,0.2896,0.244,0.00044
25771,no_patoshi_evidence,0.0018,-40,1158212,0.00027,,,0.0018
25776,no_patoshi_evidence,0.0018,1854,494619354,0.11516,0.5915,0.244,0.00044
25779,no_patoshi_evidence,0.0018,2935,831318671,0.19356,0.1311,0.244,0.00044
25781,no_patoshi_evidence,0.0018,333,101510021,0.02363,0.8306,0.056,0.0001
25785,no_patoshi_evidence,0.0018,113,33876149,0.00789,0.3141,0.012,2e-05
25790,unresolved,0.42261,1179,278542343,0.06485,0.4766,0.109,0.0739
25792,no_patoshi_evidence,0.0018,458,172920044,0.04026,0.2908,0.056,0.0001
25794,no_patoshi_evidence,0.0018,445,153896716,0.03583,0.4199,0.056,0.0001
25815,no_patoshi_evidence,0.03697,361,129665398,0.03019,0.6275,0.056,0.00215
25817,added_probable,0.93969,1490,3023033620,0.70385,0.0,15.373,0.99584
25819,no_patoshi_evidence,0.03697,631,228191323,0.05313,0.7152,0.109,0.00417
25820,no_patoshi_evidence,0.03697,1747,632640380,0.1473,0.3232,0.244,0.00926
25823,unresolved,0.31519,924,3270566663,0.76149,0.0,17.929,0.89191
25828,no_patoshi_evidence,0.00113,284,92050509,0.02143,0.1821,0.029,3e-05
25837,unresolved,0.31519,162,56217634,0.01309,0.6348,0.029,0.013
25842,no_patoshi_evidence,0.03697,1234,442107511,0.10294,0.687,0.244,0.00926
25843,no_patoshi_evidence,0.00113,257,93104010,0.02168,0.1732,0.029,3e-05
25847,no_patoshi_evidence,0.00113,487,177941159,0.04143,0.2581,0.056,6e-05
25853,no_patoshi_evidence,0.00113,1246,443865776,0.10335,0.685,0.244,0.00028
25876,no_patoshi_evidence,0.00113,1722,255948443,0.05959,0.9258,0.244,0.00028
25878,no_patoshi_evidence,0.00113,38,8229962,0.00192,0.8165,0.006,1e-05
25894,no_patoshi_evidence,0.00113,310,65513625,0.01525,0.9441,0.056,6e-05
25897,no_patoshi_evidence,0.00113,107,31555289,0.00735,0.3855,0.012,1e-05
25899,no_patoshi_evidence,0.00113,925,287027064,0.06683,0.4446,0.109,0.00012
25908,no_patoshi_evidence,0.00113,1052,248939074,0.05796,0.6171,0.109,0.00012
25914,no_patoshi_evidence,0.0,667,214677700,0.04998,0.7752,0.109,0.0
25949,no_patoshi_evidence,0.00113,3387,388587137,0.09047,0.8039,0.244,0.00028
25954,no_patoshi_evidence,0.00113,1645,146925822,0.03421,0.9665,0.244,0.00028
25956,no_patoshi_evidence,0.00113,518,132789656,0.03092,0.6038,0.056,6e-05
25957,no_patoshi_evidence,0.00113,1718,301780693,0.07026,0.8943,0.244,0.00028
25970,no_patoshi_evidence,0.0,333,81685227,0.01902,0.9073,0.056,0.0
25982,no_patoshi_evidence,0.0,1096,450279669,0.10484,0.0452,17.929,2e-05
26032,no_patoshi_evidence,0.00113,922,99233778,0.0231,0.9587,0.109,0.00012
26119,no_patoshi_evidence,0.00113,495,51676487,0.01203,0.9617,0.056,6e-05
26137,no_patoshi_evidence,0.00113,4101,213053571,0.04961,0.7692,0.432,0.00049
26164,no_patoshi_evidence,0.00113,1279,300944345,0.07007,0.8953,0.244,0.00028
26204,no_patoshi_evidence,0.0018,3797,401122215,0.09339,0.7115,0.432,0.00078
26210,no_patoshi_evidence,0.0018,1769,191974552,0.0447,0.9522,0.244,0.00044
26241,no_patoshi_evidence,0.0018,2173,395489254,0.09208,0.7866,0.244,0.00044
26250,no_patoshi_evidence,0.0018,2031,732596874,0.17057,0.2134,0.244,0.00044
26315,no_patoshi_evidence,0.00113,493,148244839,0.03452,0.4688,0.056,6e-05
26323,no_patoshi_evidence,0.00113,368,107194856,0.02496,0.7949,0.056,6e-05
26335,unresolved,0.42261,626,4251348503,0.98984,0.0,17.929,0.92919
26341,added_robust,0.93969,7,1918348293,0.44665,0.0,19.942,0.99679
26348,unresolved,0.31519,626,171255093,0.03987,0.8848,0.109,0.04778
26353,no_patoshi_evidence,0.00113,304,76482916,0.01781,0.9244,0.056,6e-05
26356,no_patoshi_evidence,0.00113,286,73348586,0.01708,0.3834,0.029,3e-05
26363,no_patoshi_evidence,0.00113,1122,314002761,0.07311,0.3416,0.109,0.00012
26372,no_patoshi_evidence,0.00113,230,55736404,0.01298,0.6422,0.029,3e-05
26373,no_patoshi_evidence,0.00113,562,157244111,0.03661,0.3972,0.056,6e-05
26384,no_patoshi_evidence,0.0,3258,121893309,0.02838,0.9766,0.244,0.0
26385,no_patoshi_evidence,0.00113,2071,608149458,0.1416,0.3587,0.244,0.00028
26390,no_patoshi_evidence,0.00113,851,252771475,0.05885,0.6,0.109,0.00012
26399,no_patoshi_evidence,0.00113,1729,486546575,0.11328,0.6057,0.244,0.00028
26403,unresolved,0.31519,2984,840960028,0.1958,0.126,0.244,0.10078
26407,added_probable,0.93969,447,129815335,0.03022,0.6265,0.056,0.46617
26413,unresolved,0.31519,511,140663347,0.03275,0.5328,0.056,0.02515
26414,no_patoshi_evidence,0.03697,617,171074830,0.03983,0.8848,0.109,0.00417
26461,no_patoshi_evidence,0.00113,1977,570537787,0.13284,0.4217,0.244,0.00028
26472,no_patoshi_evidence,0.00113,1141,314159559,0.07315,0.341,0.109,0.00012
26484,no_patoshi_evidence,0.00113,74,28012674,0.00652,0.4956,0.012,1e-05
26485,no_patoshi_evidence,0.00113,1786,295868258,0.06889,0.8994,0.244,0.00028
26496,no_patoshi_evidence,0.00113,603,178590713,0.04158,0.8656,0.109,0.00012
26508,no_patoshi_evidence,0.00113,1430,114439779,0.02665,0.9776,0.244,0.00028
26509,no_patoshi_evidence,0.00113,550,159095120,0.03704,0.3816,0.056,6e-05
26515,no_patoshi_evidence,0.00113,549,159834695,0.03721,0.375,0.056,6e-05
26547,no_patoshi_evidence,0.00113,208,55488101,0.01292,0.6457,0.029,3e-05
26581,no_patoshi_evidence,0.00113,1702,499199202,0.11623,0.5833,0.244,0.00028
26591,no_patoshi_evidence,0.00113,660,191252217,0.04453,0.8369,0.109,0.00012
26595,unresolved,0.42261,2127,718099226,0.1672,0.2287,0.244,0.15127
26596,no_patoshi_evidence,0.00113,3325,972941405,0.22653,0.061,0.244,0.00028
26597,no_patoshi_evidence,0.00113,959,282720699,0.06583,0.4606,0.109,0.00012
26601,added_robust,0.93969,277,335109144,0.07802,0.0,19.456,0.99671
26614,unresolved,0.31519,2103,598615834,0.13938,0.3689,0.244,0.10078
26616,no_patoshi_evidence,0.03697,325,92594658,0.02156,0.8705,0.056,0.00215
26621,unresolved,0.31519,953,269687315,0.06279,0.5196,0.109,0.04778
26625,no_patoshi_evidence,0.0,2682,965785284,0.22486,0.062,0.244,0.0
26626,no_patoshi_evidence,0.00113,76,20506618,0.00477,0.766,0.012,1e-05
26641,no_patoshi_evidence,0.00113,1278,365876449,0.08519,0.8313,0.244,0.00028
26652,no_patoshi_evidence,0.00113,892,394765231,0.09191,0.1207,0.109,0.00012
26658,unresolved,0.31519,555,160753692,0.03743,0.3679,0.056,0.02515
26660,added_robust,0.93969,2160,472175111,0.10994,0.6362,0.244,0.79141
26661,no_patoshi_evidence,0.00113,4788,1974691944,0.45977,0.0192,11.788,0.01316
26662,added_probable,0.93969,557,1348371977,0.31394,0.0,18.935,0.99662
26663,added_robust,0.93969,2280,1384249113,0.3223,0.002,15.373,0.99584
26665,no_patoshi_evidence,0.0,923,34539972,0.00804,0.9901,0.109,0.0
26666,no_patoshi_evidence,0.00113,178,40524712,0.00944,0.8509,0.029,3e-05
26667,added_robust,0.93969,127,745677076,0.17362,0.0,19.456,0.99671
26668,added_probable,0.93969,3381,1721623552,0.40085,0.0,15.373,0.99584
26669,no_patoshi_evidence,0.00113,784,332645785,0.07745,0.2727,0.109,0.00012
26671,added_probable,0.93969,279,2719685124,0.63323,0.0,19.456,0.99671
26673,no_patoshi_evidence,0.03697,443,130538173,0.03039,0.624,0.056,0.00215
26675,no_patoshi_evidence,0.03697,1727,512896109,0.11942,0.5518,0.244,0.00926
26677,added_robust,0.93969,451,422873090,0.09846,0.0,18.935,0.99662
26680,added_probable,0.93969,539,1138387994,0.26505,0.0,18.935,0.99662
26681,no_patoshi_evidence,0.00113,556,155930315,0.03631,0.4057,0.056,6e-05
26683,added_probable,0.93969,1023,3516758297,0.81881,0.0,17.929,0.99643
26686,no_patoshi_evidence,0.00113,2801,1115683161,0.25977,0.0183,15.373,0.01709
26688,no_patoshi_evidence,0.00113,2688,1113563722,0.25927,0.0183,15.373,0.01709
26697,no_patoshi_evidence,0.00113,522,142452196,0.03317,0.5151,0.056,6e-05
26702,no_patoshi_evidence,0.00113,1922,800023250,0.18627,0.1524,0.244,0.00028
26703,no_patoshi_evidence,0.00113,1470,421139725,0.09805,0.7409,0.244,0.00028
26714,no_patoshi_evidence,0.00113,573,234037710,0.05449,0.0393,18.935,0.02097
26737,no_patoshi_evidence,0.00113,373,106861000,0.02488,0.7969,0.056,6e-05
26740,unresolved,0.05211,1580,296400174,0.06901,0.8994,0.244,0.01321
26749,no_patoshi_evidence,0.00113,2063,568491209,0.13236,0.4248,0.244,0.00028
26755,no_patoshi_evidence,0.00113,1195,349033905,0.08127,0.227,0.109,0.00012
26786,unresolved,0.31519,1107,319931172,0.07449,0.3174,0.109,0.04778
26790,no_patoshi_evidence,0.00113,759,225225154,0.05244,0.7262,0.109,0.00012
26796,unresolved,0.31519,924,3099823368,0.72173,0.0,17.929,0.89191
26801,unresolved,0.31519,157,46198051,0.01076,0.7756,0.029,0.013
26802,no_patoshi_evidence,0.00113,495,138988501,0.03236,0.5469,0.056,6e-05
26808,no_patoshi_evidence,0.00113,705,193125630,0.04497,0.832,0.109,0.00012
26812,no_patoshi_evidence,0.00113,563,142978737,0.03329,0.5106,0.056,6e-05
26815,unresolved,0.42261,135,2798503708,0.65158,0.0,19.456,0.93439
26817,added_probable,0.93969,1266,2381901573,0.55458,0.0,15.373,0.99584
26819,unresolved,0.31519,1118,4214478341,0.98126,0.0,17.929,0.89191
26822,added_probable,0.93969,1431,99438593,0.02315,0.9817,0.244,0.79141
26823,added_probable,0.93969,2193,3948361736,0.9193,0.0,15.373,0.99584
26824,unresolved,0.31519,5190,211255831,0.04919,0.7692,0.432,0.16592
26825,no_patoshi_evidence,0.00113,4062,1134948329,0.26425,0.5385,0.432,0.00049
26828,added_robust,0.93969,643,1834300167,0.42708,0.0,17.929,0.99643
26829,no_patoshi_evidence,0.00113,3090,725872751,0.16901,0.2185,0.244,0.00028
26830,no_patoshi_evidence,0.00113,123,32889259,0.00766,0.9193,0.029,3e-05
26834,added_robust,0.93969,26,240549893,0.05601,0.0,19.942,0.99679
26836,no_patoshi_evidence,0.00113,816,215255753,0.05012,0.7725,0.109,0.00012
26837,added_probable,0.93969,851,2289141782,0.53298,0.0,17.929,0.99643
26840,added_probable,0.93969,3517,2707183127,0.63032,0.0,15.373,0.99584
26849,no_patoshi_evidence,0.00113,1389,286979431,0.06682,0.9024,0.244,0.00028
26855,unresolved,0.31519,2925,689393721,0.16051,0.2449,0.244,0.10078
26859,no_patoshi_evidence,0.0018,1436,310010444,0.07218,0.8913,0.244,0.00044
26864,no_patoshi_evidence,1e-05,319,155785156,0.03627,0.4078,0.056,0.0
26866,unresolved,0.42261,2305,418560026,0.09745,0.7449,0.244,0.15127
26870,no_patoshi_evidence,0.03697,1575,373172621,0.08689,0.8191,0.244,0.00926
26871,no_patoshi_evidence,0.03697,875,208342970,0.04851,0.7972,0.109,0.00417
26872,unresolved,0.31519,689,1647216150,0.38352,0.0,17.929,0.89191
26873,added_robust,0.93969,6794,255123484,0.0594,0.7692,0.432,0.8707
26875,added_probable,0.93969,628,4257481238,0.99127,0.0,17.929,0.99643
26877,no_patoshi_evidence,0.00113,64,18553869,0.00432,0.821,0.012,1e-05
26878,unresolved,0.31519,708,51585330,0.01201,0.9824,0.109,0.04778
26879,added_probable,0.93969,3716,2705208839,0.62986,0.0192,11.788,0.99458
26881,unresolved,0.31519,998,3877722393,0.90285,0.0,17.929,0.89191
26884,added_probable,0.93969,1096,667462919,0.15541,0.0,17.929,0.99643
26885,unresolved,0.31519,488,2202639130,0.51284,0.0,18.935,0.89707
26886,added_robust,0.93969,4515,1276612613,0.29723,0.4231,0.432,0.8707
26888,no_patoshi_evidence,0.00113,1188,85021866,0.0198,0.9658,0.109,0.00012
26889,added_robust,0.93969,707,1908327168,0.44432,0.0,17.929,0.99643
26890,added_robust,0.93969,811,2134503169,0.49698,0.0,17.929,0.99643
26893,added_probable,0.93969,884,3791549723,0.88279,0.0,17.929,0.99643
26894,added_robust,0.93969,3744,1717625858,0.39992,0.0962,0.432,0.8707
26898,added_probable,0.93969,154,2779431449,0.64714,0.0,19.456,0.99671
26899,added_probable,0.93969,1164,2796551707,0.65112,0.0,17.929,0.99643
26900,added_probable,0.93969,996,3085994496,0.71851,0.0,17.929,0.99643
26902,added_probable,0.93969,1967,2476860162,0.57669,0.0,15.373,0.99584
26906,unresolved,0.31519,3723,24409113,0.00568,0.9615,0.432,0.16592
26909,added_robust,0.93969,499,2050225154,0.47736,0.0,18.935,0.99662
26915,no_patoshi_evidence,0.00113,1895,339116026,0.07896,0.8628,0.244,0.00028
26920,unresolved,0.00162,2887,482827548,0.11242,0.6118,0.244,0.00039
26947,unresolved,0.31519,237,21277750,0.00495,0.9695,0.029,0.013
26975,no_patoshi_evidence,0.00113,1173,102899031,0.02396,0.9565,0.109,0.00012
26996,no_patoshi_evidence,0.00113,888,361859981,0.08425,0.1923,0.109,0.00012
27003,no_patoshi_evidence,0.00113,2929,1209184176,0.28154,0.0091,15.373,0.01709
27013,no_patoshi_evidence,0.00113,247,98843985,0.02301,0.1329,0.029,3e-05
27015,no_patoshi_evidence,0.00113,145,58885116,0.01371,0.594,0.029,3e-05
27028,no_patoshi_evidence,0.0,1483,286884863,0.0668,0.9024,0.244,0.0
27041,no_patoshi_evidence,0.00113,2408,990327950,0.23058,0.0539,0.244,0.00028
27044,no_patoshi_evidence,0.00113,686,283227002,0.06594,0.4584,0.109,0.00012
27061,no_patoshi_evidence,0.00113,2625,1120356923,0.26085,0.0173,15.373,0.01709
27063,no_patoshi_evidence,0.00113,1208,185356981,0.04316,0.9553,0.244,0.00028
27072,no_patoshi_evidence,0.00113,1051,446262129,0.1039,0.049,17.929,0.01988
27083,no_patoshi_evidence,0.00113,703,283121907,0.06592,0.459,0.109,0.00012
27108,unresolved,0.31519,148,54934556,0.01279,0.6545,0.029,0.013
27111,no_patoshi_evidence,0.00113,1602,587508218,0.13679,0.3933,0.244,0.00028
27113,no_patoshi_evidence,0.03697,491,176194047,0.04102,0.2656,0.056,0.00215
27117,unresolved,0.31519,28,4846901,0.00113,0.4735,0.003,0.00139
27123,unresolved,0.31519,1971,836131352,0.19468,0.1291,0.244,0.10078
27134,unresolved,0.31519,829,301898519,0.07029,0.3868,0.109,0.04778
27141,no_patoshi_evidence,0.00113,1587,688078472,0.16021,0.247,0.244,0.00028
27153,no_patoshi_evidence,0.00113,28,4292086,0.001,0.5202,0.003,0.0
27154,unresolved,0.31519,705,323834682,0.0754,0.3003,0.109,0.04778
27155,no_patoshi_evidence,0.03697,395,168636512,0.03926,0.315,0.056,0.00215
27160,no_patoshi_evidence,0.00113,1382,507742940,0.11822,0.564,0.244,0.00028
27161,no_patoshi_evidence,0.0,1321,440532118,0.10257,0.69,0.244,0.0
27165,no_patoshi_evidence,0.00113,51,10161405,0.00237,0.7529,0.006,1e-05
27169,no_patoshi_evidence,0.00113,341,119368902,0.02779,0.7122,0.056,6e-05
27178,no_patoshi_evidence,0.00113,5,11899591,0.00277,0.0561,0.003,0.0
27181,no_patoshi_evidence,0.00113,2586,949282033,0.22102,0.0711,0.244,0.00028
27187,no_patoshi_evidence,0.00113,1075,466815225,0.10869,0.0342,17.929,0.01988
27188,unresolved,0.31519,577,246528801,0.0574,0.0252,18.935,0.89707
27202,no_patoshi_evidence,0.00113,1317,248270537,0.0578,0.9299,0.244,0.00028
27204,no_patoshi_evidence,0.00113,63,36112059,0.00841,0.234,0.012,1e-05
27216,no_patoshi_evidence,0.00113,563,215268603,0.05012,0.0882,0.056,6e-05
27218,no_patoshi_evidence,0.00113,95,24723575,0.00576,0.6233,0.012,1e-05
27230,no_patoshi_evidence,0.00113,427,143268010,0.03336,0.5081,0.056,6e-05
27234,no_patoshi_evidence,0.00113,549,248487373,0.05786,0.0242,18.935,0.02097
27235,no_patoshi_evidence,0.00113,1842,663402617,0.15446,0.2795,0.244,0.00028
27250,unresolved,0.31519,1496,662563873,0.15427,0.2825,0.244,0.10078
27251,no_patoshi_evidence,0.00113,325,101875049,0.02372,0.8286,0.056,6e-05
27258,no_patoshi_evidence,0.00113,2469,1083983743,0.25238,0.0234,15.373,0.01709
27267,no_patoshi_evidence,0.00113,1297,468585642,0.1091,0.6474,0.244,0.00028
27270,no_patoshi_evidence,0.00113,2730,1202377145,0.27995,0.0091,15.373,0.01709
27271,no_patoshi_evidence,0.00113,72,7532676,0.00175,0.9737,0.012,1e-05
27273,no_patoshi_evidence,0.00113,63,32204429,0.0075,0.3667,0.012,1e-05
27301,unresolved,0.42261,1601,743471895,0.1731,0.2063,0.244,0.15127
27302,added_probable,0.93969,2002,1229918745,0.28636,0.0071,15.373,0.99584
27303,no_patoshi_evidence,0.00113,428,37792077,0.0088,0.9783,0.056,6e-05
27327,no_patoshi_evidence,0.00113,216,18381475,0.00428,0.9783,0.029,3e-05
27332,no_patoshi_evidence,0.00113,870,78572623,0.01829,0.9697,0.109,0.00012
27395,no_patoshi_evidence,0.0,1342,233570506,0.05438,0.9319,0.244,0.0
27402,no_patoshi_evidence,0.00113,1006,212370186,0.04945,0.7818,0.109,0.00012
27412,no_patoshi_evidence,0.00113,1815,167707840,0.03905,0.9634,0.244,0.00028
27474,added_probable,0.93969,2347,75248646,0.01752,0.9868,0.244,0.79141
27475,added_probable,0.93969,857,194824960,0.04536,0.8303,0.109,0.62943
27476,added_robust,0.93969,1364,745753628,0.17363,0.2043,0.244,0.79141
27477,added_robust,0.93969,749,3860956180,0.89895,0.0,17.929,0.99643
27478,added_probable,0.93969,3142,1322172949,0.30784,0.0041,15.373,0.99584
27536,no_patoshi_evidence,4e-05,908,389443911,0.09067,0.1262,0.109,0.0
27544,no_patoshi_evidence,4e-05,1896,826779533,0.1925,0.1352,0.244,1e-05
27550,no_patoshi_evidence,4e-05,1339,585636835,0.13635,0.3953,0.244,1e-05
27552,no_patoshi_evidence,0.0,320,35632569,0.0083,0.9808,0.056,0.0
27562,no_patoshi_evidence,4e-05,344,840332,0.0002,1.0,0.056,0.0
27567,unresolved,0.01586,15,3544628,0.00083,0.5763,0.003,5e-05
27593,no_patoshi_evidence,0.0,1217,184381085,0.04293,0.9553,0.244,0.0
27600,unresolved,6e-05,1455,298894111,0.06959,0.8963,0.244,1e-05
27626,unresolved,6e-05,1344,446691128,0.104,0.6799,0.244,1e-05
27631,no_patoshi_evidence,0.0,360,139319429,0.03244,0.5433,0.056,0.0
27648,no_patoshi_evidence,0.0,425,140748888,0.03277,0.5318,0.056,0.0
27656,unresolved,6e-05,1555,549693742,0.12799,0.4654,0.244,1e-05
27662,no_patoshi_evidence,0.0,139,67453940,0.01571,0.4734,0.029,0.0
27674,unresolved,6e-05,1686,602883376,0.14037,0.3648,0.244,1e-05
27685,unresolved,6e-05,386,149549609,0.03482,0.4577,0.056,0.0
27693,unresolved,6e-05,553,199418162,0.04643,0.1462,0.056,0.0
27694,no_patoshi_evidence,0.0,339,121886863,0.02838,0.688,0.056,0.0
27701,no_patoshi_evidence,0.0,2231,799703021,0.1862,0.1524,0.244,0.0
27702,no_patoshi_evidence,0.0,1171,421747708,0.0982,0.0782,0.109,0.0
27708,unresolved,0.01586,560,48064279,0.01119,0.9662,0.056,0.0009
27718,unresolved,0.01586,360,30496790,0.0071,0.9839,0.056,0.0009
27720,no_patoshi_evidence,0.0,1305,470572698,0.10956,0.6433,0.244,0.0
27728,no_patoshi_evidence,4e-05,1230,107117415,0.02494,0.9807,0.244,1e-05
27729,no_patoshi_evidence,0.0,105,37705645,0.00878,0.1977,0.012,0.0
27742,unresolved,6e-05,320,111130652,0.02587,0.7692,0.056,0.0
27749,no_patoshi_evidence,0.0,378,138665438,0.03229,0.5494,0.056,0.0
27753,no_patoshi_evidence,0.0,-4,1065904,0.00025,,,0.0
27810,no_patoshi_evidence,4e-05,215,91700621,0.02135,0.186,0.029,0.0
27811,no_patoshi_evidence,0.0,54,17898728,0.00417,0.1953,0.006,0.0
27816,no_patoshi_evidence,4e-05,1789,783177720,0.18235,0.1646,0.244,1e-05
27818,no_patoshi_evidence,0.0,538,190543081,0.04436,0.1925,0.056,0.0
27835,no_patoshi_evidence,4e-05,37,9807890,0.00228,0.7671,0.006,0.0
27837,unresolved,6e-05,82,20646913,0.00481,0.7622,0.012,0.0
27847,unresolved,0.01586,2023,585252129,0.13626,0.3953,0.244,0.00391
27857,no_patoshi_evidence,4e-05,1345,385522398,0.08976,0.8089,0.244,1e-05
27859,no_patoshi_evidence,4e-05,298,85764237,0.01997,0.2347,0.029,0.0
27866,no_patoshi_evidence,4e-05,2693,776079189,0.1807,0.1717,0.244,1e-05
27871,no_patoshi_evidence,4e-05,1980,569416292,0.13258,0.4238,0.244,1e-05
27872,no_patoshi_evidence,4e-05,378,109031820,0.02539,0.7853,0.056,0.0
27888,no_patoshi_evidence,4e-05,416,100725174,0.02345,0.8362,0.056,0.0
27892,no_patoshi_evidence,4e-05,441,139692612,0.03252,0.5383,0.056,0.0
27900,no_patoshi_evidence,0.0,1559,336130387,0.07826,0.8638,0.244,0.0
27907,no_patoshi_evidence,4e-05,162,13856321,0.00323,0.9906,0.029,0.0
27909,unresolved,6e-05,104,51047979,0.01189,0.0401,19.776,0.00119
27931,no_patoshi_evidence,4e-05,1041,290297773,0.06759,0.4303,0.109,0.0
27936,no_patoshi_evidence,0.0,128,60563163,0.0141,0.5728,0.029,0.0
27968,unresolved,6e-05,3009,568597285,0.13239,0.4238,0.244,1e-05
27969,unresolved,6e-05,195,37139504,0.00865,0.8888,0.029,0.0
27973,no_patoshi_evidence,4e-05,474,23796899,0.00554,0.9889,0.056,0.0
27979,no_patoshi_evidence,4e-05,1768,491968705,0.11455,0.5986,0.244,1e-05
27983,no_patoshi_evidence,4e-05,3147,356026856,0.08289,0.8465,0.244,1e-05
27990,no_patoshi_evidence,4e-05,773,94880444,0.02209,0.9609,0.109,0.0
28003,no_patoshi_evidence,4e-05,3796,337918200,0.07868,0.7308,0.432,2e-05
28031,unresolved,0.01586,30,8062774,0.00188,0.8235,0.006,0.0001
28032,no_patoshi_evidence,0.00134,707,202559382,0.04716,0.8138,0.109,0.00015
28051,no_patoshi_evidence,4e-05,684,58449234,0.01361,0.9796,0.109,0.0
28096,no_patoshi_evidence,0.0,178,39380197,0.00917,0.8627,0.029,0.0
28128,unresolved,0.01586,412,75783713,0.01764,0.9249,0.056,0.0009
28130,no_patoshi_evidence,4e-05,913,81671373,0.01902,0.9686,0.109,0.0
28132,no_patoshi_evidence,4e-05,6,583675,0.00014,0.9377,0.003,0.0
28215,no_patoshi_evidence,0.0,3746,672323477,0.15654,0.6538,0.432,0.0
28218,no_patoshi_evidence,0.0,2847,617812821,0.14385,0.3415,0.244,0.0
28232,unresolved,6e-05,936,211666722,0.04928,0.784,0.109,1e-05
28246,no_patoshi_evidence,4e-05,585,172969180,0.04027,0.2898,0.056,0.0
28263,no_patoshi_evidence,0.0,611,140000754,0.0326,0.9256,0.109,0.0
28267,no_patoshi_evidence,4e-05,746,206716488,0.04813,0.8006,0.109,0.0
28268,no_patoshi_evidence,4e-05,2061,568244154,0.1323,0.4258,0.244,1e-05
28280,no_patoshi_evidence,4e-05,2733,786212435,0.18305,0.1616,0.244,1e-05
28281,no_patoshi_evidence,4e-05,1347,397200192,0.09248,0.7846,0.244,1e-05
28289,unresolved,0.01586,201,61687337,0.01436,0.5536,0.029,0.00046
28320,no_patoshi_evidence,4e-05,2450,200216979,0.04662,0.9492,0.244,1e-05
28325,no_patoshi_evidence,4e-05,4672,386155756,0.08991,0.7115,0.432,2e-05
28330,no_patoshi_evidence,4e-05,389,33549945,0.00781,0.9819,0.056,0.0
28337,no_patoshi_evidence,4e-05,1838,144410770,0.03362,0.9685,0.244,1e-05
28344,unresolved,0.01586,198,61211163,0.01425,0.56,0.029,0.00046
28379,no_patoshi_evidence,4e-05,386,117533018,0.02737,0.7278,0.056,0.0
28386,no_patoshi_evidence,4e-05,237,73422303,0.01709,0.3824,0.029,0.0
28393,no_patoshi_evidence,4e-05,2449,713943570,0.16623,0.2307,0.244,1e-05
28410,no_patoshi_evidence,4e-05,70,19998633,0.00466,0.7772,0.012,0.0
28426,unresolved,0.01586,544,149073971,0.03471,0.4632,0.056,0.0009
28427,no_patoshi_evidence,4e-05,1080,36015602,0.00839,0.9901,0.109,0.0
28440,unresolved,0.01586,1929,568406272,0.13234,0.4248,0.244,0.00391
28454,no_patoshi_evidence,4e-05,2747,780461814,0.18172,0.1646,0.244,1e-05
28458,no_patoshi_evidence,4e-05,137,16136295,0.00376,0.9843,0.029,0.0
28475,no_patoshi_evidence,4e-05,2650,780264061,0.18167,0.1646,0.244,1e-05
28478,no_patoshi_evidence,4e-05,87,30336163,0.00706,0.4243,0.012,0.0
28480,no_patoshi_evidence,4e-05,126,44937102,0.01046,0.7968,0.029,0.0
28488,no_patoshi_evidence,4e-05,1780,425794169,0.09914,0.7276,0.244,1e-05
28492,unresolved,0.01586,734,268879135,0.0626,0.5223,0.109,0.00175
28500,no_patoshi_evidence,4e-05,325,102914196,0.02396,0.8206,0.056,0.0
28505,no_patoshi_evidence,4e-05,703,279616497,0.0651,0.4749,0.109,0.0
28508,no_patoshi_evidence,4e-05,3609,812667391,0.18921,0.6346,0.432,2e-05
28513,no_patoshi_evidence,4e-05,464,103565166,0.02411,0.814,0.056,0.0
28516,no_patoshi_evidence,4e-05,-208,52422734,0.01221,,,4e-05
28523,no_patoshi_evidence,4e-05,148,52448756,0.01221,0.686,0.029,0.0
28526,no_patoshi_evidence,4e-05,1248,442891902,0.10312,0.686,0.244,1e-05
28527,no_patoshi_evidence,4e-05,428,151934881,0.03538,0.441,0.056,0.0
28530,no_patoshi_evidence,4e-05,-61,6034300,0.0014,,,4e-05
28531,no_patoshi_evidence,4e-05,2368,688782196,0.16037,0.2459,0.244,1e-05
28542,unresolved,0.01586,1051,305408825,0.07111,0.3708,0.109,0.00175
28545,no_patoshi_evidence,4e-05,1270,361189795,0.0841,0.8374,0.244,1e-05
28547,no_patoshi_evidence,0.0,140,33766544,0.00786,0.9158,0.029,0.0
28553,unresolved,0.01586,849,300903710,0.07006,0.3939,0.109,0.00175
28565,no_patoshi_evidence,4e-05,839,297910794,0.06936,0.4033,0.109,0.0
28567,no_patoshi_evidence,4e-05,658,233218442,0.0543,0.6975,0.109,0.0
28572,no_patoshi_evidence,4e-05,2144,632356607,0.14723,0.3242,0.244,1e-05
28583,no_patoshi_evidence,4e-05,890,258490386,0.06018,0.5741,0.109,0.0
28585,no_patoshi_evidence,4e-05,830,239036863,0.05566,0.6727,0.109,0.0
28588,no_patoshi_evidence,4e-05,172,46933848,0.01093,0.7677,0.029,0.0
28590,no_patoshi_evidence,4e-05,1242,360032885,0.08383,0.8374,0.244,1e-05
28611,no_patoshi_evidence,4e-05,129,35826769,0.00834,0.8991,0.029,0.0
28616,no_patoshi_evidence,4e-05,2886,844372563,0.1966,0.122,0.244,1e-05
28618,no_patoshi_evidence,4e-05,26,7975897,0.00186,0.2056,0.003,0.0
28621,no_patoshi_evidence,4e-05,160,47668616,0.0111,0.7598,0.029,0.0
28622,unresolved,0.01586,806,235212581,0.05476,0.6865,0.109,0.00175
28632,unresolved,0.01586,512,147467292,0.03433,0.4748,0.056,0.0009
28635,no_patoshi_evidence,0.0,933,102153471,0.02378,0.9576,0.109,0.0
28639,no_patoshi_evidence,4e-05,1492,426612330,0.09933,0.7256,0.244,1e-05
28643,no_patoshi_evidence,4e-05,-3,1769108,0.00041,,,4e-05
28649,no_patoshi_evidence,4e-05,274,78677338,0.01832,0.3174,0.029,0.0
28668,no_patoshi_evidence,4e-05,1374,498642165,0.1161,0.5833,0.244,1e-05
28678,no_patoshi_evidence,0.0,589,251160049,0.05848,0.0212,18.935,2e-05
28693,no_patoshi_evidence,0.0,2047,684628381,0.1594,0.248,0.244,0.0
28700,unresolved,0.02498,1959,789822762,0.18389,0.1575,0.244,0.0062
28704,no_patoshi_evidence,6e-05,299,48297587,0.01125,0.751,0.029,0.0
28705,no_patoshi_evidence,0.0,13579,176135903,0.04101,0.7692,0.432,0.0
28718,no_patoshi_evidence,6e-05,3864,1396684906,0.32519,0.2885,0.432,3e-05
28751,unresolved,0.02498,1131,331858485,0.07727,0.2771,0.109,0.00279
28753,unresolved,0.02498,231,66372871,0.01545,0.4946,0.029,0.00073
28761,no_patoshi_evidence,0.0,739,238965845,0.05564,0.6727,0.109,0.0
28770,no_patoshi_evidence,6e-05,241,69714538,0.01623,0.4375,0.029,0.0
28771,no_patoshi_evidence,6e-05,6208,1782006270,0.41491,0.0577,0.432,3e-05
28774,no_patoshi_evidence,6e-05,66,16674501,0.00388,0.8661,0.012,0.0
28776,no_patoshi_evidence,0.0,1523,475322179,0.11067,0.626,0.244,0.0
28777,no_patoshi_evidence,0.0,979,47720318,0.01111,0.9868,0.109,0.0
28780,no_patoshi_evidence,6e-05,1119,321008986,0.07474,0.3129,0.109,1e-05
28783,no_patoshi_evidence,6e-05,1434,66952093,0.01559,0.9898,0.244,1e-05
28784,unresolved,9e-05,2011,648427550,0.15097,0.2988,0.244,2e-05
28792,no_patoshi_evidence,0.0,317,47192292,0.01099,0.9667,0.056,0.0
28793,unresolved,9e-05,223,68808477,0.01602,0.4518,0.029,0.0
28797,no_patoshi_evidence,0.0,2368,30181011,0.00703,0.997,0.244,0.0
28803,unresolved,0.01586,427,1708653571,0.39783,0.0,18.935,0.2338
28804,unresolved,0.35295,2774,1457234969,0.33929,0.0,15.373,0.89346
28828,no_patoshi_evidence,4e-05,729,207114746,0.04822,0.7994,0.109,0.0
28834,no_patoshi_evidence,4e-05,972,267708834,0.06233,0.5289,0.109,0.0
28842,no_patoshi_evidence,4e-05,1082,84600643,0.0197,0.9664,0.109,0.0
28850,no_patoshi_evidence,4e-05,364,29872053,0.00696,0.9844,0.056,0.0
28853,no_patoshi_evidence,4e-05,869,245173224,0.05708,0.6386,0.109,0.0
28872,no_patoshi_evidence,0.0,955,213970925,0.04982,0.778,0.109,0.0
28874,no_patoshi_evidence,4e-05,374,112223157,0.02613,0.7636,0.056,0.0
28889,no_patoshi_evidence,4e-05,1412,399795424,0.09308,0.7805,0.244,1e-05
28890,no_patoshi_evidence,0.0,917,205795953,0.04792,0.8039,0.109,0.0
28891,unresolved,0.01586,185,54032133,0.01258,0.6639,0.029,0.00046
28897,no_patoshi_evidence,0.0,188,20385226,0.00475,0.9715,0.029,0.0
28916,no_patoshi_evidence,0.0,351,36146299,0.00842,0.9798,0.056,0.0
28934,no_patoshi_evidence,0.0,367,77694578,0.01809,0.9209,0.056,0.0
28968,no_patoshi_evidence,0.0,473,50739264,0.01181,0.9632,0.056,0.0
28983,no_patoshi_evidence,4e-05,400,108783987,0.02533,0.7853,0.056,0.0
29040,no_patoshi_evidence,0.0,97,29808364,0.00694,0.438,0.012,0.0
29041,no_patoshi_evidence,4e-05,1941,562810522,0.13104,0.4339,0.244,1e-05
29068,no_patoshi_evidence,4e-05,2217,640023663,0.14902,0.312,0.244,1e-05
29079,no_patoshi_evidence,4e-05,1544,447829141,0.10427,0.6799,0.244,1e-05
29107,unresolved,0.01586,1231,354563875,0.08255,0.8465,0.244,0.00391
29136,no_patoshi_evidence,4e-05,193,3798442,0.00088,0.9975,0.029,0.0
29143,no_patoshi_evidence,4e-05,346,94961647,0.02211,0.8609,0.056,0.0
29153,no_patoshi_evidence,4e-05,368,94525326,0.02201,0.8639,0.056,0.0
29155,no_patoshi_evidence,4e-05,134,37742944,0.00879,0.8824,0.029,0.0
29164,no_patoshi_evidence,0.0,347,73467525,0.01711,0.9274,0.056,0.0
29194,no_patoshi_evidence,0.0,243,75078766,0.01748,0.3671,0.029,0.0
29200,no_patoshi_evidence,0.0,1017,148567262,0.03459,0.9212,0.109,0.0
29206,no_patoshi_evidence,4e-05,204,60761075,0.01415,0.5689,0.029,0.0
29241,unresolved,0.01586,793,280188955,0.06524,0.4705,0.109,0.00175
29250,no_patoshi_evidence,4e-05,254,80890602,0.01883,0.2958,0.029,0.0
29251,no_patoshi_evidence,4e-05,161,48252642,0.01123,0.752,0.029,0.0
29261,no_patoshi_evidence,4e-05,763,222553048,0.05182,0.7388,0.109,0.0
29268,unresolved,6e-05,217,86565668,0.02016,0.2279,0.029,0.0
29287,no_patoshi_evidence,0.0,244,26237660,0.00611,0.9537,0.029,0.0
29302,unresolved,0.01586,153,68708143,0.016,0.4528,0.029,0.00046
29310,no_patoshi_evidence,4e-05,1434,530749560,0.12357,0.5081,0.244,1e-05
29311,unresolved,0.01586,49,10998299,0.00256,0.6894,0.006,0.0001
29328,no_patoshi_evidence,4e-05,363,137564769,0.03203,0.558,0.056,0.0
29335,no_patoshi_evidence,4e-05,214,60298555,0.01404,0.5778,0.029,0.0
29342,unresolved,0.02498,722,2464232985,0.57375,0.0,17.929,0.31476
29343,no_patoshi_evidence,4e-05,492,142187195,0.03311,0.5186,0.056,0.0
29356,no_patoshi_evidence,4e-05,291,78975128,0.01839,0.3145,0.029,0.0
29357,no_patoshi_evidence,4e-05,336,77805129,0.01812,0.9209,0.056,0.0
29377,no_patoshi_evidence,4e-05,777,288863619,0.06726,0.438,0.109,0.0
29380,no_patoshi_evidence,4e-05,488,143417793,0.03339,0.5071,0.056,0.0
29383,no_patoshi_evidence,4e-05,295,84610976,0.0197,0.248,0.029,0.0
29385,no_patoshi_evidence,4e-05,493,150878854,0.03513,0.4511,0.056,0.0
29396,unresolved,0.01586,346,104788743,0.0244,0.808,0.056,0.0009
29404,no_patoshi_evidence,4e-05,814,241091315,0.05613,0.6595,0.109,0.0
29410,unresolved,0.01586,2166,794108437,0.18489,0.1555,0.244,0.00391
29411,no_patoshi_evidence,4e-05,1602,608554637,0.14169,0.3577,0.244,1e-05
29416,no_patoshi_evidence,4e-05,1647,594178911,0.13834,0.3791,0.244,1e-05
29419,no_patoshi_evidence,4e-05,2758,810624337,0.18874,0.1433,0.244,1e-05
29420,no_patoshi_evidence,4e-05,1248,443999086,0.10338,0.685,0.244,1e-05
29422,no_patoshi_evidence,0.0,1243,199467456,0.04644,0.9492,0.244,0.0
29426,no_patoshi_evidence,4e-05,2257,578384315,0.13467,0.4075,0.244,1e-05
29433,no_patoshi_evidence,0.0,62,11266876,0.00262,0.9412,0.012,0.0
29434,no_patoshi_evidence,4e-05,450,128305905,0.02987,0.6326,0.056,0.0
29436,no_patoshi_evidence,0.0,2808,459724426,0.10704,0.6606,0.244,0.0
29439,no_patoshi_evidence,0.0,375,19399695,0.00452,0.9929,0.056,0.0
29443,no_patoshi_evidence,0.0,334,54980193,0.0128,0.9592,0.056,0.0
29445,unresolved,0.01586,109,35691061,0.00831,0.2553,0.012,0.00019
29449,no_patoshi_evidence,4e-05,94,4817529,0.00112,0.9925,0.012,0.0
29451,unresolved,0.01586,570,140535595,0.03272,0.5338,0.056,0.0009
29461,no_patoshi_evidence,4e-05,179,52599538,0.01225,0.6836,0.029,0.0
29486,no_patoshi_evidence,0.0,183,20543712,0.00478,0.971,0.029,0.0
29487,no_patoshi_evidence,4e-05,326,102174736,0.02379,0.8271,0.056,0.0
29501,no_patoshi_evidence,0.0,47,6458036,0.0015,0.8965,0.006,0.0
29507,no_patoshi_evidence,0.0,748,114579293,0.02668,0.9493,0.109,0.0
29515,no_patoshi_evidence,4e-05,342,135529629,0.03156,0.5756,0.056,0.0
29517,unresolved,0.01586,695,213616385,0.04974,0.7791,0.109,0.00175
29519,no_patoshi_evidence,4e-05,922,364683178,0.08491,0.1851,0.109,0.0
29529,unresolved,0.01586,186,59415851,0.01383,0.5876,0.029,0.00046
29530,unresolved,0.00192,1103,189206839,0.04405,0.8413,0.109,0.00021
29531,no_patoshi_evidence,0.00134,134,52505519,0.01222,0.6845,0.029,4e-05
29533,no_patoshi_evidence,4e-05,174,63230654,0.01472,0.5325,0.029,0.0
29544,no_patoshi_evidence,4e-05,436,109654873,0.02553,0.7802,0.056,0.0
29555,no_patoshi_evidence,4e-05,291,105573298,0.02458,0.091,0.029,0.0
29556,unresolved,0.35295,493,1197378052,0.27879,0.0,18.935,0.91173
29558,unresolved,0.35295,338,225667611,0.05254,0.0625,0.056,0.02967
29562,unresolved,0.35295,241,1145877254,0.2668,0.0,19.456,0.91389
29599,no_patoshi_evidence,4e-05,1320,421326591,0.0981,0.7398,0.244,1e-05
29610,no_patoshi_evidence,4e-05,588,161209457,0.03753,0.3654,0.056,0.0
29625,no_patoshi_evidence,4e-05,294,78813399,0.01835,0.315,0.029,0.0
29629,no_patoshi_evidence,4e-05,336,93590711,0.02179,0.8664,0.056,0.0
29658,no_patoshi_evidence,0.0,662,274447019,0.0639,0.4981,0.109,0.0
29664,no_patoshi_evidence,0.0,303,107962823,0.02514,0.7918,0.056,0.0
29668,no_patoshi_evidence,4e-05,1731,363545671,0.08464,0.8343,0.244,1e-05
29672,no_patoshi_evidence,4e-05,939,123402869,0.02873,0.9405,0.109,0.0
29684,no_patoshi_evidence,4e-05,17,5236346,0.00122,0.4081,0.003,0.0
29696,unresolved,0.01586,165,53787144,0.01252,0.6649,0.029,0.00046
29708,no_patoshi_evidence,0.00134,671,194127844,0.0452,0.8314,0.109,0.00015
29709,no_patoshi_evidence,4e-05,96,29867419,0.00695,0.4355,0.012,0.0
29711,unresolved,0.01586,525,178998067,0.04168,0.253,0.056,0.0009
29714,no_patoshi_evidence,4e-05,848,270780571,0.06305,0.5152,0.109,0.0
29718,no_patoshi_evidence,4e-05,1088,554035523,0.129,0.0061,17.929,0.00072
29722,unresolved,0.35295,512,158611499,0.03693,0.3856,0.056,0.02967
29730,no_patoshi_evidence,0.00134,703,211378643,0.04922,0.7851,0.109,0.00015
29733,no_patoshi_evidence,4e-05,585,297220002,0.0692,0.003,18.935,0.00076
29748,no_patoshi_evidence,4e-05,1309,330274003,0.0769,0.8669,0.244,1e-05
29749,no_patoshi_evidence,4e-05,1040,258472061,0.06018,0.5741,0.109,0.0
29753,no_patoshi_evidence,4e-05,421,107406996,0.02501,0.7933,0.056,0.0
29755,no_patoshi_evidence,4e-05,875,217861849,0.05072,0.7647,0.109,0.0
29762,no_patoshi_evidence,4e-05,217,83590986,0.01946,0.2638,0.029,0.0
29764,no_patoshi_evidence,4e-05,484,251086505,0.05846,0.0212,18.935,0.00076
29768,no_patoshi_evidence,4e-05,522,147609431,0.03437,0.4733,0.056,0.0
29772,no_patoshi_evidence,4e-05,619,171144621,0.03985,0.8848,0.109,0.0
29778,no_patoshi_evidence,4e-05,2648,1376513184,0.32049,0.002,15.373,0.00061
29779,no_patoshi_evidence,4e-05,162,43964551,0.01024,0.8095,0.029,0.0
29781,no_patoshi_evidence,4e-05,258,96347148,0.02243,0.1486,0.029,0.0
29786,no_patoshi_evidence,4e-05,92,35125204,0.00818,0.2716,0.012,0.0
29790,no_patoshi_evidence,4e-05,468,237240304,0.05524,0.0338,18.935,0.00076
29795,no_patoshi_evidence,4e-05,1797,701245010,0.16327,0.2348,0.244,1e-05
29798,unresolved,0.01586,1898,740956958,0.17252,0.2093,0.244,0.00391
29799,no_patoshi_evidence,0.00134,458,124128454,0.0289,0.6694,0.056,8e-05
29803,no_patoshi_evidence,4e-05,669,263105747,0.06126,0.551,0.109,0.0
29817,no_patoshi_evidence,4e-05,498,254739067,0.05931,0.0181,18.935,0.00076
29822,no_patoshi_evidence,4e-05,2119,1085342607,0.2527,0.0234,15.373,0.00061
29825,no_patoshi_evidence,0.0,849,135725232,0.0316,0.9284,0.109,0.0
29829,no_patoshi_evidence,4e-05,862,435459024,0.10139,0.0612,0.109,0.0
29835,no_patoshi_evidence,4e-05,138,41801366,0.00973,0.8371,0.029,0.0
29844,no_patoshi_evidence,0.0,2945,874339085,0.20357,0.1016,0.244,0.0
29851,no_patoshi_evidence,0.0,1434,221348593,0.05154,0.94,0.244,0.0
29853,no_patoshi_evidence,0.0,411,118659259,0.02763,0.7182,0.056,0.0
29854,no_patoshi_evidence,0.0,2216,195932600,0.04562,0.9512,0.244,0.0
29858,no_patoshi_evidence,4e-05,310,120896078,0.02815,0.6986,0.056,0.0
29867,unresolved,6e-05,272,80754724,0.0188,0.2963,0.029,0.0
29876,no_patoshi_evidence,4e-05,46,10509640,0.00245,0.7247,0.006,0.0
29885,unresolved,0.01586,167,61403949,0.0143,0.5566,0.029,0.00046
29886,unresolved,0.01586,823,307042615,0.07149,0.3675,0.109,0.00175
29892,no_patoshi_evidence,4e-05,1064,290032548,0.06753,0.4325,0.109,0.0
29893,unresolved,0.01586,170,87603250,0.0204,0.2219,0.029,0.00046
29902,no_patoshi_evidence,4e-05,66,14029183,0.00327,0.9099,0.012,0.0
29903,no_patoshi_evidence,4e-05,503,129888327,0.03024,0.626,0.056,0.0
29914,unresolved,0.01586,1687,661734198,0.15407,0.2835,0.244,0.00391
29930,no_patoshi_evidence,4e-05,519,270804353,0.06305,0.0076,18.935,0.00076
29938,no_patoshi_evidence,0.0,562,161396235,0.03758,0.3634,0.056,0.0
29956,no_patoshi_evidence,4e-05,367,143637516,0.03344,0.505,0.056,0.0
29957,no_patoshi_evidence,0.0,183,57484713,0.01338,0.6152,0.029,0.0
29961,no_patoshi_evidence,4e-05,227,109713169,0.02554,0.0738,0.029,0.0
29964,no_patoshi_evidence,4e-05,891,427555342,0.09955,0.0689,0.109,0.0
29965,no_patoshi_evidence,4e-05,984,471487134,0.10978,0.0309,17.929,0.00072
29973,unresolved,0.01586,105,24661027,0.00574,0.6308,0.012,0.00019
29989,no_patoshi_evidence,4e-05,334,154085971,0.03588,0.4178,0.056,0.0
30019,no_patoshi_evidence,0.00019,593,277243125,0.06455,0.006,18.935,0.00359
30030,no_patoshi_evidence,0.00019,428,197718616,0.04603,0.1588,0.056,1e-05
30036,no_patoshi_evidence,0.00019,53,12178033,0.00284,0.6047,0.006,0.0
30038,no_patoshi_evidence,0.00019,614,292334048,0.06806,0.4242,0.109,2e-05
30041,no_patoshi_evidence,0.00019,152,32581006,0.00759,0.9227,0.029,1e-05
30051,unresolved,0.07039,768,377309705,0.08785,0.1537,0.109,0.00819
30053,unresolved,0.07039,112,38380314,0.00894,0.1827,0.012,0.00089
30056,added_possible,0.71937,889,86656532,0.02018,0.9636,0.109,0.21842
30059,no_patoshi_evidence,0.00019,563,214051661,0.04984,0.0907,0.056,1e-05
30064,no_patoshi_evidence,0.0,256,101754686,0.02369,0.1102,0.029,0.0
30079,no_patoshi_evidence,0.00019,329,119627938,0.02785,0.7107,0.056,1e-05
30082,no_patoshi_evidence,0.00019,757,292033486,0.06799,0.4253,0.109,2e-05
30083,no_patoshi_evidence,0.00019,432,168595093,0.03925,0.315,0.056,1e-05
30089,no_patoshi_evidence,0.00019,1063,412855039,0.09613,0.0871,0.109,2e-05
30090,unresolved,0.07039,9,3362605,0.00078,0.5857,0.003,0.00023
30097,no_patoshi_evidence,0.0,384,88279100,0.02055,0.8891,0.056,0.0
30101,no_patoshi_evidence,0.00628,98,32913524,0.00766,0.3442,0.012,7e-05
30102,unresolved,0.07039,404,145192738,0.03381,0.4889,0.056,0.00423
30103,no_patoshi_evidence,0.0,579,258422699,0.06017,0.0141,18.935,2e-05
30107,no_patoshi_evidence,0.00019,191,61393658,0.01429,0.5566,0.029,1e-05
30109,unresolved,0.00027,905,357889081,0.08333,0.2006,0.109,3e-05
30116,no_patoshi_evidence,0.00019,35,10180930,0.00237,0.7529,0.006,0.0
30123,unresolved,0.07039,427,125770295,0.02928,0.6557,0.056,0.00423
30131,no_patoshi_evidence,0.00628,87,7100240,0.00165,0.975,0.012,7e-05
30139,no_patoshi_evidence,0.00019,61,14864376,0.00346,0.8936,0.012,0.0
30141,no_patoshi_evidence,0.00019,21,6348643,0.00148,0.3115,0.003,0.0
30145,no_patoshi_evidence,0.00628,619,186676353,0.04346,0.8512,0.109,0.00069
30151,no_patoshi_evidence,0.00628,775,233128425,0.05428,0.6975,0.109,0.00069
30152,added_possible,0.71937,30,810793221,0.18878,0.0,19.885,0.98076
30153,unresolved,0.00027,1979,211299586,0.0492,0.9451,0.244,7e-05
30154,no_patoshi_evidence,2e-05,17,4678383,0.00109,0.4984,0.003,0.0
30156,added_possible,0.71937,306,1115623682,0.25975,0.0,18.935,0.97981
30159,no_patoshi_evidence,0.00019,-142,4567912,0.00106,,,0.00019
30161,unresolved,0.07039,581,173371169,0.04037,0.2838,0.056,0.00423
30162,added_possible,0.71937,173,2833428226,0.65971,0.0,19.456,0.98034
30166,added_possible,0.71937,307,3157039878,0.73506,0.0,18.935,0.97981
30168,no_patoshi_evidence,0.00019,-184,35218555,0.0082,,,0.00019
30172,no_patoshi_evidence,0.00628,1096,324295889,0.07551,0.2992,0.109,0.00069
30173,no_patoshi_evidence,0.00019,-14,71556164,0.01666,,,0.00019
30176,no_patoshi_evidence,0.00628,185,55169260,0.01285,0.6521,0.029,0.00018
30177,unresolved,0.07039,386,2754624007,0.64136,0.0,18.935,0.58911
30179,no_patoshi_evidence,0.00019,1784,532737906,0.12404,0.5041,0.244,5e-05
30181,added_possible,0.71937,39,3124593670,0.7275,0.0,19.885,0.98076
30183,added_possible,0.71937,1238,803245075,0.18702,0.1504,0.244,0.38431
30189,added_possible,0.71937,73,2946115609,0.68595,0.0,19.776,0.98066
30191,no_patoshi_evidence,0.00019,221,65692148,0.0153,0.4995,0.029,1e-05
30196,added_possible,0.71937,167,2413950976,0.56204,0.0,19.456,0.98034
30198,added_possible,0.71937,502,3013299970,0.70159,0.0,18.935,0.97981
30199,no_patoshi_evidence,0.00019,80,19353290,0.00451,0.796,0.012,0.0
30201,no_patoshi_evidence,0.00019,69,19308498,0.0045,0.796,0.012,0.0
30202,unresolved,0.07039,453,137456667,0.032,0.5585,0.056,0.00423
30211,added_possible,0.71937,864,2547747092,0.59319,0.0,17.929,0.9787
30214,no_patoshi_evidence,0.00628,767,230833836,0.05375,0.7058,0.109,0.00069
30215,unresolved,0.07039,1101,330165523,0.07687,0.2804,0.109,0.00819
30222,no_patoshi_evidence,0.0,652,128689558,0.02996,0.935,0.109,0.0
30230,no_patoshi_evidence,0.00019,1833,608934597,0.14178,0.3577,0.244,5e-05
30231,no_patoshi_evidence,0.00628,347,102056972,0.02376,0.8281,0.056,0.00035
30232,no_patoshi_evidence,0.00019,511,219840226,0.05119,0.0771,0.056,1e-05
30235,no_patoshi_evidence,0.0,166,41488592,0.00966,0.8386,0.029,0.0
30237,no_patoshi_evidence,0.00019,1867,553754107,0.12893,0.4573,0.244,5e-05
30240,no_patoshi_evidence,0.00628,1538,421900479,0.09823,0.7378,0.244,0.00154
30244,no_patoshi_evidence,0.00019,169,51884200,0.01208,0.6914,0.029,1e-05
30254,no_patoshi_evidence,0.00019,82,20692100,0.00482,0.7584,0.012,0.0
30255,no_patoshi_evidence,0.00628,819,245810380,0.05723,0.6353,0.109,0.00069
30258,added_possible,0.71937,294,88686386,0.02065,0.2111,0.029,0.06833
30265,no_patoshi_evidence,0.00628,44,8079578,0.00188,0.8235,0.006,4e-05
30272,unresolved,0.07039,139,36530184,0.00851,0.8942,0.029,0.00216
30274,no_patoshi_evidence,0.00019,321,95829422,0.02231,0.8579,0.056,1e-05
30275,no_patoshi_evidence,0.00628,216,62782131,0.01462,0.5389,0.029,0.00018
30280,no_patoshi_evidence,0.0,1154,479814382,0.11172,0.027,17.929,2e-05
30282,no_patoshi_evidence,0.00019,29,5520853,0.00129,0.3832,0.003,0.0
30284,no_patoshi_evidence,0.0,6,864475,0.0002,0.9097,0.003,0.0
30287,no_patoshi_evidence,0.0,287,45920784,0.01069,0.779,0.029,0.0
30288,added_possible,0.71937,67,17787677,0.00414,0.8448,0.012,0.02931
30292,unresolved,0.07039,260,50999067,0.01187,0.7057,0.029,0.00216
30298,no_patoshi_evidence,0.00628,143,41633642,0.00969,0.8381,0.029,0.00018
30300,unresolved,0.00027,871,137128469,0.03193,0.9262,0.109,3e-05
30303,no_patoshi_evidence,2e-05,56,8339325,0.00194,0.8118,0.006,0.0
30304,no_patoshi_evidence,0.0,189,75585743,0.0176,0.3593,0.029,0.0
30310,no_patoshi_evidence,0.0,277,152086007,0.03541,0.002,19.456,2e-05
30315,no_patoshi_evidence,0.00019,763,153415279,0.03572,0.9124,0.109,2e-05
30316,no_patoshi_evidence,0.0,137,16234196,0.00378,0.9843,0.029,0.0
30317,no_patoshi_evidence,0.00019,484,143959942,0.03352,0.5015,0.056,1e-05
30320,no_patoshi_evidence,0.00019,29,8350057,0.00194,0.1931,0.003,0.0
30324,no_patoshi_evidence,0.0,578,65853646,0.01533,0.9441,0.056,0.0
30326,no_patoshi_evidence,0.0,114,15692495,0.00365,0.8824,0.012,0.0
30329,no_patoshi_evidence,0.0,466,158633436,0.03693,0.3856,0.056,0.0
30331,no_patoshi_evidence,0.00019,683,204546261,0.04762,0.8094,0.109,2e-05
30339,unresolved,0.00027,368,194242871,0.04523,0.1759,0.056,2e-05
30345,no_patoshi_evidence,0.00019,933,277683274,0.06465,0.4804,0.109,2e-05
30346,no_patoshi_evidence,0.00019,19,5655507,0.00132,0.3738,0.003,0.0
30354,unresolved,0.00027,9,5109302,0.00119,0.4393,0.003,0.0
30356,no_patoshi_evidence,0.00019,633,188300460,0.04384,0.8452,0.109,2e-05
30358,no_patoshi_evidence,0.0,310,163684167,0.03811,0.3468,0.056,0.0
30360,no_patoshi_evidence,0.00019,78,24810126,0.00578,0.6183,0.012,0.0
30361,no_patoshi_evidence,0.00019,82,20411371,0.00475,0.7685,0.012,0.0
30362,no_patoshi_evidence,0.0,41,6412519,0.00149,0.8988,0.006,0.0
30366,no_patoshi_evidence,0.0,256,136626832,0.03181,0.0133,19.456,2e-05
30371,no_patoshi_evidence,0.00019,549,151775329,0.03534,0.4435,0.056,1e-05
30374,no_patoshi_evidence,0.00019,457,136683918,0.03182,0.5645,0.056,1e-05
30384,no_patoshi_evidence,0.00019,100,30370766,0.00707,0.423,0.012,0.0
30388,no_patoshi_evidence,0.00019,528,189846857,0.0442,0.1946,0.056,1e-05
30390,no_patoshi_evidence,0.00019,1466,548143025,0.12762,0.4675,0.244,5e-05
30391,no_patoshi_evidence,0.0,414,162200135,0.03777,0.3574,0.056,0.0
30393,no_patoshi_evidence,0.00019,32,9434081,0.0022,0.7835,0.006,0.0
30394,no_patoshi_evidence,0.0,36,19394812,0.00452,0.1435,0.006,0.0
30414,no_patoshi_evidence,0.00019,73,17477885,0.00407,0.8473,0.012,0.0
30415,unresolved,0.07039,52,15431201,0.00359,0.3294,0.006,0.00046
30418,added_possible,0.71937,7,1920521,0.00045,0.7757,0.003,0.00771
30421,no_patoshi_evidence,0.0,970,266435411,0.06203,0.535,0.109,0.0
30424,no_patoshi_evidence,0.0,14,509171,0.00012,0.9377,0.003,0.0
30434,no_patoshi_evidence,0.00019,70,21538268,0.00501,0.7384,0.012,0.0
30443,unresolved,0.07039,351,129404437,0.03013,0.629,0.056,0.00423
30458,no_patoshi_evidence,0.00019,144,41604156,0.00969,0.8381,0.029,1e-05
30468,no_patoshi_evidence,0.00019,499,183550370,0.04274,0.2283,0.056,1e-05
30475,no_patoshi_evidence,0.00019,1582,401002441,0.09337,0.7744,0.244,5e-05
30477,no_patoshi_evidence,0.00019,38,10463183,0.00244,0.7318,0.006,0.0
30485,no_patoshi_evidence,0.00019,804,297571232,0.06928,0.4044,0.109,2e-05
30488,no_patoshi_evidence,0.00019,106,40389983,0.0094,0.1339,0.012,0.0
30493,no_patoshi_evidence,0.00019,223,63226761,0.01472,0.5325,0.029,1e-05
30499,unresolved,0.00027,190,63595546,0.01481,0.5271,0.029,1e-05
30501,no_patoshi_evidence,0.00019,853,320346893,0.07459,0.3146,0.109,2e-05
30513,no_patoshi_evidence,0.00019,109,30532236,0.00711,0.4143,0.012,0.0
30515,unresolved,0.07039,592,174966823,0.04074,0.2752,0.056,0.00423
30519,no_patoshi_evidence,0.0,801,75087767,0.01748,0.9697,0.109,0.0
30531,no_patoshi_evidence,0.00019,186,48529241,0.0113,0.748,0.029,1e-05
30536,no_patoshi_evidence,0.0,814,254125714,0.05917,0.5939,0.109,0.0
30539,no_patoshi_evidence,0.00019,579,49794947,0.01159,0.9642,0.056,1e-05
30552,no_patoshi_evidence,0.0,537,160112551,0.03728,0.3735,0.056,0.0
30559,no_patoshi_evidence,0.00019,690,208224366,0.04848,0.7972,0.109,2e-05
30571,no_patoshi_evidence,0.00019,26,4224174,0.00098,0.5265,0.003,0.0
30580,no_patoshi_evidence,0.00019,467,140153171,0.03263,0.5368,0.056,1e-05
30582,no_patoshi_evidence,0.00019,33,9561441,0.00223,0.7741,0.006,0.0
30604,no_patoshi_evidence,0.00019,147,15166151,0.00353,0.9887,0.029,1e-05
30618,unresolved,0.00027,37,12999723,0.00303,0.5176,0.006,0.0
30629,no_patoshi_evidence,0.00019,669,196949441,0.04586,0.8259,0.109,2e-05
30631,no_patoshi_evidence,0.00019,499,148202098,0.03451,0.4693,0.056,1e-05
30636,no_patoshi_evidence,0.00019,166,49532576,0.01153,0.7323,0.029,1e-05
30638,no_patoshi_evidence,0.0,159,43474007,0.01012,0.8174,0.029,0.0
30639,no_patoshi_evidence,0.0,66,17587269,0.00409,0.8461,0.012,0.0
30645,no_patoshi_evidence,0.00019,945,284444630,0.06623,0.4556,0.109,2e-05
30650,no_patoshi_evidence,0.00019,1196,357820342,0.08331,0.2006,0.109,2e-05
30653,unresolved,0.07039,22,9428225,0.0022,0.1371,0.003,0.00023
30656,added_possible,0.71937,392,114000136,0.02654,0.752,0.056,0.12562
30662,unresolved,0.07039,384,147620886,0.03437,0.4733,0.056,0.00423
30668,no_patoshi_evidence,0.00628,222,53494411,0.01246,0.6698,0.029,0.00018
30673,no_patoshi_evidence,0.00628,87,26098274,0.00608,0.5607,0.012,7e-05
30681,no_patoshi_evidence,0.00019,722,215923798,0.05027,0.7708,0.109,2e-05
30685,no_patoshi_evidence,0.00019,479,143302900,0.03337,0.5081,0.056,1e-05
30690,no_patoshi_evidence,0.00019,240,74591099,0.01737,0.3716,0.029,1e-05
30692,no_patoshi_evidence,0.00019,334,97238262,0.02264,0.8503,0.056,1e-05
30693,no_patoshi_evidence,0.00019,281,84115070,0.01958,0.2569,0.029,1e-05
30699,no_patoshi_evidence,0.0,95,13702511,0.00319,0.9124,0.012,0.0
30702,no_patoshi_evidence,0.00019,256,95646875,0.02227,0.155,0.029,1e-05
30703,no_patoshi_evidence,0.00019,1494,444895833,0.10359,0.6829,0.244,5e-05
30706,no_patoshi_evidence,0.00019,1148,442252207,0.10297,0.054,0.109,2e-05
30717,no_patoshi_evidence,0.0,564,151607570,0.0353,0.4461,0.056,0.0
30718,no_patoshi_evidence,0.0,16,3406663,0.00079,0.5826,0.003,0.0
30721,no_patoshi_evidence,0.00019,613,181727061,0.04231,0.8606,0.109,2e-05
30731,no_patoshi_evidence,0.00019,207,58023611,0.01351,0.6068,0.029,1e-05
30736,no_patoshi_evidence,0.0,654,178490716,0.04156,0.8656,0.109,0.0
30740,no_patoshi_evidence,0.00019,396,151790275,0.03534,0.4435,0.056,1e-05
30746,unresolved,0.07039,157,54961941,0.0128,0.6545,0.029,0.00216
30747,no_patoshi_evidence,0.00019,207,60325984,0.01405,0.5773,0.029,1e-05
30751,added_possible,0.71937,2235,782768433,0.18225,0.1646,0.244,0.38431
30752,added_possible,0.71937,186,55219505,0.01286,0.6516,0.029,0.06833
30758,no_patoshi_evidence,0.00628,138,41302128,0.00962,0.8406,0.029,0.00018
30760,unresolved,0.07039,1384,360961072,0.08404,0.8374,0.244,0.0181
30764,no_patoshi_evidence,0.00628,295,91421110,0.02129,0.1865,0.029,0.00018
30765,no_patoshi_evidence,0.00628,79,23555190,0.00548,0.6746,0.012,7e-05
30774,unresolved,0.07039,1381,411071513,0.09571,0.7591,0.244,0.0181
30775,no_patoshi_evidence,0.00628,182,54923994,0.01279,0.655,0.029,0.00018
30780,unresolved,0.07039,291,112458240,0.02618,0.064,0.029,0.00216
30781,no_patoshi_evidence,0.00628,183,79850824,0.01859,0.3051,0.029,0.00018
30783,no_patoshi_evidence,0.00019,229,60505360,0.01409,0.5748,0.029,1e-05
30790,no_patoshi_evidence,0.00628,91,27046015,0.0063,0.5357,0.012,7e-05
30793,no_patoshi_evidence,0.00628,60,23792750,0.00554,0.6671,0.012,7e-05
30801,unresolved,0.07039,1652,707590964,0.16475,0.2317,0.244,0.0181
30808,no_patoshi_evidence,0.00628,538,161300845,0.03756,0.3649,0.056,0.00035
30820,no_patoshi_evidence,0.00019,692,296869277,0.06912,0.4066,0.109,2e-05
30827,unresolved,0.07039,310,92489783,0.02153,0.8715,0.056,0.00423
30830,no_patoshi_evidence,0.00019,1782,534953328,0.12455,0.497,0.244,5e-05
30831,unresolved,0.07039,757,190215197,0.04429,0.838,0.109,0.00819
30832,no_patoshi_evidence,0.00628,226,62620667,0.01458,0.5413,0.029,0.00018
30837,no_patoshi_evidence,0.00019,1149,340307584,0.07923,0.2413,0.109,2e-05
30838,no_patoshi_evidence,0.00019,160,46923248,0.01093,0.7682,0.029,1e-05
30839,unresolved,0.07039,725,312908568,0.07285,0.346,0.109,0.00819
30844,no_patoshi_evidence,0.00628,297,86251787,0.02008,0.2303,0.029,0.00018
30848,no_patoshi_evidence,0.00019,231,67489430,0.01571,0.4729,0.029,1e-05
30851,no_patoshi_evidence,0.00019,312,62172882,0.01448,0.9496,0.056,1e-05
30852,unresolved,0.07039,471,139810845,0.03255,0.5378,0.056,0.00423
30856,no_patoshi_evidence,0.00019,84,18869941,0.00439,0.8035,0.012,0.0
30865,no_patoshi_evidence,0.00019,165,47247469,0.011,0.7643,0.029,1e-05
30868,unresolved,0.07039,1204,256163639,0.05964,0.9258,0.244,0.0181
30870,no_patoshi_evidence,0.00628,304,85333938,0.01987,0.8967,0.056,0.00035
30874,no_patoshi_evidence,0.00019,200,58761433,0.01368,0.5979,0.029,1e-05
30877,no_patoshi_evidence,0.00628,468,177088923,0.04123,0.2616,0.056,0.00035
30879,no_patoshi_evidence,0.00628,133,37042189,0.00862,0.8903,0.029,0.00018
30880,no_patoshi_evidence,0.00628,984,277074243,0.06451,0.4843,0.109,0.00069
30881,no_patoshi_evidence,0.00019,135,52371154,0.01219,0.687,0.029,1e-05
30886,no_patoshi_evidence,0.00019,1310,390629280,0.09095,0.7967,0.244,5e-05
30887,no_patoshi_evidence,0.00019,341,102406322,0.02384,0.8256,0.056,1e-05
30892,no_patoshi_evidence,0.0,688,72632465,0.01691,0.9702,0.109,0.0
30899,no_patoshi_evidence,0.0,50,40911,1e-05,1.0,0.006,0.0
30908,unresolved,0.07039,118,71459603,0.01664,0.0025,19.776,0.59959
30922,no_patoshi_evidence,0.00019,482,147028027,0.03423,0.4778,0.056,1e-05
30930,no_patoshi_evidence,0.00019,925,278735176,0.0649,0.4766,0.109,2e-05
30941,no_patoshi_evidence,0.00019,1166,323628761,0.07535,0.3014,0.109,2e-05
30944,no_patoshi_evidence,0.00019,221,63489631,0.01478,0.5285,0.029,1e-05
30958,no_patoshi_evidence,0.00019,853,257339511,0.05992,0.5802,0.109,2e-05
30969,unresolved,0.07039,1160,483202054,0.1125,0.0259,17.929,0.57583
30978,no_patoshi_evidence,0.00019,132,50760542,0.01182,0.7116,0.029,1e-05
30998,no_patoshi_evidence,0.00019,804,335420335,0.0781,0.2601,0.109,2e-05
31010,no_patoshi_evidence,0.0,514,88001932,0.02049,0.8906,0.056,0.0
31012,no_patoshi_evidence,0.00019,698,88816879,0.02068,0.9625,0.109,2e-05
31016,no_patoshi_evidence,0.00019,103,30957149,0.00721,0.398,0.012,0.0
31036,no_patoshi_evidence,0.00019,343,101023955,0.02352,0.8332,0.056,1e-05
31037,no_patoshi_evidence,0.00019,359,98278072,0.02288,0.8478,0.056,1e-05
31040,unresolved,0.07039,246,71709238,0.0167,0.405,0.029,0.00216
31041,unresolved,0.07039,127,39932957,0.0093,0.8563,0.029,0.00216
31046,no_patoshi_evidence,0.00019,484,127742659,0.02974,0.6361,0.056,1e-05
31048,no_patoshi_evidence,0.0,96,13200325,0.00307,0.9199,0.012,0.0
31051,unresolved,0.07039,290,76886804,0.0179,0.343,0.029,0.00216
31052,unresolved,0.07039,94,27317792,0.00636,0.5181,0.012,0.00089
31055,no_patoshi_evidence,0.00628,583,172491637,0.04016,0.2949,0.056,0.00035
31066,no_patoshi_evidence,0.0,875,122782355,0.02859,0.9416,0.109,0.0
31069,no_patoshi_evidence,0.0,180,26257099,0.00611,0.9537,0.029,0.0
31075,no_patoshi_evidence,0.00019,2,1660277,0.00039,0.8131,0.003,0.0
31078,no_patoshi_evidence,0.0,75,18155086,0.00423,0.8348,0.012,0.0
31079,unresolved,0.00027,44,6961974,0.00162,0.8824,0.006,0.0
31093,no_patoshi_evidence,0.00019,1034,312907691,0.07285,0.346,0.109,2e-05
31097,unresolved,0.07039,12,3792428,0.00088,0.5639,0.003,0.00023
31098,no_patoshi_evidence,0.0,-3,970152,0.00023,,,0.0
31114,no_patoshi_evidence,0.00019,98,30259356,0.00705,0.4255,0.012,0.0
31126,no_patoshi_evidence,0.00019,18,1369663,0.00032,0.8536,0.003,0.0
31134,no_patoshi_evidence,0.0,326,145565536,0.03389,0.4864,0.056,0.0
31143,no_patoshi_evidence,0.00019,1090,325331615,0.07575,0.2937,0.109,2e-05
31148,no_patoshi_evidence,0.0,1,194534,5e-05,0.9782,0.003,0.0
31149,no_patoshi_evidence,0.0,1218,538470226,0.12537,0.4888,0.244,0.0
31155,unresolved,0.07039,269,100457012,0.02339,0.1206,0.029,0.00216
31160,no_patoshi_evidence,0.00019,272,79945561,0.01861,0.3041,0.029,1e-05
31176,unresolved,0.07039,1183,322608429,0.07511,0.3058,0.109,0.00819
31177,no_patoshi_evidence,0.00019,141,40835317,0.00951,0.845,0.029,1e-05
31180,unresolved,0.00027,264,62975276,0.01466,0.5359,0.029,1e-05
31198,no_patoshi_evidence,0.00019,848,243801155,0.05676,0.643,0.109,2e-05
31226,no_patoshi_evidence,0.0,171,63536822,0.01479,0.5281,0.029,0.0
31229,unresolved,0.00027,923,236014642,0.05495,0.6848,0.109,3e-05
31247,no_patoshi_evidence,0.0,292,31270806,0.00728,0.9316,0.029,0.0
31260,no_patoshi_evidence,0.00019,372,172509557,0.04017,0.2944,0.056,1e-05
31262,no_patoshi_evidence,0.0,228,90694384,0.02112,0.1934,0.029,0.0
31264,no_patoshi_evidence,0.00019,236,68940368,0.01605,0.4503,0.029,1e-05
31268,no_patoshi_evidence,0.00019,182,54012686,0.01258,0.6639,0.029,1e-05
31275,no_patoshi_evidence,0.0,754,162544256,0.03785,0.9047,0.109,0.0
31278,no_patoshi_evidence,0.00019,287,129201140,0.03008,0.0221,19.456,0.00368
31290,no_patoshi_evidence,0.00019,997,296135021,0.06895,0.4088,0.109,2e-05
31291,no_patoshi_evidence,0.0,399,64061414,0.01492,0.9461,0.056,0.0
31292,no_patoshi_evidence,0.00019,56,24047047,0.0056,0.0588,0.006,0.0
31293,no_patoshi_evidence,0.00019,336,105002581,0.02445,0.8075,0.056,1e-05
31297,no_patoshi_evidence,0.0,49,8168334,0.0019,0.8188,0.006,0.0
31299,no_patoshi_evidence,0.00019,219,65122467,0.01516,0.5094,0.029,1e-05
31301,no_patoshi_evidence,0.0,55,7708629,0.00179,0.8376,0.006,0.0
31302,no_patoshi_evidence,0.0,1230,198210000,0.04615,0.9492,0.244,0.0
31305,no_patoshi_evidence,0.00019,54,15978742,0.00372,0.2965,0.006,0.0
31307,no_patoshi_evidence,0.0,889,262612655,0.06114,0.5537,0.109,0.0
31328,unresolved,0.07039,885,320507396,0.07462,0.3135,0.109,0.00819
31335,no_patoshi_evidence,0.00019,329,117228474,0.02729,0.7303,0.056,1e-05
31339,no_patoshi_evidence,0.00019,565,204161723,0.04754,0.1285,0.056,1e-05
31341,no_patoshi_evidence,2e-05,868,221838307,0.05165,0.7427,0.109,0.0
31349,no_patoshi_evidence,0.00019,187,56427339,0.01314,0.6329,0.029,1e-05
31355,no_patoshi_evidence,0.0,478,183212150,0.04266,0.2308,0.056,0.0
31358,no_patoshi_evidence,0.00019,1013,305828805,0.07121,0.3697,0.109,2e-05
31362,unresolved,0.07039,480,100301091,0.02335,0.8387,0.056,0.00423
31365,no_patoshi_evidence,2e-05,320,45626996,0.01062,0.9682,0.056,0.0
31367,no_patoshi_evidence,0.00019,204,63127905,0.0147,0.533,0.029,1e-05
31368,no_patoshi_evidence,0.0,1163,296604573,0.06906,0.4083,0.109,0.0
31370,no_patoshi_evidence,0.00628,475,148120456,0.03449,0.4703,0.056,0.00035
31371,unresolved,0.07039,11,3302694,0.00077,0.5888,0.003,0.00023
31372,unresolved,0.00027,270,106669103,0.02484,0.0856,0.029,1e-05
31391,unresolved,0.07039,590,30245640,0.00704,0.9839,0.056,0.00423
31404,unresolved,0.00027,444,61831987,0.0144,0.9496,0.056,2e-05
31419,no_patoshi_evidence,0.00019,1440,426852265,0.09938,0.7256,0.244,5e-05
31439,unresolved,0.00027,126,51998979,0.01211,0.6905,0.029,1e-05
31446,no_patoshi_evidence,0.00019,939,277271953,0.06456,0.4837,0.109,2e-05
31447,no_patoshi_evidence,0.00019,163,48608452,0.01132,0.7466,0.029,1e-05
31458,no_patoshi_evidence,0.00019,187,54055743,0.01259,0.6639,0.029,1e-05
31477,no_patoshi_evidence,0.0,735,169654610,0.0395,0.8887,0.109,0.0
31491,no_patoshi_evidence,0.0,58,13782598,0.00321,0.4565,0.006,0.0
31493,no_patoshi_evidence,0.00019,785,234359465,0.05457,0.6915,0.109,2e-05
31494,no_patoshi_evidence,0.00019,185,56212705,0.01309,0.6348,0.029,1e-05
31496,no_patoshi_evidence,0.0,737,85842778,0.01999,0.9647,0.109,0.0
31498,no_patoshi_evidence,0.0,1163,367285725,0.08552,0.1747,0.109,0.0
31505,no_patoshi_evidence,0.00019,401,87498666,0.02037,0.8916,0.056,1e-05
31506,unresolved,0.00027,677,68003878,0.01583,0.9736,0.109,3e-05
31509,no_patoshi_evidence,0.00019,834,258246593,0.06013,0.5774,0.109,2e-05
31510,no_patoshi_evidence,0.00019,48,14339909,0.00334,0.4141,0.006,0.0
31521,no_patoshi_evidence,0.00019,701,209488822,0.04878,0.7928,0.109,2e-05
31522,no_patoshi_evidence,0.00019,618,192382880,0.04479,0.8353,0.109,2e-05
31524,no_patoshi_evidence,0.00019,169,51277837,0.01194,0.7013,0.029,1e-05
31526,no_patoshi_evidence,0.00019,754,226123889,0.05265,0.724,0.109,2e-05
31534,no_patoshi_evidence,0.0,100,41504702,0.00966,0.1202,0.012,0.0
31536,unresolved,0.00027,254,63202844,0.01472,0.5325,0.029,1e-05
31553,unresolved,0.07039,3076,919139128,0.214,0.0783,0.244,0.0181
31560,no_patoshi_evidence,0.00019,85,25167709,0.00586,0.6045,0.012,0.0
31593,no_patoshi_evidence,0.00019,1227,376815761,0.08773,0.8181,0.244,5e-05
31596,no_patoshi_evidence,0.00019,101,31914509,0.00743,0.3742,0.012,0.0
31599,no_patoshi_evidence,0.00019,778,233073112,0.05427,0.6975,0.109,2e-05
31637,no_patoshi_evidence,0.0,818,245799514,0.05723,0.6353,0.109,0.0
31640,no_patoshi_evidence,0.00019,41,13527785,0.00315,0.4659,0.006,0.0
31646,no_patoshi_evidence,0.00019,421,50667220,0.0118,0.9637,0.056,1e-05
31648,no_patoshi_evidence,0.00019,427,48846450,0.01137,0.9652,0.056,1e-05
31650,no_patoshi_evidence,0.00019,4,3982,0.0,0.9969,0.003,0.0
31654,no_patoshi_evidence,0.00019,549,227201383,0.0529,0.0565,0.056,1e-05
31666,no_patoshi_evidence,0.00019,551,229373771,0.05341,0.0489,18.935,0.00359
31673,no_patoshi_evidence,0.0,216,87539337,0.02038,0.2219,0.029,0.0
31676,unresolved,0.00027,11,3305494,0.00077,0.5888,0.003,0.0
31679,unresolved,0.07039,96,34582834,0.00805,0.2904,0.012,0.00089
31680,no_patoshi_evidence,0.0,92,39423300,0.00918,0.1552,0.012,0.0
31681,no_patoshi_evidence,0.00628,79,27625211,0.00643,0.5044,0.012,7e-05
31686,no_patoshi_evidence,0.00019,79,23419754,0.00545,0.6796,0.012,0.0
31692,no_patoshi_evidence,0.00019,137,41560530,0.00968,0.8386,0.029,1e-05
31704,no_patoshi_evidence,0.00019,448,134041611,0.03121,0.5892,0.056,1e-05
31706,no_patoshi_evidence,0.00019,389,68576943,0.01597,0.939,0.056,1e-05
31716,no_patoshi_evidence,0.00019,414,164064467,0.0382,0.3438,0.056,1e-05
31720,no_patoshi_evidence,0.0,86,30866422,0.00719,0.403,0.012,0.0
31722,no_patoshi_evidence,0.00019,229,85291492,0.01986,0.2392,0.029,1e-05
31723,no_patoshi_evidence,0.00019,296,91550809,0.02132,0.1865,0.029,1e-05
31724,no_patoshi_evidence,0.00019,187,56864895,0.01324,0.626,0.029,1e-05
31726,unresolved,0.07039,122,36832020,0.00858,0.8912,0.029,0.00216
31739,no_patoshi_evidence,0.00019,89,31377613,0.00731,0.3892,0.012,0.0
31740,unresolved,0.07039,164,68356390,0.01592,0.4572,0.029,0.00216
31742,no_patoshi_evidence,0.00628,114,32774125,0.00763,0.3479,0.012,7e-05
31745,no_patoshi_evidence,2e-05,66,22662769,0.00528,0.7134,0.012,0.0
31747,unresolved,0.07039,522,159233798,0.03707,0.3805,0.056,0.00423
31749,no_patoshi_evidence,0.00628,195,57645991,0.01342,0.6142,0.029,0.00018
31751,no_patoshi_evidence,0.00628,94,31862335,0.00742,0.3755,0.012,7e-05
31758,no_patoshi_evidence,0.00019,231,73361347,0.01708,0.3829,0.029,1e-05
31765,no_patoshi_evidence,0.00019,797,326136564,0.07593,0.2904,0.109,2e-05
31770,no_patoshi_evidence,0.00019,315,126696547,0.0295,0.6467,0.056,1e-05
31777,unresolved,0.07039,1155,472851251,0.11009,0.0303,17.929,0.57583
31786,unresolved,0.07039,93,27910432,0.0065,0.4969,0.012,0.00089
31815,no_patoshi_evidence,0.00019,112,40506564,0.00943,0.1339,0.012,0.0
31817,no_patoshi_evidence,0.00019,1563,195520696,0.04552,0.9512,0.244,5e-05
31828,no_patoshi_evidence,0.00019,56,17919371,0.00417,0.1953,0.006,0.0
31831,no_patoshi_evidence,0.00019,1055,415804075,0.09681,0.0837,0.109,2e-05
31832,no_patoshi_evidence,0.00019,323,127185498,0.02961,0.6436,0.056,1e-05
31834,no_patoshi_evidence,0.00019,886,346349679,0.08064,0.2325,0.109,2e-05
31847,no_patoshi_evidence,0.0,167,59246910,0.01379,0.5896,0.029,0.0
31848,no_patoshi_evidence,0.00019,376,112802391,0.02626,0.7601,0.056,1e-05
31849,no_patoshi_evidence,0.00019,376,51575441,0.01201,0.9617,0.056,1e-05
31850,no_patoshi_evidence,0.00019,107,32545347,0.00758,0.3579,0.012,0.0
31852,unresolved,0.07039,924,280131115,0.06522,0.4705,0.109,0.00819
31853,added_possible,0.71937,248,77690928,0.01809,0.3307,0.029,0.06833
31862,unresolved,0.07039,679,267218979,0.06222,0.5311,0.109,0.00819
31863,no_patoshi_evidence,0.0,117,41731302,0.00972,0.1189,0.012,0.0
31864,no_patoshi_evidence,0.0,3414,1320878252,0.30754,0.0041,15.373,2e-05
31875,unresolved,0.07039,921,296968200,0.06914,0.4066,0.109,0.00819
31883,no_patoshi_evidence,0.00019,425,126288502,0.0294,0.6507,0.056,1e-05
31884,unresolved,0.07039,816,246075957,0.05729,0.6342,0.109,0.00819
31890,no_patoshi_evidence,0.00019,71,24464201,0.0057,0.637,0.012,0.0
31894,no_patoshi_evidence,0.00019,165,33646334,0.00783,0.9163,0.029,1e-05
31895,unresolved,0.07039,48,14496796,0.00338,0.4071,0.006,0.00046
31896,no_patoshi_evidence,0.00628,39,11678397,0.00272,0.6447,0.006,4e-05
31901,no_patoshi_evidence,0.00019,517,156422314,0.03642,0.4037,0.056,1e-05
31907,unresolved,0.07039,163,39540764,0.00921,0.8612,0.029,0.00216
31915,no_patoshi_evidence,0.00019,26,2958546,0.00069,0.6324,0.003,0.0
31918,no_patoshi_evidence,0.00019,774,231100025,0.05381,0.7041,0.109,2e-05
31933,unresolved,0.07039,56,17068326,0.00397,0.2471,0.006,0.00046
31947,no_patoshi_evidence,0.00019,173,52098198,0.01213,0.69,0.029,1e-05
31954,no_patoshi_evidence,0.00019,1458,439906909,0.10242,0.6931,0.244,5e-05
31955,no_patoshi_evidence,0.00019,2387,720986636,0.16787,0.2256,0.244,5e-05
31959,no_patoshi_evidence,0.00019,667,199805671,0.04652,0.8198,0.109,2e-05
31960,no_patoshi_evidence,0.00019,2556,767531281,0.1787,0.1778,0.244,5e-05
31964,no_patoshi_evidence,0.00019,978,369149505,0.08595,0.1713,0.109,2e-05
31965,no_patoshi_evidence,0.00019,281,106479051,0.02479,0.0856,0.029,1e-05
31977,no_patoshi_evidence,0.00019,779,194473847,0.04528,0.8303,0.109,2e-05
31980,no_patoshi_evidence,0.00019,1333,18437990,0.00429,0.997,0.244,5e-05
31982,no_patoshi_evidence,0.00019,191,71364602,0.01662,0.4099,0.029,1e-05
31983,no_patoshi_evidence,0.00019,546,157006975,0.03656,0.3992,0.056,1e-05
31987,no_patoshi_evidence,0.00019,37,10070965,0.00234,0.7576,0.006,0.0
31992,no_patoshi_evidence,0.00019,-3173,121433168,0.02827,,,0.00019
31998,no_patoshi_evidence,0.00019,1069,322397086,0.07506,0.3063,0.109,2e-05
32002,no_patoshi_evidence,0.00019,294,86635646,0.02017,0.2264,0.029,1e-05
32003,no_patoshi_evidence,0.00019,1105,332677782,0.07746,0.2727,0.109,2e-05
32009,unresolved,0.07039,-3515,24846892,0.00579,,,0.07039
32014,no_patoshi_evidence,0.00019,1082,325902965,0.07588,0.2926,0.109,2e-05
32018,no_patoshi_evidence,0.00019,265,79653320,0.01855,0.3066,0.029,1e-05
32031,no_patoshi_evidence,0.00019,850,254193532,0.05918,0.5939,0.109,2e-05
32043,unresolved,0.07039,244,74146328,0.01726,0.3735,0.029,0.00216
32055,no_patoshi_evidence,0.00628,311,15830633,0.00369,0.996,0.056,0.00035
32057,no_patoshi_evidence,0.00628,550,164691880,0.03835,0.3387,0.056,0.00035
32062,no_patoshi_evidence,0.00628,313,93754205,0.02183,0.8659,0.056,0.00035
32063,unresolved,0.07039,739,222445861,0.05179,0.7399,0.109,0.00819
32065,no_patoshi_evidence,0.00628,745,231332422,0.05386,0.7036,0.109,0.00069
32068,no_patoshi_evidence,0.0,669,140416112,0.03269,0.9256,0.109,0.0
32087,no_patoshi_evidence,0.0,342,132461744,0.03084,0.6069,0.056,0.0
32094,unresolved,0.07039,158,45584156,0.01061,0.784,0.029,0.00216
32098,no_patoshi_evidence,0.00019,86,25539071,0.00595,0.5845,0.012,0.0
32099,no_patoshi_evidence,0.00019,100,29920579,0.00697,0.433,0.012,0.0
32103,no_patoshi_evidence,0.00019,163,59516414,0.01386,0.5861,0.029,1e-05
32133,unresolved,0.07039,709,215411000,0.05015,0.7725,0.109,0.00819
32134,no_patoshi_evidence,0.00628,1039,320619328,0.07465,0.3129,0.109,0.00069
32135,no_patoshi_evidence,0.00628,187,56568729,0.01317,0.6289,0.029,0.00018
32138,no_patoshi_evidence,0.00019,306,91180712,0.02123,0.879,0.056,1e-05
32141,no_patoshi_evidence,0.0,453,123726349,0.02881,0.6729,0.056,0.0
32159,no_patoshi_evidence,0.00019,1990,596268644,0.13883,0.375,0.244,5e-05
32160,no_patoshi_evidence,0.00019,571,215296321,0.05013,0.0882,0.056,1e-05
32161,no_patoshi_evidence,0.0,225,89201572,0.02077,0.2052,0.029,0.0
32168,no_patoshi_evidence,0.00019,32,9319350,0.00217,0.7835,0.006,0.0
32170,no_patoshi_evidence,0.00019,510,154409168,0.03595,0.4153,0.056,1e-05
32171,no_patoshi_evidence,0.00019,1176,354592136,0.08256,0.2105,0.109,2e-05
32172,no_patoshi_evidence,0.00019,360,138301913,0.0322,0.5534,0.056,1e-05
32179,unresolved,0.07039,1560,468526905,0.10909,0.6474,0.244,0.0181
32204,no_patoshi_evidence,0.00019,422,82646858,0.01924,0.9037,0.056,1e-05
32208,no_patoshi_evidence,0.0,238,48147280,0.01121,0.7539,0.029,0.0
32210,no_patoshi_evidence,0.00019,61,17491168,0.00407,0.8473,0.012,0.0
32213,no_patoshi_evidence,0.00019,239,73305984,0.01707,0.3839,0.029,1e-05
32220,no_patoshi_evidence,0.00019,54,16416011,0.00382,0.2706,0.006,0.0
32223,no_patoshi_evidence,0.00019,1313,394075505,0.09175,0.7907,0.244,5e-05
32225,no_patoshi_evidence,0.00019,1541,474187702,0.11041,0.6291,0.244,5e-05
32226,no_patoshi_evidence,0.00019,65,19382470,0.00451,0.7922,0.012,0.0
32229,no_patoshi_evidence,0.00019,99,28836198,0.00671,0.4656,0.012,0.0
32230,unresolved,0.07039,219,65114681,0.01516,0.5098,0.029,0.00216
32234,no_patoshi_evidence,0.00628,382,8779329,0.00204,0.998,0.056,0.00035
32245,no_patoshi_evidence,2e-05,134,27581263,0.00642,0.9488,0.029,0.0
32248,no_patoshi_evidence,0.00628,138,42326762,0.00985,0.8317,0.029,0.00018
32251,no_patoshi_evidence,0.00019,85,26883742,0.00626,0.5394,0.012,0.0
32254,no_patoshi_evidence,0.00628,63,19146900,0.00446,0.7997,0.012,7e-05
32256,no_patoshi_evidence,0.0,725,121087187,0.02819,0.9449,0.109,0.0
32257,unresolved,0.07039,888,274675219,0.06395,0.4959,0.109,0.00819
32260,no_patoshi_evidence,0.00019,159,47165666,0.01098,0.7643,0.029,1e-05
32274,no_patoshi_evidence,0.0,205,40114848,0.00934,0.8538,0.029,0.0
32277,no_patoshi_evidence,0.00019,860,254637116,0.05929,0.5901,0.109,2e-05
32289,no_patoshi_evidence,0.00019,563,218760044,0.05093,0.0817,0.056,1e-05
32293,no_patoshi_evidence,0.00019,1407,418736192,0.09749,0.7449,0.244,5e-05
32297,unresolved,0.07039,413,158122021,0.03682,0.3891,0.056,0.00423
32300,no_patoshi_evidence,0.00628,230,86961484,0.02025,0.2239,0.029,0.00018
32306,no_patoshi_evidence,0.00019,84,25168395,0.00586,0.6045,0.012,0.0
32309,no_patoshi_evidence,0.00019,1606,629439477,0.14655,0.3272,0.244,5e-05
32313,no_patoshi_evidence,0.0,331,77207104,0.01798,0.9219,0.056,0.0
32335,no_patoshi_evidence,0.0,437,104104043,0.02424,0.8115,0.056,0.0
32342,unresolved,0.07039,67,14601984,0.0034,0.8986,0.012,0.00089
32350,no_patoshi_evidence,0.0,57,12477906,0.00291,0.5718,0.006,0.0
32357,no_patoshi_evidence,0.0,267,42654547,0.00993,0.8282,0.029,0.0
32360,unresolved,0.00027,618,191298100,0.04454,0.8369,0.109,3e-05
32361,no_patoshi_evidence,0.00019,647,163681382,0.03811,0.9019,0.109,2e-05
32362,no_patoshi_evidence,0.00019,525,157344375,0.03663,0.3967,0.056,1e-05
32372,no_patoshi_evidence,0.00019,909,272022443,0.06334,0.5096,0.109,2e-05
32375,no_patoshi_evidence,0.0,398,157853653,0.03675,0.3921,0.056,0.0
32377,no_patoshi_evidence,0.00019,354,104996272,0.02445,0.8075,0.056,1e-05
32388,no_patoshi_evidence,0.00019,1043,312381435,0.07273,0.3493,0.109,2e-05
32392,no_patoshi_evidence,0.00019,585,176025068,0.04098,0.2671,0.056,1e-05
32405,unresolved,0.00027,386,115517752,0.0269,0.7424,0.056,2e-05
32423,unresolved,0.07039,265,80880941,0.01883,0.2958,0.029,0.00216
32432,no_patoshi_evidence,0.00628,1037,313532386,0.073,0.3438,0.109,0.00069
32448,no_patoshi_evidence,0.0,20,3973547,0.00093,0.5514,0.003,0.0
32451,unresolved,0.00027,112,26210853,0.0061,0.5582,0.012,0.0
32454,no_patoshi_evidence,0.00019,164,50327409,0.01172,0.7215,0.029,1e-05
32456,no_patoshi_evidence,0.0,1109,321735083,0.07491,0.3085,0.109,0.0
32477,unresolved,0.07039,3683,81524482,0.01898,0.8269,0.432,0.03169
32487,no_patoshi_evidence,0.00019,1519,233334180,0.05433,0.9319,0.244,5e-05
32488,no_patoshi_evidence,0.00019,69,20819856,0.00485,0.7572,0.012,0.0
32497,no_patoshi_evidence,0.0,540,126750854,0.02951,0.6462,0.056,0.0
32512,unresolved,0.01036,503,152236313,0.03545,0.437,0.056,0.00059
32513,no_patoshi_evidence,3e-05,2015,627078467,0.146,0.3283,0.244,1e-05
32515,unresolved,0.01036,301,90858264,0.02115,0.88,0.056,0.00059
32518,unresolved,4e-05,128,45989409,0.01071,0.7771,0.029,0.0
32521,no_patoshi_evidence,3e-05,96,29960433,0.00698,0.4318,0.012,0.0
32529,no_patoshi_evidence,4e-05,265,83087336,0.01935,0.2682,0.029,0.0
32530,no_patoshi_evidence,4e-05,41,12367573,0.00288,0.5741,0.006,0.0
32537,no_patoshi_evidence,3e-05,363,104977392,0.02444,0.808,0.056,0.0
32548,no_patoshi_evidence,3e-05,873,261959667,0.06099,0.5581,0.109,0.0
32552,no_patoshi_evidence,3e-05,955,282751407,0.06583,0.4606,0.109,0.0
32556,no_patoshi_evidence,3e-05,1041,314201238,0.07316,0.341,0.109,0.0
32563,no_patoshi_evidence,0.0,262,78919150,0.01837,0.3145,0.029,0.0
32570,unresolved,0.01036,608,147686961,0.03439,0.9212,0.109,0.00114
32575,no_patoshi_evidence,3e-05,106,30904233,0.0072,0.403,0.012,0.0
32577,no_patoshi_evidence,0.0,3711,41993538,0.00978,0.9423,0.432,0.0
32594,no_patoshi_evidence,3e-05,388,110919416,0.02583,0.7707,0.056,0.0
32616,unresolved,0.01036,833,249608983,0.05812,0.6143,0.109,0.00114
32619,no_patoshi_evidence,3e-05,165,47394115,0.01103,0.7633,0.029,0.0
32624,no_patoshi_evidence,3e-05,2020,604159125,0.14067,0.3638,0.244,1e-05
32626,no_patoshi_evidence,3e-05,367,68394079,0.01592,0.939,0.056,0.0
32638,no_patoshi_evidence,0.00087,22,7580223,0.00176,0.243,0.003,0.0
32642,unresolved,0.01036,-2951,190549017,0.04437,,,0.01036
32643,unresolved,4e-05,1468,224870433,0.05236,0.938,0.244,1e-05
32649,no_patoshi_evidence,0.0,2216,879463381,0.20477,0.0986,0.244,0.0
32661,no_patoshi_evidence,3e-05,-66,13815403,0.00322,,,3e-05
32667,unresolved,4e-05,103,30058776,0.007,0.4293,0.012,0.0
32673,unresolved,0.01036,612,183929643,0.04282,0.8556,0.109,0.00114
32674,no_patoshi_evidence,3e-05,190,58981254,0.01373,0.5925,0.029,0.0
32676,no_patoshi_evidence,3e-05,-82,8804511,0.00205,,,3e-05
32682,no_patoshi_evidence,3e-05,-15,28875697,0.00672,,,3e-05
32689,no_patoshi_evidence,0.0,620,126707293,0.0295,0.9366,0.109,0.0
32699,no_patoshi_evidence,3e-05,789,268624533,0.06254,0.5256,0.109,0.0
32737,no_patoshi_evidence,3e-05,148,44599680,0.01038,0.8031,0.029,0.0
32749,no_patoshi_evidence,3e-05,542,136161753,0.0317,0.5696,0.056,0.0
32753,no_patoshi_evidence,0.0,1366,473283285,0.11019,0.6311,0.244,0.0
32757,no_patoshi_evidence,3e-05,294,37903543,0.00883,0.8814,0.029,0.0
32761,unresolved,0.01036,20,6218010,0.00145,0.3209,0.003,3e-05
32762,unresolved,0.26167,468,131736865,0.03067,0.6134,0.056,0.01948
32764,no_patoshi_evidence,0.00087,72,16023645,0.00373,0.8773,0.012,1e-05
32765,no_patoshi_evidence,3e-05,2923,638791350,0.14873,0.314,0.244,1e-05
32768,no_patoshi_evidence,0.00087,114,34840968,0.00811,0.2804,0.012,1e-05
32769,unresolved,0.01036,120,37296693,0.00868,0.8873,0.029,0.0003
32771,no_patoshi_evidence,3e-05,283,84772588,0.01974,0.2446,0.029,0.0
32774,unresolved,4e-05,57,17287683,0.00403,0.2353,0.006,0.0
32778,no_patoshi_evidence,0.0,55,15233686,0.00355,0.3529,0.006,0.0
32788,unresolved,0.01036,680,167469605,0.03899,0.8948,0.109,0.00114
32792,no_patoshi_evidence,0.00087,1096,399206666,0.09295,0.1107,0.109,9e-05
32796,no_patoshi_evidence,0.0,2636,387630250,0.09025,0.8069,0.244,0.0
32799,no_patoshi_evidence,3e-05,124,38244748,0.0089,0.876,0.029,0.0
32810,no_patoshi_evidence,3e-05,195,18992297,0.00442,0.9759,0.029,0.0
32811,no_patoshi_evidence,0.0,283,66246529,0.01542,0.4956,0.029,0.0
32814,no_patoshi_evidence,0.0,1300,119394620,0.0278,0.9766,0.244,0.0
32815,no_patoshi_evidence,3e-05,893,266533768,0.06206,0.5344,0.109,0.0
32828,no_patoshi_evidence,3e-05,468,141555190,0.03296,0.5237,0.056,0.0
32830,no_patoshi_evidence,3e-05,1231,309928337,0.07216,0.8913,0.244,1e-05
32833,unresolved,4e-05,74,23589145,0.00549,0.6721,0.012,0.0
32838,no_patoshi_evidence,3e-05,368,104635899,0.02436,0.8095,0.056,0.0
32850,unresolved,0.01036,823,236573220,0.05508,0.6848,0.109,0.00114
32872,no_patoshi_evidence,0.0,124,39289920,0.00915,0.8637,0.029,0.0
32876,no_patoshi_evidence,0.0,756,320327628,0.07458,0.3146,0.109,0.0
32880,no_patoshi_evidence,3e-05,380,114565887,0.02667,0.747,0.056,0.0
32888,no_patoshi_evidence,3e-05,122,37454020,0.00872,0.8858,0.029,0.0
32897,no_patoshi_evidence,3e-05,253,74785231,0.01741,0.3706,0.029,0.0
32899,no_patoshi_evidence,0.00087,714,213892667,0.0498,0.778,0.109,9e-05
32900,unresolved,0.01036,243,73508361,0.01711,0.3824,0.029,0.0003
32910,no_patoshi_evidence,0.0,31,6506510,0.00151,0.8965,0.006,0.0
32913,no_patoshi_evidence,3e-05,1396,421972158,0.09825,0.7378,0.244,1e-05
32942,unresolved,4e-05,98,37691706,0.00878,0.1977,0.012,0.0
32954,no_patoshi_evidence,3e-05,883,265231677,0.06175,0.541,0.109,0.0
32961,no_patoshi_evidence,3e-05,345,96724809,0.02252,0.8533,0.056,0.0
32962,no_patoshi_evidence,3e-05,158,45533665,0.0106,0.7849,0.029,0.0
32965,no_patoshi_evidence,3e-05,948,257033450,0.05985,0.5824,0.109,0.0
32973,no_patoshi_evidence,0.0,587,235139647,0.05475,0.0383,18.935,2e-05
32975,no_patoshi_evidence,3e-05,369,103083930,0.024,0.8175,0.056,0.0
32981,no_patoshi_evidence,3e-05,279,82352032,0.01917,0.2785,0.029,0.0
32992,unresolved,4e-05,275,60578099,0.0141,0.5719,0.029,0.0
32994,no_patoshi_evidence,0.00087,363,110971461,0.02584,0.7702,0.056,5e-05
32996,unresolved,0.01036,217,64459569,0.01501,0.5167,0.029,0.0003
33007,no_patoshi_evidence,3e-05,736,215525645,0.05018,0.7719,0.109,0.0
33010,no_patoshi_evidence,3e-05,58,12868346,0.003,0.5318,0.006,0.0
33013,no_patoshi_evidence,3e-05,701,211317678,0.0492,0.7851,0.109,0.0
33020,no_patoshi_evidence,3e-05,1370,410524884,0.09558,0.7602,0.244,1e-05
33027,unresolved,0.01036,67,16242996,0.00378,0.8748,0.012,0.00012
33029,unresolved,0.01036,1656,491889441,0.11453,0.5986,0.244,0.00254
33033,no_patoshi_evidence,3e-05,191,54769386,0.01275,0.6565,0.029,0.0
33034,no_patoshi_evidence,3e-05,1231,351681810,0.08188,0.8496,0.244,1e-05
33036,no_patoshi_evidence,0.0,63,12000065,0.00279,0.9337,0.012,0.0
33043,no_patoshi_evidence,3e-05,378,109082697,0.0254,0.7848,0.056,0.0
33046,no_patoshi_evidence,3e-05,12,2390947,0.00056,0.7134,0.003,0.0
33050,no_patoshi_evidence,3e-05,39,10515423,0.00245,0.7247,0.006,0.0
33061,unresolved,4e-05,561,69535746,0.01619,0.9375,0.056,0.0
33067,no_patoshi_evidence,3e-05,214,92897464,0.02163,0.1762,0.029,0.0
33069,no_patoshi_evidence,0.0,339,95650285,0.02227,0.8589,0.056,0.0
33070,no_patoshi_evidence,3e-05,1337,631178971,0.14696,0.3242,0.244,1e-05
33071,no_patoshi_evidence,0.0,614,260998885,0.06077,0.5625,0.109,0.0
33098,unresolved,0.01036,275,51138309,0.01191,0.7032,0.029,0.0003
33102,no_patoshi_evidence,3e-05,536,74856944,0.01743,0.9264,0.056,0.0
33109,no_patoshi_evidence,3e-05,66,17986491,0.00419,0.8373,0.012,0.0
33116,unresolved,4e-05,887,317236489,0.07386,0.3251,0.109,0.0
33117,no_patoshi_evidence,3e-05,74,20723848,0.00483,0.7584,0.012,0.0
33119,no_patoshi_evidence,3e-05,153,71907203,0.01674,0.4031,0.029,0.0
33120,no_patoshi_evidence,3e-05,157,50367074,0.01173,0.721,0.029,0.0
33138,no_patoshi_evidence,3e-05,885,241531228,0.05624,0.6545,0.109,0.0
33142,no_patoshi_evidence,3e-05,161,21634903,0.00504,0.9685,0.029,0.0
33156,no_patoshi_evidence,3e-05,199,62556560,0.01457,0.5423,0.029,0.0
33161,no_patoshi_evidence,3e-05,23,6937748,0.00162,0.2773,0.003,0.0
33169,no_patoshi_evidence,3e-05,112,29635742,0.0069,0.4431,0.012,0.0
33174,unresolved,0.01036,95,45320193,0.01055,0.0701,0.012,0.00012
33183,unresolved,0.01036,98,39530810,0.0092,0.1539,0.012,0.00012
33186,no_patoshi_evidence,3e-05,480,226719878,0.05279,0.059,0.056,0.0
33191,no_patoshi_evidence,3e-05,37,8385909,0.00195,0.8118,0.006,0.0
33192,no_patoshi_evidence,3e-05,1358,420101607,0.09781,0.7419,0.244,1e-05
33196,no_patoshi_evidence,0.0,311,37188704,0.00866,0.9788,0.056,0.0
33202,no_patoshi_evidence,0.0,385,115781453,0.02696,0.7404,0.056,0.0
33223,no_patoshi_evidence,3e-05,627,198815365,0.04629,0.8226,0.109,0.0
33227,no_patoshi_evidence,3e-05,128,37480429,0.00873,0.8844,0.029,0.0
33231,unresolved,0.01036,110,28884013,0.00673,0.4656,0.012,0.00012
33233,no_patoshi_evidence,3e-05,154,50082016,0.01166,0.7254,0.029,0.0
33238,no_patoshi_evidence,0.0,339,38382863,0.00894,0.9778,0.056,0.0
33240,no_patoshi_evidence,0.00087,33,9851334,0.00229,0.7647,0.006,1e-05
33247,no_patoshi_evidence,0.0,167,66191346,0.01541,0.4961,0.029,0.0
33250,no_patoshi_evidence,3e-05,361,131963102,0.03073,0.6119,0.056,0.0
33254,no_patoshi_evidence,0.00087,270,87953296,0.02048,0.219,0.029,2e-05
33255,no_patoshi_evidence,0.00087,1634,402652921,0.09375,0.7693,0.244,0.00021
33268,unresolved,0.01036,305,95077634,0.02214,0.8599,0.056,0.00059
33270,unresolved,0.01036,121,37831944,0.00881,0.8814,0.029,0.0003
33276,no_patoshi_evidence,3e-05,687,219096464,0.05101,0.7554,0.109,0.0
33278,no_patoshi_evidence,3e-05,447,146003068,0.03399,0.4849,0.056,0.0
33280,no_patoshi_evidence,3e-05,477,159446945,0.03712,0.379,0.056,0.0
33292,no_patoshi_evidence,0.0,322,135244178,0.03149,0.5786,0.056,0.0
33303,no_patoshi_evidence,3e-05,166,55432897,0.01291,0.6481,0.029,0.0
33311,no_patoshi_evidence,3e-05,213,64037045,0.01491,0.5231,0.029,0.0
33312,no_patoshi_evidence,3e-05,1312,430684328,0.10028,0.7124,0.244,1e-05
33334,no_patoshi_evidence,3e-05,850,246832569,0.05747,0.6287,0.109,0.0
33335,no_patoshi_evidence,3e-05,46,13210594,0.00308,0.5012,0.006,0.0
33346,no_patoshi_evidence,3e-05,720,237204091,0.05523,0.6815,0.109,0.0
33347,no_patoshi_evidence,3e-05,472,134347127,0.03128,0.5882,0.056,0.0
33351,no_patoshi_evidence,3e-05,421,132293226,0.0308,0.6089,0.056,0.0
33372,no_patoshi_evidence,3e-05,237,78260418,0.01822,0.3223,0.029,0.0
33381,no_patoshi_evidence,3e-05,514,175178765,0.04079,0.2742,0.056,0.0
33382,no_patoshi_evidence,3e-05,61,15213127,0.00354,0.8899,0.012,0.0
33386,unresolved,0.01036,1296,170522909,0.0397,0.9624,0.244,0.00254
33387,unresolved,0.01036,92,32071726,0.00747,0.3742,0.012,0.00012
33399,unresolved,0.26167,251,86222380,0.02008,0.2308,0.029,0.01004
33404,no_patoshi_evidence,0.0,74,5279915,0.00123,0.9925,0.012,0.0
33408,no_patoshi_evidence,3e-05,363,124317331,0.02894,0.6683,0.056,0.0
33410,unresolved,0.01036,222,19920186,0.00464,0.9734,0.029,0.0003
33418,no_patoshi_evidence,0.0,1248,109048943,0.02539,0.9787,0.244,0.0
33428,no_patoshi_evidence,3e-05,406,122416871,0.0285,0.6835,0.056,0.0
33440,no_patoshi_evidence,0.0,855,258459570,0.06018,0.5741,0.109,0.0
33446,no_patoshi_evidence,0.0,172,69875575,0.01627,0.4341,0.029,0.0
33452,no_patoshi_evidence,3e-05,72,7321993,0.0017,0.975,0.012,0.0
33453,no_patoshi_evidence,3e-05,2208,633345785,0.14746,0.3211,0.244,1e-05
33454,unresolved,0.01036,1000,291255082,0.06781,0.4264,0.109,0.00114
33489,no_patoshi_evidence,0.0,1309,518952251,0.12083,0.5335,0.244,0.0
33494,no_patoshi_evidence,3e-05,2,38438203,0.00895,0.0,19.942,0.0006
33500,no_patoshi_evidence,3e-05,487,168192413,0.03916,0.3185,0.056,0.0
33501,no_patoshi_evidence,3e-05,285,44237238,0.0103,0.8056,0.029,0.0
33524,no_patoshi_evidence,3e-05,1196,401462463,0.09347,0.1074,0.109,0.0
33527,no_patoshi_evidence,3e-05,438,133870332,0.03117,0.5897,0.056,0.0
33529,no_patoshi_evidence,3e-05,354,116535899,0.02713,0.7349,0.056,0.0
33533,no_patoshi_evidence,0.0,93,22944482,0.00534,0.7009,0.012,0.0
33535,no_patoshi_evidence,3e-05,1272,325010006,0.07567,0.872,0.244,1e-05
33538,no_patoshi_evidence,0.0,93,31518351,0.00734,0.3867,0.012,0.0
33543,no_patoshi_evidence,3e-05,1670,477608778,0.1112,0.6209,0.244,1e-05
33548,no_patoshi_evidence,3e-05,14,4847428,0.00113,0.4735,0.003,0.0
33551,no_patoshi_evidence,3e-05,765,250800630,0.05839,0.6099,0.109,0.0
33555,no_patoshi_evidence,3e-05,697,83555986,0.01945,0.9675,0.109,0.0
33556,no_patoshi_evidence,3e-05,1061,359048390,0.0836,0.1978,0.109,0.0
33559,no_patoshi_evidence,3e-05,418,127263224,0.02963,0.6431,0.056,0.0
33567,no_patoshi_evidence,0.0,518,150612040,0.03507,0.4511,0.056,0.0
33571,no_patoshi_evidence,3e-05,791,268346192,0.06248,0.5256,0.109,0.0
33572,no_patoshi_evidence,3e-05,545,182912912,0.04259,0.2324,0.056,0.0
33576,no_patoshi_evidence,3e-05,229,79447765,0.0185,0.3091,0.029,0.0
33579,no_patoshi_evidence,3e-05,220,74024172,0.01724,0.3755,0.029,0.0
33581,no_patoshi_evidence,3e-05,41,14755952,0.00344,0.3835,0.006,0.0
33582,no_patoshi_evidence,3e-05,120,40689483,0.00947,0.8474,0.029,0.0
33589,unresolved,0.01036,390,111383326,0.02593,0.7686,0.056,0.00059
33590,no_patoshi_evidence,0.0,89,31766456,0.0074,0.3805,0.012,0.0
33592,unresolved,0.01036,262,102002714,0.02375,0.1078,0.029,0.0003
33596,no_patoshi_evidence,0.00087,447,116588606,0.02715,0.7344,0.056,5e-05
33597,no_patoshi_evidence,0.00087,827,228166741,0.05312,0.7152,0.109,9e-05
33599,no_patoshi_evidence,0.00087,160,62323390,0.01451,0.5463,0.029,2e-05
33603,unresolved,0.01036,1191,417623080,0.09724,0.0815,0.109,0.00114
33608,no_patoshi_evidence,3e-05,500,171052982,0.03983,0.3034,0.056,0.0
33620,no_patoshi_evidence,3e-05,251,70142787,0.01633,0.4281,0.029,0.0
33621,no_patoshi_evidence,3e-05,603,203887004,0.04747,0.8105,0.109,0.0
33625,no_patoshi_evidence,3e-05,497,180013675,0.04191,0.248,0.056,0.0
33626,unresolved,0.01036,2082,586456113,0.13654,0.3943,0.244,0.00254
33632,no_patoshi_evidence,3e-05,951,329114261,0.07663,0.2843,0.109,0.0
33643,unresolved,0.01036,95,29787431,0.00694,0.438,0.012,0.00012
33646,no_patoshi_evidence,0.00087,30,11856066,0.00276,0.6329,0.006,1e-05
33650,no_patoshi_evidence,0.00087,666,170427601,0.03968,0.8871,0.109,9e-05
33658,no_patoshi_evidence,3e-05,521,141651656,0.03298,0.5227,0.056,0.0
33659,no_patoshi_evidence,3e-05,1592,556233651,0.12951,0.4533,0.244,1e-05
33662,unresolved,0.01036,73,25377318,0.00591,0.597,0.012,0.00012
33663,no_patoshi_evidence,3e-05,757,275486423,0.06414,0.492,0.109,0.0
33666,no_patoshi_evidence,3e-05,573,206146279,0.048,0.1184,0.056,0.0
33669,no_patoshi_evidence,3e-05,406,149960609,0.03492,0.4561,0.056,0.0
33671,no_patoshi_evidence,3e-05,645,234815231,0.05467,0.6898,0.109,0.0
33672,no_patoshi_evidence,3e-05,18,6904938,0.00161,0.2835,0.003,0.0
33676,no_patoshi_evidence,3e-05,825,272042996,0.06334,0.5096,0.109,0.0
33703,no_patoshi_evidence,3e-05,65,21461606,0.005,0.7409,0.012,0.0
33708,no_patoshi_evidence,3e-05,291,88323488,0.02056,0.2151,0.029,0.0
33709,no_patoshi_evidence,0.0,418,112757438,0.02625,0.7601,0.056,0.0
33713,unresolved,0.01036,227,75240712,0.01752,0.3656,0.029,0.0003
33721,no_patoshi_evidence,3e-05,186,59123621,0.01377,0.5901,0.029,0.0
33731,no_patoshi_evidence,3e-05,402,135164512,0.03147,0.5801,0.056,0.0
33732,no_patoshi_evidence,3e-05,628,214231901,0.04988,0.7769,0.109,0.0
33733,no_patoshi_evidence,3e-05,702,237487115,0.05529,0.681,0.109,0.0
33736,no_patoshi_evidence,3e-05,35,12341396,0.00287,0.5765,0.006,0.0
33739,no_patoshi_evidence,3e-05,278,90907270,0.02117,0.1905,0.029,0.0
33743,no_patoshi_evidence,3e-05,1561,487588450,0.11353,0.6047,0.244,1e-05
33745,no_patoshi_evidence,3e-05,1863,99250240,0.02311,0.9817,0.244,1e-05
33748,no_patoshi_evidence,0.0,262,96507839,0.02247,0.1486,0.029,0.0
33753,no_patoshi_evidence,3e-05,304,105389823,0.02454,0.8049,0.056,0.0
33754,no_patoshi_evidence,3e-05,209,74527476,0.01735,0.3725,0.029,0.0
33757,unresolved,0.01036,38,13108282,0.00305,0.5082,0.006,6e-05
33759,no_patoshi_evidence,0.00087,134,43672542,0.01017,0.815,0.029,2e-05
33767,no_patoshi_evidence,0.0,624,239405271,0.05574,0.6694,0.109,0.0
33783,unresolved,0.01036,507,175368961,0.04083,0.2722,0.056,0.00059
33784,no_patoshi_evidence,0.0,71,22251420,0.00518,0.7259,0.012,0.0
33786,unresolved,0.01036,919,312063782,0.07266,0.3499,0.109,0.00114
33787,no_patoshi_evidence,0.00087,26,8769985,0.00204,0.1713,0.003,0.0
33788,no_patoshi_evidence,0.00087,282,95791208,0.0223,0.1545,0.029,2e-05
33802,unresolved,0.01036,1226,414161155,0.09643,0.751,0.244,0.00254
33809,no_patoshi_evidence,0.0,204,72797857,0.01695,0.3907,0.029,0.0
33816,no_patoshi_evidence,3e-05,92,8030479,0.00187,0.9687,0.012,0.0
33819,unresolved,0.01036,420,145630010,0.03391,0.4864,0.056,0.00059
33821,no_patoshi_evidence,0.00087,296,101153161,0.02355,0.1147,0.029,2e-05
33825,no_patoshi_evidence,0.0,637,58007888,0.01351,0.9796,0.109,0.0
33826,no_patoshi_evidence,3e-05,694,236665996,0.0551,0.6843,0.109,0.0
33828,no_patoshi_evidence,0.0,761,260251809,0.06059,0.5702,0.109,0.0
33834,no_patoshi_evidence,3e-05,321,37037747,0.00862,0.9788,0.056,0.0
33840,no_patoshi_evidence,3e-05,1307,370570712,0.08628,0.8222,0.244,1e-05
33849,unresolved,0.01036,2357,250438659,0.05831,0.9278,0.244,0.00254
33855,no_patoshi_evidence,3e-05,1,1333881,0.00031,0.8567,0.003,0.0
33861,unresolved,0.01036,205,66335279,0.01544,0.4951,0.029,0.0003
33863,no_patoshi_evidence,0.00087,651,189026962,0.04401,0.8424,0.109,9e-05
33868,no_patoshi_evidence,0.0,1386,546740927,0.1273,0.4705,0.244,0.0
33873,no_patoshi_evidence,3e-05,84,16015312,0.00373,0.8773,0.012,0.0
33888,unresolved,0.01036,688,229830403,0.05351,0.7096,0.109,0.00114
33901,no_patoshi_evidence,0.00087,738,249619840,0.05812,0.6143,0.109,9e-05
33907,unresolved,0.01036,247,84909857,0.01977,0.2436,0.029,0.0003
33910,no_patoshi_evidence,0.00087,379,128245198,0.02986,0.6326,0.056,5e-05
33911,no_patoshi_evidence,0.00087,1465,494311758,0.11509,0.5945,0.244,0.00021
33915,unresolved,0.01036,672,227406135,0.05295,0.7185,0.109,0.00114
33920,no_patoshi_evidence,3e-05,126,44532889,0.01037,0.8041,0.029,0.0
33924,no_patoshi_evidence,3e-05,483,165833089,0.03861,0.3332,0.056,0.0
33926,no_patoshi_evidence,3e-05,464,47244859,0.011,0.9667,0.056,0.0
33929,no_patoshi_evidence,3e-05,552,192759007,0.04488,0.185,0.056,0.0
33935,no_patoshi_evidence,3e-05,624,215121915,0.05009,0.7736,0.109,0.0
33937,no_patoshi_evidence,3e-05,458,154028044,0.03586,0.4178,0.056,0.0
33945,no_patoshi_evidence,3e-05,467,160434103,0.03735,0.3715,0.056,0.0
33958,unresolved,0.01036,606,108129829,0.02518,0.9526,0.109,0.00114
33962,unresolved,0.26167,665,184535077,0.04297,0.8534,0.109,0.0372
34013,no_patoshi_evidence,3e-05,44,14765220,0.00344,0.3835,0.006,0.0
34019,unresolved,0.01036,127,35488824,0.00826,0.9011,0.029,0.0003
34020,unresolved,4e-05,289,108889380,0.02535,0.0782,0.029,0.0
34026,unresolved,0.01036,547,209684010,0.04882,0.1038,0.056,0.00059
34055,no_patoshi_evidence,3e-05,87,31078603,0.00724,0.3955,0.012,0.0
34074,no_patoshi_evidence,3e-05,63,22937356,0.00534,0.7009,0.012,0.0
34078,no_patoshi_evidence,3e-05,276,106261213,0.02474,0.0861,0.029,0.0
34082,no_patoshi_evidence,3e-05,40,14285152,0.00333,0.4188,0.006,0.0
34093,no_patoshi_evidence,3e-05,408,152673147,0.03555,0.4294,0.056,0.0
34096,no_patoshi_evidence,3e-05,776,303298812,0.07062,0.3818,0.109,0.0
34099,no_patoshi_evidence,0.0,372,128645052,0.02995,0.631,0.056,0.0
34109,no_patoshi_evidence,3e-05,176,67433377,0.0157,0.4739,0.029,0.0
34142,no_patoshi_evidence,3e-05,399,150014703,0.03493,0.4556,0.056,0.0
34155,unresolved,0.01036,736,204736774,0.04767,0.8066,0.109,0.00114
34162,no_patoshi_evidence,3e-05,927,267670340,0.06232,0.5289,0.109,0.0
34174,unresolved,0.01036,550,162114594,0.03775,0.3584,0.056,0.00059
34187,no_patoshi_evidence,3e-05,36,13199263,0.00307,0.5035,0.006,0.0
34189,no_patoshi_evidence,3e-05,1083,103481265,0.02409,0.9559,0.109,0.0
34217,unresolved,0.01036,539,82044716,0.0191,0.9068,0.056,0.00059
34222,no_patoshi_evidence,0.00087,602,158706613,0.03695,0.9096,0.109,9e-05
34230,no_patoshi_evidence,3e-05,95,25475816,0.00593,0.5895,0.012,0.0
34231,no_patoshi_evidence,0.0,-154,38292089,0.00892,,,0.0
34246,no_patoshi_evidence,3e-05,75,23074768,0.00537,0.6909,0.012,0.0
34251,no_patoshi_evidence,3e-05,87,27482868,0.0064,0.5106,0.012,0.0
34252,unresolved,4e-05,369,73129758,0.01703,0.9284,0.056,0.0
34253,no_patoshi_evidence,3e-05,479,141433078,0.03293,0.5247,0.056,0.0
34255,unresolved,4e-05,449,100120351,0.02331,0.8392,0.056,0.0
34265,no_patoshi_evidence,0.0,380,151908288,0.03537,0.441,0.056,0.0
34309,unresolved,4e-05,778,169387525,0.03944,0.8887,0.109,0.0
34312,no_patoshi_evidence,3e-05,215,57965224,0.0135,0.6068,0.029,0.0
34317,unresolved,4e-05,868,191076899,0.04449,0.8369,0.109,0.0
34349,no_patoshi_evidence,3e-05,907,128623692,0.02995,0.935,0.109,0.0
34374,no_patoshi_evidence,3e-05,260,66314600,0.01544,0.4951,0.029,0.0
34383,no_patoshi_evidence,3e-05,730,193903319,0.04515,0.8314,0.109,0.0
34412,no_patoshi_evidence,0.0,831,318147746,0.07407,0.3207,0.109,0.0
34414,no_patoshi_evidence,0.0,177,74149369,0.01726,0.3735,0.029,0.0
34428,unresolved,0.01036,884,257917241,0.06005,0.5774,0.109,0.00114
34429,no_patoshi_evidence,0.00087,366,99282638,0.02312,0.8427,0.056,5e-05
34434,unresolved,0.26167,1117,325381176,0.07576,0.2937,0.109,0.0372
34443,no_patoshi_evidence,3e-05,163,62863446,0.01464,0.5384,0.029,0.0
34446,no_patoshi_evidence,3e-05,320,87123039,0.02028,0.8926,0.056,0.0
34465,no_patoshi_evidence,3e-05,143,63481403,0.01478,0.5285,0.029,0.0
34467,unresolved,4e-05,39,15993875,0.00372,0.2965,0.006,0.0
34476,no_patoshi_evidence,0.0,512,56461743,0.01315,0.9572,0.056,0.0
34479,no_patoshi_evidence,3e-05,510,166921685,0.03886,0.3276,0.056,0.0
34482,no_patoshi_evidence,3e-05,1110,324517307,0.07556,0.2992,0.109,0.0
34487,unresolved,0.01036,1001,271416887,0.06319,0.514,0.109,0.00114
34493,no_patoshi_evidence,3e-05,367,99248969,0.02311,0.8438,0.056,0.0
34495,no_patoshi_evidence,3e-05,779,226866622,0.05282,0.7212,0.109,0.0
34497,no_patoshi_evidence,3e-05,520,146936421,0.03421,0.4783,0.056,0.0
34507,no_patoshi_evidence,3e-05,7,6081103,0.00142,0.3271,0.003,0.0
34511,unresolved,0.01036,411,118604594,0.02761,0.7182,0.056,0.00059
34517,no_patoshi_evidence,3e-05,136,36953540,0.0086,0.8903,0.029,0.0
34520,unresolved,0.01036,514,137129473,0.03193,0.5605,0.056,0.00059
34522,unresolved,0.01036,-1,178459,4e-05,,,0.01036
34530,unresolved,0.01036,2191,373176859,0.08689,0.8191,0.244,0.00254
34544,no_patoshi_evidence,3e-05,1152,446905526,0.10405,0.0479,17.929,0.00054
34557,no_patoshi_evidence,0.0,67,23701312,0.00552,0.6696,0.012,0.0
34563,no_patoshi_evidence,3e-05,201,54660546,0.01273,0.6575,0.029,0.0
34565,no_patoshi_evidence,0.0,103,8471638,0.00197,0.9675,0.012,0.0
34566,no_patoshi_evidence,3e-05,75,17932779,0.00418,0.8385,0.012,0.0
34568,no_patoshi_evidence,3e-05,734,281083511,0.06544,0.4678,0.109,0.0
34576,no_patoshi_evidence,3e-05,105,29012152,0.00675,0.4631,0.012,0.0
34577,unresolved,0.01036,1581,610539814,0.14215,0.3547,0.244,0.00254
34580,unresolved,0.01036,150,41602082,0.00969,0.8381,0.029,0.0003
34591,unresolved,0.01036,77,22073621,0.00514,0.7284,0.012,0.00012
34594,no_patoshi_evidence,0.00087,121,33301466,0.00775,0.9178,0.029,2e-05
34629,no_patoshi_evidence,0.0,377,71511430,0.01665,0.9325,0.056,0.0
34631,unresolved,0.01036,273,75921695,0.01768,0.3543,0.029,0.0003
34638,no_patoshi_evidence,3e-05,967,265156809,0.06174,0.5416,0.109,0.0
34643,no_patoshi_evidence,3e-05,793,209483845,0.04877,0.7928,0.109,0.0
34663,unresolved,0.01036,1161,319968561,0.0745,0.3174,0.109,0.00114
34692,no_patoshi_evidence,3e-05,221,57532150,0.0134,0.6152,0.029,0.0
34694,no_patoshi_evidence,3e-05,68,15719491,0.00366,0.8824,0.012,0.0
34695,no_patoshi_evidence,3e-05,696,190081516,0.04426,0.8386,0.109,0.0
34703,no_patoshi_evidence,3e-05,131,34570432,0.00805,0.9114,0.029,0.0
34729,no_patoshi_evidence,0.0,245,32808299,0.00764,0.9203,0.029,0.0
34730,no_patoshi_evidence,3e-05,20,4292478,0.001,0.5202,0.003,0.0
34733,no_patoshi_evidence,0.0,2150,192296141,0.04477,0.9522,0.244,0.0
34754,unresolved,0.01036,362,34685703,0.00808,0.9808,0.056,0.00059
34764,no_patoshi_evidence,3e-05,494,130782806,0.03045,0.621,0.056,0.0
34775,no_patoshi_evidence,3e-05,-26,360544,8e-05,,,3e-05
34795,unresolved,0.01637,720,3367908121,0.78415,0.0,17.929,0.22981
34800,no_patoshi_evidence,3e-05,98,25864309,0.00602,0.5707,0.012,0.0
34805,no_patoshi_evidence,3e-05,431,89816901,0.02091,0.8826,0.056,0.0
34807,no_patoshi_evidence,3e-05,1022,248605182,0.05788,0.6187,0.109,0.0
34815,unresolved,0.26167,763,109605120,0.02552,0.9526,0.109,0.0372
34820,no_patoshi_evidence,0.0,214,50373774,0.01173,0.721,0.029,0.0
34829,no_patoshi_evidence,0.0,1326,448635355,0.10446,0.6799,0.244,0.0
34830,no_patoshi_evidence,3e-05,490,95584924,0.02226,0.8589,0.056,0.0
34851,unresolved,4e-05,111,40642347,0.00946,0.1302,0.012,0.0
34853,no_patoshi_evidence,3e-05,90,26551455,0.00618,0.5457,0.012,0.0
34856,no_patoshi_evidence,3e-05,2741,649650012,0.15126,0.2988,0.244,1e-05
34865,no_patoshi_evidence,3e-05,229,51386284,0.01196,0.6988,0.029,0.0
34907,no_patoshi_evidence,3e-05,258,62010641,0.01444,0.5482,0.029,0.0
34929,no_patoshi_evidence,0.0,601,203316195,0.04734,0.8121,0.109,0.0
34940,no_patoshi_evidence,3e-05,236,68594250,0.01597,0.4542,0.029,0.0
34972,no_patoshi_evidence,3e-05,559,133067929,0.03098,0.5988,0.056,0.0
34999,no_patoshi_evidence,3e-05,727,170888881,0.03979,0.886,0.109,0.0
35064,no_patoshi_evidence,0.00013,1550,365850829,0.08518,0.8313,0.244,3e-05
35078,no_patoshi_evidence,0.0,7,2500478,0.00058,0.7072,0.003,0.0
35085,no_patoshi_evidence,0.00013,787,188351102,0.04385,0.8452,0.109,1e-05
35122,no_patoshi_evidence,0.00013,355,83190541,0.01937,0.9022,0.056,1e-05
35130,no_patoshi_evidence,0.00013,140,32879693,0.00766,0.9193,0.029,0.0
35136,no_patoshi_evidence,0.0,351,145276254,0.03382,0.4884,0.056,0.0
35164,no_patoshi_evidence,0.00013,740,161107012,0.03751,0.9069,0.109,1e-05
35166,no_patoshi_evidence,0.0,256,55550665,0.01293,0.6452,0.029,0.0
35181,no_patoshi_evidence,0.00013,180,12619093,0.00294,0.9911,0.029,0.0
35185,no_patoshi_evidence,0.00013,493,117147743,0.02728,0.7308,0.056,1e-05
35199,no_patoshi_evidence,0.00013,617,152163545,0.03543,0.9174,0.109,1e-05
35209,no_patoshi_evidence,0.00021,1391,410090557,0.09548,0.7612,0.244,5e-05
35225,no_patoshi_evidence,0.00021,1173,342584188,0.07976,0.2369,0.109,2e-05
35229,no_patoshi_evidence,0.00021,411,117493921,0.02736,0.7283,0.056,1e-05
35231,no_patoshi_evidence,0.00021,196,54797802,0.01276,0.6565,0.029,1e-05
35253,no_patoshi_evidence,0.0,41,15599304,0.00363,0.3106,0.006,0.0
35254,unresolved,0.00031,2974,318669851,0.0742,0.8791,0.244,8e-05
35258,unresolved,0.00031,357,44437536,0.01035,0.9708,0.056,2e-05
35275,no_patoshi_evidence,0.00021,471,116440554,0.02711,0.7354,0.056,1e-05
35279,no_patoshi_evidence,0.00021,829,88627380,0.02064,0.9625,0.109,2e-05
35280,no_patoshi_evidence,0.00021,503,142024338,0.03307,0.5197,0.056,1e-05
35300,no_patoshi_evidence,0.00021,2651,703615161,0.16382,0.2327,0.244,5e-05
35310,no_patoshi_evidence,0.00021,1405,353268113,0.08225,0.8476,0.244,5e-05
35324,no_patoshi_evidence,0.0,416,137759329,0.03207,0.5565,0.056,0.0
35325,no_patoshi_evidence,0.00021,433,117229167,0.02729,0.7303,0.056,1e-05
35328,no_patoshi_evidence,0.00021,214,59376199,0.01382,0.5876,0.029,1e-05
35329,no_patoshi_evidence,0.00021,1266,314279634,0.07317,0.8831,0.244,5e-05
35338,no_patoshi_evidence,0.00021,531,111231595,0.0259,0.7692,0.056,1e-05
35345,no_patoshi_evidence,0.00021,463,124761799,0.02905,0.6648,0.056,1e-05
35370,no_patoshi_evidence,0.0,62,21318531,0.00496,0.7447,0.012,0.0
35384,no_patoshi_evidence,0.0,389,131031389,0.03051,0.62,0.056,0.0
35400,no_patoshi_evidence,0.00021,747,204165869,0.04754,0.8099,0.109,2e-05
35413,no_patoshi_evidence,0.00021,419,156809545,0.03651,0.4002,0.056,1e-05
35420,no_patoshi_evidence,0.00021,1315,373796310,0.08703,0.8191,0.244,5e-05
35431,unresolved,0.08007,95,19589422,0.00456,0.7885,0.012,0.00102
35442,no_patoshi_evidence,0.00021,14,6099021,0.00142,0.3271,0.003,0.0
35473,no_patoshi_evidence,0.00021,571,146943315,0.03421,0.4783,0.056,1e-05
35474,no_patoshi_evidence,0.00021,16,5805672,0.00135,0.3583,0.003,0.0
35477,no_patoshi_evidence,0.0,380,101623394,0.02366,0.8296,0.056,0.0
35508,no_patoshi_evidence,0.00021,262,71302860,0.0166,0.4109,0.029,1e-05
35532,no_patoshi_evidence,0.00013,166,42629215,0.00993,0.8282,0.029,0.0
35538,no_patoshi_evidence,0.0,91,24109984,0.00561,0.6533,0.012,0.0
35551,unresolved,0.05189,164,1018625815,0.23717,0.0,19.456,0.5157
35554,added_possible,0.64949,779,1974040084,0.45962,0.0,17.929,0.97078
35556,no_patoshi_evidence,0.00455,771,247753666,0.05768,0.6231,0.109,0.0005
35578,added_possible,0.64949,1420,1889327622,0.43989,0.0,15.373,0.96609
35580,added_possible,0.64949,1223,2083572487,0.48512,0.0,15.373,0.96609
35581,no_patoshi_evidence,0.00013,930,262116277,0.06103,0.5581,0.109,1e-05
35590,added_possible,0.64949,509,335153174,0.07803,0.0005,18.935,0.97229
35601,added_possible,0.64949,955,3834462216,0.89278,0.0,17.929,0.97078
35606,no_patoshi_evidence,0.0,224,12664955,0.00295,0.9911,0.029,0.0
35608,added_possible,0.64949,1480,406537225,0.09465,0.7622,0.244,0.31092
35618,no_patoshi_evidence,0.00013,456,178205127,0.04149,0.2581,0.056,1e-05
35621,no_patoshi_evidence,0.00013,569,153399172,0.03572,0.4234,0.056,1e-05
35628,no_patoshi_evidence,0.00013,845,59501392,0.01385,0.9791,0.109,1e-05
35633,no_patoshi_evidence,0.0,175,72050801,0.01678,0.4016,0.029,0.0
35649,no_patoshi_evidence,0.0,255,53770970,0.01252,0.6654,0.029,0.0
35653,unresolved,0.05189,300,109127707,0.02541,0.7838,0.056,0.00306
35660,no_patoshi_evidence,0.0,46,12774132,0.00297,0.5435,0.006,0.0
35661,unresolved,0.00019,1513,404112432,0.09409,0.7663,0.244,5e-05
35664,no_patoshi_evidence,0.0,669,263039864,0.06124,0.551,0.109,0.0
35672,unresolved,0.05189,355,139634988,0.03251,0.5388,0.056,0.00306
35674,unresolved,0.05189,133,46894871,0.01092,0.7687,0.029,0.00156
35688,no_patoshi_evidence,0.00455,73,28037728,0.00653,0.4956,0.012,5e-05
35703,no_patoshi_evidence,0.0,1050,428830109,0.09984,0.0672,0.109,0.0
35709,no_patoshi_evidence,0.00013,326,92532128,0.02154,0.871,0.056,1e-05
35760,no_patoshi_evidence,0.00013,200,54846063,0.01277,0.655,0.029,0.0
35787,no_patoshi_evidence,0.00013,335,90610799,0.0211,0.8805,0.056,1e-05
35808,unresolved,0.05189,167,22515242,0.00524,0.9675,0.029,0.00156
35823,unresolved,0.05189,45,12472628,0.0029,0.5718,0.006,0.00033
35824,no_patoshi_evidence,0.00455,696,271647292,0.06325,0.5129,0.109,0.0005
35834,no_patoshi_evidence,0.00013,650,248150932,0.05778,0.6215,0.109,1e-05
35843,no_patoshi_evidence,0.00013,35,13680761,0.00319,0.4612,0.006,0.0
35850,no_patoshi_evidence,0.00013,88,34319445,0.00799,0.3016,0.012,0.0
35893,unresolved,0.00019,537,67965215,0.01582,0.94,0.056,1e-05
35899,no_patoshi_evidence,0.00013,554,160459731,0.03736,0.371,0.056,1e-05
35912,no_patoshi_evidence,0.00013,154,44724450,0.01041,0.7997,0.029,0.0
35921,no_patoshi_evidence,0.00013,1596,461526403,0.10746,0.6575,0.244,3e-05
35927,no_patoshi_evidence,0.0,39,1382074,0.00032,1.0,0.006,0.0
35945,unresolved,0.05189,267,78440469,0.01826,0.3199,0.029,0.00156
35969,unresolved,0.00019,727,146854706,0.03419,0.9212,0.109,2e-05
36035,no_patoshi_evidence,0.00013,199,61104030,0.01423,0.564,0.029,0.0
36044,unresolved,0.05189,831,242016520,0.05635,0.6518,0.109,0.00593
36049,no_patoshi_evidence,0.00013,733,210042505,0.0489,0.7917,0.109,1e-05
36075,no_patoshi_evidence,0.00013,356,92247493,0.02148,0.872,0.056,1e-05
36093,no_patoshi_evidence,0.00013,601,170620084,0.03973,0.8865,0.109,1e-05
36094,no_patoshi_evidence,0.00013,25,4798411,0.00112,0.4766,0.003,0.0
36108,no_patoshi_evidence,0.00013,971,271731264,0.06327,0.5124,0.109,1e-05
36110,no_patoshi_evidence,0.0,707,309954555,0.07217,0.3565,0.109,0.0
36137,no_patoshi_evidence,0.00013,558,47846543,0.01114,0.9667,0.056,1e-05
36147,no_patoshi_evidence,0.00013,750,214082397,0.04984,0.778,0.109,1e-05
36173,unresolved,0.05189,135,36241960,0.00844,0.8962,0.029,0.00156
36195,no_patoshi_evidence,0.0,445,155301043,0.03616,0.4108,0.056,0.0
36216,no_patoshi_evidence,0.00013,114,39400402,0.00917,0.1552,0.012,0.0
36225,unresolved,0.05189,1147,323562285,0.07534,0.3025,0.109,0.00593
36234,no_patoshi_evidence,0.00013,317,97951377,0.02281,0.8483,0.056,1e-05
36253,no_patoshi_evidence,0.00013,-14,3445313,0.0008,,,0.00013
36283,no_patoshi_evidence,0.00013,542,145123736,0.03379,0.4894,0.056,1e-05
36284,no_patoshi_evidence,0.00013,387,112165561,0.02612,0.7641,0.056,1e-05
36303,no_patoshi_evidence,2e-05,244,99569041,0.02318,0.1299,0.029,0.0
36326,no_patoshi_evidence,0.0,265,71224417,0.01658,0.4114,0.029,0.0
36348,no_patoshi_evidence,0.0,163,42492752,0.00989,0.8292,0.029,0.0
36385,unresolved,0.05189,65,27432238,0.00639,0.5119,0.012,0.00064
36389,no_patoshi_evidence,2e-05,439,166334546,0.03873,0.3311,0.056,0.0
36397,no_patoshi_evidence,0.00455,39,19583069,0.00456,0.1341,0.006,3e-05
36398,no_patoshi_evidence,0.00455,121,30068664,0.007,0.935,0.029,0.00013
36399,unresolved,0.05189,1121,504272643,0.11741,0.016,17.929,0.49526
36426,no_patoshi_evidence,0.00013,198,81430485,0.01896,0.2889,0.029,0.0
36431,no_patoshi_evidence,0.00013,1590,143445924,0.0334,0.9695,0.244,3e-05
36440,unresolved,0.05189,25,15922719,0.00371,0.028,19.942,0.52186
36444,unresolved,0.05189,533,147643397,0.03438,0.4728,0.056,0.00306
36449,unresolved,0.05189,218,96644893,0.0225,0.1481,0.029,0.00156
36507,no_patoshi_evidence,0.00013,560,179312268,0.04175,0.252,0.056,1e-05
36510,no_patoshi_evidence,0.00013,370,164670808,0.03834,0.3387,0.056,1e-05
36511,no_patoshi_evidence,0.00013,1311,405271874,0.09436,0.7632,0.244,3e-05
36514,unresolved,0.05189,771,218574359,0.05089,0.7587,0.109,0.00593
36574,unresolved,0.05189,397,123884581,0.02884,0.6714,0.056,0.00306
36591,no_patoshi_evidence,0.00013,508,147276706,0.03429,0.4763,0.056,1e-05
36629,no_patoshi_evidence,0.00013,257,71589331,0.01667,0.406,0.029,0.0
36644,no_patoshi_evidence,0.0,2107,236198352,0.05499,0.9319,0.244,0.0
36673,unresolved,0.05189,526,204097822,0.04752,0.1285,0.056,0.00306
36679,no_patoshi_evidence,0.0,663,185481410,0.04319,0.8523,0.109,0.0
36680,no_patoshi_evidence,0.00013,50,12029951,0.0028,0.6165,0.006,0.0
36681,no_patoshi_evidence,0.00013,132,52294769,0.01218,0.6885,0.029,0.0
36687,unresolved,0.05189,578,151068206,0.03517,0.4491,0.056,0.00306
36688,no_patoshi_evidence,0.00455,640,181499506,0.04226,0.8612,0.109,0.0005
36691,no_patoshi_evidence,0.00455,107,40052978,0.00933,0.1364,0.012,5e-05
36703,no_patoshi_evidence,0.00013,-9,1657727,0.00039,,,0.00013
36721,unresolved,0.05189,1546,85854007,0.01999,0.9837,0.244,0.01315
36731,unresolved,0.05189,373,48620567,0.01132,0.9652,0.056,0.00306
36740,no_patoshi_evidence,0.00013,931,128777905,0.02998,0.935,0.109,1e-05
36750,no_patoshi_evidence,0.00013,178,71306325,0.0166,0.4109,0.029,0.0
36752,unresolved,0.05189,810,107230726,0.02497,0.9543,0.109,0.00593
36754,no_patoshi_evidence,0.00455,133,51327598,0.01195,0.7003,0.029,0.00013
36788,no_patoshi_evidence,0.0,823,67980167,0.01583,0.9736,0.109,0.0
36803,unresolved,0.05189,628,53179962,0.01238,0.9824,0.109,0.00593
36811,unresolved,0.05189,202,17296177,0.00403,0.9813,0.029,0.00156
36816,no_patoshi_evidence,0.0,426,93960262,0.02188,0.8654,0.056,0.0
36820,no_patoshi_evidence,0.0,277,23629936,0.0055,0.9616,0.029,0.0
36829,no_patoshi_evidence,0.0,122,41304503,0.00962,0.8406,0.029,0.0
36846,no_patoshi_evidence,0.00013,95,42521526,0.0099,0.1014,0.012,0.0
36899,no_patoshi_evidence,0.00013,516,148668904,0.03461,0.4662,0.056,1e-05
36903,no_patoshi_evidence,0.00013,84,9201475,0.00214,0.9599,0.012,0.0
36920,no_patoshi_evidence,0.00013,340,84693925,0.01972,0.8977,0.056,1e-05
36921,no_patoshi_evidence,0.0,397,75946828,0.01768,0.9244,0.056,0.0
36930,no_patoshi_evidence,0.00013,319,45376756,0.01057,0.9693,0.056,1e-05
36931,no_patoshi_evidence,0.00013,53,9554926,0.00222,0.7741,0.006,0.0
36933,unresolved,0.05189,192,46168326,0.01075,0.7761,0.029,0.00156
36949,no_patoshi_evidence,0.0,42,5913236,0.00138,0.9176,0.006,0.0
36950,no_patoshi_evidence,0.0,134,19955960,0.00465,0.9734,0.029,0.0
36958,unresolved,0.05189,171,51586855,0.01201,0.6954,0.029,0.00156
36978,unresolved,0.05189,408,124915225,0.02908,0.6643,0.056,0.00306
36979,no_patoshi_evidence,0.0,399,42556555,0.00991,0.9713,0.056,0.0
36988,unresolved,0.05189,1123,332894769,0.07751,0.2705,0.109,0.00593
37004,no_patoshi_evidence,0.00013,91,22636893,0.00527,0.7134,0.012,0.0
37024,no_patoshi_evidence,0.00013,373,76234051,0.01775,0.9244,0.056,1e-05
37030,no_patoshi_evidence,0.00013,206,31155080,0.00725,0.9321,0.029,0.0
37033,no_patoshi_evidence,0.00013,710,83304824,0.0194,0.9675,0.109,1e-05
37039,unresolved,0.05189,57,12094263,0.00282,0.6141,0.006,0.00033
37042,no_patoshi_evidence,0.00013,371,141794432,0.03301,0.5222,0.056,1e-05
37044,no_patoshi_evidence,0.00013,195,52837794,0.0123,0.6811,0.029,0.0
37048,unresolved,0.05189,51,19466003,0.00453,0.1412,0.006,0.00033
37053,no_patoshi_evidence,0.00455,78,28761471,0.0067,0.4706,0.012,5e-05
37057,no_patoshi_evidence,0.0,235,50247019,0.0117,0.7219,0.029,0.0
37058,no_patoshi_evidence,0.0,505,114112336,0.02657,0.7515,0.056,0.0
37063,no_patoshi_evidence,0.0,639,135780334,0.03161,0.9284,0.109,0.0
37085,no_patoshi_evidence,0.00013,55,15177842,0.00353,0.3576,0.006,0.0
37090,no_patoshi_evidence,0.00013,1150,335025024,0.078,0.2606,0.109,1e-05
37099,no_patoshi_evidence,0.00013,84,20564656,0.00479,0.7635,0.012,0.0
37104,no_patoshi_evidence,0.00013,612,217504388,0.05064,0.7653,0.109,1e-05
37107,no_patoshi_evidence,0.00013,174,62096484,0.01446,0.5472,0.029,0.0
37116,no_patoshi_evidence,0.0,368,138283413,0.0322,0.5534,0.056,0.0
37148,no_patoshi_evidence,0.0,1035,99080062,0.02307,0.9587,0.109,0.0
37162,no_patoshi_evidence,0.00013,443,122996823,0.02864,0.6789,0.056,1e-05
37167,no_patoshi_evidence,0.00013,664,179849153,0.04187,0.8639,0.109,1e-05
37189,unresolved,0.05189,101,18969891,0.00442,0.8023,0.012,0.00064
37191,no_patoshi_evidence,0.00013,28,6526654,0.00152,0.3022,0.003,0.0
37206,no_patoshi_evidence,0.00013,1220,345720517,0.08049,0.8526,0.244,3e-05
37220,unresolved,0.05189,81,18650423,0.00434,0.8173,0.012,0.00064
37228,no_patoshi_evidence,0.00013,819,219122035,0.05102,0.7554,0.109,1e-05
37230,no_patoshi_evidence,0.00013,94,27812703,0.00648,0.5019,0.012,0.0
37235,no_patoshi_evidence,0.00013,407,153173653,0.03566,0.4254,0.056,1e-05
37255,unresolved,0.00019,31,5080838,0.00118,0.9318,0.006,0.0
37257,no_patoshi_evidence,0.00013,800,145006709,0.03376,0.9223,0.109,1e-05
37264,no_patoshi_evidence,0.00013,34,6067128,0.00141,0.9059,0.006,0.0
37272,no_patoshi_evidence,0.00013,603,230927781,0.05377,0.7058,0.109,1e-05
37282,no_patoshi_evidence,0.00013,77,20166268,0.0047,0.7722,0.012,0.0
37289,no_patoshi_evidence,0.00013,273,65240842,0.01519,0.5059,0.029,0.0
37295,no_patoshi_evidence,0.00013,358,136417224,0.03176,0.5665,0.056,1e-05
37307,unresolved,0.00019,70,25392928,0.00591,0.5957,0.012,0.0
37312,no_patoshi_evidence,0.00021,45,11332674,0.00264,0.6612,0.006,0.0
37328,no_patoshi_evidence,0.00021,404,174741914,0.04069,0.2767,0.056,1e-05
37329,no_patoshi_evidence,0.0,491,55473079,0.01292,0.9592,0.056,0.0
37341,no_patoshi_evidence,0.00021,500,132740439,0.03091,0.6043,0.056,1e-05
37349,unresolved,0.00031,203,11889172,0.00277,0.9921,0.029,1e-05
37352,no_patoshi_evidence,0.00021,137,15852026,0.00369,0.9843,0.029,1e-05
37354,unresolved,0.08007,516,128584215,0.02994,0.631,0.056,0.00485
37359,unresolved,0.08007,132,32962564,0.00767,0.9188,0.029,0.00248
37361,no_patoshi_evidence,0.00021,121,45560396,0.01061,0.7844,0.029,1e-05
37368,no_patoshi_evidence,0.00021,654,149337033,0.03477,0.9201,0.109,2e-05
37375,no_patoshi_evidence,0.0,-4,17428190,0.00406,,,0.0
37397,no_patoshi_evidence,0.0,472,187939573,0.04376,0.2051,0.056,0.0
37401,no_patoshi_evidence,0.00021,102,25123720,0.00585,0.607,0.012,0.0
37412,unresolved,0.00031,14,4330243,0.00101,0.5202,0.003,0.0
37432,no_patoshi_evidence,0.00021,15,2094807,0.00049,0.7508,0.003,0.0
37446,no_patoshi_evidence,0.00021,193,49257884,0.01147,0.7367,0.029,1e-05
37452,no_patoshi_evidence,0.00021,37,8209493,0.00191,0.8165,0.006,0.0
37466,unresolved,0.00031,436,56061461,0.01305,0.9577,0.056,2e-05
37471,unresolved,0.08007,493,140836383,0.03279,0.5307,0.056,0.00485
37475,no_patoshi_evidence,0.00021,123,33247579,0.00774,0.9178,0.029,1e-05
37486,no_patoshi_evidence,0.00021,410,155666836,0.03624,0.4088,0.056,1e-05
37497,no_patoshi_evidence,0.0,152,57517672,0.01339,0.6152,0.029,0.0
37499,unresolved,0.08007,447,171728431,0.03998,0.2984,0.056,0.00485
37508,no_patoshi_evidence,2e-05,21,7459493,0.00174,0.2492,0.003,0.0
37515,unresolved,0.00955,202,47226140,0.011,0.7643,0.029,0.00028
37521,no_patoshi_evidence,1e-05,1617,389551191,0.0907,0.7988,0.244,0.0
37522,unresolved,0.17035,-7,714772,0.00017,,,0.17035
37527,unresolved,0.00955,995,202561068,0.04716,0.8138,0.109,0.00105
37538,no_patoshi_evidence,0.0,315,124814432,0.02906,0.6648,0.056,0.0
37544,no_patoshi_evidence,2e-05,888,230230518,0.0536,0.7085,0.109,0.0
37557,unresolved,3e-05,677,273376297,0.06365,0.5019,0.109,0.0
37562,no_patoshi_evidence,2e-05,1988,60275794,0.01403,0.9909,0.244,0.0
37575,no_patoshi_evidence,0.0,148,61689932,0.01436,0.5536,0.029,0.0
37583,no_patoshi_evidence,2e-05,490,126560853,0.02947,0.6482,0.056,0.0
37584,no_patoshi_evidence,2e-05,191,50182497,0.01168,0.7229,0.029,0.0
37587,no_patoshi_evidence,0.0,329,125158589,0.02914,0.6618,0.056,0.0
37589,no_patoshi_evidence,2e-05,514,129537858,0.03016,0.628,0.056,0.0
37602,no_patoshi_evidence,0.0,790,292087900,0.06801,0.4253,0.109,0.0
37606,no_patoshi_evidence,2e-05,877,232399848,0.05411,0.6997,0.109,0.0
37613,no_patoshi_evidence,2e-05,144,5575365,0.0013,0.9966,0.029,0.0
37614,no_patoshi_evidence,0.0,305,60622992,0.01411,0.9501,0.056,0.0
37618,no_patoshi_evidence,2e-05,-7,9475784,0.00221,,,2e-05
37626,no_patoshi_evidence,2e-05,631,166897551,0.03886,0.8953,0.109,0.0
37628,no_patoshi_evidence,0.0,980,361460727,0.08416,0.1923,0.109,0.0
37629,unresolved,3e-05,679,269274394,0.0627,0.5207,0.109,0.0
37652,no_patoshi_evidence,0.0,483,192352209,0.04479,0.1855,0.056,0.0
37660,no_patoshi_evidence,0.0,831,331558225,0.0772,0.2777,0.109,0.0
37662,no_patoshi_evidence,0.0,774,312126663,0.07267,0.3499,0.109,0.0
37682,no_patoshi_evidence,0.0,658,267289615,0.06223,0.5311,0.109,0.0
37683,no_patoshi_evidence,2e-05,1870,714729588,0.16641,0.2307,0.244,0.0
37685,unresolved,0.00955,781,213340985,0.04967,0.7802,0.109,0.00105
37688,no_patoshi_evidence,0.0,829,351901263,0.08193,0.2187,0.109,0.0
37690,no_patoshi_evidence,0.0,519,205790822,0.04791,0.121,0.056,0.0
37701,no_patoshi_evidence,2e-05,481,121473890,0.02828,0.693,0.056,0.0
37714,no_patoshi_evidence,2e-05,12,2875807,0.00067,0.6386,0.003,0.0
37716,no_patoshi_evidence,2e-05,178,48011493,0.01118,0.7554,0.029,0.0
37719,no_patoshi_evidence,0.0,62,7374721,0.00172,0.975,0.012,0.0
37721,no_patoshi_evidence,2e-05,1276,300209859,0.0699,0.8963,0.244,0.0
37728,no_patoshi_evidence,0.0,501,135118689,0.03146,0.5806,0.056,0.0
37733,no_patoshi_evidence,2e-05,110,28721360,0.00669,0.4718,0.012,0.0
37735,no_patoshi_evidence,2e-05,222,59403380,0.01383,0.5876,0.029,0.0
37736,no_patoshi_evidence,2e-05,625,175848952,0.04094,0.8716,0.109,0.0
37737,no_patoshi_evidence,2e-05,1020,257498551,0.05995,0.5791,0.109,0.0
37743,no_patoshi_evidence,0.0,561,45946768,0.0107,0.9677,0.056,0.0
37760,unresolved,2e-05,188,74476297,0.01734,0.373,0.029,0.0
37762,no_patoshi_evidence,0.0,1017,382856663,0.08914,0.1416,0.109,0.0
37768,no_patoshi_evidence,2e-05,315,88386262,0.02058,0.8891,0.056,0.0
37781,no_patoshi_evidence,0.0,1307,446002100,0.10384,0.6809,0.244,0.0
37782,unresolved,0.00603,782,1877979905,0.43725,0.0,17.929,0.0981
37783,unresolved,0.17035,948,1749950210,0.40744,0.0,17.929,0.78638
37788,no_patoshi_evidence,0.0,462,162932669,0.03794,0.3528,0.056,0.0
37793,unresolved,0.00603,349,3540881948,0.82443,0.0,18.935,0.10304
37806,no_patoshi_evidence,0.0,333,37906366,0.00883,0.9783,0.056,0.0
37814,no_patoshi_evidence,1e-05,881,254284942,0.05921,0.5906,0.109,0.0
37824,no_patoshi_evidence,1e-05,63,25465570,0.00593,0.5907,0.012,0.0
37828,no_patoshi_evidence,0.0,1235,399461462,0.09301,0.7825,0.244,0.0
37830,no_patoshi_evidence,1e-05,376,52562082,0.01224,0.9612,0.056,0.0
37834,no_patoshi_evidence,1e-05,177,56819273,0.01323,0.626,0.029,0.0
37835,no_patoshi_evidence,1e-05,865,241800190,0.0563,0.6518,0.109,0.0
37845,unresolved,2e-05,1049,238155523,0.05545,0.6766,0.109,0.0
37861,no_patoshi_evidence,1e-05,349,6269622,0.00146,0.9985,0.056,0.0
37866,no_patoshi_evidence,1e-05,669,189412106,0.0441,0.8413,0.109,0.0
37874,no_patoshi_evidence,1e-05,130,38017512,0.00885,0.8789,0.029,0.0
37880,no_patoshi_evidence,1e-05,892,258922421,0.06029,0.5736,0.109,0.0
37886,no_patoshi_evidence,0.0,120,26352711,0.00614,0.9537,0.029,0.0
37895,no_patoshi_evidence,1e-05,52,13185662,0.00307,0.5035,0.006,0.0
37902,no_patoshi_evidence,0.0,15,5724488,0.00133,0.3707,0.003,0.0
37913,no_patoshi_evidence,1e-05,31,7975135,0.00186,0.8329,0.006,0.0
37914,no_patoshi_evidence,1e-05,100,16074888,0.00374,0.8761,0.012,0.0
37919,unresolved,2e-05,529,59827492,0.01393,0.9526,0.056,0.0
37920,unresolved,0.00603,554,90137886,0.02099,0.8821,0.056,0.00034
37922,no_patoshi_evidence,1e-05,203,55531217,0.01293,0.6452,0.029,0.0
37924,no_patoshi_evidence,0.0,301,30738581,0.00716,0.9839,0.056,0.0
37930,no_patoshi_evidence,1e-05,1039,188711436,0.04394,0.8441,0.109,0.0
37945,no_patoshi_evidence,1e-05,87,13188508,0.00307,0.9199,0.012,0.0
37949,unresolved,2e-05,37,13978153,0.00325,0.4447,0.006,0.0
37951,no_patoshi_evidence,1e-05,512,127635985,0.02972,0.6386,0.056,0.0
37958,no_patoshi_evidence,1e-05,155,39365995,0.00917,0.8627,0.029,0.0
37973,no_patoshi_evidence,0.0,167,58485350,0.01362,0.5999,0.029,0.0
37992,no_patoshi_evidence,1e-05,299,67528818,0.01572,0.4724,0.029,0.0
37998,unresolved,2e-05,166,14199580,0.00331,0.9902,0.029,0.0
38010,unresolved,2e-05,118,41556767,0.00968,0.1202,0.012,0.0
38018,no_patoshi_evidence,0.0,92,28314490,0.00659,0.4906,0.012,0.0
38038,no_patoshi_evidence,1e-05,125,36455865,0.00849,0.8947,0.029,0.0
38056,no_patoshi_evidence,1e-05,62,9023720,0.0021,0.9612,0.012,0.0
38068,no_patoshi_evidence,1e-05,387,104760391,0.02439,0.8085,0.056,0.0
38071,no_patoshi_evidence,0.0,1179,327464876,0.07624,0.2882,0.109,0.0
38073,no_patoshi_evidence,0.0,162,38306809,0.00892,0.8755,0.029,0.0
38080,no_patoshi_evidence,0.0,93,26633327,0.0062,0.5432,0.012,0.0
38083,no_patoshi_evidence,0.0,118,41504156,0.00966,0.1202,0.012,0.0
38084,unresolved,2e-05,-1295,28541979,0.00665,,,2e-05
38094,no_patoshi_evidence,1e-05,1002,208019844,0.04843,0.7978,0.109,0.0
38117,no_patoshi_evidence,0.0,832,197012890,0.04587,0.8259,0.109,0.0
38125,no_patoshi_evidence,1e-05,373,33397737,0.00778,0.9819,0.056,0.0
38130,no_patoshi_evidence,1e-05,-140,50904168,0.01185,,,1e-05
38133,no_patoshi_evidence,0.0,271,38046950,0.00886,0.8789,0.029,0.0
38138,no_patoshi_evidence,0.0,-1472,29029478,0.00676,,,0.0
38144,unresolved,0.00603,569,58113845,0.01353,0.9551,0.056,0.00034
38145,no_patoshi_evidence,1e-05,-305,2547517,0.00059,,,1e-05
38146,no_patoshi_evidence,0.0,-913,172580733,0.04018,,,0.0
38153,no_patoshi_evidence,1e-05,94,24876475,0.00579,0.6145,0.012,0.0
38167,unresolved,0.00603,641,163266592,0.03801,0.903,0.109,0.00066
38170,no_patoshi_evidence,0.00051,211,47691132,0.0111,0.7598,0.029,1e-05
38182,no_patoshi_evidence,1e-05,253,74916218,0.01744,0.3676,0.029,0.0
38184,no_patoshi_evidence,1e-05,530,46822224,0.0109,0.9667,0.056,0.0
38188,no_patoshi_evidence,1e-05,478,129377423,0.03012,0.6295,0.056,0.0
38190,unresolved,0.00603,303,74168348,0.01727,0.9274,0.056,0.00034
38191,no_patoshi_evidence,0.0,46,13621467,0.00317,0.4612,0.006,0.0
38203,unresolved,2e-05,883,90051372,0.02097,0.9625,0.109,0.0
38218,no_patoshi_evidence,0.0,233,71419030,0.01663,0.409,0.029,0.0
38221,no_patoshi_evidence,0.0,607,40691879,0.00947,0.9895,0.109,0.0
38238,no_patoshi_evidence,0.0,265,84231440,0.01961,0.2539,0.029,0.0
38253,no_patoshi_evidence,1e-05,379,109964867,0.0256,0.7782,0.056,0.0
38254,no_patoshi_evidence,0.0,241,85276559,0.01985,0.2392,0.029,0.0
38259,no_patoshi_evidence,1e-05,212,57826425,0.01346,0.6097,0.029,0.0
38260,no_patoshi_evidence,0.0,298,93259166,0.02171,0.1722,0.029,0.0
38285,no_patoshi_evidence,1e-05,185,28133459,0.00655,0.9473,0.029,0.0
38289,no_patoshi_evidence,1e-05,268,47154521,0.01098,0.7648,0.029,0.0
38298,no_patoshi_evidence,1e-05,177,32320784,0.00753,0.9242,0.029,0.0
38300,no_patoshi_evidence,1e-05,41,11894890,0.00277,0.6282,0.006,0.0
38307,no_patoshi_evidence,0.0,49,17360546,0.00404,0.2329,0.006,0.0
38317,no_patoshi_evidence,1e-05,164,44066791,0.01026,0.8091,0.029,0.0
38323,no_patoshi_evidence,1e-05,551,136821454,0.03186,0.5635,0.056,0.0
38336,no_patoshi_evidence,0.0,337,91865227,0.02139,0.8745,0.056,0.0
38337,no_patoshi_evidence,1e-05,775,215103722,0.05008,0.7736,0.109,0.0
38345,no_patoshi_evidence,0.0,210,57974110,0.0135,0.6068,0.029,0.0
38351,no_patoshi_evidence,1e-05,33,9913429,0.00231,0.7647,0.006,0.0
38355,no_patoshi_evidence,1e-05,360,94755459,0.02206,0.8624,0.056,0.0
38382,no_patoshi_evidence,1e-05,224,59699670,0.0139,0.5846,0.029,0.0
38386,no_patoshi_evidence,1e-05,327,118847863,0.02767,0.7177,0.056,0.0
38387,no_patoshi_evidence,1e-05,177,59492301,0.01385,0.5871,0.029,0.0
38396,no_patoshi_evidence,0.0,246,27971194,0.00651,0.9473,0.029,0.0
38407,unresolved,2e-05,450,52256023,0.01217,0.9612,0.056,0.0
38408,no_patoshi_evidence,1e-05,347,90278158,0.02102,0.8821,0.056,0.0
38414,unresolved,0.00603,558,203396900,0.04736,0.1295,0.056,0.00034
38424,no_patoshi_evidence,1e-05,1447,15445162,0.0036,0.998,0.244,0.0
38428,unresolved,0.17035,268,75257116,0.01752,0.3656,0.029,0.00584
38432,no_patoshi_evidence,1e-05,645,234171317,0.05452,0.692,0.109,0.0
38455,no_patoshi_evidence,0.0,166,10062406,0.00234,0.9936,0.029,0.0
38460,no_patoshi_evidence,1e-05,7,5917648,0.00138,0.3458,0.003,0.0
38473,no_patoshi_evidence,1e-05,358,82640001,0.01924,0.9037,0.056,0.0
38474,no_patoshi_evidence,1e-05,22,2013074,0.00047,0.7664,0.003,0.0
38494,no_patoshi_evidence,0.0,70,16720517,0.00389,0.8648,0.012,0.0
38495,no_patoshi_evidence,0.0,169,54975119,0.0128,0.6545,0.029,0.0
38497,no_patoshi_evidence,1e-05,261,70211220,0.01635,0.4272,0.029,0.0
38509,no_patoshi_evidence,1e-05,282,101902263,0.02373,0.1093,0.029,0.0
38512,unresolved,0.00603,31,5913864,0.00138,0.9176,0.006,4e-05
38515,no_patoshi_evidence,1e-05,348,108013671,0.02515,0.7908,0.056,0.0
38518,no_patoshi_evidence,1e-05,210,66159771,0.0154,0.4966,0.029,0.0
38529,no_patoshi_evidence,1e-05,784,265957194,0.06192,0.5383,0.109,0.0
38533,no_patoshi_evidence,1e-05,173,57925993,0.01349,0.6073,0.029,0.0
38550,no_patoshi_evidence,1e-05,447,153843677,0.03582,0.4209,0.056,0.0
38551,no_patoshi_evidence,0.0,196,12707971,0.00296,0.9911,0.029,0.0
38580,no_patoshi_evidence,1e-05,753,243928795,0.05679,0.6424,0.109,0.0
38595,unresolved,2e-05,279,21320988,0.00496,0.9695,0.029,0.0
38600,no_patoshi_evidence,1e-05,536,178121917,0.04147,0.2581,0.056,0.0
38614,unresolved,0.00603,272,82859314,0.01929,0.2712,0.029,0.00017
38628,no_patoshi_evidence,1e-05,15,5841211,0.00136,0.3583,0.003,0.0
38643,unresolved,2e-05,-21,153095,4e-05,,,2e-05
38661,unresolved,0.00603,353,102629145,0.0239,0.8231,0.056,0.00034
38680,unresolved,0.00603,62,16476460,0.00384,0.8711,0.012,7e-05
38685,no_patoshi_evidence,1e-05,218,61043062,0.01421,0.564,0.029,0.0
38687,unresolved,0.00603,308,87803192,0.02044,0.8906,0.056,0.00034
38691,no_patoshi_evidence,0.00051,348,101315796,0.02359,0.8322,0.056,3e-05
38694,unresolved,0.00603,719,190466566,0.04435,0.838,0.109,0.00066
38714,unresolved,2e-05,858,58332714,0.01358,0.9796,0.109,0.0
38747,no_patoshi_evidence,0.0,157,62329286,0.01451,0.5463,0.029,0.0
38808,no_patoshi_evidence,0.0,39,3263915,0.00076,0.9765,0.006,0.0
38812,unresolved,2e-05,411,87908405,0.02047,0.8906,0.056,0.0
38828,unresolved,0.00603,118,34964229,0.00814,0.2791,0.012,7e-05
38920,no_patoshi_evidence,0.0,49,12524960,0.00292,0.5671,0.006,0.0
38932,no_patoshi_evidence,1e-05,280,81758854,0.01904,0.284,0.029,0.0
38946,no_patoshi_evidence,0.0,645,143427933,0.03339,0.9251,0.109,0.0
38969,no_patoshi_evidence,0.0,292,93655158,0.02181,0.1683,0.029,0.0
38993,no_patoshi_evidence,0.0,230,57144732,0.01331,0.622,0.029,0.0
38994,unresolved,0.00603,71,23947296,0.00558,0.6608,0.012,7e-05
38997,unresolved,2e-05,75,23059766,0.00537,0.6921,0.012,0.0
39015,unresolved,0.00603,756,269450542,0.06274,0.5201,0.109,0.00066
39028,no_patoshi_evidence,0.00051,107,38427775,0.00895,0.1815,0.012,1e-05
39029,no_patoshi_evidence,0.00051,707,253399886,0.059,0.5983,0.109,6e-05
39036,no_patoshi_evidence,0.0,433,152139208,0.03542,0.439,0.056,0.0
39041,unresolved,0.00603,1064,375244324,0.08737,0.1581,0.109,0.00066
39070,no_patoshi_evidence,1e-05,182,63349087,0.01475,0.53,0.029,0.0
39073,no_patoshi_evidence,0.0,1040,309447004,0.07205,0.3587,0.109,0.0
39077,no_patoshi_evidence,1e-05,83,27048570,0.0063,0.5357,0.012,0.0
39080,no_patoshi_evidence,0.0,-338,316640436,0.07372,,,0.0
39099,no_patoshi_evidence,1e-05,205,59057585,0.01375,0.5915,0.029,0.0
39118,unresolved,2e-05,430,97961220,0.02281,0.8483,0.056,0.0
39138,no_patoshi_evidence,0.0,380,113717413,0.02648,0.754,0.056,0.0
39146,unresolved,0.00603,139,43464704,0.01012,0.8174,0.029,0.00017
39147,unresolved,0.00603,324,108665111,0.0253,0.7858,0.056,0.00034
39153,unresolved,0.00072,102,13293058,0.0031,0.9199,0.012,1e-05
39171,no_patoshi_evidence,1e-05,133,37183397,0.00866,0.8888,0.029,0.0
39187,no_patoshi_evidence,1e-05,191,44991557,0.01048,0.7968,0.029,0.0
39190,no_patoshi_evidence,1e-05,119,14364820,0.00334,0.9036,0.012,0.0
39199,no_patoshi_evidence,1e-05,84,24182271,0.00563,0.6521,0.012,0.0
39208,no_patoshi_evidence,1e-05,144,40565320,0.00944,0.8499,0.029,0.0
39220,no_patoshi_evidence,1e-05,94,26857567,0.00625,0.5407,0.012,0.0
39228,unresolved,0.00603,455,167093249,0.0389,0.3256,0.056,0.00034
39231,no_patoshi_evidence,0.0,303,35781258,0.00833,0.9803,0.056,0.0
39235,no_patoshi_evidence,1e-05,247,92064983,0.02144,0.1816,0.029,0.0
39250,no_patoshi_evidence,1e-05,199,61424371,0.0143,0.5566,0.029,0.0
39255,no_patoshi_evidence,1e-05,364,88364208,0.02057,0.8891,0.056,0.0
39262,unresolved,0.00603,454,133433125,0.03107,0.5943,0.056,0.00034
39266,no_patoshi_evidence,0.0,46,9869525,0.0023,0.7647,0.006,0.0
39278,unresolved,2e-05,242,14673411,0.00342,0.9897,0.029,0.0
39280,unresolved,0.00603,1093,371906851,0.08659,0.1691,0.109,0.00066
39291,no_patoshi_evidence,0.0,410,88828663,0.02068,0.8881,0.056,0.0
39302,unresolved,2e-05,667,205184032,0.04777,0.8055,0.109,0.0
39318,no_patoshi_evidence,0.0,1200,143262063,0.03336,0.9695,0.244,0.0
39321,unresolved,2e-05,959,267834654,0.06236,0.5273,0.109,0.0
39349,no_patoshi_evidence,0.0,305,13910468,0.00324,0.997,0.056,0.0
39354,unresolved,0.00603,618,157936681,0.03677,0.9102,0.109,0.00066
39358,no_patoshi_evidence,0.0,365,36486125,0.0085,0.9798,0.056,0.0
39360,unresolved,0.00603,535,156694314,0.03648,0.4012,0.056,0.00034
39364,no_patoshi_evidence,0.0,186,36929788,0.0086,0.8903,0.029,0.0
39365,no_patoshi_evidence,1e-05,210,73567427,0.01713,0.3824,0.029,0.0
39369,no_patoshi_evidence,1e-05,129,44097156,0.01027,0.8086,0.029,0.0
39372,no_patoshi_evidence,1e-05,32,17585682,0.00409,0.2165,0.006,0.0
39375,no_patoshi_evidence,1e-05,-3,2529747,0.00059,,,1e-05
39398,no_patoshi_evidence,1e-05,1387,369071011,0.08593,0.8252,0.244,0.0
39402,no_patoshi_evidence,1e-05,1652,440256597,0.10251,0.6921,0.244,0.0
39407,unresolved,2e-05,265,86086918,0.02004,0.2318,0.029,0.0
39417,no_patoshi_evidence,0.0,25,2144422,0.0005,0.7477,0.003,0.0
39428,no_patoshi_evidence,0.0,1555,507469185,0.11815,0.564,0.244,0.0
39432,no_patoshi_evidence,1e-05,377,96560571,0.02248,0.8543,0.056,0.0
39451,no_patoshi_evidence,1e-05,1016,253584730,0.05904,0.5967,0.109,0.0
39460,unresolved,0.00603,478,113650729,0.02646,0.7545,0.056,0.00034
39484,no_patoshi_evidence,0.0,533,107564467,0.02504,0.7928,0.056,0.0
39490,no_patoshi_evidence,1e-05,42,10748852,0.0025,0.7082,0.006,0.0
39512,unresolved,0.00603,129,43765800,0.01019,0.814,0.029,0.00017
39523,no_patoshi_evidence,0.0,46,12652266,0.00295,0.5529,0.006,0.0
39527,no_patoshi_evidence,1e-05,174,41472154,0.00966,0.8386,0.029,0.0
39529,no_patoshi_evidence,1e-05,626,176748767,0.04115,0.8694,0.109,0.0
39534,no_patoshi_evidence,1e-05,303,79822586,0.01859,0.9108,0.056,0.0
39537,no_patoshi_evidence,1e-05,410,120586056,0.02808,0.7006,0.056,0.0
39545,no_patoshi_evidence,0.0,35,21101521,0.00491,0.1082,0.006,0.0
39550,no_patoshi_evidence,1e-05,311,64781224,0.01508,0.9451,0.056,0.0
39555,no_patoshi_evidence,0.0,1163,205485423,0.04784,0.805,0.109,0.0
39558,no_patoshi_evidence,0.0,264,120647274,0.02809,0.0374,19.456,2e-05
39561,no_patoshi_evidence,1e-05,230,77957344,0.01815,0.3278,0.029,0.0
39566,no_patoshi_evidence,0.0,620,40872434,0.00952,0.9895,0.109,0.0
39580,no_patoshi_evidence,1e-05,544,155624392,0.03623,0.4098,0.056,0.0
39589,unresolved,2e-05,-502,2508564,0.00058,,,2e-05
39595,no_patoshi_evidence,1e-05,28,5208727,0.00121,0.4174,0.003,0.0
39598,no_patoshi_evidence,1e-05,2418,681237568,0.15861,0.2541,0.244,0.0
39604,no_patoshi_evidence,0.0,566,220749371,0.0514,0.0751,0.056,0.0
39605,unresolved,2e-05,-151,83607809,0.01947,,,2e-05
39612,unresolved,0.00603,930,130169117,0.03031,0.9328,0.109,0.00066
39615,no_patoshi_evidence,1e-05,515,101560078,0.02365,0.8296,0.056,0.0
39621,unresolved,2e-05,1718,201893921,0.04701,0.9492,0.244,0.0
39634,unresolved,2e-05,1060,291456058,0.06786,0.4264,0.109,0.0
39654,unresolved,0.00603,674,82321926,0.01917,0.9686,0.109,0.00066
39659,no_patoshi_evidence,1e-05,47,19495241,0.00454,0.1412,0.006,0.0
39685,unresolved,2e-05,435,113402387,0.0264,0.7571,0.056,0.0
39686,no_patoshi_evidence,1e-05,287,49357904,0.01149,0.7362,0.029,0.0
39697,no_patoshi_evidence,1e-05,7,14003149,0.00326,0.0343,19.942,0.0002
39702,no_patoshi_evidence,0.0,128,27542668,0.00641,0.9488,0.029,0.0
39703,unresolved,0.00603,451,161062942,0.0375,0.3664,0.056,0.00034
39704,no_patoshi_evidence,0.0,872,18634139,0.00434,0.9967,0.109,0.0
39706,no_patoshi_evidence,1e-05,266,38367992,0.00893,0.874,0.029,0.0
39709,no_patoshi_evidence,1e-05,235,66007788,0.01537,0.4966,0.029,0.0
39712,unresolved,2e-05,17,5421345,0.00126,0.3956,0.003,0.0
39713,unresolved,0.00603,682,1713123077,0.39887,0.0,17.929,0.0981
39718,unresolved,0.00603,2120,746715162,0.17386,0.2033,0.244,0.00148
39720,unresolved,0.17035,591,2387385108,0.55586,0.0,18.935,0.79541
39728,unresolved,0.00603,341,77828388,0.01812,0.9209,0.056,0.00034
39734,no_patoshi_evidence,0.00051,661,162216913,0.03777,0.9052,0.109,6e-05
39738,unresolved,2e-05,203,24578605,0.00572,0.9582,0.029,0.0
39742,no_patoshi_evidence,1e-05,457,122158072,0.02844,0.6855,0.056,0.0
39745,no_patoshi_evidence,1e-05,226,58573378,0.01364,0.5999,0.029,0.0
39749,no_patoshi_evidence,1e-05,735,262964366,0.06123,0.551,0.109,0.0
39767,no_patoshi_evidence,0.0,1608,223983506,0.05215,0.939,0.244,0.0
39768,no_patoshi_evidence,1e-05,143,35289033,0.00822,0.9026,0.029,0.0
39773,no_patoshi_evidence,0.0,177,47377842,0.01103,0.7638,0.029,0.0
39784,no_patoshi_evidence,1e-05,1259,138876294,0.03233,0.9705,0.244,0.0
39791,no_patoshi_evidence,0.0,359,49120881,0.01144,0.9652,0.056,0.0
39812,no_patoshi_evidence,0.0,106,28789400,0.0067,0.4681,0.012,0.0
39869,no_patoshi_evidence,1e-05,1435,508035135,0.11829,0.563,0.244,0.0
39916,no_patoshi_evidence,0.0,638,79173333,0.01843,0.9697,0.109,0.0
39920,unresolved,2e-05,444,124551967,0.029,0.6663,0.056,0.0
39924,no_patoshi_evidence,0.0,832,138706494,0.0323,0.9256,0.109,0.0
39946,no_patoshi_evidence,0.0,146,28443852,0.00662,0.9459,0.029,0.0
39947,unresolved,2e-05,793,84809775,0.01975,0.9658,0.109,0.0
39955,no_patoshi_evidence,1e-05,286,78127059,0.01819,0.3258,0.029,0.0
39999,no_patoshi_evidence,1e-05,73,18568067,0.00432,0.821,0.012,0.0
40015,no_patoshi_evidence,0.0,166,55571887,0.01294,0.6442,0.029,0.0
40031,no_patoshi_evidence,0.0,123,21436250,0.00499,0.9695,0.029,0.0
40034,no_patoshi_evidence,0.0,463,62461036,0.01454,0.9496,0.056,0.0
40046,unresolved,0.0,199,66326298,0.01544,0.4951,0.029,0.0
40081,unresolved,0.0,308,111849501,0.02604,0.7651,0.056,0.0
40082,no_patoshi_evidence,0.0,703,150294799,0.03499,0.919,0.109,0.0
40087,unresolved,0.0,614,222259253,0.05175,0.741,0.109,0.0
40105,no_patoshi_evidence,0.0,221,68972790,0.01606,0.4493,0.029,0.0
40119,no_patoshi_evidence,0.0,-52,87650952,0.02041,,,0.0
40124,no_patoshi_evidence,0.0,3,1122498,0.00026,0.8785,0.003,0.0
40126,no_patoshi_evidence,0.0,189,42218044,0.00983,0.8327,0.029,0.0
40132,no_patoshi_evidence,0.0,22,4249061,0.00099,0.5265,0.003,0.0
40134,no_patoshi_evidence,0.0,93,20890512,0.00486,0.7559,0.012,0.0
40136,no_patoshi_evidence,0.0,356,105264652,0.02451,0.8065,0.056,0.0
40145,no_patoshi_evidence,0.0,878,201305933,0.04687,0.816,0.109,0.0
40148,no_patoshi_evidence,0.0,104,28990325,0.00675,0.4643,0.012,0.0
40152,no_patoshi_evidence,0.0,292,79305062,0.01846,0.3091,0.029,0.0
40157,no_patoshi_evidence,0.0,967,253033039,0.05891,0.5994,0.109,0.0
40159,no_patoshi_evidence,0.0,141,31971297,0.00744,0.9272,0.029,0.0
40163,no_patoshi_evidence,0.0,442,99717230,0.02322,0.8412,0.056,0.0
40168,no_patoshi_evidence,0.0,1635,452141186,0.10527,0.6768,0.244,0.0
40187,no_patoshi_evidence,0.0,163,43282166,0.01008,0.8194,0.029,0.0
40191,no_patoshi_evidence,0.0,1752,554203890,0.12904,0.4573,0.244,0.0
40201,no_patoshi_evidence,0.0,293,10253977,0.00239,0.9931,0.029,0.0
40210,no_patoshi_evidence,0.0,194,47977675,0.01117,0.7559,0.029,0.0
40222,no_patoshi_evidence,0.0,543,176295768,0.04105,0.2656,0.056,0.0
40224,unresolved,0.0,-8,4919327,0.00115,,,0.0
40231,no_patoshi_evidence,0.0,61,14076265,0.00328,0.9074,0.012,0.0
40233,no_patoshi_evidence,0.0,316,127804355,0.02976,0.6356,0.056,0.0
40235,no_patoshi_evidence,0.0,1228,403736142,0.094,0.7673,0.244,0.0
40238,no_patoshi_evidence,0.0,154,10542689,0.00245,0.9931,0.029,0.0
40241,no_patoshi_evidence,0.0,24,2232337,0.00052,0.7383,0.003,0.0
40248,no_patoshi_evidence,0.0,56,9368635,0.00218,0.7835,0.006,0.0
40250,unresolved,0.0,109,49725494,0.01158,0.0451,19.776,2e-05
40251,unresolved,0.0,268,54056988,0.01259,0.6639,0.029,0.0
40254,no_patoshi_evidence,0.0,560,185059572,0.04309,0.2223,0.056,0.0
40255,no_patoshi_evidence,0.0,453,164728206,0.03835,0.3387,0.056,0.0
40256,no_patoshi_evidence,0.0,346,132027863,0.03074,0.6119,0.056,0.0
40262,no_patoshi_evidence,0.0,402,117743687,0.02741,0.7258,0.056,0.0
40264,no_patoshi_evidence,0.0,288,25974996,0.00605,0.9537,0.029,0.0
40265,no_patoshi_evidence,0.0,48,25273997,0.00588,0.04,19.885,2e-05
40272,no_patoshi_evidence,0.0,1543,565605316,0.13169,0.4278,0.244,0.0
40290,unresolved,0.0,70,8017951,0.00187,0.9687,0.012,0.0
40300,no_patoshi_evidence,0.0,519,28067243,0.00653,0.9859,0.056,0.0
40314,no_patoshi_evidence,0.0,765,261243588,0.06083,0.562,0.109,0.0
40317,no_patoshi_evidence,0.0,863,254473194,0.05925,0.5901,0.109,0.0
40329,no_patoshi_evidence,0.0,234,66563761,0.0155,0.4911,0.029,0.0
40333,no_patoshi_evidence,0.0,647,41632643,0.00969,0.9895,0.109,0.0
40334,unresolved,0.0,51,16025391,0.00373,0.2941,0.006,0.0
40338,unresolved,6e-05,247,73286656,0.01706,0.3839,0.029,0.0
40353,no_patoshi_evidence,0.0,862,255375737,0.05946,0.5879,0.109,0.0
40359,no_patoshi_evidence,0.0,106,23442821,0.00546,0.6796,0.012,0.0
40367,no_patoshi_evidence,0.0,102,16726934,0.00389,0.8648,0.012,0.0
40376,unresolved,0.0,674,241213959,0.05616,0.6584,0.109,0.0
40378,no_patoshi_evidence,0.0,296,111406158,0.02594,0.0689,0.029,0.0
40386,no_patoshi_evidence,0.0,38,23047796,0.00537,0.0706,0.006,0.0
40388,no_patoshi_evidence,0.0,-12,2297323,0.00053,,,0.0
40399,no_patoshi_evidence,0.0,200,42866044,0.00998,0.8248,0.029,0.0
40400,no_patoshi_evidence,0.0,809,306398683,0.07134,0.368,0.109,0.0
40407,no_patoshi_evidence,0.0,677,252121104,0.0587,0.6039,0.109,0.0
40409,no_patoshi_evidence,0.0,149,15394318,0.00358,0.9862,0.029,0.0
40418,no_patoshi_evidence,0.0,386,135841786,0.03163,0.5711,0.056,0.0
40430,no_patoshi_evidence,0.0,544,140269739,0.03266,0.5358,0.056,0.0
40431,unresolved,0.0,1363,138481448,0.03224,0.9705,0.244,0.0
40432,no_patoshi_evidence,0.0,446,98755973,0.02299,0.8458,0.056,0.0
40440,no_patoshi_evidence,0.0,167,59130770,0.01377,0.5901,0.029,0.0
40448,no_patoshi_evidence,0.0,684,35002622,0.00815,0.9901,0.109,0.0
40449,no_patoshi_evidence,0.0,170,36241547,0.00844,0.8962,0.029,0.0
40463,no_patoshi_evidence,0.0,277,59129575,0.01377,0.5901,0.029,0.0
40464,no_patoshi_evidence,0.0,1429,96126338,0.02238,0.9817,0.244,0.0
40465,no_patoshi_evidence,0.0,785,130667100,0.03042,0.9322,0.109,0.0
40474,no_patoshi_evidence,0.0,103,22960576,0.00535,0.7009,0.012,0.0
40476,unresolved,0.0,104,32875302,0.00765,0.3454,0.012,0.0
40491,no_patoshi_evidence,0.0,474,48386704,0.01127,0.9662,0.056,0.0
40495,unresolved,0.0,299,75907631,0.01767,0.3543,0.029,0.0
40503,no_patoshi_evidence,0.0,804,107783781,0.0251,0.9532,0.109,0.0
40508,no_patoshi_evidence,0.0,723,253556711,0.05904,0.5967,0.109,0.0
40512,unresolved,0.0,1851,184965664,0.04307,0.9553,0.244,0.0
40516,no_patoshi_evidence,0.0,157,42245817,0.00984,0.8327,0.029,0.0
40523,no_patoshi_evidence,0.0,157,15873532,0.0037,0.9843,0.029,0.0
40530,no_patoshi_evidence,0.0,6,1803909,0.00042,0.7944,0.003,0.0
40539,no_patoshi_evidence,0.0,557,181685955,0.0423,0.2384,0.056,0.0
40541,no_patoshi_evidence,0.0,93,26520317,0.00617,0.5457,0.012,0.0
40546,no_patoshi_evidence,0.0,229,23129457,0.00539,0.9641,0.029,0.0
40559,no_patoshi_evidence,0.0,144,30550332,0.00711,0.9336,0.029,0.0
40583,no_patoshi_evidence,0.0,570,131983073,0.03073,0.6119,0.056,0.0
40587,no_patoshi_evidence,0.0,452,29026378,0.00676,0.9849,0.056,0.0
40601,no_patoshi_evidence,0.0,874,145526178,0.03388,0.9223,0.109,0.0
40626,no_patoshi_evidence,0.0,194,92039342,0.02143,0.1821,0.029,0.0
40630,no_patoshi_evidence,0.0,928,240148304,0.05591,0.665,0.109,0.0
40648,unresolved,0.0,368,79039745,0.0184,0.9128,0.056,0.0
40655,unresolved,0.0,568,126723124,0.02951,0.6462,0.056,0.0
40663,no_patoshi_evidence,0.0,575,177144707,0.04124,0.2611,0.056,0.0
40677,no_patoshi_evidence,0.0,199,62052081,0.01445,0.5477,0.029,0.0
40683,unresolved,0.0,4,3023158,0.0007,0.6199,0.003,0.0
40685,unresolved,0.0,132,23185717,0.0054,0.9641,0.029,0.0
40690,no_patoshi_evidence,0.0,438,161692633,0.03765,0.3619,0.056,0.0
40693,unresolved,0.0,146,44694827,0.01041,0.8002,0.029,0.0
40694,no_patoshi_evidence,0.0,924,259059368,0.06032,0.573,0.109,0.0
40700,unresolved,0.0,19,6616108,0.00154,0.3022,0.003,0.0
40703,unresolved,0.0,48,5691937,0.00133,0.9176,0.006,0.0
40709,no_patoshi_evidence,0.0,38,4665976,0.00109,0.9459,0.006,0.0
40717,unresolved,0.0,129,38981382,0.00908,0.8676,0.029,0.0
40718,no_patoshi_evidence,0.0,117,34051536,0.00793,0.3066,0.012,0.0
40738,no_patoshi_evidence,0.0,1764,510989740,0.11897,0.5579,0.244,0.0
40759,no_patoshi_evidence,0.0,75,16613245,0.00387,0.8673,0.012,0.0
40761,no_patoshi_evidence,0.0,127,8288076,0.00193,0.9956,0.029,0.0
40767,no_patoshi_evidence,0.0,892,255497951,0.05949,0.5879,0.109,0.0
40768,no_patoshi_evidence,0.0,1768,399839436,0.09309,0.7805,0.244,0.0
40771,no_patoshi_evidence,0.0,275,74262414,0.01729,0.3735,0.029,0.0
40772,no_patoshi_evidence,0.0,399,42982904,0.01001,0.9713,0.056,0.0
40774,no_patoshi_evidence,0.0,726,318378840,0.07413,0.3201,0.109,0.0
40778,no_patoshi_evidence,0.0,73,31407028,0.00731,0.3892,0.012,0.0
40781,no_patoshi_evidence,0.0,1029,381666300,0.08886,0.1438,0.109,0.0
40796,no_patoshi_evidence,0.0,232,51911674,0.01209,0.6909,0.029,0.0
40801,no_patoshi_evidence,0.0,94,6874575,0.0016,0.9762,0.012,0.0
40807,no_patoshi_evidence,0.0,1468,318150763,0.07408,0.8801,0.244,0.0
40811,no_patoshi_evidence,0.0,279,92736149,0.02159,0.1772,0.029,0.0
40812,no_patoshi_evidence,0.0,784,177198166,0.04126,0.8678,0.109,0.0
40827,no_patoshi_evidence,0.0,463,100060776,0.0233,0.8392,0.056,0.0
40831,no_patoshi_evidence,0.0,275,65085356,0.01515,0.5103,0.029,0.0
40843,no_patoshi_evidence,0.0,99,35176804,0.00819,0.2691,0.012,0.0
40846,no_patoshi_evidence,0.0,92,24015474,0.00559,0.6558,0.012,0.0
40850,no_patoshi_evidence,0.0,389,93555635,0.02178,0.8664,0.056,0.0
40852,no_patoshi_evidence,0.0,19,6918372,0.00161,0.2835,0.003,0.0
40862,no_patoshi_evidence,0.0,107,6943323,0.00162,0.9762,0.012,0.0
40887,unresolved,0.0,407,72715315,0.01693,0.9289,0.056,0.0
40905,no_patoshi_evidence,0.0,274,104178111,0.02426,0.0965,0.029,0.0
40909,no_patoshi_evidence,0.0,551,122962634,0.02863,0.6794,0.056,0.0
40917,no_patoshi_evidence,0.0,504,124432827,0.02897,0.6678,0.056,0.0
40919,no_patoshi_evidence,0.0,570,45121737,0.01051,0.9698,0.056,0.0
40921,no_patoshi_evidence,0.0,204,55678872,0.01296,0.6422,0.029,0.0
40932,no_patoshi_evidence,0.0,230,65960398,0.01536,0.497,0.029,0.0
40933,no_patoshi_evidence,0.0,356,25161646,0.00586,0.9884,0.056,0.0
40940,no_patoshi_evidence,0.0,50,1476601,0.00034,1.0,0.006,0.0
40948,no_patoshi_evidence,0.0,524,148297195,0.03453,0.4688,0.056,0.0
40957,no_patoshi_evidence,0.0,172,35527141,0.00827,0.9006,0.029,0.0
40958,no_patoshi_evidence,0.0,182,50294338,0.01171,0.7219,0.029,0.0
40971,no_patoshi_evidence,0.0,263,58755258,0.01368,0.5979,0.029,0.0
40986,no_patoshi_evidence,0.0,199,48258485,0.01124,0.7515,0.029,0.0
40988,no_patoshi_evidence,0.0,142,21091911,0.00491,0.9695,0.029,0.0
41009,no_patoshi_evidence,0.0,330,120630538,0.02809,0.7006,0.056,0.0
41012,no_patoshi_evidence,0.0,143,36240041,0.00844,0.8962,0.029,0.0
41023,no_patoshi_evidence,0.0,321,50858741,0.01184,0.9632,0.056,0.0
41028,unresolved,0.0,196,40965658,0.00954,0.8435,0.029,0.0
41043,no_patoshi_evidence,0.0,575,126251346,0.0294,0.6507,0.056,0.0
41048,no_patoshi_evidence,0.0,627,302339150,0.07039,0.3851,0.109,0.0
41055,no_patoshi_evidence,0.0,63,617997,0.00014,1.0,0.012,0.0
41059,no_patoshi_evidence,0.0,434,139396843,0.03246,0.5423,0.056,0.0
41061,no_patoshi_evidence,0.0,369,82787467,0.01928,0.9027,0.056,0.0
41062,unresolved,0.0,298,106153515,0.02472,0.0871,0.029,0.0
41075,unresolved,0.0,194,45572629,0.01061,0.784,0.029,0.0
41077,no_patoshi_evidence,0.0,488,123487319,0.02875,0.6754,0.056,0.0
41084,no_patoshi_evidence,0.0,32,2944160,0.00069,0.9835,0.006,0.0
41091,no_patoshi_evidence,0.0,1004,335231074,0.07805,0.2601,0.109,0.0
41092,unresolved,0.0,585,271764738,0.06328,0.0076,18.935,2e-05
41098,unresolved,0.0,719,320071959,0.07452,0.3168,0.109,0.0
41116,no_patoshi_evidence,0.0,39,7687365,0.00179,0.8424,0.006,0.0
41126,no_patoshi_evidence,0.0,76,26384890,0.00614,0.5519,0.012,0.0
41128,no_patoshi_evidence,0.0,701,183383472,0.0427,0.8573,0.109,0.0
41131,no_patoshi_evidence,0.0,493,136791001,0.03185,0.564,0.056,0.0
41133,unresolved,0.0,233,60138520,0.014,0.5812,0.029,0.0
41140,no_patoshi_evidence,0.0,268,29694292,0.00691,0.937,0.029,0.0
41159,no_patoshi_evidence,0.0,989,250514356,0.05833,0.611,0.109,0.0
41170,no_patoshi_evidence,0.0,316,101982185,0.02374,0.8286,0.056,0.0
41173,no_patoshi_evidence,0.0,109,32304740,0.00752,0.3642,0.012,0.0
41184,no_patoshi_evidence,0.0,393,110459830,0.02572,0.7737,0.056,0.0
41189,no_patoshi_evidence,0.0,463,108545673,0.02527,0.7868,0.056,0.0
41194,no_patoshi_evidence,0.0,965,215502462,0.05018,0.7719,0.109,0.0
41207,no_patoshi_evidence,0.0,-11,6324686,0.00147,,,0.0
41208,no_patoshi_evidence,0.0,475,102871176,0.02395,0.8211,0.056,0.0
41211,no_patoshi_evidence,0.0,1080,296605510,0.06906,0.4083,0.109,0.0
41231,no_patoshi_evidence,0.0,469,61284923,0.01427,0.9496,0.056,0.0
41232,no_patoshi_evidence,0.0,164,25819041,0.00601,0.9537,0.029,0.0
41242,no_patoshi_evidence,0.0,425,95159223,0.02216,0.8599,0.056,0.0
41258,no_patoshi_evidence,0.0,758,170335498,0.03966,0.8871,0.109,0.0
41259,unresolved,0.0,175,42489624,0.00989,0.8292,0.029,0.0
41272,unresolved,0.0,96,18094117,0.00421,0.8348,0.012,0.0
41274,no_patoshi_evidence,0.0,55,11705419,0.00273,0.6424,0.006,0.0
41276,no_patoshi_evidence,0.0,756,332245823,0.07736,0.2749,0.109,0.0
41281,no_patoshi_evidence,0.0,146,40623453,0.00946,0.8474,0.029,0.0
41282,no_patoshi_evidence,0.0,8,632955,0.00015,0.9315,0.003,0.0
41294,no_patoshi_evidence,0.0,764,214906016,0.05004,0.7747,0.109,0.0
41300,unresolved,0.0,514,111539002,0.02597,0.7671,0.056,0.0
41303,no_patoshi_evidence,0.0,44,15763629,0.00367,0.3035,0.006,0.0
41308,no_patoshi_evidence,0.0,885,194801800,0.04536,0.8303,0.109,0.0
41323,unresolved,0.0,172,47629572,0.01109,0.7598,0.029,0.0
41327,no_patoshi_evidence,0.0,296,95260316,0.02218,0.1585,0.029,0.0
41329,unresolved,0.0,231,76554243,0.01782,0.3479,0.029,0.0
41335,no_patoshi_evidence,0.0,1446,321464913,0.07485,0.876,0.244,0.0
41338,no_patoshi_evidence,0.0,57,12365552,0.00288,0.5741,0.006,0.0
41340,no_patoshi_evidence,0.0,45,5079903,0.00118,0.9318,0.006,0.0
41355,no_patoshi_evidence,0.0,66,18511120,0.00431,0.821,0.012,0.0
41358,no_patoshi_evidence,0.0,249,71208794,0.01658,0.4114,0.029,0.0
41366,unresolved,0.0,-162,19858947,0.00462,,,0.0
41381,no_patoshi_evidence,0.0,381,138238109,0.03219,0.5539,0.056,0.0
41387,no_patoshi_evidence,0.0,745,264029618,0.06147,0.5477,0.109,0.0
41400,no_patoshi_evidence,0.0,473,129254397,0.03009,0.6295,0.056,0.0
41409,no_patoshi_evidence,0.0,431,96840904,0.02255,0.8533,0.056,0.0
41415,no_patoshi_evidence,0.0,457,112028832,0.02608,0.7646,0.056,0.0
41423,unresolved,0.0,3,109844,3e-05,0.9969,0.003,0.0
41426,unresolved,0.0,165,52704290,0.01227,0.6836,0.029,0.0
41434,no_patoshi_evidence,0.0,111,28901018,0.00673,0.4656,0.012,0.0
41436,no_patoshi_evidence,0.0,107,48198511,0.01122,0.0488,19.776,2e-05
41437,no_patoshi_evidence,0.0,195,46290769,0.01078,0.7751,0.029,0.0
41455,unresolved,0.0,36,9184025,0.00214,0.7859,0.006,0.0
41465,unresolved,0.0,26,10508568,0.00245,0.0997,0.003,0.0
41467,no_patoshi_evidence,0.0,166,48601833,0.01132,0.747,0.029,0.0
41482,no_patoshi_evidence,0.0,163,24152481,0.00562,0.9592,0.029,0.0
41499,no_patoshi_evidence,0.0,552,200468346,0.04668,0.1411,0.056,0.0
41519,no_patoshi_evidence,0.0,743,166278219,0.03871,0.8975,0.109,0.0
41522,no_patoshi_evidence,0.0,580,200923489,0.04678,0.1391,0.056,0.0
41525,no_patoshi_evidence,0.0,1170,480008087,0.11176,0.027,17.929,2e-05
41537,unresolved,0.0,251,27653428,0.00644,0.9488,0.029,0.0
41538,unresolved,0.0,153,66071853,0.01538,0.4966,0.029,0.0
41539,no_patoshi_evidence,0.0,624,70292425,0.01637,0.9725,0.109,0.0
41542,unresolved,0.0,558,73185314,0.01704,0.9284,0.056,0.0
41552,no_patoshi_evidence,0.0,189,40592246,0.00945,0.8484,0.029,0.0
41553,no_patoshi_evidence,0.0,326,21261390,0.00495,0.9914,0.056,0.0
41557,no_patoshi_evidence,0.0,650,312054033,0.07266,0.3504,0.109,0.0
41559,no_patoshi_evidence,0.0,194,75490149,0.01758,0.3612,0.029,0.0
41568,no_patoshi_evidence,0.0,37,16411964,0.00382,0.2706,0.006,0.0
41571,no_patoshi_evidence,0.0,74,6883320,0.0016,0.9762,0.012,0.0
41572,no_patoshi_evidence,0.0,645,159936221,0.03724,0.9074,0.109,0.0
41583,no_patoshi_evidence,0.0,193,33500266,0.0078,0.9173,0.029,0.0
41584,no_patoshi_evidence,0.0,4,1136568,0.00026,0.8785,0.003,0.0
41588,no_patoshi_evidence,0.0,152,38958610,0.00907,0.8676,0.029,0.0
41589,no_patoshi_evidence,0.0,77,29804360,0.00694,0.438,0.012,0.0
41593,unresolved,0.0,385,52094997,0.01213,0.9612,0.056,0.0
41597,no_patoshi_evidence,0.0,58,16403270,0.00382,0.2706,0.006,0.0
41605,no_patoshi_evidence,0.0,541,213912440,0.04981,0.0907,0.056,0.0
41616,unresolved,0.0,287,64110881,0.01493,0.5231,0.029,0.0
41624,no_patoshi_evidence,0.0,206,67051629,0.01561,0.4823,0.029,0.0
41630,no_patoshi_evidence,0.0,210,96101730,0.02238,0.1501,0.029,0.0
41631,no_patoshi_evidence,0.0,490,72244859,0.01682,0.9309,0.056,0.0
41640,no_patoshi_evidence,0.0,-13,1757651,0.00041,,,0.0
41644,no_patoshi_evidence,0.0,56,9651829,0.00225,0.7718,0.006,0.0
41647,no_patoshi_evidence,0.0,966,380607431,0.08862,0.146,0.109,0.0
41648,unresolved,0.0,137,54139428,0.01261,0.6639,0.029,0.0
41650,no_patoshi_evidence,0.0,197,75145033,0.0175,0.3666,0.029,0.0
41661,no_patoshi_evidence,0.0,218,91885819,0.02139,0.1836,0.029,0.0
41665,no_patoshi_evidence,0.0,21,3907459,0.00091,0.5545,0.003,0.0
41676,no_patoshi_evidence,0.0,609,236308140,0.05502,0.6848,0.109,0.0
41688,no_patoshi_evidence,0.0,564,231734470,0.05395,0.0444,18.935,2e-05
41692,no_patoshi_evidence,0.0,389,155409532,0.03618,0.4108,0.056,0.0
41693,no_patoshi_evidence,0.0,147,56454298,0.01314,0.6319,0.029,0.0
41700,no_patoshi_evidence,0.0,45,8655847,0.00202,0.8071,0.006,0.0
41712,no_patoshi_evidence,0.0,35,9775845,0.00228,0.7671,0.006,0.0
41713,no_patoshi_evidence,0.0,52,26371307,0.00614,0.0353,19.885,2e-05
41716,no_patoshi_evidence,0.0,5,12413510,0.00289,0.0498,19.942,2e-05
41717,no_patoshi_evidence,0.0,90,26312772,0.00613,0.5544,0.012,0.0
41721,unresolved,0.0,40,14051872,0.00327,0.4329,0.006,0.0
41722,no_patoshi_evidence,0.0,402,152475108,0.0355,0.4345,0.056,0.0
41729,no_patoshi_evidence,0.0,987,293768060,0.0684,0.4165,0.109,0.0
41731,no_patoshi_evidence,0.0,70,30618724,0.00713,0.4118,0.012,0.0
41734,no_patoshi_evidence,0.0,343,120522994,0.02806,0.7011,0.056,0.0
41738,no_patoshi_evidence,0.0,18,773749,0.00018,0.9221,0.003,0.0
41743,no_patoshi_evidence,0.0,98,34326338,0.00799,0.3016,0.012,0.0
41745,no_patoshi_evidence,0.0,251,59499383,0.01385,0.5871,0.029,0.0
41764,no_patoshi_evidence,0.0,388,135340752,0.03151,0.5776,0.056,0.0
41765,no_patoshi_evidence,0.0,128,61081577,0.01422,0.564,0.029,0.0
41771,no_patoshi_evidence,0.0,55,13323204,0.0031,0.4918,0.006,0.0
41774,no_patoshi_evidence,0.0,251,44086856,0.01026,0.8086,0.029,0.0
41783,no_patoshi_evidence,0.0,114,32996087,0.00768,0.3392,0.012,0.0
41791,unresolved,0.0,540,205915947,0.04794,0.1195,0.056,0.0
41792,no_patoshi_evidence,0.0,492,49657297,0.01156,0.9642,0.056,0.0
41793,no_patoshi_evidence,0.0,54,14685523,0.00342,0.3906,0.006,0.0
41798,no_patoshi_evidence,0.0,839,417671661,0.09725,0.081,0.109,0.0
41804,no_patoshi_evidence,0.0,253,39272526,0.00914,0.8637,0.029,0.0
41811,unresolved,0.0,163,56407059,0.01313,0.6329,0.029,0.0
41817,no_patoshi_evidence,0.0,383,99440847,0.02315,0.8427,0.056,0.0
41821,no_patoshi_evidence,0.0,482,78787301,0.01834,0.9148,0.056,0.0
41836,no_patoshi_evidence,0.0,812,76674684,0.01785,0.9697,0.109,0.0
41837,no_patoshi_evidence,0.0,125,36851587,0.00858,0.8907,0.029,0.0
41838,no_patoshi_evidence,0.0,293,79405249,0.01849,0.3091,0.029,0.0
41840,no_patoshi_evidence,0.0,437,96476046,0.02246,0.8543,0.056,0.0
41845,no_patoshi_evidence,0.0,12,540299,0.00013,0.9377,0.003,0.0
41847,no_patoshi_evidence,0.0,62,16906653,0.00394,0.8636,0.012,0.0
41851,no_patoshi_evidence,0.0,930,329338581,0.07668,0.2826,0.109,0.0
41852,no_patoshi_evidence,0.0,376,96545298,0.02248,0.8543,0.056,0.0
41854,no_patoshi_evidence,0.0,263,64492463,0.01502,0.5162,0.029,0.0
41857,no_patoshi_evidence,0.0,328,90609105,0.0211,0.8805,0.056,0.0
41865,unresolved,0.0,184,61167364,0.01424,0.561,0.029,0.0
41879,no_patoshi_evidence,0.0,816,151704396,0.03532,0.9179,0.109,0.0
41881,no_patoshi_evidence,0.0,346,74651893,0.01738,0.9269,0.056,0.0
41890,unresolved,0.0,77,20352300,0.00474,0.7685,0.012,0.0
41892,unresolved,0.0,683,170767891,0.03976,0.886,0.109,0.0
41898,no_patoshi_evidence,0.0,359,87924683,0.02047,0.8906,0.056,0.0
41905,unresolved,0.0,42,32214055,0.0075,0.0188,19.885,2e-05
41911,no_patoshi_evidence,0.0,110,32083327,0.00747,0.3742,0.012,0.0
41920,no_patoshi_evidence,0.0,252,91253005,0.02125,0.1875,0.029,0.0
41921,no_patoshi_evidence,0.0,271,38802925,0.00903,0.8696,0.029,0.0
41922,no_patoshi_evidence,0.0,139,19136736,0.00446,0.9754,0.029,0.0
41928,no_patoshi_evidence,0.0,369,35570807,0.00828,0.9808,0.056,0.0
41930,no_patoshi_evidence,0.0,550,58864574,0.01371,0.9536,0.056,0.0
41954,no_patoshi_evidence,0.0,1299,85713915,0.01996,0.9837,0.244,0.0
41963,no_patoshi_evidence,0.0,504,109710185,0.02554,0.7802,0.056,0.0
41981,no_patoshi_evidence,0.0,35,5334876,0.00124,0.9271,0.006,0.0
41982,no_patoshi_evidence,0.0,820,258752913,0.06025,0.5736,0.109,0.0
41985,no_patoshi_evidence,0.0,295,140396635,0.03269,0.0103,19.456,2e-05
41989,unresolved,0.0,617,140435502,0.0327,0.9256,0.109,0.0
41991,no_patoshi_evidence,0.0,24,6949866,0.00162,0.2773,0.003,0.0
42002,unresolved,0.0,106,24824621,0.00578,0.6183,0.012,0.0
42003,no_patoshi_evidence,0.0,270,42591857,0.00992,0.8282,0.029,0.0
42010,no_patoshi_evidence,0.0,53,18050889,0.0042,0.1953,0.006,0.0
42018,no_patoshi_evidence,0.0,643,35257276,0.00821,0.9901,0.109,0.0
42021,unresolved,0.0,259,58518803,0.01362,0.5999,0.029,0.0
42026,no_patoshi_evidence,0.0,227,65969851,0.01536,0.497,0.029,0.0
42032,no_patoshi_evidence,0.0,309,116011166,0.02701,0.7379,0.056,0.0
42036,no_patoshi_evidence,0.0,341,89112441,0.02075,0.8856,0.056,0.0
42056,no_patoshi_evidence,0.0,660,281759414,0.0656,0.4634,0.109,0.0
42060,no_patoshi_evidence,0.0,473,130749157,0.03044,0.6215,0.056,0.0
42061,no_patoshi_evidence,0.0,96,27472224,0.0064,0.5119,0.012,0.0
42065,unresolved,0.0,1405,250645279,0.05836,0.9278,0.244,0.0
42066,no_patoshi_evidence,0.0,190,73716679,0.01716,0.3809,0.029,0.0
42083,unresolved,0.0,152,30320920,0.00706,0.9345,0.029,0.0
42090,no_patoshi_evidence,0.0,279,82152634,0.01913,0.2805,0.029,0.0
42091,no_patoshi_evidence,0.0,1015,65394126,0.01523,0.9741,0.109,0.0
42093,no_patoshi_evidence,0.0,336,116039352,0.02702,0.7379,0.056,0.0
42123,no_patoshi_evidence,0.0,786,173909495,0.04049,0.8788,0.109,0.0
42125,no_patoshi_evidence,0.0,259,57018849,0.01328,0.623,0.029,0.0
42133,no_patoshi_evidence,0.0,1,355066,8e-05,0.9626,0.003,0.0
42157,no_patoshi_evidence,0.0,295,72590242,0.0169,0.3927,0.029,0.0
42161,no_patoshi_evidence,0.0,151,43393381,0.0101,0.8189,0.029,0.0
42165,unresolved,0.0,134,10277675,0.00239,0.9931,0.029,0.0
42169,no_patoshi_evidence,0.0,520,249811473,0.05816,0.0222,18.935,2e-05
42171,no_patoshi_evidence,0.0,464,98853320,0.02302,0.8453,0.056,0.0
42186,no_patoshi_evidence,0.0,670,193007301,0.04494,0.832,0.109,0.0
42190,no_patoshi_evidence,0.0,417,148880578,0.03466,0.4642,0.056,0.0
42200,no_patoshi_evidence,0.0,377,107693511,0.02507,0.7923,0.056,0.0
42206,unresolved,0.0,243,52476693,0.01222,0.6845,0.029,0.0
42211,no_patoshi_evidence,0.0,290,111304138,0.02592,0.0689,0.029,0.0
42216,no_patoshi_evidence,0.0,760,17336901,0.00404,0.9972,0.109,0.0
42238,no_patoshi_evidence,0.0,924,279275233,0.06502,0.4749,0.109,0.0
42258,no_patoshi_evidence,0.0,53,19152867,0.00446,0.1529,0.006,0.0
42260,no_patoshi_evidence,0.0,56,22230401,0.00518,0.0871,0.006,0.0
42264,unresolved,0.0,55,9305138,0.00217,0.7835,0.006,0.0
42265,no_patoshi_evidence,0.0,1140,327903058,0.07635,0.2865,0.109,0.0
42271,no_patoshi_evidence,0.0,381,106209156,0.02473,0.8014,0.056,0.0
42275,no_patoshi_evidence,0.0,593,100760766,0.02346,0.8352,0.056,0.0
42277,no_patoshi_evidence,0.0,1497,430758291,0.10029,0.7124,0.244,0.0
42279,no_patoshi_evidence,0.0,25,5059141,0.00118,0.4579,0.003,0.0
42280,unresolved,0.0,55,15498517,0.00361,0.3224,0.006,0.0
42284,no_patoshi_evidence,0.0,430,150445668,0.03503,0.4516,0.056,0.0
42285,no_patoshi_evidence,0.0,221,64044134,0.01491,0.5231,0.029,0.0
42297,no_patoshi_evidence,0.0,737,259164388,0.06034,0.573,0.109,0.0
42300,no_patoshi_evidence,0.0,1622,215189068,0.0501,0.9441,0.244,0.0
42308,unresolved,0.0,28,9751329,0.00227,0.1277,0.003,0.0
42318,unresolved,0.0,531,152275750,0.03545,0.4365,0.056,0.0
42322,unresolved,0.0,763,165474864,0.03853,0.8981,0.109,0.0
42339,unresolved,0.0,189,64016641,0.01491,0.5231,0.029,0.0
42350,unresolved,0.0,478,103833348,0.02418,0.8125,0.056,0.0
42351,no_patoshi_evidence,0.0,424,209060564,0.04868,0.1074,0.056,0.0
42362,no_patoshi_evidence,0.0,-3,24630522,0.00573,,,0.0
42366,no_patoshi_evidence,0.0,588,131413637,0.0306,0.6169,0.056,0.0
42372,no_patoshi_evidence,0.0,488,162051171,0.03773,0.3589,0.056,0.0
42374,no_patoshi_evidence,0.0,74,18128327,0.00422,0.8348,0.012,0.0
42377,no_patoshi_evidence,0.0,71,16864739,0.00393,0.8636,0.012,0.0
42384,no_patoshi_evidence,0.0,1284,503824211,0.11731,0.5711,0.244,0.0
42393,unresolved,0.0,793,375307290,0.08738,0.1581,0.109,0.0
42395,no_patoshi_evidence,0.0,2051,479590251,0.11166,0.6179,0.244,0.0
42400,no_patoshi_evidence,0.0,447,155340117,0.03617,0.4108,0.056,0.0
42402,no_patoshi_evidence,0.0,249,64497108,0.01502,0.5162,0.029,0.0
42403,no_patoshi_evidence,0.0,91,8757583,0.00204,0.9625,0.012,0.0
42416,no_patoshi_evidence,0.0,790,160437139,0.03735,0.9074,0.109,0.0
42417,unresolved,0.0,175,21564930,0.00502,0.9685,0.029,0.0
42425,no_patoshi_evidence,0.0,1187,116650891,0.02716,0.9488,0.109,0.0
42428,no_patoshi_evidence,0.0,43,2587535,0.0006,0.9882,0.006,0.0
42433,no_patoshi_evidence,0.0,859,226626509,0.05277,0.7229,0.109,0.0
42435,no_patoshi_evidence,0.0,375,107535757,0.02504,0.7928,0.056,0.0
42438,no_patoshi_evidence,0.0,2071,745005152,0.17346,0.2043,0.244,0.0
42442,no_patoshi_evidence,0.0,118,60508411,0.01409,0.0138,19.776,2e-05
42446,unresolved,0.0,67,3348524,0.00078,0.9975,0.012,0.0
42452,no_patoshi_evidence,0.0,1525,782094093,0.1821,0.1646,0.244,0.0
42453,no_patoshi_evidence,0.0,696,193645137,0.04509,0.8314,0.109,0.0
42456,unresolved,0.0,304,161455639,0.03759,0.3629,0.056,0.0
42464,unresolved,0.0,679,181042971,0.04215,0.8628,0.109,0.0
42465,no_patoshi_evidence,0.0,-3,506813,0.00012,,,0.0
42468,no_patoshi_evidence,0.0,98,13309609,0.0031,0.9199,0.012,0.0
42472,no_patoshi_evidence,0.0,494,254008516,0.05914,0.0181,18.935,2e-05
42473,no_patoshi_evidence,0.0,351,69051059,0.01608,0.9385,0.056,0.0
42475,no_patoshi_evidence,0.0,491,224620761,0.0523,0.0655,0.056,0.0
42477,unresolved,0.0,1797,519567399,0.12097,0.5325,0.244,0.0
42478,unresolved,6e-05,84,23688197,0.00552,0.6708,0.012,0.0
42481,no_patoshi_evidence,0.0,475,195889638,0.04561,0.1709,0.056,0.0
42491,no_patoshi_evidence,0.0,372,102055579,0.02376,0.8281,0.056,0.0
42492,no_patoshi_evidence,0.0,1046,196565603,0.04577,0.827,0.109,0.0
42493,no_patoshi_evidence,0.0,1570,272366093,0.06342,0.9167,0.244,0.0
42494,no_patoshi_evidence,0.0,314,165642623,0.03857,0.3337,0.056,0.0
42495,no_patoshi_evidence,0.0,503,136767372,0.03184,0.564,0.056,0.0
42501,no_patoshi_evidence,0.00021,39,19855557,0.00462,0.1271,0.006,0.0
42504,unresolved,0.07987,40,2314521,0.00054,0.9929,0.006,0.00052
42516,no_patoshi_evidence,0.00021,292,154944077,0.03608,0.0015,19.456,0.00407
42517,no_patoshi_evidence,0.00021,12,4048141,0.00094,0.5483,0.003,0.0
42519,no_patoshi_evidence,0.00021,201,100366660,0.02337,0.122,0.029,1e-05
42525,no_patoshi_evidence,0.00021,455,178550139,0.04157,0.2555,0.056,1e-05
42528,no_patoshi_evidence,0.00034,269,136870317,0.03187,0.0133,19.456,0.00657
42543,no_patoshi_evidence,0.00021,364,170103698,0.03961,0.3085,0.056,1e-05
42548,no_patoshi_evidence,0.0,494,164787080,0.03837,0.3382,0.056,0.0
42559,no_patoshi_evidence,0.00021,581,172284099,0.04011,0.2954,0.056,1e-05
42560,no_patoshi_evidence,0.00021,1043,550697877,0.12822,0.0066,17.929,0.00375
42563,no_patoshi_evidence,0.00021,265,85152575,0.01983,0.2411,0.029,1e-05
42580,no_patoshi_evidence,0.00021,157,48521145,0.0113,0.748,0.029,1e-05
42586,no_patoshi_evidence,0.00021,102,6101854,0.00142,0.9875,0.012,0.0
42587,no_patoshi_evidence,0.00021,55,19489520,0.00454,0.1412,0.006,0.0
42588,no_patoshi_evidence,0.0,346,127169608,0.02961,0.6436,0.056,0.0
42595,no_patoshi_evidence,0.00021,144,66995282,0.0156,0.4843,0.029,1e-05
42602,no_patoshi_evidence,0.0,78,33379416,0.00777,0.3267,0.012,0.0
42606,no_patoshi_evidence,0.00021,238,93229436,0.02171,0.1727,0.029,1e-05
42607,no_patoshi_evidence,0.00021,54,21422316,0.00499,0.0988,0.006,0.0
42613,unresolved,0.00031,261,55885062,0.01301,0.6403,0.029,1e-05
42614,no_patoshi_evidence,0.00021,252,88982622,0.02072,0.2067,0.029,1e-05
42615,no_patoshi_evidence,0.00021,158,37554772,0.00874,0.8839,0.029,1e-05
42630,no_patoshi_evidence,0.0,3,8661135,0.00202,0.1713,0.003,0.0
42642,no_patoshi_evidence,0.00021,121,39080959,0.0091,0.8666,0.029,1e-05
42644,unresolved,0.00031,528,87479582,0.02037,0.8916,0.056,2e-05
42650,no_patoshi_evidence,0.00021,1375,362121319,0.08431,0.8354,0.244,5e-05
42660,unresolved,0.00031,982,73851911,0.01719,0.9697,0.109,3e-05
42662,unresolved,0.07987,329,78333698,0.01824,0.9173,0.056,0.00484
42667,no_patoshi_evidence,0.00021,688,184814697,0.04303,0.8529,0.109,2e-05
42673,unresolved,0.00031,241,15640326,0.00364,0.9847,0.029,1e-05
42678,no_patoshi_evidence,0.00021,1391,708301942,0.16491,0.2317,0.244,5e-05
42684,no_patoshi_evidence,0.0,30,8406341,0.00196,0.8118,0.006,0.0
42694,no_patoshi_evidence,0.00021,42,18049785,0.0042,0.1953,0.006,0.0
42695,no_patoshi_evidence,0.00021,351,140461896,0.0327,0.5343,0.056,1e-05
42696,no_patoshi_evidence,0.0,1264,404307986,0.09414,0.7663,0.244,0.0
42706,unresolved,0.00031,683,294960921,0.06868,0.4132,0.109,3e-05
42718,no_patoshi_evidence,0.00021,179,54411629,0.01267,0.6599,0.029,1e-05
42724,no_patoshi_evidence,0.0,66,20967111,0.00488,0.7522,0.012,0.0
42732,unresolved,0.07987,23,9690113,0.00226,0.1277,0.003,0.00026
42736,no_patoshi_evidence,0.0,115,33830871,0.00788,0.3141,0.012,0.0
42754,no_patoshi_evidence,0.0,45,10149363,0.00236,0.7529,0.006,0.0
42759,added_possible,0.7461,88,386891548,0.09008,0.0,19.776,0.98308
42763,no_patoshi_evidence,0.00021,560,110369222,0.0257,0.7757,0.056,1e-05
42764,no_patoshi_evidence,0.00021,829,38594775,0.00899,0.9895,0.109,2e-05
42765,no_patoshi_evidence,0.0,278,75831395,0.01766,0.3543,0.029,0.0
42771,no_patoshi_evidence,0.00021,500,91441286,0.02129,0.8765,0.056,1e-05
42774,unresolved,0.07987,97,24058676,0.0056,0.6546,0.012,0.00102
42782,no_patoshi_evidence,0.00021,1073,383313724,0.08925,0.1405,0.109,2e-05
42788,unresolved,0.00031,264,61160752,0.01424,0.561,0.029,1e-05
42795,unresolved,0.07987,909,217083941,0.05054,0.7669,0.109,0.00937
42808,no_patoshi_evidence,0.00021,1204,325779589,0.07585,0.8709,0.244,5e-05
42823,unresolved,0.00031,440,209337899,0.04874,0.1069,0.056,2e-05
42828,no_patoshi_evidence,0.00021,945,205069480,0.04775,0.8061,0.109,2e-05
42836,no_patoshi_evidence,0.00021,293,78502299,0.01828,0.3194,0.029,1e-05
42840,no_patoshi_evidence,0.00021,150,56302972,0.01311,0.6334,0.029,1e-05
42841,no_patoshi_evidence,0.0,428,138902642,0.03234,0.5469,0.056,0.0
42842,no_patoshi_evidence,0.0,565,48150488,0.01121,0.9662,0.056,0.0
42844,unresolved,0.00031,237,65090081,0.01515,0.5103,0.029,1e-05
42847,no_patoshi_evidence,0.00021,590,52921680,0.01232,0.9607,0.056,1e-05
42858,no_patoshi_evidence,0.0,272,53906557,0.01255,0.6639,0.029,0.0
42869,no_patoshi_evidence,0.0,125,33858270,0.00788,0.9154,0.029,0.0
42878,no_patoshi_evidence,0.0,508,200449083,0.04667,0.1411,0.056,0.0
42881,no_patoshi_evidence,0.00021,109,26264572,0.00612,0.5544,0.012,0.0
42889,unresolved,0.00031,395,149643064,0.03484,0.4572,0.056,2e-05
42895,no_patoshi_evidence,0.00021,534,192820491,0.04489,0.1835,0.056,1e-05
42898,no_patoshi_evidence,0.00021,64,26330317,0.00613,0.5544,0.012,0.0
42906,unresolved,0.00031,15,2813743,0.00066,0.6511,0.003,0.0
42915,no_patoshi_evidence,0.0,400,133913240,0.03118,0.5897,0.056,0.0
42916,no_patoshi_evidence,0.00021,6,1496932,0.00035,0.8287,0.003,0.0
42919,no_patoshi_evidence,0.00021,207,62623390,0.01458,0.5413,0.029,1e-05
42942,no_patoshi_evidence,0.00021,298,146383176,0.03408,0.0074,19.456,0.00407
42945,unresolved,0.07987,24,4382489,0.00102,0.5202,0.003,0.00026
42950,unresolved,0.07987,809,230291481,0.05362,0.7085,0.109,0.00937
42965,no_patoshi_evidence,0.00021,193,78508477,0.01828,0.3194,0.029,1e-05
42975,no_patoshi_evidence,0.00021,203,50198115,0.01169,0.7229,0.029,1e-05
42978,no_patoshi_evidence,0.0,184,60426347,0.01407,0.5763,0.029,0.0
42999,no_patoshi_evidence,0.0,1271,451638112,0.10516,0.6768,0.244,0.0
43016,no_patoshi_evidence,0.00021,98,34679432,0.00807,0.2866,0.012,0.0
43023,no_patoshi_evidence,0.0,1293,338394106,0.07879,0.8638,0.244,0.0
43030,no_patoshi_evidence,0.0,722,310251370,0.07224,0.3554,0.109,0.0
43032,unresolved,0.07987,273,86525471,0.02015,0.2279,0.029,0.00248
43035,no_patoshi_evidence,0.00021,274,80143767,0.01866,0.3022,0.029,1e-05
43039,no_patoshi_evidence,0.00021,106,45157393,0.01051,0.0726,0.012,0.0
43040,unresolved,0.07987,405,121332261,0.02825,0.6951,0.056,0.00484
43045,no_patoshi_evidence,0.00021,702,115484312,0.02689,0.9488,0.109,2e-05
43046,unresolved,0.07987,761,398131227,0.0927,0.1124,0.109,0.00937
43048,unresolved,0.01026,203,61016104,0.01421,0.565,0.029,0.0003
43049,no_patoshi_evidence,3e-05,542,164665493,0.03834,0.3392,0.056,0.0
43059,no_patoshi_evidence,0.00021,116,55763945,0.01298,0.0225,19.776,0.00414
43069,no_patoshi_evidence,0.0,1077,352574333,0.08209,0.2154,0.109,0.0
43071,no_patoshi_evidence,0.0,558,217588625,0.05066,0.0832,0.056,0.0
43072,no_patoshi_evidence,0.00021,390,152171485,0.03543,0.438,0.056,1e-05
43087,no_patoshi_evidence,0.0,33,9352190,0.00218,0.7835,0.006,0.0
43097,no_patoshi_evidence,0.0,1603,510160746,0.11878,0.561,0.244,0.0
43120,no_patoshi_evidence,0.0,431,110898043,0.02582,0.7712,0.056,0.0
43124,no_patoshi_evidence,0.0,880,420597189,0.09793,0.0804,0.109,0.0
43130,no_patoshi_evidence,0.00021,314,115854505,0.02697,0.7394,0.056,1e-05
43137,no_patoshi_evidence,0.0,203,94486414,0.022,0.1639,0.029,0.0
43138,no_patoshi_evidence,0.00021,654,266286510,0.062,0.5366,0.109,2e-05
43149,no_patoshi_evidence,0.00021,618,143869576,0.0335,0.924,0.109,2e-05
43160,no_patoshi_evidence,0.00021,952,281533307,0.06555,0.4639,0.109,2e-05
43164,no_patoshi_evidence,0.00021,465,190129343,0.04427,0.1935,0.056,1e-05
43167,unresolved,0.07987,240,82281495,0.01916,0.28,0.029,0.00248
43189,no_patoshi_evidence,0.00021,105,43194480,0.01006,0.0926,0.012,0.0
43204,no_patoshi_evidence,0.00021,108,38804425,0.00903,0.1652,0.012,0.0
43209,no_patoshi_evidence,0.0,1534,557772425,0.12987,0.4492,0.244,0.0
43212,unresolved,0.07987,235,62594049,0.01457,0.5413,0.029,0.00248
43216,no_patoshi_evidence,0.00021,578,61673969,0.01436,0.9496,0.056,1e-05
43219,unresolved,0.07987,44,8936472,0.00208,0.8,0.006,0.00052
43222,no_patoshi_evidence,0.00021,141,38631792,0.00899,0.8706,0.029,1e-05
43225,no_patoshi_evidence,0.00021,115,25043838,0.00583,0.6083,0.012,0.0
43228,unresolved,0.07987,434,86163463,0.02006,0.8942,0.056,0.00484
43249,no_patoshi_evidence,0.00021,403,104121408,0.02424,0.8115,0.056,1e-05
43266,no_patoshi_evidence,0.0,30,8918421,0.00208,0.8,0.006,0.0
43267,no_patoshi_evidence,0.00021,930,436346598,0.10159,0.0606,0.109,2e-05
43271,no_patoshi_evidence,0.0,677,269059272,0.06265,0.5223,0.109,0.0
43280,no_patoshi_evidence,0.00021,384,112459917,0.02618,0.7631,0.056,1e-05
43287,no_patoshi_evidence,0.00021,417,109133724,0.02541,0.7838,0.056,1e-05
43315,no_patoshi_evidence,0.00021,319,83442774,0.01943,0.9017,0.056,1e-05
43317,no_patoshi_evidence,0.00021,375,141072855,0.03285,0.5297,0.056,1e-05
43326,no_patoshi_evidence,0.00021,254,55542157,0.01293,0.6452,0.029,1e-05
43327,no_patoshi_evidence,0.0,187,69608386,0.01621,0.439,0.029,0.0
43330,no_patoshi_evidence,0.00021,209,23804146,0.00554,0.9611,0.029,1e-05
43332,no_patoshi_evidence,0.00021,50,24142783,0.00562,0.0541,0.006,0.0
43339,no_patoshi_evidence,0.00021,91,35260111,0.00821,0.2666,0.012,0.0
43347,no_patoshi_evidence,0.0,1454,563921264,0.1313,0.4319,0.244,0.0
43361,no_patoshi_evidence,0.0,224,50730198,0.01181,0.7131,0.029,0.0
43376,no_patoshi_evidence,0.0,566,220684191,0.05138,0.0751,0.056,0.0
43379,no_patoshi_evidence,0.0,270,99889849,0.02326,0.126,0.029,0.0
43385,no_patoshi_evidence,0.00021,277,110297409,0.02568,0.0728,0.029,1e-05
43394,no_patoshi_evidence,0.00021,635,126810716,0.02953,0.9366,0.109,2e-05
43400,no_patoshi_evidence,0.00021,178,52591200,0.01224,0.6836,0.029,1e-05
43403,no_patoshi_evidence,0.0,467,183854465,0.04281,0.2273,0.056,0.0
43413,unresolved,0.07987,69,12478257,0.00291,0.9299,0.012,0.00102
43415,no_patoshi_evidence,0.0,647,233167698,0.05429,0.6975,0.109,0.0
43421,unresolved,0.07987,275,36537880,0.00851,0.8942,0.029,0.00248
43422,no_patoshi_evidence,0.00021,85,37764962,0.00879,0.1977,0.012,0.0
43426,no_patoshi_evidence,0.0,355,115332794,0.02685,0.744,0.056,0.0
43428,no_patoshi_evidence,0.0,546,21637013,0.00504,0.9909,0.056,0.0
43436,no_patoshi_evidence,0.00021,1180,344057485,0.08011,0.2358,0.109,2e-05
43437,added_possible,0.7461,582,236367107,0.05503,0.0348,18.935,0.98235
43440,no_patoshi_evidence,0.0,12,1567972,0.00037,0.8224,0.003,0.0
43442,no_patoshi_evidence,0.00021,1069,418467856,0.09743,0.0804,0.109,2e-05
43452,no_patoshi_evidence,0.0,408,81971312,0.01909,0.9068,0.056,0.0
43453,unresolved,0.07987,1047,87399226,0.02035,0.9631,0.109,0.00937
43455,no_patoshi_evidence,3e-05,202,82234325,0.01915,0.28,0.029,0.0
43456,no_patoshi_evidence,0.00719,507,144239601,0.03358,0.499,0.056,0.00041
43460,no_patoshi_evidence,3e-05,115,12187543,0.00284,0.9324,0.012,0.0
43470,unresolved,0.07987,7,1170963,0.00027,0.8754,0.003,0.00026
43474,no_patoshi_evidence,0.00719,31,11348934,0.00264,0.6588,0.006,4e-05
43477,unresolved,0.07987,303,99283718,0.02312,0.8427,0.056,0.00484
43479,no_patoshi_evidence,0.00719,775,251497107,0.05856,0.6066,0.109,0.00079
43483,no_patoshi_evidence,0.00021,359,29271567,0.00682,0.9849,0.056,1e-05
43484,no_patoshi_evidence,0.00021,559,138375115,0.03222,0.5534,0.056,1e-05
43485,added_possible,0.7461,732,236378164,0.05504,0.6848,0.109,0.24262
43487,no_patoshi_evidence,0.0,957,340271825,0.07923,0.2413,0.109,0.0
43491,no_patoshi_evidence,0.00021,929,256867837,0.05981,0.5824,0.109,2e-05
43494,no_patoshi_evidence,0.00719,272,95849401,0.02232,0.1526,0.029,0.00021
43499,no_patoshi_evidence,0.00021,720,177516254,0.04133,0.8667,0.109,2e-05
43500,added_possible,0.7461,246,943185948,0.2196,0.0,19.456,0.98281
43501,no_patoshi_evidence,0.00021,345,87032235,0.02026,0.8926,0.056,1e-05
43503,no_patoshi_evidence,0.00021,244,68531612,0.01596,0.4542,0.029,1e-05
43506,no_patoshi_evidence,0.00021,239,97083205,0.0226,0.1457,0.029,1e-05
43508,added_possible,0.7461,361,1610341916,0.37494,0.0,18.935,0.98235
43544,no_patoshi_evidence,0.00021,1254,503434402,0.11721,0.5722,0.244,5e-05
43546,no_patoshi_evidence,0.0,531,235292357,0.05478,0.0378,18.935,2e-05
43552,no_patoshi_evidence,0.00021,8,1528414,0.00036,0.8287,0.003,0.0
43555,unresolved,0.07987,152,36525314,0.0085,0.8942,0.029,0.00248
43578,no_patoshi_evidence,0.00021,883,356367437,0.08297,0.205,0.109,2e-05
43585,no_patoshi_evidence,0.00021,632,183372280,0.04269,0.8573,0.109,2e-05
43586,no_patoshi_evidence,0.00021,213,62072179,0.01445,0.5477,0.029,1e-05
43590,no_patoshi_evidence,0.00021,318,82674269,0.01925,0.9037,0.056,1e-05
43596,no_patoshi_evidence,0.0,557,118962186,0.0277,0.7172,0.056,0.0
43603,no_patoshi_evidence,0.00021,377,112346102,0.02616,0.7636,0.056,1e-05
43628,no_patoshi_evidence,0.0,675,8753889,0.00204,0.9978,0.109,0.0
43636,no_patoshi_evidence,0.0,551,197029604,0.04587,0.1628,0.056,0.0
43637,no_patoshi_evidence,0.0,323,105414757,0.02454,0.8049,0.056,0.0
43638,no_patoshi_evidence,0.00021,392,134288105,0.03127,0.5882,0.056,1e-05
43647,no_patoshi_evidence,0.0,108,23825006,0.00555,0.6658,0.012,0.0
43655,unresolved,0.00031,69,10249264,0.00239,0.9512,0.012,0.0
43669,unresolved,0.07987,123,38350625,0.00893,0.875,0.029,0.00248
43672,no_patoshi_evidence,0.00719,265,94998243,0.02212,0.1604,0.029,0.00021
43674,no_patoshi_evidence,0.00021,761,196190707,0.04568,0.8275,0.109,2e-05
43678,no_patoshi_evidence,0.0,439,163601304,0.03809,0.3468,0.056,0.0
43680,no_patoshi_evidence,0.0,229,82546022,0.01922,0.2751,0.029,0.0
43681,no_patoshi_evidence,0.0,197,77370995,0.01801,0.3371,0.029,0.0
43690,no_patoshi_evidence,0.0,89,20280293,0.00472,0.771,0.012,0.0
43693,no_patoshi_evidence,0.0,883,382774635,0.08912,0.1416,0.109,0.0
43699,no_patoshi_evidence,0.00021,1121,302098357,0.07034,0.3862,0.109,2e-05
43710,no_patoshi_evidence,0.00021,55,17547737,0.00409,0.2259,0.006,0.0
43711,no_patoshi_evidence,0.00021,59,46502881,0.01083,0.0024,19.885,0.00416
43712,no_patoshi_evidence,0.00021,766,209000169,0.04866,0.7945,0.109,2e-05
43749,no_patoshi_evidence,0.00021,424,42089111,0.0098,0.9713,0.056,1e-05
43754,unresolved,0.00031,758,270995254,0.0631,0.5146,0.109,3e-05
43757,no_patoshi_evidence,0.00021,181,56927472,0.01325,0.6245,0.029,1e-05
43765,no_patoshi_evidence,0.0,62,3284542,0.00076,0.9975,0.012,0.0
43769,no_patoshi_evidence,0.00021,316,84872800,0.01976,0.8972,0.056,1e-05
43773,no_patoshi_evidence,0.00021,1119,332412152,0.0774,0.2744,0.109,2e-05
43775,no_patoshi_evidence,0.00021,168,61426668,0.0143,0.5566,0.029,1e-05
43779,no_patoshi_evidence,0.00021,501,131772311,0.03068,0.6129,0.056,1e-05
43784,no_patoshi_evidence,0.00021,124,41581497,0.00968,0.8386,0.029,1e-05
43785,no_patoshi_evidence,0.0,178,50184822,0.01168,0.7229,0.029,0.0
43788,no_patoshi_evidence,0.00021,853,710465,0.00017,0.9994,0.109,2e-05
43789,no_patoshi_evidence,0.00021,306,116217223,0.02706,0.7369,0.056,1e-05
43790,no_patoshi_evidence,0.00021,133,7465846,0.00174,0.9961,0.029,1e-05
43798,unresolved,0.00031,172,66795559,0.01555,0.4857,0.029,1e-05
43803,no_patoshi_evidence,0.00021,18,5485308,0.00128,0.3832,0.003,0.0
43804,no_patoshi_evidence,0.00021,180,59916788,0.01395,0.5832,0.029,1e-05
43813,no_patoshi_evidence,0.00021,467,104277894,0.02428,0.8105,0.056,1e-05
43814,no_patoshi_evidence,0.00021,91,32063717,0.00747,0.3742,0.012,0.0
43819,no_patoshi_evidence,0.00021,29,8102563,0.00189,0.1994,0.003,0.0
43820,no_patoshi_evidence,0.00021,127,43513499,0.01013,0.8169,0.029,1e-05
43822,no_patoshi_evidence,0.0,1120,304929784,0.071,0.3725,0.109,0.0
43825,no_patoshi_evidence,0.00021,2300,494051028,0.11503,0.5955,0.244,5e-05
43828,unresolved,0.07987,558,208694291,0.04859,0.1094,0.056,0.00484
43831,no_patoshi_evidence,0.00021,200,72763379,0.01694,0.3917,0.029,1e-05
43838,no_patoshi_evidence,0.00021,257,78088019,0.01818,0.3258,0.029,1e-05
43855,no_patoshi_evidence,0.0,177,64077922,0.01492,0.5231,0.029,0.0
43856,no_patoshi_evidence,0.00021,158,86187222,0.02007,0.2313,0.029,1e-05
43857,unresolved,0.07987,808,238250286,0.05547,0.6755,0.109,0.00937
43865,no_patoshi_evidence,0.00021,238,73176463,0.01704,0.3844,0.029,1e-05
43871,no_patoshi_evidence,0.0,1329,598388839,0.13932,0.3689,0.244,0.0
43877,no_patoshi_evidence,0.00021,30,10359991,0.00241,0.7482,0.006,0.0
43888,no_patoshi_evidence,0.00021,849,277049842,0.06451,0.4848,0.109,2e-05
43897,unresolved,0.07987,83,23990821,0.00559,0.6583,0.012,0.00102
43905,no_patoshi_evidence,0.00021,476,161019404,0.03749,0.3669,0.056,1e-05
43909,no_patoshi_evidence,0.00021,6,3080350,0.00072,0.6137,0.003,0.0
43911,no_patoshi_evidence,0.00021,513,147326838,0.0343,0.4758,0.056,1e-05
43916,no_patoshi_evidence,0.00021,27,21452113,0.00499,0.0125,19.942,0.00417
43917,no_patoshi_evidence,0.0,671,181437428,0.04224,0.8617,0.109,0.0
43918,no_patoshi_evidence,0.00021,71,25802835,0.00601,0.572,0.012,0.0
43923,no_patoshi_evidence,0.0,817,355620682,0.0828,0.2077,0.109,0.0
43924,no_patoshi_evidence,0.00021,-44,84068,2e-05,,,0.00021
43928,unresolved,0.00031,231,91564340,0.02132,0.1865,0.029,1e-05
43934,no_patoshi_evidence,0.00021,85,32610381,0.00759,0.3554,0.012,0.0
43940,no_patoshi_evidence,0.00021,919,367442754,0.08555,0.1747,0.109,2e-05
43942,no_patoshi_evidence,0.00021,263,77295772,0.018,0.3376,0.029,1e-05
43952,no_patoshi_evidence,0.0,361,33195928,0.00773,0.9819,0.056,0.0
43953,no_patoshi_evidence,0.00021,909,358952414,0.08358,0.1978,0.109,2e-05
43959,unresolved,0.07987,48,27323688,0.00636,0.0282,19.885,0.63318
43967,unresolved,0.07987,115,32914182,0.00766,0.3442,0.012,0.00102
43978,unresolved,0.00031,1131,399350326,0.09298,0.1107,0.109,3e-05
43979,unresolved,0.07987,218,89432325,0.02082,0.2042,0.029,0.00248
44015,unresolved,0.07987,345,96201016,0.0224,0.8564,0.056,0.00484
44017,added_possible,0.7461,292,115425330,0.02687,0.0556,0.029,0.07756
44018,no_patoshi_evidence,0.00021,480,239602027,0.05579,0.0328,18.935,0.00396
44023,no_patoshi_evidence,0.00021,582,231112146,0.05381,0.0459,18.935,0.00396
44027,no_patoshi_evidence,0.00021,297,100755299,0.02346,0.1166,0.029,1e-05
44029,unresolved,0.07987,1408,656926492,0.15295,0.2866,0.244,0.0207
44033,no_patoshi_evidence,0.00021,577,172895935,0.04026,0.2913,0.056,1e-05
44036,no_patoshi_evidence,0.00021,293,118025320,0.02748,0.0458,19.456,0.00407
44037,no_patoshi_evidence,0.00021,325,96585295,0.02249,0.8538,0.056,1e-05
44042,no_patoshi_evidence,0.0,561,169063048,0.03936,0.312,0.056,0.0
44043,unresolved,0.07987,414,168022299,0.03912,0.3191,0.056,0.00484
44050,no_patoshi_evidence,0.00021,223,90770102,0.02113,0.1929,0.029,1e-05
44054,no_patoshi_evidence,0.00021,-1471,120900590,0.02815,,,0.00021
44055,no_patoshi_evidence,0.0,2227,138922569,0.03235,0.9705,0.244,0.0
44066,no_patoshi_evidence,0.00021,9,726718,0.00017,0.9283,0.003,0.0
44068,no_patoshi_evidence,0.00021,215,87341661,0.02034,0.2229,0.029,1e-05
44071,unresolved,0.07987,295,78115376,0.01819,0.3258,0.029,0.00248
44072,no_patoshi_evidence,0.00719,284,78563934,0.01829,0.3189,0.029,0.00021
44091,no_patoshi_evidence,0.00021,19,7964517,0.00185,0.2087,0.003,0.0
44095,no_patoshi_evidence,0.00021,313,126379160,0.02942,0.6497,0.056,1e-05
44104,unresolved,0.07987,86,23655962,0.00551,0.6708,0.012,0.00102
44106,no_patoshi_evidence,0.00719,144,56559223,0.01317,0.6289,0.029,0.00021
44116,no_patoshi_evidence,0.00021,183,50519057,0.01176,0.7185,0.029,1e-05
44136,no_patoshi_evidence,0.00021,157,48749526,0.01135,0.7451,0.029,1e-05
44137,unresolved,0.07987,122,764668956,0.17804,0.0,19.456,0.6281
44138,no_patoshi_evidence,3e-05,309,80436129,0.01873,0.9103,0.056,0.0
44140,no_patoshi_evidence,0.00021,405,167631842,0.03903,0.3211,0.056,1e-05
44144,added_possible,0.7461,77,875316765,0.2038,0.0,19.776,0.98308
44150,added_possible,0.7461,567,2959426563,0.68905,0.0,18.935,0.98235
44155,no_patoshi_evidence,0.0,711,257239288,0.05989,0.5818,0.109,0.0
44158,unresolved,0.07987,11,5095936,0.00119,0.4455,0.003,0.00026
44163,unresolved,0.07987,149,1546028564,0.35996,0.0,19.456,0.6281
44180,no_patoshi_evidence,0.0,209,77466476,0.01804,0.3346,0.029,0.0
44181,added_possible,0.7461,174,2824020503,0.65752,0.0,19.456,0.98281
44184,unresolved,0.07987,478,843293700,0.19634,0.0,18.935,0.62173
44190,added_possible,0.7461,30,1730843159,0.40299,0.0,19.885,0.98317
44191,no_patoshi_evidence,0.00021,1965,22673345,0.00528,0.997,0.244,5e-05
44194,added_possible,0.7461,1995,2450683926,0.57059,0.0,15.373,0.97834
44201,unresolved,0.07987,1574,2950710535,0.68702,0.0,15.373,0.57164
44204,unresolved,0.07987,34,12367132,0.00288,0.5741,0.006,0.00052
44208,no_patoshi_evidence,0.0,643,175510644,0.04086,0.8738,0.109,0.0
44209,no_patoshi_evidence,0.00021,1047,428358020,0.09973,0.0672,0.109,2e-05
44210,added_possible,0.7461,305,2559802628,0.596,0.0,18.935,0.98235
44215,no_patoshi_evidence,0.0,334,107229829,0.02497,0.7949,0.056,0.0
44220,no_patoshi_evidence,0.00021,661,182756783,0.04255,0.8595,0.109,2e-05
44227,no_patoshi_evidence,0.00021,59,32873886,0.00765,0.0188,19.885,0.00416
44239,no_patoshi_evidence,0.0,6,1364886,0.00032,0.8536,0.003,0.0
44242,no_patoshi_evidence,0.00021,491,195972994,0.04563,0.1709,0.056,1e-05
44247,no_patoshi_evidence,0.00021,139,38189447,0.00889,0.877,0.029,1e-05
44249,no_patoshi_evidence,0.0,328,127305902,0.02964,0.6426,0.056,0.0
44251,unresolved,0.07987,141,42180097,0.00982,0.8332,0.029,0.00248
44252,unresolved,0.07987,159,2023021844,0.47102,0.0,19.456,0.6281
44261,added_possible,0.7461,484,132798228,0.03092,0.6038,0.056,0.14141
44269,added_possible,0.7461,127,3627546632,0.8446,0.0,19.456,0.98281
44279,no_patoshi_evidence,0.0,94,38974986,0.00907,0.1627,0.012,0.0
44292,unresolved,0.07987,533,217106200,0.05055,0.0837,0.056,0.00484
44295,no_patoshi_evidence,0.00719,205,86300100,0.02009,0.2288,0.029,0.00021
44298,unresolved,0.07987,104,26205955,0.0061,0.5582,0.012,0.00102
44305,no_patoshi_evidence,0.00021,83,34031998,0.00792,0.3066,0.012,0.0
44315,no_patoshi_evidence,0.00719,1588,444027748,0.10338,0.685,0.244,0.00176
44318,no_patoshi_evidence,0.00021,602,135812289,0.03162,0.9284,0.109,2e-05
44321,no_patoshi_evidence,0.00021,592,96533056,0.02248,0.8543,0.056,1e-05
44323,no_patoshi_evidence,0.0,799,164186832,0.03823,0.9019,0.109,0.0
44330,no_patoshi_evidence,0.0,861,316434607,0.07368,0.3311,0.109,0.0
44342,no_patoshi_evidence,0.00021,376,30195958,0.00703,0.9844,0.056,1e-05
44349,no_patoshi_evidence,0.0,197,73163485,0.01703,0.3844,0.029,0.0
44380,no_patoshi_evidence,0.00021,161,43866539,0.01021,0.812,0.029,1e-05
44383,no_patoshi_evidence,0.0,707,247494487,0.05762,0.6237,0.109,0.0
44388,no_patoshi_evidence,0.00021,422,118920871,0.02769,0.7177,0.056,1e-05
44389,unresolved,0.07987,21,4604194,0.00107,0.514,0.003,0.00026
44391,no_patoshi_evidence,0.00719,740,295059354,0.0687,0.4132,0.109,0.00079
44394,no_patoshi_evidence,0.00021,1712,607230788,0.14138,0.3598,0.244,5e-05
44400,no_patoshi_evidence,0.00021,106,36719011,0.00855,0.2203,0.012,0.0
44420,no_patoshi_evidence,0.00021,1607,422672117,0.09841,0.7337,0.244,5e-05
44423,unresolved,0.00031,178,76863516,0.0179,0.343,0.029,1e-05
44428,no_patoshi_evidence,0.00021,418,121114311,0.0282,0.6976,0.056,1e-05
44431,no_patoshi_evidence,0.00021,78,2647872,0.00062,0.9987,0.012,0.0
44439,no_patoshi_evidence,0.0,303,107909182,0.02512,0.7918,0.056,0.0
44444,unresolved,0.07987,989,268077114,0.06242,0.5267,0.109,0.00937
44448,no_patoshi_evidence,3e-05,327,35144677,0.00818,0.9808,0.056,0.0
44451,no_patoshi_evidence,0.00021,170,45569966,0.01061,0.784,0.029,1e-05
44453,unresolved,0.07987,250,95468317,0.02223,0.1565,0.029,0.00248
44459,no_patoshi_evidence,0.00021,1748,456584185,0.10631,0.6687,0.244,5e-05
44460,no_patoshi_evidence,0.00021,472,26064081,0.00607,0.9874,0.056,1e-05
44464,no_patoshi_evidence,0.00021,250,71689916,0.01669,0.405,0.029,1e-05
44466,unresolved,0.07987,846,348645939,0.08118,0.227,0.109,0.00937
44481,unresolved,0.07987,512,198304553,0.04617,0.1542,0.056,0.00484
44489,no_patoshi_evidence,0.0,256,119844203,0.0279,0.0399,19.456,2e-05
44499,no_patoshi_evidence,0.00021,448,41695974,0.00971,0.9718,0.056,1e-05
44501,no_patoshi_evidence,0.0,229,107985935,0.02514,0.0822,0.029,0.0
44505,no_patoshi_evidence,0.00021,-15,1936892,0.00045,,,0.00021
44506,no_patoshi_evidence,0.0,171,41653089,0.0097,0.8376,0.029,0.0
44512,no_patoshi_evidence,0.00021,201,59379323,0.01383,0.5876,0.029,1e-05
44516,no_patoshi_evidence,0.0,484,148534946,0.03458,0.4677,0.056,0.0
44522,no_patoshi_evidence,0.0,328,38130915,0.00888,0.9783,0.056,0.0
44526,unresolved,0.00031,122,51237376,0.01193,0.7028,0.029,1e-05
44532,no_patoshi_evidence,0.00021,517,201145919,0.04683,0.1371,0.056,1e-05
44539,no_patoshi_evidence,0.0,494,146934921,0.03421,0.4788,0.056,0.0
44546,no_patoshi_evidence,0.00021,312,145421455,0.03386,0.4884,0.056,1e-05
44552,no_patoshi_evidence,0.0,355,40787680,0.0095,0.9723,0.056,0.0
44559,no_patoshi_evidence,0.0,512,240483399,0.05599,0.0323,18.935,2e-05
44563,no_patoshi_evidence,0.0,1490,350662928,0.08165,0.8496,0.244,0.0
44566,no_patoshi_evidence,0.0,746,348945391,0.08125,0.227,0.109,0.0
44574,unresolved,0.07987,1746,461696771,0.1075,0.6575,0.244,0.0207
44578,no_patoshi_evidence,0.00021,1978,307268257,0.07154,0.8933,0.244,5e-05
44579,no_patoshi_evidence,0.00021,121,12818018,0.00298,0.9911,0.029,1e-05
44596,no_patoshi_evidence,0.00021,1456,15302100,0.00356,0.998,0.244,5e-05
44600,no_patoshi_evidence,0.0,652,164297383,0.03825,0.9019,0.109,0.0
44603,no_patoshi_evidence,0.00021,393,118533861,0.0276,0.7193,0.056,1e-05
44610,no_patoshi_evidence,0.00021,928,264250739,0.06153,0.5466,0.109,2e-05
44619,unresolved,0.07987,1242,360190232,0.08386,0.8374,0.244,0.0207
44631,no_patoshi_evidence,0.00021,44,16473815,0.00384,0.2706,0.006,0.0
44634,no_patoshi_evidence,0.00021,1187,560049544,0.1304,0.0061,17.929,0.00375
44640,no_patoshi_evidence,0.00021,410,114953659,0.02676,0.7455,0.056,1e-05
44643,no_patoshi_evidence,0.00021,522,241663647,0.05627,0.0307,18.935,0.00396
44644,no_patoshi_evidence,0.00021,791,125217934,0.02915,0.9383,0.109,2e-05
44648,no_patoshi_evidence,0.00021,310,123819000,0.02883,0.6714,0.056,1e-05
44649,no_patoshi_evidence,0.00021,167,73799952,0.01718,0.3789,0.029,1e-05
44651,no_patoshi_evidence,0.00021,132,36570956,0.00851,0.8932,0.029,1e-05
44656,no_patoshi_evidence,0.00021,105,40871788,0.00952,0.1277,0.012,0.0
44662,no_patoshi_evidence,0.0,236,69927004,0.01628,0.4336,0.029,0.0
44674,no_patoshi_evidence,0.00021,206,56775851,0.01322,0.6265,0.029,1e-05
44675,no_patoshi_evidence,0.00021,408,170364390,0.03967,0.3075,0.056,1e-05
44678,no_patoshi_evidence,0.0,128,13750252,0.0032,0.9906,0.029,0.0
44687,no_patoshi_evidence,0.0,866,249248094,0.05803,0.616,0.109,0.0
44689,no_patoshi_evidence,0.00021,24,2273516,0.00053,0.7227,0.003,0.0
44693,no_patoshi_evidence,0.00021,14,1329724,0.00031,0.8567,0.003,0.0
44714,no_patoshi_evidence,0.0,254,71823963,0.01672,0.4031,0.029,0.0
44718,unresolved,0.07987,34,6447399,0.0015,0.8965,0.006,0.00052
44723,no_patoshi_evidence,0.00021,177,46054738,0.01072,0.7771,0.029,1e-05
44757,no_patoshi_evidence,0.00021,394,180529781,0.04203,0.2445,0.056,1e-05
44762,no_patoshi_evidence,0.0,77,35434930,0.00825,0.2603,0.012,0.0
44763,unresolved,0.07987,176,47067957,0.01096,0.7657,0.029,0.00248
44771,no_patoshi_evidence,0.00719,808,216973656,0.05052,0.7669,0.109,0.00079
44802,no_patoshi_evidence,3e-05,100,39738381,0.00925,0.1489,0.012,0.0
44808,no_patoshi_evidence,0.00021,949,256747915,0.05978,0.5824,0.109,2e-05
44817,no_patoshi_evidence,0.00021,566,141838821,0.03302,0.5212,0.056,1e-05
44826,no_patoshi_evidence,0.00021,303,33561578,0.00781,0.9819,0.056,1e-05
44831,no_patoshi_evidence,0.0,741,356007185,0.08289,0.2072,0.109,0.0
44844,added_possible,0.7461,416,2839733783,0.66118,0.0,18.935,0.98235
44851,unresolved,0.00031,280,29873180,0.00696,0.9355,0.029,1e-05
44860,no_patoshi_evidence,0.0,121,54263053,0.01263,0.6619,0.029,0.0
44872,no_patoshi_evidence,0.00021,247,116310105,0.02708,0.0522,0.029,1e-05
44902,no_patoshi_evidence,0.00021,81,14989115,0.00349,0.8936,0.012,0.0
44913,no_patoshi_evidence,0.0,1247,345508156,0.08044,0.8537,0.244,0.0
44918,no_patoshi_evidence,0.00021,31,8395162,0.00195,0.8118,0.006,0.0
44919,no_patoshi_evidence,0.00021,431,159056113,0.03703,0.3821,0.056,1e-05
44920,no_patoshi_evidence,0.00021,71,17828047,0.00415,0.8436,0.012,0.0
44928,added_possible,0.7461,112,246291485,0.05734,0.0,19.776,0.98308
44931,added_possible,0.7461,231,9879810,0.0023,0.9936,0.029,0.07756
44934,added_possible,0.7461,1137,1165952790,0.27147,0.0,17.929,0.98137
44938,no_patoshi_evidence,0.00021,3160,1272646903,0.29631,0.0061,15.373,0.00322
44943,no_patoshi_evidence,0.00021,834,148458623,0.03457,0.9212,0.109,2e-05
44962,unresolved,0.07987,797,148368412,0.03454,0.9212,0.109,0.00937
44975,no_patoshi_evidence,0.00021,2004,430029729,0.10012,0.7154,0.244,5e-05
44977,no_patoshi_evidence,0.0,150,50395109,0.01173,0.7205,0.029,0.0
44979,no_patoshi_evidence,0.00021,1232,436284109,0.10158,0.6982,0.244,5e-05
44987,no_patoshi_evidence,0.00021,2139,735894859,0.17134,0.2124,0.244,5e-05
45004,no_patoshi_evidence,0.0001,45,8153586,0.0019,0.8188,0.006,0.0
45028,no_patoshi_evidence,0.0001,197,35605708,0.00829,0.9006,0.029,0.0
45029,no_patoshi_evidence,0.0,166,57575266,0.01341,0.6142,0.029,0.0
45034,no_patoshi_evidence,0.0,1148,159853741,0.03722,0.9074,0.109,0.0
45038,no_patoshi_evidence,0.0,237,54374014,0.01266,0.6609,0.029,0.0
45039,no_patoshi_evidence,0.0,295,35054252,0.00816,0.9075,0.029,0.0
45041,unresolved,0.03722,396,21114889,0.00492,0.9914,0.056,0.00216
45042,no_patoshi_evidence,1e-05,9,1153597,0.00027,0.8785,0.003,0.0
45047,no_patoshi_evidence,0.0001,379,118613610,0.02762,0.7182,0.056,1e-05
45053,no_patoshi_evidence,0.0001,617,71251800,0.01659,0.9702,0.109,1e-05
45067,no_patoshi_evidence,0.0001,232,90294148,0.02102,0.1949,0.029,0.0
45092,no_patoshi_evidence,0.0001,904,61432714,0.0143,0.9774,0.109,1e-05
45099,no_patoshi_evidence,0.0001,161,64257148,0.01496,0.5192,0.029,0.0
45102,unresolved,0.03722,898,256630549,0.05975,0.5829,0.109,0.0042
45115,no_patoshi_evidence,0.0,-24,6359113,0.00148,,,0.0
45117,no_patoshi_evidence,0.00321,492,65802396,0.01532,0.9441,0.056,0.00018
45150,no_patoshi_evidence,0.0001,358,139382435,0.03245,0.5428,0.056,1e-05
45166,no_patoshi_evidence,0.0001,600,200654497,0.04672,0.8187,0.109,1e-05
45174,no_patoshi_evidence,0.0001,1689,664613337,0.15474,0.2774,0.244,2e-05
45186,no_patoshi_evidence,0.0,597,203045471,0.04728,0.1305,0.056,0.0
45195,no_patoshi_evidence,0.0,166,15891178,0.0037,0.9843,0.029,0.0
45198,no_patoshi_evidence,0.0001,137,58980523,0.01373,0.593,0.029,0.0
45216,no_patoshi_evidence,0.0001,357,117322354,0.02732,0.7298,0.056,1e-05
45220,no_patoshi_evidence,0.0001,16,1431826,0.00033,0.8474,0.003,0.0
45230,no_patoshi_evidence,0.0001,990,371128299,0.08641,0.1697,0.109,1e-05
45234,no_patoshi_evidence,0.0,1317,458872140,0.10684,0.6636,0.244,0.0
45246,unresolved,0.03722,445,129483040,0.03015,0.6285,0.056,0.00216
45269,no_patoshi_evidence,0.0001,300,28317086,0.00659,0.9854,0.056,1e-05
45274,unresolved,0.03722,335,134065667,0.03121,0.5892,0.056,0.00216
45305,no_patoshi_evidence,0.0,107,11648709,0.00271,0.9374,0.012,0.0
45315,no_patoshi_evidence,0.0,683,192012102,0.04471,0.8358,0.109,0.0
45319,no_patoshi_evidence,0.0,1101,516327141,0.12022,0.0127,17.929,2e-05
45330,unresolved,0.03722,269,1341442324,0.31233,0.0,19.456,0.42928
45338,no_patoshi_evidence,0.0001,535,231567022,0.05392,0.0459,18.935,0.00189
45342,no_patoshi_evidence,0.0001,947,383216818,0.08922,0.141,0.109,1e-05
45343,no_patoshi_evidence,0.0001,335,136017225,0.03167,0.5701,0.056,1e-05
45351,no_patoshi_evidence,0.0001,859,173156847,0.04032,0.8793,0.109,1e-05
45362,unresolved,0.00014,243,94779697,0.02207,0.1624,0.029,0.0
45367,no_patoshi_evidence,0.0001,30,13938379,0.00325,0.4494,0.006,0.0
45372,no_patoshi_evidence,0.0001,514,193734819,0.04511,0.1779,0.056,1e-05
45380,unresolved,0.03722,1666,679620379,0.15824,0.2551,0.244,0.00933
45387,no_patoshi_evidence,0.0,231,63779853,0.01485,0.5246,0.029,0.0
45396,no_patoshi_evidence,0.0001,2620,54858454,0.01277,0.9929,0.244,2e-05
45401,unresolved,0.00014,235,110281759,0.02568,0.0728,0.029,0.0
45409,no_patoshi_evidence,0.0001,27,9839755,0.00229,0.1246,0.003,0.0
45415,no_patoshi_evidence,0.0001,34,8723658,0.00203,0.8071,0.006,0.0
45421,no_patoshi_evidence,0.0001,378,145786302,0.03394,0.4859,0.056,1e-05
45423,no_patoshi_evidence,0.0001,328,117815392,0.02743,0.7253,0.056,1e-05
45424,no_patoshi_evidence,0.0001,271,101129574,0.02355,0.1152,0.029,0.0
45426,no_patoshi_evidence,0.0,1444,695721887,0.16199,0.2378,0.244,0.0
45430,no_patoshi_evidence,0.0001,804,320370105,0.07459,0.314,0.109,1e-05
45431,no_patoshi_evidence,0.0,424,200554634,0.0467,0.1411,0.056,0.0
45433,no_patoshi_evidence,0.0,76,13911940,0.00324,0.9099,0.012,0.0
45435,no_patoshi_evidence,0.0,899,318308284,0.07411,0.3201,0.109,0.0
45438,unresolved,0.00014,487,173828890,0.04047,0.2828,0.056,1e-05
45448,no_patoshi_evidence,0.0,629,177865998,0.04141,0.8661,0.109,0.0
45453,no_patoshi_evidence,0.0,450,141717002,0.033,0.5222,0.056,0.0
45454,unresolved,0.00014,1510,261967399,0.06099,0.9228,0.244,3e-05
45462,unresolved,0.03722,919,133633057,0.03111,0.9317,0.109,0.0042
45463,no_patoshi_evidence,0.0001,806,259773139,0.06048,0.5725,0.109,1e-05
45468,no_patoshi_evidence,0.0,600,136444767,0.03177,0.9273,0.109,0.0
45475,no_patoshi_evidence,0.0,293,98179949,0.02286,0.1373,0.029,0.0
45479,no_patoshi_evidence,0.0001,2434,707138498,0.16464,0.2317,0.244,2e-05
45503,no_patoshi_evidence,0.0,422,153794773,0.03581,0.4214,0.056,0.0
45514,no_patoshi_evidence,0.0001,277,120720988,0.02811,0.0374,19.456,0.00194
45518,no_patoshi_evidence,0.0001,811,60806780,0.01416,0.9785,0.109,1e-05
45534,no_patoshi_evidence,0.0,538,44310667,0.01032,0.9708,0.056,0.0
45550,unresolved,0.03722,831,319539756,0.0744,0.3179,0.109,0.0042
45568,no_patoshi_evidence,0.0,372,186565110,0.04344,0.2127,0.056,0.0
45574,no_patoshi_evidence,0.0,2008,964260591,0.22451,0.062,0.244,0.0
45578,no_patoshi_evidence,0.0001,573,85530026,0.01991,0.8962,0.056,1e-05
45585,no_patoshi_evidence,0.0001,865,208588143,0.04857,0.7956,0.109,1e-05
45588,unresolved,0.00014,439,175269671,0.04081,0.2727,0.056,1e-05
45595,no_patoshi_evidence,0.0001,34,8754702,0.00204,0.8071,0.006,0.0
45596,unresolved,0.03722,246,92153145,0.02146,0.1811,0.029,0.0011
45598,unresolved,0.03722,429,91358518,0.02127,0.8775,0.056,0.00216
45602,no_patoshi_evidence,1e-05,92,3851857,0.0009,0.9975,0.012,0.0
45603,no_patoshi_evidence,0.0,2236,512417218,0.11931,0.5539,0.244,0.0
45614,no_patoshi_evidence,0.0001,800,21291900,0.00496,0.9961,0.109,1e-05
45634,no_patoshi_evidence,0.0,447,17039085,0.00397,0.9945,0.056,0.0
45638,unresolved,0.00014,541,190654208,0.04439,0.192,0.056,1e-05
45646,no_patoshi_evidence,0.0001,74,20729737,0.00483,0.7584,0.012,0.0
45654,no_patoshi_evidence,0.0,247,65843983,0.01533,0.4985,0.029,0.0
45657,no_patoshi_evidence,0.0,209,22247411,0.00518,0.968,0.029,0.0
45659,no_patoshi_evidence,0.0001,217,22737107,0.00529,0.9665,0.029,0.0
45684,no_patoshi_evidence,0.0,245,88990892,0.02072,0.2067,0.029,0.0
45685,unresolved,0.00014,487,41185827,0.00959,0.9718,0.056,1e-05
45688,unresolved,0.00014,175,21167138,0.00493,0.9695,0.029,0.0
45694,no_patoshi_evidence,0.0001,59,18054928,0.0042,0.1953,0.006,0.0
45695,no_patoshi_evidence,0.0001,587,234223201,0.05453,0.0393,18.935,0.00189
45696,no_patoshi_evidence,0.0,249,68420016,0.01593,0.4552,0.029,0.0
45697,no_patoshi_evidence,0.0,96,34570487,0.00805,0.2904,0.012,0.0
45702,no_patoshi_evidence,0.0,163,68509784,0.01595,0.4542,0.029,0.0
45703,no_patoshi_evidence,0.0001,795,223329357,0.052,0.735,0.109,1e-05
45706,no_patoshi_evidence,0.0,1602,389992186,0.0908,0.7988,0.244,0.0
45711,no_patoshi_evidence,0.0,24,3936491,0.00092,0.5545,0.003,0.0
45721,no_patoshi_evidence,0.0,782,362573476,0.08442,0.1906,0.109,0.0
45725,no_patoshi_evidence,0.0001,637,153246785,0.03568,0.9124,0.109,1e-05
45726,no_patoshi_evidence,0.0001,246,64699053,0.01506,0.5143,0.029,0.0
45729,unresolved,0.03722,499,191030559,0.04448,0.192,0.056,0.00216
45731,no_patoshi_evidence,0.00321,62,20067602,0.00467,0.7735,0.012,4e-05
45733,no_patoshi_evidence,0.00321,31,3774919,0.00088,0.9694,0.006,2e-05
45735,unresolved,0.00014,560,247404088,0.0576,0.0247,18.935,0.00264
45741,no_patoshi_evidence,0.0,289,72433908,0.01686,0.3957,0.029,0.0
45742,no_patoshi_evidence,0.0,654,301815241,0.07027,0.3868,0.109,0.0
45750,no_patoshi_evidence,0.0001,554,89021893,0.02073,0.8866,0.056,1e-05
45751,no_patoshi_evidence,0.0,20,2717613,0.00063,0.6729,0.003,0.0
45760,no_patoshi_evidence,0.0001,725,181045352,0.04215,0.8628,0.109,1e-05
45764,no_patoshi_evidence,0.0001,401,166157328,0.03869,0.3327,0.056,1e-05
45771,no_patoshi_evidence,0.0,794,68489645,0.01595,0.9736,0.109,0.0
45777,no_patoshi_evidence,0.0,1175,251476377,0.05855,0.6077,0.109,0.0
45781,unresolved,0.03722,958,309215285,0.07199,0.3592,0.109,0.0042
45788,no_patoshi_evidence,0.0001,953,6543245,0.00152,0.9983,0.109,1e-05
45792,no_patoshi_evidence,0.0001,44,18590868,0.00433,0.1741,0.006,0.0
45793,no_patoshi_evidence,0.0001,780,209913024,0.04887,0.7923,0.109,1e-05
45796,no_patoshi_evidence,0.0001,1015,151505467,0.03528,0.9179,0.109,1e-05
45800,unresolved,0.00014,1229,254246445,0.0592,0.9258,0.244,3e-05
45847,no_patoshi_evidence,0.0001,31,12759526,0.00297,0.5435,0.006,0.0
45849,no_patoshi_evidence,0.0001,583,160366832,0.03734,0.3715,0.056,1e-05
45853,no_patoshi_evidence,0.0001,969,268459514,0.06251,0.5256,0.109,1e-05
45856,no_patoshi_evidence,0.0001,610,218128267,0.05079,0.7636,0.109,1e-05
45859,no_patoshi_evidence,0.0001,229,93644936,0.0218,0.1683,0.029,0.0
45870,no_patoshi_evidence,0.0,412,196758404,0.04581,0.1638,0.056,0.0
45876,no_patoshi_evidence,0.0001,1064,52109012,0.01213,0.9824,0.109,1e-05
45886,unresolved,0.00014,724,259706670,0.06047,0.5725,0.109,2e-05
45887,no_patoshi_evidence,0.0,164,77576611,0.01806,0.3322,0.029,0.0
45890,unresolved,0.03722,554,152272149,0.03545,0.4365,0.056,0.00216
45898,no_patoshi_evidence,0.0001,1086,75299391,0.01753,0.9697,0.109,1e-05
45908,unresolved,0.03722,1177,3381077015,0.78722,0.0,17.929,0.40937
45909,added_possible,0.5669,607,3607653659,0.83997,0.0,17.929,0.95913
45911,no_patoshi_evidence,0.0001,524,40131573,0.00934,0.9733,0.056,1e-05
45913,unresolved,0.03722,1314,364997915,0.08498,0.8343,0.244,0.00933
45914,added_possible,0.5669,70,3924355842,0.91371,0.0,19.776,0.96281
45918,no_patoshi_evidence,1e-05,1071,112403174,0.02617,0.9504,0.109,0.0
45920,added_possible,0.5669,420,1704434441,0.39684,0.0,18.935,0.96122
45923,no_patoshi_evidence,0.0001,389,101550714,0.02364,0.8296,0.056,1e-05
45924,no_patoshi_evidence,0.0001,346,60446796,0.01407,0.9511,0.056,1e-05
45925,no_patoshi_evidence,0.0001,103,35436125,0.00825,0.2603,0.012,0.0
45927,no_patoshi_evidence,0.0001,943,273278460,0.06363,0.5025,0.109,1e-05
45928,unresolved,0.03722,188,855996443,0.1993,0.0,19.456,0.42928
45933,added_possible,0.5669,618,1589153557,0.37,0.0,17.929,0.95913
45935,added_possible,0.5669,364,2331793923,0.54291,0.0,18.935,0.96122
45937,no_patoshi_evidence,0.00321,858,311396496,0.0725,0.3537,0.109,0.00035
45939,no_patoshi_evidence,0.00321,184,79528876,0.01852,0.3091,0.029,9e-05
45940,added_possible,0.5669,1477,607243290,0.14138,0.3598,0.244,0.24169
45953,no_patoshi_evidence,0.0001,322,86826508,0.02022,0.8931,0.056,1e-05
45956,unresolved,0.03722,514,105368835,0.02453,0.8049,0.056,0.00216
45957,no_patoshi_evidence,0.0001,945,264283894,0.06153,0.546,0.109,1e-05
45974,unresolved,0.03722,289,103902743,0.02419,0.0974,0.029,0.0011
45979,no_patoshi_evidence,0.0001,567,216066236,0.05031,0.0867,0.056,1e-05
45993,no_patoshi_evidence,0.0001,90,26244682,0.00611,0.5557,0.012,0.0
45997,no_patoshi_evidence,0.0001,212,57916687,0.01348,0.6073,0.029,0.0
46005,no_patoshi_evidence,0.0001,1218,410627161,0.09561,0.7591,0.244,2e-05
46017,no_patoshi_evidence,0.0,1219,571067068,0.13296,0.4217,0.244,0.0
46029,no_patoshi_evidence,0.0001,975,103429509,0.02408,0.9559,0.109,1e-05
46044,no_patoshi_evidence,0.0001,219,61473115,0.01431,0.5561,0.029,0.0
46058,no_patoshi_evidence,0.0001,113,30798252,0.00717,0.4043,0.012,0.0
46065,no_patoshi_evidence,0.0,145,27466897,0.0064,0.9498,0.029,0.0
46068,no_patoshi_evidence,0.0,527,123122040,0.02867,0.6784,0.056,0.0
46071,no_patoshi_evidence,0.0001,77,27563075,0.00642,0.5081,0.012,0.0
46074,no_patoshi_evidence,0.0,73,23961659,0.00558,0.6583,0.012,0.0
46085,unresolved,0.00014,291,30675456,0.00714,0.9336,0.029,0.0
46091,no_patoshi_evidence,0.0001,-2176,239458,6e-05,,,0.0001
46100,no_patoshi_evidence,0.0001,-1657,7678936,0.00179,,,0.0001
46112,no_patoshi_evidence,0.0001,1240,511501790,0.11909,0.5579,0.244,2e-05
46114,no_patoshi_evidence,0.0001,301,89949524,0.02094,0.8821,0.056,1e-05
46118,unresolved,0.03722,48,11669799,0.00272,0.6447,0.006,0.00023
46127,no_patoshi_evidence,0.0,260,96645768,0.0225,0.1481,0.029,0.0
46131,unresolved,0.03722,1788,609108251,0.14182,0.3577,0.244,0.00933
46143,no_patoshi_evidence,0.0,262,29570109,0.00688,0.938,0.029,0.0
46146,no_patoshi_evidence,0.0,590,268989132,0.06263,0.0081,18.935,2e-05
46147,no_patoshi_evidence,0.0,174,37914812,0.00883,0.8809,0.029,0.0
46156,no_patoshi_evidence,0.0001,284,80674405,0.01878,0.2968,0.029,0.0
46158,unresolved,0.03722,538,191119111,0.0445,0.192,0.056,0.00216
46163,no_patoshi_evidence,0.0001,232,89280466,0.02079,0.2047,0.029,0.0
46169,no_patoshi_evidence,0.0,67,24738007,0.00576,0.6233,0.012,0.0
46175,no_patoshi_evidence,0.0001,469,191188798,0.04451,0.1915,0.056,1e-05
46176,no_patoshi_evidence,0.0001,36,11104086,0.00259,0.6847,0.006,0.0
46184,no_patoshi_evidence,0.0,527,246738025,0.05745,0.0247,18.935,2e-05
46190,no_patoshi_evidence,0.0001,945,385685862,0.0898,0.1344,0.109,1e-05
46196,unresolved,0.00014,414,19111197,0.00445,0.9929,0.056,1e-05
46198,no_patoshi_evidence,0.0,299,93601867,0.02179,0.1683,0.029,0.0
46210,unresolved,0.00014,188,37455922,0.00872,0.8858,0.029,0.0
46213,no_patoshi_evidence,0.0001,260,71287764,0.0166,0.4114,0.029,0.0
46214,no_patoshi_evidence,0.0001,52,18816651,0.00438,0.1624,0.006,0.0
46221,no_patoshi_evidence,0.0001,1156,337971807,0.07869,0.249,0.109,1e-05
46228,no_patoshi_evidence,0.0,381,99760319,0.02323,0.8412,0.056,0.0
46233,no_patoshi_evidence,0.0,1652,546249903,0.12718,0.4705,0.244,0.0
46239,unresolved,0.00014,340,62075421,0.01445,0.9496,0.056,1e-05
46240,no_patoshi_evidence,0.0,643,51889863,0.01208,0.9824,0.109,0.0
46243,no_patoshi_evidence,0.0001,798,231437269,0.05389,0.703,0.109,1e-05
46244,no_patoshi_evidence,0.0,99,45151144,0.01051,0.0726,0.012,0.0
46250,unresolved,0.00014,1156,423218440,0.09854,0.0749,0.109,2e-05
46251,no_patoshi_evidence,0.0,444,40264004,0.00937,0.9728,0.056,0.0
46265,no_patoshi_evidence,0.0001,132,34075380,0.00793,0.9149,0.029,0.0
46275,no_patoshi_evidence,0.0,302,120952809,0.02816,0.6986,0.056,0.0
46285,no_patoshi_evidence,0.0,115,29821565,0.00694,0.438,0.012,0.0
46291,no_patoshi_evidence,0.0001,120,41327552,0.00962,0.8401,0.029,0.0
46292,no_patoshi_evidence,0.0001,842,286670515,0.06675,0.4463,0.109,1e-05
46298,no_patoshi_evidence,0.0,804,217351849,0.05061,0.7653,0.109,0.0
46300,no_patoshi_evidence,0.0,333,63734740,0.01484,0.9466,0.056,0.0
46301,no_patoshi_evidence,0.0,1044,449127099,0.10457,0.0468,17.929,2e-05
46308,unresolved,0.00014,532,198216473,0.04615,0.1552,0.056,1e-05
46309,unresolved,0.03722,137,38876700,0.00905,0.8691,0.029,0.0011
46313,no_patoshi_evidence,0.0,260,75504280,0.01758,0.3602,0.029,0.0
46318,unresolved,0.03722,672,245371436,0.05713,0.638,0.109,0.0042
46332,no_patoshi_evidence,0.0001,232,102197518,0.02379,0.1073,0.029,0.0
46338,no_patoshi_evidence,0.0001,671,69205191,0.01611,0.973,0.109,1e-05
46351,no_patoshi_evidence,0.0,512,130306368,0.03034,0.6245,0.056,0.0
46356,no_patoshi_evidence,0.0,690,159842796,0.03722,0.9074,0.109,0.0
46359,no_patoshi_evidence,0.0001,13,3554063,0.00083,0.5763,0.003,0.0
46362,no_patoshi_evidence,0.0001,-958,123296238,0.02871,,,0.0001
46363,no_patoshi_evidence,0.0001,1723,7059905,0.00164,0.998,0.244,2e-05
46369,no_patoshi_evidence,0.0001,942,273127136,0.06359,0.5036,0.109,1e-05
46371,no_patoshi_evidence,0.0001,229,93002304,0.02165,0.1752,0.029,0.0
46375,no_patoshi_evidence,0.0001,1287,288477359,0.06717,0.9024,0.244,2e-05
46378,no_patoshi_evidence,0.0001,220,53265308,0.0124,0.6722,0.029,0.0
46380,no_patoshi_evidence,0.0001,1102,170983043,0.03981,0.8854,0.109,1e-05
46384,no_patoshi_evidence,0.0001,124,58000985,0.0135,0.6068,0.029,0.0
46395,unresolved,0.03722,673,193113344,0.04496,0.832,0.109,0.0042
46401,no_patoshi_evidence,0.0001,292,53260787,0.0124,0.6722,0.029,0.0
46402,no_patoshi_evidence,0.0001,157,17103476,0.00398,0.9813,0.029,0.0
46408,unresolved,0.00014,202,49848621,0.01161,0.7293,0.029,0.0
46409,no_patoshi_evidence,0.0,148,37706076,0.00878,0.8824,0.029,0.0
46411,unresolved,0.03722,448,169938692,0.03957,0.3085,0.056,0.00216
46412,no_patoshi_evidence,0.0,491,38623467,0.00899,0.9763,0.056,0.0
46419,no_patoshi_evidence,0.0,90,27990247,0.00652,0.4956,0.012,0.0
46428,no_patoshi_evidence,0.0001,1477,5765707,0.00134,0.998,0.244,2e-05
46435,no_patoshi_evidence,0.0001,1110,86542925,0.02015,0.9636,0.109,1e-05
46440,no_patoshi_evidence,0.0001,274,78221893,0.01821,0.3228,0.029,0.0
46445,unresolved,0.00014,387,114052887,0.02656,0.7515,0.056,1e-05
46447,no_patoshi_evidence,0.0001,429,107535013,0.02504,0.7928,0.056,1e-05
46449,no_patoshi_evidence,0.0,235,26287285,0.00612,0.9537,0.029,0.0
46450,no_patoshi_evidence,0.0,920,231837853,0.05398,0.7019,0.109,0.0
46458,no_patoshi_evidence,0.0,88,26501307,0.00617,0.5457,0.012,0.0
46460,no_patoshi_evidence,0.0,159,68832971,0.01603,0.4518,0.029,0.0
46461,unresolved,0.03722,71,39052071,0.00909,0.1602,0.012,0.00046
46462,no_patoshi_evidence,1e-05,833,272350451,0.06341,0.5074,0.109,0.0
46464,added_possible,0.5669,98,29518634,0.00687,0.4443,0.012,0.01518
46466,no_patoshi_evidence,0.0,895,204796370,0.04768,0.8066,0.109,0.0
46470,no_patoshi_evidence,0.0001,503,260946583,0.06076,0.0136,18.935,0.00189
46473,no_patoshi_evidence,0.0001,184,40846409,0.00951,0.8445,0.029,0.0
46478,no_patoshi_evidence,0.0001,60,6638280,0.00155,0.9775,0.012,0.0
46480,no_patoshi_evidence,0.0,674,181119176,0.04217,0.8623,0.109,0.0
46482,no_patoshi_evidence,0.0001,12,536032,0.00012,0.9377,0.003,0.0
46484,no_patoshi_evidence,0.0001,1261,282306038,0.06573,0.9096,0.244,2e-05
46495,no_patoshi_evidence,0.0001,287,91225103,0.02124,0.1875,0.029,0.0
46496,unresolved,0.00014,881,196764438,0.04581,0.8264,0.109,2e-05
46498,no_patoshi_evidence,0.0001,147,47814798,0.01113,0.7584,0.029,0.0
46500,no_patoshi_evidence,0.0,26,9339508,0.00217,0.1402,0.003,0.0
46502,no_patoshi_evidence,0.0,308,70415690,0.01639,0.935,0.056,0.0
46508,no_patoshi_evidence,0.0001,10,553833,0.00013,0.9377,0.003,0.0
46517,no_patoshi_evidence,0.0,268,61438054,0.0143,0.5561,0.029,0.0
46540,no_patoshi_evidence,0.0001,1161,488785349,0.1138,0.022,17.929,0.00179
46542,unresolved,0.03722,595,2522922,0.00059,0.9995,0.056,0.00216
46549,no_patoshi_evidence,0.00321,1025,380448604,0.08858,0.146,0.109,0.00035
46559,unresolved,0.03722,291,21877792,0.00509,0.9685,0.029,0.0011
46562,no_patoshi_evidence,0.0,122,44818073,0.01044,0.7977,0.029,0.0
46568,no_patoshi_evidence,0.0001,720,23101382,0.00538,0.995,0.109,1e-05
46593,no_patoshi_evidence,0.0,389,179397025,0.04177,0.251,0.056,0.0
46594,no_patoshi_evidence,0.0,14,6324208,0.00147,0.3115,0.003,0.0
46597,no_patoshi_evidence,0.0001,552,149381339,0.03478,0.4597,0.056,1e-05
46604,no_patoshi_evidence,0.0001,557,102131584,0.02378,0.8271,0.056,1e-05
46614,no_patoshi_evidence,0.0001,436,149885684,0.0349,0.4567,0.056,1e-05
46615,no_patoshi_evidence,0.0001,342,89057519,0.02074,0.8866,0.056,1e-05
46616,unresolved,0.00014,5,655910,0.00015,0.9283,0.003,0.0
46620,unresolved,0.00014,78,16652803,0.00388,0.8673,0.012,0.0
46625,no_patoshi_evidence,0.0001,150,27251626,0.00635,0.9508,0.029,0.0
46626,no_patoshi_evidence,0.0001,246,97563844,0.02272,0.1417,0.029,0.0
46628,no_patoshi_evidence,0.0001,1865,761514952,0.1773,0.1839,0.244,2e-05
46636,no_patoshi_evidence,0.0001,348,112760787,0.02625,0.7601,0.056,1e-05
46643,no_patoshi_evidence,0.0,754,67422039,0.0157,0.9741,0.109,0.0
46647,no_patoshi_evidence,0.0001,320,131526565,0.03062,0.6164,0.056,1e-05
46650,no_patoshi_evidence,0.0,104,15290998,0.00356,0.8874,0.012,0.0
46654,no_patoshi_evidence,0.0001,834,134380649,0.03129,0.9306,0.109,1e-05
46655,no_patoshi_evidence,0.0001,53,8522090,0.00198,0.8118,0.006,0.0
46656,unresolved,0.03722,256,82523188,0.01921,0.2751,0.029,0.0011
46659,no_patoshi_evidence,1e-05,655,176175233,0.04102,0.8711,0.109,0.0
46661,added_possible,0.5669,725,299250222,0.06967,0.3994,0.109,0.12488
46673,no_patoshi_evidence,0.0,1294,207700083,0.04836,0.9472,0.244,0.0
46678,no_patoshi_evidence,0.00015,280,109561258,0.02551,0.0738,0.029,0.0
46679,unresolved,0.05792,370,104512303,0.02433,0.8105,0.056,0.00343
46686,no_patoshi_evidence,0.0001,745,66602214,0.01551,0.9741,0.109,1e-05
46692,no_patoshi_evidence,0.0,197,74871900,0.01743,0.3691,0.029,0.0
46694,no_patoshi_evidence,0.0001,239,92780195,0.0216,0.1762,0.029,0.0
46699,no_patoshi_evidence,0.0001,534,57818050,0.01346,0.9561,0.056,1e-05
46708,no_patoshi_evidence,0.0001,2374,267405510,0.06226,0.9177,0.244,2e-05
46724,no_patoshi_evidence,0.0,251,80810978,0.01882,0.2963,0.029,0.0
46726,unresolved,0.00014,65,11985408,0.00279,0.9337,0.012,0.0
46730,no_patoshi_evidence,0.0,10,1572534,0.00037,0.8224,0.003,0.0
46736,no_patoshi_evidence,0.0,758,238149559,0.05545,0.6766,0.109,0.0
46739,no_patoshi_evidence,0.0,363,36649069,0.00853,0.9788,0.056,0.0
46741,no_patoshi_evidence,0.0,121,11466350,0.00267,0.9921,0.029,0.0
46748,added_possible,0.5669,124,11114497,0.00259,0.9926,0.029,0.0361
46753,no_patoshi_evidence,0.0,257,119404716,0.0278,0.0423,19.456,2e-05
46755,added_possible,0.5669,131,3150954758,0.73364,0.0,19.456,0.96222
46762,no_patoshi_evidence,0.0001,1626,674411023,0.15702,0.2591,0.244,2e-05
46763,unresolved,0.03722,13,5938456,0.00138,0.3427,0.003,0.00012
46769,no_patoshi_evidence,0.0001,231,67529554,0.01572,0.4724,0.029,0.0
46773,no_patoshi_evidence,0.00321,1081,446048212,0.10385,0.049,17.929,0.05458
46774,no_patoshi_evidence,0.0,87,38633855,0.009,0.1715,0.012,0.0
46787,no_patoshi_evidence,0.0,52,24588197,0.00572,0.0518,0.006,0.0
46789,unresolved,0.00014,16,7962139,0.00185,0.2087,0.003,0.0
46796,unresolved,0.00014,48,13135872,0.00306,0.5059,0.006,0.0
46801,no_patoshi_evidence,0.0001,153,24881531,0.00579,0.9572,0.029,0.0
46809,no_patoshi_evidence,0.00321,119,20614844,0.0048,0.7622,0.012,4e-05
46817,no_patoshi_evidence,0.0001,438,110604541,0.02575,0.7722,0.056,1e-05
46822,no_patoshi_evidence,0.0,135,34506054,0.00803,0.9119,0.029,0.0
46825,no_patoshi_evidence,0.0001,480,197565622,0.046,0.1588,0.056,1e-05
46828,no_patoshi_evidence,0.0001,845,130568699,0.0304,0.9328,0.109,1e-05
46831,no_patoshi_evidence,0.0,382,62788549,0.01462,0.9486,0.056,0.0
46843,no_patoshi_evidence,0.0,1189,139775446,0.03254,0.9256,0.109,0.0
46845,added_possible,0.5669,131,3925391383,0.91395,0.0,19.456,0.96222
46848,no_patoshi_evidence,0.0,1097,99627339,0.0232,0.9587,0.109,0.0
46849,no_patoshi_evidence,0.0,891,370161516,0.08618,0.1697,0.109,0.0
46850,no_patoshi_evidence,0.0,460,116690590,0.02717,0.7339,0.056,0.0
46853,no_patoshi_evidence,0.0001,1302,121249500,0.02823,0.9766,0.244,2e-05
46863,no_patoshi_evidence,0.0,316,2856619,0.00067,0.9995,0.056,0.0
46867,no_patoshi_evidence,0.0,472,102012919,0.02375,0.8281,0.056,0.0
46870,no_patoshi_evidence,0.0,494,172432971,0.04015,0.2949,0.056,0.0
46874,no_patoshi_evidence,0.0001,1410,321923090,0.07495,0.876,0.244,2e-05
46876,no_patoshi_evidence,0.0001,7,2119047,0.00049,0.7508,0.003,0.0
46879,no_patoshi_evidence,0.0,412,52207454,0.01216,0.9612,0.056,0.0
46887,no_patoshi_evidence,0.0,128,56643949,0.01319,0.6289,0.029,0.0
46902,unresolved,0.03722,790,294985273,0.06868,0.4132,0.109,0.0042
46906,no_patoshi_evidence,0.0,483,128250483,0.02986,0.6326,0.056,0.0
46911,no_patoshi_evidence,0.0001,301,106369553,0.02477,0.7999,0.056,1e-05
46914,unresolved,0.03722,161,83691544,0.01949,0.2623,0.029,0.0011
46918,no_patoshi_evidence,0.0,834,399559817,0.09303,0.1107,0.109,0.0
46920,no_patoshi_evidence,0.0001,531,34898276,0.00813,0.9808,0.056,1e-05
46921,added_possible,0.5669,1041,271191322,0.06314,0.514,0.109,0.12488
46923,no_patoshi_evidence,0.0001,318,55577845,0.01294,0.9592,0.056,1e-05
46924,no_patoshi_evidence,0.0001,498,90393780,0.02105,0.8816,0.056,1e-05
46925,no_patoshi_evidence,0.0,551,28616381,0.00666,0.9849,0.056,0.0
46928,no_patoshi_evidence,0.0,496,235004041,0.05472,0.0388,18.935,2e-05
46932,no_patoshi_evidence,0.0,582,179199177,0.04172,0.2525,0.056,0.0
46934,no_patoshi_evidence,0.0001,312,164813727,0.03837,0.3382,0.056,1e-05
46935,no_patoshi_evidence,0.0,49,17285878,0.00402,0.2353,0.006,0.0
46936,no_patoshi_evidence,0.0,40,14530953,0.00338,0.4071,0.006,0.0
46939,no_patoshi_evidence,0.0001,308,130787779,0.03045,0.621,0.056,1e-05
46946,no_patoshi_evidence,0.0001,253,62805627,0.01462,0.5389,0.029,0.0
46949,no_patoshi_evidence,0.0,68,6439291,0.0015,0.9825,0.012,0.0
46954,no_patoshi_evidence,0.0,98,28452502,0.00662,0.4793,0.012,0.0
46961,no_patoshi_evidence,0.0,714,124821612,0.02906,0.9394,0.109,0.0
46962,unresolved,0.03722,177,43395587,0.0101,0.8189,0.029,0.0011
46965,no_patoshi_evidence,0.0,854,191656353,0.04462,0.8358,0.109,0.0
46973,no_patoshi_evidence,0.00321,147,20642953,0.00481,0.971,0.029,9e-05
46977,no_patoshi_evidence,0.0,1413,357021514,0.08313,0.8445,0.244,0.0
46978,unresolved,0.00014,370,110318370,0.02569,0.7762,0.056,1e-05
46981,no_patoshi_evidence,0.0001,1012,200076994,0.04658,0.8193,0.109,1e-05
46984,no_patoshi_evidence,0.0001,286,131498381,0.03062,0.0182,19.456,0.00194
46991,no_patoshi_evidence,0.0,478,104036720,0.02422,0.8125,0.056,0.0
46994,added_possible,0.5669,1980,3448975877,0.80303,0.0,15.373,0.95266
46997,unresolved,0.00014,650,169650476,0.0395,0.8887,0.109,2e-05
47001,unresolved,0.03722,450,84493087,0.01967,0.8982,0.056,0.00216
47004,unresolved,0.00014,81,20978989,0.00488,0.7509,0.012,0.0
47005,no_patoshi_evidence,0.0001,1063,102811103,0.02394,0.9565,0.109,1e-05
47010,unresolved,0.00014,565,162817586,0.03791,0.3533,0.056,1e-05
47011,no_patoshi_evidence,0.0,880,291654537,0.06791,0.4259,0.109,0.0
47015,no_patoshi_evidence,0.0001,657,162408008,0.03781,0.9047,0.109,1e-05
47016,no_patoshi_evidence,0.0,323,24623204,0.00573,0.9884,0.056,0.0
47018,no_patoshi_evidence,0.0,474,125020114,0.02911,0.6633,0.056,0.0
47023,no_patoshi_evidence,0.0001,127,25985169,0.00605,0.9537,0.029,0.0
47024,no_patoshi_evidence,0.0001,433,107182229,0.02496,0.7949,0.056,1e-05
47026,no_patoshi_evidence,0.0001,672,139102874,0.03239,0.9256,0.109,1e-05
47030,no_patoshi_evidence,0.0,220,118568810,0.02761,0.0443,19.456,2e-05
47036,unresolved,0.00014,548,120600616,0.02808,0.7006,0.056,1e-05
47040,unresolved,0.00014,148,9980169,0.00232,0.9936,0.029,0.0
47042,no_patoshi_evidence,0.0,742,226333906,0.0527,0.7234,0.109,0.0
47043,no_patoshi_evidence,0.0001,391,71616671,0.01667,0.9325,0.056,1e-05
47047,no_patoshi_evidence,0.0001,542,215350465,0.05014,0.0882,0.056,1e-05
47048,unresolved,0.03722,210,38298680,0.00892,0.8755,0.029,0.0011
47055,no_patoshi_evidence,0.0001,80,31195311,0.00726,0.393,0.012,0.0
47057,unresolved,0.00014,13,1338426,0.00031,0.8567,0.003,0.0
47058,no_patoshi_evidence,0.0001,113,44622448,0.01039,0.0801,0.012,0.0
47061,no_patoshi_evidence,0.0001,407,142774675,0.03324,0.5141,0.056,1e-05
47062,unresolved,0.03722,964,101086728,0.02354,0.9581,0.109,0.0042
47063,no_patoshi_evidence,0.00321,233,26595659,0.00619,0.9528,0.029,9e-05
47065,no_patoshi_evidence,0.00321,191,39398292,0.00917,0.8627,0.029,9e-05
47067,unresolved,0.03722,240,61165092,0.01424,0.561,0.029,0.0011
47068,no_patoshi_evidence,0.00321,1066,76575668,0.01783,0.9697,0.109,0.00035
47070,unresolved,0.03722,51,1441829,0.00034,1.0,0.006,0.00023
47075,no_patoshi_evidence,0.0001,374,130346829,0.03035,0.6245,0.056,1e-05
47076,no_patoshi_evidence,0.0001,201,74125508,0.01726,0.374,0.029,0.0
47077,no_patoshi_evidence,0.0001,95,39422275,0.00918,0.1552,0.012,0.0
47081,no_patoshi_evidence,0.0,791,172147034,0.04008,0.8832,0.109,0.0
47089,no_patoshi_evidence,0.0001,77,27578477,0.00642,0.5069,0.012,0.0
47091,no_patoshi_evidence,0.0,641,195578485,0.04554,0.8287,0.109,0.0
47094,no_patoshi_evidence,0.0001,61,11041485,0.00257,0.9437,0.012,0.0
47095,no_patoshi_evidence,0.0,438,119408319,0.0278,0.7122,0.056,0.0
47096,no_patoshi_evidence,0.0001,268,47315045,0.01102,0.7643,0.029,0.0
47101,no_patoshi_evidence,0.0001,187,22305602,0.00519,0.9675,0.029,0.0
47109,unresolved,0.03722,838,96230146,0.02241,0.9598,0.109,0.0042
47117,no_patoshi_evidence,0.0001,190,71038575,0.01654,0.4129,0.029,0.0
47118,no_patoshi_evidence,0.0,112,30045407,0.007,0.4293,0.012,0.0
47128,no_patoshi_evidence,0.0,447,122135988,0.02844,0.6855,0.056,0.0
47129,no_patoshi_evidence,0.0001,728,201607410,0.04694,0.8149,0.109,1e-05
47133,no_patoshi_evidence,0.0001,296,80090254,0.01865,0.3036,0.029,0.0
47136,no_patoshi_evidence,0.0001,905,8450036,0.00197,0.9978,0.109,1e-05
47143,unresolved,0.03722,148,43075377,0.01003,0.8209,0.029,0.0011
47144,no_patoshi_evidence,1e-05,1829,112183055,0.02612,0.9776,0.244,0.0
47150,no_patoshi_evidence,0.0001,80,25840450,0.00602,0.5707,0.012,0.0
47169,unresolved,0.00014,305,83390484,0.01942,0.9017,0.056,1e-05
47170,no_patoshi_evidence,0.0,152,48056963,0.01119,0.7554,0.029,0.0
47171,no_patoshi_evidence,0.0001,304,121381838,0.02826,0.6941,0.056,1e-05
47175,unresolved,0.03722,1582,635629076,0.14799,0.3181,0.244,0.00933
47181,no_patoshi_evidence,0.0001,74,20160681,0.00469,0.7722,0.012,0.0
47186,unresolved,0.03722,57,18510614,0.00431,0.1741,0.006,0.00023
47191,unresolved,0.0046,226,71268897,0.01659,0.4114,0.029,0.00013
47192,unresolved,0.03722,403,108330004,0.02522,0.7888,0.056,0.00216
47199,no_patoshi_evidence,0.00321,995,120229245,0.02799,0.9455,0.109,0.00035
47200,no_patoshi_evidence,1e-05,74,16828489,0.00392,0.8636,0.012,0.0
47202,no_patoshi_evidence,0.0001,58,30548748,0.00711,0.0212,19.885,0.00198
47206,no_patoshi_evidence,0.0001,62,15237198,0.00355,0.8899,0.012,0.0
47212,no_patoshi_evidence,0.0001,126,33224119,0.00774,0.9178,0.029,0.0
47216,no_patoshi_evidence,0.0001,19,4361296,0.00102,0.5202,0.003,0.0
47220,no_patoshi_evidence,1e-05,225,19819583,0.00461,0.9739,0.029,0.0
47228,no_patoshi_evidence,0.0001,357,146858399,0.03419,0.4798,0.056,1e-05
47235,no_patoshi_evidence,0.0001,260,107660006,0.02507,0.0837,0.029,0.0
47238,unresolved,0.03722,81,28203032,0.00657,0.4919,0.012,0.00046
47241,no_patoshi_evidence,1e-05,376,70318293,0.01637,0.935,0.056,0.0
47252,unresolved,0.03722,254,53185067,0.01238,0.6742,0.029,0.0011
47258,no_patoshi_evidence,0.0,543,111958760,0.02607,0.7646,0.056,0.0
47259,no_patoshi_evidence,0.0001,1044,346745510,0.08073,0.232,0.109,1e-05
47261,unresolved,0.03722,21,10988032,0.00256,0.0935,0.003,0.00012
47263,no_patoshi_evidence,1e-05,587,203922838,0.04748,0.1285,0.056,0.0
47265,no_patoshi_evidence,0.0001,367,45191420,0.01052,0.9693,0.056,1e-05
47268,no_patoshi_evidence,0.0,63,19816689,0.00461,0.781,0.012,0.0
47271,no_patoshi_evidence,0.0,402,53059438,0.01235,0.9607,0.056,0.0
47280,no_patoshi_evidence,1e-05,527,121479852,0.02828,0.693,0.056,0.0
47282,unresolved,0.00014,596,164304411,0.03826,0.3417,0.056,1e-05
47284,no_patoshi_evidence,0.0,155,47171543,0.01098,0.7643,0.029,0.0
47286,no_patoshi_evidence,0.0,42,18633052,0.00434,0.1741,0.006,0.0
47297,no_patoshi_evidence,0.0001,268,110414830,0.02571,0.0723,0.029,0.0
47299,no_patoshi_evidence,0.0001,96,25308566,0.00589,0.5982,0.012,0.0
47301,no_patoshi_evidence,0.0,651,130492240,0.03038,0.9328,0.109,0.0
47308,unresolved,0.03722,1133,454602241,0.10585,0.043,17.929,0.40937
47326,no_patoshi_evidence,0.0001,336,131990206,0.03073,0.6119,0.056,1e-05
47328,no_patoshi_evidence,0.0001,329,134687483,0.03136,0.5847,0.056,1e-05
47333,unresolved,0.00014,385,71364646,0.01662,0.9335,0.056,1e-05
47343,unresolved,0.03722,1190,482320931,0.1123,0.0259,17.929,0.40937
47353,no_patoshi_evidence,0.0,734,78634320,0.01831,0.9697,0.109,0.0
47354,no_patoshi_evidence,0.0001,243,98312867,0.02289,0.1368,0.029,0.0
47357,no_patoshi_evidence,0.0,35,10930493,0.00254,0.6918,0.006,0.0
47363,no_patoshi_evidence,0.0,57,15631173,0.00364,0.3082,0.006,0.0
47367,unresolved,0.00014,958,297238566,0.06921,0.4061,0.109,2e-05
47370,no_patoshi_evidence,0.0001,1036,402196634,0.09364,0.1069,0.109,1e-05
47376,no_patoshi_evidence,0.0,173,44211014,0.01029,0.8061,0.029,0.0
47398,no_patoshi_evidence,0.0001,17,23508819,0.00547,0.0062,19.942,0.00199
47402,no_patoshi_evidence,0.0001,1088,295481052,0.0688,0.4105,0.109,1e-05
47412,unresolved,0.03722,851,344315950,0.08017,0.2347,0.109,0.0042
47414,unresolved,0.00014,220,67762689,0.01578,0.469,0.029,0.0
47423,no_patoshi_evidence,0.0001,415,78225891,0.01821,0.9178,0.056,1e-05
47424,no_patoshi_evidence,0.0001,35,3318230,0.00077,0.9741,0.006,0.0
47430,no_patoshi_evidence,0.0001,99,28252802,0.00658,0.4906,0.012,0.0
47431,no_patoshi_evidence,0.0,81,19887378,0.00463,0.7797,0.012,0.0
47432,no_patoshi_evidence,0.0,41,13272957,0.00309,0.4941,0.006,0.0
47437,no_patoshi_evidence,0.0001,821,430469221,0.10023,0.0656,0.109,1e-05
47440,no_patoshi_evidence,0.0,167,72884062,0.01697,0.3893,0.029,0.0
47451,no_patoshi_evidence,0.0001,241,86504688,0.02014,0.2279,0.029,0.0
47458,no_patoshi_evidence,0.0001,1239,478298841,0.11136,0.6209,0.244,2e-05
47461,unresolved,0.03722,241,94479387,0.022,0.1639,0.029,0.0011
47462,no_patoshi_evidence,0.00321,135,54917966,0.01279,0.655,0.029,9e-05
47473,no_patoshi_evidence,0.0001,122,45596804,0.01062,0.7835,0.029,0.0
47481,no_patoshi_evidence,0.0001,321,164966209,0.03841,0.3362,0.056,1e-05
47490,no_patoshi_evidence,0.0,365,92430049,0.02152,0.8715,0.056,0.0
47498,unresolved,0.03722,297,860200,0.0002,1.0,0.029,0.0011
47503,no_patoshi_evidence,0.00481,341,143212439,0.03334,0.5096,0.056,0.00027
47506,unresolved,0.00687,202,70185781,0.01634,0.4272,0.029,0.0002
47508,no_patoshi_evidence,2e-05,2032,464302603,0.1081,0.6545,0.244,0.0
47518,unresolved,0.0002,9,15815965,0.00368,0.028,19.942,0.00397
47519,no_patoshi_evidence,0.00014,886,294862028,0.06865,0.4132,0.109,2e-05
47526,no_patoshi_evidence,0.00014,539,98556000,0.02295,0.8468,0.056,1e-05
47529,unresolved,0.05477,340,59986228,0.01397,0.9526,0.056,0.00324
47551,no_patoshi_evidence,0.00014,182,75351357,0.01754,0.3642,0.029,0.0
47555,no_patoshi_evidence,0.0,2254,892719427,0.20785,0.0935,0.244,0.0
47557,unresolved,0.05477,188,76869141,0.0179,0.343,0.029,0.00166
47558,unresolved,0.05477,575,87828535,0.02045,0.8906,0.056,0.00324
47567,no_patoshi_evidence,0.00014,2010,816336881,0.19007,0.1382,0.244,3e-05
47570,no_patoshi_evidence,0.0,65,19080527,0.00444,0.801,0.012,0.0
47572,no_patoshi_evidence,0.00014,116,32317550,0.00752,0.3642,0.012,0.0
47577,unresolved,0.0002,324,127274775,0.02963,0.6431,0.056,1e-05
47579,no_patoshi_evidence,0.00014,751,133431116,0.03107,0.9317,0.109,2e-05
47581,no_patoshi_evidence,0.0,34,9061526,0.00211,0.8,0.006,0.0
47593,no_patoshi_evidence,0.00014,1365,378051416,0.08802,0.815,0.244,3e-05
47596,no_patoshi_evidence,0.00014,944,384356570,0.08949,0.1394,0.109,2e-05
47603,no_patoshi_evidence,0.00014,926,380324881,0.08855,0.146,0.109,2e-05
47607,no_patoshi_evidence,0.0,772,250110598,0.05823,0.6116,0.109,0.0
47609,unresolved,0.05477,200,72180480,0.01681,0.3981,0.029,0.00166
47610,no_patoshi_evidence,0.00481,12,2035706,0.00047,0.7632,0.003,1e-05
47611,no_patoshi_evidence,0.00014,145,44798148,0.01043,0.7982,0.029,0.0
47613,no_patoshi_evidence,0.00014,346,104852705,0.02441,0.808,0.056,1e-05
47615,no_patoshi_evidence,0.00481,83,20068516,0.00467,0.7735,0.012,6e-05
47619,no_patoshi_evidence,2e-05,276,93452306,0.02176,0.1693,0.029,0.0
47635,no_patoshi_evidence,0.00014,450,237713531,0.05535,0.0338,18.935,0.00264
47637,no_patoshi_evidence,0.0,24,3503319,0.00082,0.5794,0.003,0.0
47640,unresolved,0.0002,286,72829472,0.01696,0.3903,0.029,1e-05
47641,no_patoshi_evidence,0.00014,724,6382276,0.00149,0.9983,0.109,2e-05
47652,no_patoshi_evidence,0.00014,332,90068698,0.02097,0.8821,0.056,1e-05
47656,no_patoshi_evidence,0.0,1376,331753549,0.07724,0.8659,0.244,0.0
47657,no_patoshi_evidence,0.00023,579,93394526,0.02175,0.8669,0.056,1e-05
47659,no_patoshi_evidence,0.00023,129,32990281,0.00768,0.9183,0.029,1e-05
47663,no_patoshi_evidence,0.00023,369,127563388,0.0297,0.6396,0.056,1e-05
47690,no_patoshi_evidence,0.00014,1430,581758103,0.13545,0.4024,0.244,3e-05
47692,unresolved,0.05477,1126,295274802,0.06875,0.4121,0.109,0.00628
47693,no_patoshi_evidence,0.00014,1258,520833765,0.12127,0.5285,0.244,3e-05
47695,no_patoshi_evidence,0.00014,57,11495542,0.00268,0.6541,0.006,0.0
47710,no_patoshi_evidence,0.00014,419,82231247,0.01915,0.9062,0.056,1e-05
47711,no_patoshi_evidence,0.00014,119,13278564,0.00309,0.9199,0.012,0.0
47718,no_patoshi_evidence,0.0,630,136039907,0.03167,0.9278,0.109,0.0
47731,no_patoshi_evidence,0.00014,309,58010707,0.01351,0.9551,0.056,1e-05
47733,no_patoshi_evidence,0.00014,180,47286427,0.01101,0.7643,0.029,0.0
47734,no_patoshi_evidence,0.00014,292,119483228,0.02782,0.0423,19.456,0.00272
47743,no_patoshi_evidence,0.00014,684,278405842,0.06482,0.4782,0.109,2e-05
47745,unresolved,0.05477,43,2917395,0.00068,0.9835,0.006,0.00035
47749,no_patoshi_evidence,0.00014,377,68315197,0.01591,0.939,0.056,1e-05
47750,no_patoshi_evidence,0.0,54,14189259,0.0033,0.4282,0.006,0.0
47752,no_patoshi_evidence,0.00014,550,191346415,0.04455,0.1905,0.056,1e-05
47757,no_patoshi_evidence,0.00014,721,218778347,0.05094,0.7576,0.109,2e-05
47759,unresolved,0.05477,258,40400659,0.00941,0.8519,0.029,0.00166
47763,unresolved,0.05477,342,137472032,0.03201,0.5585,0.056,0.00324
47764,no_patoshi_evidence,0.00014,430,112648768,0.02623,0.7611,0.056,1e-05
47768,no_patoshi_evidence,0.00014,1074,563787773,0.13127,0.0055,17.929,0.0025
47770,no_patoshi_evidence,0.00481,184,76067907,0.01771,0.3538,0.029,0.00014
47781,no_patoshi_evidence,0.00014,898,419954606,0.09778,0.0804,0.109,2e-05
47782,no_patoshi_evidence,0.00014,109,29808911,0.00694,0.438,0.012,0.0
47786,no_patoshi_evidence,0.00014,159,28825190,0.00671,0.9439,0.029,0.0
47790,no_patoshi_evidence,0.00014,212,94282340,0.02195,0.1658,0.029,0.0
47791,unresolved,0.05477,156,28265244,0.00658,0.9464,0.029,0.00166
47795,no_patoshi_evidence,0.00014,202,105944226,0.02467,0.0886,0.029,0.0
47800,no_patoshi_evidence,0.00014,246,50552934,0.01177,0.717,0.029,0.0
47804,no_patoshi_evidence,0.00014,301,114345347,0.02662,0.749,0.056,1e-05
47805,no_patoshi_evidence,0.00014,1900,405160331,0.09433,0.7632,0.244,3e-05
47812,unresolved,0.08436,275,111796259,0.02603,0.0664,0.029,0.00263
47814,no_patoshi_evidence,0.00023,221,25429885,0.00592,0.9552,0.029,1e-05
47820,unresolved,0.00032,710,234117661,0.05451,0.692,0.109,3e-05
47824,no_patoshi_evidence,0.00023,249,101488492,0.02363,0.1122,0.029,1e-05
47835,no_patoshi_evidence,0.00481,731,85627361,0.01994,0.9647,0.109,0.00053
47843,no_patoshi_evidence,0.00481,58,2251906318,0.52431,0.0,19.885,0.08768
47846,no_patoshi_evidence,0.00481,324,115441498,0.02688,0.7429,0.056,0.00027
47847,no_patoshi_evidence,0.00481,545,246140774,0.05731,0.0252,18.935,0.08384
47848,no_patoshi_evidence,2e-05,227,45508585,0.0106,0.7854,0.029,0.0
47851,no_patoshi_evidence,0.00014,524,131660886,0.03065,0.6159,0.056,1e-05
47853,unresolved,0.05477,257,113045806,0.02632,0.062,0.029,0.00166
47854,no_patoshi_evidence,0.00014,71,29182853,0.00679,0.4581,0.012,0.0
47855,no_patoshi_evidence,0.0,605,151400119,0.03525,0.9179,0.109,0.0
47871,no_patoshi_evidence,0.00014,180,27861185,0.00649,0.9478,0.029,0.0
47877,no_patoshi_evidence,0.0,192,60937581,0.01419,0.5664,0.029,0.0
47883,no_patoshi_evidence,0.00014,683,253653443,0.05906,0.5961,0.109,2e-05
47886,unresolved,0.05477,47,19340054,0.0045,0.1459,0.006,0.00035
47887,no_patoshi_evidence,0.00481,54,2713699856,0.63183,0.0,19.885,0.08768
47889,no_patoshi_evidence,0.0,94,11158969,0.0026,0.9412,0.012,0.0
47894,no_patoshi_evidence,0.00014,238,118249934,0.02753,0.0448,19.456,0.00272
47897,no_patoshi_evidence,0.00014,1030,541064606,0.12598,0.0088,17.929,0.0025
47902,no_patoshi_evidence,0.00014,531,185399471,0.04317,0.2203,0.056,1e-05
47913,no_patoshi_evidence,0.00014,136,44217596,0.0103,0.8061,0.029,0.0
47921,no_patoshi_evidence,0.00014,398,102411161,0.02384,0.8256,0.056,1e-05
47923,no_patoshi_evidence,0.0,-3507,26071112,0.00607,,,0.0
47924,no_patoshi_evidence,0.00014,118,29017854,0.00676,0.4618,0.012,0.0
47931,no_patoshi_evidence,0.0,33,12144350,0.00283,0.6094,0.006,0.0
47938,no_patoshi_evidence,0.00014,495,168949078,0.03934,0.3125,0.056,1e-05
47939,unresolved,0.05477,150,90178865,0.021,0.1973,0.029,0.00166
47944,no_patoshi_evidence,0.0,550,65545291,0.01526,0.9441,0.056,0.0
47945,unresolved,0.05477,376,198667567,0.04626,0.1512,0.056,0.00324
47951,no_patoshi_evidence,0.0,325,83916302,0.01954,0.9002,0.056,0.0
47954,no_patoshi_evidence,0.00014,216,61525436,0.01433,0.5561,0.029,0.0
47955,no_patoshi_evidence,0.00014,59,16350731,0.00381,0.2776,0.006,0.0
47957,unresolved,0.05477,291,75351324,0.01754,0.3642,0.029,0.00166
47962,no_patoshi_evidence,0.00014,395,71799894,0.01672,0.932,0.056,1e-05
47963,no_patoshi_evidence,0.00014,587,309836256,0.07214,0.0015,18.935,0.00264
47968,no_patoshi_evidence,0.0,402,95846762,0.02232,0.8579,0.056,0.0
47981,no_patoshi_evidence,0.00014,1663,461386365,0.10742,0.6575,0.244,3e-05
47989,no_patoshi_evidence,0.0,130,41716187,0.00971,0.8371,0.029,0.0
47990,no_patoshi_evidence,0.00014,428,191380559,0.04456,0.1905,0.056,1e-05
47991,no_patoshi_evidence,0.00014,137,34047406,0.00793,0.9149,0.029,0.0
47997,no_patoshi_evidence,0.00014,707,128813157,0.02999,0.9344,0.109,2e-05
48006,no_patoshi_evidence,0.00014,490,182962837,0.0426,0.2324,0.056,1e-05
48009,no_patoshi_evidence,0.0,1177,197828212,0.04606,0.8248,0.109,0.0
48010,no_patoshi_evidence,0.0,248,52803473,0.01229,0.6821,0.029,0.0
48012,no_patoshi_evidence,0.00014,513,157335153,0.03663,0.3967,0.056,1e-05
48014,no_patoshi_evidence,0.00014,752,135313736,0.03151,0.9284,0.109,2e-05
48020,unresolved,0.05477,35,8321586,0.00194,0.8118,0.006,0.00035
48025,no_patoshi_evidence,0.00014,195,53529422,0.01246,0.6698,0.029,0.0
48027,no_patoshi_evidence,0.00014,350,115885632,0.02698,0.7394,0.056,1e-05
48034,no_patoshi_evidence,0.0,505,178463608,0.04155,0.256,0.056,0.0
48038,unresolved,0.05477,174,54930484,0.01279,0.655,0.029,0.00166
48041,no_patoshi_evidence,2e-05,-3091,192451926,0.04481,,,2e-05
48044,no_patoshi_evidence,0.00014,820,202928801,0.04725,0.8127,0.109,2e-05
48053,no_patoshi_evidence,0.00023,435,112781667,0.02626,0.7601,0.056,1e-05
48055,no_patoshi_evidence,0.0,609,175805524,0.04093,0.8716,0.109,0.0
48061,unresolved,0.08436,8,3175223,0.00074,0.6044,0.003,0.00028
48076,no_patoshi_evidence,0.00014,117,21581503,0.00502,0.7384,0.012,0.0
48078,no_patoshi_evidence,0.0,753,265797218,0.06189,0.5399,0.109,0.0
48082,unresolved,0.05477,123,12554752,0.00292,0.9911,0.029,0.00166
48084,no_patoshi_evidence,0.0,12,2884520,0.00067,0.6386,0.003,0.0
48088,no_patoshi_evidence,0.00014,729,305271925,0.07108,0.3713,0.109,2e-05
48097,no_patoshi_evidence,0.0,826,281373195,0.06551,0.4639,0.109,0.0
48103,no_patoshi_evidence,0.00014,246,88667248,0.02064,0.2111,0.029,0.0
48114,no_patoshi_evidence,0.00014,563,62340339,0.01451,0.9496,0.056,1e-05
48117,no_patoshi_evidence,0.00014,180,40570109,0.00945,0.8494,0.029,0.0
48124,added_possible,0.66233,465,82650626,0.01924,0.9037,0.056,0.09905
48125,no_patoshi_evidence,0.00014,535,243596997,0.05672,0.0287,18.935,0.00264
48127,no_patoshi_evidence,0.0,-3487,35979491,0.00838,,,0.0
48129,no_patoshi_evidence,0.0,244,99644782,0.0232,0.1284,0.029,0.0
48132,no_patoshi_evidence,0.00014,109,38968029,0.00907,0.1627,0.012,0.0
48134,no_patoshi_evidence,0.00014,611,111691446,0.02601,0.9504,0.109,2e-05
48136,no_patoshi_evidence,2e-05,375,31725903,0.00739,0.9829,0.056,0.0
48140,no_patoshi_evidence,0.00014,432,89121228,0.02075,0.8851,0.056,1e-05
48143,no_patoshi_evidence,0.0,588,150273527,0.03499,0.4541,0.056,0.0
48145,unresolved,0.05477,774,304360457,0.07086,0.3752,0.109,0.00628
48149,no_patoshi_evidence,0.00014,70,32445706,0.00755,0.3592,0.012,0.0
48154,unresolved,0.0002,1048,273198087,0.06361,0.5036,0.109,2e-05
48156,no_patoshi_evidence,0.00014,124,11803295,0.00275,0.9921,0.029,0.0
48158,no_patoshi_evidence,0.00014,17,3148885,0.00073,0.6106,0.003,0.0
48178,no_patoshi_evidence,2e-05,261,21760367,0.00507,0.9685,0.029,0.0
48180,no_patoshi_evidence,0.00014,190,45296775,0.01055,0.7908,0.029,0.0
48181,no_patoshi_evidence,0.00014,15,1331590,0.00031,0.8567,0.003,0.0
48183,no_patoshi_evidence,0.00014,60,24162770,0.00563,0.6521,0.012,0.0
48187,no_patoshi_evidence,0.00014,241,41733998,0.00972,0.8371,0.029,0.0
48188,no_patoshi_evidence,0.00014,820,369315780,0.08599,0.1708,0.109,2e-05
48192,no_patoshi_evidence,0.00014,380,113407461,0.0264,0.7571,0.056,1e-05
48198,unresolved,0.05477,441,148171016,0.0345,0.4693,0.056,0.00324
48201,no_patoshi_evidence,0.00014,883,225915854,0.0526,0.7251,0.109,2e-05
48203,no_patoshi_evidence,0.00014,320,111085267,0.02586,0.7692,0.056,1e-05
48211,no_patoshi_evidence,0.0,444,32433087,0.00755,0.9824,0.056,0.0
48220,no_patoshi_evidence,0.00023,812,230871823,0.05375,0.7058,0.109,3e-05
48221,unresolved,0.00032,270,50094127,0.01166,0.7249,0.029,1e-05
48229,no_patoshi_evidence,0.0,95,23477651,0.00547,0.6796,0.012,0.0
48237,no_patoshi_evidence,0.00023,768,140141479,0.03263,0.9256,0.109,3e-05
48243,no_patoshi_evidence,0.00023,398,25471665,0.00593,0.9884,0.056,1e-05
48245,no_patoshi_evidence,0.0,614,138548889,0.03226,0.9256,0.109,0.0
48249,no_patoshi_evidence,0.00023,301,43853750,0.01021,0.9708,0.056,1e-05
48254,no_patoshi_evidence,0.0,65,27221642,0.00634,0.5257,0.012,0.0
48255,no_patoshi_evidence,0.00014,45,8651766,0.00201,0.8071,0.006,0.0
48259,no_patoshi_evidence,0.00481,105,36556924,0.00851,0.224,0.012,6e-05
48260,no_patoshi_evidence,0.00014,19,3721696,0.00087,0.5701,0.003,0.0
48266,no_patoshi_evidence,0.00014,217,99077867,0.02307,0.1314,0.029,0.0
48268,no_patoshi_evidence,0.0,293,52506448,0.01223,0.6845,0.029,0.0
48270,no_patoshi_evidence,0.00014,73,20024794,0.00466,0.776,0.012,0.0
48274,no_patoshi_evidence,0.0,275,94805434,0.02207,0.1624,0.029,0.0
48275,no_patoshi_evidence,0.00014,354,166183523,0.03869,0.3327,0.056,1e-05
48278,no_patoshi_evidence,2e-05,193,79246976,0.01845,0.311,0.029,0.0
48281,no_patoshi_evidence,0.00014,152,39254602,0.00914,0.8637,0.029,0.0
48282,no_patoshi_evidence,0.0,616,242121446,0.05637,0.6507,0.109,0.0
48283,no_patoshi_evidence,0.00014,97,43987035,0.01024,0.0876,0.012,0.0
48289,no_patoshi_evidence,0.00014,77,32472485,0.00756,0.3579,0.012,0.0
48290,no_patoshi_evidence,0.00014,434,159050481,0.03703,0.3831,0.056,1e-05
48293,no_patoshi_evidence,0.00014,180,31400340,0.00731,0.9316,0.029,0.0
48301,no_patoshi_evidence,0.0,3584,1246406217,0.2902,0.0071,15.373,2e-05
48304,no_patoshi_evidence,0.00023,209,97614250,0.02273,0.1412,0.029,1e-05
48306,unresolved,0.00032,286,71279104,0.0166,0.4114,0.029,1e-05
48308,unresolved,0.08436,378,2111480092,0.49162,0.0,18.935,0.63564
48314,no_patoshi_evidence,0.00014,964,442484212,0.10302,0.0529,0.109,2e-05
48318,added_possible,0.66233,543,1791709449,0.41716,0.0,18.935,0.97378
48319,no_patoshi_evidence,0.0,243,25615288,0.00596,0.9542,0.029,0.0
48327,unresolved,0.0002,29,5553971,0.00129,0.3801,0.003,0.0
48330,no_patoshi_evidence,0.00014,168,31051681,0.00723,0.9321,0.029,0.0
48332,added_possible,0.66233,375,3408579607,0.79362,0.0,18.935,0.97378
48337,added_possible,0.66233,128,3626536711,0.84437,0.0,19.456,0.97447
48341,no_patoshi_evidence,0.00014,1207,475267599,0.11066,0.626,0.244,3e-05
48342,unresolved,0.0002,135,72283652,0.01683,0.3976,0.029,1e-05
48350,no_patoshi_evidence,0.0,179,56696925,0.0132,0.6289,0.029,0.0
48352,no_patoshi_evidence,0.00014,50,7934170,0.00185,0.8353,0.006,0.0
48353,no_patoshi_evidence,0.0,552,152111465,0.03542,0.439,0.056,0.0
48357,no_patoshi_evidence,0.00014,267,107746302,0.02509,0.0832,0.029,0.0
48359,no_patoshi_evidence,0.00014,775,58612309,0.01365,0.9796,0.109,2e-05
48362,no_patoshi_evidence,0.0,82,28409070,0.00661,0.4831,0.012,0.0
48364,no_patoshi_evidence,0.0,31,8104319,0.00189,0.8235,0.006,0.0
48372,no_patoshi_evidence,0.0,604,81239564,0.01892,0.9691,0.109,0.0
48373,unresolved,0.05477,816,378110003,0.08804,0.151,0.109,0.00628
48375,unresolved,0.05477,6,988204,0.00023,0.9034,0.003,0.00018
48377,no_patoshi_evidence,0.00014,68,11602700,0.0027,0.9399,0.012,0.0
48380,no_patoshi_evidence,0.00014,344,66991114,0.0156,0.943,0.056,1e-05
48390,no_patoshi_evidence,0.00014,178,73269877,0.01706,0.3839,0.029,0.0
48395,unresolved,0.00687,1514,70854664,0.0165,0.9898,0.244,0.00168
48401,no_patoshi_evidence,0.00014,71,11129188,0.00259,0.9412,0.012,0.0
48407,no_patoshi_evidence,0.0,67,19987413,0.00465,0.7772,0.012,0.0
48408,no_patoshi_evidence,0.00014,1246,201908143,0.04701,0.9492,0.244,3e-05
48409,unresolved,0.05477,279,61831980,0.0144,0.5512,0.029,0.00166
48411,no_patoshi_evidence,0.00014,564,220675707,0.05138,0.0751,0.056,1e-05
48415,no_patoshi_evidence,0.00014,1101,560992690,0.13062,0.0061,17.929,0.0025
48417,no_patoshi_evidence,0.00014,229,51435631,0.01198,0.6969,0.029,0.0
48419,unresolved,0.05477,434,80061440,0.01864,0.9103,0.056,0.00324
48426,added_possible,0.66233,153,677237530,0.15768,0.0,19.456,0.97447
48429,added_possible,0.66233,253,2082916374,0.48497,0.0,19.456,0.97447
48431,no_patoshi_evidence,0.00014,104,48975011,0.0114,0.0488,19.776,0.00276
48435,no_patoshi_evidence,0.0,233,88812933,0.02068,0.2087,0.029,0.0
48443,no_patoshi_evidence,0.0,39,15174584,0.00353,0.3576,0.006,0.0
48445,no_patoshi_evidence,0.00014,219,106561277,0.02481,0.0856,0.029,0.0
48446,no_patoshi_evidence,0.00014,490,134312803,0.03127,0.5882,0.056,1e-05
48448,no_patoshi_evidence,0.0,328,170560356,0.03971,0.307,0.056,0.0
48449,unresolved,0.05477,143,50151426,0.01168,0.7244,0.029,0.00166
48452,no_patoshi_evidence,0.00481,3,619369,0.00014,0.9315,0.003,1e-05
48454,added_possible,0.66233,231,120493829,0.02805,0.0374,19.456,0.97447
48459,no_patoshi_evidence,0.0,758,267815611,0.06236,0.5278,0.109,0.0
48470,no_patoshi_evidence,0.0,507,135483794,0.03154,0.5756,0.056,0.0
48471,no_patoshi_evidence,0.0,527,49492710,0.01152,0.9647,0.056,0.0
48472,unresolved,0.05477,808,228080947,0.0531,0.7157,0.109,0.00628
48476,no_patoshi_evidence,0.00481,1927,297611220,0.06929,0.8974,0.244,0.00118
48483,unresolved,0.0002,272,109664008,0.02553,0.0738,0.029,1e-05
48486,no_patoshi_evidence,2e-05,629,82765127,0.01927,0.9686,0.109,0.0
48489,no_patoshi_evidence,0.0,1049,216090623,0.05031,0.7702,0.109,0.0
48494,no_patoshi_evidence,0.00014,712,375718065,0.08748,0.1576,0.109,2e-05
48495,no_patoshi_evidence,0.00014,1045,295278285,0.06875,0.4121,0.109,2e-05
48502,unresolved,0.05477,135,35057716,0.00816,0.907,0.029,0.00166
48505,no_patoshi_evidence,0.00481,273,113929926,0.02653,0.0591,0.029,0.00014
48506,no_patoshi_evidence,0.00014,216,97644495,0.02273,0.1412,0.029,0.0
48524,no_patoshi_evidence,0.00014,148,52911833,0.01232,0.6791,0.029,0.0
48532,no_patoshi_evidence,0.00014,106,18305482,0.00426,0.8285,0.012,0.0
48535,no_patoshi_evidence,0.0,498,210462608,0.049,0.1028,0.056,0.0
48536,unresolved,0.0002,177,53251617,0.0124,0.6722,0.029,1e-05
48549,no_patoshi_evidence,0.00014,251,57055412,0.01328,0.623,0.029,0.0
48550,no_patoshi_evidence,0.00014,1343,484076391,0.11271,0.6108,0.244,3e-05
48555,no_patoshi_evidence,0.00014,459,130620787,0.03041,0.624,0.056,1e-05
48565,no_patoshi_evidence,0.00014,20,1874145,0.00044,0.7819,0.003,0.0
48568,no_patoshi_evidence,0.00014,1220,636592751,0.14822,0.3161,0.244,3e-05
48580,no_patoshi_evidence,0.00014,426,98910390,0.02303,0.8453,0.056,1e-05
48590,unresolved,0.05477,543,239992339,0.05588,0.0328,18.935,0.52317
48595,unresolved,0.05477,682,243125021,0.05661,0.6468,0.109,0.00628
48601,no_patoshi_evidence,0.00014,668,200832876,0.04676,0.8187,0.109,2e-05
48604,no_patoshi_evidence,0.0,65,5879874,0.00137,0.9887,0.012,0.0
48608,no_patoshi_evidence,0.0,205,68568847,0.01596,0.4542,0.029,0.0
48611,no_patoshi_evidence,0.00014,-41,604989,0.00014,,,0.00014
48614,no_patoshi_evidence,0.00014,468,146225089,0.03405,0.4839,0.056,1e-05
48616,no_patoshi_evidence,0.00014,777,314901451,0.07332,0.3361,0.109,2e-05
48617,no_patoshi_evidence,0.00014,617,260696771,0.0607,0.5636,0.109,2e-05
48621,no_patoshi_evidence,0.0,663,189563015,0.04414,0.8408,0.109,0.0
48622,no_patoshi_evidence,0.00014,756,394930269,0.09195,0.1207,0.109,2e-05
48623,no_patoshi_evidence,0.00014,634,184861909,0.04304,0.8529,0.109,2e-05
48627,no_patoshi_evidence,0.00014,49,8242706,0.00192,0.8165,0.006,0.0
48630,no_patoshi_evidence,0.00014,528,198432765,0.0462,0.1532,0.056,1e-05
48631,no_patoshi_evidence,0.00014,877,153501127,0.03574,0.9124,0.109,2e-05
48634,no_patoshi_evidence,0.00014,312,76302460,0.01777,0.9244,0.056,1e-05
48635,no_patoshi_evidence,0.00014,1138,473463819,0.11024,0.0298,17.929,0.0025
48637,unresolved,0.05477,201,37476373,0.00873,0.8844,0.029,0.00166
48638,added_possible,0.66233,96,20850234,0.00485,0.7572,0.012,0.02258
48639,no_patoshi_evidence,0.00014,215,89011446,0.02072,0.2062,0.029,0.0
48640,no_patoshi_evidence,0.00014,629,170825143,0.03977,0.886,0.109,2e-05
48655,no_patoshi_evidence,0.00014,502,187431792,0.04364,0.2097,0.056,1e-05
48656,no_patoshi_evidence,0.0,1232,368438001,0.08578,0.8272,0.244,0.0
48659,no_patoshi_evidence,0.0,287,76238466,0.01775,0.3529,0.029,0.0
48663,unresolved,0.05477,52,32437033,0.00755,0.0188,19.885,0.53536
48664,added_possible,0.66233,173,7032351,0.00164,0.9961,0.029,0.05314
48670,no_patoshi_evidence,0.00014,40,3260306,0.00076,0.9765,0.006,0.0
48677,unresolved,0.05477,220,86106135,0.02005,0.2318,0.029,0.00166
48678,no_patoshi_evidence,0.00481,211,73188065,0.01704,0.3844,0.029,0.00014
48683,no_patoshi_evidence,0.00014,339,133058276,0.03098,0.5988,0.056,1e-05
48684,no_patoshi_evidence,0.0,1479,705573871,0.16428,0.2317,0.244,0.0
48685,no_patoshi_evidence,0.00481,1270,347352306,0.08087,0.8526,0.244,0.00118
48689,no_patoshi_evidence,0.00014,693,39774463,0.00926,0.9895,0.109,2e-05
48691,unresolved,0.05477,230,54393096,0.01266,0.6599,0.029,0.00166
48693,no_patoshi_evidence,0.00481,82,15770078,0.00367,0.8811,0.012,6e-05
48700,no_patoshi_evidence,0.0,180,33032339,0.00769,0.9183,0.029,0.0
48708,no_patoshi_evidence,0.0,173,56658756,0.01319,0.6289,0.029,0.0
48715,no_patoshi_evidence,0.00014,78,41551520,0.00967,0.1202,0.012,0.0
48719,no_patoshi_evidence,0.0,38,8839517,0.00206,0.8024,0.006,0.0
48721,no_patoshi_evidence,0.0,121,46163276,0.01075,0.7761,0.029,0.0
48731,no_patoshi_evidence,0.0,27,5289328,0.00123,0.4081,0.003,0.0
48736,no_patoshi_evidence,0.00014,1161,367344991,0.08553,0.1747,0.109,2e-05
48744,no_patoshi_evidence,0.00014,833,441352060,0.10276,0.0556,0.109,2e-05
48745,no_patoshi_evidence,0.00014,60,4511506,0.00105,0.9937,0.012,0.0
48747,no_patoshi_evidence,0.00014,327,27476591,0.0064,0.9869,0.056,1e-05
48749,no_patoshi_evidence,0.00014,345,123294612,0.02871,0.6774,0.056,1e-05
48766,no_patoshi_evidence,0.00014,555,196051614,0.04565,0.1704,0.056,1e-05
48769,no_patoshi_evidence,0.00014,81,14329291,0.00334,0.9036,0.012,0.0
48781,no_patoshi_evidence,0.0,377,68296972,0.0159,0.939,0.056,0.0
48783,unresolved,0.05477,1164,339594791,0.07907,0.2435,0.109,0.00628
48784,no_patoshi_evidence,0.00481,738,225233313,0.05244,0.7262,0.109,0.00053
48785,no_patoshi_evidence,0.00481,573,181684094,0.0423,0.2384,0.056,0.00027
48794,no_patoshi_evidence,0.0,723,153561439,0.03575,0.9124,0.109,0.0
48795,no_patoshi_evidence,0.0,541,141640844,0.03298,0.5227,0.056,0.0
48807,no_patoshi_evidence,0.0,1099,14907299,0.00347,0.9972,0.109,0.0
48816,no_patoshi_evidence,0.0,628,220301431,0.05129,0.7504,0.109,0.0
48817,no_patoshi_evidence,0.00014,147,60140533,0.014,0.5812,0.029,0.0
48833,unresolved,0.05477,224,44266786,0.01031,0.8056,0.029,0.00166
48847,no_patoshi_evidence,0.0,707,246998659,0.05751,0.627,0.109,0.0
48850,no_patoshi_evidence,0.00023,388,145026689,0.03377,0.4894,0.056,1e-05
48853,no_patoshi_evidence,0.00023,38,10985131,0.00256,0.6918,0.006,0.0
48857,unresolved,0.08436,29,3468628997,0.8076,0.0,19.942,0.64756
48863,unresolved,0.0002,330,86857510,0.02022,0.8931,0.056,1e-05
48864,added_possible,0.66233,603,215555381,0.05019,0.7719,0.109,0.17616
48865,added_possible,0.66233,46,2164551176,0.50397,0.0,19.885,0.975
48868,no_patoshi_evidence,0.00481,752,146556841,0.03412,0.9218,0.109,0.00053
48873,no_patoshi_evidence,0.00481,386,138503813,0.03225,0.5514,0.056,0.00027
48876,no_patoshi_evidence,0.0,656,141061513,0.03284,0.9251,0.109,0.0
48879,added_possible,0.66233,131,2860155162,0.66593,0.0,19.456,0.97447
48883,unresolved,0.05477,225,3566548504,0.8304,0.0,19.456,0.52994
48891,no_patoshi_evidence,0.00014,456,121385348,0.02826,0.6941,0.056,1e-05
48894,added_possible,0.66233,247,4210696218,0.98038,0.0,19.456,0.97447
48898,no_patoshi_evidence,0.00014,388,134015205,0.0312,0.5892,0.056,1e-05
48902,added_possible,0.66233,312,3061900826,0.7129,0.0,18.935,0.97378
48907,added_possible,0.66233,2145,3805551878,0.88605,0.0,15.373,0.9679
48908,no_patoshi_evidence,0.0,453,159308178,0.03709,0.38,0.056,0.0
48911,no_patoshi_evidence,0.00014,314,95921248,0.02233,0.8574,0.056,1e-05
48915,unresolved,0.0002,713,278428444,0.06483,0.4782,0.109,2e-05
48923,unresolved,0.0002,46,15313192,0.00357,0.3435,0.006,0.0
48924,no_patoshi_evidence,0.00014,429,150429076,0.03502,0.4516,0.056,1e-05
48925,unresolved,0.0002,217,112713243,0.02624,0.063,0.029,1e-05
48926,no_patoshi_evidence,0.0,248,97708876,0.02275,0.1403,0.029,0.0
48927,no_patoshi_evidence,0.00014,478,167748681,0.03906,0.3206,0.056,1e-05
48934,no_patoshi_evidence,0.00014,462,129802912,0.03022,0.6265,0.056,1e-05
48938,no_patoshi_evidence,0.0,672,215982510,0.05029,0.7702,0.109,0.0
48939,unresolved,0.05477,185,64634161,0.01505,0.5148,0.029,0.00166
48944,no_patoshi_evidence,0.0,27,3314339,0.00077,0.5888,0.003,0.0
48947,no_patoshi_evidence,2e-05,828,214685163,0.04999,0.7752,0.109,0.0
48948,no_patoshi_evidence,0.00014,438,108768588,0.02532,0.7853,0.056,1e-05
48954,no_patoshi_evidence,0.00014,378,106959445,0.0249,0.7964,0.056,1e-05
48955,no_patoshi_evidence,0.00014,837,294268758,0.06851,0.4143,0.109,2e-05
48956,no_patoshi_evidence,0.0,89,25370365,0.00591,0.597,0.012,0.0
48958,no_patoshi_evidence,0.00014,171,42530265,0.0099,0.8292,0.029,0.0
48962,no_patoshi_evidence,0.0,513,105077259,0.02447,0.807,0.056,0.0
48963,no_patoshi_evidence,0.0,52,16495538,0.00384,0.2706,0.006,0.0
48965,unresolved,0.0002,147,33348659,0.00776,0.9173,0.029,1e-05
48966,no_patoshi_evidence,0.0,736,179781600,0.04186,0.8639,0.109,0.0
48968,no_patoshi_evidence,0.00014,184,60942019,0.01419,0.5664,0.029,0.0
49001,no_patoshi_evidence,0.00014,48,11623902,0.00271,0.6494,0.006,0.0
49002,unresolved,0.05477,234,80505128,0.01874,0.2987,0.029,0.00166
49003,no_patoshi_evidence,0.00014,77,9824575,0.00229,0.9549,0.012,0.0
49004,no_patoshi_evidence,0.00481,232,77678687,0.01809,0.3307,0.029,0.00014
49017,unresolved,0.0002,405,108802356,0.02533,0.7853,0.056,1e-05
49018,no_patoshi_evidence,0.0,81,25859205,0.00602,0.5707,0.012,0.0
49025,no_patoshi_evidence,0.00014,553,157468226,0.03666,0.3957,0.056,1e-05
49029,no_patoshi_evidence,0.0,972,214660040,0.04998,0.7752,0.109,0.0
49031,no_patoshi_evidence,0.00014,674,198574940,0.04623,0.8231,0.109,2e-05
49041,unresolved,0.05477,905,232708130,0.05418,0.6986,0.109,0.00628
49048,unresolved,0.05477,67,22031920,0.00513,0.7284,0.012,0.00068
49054,no_patoshi_evidence,0.00014,114,6453426,0.0015,0.9825,0.012,0.0
49064,no_patoshi_evidence,2e-05,1289,141103016,0.03285,0.9705,0.244,0.0
49067,no_patoshi_evidence,0.00014,55,14296383,0.00333,0.4165,0.006,0.0
49079,no_patoshi_evidence,0.00014,112,75295394,0.01753,0.0025,19.776,0.00276
49083,no_patoshi_evidence,0.00014,419,128945781,0.03002,0.6305,0.056,1e-05
49087,unresolved,0.0002,1331,19626782,0.00457,0.997,0.244,5e-05
49091,no_patoshi_evidence,0.00014,251,6477779,0.00151,0.9961,0.029,0.0
49092,no_patoshi_evidence,0.00014,11,1704918,0.0004,0.81,0.003,0.0
49096,no_patoshi_evidence,0.0,200,36737703,0.00855,0.8917,0.029,0.0
49101,no_patoshi_evidence,0.00014,2360,619905348,0.14433,0.3394,0.244,3e-05
49102,unresolved,0.05477,92,42356514,0.00986,0.1026,0.012,0.00068
49108,no_patoshi_evidence,0.00014,233,85969472,0.02002,0.2333,0.029,0.0
49109,no_patoshi_evidence,0.00014,2679,204394721,0.04759,0.9482,0.244,3e-05
49110,no_patoshi_evidence,0.00014,75,17590612,0.0041,0.8461,0.012,0.0
49114,no_patoshi_evidence,0.0,744,238767770,0.05559,0.6733,0.109,0.0
49125,no_patoshi_evidence,0.0,539,183771482,0.04279,0.2278,0.056,0.0
49132,unresolved,0.05477,1625,502383663,0.11697,0.5742,0.244,0.01391
49135,no_patoshi_evidence,0.0,401,118615478,0.02762,0.7182,0.056,0.0
49137,no_patoshi_evidence,0.00481,340,82642099,0.01924,0.9037,0.056,0.00027
49140,no_patoshi_evidence,2e-05,152,39490534,0.00919,0.8617,0.029,0.0
49149,unresolved,0.0002,410,181224193,0.04219,0.2409,0.056,1e-05
49150,no_patoshi_evidence,0.00014,174,21523689,0.00501,0.969,0.029,0.0
49154,no_patoshi_evidence,0.00014,316,93385607,0.02174,0.8669,0.056,1e-05
49162,unresolved,0.05477,930,74496539,0.01735,0.9697,0.109,0.00628
49170,no_patoshi_evidence,0.0,526,281123439,0.06545,0.0055,18.935,2e-05
49172,no_patoshi_evidence,0.00014,376,154189428,0.0359,0.4158,0.056,1e-05
49186,no_patoshi_evidence,0.0,18,2815755,0.00066,0.6511,0.003,0.0
49187,no_patoshi_evidence,0.0,563,54815166,0.01276,0.9592,0.056,0.0
49188,no_patoshi_evidence,0.00014,333,101365344,0.0236,0.8311,0.056,1e-05
49197,no_patoshi_evidence,0.00014,261,16697996,0.00389,0.9838,0.029,0.0
49199,no_patoshi_evidence,0.0,725,159274619,0.03708,0.9091,0.109,0.0
49200,unresolved,0.05477,1032,467288114,0.1088,0.0342,17.929,0.50953
49204,no_patoshi_evidence,0.00014,135,53587034,0.01248,0.6698,0.029,0.0
49205,no_patoshi_evidence,2e-05,2004,459427934,0.10697,0.6636,0.244,0.0
49218,no_patoshi_evidence,0.00014,143,38525943,0.00897,0.8711,0.029,0.0
49219,unresolved,0.0002,529,226120215,0.05265,0.06,0.056,1e-05
49229,no_patoshi_evidence,0.0,285,78247927,0.01822,0.3223,0.029,0.0
49230,no_patoshi_evidence,0.00014,367,66774486,0.01555,0.943,0.056,1e-05
49232,no_patoshi_evidence,0.0,399,115212957,0.02683,0.7445,0.056,0.0
49236,no_patoshi_evidence,0.0,1698,741427333,0.17263,0.2083,0.244,0.0
49237,no_patoshi_evidence,0.00014,679,98912762,0.02303,0.9587,0.109,2e-05
49241,no_patoshi_evidence,0.00014,797,311031952,0.07242,0.3548,0.109,2e-05
49242,no_patoshi_evidence,0.0,527,117466528,0.02735,0.7283,0.056,0.0
49248,no_patoshi_evidence,0.0,316,80278162,0.01869,0.9103,0.056,0.0
49253,no_patoshi_evidence,0.00014,-104,3927723,0.00091,,,0.00014
49261,no_patoshi_evidence,0.0,94,21729977,0.00506,0.7347,0.012,0.0
49262,no_patoshi_evidence,0.00014,224,72413286,0.01686,0.3957,0.029,0.0
49266,no_patoshi_evidence,0.0,380,103257713,0.02404,0.817,0.056,0.0
49271,unresolved,0.05477,318,57751320,0.01345,0.9561,0.056,0.00324
49272,no_patoshi_evidence,0.0,100,32624980,0.0076,0.3542,0.012,0.0
49273,no_patoshi_evidence,0.00481,-57,9227396,0.00215,,,0.00481
49275,no_patoshi_evidence,0.00481,22,2817407,0.00066,0.6511,0.003,1e-05
49279,no_patoshi_evidence,0.0,115,31928669,0.00743,0.3742,0.012,0.0
49280,added_possible,0.66233,545,145269049,0.03382,0.4884,0.056,0.09905
49282,unresolved,0.05477,46,9382172,0.00218,0.7835,0.006,0.00035
49283,no_patoshi_evidence,0.00014,1368,403251703,0.09389,0.7683,0.244,3e-05
49289,unresolved,0.05477,167,71475974,0.01664,0.4075,0.029,0.00166
49293,no_patoshi_evidence,0.00014,256,44661930,0.0104,0.8022,0.029,0.0
49295,no_patoshi_evidence,0.00014,678,217533668,0.05065,0.7653,0.109,2e-05
49300,no_patoshi_evidence,0.00014,7,9820233,0.00229,0.1246,0.003,0.0
49301,no_patoshi_evidence,0.00014,283,48204403,0.01122,0.753,0.029,0.0
49307,no_patoshi_evidence,0.00014,1212,469615218,0.10934,0.6463,0.244,3e-05
49308,no_patoshi_evidence,0.00014,502,139009618,0.03237,0.5464,0.056,1e-05
49310,no_patoshi_evidence,0.00014,1065,319325692,0.07435,0.3179,0.109,2e-05
49317,unresolved,0.05477,939,224374829,0.05224,0.7306,0.109,0.00628
49320,no_patoshi_evidence,0.00481,62,11986368,0.00279,0.9337,0.012,6e-05
49328,no_patoshi_evidence,0.00014,294,91106519,0.02121,0.188,0.029,0.0
49335,no_patoshi_evidence,0.00014,138,18271719,0.00425,0.9783,0.029,0.0
49342,no_patoshi_evidence,0.00014,301,119795430,0.02789,0.7087,0.056,1e-05
49359,no_patoshi_evidence,0.00014,919,282121956,0.06569,0.4628,0.109,2e-05
49363,no_patoshi_evidence,0.00014,1193,405254285,0.09436,0.1008,0.109,2e-05
49365,no_patoshi_evidence,0.00014,574,187713731,0.04371,0.2067,0.056,1e-05
49367,no_patoshi_evidence,0.0,492,163788701,0.03814,0.3463,0.056,0.0
49368,no_patoshi_evidence,0.00014,128,9612689,0.00224,0.9941,0.029,0.0
49373,no_patoshi_evidence,0.0,176,35179877,0.00819,0.906,0.029,0.0
49374,no_patoshi_evidence,0.00014,99,45492045,0.01059,0.0676,0.012,0.0
49384,unresolved,0.05477,193,32472064,0.00756,0.9232,0.029,0.00166
49388,added_possible,0.66233,367,92901933,0.02163,0.8695,0.056,0.09905
49397,no_patoshi_evidence,0.00014,98,15038019,0.0035,0.8936,0.012,0.0
49398,no_patoshi_evidence,0.00014,1368,547883908,0.12756,0.4685,0.244,3e-05
49399,no_patoshi_evidence,0.0,990,301346948,0.07016,0.3895,0.109,0.0
49408,no_patoshi_evidence,0.00023,514,151153776,0.03519,0.4491,0.056,1e-05
49411,no_patoshi_evidence,0.0,133,54586592,0.01271,0.6594,0.029,0.0
49413,no_patoshi_evidence,0.00023,941,170986976,0.03981,0.8854,0.109,3e-05
49417,no_patoshi_evidence,0.0,324,101751099,0.02369,0.8291,0.056,0.0
49420,no_patoshi_evidence,0.0,139,43255934,0.01007,0.8194,0.029,0.0
49421,no_patoshi_evidence,0.00014,122,21273030,0.00495,0.9695,0.029,0.0
49425,no_patoshi_evidence,0.00481,441,130923626,0.03048,0.6205,0.056,0.00027
49429,no_patoshi_evidence,0.00014,699,214284399,0.04989,0.7763,0.109,2e-05
49436,no_patoshi_evidence,0.0,1042,130160571,0.03031,0.9328,0.109,0.0
49437,unresolved,0.0002,27,34008348,0.00792,0.0,19.942,0.00397
49438,no_patoshi_evidence,0.0,323,101697980,0.02368,0.8291,0.056,0.0
49439,no_patoshi_evidence,0.00014,767,213830525,0.04979,0.778,0.109,2e-05
49444,no_patoshi_evidence,0.00481,138,73232891,0.01705,0.3844,0.029,0.00014
49445,unresolved,0.05477,224,3218795031,0.74943,0.0,19.456,0.52994
49452,no_patoshi_evidence,0.00481,240,105426866,0.02455,0.092,0.029,0.00014
49458,no_patoshi_evidence,2e-05,322,154737376,0.03603,0.4138,0.056,0.0
49462,no_patoshi_evidence,2e-05,5,1657690,0.00039,0.8131,0.003,0.0
49464,no_patoshi_evidence,0.00014,191,46696956,0.01087,0.7721,0.029,0.0
49467,no_patoshi_evidence,0.00014,56,13876374,0.00323,0.4518,0.006,0.0
49468,unresolved,0.0002,338,70743336,0.01647,0.935,0.056,1e-05
49472,no_patoshi_evidence,0.00014,203,106537931,0.02481,0.0856,0.029,0.0
49473,no_patoshi_evidence,0.00014,51,9670721,0.00225,0.7694,0.006,0.0
49481,no_patoshi_evidence,0.00014,644,114542760,0.02667,0.9493,0.109,2e-05
49489,no_patoshi_evidence,0.00014,653,346937453,0.08078,0.232,0.109,2e-05
49490,no_patoshi_evidence,0.00014,212,77316277,0.018,0.3371,0.029,0.0
49492,no_patoshi_evidence,0.00014,736,276787349,0.06444,0.486,0.109,2e-05
49493,no_patoshi_evidence,0.00014,82,22789949,0.00531,0.7084,0.012,0.0
49501,no_patoshi_evidence,0.00014,344,179615567,0.04182,0.2495,0.056,1e-05
49503,unresolved,0.05477,548,291732514,0.06792,0.0045,18.935,0.52317
49504,added_possible,0.66233,251,2002139674,0.46616,0.0,19.456,0.97447
49505,no_patoshi_evidence,2e-05,371,117336693,0.02732,0.7298,0.056,0.0
49506,no_patoshi_evidence,0.00014,284,73770223,0.01718,0.3799,0.029,0.0
49508,no_patoshi_evidence,0.00481,249,45368715,0.01056,0.7894,0.029,0.00014
49512,added_possible,0.66233,128,1987412482,0.46273,0.0,19.456,0.97447
49513,no_patoshi_evidence,0.00014,514,78416658,0.01826,0.9163,0.056,1e-05
49516,no_patoshi_evidence,0.00014,521,219065540,0.05101,0.0801,0.056,1e-05
49518,unresolved,0.05477,267,2924807169,0.68098,0.0,19.456,0.52994
49523,added_possible,0.66233,339,2829815808,0.65887,0.0,18.935,0.97378
49524,no_patoshi_evidence,0.00014,1332,195977152,0.04563,0.9512,0.244,3e-05
49527,unresolved,0.05477,976,361575468,0.08419,0.1923,0.109,0.00628
49528,unresolved,0.05477,95,399746837,0.09307,0.0,19.776,0.534
49529,added_possible,0.66233,472,174193436,0.04056,0.2802,0.056,0.09905
49534,added_possible,0.66233,238,2622302485,0.61055,0.0,19.456,0.97447
49539,no_patoshi_evidence,0.00014,430,127567746,0.0297,0.6396,0.056,1e-05
49540,no_patoshi_evidence,0.00014,407,150869391,0.03513,0.4511,0.056,1e-05
49541,no_patoshi_evidence,0.00014,1042,212899762,0.04957,0.7802,0.109,2e-05
49544,no_patoshi_evidence,0.0,160,36457061,0.00849,0.8947,0.029,0.0
49546,unresolved,0.05477,292,3628556807,0.84484,0.0,19.456,0.52994
49553,no_patoshi_evidence,0.0,361,75098752,0.01749,0.9259,0.056,0.0
49555,no_patoshi_evidence,0.00014,-10,4476853,0.00104,,,0.00014
49557,no_patoshi_evidence,0.00014,69,30812772,0.00717,0.403,0.012,0.0
49562,no_patoshi_evidence,0.0,309,145592266,0.0339,0.4864,0.056,0.0
49564,no_patoshi_evidence,0.00014,13,2023518,0.00047,0.7632,0.003,0.0
49570,no_patoshi_evidence,2e-05,27,10039366,0.00234,0.1184,0.003,0.0
49573,no_patoshi_evidence,0.0,340,142937726,0.03328,0.5106,0.056,0.0
49578,no_patoshi_evidence,0.00014,329,98748881,0.02299,0.8458,0.056,1e-05
49579,unresolved,0.08436,790,131966770,0.03073,0.9322,0.109,0.00994
49586,no_patoshi_evidence,0.0,757,218765975,0.05094,0.7576,0.109,0.0
49593,no_patoshi_evidence,0.0,514,61873855,0.01441,0.9496,0.056,0.0
49605,no_patoshi_evidence,0.0,1568,496736977,0.11566,0.5894,0.244,0.0
49606,no_patoshi_evidence,0.00023,94,28440442,0.00662,0.4806,0.012,0.0
49608,no_patoshi_evidence,0.0,757,246564192,0.05741,0.6309,0.109,0.0
49609,no_patoshi_evidence,0.00023,140,24061396,0.0056,0.9596,0.029,1e-05
49616,no_patoshi_evidence,0.0,304,97061258,0.0226,0.8523,0.056,0.0
49617,no_patoshi_evidence,0.00023,17,13076902,0.00304,0.0436,19.942,0.00457
49624,no_patoshi_evidence,0.0,2653,349424880,0.08136,0.8496,0.244,0.0
49627,unresolved,0.00032,362,90468637,0.02106,0.8816,0.056,2e-05
49634,unresolved,0.08436,154,34541828,0.00804,0.9114,0.029,0.00263
49635,no_patoshi_evidence,0.0,13,3274221,0.00076,0.5888,0.003,0.0
49638,no_patoshi_evidence,0.0,1397,404984708,0.09429,0.7642,0.244,0.0
49644,no_patoshi_evidence,0.00023,559,195971147,0.04563,0.1709,0.056,1e-05
49658,unresolved,0.00032,58,15914756,0.00371,0.2988,0.006,0.0
49660,no_patoshi_evidence,0.0,310,35882962,0.00835,0.9803,0.056,0.0
49661,no_patoshi_evidence,0.0,207,72976197,0.01699,0.3873,0.029,0.0
49666,no_patoshi_evidence,0.0,635,190063505,0.04425,0.8386,0.109,0.0
49668,no_patoshi_evidence,0.0,82,36181155,0.00842,0.2328,0.012,0.0
49671,no_patoshi_evidence,0.0,377,104570201,0.02435,0.81,0.056,0.0
49672,no_patoshi_evidence,0.0,194,61955725,0.01443,0.5497,0.029,0.0
49676,no_patoshi_evidence,0.0,281,64318698,0.01498,0.5172,0.029,0.0
49677,no_patoshi_evidence,0.00023,10,6281915,0.00146,0.3146,0.003,0.0
49678,no_patoshi_evidence,0.0,582,168895715,0.03932,0.3125,0.056,0.0
49679,no_patoshi_evidence,0.00023,652,282718889,0.06583,0.4606,0.109,3e-05
49683,no_patoshi_evidence,0.0,712,231904728,0.05399,0.7019,0.109,0.0
49684,unresolved,0.08436,250,44703515,0.01041,0.7997,0.029,0.00263
49692,no_patoshi_evidence,0.00023,172,78398412,0.01825,0.3204,0.029,1e-05
49697,no_patoshi_evidence,0.00023,181,59993614,0.01397,0.5827,0.029,1e-05
49698,no_patoshi_evidence,0.0,555,269843949,0.06283,0.0076,18.935,2e-05
49700,no_patoshi_evidence,0.00023,341,27154937,0.00632,0.9869,0.056,1e-05
49712,no_patoshi_evidence,0.0,1785,439609100,0.10235,0.6941,0.244,0.0
49713,no_patoshi_evidence,0.0,72,24357137,0.00567,0.6446,0.012,0.0
49716,no_patoshi_evidence,0.0,834,254613885,0.05928,0.5901,0.109,0.0
49717,no_patoshi_evidence,0.00023,277,39239844,0.00914,0.8637,0.029,1e-05
49720,no_patoshi_evidence,0.00023,1187,532437518,0.12397,0.0099,17.929,0.00411
49721,no_patoshi_evidence,0.0,29,5238747,0.00122,0.4081,0.003,0.0
49723,no_patoshi_evidence,0.0,89,27899821,0.0065,0.4969,0.012,0.0
49725,no_patoshi_evidence,0.0,326,76539489,0.01782,0.9244,0.056,0.0
49728,no_patoshi_evidence,0.00023,1368,483515776,0.11258,0.6108,0.244,6e-05
49729,no_patoshi_evidence,0.0,1450,473306897,0.1102,0.6301,0.244,0.0
49733,no_patoshi_evidence,0.00023,248,87071334,0.02027,0.2239,0.029,1e-05
49740,no_patoshi_evidence,0.00023,368,166568620,0.03878,0.3306,0.056,1e-05
49751,no_patoshi_evidence,0.0,669,235854069,0.05491,0.6848,0.109,0.0
49753,unresolved,0.08436,-8,692779,0.00016,,,0.08436
49757,no_patoshi_evidence,0.00023,349,109825903,0.02557,0.7792,0.056,1e-05
49760,no_patoshi_evidence,0.0,93,35590480,0.00829,0.2566,0.012,0.0
49764,unresolved,0.00032,383,107987743,0.02514,0.7913,0.056,2e-05
49771,no_patoshi_evidence,0.0,501,210019575,0.0489,0.1028,0.056,0.0
49774,no_patoshi_evidence,0.0,280,57346679,0.01335,0.6171,0.029,0.0
49775,no_patoshi_evidence,0.00023,584,203646850,0.04742,0.1295,0.056,1e-05
49776,no_patoshi_evidence,0.0,1000,502883778,0.11709,0.0165,17.929,2e-05
49777,unresolved,0.00032,584,98148388,0.02285,0.8478,0.056,2e-05
49780,unresolved,0.00032,333,114656541,0.0267,0.7455,0.056,2e-05
49782,no_patoshi_evidence,0.00023,1265,336217153,0.07828,0.8638,0.244,6e-05
49785,no_patoshi_evidence,0.0,80,25892596,0.00603,0.5682,0.012,0.0
49788,no_patoshi_evidence,0.00023,90,18482847,0.0043,0.8223,0.012,0.0
49792,no_patoshi_evidence,0.0,532,61159283,0.01424,0.9496,0.056,0.0
49793,no_patoshi_evidence,0.0,604,139153068,0.0324,0.9256,0.109,0.0
49795,unresolved,0.00032,464,33693206,0.00784,0.9819,0.056,2e-05
49799,no_patoshi_evidence,0.0,422,161192308,0.03753,0.3654,0.056,0.0
49801,no_patoshi_evidence,0.0,214,75826669,0.01765,0.3548,0.029,0.0
49811,no_patoshi_evidence,0.00023,75,32513532,0.00757,0.3579,0.012,0.0
49817,no_patoshi_evidence,0.0,79,31148347,0.00725,0.393,0.012,0.0
49819,no_patoshi_evidence,0.00023,1055,11673098,0.00272,0.9972,0.109,3e-05
49822,no_patoshi_evidence,0.00023,194,57308588,0.01334,0.6181,0.029,1e-05
49826,no_patoshi_evidence,0.0,104,18391265,0.00428,0.826,0.012,0.0
49827,no_patoshi_evidence,0.00023,123,3280891,0.00076,0.998,0.029,1e-05
49828,no_patoshi_evidence,0.00023,41,22088427,0.00514,0.0894,0.006,0.0
49830,no_patoshi_evidence,0.0,1042,367812079,0.08564,0.1747,0.109,0.0
49832,unresolved,0.00032,304,121614892,0.02832,0.6915,0.056,2e-05
49835,no_patoshi_evidence,0.0,251,100004461,0.02328,0.1245,0.029,0.0
49845,unresolved,0.00032,208,29303324,0.00682,0.9395,0.029,1e-05
49847,no_patoshi_evidence,0.00023,219,43719758,0.01018,0.814,0.029,1e-05
49848,no_patoshi_evidence,0.00023,24,7627970,0.00178,0.2399,0.003,0.0
49850,no_patoshi_evidence,0.0,164,61141494,0.01424,0.5625,0.029,0.0
49855,no_patoshi_evidence,0.00023,240,75586748,0.0176,0.3593,0.029,1e-05
49862,no_patoshi_evidence,0.00023,204,62903623,0.01465,0.5374,0.029,1e-05
49865,no_patoshi_evidence,0.0,791,250254817,0.05827,0.611,0.109,0.0
49866,no_patoshi_evidence,0.0,23,6456915,0.0015,0.3084,0.003,0.0
49869,no_patoshi_evidence,0.00023,357,147049314,0.03424,0.4773,0.056,1e-05
49871,no_patoshi_evidence,0.00023,49,10124479,0.00236,0.7553,0.006,0.0
49874,no_patoshi_evidence,0.0,63,8859097,0.00206,0.9612,0.012,0.0
49876,no_patoshi_evidence,0.00023,129,48520642,0.0113,0.748,0.029,1e-05
49880,unresolved,0.00032,156,33470241,0.00779,0.9173,0.029,1e-05
49884,no_patoshi_evidence,0.00023,746,217768319,0.0507,0.7647,0.109,3e-05
49886,no_patoshi_evidence,0.0,43,12193009,0.00284,0.6047,0.006,0.0
49887,no_patoshi_evidence,0.0,100,48853229,0.01137,0.0488,19.776,2e-05
49896,no_patoshi_evidence,0.0,716,133303022,0.03104,0.9322,0.109,0.0
49898,no_patoshi_evidence,0.0,529,28025734,0.00653,0.9859,0.056,0.0
49901,no_patoshi_evidence,0.0,186,17203691,0.00401,0.9813,0.029,0.0
49902,no_patoshi_evidence,0.0,591,101218042,0.02357,0.8332,0.056,0.0
49904,no_patoshi_evidence,0.00023,329,103913548,0.02419,0.8125,0.056,1e-05
49905,unresolved,0.00032,400,118815794,0.02766,0.7177,0.056,2e-05
49915,no_patoshi_evidence,0.00023,1,10844081,0.00252,0.0966,0.003,0.0
49918,unresolved,0.00032,218,77110571,0.01795,0.3401,0.029,1e-05
49919,unresolved,0.00032,66,12439571,0.0029,0.9299,0.012,0.0
49921,no_patoshi_evidence,0.00023,423,70595406,0.01644,0.935,0.056,1e-05
49928,no_patoshi_evidence,0.0,409,137275825,0.03196,0.56,0.056,0.0
49931,no_patoshi_evidence,0.00023,169,56711285,0.0132,0.628,0.029,1e-05
49936,no_patoshi_evidence,0.00023,97,26251115,0.00611,0.5544,0.012,0.0
49938,no_patoshi_evidence,0.0,70,18496846,0.00431,0.821,0.012,0.0
49939,no_patoshi_evidence,0.0,332,134073236,0.03122,0.5892,0.056,0.0
49940,no_patoshi_evidence,0.00023,154,54215874,0.01262,0.6629,0.029,1e-05
49942,no_patoshi_evidence,0.0,144,40162536,0.00935,0.8533,0.029,0.0
49943,no_patoshi_evidence,0.00023,1079,378258700,0.08807,0.1499,0.109,3e-05
49945,unresolved,0.08436,129,43904563,0.01022,0.811,0.029,0.00263
49947,no_patoshi_evidence,0.00014,858,273877824,0.06377,0.4997,0.109,2e-05
49951,no_patoshi_evidence,0.0,339,103559952,0.02411,0.814,0.056,0.0
49953,no_patoshi_evidence,0.0,462,113315517,0.02638,0.7576,0.056,0.0
49956,no_patoshi_evidence,2e-05,397,125748710,0.02928,0.6557,0.056,0.0
49960,no_patoshi_evidence,0.0,292,125092215,0.02913,0.0295,19.456,2e-05
49962,no_patoshi_evidence,2e-05,140,25937110,0.00604,0.9537,0.029,0.0
49965,no_patoshi_evidence,0.0,40,16060292,0.00374,0.2918,0.006,0.0
49971,no_patoshi_evidence,2e-05,152,37627263,0.00876,0.8834,0.029,0.0
49977,no_patoshi_evidence,1e-05,284,80181114,0.01867,0.3475,0.033,0.0
49978,no_patoshi_evidence,0.01062,114,31179950,0.00726,0.4766,0.012,0.00013
49986,no_patoshi_evidence,0.0,1411,517897366,0.12058,0.4881,0.245,0.0
49989,unresolved,6e-05,223,55677467,0.01296,0.6638,0.033,0.0
49991,unresolved,0.03902,309,82861596,0.01929,0.8047,0.065,0.00265
49993,no_patoshi_evidence,0.0,557,106102542,0.0247,0.7189,0.065,0.0
49994,no_patoshi_evidence,0.0001,2233,622069319,0.14484,0.3929,0.245,2e-05
49995,unresolved,4e-05,1460,229498658,0.05343,0.8214,0.245,1e-05
49998,unresolved,4e-05,307,103668025,0.02414,0.7337,0.065,0.0
50001,no_patoshi_evidence,0.00063,562,56717043,0.01321,0.8669,0.065,4e-05
50012,no_patoshi_evidence,0.00063,255,90685812,0.02111,0.2599,0.033,2e-05
50023,no_patoshi_evidence,0.0,313,91730888,0.02136,0.7811,0.065,0.0
50030,no_patoshi_evidence,0.00063,273,76295854,0.01776,0.387,0.033,2e-05
50033,no_patoshi_evidence,0.00063,134,52076957,0.01213,0.7147,0.033,2e-05
50038,no_patoshi_evidence,0.00063,338,131840136,0.0307,0.574,0.065,4e-05
50041,no_patoshi_evidence,0.00063,276,41996504,0.00978,0.8475,0.033,2e-05
50047,unresolved,0.20285,692,77282601,0.01799,0.9141,0.122,0.0301
50050,no_patoshi_evidence,0.00063,156,75344225,0.01754,0.3898,0.033,2e-05
50053,no_patoshi_evidence,0.00063,45,10886821,0.00253,0.6667,0.007,0.0
50062,no_patoshi_evidence,0.00063,45,5188250,0.00121,0.9359,0.007,0.0
50067,unresolved,0.20285,1015,288691222,0.06722,0.4023,0.122,0.0301
50070,no_patoshi_evidence,0.063,117,48196075,0.01122,0.0938,0.012,0.00082
50072,unresolved,0.0004,127,58129177,0.01353,0.6243,0.033,1e-05
50074,no_patoshi_evidence,0.00098,180,61192189,0.01425,0.5734,0.033,3e-05
50077,no_patoshi_evidence,0.00098,602,211232767,0.04918,0.7188,0.122,0.00012
50081,unresolved,0.20285,598,144822051,0.03372,0.497,0.065,0.01637
50082,no_patoshi_evidence,0.0,175,52443247,0.01221,0.7062,0.033,0.0
50088,no_patoshi_evidence,0.0,476,119646865,0.02786,0.6479,0.065,0.0
50099,no_patoshi_evidence,0.063,8,2857870,0.00067,0.7,0.003,0.00023
50100,no_patoshi_evidence,0.063,338,98821817,0.02301,0.7515,0.065,0.00438
50101,no_patoshi_evidence,0.00098,149,40226465,0.00937,0.8616,0.033,3e-05
50102,no_patoshi_evidence,0.0,1487,249935697,0.05819,0.7738,0.245,0.0
50104,no_patoshi_evidence,0.0,97,29573825,0.00689,0.5234,0.012,0.0
50115,no_patoshi_evidence,0.00098,181,65994479,0.01537,0.4859,0.033,3e-05
50117,unresolved,0.20285,418,141518342,0.03295,0.5207,0.065,0.01637
50119,no_patoshi_evidence,0.00063,14,3378751,0.00079,0.6143,0.003,0.0
50120,no_patoshi_evidence,0.0,100,16698717,0.00389,0.8047,0.012,0.0
50126,no_patoshi_evidence,0.0,-11,6719737,0.00156,,,0.0
50127,no_patoshi_evidence,0.00063,96,16002709,0.00373,0.8516,0.012,1e-05
50128,no_patoshi_evidence,0.0,57,14199749,0.00331,0.4615,0.007,0.0
50130,no_patoshi_evidence,0.0,882,270966734,0.06309,0.4805,0.122,0.0
50132,unresolved,0.00026,754,124614687,0.02901,0.8633,0.122,3e-05
50133,no_patoshi_evidence,0.00063,179,50368441,0.01173,0.7486,0.033,2e-05
50137,no_patoshi_evidence,0.00063,965,390190718,0.09085,0.1875,0.122,8e-05
50140,no_patoshi_evidence,0.0,606,7101258,0.00165,0.9844,0.122,0.0
50142,no_patoshi_evidence,0.0,557,193327810,0.04501,0.2663,0.065,0.0
50143,no_patoshi_evidence,0.00063,228,49128403,0.01144,0.7627,0.033,2e-05
50145,no_patoshi_evidence,0.0,266,98559685,0.02295,0.1864,0.033,0.0
50146,no_patoshi_evidence,0.0,181,35560521,0.00828,0.904,0.033,0.0
50151,no_patoshi_evidence,0.0,264,105697369,0.02461,0.1412,0.033,0.0
50152,unresolved,0.00026,308,123944239,0.02886,0.6331,0.065,2e-05
50153,no_patoshi_evidence,0.0,198,55579522,0.01294,0.6638,0.033,0.0
50154,no_patoshi_evidence,0.0,572,131006457,0.0305,0.574,0.065,0.0
50157,no_patoshi_evidence,0.0,7,4182755,0.00097,0.5429,0.003,0.0
50160,no_patoshi_evidence,0.0,326,54076613,0.01259,0.8728,0.065,0.0
50161,no_patoshi_evidence,0.0,402,9441806,0.0022,0.9852,0.065,0.0
50163,no_patoshi_evidence,0.00063,164,36518102,0.0085,0.8955,0.033,2e-05
50172,no_patoshi_evidence,0.00063,1321,433868725,0.10102,0.6071,0.245,0.00015
50173,no_patoshi_evidence,0.0,240,81811012,0.01905,0.3249,0.033,0.0
50174,no_patoshi_evidence,0.0,214,63658143,0.01482,0.5367,0.033,0.0
50179,no_patoshi_evidence,0.0,69,20852139,0.00486,0.7031,0.012,0.0
50187,no_patoshi_evidence,0.0,49,12008124,0.0028,0.6154,0.007,0.0
50188,no_patoshi_evidence,0.00063,232,36975277,0.00861,0.8955,0.033,2e-05
50189,no_patoshi_evidence,0.0,35,16018606,0.00373,0.3462,0.007,0.0
50190,no_patoshi_evidence,0.0,394,47231226,0.011,0.8935,0.065,0.0
50197,no_patoshi_evidence,0.0,846,307436228,0.07158,0.3633,0.122,0.0
50201,unresolved,0.00026,304,74359847,0.01731,0.8225,0.065,2e-05
50202,no_patoshi_evidence,0.0,68,23579857,0.00549,0.6094,0.012,0.0
50203,no_patoshi_evidence,0.0,587,248122792,0.05777,0.0976,0.065,0.0
50204,no_patoshi_evidence,0.00063,19,5834506,0.00136,0.4,0.003,0.0
50207,no_patoshi_evidence,0.0,1389,588373755,0.13699,0.4405,0.245,0.0
50210,no_patoshi_evidence,0.0,23,1617890,0.00038,0.7571,0.003,0.0
50211,unresolved,0.00026,255,85968181,0.02002,0.2938,0.033,1e-05
50218,unresolved,0.00026,62,1726977,0.0004,1.0,0.012,0.0
50220,unresolved,0.20285,1119,327059249,0.07615,0.3398,0.122,0.0301
50221,no_patoshi_evidence,0.0,171,59077610,0.01376,0.6045,0.033,0.0
50222,no_patoshi_evidence,0.0,25,9907526,0.00231,0.1429,0.003,0.0
50234,no_patoshi_evidence,0.0,1202,484916909,0.1129,0.5476,0.245,0.0
50236,no_patoshi_evidence,0.00063,562,157951201,0.03678,0.4053,0.065,4e-05
50241,no_patoshi_evidence,0.0,443,153335911,0.0357,0.4438,0.065,0.0
50245,no_patoshi_evidence,0.0,56,19262314,0.00448,0.1667,0.007,0.0
50249,no_patoshi_evidence,0.0,286,86925515,0.02024,0.2938,0.033,0.0
50253,no_patoshi_evidence,0.0,332,36605041,0.00852,0.9201,0.065,0.0
50260,no_patoshi_evidence,0.0,281,89002483,0.02072,0.2655,0.033,0.0
50264,unresolved,0.20285,104,35491888,0.00826,0.3359,0.012,0.00308
50266,no_patoshi_evidence,0.0,27,16738315,0.0039,0.0429,19.936,2e-05
50269,no_patoshi_evidence,0.00063,99,26415237,0.00615,0.5781,0.012,1e-05
50271,unresolved,0.00026,749,105242154,0.0245,0.8906,0.122,3e-05
50273,no_patoshi_evidence,0.00063,169,73433678,0.0171,0.4124,0.033,2e-05
50276,no_patoshi_evidence,0.0,249,114769579,0.02672,0.096,0.033,0.0
50277,no_patoshi_evidence,0.0,244,71320024,0.01661,0.4379,0.033,0.0
50282,no_patoshi_evidence,0.00063,203,26447686,0.00616,0.9294,0.033,2e-05
50283,no_patoshi_evidence,0.0,312,107479014,0.02502,0.7041,0.065,0.0
50285,no_patoshi_evidence,0.0,27,2862299,0.00067,0.7,0.003,0.0
50286,unresolved,0.00026,41,13811000,0.00322,0.4872,0.007,0.0
50292,no_patoshi_evidence,0.00063,111,36234114,0.00844,0.3359,0.012,1e-05
50297,no_patoshi_evidence,0.00063,442,38289058,0.00891,0.9172,0.065,4e-05
50300,no_patoshi_evidence,0.0,50,16838140,0.00392,0.3205,0.007,0.0
50301,no_patoshi_evidence,0.00063,1413,257559207,0.05997,0.7738,0.245,0.00015
50307,no_patoshi_evidence,0.0,1916,813648514,0.18944,0.1548,0.245,0.0
50312,no_patoshi_evidence,0.0,574,111256530,0.0259,0.6923,0.065,0.0
50325,unresolved,0.00026,350,120610855,0.02808,0.645,0.065,2e-05
50329,no_patoshi_evidence,0.00063,54,23844213,0.00555,0.1026,0.007,0.0
50330,unresolved,0.00026,155,48557831,0.01131,0.7655,0.033,1e-05
50331,no_patoshi_evidence,0.0,378,71344276,0.01661,0.8314,0.065,0.0
50332,unresolved,0.00026,3394,235988486,0.05495,0.7976,0.245,6e-05
50334,no_patoshi_evidence,0.00063,145,34719944,0.00808,0.904,0.033,2e-05
50344,no_patoshi_evidence,0.00063,94,34384091,0.00801,0.3828,0.012,1e-05
50356,no_patoshi_evidence,0.00063,55,24156155,0.00562,0.1026,0.007,0.0
50358,no_patoshi_evidence,0.0,248,74640774,0.01738,0.404,0.033,0.0
50360,no_patoshi_evidence,0.0,153,82626171,0.01924,0.3164,0.033,0.0
50362,no_patoshi_evidence,0.00063,90,43317141,0.01009,0.1406,0.012,1e-05
50366,no_patoshi_evidence,0.0,434,47206417,0.01099,0.8935,0.065,0.0
50368,no_patoshi_evidence,0.00063,429,22760850,0.0053,0.9527,0.065,4e-05
50370,no_patoshi_evidence,0.00063,525,227538554,0.05298,0.142,0.065,4e-05
50378,no_patoshi_evidence,0.0,141,85280123,0.01986,0.2938,0.033,0.0
50379,no_patoshi_evidence,0.00063,194,85183309,0.01983,0.2938,0.033,2e-05
50380,no_patoshi_evidence,0.00063,492,10087924,0.00235,0.9852,0.065,4e-05
50385,no_patoshi_evidence,0.00063,21,6607983,0.00154,0.3571,0.003,0.0
50391,unresolved,0.00026,875,261357857,0.06085,0.4922,0.122,3e-05
50393,unresolved,0.00026,-3,10425891,0.00243,,,0.00026
50394,no_patoshi_evidence,0.00063,572,154927931,0.03607,0.429,0.065,4e-05
50397,no_patoshi_evidence,0.00063,379,140581368,0.03273,0.5266,0.065,4e-05
50399,no_patoshi_evidence,0.0,139,41715836,0.00971,0.8503,0.033,0.0
50402,no_patoshi_evidence,0.00063,794,226560733,0.05275,0.6484,0.122,8e-05
50403,no_patoshi_evidence,0.0,291,83564375,0.01946,0.3107,0.033,0.0
50408,no_patoshi_evidence,0.0,47,23917761,0.00557,0.1026,0.007,0.0
50410,unresolved,0.20285,1377,238602521,0.05555,0.7857,0.245,0.05867
50414,no_patoshi_evidence,0.0,19,10024818,0.00233,0.1429,0.003,0.0
50417,no_patoshi_evidence,0.0,34,9609708,0.00224,0.7564,0.007,0.0
50421,no_patoshi_evidence,0.00063,569,120907122,0.02815,0.645,0.065,4e-05
50426,unresolved,0.00026,273,106681647,0.02484,0.1384,0.033,1e-05
50436,no_patoshi_evidence,0.00063,411,144371433,0.03361,0.503,0.065,4e-05
50437,no_patoshi_evidence,0.00063,539,150378828,0.03501,0.4497,0.065,4e-05
50440,no_patoshi_evidence,0.00063,867,53823605,0.01253,0.9258,0.122,8e-05
50444,no_patoshi_evidence,0.0,567,223600912,0.05206,0.1509,0.065,0.0
50446,no_patoshi_evidence,0.0,353,157807203,0.03674,0.4053,0.065,0.0
50449,no_patoshi_evidence,0.00063,4,6891775,0.0016,0.3571,0.003,0.0
50451,unresolved,0.00026,1170,178565161,0.04158,0.7852,0.122,3e-05
50452,no_patoshi_evidence,0.0,257,81857375,0.01906,0.3249,0.033,0.0
50453,no_patoshi_evidence,0.00063,90,15175098,0.00353,0.8828,0.012,1e-05
50454,unresolved,0.00026,246,19771169,0.0046,0.9633,0.033,1e-05
50455,no_patoshi_evidence,0.0,608,235704532,0.05488,0.6133,0.122,0.0
50460,unresolved,0.20285,137,46755355,0.01089,0.7853,0.033,0.00828
50462,no_patoshi_evidence,0.0,446,33407503,0.00778,0.926,0.065,0.0
50463,no_patoshi_evidence,0.0,1243,314347688,0.07319,0.7381,0.245,0.0
50471,no_patoshi_evidence,0.0,2006,225987166,0.05262,0.8214,0.245,0.0
50472,no_patoshi_evidence,0.00063,314,64355912,0.01498,0.8609,0.065,4e-05
50473,no_patoshi_evidence,0.0,1025,107070425,0.02493,0.8906,0.122,0.0
50475,unresolved,0.00026,689,278422323,0.06483,0.4492,0.122,3e-05
50477,no_patoshi_evidence,0.0,284,28562370,0.00665,0.9266,0.033,0.0
50479,no_patoshi_evidence,0.0,47,14682124,0.00342,0.3974,0.007,0.0
50480,no_patoshi_evidence,0.0,34,6298564,0.00147,0.8846,0.007,0.0
50481,unresolved,0.20285,143,52001794,0.01211,0.7147,0.033,0.00828
50482,no_patoshi_evidence,0.0,892,266288877,0.062,0.4844,0.122,0.0
50484,no_patoshi_evidence,0.0,1032,86237072,0.02008,0.9141,0.122,0.0
50485,no_patoshi_evidence,0.0,2571,85884255,0.02,0.881,0.245,0.0
50487,unresolved,0.0004,34,12192788,0.00284,0.6154,0.007,0.0
50488,no_patoshi_evidence,0.00098,882,134632404,0.03135,0.8516,0.122,0.00012
50489,no_patoshi_evidence,0.00098,915,256233131,0.05966,0.5312,0.122,0.00012
50490,no_patoshi_evidence,0.0,53,10283116,0.00239,0.7051,0.007,0.0
50494,no_patoshi_evidence,7e-05,309,70405883,0.01639,0.8314,0.065,0.0
50497,unresolved,0.0004,448,37877024,0.00882,0.9172,0.065,3e-05
50498,no_patoshi_evidence,0.0,71,14352226,0.00334,0.8984,0.012,0.0
50499,no_patoshi_evidence,0.00098,1003,380902810,0.08869,0.207,0.122,0.00012
50505,no_patoshi_evidence,0.00098,194,90985234,0.02118,0.2542,0.033,3e-05
50506,no_patoshi_evidence,0.063,286,98021224,0.02282,0.1893,0.033,0.0022
50507,unresolved,0.28484,122,41944870,0.00977,0.8475,0.033,0.01289
50508,no_patoshi_evidence,0.0,3160,559683017,0.13031,0.4643,0.245,0.0
50509,no_patoshi_evidence,0.0,1708,154478927,0.03597,0.881,0.245,0.0
50515,unresolved,0.20285,84,7441688,0.00173,0.9766,0.012,0.00308
50518,unresolved,0.20285,1029,64361505,0.01499,0.9219,0.122,0.0301
50521,no_patoshi_evidence,0.0,161,26170385,0.00609,0.9322,0.033,0.0
50522,no_patoshi_evidence,0.00063,187,63672770,0.01482,0.5367,0.033,2e-05
50524,no_patoshi_evidence,0.0,262,50531225,0.01177,0.7486,0.033,0.0
50530,unresolved,0.00026,178,23641623,0.0055,0.9492,0.033,1e-05
50535,unresolved,0.00026,709,182693946,0.04254,0.7852,0.122,3e-05
50538,no_patoshi_evidence,0.00063,897,355727859,0.08282,0.2617,0.122,8e-05
50540,no_patoshi_evidence,0.0,589,46637322,0.01086,0.8964,0.065,0.0
50542,no_patoshi_evidence,0.00063,6,5306352,0.00124,0.4571,0.003,0.0
50543,no_patoshi_evidence,0.00063,1761,661764254,0.15408,0.3452,0.245,0.00015
50545,unresolved,0.20285,87,33321010,0.00776,0.4062,0.012,0.00308
50546,no_patoshi_evidence,0.00063,1154,227960417,0.05308,0.6484,0.122,8e-05
50553,no_patoshi_evidence,0.0,907,203972155,0.04749,0.7305,0.122,0.0
50559,no_patoshi_evidence,0.0,151,53928311,0.01256,0.6893,0.033,0.0
50563,no_patoshi_evidence,0.00063,494,91222146,0.02124,0.7811,0.065,4e-05
50566,no_patoshi_evidence,0.0,204,55720544,0.01297,0.6638,0.033,0.0
50571,no_patoshi_evidence,0.0,646,225078492,0.05241,0.6562,0.122,0.0
50572,no_patoshi_evidence,0.0,254,66882513,0.01557,0.4746,0.033,0.0
50573,no_patoshi_evidence,0.00063,454,174402698,0.04061,0.3462,0.065,4e-05
50574,no_patoshi_evidence,0.0,31,4083364,0.00095,0.9615,0.007,0.0
50578,no_patoshi_evidence,0.00063,1879,581633518,0.13542,0.4405,0.245,0.00015
50580,no_patoshi_evidence,0.0,181,55474808,0.01292,0.6638,0.033,0.0
50581,no_patoshi_evidence,0.00063,539,143703551,0.03346,0.5089,0.065,4e-05
50587,no_patoshi_evidence,0.0,873,223155671,0.05196,0.668,0.122,0.0
50596,no_patoshi_evidence,0.00063,1008,276746223,0.06444,0.457,0.122,8e-05
50597,no_patoshi_evidence,0.0,427,172489880,0.04016,0.3521,0.065,0.0
50598,no_patoshi_evidence,0.00063,1032,319576945,0.07441,0.3516,0.122,8e-05
50600,no_patoshi_evidence,0.00063,636,235761255,0.05489,0.6133,0.122,8e-05
50606,no_patoshi_evidence,0.0,20,6586610,0.00153,0.3571,0.003,0.0
50610,no_patoshi_evidence,0.00063,1229,365609608,0.08513,0.6667,0.245,0.00015
50613,no_patoshi_evidence,0.0,564,229894846,0.05353,0.1361,0.065,0.0
50618,no_patoshi_evidence,0.00063,127,3484039,0.00081,0.9915,0.033,2e-05
50619,unresolved,0.00026,196,65885742,0.01534,0.4887,0.033,1e-05
50623,no_patoshi_evidence,0.0,483,39311979,0.00915,0.9172,0.065,0.0
50627,no_patoshi_evidence,0.00063,-9,2336869,0.00054,,,0.00063
50632,no_patoshi_evidence,0.00063,161,33174154,0.00772,0.9096,0.033,2e-05
50635,no_patoshi_evidence,0.00063,266,21111645,0.00492,0.9548,0.033,2e-05
50636,no_patoshi_evidence,0.00063,129,45419597,0.01058,0.8107,0.033,2e-05
50638,no_patoshi_evidence,0.0,1074,92234817,0.02148,0.9062,0.122,0.0
50645,no_patoshi_evidence,0.00063,550,124751786,0.02905,0.6213,0.065,4e-05
50652,no_patoshi_evidence,0.0,137,13332385,0.0031,0.9774,0.033,0.0
50655,no_patoshi_evidence,0.00063,202,71987289,0.01676,0.4294,0.033,2e-05
50658,no_patoshi_evidence,0.0,583,235035296,0.05472,0.1243,0.065,0.0
50661,no_patoshi_evidence,0.0,561,215138554,0.05009,0.1805,0.065,0.0
50663,no_patoshi_evidence,0.00063,534,207170111,0.04824,0.2041,0.065,4e-05
50674,no_patoshi_evidence,0.00063,450,18919488,0.00441,0.9615,0.065,4e-05
50675,unresolved,0.00026,573,120527915,0.02806,0.645,0.065,2e-05
50680,no_patoshi_evidence,0.00063,725,73231514,0.01705,0.918,0.122,8e-05
50681,unresolved,0.00026,237,43484469,0.01012,0.8305,0.033,1e-05
50683,no_patoshi_evidence,0.00063,16,3634266,0.00085,0.5857,0.003,0.0
50684,no_patoshi_evidence,0.0,328,114991767,0.02677,0.6686,0.065,0.0
50685,no_patoshi_evidence,0.00063,979,356261312,0.08295,0.2617,0.122,8e-05
50687,no_patoshi_evidence,0.0,1146,432581218,0.10072,0.1055,0.122,0.0
50688,no_patoshi_evidence,0.0,371,134453217,0.0313,0.5444,0.065,0.0
50691,no_patoshi_evidence,0.00063,1256,249082750,0.05799,0.7738,0.245,0.00015
50694,no_patoshi_evidence,0.0,275,69888939,0.01627,0.4463,0.033,0.0
50698,no_patoshi_evidence,0.0,12,6270538,0.00146,0.3714,0.003,0.0
50700,unresolved,0.20285,592,140145427,0.03263,0.5296,0.065,0.01637
50703,unresolved,0.20285,401,70435375,0.0164,0.8314,0.065,0.01637
50706,no_patoshi_evidence,0.00063,1148,31279784,0.00728,0.957,0.122,8e-05
50708,unresolved,0.00026,890,115594260,0.02691,0.8789,0.122,3e-05
50713,no_patoshi_evidence,0.00063,1001,42225057,0.00983,0.9453,0.122,8e-05
50714,no_patoshi_evidence,0.00063,409,61324970,0.01428,0.8669,0.065,4e-05
50716,no_patoshi_evidence,0.0,338,84176021,0.0196,0.7959,0.065,0.0
50719,no_patoshi_evidence,0.0,84,31205812,0.00727,0.4766,0.012,0.0
50720,no_patoshi_evidence,0.00063,462,166868297,0.03885,0.3846,0.065,4e-05
50723,no_patoshi_evidence,0.00063,579,202970316,0.04726,0.2189,0.065,4e-05
50724,no_patoshi_evidence,0.00063,2151,886600680,0.20643,0.0833,0.245,0.00015
50726,no_patoshi_evidence,0.00063,107,28671951,0.00668,0.5312,0.012,1e-05
50730,no_patoshi_evidence,0.0,641,172482167,0.04016,0.793,0.122,0.0
50731,no_patoshi_evidence,0.0,338,60903753,0.01418,0.8669,0.065,0.0
50734,unresolved,0.20285,37,12689189,0.00295,0.5513,0.007,0.00178
50736,no_patoshi_evidence,0.0,1270,423790266,0.09867,0.619,0.245,0.0
50737,no_patoshi_evidence,0.00098,764,325230246,0.07572,0.3398,0.122,0.00012
50740,no_patoshi_evidence,0.00098,24,10821501,0.00252,0.1286,0.003,0.0
50741,no_patoshi_evidence,0.00098,69,20013981,0.00466,0.7188,0.012,1e-05
50744,unresolved,0.0004,143,42848042,0.00998,0.839,0.033,1e-05
50745,no_patoshi_evidence,0.063,459,135155271,0.03147,0.5414,0.065,0.00438
50747,no_patoshi_evidence,0.00098,200,37840528,0.00881,0.8927,0.033,3e-05
50750,no_patoshi_evidence,0.00098,405,61437075,0.0143,0.8639,0.065,6e-05
50752,no_patoshi_evidence,0.00098,1131,209060175,0.04868,0.7188,0.122,0.00012
50755,no_patoshi_evidence,0.063,411,162949900,0.03794,0.3905,0.065,0.00438
50756,no_patoshi_evidence,0.0,388,117749867,0.02742,0.6598,0.065,0.0
50757,no_patoshi_evidence,0.063,664,281854687,0.06562,0.4297,0.122,0.00813
50759,no_patoshi_evidence,0.0,784,237572536,0.05531,0.6055,0.122,0.0
50762,added_probable,0.96465,151,59310890,0.01381,0.5989,0.033,0.47225
50763,no_patoshi_evidence,0.0,80,16417401,0.00382,0.8125,0.012,0.0
50764,no_patoshi_evidence,0.063,542,227945790,0.05307,0.142,0.065,0.00438
50765,unresolved,0.0004,153,24736296,0.00576,0.9435,0.033,1e-05
50767,no_patoshi_evidence,0.0,414,115511898,0.02689,0.6686,0.065,0.0
50768,no_patoshi_evidence,7e-05,205,39294080,0.00915,0.8729,0.033,0.0
50771,added_probable,0.96465,13,2577943,0.0006,0.7,0.003,0.08461
50772,unresolved,0.28484,621,110814004,0.0258,0.8867,0.122,0.04632
50773,no_patoshi_evidence,0.063,65,27657956,0.00644,0.5625,0.012,0.00082
50774,unresolved,0.28484,991,237460995,0.05529,0.6055,0.122,0.04632
50775,no_patoshi_evidence,0.00098,48,22485101,0.00524,0.1154,0.007,1e-05
50776,no_patoshi_evidence,0.063,906,24814916,0.00578,0.9609,0.122,0.00813
50777,unresolved,0.0004,323,61882670,0.01441,0.8639,0.065,3e-05
50780,no_patoshi_evidence,0.00098,475,84564818,0.01969,0.7959,0.065,6e-05
50784,no_patoshi_evidence,0.00098,949,190467321,0.04435,0.7695,0.122,0.00012
50786,no_patoshi_evidence,0.00098,360,109302343,0.02545,0.6953,0.065,6e-05
50790,no_patoshi_evidence,0.00098,84,13475411,0.00314,0.8984,0.012,1e-05
50793,no_patoshi_evidence,0.0,149,38292884,0.00892,0.8842,0.033,0.0
50794,no_patoshi_evidence,0.00098,1229,145403778,0.03385,0.881,0.245,0.00024
50795,no_patoshi_evidence,0.0,361,120582204,0.02808,0.645,0.065,0.0
50796,no_patoshi_evidence,0.0,14,933650,0.00022,0.8857,0.003,0.0
50797,unresolved,0.20285,576,139952687,0.03259,0.5355,0.065,0.01637
50800,no_patoshi_evidence,0.0,432,169796032,0.03953,0.3639,0.065,0.0
50802,no_patoshi_evidence,0.00063,435,37981405,0.00884,0.9172,0.065,4e-05
50813,no_patoshi_evidence,0.0,426,99403466,0.02314,0.7515,0.065,0.0
50814,no_patoshi_evidence,0.0,7,4076962,0.00095,0.5571,0.003,0.0
50815,no_patoshi_evidence,0.00063,37,10775157,0.00251,0.6795,0.007,0.0
50822,unresolved,0.00026,206,101575719,0.02365,0.1751,0.033,1e-05
50825,no_patoshi_evidence,0.0,385,31095752,0.00724,0.932,0.065,0.0
50829,no_patoshi_evidence,0.0,158,53181569,0.01238,0.6921,0.033,0.0
50830,no_patoshi_evidence,0.0,271,25987450,0.00605,0.9322,0.033,0.0
50831,no_patoshi_evidence,0.00063,182,19308702,0.0045,0.9661,0.033,2e-05
50833,no_patoshi_evidence,0.00063,750,140839422,0.03279,0.8359,0.122,8e-05
50834,unresolved,0.00026,600,180342324,0.04199,0.7852,0.122,3e-05
50835,unresolved,0.20285,167,41285407,0.00961,0.8531,0.033,0.00828
50837,no_patoshi_evidence,0.0,585,150865512,0.03513,0.4497,0.065,0.0
50841,no_patoshi_evidence,7e-05,477,145492079,0.03388,0.4941,0.065,0.0
50842,no_patoshi_evidence,0.00098,63,32953458,0.00767,0.4297,0.012,1e-05
50847,no_patoshi_evidence,0.00098,896,74008400,0.01723,0.918,0.122,0.00012
50849,no_patoshi_evidence,0.00098,211,85036118,0.0198,0.2938,0.033,3e-05
50852,unresolved,0.20285,59,17493291,0.00407,0.2564,0.007,0.00178
50853,unresolved,0.0004,230,54529544,0.0127,0.6836,0.033,1e-05
50854,no_patoshi_evidence,0.00098,643,231189835,0.05383,0.6328,0.122,0.00012
50855,no_patoshi_evidence,0.00098,264,74864105,0.01743,0.4011,0.033,3e-05
50860,no_patoshi_evidence,0.0,339,112558190,0.02621,0.6864,0.065,0.0
50862,no_patoshi_evidence,0.0,726,209263682,0.04872,0.7188,0.122,0.0
50863,no_patoshi_evidence,0.00098,699,250272692,0.05827,0.5508,0.122,0.00012
50868,no_patoshi_evidence,0.0,886,215629733,0.05021,0.707,0.122,0.0
50871,no_patoshi_evidence,0.00098,1048,515602844,0.12005,0.0312,17.683,0.01705
50872,no_patoshi_evidence,0.0,725,251496606,0.05856,0.5469,0.122,0.0
50878,unresolved,0.28484,255,3898375944,0.90766,0.0,19.377,0.88529
50882,added_robust,0.96465,49,449751558,0.10472,0.0,19.867,0.99816
50883,added_probable,0.96465,1043,178486784,0.04156,0.7852,0.122,0.76894
50886,no_patoshi_evidence,0.0,776,54282835,0.01264,0.9258,0.122,0.0
50889,no_patoshi_evidence,0.0,1136,112853068,0.02628,0.8789,0.122,0.0
50892,unresolved,0.28484,385,154183199,0.0359,0.432,0.065,0.02538
50893,no_patoshi_evidence,7e-05,272,51646282,0.01202,0.7175,0.033,0.0
50896,unresolved,0.0004,154,51209255,0.01192,0.726,0.033,1e-05
50899,no_patoshi_evidence,0.0,405,52799896,0.01229,0.8757,0.065,0.0
50905,no_patoshi_evidence,0.0,415,130378719,0.03036,0.5799,0.065,0.0
50906,added_probable,0.96465,189,623256860,0.14511,0.0,19.377,0.99811
50908,added_probable,0.96465,289,102864148,0.02395,0.1638,0.033,0.47225
50910,no_patoshi_evidence,0.0,37,6436819,0.0015,0.8846,0.007,0.0
50911,no_patoshi_evidence,0.00098,1600,554496354,0.1291,0.4643,0.245,0.00024
50914,added_probable,0.96465,570,1310956292,0.30523,0.0,18.758,0.99805
50915,no_patoshi_evidence,0.0,717,190690537,0.0444,0.7695,0.122,0.0
50917,no_patoshi_evidence,0.0,16,4430011,0.00103,0.5429,0.003,0.0
50923,added_probable,0.96465,432,3613629717,0.84136,0.0,18.758,0.99805
50924,no_patoshi_evidence,0.00098,170,61725256,0.01437,0.5678,0.033,3e-05
50927,unresolved,0.02687,828,263895811,0.06144,0.4922,0.122,0.00336
50928,unresolved,0.0004,219,65759491,0.01531,0.4915,0.033,1e-05
50929,no_patoshi_evidence,0.00098,288,96494415,0.02247,0.1977,0.033,3e-05
50930,no_patoshi_evidence,0.00098,1502,58703214,0.01367,0.9524,0.245,0.00024
50932,no_patoshi_evidence,0.0,358,115347420,0.02686,0.6686,0.065,0.0
50934,no_patoshi_evidence,0.0,168,38452677,0.00895,0.8842,0.033,0.0
50935,added_probable,0.96465,76,1491649799,0.3473,0.0,19.769,0.99815
50937,no_patoshi_evidence,0.00098,115,36364628,0.00847,0.3359,0.012,1e-05
50941,unresolved,0.28484,225,122629412,0.02855,0.0706,0.033,0.01289
50942,no_patoshi_evidence,0.063,525,265917947,0.06191,0.0592,0.065,0.00438
50945,no_patoshi_evidence,0.063,351,154846530,0.03605,0.429,0.065,0.00438
50946,unresolved,0.02687,391,116304411,0.02708,0.6657,0.065,0.0018
50950,added_probable,0.96465,371,614654739,0.14311,0.0,18.758,0.99805
50953,no_patoshi_evidence,0.0,24,15320909,0.00357,0.0429,19.936,2e-05
50958,added_probable,0.96465,1167,162336280,0.0378,0.8164,0.122,0.76894
50968,no_patoshi_evidence,0.0,66,21716442,0.00506,0.6953,0.012,0.0
50970,added_probable,0.96465,539,2950157827,0.68689,0.0,18.758,0.99805
50972,no_patoshi_evidence,0.00098,279,82713599,0.01926,0.3164,0.033,3e-05
50975,no_patoshi_evidence,0.0,1000,263019165,0.06124,0.4922,0.122,0.0
50977,added_probable,0.96465,1926,1719423489,0.40033,0.0,15.347,0.99762
50982,no_patoshi_evidence,0.00098,20,5696191,0.00133,0.4,0.003,0.0
50983,no_patoshi_evidence,0.0,167,57176778,0.01331,0.6384,0.033,0.0
50984,no_patoshi_evidence,0.0,266,24003804,0.00559,0.9492,0.033,0.0
50986,no_patoshi_evidence,0.00098,170,51699626,0.01204,0.7175,0.033,3e-05
50988,added_probable,0.96465,460,4117056008,0.95858,0.0,18.758,0.99805
50989,no_patoshi_evidence,0.0,118,16825847,0.00392,0.8047,0.012,0.0
50992,added_probable,0.96465,306,2799975940,0.65192,0.0,18.758,0.99805
50996,no_patoshi_evidence,0.0,220,50606410,0.01178,0.7486,0.033,0.0
51002,unresolved,0.28484,250,44180531,0.01029,0.822,0.033,0.01289
51003,added_probable,0.96465,696,138822678,0.03232,0.8477,0.122,0.76894
51005,unresolved,0.0004,246,97657107,0.02274,0.1949,0.033,1e-05
51007,added_probable,0.96465,840,3727798529,0.86795,0.0,17.683,0.99793
51008,no_patoshi_evidence,7e-05,116,15799798,0.00368,0.8516,0.012,0.0
51014,no_patoshi_evidence,0.0,103,32186096,0.00749,0.4531,0.012,0.0
51018,added_probable,0.96465,183,1768518932,0.41177,0.0,19.377,0.99811
51024,added_probable,0.96465,58,724705286,0.16873,0.0,19.867,0.99816
51026,no_patoshi_evidence,0.0,51,18399996,0.00428,0.2179,0.007,0.0
51028,no_patoshi_evidence,0.00098,150,16616665,0.00387,0.9746,0.033,3e-05
51030,no_patoshi_evidence,0.00098,371,163357147,0.03803,0.3905,0.065,6e-05
51033,no_patoshi_evidence,0.00098,124,39929240,0.0093,0.8644,0.033,3e-05
51034,added_probable,0.96465,1551,1614940188,0.37601,0.0,15.347,0.99762
51035,no_patoshi_evidence,0.0,180,73969502,0.01722,0.4068,0.033,0.0
51040,unresolved,0.28484,163,2316439573,0.53934,0.0,19.377,0.88529
51041,unresolved,0.0004,244,91422767,0.02129,0.2542,0.033,1e-05
51043,no_patoshi_evidence,0.0,106,13996385,0.00326,0.8984,0.012,0.0
51045,no_patoshi_evidence,0.0,415,118792719,0.02766,0.6479,0.065,0.0
51046,no_patoshi_evidence,0.0,320,53144257,0.01237,0.8757,0.065,0.0
51047,no_patoshi_evidence,0.0,278,46389858,0.0108,0.7938,0.033,0.0
51048,no_patoshi_evidence,0.0,287,90168224,0.02099,0.2655,0.033,0.0
51049,no_patoshi_evidence,0.0,1003,7315214,0.0017,0.9844,0.122,0.0
51050,unresolved,0.28484,1049,71621632,0.01668,0.9219,0.122,0.04632
51051,added_probable,0.96465,35,2769766165,0.64489,0.0,19.867,0.99816
51052,no_patoshi_evidence,0.0,29,5196028,0.00121,0.4571,0.003,0.0
51053,added_probable,0.96465,83,38639917,0.009,0.2891,0.012,0.24894
51054,no_patoshi_evidence,0.063,2182,1017722026,0.23696,0.0476,15.347,0.50784
51059,no_patoshi_evidence,7e-05,16,4670433,0.00109,0.5,0.003,0.0
51061,no_patoshi_evidence,0.0,112,41542159,0.00967,0.1875,0.012,0.0
51064,added_probable,0.96465,228,2865655320,0.66721,0.0,19.377,0.99811
51065,no_patoshi_evidence,0.0,559,193290320,0.045,0.2663,0.065,0.0
51067,no_patoshi_evidence,0.0,10,1875608,0.00044,0.7571,0.003,0.0
51070,unresolved,0.0004,235,31343924,0.0073,0.9181,0.033,1e-05
51073,no_patoshi_evidence,0.00098,599,305421195,0.07111,0.0266,18.758,0.01807
51076,no_patoshi_evidence,0.063,295,55698943,0.01297,0.6638,0.033,0.0022
51078,unresolved,0.28484,581,4249181978,0.98934,0.0,18.758,0.88195
51084,no_patoshi_evidence,0.00098,392,75540386,0.01759,0.8195,0.065,6e-05
51086,no_patoshi_evidence,0.0,248,85685849,0.01995,0.2938,0.033,0.0
51089,added_probable,0.96465,404,1357530887,0.31607,0.0,18.758,0.99805
51091,no_patoshi_evidence,0.00098,386,43159535,0.01005,0.9053,0.065,6e-05
51093,no_patoshi_evidence,0.0,242,49688169,0.01157,0.7599,0.033,0.0
51094,no_patoshi_evidence,0.0,87,33927823,0.0079,0.3906,0.012,0.0
51095,no_patoshi_evidence,0.0,645,123740833,0.02881,0.8633,0.122,0.0
51096,no_patoshi_evidence,0.0,687,154329099,0.03593,0.8242,0.122,0.0
51097,no_patoshi_evidence,0.00098,397,210581417,0.04903,0.1982,0.065,6e-05
51098,no_patoshi_evidence,0.00098,200,97862981,0.02279,0.1893,0.033,3e-05
51101,no_patoshi_evidence,0.00098,142,40467917,0.00942,0.8588,0.033,3e-05
51102,unresolved,0.28484,276,3879148809,0.90318,0.0,19.377,0.88529
51108,no_patoshi_evidence,0.00098,830,158794481,0.03697,0.8203,0.122,0.00012
51112,added_robust,0.96465,533,3958842904,0.92174,0.0,18.758,0.99805
51115,no_patoshi_evidence,0.0,-14,1824867,0.00042,,,0.0
51117,added_probable,0.96465,1452,4014406933,0.93468,0.0,15.347,0.99762
51118,no_patoshi_evidence,0.0,348,102100876,0.02377,0.7396,0.065,0.0
51121,no_patoshi_evidence,0.00098,192,58459581,0.01361,0.6243,0.033,3e-05
51124,no_patoshi_evidence,0.0,295,110295978,0.02568,0.1271,0.033,0.0
51125,added_probable,0.96465,1867,3857045015,0.89804,0.0,15.347,0.99762
51129,no_patoshi_evidence,0.00098,169,49443343,0.01151,0.7599,0.033,3e-05
51130,no_patoshi_evidence,0.00098,179,13155188,0.00306,0.9774,0.033,3e-05
51132,added_probable,0.96465,1172,2236732700,0.52078,0.0,17.683,0.99793
51133,no_patoshi_evidence,0.00098,171,78429611,0.01826,0.3729,0.033,3e-05
51134,unresolved,0.0004,160,74511915,0.01735,0.404,0.033,1e-05
51136,no_patoshi_evidence,0.0,694,203361022,0.04735,0.7305,0.122,0.0
51137,no_patoshi_evidence,0.0,403,138769877,0.03231,0.5385,0.065,0.0
51138,no_patoshi_evidence,0.00098,300,68330928,0.01591,0.8343,0.065,6e-05
51142,no_patoshi_evidence,0.0,1343,480863806,0.11196,0.5476,0.245,0.0
51144,unresolved,0.28484,306,1816069403,0.42284,0.0,18.758,0.88195
51151,no_patoshi_evidence,0.00098,752,206736076,0.04813,0.7266,0.122,0.00012
51156,added_probable,0.96465,292,3837933589,0.89359,0.0,19.377,0.99811
51157,no_patoshi_evidence,0.00098,1345,90972783,0.02118,0.881,0.245,0.00024
51158,unresolved,0.28484,572,109571373,0.02551,0.6953,0.065,0.02538
51168,no_patoshi_evidence,0.00098,44,19664835,0.00458,0.1538,0.007,1e-05
51170,added_probable,0.96465,408,2390310941,0.55654,0.0,18.758,0.99805
51171,unresolved,0.0004,635,121284379,0.02824,0.8672,0.122,5e-05
51172,added_probable,0.96465,1100,2522128916,0.58723,0.0,17.683,0.99793
51173,no_patoshi_evidence,0.00098,493,36382570,0.00847,0.9201,0.065,6e-05
51176,no_patoshi_evidence,0.0,846,283294562,0.06596,0.4219,0.122,0.0
51179,added_probable,0.96465,425,1386231299,0.32276,0.0,18.758,0.99805
51181,no_patoshi_evidence,0.0,123,40845150,0.00951,0.8588,0.033,0.0
51182,no_patoshi_evidence,0.0,256,167627978,0.03903,0.0113,19.377,2e-05
51186,added_probable,0.96465,131,2310890245,0.53805,0.0,19.377,0.99811
51192,no_patoshi_evidence,0.0,186,104114079,0.02424,0.1497,0.033,0.0
51197,unresolved,0.28484,46,3996918534,0.93061,0.0,19.867,0.8878
51199,no_patoshi_evidence,0.00098,273,39015741,0.00908,0.8757,0.033,3e-05
51200,unresolved,0.0004,191,39948087,0.0093,0.8644,0.033,1e-05
51202,no_patoshi_evidence,0.0,191,76529266,0.01782,0.3842,0.033,0.0
51204,no_patoshi_evidence,0.00098,490,89147888,0.02076,0.7899,0.065,6e-05
51205,added_probable,0.96465,589,3684600086,0.85789,0.0,18.758,0.99805
51207,no_patoshi_evidence,0.00098,284,143222993,0.03335,0.0424,19.377,0.01865
51209,no_patoshi_evidence,0.0,150,48889802,0.01138,0.7627,0.033,0.0
51210,unresolved,0.0004,102,20607778,0.0048,0.7109,0.012,0.0
51211,no_patoshi_evidence,0.0,113,12362875,0.00288,0.9062,0.012,0.0
51212,no_patoshi_evidence,0.0,404,183110301,0.04263,0.3047,0.065,0.0
51216,added_robust,0.96465,368,2587139097,0.60237,0.0,18.758,0.99805
51218,no_patoshi_evidence,0.00098,84,26172660,0.00609,0.5781,0.012,1e-05
51222,no_patoshi_evidence,0.00098,131,62880778,0.01464,0.5508,0.033,3e-05
51223,no_patoshi_evidence,0.00098,182,92312389,0.02149,0.2401,0.033,3e-05
51226,added_robust,0.96465,197,1234542357,0.28744,0.0,19.377,0.99811
51228,no_patoshi_evidence,0.00098,696,124010703,0.02887,0.8633,0.122,0.00012
51229,unresolved,0.0004,256,70547206,0.01643,0.4435,0.033,1e-05
51231,added_robust,0.96465,375,3996391425,0.93048,0.0,18.758,0.99805
51233,no_patoshi_evidence,0.0,439,51877593,0.01208,0.8787,0.065,0.0
51235,no_patoshi_evidence,0.00098,323,138117805,0.03216,0.5385,0.065,6e-05
51236,no_patoshi_evidence,0.0,1926,403085579,0.09385,0.619,0.245,0.0
51237,added_robust,0.96465,-183,4273976086,0.99511,,,0.96465
51243,no_patoshi_evidence,0.0,71,27870930,0.00649,0.5625,0.012,0.0
51248,unresolved,0.28484,1390,3783101957,0.88082,0.0,15.347,0.8594
51249,unresolved,0.28484,615,175472170,0.04086,0.7891,0.122,0.04632
51251,no_patoshi_evidence,0.0,64,26364343,0.00614,0.5781,0.012,0.0
51255,no_patoshi_evidence,0.0,1046,61343506,0.01428,0.9219,0.122,0.0
51257,added_probable,0.96465,34,1378030869,0.32085,0.0,19.867,0.99816
51262,no_patoshi_evidence,0.00098,64,4192959,0.00098,0.9922,0.012,1e-05
51265,no_patoshi_evidence,0.0,238,83776459,0.01951,0.3051,0.033,0.0
51267,no_patoshi_evidence,0.00098,180,66489443,0.01548,0.4774,0.033,3e-05
51269,no_patoshi_evidence,0.00098,202,43745084,0.01019,0.8305,0.033,3e-05
51272,no_patoshi_evidence,0.00098,450,78610140,0.0183,0.8166,0.065,6e-05
51273,unresolved,0.0004,189,73784887,0.01718,0.4068,0.033,1e-05
51274,no_patoshi_evidence,0.0,437,30012594,0.00699,0.932,0.065,0.0
51275,unresolved,0.28484,960,2974112258,0.69246,0.0,17.683,0.87567
51278,no_patoshi_evidence,0.0,186,25687943,0.00598,0.935,0.033,0.0
51283,no_patoshi_evidence,0.0,506,167588817,0.03902,0.3787,0.065,0.0
51286,no_patoshi_evidence,0.0,276,108532301,0.02527,0.1356,0.033,0.0
51287,no_patoshi_evidence,0.00098,182,29133211,0.00678,0.9266,0.033,3e-05
51292,no_patoshi_evidence,0.0,260,87614318,0.0204,0.2881,0.033,0.0
51293,no_patoshi_evidence,0.0,179,23399596,0.00545,0.952,0.033,0.0
51294,no_patoshi_evidence,0.0,579,313278164,0.07294,0.0178,18.758,2e-05
51295,added_robust,0.96465,105,2877060891,0.66987,0.0,19.769,0.99815
51296,unresolved,0.0004,141,36987676,0.00861,0.8955,0.033,1e-05
51298,added_probable,0.96465,73,2819453980,0.65646,0.0,19.769,0.99815
51300,added_probable,0.96465,109,1620423687,0.37728,0.0,19.769,0.99815
51303,added_robust,0.96465,468,1313186070,0.30575,0.0,18.758,0.99805
51304,no_patoshi_evidence,0.0,3448,533905308,0.12431,0.4643,0.245,0.0
51306,no_patoshi_evidence,0.00098,648,189351616,0.04409,0.7734,0.122,0.00012
51312,no_patoshi_evidence,0.0,183,13983214,0.00326,0.9774,0.033,0.0
51317,no_patoshi_evidence,0.00098,84,18599695,0.00433,0.7734,0.012,1e-05
51322,no_patoshi_evidence,0.00098,375,76965110,0.01792,0.8195,0.065,6e-05
51323,added_probable,0.96465,1229,627907844,0.1462,0.381,0.245,0.86985
51326,no_patoshi_evidence,0.0,154,50674564,0.0118,0.7429,0.033,0.0
51332,no_patoshi_evidence,0.00098,709,78258408,0.01822,0.9141,0.122,0.00012
51334,added_probable,0.96465,230,2827501845,0.65833,0.0,19.377,0.99811
51336,no_patoshi_evidence,0.0,1046,298465790,0.06949,0.375,0.122,0.0
51342,no_patoshi_evidence,0.00098,57,18786972,0.00437,0.1795,0.007,1e-05
51346,added_probable,0.96465,840,2876549634,0.66975,0.0,17.683,0.99793
51349,unresolved,0.0004,338,83374127,0.01941,0.8018,0.065,3e-05
51354,added_probable,0.96465,20,3598477082,0.83784,0.0,19.936,0.99817
51355,no_patoshi_evidence,0.00098,1465,734684366,0.17106,0.1905,0.245,0.00024
51360,unresolved,0.20285,489,1328169501,0.30924,0.0,18.758,0.82679
51361,no_patoshi_evidence,0.00063,35,6146150,0.00143,0.8974,0.007,0.0
51365,unresolved,0.20285,262,82708249,0.01926,0.3164,0.033,0.00828
51366,added_probable,0.96465,340,67141434,0.01563,0.8462,0.065,0.64087
51368,unresolved,0.0004,342,163974457,0.03818,0.3846,0.065,3e-05
51369,unresolved,0.28484,773,329431089,0.0767,0.3359,0.122,0.04632
51371,unresolved,0.02687,7,1432836,0.00033,0.8286,0.003,9e-05
51372,unresolved,0.28484,25,4098864,0.00095,0.5429,0.003,0.00135
51374,unresolved,0.28484,261,3665897733,0.85353,0.0,19.377,0.88529
51376,no_patoshi_evidence,0.063,288,36097895,0.0084,0.9011,0.033,0.0022
51377,no_patoshi_evidence,7e-05,353,78151486,0.0182,0.8195,0.065,0.0
51378,no_patoshi_evidence,0.00098,214,95202494,0.02217,0.2062,0.033,3e-05
51379,no_patoshi_evidence,0.00098,409,142575784,0.0332,0.5148,0.065,6e-05
51384,no_patoshi_evidence,0.0,131,44565856,0.01038,0.8164,0.033,0.0
51386,unresolved,0.28484,114,4162755606,0.96922,0.0,19.769,0.88731
51390,no_patoshi_evidence,0.0,514,110172542,0.02565,0.6953,0.065,0.0
51391,no_patoshi_evidence,0.00098,187,39495812,0.0092,0.8672,0.033,3e-05
51396,added_probable,0.96465,173,32561187,0.00758,0.9096,0.033,0.47225
51400,no_patoshi_evidence,0.00098,69,27682505,0.00645,0.5625,0.012,1e-05
51401,no_patoshi_evidence,0.0,576,47706549,0.01111,0.8935,0.065,0.0
51405,unresolved,0.0004,310,17438263,0.00406,0.9675,0.065,3e-05
51408,added_probable,0.96465,113,502221595,0.11693,0.0,19.769,0.99815
51409,no_patoshi_evidence,0.0,401,147843019,0.03442,0.4645,0.065,0.0
51410,no_patoshi_evidence,0.0,1474,319017646,0.07428,0.7381,0.245,0.0
51417,no_patoshi_evidence,0.00098,3,3097920,0.00072,0.6429,0.003,0.0
51418,added_probable,0.96465,126,66205700,0.01541,0.4831,0.033,0.47225
51419,no_patoshi_evidence,0.0,807,131713639,0.03067,0.8555,0.122,0.0
51420,unresolved,0.0004,294,61467142,0.01431,0.5706,0.033,1e-05
51422,added_probable,0.96465,559,3540983305,0.82445,0.0,18.758,0.99805
51423,no_patoshi_evidence,0.0,316,29705643,0.00692,0.932,0.065,0.0
51427,no_patoshi_evidence,0.0,5,10650765,0.00248,0.1286,0.003,0.0
51430,no_patoshi_evidence,0.00098,284,73973692,0.01722,0.4068,0.033,3e-05
51431,unresolved,0.0004,111,38721310,0.00902,0.2891,0.012,0.0
51434,no_patoshi_evidence,0.00098,321,161397167,0.03758,0.3905,0.065,6e-05
51435,no_patoshi_evidence,0.0,361,84166377,0.0196,0.7959,0.065,0.0
51436,unresolved,0.0004,270,86463795,0.02013,0.2938,0.033,1e-05
51438,unresolved,0.0004,1124,382168328,0.08898,0.2031,0.122,5e-05
51440,added_probable,0.96465,19,1085798148,0.25281,0.0,19.936,0.99817
51444,added_robust,0.96465,1298,1452078099,0.33809,0.0,15.347,0.99762
51445,no_patoshi_evidence,0.00098,982,284278474,0.06619,0.4141,0.122,0.00012
51450,unresolved,0.0004,1552,174648327,0.04066,0.8452,0.245,0.0001
51451,added_robust,0.96465,771,2015467803,0.46926,0.0,17.683,0.99793
51453,no_patoshi_evidence,0.0,274,44436718,0.01035,0.8164,0.033,0.0
51458,no_patoshi_evidence,0.0,219,21869291,0.00509,0.952,0.033,0.0
51462,unresolved,0.20285,310,1191969289,0.27753,0.0,18.758,0.82679
51464,unresolved,0.00026,364,98235189,0.02287,0.7604,0.065,2e-05
51468,no_patoshi_evidence,0.0,268,83804918,0.01951,0.3051,0.033,0.0
51470,no_patoshi_evidence,0.0,193,64548683,0.01503,0.5113,0.033,0.0
51471,no_patoshi_evidence,0.0,385,31456102,0.00732,0.932,0.065,0.0
51473,no_patoshi_evidence,0.0,267,77801905,0.01811,0.3757,0.033,0.0
51476,no_patoshi_evidence,0.00063,201,36666511,0.00854,0.8955,0.033,2e-05
51477,unresolved,0.00026,174,12885027,0.003,0.9774,0.033,1e-05
51478,unresolved,0.20285,234,79818808,0.01858,0.3531,0.033,0.00828
51479,unresolved,0.20285,244,1241680897,0.2891,0.0,19.377,0.83139
51482,no_patoshi_evidence,0.00098,1155,408093917,0.09502,0.1406,0.122,0.00012
51484,added_probable,0.96465,859,1198598657,0.27907,0.0,17.683,0.99793
51485,no_patoshi_evidence,0.0,3226,126852834,0.02954,0.881,0.245,0.0
51488,no_patoshi_evidence,0.0,96,27890072,0.00649,0.5625,0.012,0.0
51492,added_probable,0.96465,43,3792967941,0.88312,0.0,19.867,0.99816
51498,no_patoshi_evidence,0.063,77,31988223,0.00745,0.4688,0.012,0.00082
51499,no_patoshi_evidence,0.0,56,6575122,0.00153,0.8718,0.007,0.0
51503,no_patoshi_evidence,0.00098,105,30152047,0.00702,0.5078,0.012,1e-05
51505,no_patoshi_evidence,0.00098,195,79246350,0.01845,0.3672,0.033,3e-05
51506,no_patoshi_evidence,0.00098,139,36068486,0.0084,0.9011,0.033,3e-05
51507,no_patoshi_evidence,0.00098,63,25091391,0.00584,0.5859,0.012,1e-05
51509,no_patoshi_evidence,0.00098,101,22198437,0.00517,0.6641,0.012,1e-05
51511,no_patoshi_evidence,0.00098,669,261028860,0.06078,0.4922,0.122,0.00012
51513,no_patoshi_evidence,0.0,183,78198968,0.01821,0.3757,0.033,0.0
51515,no_patoshi_evidence,0.0,97,15942861,0.00371,0.8516,0.012,0.0
51518,no_patoshi_evidence,0.00098,141,58638422,0.01365,0.6215,0.033,3e-05
51522,added_robust,0.96465,759,3439125276,0.80073,0.0,17.683,0.99793
51526,unresolved,0.28484,1431,724625161,0.16871,0.2143,0.245,0.08888
51527,added_probable,0.96465,263,1017956121,0.23701,0.0,19.377,0.99811
51532,no_patoshi_evidence,0.0,177,23647966,0.00551,0.9492,0.033,0.0
51534,no_patoshi_evidence,0.00098,101,35298449,0.00822,0.3516,0.012,1e-05
51535,no_patoshi_evidence,0.00098,620,245392973,0.05714,0.5703,0.122,0.00012
51540,no_patoshi_evidence,0.0,537,85364063,0.01988,0.7959,0.065,0.0
51541,no_patoshi_evidence,0.00098,160,30407389,0.00708,0.9209,0.033,3e-05
51542,unresolved,0.0004,590,70524980,0.01642,0.8314,0.065,3e-05
51544,added_robust,0.96465,319,803872540,0.18717,0.0,18.758,0.99805
51548,no_patoshi_evidence,0.00098,378,154379595,0.03594,0.432,0.065,6e-05
51550,no_patoshi_evidence,0.00098,393,108090332,0.02517,0.7041,0.065,6e-05
51552,no_patoshi_evidence,0.0,214,53823367,0.01253,0.6893,0.033,0.0
51553,no_patoshi_evidence,0.00098,482,197426390,0.04597,0.2396,0.065,6e-05
51554,no_patoshi_evidence,0.00098,171,71779718,0.01671,0.4322,0.033,3e-05
51558,added_robust,0.96465,621,1728360193,0.40242,0.0,17.683,0.99793
51559,unresolved,0.0004,354,115033347,0.02678,0.6686,0.065,3e-05
51560,no_patoshi_evidence,0.00098,50,21428192,0.00499,0.1154,0.007,1e-05
51563,added_probable,0.96465,412,1685414916,0.39242,0.0,18.758,0.99805
51566,no_patoshi_evidence,0.00098,214,38336018,0.00893,0.8842,0.033,3e-05
51567,no_patoshi_evidence,0.0,112,18634946,0.00434,0.7734,0.012,0.0
51568,no_patoshi_evidence,0.00098,48,8323229,0.00194,0.8205,0.007,1e-05
51569,no_patoshi_evidence,0.063,141,62764373,0.01461,0.5508,0.033,0.0022
51573,no_patoshi_evidence,0.00098,126,56499430,0.01315,0.6469,0.033,3e-05
51574,no_patoshi_evidence,0.00098,79,23941057,0.00557,0.6094,0.012,1e-05
51575,unresolved,0.0004,680,109984261,0.02561,0.8906,0.122,5e-05
51576,added_probable,0.96465,187,2756718848,0.64185,0.0,19.377,0.99811
51583,added_robust,0.96465,172,1524151834,0.35487,0.0,19.377,0.99811
51586,no_patoshi_evidence,0.00098,181,36833931,0.00858,0.8955,0.033,3e-05
51587,no_patoshi_evidence,0.0,227,67134419,0.01563,0.4746,0.033,0.0
51589,no_patoshi_evidence,0.00098,1053,148970382,0.03468,0.832,0.122,0.00012
51590,no_patoshi_evidence,0.0,672,115775999,0.02696,0.875,0.122,0.0
51591,unresolved,0.0004,385,117824790,0.02743,0.6598,0.065,3e-05
51592,unresolved,0.0004,252,90887989,0.02116,0.2542,0.033,1e-05
51593,no_patoshi_evidence,0.00098,164,73968480,0.01722,0.4068,0.033,3e-05
51596,no_patoshi_evidence,0.00098,12,3219536,0.00075,0.6143,0.003,0.0
51597,no_patoshi_evidence,0.0,231,73507515,0.01711,0.4096,0.033,0.0
51599,unresolved,0.0004,10,15278364,0.00356,0.0429,19.936,0.00791
51600,no_patoshi_evidence,0.0,1566,166044,4e-05,1.0,0.245,0.0
51601,no_patoshi_evidence,0.0,-1102,33353169,0.00777,,,0.0
51603,no_patoshi_evidence,0.0,207,33756573,0.00786,0.9068,0.033,0.0
51604,no_patoshi_evidence,0.0,292,108249830,0.0252,0.1356,0.033,0.0
51605,no_patoshi_evidence,0.0,519,114963536,0.02677,0.6686,0.065,0.0
51608,no_patoshi_evidence,0.0,156,65893262,0.01534,0.4887,0.033,0.0
51609,no_patoshi_evidence,0.00098,18,4035527,0.00094,0.5571,0.003,0.0
51610,added_probable,0.96465,44,3911010313,0.9106,0.0,19.867,0.99816
51613,no_patoshi_evidence,0.0,183,68956070,0.01606,0.452,0.033,0.0
51614,no_patoshi_evidence,0.00098,129,53431173,0.01244,0.6921,0.033,3e-05
51616,no_patoshi_evidence,0.00098,81,19112543,0.00445,0.7656,0.012,1e-05
51617,no_patoshi_evidence,0.0,51,18164414,0.00423,0.2179,0.007,0.0
51619,no_patoshi_evidence,0.00098,328,160307088,0.03732,0.3935,0.065,6e-05
51622,no_patoshi_evidence,0.00098,642,54857069,0.01277,0.9258,0.122,0.00012
51626,added_probable,0.96465,263,800111124,0.18629,0.0,19.377,0.99811
51630,no_patoshi_evidence,0.00098,119,63967948,0.01489,0.0156,19.769,0.01902
51634,no_patoshi_evidence,0.00098,307,107570027,0.02505,0.7041,0.065,6e-05
51636,no_patoshi_evidence,0.00098,34,18063342,0.00421,0.2179,0.007,1e-05
51639,added_robust,0.96465,388,1259408905,0.29323,0.0,18.758,0.99805
51640,no_patoshi_evidence,0.00098,60,15542077,0.00362,0.8594,0.012,1e-05
51643,no_patoshi_evidence,0.00098,155,70889588,0.01651,0.4435,0.033,3e-05
51644,no_patoshi_evidence,0.00098,427,65700688,0.0153,0.858,0.065,6e-05
51645,no_patoshi_evidence,0.0,744,164679142,0.03834,0.8164,0.122,0.0
51647,no_patoshi_evidence,7e-05,313,264291,6e-05,1.0,0.065,0.0
51650,added_robust,0.96465,775,3982293528,0.9272,0.0,17.683,0.99793
51652,no_patoshi_evidence,0.00098,19,7681547,0.00179,0.2857,0.003,0.0
51660,no_patoshi_evidence,0.00098,575,145526769,0.03388,0.4941,0.065,6e-05
51664,added_probable,0.96465,72,1792353284,0.41731,0.0,19.769,0.99815
51668,no_patoshi_evidence,0.0,533,41707902,0.00971,0.9112,0.065,0.0
51669,no_patoshi_evidence,0.0,24,3772648,0.00088,0.5714,0.003,0.0
51672,no_patoshi_evidence,0.00098,2015,6486687,0.00151,1.0,0.245,0.00024
51673,unresolved,0.28484,18,1658463239,0.38614,0.0,19.936,0.88814
51674,no_patoshi_evidence,0.00098,738,182496167,0.04249,0.7852,0.122,0.00012
51675,no_patoshi_evidence,0.0,40,5636565,0.00131,0.9231,0.007,0.0
51676,no_patoshi_evidence,0.00098,416,173701854,0.04044,0.3491,0.065,6e-05
51679,no_patoshi_evidence,0.0,326,214401701,0.04992,0.1805,0.065,0.0
51681,no_patoshi_evidence,0.00098,143,36211157,0.00843,0.9011,0.033,3e-05
51682,no_patoshi_evidence,0.0,305,91490731,0.0213,0.7811,0.065,0.0
51684,unresolved,0.28484,206,96866821,0.02255,0.1977,0.033,0.01289
51685,added_probable,0.96465,292,64212738,0.01495,0.5198,0.033,0.47225
51686,unresolved,0.0004,303,120285744,0.02801,0.645,0.065,3e-05
51691,unresolved,0.28484,686,812802332,0.18925,0.0039,17.683,0.87567
51694,no_patoshi_evidence,0.0,366,126775971,0.02952,0.6036,0.065,0.0
51699,no_patoshi_evidence,0.00098,448,187805090,0.04373,0.2929,0.065,6e-05
51700,unresolved,0.28484,21,3355666952,0.7813,0.0,19.936,0.88814
51702,no_patoshi_evidence,0.00098,450,138106074,0.03216,0.5385,0.065,6e-05
51706,no_patoshi_evidence,0.0,314,112148719,0.02611,0.6893,0.065,0.0
51708,unresolved,0.0004,179,50126115,0.01167,0.7514,0.033,1e-05
51710,added_probable,0.96465,34,4253622040,0.99037,0.0,19.867,0.99816
51714,unresolved,0.0004,237,43842053,0.01021,0.8305,0.033,1e-05
51715,added_probable,0.96465,653,3534998016,0.82306,0.0,17.683,0.99793
51720,added_robust,0.96465,579,2844536598,0.6623,0.0,18.758,0.99805
51724,no_patoshi_evidence,0.00098,519,176614045,0.04112,0.3373,0.065,6e-05
51727,no_patoshi_evidence,0.00098,243,70700960,0.01646,0.4435,0.033,3e-05
51728,added_robust,0.96465,199,822045959,0.1914,0.0,19.377,0.99811
51730,unresolved,0.28484,310,941522441,0.21922,0.0,18.758,0.88195
51731,no_patoshi_evidence,0.00098,530,831996,0.00019,1.0,0.065,6e-05
51736,unresolved,0.0004,91,6891283,0.0016,0.9766,0.012,0.0
51737,added_robust,0.96465,512,2605517825,0.60664,0.0,18.758,0.99805
51739,no_patoshi_evidence,0.00098,371,583167,0.00014,1.0,0.065,6e-05
51740,unresolved,0.0004,186,10433056,0.00243,0.9802,0.033,1e-05
51745,no_patoshi_evidence,0.0,249,136202888,0.03171,0.048,19.377,2e-05
51746,added_probable,0.96465,448,3394041369,0.79024,0.0,18.758,0.99805
51747,no_patoshi_evidence,0.0,105,22475154,0.00523,0.6562,0.012,0.0
51749,no_patoshi_evidence,0.0,407,143660392,0.03345,0.5089,0.065,0.0
51753,unresolved,0.28484,129,3577230600,0.83289,0.0,19.377,0.88529
51754,no_patoshi_evidence,0.00098,1593,234195916,0.05453,0.7976,0.245,0.00024
51757,added_probable,0.96465,708,2781158406,0.64754,0.0,17.683,0.99793
51763,added_probable,0.96465,2495,1571083010,0.3658,0.0,15.347,0.99762
51764,no_patoshi_evidence,0.0,1616,124752841,0.02905,0.881,0.245,0.0
51770,added_probable,0.96465,400,716490752,0.16682,0.0,18.758,0.99805
51771,no_patoshi_evidence,0.0,1623,254894550,0.05935,0.7738,0.245,0.0
51775,no_patoshi_evidence,0.0,81,29777014,0.00693,0.5156,0.012,0.0
51778,unresolved,0.28484,501,2985502,0.0007,1.0,0.065,0.02538
51780,no_patoshi_evidence,0.0,26,8054152,0.00188,0.2857,0.003,0.0
51781,no_patoshi_evidence,0.00098,107,22813596,0.00531,0.6406,0.012,1e-05
51782,no_patoshi_evidence,0.0,175,94885523,0.02209,0.209,0.033,0.0
51783,unresolved,0.28484,220,3765124613,0.87664,0.0,19.377,0.88529
51787,no_patoshi_evidence,0.00098,552,156237246,0.03638,0.4231,0.065,6e-05
51793,added_robust,0.96465,253,3745260038,0.87201,0.0,19.377,0.99811
51795,added_robust,0.96465,685,2153619732,0.50143,0.0,17.683,0.99793
51801,added_robust,0.96465,236,1919381513,0.44689,0.0,19.377,0.99811
51809,added_probable,0.96465,368,1147583258,0.26719,0.0,18.758,0.99805
51812,no_patoshi_evidence,0.0,499,171186327,0.03986,0.358,0.065,0.0
51816,no_patoshi_evidence,0.0,496,212268785,0.04942,0.1864,0.065,0.0
51817,added_probable,0.96465,432,279865881,0.06516,0.0355,18.758,0.99805
51820,added_probable,0.96465,749,414091014,0.09641,0.1172,0.122,0.76894
51824,no_patoshi_evidence,0.0,259,80292549,0.01869,0.3475,0.033,0.0
51826,no_patoshi_evidence,0.00098,203,71248046,0.01659,0.4379,0.033,3e-05
51827,no_patoshi_evidence,0.00098,132,64932670,0.01512,0.5056,0.033,3e-05
51828,no_patoshi_evidence,0.0,502,173595042,0.04042,0.3491,0.065,0.0
51829,no_patoshi_evidence,0.0,473,125416669,0.0292,0.6124,0.065,0.0
51830,added_probable,0.96465,546,2026475036,0.47183,0.0,18.758,0.99805
51837,added_probable,0.96465,442,3145602844,0.73239,0.0,18.758,0.99805
51840,no_patoshi_evidence,0.0,383,145526113,0.03388,0.4941,0.065,0.0
51841,unresolved,0.0004,285,257485853,0.05995,0.0028,19.377,0.00769
51843,no_patoshi_evidence,0.00098,468,28406354,0.00661,0.9349,0.065,6e-05
51844,no_patoshi_evidence,0.0,134,45906133,0.01069,0.8051,0.033,0.0
51845,added_probable,0.96465,63,962022933,0.22399,0.0,19.769,0.99815
51847,no_patoshi_evidence,0.0,32,15913468,0.00371,0.3462,0.007,0.0
51848,unresolved,0.0004,39,15982875,0.00372,0.3462,0.007,0.0
51853,no_patoshi_evidence,0.0,155,54256460,0.01263,0.6893,0.033,0.0
51854,no_patoshi_evidence,0.00098,211,58529966,0.01363,0.6243,0.033,3e-05
51855,no_patoshi_evidence,0.00098,241,80175933,0.01867,0.3475,0.033,3e-05
51858,added_robust,0.96465,92,2228586772,0.51888,0.0,19.769,0.99815
51866,no_patoshi_evidence,0.00098,449,99669584,0.02321,0.7515,0.065,6e-05
51867,no_patoshi_evidence,0.0,123,90058329,0.02097,0.2655,0.033,0.0
51873,added_robust,0.96465,160,1308095236,0.30456,0.0,19.377,0.99811
51874,no_patoshi_evidence,0.00098,1651,38812063,0.00904,0.9524,0.245,0.00024
51878,no_patoshi_evidence,0.0,317,211717035,0.04929,0.1893,0.065,0.0
51879,no_patoshi_evidence,0.0,157,23850884,0.00555,0.9492,0.033,0.0
51880,unresolved,0.0004,161,175232811,0.0408,0.0085,19.377,0.00769
51885,no_patoshi_evidence,0.0,-4,443967,0.0001,,,0.0
51887,no_patoshi_evidence,0.0,862,347748444,0.08097,0.2891,0.122,0.0
51890,no_patoshi_evidence,0.00098,124,54517582,0.01269,0.6836,0.033,3e-05
51892,no_patoshi_evidence,0.00098,1473,289894032,0.0675,0.7381,0.245,0.00024
51893,added_probable,0.96465,32,3060381718,0.71255,0.0,19.867,0.99816
51895,unresolved,0.0004,54,19325957,0.0045,0.1538,0.007,0.0
51897,no_patoshi_evidence,0.0,359,69993557,0.0163,0.8314,0.065,0.0
51900,added_probable,0.96465,39,1190704641,0.27723,0.0,19.867,0.99816
51906,no_patoshi_evidence,0.00098,21,9943428,0.00232,0.1429,0.003,0.0
51907,unresolved,0.0004,665,158597658,0.03693,0.8203,0.122,5e-05
51909,no_patoshi_evidence,0.00098,218,47650129,0.01109,0.774,0.033,3e-05
51911,added_probable,0.96465,231,3279231491,0.76351,0.0,19.377,0.99811
51915,no_patoshi_evidence,0.0,503,145326568,0.03384,0.497,0.065,0.0
51916,no_patoshi_evidence,0.0,161,28684785,0.00668,0.9266,0.033,0.0
51917,no_patoshi_evidence,0.0,83,26923714,0.00627,0.5781,0.012,0.0
51919,no_patoshi_evidence,0.0,100,20416650,0.00475,0.7109,0.012,0.0
51922,unresolved,0.28484,157,52800798,0.01229,0.7034,0.033,0.01289
51925,no_patoshi_evidence,0.063,1157,240535431,0.056,0.5938,0.122,0.00813
51926,no_patoshi_evidence,7e-05,101,79882054,0.0186,0.0,19.769,0.00138
51927,added_probable,0.96465,421,1134256390,0.26409,0.0,18.758,0.99805
51930,no_patoshi_evidence,0.0,89,22567416,0.00525,0.6562,0.012,0.0
51931,no_patoshi_evidence,0.0,458,103843985,0.02418,0.7308,0.065,0.0
51936,unresolved,0.0004,1374,434821893,0.10124,0.6071,0.245,0.0001
51938,added_robust,0.96465,541,2483687177,0.57828,0.0,18.758,0.99805
51939,no_patoshi_evidence,0.00098,393,18058365,0.0042,0.9615,0.065,6e-05
51940,no_patoshi_evidence,7e-05,601,217446886,0.05063,0.7031,0.122,1e-05
51942,unresolved,0.0004,571,135798051,0.03162,0.5385,0.065,3e-05
51943,unresolved,0.0004,622,33235713,0.00774,0.9492,0.122,5e-05
51944,added_probable,0.96465,707,793858844,0.18483,0.0039,17.683,0.99793
51945,no_patoshi_evidence,0.0,31,5677480,0.00132,0.9231,0.007,0.0
51946,no_patoshi_evidence,0.0,140,19753603,0.0046,0.9633,0.033,0.0
51947,no_patoshi_evidence,0.0,-61,124588746,0.02901,,,0.0
51949,no_patoshi_evidence,0.0,50,46907084,0.01092,0.0256,19.867,2e-05
51953,unresolved,0.0004,457,160494129,0.03737,0.3935,0.065,3e-05
51954,no_patoshi_evidence,0.00098,112,57165404,0.01331,0.0156,19.769,0.01902
51959,unresolved,0.28484,94,6042141,0.00141,0.9766,0.012,0.00481
51962,no_patoshi_evidence,0.0,551,86210947,0.02007,0.7929,0.065,0.0
51964,unresolved,0.28484,1063,620980225,0.14458,0.0078,17.683,0.87567
51970,unresolved,0.0004,72,16654896,0.00388,0.8047,0.012,0.0
51972,no_patoshi_evidence,0.00098,481,37749448,0.00879,0.9172,0.065,6e-05
51975,no_patoshi_evidence,0.0,334,312240087,0.0727,0.0178,18.758,2e-05
51977,unresolved,0.28484,176,3277353472,0.76307,0.0,19.377,0.88529
51978,no_patoshi_evidence,0.00098,422,215819278,0.05025,0.1805,0.065,6e-05
51979,no_patoshi_evidence,0.0,593,80725819,0.0188,0.8077,0.065,0.0
51980,no_patoshi_evidence,0.00098,131,44978497,0.01047,0.8136,0.033,3e-05
51982,no_patoshi_evidence,0.00098,39,16165817,0.00376,0.3333,0.007,1e-05
51983,no_patoshi_evidence,0.00098,347,154571696,0.03599,0.432,0.065,6e-05
51985,no_patoshi_evidence,0.0,-333,22477528,0.00523,,,0.0
51987,no_patoshi_evidence,0.00098,370,122854923,0.0286,0.6361,0.065,6e-05
51989,added_robust,0.96465,1300,3412409864,0.79451,0.0,15.347,0.99762
51995,no_patoshi_evidence,0.0,-214,69414003,0.01616,,,0.0
51997,added_probable,0.96465,923,80145179,0.01866,0.9141,0.122,0.76894
52002,added_probable,0.96465,342,157791746,0.03674,0.4053,0.065,0.64087
52011,no_patoshi_evidence,0.0,156,35189757,0.00819,0.904,0.033,0.0
52013,added_probable,0.96465,163,2852615,0.00066,0.9944,0.033,0.47225
52019,no_patoshi_evidence,0.00098,548,100255461,0.02334,0.7485,0.065,6e-05
52020,no_patoshi_evidence,0.0,82,12246415,0.00285,0.9062,0.012,0.0
52027,no_patoshi_evidence,0.0,449,77693809,0.01809,0.8195,0.065,0.0
52028,added_probable,0.96465,368,4279655959,0.99644,0.0,18.758,0.99805
52029,no_patoshi_evidence,0.00098,489,189777995,0.04419,0.287,0.065,6e-05
52034,no_patoshi_evidence,0.0,395,137850065,0.0321,0.5385,0.065,0.0
52036,no_patoshi_evidence,0.0,771,138795841,0.03232,0.8477,0.122,0.0
52038,unresolved,0.28484,510,3025887233,0.70452,0.0,18.758,0.88195
52044,added_probable,0.96465,164,2303034394,0.53622,0.0,19.377,0.99811
52046,unresolved,0.0004,418,395441717,0.09207,0.0,18.758,0.00745
52047,unresolved,0.0004,464,439641875,0.10236,0.0,18.758,0.00745
52048,added_probable,0.96465,858,3439569429,0.80084,0.0,17.683,0.99793
52053,unresolved,0.0004,19,5494577,0.00128,0.4286,0.003,0.0
52055,added_probable,0.96465,900,3680870918,0.85702,0.0,17.683,0.99793
52056,unresolved,0.0004,834,178124848,0.04147,0.7852,0.122,5e-05
52057,no_patoshi_evidence,0.0,101,28127396,0.00655,0.5625,0.012,0.0
52058,no_patoshi_evidence,0.00098,-5,2038200,0.00047,,,0.00098
52059,no_patoshi_evidence,0.00098,522,119415883,0.0278,0.6479,0.065,6e-05
52061,no_patoshi_evidence,0.00098,83,24082381,0.00561,0.6094,0.012,1e-05
52063,added_robust,0.96465,42,1403342617,0.32674,0.0,19.867,0.99816
52068,no_patoshi_evidence,0.0,38,46624197,0.01086,0.0256,19.867,2e-05
52073,no_patoshi_evidence,0.00098,107,89349115,0.0208,0.0,19.769,0.01902
52074,no_patoshi_evidence,0.00098,456,174961039,0.04074,0.3432,0.065,6e-05
52075,added_probable,0.96465,612,1149319709,0.2676,0.0,17.683,0.99793
52076,unresolved,0.28484,1203,385323029,0.08972,0.6667,0.245,0.08888
52079,no_patoshi_evidence,0.00098,759,172032434,0.04005,0.7969,0.122,0.00012
52082,added_probable,0.96465,693,216097046,0.05031,0.7031,0.122,0.76894
52083,no_patoshi_evidence,0.0,103,38439259,0.00895,0.2969,0.012,0.0
52084,no_patoshi_evidence,0.00098,247,48665540,0.01133,0.7655,0.033,3e-05
52087,no_patoshi_evidence,0.0,1043,170705836,0.03975,0.7969,0.122,0.0
52089,unresolved,0.0004,18,2039835,0.00047,0.7571,0.003,0.0
52090,unresolved,0.0004,266,265144888,0.06173,0.0,19.377,0.00769
52091,no_patoshi_evidence,0.0,827,255098472,0.05939,0.5391,0.122,0.0
52092,unresolved,0.0004,384,84985636,0.01979,0.7959,0.065,3e-05
52094,unresolved,0.28484,885,276467235,0.06437,0.4609,0.122,0.04632
52096,unresolved,0.28484,419,2848675093,0.66326,0.0,18.758,0.88195
52097,no_patoshi_evidence,0.0,301,260768393,0.06071,0.0651,0.065,0.0
52107,added_robust,0.96465,769,4130337800,0.96167,0.0,17.683,0.99793
52110,added_probable,0.96465,186,1574246665,0.36653,0.0,19.377,0.99811
52111,no_patoshi_evidence,0.0,127,53338038,0.01242,0.6921,0.033,0.0
52116,no_patoshi_evidence,0.0,64,52534002,0.01223,0.0391,19.769,2e-05
52117,added_probable,0.96465,46,2941947928,0.68498,0.0,19.867,0.99816
52118,no_patoshi_evidence,0.0,119,37919446,0.00883,0.3125,0.012,0.0
52122,no_patoshi_evidence,0.0,224,46787567,0.01089,0.7853,0.033,0.0
52124,no_patoshi_evidence,0.0,123,103279823,0.02405,0.161,0.033,0.0
52126,added_probable,0.96465,300,2253961748,0.52479,0.0,18.758,0.99805
52132,no_patoshi_evidence,0.0,368,124663819,0.02903,0.6213,0.065,0.0
52140,added_probable,0.96465,1601,2156219671,0.50203,0.0,15.347,0.99762
52142,no_patoshi_evidence,0.00098,198,48227010,0.01123,0.7684,0.033,3e-05
52145,no_patoshi_evidence,0.00098,666,194668209,0.04532,0.7617,0.122,0.00012
52146,no_patoshi_evidence,0.0,612,180530700,0.04203,0.7852,0.122,0.0
52148,added_robust,0.96465,17,3740538388,0.87091,0.0,19.936,0.99817
52150,added_probable,0.96465,1297,3733591814,0.86929,0.0,15.347,0.99762
52151,no_patoshi_evidence,0.0,1243,395746462,0.09214,0.6429,0.245,0.0
52152,no_patoshi_evidence,0.0,968,100236101,0.02334,0.8906,0.122,0.0
52158,no_patoshi_evidence,0.00098,521,46158827,0.01075,0.8964,0.065,6e-05
52159,no_patoshi_evidence,0.0,170,57732757,0.01344,0.6271,0.033,0.0
52161,unresolved,0.28484,729,3810547480,0.88721,0.0,17.683,0.87567
52165,unresolved,0.0004,44,142716974,0.03323,0.0,19.867,0.00789
52166,unresolved,0.28484,316,136207673,0.03171,0.5385,0.065,0.02538
52171,added_probable,0.96465,30,4216595477,0.98175,0.0,19.867,0.99816
52174,no_patoshi_evidence,0.0,-294,38848148,0.00905,,,0.0
52175,unresolved,0.28484,1155,135650566,0.03158,0.8516,0.122,0.04632
52176,no_patoshi_evidence,0.00098,311,51860218,0.01207,0.8787,0.065,6e-05
52178,no_patoshi_evidence,0.0,147,31177642,0.00726,0.9181,0.033,0.0
52180,no_patoshi_evidence,7e-05,220,79084522,0.01841,0.3672,0.033,0.0
52185,unresolved,0.28484,83,3793172764,0.88317,0.0,19.769,0.88731
52188,no_patoshi_evidence,0.0,84,5688486,0.00132,0.9766,0.012,0.0
52189,no_patoshi_evidence,0.0,528,112975305,0.0263,0.6864,0.065,0.0
52191,no_patoshi_evidence,0.0,33,10780738,0.00251,0.6795,0.007,0.0
52194,no_patoshi_evidence,0.0,102,30920033,0.0072,0.4844,0.012,0.0
52195,no_patoshi_evidence,0.00063,200,54861983,0.01277,0.6751,0.033,2e-05
52196,no_patoshi_evidence,0.00063,293,78035667,0.01817,0.3757,0.033,2e-05
52203,unresolved,0.20285,561,2705871381,0.63001,0.0,18.758,0.82679
52204,no_patoshi_evidence,0.00098,295,50132625,0.01167,0.7514,0.033,3e-05
52206,no_patoshi_evidence,7e-05,65,22514048,0.00524,0.6562,0.012,0.0
52214,no_patoshi_evidence,0.0,336,107007870,0.02491,0.7101,0.065,0.0
52216,no_patoshi_evidence,0.0,57,54345213,0.01265,0.0256,19.867,2e-05
52217,unresolved,0.02687,477,192094006,0.04473,0.2751,0.065,0.0018
52220,unresolved,0.28484,552,3748751364,0.87282,0.0,18.758,0.88195
52221,no_patoshi_evidence,0.0,76,401371,9e-05,1.0,0.012,0.0
52223,unresolved,0.0004,1112,263449393,0.06134,0.4922,0.122,5e-05
52224,unresolved,0.0004,460,79902723,0.0186,0.8077,0.065,3e-05
52227,no_patoshi_evidence,0.0,67,14667916,0.00342,0.8906,0.012,0.0
52230,added_probable,0.96465,96,77961235,0.01815,0.0,19.769,0.99815
52233,no_patoshi_evidence,0.063,108,30927242,0.0072,0.4844,0.012,0.00082
52237,no_patoshi_evidence,7e-05,262,47747155,0.01112,0.774,0.033,0.0
52241,no_patoshi_evidence,0.00098,30,6232568,0.00145,0.8974,0.007,1e-05
52243,no_patoshi_evidence,0.063,116,52899509,0.01232,0.0312,19.769,0.57067
52248,unresolved,0.0004,288,75064623,0.01748,0.3983,0.033,1e-05
52249,no_patoshi_evidence,0.0,59,22517851,0.00524,0.1154,0.007,0.0
52252,added_probable,0.96465,1461,3554065160,0.8275,0.0,15.347,0.99762
52253,no_patoshi_evidence,0.0,50,9107945,0.00212,0.7692,0.007,0.0
52254,no_patoshi_evidence,0.0,229,39008137,0.00908,0.8757,0.033,0.0
52255,no_patoshi_evidence,0.0,426,79085491,0.01841,0.8136,0.065,0.0
52258,no_patoshi_evidence,0.00098,76,21981504,0.00512,0.6797,0.012,1e-05
52260,unresolved,0.28484,136,40194097,0.00936,0.8616,0.033,0.01289
52262,added_probable,0.96465,586,3968278280,0.92394,0.0,18.758,0.99805
52266,no_patoshi_evidence,0.0,163,132750259,0.03091,0.0593,0.033,0.0
52268,unresolved,0.0004,580,434852634,0.10125,0.0,18.758,0.00745
52269,no_patoshi_evidence,0.063,520,148060684,0.03447,0.4615,0.065,0.00438
52274,no_patoshi_evidence,0.00098,156,25613462,0.00596,0.9379,0.033,3e-05
52278,added_robust,0.96465,122,2541486618,0.59174,0.0,19.377,0.99811
52279,no_patoshi_evidence,7e-05,129,59423910,0.01384,0.5989,0.033,0.0
52282,no_patoshi_evidence,0.0,394,78769808,0.01834,0.8166,0.065,0.0
52283,no_patoshi_evidence,0.00098,556,160994259,0.03748,0.3935,0.065,6e-05
52285,no_patoshi_evidence,0.0,702,296256414,0.06898,0.375,0.122,0.0
52286,no_patoshi_evidence,0.0,46,20306094,0.00473,0.141,0.007,0.0
52289,no_patoshi_evidence,0.00098,427,63961442,0.01489,0.8609,0.065,6e-05
52290,no_patoshi_evidence,0.0,240,86253299,0.02008,0.2938,0.033,0.0
52292,no_patoshi_evidence,0.0,486,53058692,0.01235,0.8757,0.065,0.0
52294,added_robust,0.96465,684,1841229573,0.42869,0.0,17.683,0.99793
52296,no_patoshi_evidence,0.0,1184,514566362,0.11981,0.0312,17.683,2e-05
52297,added_robust,0.96465,328,3257665303,0.75848,0.0,18.758,0.99805
52303,no_patoshi_evidence,0.0,274,98941550,0.02304,0.1864,0.033,0.0
52305,added_probable,0.96465,124,2703982344,0.62957,0.0,19.377,0.99811
52306,unresolved,0.28484,188,45302816,0.01055,0.8107,0.033,0.01289
52307,unresolved,0.0004,612,221856795,0.05166,0.6797,0.122,5e-05
52309,no_patoshi_evidence,0.00098,446,83705156,0.01949,0.7988,0.065,6e-05
52310,unresolved,0.0004,5,1137446,0.00026,0.8857,0.003,0.0
52313,added_probable,0.96465,1458,878946308,0.20465,0.0833,0.245,0.86985
52315,no_patoshi_evidence,0.0,61,26928078,0.00627,0.5781,0.012,0.0
52317,no_patoshi_evidence,0.0,796,128861613,0.03,0.8594,0.122,0.0
52320,no_patoshi_evidence,0.0,77,13099331,0.00305,0.9062,0.012,0.0
52322,no_patoshi_evidence,0.0,1016,204632553,0.04764,0.7305,0.122,0.0
52324,no_patoshi_evidence,0.0,186,54855127,0.01277,0.6751,0.033,0.0
52325,added_probable,0.96465,324,2480429319,0.57752,0.0,18.758,0.99805
52327,no_patoshi_evidence,7e-05,633,226052678,0.05263,0.6484,0.122,1e-05
52330,no_patoshi_evidence,0.0,521,37666996,0.00877,0.9172,0.065,0.0
52333,no_patoshi_evidence,0.00098,162,56966891,0.01326,0.6412,0.033,3e-05
52336,no_patoshi_evidence,0.0,102,27313026,0.00636,0.5781,0.012,0.0
52339,added_robust,0.96465,541,3393744641,0.79017,0.0,18.758,0.99805
52341,no_patoshi_evidence,0.00098,228,18145407,0.00422,0.9718,0.033,3e-05
52343,added_probable,0.96465,531,3248918551,0.75645,0.0,18.758,0.99805
52345,no_patoshi_evidence,0.0,151,33339479,0.00776,0.9096,0.033,0.0
52346,no_patoshi_evidence,0.00098,854,258563480,0.0602,0.5195,0.122,0.00012
52353,no_patoshi_evidence,0.0,93,20831845,0.00485,0.7031,0.012,0.0
52356,added_probable,0.96465,628,2374660609,0.55289,0.0,17.683,0.99793
52360,no_patoshi_evidence,0.00098,336,144127086,0.03356,0.503,0.065,6e-05
52365,no_patoshi_evidence,0.0,568,158264209,0.03685,0.4053,0.065,0.0
52366,no_patoshi_evidence,0.0,268,19774455,0.0046,0.9633,0.033,0.0
52367,added_probable,0.96465,153,677907200,0.15784,0.0,19.377,0.99811
52373,no_patoshi_evidence,0.0,1712,146250479,0.03405,0.881,0.245,0.0
52374,unresolved,0.0004,54,10032163,0.00234,0.7564,0.007,0.0
52377,added_probable,0.96465,1522,4137696514,0.96338,0.0,15.347,0.99762
52380,added_probable,0.96465,327,2318999572,0.53993,0.0,18.758,0.99805
52381,no_patoshi_evidence,0.00098,407,167336270,0.03896,0.3787,0.065,6e-05
52382,no_patoshi_evidence,0.00098,302,52743296,0.01228,0.8757,0.065,6e-05
52384,unresolved,0.0004,34,8700966,0.00203,0.8205,0.007,0.0
52386,no_patoshi_evidence,0.0,169,38203109,0.00889,0.8842,0.033,0.0
52388,no_patoshi_evidence,0.00098,96,34802058,0.0081,0.375,0.012,1e-05
52389,no_patoshi_evidence,0.00098,238,87114161,0.02028,0.291,0.033,3e-05
52391,added_robust,0.96465,871,2782382361,0.64782,0.0,17.683,0.99793
52394,no_patoshi_evidence,0.0,53,17755153,0.00413,0.2436,0.007,0.0
52395,no_patoshi_evidence,0.0,7,1571750,0.00037,0.7571,0.003,0.0
52396,unresolved,0.0004,459,179546424,0.0418,0.3225,0.065,3e-05
52397,no_patoshi_evidence,0.0,937,135647913,0.03158,0.8516,0.122,0.0
52401,no_patoshi_evidence,0.0,38,25695623,0.00598,0.0897,0.007,0.0
52402,no_patoshi_evidence,0.0,190,27534455,0.00641,0.9294,0.033,0.0
52408,added_probable,0.96465,0,3328731651,0.77503,0.0,19.936,0.99817
52412,no_patoshi_evidence,0.00098,155,26326284,0.00613,0.9294,0.033,3e-05
52416,unresolved,0.0004,119,42662661,0.00993,0.1641,0.012,0.0
52418,added_robust,0.96465,452,712230148,0.16583,0.0,18.758,0.99805
52419,no_patoshi_evidence,0.0,1216,24576933,0.00572,0.9643,0.245,0.0
52422,no_patoshi_evidence,0.0,798,339712705,0.0791,0.3242,0.122,0.0
52424,no_patoshi_evidence,0.0,1549,783306454,0.18238,0.1667,0.245,0.0
52425,no_patoshi_evidence,0.00098,81,14108059,0.00328,0.8984,0.012,1e-05
52426,no_patoshi_evidence,0.00098,233,105262307,0.02451,0.1412,0.033,3e-05
52428,no_patoshi_evidence,0.00098,1101,137796049,0.03208,0.8477,0.122,0.00012
52430,no_patoshi_evidence,0.0,1023,343333722,0.07994,0.3047,0.122,0.0
52431,added_robust,0.96465,207,543679752,0.12659,0.0,19.377,0.99811
52432,no_patoshi_evidence,0.0,374,68769018,0.01601,0.8343,0.065,0.0
52437,no_patoshi_evidence,0.00098,441,97510133,0.0227,0.7604,0.065,6e-05
52441,added_probable,0.96465,191,984039965,0.22911,0.0,19.377,0.99811
52447,no_patoshi_evidence,0.0,193,39494773,0.0092,0.8672,0.033,0.0
52448,unresolved,0.28484,534,100660010,0.02344,0.7485,0.065,0.02538
52449,no_patoshi_evidence,0.0,875,349668963,0.08141,0.2812,0.122,0.0
52451,added_probable,0.96465,916,1259182620,0.29318,0.0,17.683,0.99793
52452,no_patoshi_evidence,0.00098,453,108097868,0.02517,0.7041,0.065,6e-05
52453,no_patoshi_evidence,0.00098,1554,685422293,0.15959,0.2619,0.245,0.00024
52457,added_probable,0.96465,363,3276981274,0.76298,0.0,18.758,0.99805
52458,no_patoshi_evidence,0.00098,98,23936379,0.00557,0.6094,0.012,1e-05
52461,added_probable,0.96465,458,1181775618,0.27515,0.0,18.758,0.99805
52462,no_patoshi_evidence,0.0,246,50533781,0.01177,0.7486,0.033,0.0
52463,no_patoshi_evidence,0.0,580,78846173,0.01836,0.8166,0.065,0.0
52464,unresolved,0.0004,431,86646278,0.02017,0.7929,0.065,3e-05
52465,no_patoshi_evidence,0.0,343,205753916,0.04791,0.2071,0.065,0.0
52467,no_patoshi_evidence,0.0,13,8848034,0.00206,0.2429,0.003,0.0
52468,unresolved,0.0004,226,37011507,0.00862,0.8955,0.033,1e-05
52470,unresolved,0.28484,250,80834600,0.01882,0.3475,0.033,0.01289
52473,no_patoshi_evidence,7e-05,1207,229544160,0.05344,0.8214,0.245,2e-05
52475,no_patoshi_evidence,0.0,392,78986176,0.01839,0.8136,0.065,0.0
52476,added_probable,0.96465,956,2014964996,0.46915,0.0,17.683,0.99793
52481,no_patoshi_evidence,0.00098,351,144101857,0.03355,0.503,0.065,6e-05
52482,added_probable,0.96465,847,1071660315,0.24952,0.0,17.683,0.99793
52485,no_patoshi_evidence,0.063,74,9731555,0.00227,0.9531,0.012,0.00082
52489,no_patoshi_evidence,0.0,250,147419243,0.03432,0.0339,19.377,2e-05
52493,no_patoshi_evidence,0.0,211,42953944,0.01,0.839,0.033,0.0
52494,added_probable,0.96465,1214,1195126813,0.27826,0.0119,15.347,0.99762
52495,unresolved,0.0004,54,7932461,0.00185,0.8333,0.007,0.0
52497,no_patoshi_evidence,0.00098,986,526945710,0.12269,0.0312,17.683,0.01705
52507,no_patoshi_evidence,0.0,156,18928567,0.00441,0.9661,0.033,0.0
52508,no_patoshi_evidence,0.00137,1196,47815511,0.01113,0.9336,0.122,0.00017
52509,no_patoshi_evidence,0.00137,223,39241126,0.00914,0.8729,0.033,4e-05
52513,unresolved,0.35733,393,3591514115,0.83621,0.0,18.758,0.91251
52516,unresolved,0.00056,625,121009174,0.02817,0.8672,0.122,7e-05
52517,no_patoshi_evidence,0.0,241,111573711,0.02598,0.113,0.033,0.0
52520,no_patoshi_evidence,0.00137,662,235116117,0.05474,0.6133,0.122,0.00017
52521,unresolved,0.00056,186,58699321,0.01367,0.6215,0.033,2e-05
52524,no_patoshi_evidence,0.00137,278,52437102,0.01221,0.7062,0.033,4e-05
52526,added_probable,0.97442,200,2766458372,0.64412,0.0,19.377,0.99865
52531,added_robust,0.97442,1475,1796302089,0.41823,0.0,15.347,0.99829
52533,no_patoshi_evidence,0.0,1626,498806858,0.11614,0.5119,0.245,0.0
52535,unresolved,0.35733,910,1744325376,0.40613,0.0,17.683,0.90768
52536,no_patoshi_evidence,0.0,241,78135772,0.01819,0.3757,0.033,0.0
52537,no_patoshi_evidence,0.0,969,113059435,0.02632,0.8789,0.122,0.0
52540,added_probable,0.97442,740,556653594,0.12961,0.0234,17.683,0.99852
52544,added_probable,0.97442,486,3000577812,0.69863,0.0,18.758,0.9986
52545,no_patoshi_evidence,0.00137,1013,181460333,0.04225,0.7852,0.122,0.00017
52547,no_patoshi_evidence,0.00137,939,120559574,0.02807,0.8672,0.122,0.00017
52548,no_patoshi_evidence,0.00137,285,54456677,0.01268,0.6836,0.033,4e-05
52549,unresolved,0.00056,39,7026459,0.00164,0.8718,0.007,0.0
52550,added_probable,0.97442,1217,3321556503,0.77336,0.0,15.347,0.99829
52551,added_probable,0.97442,1936,3004266266,0.69949,0.0,15.347,0.99829
52552,no_patoshi_evidence,0.0,795,271295213,0.06317,0.4805,0.122,0.0
52555,no_patoshi_evidence,0.0,231,71669382,0.01669,0.4322,0.033,0.0
52558,no_patoshi_evidence,0.0,551,96084238,0.02237,0.7633,0.065,0.0
52560,no_patoshi_evidence,0.00137,275,59943304,0.01396,0.5932,0.033,4e-05
52562,no_patoshi_evidence,0.0,708,215112347,0.05008,0.707,0.122,0.0
52564,added_probable,0.97442,29,297816327,0.06934,0.0,19.936,0.99868
52565,unresolved,0.00056,124,39223083,0.00913,0.8729,0.033,2e-05
52567,no_patoshi_evidence,0.0,848,23760120,0.00553,0.9648,0.122,0.0
52569,unresolved,0.35733,720,114212405,0.02659,0.8789,0.122,0.0635
52575,no_patoshi_evidence,0.00137,711,249810,6e-05,1.0,0.122,0.00017
52577,added_probable,0.97442,516,2731591452,0.636,0.0,18.758,0.9986
52578,unresolved,0.35733,571,71159059,0.01657,0.8314,0.065,0.03508
52581,added_probable,0.97442,602,3603650075,0.83904,0.0,17.683,0.99852
52590,added_probable,0.97442,903,2403262483,0.55955,0.0,17.683,0.99852
52593,added_probable,0.97442,678,1213466394,0.28253,0.0,17.683,0.99852
52594,no_patoshi_evidence,0.0,1815,346131666,0.08059,0.6667,0.245,0.0
52596,added_probable,0.97442,1356,3229399303,0.7519,0.0,15.347,0.99829
52601,unresolved,0.00056,301,101583391,0.02365,0.7426,0.065,4e-05
52603,no_patoshi_evidence,0.0,215,36468822,0.00849,0.8955,0.033,0.0
52604,no_patoshi_evidence,0.00137,282,88425209,0.02059,0.2768,0.033,4e-05
52607,unresolved,0.35733,1098,4141569300,0.96428,0.0,17.683,0.90768
52610,no_patoshi_evidence,0.0,165,56750651,0.01321,0.6469,0.033,0.0
52614,unresolved,0.26212,2954,2266216723,0.52764,0.0,15.347,0.845
52616,no_patoshi_evidence,0.0,241,158629695,0.03693,0.0226,19.377,2e-05
52617,no_patoshi_evidence,0.00087,304,98815421,0.02301,0.7515,0.065,6e-05
52622,no_patoshi_evidence,0.0,311,57710216,0.01344,0.8669,0.065,0.0
52623,no_patoshi_evidence,0.00087,1320,571611795,0.13309,0.4524,0.245,0.00021
52628,unresolved,0.26212,1463,3766848516,0.87704,0.0,15.347,0.845
52631,unresolved,0.35733,262,56422454,0.01314,0.6469,0.033,0.01791
52632,no_patoshi_evidence,9e-05,666,7530714,0.00175,0.9805,0.122,1e-05
52635,added_probable,0.97442,171,2953506073,0.68767,0.0,19.377,0.99865
52641,no_patoshi_evidence,0.00137,142,43678172,0.01017,0.8305,0.033,4e-05
52642,unresolved,0.03712,1,15362,0.0,1.0,0.003,0.00013
52643,added_probable,0.97442,95,2517795097,0.58622,0.0,19.769,0.99867
52644,no_patoshi_evidence,0.0,374,93258129,0.02171,0.7751,0.065,0.0
52647,no_patoshi_evidence,0.00137,2293,432840002,0.10078,0.6071,0.245,0.00034
52648,added_probable,0.97442,500,320089346,0.07453,0.0178,18.758,0.9986
52649,no_patoshi_evidence,0.00137,111,22150499,0.00516,0.6641,0.012,2e-05
52651,no_patoshi_evidence,9e-05,299,24115542,0.00561,0.9463,0.033,0.0
52652,no_patoshi_evidence,0.0,141,36873887,0.00859,0.8955,0.033,0.0
52661,unresolved,0.35733,331,166624019,0.0388,0.3846,0.065,0.03508
52662,unresolved,0.35733,26,3482091291,0.81074,0.0,19.936,0.91725
52664,no_patoshi_evidence,0.0,620,197310885,0.04594,0.7539,0.122,0.0
52666,no_patoshi_evidence,0.0,53,5424836,0.00126,0.9359,0.007,0.0
52668,added_probable,0.97442,498,3979347716,0.92651,0.0,18.758,0.9986
52673,added_robust,0.97442,448,1119171841,0.26058,0.0,18.758,0.9986
52675,no_patoshi_evidence,0.0,17,4075179,0.00095,0.5571,0.003,0.0
52679,added_probable,0.97442,350,2373177114,0.55255,0.0,18.758,0.9986
52680,no_patoshi_evidence,0.0,1886,420806464,0.09798,0.619,0.245,0.0
52682,no_patoshi_evidence,0.0,752,55228864,0.01286,0.9258,0.122,0.0
52683,no_patoshi_evidence,0.0,871,163540398,0.03808,0.8164,0.122,0.0
52684,no_patoshi_evidence,0.0,150,59166429,0.01378,0.6045,0.033,0.0
52687,unresolved,0.35733,996,560058670,0.1304,0.0195,17.683,0.90768
52689,added_probable,0.97442,64,4119141125,0.95906,0.0,19.769,0.99867
52690,added_probable,0.97442,1335,75653385,0.01761,0.9048,0.245,0.90319
52697,no_patoshi_evidence,9e-05,462,231259844,0.05384,0.1302,0.065,1e-05
52698,no_patoshi_evidence,0.0,71,11026680,0.00257,0.9375,0.012,0.0
52699,no_patoshi_evidence,0.00137,137,29706973,0.00692,0.9237,0.033,4e-05
52705,added_robust,0.97442,234,465513225,0.10839,0.0,19.377,0.99865
52707,unresolved,0.00056,190,74180128,0.01727,0.4068,0.033,2e-05
52709,no_patoshi_evidence,0.00137,927,109673552,0.02554,0.8906,0.122,0.00017
52710,added_probable,0.97442,213,3097176341,0.72112,0.0,19.377,0.99865
52711,no_patoshi_evidence,0.0,291,54235867,0.01263,0.6893,0.033,0.0
52712,no_patoshi_evidence,0.0,1153,146988430,0.03422,0.832,0.122,0.0
52715,no_patoshi_evidence,0.0,1118,407260132,0.09482,0.1406,0.122,0.0
52717,added_probable,0.97442,840,236581396,0.05508,0.6055,0.122,0.82287
52719,added_probable,0.97442,145,3506095123,0.81633,0.0,19.377,0.99865
52721,added_probable,0.97442,423,116652296,0.02716,0.6657,0.065,0.71355
52725,unresolved,0.00056,397,68810760,0.01602,0.8343,0.065,4e-05
52726,added_probable,0.97442,1342,1555916041,0.36226,0.0,15.347,0.99829
52727,no_patoshi_evidence,0.0,785,245464456,0.05715,0.5703,0.122,0.0
52728,unresolved,0.35733,1282,398731547,0.09284,0.619,0.245,0.11985
52731,no_patoshi_evidence,0.0,310,86116491,0.02005,0.7929,0.065,0.0
52732,added_probable,0.97442,94,2104188674,0.48992,0.0,19.769,0.99867
52734,no_patoshi_evidence,9e-05,957,680135484,0.15836,0.0039,17.683,0.00159
52736,no_patoshi_evidence,9e-05,256,40788060,0.0095,0.8588,0.033,0.0
52741,no_patoshi_evidence,0.08581,1543,80750677,0.0188,0.9048,0.245,0.02247
52746,unresolved,0.00056,1062,608022330,0.14157,0.0078,17.683,0.00981
52747,no_patoshi_evidence,9e-05,37,22914481,0.00534,0.1026,0.007,0.0
52748,no_patoshi_evidence,0.0,1506,129072821,0.03005,0.881,0.245,0.0
52749,added_robust,0.97442,572,54422038,0.01267,0.8728,0.065,0.71355
52752,no_patoshi_evidence,0.08581,1082,185021551,0.04308,0.7812,0.122,0.01132
52757,unresolved,0.00056,577,315755304,0.07352,0.0178,18.758,0.0104
52759,no_patoshi_evidence,0.00137,754,209270122,0.04872,0.7188,0.122,0.00017
52761,added_robust,0.97442,688,1512329216,0.35212,0.0,17.683,0.99852
52762,no_patoshi_evidence,0.0,547,184993926,0.04307,0.2988,0.065,0.0
52764,no_patoshi_evidence,0.0,465,203875165,0.04747,0.216,0.065,0.0
52766,no_patoshi_evidence,0.00137,496,89470888,0.02083,0.7899,0.065,9e-05
52767,added_robust,0.97442,571,3185122817,0.74159,0.0,18.758,0.9986
52773,added_probable,0.97442,167,3582333446,0.83408,0.0,19.377,0.99865
52774,no_patoshi_evidence,0.00137,1689,130917854,0.03048,0.881,0.245,0.00034
52775,added_probable,0.97442,90,2098839556,0.48867,0.0,19.769,0.99867
52778,no_patoshi_evidence,0.00137,82,24205750,0.00564,0.6016,0.012,2e-05
52781,added_robust,0.97442,30,3678027284,0.85636,0.0,19.867,0.99868
52783,no_patoshi_evidence,0.0,55,21405175,0.00498,0.1154,0.007,0.0
52784,no_patoshi_evidence,0.0,623,250374392,0.05829,0.5508,0.122,0.0
52788,no_patoshi_evidence,0.0,1609,221292022,0.05152,0.8214,0.245,0.0
52790,unresolved,0.00056,205,124012330,0.02887,0.0706,0.033,2e-05
52791,added_probable,0.97442,20,3067924500,0.71431,0.0,19.936,0.99868
52792,no_patoshi_evidence,0.0,716,50532749,0.01177,0.9258,0.122,0.0
52796,added_probable,0.97442,39,2808665363,0.65394,0.0,19.867,0.99868
52799,no_patoshi_evidence,0.0,178,92623278,0.02157,0.2345,0.033,0.0
52802,no_patoshi_evidence,0.00137,1004,333305009,0.0776,0.3242,0.122,0.00017
52803,no_patoshi_evidence,0.0,1,134884,3e-05,0.9571,0.003,0.0
52807,no_patoshi_evidence,0.00137,1663,449368130,0.10463,0.5952,0.245,0.00034
52808,added_robust,0.97442,433,3091210261,0.71973,0.0,18.758,0.9986
52809,unresolved,0.35733,1644,2340115462,0.54485,0.0,15.347,0.8951
52810,no_patoshi_evidence,0.00137,189,59253403,0.0138,0.6017,0.033,4e-05
52811,no_patoshi_evidence,0.00137,155,29744037,0.00693,0.9237,0.033,4e-05
52812,no_patoshi_evidence,0.00137,1054,320638424,0.07465,0.3477,0.122,0.00017
52816,unresolved,0.00056,684,43486772,0.01013,0.9453,0.122,7e-05
52818,no_patoshi_evidence,0.00137,124,33946005,0.0079,0.9068,0.033,4e-05
52820,added_probable,0.97442,201,3025310979,0.70439,0.0,19.377,0.99865
52821,no_patoshi_evidence,0.0,209,100607213,0.02342,0.178,0.033,0.0
52823,unresolved,0.35733,66,17511956,0.00408,0.8047,0.012,0.00671
52826,added_probable,0.97442,374,2263196424,0.52694,0.0,18.758,0.9986
52831,no_patoshi_evidence,0.0,6,3152779,0.00073,0.6429,0.003,0.0
52832,no_patoshi_evidence,0.00137,221,64862686,0.0151,0.5056,0.033,4e-05
52833,added_probable,0.97442,414,3368886036,0.78438,0.0,18.758,0.9986
52836,no_patoshi_evidence,0.0,161,114579657,0.02668,0.096,0.033,0.0
52840,unresolved,0.35733,557,69547041,0.01619,0.8314,0.065,0.03508
52841,unresolved,0.35733,289,1892198916,0.44056,0.0,19.377,0.91507
52842,no_patoshi_evidence,9e-05,1276,32654211,0.0076,0.9524,0.245,2e-05
52843,no_patoshi_evidence,9e-05,67,177576098,0.04135,0.0,19.769,0.00178
52844,added_probable,0.97442,449,671972100,0.15646,0.0,18.758,0.9986
52849,no_patoshi_evidence,0.0,534,290864338,0.06772,0.0325,18.758,2e-05
52850,no_patoshi_evidence,0.00137,122,29987908,0.00698,0.9237,0.033,4e-05
52851,no_patoshi_evidence,0.0,-288,38268905,0.00891,,,0.0
52853,no_patoshi_evidence,9e-05,711,151772687,0.03534,0.8281,0.122,1e-05
52854,added_probable,0.97442,-11,449280,0.0001,,,0.97442
52855,no_patoshi_evidence,0.0,412,235103714,0.05474,0.1243,0.065,0.0
52857,no_patoshi_evidence,0.0,45,33981281,0.00791,0.0256,19.867,2e-05
52861,added_probable,0.97442,260,742291226,0.17283,0.0,19.377,0.99865
52863,no_patoshi_evidence,9e-05,1046,463563519,0.10793,0.0742,0.122,1e-05
52867,no_patoshi_evidence,0.00137,541,223747178,0.0521,0.1509,0.065,9e-05
52870,added_probable,0.97442,298,2892335384,0.67342,0.0,19.377,0.99865
52871,no_patoshi_evidence,0.0,314,110051397,0.02562,0.6953,0.065,0.0
52873,no_patoshi_evidence,0.00137,255,51433787,0.01198,0.7203,0.033,4e-05
52875,unresolved,0.00056,266,137300026,0.03197,0.0424,19.377,0.01074
52878,added_probable,0.97442,21,221518358,0.05158,0.0,19.936,0.99868
52880,no_patoshi_evidence,0.0,211,81061769,0.01887,0.339,0.033,0.0
52882,no_patoshi_evidence,0.00137,1202,660856751,0.15387,0.3452,0.245,0.00034
52884,unresolved,0.35733,1068,424854019,0.09892,0.1094,0.122,0.0635
52885,no_patoshi_evidence,0.00137,908,425490274,0.09907,0.1094,0.122,0.00017
52889,no_patoshi_evidence,0.08581,419,269669865,0.06279,0.0473,18.758,0.63777
52891,unresolved,0.35733,1548,3608412952,0.84015,0.0,15.347,0.8951
52894,no_patoshi_evidence,0.00137,15,5273250,0.00123,0.4571,0.003,0.0
52898,no_patoshi_evidence,0.0,1843,119657595,0.02786,0.881,0.245,0.0
52903,no_patoshi_evidence,0.00137,1051,17840462,0.00415,0.9648,0.122,0.00017
52905,added_probable,0.97442,447,2657821701,0.61882,0.0,18.758,0.9986
52906,no_patoshi_evidence,0.00137,1882,419470458,0.09767,0.619,0.245,0.00034
52907,no_patoshi_evidence,0.0,151,72354376,0.01685,0.4237,0.033,0.0
52912,no_patoshi_evidence,0.0,-9,777052,0.00018,,,0.0
52913,no_patoshi_evidence,0.0,760,394476105,0.09185,0.1719,0.122,0.0
52914,added_probable,0.97442,387,3193500423,0.74354,0.0,18.758,0.9986
52915,no_patoshi_evidence,0.00137,336,118728276,0.02764,0.6479,0.065,9e-05
52920,added_probable,0.97442,259,3703315740,0.86225,0.0,19.377,0.99865
52924,no_patoshi_evidence,0.00137,26,14553502,0.00339,0.0429,19.936,0.02662
52926,no_patoshi_evidence,0.00137,977,275928163,0.06424,0.4609,0.122,0.00017
52927,added_probable,0.97442,126,2869315081,0.66806,0.0,19.377,0.99865
52928,no_patoshi_evidence,0.00137,1907,469250480,0.10926,0.5833,0.245,0.00034
52930,no_patoshi_evidence,0.0,-140,96229239,0.02241,,,0.0
52935,unresolved,0.00056,1405,764861995,0.17808,0.1786,0.245,0.00014
52936,added_probable,0.97442,146,4275373315,0.99544,0.0,19.377,0.99865
52937,unresolved,0.00056,781,266007089,0.06193,0.4844,0.122,7e-05
52939,no_patoshi_evidence,0.00137,1137,451580496,0.10514,0.0781,0.122,0.00017
52941,no_patoshi_evidence,0.0,1580,548015801,0.12759,0.4643,0.245,0.0
52945,added_probable,0.97442,512,2499910663,0.58206,0.0,18.758,0.9986
52948,no_patoshi_evidence,0.0,97,70119395,0.01633,0.0,19.769,2e-05
52949,no_patoshi_evidence,0.00137,1266,612184654,0.14254,0.3929,0.245,0.00034
52951,no_patoshi_evidence,0.00137,1024,310638037,0.07233,0.3633,0.122,0.00017
52953,no_patoshi_evidence,0.0,21,3185492,0.00074,0.6429,0.003,0.0
52955,added_probable,0.97442,515,16790535,0.00391,0.9675,0.065,0.71355
52956,no_patoshi_evidence,0.0,591,229174144,0.05336,0.1391,0.065,0.0
52957,no_patoshi_evidence,0.00137,1220,42222573,0.00983,0.9524,0.245,0.00034
52959,no_patoshi_evidence,0.0,62,13939107,0.00325,0.8984,0.012,0.0
52960,no_patoshi_evidence,0.00137,657,272955625,0.06355,0.4727,0.122,0.00017
52961,added_probable,0.97442,238,1005196571,0.23404,0.0,19.377,0.99865
52963,no_patoshi_evidence,0.0,454,192931426,0.04492,0.2663,0.065,0.0
52967,added_probable,0.97442,1068,158035988,0.0368,0.8203,0.122,0.82287
52968,no_patoshi_evidence,0.00137,642,157244634,0.03661,0.8203,0.122,0.00017
52969,unresolved,0.00056,2040,475320610,0.11067,0.5595,0.245,0.00014
52970,no_patoshi_evidence,0.00137,830,210741417,0.04907,0.7188,0.122,0.00017
52971,no_patoshi_evidence,0.00137,557,233491881,0.05436,0.1243,0.065,9e-05
52973,added_probable,0.97442,616,2910473242,0.67765,0.0,17.683,0.99852
52977,no_patoshi_evidence,0.0,649,191848408,0.04467,0.7695,0.122,0.0
52979,unresolved,0.35733,279,1634135571,0.38048,0.0,19.377,0.91507
52981,no_patoshi_evidence,0.0,290,159025147,0.03703,0.0226,19.377,2e-05
52982,no_patoshi_evidence,0.0,1015,354410339,0.08252,0.2656,0.122,0.0
52983,no_patoshi_evidence,0.0,426,235422551,0.05481,0.1213,0.065,0.0
52991,added_robust,0.97442,143,1059762688,0.24675,0.0,19.377,0.99865
52993,no_patoshi_evidence,0.00137,435,182503485,0.04249,0.3077,0.065,9e-05
52994,unresolved,0.26212,103,2474445065,0.57613,0.0,19.769,0.87535
52995,no_patoshi_evidence,0.00087,44,14657859,0.00341,0.3974,0.007,1e-05
52997,unresolved,0.26212,122,27957797,0.00651,0.9294,0.033,0.01151
52998,unresolved,0.00036,-36,2528041,0.00059,,,0.00036
53004,no_patoshi_evidence,0.0,1568,86428737,0.02012,0.881,0.245,0.0
53005,no_patoshi_evidence,0.0,1267,76460417,0.0178,0.9048,0.245,0.0
53007,unresolved,0.35733,764,1788736538,0.41647,0.0,17.683,0.90768
53008,unresolved,0.00056,344,79473442,0.0185,0.8107,0.065,4e-05
53011,unresolved,0.35733,211,4162559001,0.96917,0.0,19.377,0.91507
53016,no_patoshi_evidence,0.00137,352,135257794,0.03149,0.5385,0.065,9e-05
53017,no_patoshi_evidence,0.00137,990,407380833,0.09485,0.1406,0.122,0.00017
53019,no_patoshi_evidence,0.0,731,404691284,0.09422,0.1445,0.122,0.0
53020,added_probable,0.97442,151,982152986,0.22868,0.0,19.377,0.99865
53021,no_patoshi_evidence,0.00137,612,168981107,0.03934,0.8008,0.122,0.00017
53022,no_patoshi_evidence,0.0,495,17321822,0.00403,0.9675,0.065,0.0
53023,unresolved,0.35733,338,105200165,0.02449,0.7219,0.065,0.03508
53027,no_patoshi_evidence,0.0,615,242278549,0.05641,0.582,0.122,0.0
53031,no_patoshi_evidence,0.0,135,67054290,0.01561,0.4746,0.033,0.0
53033,no_patoshi_evidence,0.0,422,50912387,0.01185,0.8817,0.065,0.0
53035,no_patoshi_evidence,9e-05,98,36207976,0.00843,0.3359,0.012,0.0
53036,added_probable,0.97442,227,2552373015,0.59427,0.0,19.377,0.99865
53040,no_patoshi_evidence,0.0,38,14179054,0.0033,0.4615,0.007,0.0
53042,added_probable,0.97442,1477,253130758,0.05894,0.7738,0.245,0.90319
53045,no_patoshi_evidence,0.0,300,58941069,0.01372,0.8669,0.065,0.0
53048,no_patoshi_evidence,0.0,1156,371225471,0.08643,0.2305,0.122,0.0
53050,no_patoshi_evidence,0.0,620,344908110,0.08031,0.3008,0.122,0.0
53051,no_patoshi_evidence,0.00137,465,74647289,0.01738,0.8225,0.065,9e-05
53052,no_patoshi_evidence,0.0,42,6024089,0.0014,0.8974,0.007,0.0
53054,no_patoshi_evidence,0.0,135,39883133,0.00929,0.8644,0.033,0.0
53056,unresolved,0.35733,143,4131232006,0.96188,0.0,19.377,0.91507
53060,no_patoshi_evidence,0.0,1142,7294323,0.0017,0.9844,0.122,0.0
53065,added_robust,0.97442,411,3942029572,0.91783,0.0,18.758,0.9986
53067,no_patoshi_evidence,0.0,163,22223994,0.00517,0.952,0.033,0.0
53068,no_patoshi_evidence,0.00137,565,91993744,0.02142,0.7811,0.065,9e-05
53071,no_patoshi_evidence,0.0,680,359540829,0.08371,0.2539,0.122,0.0
53074,added_robust,0.97442,894,3714332700,0.86481,0.0,17.683,0.99852
53076,no_patoshi_evidence,0.0,596,169552368,0.03948,0.3639,0.065,0.0
53077,no_patoshi_evidence,0.0,141,57670236,0.01343,0.6299,0.033,0.0
53083,added_probable,0.97442,190,1922336026,0.44758,0.0,19.377,0.99865
53087,no_patoshi_evidence,0.0,1023,369686455,0.08607,0.2305,0.122,0.0
53090,no_patoshi_evidence,0.0,658,608690826,0.14172,0.0078,17.683,2e-05
53091,added_probable,0.97442,132,3212439067,0.74795,0.0,19.377,0.99865
53092,no_patoshi_evidence,0.0,66,27349419,0.00637,0.5781,0.012,0.0
53095,no_patoshi_evidence,0.00137,342,169922211,0.03956,0.3639,0.065,9e-05
53098,unresolved,0.00056,617,236782601,0.05513,0.6055,0.122,7e-05
53101,added_probable,0.97442,803,68507930,0.01595,0.9219,0.122,0.82287
53102,no_patoshi_evidence,0.0,325,107403860,0.02501,0.7071,0.065,0.0
53103,no_patoshi_evidence,0.0,51,16256626,0.00379,0.3333,0.007,0.0
53104,unresolved,0.35733,987,80257304,0.01869,0.9141,0.122,0.0635
53110,no_patoshi_evidence,0.0,265,92125933,0.02145,0.2458,0.033,0.0
53111,added_probable,0.97442,1461,1296341014,0.30183,0.0119,15.347,0.99829
53113,no_patoshi_evidence,0.0,317,273513438,0.06368,0.0414,18.758,2e-05
53116,no_patoshi_evidence,0.0,160,69492695,0.01618,0.4463,0.033,0.0
53117,added_robust,0.97442,313,72046876,0.01677,0.8284,0.065,0.71355
53118,no_patoshi_evidence,0.0,610,223599455,0.05206,0.6641,0.122,0.0
53125,no_patoshi_evidence,0.00137,11,5220235,0.00122,0.4571,0.003,0.0
53126,added_probable,0.97442,455,2420392982,0.56354,0.0,18.758,0.9986
53129,no_patoshi_evidence,0.0,372,55377522,0.01289,0.8669,0.065,0.0
53130,no_patoshi_evidence,0.00137,729,182559959,0.04251,0.7852,0.122,0.00017
53131,no_patoshi_evidence,0.0,106,34884833,0.00812,0.375,0.012,0.0
53133,added_robust,0.97442,565,1730114818,0.40282,0.0,18.758,0.9986
53135,unresolved,0.00056,1212,80593955,0.01876,0.9048,0.245,0.00014
53136,unresolved,0.00056,100,34174773,0.00796,0.3828,0.012,1e-05
53137,unresolved,0.00056,757,398696219,0.09283,0.1484,0.122,7e-05
53140,added_probable,0.97442,20,3925596165,0.914,0.0,19.936,0.99868
53146,no_patoshi_evidence,0.00137,37,7770519,0.00181,0.8462,0.007,1e-05
53150,added_probable,0.97442,1177,3954992409,0.92084,0.0,17.683,0.99852
53155,no_patoshi_evidence,0.0,830,310034119,0.07219,0.3633,0.122,0.0
53157,no_patoshi_evidence,0.0,576,98427022,0.02292,0.7604,0.065,0.0
53158,no_patoshi_evidence,0.0,1128,551815743,0.12848,0.0234,17.683,2e-05
53161,added_probable,0.97442,120,45276928,0.01054,0.8107,0.033,0.55538
53170,no_patoshi_evidence,0.0,1287,287232377,0.06688,0.7381,0.245,0.0
53171,added_probable,0.97442,475,1205684992,0.28072,0.0,18.758,0.9986
53173,no_patoshi_evidence,0.0,139,130841257,0.03046,0.0621,0.033,0.0
53174,no_patoshi_evidence,0.0,521,82030031,0.0191,0.8077,0.065,0.0
53177,no_patoshi_evidence,0.0,541,94932754,0.0221,0.7692,0.065,0.0
53181,added_robust,0.97442,178,3494678532,0.81367,0.0,19.377,0.99865
53182,no_patoshi_evidence,0.00137,840,265681287,0.06186,0.4844,0.122,0.00017
53183,no_patoshi_evidence,0.0,1680,886206525,0.20634,0.0833,0.245,0.0
53184,no_patoshi_evidence,0.00137,65,21213105,0.00494,0.7031,0.012,2e-05
53186,added_robust,0.97442,1068,134745877,0.03137,0.8516,0.122,0.82287
53188,no_patoshi_evidence,0.0,1667,62184319,0.01448,0.9405,0.245,0.0
53191,added_probable,0.97442,499,1769619220,0.41202,0.0,18.758,0.9986
53192,no_patoshi_evidence,0.0,836,433030249,0.10082,0.1055,0.122,0.0
53197,no_patoshi_evidence,0.0,578,202509071,0.04715,0.2189,0.065,0.0
53198,no_patoshi_evidence,0.00137,63,19480197,0.00454,0.7422,0.012,2e-05
53200,added_robust,0.97442,629,3623477781,0.84366,0.0,17.683,0.99852
53205,added_probable,0.97442,38,1263199235,0.29411,0.0,19.867,0.99868
53206,no_patoshi_evidence,0.0,613,569882987,0.13269,0.0195,17.683,2e-05
53207,no_patoshi_evidence,0.0,47,23352427,0.00544,0.1026,0.007,0.0
53209,added_probable,0.97442,713,245353747,0.05713,0.5703,0.122,0.82287
53210,no_patoshi_evidence,0.00137,488,98193031,0.02286,0.7604,0.065,9e-05
53211,no_patoshi_evidence,0.0,1204,197246713,0.04593,0.8333,0.245,0.0
53212,no_patoshi_evidence,0.00137,906,309880467,0.07215,0.3633,0.122,0.00017
53216,added_probable,0.97442,194,3752183317,0.87362,0.0,19.377,0.99865
53217,no_patoshi_evidence,0.0,640,11399496,0.00265,0.9766,0.122,0.0
53218,unresolved,0.00056,1434,314009123,0.07311,0.7381,0.245,0.00014
53219,no_patoshi_evidence,0.0,299,115327977,0.02685,0.096,0.033,0.0
53224,added_robust,0.97442,175,2546009112,0.59279,0.0,19.377,0.99865
53225,unresolved,0.00056,510,137040947,0.03191,0.5385,0.065,4e-05
53227,no_patoshi_evidence,0.00137,58,56689514,0.0132,0.0256,19.867,0.02653
53228,no_patoshi_evidence,0.0,1536,455670419,0.10609,0.5952,0.245,0.0
53231,no_patoshi_evidence,0.00137,209,69847994,0.01626,0.4463,0.033,4e-05
53232,no_patoshi_evidence,0.0,564,142117019,0.03309,0.5178,0.065,0.0
53233,no_patoshi_evidence,0.0,504,110759638,0.02579,0.6953,0.065,0.0
53234,no_patoshi_evidence,0.0,1171,1115344857,0.25969,0.0,17.683,2e-05
53235,unresolved,0.00056,84,15743262,0.00367,0.8516,0.012,1e-05
53236,no_patoshi_evidence,0.00137,964,279656866,0.06511,0.4492,0.122,0.00017
53238,added_robust,0.97442,2611,554166535,0.12903,0.4643,0.245,0.90319
53243,no_patoshi_evidence,0.00137,146,4040041,0.00094,0.9915,0.033,4e-05
53248,unresolved,0.35733,662,839670021,0.1955,0.0039,17.683,0.90768
53252,no_patoshi_evidence,0.00137,1342,418918565,0.09754,0.619,0.245,0.00034
53254,no_patoshi_evidence,0.0,864,148314960,0.03453,0.832,0.122,0.0
53255,no_patoshi_evidence,0.0,55,172080494,0.04007,0.0,19.867,2e-05
53256,unresolved,0.35733,852,38128424,0.00888,0.9492,0.122,0.0635
53257,added_probable,0.97442,350,3192890120,0.7434,0.0,18.758,0.9986
53258,no_patoshi_evidence,0.0,483,42492405,0.00989,0.9053,0.065,0.0
53259,no_patoshi_evidence,0.0,41,7226700,0.00168,0.8718,0.007,0.0
53262,no_patoshi_evidence,0.0,1041,353371109,0.08228,0.2656,0.122,0.0
53263,no_patoshi_evidence,0.00137,1236,146272711,0.03406,0.881,0.245,0.00034
53264,no_patoshi_evidence,0.0,414,62133432,0.01447,0.8639,0.065,0.0
53265,no_patoshi_evidence,0.00137,708,120942674,0.02816,0.8672,0.122,0.00017
53268,no_patoshi_evidence,0.00137,308,67659022,0.01575,0.8402,0.065,9e-05
53270,no_patoshi_evidence,0.0,46,14459482,0.00337,0.4231,0.007,0.0
53273,unresolved,0.35733,749,1862784026,0.43371,0.0,17.683,0.90768
53275,no_patoshi_evidence,0.00137,156,61980824,0.01443,0.5678,0.033,4e-05
53278,no_patoshi_evidence,0.00137,207,124535417,0.029,0.0678,0.033,4e-05
53281,added_probable,0.97442,140,1957267479,0.45571,0.0,19.377,0.99865
53282,no_patoshi_evidence,0.00137,27,32342593,0.00753,0.0143,19.936,0.02662
53285,no_patoshi_evidence,0.00137,304,106408576,0.02478,0.713,0.065,9e-05
53286,no_patoshi_evidence,0.0,79,25741440,0.00599,0.5781,0.012,0.0
53287,no_patoshi_evidence,0.0,19,3216491,0.00075,0.6143,0.003,0.0
53288,no_patoshi_evidence,0.0,328,127472212,0.02968,0.6006,0.065,0.0
53290,unresolved,0.35733,159,39175196,0.00912,0.8757,0.033,0.01791
53292,added_probable,0.97442,1164,1016406299,0.23665,0.0,17.683,0.99852
53295,no_patoshi_evidence,0.00137,843,361408212,0.08415,0.2461,0.122,0.00017
53297,no_patoshi_evidence,0.0,762,282182031,0.0657,0.4297,0.122,0.0
53298,no_patoshi_evidence,0.0,65,16050392,0.00374,0.8516,0.012,0.0
53299,added_probable,0.97442,1092,177538841,0.04134,0.7852,0.122,0.82287
53302,added_probable,0.97442,660,3429939209,0.79859,0.0,17.683,0.99852
53303,unresolved,0.00056,-245,52614665,0.01225,,,0.00056
53308,no_patoshi_evidence,0.00137,246,71459921,0.01664,0.435,0.033,4e-05
53310,unresolved,0.00056,611,50332983,0.01172,0.9258,0.122,7e-05
53312,added_probable,0.97442,1193,466344988,0.10858,0.0664,0.122,0.82287
53314,no_patoshi_evidence,0.0,288,23215958,0.00541,0.952,0.033,0.0
53316,no_patoshi_evidence,0.0,328,239808271,0.05583,0.1065,0.065,0.0
53318,added_robust,0.97442,546,3655563548,0.85113,0.0,18.758,0.9986
53329,added_probable,0.97442,29,1982299137,0.46154,0.0,19.936,0.99868
53330,no_patoshi_evidence,0.00137,152,63279705,0.01473,0.5424,0.033,4e-05
53331,no_patoshi_evidence,0.0,1869,172983029,0.04028,0.8452,0.245,0.0
53334,no_patoshi_evidence,0.0,145,74962840,0.01745,0.3983,0.033,0.0
53335,unresolved,0.35733,820,263889701,0.06144,0.4922,0.122,0.0635
53339,unresolved,0.35733,1066,1590993948,0.37043,0.0,17.683,0.90768
53340,no_patoshi_evidence,0.00137,475,197341143,0.04595,0.2426,0.065,9e-05
53341,no_patoshi_evidence,9e-05,960,153242738,0.03568,0.8242,0.122,1e-05
53342,no_patoshi_evidence,0.00137,1717,447818869,0.10427,0.5952,0.245,0.00034
53350,no_patoshi_evidence,0.0,312,108714764,0.02531,0.6982,0.065,0.0
53356,no_patoshi_evidence,0.0,173,80577684,0.01876,0.3475,0.033,0.0
53362,no_patoshi_evidence,0.00137,912,173775314,0.04046,0.793,0.122,0.00017
53363,unresolved,0.35733,9,188747549,0.04395,0.0,19.936,0.91725
53364,no_patoshi_evidence,0.00137,-11,13108307,0.00305,,,0.00137
53367,no_patoshi_evidence,9e-05,1124,656233124,0.15279,0.0078,17.683,0.00159
53369,unresolved,0.35733,258,219449115,0.05109,0.0028,19.377,0.91507
53371,no_patoshi_evidence,9e-05,151,94727038,0.02206,0.209,0.033,0.0
53372,unresolved,0.00056,21,589346,0.00014,0.8857,0.003,0.0
53374,no_patoshi_evidence,9e-05,127,66942043,0.01559,0.4746,0.033,0.0
53376,no_patoshi_evidence,0.0,615,16425447,0.00382,0.9648,0.122,0.0
53378,added_probable,0.97442,242,3356425492,0.78148,0.0,19.377,0.99865
53380,no_patoshi_evidence,0.0,328,127441120,0.02967,0.6006,0.065,0.0
53384,unresolved,0.35733,-5,9634102,0.00224,,,0.35733
53385,no_patoshi_evidence,0.0,178,16597380,0.00386,0.9746,0.033,0.0
53386,no_patoshi_evidence,9e-05,991,341142868,0.07943,0.3164,0.122,1e-05
53387,unresolved,0.35733,25,3791034389,0.88267,0.0,19.936,0.91725
53389,no_patoshi_evidence,0.08581,221,67767218,0.01578,0.4718,0.033,0.00307
53390,no_patoshi_evidence,0.0,28,12005756,0.0028,0.1,0.003,0.0
53398,added_probable,0.97442,899,3548866816,0.82628,0.0,17.683,0.99852
53399,no_patoshi_evidence,0.00137,140,51760860,0.01205,0.7175,0.033,4e-05
53401,no_patoshi_evidence,0.0,125,27003069,0.00629,0.9294,0.033,0.0
53403,no_patoshi_evidence,0.00137,351,158368325,0.03687,0.4053,0.065,9e-05
53405,no_patoshi_evidence,0.0,350,111685829,0.026,0.6923,0.065,0.0
53407,unresolved,0.00056,226,64511783,0.01502,0.5113,0.033,2e-05
53408,unresolved,0.00056,74,16816416,0.00392,0.8047,0.012,1e-05
53409,added_probable,0.97442,243,163799061,0.03814,0.0141,19.377,0.99865
53411,unresolved,0.00056,17,8477474,0.00197,0.2714,0.003,0.0
53415,no_patoshi_evidence,0.0,-49,275772270,0.06421,,,0.0
53416,no_patoshi_evidence,0.0,901,47103694,0.01097,0.9336,0.122,0.0
53418,unresolved,0.35733,136,1046683393,0.2437,0.0,19.377,0.91507
53420,no_patoshi_evidence,0.0,112,11332535,0.00264,0.9297,0.012,0.0
53422,no_patoshi_evidence,9e-05,206,82400749,0.01919,0.3192,0.033,0.0
53426,no_patoshi_evidence,0.0,25,4255613,0.00099,0.5429,0.003,0.0
53427,unresolved,0.35733,630,229169940,0.05336,0.6406,0.122,0.0635
53431,no_patoshi_evidence,0.08581,582,134295633,0.03127,0.5444,0.065,0.0061
53433,added_probable,0.97442,111,2731950361,0.63608,0.0,19.769,0.99867
53434,no_patoshi_evidence,0.08581,81,31624783,0.00736,0.4688,0.012,0.00114
53435,no_patoshi_evidence,0.0,1675,698096547,0.16254,0.25,0.245,0.0
53436,no_patoshi_evidence,0.00137,1643,64934302,0.01512,0.9286,0.245,0.00034
53437,no_patoshi_evidence,0.0,728,140119225,0.03262,0.8398,0.122,0.0
53438,added_probable,0.97442,116,299056917,0.06963,0.0,19.769,0.99867
53442,no_patoshi_evidence,0.08581,425,191404713,0.04456,0.2781,0.065,0.0061
53443,added_probable,0.97442,926,528364052,0.12302,0.0312,17.683,0.99852
53444,no_patoshi_evidence,0.00137,176,73853453,0.0172,0.4068,0.033,4e-05
53445,no_patoshi_evidence,0.00137,170,48929947,0.01139,0.7627,0.033,4e-05
53450,unresolved,0.35733,1616,1237399578,0.2881,0.0119,15.347,0.8951
53453,no_patoshi_evidence,0.0,685,204281661,0.04756,0.7305,0.122,0.0
53459,no_patoshi_evidence,0.0,1093,335537252,0.07812,0.3242,0.122,0.0
53460,no_patoshi_evidence,0.0,56,33098584,0.00771,0.0256,19.867,2e-05
53461,no_patoshi_evidence,0.00137,691,417769169,0.09727,0.1172,0.122,0.00017
53462,added_probable,0.97442,637,3079372039,0.71697,0.0,17.683,0.99852
53463,no_patoshi_evidence,0.0,121,37782615,0.0088,0.8927,0.033,0.0
53465,no_patoshi_evidence,0.00137,393,124704168,0.02903,0.6213,0.065,9e-05
53470,added_probable,0.97442,189,4256562968,0.99106,0.0,19.377,0.99865
53471,no_patoshi_evidence,0.0,-619,47889228,0.01115,,,0.0
53472,no_patoshi_evidence,0.0,1097,84882505,0.01976,0.9141,0.122,0.0
53473,no_patoshi_evidence,0.0,114,17967506,0.00418,0.8047,0.012,0.0
53478,no_patoshi_evidence,0.0,1291,25275091,0.00588,0.9643,0.245,0.0
53480,no_patoshi_evidence,0.0,1025,244241015,0.05687,0.5742,0.122,0.0
53482,no_patoshi_evidence,0.00137,500,144684134,0.03369,0.5,0.065,9e-05
53484,added_robust,0.97442,1,4171446555,0.97124,0.0,19.936,0.99868
53486,no_patoshi_evidence,0.00137,11,921713,0.00021,0.8857,0.003,0.0
53487,no_patoshi_evidence,0.0,688,111837821,0.02604,0.8867,0.122,0.0
53488,added_robust,0.97442,120,2421551112,0.56381,0.0,19.377,0.99865
53489,no_patoshi_evidence,0.0,1687,796288714,0.1854,0.1667,0.245,0.0
53490,unresolved,0.00056,131,10193668,0.00237,0.9802,0.033,2e-05
53492,no_patoshi_evidence,0.00137,361,128733435,0.02997,0.5976,0.065,9e-05
53495,added_probable,0.97442,111,2584956186,0.60186,0.0,19.769,0.99867
53501,added_probable,0.97442,878,3728031004,0.868,0.0,17.683,0.99852
53504,no_patoshi_evidence,0.0,564,525511323,0.12236,0.0,18.758,2e-05
53505,added_probable,0.97442,220,3209249025,0.74721,0.0,19.377,0.99865
53509,added_robust,0.97442,8,4292395035,0.9994,0.0,19.936,0.99868
53510,no_patoshi_evidence,0.0,101,76337026,0.01777,0.0,19.769,2e-05
53511,no_patoshi_evidence,0.00137,830,351272020,0.08179,0.2812,0.122,0.00017
53512,no_patoshi_evidence,0.0,2240,333742243,0.07771,0.7143,0.245,0.0
53514,no_patoshi_evidence,0.0,552,191239295,0.04453,0.2781,0.065,0.0
53517,no_patoshi_evidence,0.00137,447,141885088,0.03304,0.5178,0.065,9e-05
53519,no_patoshi_evidence,0.0,-748,3622601,0.00084,,,0.0
53521,added_probable,0.97442,943,3097396757,0.72117,0.0,17.683,0.99852
53523,unresolved,0.00056,736,30543414,0.00711,0.957,0.122,7e-05
53527,no_patoshi_evidence,0.00137,356,120903401,0.02815,0.645,0.065,9e-05
53529,no_patoshi_evidence,0.00137,281,28100831,0.00654,0.9294,0.033,4e-05
53530,no_patoshi_evidence,0.0,1499,296691273,0.06908,0.7381,0.245,0.0
53531,no_patoshi_evidence,0.0,1038,361171984,0.08409,0.2461,0.122,0.0
53533,unresolved,0.35733,368,104598558,0.02435,0.7308,0.065,0.03508
53534,added_probable,0.97442,124,3074238726,0.71578,0.0,19.377,0.99865
53538,unresolved,0.35733,407,1520050952,0.35391,0.0,18.758,0.91251
53541,no_patoshi_evidence,0.00137,133,63877229,0.01487,0.5311,0.033,4e-05
53542,no_patoshi_evidence,0.0,118,17046514,0.00397,0.8047,0.012,0.0
53544,no_patoshi_evidence,0.00137,215,23719501,0.00552,0.9492,0.033,4e-05
53547,no_patoshi_evidence,0.0,288,261102074,0.06079,0.0028,19.377,2e-05
53548,added_probable,0.97442,106,3651871004,0.85027,0.0,19.769,0.99867
53549,no_patoshi_evidence,0.0,102,26375502,0.00614,0.5781,0.012,0.0
53551,unresolved,0.35733,459,92928817,0.02164,0.7751,0.065,0.03508
53552,no_patoshi_evidence,0.00137,24,9196240,0.00214,0.2143,0.003,0.0
53553,added_probable,0.97442,400,3047416328,0.70953,0.0,18.758,0.9986
53555,no_patoshi_evidence,0.00137,16,2789780,0.00065,0.7,0.003,0.0
53560,no_patoshi_evidence,9e-05,70,12242823,0.00285,0.9062,0.012,0.0
53561,no_patoshi_evidence,0.00137,141,78931903,0.01838,0.3701,0.033,4e-05
53564,no_patoshi_evidence,0.00137,946,228066388,0.0531,0.6484,0.122,0.00017
53566,no_patoshi_evidence,0.0,286,122235265,0.02846,0.0706,0.033,0.0
53569,added_probable,0.97442,756,2906314772,0.67668,0.0,17.683,0.99852
53571,unresolved,0.00056,284,82642182,0.01924,0.3164,0.033,2e-05
53572,no_patoshi_evidence,0.00137,2,187614,4e-05,0.9429,0.003,0.0
53574,no_patoshi_evidence,0.00137,660,157539289,0.03668,0.8203,0.122,0.00017
53578,added_probable,0.97442,291,3387934722,0.78882,0.0,19.377,0.99865
53581,no_patoshi_evidence,0.00137,655,100521618,0.0234,0.8906,0.122,0.00017
53585,unresolved,0.00056,187,100116249,0.02331,0.178,0.033,2e-05
53588,no_patoshi_evidence,0.00137,342,141408326,0.03292,0.5207,0.065,9e-05
53591,no_patoshi_evidence,0.0,356,60608337,0.01411,0.8669,0.065,0.0
53593,added_probable,0.97442,56,1758140166,0.40935,0.0,19.867,0.99868
53594,unresolved,0.00056,112,16564007,0.00386,0.8047,0.012,1e-05
53599,unresolved,0.00056,278,123253523,0.0287,0.0706,0.033,2e-05
53600,added_probable,0.97442,910,4199456257,0.97776,0.0,17.683,0.99852
53601,no_patoshi_evidence,0.0,2766,631773782,0.1471,0.369,0.245,0.0
53603,no_patoshi_evidence,0.00137,171,65172385,0.01517,0.4944,0.033,4e-05
53604,no_patoshi_evidence,0.0,1078,469095167,0.10922,0.0664,0.122,0.0
53605,added_robust,0.97442,348,3722252290,0.86665,0.0,18.758,0.9986
53606,no_patoshi_evidence,0.0,991,514423235,0.11977,0.0312,17.683,2e-05
53607,unresolved,0.00056,166,43117870,0.01004,0.8362,0.033,2e-05
53611,no_patoshi_evidence,0.0,1687,139094144,0.03239,0.881,0.245,0.0
53615,added_probable,0.97442,1,1577600519,0.36731,0.0,19.936,0.99868
53616,unresolved,0.35733,822,312594459,0.07278,0.3633,0.122,0.0635
53617,added_probable,0.97442,437,2032590356,0.47325,0.0,18.758,0.9986
53621,added_probable,0.97442,29,1102960662,0.2568,0.0,19.936,0.99868
53624,no_patoshi_evidence,0.0,129,29459182,0.00686,0.9237,0.033,0.0
53625,no_patoshi_evidence,0.00137,218,160444812,0.03736,0.0226,19.377,0.02589
53629,no_patoshi_evidence,0.0,778,25894767,0.00603,0.9609,0.122,0.0
53630,no_patoshi_evidence,0.00137,291,139944542,0.03258,0.0424,19.377,0.02589
53631,added_robust,0.97442,269,3630751512,0.84535,0.0,19.377,0.99865
53632,no_patoshi_evidence,0.00137,764,205556418,0.04786,0.7266,0.122,0.00017
53633,no_patoshi_evidence,0.0,446,464528612,0.10816,0.0,18.758,2e-05
53635,no_patoshi_evidence,0.00137,978,369331183,0.08599,0.2344,0.122,0.00017
53636,added_robust,0.97442,454,821212949,0.1912,0.0,18.758,0.9986
53639,added_probable,0.97442,724,3313568791,0.7715,0.0,17.683,0.99852
53643,no_patoshi_evidence,0.0,137,62637374,0.01458,0.5537,0.033,0.0
53644,unresolved,0.35733,489,177810202,0.0414,0.3343,0.065,0.03508
53645,no_patoshi_evidence,0.0,255,59547152,0.01386,0.5989,0.033,0.0
53646,no_patoshi_evidence,0.00137,1066,407023513,0.09477,0.1406,0.122,0.00017
53647,unresolved,0.00056,-565,75199270,0.01751,,,0.00056
53650,no_patoshi_evidence,0.0,770,405199022,0.09434,0.1445,0.122,0.0
53651,unresolved,0.35733,305,141103878,0.03285,0.5237,0.065,0.03508
53652,unresolved,0.03712,608,140477449,0.03271,0.8398,0.122,0.00468
53653,unresolved,0.00056,1146,298614788,0.06953,0.375,0.122,7e-05
53654,added_probable,0.97442,1439,2988042268,0.69571,0.0,15.347,0.99829
53655,unresolved,0.35733,1160,671627029,0.15638,0.0039,17.683,0.90768
53657,added_probable,0.97442,9,2953569284,0.68768,0.0,19.936,0.99868
53658,no_patoshi_evidence,0.0,281,124162270,0.02891,0.0706,0.033,0.0
53659,no_patoshi_evidence,0.00137,190,80775354,0.01881,0.3475,0.033,4e-05
53660,added_probable,0.97442,1054,3241997832,0.75484,0.0,17.683,0.99852
53663,added_probable,0.97442,767,902265097,0.21007,0.0,17.683,0.99852
53664,no_patoshi_evidence,0.0,1584,333782722,0.07771,0.7143,0.245,0.0
53666,unresolved,0.35733,554,180877331,0.04211,0.3195,0.065,0.03508
53668,no_patoshi_evidence,0.0,912,426341609,0.09927,0.1094,0.122,0.0
53673,no_patoshi_evidence,0.00137,299,42606791,0.00992,0.839,0.033,4e-05
53675,no_patoshi_evidence,0.0,1666,577775598,0.13452,0.4524,0.245,0.0
53676,added_probable,0.97442,1147,2097389845,0.48834,0.0,17.683,0.99852
53677,unresolved,0.00056,44,6349605,0.00148,0.8846,0.007,0.0
53678,no_patoshi_evidence,0.0,121,65074683,0.01515,0.5,0.033,0.0
53679,unresolved,0.00056,338,118025516,0.02748,0.6598,0.065,4e-05
53682,no_patoshi_evidence,0.0,-3,274314,6e-05,,,0.0
53685,no_patoshi_evidence,0.0,2270,362524484,0.08441,0.6667,0.245,0.0
53686,no_patoshi_evidence,0.0,566,233288275,0.05432,0.1243,0.065,0.0
53688,unresolved,0.35733,633,1661229577,0.38679,0.0,17.683,0.90768
53693,no_patoshi_evidence,0.0,203,48488957,0.01129,0.7684,0.033,0.0
53694,no_patoshi_evidence,0.00137,751,16725389,0.00389,0.9648,0.122,0.00017
53695,no_patoshi_evidence,9e-05,-643,44520097,0.01037,,,9e-05
53697,unresolved,0.35733,104,27964717,0.00651,0.5625,0.012,0.00671
53698,no_patoshi_evidence,0.0,356,120703647,0.0281,0.645,0.065,0.0
53701,unresolved,0.00056,6,147227,3e-05,0.9571,0.003,0.0
53703,no_patoshi_evidence,0.00137,255,103545991,0.02411,0.161,0.033,4e-05
53706,unresolved,0.26212,87,2387297046,0.55584,0.0,19.769,0.87535
53707,no_patoshi_evidence,0.0,206,44764432,0.01042,0.8136,0.033,0.0
53711,no_patoshi_evidence,0.0,394,158602937,0.03693,0.4024,0.065,0.0
53712,no_patoshi_evidence,0.0,512,192520091,0.04482,0.2722,0.065,0.0
53717,no_patoshi_evidence,0.0,51,13443036,0.00313,0.5128,0.007,0.0
53718,unresolved,0.26212,33,2696941341,0.62793,0.0,19.867,0.87589
53721,no_patoshi_evidence,0.00137,1438,447027113,0.10408,0.5952,0.245,0.00034
53725,no_patoshi_evidence,0.0,187,55778029,0.01299,0.6638,0.033,0.0
53729,no_patoshi_evidence,0.0,141,55979743,0.01303,0.661,0.033,0.0
53730,added_robust,0.97442,648,3248146438,0.75627,0.0,17.683,0.99852
53732,no_patoshi_evidence,0.0,645,259212413,0.06035,0.5039,0.122,0.0
53733,added_probable,0.97442,56,3287778560,0.7655,0.0,19.867,0.99868
53734,unresolved,0.03712,368,84118296,0.01959,0.7959,0.065,0.00251
53735,no_patoshi_evidence,0.0,74,4257018,0.00099,0.9922,0.012,0.0
53738,added_probable,0.97442,773,43421982,0.01011,0.9453,0.122,0.82287
53739,unresolved,0.00056,337,75998230,0.01769,0.8195,0.065,4e-05
53740,added_probable,0.97442,1227,1193550617,0.2779,0.0119,15.347,0.99829
53741,no_patoshi_evidence,0.00137,343,83451549,0.01943,0.8018,0.065,9e-05
53743,unresolved,0.35733,1168,234166582,0.05452,0.625,0.122,0.0635
53744,no_patoshi_evidence,0.0,78,31776619,0.0074,0.4688,0.012,0.0
53745,no_patoshi_evidence,0.08581,273,109264488,0.02544,0.1299,0.033,0.00307
53748,unresolved,0.35733,233,73400068,0.01709,0.4124,0.033,0.01791
53749,added_probable,0.97442,29,2316268802,0.5393,0.0,19.936,0.99868
53755,no_patoshi_evidence,9e-05,442,194490025,0.04528,0.2604,0.065,1e-05
53756,no_patoshi_evidence,0.08581,950,394113683,0.09176,0.1719,0.122,0.01132
53759,added_probable,0.97442,315,845387527,0.19683,0.0,18.758,0.9986
53760,no_patoshi_evidence,0.00137,2415,386123087,0.0899,0.6667,0.245,0.00034
53761,no_patoshi_evidence,0.0,407,140562645,0.03273,0.5296,0.065,0.0
53764,no_patoshi_evidence,0.0,927,373933789,0.08706,0.2266,0.122,0.0
53766,added_probable,0.97442,418,1024347908,0.2385,0.0,18.758,0.9986
53767,no_patoshi_evidence,0.0,192,33822892,0.00788,0.9068,0.033,0.0
53769,no_patoshi_evidence,0.0,416,95900840,0.02233,0.7663,0.065,0.0
53771,no_patoshi_evidence,0.00137,271,65752760,0.01531,0.4915,0.033,4e-05
53773,no_patoshi_evidence,0.0,457,32429256,0.00755,0.926,0.065,0.0
53774,no_patoshi_evidence,0.0,4121,201463967,0.04691,,,0.0
53775,no_patoshi_evidence,0.00137,262,102898957,0.02396,0.1638,0.033,4e-05
53778,no_patoshi_evidence,0.0,395,293442480,0.06832,0.0325,18.758,2e-05
53779,unresolved,0.35733,1628,3466594836,0.80713,0.0,15.347,0.8951
53784,no_patoshi_evidence,0.0,111,41309831,0.00962,0.1953,0.012,0.0
53785,no_patoshi_evidence,0.0,987,257315036,0.05991,0.5312,0.122,0.0
53786,unresolved,0.35733,947,665377800,0.15492,0.0039,17.683,0.90768
53788,no_patoshi_evidence,0.0,218,11388522,0.00265,0.9802,0.033,0.0
53790,unresolved,0.00056,746,619173406,0.14416,0.0078,17.683,0.00981
53793,no_patoshi_evidence,0.0,2785,1565536489,0.3645,0.0,15.347,2e-05
53798,no_patoshi_evidence,0.0,225,60613870,0.01411,0.5819,0.033,0.0
53799,no_patoshi_evidence,0.0,51,25014725,0.00582,0.1026,0.007,0.0
53801,no_patoshi_evidence,0.0,144,118228542,0.02753,0.0763,0.033,0.0
53802,added_robust,0.97442,1377,486677255,0.11331,0.5357,0.245,0.90319
53803,no_patoshi_evidence,0.0,948,530993483,0.12363,0.0273,17.683,2e-05
53804,added_probable,0.97442,390,162770708,0.0379,0.3905,0.065,0.71355
53809,added_robust,0.97442,174,2864099074,0.66685,0.0,19.377,0.99865
53812,no_patoshi_evidence,0.0,1402,20350460,0.00474,0.9643,0.245,0.0
53815,no_patoshi_evidence,0.0,1668,55197883,0.01285,0.9524,0.245,0.0
53821,added_probable,0.97442,152,321427478,0.07484,0.0,19.377,0.99865
53822,no_patoshi_evidence,0.00137,126,50063079,0.01166,0.7542,0.033,4e-05
53824,no_patoshi_evidence,0.0,959,332238968,0.07736,0.3242,0.122,0.0
53828,unresolved,0.35733,321,86212628,0.02007,0.7929,0.065,0.03508
53829,added_probable,0.97442,150,2163272987,0.50368,0.0,19.377,0.99865
53830,no_patoshi_evidence,0.00137,939,332220292,0.07735,0.3242,0.122,0.00017
53834,no_patoshi_evidence,0.08581,170,40596922,0.00945,0.8588,0.033,0.00307
53835,added_probable,0.97442,308,2227255579,0.51857,0.0,18.758,0.9986
53836,no_patoshi_evidence,0.0,2051,168075628,0.03913,0.8571,0.245,0.0
53838,no_patoshi_evidence,0.0,577,145123805,0.03379,0.497,0.065,0.0
53839,no_patoshi_evidence,0.00137,134,72454764,0.01687,0.4209,0.033,4e-05
53840,unresolved,0.35733,1481,1878482180,0.43737,0.0,15.347,0.8951
53841,no_patoshi_evidence,0.0,129,45733529,0.01065,0.8079,0.033,0.0
53845,no_patoshi_evidence,0.00137,84,36751291,0.00856,0.3359,0.012,2e-05
53848,unresolved,0.35733,858,297879586,0.06936,0.375,0.122,0.0635
53849,added_probable,0.97442,91,1601374977,0.37285,0.0,19.769,0.99867
53850,no_patoshi_evidence,0.0,1002,156700686,0.03648,0.8203,0.122,0.0
53853,no_patoshi_evidence,9e-05,712,161779038,0.03767,0.8164,0.122,1e-05
53854,unresolved,0.00056,77,60416032,0.01407,0.0156,19.769,0.01096
53861,added_robust,0.97442,1325,1906174728,0.44382,0.0,15.347,0.99829
53862,no_patoshi_evidence,0.0,276,209764320,0.04884,0.0028,19.377,2e-05
53863,added_robust,0.97442,280,751528726,0.17498,0.0,19.377,0.99865
53864,no_patoshi_evidence,0.00137,322,82218729,0.01914,0.8047,0.065,9e-05
53867,no_patoshi_evidence,0.0,292,23478619,0.00547,0.952,0.033,0.0
53871,no_patoshi_evidence,0.0,1159,305801615,0.0712,0.3633,0.122,0.0
53872,added_probable,0.97442,76,3083026715,0.71782,0.0,19.769,0.99867
53873,no_patoshi_evidence,0.0,263,108033110,0.02515,0.1356,0.033,0.0
53876,no_patoshi_evidence,0.0,1724,451256919,0.10507,0.5952,0.245,0.0
53877,no_patoshi_evidence,0.0,886,310816249,0.07237,0.3633,0.122,0.0
53880,no_patoshi_evidence,0.00137,31,7767738,0.00181,0.8462,0.007,1e-05
53882,added_probable,0.97442,1163,169847554,0.03955,0.7969,0.122,0.82287
53883,no_patoshi_evidence,0.00137,473,15560357,0.00362,0.9763,0.065,9e-05
53884,no_patoshi_evidence,0.00137,689,392021188,0.09127,0.1836,0.122,0.00017
53886,no_patoshi_evidence,0.00137,13,2458365,0.00057,0.7,0.003,0.0
53889,added_probable,0.97442,733,3239669513,0.75429,0.0,17.683,0.99852
53891,no_patoshi_evidence,0.00137,501,159433122,0.03712,0.3964,0.065,9e-05
53895,no_patoshi_evidence,0.0,988,268685142,0.06256,0.4844,0.122,0.0
53896,unresolved,0.35733,521,128250938,0.02986,0.6006,0.065,0.03508
53897,unresolved,0.03712,377,128536584,0.02993,0.5976,0.065,0.00251
53898,no_patoshi_evidence,0.0,170,33173382,0.00772,0.9096,0.033,0.0
53900,no_patoshi_evidence,9e-05,261,61790078,0.01439,0.5678,0.033,0.0
53903,no_patoshi_evidence,0.08581,498,208052378,0.04844,0.2041,0.065,0.0061
53905,no_patoshi_evidence,0.08581,613,239694548,0.05581,0.5977,0.122,0.01132
53906,no_patoshi_evidence,0.08581,23,12619902,0.00294,0.0857,0.003,0.00032
53907,no_patoshi_evidence,0.0,487,100190877,0.02333,0.7485,0.065,0.0
53908,no_patoshi_evidence,0.0,256,103031221,0.02399,0.161,0.033,0.0
53910,no_patoshi_evidence,0.08581,1135,181000805,0.04214,0.7852,0.122,0.01132
53912,no_patoshi_evidence,0.08581,136,57410025,0.01337,0.6384,0.033,0.00307
53913,added_probable,0.97442,765,1314382620,0.30603,0.0,17.683,0.99852
53915,no_patoshi_evidence,0.08581,732,308469160,0.07182,0.3633,0.122,0.01132
53916,no_patoshi_evidence,0.08581,327,87666563,0.02041,0.7929,0.065,0.0061
53917,no_patoshi_evidence,0.0,1067,177271054,0.04127,0.7852,0.122,0.0
53918,no_patoshi_evidence,0.00137,173,100599611,0.02342,0.178,0.033,4e-05
53922,no_patoshi_evidence,0.08581,743,258338240,0.06015,0.5195,0.122,0.01132
53924,no_patoshi_evidence,0.0,261,100852684,0.02348,0.1751,0.033,0.0
53926,no_patoshi_evidence,0.0,845,69479164,0.01618,0.9219,0.122,0.0
53927,added_probable,0.97442,97,228404489,0.05318,0.0,19.769,0.99867
53928,added_probable,0.97442,1228,45519136,0.0106,0.9524,0.245,0.90319
53929,added_probable,0.97442,1006,2018912004,0.47006,0.0,17.683,0.99852
53931,no_patoshi_evidence,0.00137,716,406027129,0.09454,0.1445,0.122,0.00017
53932,added_probable,0.97442,41,3559172102,0.82868,0.0,19.867,0.99868
53933,unresolved,0.35733,365,79632403,0.01854,0.8107,0.065,0.03508
53934,added_robust,0.97442,390,148367660,0.03454,0.4615,0.065,0.71355
53935,no_patoshi_evidence,9e-05,-273,70047189,0.01631,,,9e-05
53940,unresolved,0.35733,767,4271255814,0.99448,0.0,17.683,0.90768
53947,no_patoshi_evidence,9e-05,423,99263316,0.02311,0.7515,0.065,1e-05
53950,unresolved,0.00056,1500,366203695,0.08526,0.6667,0.245,0.00014
53951,unresolved,0.35733,657,4154210587,0.96723,0.0,17.683,0.90768
53952,no_patoshi_evidence,0.00137,1681,171180557,0.03986,0.8571,0.245,0.00034
53953,no_patoshi_evidence,0.0,1142,323259831,0.07526,0.3398,0.122,0.0
53954,no_patoshi_evidence,0.00137,102,43584634,0.01015,0.1328,0.012,2e-05
53956,unresolved,0.00056,108,43071512,0.01003,0.1406,0.012,1e-05
53957,unresolved,0.35733,-19,47367,1e-05,,,0.35733
53958,no_patoshi_evidence,0.00137,97,23044192,0.00537,0.6328,0.012,2e-05
53960,no_patoshi_evidence,0.0,586,254881918,0.05934,0.0799,0.065,0.0
53961,added_probable,0.97442,157,117504024,0.02736,0.0791,0.033,0.55538
53963,unresolved,0.35733,404,171981855,0.04004,0.3521,0.065,0.03508
53965,added_probable,0.97442,34,14337304,0.00334,0.4359,0.007,0.21067
53966,no_patoshi_evidence,9e-05,624,408364676,0.09508,0.1406,0.122,1e-05
53968,unresolved,0.35733,439,4218779401,0.98226,0.0,18.758,0.91251
53969,no_patoshi_evidence,0.0,117,53745290,0.01251,0.0312,19.769,2e-05
53973,unresolved,0.03712,-173,229420579,0.05342,,,0.03712
53974,no_patoshi_evidence,0.00137,1001,47210694,0.01099,0.9336,0.122,0.00017
53975,added_probable,0.97442,931,797995011,0.1858,0.0039,17.683,0.99852
53976,unresolved,0.35733,324,61413126,0.0143,0.8639,0.065,0.03508
53979,no_patoshi_evidence,9e-05,-553,81754730,0.01904,,,9e-05
53985,unresolved,0.35733,947,641815066,0.14943,0.0078,17.683,0.90768
53986,no_patoshi_evidence,0.00137,175,39099666,0.0091,0.8757,0.033,4e-05
53989,unresolved,0.35733,375,157424925,0.03665,0.4083,0.065,0.03508
53990,no_patoshi_evidence,0.08581,508,201447782,0.0469,0.2189,0.065,0.0061
53992,no_patoshi_evidence,0.00137,741,303251125,0.07061,0.3672,0.122,0.00017
53994,no_patoshi_evidence,0.0,163,31005608,0.00722,0.9209,0.033,0.0
53995,no_patoshi_evidence,0.0,885,463194810,0.10785,0.0742,0.122,0.0
53996,added_probable,0.97442,147,514765594,0.11985,0.0,19.377,0.99865
53997,no_patoshi_evidence,0.00137,1100,576850269,0.13431,0.0195,17.683,0.02368
53998,added_probable,0.97442,203,2034536726,0.4737,0.0,19.377,0.99865
53999,no_patoshi_evidence,0.00137,1397,358915569,0.08357,0.6667,0.245,0.00034
54000,no_patoshi_evidence,0.00137,61,14226050,0.00331,0.8984,0.012,2e-05
54002,no_patoshi_evidence,0.00137,22,6808156,0.00159,0.3571,0.003,0.0
54003,no_patoshi_evidence,0.0,178,55564185,0.01294,0.6638,0.033,0.0
54004,unresolved,0.00056,617,211631647,0.04927,0.7188,0.122,7e-05
54007,no_patoshi_evidence,0.0,191,35085392,0.00817,0.904,0.033,0.0
54008,added_probable,0.97442,55,592943132,0.13806,0.0,19.867,0.99868
54012,no_patoshi_evidence,0.00137,23,164185,4e-05,0.9571,0.003,0.0
54014,no_patoshi_evidence,0.0,35,5676477,0.00132,0.9231,0.007,0.0
54015,no_patoshi_evidence,0.0,571,247998200,0.05774,0.0976,0.065,0.0
54016,no_patoshi_evidence,0.00137,151,76322487,0.01777,0.387,0.033,4e-05
54019,added_probable,0.97442,133,1620509980,0.3773,0.0,19.377,0.99865
54024,no_patoshi_evidence,0.00137,93,18104822,0.00422,0.7891,0.012,2e-05
54027,no_patoshi_evidence,0.0,644,309148103,0.07198,0.3633,0.122,0.0
54029,no_patoshi_evidence,0.0,96,15064754,0.00351,0.8828,0.012,0.0
54031,no_patoshi_evidence,0.0,122,78988534,0.01839,0.3701,0.033,0.0
54033,added_robust,0.97442,1197,582149658,0.13554,0.0195,17.683,0.99852
54035,no_patoshi_evidence,0.00137,487,31877272,0.00742,0.929,0.065,9e-05
54036,no_patoshi_evidence,0.00137,1034,371134903,0.08641,0.2305,0.122,0.00017
54037,no_patoshi_evidence,0.0,100,28730125,0.00669,0.5312,0.012,0.0
54038,no_patoshi_evidence,0.0,464,171146363,0.03985,0.358,0.065,0.0
54039,no_patoshi_evidence,0.00137,494,274651488,0.06395,0.0414,18.758,0.02509
54041,no_patoshi_evidence,0.0,87,11083508,0.00258,0.9375,0.012,0.0
54042,added_probable,0.97442,316,3875330325,0.9023,0.0,18.758,0.9986
54043,no_patoshi_evidence,0.0,-186,218485098,0.05087,,,0.0
54044,no_patoshi_evidence,0.00137,1307,306837865,0.07144,0.7381,0.245,0.00034
54045,no_patoshi_evidence,0.0,131,77341854,0.01801,0.3757,0.033,0.0
54048,unresolved,0.35733,578,161503509,0.0376,0.3905,0.065,0.03508
54050,no_patoshi_evidence,0.00137,1493,631757309,0.14709,0.369,0.245,0.00034
54051,unresolved,0.35733,71,28723511,0.00669,0.5312,0.012,0.00671
54054,unresolved,0.35733,330,3117075991,0.72575,0.0,18.758,0.91251
54055,no_patoshi_evidence,0.00137,437,4060531,0.00095,1.0,0.065,9e-05
54056,no_patoshi_evidence,0.0,48,8052632,0.00187,0.8333,0.007,0.0
54057,no_patoshi_evidence,0.0,227,66632284,0.01551,0.4774,0.033,0.0
54059,no_patoshi_evidence,0.08581,1201,516188394,0.12018,0.5,0.245,0.02247
54062,no_patoshi_evidence,0.0,1140,99966880,0.02328,0.8906,0.122,0.0
54065,no_patoshi_evidence,0.00137,169,42899516,0.00999,0.839,0.033,4e-05
54066,no_patoshi_evidence,0.00137,590,248775855,0.05792,0.0888,0.065,9e-05
54067,no_patoshi_evidence,9e-05,1378,76333015,0.01777,0.9048,0.245,2e-05
54068,no_patoshi_evidence,0.00137,760,244563939,0.05694,0.5742,0.122,0.00017
54069,no_patoshi_evidence,0.00137,998,284616086,0.06627,0.4141,0.122,0.00017
54070,unresolved,0.35733,4,4216097032,0.98164,0.0,19.936,0.91725
54073,no_patoshi_evidence,0.00137,519,119618451,0.02785,0.6479,0.065,9e-05
54074,added_probable,0.97442,7,2667214362,0.62101,0.0,19.936,0.99868
54080,no_patoshi_evidence,0.0,971,80142199,0.01866,0.9141,0.122,0.0
54084,no_patoshi_evidence,0.00137,784,179089123,0.0417,0.7852,0.122,0.00017
54087,unresolved,0.00056,40,16776474,0.00391,0.3205,0.007,0.0
54088,no_patoshi_evidence,0.00137,579,244856010,0.05701,0.0976,0.065,9e-05
54089,unresolved,0.35733,13,2177709593,0.50704,0.0,19.936,0.91725
54090,no_patoshi_evidence,0.0,-12,284911503,0.06634,,,0.0
54092,unresolved,0.00056,332,129339930,0.03011,0.5917,0.065,4e-05
54094,no_patoshi_evidence,0.00137,755,177571313,0.04134,0.7852,0.122,0.00017
54098,no_patoshi_evidence,0.0,443,155663035,0.03624,0.4231,0.065,0.0
54099,no_patoshi_evidence,0.00137,967,409607846,0.09537,0.1406,0.122,0.00017
54100,added_robust,0.97442,184,909625363,0.21179,0.0,19.377,0.99865
54105,no_patoshi_evidence,0.0,529,164774809,0.03836,0.3846,0.065,0.0
54106,added_probable,0.97442,149,3884890374,0.90452,0.0,19.377,0.99865
54108,no_patoshi_evidence,0.0,-672,34849402,0.00811,,,0.0
54112,unresolved,0.00056,451,108163863,0.02518,0.7041,0.065,4e-05
54113,added_probable,0.97442,39,2336613398,0.54404,0.0,19.867,0.99868
54114,no_patoshi_evidence,0.0,58,4446143,0.00104,0.9615,0.007,0.0
54120,no_patoshi_evidence,0.00137,579,122289042,0.02847,0.6391,0.065,9e-05
54121,added_probable,0.97442,233,1919509012,0.44692,0.0,19.377,0.99865
54122,no_patoshi_evidence,0.00137,97,31555646,0.00735,0.4688,0.012,2e-05
54126,no_patoshi_evidence,0.0,14,1510888,0.00035,0.8,0.003,0.0
54127,no_patoshi_evidence,0.00137,495,197960090,0.04609,0.2396,0.065,9e-05
54128,no_patoshi_evidence,0.00137,269,51151003,0.01191,0.726,0.033,4e-05
54131,added_probable,0.97442,2855,3647325212,0.84921,0.0,15.347,0.99829
54132,unresolved,0.00056,33,4946724,0.00115,0.9359,0.007,0.0
54133,no_patoshi_evidence,0.0,185,34256449,0.00798,0.904,0.033,0.0
54135,unresolved,0.00056,896,390279432,0.09087,0.1875,0.122,7e-05
54137,no_patoshi_evidence,0.0,612,292237662,0.06804,0.3906,0.122,0.0
54138,no_patoshi_evidence,0.00137,433,184063436,0.04286,0.3047,0.065,9e-05
54139,no_patoshi_evidence,0.00137,62,31734226,0.00739,0.4688,0.012,2e-05
54141,no_patoshi_evidence,0.0,551,177790226,0.0414,0.3343,0.065,0.0
54144,added_probable,0.97442,105,4008833281,0.93338,0.0,19.769,0.99867
54146,no_patoshi_evidence,0.00137,170,74118718,0.01726,0.4068,0.033,4e-05
54152,no_patoshi_evidence,0.0,398,115267021,0.02684,0.6686,0.065,0.0
54153,unresolved,0.35733,560,237534010,0.05531,0.1065,0.065,0.03508
54154,added_probable,0.97442,134,1006491675,0.23434,0.0,19.377,0.99865
54164,added_probable,0.97442,681,2202397702,0.51279,0.0,17.683,0.99852
54167,no_patoshi_evidence,0.00137,168,43349088,0.01009,0.8305,0.033,4e-05
54170,no_patoshi_evidence,0.0,43,18086737,0.00421,0.2179,0.007,0.0
54171,no_patoshi_evidence,0.0,664,227213185,0.0529,0.6484,0.122,0.0
54175,unresolved,0.35733,972,289647131,0.06744,0.4023,0.122,0.0635
54176,no_patoshi_evidence,0.0,1764,480704614,0.11192,0.5476,0.245,0.0
54183,added_probable,0.97442,1727,1491412486,0.34725,0.0,15.347,0.99829
54184,no_patoshi_evidence,0.0,400,169990635,0.03958,0.3609,0.065,0.0
54191,added_probable,0.97442,242,1436741395,0.33452,0.0,19.377,0.99865
54194,no_patoshi_evidence,0.00137,631,248487407,0.05786,0.5547,0.122,0.00017
54195,no_patoshi_evidence,0.00137,840,354969270,0.08265,0.2617,0.122,0.00017
54197,no_patoshi_evidence,0.0,92,23302994,0.00543,0.6094,0.012,0.0
54198,no_patoshi_evidence,0.00137,99,40363601,0.0094,0.2188,0.012,2e-05
54200,no_patoshi_evidence,0.0,242,56641086,0.01319,0.6469,0.033,0.0
54204,no_patoshi_evidence,0.0,841,292546261,0.06811,0.3906,0.122,0.0
54206,added_probable,0.97442,158,1801272585,0.41939,0.0,19.377,0.99865
54208,no_patoshi_evidence,0.0,87,16812735,0.00391,0.8047,0.012,0.0
54210,no_patoshi_evidence,0.00137,802,499579087,0.11632,0.0508,0.122,0.00017
54213,no_patoshi_evidence,0.0,870,76821128,0.01789,0.9141,0.122,0.0
54216,added_probable,0.97442,67,1342444055,0.31256,0.0,19.769,0.99867
54217,no_patoshi_evidence,0.00137,177,84735130,0.01973,0.2938,0.033,4e-05
54219,no_patoshi_evidence,0.0,19,2581370,0.0006,0.7,0.003,0.0
54222,added_probable,0.97442,48,3364071683,0.78326,0.0,19.867,0.99868
54223,no_patoshi_evidence,0.0,85,23872889,0.00556,0.6094,0.012,0.0
54224,no_patoshi_evidence,0.0,925,349099916,0.08128,0.2852,0.122,0.0
54232,unresolved,0.00056,-469,111377454,0.02593,,,0.00056
54234,unresolved,0.35733,314,282464007,0.06577,0.0355,18.758,0.91251
54235,no_patoshi_evidence,0.00137,282,69860679,0.01627,0.4463,0.033,4e-05
54238,unresolved,0.35733,953,319018021,0.07428,0.3516,0.122,0.0635
54241,no_patoshi_evidence,9e-05,199,67368899,0.01569,0.4718,0.033,0.0
54244,unresolved,0.35733,927,3565069339,0.83006,0.0,17.683,0.90768
54245,no_patoshi_evidence,0.00137,136,72955375,0.01699,0.4153,0.033,4e-05
54250,no_patoshi_evidence,0.0,21,11291891,0.00263,0.1143,0.003,0.0
54252,unresolved,0.35733,311,6401575,0.00149,0.9882,0.065,0.03508
54253,no_patoshi_evidence,0.0,143,44367378,0.01033,0.8192,0.033,0.0
54254,added_probable,0.97442,1236,2219565589,0.51678,0.0,15.347,0.99829
54255,no_patoshi_evidence,0.0,-46,32997324,0.00768,,,0.0
54256,unresolved,0.35733,625,119136001,0.02774,0.8672,0.122,0.0635
54259,no_patoshi_evidence,9e-05,402,129886936,0.03024,0.5828,0.065,1e-05
54261,no_patoshi_evidence,0.0,61,101592203,0.02365,0.0,19.769,2e-05
54262,no_patoshi_evidence,0.00137,772,1735951349,0.40418,0.0,17.683,0.02368
54263,no_patoshi_evidence,0.00137,365,150802355,0.03511,0.4497,0.065,9e-05
54264,added_probable,0.97442,672,1605451805,0.3738,0.0,17.683,0.99852
54266,no_patoshi_evidence,0.00137,233,94292953,0.02195,0.2175,0.033,4e-05
54267,no_patoshi_evidence,0.00137,162,90931684,0.02117,0.2542,0.033,4e-05
54269,no_patoshi_evidence,0.0,760,238390615,0.0555,0.6055,0.122,0.0
54270,no_patoshi_evidence,0.0,1028,305843274,0.07121,0.3633,0.122,0.0
54271,no_patoshi_evidence,0.00137,1988,866708849,0.2018,0.1071,0.245,0.00034
54273,no_patoshi_evidence,9e-05,175,47131126,0.01097,0.7797,0.033,0.0
54275,added_probable,0.97442,45,2422919940,0.56413,0.0,19.867,0.99868
54281,added_probable,0.97442,137,912786459,0.21252,0.0,19.377,0.99865
54283,no_patoshi_evidence,0.0,88,36412768,0.00848,0.3359,0.012,0.0
54285,unresolved,0.35733,183,35804205,0.00834,0.904,0.033,0.01791
54288,no_patoshi_evidence,9e-05,320,113006077,0.02631,0.6864,0.065,1e-05
54289,no_patoshi_evidence,0.08581,87,24777870,0.00577,0.5859,0.012,0.00114
54290,unresolved,0.00056,293,141549601,0.03296,0.0424,19.377,0.01074
54294,no_patoshi_evidence,9e-05,154,57122672,0.0133,0.6384,0.033,0.0
54295,no_patoshi_evidence,0.00137,341,73265776,0.01706,0.8284,0.065,9e-05
54296,unresolved,0.35733,200,65840902,0.01533,0.4887,0.033,0.01791
54301,added_probable,0.97442,966,3302751766,0.76898,0.0,17.683,0.99852
54302,no_patoshi_evidence,0.0,487,141157972,0.03287,0.5237,0.065,0.0
54303,no_patoshi_evidence,0.0,934,325493607,0.07578,0.3398,0.122,0.0
54304,unresolved,0.00056,1157,280531243,0.06532,0.4336,0.122,7e-05
54308,unresolved,0.35733,1323,92877110,0.02162,0.881,0.245,0.11985
54309,added_probable,0.97442,304,1925572609,0.44833,0.0,18.758,0.9986
54311,added_robust,0.97442,2640,3563032581,0.82958,0.0,15.347,0.99829
54314,no_patoshi_evidence,0.0,1746,432413818,0.10068,0.6071,0.245,0.0
54315,unresolved,0.00056,687,215027480,0.05006,0.707,0.122,7e-05
54316,unresolved,0.35733,1025,1341027846,0.31223,0.0,17.683,0.90768
54317,no_patoshi_evidence,0.0,277,108774614,0.02533,0.1356,0.033,0.0
54322,no_patoshi_evidence,0.0,1885,312396422,0.07274,0.7381,0.245,0.0
54324,unresolved,0.26212,1092,353775647,0.08237,0.2656,0.122,0.04152
54325,no_patoshi_evidence,0.0,639,221380421,0.05154,0.6797,0.122,0.0
54326,unresolved,0.00056,17,81733429,0.01903,0.0,19.936,0.01105
54327,no_patoshi_evidence,0.0,-330,8509382,0.00198,,,0.0
54328,unresolved,0.26212,1138,210663963,0.04905,0.7188,0.122,0.04152
54330,no_patoshi_evidence,0.0,580,201892443,0.04701,0.2189,0.065,0.0
54331,no_patoshi_evidence,0.00087,555,238187998,0.05546,0.1065,0.065,6e-05
54333,unresolved,0.00036,710,248635435,0.05789,0.5547,0.122,4e-05
54335,no_patoshi_evidence,0.0,1678,62459053,0.01454,0.9405,0.245,0.0
54336,no_patoshi_evidence,0.0,1361,96082915,0.02237,0.881,0.245,0.0
54337,no_patoshi_evidence,0.0,602,208667274,0.04858,0.7188,0.122,0.0
54339,no_patoshi_evidence,0.00087,2629,1229424069,0.28625,0.0119,15.347,0.01319
54342,no_patoshi_evidence,0.0,138,25874443,0.00602,0.9322,0.033,0.0
54346,no_patoshi_evidence,0.0,312,106594996,0.02482,0.713,0.065,0.0
54353,no_patoshi_evidence,0.0,-263,42453770,0.00988,,,0.0
54356,no_patoshi_evidence,0.0,1073,74170080,0.01727,0.918,0.122,0.0
54359,no_patoshi_evidence,0.0,267,84965795,0.01978,0.2938,0.033,0.0
54362,unresolved,0.00036,296,116476705,0.02712,0.0904,0.033,1e-05
54363,no_patoshi_evidence,0.0,364,126016504,0.02934,0.6095,0.065,0.0
54365,no_patoshi_evidence,0.00087,666,229795971,0.0535,0.6406,0.122,0.00011
54368,no_patoshi_evidence,0.0,78,26849242,0.00625,0.5781,0.012,0.0
54370,no_patoshi_evidence,0.0,-33,3300294,0.00077,,,0.0
54371,unresolved,0.26212,1050,118943022,0.02769,0.8672,0.122,0.04152
54372,no_patoshi_evidence,0.00087,-1,857432,0.0002,,,0.00087
54374,no_patoshi_evidence,0.0,368,123116463,0.02867,0.6361,0.065,0.0
54376,no_patoshi_evidence,0.0,545,287636470,0.06697,0.0355,18.758,2e-05
54377,no_patoshi_evidence,0.00087,867,164519094,0.03831,0.8164,0.122,0.00011
54379,unresolved,0.00036,1552,534895924,0.12454,0.4643,0.245,9e-05
54384,no_patoshi_evidence,0.0,127,4148459977,0.96589,0.0,19.377,2e-05
54386,no_patoshi_evidence,0.00087,709,250548874,0.05834,0.5508,0.122,0.00011
54387,no_patoshi_evidence,0.0,0,10778125,0.00251,0.1286,0.003,0.0
54389,no_patoshi_evidence,0.0,15,1862761538,0.43371,0.0,19.936,2e-05
54390,no_patoshi_evidence,0.0,605,1805800687,0.42045,0.0,17.683,2e-05
54391,unresolved,0.00036,1096,381917223,0.08892,0.2031,0.122,4e-05
54392,no_patoshi_evidence,0.00087,273,2235979868,0.5206,0.0,19.377,0.01659
54394,no_patoshi_evidence,0.0,187,58470996,0.01361,0.6243,0.033,0.0
54395,no_patoshi_evidence,0.00087,848,369857994,0.08611,0.2305,0.122,0.00011
54396,no_patoshi_evidence,0.0,1180,322660314,0.07513,0.3438,0.122,0.0
54397,unresolved,0.00036,171,89936928,0.02094,0.2655,0.033,1e-05
54399,no_patoshi_evidence,0.0,919,248477892,0.05785,0.5547,0.122,0.0
54403,no_patoshi_evidence,0.00087,171,66734975,0.01554,0.4774,0.033,3e-05
54405,no_patoshi_evidence,0.00087,145,46921350,0.01092,0.7825,0.033,3e-05
54407,unresolved,0.00036,836,3063446574,0.71326,0.0,17.683,0.00633
54408,no_patoshi_evidence,0.0,193,79331488,0.01847,0.3672,0.033,0.0
54409,no_patoshi_evidence,0.0,566,182600030,0.04251,0.3077,0.065,0.0
54411,no_patoshi_evidence,0.00087,279,33870696,0.00789,0.9068,0.033,3e-05
54413,unresolved,0.00036,32,12110650,0.00282,0.6154,0.007,0.0
54416,no_patoshi_evidence,0.00087,571,185417914,0.04317,0.2988,0.065,6e-05
54419,unresolved,0.00036,690,240197661,0.05593,0.5938,0.122,4e-05
54420,no_patoshi_evidence,0.0,788,275169085,0.06407,0.4648,0.122,0.0
54428,no_patoshi_evidence,0.0,232,134085474,0.03122,0.0508,0.033,0.0
54432,unresolved,0.00036,373,88418816,0.02059,0.7929,0.065,2e-05
54433,no_patoshi_evidence,0.0,1066,346392014,0.08065,0.293,0.122,0.0
54442,no_patoshi_evidence,0.0,1048,364758751,0.08493,0.2344,0.122,0.0
54447,no_patoshi_evidence,0.0,1112,76270096,0.01776,0.9141,0.122,0.0
54448,no_patoshi_evidence,0.0,2672,999486058,0.23271,0.0595,0.245,0.0
54449,no_patoshi_evidence,0.00087,38,6853716,0.0016,0.8718,0.007,1e-05
54450,no_patoshi_evidence,0.0,264,85645724,0.01994,0.2938,0.033,0.0
54452,no_patoshi_evidence,0.00087,1093,3494880941,0.81372,0.0,17.683,0.01516
54453,no_patoshi_evidence,0.00087,91,29469784,0.00686,0.5312,0.012,1e-05
54455,unresolved,0.00036,1362,105639942,0.0246,0.881,0.245,9e-05
54459,no_patoshi_evidence,0.0,449,156281541,0.03639,0.4201,0.065,0.0
54461,no_patoshi_evidence,0.00087,210,55172492,0.01285,0.6695,0.033,3e-05
54462,no_patoshi_evidence,0.0,1628,2563210477,0.59679,0.0,15.347,2e-05
54463,unresolved,0.26212,266,2919217,0.00068,0.9944,0.033,0.01151
54465,unresolved,0.35733,643,353162290,0.08223,0.2656,0.122,0.0635
54469,no_patoshi_evidence,9e-05,477,73769891,0.01718,0.8225,0.065,1e-05
54476,no_patoshi_evidence,0.0,297,151478772,0.03527,0.0311,19.377,2e-05
54477,no_patoshi_evidence,0.0,60,23127978,0.00538,0.6328,0.012,0.0
54478,no_patoshi_evidence,0.00137,140,42038493,0.00979,0.8475,0.033,4e-05
54484,no_patoshi_evidence,0.0,193,66819283,0.01556,0.4774,0.033,0.0
54485,no_patoshi_evidence,0.0,59,1126403484,0.26226,0.0,19.867,2e-05
54486,unresolved,0.26212,1891,2282045219,0.53133,0.0,15.347,0.845
54490,no_patoshi_evidence,0.00087,608,325679187,0.07583,0.3398,0.122,0.00011
54495,no_patoshi_evidence,0.00087,988,164604323,0.03832,0.8164,0.122,0.00011
54498,no_patoshi_evidence,0.00087,1319,346000458,0.08056,0.6667,0.245,0.00021
54500,no_patoshi_evidence,0.0,406,800631240,0.18641,0.0,18.758,2e-05
54501,no_patoshi_evidence,0.0,325,99935160,0.02327,0.7515,0.065,0.0
54502,no_patoshi_evidence,0.0,613,52682085,0.01227,0.9258,0.122,0.0
54504,no_patoshi_evidence,0.00087,1121,334020431,0.07777,0.3242,0.122,0.00011
54507,no_patoshi_evidence,0.0,285,98030414,0.02282,0.1893,0.033,0.0
54512,no_patoshi_evidence,0.0,10,37269431,0.00868,0.0143,19.936,2e-05
54514,no_patoshi_evidence,0.00087,545,265111003,0.06173,0.0621,0.065,6e-05
54515,no_patoshi_evidence,0.00087,400,126594408,0.02948,0.6036,0.065,6e-05
54517,no_patoshi_evidence,0.0,1402,3246260138,0.75583,0.0,15.347,2e-05
54518,no_patoshi_evidence,0.0,572,318456664,0.07415,0.0178,18.758,2e-05
54519,no_patoshi_evidence,0.00087,411,123955115,0.02886,0.6331,0.065,6e-05
54521,no_patoshi_evidence,0.0,227,1852945014,0.43142,0.0,19.377,2e-05
54522,no_patoshi_evidence,0.0,909,2973823727,0.6924,0.0,17.683,2e-05
54524,no_patoshi_evidence,0.0,74,24791038,0.00577,0.5859,0.012,0.0
54528,no_patoshi_evidence,0.0,354,69416404,0.01616,0.8343,0.065,0.0
54529,no_patoshi_evidence,0.0,379,127073415,0.02959,0.6006,0.065,0.0
54530,no_patoshi_evidence,0.0,161,42875740,0.00998,0.839,0.033,0.0
54532,no_patoshi_evidence,0.00087,897,505658639,0.11773,0.043,17.683,0.01516
54533,no_patoshi_evidence,0.0,526,180378249,0.042,0.3195,0.065,0.0
54538,no_patoshi_evidence,0.0,323,27636462,0.00643,0.9379,0.065,0.0
54539,no_patoshi_evidence,0.0,396,109014852,0.02538,0.6953,0.065,0.0
54542,no_patoshi_evidence,0.0,71,21145445,0.00492,0.7031,0.012,0.0
54544,no_patoshi_evidence,0.0,285,100125675,0.02331,0.178,0.033,0.0
54548,no_patoshi_evidence,0.0,1164,1577427908,0.36727,0.0,17.683,2e-05
54550,no_patoshi_evidence,0.0,2014,1785988503,0.41583,0.0,15.347,2e-05
54552,no_patoshi_evidence,0.00087,404,124908268,0.02908,0.6213,0.065,6e-05
54554,no_patoshi_evidence,0.0,180,39336543,0.00916,0.8701,0.033,0.0
54555,no_patoshi_evidence,0.0,1762,597677732,0.13916,0.4167,0.245,0.0
54559,no_patoshi_evidence,0.0,39,15306673,0.00356,0.3846,0.007,0.0
54561,unresolved,0.00036,605,182390319,0.04247,0.7852,0.122,4e-05
54564,no_patoshi_evidence,0.00087,1841,452211366,0.10529,0.5952,0.245,0.00021
54565,no_patoshi_evidence,0.0,1290,234414687,0.05458,0.7976,0.245,0.0
54567,no_patoshi_evidence,0.0,2153,751222458,0.17491,0.1786,0.245,0.0
54571,no_patoshi_evidence,0.0,108,997460729,0.23224,0.0,19.769,2e-05
54573,unresolved,0.00036,902,3387401262,0.78869,0.0,17.683,0.00633
54576,unresolved,0.00036,546,68679712,0.01599,0.8343,0.065,2e-05
54579,no_patoshi_evidence,0.00087,197,55598579,0.01295,0.6638,0.033,3e-05
54580,no_patoshi_evidence,0.00087,1266,79562714,0.01852,0.9048,0.245,0.00021
54584,no_patoshi_evidence,0.00087,903,267109967,0.06219,0.4844,0.122,0.00011
54586,unresolved,0.26212,1433,107218738,0.02496,0.881,0.245,0.08004
54587,unresolved,0.26212,21,8821780,0.00205,0.2429,0.003,0.0012
54598,no_patoshi_evidence,0.0,589,286081620,0.06661,0.0355,18.758,2e-05
54599,no_patoshi_evidence,0.0,1357,24253890,0.00565,0.9643,0.245,0.0
54602,no_patoshi_evidence,0.0,1629,844740210,0.19668,0.1071,0.245,0.0
54603,no_patoshi_evidence,0.0,387,3039632577,0.70772,0.0,18.758,2e-05
54604,no_patoshi_evidence,0.00087,362,108581083,0.02528,0.7012,0.065,6e-05
54605,unresolved,0.00036,398,33767711,0.00786,0.926,0.065,2e-05
54606,no_patoshi_evidence,0.0,444,151271750,0.03522,0.4497,0.065,0.0
54608,no_patoshi_evidence,0.0,2782,320381861,0.07459,0.7381,0.245,0.0
54609,no_patoshi_evidence,0.0,578,95253896,0.02218,0.7692,0.065,0.0
54610,unresolved,0.00036,49,21739576,0.00506,0.1154,0.007,0.0
54611,no_patoshi_evidence,0.00087,15,6851459,0.0016,0.3571,0.003,0.0
54612,no_patoshi_evidence,0.00087,1819,475890318,0.1108,0.5476,0.245,0.00021
54613,no_patoshi_evidence,0.00087,309,129061528,0.03005,0.5976,0.065,6e-05
