side,height
tehran,8047
tehran,8048
tehran,8049
tehran,8050
tehran,8052
tehran,8053
tehran,8054
tehran,8055
tehran,8056
tehran,8057
tehran,8058
tehran,8059
tehran,8060
tehran,8062
tehran,8063
tehran,8064
tehran,8065
tehran,8067
tehran,8068
tehran,8069
tehran,8070
tehran,8071
tehran,8073
tehran,8076
tehran,8078
tehran,8079
tehran,8080
tehran,8082
tehran,8083
tehran,8084
tehran,8085
tehran,8087
tehran,8090
tehran,8091
tehran,8092
tehran,8093
tehran,8094
tehran,8096
tehran,8097
tehran,8099
tehran,8100
tehran,8101
tehran,8103
tehran,8104
tehran,8105
tehran,8106
tehran,8107
tehran,8109
tehran,8110
tehran,8111
tehran,8112
tehran,8114
tehran,8116
tehran,8117
tehran,8118
tehran,8119
tehran,8120
tehran,8122
tehran,8123
tehran,8125
tehran,8126
tehran,8127
tehran,8130
tehran,8131
tehran,8132
tehran,8133
tehran,8134
tehran,8135
tehran,8136
tehran,8137
tehran,8139
tehran,8140
tehran,8141
tehran,8142
tehran,8143
tehran,8144
tehran,8146
tehran,8147
tehran,8148
tehran,8149
tehran,8150
tehran,8152
tehran,8154
tehran,8155
tehran,8157
tehran,8158
tehran,8160
tehran,8161
tehran,8162
tehran,8163
tehran,8164
tehran,8165
tehran,8167
tehran,8169
tehran,8170
tehran,8171
tehran,8174
tehran,8175
tehran,8176
tehran,8178
tehran,8180
tehran,8181
tehran,8182
tehran,8185
tehran,8186
tehran,8188
tehran,8190
tehran,8191
tehran,8194
tehran,8195
tehran,8196
tehran,8197
tehran,8198
tehran,8200
tehran,8201
tehran,8202
tehran,8204
tehran,8207
tehran,8208
tehran,8209
tehran,8210
tehran,8232
tehran,8233
tehran,8234
tehran,8237
tehran,8239
tehran,8242
tehran,8244
tehran,8246
tehran,8247
tehran,8248
tehran,8249
tehran,8250
tehran,8253
tehran,8254
tehran,8257
tehran,8258
tehran,8259
tehran,8260
tehran,8261
tehran,8262
tehran,8264
tehran,8265
tehran,8266
tehran,8267
tehran,8268
tehran,8269
tehran,8270
tehran,8271
tehran,8273
tehran,8275
tehran,8277
tehran,8278
tehran,8302
tehran,8303
tehran,8304
tehran,8306
tehran,8307
tehran,8309
tehran,8310
tehran,8311
tehran,8312
tehran,8314
tehran,8316
tehran,8318
tehran,8319
tehran,8320
tehran,8321
tehran,8322
tehran,8324
tehran,8325
tehran,8327
tehran,8329
tehran,8330
tehran,8331
tehran,8332
tehran,8334
tehran,8335
tehran,8336
tehran,8337
tehran,8340
tehran,8342
tehran,8343
tehran,8344
tehran,8345
tehran,8346
tehran,8347
tehran,8348
tehran,8349
tehran,8350
tehran,8352
tehran,8353
tehran,8354
tehran,8355
tehran,8359
tehran,8360
tehran,8361
tehran,8362
tehran,8364
tehran,8365
tehran,8366
tehran,8369
tehran,8372
tehran,8373
tehran,8374
tehran,8375
tehran,8376
tehran,8377
tehran,8378
tehran,8379
tehran,8380
tehran,8381
tehran,8382
tehran,8384
tehran,8385
tehran,8386
tehran,8387
tehran,8388
tehran,8389
tehran,8391
tehran,8393
tehran,8394
tehran,8395
tehran,8396
tehran,8398
tehran,8399
tehran,8400
tehran,8403
tehran,8404
tehran,8405
tehran,8406
tehran,8407
tehran,8408
tehran,8409
tehran,8410
tehran,8411
tehran,8412
tehran,8416
tehran,8418
tehran,8419
tehran,8420
tehran,8421
tehran,8422
tehran,8424
tehran,8428
tehran,8429
tehran,8431
tehran,8432
tehran,8434
tehran,8435
tehran,8436
tehran,8438
tehran,8439
tehran,8440
tehran,8441
tehran,8442
tehran,8444
tehran,8445
tehran,8447
tehran,8449
tehran,8450
tehran,8452
tehran,8453
tehran,8454
tehran,8455
tehran,8456
tehran,8457
tehran,8459
tehran,8460
tehran,8461
tehran,8462
tehran,8463
tehran,8464
tehran,8465
tehran,8466
tehran,8467
tehran,8468
tehran,8469
tehran,8470
tehran,8471
tehran,8473
tehran,8474
tehran,8475
tehran,8476
tehran,8477
tehran,8478
tehran,8479
tehran,8480
tehran,8481
tehran,8482
tehran,8483
tehran,8484
tehran,8485
tehran,8486
tehran,8487
tehran,8489
tehran,8490
tehran,8491
tehran,8492
tehran,8494
tehran,8495
tehran,8496
tehran,8497
tehran,8498
tehran,8499
tehran,8500
tehran,8501
tehran,8502
tehran,8503
tehran,8506
tehran,8507
tehran,8508
tehran,8510
tehran,8511
tehran,8512
tehran,8513
tehran,8514
tehran,8515
tehran,8516
tehran,8518
tehran,8519
tehran,8520
tehran,8521
tehran,8522
tehran,8523
tehran,8524
tehran,8525
tehran,8526
tehran,8527
tehran,8528
tehran,8531
tehran,8534
tehran,8535
tehran,8536
tehran,8537
tehran,8538
tehran,8539
tehran,8540
tehran,8541
tehran,8542
tehran,8543
tehran,8544
tehran,8546
tehran,8547
tehran,8548
tehran,8549
tehran,8550
tehran,8551
tehran,8552
tehran,8553
tehran,8555
tehran,8556
tehran,8557
tehran,8558
tehran,8559
tehran,8560
tehran,8561
tehran,8563
tehran,8564
tehran,8565
tehran,8566
tehran,8567
tehran,8569
tehran,8570
tehran,8571
tehran,8573
tehran,8574
tehran,8575
tehran,8576
tehran,8577
tehran,8579
tehran,8580
tehran,8581
tehran,8582
tehran,8583
tehran,8585
tehran,8586
tehran,8588
tehran,8589
tehran,8590
tehran,8591
tehran,8592
tehran,8593
tehran,8596
tehran,8598
tehran,8599
tehran,8600
tehran,8601
tehran,8603
tehran,8605
tehran,8606
tehran,8607
tehran,8608
tehran,8609
tehran,8610
tehran,8612
tehran,8613
tehran,8614
tehran,8616
tehran,8617
tehran,8618
tehran,8619
tehran,8621
tehran,8622
tehran,8624
tehran,8625
tehran,8628
tehran,8629
tehran,8630
tehran,8631
tehran,8632
tehran,8634
tehran,8635
tehran,8636
tehran,8638
tehran,8639
tehran,8640
tehran,8641
tehran,8642
tehran,8643
tehran,8644
tehran,8650
tehran,8652
tehran,8653
tehran,8655
tehran,8656
tehran,8657
tehran,8658
tehran,8659
tehran,8661
tehran,8663
tehran,8664
tehran,8665
tehran,8667
tehran,8668
tehran,8669
tehran,8670
tehran,8671
tehran,8672
tehran,8673
tehran,8674
tehran,8675
tehran,8676
tehran,8677
tehran,8678
tehran,8679
tehran,8680
tehran,8681
tehran,8682
tehran,8683
tehran,8685
tehran,8686
tehran,8688
tehran,8690
tehran,8691
tehran,8693
tehran,8694
tehran,8695
tehran,8696
tehran,8697
tehran,8699
tehran,8701
tehran,8702
tehran,8704
tehran,8705
tehran,8706
tehran,8707
tehran,8710
tehran,8712
tehran,8713
tehran,8715
tehran,8718
tehran,8719
tehran,8720
tehran,8722
tehran,8724
tehran,8725
tehran,8726
tehran,8728
tehran,8729
tehran,8730
tehran,8732
tehran,8733
tehran,8734
tehran,8735
tehran,8736
tehran,8737
tehran,8738
tehran,8739
tehran,8740
tehran,8742
tehran,8743
tehran,8744
tehran,8745
tehran,8746
tehran,8747
tehran,8748
tehran,8749
tehran,8751
tehran,8752
tehran,8753
tehran,8754
tehran,8755
tehran,8756
tehran,8757
tehran,8758
tehran,8759
tehran,8760
tehran,8761
tehran,8762
tehran,8763
tehran,8766
tehran,8768
tehran,8769
tehran,8770
tehran,8771
tehran,8772
tehran,8773
tehran,8774
tehran,8775
tehran,8776
tehran,8777
tehran,8778
tehran,8779
tehran,8781
tehran,8783
tehran,8785
tehran,8786
tehran,8787
tehran,8788
tehran,8789
tehran,8790
tehran,8791
tehran,8792
tehran,8793
tehran,8795
tehran,8796
tehran,8797
tehran,8798
tehran,8799
tehran,8800
tehran,8801
tehran,8802
tehran,8803
tehran,8804
tehran,8806
tehran,8807
tehran,8809
tehran,8810
tehran,8811
tehran,8812
tehran,8813
tehran,8815
tehran,8816
tehran,8818
tehran,8820
tehran,8821
tehran,8822
tehran,8823
tehran,8824
tehran,8825
tehran,8826
tehran,8828
tehran,8829
tehran,8830
tehran,8831
tehran,8832
tehran,8833
tehran,8834
tehran,8835
tehran,8836
tehran,8837
tehran,8839
tehran,8840
tehran,8842
tehran,8843
tehran,8844
tehran,8846
tehran,8847
tehran,8848
tehran,8850
tehran,8851
tehran,8852
tehran,8853
tehran,8855
tehran,8856
tehran,8857
tehran,8859
tehran,8860
tehran,8861
tehran,8862
tehran,8863
tehran,8866
tehran,8868
tehran,8870
tehran,8871
tehran,8872
tehran,8873
tehran,8874
tehran,8875
tehran,8876
tehran,8877
tehran,8878
tehran,8879
tehran,8880
tehran,8881
tehran,8882
tehran,8883
tehran,8884
tehran,8885
tehran,8886
tehran,8887
tehran,8888
tehran,8889
tehran,8890
tehran,8891
tehran,8893
tehran,8894
tehran,8895
tehran,8896
tehran,8897
tehran,8898
tehran,8900
tehran,8901
tehran,8902
tehran,8904
tehran,8906
tehran,8907
tehran,8910
tehran,8911
tehran,8912
tehran,8913
tehran,8914
tehran,8915
tehran,8916
tehran,8917
tehran,8919
tehran,8923
tehran,8924
tehran,8925
tehran,8926
tehran,8927
tehran,8929
tehran,8930
tehran,8931
tehran,8933
tehran,8936
tehran,8937
tehran,8939
tehran,8940
tehran,8942
tehran,8943
tehran,8944
tehran,8945
tehran,8946
tehran,8947
tehran,8948
tehran,8949
tehran,8951
tehran,8953
tehran,8955
tehran,8956
tehran,8957
tehran,8959
tehran,8960
tehran,8961
tehran,8962
tehran,8963
tehran,8965
tehran,8966
tehran,8969
tehran,8971
tehran,8972
tehran,8973
tehran,8974
tehran,8975
tehran,8976
tehran,8977
tehran,8978
tehran,8979
tehran,8981
tehran,8983
tehran,8985
tehran,8986
tehran,8987
tehran,8988
tehran,8990
tehran,8991
tehran,8993
tehran,8994
tehran,8996
tehran,8997
tehran,8998
tehran,8999
tehran,9000
tehran,9001
tehran,9004
tehran,9005
tehran,9007
tehran,9008
tehran,9009
tehran,9011
tehran,9012
tehran,9013
tehran,9014
tehran,9015
tehran,9016
tehran,9018
tehran,9020
tehran,9021
tehran,9022
tehran,9023
tehran,9025
tehran,9027
tehran,9028
tehran,9029
tehran,9030
tehran,9031
tehran,9032
tehran,9033
tehran,9034
tehran,9035
tehran,9036
tehran,9037
tehran,9038
tehran,9039
tehran,9040
tehran,9041
tehran,9043
tehran,9044
tehran,9046
tehran,9047
tehran,9048
tehran,9049
tehran,9050
tehran,9051
tehran,9053
tehran,9054
tehran,9055
tehran,9056
tehran,9057
tehran,9058
tehran,9059
tehran,9061
tehran,9062
tehran,9063
tehran,9064
tehran,9065
tehran,9066
tehran,9067
tehran,9068
tehran,9069
tehran,9070
tehran,9071
tehran,9072
tehran,9073
tehran,9074
tehran,9075
tehran,9076
tehran,9078
tehran,9079
tehran,9080
tehran,9081
tehran,9082
tehran,9083
tehran,9084
tehran,9085
tehran,9087
tehran,9088
tehran,9089
tehran,9090
tehran,9092
tehran,9093
tehran,9095
tehran,9096
tehran,9097
tehran,9099
tehran,9100
tehran,9101
tehran,9102
tehran,9104
tehran,9105
tehran,9106
tehran,9107
tehran,9108
tehran,9110
tehran,9113
tehran,9114
tehran,9115
tehran,9116
tehran,9118
tehran,9119
tehran,9120
tehran,9123
tehran,9124
tehran,9126
tehran,9127
tehran,9128
tehran,9129
tehran,9130
tehran,9132
tehran,9133
tehran,9135
tehran,9136
tehran,9137
tehran,9138
tehran,9139
tehran,9140
tehran,9141
tehran,9143
tehran,9144
tehran,9147
tehran,9148
tehran,9149
tehran,9150
tehran,9151
tehran,9153
tehran,9154
tehran,9159
tehran,9161
tehran,9162
tehran,9163
tehran,9164
tehran,9165
tehran,9166
tehran,9167
tehran,9168
tehran,9169
tehran,9171
tehran,9172
tehran,9173
tehran,9174
tehran,9175
tehran,9179
tehran,9180
tehran,9181
tehran,9182
tehran,9184
tehran,9185
tehran,9187
tehran,9188
tehran,9189
tehran,9192
tehran,9193
tehran,9194
tehran,9195
tehran,9198
tehran,9200
tehran,9201
tehran,9202
tehran,9203
tehran,9205
tehran,9207
tehran,9208
tehran,9209
tehran,9210
tehran,9213
tehran,9215
tehran,9216
tehran,9218
tehran,9219
tehran,9222
tehran,9223
tehran,9225
tehran,9226
tehran,9227
tehran,9229
tehran,9231
tehran,9232
tehran,9236
tehran,9237
tehran,9238
tehran,9239
tehran,9241
tehran,9242
tehran,9244
tehran,9245
tehran,9246
tehran,9248
tehran,9249
tehran,9250
tehran,9252
tehran,9253
tehran,9254
tehran,9256
tehran,9257
tehran,9258
tehran,9259
tehran,9260
tehran,9262
tehran,9263
tehran,9264
tehran,9265
tehran,9266
tehran,9267
tehran,9268
tehran,9270
tehran,9271
tehran,9273
tehran,9275
tehran,9276
tehran,9277
tehran,9278
tehran,9280
tehran,9281
tehran,9282
tehran,9283
tehran,9284
tehran,9286
tehran,9287
tehran,9288
tehran,9289
tehran,9290
tehran,9291
tehran,9292
tehran,9293
tehran,9294
tehran,9295
tehran,9297
tehran,9298
tehran,9299
tehran,9301
tehran,9303
tehran,9304
tehran,9305
tehran,9307
tehran,9310
tehran,9311
tehran,9312
tehran,9313
tehran,9314
tehran,9315
tehran,9318
tehran,9319
tehran,9320
tehran,9321
tehran,9323
tehran,9324
tehran,9325
tehran,9326
tehran,9327
tehran,9328
tehran,9330
tehran,9331
tehran,9332
tehran,9333
tehran,9334
tehran,9335
tehran,9336
tehran,9337
tehran,9339
tehran,9341
tehran,9343
tehran,9344
tehran,9345
tehran,9346
tehran,9347
tehran,9348
tehran,9349
tehran,9350
tehran,9351
tehran,9352
tehran,9353
tehran,9354
tehran,9355
tehran,9356
tehran,9360
tehran,9361
tehran,9362
tehran,9363
tehran,9365
tehran,9366
tehran,9367
tehran,9368
tehran,9369
tehran,9371
tehran,9372
tehran,9373
tehran,9374
tehran,9375
tehran,9376
tehran,9377
tehran,9378
tehran,9379
tehran,9380
tehran,9381
tehran,9382
tehran,9383
tehran,9384
tehran,9385
tehran,9386
tehran,9387
tehran,9388
tehran,9389
tehran,9390
tehran,9391
tehran,9392
tehran,9393
tehran,9394
tehran,9395
tehran,9396
tehran,9397
tehran,9399
tehran,9400
tehran,9401
tehran,9402
tehran,9404
tehran,9405
tehran,9407
tehran,9408
tehran,9409
tehran,9410
tehran,9411
tehran,9413
tehran,9414
tehran,9415
tehran,9416
tehran,9417
tehran,9418
tehran,9419
tehran,9420
tehran,9421
tehran,9422
tehran,9423
tehran,9425
tehran,9426
tehran,9428
tehran,9429
tehran,9430
tehran,9431
tehran,9432
tehran,9433
tehran,9434
tehran,9435
tehran,9437
tehran,9439
tehran,9440
tehran,9443
tehran,9444
tehran,9445
tehran,9446
tehran,9447
tehran,9448
tehran,9450
tehran,9452
tehran,9453
tehran,9454
tehran,9456
tehran,9457
tehran,9458
tehran,9460
tehran,9461
tehran,9463
tehran,9465
tehran,9468
tehran,9469
tehran,9470
tehran,9471
tehran,9473
tehran,9475
tehran,9476
tehran,9477
tehran,9478
tehran,9479
tehran,9480
tehran,9481
tehran,9482
tehran,9483
tehran,9484
tehran,9485
tehran,9486
tehran,9488
tehran,9489
tehran,9490
tehran,9491
tehran,9492
tehran,9493
tehran,9494
tehran,9497
tehran,9498
tehran,9499
tehran,9501
tehran,9502
tehran,9503
tehran,9504
tehran,9506
tehran,9508
tehran,9509
tehran,9510
tehran,9513
tehran,9514
tehran,9515
tehran,9517
tehran,9518
tehran,9521
tehran,9522
tehran,9526
tehran,9527
tehran,9529
tehran,9531
tehran,9532
tehran,9535
tehran,9537
tehran,9538
tehran,9540
tehran,9541
tehran,9542
tehran,9543
tehran,9544
tehran,9545
tehran,9546
tehran,9547
tehran,9548
tehran,9549
tehran,9550
tehran,9551
tehran,9552
tehran,9554
tehran,9557
tehran,9558
tehran,9560
tehran,9561
tehran,9562
tehran,9563
tehran,9564
tehran,9565
tehran,9567
tehran,9568
tehran,9570
tehran,9571
tehran,9572
tehran,9574
tehran,9575
tehran,9577
tehran,9578
tehran,9579
tehran,9580
tehran,9581
tehran,9582
tehran,9583
tehran,9584
tehran,9585
tehran,9586
tehran,9588
tehran,9589
tehran,9590
tehran,9591
tehran,9592
tehran,9593
tehran,9594
tehran,9595
tehran,9596
tehran,9597
tehran,9598
tehran,9599
tehran,9600
tehran,9601
tehran,9602
tehran,9603
tehran,9604
tehran,9606
tehran,9607
tehran,9608
tehran,9609
tehran,9610
tehran,9611
tehran,9612
tehran,9613
tehran,9614
tehran,9615
tehran,9616
tehran,9617
tehran,9618
tehran,9619
tehran,9620
tehran,9621
tehran,9624
tehran,9626
tehran,9627
tehran,9629
tehran,9630
tehran,9631
tehran,9633
tehran,9634
tehran,9636
tehran,9637
tehran,9638
tehran,9639
tehran,9642
tehran,9643
tehran,9644
tehran,9645
tehran,9646
tehran,9648
tehran,9649
tehran,9650
tehran,9651
tehran,9652
tehran,9653
tehran,9654
tehran,9655
tehran,9658
tehran,9660
tehran,9661
tehran,9662
tehran,9663
tehran,9664
tehran,9665
tehran,9667
tehran,9668
tehran,9669
tehran,9671
tehran,9672
tehran,9673
tehran,9674
tehran,9675
tehran,9677
tehran,9678
tehran,9680
tehran,9681
tehran,9682
tehran,9683
tehran,9684
tehran,9685
tehran,9686
tehran,9687
tehran,9690
tehran,9691
tehran,9692
tehran,9694
tehran,9696
tehran,9697
tehran,9698
tehran,9700
tehran,9702
tehran,9703
tehran,9704
tehran,9705
tehran,9707
tehran,9709
tehran,9710
tehran,9712
tehran,9713
tehran,9715
tehran,9717
tehran,9718
tehran,9720
tehran,9721
tehran,9722
tehran,9723
tehran,9725
tehran,9726
tehran,9728
tehran,9729
tehran,9730
tehran,9732
tehran,9733
tehran,9734
tehran,9737
tehran,9738
tehran,9740
tehran,9741
tehran,9742
tehran,9744
tehran,9745
tehran,9746
tehran,9747
tehran,9748
tehran,9749
tehran,9750
tehran,9751
tehran,9752
tehran,9753
tehran,9754
tehran,9756
tehran,9757
tehran,9758
tehran,9759
tehran,9761
tehran,9762
tehran,9763
tehran,9764
tehran,9765
tehran,9766
tehran,9767
tehran,9768
tehran,9769
tehran,9771
tehran,9772
tehran,9773
tehran,9774
tehran,9776
tehran,9777
tehran,9778
tehran,9781
tehran,9782
tehran,9783
tehran,9784
tehran,9785
tehran,9786
tehran,9788
tehran,9790
tehran,9791
tehran,9793
tehran,9794
tehran,9796
tehran,9799
tehran,9800
tehran,9801
tehran,9802
tehran,9803
tehran,9808
tehran,9810
tehran,9812
tehran,9813
tehran,9814
tehran,9815
tehran,9816
tehran,9818
tehran,9819
tehran,9820
tehran,9821
tehran,9822
tehran,9823
tehran,9824
tehran,9825
tehran,9826
tehran,9827
tehran,9828
tehran,9830
tehran,9831
tehran,9833
tehran,9835
tehran,9836
tehran,9837
tehran,9839
tehran,9840
tehran,9841
tehran,9842
tehran,9844
tehran,9845
tehran,9846
tehran,9847
tehran,9848
tehran,9849
tehran,9850
tehran,9851
tehran,9852
tehran,9854
tehran,9855
tehran,9858
tehran,9860
tehran,9861
tehran,9862
tehran,9863
tehran,9864
tehran,9866
tehran,9867
tehran,9869
tehran,9871
tehran,9873
tehran,9874
tehran,9875
tehran,9877
tehran,9879
tehran,9880
tehran,9882
tehran,9883
tehran,9884
tehran,9885
tehran,9886
tehran,9889
tehran,9891
tehran,9892
tehran,9894
tehran,9895
tehran,9898
tehran,9899
tehran,9900
tehran,9902
tehran,9903
tehran,9906
tehran,9908
tehran,9909
tehran,9910
tehran,9911
tehran,9912
tehran,9913
tehran,9914
tehran,9917
tehran,9918
tehran,9922
tehran,9923
tehran,9924
tehran,9925
tehran,9926
tehran,9927
tehran,9928
tehran,9929
tehran,9931
tehran,9932
tehran,9933
tehran,9934
tehran,9936
tehran,9939
tehran,9940
tehran,9942
tehran,9944
tehran,9945
tehran,9946
tehran,9947
tehran,9948
tehran,9951
tehran,9952
tehran,9953
tehran,9955
tehran,9956
tehran,9957
tehran,9959
tehran,9960
tehran,9961
tehran,9962
tehran,9963
tehran,9964
tehran,9965
tehran,9967
tehran,9968
tehran,9969
tehran,9970
tehran,9971
tehran,9972
tehran,9974
tehran,9976
tehran,9977
tehran,9980
tehran,9984
tehran,9985
tehran,9986
tehran,9987
tehran,9989
tehran,9990
tehran,9991
tehran,9994
tehran,9996
tehran,9997
tehran,9999
tehran,10000
tehran,10001
tehran,10002
tehran,10003
tehran,10004
tehran,10005
tehran,10006
tehran,10008
tehran,10009
tehran,10011
tehran,10012
tehran,10013
tehran,10014
tehran,10016
tehran,10017
tehran,10018
tehran,10019
tehran,10020
tehran,10021
tehran,10022
tehran,10023
tehran,10024
tehran,10025
tehran,10026
tehran,10027
tehran,10028
tehran,10029
tehran,10030
tehran,10031
tehran,10032
tehran,10033
tehran,10034
tehran,10035
tehran,10036
tehran,10037
tehran,10039
tehran,10041
tehran,10042
tehran,10043
tehran,10044
tehran,10045
tehran,10046
tehran,10047
tehran,10048
tehran,10050
tehran,10051
tehran,10052
tehran,10054
tehran,10055
tehran,10058
tehran,10059
tehran,10060
tehran,10061
tehran,10063
tehran,10064
tehran,10065
tehran,10066
tehran,10067
tehran,10068
tehran,10069
tehran,10070
tehran,10072
tehran,10073
tehran,10074
tehran,10075
tehran,10076
tehran,10077
tehran,10079
tehran,10080
tehran,10081
tehran,10082
tehran,10083
tehran,10084
tehran,10085
tehran,10086
tehran,10087
tehran,10088
tehran,10089
tehran,10090
tehran,10091
tehran,10092
tehran,10094
tehran,10095
tehran,10096
tehran,10097
tehran,10098
tehran,10099
tehran,10100
tehran,10101
tehran,10102
tehran,10103
tehran,10105
tehran,10106
tehran,10108
tehran,10109
tehran,10110
tehran,10111
tehran,10112
tehran,10113
tehran,10114
tehran,10115
tehran,10116
tehran,10118
tehran,10119
tehran,10120
tehran,10121
tehran,10122
tehran,10123
tehran,10124
tehran,10125
tehran,10127
tehran,10128
tehran,10129
tehran,10130
tehran,10131
tehran,10132
tehran,10134
tehran,10135
tehran,10136
tehran,10137
tehran,10138
tehran,10139
tehran,10140
tehran,10141
tehran,10142
tehran,10143
tehran,10144
tehran,10145
tehran,10146
tehran,10147
tehran,10148
tehran,10149
tehran,10150
tehran,10151
tehran,10152
tehran,10153
tehran,10154
tehran,10156
tehran,10157
tehran,10158
tehran,10160
tehran,10161
tehran,10162
tehran,10163
tehran,10164
tehran,10165
tehran,10166
tehran,10167
tehran,10168
tehran,10169
tehran,10170
tehran,10171
tehran,10173
tehran,10174
tehran,10175
tehran,10176
tehran,10177
tehran,10178
tehran,10179
tehran,10181
tehran,10182
tehran,10183
tehran,10184
tehran,10185
tehran,10186
tehran,10187
tehran,10189
tehran,10190
tehran,10191
tehran,10192
tehran,10193
tehran,10194
tehran,10195
tehran,10197
tehran,10198
tehran,10200
tehran,10201
tehran,10202
tehran,10203
tehran,10204
tehran,10205
tehran,10206
tehran,10207
tehran,10208
tehran,10209
tehran,10211
tehran,10213
tehran,10215
tehran,10216
tehran,10218
tehran,10219
tehran,10220
tehran,10221
tehran,10222
tehran,10223
tehran,10224
tehran,10226
tehran,10227
tehran,10228
tehran,10230
tehran,10231
tehran,10235
tehran,10236
tehran,10237
tehran,10238
tehran,10240
tehran,10241
tehran,10242
tehran,10245
tehran,10246
tehran,10247
tehran,10248
tehran,10249
tehran,10250
tehran,10251
tehran,10252
tehran,10253
tehran,10254
tehran,10255
tehran,10256
tehran,10257
tehran,10258
tehran,10260
tehran,10261
tehran,10262
tehran,10263
tehran,10264
tehran,10265
tehran,10266
tehran,10267
tehran,10268
tehran,10269
tehran,10274
tehran,10275
tehran,10276
tehran,10277
tehran,10279
tehran,10280
tehran,10281
tehran,10282
tehran,10283
tehran,10284
tehran,10285
tehran,10287
tehran,10288
tehran,10289
tehran,10291
tehran,10292
tehran,10293
tehran,10294
tehran,10295
tehran,10296
tehran,10298
tehran,10299
tehran,10300
tehran,10301
tehran,10302
tehran,10303
tehran,10304
tehran,10305
tehran,10306
tehran,10307
tehran,10308
tehran,10309
tehran,10310
tehran,10312
tehran,10313
tehran,10314
tehran,10315
tehran,10316
tehran,10317
tehran,10320
tehran,10321
tehran,10322
tehran,10323
tehran,10324
tehran,10325
tehran,10326
tehran,10327
tehran,10328
tehran,10329
tehran,10330
tehran,10331
tehran,10333
tehran,10334
tehran,10335
tehran,10336
tehran,10337
tehran,10338
tehran,10340
tehran,10341
tehran,10342
tehran,10343
tehran,10344
tehran,10345
tehran,10346
tehran,10347
tehran,10348
tehran,10350
tehran,10352
tehran,10353
tehran,10356
tehran,10357
tehran,10359
tehran,10361
tehran,10362
tehran,10364
tehran,10365
tehran,10367
tehran,10368
tehran,10369
tehran,10370
tehran,10371
tehran,10372
tehran,10373
tehran,10375
tehran,10376
tehran,10377
tehran,10378
tehran,10379
tehran,10381
tehran,10382
tehran,10383
tehran,10384
tehran,10385
tehran,10388
tehran,10390
tehran,10391
tehran,10392
tehran,10394
tehran,10395
tehran,10397
tehran,10398
tehran,10399
tehran,10401
tehran,10402
tehran,10403
tehran,10404
tehran,10405
tehran,10406
tehran,10407
tehran,10409
tehran,10410
tehran,10411
tehran,10412
tehran,10414
tehran,10415
tehran,10416
tehran,10417
tehran,10418
tehran,10419
tehran,10422
tehran,10423
tehran,10424
tehran,10425
tehran,10426
tehran,10427
tehran,10428
tehran,10429
tehran,10430
tehran,10431
tehran,10433
tehran,10434
tehran,10435
tehran,10436
tehran,10438
tehran,10439
tehran,10441
tehran,10442
tehran,10443
tehran,10444
tehran,10445
tehran,10446
tehran,10447
tehran,10448
tehran,10449
tehran,10450
tehran,10451
tehran,10452
tehran,10454
tehran,10456
tehran,10459
tehran,10460
tehran,10462
tehran,10464
tehran,10466
tehran,10467
tehran,10470
tehran,10471
tehran,10472
tehran,10473
tehran,10474
tehran,10475
tehran,10476
tehran,10477
tehran,10478
tehran,10479
tehran,10480
tehran,10481
tehran,10482
tehran,10483
tehran,10485
tehran,10486
tehran,10487
tehran,10488
tehran,10489
tehran,10490
tehran,10491
tehran,10493
tehran,10494
tehran,10495
tehran,10497
tehran,10498
tehran,10499
tehran,10500
tehran,10502
tehran,10503
tehran,10504
tehran,10506
tehran,10507
tehran,10508
tehran,10511
tehran,10512
tehran,10513
tehran,10515
tehran,10516
tehran,10518
tehran,10520
tehran,10522
tehran,10523
tehran,10525
tehran,10526
tehran,10527
tehran,10528
tehran,10530
tehran,10531
tehran,10532
tehran,10533
tehran,10534
tehran,10535
tehran,10537
tehran,10538
tehran,10539
tehran,10540
tehran,10542
tehran,10543
tehran,10544
tehran,10546
tehran,10548
tehran,10549
tehran,10550
tehran,10552
tehran,10554
tehran,10555
tehran,10561
tehran,10562
tehran,10563
tehran,10564
tehran,10565
tehran,10567
tehran,10568
tehran,10569
tehran,10570
tehran,10571
tehran,10572
tehran,10573
tehran,10575
tehran,10577
tehran,10579
tehran,10580
tehran,10581
tehran,10582
tehran,10583
tehran,10584
tehran,10586
tehran,10587
tehran,10588
tehran,10589
tehran,10590
tehran,10591
tehran,10592
tehran,10594
tehran,10595
tehran,10596
tehran,10597
tehran,10599
tehran,10601
tehran,10602
tehran,10603
tehran,10604
tehran,10607
tehran,10608
tehran,10609
tehran,10610
tehran,10611
tehran,10612
tehran,10613
tehran,10614
tehran,10615
tehran,10616
tehran,10617
tehran,10618
tehran,10620
tehran,10621
tehran,10622
tehran,10623
tehran,10624
tehran,10625
tehran,10627
tehran,10629
tehran,10630
tehran,10631
tehran,10632
tehran,10633
tehran,10634
tehran,10635
tehran,10637
tehran,10638
tehran,10639
tehran,10640
tehran,10641
tehran,10642
tehran,10643
tehran,10645
tehran,10647
tehran,10648
tehran,10649
tehran,10650
tehran,10652
tehran,10653
tehran,10654
tehran,10655
tehran,10656
tehran,10658
tehran,10659
tehran,10660
tehran,10661
tehran,10662
tehran,10663
tehran,10665
tehran,10666
tehran,10668
tehran,10669
tehran,10670
tehran,10671
tehran,10672
tehran,10673
tehran,10674
tehran,10675
tehran,10676
tehran,10678
tehran,10679
tehran,10680
tehran,10681
tehran,10682
tehran,10685
tehran,10686
tehran,10687
tehran,10688
tehran,10689
tehran,10691
tehran,10692
tehran,10693
tehran,10694
tehran,10695
tehran,10696
tehran,10697
tehran,10698
tehran,10699
tehran,10700
tehran,10701
tehran,10703
tehran,10704
tehran,10705
tehran,10706
tehran,10707
tehran,10708
tehran,10709
tehran,10710
tehran,10712
tehran,10713
tehran,10714
tehran,10715
tehran,10716
tehran,10717
tehran,10718
tehran,10722
tehran,10723
tehran,10724
tehran,10725
tehran,10727
tehran,10729
tehran,10730
tehran,10732
tehran,10733
tehran,10735
tehran,10736
tehran,10737
tehran,10738
tehran,10739
tehran,10740
tehran,10741
tehran,10744
tehran,10746
tehran,10747
tehran,10749
tehran,10750
tehran,10751
tehran,10752
tehran,10754
tehran,10755
tehran,10757
tehran,10758
tehran,10759
tehran,10760
tehran,10761
tehran,10762
tehran,10764
tehran,10765
tehran,10766
tehran,10768
tehran,10769
tehran,10770
tehran,10771
tehran,10773
tehran,10775
tehran,10776
tehran,10778
tehran,10779
tehran,10780
tehran,10781
tehran,10782
tehran,10784
tehran,10785
tehran,10786
tehran,10787
tehran,10788
tehran,10789
tehran,10790
tehran,10791
tehran,10792
tehran,10793
tehran,10795
tehran,10796
tehran,10798
tehran,10799
tehran,10800
tehran,10801
tehran,10802
tehran,10803
tehran,10804
tehran,10805
tehran,10807
tehran,10808
tehran,10809
tehran,10811
tehran,10813
tehran,10814
tehran,10815
tehran,10816
tehran,10817
tehran,10818
tehran,10819
tehran,10820
tehran,10821
tehran,10822
tehran,10824
tehran,10826
tehran,10828
tehran,10829
tehran,10830
tehran,10831
tehran,10832
tehran,10835
tehran,10837
tehran,10838
tehran,10839
tehran,10840
tehran,10841
tehran,10842
tehran,10843
tehran,10845
tehran,10846
tehran,10847
tehran,10848
tehran,10849
tehran,10851
tehran,10853
tehran,10856
tehran,10857
tehran,10858
tehran,10859
tehran,10863
tehran,10864
tehran,10868
tehran,10869
tehran,10870
tehran,10871
tehran,10872
tehran,10873
tehran,10874
tehran,10875
tehran,10877
tehran,10878
tehran,10880
tehran,10881
tehran,10882
tehran,10884
tehran,10885
tehran,10886
tehran,10887
tehran,10889
tehran,10890
tehran,10891
tehran,10893
tehran,10894
tehran,10895
tehran,10896
tehran,10898
tehran,10900
tehran,10901
tehran,10902
tehran,10904
tehran,10905
tehran,10906
tehran,10908
tehran,10910
tehran,10911
tehran,10912
tehran,10913
tehran,10915
tehran,10916
tehran,10917
tehran,10918
tehran,10921
tehran,10923
tehran,10924
tehran,10925
tehran,10927
tehran,10928
tehran,10929
tehran,10932
tehran,10933
tehran,10934
tehran,10936
tehran,10937
tehran,10938
tehran,10939
tehran,10940
tehran,10941
tehran,10943
tehran,10944
tehran,10945
tehran,10946
tehran,10947
tehran,10948
tehran,10949
tehran,10950
tehran,10953
tehran,10954
tehran,10955
tehran,10956
tehran,10958
tehran,10960
tehran,10961
tehran,10962
tehran,10963
tehran,10964
tehran,10965
tehran,10966
tehran,10967
tehran,10969
tehran,10971
tehran,10972
tehran,10973
tehran,10975
tehran,10976
tehran,10977
tehran,10978
tehran,10980
tehran,10981
tehran,10982
tehran,10984
tehran,10985
tehran,10986
tehran,10988
tehran,10989
tehran,10991
tehran,10992
tehran,10993
tehran,10994
tehran,10995
tehran,10996
tehran,10997
tehran,10999
tehran,11001
tehran,11002
tehran,11003
tehran,11004
tehran,11007
tehran,11008
tehran,11009
tehran,11010
tehran,11011
tehran,11012
tehran,11013
tehran,11014
tehran,11016
tehran,11017
tehran,11019
tehran,11020
tehran,11022
tehran,11023
tehran,11025
tehran,11026
tehran,11027
tehran,11028
tehran,11029
tehran,11031
tehran,11032
tehran,11033
tehran,11034
tehran,11036
tehran,11040
tehran,11041
tehran,11042
tehran,11043
tehran,11044
tehran,11045
tehran,11047
tehran,11048
tehran,11049
tehran,11050
tehran,11052
tehran,11054
tehran,11056
tehran,11057
tehran,11059
tehran,11060
tehran,11061
tehran,11062
tehran,11063
tehran,11064
tehran,11066
tehran,11068
tehran,11069
tehran,11070
tehran,11071
tehran,11073
tehran,11074
tehran,11076
tehran,11078
tehran,11079
tehran,11081
tehran,11082
tehran,11083
tehran,11084
tehran,11085
tehran,11086
tehran,11087
tehran,11090
tehran,11091
tehran,11093
tehran,11094
tehran,11096
tehran,11097
tehran,11098
tehran,11099
tehran,11101
tehran,11103
tehran,11104
tehran,11106
tehran,11107
tehran,11109
tehran,11111
tehran,11112
tehran,11113
tehran,11114
tehran,11115
tehran,11116
tehran,11118
tehran,11119
tehran,11120
tehran,11121
tehran,11122
tehran,11123
tehran,11124
tehran,11125
tehran,11126
tehran,11128
tehran,11130
tehran,11131
tehran,11133
tehran,11135
tehran,11136
tehran,11138
tehran,11139
tehran,11140
tehran,11141
tehran,11143
tehran,11144
tehran,11145
tehran,11146
tehran,11148
tehran,11149
tehran,11152
tehran,11154
tehran,11155
tehran,11159
tehran,11160
tehran,11161
tehran,11162
tehran,11163
tehran,11164
tehran,11166
tehran,11167
tehran,11168
tehran,11169
tehran,11170
tehran,11171
tehran,11172
tehran,11174
tehran,11175
tehran,11176
tehran,11178
tehran,11179
tehran,11181
tehran,11182
tehran,11183
tehran,11185
tehran,11188
tehran,11189
tehran,11191
tehran,11192
tehran,11193
tehran,11195
tehran,11196
tehran,11197
tehran,11198
tehran,11199
tehran,11200
tehran,11201
tehran,11203
tehran,11204
tehran,11206
tehran,11207
tehran,11208
tehran,11210
tehran,11211
tehran,11214
tehran,11215
tehran,11216
tehran,11219
tehran,11221
tehran,11222
tehran,11223
tehran,11225
tehran,11226
tehran,11227
tehran,11228
tehran,11230
tehran,11231
tehran,11232
tehran,11233
tehran,11234
tehran,11235
tehran,11236
tehran,11237
tehran,11239
tehran,11241
tehran,11243
tehran,11245
tehran,11246
tehran,11247
tehran,11248
tehran,11249
tehran,11250
tehran,11252
tehran,11253
tehran,11254
tehran,11255
tehran,11257
tehran,11259
tehran,11260
tehran,11261
tehran,11262
tehran,11263
tehran,11265
tehran,11266
tehran,11269
tehran,11271
tehran,11272
tehran,11273
tehran,11274
tehran,11276
tehran,11277
tehran,11280
tehran,11281
tehran,11282
tehran,11283
tehran,11284
tehran,11285
tehran,11286
tehran,11287
tehran,11288
tehran,11289
tehran,11290
tehran,11291
tehran,11292
tehran,11293
tehran,11294
tehran,11295
tehran,11296
tehran,11297
tehran,11298
tehran,11301
tehran,11302
tehran,11303
tehran,11304
tehran,11306
tehran,11307
tehran,11308
tehran,11309
tehran,11312
tehran,11313
tehran,11314
tehran,11315
tehran,11316
tehran,11318
tehran,11319
tehran,11321
tehran,11322
tehran,11323
tehran,11324
tehran,11326
tehran,11327
tehran,11328
tehran,11330
tehran,11331
tehran,11332
tehran,11333
tehran,11334
tehran,11335
tehran,11336
tehran,11338
tehran,11339
tehran,11340
tehran,11341
tehran,11342
tehran,11343
tehran,11344
tehran,11345
tehran,11347
tehran,11348
tehran,11349
tehran,11350
tehran,11351
tehran,11353
tehran,11354
tehran,11355
tehran,11356
tehran,11357
tehran,11358
tehran,11360
tehran,11361
tehran,11362
tehran,11363
tehran,11365
tehran,11367
tehran,11369
tehran,11372
tehran,11373
tehran,11374
tehran,11375
tehran,11377
tehran,11379
tehran,11381
tehran,11383
tehran,11386
tehran,11387
tehran,11388
tehran,11389
tehran,11391
tehran,11393
tehran,11394
tehran,11395
tehran,11396
tehran,11399
tehran,11400
tehran,11401
tehran,11402
tehran,11403
tehran,11405
tehran,11407
tehran,11408
tehran,11409
tehran,11413
tehran,11414
tehran,11415
tehran,11417
tehran,11418
tehran,11419
tehran,11420
tehran,11421
tehran,11422
tehran,11423
tehran,11424
tehran,11425
tehran,11426
tehran,11428
tehran,11429
tehran,11430
tehran,11431
tehran,11433
tehran,11434
tehran,11435
tehran,11436
tehran,11440
tehran,11441
tehran,11444
tehran,11445
tehran,11446
tehran,11447
tehran,11448
tehran,11449
tehran,11450
tehran,11451
tehran,11453
tehran,11454
tehran,11455
tehran,11456
tehran,11457
tehran,11458
tehran,11459
tehran,11460
tehran,11462
tehran,11463
tehran,11465
tehran,11467
tehran,11468
tehran,11470
tehran,11471
tehran,11472
tehran,11473
tehran,11474
tehran,11476
tehran,11477
tehran,11479
tehran,11480
tehran,11481
tehran,11483
tehran,11485
tehran,11486
tehran,11488
tehran,11490
tehran,11491
tehran,11493
tehran,11494
tehran,11495
tehran,11496
tehran,11497
tehran,11498
tehran,11502
tehran,11503
tehran,11505
tehran,11506
tehran,11507
tehran,11508
tehran,11509
tehran,11510
tehran,11512
tehran,11513
tehran,11514
tehran,11515
tehran,11516
tehran,11518
tehran,11519
tehran,11522
tehran,11524
tehran,11525
tehran,11526
tehran,11528
tehran,11529
tehran,11531
tehran,11532
tehran,11533
tehran,11534
tehran,11535
tehran,11536
tehran,11537
tehran,11538
tehran,11539
tehran,11540
tehran,11541
tehran,11542
tehran,11544
tehran,11546
tehran,11548
tehran,11549
tehran,11550
tehran,11551
tehran,11553
tehran,11554
tehran,11556
tehran,11557
tehran,11558
tehran,11559
tehran,11560
tehran,11562
tehran,11563
tehran,11564
tehran,11565
tehran,11566
tehran,11567
tehran,11569
tehran,11571
tehran,11572
tehran,11573
tehran,11576
tehran,11577
tehran,11578
tehran,11581
tehran,11582
tehran,11585
tehran,11586
tehran,11587
tehran,11588
tehran,11589
tehran,11590
tehran,11591
tehran,11592
tehran,11593
tehran,11595
tehran,11596
tehran,11597
tehran,11598
tehran,11599
tehran,11600
tehran,11601
tehran,11603
tehran,11604
tehran,11607
tehran,11608
tehran,11609
tehran,11611
tehran,11613
tehran,11615
tehran,11617
tehran,11618
tehran,11620
tehran,11623
tehran,11625
tehran,11628
tehran,11629
tehran,11630
tehran,11631
tehran,11633
tehran,11634
tehran,11635
tehran,11636
tehran,11638
tehran,11640
tehran,11641
tehran,11643
tehran,11644
tehran,11645
tehran,11646
tehran,11647
tehran,11648
tehran,11649
tehran,11651
tehran,11652
tehran,11653
tehran,11654
tehran,11655
tehran,11656
tehran,11659
tehran,11660
tehran,11661
tehran,11662
tehran,11663
tehran,11664
tehran,11665
tehran,11666
tehran,11667
tehran,11668
tehran,11671
tehran,11673
tehran,11675
tehran,11676
tehran,11678
tehran,11680
tehran,11682
tehran,11683
tehran,11685
tehran,11687
tehran,11689
tehran,11691
tehran,11692
tehran,11693
tehran,11694
tehran,11695
tehran,11696
tehran,11697
tehran,11698
tehran,11700
tehran,11701
tehran,11702
tehran,11703
tehran,11704
tehran,11706
tehran,11707
tehran,11708
tehran,11709
tehran,11711
tehran,11712
tehran,11713
tehran,11714
tehran,11715
tehran,11718
tehran,11719
tehran,11720
tehran,11721
tehran,11723
tehran,11724
tehran,11727
tehran,11729
tehran,11731
tehran,11732
tehran,11733
tehran,11734
tehran,11735
tehran,11736
tehran,11741
tehran,11742
tehran,11743
tehran,11744
tehran,11745
tehran,11746
tehran,11748
tehran,11750
tehran,11753
tehran,11754
tehran,11756
tehran,11757
tehran,11758
tehran,11760
tehran,11761
tehran,11762
tehran,11764
tehran,11765
tehran,11766
tehran,11767
tehran,11769
tehran,11771
tehran,11773
tehran,11774
tehran,11775
tehran,11777
tehran,11778
tehran,11780
tehran,11781
tehran,11782
tehran,11783
tehran,11784
tehran,11786
tehran,11787
tehran,11788
tehran,11789
tehran,11790
tehran,11793
tehran,11794
tehran,11795
tehran,11796
tehran,11797
tehran,11799
tehran,11800
tehran,11802
tehran,11805
tehran,11806
tehran,11808
tehran,11809
tehran,11810
tehran,11811
tehran,11812
tehran,11813
tehran,11814
tehran,11815
tehran,11816
tehran,11817
tehran,11820
tehran,11821
tehran,11822
tehran,11823
tehran,11824
tehran,11825
tehran,11826
tehran,11827
tehran,11829
tehran,11830
tehran,11831
tehran,11832
tehran,11833
tehran,11834
tehran,11836
tehran,11837
tehran,11839
tehran,11842
tehran,11843
tehran,11844
tehran,11845
tehran,11846
tehran,11848
tehran,11850
tehran,11851
tehran,11852
tehran,11853
tehran,11854
tehran,11855
tehran,11856
tehran,11857
tehran,11858
tehran,11861
tehran,11862
tehran,11863
tehran,11864
tehran,11865
tehran,11867
tehran,11868
tehran,11869
tehran,11870
tehran,11871
tehran,11873
tehran,11874
tehran,11875
tehran,11878
tehran,11879
tehran,11881
tehran,11883
tehran,11884
tehran,11887
tehran,11888
tehran,11889
tehran,11892
tehran,11893
tehran,11894
tehran,11895
tehran,11898
tehran,11899
tehran,11900
tehran,11901
tehran,11903
tehran,11905
tehran,11906
tehran,11908
tehran,11909
tehran,11910
tehran,11912
tehran,11913
tehran,11914
tehran,11915
tehran,11916
tehran,11917
tehran,11918
tehran,11920
tehran,11923
tehran,11924
tehran,11925
tehran,11927
tehran,11929
tehran,11930
tehran,11931
tehran,11932
tehran,11933
tehran,11934
tehran,11936
tehran,11938
tehran,11939
tehran,11940
tehran,11941
tehran,11942
tehran,11943
tehran,11944
tehran,11945
tehran,11946
tehran,11947
tehran,11949
tehran,11950
tehran,11951
tehran,11952
tehran,11953
tehran,11954
tehran,11955
tehran,11957
tehran,11958
tehran,11959
tehran,11960
tehran,11961
tehran,11962
tehran,11963
tehran,11968
tehran,11969
tehran,11970
tehran,11971
tehran,11972
tehran,11973
tehran,11974
tehran,11977
tehran,11978
tehran,11979
tehran,11980
tehran,11981
tehran,11982
tehran,11984
tehran,11985
tehran,11986
tehran,11988
tehran,11989
tehran,11990
tehran,11991
tehran,11993
tehran,11994
tehran,11995
tehran,11996
tehran,11997
tehran,11998
tehran,12000
tehran,12002
tehran,12003
tehran,12004
tehran,12006
tehran,12007
tehran,12009
tehran,12011
tehran,12012
tehran,12013
tehran,12014
tehran,12015
tehran,12017
tehran,12018
tehran,12019
tehran,12020
tehran,12021
tehran,12022
tehran,12023
tehran,12026
tehran,12027
tehran,12029
tehran,12031
tehran,12034
tehran,12035
tehran,12037
tehran,12038
tehran,12039
tehran,12040
tehran,12041
tehran,12042
tehran,12043
tehran,12044
tehran,12045
tehran,12046
tehran,12047
tehran,12049
tehran,12050
tehran,12051
tehran,12052
tehran,12053
tehran,12054
tehran,12055
tehran,12056
tehran,12057
tehran,12058
tehran,12060
tehran,12061
tehran,12062
tehran,12063
tehran,12065
tehran,12067
tehran,12068
tehran,12069
tehran,12070
tehran,12071
tehran,12073
tehran,12074
tehran,12075
tehran,12076
tehran,12077
tehran,12078
tehran,12079
tehran,12080
tehran,12081
tehran,12082
tehran,12085
tehran,12086
tehran,12087
tehran,12088
tehran,12089
tehran,12090
tehran,12092
tehran,12093
tehran,12094
tehran,12095
tehran,12097
tehran,12099
tehran,12100
tehran,12101
tehran,12102
tehran,12103
tehran,12104
tehran,12105
tehran,12107
tehran,12108
tehran,12109
tehran,12111
tehran,12112
tehran,12113
tehran,12115
tehran,12116
tehran,12117
tehran,12118
tehran,12119
tehran,12121
tehran,12122
tehran,12124
tehran,12125
tehran,12126
tehran,12128
tehran,12129
tehran,12131
tehran,12132
tehran,12133
tehran,12134
tehran,12135
tehran,12136
tehran,12137
tehran,12139
tehran,12141
tehran,12142
tehran,12144
tehran,12146
tehran,12147
tehran,12148
tehran,12150
tehran,12151
tehran,12152
tehran,12154
tehran,12155
tehran,12156
tehran,12157
tehran,12159
tehran,12160
tehran,12162
tehran,12163
tehran,12165
tehran,12167
tehran,12169
tehran,12171
tehran,12172
tehran,12173
tehran,12174
tehran,12175
tehran,12177
tehran,12178
tehran,12179
tehran,12180
tehran,12181
tehran,12183
tehran,12184
tehran,12187
tehran,12189
tehran,12192
tehran,12194
tehran,12195
tehran,12196
tehran,12197
tehran,12199
tehran,12200
tehran,12202
tehran,12203
tehran,12204
tehran,12205
tehran,12207
tehran,12208
tehran,12209
tehran,12210
tehran,12211
tehran,12212
tehran,12214
tehran,12215
tehran,12216
tehran,12217
tehran,12219
tehran,12220
tehran,12221
tehran,12222
tehran,12223
tehran,12224
tehran,12225
tehran,12226
tehran,12227
tehran,12228
tehran,12229
tehran,12230
tehran,12231
tehran,12232
tehran,12235
tehran,12237
tehran,12238
tehran,12240
tehran,12242
tehran,12243
tehran,12244
tehran,12245
tehran,12246
tehran,12247
tehran,12248
tehran,12250
tehran,12251
tehran,12253
tehran,12254
tehran,12256
tehran,12257
tehran,12258
tehran,12259
tehran,12260
tehran,12261
tehran,12262
tehran,12263
tehran,12264
tehran,12266
tehran,12267
tehran,12268
tehran,12269
tehran,12271
tehran,12272
tehran,12274
tehran,12276
tehran,12277
tehran,12279
tehran,12280
tehran,12281
tehran,12283
tehran,12285
tehran,12286
tehran,12287
tehran,12289
tehran,12290
tehran,12291
tehran,12292
tehran,12293
tehran,12294
tehran,12295
tehran,12296
tehran,12297
tehran,12298
tehran,12300
tehran,12301
tehran,12302
tehran,12303
tehran,12304
tehran,12305
tehran,12306
tehran,12307
tehran,12308
tehran,12309
tehran,12310
tehran,12312
tehran,12313
tehran,12315
tehran,12317
tehran,12318
tehran,12319
tehran,12320
tehran,12321
tehran,12322
tehran,12324
tehran,12325
tehran,12326
tehran,12327
tehran,12328
tehran,12329
tehran,12331
tehran,12332
tehran,12336
tehran,12337
tehran,12338
tehran,12341
tehran,12344
tehran,12345
tehran,12346
tehran,12347
tehran,12348
tehran,12350
tehran,12351
tehran,12352
tehran,12353
tehran,12354
tehran,12355
tehran,12356
tehran,12357
tehran,12358
tehran,12359
tehran,12360
tehran,12361
tehran,12363
tehran,12365
tehran,12366
tehran,12367
tehran,12368
tehran,12369
tehran,12370
tehran,12371
tehran,12372
tehran,12373
tehran,12374
tehran,12375
tehran,12376
tehran,12377
tehran,12378
tehran,12379
tehran,12380
tehran,12381
tehran,12382
tehran,12383
tehran,12384
tehran,12386
tehran,12387
tehran,12388
tehran,12389
tehran,12390
tehran,12391
tehran,12393
tehran,12394
tehran,12395
tehran,12396
tehran,12397
tehran,12398
tehran,12399
tehran,12400
tehran,12402
tehran,12403
tehran,12405
tehran,12406
tehran,12408
tehran,12409
tehran,12410
tehran,12412
tehran,12413
tehran,12414
tehran,12415
tehran,12416
tehran,12417
tehran,12419
tehran,12420
tehran,12421
tehran,12422
tehran,12423
tehran,12424
tehran,12425
tehran,12427
tehran,12428
tehran,12429
tehran,12431
tehran,12433
tehran,12435
tehran,12436
tehran,12438
tehran,12439
tehran,12440
tehran,12442
tehran,12443
tehran,12444
tehran,12445
tehran,12446
tehran,12448
tehran,12449
tehran,12451
tehran,12452
tehran,12454
tehran,12455
tehran,12457
tehran,12458
tehran,12460
tehran,12462
tehran,12464
tehran,12465
tehran,12466
tehran,12467
tehran,12469
tehran,12471
tehran,12472
tehran,12473
tehran,12475
tehran,12476
tehran,12477
tehran,12479
tehran,12480
tehran,12481
tehran,12483
tehran,12485
tehran,12486
tehran,12487
tehran,12488
tehran,12489
tehran,12490
tehran,12491
tehran,12492
tehran,12496
tehran,12497
tehran,12498
tehran,12500
tehran,12501
tehran,12504
tehran,12505
tehran,12507
tehran,12509
tehran,12510
tehran,12511
tehran,12513
tehran,12514
tehran,12516
tehran,12517
tehran,12518
tehran,12519
tehran,12521
tehran,12523
tehran,12524
tehran,12526
tehran,12529
tehran,12530
tehran,12531
tehran,12533
tehran,12534
tehran,12535
tehran,12536
tehran,12538
tehran,12540
tehran,12541
tehran,12543
tehran,12544
tehran,12546
tehran,12547
tehran,12548
tehran,12549
tehran,12550
tehran,12552
tehran,12554
tehran,12555
tehran,12557
tehran,12558
tehran,12559
tehran,12560
tehran,12562
tehran,12564
tehran,12565
tehran,12566
tehran,12567
tehran,12569
tehran,12570
tehran,12571
tehran,12572
tehran,12573
tehran,12574
tehran,12575
tehran,12576
tehran,12577
tehran,12579
tehran,12580
tehran,12582
tehran,12583
tehran,12584
tehran,12585
tehran,12586
tehran,12587
tehran,12589
tehran,12590
tehran,12591
tehran,12592
tehran,12594
tehran,12595
tehran,12596
tehran,12597
tehran,12598
tehran,12599
tehran,12600
tehran,12601
tehran,12602
tehran,12603
tehran,12604
tehran,12605
tehran,12606
tehran,12607
tehran,12608
tehran,12609
tehran,12610
tehran,12611
tehran,12612
tehran,12613
tehran,12616
tehran,12617
tehran,12619
tehran,12620
tehran,12621
tehran,12622
tehran,12623
tehran,12626
tehran,12628
tehran,12631
tehran,12632
tehran,12633
tehran,12634
tehran,12635
tehran,12638
tehran,12642
tehran,12644
tehran,12647
tehran,12648
tehran,12649
tehran,12650
tehran,12651
tehran,12652
tehran,12654
tehran,12655
tehran,12656
tehran,12657
tehran,12660
tehran,12661
tehran,12663
tehran,12664
tehran,12666
tehran,12667
tehran,12668
tehran,12670
tehran,12672
tehran,12674
tehran,12675
tehran,12676
tehran,12677
tehran,12678
tehran,12679
tehran,12681
tehran,12682
tehran,12683
tehran,12684
tehran,12685
tehran,12686
tehran,12687
tehran,12690
tehran,12692
tehran,12693
tehran,12695
tehran,12696
tehran,12697
tehran,12699
tehran,12700
tehran,12701
tehran,12702
tehran,12703
tehran,12704
tehran,12705
tehran,12706
tehran,12707
tehran,12708
tehran,12710
tehran,12711
tehran,12714
tehran,12715
tehran,12717
tehran,12718
tehran,12719
tehran,12721
tehran,12722
tehran,12724
tehran,12725
tehran,12726
tehran,12727
tehran,12730
tehran,12731
tehran,12732
tehran,12734
tehran,12736
tehran,12738
tehran,12739
tehran,12740
tehran,12742
tehran,12743
tehran,12744
tehran,12745
tehran,12746
tehran,12748
tehran,12750
tehran,12752
tehran,12755
tehran,12756
tehran,12757
tehran,12758
tehran,12759
tehran,12762
tehran,12763
tehran,12765
tehran,12766
tehran,12767
tehran,12769
tehran,12771
tehran,12773
tehran,12774
tehran,12776
tehran,12777
tehran,12778
tehran,12780
tehran,12781
tehran,12782
tehran,12783
tehran,12784
tehran,12785
tehran,12786
tehran,12787
tehran,12788
tehran,12789
tehran,12791
tehran,12792
tehran,12793
tehran,12794
tehran,12795
tehran,12796
tehran,12797
tehran,12798
tehran,12799
tehran,12800
tehran,12803
tehran,12804
tehran,12805
tehran,12807
tehran,12808
tehran,12809
tehran,12810
tehran,12811
tehran,12813
tehran,12815
tehran,12817
tehran,12818
tehran,12819
tehran,12821
tehran,12822
tehran,12823
tehran,12826
tehran,12827
tehran,12828
tehran,12829
tehran,12830
tehran,12831
tehran,12832
tehran,12834
tehran,12835
tehran,12838
tehran,12839
tehran,12840
tehran,12842
tehran,12845
tehran,12846
tehran,12847
tehran,12848
tehran,12850
tehran,12851
tehran,12852
tehran,12853
tehran,12854
tehran,12856
tehran,12858
tehran,12859
tehran,12860
tehran,12861
tehran,12862
tehran,12863
tehran,12865
tehran,12866
tehran,12867
tehran,12868
tehran,12869
tehran,12870
tehran,12871
tehran,12872
tehran,12873
tehran,12877
tehran,12878
tehran,12881
tehran,12883
tehran,12884
tehran,12885
tehran,12886
tehran,12888
tehran,12890
tehran,12891
tehran,12892
tehran,12893
tehran,12894
tehran,12895
tehran,12896
tehran,12897
tehran,12898
tehran,12899
tehran,12900
tehran,12901
tehran,12903
tehran,12904
tehran,12908
tehran,12909
tehran,12910
tehran,12911
tehran,12912
tehran,12915
tehran,12916
tehran,12918
tehran,12920
tehran,12922
tehran,12923
tehran,12925
tehran,12926
tehran,12928
tehran,12929
tehran,12930
tehran,12931
tehran,12932
tehran,12933
tehran,12935
tehran,12936
tehran,12937
tehran,12938
tehran,12940
tehran,12943
tehran,12944
tehran,12945
tehran,12946
tehran,12947
tehran,12948
tehran,12949
tehran,12950
tehran,12951
tehran,12952
tehran,12953
tehran,12954
tehran,12956
tehran,12957
tehran,12958
tehran,12962
tehran,12964
tehran,12965
tehran,12966
tehran,12969
tehran,12970
tehran,12972
tehran,12973
tehran,12975
tehran,12979
tehran,12981
tehran,12984
tehran,12985
tehran,12987
tehran,12988
tehran,12990
tehran,12991
tehran,12993
tehran,12994
tehran,12996
tehran,12997
tehran,12998
tehran,12999
tehran,13000
tehran,13001
tehran,13002
tehran,13004
tehran,13007
tehran,13009
tehran,13010
tehran,13011
tehran,13012
tehran,13013
tehran,13014
tehran,13016
tehran,13017
tehran,13018
tehran,13019
tehran,13020
tehran,13021
tehran,13022
tehran,13023
tehran,13024
tehran,13025
tehran,13026
tehran,13028
tehran,13030
tehran,13031
tehran,13032
tehran,13033
tehran,13035
tehran,13036
tehran,13037
tehran,13038
tehran,13039
tehran,13042
tehran,13043
tehran,13044
tehran,13045
tehran,13047
tehran,13048
tehran,13049
tehran,13050
tehran,13051
tehran,13052
tehran,13054
tehran,13056
tehran,13057
tehran,13059
tehran,13061
tehran,13063
tehran,13066
tehran,13067
tehran,13068
tehran,13069
tehran,13070
tehran,13071
tehran,13072
tehran,13074
tehran,13075
tehran,13076
tehran,13078
tehran,13080
tehran,13082
tehran,13083
tehran,13084
tehran,13085
tehran,13086
tehran,13087
tehran,13088
tehran,13090
tehran,13091
tehran,13092
tehran,13094
tehran,13095
tehran,13096
tehran,13097
tehran,13098
tehran,13099
tehran,13100
tehran,13101
tehran,13105
tehran,13106
tehran,13107
tehran,13108
tehran,13109
tehran,13110
tehran,13111
tehran,13112
tehran,13113
tehran,13114
tehran,13116
tehran,13118
tehran,13119
tehran,13120
tehran,13121
tehran,13122
tehran,13124
tehran,13125
tehran,13126
tehran,13127
tehran,13129
tehran,13132
tehran,13134
tehran,13138
tehran,13139
tehran,13140
tehran,13141
tehran,13142
tehran,13144
tehran,13149
tehran,13151
tehran,13152
tehran,13153
tehran,13154
tehran,13155
tehran,13156
tehran,13157
tehran,13160
tehran,13161
tehran,13163
tehran,13165
tehran,13166
tehran,13168
tehran,13169
tehran,13171
tehran,13172
tehran,13173
tehran,13174
tehran,13175
tehran,13176
tehran,13177
tehran,13178
tehran,13180
tehran,13183
tehran,13184
tehran,13185
tehran,13187
tehran,13188
tehran,13190
tehran,13192
tehran,13193
tehran,13194
tehran,13197
tehran,13201
tehran,13202
tehran,13203
tehran,13204
tehran,13206
tehran,13207
tehran,13208
tehran,13209
tehran,13211
tehran,13212
tehran,13214
tehran,13215
tehran,13218
tehran,13219
tehran,13221
tehran,13222
tehran,13223
tehran,13224
tehran,13225
tehran,13226
tehran,13227
tehran,13228
tehran,13229
tehran,13230
tehran,13231
tehran,13232
tehran,13233
tehran,13234
tehran,13235
tehran,13236
tehran,13237
tehran,13238
tehran,13240
tehran,13241
tehran,13242
tehran,13244
tehran,13247
tehran,13249
tehran,13250
tehran,13252
tehran,13253
tehran,13255
tehran,13258
tehran,13259
tehran,13260
tehran,13261
tehran,13262
tehran,13263
tehran,13266
tehran,13267
tehran,13268
tehran,13269
tehran,13273
tehran,13274
tehran,13275
tehran,13276
tehran,13278
tehran,13279
tehran,13280
tehran,13281
tehran,13282
tehran,13283
tehran,13284
tehran,13286
tehran,13287
tehran,13288
tehran,13289
tehran,13292
tehran,13293
tehran,13296
tehran,13298
tehran,13299
tehran,13300
tehran,13301
tehran,13302
tehran,13303
tehran,13304
tehran,13305
tehran,13306
tehran,13309
tehran,13310
tehran,13311
tehran,13312
tehran,13313
tehran,13314
tehran,13317
tehran,13320
tehran,13321
tehran,13322
tehran,13323
tehran,13325
tehran,13326
tehran,13327
tehran,13328
tehran,13329
tehran,13330
tehran,13333
tehran,13335
tehran,13336
tehran,13337
tehran,13338
tehran,13340
tehran,13344
tehran,13347
tehran,13348
tehran,13349
tehran,13352
tehran,13353
tehran,13354
tehran,13355
tehran,13357
tehran,13360
tehran,13361
tehran,13362
tehran,13364
tehran,13365
tehran,13366
tehran,13367
tehran,13369
tehran,13370
tehran,13371
tehran,13372
tehran,13375
tehran,13376
tehran,13377
tehran,13378
tehran,13380
tehran,13381
tehran,13382
tehran,13383
tehran,13386
tehran,13389
tehran,13390
tehran,13391
tehran,13392
tehran,13394
tehran,13395
tehran,13396
tehran,13397
tehran,13398
tehran,13399
tehran,13400
tehran,13401
tehran,13402
tehran,13403
tehran,13404
tehran,13405
tehran,13406
tehran,13407
tehran,13408
tehran,13409
tehran,13410
tehran,13411
tehran,13415
tehran,13416
tehran,13417
tehran,13419
tehran,13421
tehran,13422
tehran,13427
tehran,13429
tehran,13430
tehran,13431
tehran,13432
tehran,13434
tehran,13437
tehran,13439
tehran,13440
tehran,13442
tehran,13443
tehran,13445
tehran,13446
tehran,13447
tehran,13448
tehran,13451
tehran,13452
tehran,13456
tehran,13458
tehran,13460
tehran,13461
tehran,13462
tehran,13465
tehran,13466
tehran,13469
tehran,13470
tehran,13473
tehran,13474
tehran,13475
tehran,13476
tehran,13477
tehran,13478
tehran,13479
tehran,13480
tehran,13482
tehran,13483
tehran,13484
tehran,13485
tehran,13487
tehran,13488
tehran,13491
tehran,13492
tehran,13493
tehran,13496
tehran,13497
tehran,13498
tehran,13499
tehran,13500
tehran,13501
tehran,13502
tehran,13503
tehran,13504
tehran,13506
tehran,13507
tehran,13508
tehran,13509
tehran,13512
tehran,13513
tehran,13514
tehran,13515
tehran,13517
tehran,13519
tehran,13520
tehran,13521
tehran,13524
tehran,13526
tehran,13527
tehran,13528
tehran,13530
tehran,13531
tehran,13532
tehran,13535
tehran,13538
tehran,13541
tehran,13542
tehran,13544
tehran,13545
tehran,13547
tehran,13549
tehran,13550
tehran,13551
tehran,13552
tehran,13553
tehran,13554
tehran,13555
tehran,13557
tehran,13558
tehran,13559
tehran,13560
tehran,13561
tehran,13562
tehran,13563
tehran,13564
tehran,13566
tehran,13569
tehran,13572
tehran,13574
tehran,13575
tehran,13576
tehran,13577
tehran,13580
tehran,13584
tehran,13585
tehran,13587
tehran,13589
tehran,13590
tehran,13591
tehran,13592
tehran,13594
tehran,13596
tehran,13597
tehran,13598
tehran,13599
tehran,13601
tehran,13602
tehran,13604
tehran,13605
tehran,13607
tehran,13608
tehran,13609
tehran,13610
tehran,13612
tehran,13614
tehran,13615
tehran,13616
tehran,13617
tehran,13619
tehran,13620
tehran,13622
tehran,13624
tehran,13625
tehran,13626
tehran,13627
tehran,13628
tehran,13629
tehran,13631
tehran,13633
tehran,13636
tehran,13637
tehran,13639
tehran,13640
tehran,13641
tehran,13642
tehran,13644
tehran,13645
tehran,13647
tehran,13649
tehran,13650
tehran,13652
tehran,13653
tehran,13654
tehran,13655
tehran,13657
tehran,13658
tehran,13660
tehran,13663
tehran,13664
tehran,13666
tehran,13668
tehran,13670
tehran,13671
tehran,13672
tehran,13673
tehran,13674
tehran,13676
tehran,13677
tehran,13678
tehran,13679
tehran,13680
tehran,13681
tehran,13682
tehran,13685
tehran,13686
tehran,13688
tehran,13689
tehran,13690
tehran,13691
tehran,13692
tehran,13695
tehran,13697
tehran,13698
tehran,13699
tehran,13702
tehran,13705
tehran,13707
tehran,13708
tehran,13709
tehran,13710
tehran,13711
tehran,13712
tehran,13714
tehran,13715
tehran,13717
tehran,13719
tehran,13720
tehran,13722
tehran,13723
tehran,13724
tehran,13725
tehran,13726
tehran,13728
tehran,13730
tehran,13731
tehran,13732
tehran,13733
tehran,13735
tehran,13736
tehran,13738
tehran,13739
tehran,13740
tehran,13741
tehran,13743
tehran,13744
tehran,13745
tehran,13747
tehran,13751
tehran,13752
tehran,13753
tehran,13754
tehran,13755
tehran,13757
tehran,13759
tehran,13760
tehran,13761
tehran,13762
tehran,13763
tehran,13766
tehran,13767
tehran,13768
tehran,13769
tehran,13771
tehran,13772
tehran,13773
tehran,13774
tehran,13775
tehran,13776
tehran,13778
tehran,13779
tehran,13780
tehran,13781
tehran,13783
tehran,13784
tehran,13785
tehran,13786
tehran,13787
tehran,13788
tehran,13790
tehran,13791
tehran,13793
tehran,13794
tehran,13795
tehran,13796
tehran,13797
tehran,13798
tehran,13799
tehran,13801
tehran,13802
tehran,13803
tehran,13805
tehran,13806
tehran,13807
tehran,13808
tehran,13810
tehran,13811
tehran,13812
tehran,13813
tehran,13814
tehran,13815
tehran,13817
tehran,13820
tehran,13822
tehran,13823
tehran,13824
tehran,13825
tehran,13826
tehran,13827
tehran,13829
tehran,13830
tehran,13836
tehran,13837
tehran,13838
tehran,13839
tehran,13841
tehran,13843
tehran,13844
tehran,13846
tehran,13847
tehran,13849
tehran,13850
tehran,13855
tehran,13856
tehran,13857
tehran,13858
tehran,13859
tehran,13860
tehran,13861
tehran,13862
tehran,13863
tehran,13864
tehran,13865
tehran,13866
tehran,13867
tehran,13868
tehran,13870
tehran,13871
tehran,13872
tehran,13873
tehran,13874
tehran,13875
tehran,13876
tehran,13877
tehran,13878
tehran,13899
tehran,13900
tehran,13901
tehran,13902
tehran,13903
tehran,13905
tehran,13906
tehran,13907
tehran,13908
tehran,13909
tehran,13910
tehran,13911
tehran,13914
tehran,13915
tehran,13916
tehran,13917
tehran,13919
tehran,13920
tehran,13921
tehran,13922
tehran,13924
tehran,13925
tehran,13928
tehran,13930
tehran,13932
tehran,13933
tehran,13935
tehran,13936
tehran,13937
tehran,13938
tehran,13939
tehran,13940
tehran,13941
tehran,13942
tehran,13943
tehran,13944
tehran,13946
tehran,13947
tehran,13948
tehran,13949
tehran,13951
tehran,13953
tehran,13954
tehran,13955
tehran,13957
tehran,13958
tehran,13959
tehran,13960
tehran,13961
tehran,13963
tehran,13964
tehran,13965
tehran,13968
tehran,13969
tehran,13970
tehran,13972
tehran,13974
tehran,13975
tehran,13976
tehran,13978
tehran,13979
tehran,13980
tehran,13981
tehran,13982
tehran,13985
tehran,13986
tehran,13987
tehran,13989
tehran,13990
tehran,13991
tehran,13993
tehran,13994
tehran,13995
tehran,13996
tehran,13998
tehran,13999
tehran,14000
tehran,14001
tehran,14003
tehran,14004
tehran,14006
tehran,14008
tehran,14009
tehran,14010
tehran,14012
tehran,14015
tehran,14016
tehran,14019
tehran,14020
tehran,14021
tehran,14023
tehran,14024
tehran,14025
tehran,14026
tehran,14027
tehran,14028
tehran,14030
tehran,14031
tehran,14032
tehran,14033
tehran,14034
tehran,14035
tehran,14038
tehran,14039
tehran,14040
tehran,14041
tehran,14043
tehran,14045
tehran,14046
tehran,14048
tehran,14049
tehran,14051
tehran,14052
tehran,14053
tehran,14057
tehran,14058
tehran,14059
tehran,14060
tehran,14062
tehran,14063
tehran,14064
tehran,14065
tehran,14066
tehran,14067
tehran,14068
tehran,14069
tehran,14070
tehran,14071
tehran,14072
tehran,14073
tehran,14074
tehran,14075
tehran,14077
tehran,14078
tehran,14080
tehran,14081
tehran,14082
tehran,14084
tehran,14086
tehran,14087
tehran,14088
tehran,14089
tehran,14091
tehran,14092
tehran,14093
tehran,14094
tehran,14095
tehran,14096
tehran,14098
tehran,14099
tehran,14100
tehran,14101
tehran,14103
tehran,14105
tehran,14107
tehran,14108
tehran,14111
tehran,14112
tehran,14114
tehran,14115
tehran,14116
tehran,14117
tehran,14118
tehran,14120
tehran,14121
tehran,14123
tehran,14124
tehran,14125
tehran,14127
tehran,14129
tehran,14131
tehran,14132
tehran,14134
tehran,14135
tehran,14136
tehran,14137
tehran,14139
tehran,14140
tehran,14141
tehran,14142
tehran,14144
tehran,14145
tehran,14147
tehran,14148
tehran,14149
tehran,14152
tehran,14153
tehran,14154
tehran,14156
tehran,14157
tehran,14158
tehran,14160
tehran,14161
tehran,14162
tehran,14163
tehran,14164
tehran,14165
tehran,14167
tehran,14168
tehran,14169
tehran,14172
tehran,14173
tehran,14174
tehran,14176
tehran,14177
tehran,14178
tehran,14180
tehran,14182
tehran,14183
tehran,14184
tehran,14185
tehran,14186
tehran,14187
tehran,14188
tehran,14190
tehran,14192
tehran,14193
tehran,14194
tehran,14195
tehran,14196
tehran,14197
tehran,14198
tehran,14200
tehran,14202
tehran,14204
tehran,14206
tehran,14207
tehran,14208
tehran,14209
tehran,14210
tehran,14211
tehran,14213
tehran,14214
tehran,14216
tehran,14218
tehran,14219
tehran,14220
tehran,14221
tehran,14222
tehran,14224
tehran,14225
tehran,14227
tehran,14229
tehran,14230
tehran,14231
tehran,14233
tehran,14234
tehran,14237
tehran,14238
tehran,14240
tehran,14242
tehran,14244
tehran,14245
tehran,14246
tehran,14248
tehran,14249
tehran,14250
tehran,14251
tehran,14252
tehran,14253
tehran,14254
tehran,14255
tehran,14256
tehran,14258
tehran,14259
tehran,14261
tehran,14262
tehran,14265
tehran,14267
tehran,14268
tehran,14269
tehran,14270
tehran,14272
tehran,14273
tehran,14274
tehran,14275
tehran,14277
tehran,14278
tehran,14280
tehran,14281
tehran,14283
tehran,14285
tehran,14286
tehran,14287
tehran,14289
tehran,14290
tehran,14293
tehran,14294
tehran,14299
tehran,14300
tehran,14301
tehran,14302
tehran,14304
tehran,14306
tehran,14307
tehran,14308
tehran,14309
tehran,14312
tehran,14313
tehran,14314
tehran,14315
tehran,14316
tehran,14318
tehran,14320
tehran,14321
tehran,14322
tehran,14326
tehran,14329
tehran,14330
tehran,14332
tehran,14333
tehran,14334
tehran,14335
tehran,14336
tehran,14337
tehran,14339
tehran,14341
tehran,14342
tehran,14343
tehran,14344
tehran,14345
tehran,14347
tehran,14348
tehran,14349
tehran,14351
tehran,14352
tehran,14354
tehran,14357
tehran,14358
tehran,14360
tehran,14364
tehran,14366
tehran,14367
tehran,14368
tehran,14369
tehran,14370
tehran,14371
tehran,14373
tehran,14375
tehran,14376
tehran,14377
tehran,14378
tehran,14379
tehran,14380
tehran,14381
tehran,14382
tehran,14383
tehran,14384
tehran,14387
tehran,14389
tehran,14391
tehran,14392
tehran,14393
tehran,14396
tehran,14398
tehran,14400
tehran,14402
tehran,14403
tehran,14404
tehran,14405
tehran,14406
tehran,14407
tehran,14408
tehran,14409
tehran,14410
tehran,14411
tehran,14413
tehran,14416
tehran,14417
tehran,14419
tehran,14420
tehran,14422
tehran,14423
tehran,14426
tehran,14427
tehran,14428
tehran,14429
tehran,14431
tehran,14433
tehran,14435
tehran,14436
tehran,14445
tehran,14446
tehran,14447
tehran,14448
tehran,14449
tehran,14453
tehran,14455
tehran,14458
tehran,14460
tehran,14462
tehran,14464
tehran,14467
tehran,14468
tehran,14469
tehran,14470
tehran,14472
tehran,14474
tehran,14475
tehran,14477
tehran,14479
tehran,14481
tehran,14482
tehran,14484
tehran,14485
tehran,14488
tehran,14489
tehran,14490
tehran,14491
tehran,14494
tehran,14495
tehran,14497
tehran,14498
tehran,14499
tehran,14501
tehran,14502
tehran,14503
tehran,14505
tehran,14506
tehran,14508
tehran,14511
tehran,14513
tehran,14515
tehran,14516
tehran,14517
tehran,14518
tehran,14519
tehran,14520
tehran,14521
tehran,14523
tehran,14525
tehran,14526
tehran,14529
tehran,14531
tehran,14534
tehran,14535
tehran,14539
tehran,14540
tehran,14541
tehran,14543
tehran,14545
tehran,14549
tehran,14551
tehran,14552
tehran,14553
tehran,14554
tehran,14555
tehran,14556
tehran,14558
tehran,14559
tehran,14560
tehran,14561
tehran,14562
tehran,14563
tehran,14566
tehran,14567
tehran,14568
tehran,14569
tehran,14571
tehran,14572
tehran,14573
tehran,14576
tehran,14577
tehran,14578
tehran,14580
tehran,14581
tehran,14582
tehran,14583
tehran,14585
tehran,14586
tehran,14588
tehran,14589
tehran,14590
tehran,14591
tehran,14592
tehran,14593
tehran,14594
tehran,14595
tehran,14596
tehran,14597
tehran,14598
tehran,14599
tehran,14600
tehran,14601
tehran,14602
tehran,14603
tehran,14604
tehran,14606
tehran,14608
tehran,14610
tehran,14611
tehran,14612
tehran,14614
tehran,14615
tehran,14617
tehran,14618
tehran,14619
tehran,14621
tehran,14623
tehran,14625
tehran,14626
tehran,14627
tehran,14630
tehran,14631
tehran,14632
tehran,14633
tehran,14635
tehran,14637
tehran,14639
tehran,14641
tehran,14642
tehran,14643
tehran,14644
tehran,14645
tehran,14647
tehran,14648
tehran,14649
tehran,14651
tehran,14652
tehran,14654
tehran,14656
tehran,14657
tehran,14658
tehran,14661
tehran,14662
tehran,14664
tehran,14666
tehran,14667
tehran,14668
tehran,14669
tehran,14670
tehran,14671
tehran,14672
tehran,14673
tehran,14675
tehran,14676
tehran,14677
tehran,14678
tehran,14680
tehran,14681
tehran,14682
tehran,14683
tehran,14684
tehran,14685
tehran,14686
tehran,14687
tehran,14688
tehran,14689
tehran,14690
tehran,14692
tehran,14693
tehran,14694
tehran,14695
tehran,14696
tehran,14697
tehran,14698
tehran,14699
tehran,14700
tehran,14701
tehran,14704
tehran,14706
tehran,14709
tehran,14710
tehran,14711
tehran,14712
tehran,14713
tehran,14715
tehran,14716
tehran,14717
tehran,14719
tehran,14720
tehran,14721
tehran,14722
tehran,14723
tehran,14724
tehran,14727
tehran,14728
tehran,14729
tehran,14730
tehran,14731
tehran,14732
tehran,14733
tehran,14734
tehran,14735
tehran,14737
tehran,14738
tehran,14739
tehran,14740
tehran,14741
tehran,14743
tehran,14745
tehran,14746
tehran,14747
tehran,14749
tehran,14750
tehran,14751
tehran,14752
tehran,14753
tehran,14754
tehran,14755
tehran,14756
tehran,14758
tehran,14759
tehran,14760
tehran,14761
tehran,14762
tehran,14763
tehran,14764
tehran,14765
tehran,14766
tehran,14768
tehran,14769
tehran,14771
tehran,14772
tehran,14773
tehran,14774
tehran,14776
tehran,14777
tehran,14779
tehran,14780
tehran,14782
tehran,14783
tehran,14785
tehran,14787
tehran,14789
tehran,14790
tehran,14792
tehran,14793
tehran,14794
tehran,14795
tehran,14797
tehran,14798
tehran,14799
tehran,14801
tehran,14803
tehran,14804
tehran,14805
tehran,14806
tehran,14808
tehran,14809
tehran,14810
tehran,14811
tehran,14812
tehran,14814
tehran,14816
tehran,14817
tehran,14818
tehran,14819
tehran,14820
tehran,14823
tehran,14824
tehran,14825
tehran,14827
tehran,14828
tehran,14829
tehran,14830
tehran,14831
tehran,14833
tehran,14836
tehran,14837
tehran,14838
tehran,14839
tehran,14840
tehran,14841
tehran,14842
tehran,14843
tehran,14845
tehran,14847
tehran,14848
tehran,14849
tehran,14851
tehran,14852
tehran,14853
tehran,14855
tehran,14856
tehran,14857
tehran,14858
tehran,14859
tehran,14860
tehran,14862
tehran,14863
tehran,14865
tehran,14866
tehran,14868
tehran,14869
tehran,14870
tehran,14871
tehran,14873
tehran,14874
tehran,14875
tehran,14876
tehran,14877
tehran,14878
tehran,14879
tehran,14880
tehran,14881
tehran,14883
tehran,14884
tehran,14886
tehran,14887
tehran,14888
tehran,14889
tehran,14890
tehran,14891
tehran,14892
tehran,14893
tehran,14894
tehran,14897
tehran,14898
tehran,14899
tehran,14901
tehran,14902
tehran,14903
tehran,14904
tehran,14905
tehran,14906
tehran,14908
tehran,14909
tehran,14911
tehran,14912
tehran,14913
tehran,14915
tehran,14916
tehran,14917
tehran,14919
tehran,14921
tehran,14922
tehran,14924
tehran,14925
tehran,14926
tehran,14927
tehran,14928
tehran,14929
tehran,14930
tehran,14931
tehran,14933
tehran,14934
tehran,14935
tehran,14938
tehran,14940
tehran,14943
tehran,14946
tehran,14947
tehran,14948
tehran,14950
tehran,14951
tehran,14952
tehran,14953
tehran,14954
tehran,14955
tehran,14956
tehran,14959
tehran,14960
tehran,14961
tehran,14962
tehran,14963
tehran,14964
tehran,14965
tehran,14966
tehran,14967
tehran,14968
tehran,14969
tehran,14970
tehran,14971
tehran,14972
tehran,14973
tehran,14974
tehran,14975
tehran,14976
tehran,14978
tehran,14980
tehran,14981
tehran,14983
tehran,14984
tehran,14985
tehran,14986
tehran,14988
tehran,14989
tehran,14990
tehran,14991
tehran,14993
tehran,14994
tehran,14996
tehran,14997
tehran,14998
tehran,15000
tehran,15001
tehran,15003
tehran,15004
tehran,15007
tehran,15008
tehran,15009
tehran,15010
tehran,15011
tehran,15013
tehran,15015
tehran,15016
tehran,15017
tehran,15018
tehran,15019
tehran,15020
tehran,15021
tehran,15022
tehran,15023
tehran,15024
tehran,15025
tehran,15026
tehran,15027
tehran,15028
tehran,15029
tehran,15031
tehran,15032
tehran,15035
tehran,15036
tehran,15038
tehran,15041
tehran,15042
tehran,15043
tehran,15044
tehran,15045
tehran,15046
tehran,15047
tehran,15048
tehran,15049
tehran,15050
tehran,15051
tehran,15052
tehran,15053
tehran,15054
tehran,15056
tehran,15057
tehran,15058
tehran,15061
tehran,15062
tehran,15063
tehran,15064
tehran,15065
tehran,15066
tehran,15068
tehran,15069
tehran,15070
tehran,15074
tehran,15075
tehran,15076
tehran,15077
tehran,15078
tehran,15079
tehran,15081
tehran,15083
tehran,15085
tehran,15087
tehran,15089
tehran,15091
tehran,15092
tehran,15093
tehran,15095
tehran,15097
tehran,15100
tehran,15101
tehran,15102
tehran,15103
tehran,15104
tehran,15105
tehran,15106
tehran,15107
tehran,15108
tehran,15109
tehran,15111
tehran,15112
tehran,15113
tehran,15114
tehran,15115
tehran,15116
tehran,15117
tehran,15118
tehran,15120
tehran,15121
tehran,15122
tehran,15123
tehran,15124
tehran,15125
tehran,15126
tehran,15127
tehran,15128
tehran,15129
tehran,15130
tehran,15132
tehran,15133
tehran,15135
tehran,15136
tehran,15137
tehran,15138
tehran,15140
tehran,15141
tehran,15142
tehran,15143
tehran,15147
tehran,15150
tehran,15152
tehran,15153
tehran,15154
tehran,15156
tehran,15157
tehran,15159
tehran,15161
tehran,15162
tehran,15163
tehran,15165
tehran,15168
tehran,15170
tehran,15171
tehran,15172
tehran,15173
tehran,15174
tehran,15175
tehran,15177
tehran,15178
tehran,15179
tehran,15180
tehran,15181
tehran,15183
tehran,15184
tehran,15188
tehran,15189
tehran,15190
tehran,15192
tehran,15194
tehran,15195
tehran,15196
tehran,15197
tehran,15198
tehran,15200
tehran,15202
tehran,15203
tehran,15204
tehran,15205
tehran,15207
tehran,15209
tehran,15210
tehran,15212
tehran,15214
tehran,15215
tehran,15216
tehran,15217
tehran,15218
tehran,15219
tehran,15220
tehran,15221
tehran,15222
tehran,15223
tehran,15225
tehran,15226
tehran,15227
tehran,15228
tehran,15229
tehran,15230
tehran,15231
tehran,15232
tehran,15233
tehran,15234
tehran,15236
tehran,15237
tehran,15238
tehran,15239
tehran,15242
tehran,15243
tehran,15244
tehran,15245
tehran,15246
tehran,15247
tehran,15249
tehran,15250
tehran,15251
tehran,15252
tehran,15253
tehran,15254
tehran,15255
tehran,15256
tehran,15257
tehran,15258
tehran,15259
tehran,15260
tehran,15261
tehran,15262
tehran,15263
tehran,15264
tehran,15265
tehran,15266
tehran,15267
tehran,15270
tehran,15271
tehran,15272
tehran,15273
tehran,15274
tehran,15276
tehran,15277
tehran,15278
tehran,15279
tehran,15280
tehran,15281
tehran,15282
tehran,15284
tehran,15285
tehran,15286
tehran,15288
tehran,15289
tehran,15290
tehran,15291
tehran,15292
tehran,15293
tehran,15294
tehran,15295
tehran,15296
tehran,15297
tehran,15298
tehran,15299
tehran,15301
tehran,15302
tehran,15303
tehran,15304
tehran,15306
tehran,15307
tehran,15308
tehran,15309
tehran,15310
tehran,15311
tehran,15314
tehran,15315
tehran,15316
tehran,15317
tehran,15318
tehran,15320
tehran,15321
tehran,15322
tehran,15323
tehran,15324
tehran,15325
tehran,15326
tehran,15327
tehran,15328
tehran,15329
tehran,15330
tehran,15331
tehran,15332
tehran,15333
tehran,15334
tehran,15335
tehran,15336
tehran,15337
tehran,15338
tehran,15339
tehran,15340
tehran,15341
tehran,15342
tehran,15343
tehran,15344
tehran,15345
tehran,15346
tehran,15347
tehran,15349
tehran,15350
tehran,15352
tehran,15353
tehran,15356
tehran,15358
tehran,15359
tehran,15360
tehran,15361
tehran,15362
tehran,15364
tehran,15365
tehran,15366
tehran,15367
tehran,15368
tehran,15370
tehran,15372
tehran,15374
tehran,15375
tehran,15376
tehran,15379
tehran,15380
tehran,15382
tehran,15383
tehran,15384
tehran,15385
tehran,15386
tehran,15387
tehran,15388
tehran,15389
tehran,15390
tehran,15391
tehran,15392
tehran,15393
tehran,15394
tehran,15395
tehran,15397
tehran,15398
tehran,15400
tehran,15401
tehran,15404
tehran,15405
tehran,15406
tehran,15408
tehran,15409
tehran,15410
tehran,15411
tehran,15412
tehran,15415
tehran,15416
tehran,15417
tehran,15418
tehran,15420
tehran,15422
tehran,15423
tehran,15427
tehran,15428
tehran,15429
tehran,15431
tehran,15432
tehran,15434
tehran,15435
tehran,15436
tehran,15437
tehran,15438
tehran,15439
tehran,15442
tehran,15443
tehran,15444
tehran,15445
tehran,15446
tehran,15447
tehran,15448
tehran,15449
tehran,15451
tehran,15452
tehran,15453
tehran,15454
tehran,15455
tehran,15456
tehran,15457
tehran,15458
tehran,15459
tehran,15460
tehran,15461
tehran,15462
tehran,15464
tehran,15465
tehran,15466
tehran,15467
tehran,15468
tehran,15469
tehran,15470
tehran,15471
tehran,15472
tehran,15473
tehran,15474
tehran,15475
tehran,15476
tehran,15477
tehran,15479
tehran,15480
tehran,15481
tehran,15482
tehran,15484
tehran,15485
tehran,15486
tehran,15487
tehran,15488
tehran,15489
tehran,15490
tehran,15491
tehran,15492
tehran,15493
tehran,15494
tehran,15495
tehran,15496
tehran,15497
tehran,15499
tehran,15501
tehran,15502
tehran,15503
tehran,15504
tehran,15505
tehran,15506
tehran,15507
tehran,15508
tehran,15509
tehran,15511
tehran,15513
tehran,15514
tehran,15515
tehran,15516
tehran,15517
tehran,15518
tehran,15519
tehran,15520
tehran,15521
tehran,15522
tehran,15523
tehran,15524
tehran,15526
tehran,15530
tehran,15531
tehran,15532
tehran,15534
tehran,15536
tehran,15538
tehran,15539
tehran,15541
tehran,15542
tehran,15543
tehran,15544
tehran,15546
tehran,15547
tehran,15548
tehran,15549
tehran,15550
tehran,15551
tehran,15553
tehran,15554
tehran,15555
tehran,15556
tehran,15557
tehran,15558
tehran,15559
tehran,15560
tehran,15561
tehran,15563
tehran,15565
tehran,15566
tehran,15570
tehran,15572
tehran,15573
tehran,15574
tehran,15575
tehran,15576
tehran,15578
tehran,15579
tehran,15580
tehran,15581
tehran,15582
tehran,15583
tehran,15584
tehran,15585
tehran,15586
tehran,15588
tehran,15589
tehran,15590
tehran,15592
tehran,15593
tehran,15594
tehran,15595
tehran,15596
tehran,15598
tehran,15599
tehran,15600
tehran,15601
tehran,15602
tehran,15603
tehran,15605
tehran,15606
tehran,15607
tehran,15608
tehran,15609
tehran,15610
tehran,15611
tehran,15612
tehran,15613
tehran,15614
tehran,15615
tehran,15617
tehran,15618
tehran,15619
tehran,15620
tehran,15621
tehran,15623
tehran,15624
tehran,15625
tehran,15627
tehran,15628
tehran,15630
tehran,15631
tehran,15634
tehran,15635
tehran,15636
tehran,15637
tehran,15639
tehran,15640
tehran,15641
tehran,15642
tehran,15644
tehran,15646
tehran,15647
tehran,15650
tehran,15651
tehran,15652
tehran,15654
tehran,15657
tehran,15658
tehran,15659
tehran,15660
tehran,15666
tehran,15667
tehran,15670
tehran,15672
tehran,15673
tehran,15674
tehran,15675
tehran,15676
tehran,15677
tehran,15680
tehran,15683
tehran,15684
tehran,15686
tehran,15687
tehran,15689
tehran,15690
tehran,15692
tehran,15693
tehran,15699
tehran,15702
tehran,15703
tehran,15705
tehran,15707
tehran,15708
tehran,15709
tehran,15710
tehran,15711
tehran,15713
tehran,15715
tehran,15716
tehran,15718
tehran,15720
tehran,15723
tehran,15724
tehran,15725
tehran,15726
tehran,15727
tehran,15728
tehran,15729
tehran,15730
tehran,15731
tehran,15733
tehran,15734
tehran,15735
tehran,15737
tehran,15738
tehran,15740
tehran,15741
tehran,15742
tehran,15743
tehran,15744
tehran,15745
tehran,15747
tehran,15748
tehran,15749
tehran,15750
tehran,15751
tehran,15752
tehran,15753
tehran,15754
tehran,15755
tehran,15756
tehran,15758
tehran,15759
tehran,15760
tehran,15761
tehran,15763
tehran,15765
tehran,15766
tehran,15767
tehran,15769
tehran,15771
tehran,15772
tehran,15773
tehran,15774
tehran,15775
tehran,15777
tehran,15779
tehran,15780
tehran,15782
tehran,15784
tehran,15786
tehran,15788
tehran,15789
tehran,15791
tehran,15792
tehran,15793
tehran,15796
tehran,15797
tehran,15798
tehran,15800
tehran,15801
tehran,15802
tehran,15805
tehran,15806
tehran,15808
tehran,15809
tehran,15811
tehran,15813
tehran,15814
tehran,15815
tehran,15816
tehran,15817
tehran,15818
tehran,15819
tehran,15820
tehran,15823
tehran,15824
tehran,15825
tehran,15826
tehran,15827
tehran,15828
tehran,15829
tehran,15830
tehran,15831
tehran,15832
tehran,15833
tehran,15834
tehran,15835
tehran,15836
tehran,15837
tehran,15838
tehran,15839
tehran,15840
tehran,15841
tehran,15842
tehran,15843
tehran,15844
tehran,15845
tehran,15846
tehran,15847
tehran,15848
tehran,15849
tehran,15852
tehran,15853
tehran,15854
tehran,15855
tehran,15856
tehran,15857
tehran,15859
tehran,15861
tehran,15862
tehran,15864
tehran,15865
tehran,15866
tehran,15867
tehran,15868
tehran,15869
tehran,15870
tehran,15871
tehran,15872
tehran,15873
tehran,15874
tehran,15876
tehran,15877
tehran,15878
tehran,15879
tehran,15880
tehran,15882
tehran,15883
tehran,15884
tehran,15887
tehran,15888
tehran,15890
tehran,15891
tehran,15892
tehran,15893
tehran,15894
tehran,15895
tehran,15896
tehran,15897
tehran,15898
tehran,15899
tehran,15900
tehran,15901
tehran,15902
tehran,15904
tehran,15906
tehran,15907
tehran,15908
tehran,15909
tehran,15910
tehran,15911
tehran,15912
tehran,15913
tehran,15914
tehran,15915
tehran,15916
tehran,15917
tehran,15918
tehran,15919
tehran,15920
tehran,15922
tehran,15924
tehran,15925
tehran,15926
tehran,15928
tehran,15929
tehran,15930
tehran,15931
tehran,15932
tehran,15933
tehran,15934
tehran,15935
tehran,15936
tehran,15937
tehran,15938
tehran,15939
tehran,15940
tehran,15941
tehran,15942
tehran,15944
tehran,15945
tehran,15948
tehran,15949
tehran,15950
tehran,15951
tehran,15952
tehran,15953
tehran,15954
tehran,15955
tehran,15956
tehran,15957
tehran,15958
tehran,15960
tehran,15961
tehran,15962
tehran,15964
tehran,15965
tehran,15967
tehran,15968
tehran,15969
tehran,15972
tehran,15974
tehran,15976
tehran,15977
tehran,15978
tehran,15980
tehran,15981
tehran,15982
tehran,15983
tehran,15985
tehran,15986
tehran,15987
tehran,15989
tehran,15990
tehran,15991
tehran,15992
tehran,15993
tehran,15994
tehran,15995
tehran,15996
tehran,15997
tehran,15998
tehran,15999
tehran,16003
tehran,16004
tehran,16005
tehran,16006
tehran,16007
tehran,16008
tehran,16009
tehran,16014
tehran,16015
tehran,16016
tehran,16017
tehran,16018
tehran,16019
tehran,16020
tehran,16021
tehran,16022
tehran,16023
tehran,16024
tehran,16025
tehran,16026
tehran,16028
tehran,16029
tehran,16030
tehran,16031
tehran,16032
tehran,16033
tehran,16034
tehran,16035
tehran,16036
tehran,16037
tehran,16038
tehran,16040
tehran,16041
tehran,16042
tehran,16043
tehran,16044
tehran,16045
tehran,16047
tehran,16048
tehran,16049
tehran,16050
tehran,16051
tehran,16052
tehran,16053
tehran,16054
tehran,16055
tehran,16056
tehran,16058
tehran,16059
tehran,16060
tehran,16061
tehran,16063
tehran,16064
tehran,16065
tehran,16067
tehran,16068
tehran,16069
tehran,16070
tehran,16072
tehran,16073
tehran,16075
tehran,16076
tehran,16078
tehran,16080
tehran,16081
tehran,16082
tehran,16084
tehran,16087
tehran,16088
tehran,16090
tehran,16091
tehran,16092
tehran,16093
tehran,16094
tehran,16095
tehran,16096
tehran,16097
tehran,16098
tehran,16099
tehran,16100
tehran,16101
tehran,16102
tehran,16103
tehran,16104
tehran,16105
tehran,16106
tehran,16107
tehran,16108
tehran,16110
tehran,16112
tehran,16114
tehran,16115
tehran,16117
tehran,16118
tehran,16119
tehran,16121
tehran,16123
tehran,16124
tehran,16125
tehran,16126
tehran,16127
tehran,16128
tehran,16129
tehran,16131
tehran,16133
tehran,16134
tehran,16135
tehran,16136
tehran,16137
tehran,16138
tehran,16139
tehran,16142
tehran,16143
tehran,16144
tehran,16145
tehran,16146
tehran,16147
tehran,16149
tehran,16150
tehran,16152
tehran,16153
tehran,16154
tehran,16156
tehran,16157
tehran,16160
tehran,16161
tehran,16162
tehran,16164
tehran,16165
tehran,16166
tehran,16167
tehran,16168
tehran,16169
tehran,16170
tehran,16171
tehran,16172
tehran,16173
tehran,16175
tehran,16177
tehran,16180
tehran,16182
tehran,16184
tehran,16186
tehran,16187
tehran,16188
tehran,16189
tehran,16191
tehran,16192
tehran,16193
tehran,16194
tehran,16195
tehran,16196
tehran,16197
tehran,16198
tehran,16199
tehran,16200
tehran,16201
tehran,16202
tehran,16205
tehran,16206
tehran,16208
tehran,16209
tehran,16210
tehran,16211
tehran,16213
tehran,16214
tehran,16215
tehran,16216
tehran,16218
tehran,16219
tehran,16220
tehran,16221
tehran,16222
tehran,16223
tehran,16224
tehran,16227
tehran,16228
tehran,16230
tehran,16231
tehran,16233
tehran,16234
tehran,16235
tehran,16236
tehran,16238
tehran,16239
tehran,16240
tehran,16243
tehran,16244
tehran,16245
tehran,16247
tehran,16248
tehran,16249
tehran,16250
tehran,16251
tehran,16252
tehran,16253
tehran,16254
tehran,16256
tehran,16257
tehran,16259
tehran,16260
tehran,16261
tehran,16262
tehran,16263
tehran,16264
tehran,16265
tehran,16266
tehran,16268
tehran,16269
tehran,16270
tehran,16272
tehran,16273
tehran,16274
tehran,16275
tehran,16276
tehran,16277
tehran,16278
tehran,16279
tehran,16280
tehran,16281
tehran,16282
tehran,16283
tehran,16284
tehran,16285
tehran,16286
tehran,16287
tehran,16288
tehran,16289
tehran,16290
tehran,16292
tehran,16293
tehran,16294
tehran,16296
tehran,16297
tehran,16298
tehran,16299
tehran,16300
tehran,16301
tehran,16302
tehran,16303
tehran,16304
tehran,16305
tehran,16306
tehran,16307
tehran,16308
tehran,16309
tehran,16310
tehran,16314
tehran,16315
tehran,16316
tehran,16317
tehran,16318
tehran,16319
tehran,16320
tehran,16321
tehran,16322
tehran,16323
tehran,16326
tehran,16327
tehran,16328
tehran,16329
tehran,16330
tehran,16331
tehran,16333
tehran,16334
tehran,16335
tehran,16337
tehran,16338
tehran,16339
tehran,16340
tehran,16341
tehran,16342
tehran,16344
tehran,16345
tehran,16346
tehran,16347
tehran,16349
tehran,16350
tehran,16351
tehran,16352
tehran,16353
tehran,16354
tehran,16355
tehran,16356
tehran,16357
tehran,16358
tehran,16360
tehran,16361
tehran,16362
tehran,16363
tehran,16364
tehran,16365
tehran,16367
tehran,16368
tehran,16369
tehran,16370
tehran,16371
tehran,16372
tehran,16373
tehran,16374
tehran,16376
tehran,16377
tehran,16378
tehran,16379
tehran,16380
tehran,16381
tehran,16382
tehran,16383
tehran,16384
tehran,16385
tehran,16386
tehran,16387
tehran,16388
tehran,16389
tehran,16390
tehran,16392
tehran,16393
tehran,16394
tehran,16395
tehran,16396
tehran,16397
tehran,16398
tehran,16399
tehran,16400
tehran,16401
tehran,16402
tehran,16403
tehran,16404
tehran,16406
tehran,16407
tehran,16408
tehran,16409
tehran,16410
tehran,16411
tehran,16412
tehran,16413
tehran,16415
tehran,16416
tehran,16417
tehran,16418
tehran,16419
tehran,16420
tehran,16421
tehran,16422
tehran,16424
tehran,16425
tehran,16426
tehran,16428
tehran,16429
tehran,16430
tehran,16431
tehran,16432
tehran,16434
tehran,16435
tehran,16436
tehran,16438
tehran,16439
tehran,16441
tehran,16442
tehran,16443
tehran,16444
tehran,16445
tehran,16446
tehran,16447
tehran,16448
tehran,16449
tehran,16450
tehran,16451
tehran,16452
tehran,16453
tehran,16454
tehran,16455
tehran,16456
tehran,16457
tehran,16458
tehran,16459
tehran,16460
tehran,16461
tehran,16462
tehran,16463
tehran,16464
tehran,16467
tehran,16468
tehran,16469
tehran,16470
tehran,16471
tehran,16472
tehran,16473
tehran,16474
tehran,16475
tehran,16476
tehran,16477
tehran,16478
tehran,16479
tehran,16480
tehran,16481
tehran,16482
tehran,16483
tehran,16484
tehran,16485
tehran,16486
tehran,16487
tehran,16488
tehran,16489
tehran,16490
tehran,16491
tehran,16492
tehran,16494
tehran,16495
tehran,16496
tehran,16497
tehran,16498
tehran,16499
tehran,16500
tehran,16501
tehran,16502
tehran,16503
tehran,16504
tehran,16505
tehran,16506
tehran,16507
tehran,16509
tehran,16510
tehran,16511
tehran,16512
tehran,16513
tehran,16514
tehran,16515
tehran,16516
tehran,16517
tehran,16518
tehran,16519
tehran,16520
tehran,16521
tehran,16522
tehran,16523
tehran,16524
tehran,16525
tehran,16526
tehran,16528
tehran,16529
tehran,16531
tehran,16533
tehran,16535
tehran,16536
tehran,16537
tehran,16538
tehran,16539
tehran,16540
tehran,16541
tehran,16543
tehran,16545
tehran,16546
tehran,16547
tehran,16548
tehran,16550
tehran,16551
tehran,16552
tehran,16553
tehran,16554
tehran,16555
tehran,16556
tehran,16557
tehran,16558
tehran,16559
tehran,16560
tehran,16562
tehran,16563
tehran,16564
tehran,16565
tehran,16566
tehran,16567
tehran,16569
tehran,16570
tehran,16571
tehran,16572
tehran,16573
tehran,16575
tehran,16576
tehran,16577
tehran,16578
tehran,16579
tehran,16580
tehran,16581
tehran,16582
tehran,16583
tehran,16584
tehran,16585
tehran,16586
tehran,16587
tehran,16588
tehran,16589
tehran,16590
tehran,16591
tehran,16592
tehran,16593
tehran,16595
tehran,16596
tehran,16597
tehran,16598
tehran,16599
tehran,16600
tehran,16601
tehran,16602
tehran,16604
tehran,16605
tehran,16607
tehran,16609
tehran,16610
tehran,16611
tehran,16612
tehran,16613
tehran,16618
tehran,16620
tehran,16622
tehran,16623
tehran,16625
tehran,16627
tehran,16628
tehran,16630
tehran,16632
tehran,16633
tehran,16634
tehran,16635
tehran,16637
tehran,16639
tehran,16641
tehran,16642
tehran,16643
tehran,16644
tehran,16645
tehran,16646
tehran,16647
tehran,16649
tehran,16650
tehran,16651
tehran,16652
tehran,16653
tehran,16654
tehran,16655
tehran,16657
tehran,16658
tehran,16659
tehran,16660
tehran,16662
tehran,16664
tehran,16666
tehran,16668
tehran,16671
tehran,16673
tehran,16675
tehran,16677
tehran,16678
tehran,16682
tehran,16684
tehran,16686
tehran,16689
tehran,16690
tehran,16692
tehran,16693
tehran,16695
tehran,16696
tehran,16698
tehran,16701
tehran,16703
tehran,16704
tehran,16705
tehran,16706
tehran,16708
tehran,16709
tehran,16711
tehran,16712
tehran,16714
tehran,16717
tehran,16722
tehran,16723
tehran,16724
tehran,16725
tehran,16726
tehran,16728
tehran,16729
tehran,16730
tehran,16731
tehran,16732
tehran,16733
tehran,16734
tehran,16735
tehran,16736
tehran,16737
tehran,16738
tehran,16739
tehran,16741
tehran,16742
tehran,16743
tehran,16744
tehran,16746
tehran,16749
tehran,16750
tehran,16753
tehran,16756
tehran,16757
tehran,16758
tehran,16760
tehran,16761
tehran,16762
tehran,16764
tehran,16765
tehran,16767
tehran,16769
tehran,16770
tehran,16771
tehran,16773
tehran,16775
tehran,16776
tehran,16779
tehran,16780
tehran,16782
tehran,16784
tehran,16785
tehran,16786
tehran,16787
tehran,16790
tehran,16791
tehran,16792
tehran,16793
tehran,16795
tehran,16798
tehran,16799
tehran,16800
tehran,16802
tehran,16804
tehran,16805
tehran,16808
tehran,16809
tehran,16810
tehran,16811
tehran,16812
tehran,16813
tehran,16815
tehran,16816
tehran,16817
tehran,16819
tehran,16820
tehran,16823
tehran,16824
tehran,16826
tehran,16828
tehran,16829
tehran,16830
tehran,16832
tehran,16833
tehran,16834
tehran,16835
tehran,16836
tehran,16837
tehran,16840
tehran,16841
tehran,16842
tehran,16846
tehran,16847
tehran,16849
tehran,16850
tehran,16851
tehran,16852
tehran,16853
tehran,16854
tehran,16855
tehran,16856
tehran,16858
tehran,16860
tehran,16863
tehran,16864
tehran,16865
tehran,16866
tehran,16867
tehran,16869
tehran,16870
tehran,16872
tehran,16876
tehran,16877
tehran,16878
tehran,16879
tehran,16881
tehran,16882
tehran,16884
tehran,16886
tehran,16887
tehran,16888
tehran,16889
tehran,16890
tehran,16891
tehran,16893
tehran,16894
tehran,16896
tehran,16898
tehran,16900
tehran,16906
tehran,16907
tehran,16908
tehran,16909
tehran,16911
tehran,16913
tehran,16914
tehran,16916
tehran,16919
tehran,16920
tehran,16923
tehran,16925
tehran,16926
tehran,16930
tehran,16933
tehran,16935
tehran,16936
tehran,16937
tehran,16939
tehran,16940
tehran,16941
tehran,16942
tehran,16945
tehran,16947
tehran,16948
tehran,16951
tehran,16952
tehran,16953
tehran,16955
tehran,16957
tehran,16958
tehran,16961
tehran,16964
tehran,16969
tehran,16970
tehran,16971
tehran,16972
tehran,16974
tehran,16975
tehran,16978
tehran,16979
tehran,16982
tehran,16984
tehran,16985
tehran,16986
tehran,16988
tehran,16992
tehran,16993
tehran,16994
tehran,16997
tehran,17000
tehran,17001
tehran,17003
tehran,17004
tehran,17005
tehran,17006
tehran,17007
tehran,17010
tehran,17011
tehran,17013
tehran,17015
tehran,17016
tehran,17017
tehran,17019
tehran,17020
tehran,17021
tehran,17022
tehran,17024
tehran,17025
tehran,17026
tehran,17027
tehran,17028
tehran,17030
tehran,17031
tehran,17032
tehran,17033
tehran,17035
tehran,17038
tehran,17040
tehran,17042
tehran,17043
tehran,17044
tehran,17045
tehran,17046
tehran,17047
tehran,17050
tehran,17051
tehran,17053
tehran,17055
tehran,17056
tehran,17057
tehran,17058
tehran,17059
tehran,17060
tehran,17061
tehran,17063
tehran,17064
tehran,17066
tehran,17067
tehran,17068
tehran,17069
tehran,17070
tehran,17071
tehran,17073
tehran,17075
tehran,17076
tehran,17079
tehran,17080
tehran,17081
tehran,17082
tehran,17083
tehran,17084
tehran,17085
tehran,17087
tehran,17088
tehran,17090
tehran,17091
tehran,17092
tehran,17093
tehran,17095
tehran,17098
tehran,17099
tehran,17101
tehran,17103
tehran,17106
tehran,17107
tehran,17108
tehran,17110
tehran,17112
tehran,17113
tehran,17114
tehran,17115
tehran,17117
tehran,17118
tehran,17120
tehran,17121
tehran,17122
tehran,17126
tehran,17128
tehran,17129
tehran,17131
tehran,17132
tehran,17136
tehran,17141
tehran,17142
tehran,17144
tehran,17145
tehran,17158
tehran,17159
tehran,17160
tehran,17161
tehran,17163
tehran,17165
tehran,17166
tehran,17167
tehran,17168
tehran,17169
tehran,17170
tehran,17171
tehran,17172
tehran,17173
tehran,17174
tehran,17175
tehran,17177
tehran,17179
tehran,17180
tehran,17182
tehran,17184
tehran,17186
tehran,17187
tehran,17189
tehran,17190
tehran,17191
tehran,17192
tehran,17194
tehran,17196
tehran,17198
tehran,17200
tehran,17201
tehran,17202
tehran,17203
tehran,17205
tehran,17206
tehran,17208
tehran,17210
tehran,17212
tehran,17213
tehran,17214
tehran,17216
tehran,17217
tehran,17219
tehran,17220
tehran,17222
tehran,17223
tehran,17224
tehran,17225
tehran,17226
tehran,17227
tehran,17229
tehran,17231
tehran,17232
tehran,17234
tehran,17235
tehran,17236
tehran,17238
tehran,17239
tehran,17240
tehran,17241
tehran,17243
tehran,17245
tehran,17247
tehran,17249
tehran,17250
tehran,17251
tehran,17252
tehran,17253
tehran,17254
tehran,17256
tehran,17258
tehran,17260
tehran,17261
tehran,17263
tehran,17266
tehran,17267
tehran,17268
tehran,17270
tehran,17272
tehran,17275
tehran,17276
tehran,17278
tehran,17281
tehran,17282
tehran,17284
tehran,17285
tehran,17286
tehran,17288
tehran,17289
tehran,17290
tehran,17291
tehran,17292
tehran,17293
tehran,17294
tehran,17297
tehran,17299
tehran,17300
tehran,17301
tehran,17302
tehran,17303
tehran,17304
tehran,17305
tehran,17306
tehran,17307
tehran,17308
tehran,17309
tehran,17311
tehran,17313
tehran,17314
tehran,17315
tehran,17316
tehran,17317
tehran,17318
tehran,17319
tehran,17320
tehran,17321
tehran,17322
tehran,17323
tehran,17324
tehran,17325
tehran,17326
tehran,17328
tehran,17329
tehran,17331
tehran,17336
tehran,17337
tehran,17339
tehran,17340
tehran,17341
tehran,17342
tehran,17344
tehran,17345
tehran,17347
tehran,17348
tehran,17349
tehran,17350
tehran,17351
tehran,17352
tehran,17353
tehran,17354
tehran,17355
tehran,17356
tehran,17358
tehran,17359
tehran,17360
tehran,17361
tehran,17362
tehran,17365
tehran,17369
tehran,17370
tehran,17371
tehran,17372
tehran,17373
tehran,17375
tehran,17377
tehran,17378
tehran,17381
tehran,17382
tehran,17383
tehran,17384
tehran,17385
tehran,17386
tehran,17387
tehran,17389
tehran,17390
tehran,17391
tehran,17392
tehran,17393
tehran,17394
tehran,17395
tehran,17396
tehran,17397
tehran,17398
tehran,17399
tehran,17400
tehran,17401
tehran,17402
tehran,17403
tehran,17405
tehran,17406
tehran,17408
tehran,17409
tehran,17411
tehran,17412
tehran,17413
tehran,17416
tehran,17417
tehran,17421
tehran,17422
tehran,17426
tehran,17429
tehran,17430
tehran,17431
tehran,17432
tehran,17435
tehran,17437
tehran,17438
tehran,17442
tehran,17443
tehran,17445
tehran,17446
tehran,17447
tehran,17448
tehran,17450
tehran,17451
tehran,17454
tehran,17455
tehran,17457
tehran,17459
tehran,17460
tehran,17461
tehran,17462
tehran,17463
tehran,17464
tehran,17465
tehran,17467
tehran,17468
tehran,17469
tehran,17470
tehran,17471
tehran,17472
tehran,17473
tehran,17474
tehran,17476
tehran,17477
tehran,17478
tehran,17479
tehran,17481
tehran,17482
tehran,17484
tehran,17485
tehran,17486
tehran,17487
tehran,17489
tehran,17490
tehran,17491
tehran,17492
tehran,17493
tehran,17494
tehran,17495
tehran,17496
tehran,17497
tehran,17499
tehran,17501
tehran,17504
tehran,17507
tehran,17509
tehran,17510
tehran,17511
tehran,17513
tehran,17515
tehran,17516
tehran,17519
tehran,17521
tehran,17522
tehran,17523
tehran,17524
tehran,17526
tehran,17527
tehran,17528
tehran,17530
tehran,17532
tehran,17534
tehran,17536
tehran,17539
tehran,17541
tehran,17542
tehran,17543
tehran,17544
tehran,17547
tehran,17548
tehran,17550
tehran,17551
tehran,17553
tehran,17556
tehran,17557
tehran,17559
tehran,17560
tehran,17562
tehran,17563
tehran,17564
tehran,17566
tehran,17567
tehran,17568
tehran,17569
tehran,17570
tehran,17571
tehran,17574
tehran,17575
tehran,17578
tehran,17579
tehran,17581
tehran,17582
tehran,17583
tehran,17584
tehran,17586
tehran,17587
tehran,17588
tehran,17590
tehran,17592
tehran,17594
tehran,17595
tehran,17596
tehran,17597
tehran,17600
tehran,17601
tehran,17602
tehran,17603
tehran,17604
tehran,17605
tehran,17607
tehran,17608
tehran,17609
tehran,17610
tehran,17611
tehran,17612
tehran,17614
tehran,17615
tehran,17620
tehran,17621
tehran,17622
tehran,17624
tehran,17625
tehran,17626
tehran,17629
tehran,17630
tehran,17634
tehran,17635
tehran,17636
tehran,17637
tehran,17638
tehran,17639
tehran,17640
tehran,17641
tehran,17642
tehran,17643
tehran,17644
tehran,17647
tehran,17650
tehran,17652
tehran,17655
tehran,17656
tehran,17659
tehran,17660
tehran,17662
tehran,17663
tehran,17664
tehran,17665
tehran,17666
tehran,17667
tehran,17669
tehran,17670
tehran,17674
tehran,17675
tehran,17676
tehran,17677
tehran,17678
tehran,17679
tehran,17682
tehran,17683
tehran,17684
tehran,17685
tehran,17686
tehran,17687
tehran,17688
tehran,17689
tehran,17690
tehran,17692
tehran,17694
tehran,17696
tehran,17697
tehran,17698
tehran,17701
tehran,17702
tehran,17703
tehran,17705
tehran,17706
tehran,17707
tehran,17708
tehran,17710
tehran,17711
tehran,17714
tehran,17716
tehran,17717
tehran,17718
tehran,17721
tehran,17722
tehran,17723
tehran,17725
tehran,17726
tehran,17727
tehran,17728
tehran,17730
tehran,17731
tehran,17733
tehran,17735
tehran,17738
tehran,17739
tehran,17740
tehran,17741
tehran,17743
tehran,17744
tehran,17745
tehran,17746
tehran,17747
tehran,17748
tehran,17749
tehran,17750
tehran,17751
tehran,17752
tehran,17753
tehran,17756
tehran,17757
tehran,17758
tehran,17759
tehran,17760
tehran,17762
tehran,17764
tehran,17765
tehran,17767
tehran,17769
tehran,17772
tehran,17773
tehran,17778
tehran,17779
tehran,17781
tehran,17783
tehran,17786
tehran,17788
tehran,17789
tehran,17790
tehran,17791
tehran,17792
tehran,17793
tehran,17795
tehran,17796
tehran,17797
tehran,17799
tehran,17800
tehran,17801
tehran,17804
tehran,17805
tehran,17806
tehran,17807
tehran,17808
tehran,17809
tehran,17810
tehran,17811
tehran,17813
tehran,17815
tehran,17817
tehran,17818
tehran,17819
tehran,17821
tehran,17822
tehran,17823
tehran,17824
tehran,17826
tehran,17827
tehran,17828
tehran,17830
tehran,17832
tehran,17833
tehran,17834
tehran,17836
tehran,17837
tehran,17838
tehran,17839
tehran,17840
tehran,17841
tehran,17844
tehran,17847
tehran,17852
tehran,17853
tehran,17854
tehran,17855
tehran,17856
tehran,17858
tehran,17862
tehran,17863
tehran,17864
tehran,17865
tehran,17866
tehran,17867
tehran,17868
tehran,17870
tehran,17872
tehran,17873
tehran,17876
tehran,17877
tehran,17879
tehran,17880
tehran,17881
tehran,17882
tehran,17883
tehran,17884
tehran,17886
tehran,17888
tehran,17889
tehran,17890
tehran,17891
tehran,17892
tehran,17894
tehran,17895
tehran,17896
tehran,17897
tehran,17898
tehran,17899
tehran,17900
tehran,17901
tehran,17902
tehran,17905
tehran,17906
tehran,17907
tehran,17909
tehran,17910
tehran,17911
tehran,17913
tehran,17915
tehran,17916
tehran,17920
tehran,17921
tehran,17922
tehran,17923
tehran,17929
tehran,17930
tehran,17932
tehran,17933
tehran,17937
tehran,17939
tehran,17943
tehran,17944
tehran,17947
tehran,17948
tehran,17950
tehran,17951
tehran,17953
tehran,17954
tehran,17956
tehran,17958
tehran,17959
tehran,17960
tehran,17962
tehran,17963
tehran,17964
tehran,17967
tehran,17969
tehran,17970
tehran,17971
tehran,17972
tehran,17976
tehran,17978
tehran,17981
tehran,17983
tehran,17986
tehran,17987
tehran,17988
tehran,17991
tehran,17992
tehran,17994
tehran,17995
tehran,17996
tehran,17999
tehran,18000
tehran,18001
tehran,18002
tehran,18004
tehran,18006
tehran,18009
tehran,18011
tehran,18013
tehran,18014
tehran,18015
tehran,18033
tehran,18034
tehran,18035
tehran,18036
tehran,18037
tehran,18042
tehran,18044
tehran,18046
tehran,18049
tehran,18052
tehran,18053
tehran,18054
tehran,18058
tehran,18059
tehran,18060
tehran,18063
tehran,18064
tehran,18065
tehran,18069
tehran,18070
tehran,18073
tehran,18076
tehran,18079
tehran,18081
tehran,18083
tehran,18084
tehran,18086
tehran,18087
tehran,18088
tehran,18089
tehran,18092
tehran,18093
tehran,18094
tehran,18095
tehran,18097
tehran,18098
tehran,18101
tehran,18103
tehran,18105
tehran,18107
tehran,18108
tehran,18109
tehran,18110
tehran,18111
tehran,18112
tehran,18113
tehran,18114
tehran,18115
tehran,18117
tehran,18118
tehran,18120
tehran,18124
tehran,18127
tehran,18128
tehran,18129
tehran,18131
tehran,18132
tehran,18134
tehran,18135
tehran,18137
tehran,18138
tehran,18139
tehran,18142
tehran,18145
tehran,18146
tehran,18147
tehran,18149
tehran,18151
tehran,18155
tehran,18157
tehran,18158
tehran,18160
tehran,18161
tehran,18162
tehran,18163
tehran,18164
tehran,18166
tehran,18167
tehran,18168
tehran,18170
tehran,18171
tehran,18173
tehran,18174
tehran,18175
tehran,18177
tehran,18178
tehran,18179
tehran,18180
tehran,18181
tehran,18184
tehran,18185
tehran,18188
tehran,18189
tehran,18192
tehran,18194
tehran,18195
tehran,18196
tehran,18198
tehran,18199
tehran,18200
tehran,18202
tehran,18204
tehran,18205
tehran,18206
tehran,18208
tehran,18210
tehran,18212
tehran,18214
tehran,18216
tehran,18217
tehran,18221
tehran,18222
tehran,18223
tehran,18224
tehran,18225
tehran,18227
tehran,18232
tehran,18233
tehran,18234
tehran,18235
tehran,18236
tehran,18237
tehran,18238
tehran,18239
tehran,18240
tehran,18241
tehran,18243
tehran,18245
tehran,18246
tehran,18247
tehran,18248
tehran,18250
tehran,18251
tehran,18265
tehran,18266
tehran,18267
tehran,18268
tehran,18269
tehran,18270
tehran,18271
tehran,18272
tehran,18274
tehran,18275
tehran,18277
tehran,18278
tehran,18280
tehran,18281
tehran,18282
tehran,18283
tehran,18286
tehran,18288
tehran,18289
tehran,18291
tehran,18293
tehran,18294
tehran,18295
tehran,18296
tehran,18298
tehran,18299
tehran,18301
tehran,18302
tehran,18303
tehran,18305
tehran,18306
tehran,18308
tehran,18309
tehran,18312
tehran,18313
tehran,18314
tehran,18315
tehran,18317
tehran,18318
tehran,18319
tehran,18320
tehran,18322
tehran,18323
tehran,18325
tehran,18327
tehran,18329
tehran,18330
tehran,18331
tehran,18332
tehran,18333
tehran,18335
tehran,18337
tehran,18340
tehran,18341
tehran,18343
tehran,18345
tehran,18348
tehran,18349
tehran,18350
tehran,18351
tehran,18352
tehran,18354
tehran,18355
tehran,18356
tehran,18357
tehran,18359
tehran,18363
tehran,18365
tehran,18366
tehran,18367
tehran,18369
tehran,18370
tehran,18371
tehran,18373
tehran,18375
tehran,18377
tehran,18378
tehran,18379
tehran,18381
tehran,18382
tehran,18383
tehran,18384
tehran,18386
tehran,18387
tehran,18388
tehran,18389
tehran,18390
tehran,18394
tehran,18395
tehran,18397
tehran,18398
tehran,18400
tehran,18401
tehran,18403
tehran,18404
tehran,18405
tehran,18407
tehran,18409
tehran,18413
tehran,18415
tehran,18417
tehran,18419
tehran,18420
tehran,18421
tehran,18422
tehran,18425
tehran,18427
tehran,18428
tehran,18430
tehran,18433
tehran,18434
tehran,18436
tehran,18438
tehran,18439
tehran,18441
tehran,18442
tehran,18443
tehran,18444
tehran,18445
tehran,18446
tehran,18448
tehran,18449
tehran,18451
tehran,18452
tehran,18455
tehran,18456
tehran,18457
tehran,18458
tehran,18460
tehran,18464
tehran,18466
tehran,18467
tehran,18470
tehran,18472
tehran,18474
tehran,18475
tehran,18476
tehran,18477
tehran,18478
tehran,18479
tehran,18481
tehran,18483
tehran,18485
tehran,18487
tehran,18489
tehran,18490
tehran,18491
tehran,18494
tehran,18497
tehran,18498
tehran,18501
tehran,18502
tehran,18503
tehran,18506
tehran,18507
tehran,18510
tehran,18511
tehran,18512
tehran,18513
tehran,18514
tehran,18515
tehran,18516
tehran,18517
tehran,18518
tehran,18519
tehran,18520
tehran,18523
tehran,18524
tehran,18525
tehran,18526
tehran,18527
tehran,18530
tehran,18531
tehran,18533
tehran,18535
tehran,18536
tehran,18537
tehran,18539
tehran,18541
tehran,18542
tehran,18545
tehran,18546
tehran,18547
tehran,18550
tehran,18551
tehran,18553
tehran,18554
tehran,18555
tehran,18556
tehran,18558
tehran,18560
tehran,18562
tehran,18566
tehran,18568
tehran,18569
tehran,18570
tehran,18571
tehran,18573
tehran,18574
tehran,18575
tehran,18576
tehran,18577
tehran,18580
tehran,18581
tehran,18583
tehran,18584
tehran,18586
tehran,18589
tehran,18591
tehran,18593
tehran,18594
tehran,18596
tehran,18598
tehran,18601
tehran,18603
tehran,18605
tehran,18607
tehran,18609
tehran,18610
tehran,18612
tehran,18614
tehran,18616
tehran,18617
tehran,18618
tehran,18619
tehran,18621
tehran,18622
tehran,18623
tehran,18624
tehran,18626
tehran,18628
tehran,18629
tehran,18630
tehran,18631
tehran,18632
tehran,18633
tehran,18634
tehran,18636
tehran,18637
tehran,18638
tehran,18641
tehran,18642
tehran,18643
tehran,18644
tehran,18646
tehran,18648
tehran,18651
tehran,18653
tehran,18655
tehran,18656
tehran,18657
tehran,18659
tehran,18660
tehran,18663
tehran,18664
tehran,18666
tehran,18668
tehran,18673
tehran,18674
tehran,18676
tehran,18677
tehran,18678
tehran,18679
tehran,18680
tehran,18681
tehran,18683
tehran,18684
tehran,18685
tehran,18687
tehran,18689
tehran,18690
tehran,18691
tehran,18693
tehran,18694
tehran,18696
tehran,18697
tehran,18699
tehran,18701
tehran,18702
tehran,18703
tehran,18704
tehran,18706
tehran,18708
tehran,18710
tehran,18711
tehran,18712
tehran,18713
tehran,18716
tehran,18718
tehran,18720
tehran,18721
tehran,18722
tehran,18723
tehran,18724
tehran,18725
tehran,18727
tehran,18728
tehran,18729
tehran,18730
tehran,18733
tehran,18735
tehran,18736
tehran,18738
tehran,18739
tehran,18742
tehran,18743
tehran,18744
tehran,18746
tehran,18747
tehran,18750
tehran,18752
tehran,18753
tehran,18755
tehran,18757
tehran,18759
tehran,18761
tehran,18764
tehran,18766
tehran,18767
tehran,18768
tehran,18769
tehran,18770
tehran,18772
tehran,18773
tehran,18776
tehran,18777
tehran,18778
tehran,18779
tehran,18780
tehran,18781
tehran,18782
tehran,18784
tehran,18785
tehran,18786
tehran,18788
tehran,18789
tehran,18790
tehran,18792
tehran,18794
tehran,18795
tehran,18796
tehran,18797
tehran,18799
tehran,18801
tehran,18803
tehran,18804
tehran,18805
tehran,18807
tehran,18808
tehran,18809
tehran,18810
tehran,18812
tehran,18814
tehran,18815
tehran,18816
tehran,18817
tehran,18819
tehran,18820
tehran,18822
tehran,18823
tehran,18825
tehran,18827
tehran,18830
tehran,18831
tehran,18834
tehran,18835
tehran,18837
tehran,18838
tehran,18839
tehran,18841
tehran,18842
tehran,18844
tehran,18846
tehran,18847
tehran,18849
tehran,18851
tehran,18854
tehran,18855
tehran,18857
tehran,18858
tehran,18860
tehran,18861
tehran,18862
tehran,18863
tehran,18864
tehran,18865
tehran,18866
tehran,18868
tehran,18870
tehran,18873
tehran,18874
tehran,18875
tehran,18877
tehran,18878
tehran,18879
tehran,18882
tehran,18884
tehran,18886
tehran,18887
tehran,18888
tehran,18890
tehran,18892
tehran,18893
tehran,18895
tehran,18897
tehran,18898
tehran,18900
tehran,18901
tehran,18903
tehran,18904
tehran,18905
tehran,18906
tehran,18909
tehran,18910
tehran,18911
tehran,18914
tehran,18915
tehran,18917
tehran,18919
tehran,18920
tehran,18921
tehran,18923
tehran,18924
tehran,18927
tehran,18929
tehran,18930
tehran,18932
tehran,18933
tehran,18934
tehran,18936
tehran,18937
tehran,18938
tehran,18939
tehran,18940
tehran,18941
tehran,18942
tehran,18943
tehran,18944
tehran,18946
tehran,18948
tehran,18949
tehran,18950
tehran,18952
tehran,18954
tehran,18956
tehran,18957
tehran,18958
tehran,18960
tehran,18961
tehran,18964
tehran,18965
tehran,18966
tehran,18967
tehran,18968
tehran,18969
tehran,18970
tehran,18971
tehran,18972
tehran,18973
tehran,18974
tehran,18975
tehran,18976
tehran,18977
tehran,18978
tehran,18980
tehran,18981
tehran,18982
tehran,18984
tehran,18985
tehran,18986
tehran,18988
tehran,18990
tehran,18991
tehran,18993
tehran,18994
tehran,18995
tehran,18999
tehran,19001
tehran,19002
tehran,19003
tehran,19005
tehran,19006
tehran,19008
tehran,19009
tehran,19010
tehran,19011
tehran,19014
tehran,19016
tehran,19017
tehran,19018
tehran,19020
tehran,19022
tehran,19025
tehran,19026
tehran,19027
tehran,19028
tehran,19029
tehran,19030
tehran,19031
tehran,19032
tehran,19034
tehran,19035
tehran,19037
tehran,19038
tehran,19040
tehran,19041
tehran,19042
tehran,19043
tehran,19044
tehran,19045
tehran,19047
tehran,19048
tehran,19049
tehran,19050
tehran,19053
tehran,19054
tehran,19055
tehran,19056
tehran,19057
tehran,19058
tehran,19059
tehran,19060
tehran,19061
tehran,19062
tehran,19065
tehran,19068
tehran,19069
tehran,19070
tehran,19071
tehran,19072
tehran,19073
tehran,19074
tehran,19075
tehran,19076
tehran,19078
tehran,19079
tehran,19080
tehran,19081
tehran,19082
tehran,19083
tehran,19085
tehran,19086
tehran,19087
tehran,19088
tehran,19089
tehran,19090
tehran,19091
tehran,19092
tehran,19093
tehran,19097
tehran,19100
tehran,19101
tehran,19102
tehran,19103
tehran,19105
tehran,19113
tehran,19114
tehran,19115
tehran,19116
tehran,19117
tehran,19118
tehran,19121
tehran,19122
tehran,19123
tehran,19124
tehran,19127
tehran,19128
tehran,19130
tehran,19131
tehran,19133
tehran,19134
tehran,19136
tehran,19137
tehran,19140
tehran,19142
tehran,19145
tehran,19146
tehran,19149
tehran,19150
tehran,19151
tehran,19152
tehran,19155
tehran,19156
tehran,19157
tehran,19159
tehran,19160
tehran,19162
tehran,19163
tehran,19164
tehran,19165
tehran,19166
tehran,19167
tehran,19169
tehran,19170
tehran,19171
tehran,19173
tehran,19174
tehran,19176
tehran,19177
tehran,19179
tehran,19180
tehran,19181
tehran,19183
tehran,19185
tehran,19187
tehran,19189
tehran,19192
tehran,19193
tehran,19194
tehran,19195
tehran,19199
tehran,19200
tehran,19203
tehran,19204
tehran,19206
tehran,19208
tehran,19209
tehran,19210
tehran,19211
tehran,19212
tehran,19214
tehran,19215
tehran,19217
tehran,19219
tehran,19221
tehran,19223
tehran,19224
tehran,19225
tehran,19227
tehran,19228
tehran,19229
tehran,19232
tehran,19233
tehran,19234
tehran,19235
tehran,19236
tehran,19237
tehran,19238
tehran,19239
tehran,19240
tehran,19241
tehran,19243
tehran,19246
tehran,19247
tehran,19248
tehran,19251
tehran,19252
tehran,19253
tehran,19255
tehran,19256
tehran,19257
tehran,19258
tehran,19259
tehran,19262
tehran,19263
tehran,19264
tehran,19265
tehran,19267
tehran,19270
tehran,19271
tehran,19275
tehran,19276
tehran,19278
tehran,19279
tehran,19280
tehran,19281
tehran,19283
tehran,19284
tehran,19286
tehran,19288
tehran,19290
tehran,19292
tehran,19294
tehran,19295
tehran,19297
tehran,19299
tehran,19300
tehran,19301
tehran,19302
tehran,19303
tehran,19306
tehran,19307
tehran,19309
tehran,19313
tehran,19316
tehran,19317
tehran,19318
tehran,19319
tehran,19321
tehran,19322
tehran,19323
tehran,19325
tehran,19326
tehran,19328
tehran,19330
tehran,19331
tehran,19332
tehran,19333
tehran,19334
tehran,19336
tehran,19337
tehran,19338
tehran,19340
tehran,19341
tehran,19342
tehran,19343
tehran,19344
tehran,19345
tehran,19346
tehran,19347
tehran,19348
tehran,19349
tehran,19352
tehran,19353
tehran,19354
tehran,19356
tehran,19358
tehran,19359
tehran,19360
tehran,19361
tehran,19363
tehran,19364
tehran,19365
tehran,19367
tehran,19368
tehran,19371
tehran,19372
tehran,19376
tehran,19377
tehran,19379
tehran,19381
tehran,19382
tehran,19384
tehran,19386
tehran,19387
tehran,19390
tehran,19391
tehran,19393
tehran,19394
tehran,19395
tehran,19397
tehran,19398
tehran,19399
tehran,19400
tehran,19402
tehran,19406
tehran,19407
tehran,19408
tehran,19409
tehran,19410
tehran,19411
tehran,19412
tehran,19415
tehran,19418
tehran,19419
tehran,19421
tehran,19424
tehran,19425
tehran,19426
tehran,19427
tehran,19429
tehran,19430
tehran,19431
tehran,19433
tehran,19434
tehran,19436
tehran,19438
tehran,19439
tehran,19440
tehran,19441
tehran,19443
tehran,19444
tehran,19445
tehran,19446
tehran,19448
tehran,19449
tehran,19451
tehran,19452
tehran,19454
tehran,19455
tehran,19456
tehran,19457
tehran,19458
tehran,19459
tehran,19460
tehran,19461
tehran,19462
tehran,19463
tehran,19465
tehran,19466
tehran,19467
tehran,19469
tehran,19471
tehran,19472
tehran,19473
tehran,19474
tehran,19476
tehran,19477
tehran,19478
tehran,19479
tehran,19481
tehran,19482
tehran,19483
tehran,19486
tehran,19489
tehran,19490
tehran,19493
tehran,19494
tehran,19495
tehran,19496
tehran,19497
tehran,19498
tehran,19500
tehran,19501
tehran,19502
tehran,19503
tehran,19504
tehran,19506
tehran,19507
tehran,19508
tehran,19509
tehran,19510
tehran,19511
tehran,19512
tehran,19513
tehran,19514
tehran,19515
tehran,19516
tehran,19517
tehran,19518
tehran,19519
tehran,19521
tehran,19523
tehran,19524
tehran,19526
tehran,19528
tehran,19529
tehran,19530
tehran,19531
tehran,19532
tehran,19533
tehran,19534
tehran,19535
tehran,19536
tehran,19537
tehran,19538
tehran,19539
tehran,19541
tehran,19542
tehran,19543
tehran,19544
tehran,19545
tehran,19546
tehran,19547
tehran,19548
tehran,19549
tehran,19551
tehran,19552
tehran,19553
tehran,19556
tehran,19557
tehran,19559
tehran,19560
tehran,19562
tehran,19563
tehran,19564
tehran,19565
tehran,19566
tehran,19568
tehran,19569
tehran,19570
tehran,19571
tehran,19572
tehran,19573
tehran,19574
tehran,19575
tehran,19576
tehran,19577
tehran,19578
tehran,19579
tehran,19580
tehran,19581
tehran,19583
tehran,19587
tehran,19588
tehran,19589
tehran,19590
tehran,19592
tehran,19593
tehran,19594
tehran,19595
tehran,19596
tehran,19597
tehran,19598
tehran,19601
tehran,19602
tehran,19603
tehran,19604
tehran,19605
tehran,19606
tehran,19607
tehran,19608
tehran,19609
tehran,19610
tehran,19611
tehran,19612
tehran,19613
tehran,19614
tehran,19615
tehran,19616
tehran,19617
tehran,19618
tehran,19619
tehran,19621
tehran,19622
tehran,19623
tehran,19625
tehran,19626
tehran,19628
tehran,19630
tehran,19632
tehran,19633
tehran,19634
tehran,19635
tehran,19637
tehran,19638
tehran,19639
tehran,19640
tehran,19641
tehran,19642
tehran,19643
tehran,19644
tehran,19645
tehran,19646
tehran,19648
tehran,19649
tehran,19650
tehran,19652
tehran,19653
tehran,19654
tehran,19656
tehran,19657
tehran,19658
tehran,19662
tehran,19665
tehran,19666
tehran,19667
tehran,19668
tehran,19669
tehran,19670
tehran,19672
tehran,19673
tehran,19674
tehran,19675
tehran,19676
tehran,19677
tehran,19678
tehran,19679
tehran,19681
tehran,19682
tehran,19684
tehran,19686
tehran,19688
tehran,19689
tehran,19690
tehran,19692
tehran,19693
tehran,19694
tehran,19695
tehran,19696
tehran,19697
tehran,19698
tehran,19700
tehran,19703
tehran,19705
tehran,19706
tehran,19707
tehran,19708
tehran,19709
tehran,19710
tehran,19711
tehran,19714
tehran,19715
tehran,19716
tehran,19717
tehran,19719
tehran,19720
tehran,19721
tehran,19727
tehran,19728
tehran,19730
tehran,19731
tehran,19732
tehran,19734
tehran,19735
tehran,19737
tehran,19738
tehran,19739
tehran,19741
tehran,19742
tehran,19743
tehran,19744
tehran,19745
tehran,19746
tehran,19747
tehran,19748
tehran,19750
tehran,19751
tehran,19753
tehran,19754
tehran,19755
tehran,19756
tehran,19758
tehran,19759
tehran,19762
tehran,19763
tehran,19765
tehran,19767
tehran,19768
tehran,19770
tehran,19771
tehran,19773
tehran,19774
tehran,19777
tehran,19778
tehran,19783
tehran,19784
tehran,19785
tehran,19786
tehran,19789
tehran,19790
tehran,19791
tehran,19792
tehran,19794
tehran,19795
tehran,19796
tehran,19797
tehran,19798
tehran,19799
tehran,19800
tehran,19801
tehran,19802
tehran,19803
tehran,19804
tehran,19805
tehran,19806
tehran,19807
tehran,19808
tehran,19809
tehran,19811
tehran,19812
tehran,19814
tehran,19816
tehran,19817
tehran,19818
tehran,19821
tehran,19823
tehran,19824
tehran,19825
tehran,19826
tehran,19827
tehran,19828
tehran,19829
tehran,19832
tehran,19833
tehran,19834
tehran,19836
tehran,19837
tehran,19840
tehran,19841
tehran,19843
tehran,19845
tehran,19848
tehran,19849
tehran,19852
tehran,19853
tehran,19854
tehran,19855
tehran,19856
tehran,19857
tehran,19859
tehran,19860
tehran,19861
tehran,19863
tehran,19864
tehran,19865
tehran,19868
tehran,19869
tehran,19870
tehran,19871
tehran,19872
tehran,19873
tehran,19874
tehran,19875
tehran,19877
tehran,19878
tehran,19879
tehran,19880
tehran,19882
tehran,19884
tehran,19887
tehran,19888
tehran,19889
tehran,19890
tehran,19891
tehran,19892
tehran,19894
tehran,19895
tehran,19897
tehran,19898
tehran,19899
tehran,19900
tehran,19902
tehran,19903
tehran,19904
tehran,19905
tehran,19906
tehran,19907
tehran,19908
tehran,19910
tehran,19911
tehran,19912
tehran,19913
tehran,19914
tehran,19915
tehran,19916
tehran,19917
tehran,19918
tehran,19919
tehran,19920
tehran,19921
tehran,19922
tehran,19925
tehran,19926
tehran,19927
tehran,19928
tehran,19930
tehran,19931
tehran,19932
tehran,19933
tehran,19934
tehran,19936
tehran,19937
tehran,19939
tehran,19940
tehran,19943
tehran,19944
tehran,19945
tehran,19947
tehran,19949
tehran,19951
tehran,19952
tehran,19953
tehran,19955
tehran,19956
tehran,19959
tehran,19960
tehran,19962
tehran,19963
tehran,19965
tehran,19967
tehran,19968
tehran,19970
tehran,19972
tehran,19973
tehran,19974
tehran,19975
tehran,19976
tehran,19978
tehran,19979
tehran,19980
tehran,19983
tehran,19985
tehran,19986
tehran,19988
tehran,19989
tehran,19990
tehran,19991
tehran,19992
tehran,19993
tehran,19994
tehran,19995
tehran,19996
tehran,19997
tehran,19999
tehran,20000
tehran,20004
tehran,20008
tehran,20009
tehran,20010
tehran,20011
tehran,20012
tehran,20013
tehran,20014
tehran,20015
tehran,20016
tehran,20017
tehran,20018
tehran,20020
tehran,20021
tehran,20022
tehran,20023
tehran,20026
tehran,20027
tehran,20028
tehran,20030
tehran,20032
tehran,20033
tehran,20034
tehran,20035
tehran,20037
tehran,20038
tehran,20039
tehran,20040
tehran,20041
tehran,20043
tehran,20044
tehran,20045
tehran,20047
tehran,20048
tehran,20051
tehran,20052
tehran,20053
tehran,20054
tehran,20057
tehran,20058
tehran,20059
tehran,20060
tehran,20061
tehran,20062
tehran,20063
tehran,20065
tehran,20066
tehran,20068
tehran,20071
tehran,20073
tehran,20074
tehran,20075
tehran,20078
tehran,20081
tehran,20083
tehran,20087
tehran,20089
tehran,20091
tehran,20092
tehran,20093
tehran,20094
tehran,20096
tehran,20097
tehran,20098
tehran,20099
tehran,20101
tehran,20102
tehran,20103
tehran,20104
tehran,20106
tehran,20107
tehran,20108
tehran,20109
tehran,20110
tehran,20111
tehran,20112
tehran,20114
tehran,20117
tehran,20118
tehran,20119
tehran,20121
tehran,20124
tehran,20125
tehran,20127
tehran,20128
tehran,20129
tehran,20130
tehran,20131
tehran,20133
tehran,20134
tehran,20135
tehran,20136
tehran,20138
tehran,20139
tehran,20141
tehran,20143
tehran,20144
tehran,20145
tehran,20146
tehran,20147
tehran,20148
tehran,20150
tehran,20151
tehran,20152
tehran,20153
tehran,20155
tehran,20156
tehran,20157
tehran,20161
tehran,20162
tehran,20164
tehran,20165
tehran,20166
tehran,20167
tehran,20168
tehran,20169
tehran,20171
tehran,20173
tehran,20174
tehran,20176
tehran,20177
tehran,20179
tehran,20180
tehran,20181
tehran,20182
tehran,20183
tehran,20184
tehran,20185
tehran,20186
tehran,20211
tehran,20212
tehran,20213
tehran,20214
tehran,20216
tehran,20217
tehran,20218
tehran,20219
tehran,20220
tehran,20221
tehran,20222
tehran,20223
tehran,20224
tehran,20226
tehran,20229
tehran,20230
tehran,20231
tehran,20232
tehran,20233
tehran,20234
tehran,20235
tehran,20237
tehran,20238
tehran,20239
tehran,20240
tehran,20241
tehran,20242
tehran,20243
tehran,20248
tehran,20251
tehran,20252
tehran,20253
tehran,20254
tehran,20256
tehran,20257
tehran,20258
tehran,20259
tehran,20261
tehran,20262
tehran,20263
tehran,20264
tehran,20265
tehran,20266
tehran,20267
tehran,20268
tehran,20270
tehran,20271
tehran,20273
tehran,20274
tehran,20275
tehran,20276
tehran,20277
tehran,20279
tehran,20281
tehran,20282
tehran,20283
tehran,20284
tehran,20286
tehran,20287
tehran,20289
tehran,20290
tehran,20291
tehran,20292
tehran,20295
tehran,20297
tehran,20298
tehran,20312
tehran,20313
tehran,20314
tehran,20315
tehran,20317
tehran,20318
tehran,20319
tehran,20321
tehran,20322
tehran,20323
tehran,20340
tehran,20341
tehran,20342
tehran,20442
tehran,20444
tehran,20445
tehran,20446
tehran,20449
tehran,20451
tehran,20453
tehran,20454
tehran,20455
tehran,20456
tehran,20457
tehran,20459
tehran,20460
tehran,20462
tehran,20463
tehran,20465
tehran,20467
tehran,20469
tehran,20471
tehran,20472
tehran,20473
tehran,20475
tehran,20476
tehran,20477
tehran,20478
tehran,20480
tehran,20482
tehran,20485
tehran,20486
tehran,20487
tehran,20488
tehran,20489
tehran,20490
tehran,20492
tehran,20494
tehran,20495
tehran,20496
tehran,20497
tehran,20498
tehran,20499
tehran,20500
tehran,20501
tehran,20506
tehran,20509
tehran,20510
tehran,20511
tehran,20513
tehran,20515
tehran,20516
tehran,20517
tehran,20520
tehran,20521
tehran,20527
tehran,20528
tehran,20529
tehran,20530
tehran,20531
tehran,20532
tehran,20533
tehran,20534
tehran,20536
tehran,20537
tehran,20538
tehran,20542
tehran,20544
tehran,20545
tehran,20546
tehran,20547
tehran,20550
tehran,20551
tehran,20552
tehran,20554
tehran,20555
tehran,20556
tehran,20559
tehran,20560
tehran,20561
tehran,20562
tehran,20563
tehran,20564
tehran,20566
tehran,20568
tehran,20569
tehran,20571
tehran,20573
tehran,20574
tehran,20576
tehran,20577
tehran,20579
tehran,20580
tehran,20581
tehran,20584
tehran,20585
tehran,20586
tehran,20587
tehran,20590
tehran,20591
tehran,20593
tehran,20594
tehran,20598
tehran,20600
tehran,20601
tehran,20604
tehran,20606
tehran,20608
tehran,20613
tehran,20615
tehran,20617
tehran,20618
tehran,20619
tehran,20620
tehran,20621
tehran,20622
tehran,20623
tehran,20627
tehran,20628
tehran,20630
tehran,20631
tehran,20633
tehran,20634
tehran,20635
tehran,20637
tehran,20639
tehran,20640
tehran,20641
tehran,20643
tehran,20644
tehran,20646
tehran,20648
tehran,20649
tehran,20651
tehran,20652
tehran,20654
tehran,20655
tehran,20657
tehran,20658
tehran,20660
tehran,20661
tehran,20662
tehran,20664
tehran,20666
tehran,20670
tehran,20672
tehran,20674
tehran,20675
tehran,20677
tehran,20679
tehran,20680
tehran,20681
tehran,20684
tehran,20685
tehran,20687
tehran,20688
tehran,20689
tehran,20690
tehran,20691
tehran,20692
tehran,20693
tehran,20694
tehran,20695
tehran,20697
tehran,20699
tehran,20700
tehran,20702
tehran,20703
tehran,20705
tehran,20706
tehran,20707
tehran,20708
tehran,20709
tehran,20710
tehran,20711
tehran,20713
tehran,20714
tehran,20715
tehran,20718
tehran,20719
tehran,20720
tehran,20723
tehran,20725
tehran,20726
tehran,20731
tehran,20732
tehran,20733
tehran,20734
tehran,20739
tehran,20740
tehran,20742
tehran,20744
tehran,20745
tehran,20746
tehran,20748
tehran,20750
tehran,20753
tehran,20755
tehran,20756
tehran,20757
tehran,20758
tehran,20759
tehran,20760
tehran,20761
tehran,20762
tehran,20764
tehran,20765
tehran,20767
tehran,20771
tehran,20772
tehran,20773
tehran,20777
tehran,20778
tehran,20779
tehran,20782
tehran,20783
tehran,20784
tehran,20786
tehran,20788
tehran,20789
tehran,20791
tehran,20793
tehran,20794
tehran,20795
tehran,20796
tehran,20797
tehran,20798
tehran,20801
tehran,20802
tehran,20803
tehran,20804
tehran,20806
tehran,20808
tehran,20810
tehran,20814
tehran,20815
tehran,20817
tehran,20818
tehran,20819
tehran,20820
tehran,20821
tehran,20824
tehran,20826
tehran,20827
tehran,20828
tehran,20829
tehran,20832
tehran,20833
tehran,20835
tehran,20837
tehran,20840
tehran,20841
tehran,20843
tehran,20844
tehran,20847
tehran,20849
tehran,20850
tehran,20852
tehran,20853
tehran,20854
tehran,20856
tehran,20857
tehran,20858
tehran,20860
tehran,20861
tehran,20863
tehran,20864
tehran,20865
tehran,20866
tehran,20867
tehran,20869
tehran,20870
tehran,20872
tehran,20873
tehran,20874
tehran,20877
tehran,20880
tehran,20881
tehran,20884
tehran,20885
tehran,20887
tehran,20889
tehran,20892
tehran,20893
tehran,20894
tehran,20897
tehran,20898
tehran,20899
tehran,20901
tehran,20902
tehran,20904
tehran,20907
tehran,20908
tehran,20912
tehran,20913
tehran,20914
tehran,20915
tehran,20918
tehran,20919
tehran,20923
tehran,20924
tehran,20926
tehran,20928
tehran,20929
tehran,20930
tehran,20932
tehran,20934
tehran,20936
tehran,20939
tehran,20940
tehran,20942
tehran,20945
tehran,20947
tehran,20949
tehran,20951
tehran,20952
tehran,20953
tehran,20955
tehran,20956
tehran,20957
tehran,20958
tehran,20959
tehran,20960
tehran,20961
tehran,20963
tehran,20965
tehran,20966
tehran,20969
tehran,20970
tehran,20971
tehran,20972
tehran,20973
tehran,20974
tehran,20975
tehran,20976
tehran,20977
tehran,20979
tehran,20980
tehran,20982
tehran,20985
tehran,20986
tehran,20988
tehran,20989
tehran,20990
tehran,20991
tehran,20993
tehran,20994
tehran,20995
tehran,20996
tehran,20997
tehran,20998
tehran,21000
tehran,21001
tehran,21003
tehran,21004
tehran,21006
tehran,21007
tehran,21009
tehran,21010
tehran,21012
tehran,21014
tehran,21015
tehran,21016
tehran,21017
tehran,21018
tehran,21020
tehran,21021
tehran,21022
tehran,21023
tehran,21024
tehran,21026
tehran,21027
tehran,21028
tehran,21030
tehran,21031
tehran,21032
tehran,21033
tehran,21034
tehran,21035
tehran,21038
tehran,21039
tehran,21040
tehran,21042
tehran,21043
tehran,21044
tehran,21046
tehran,21047
tehran,21049
tehran,21050
tehran,21051
tehran,21052
tehran,21054
tehran,21055
tehran,21056
tehran,21058
tehran,21060
tehran,21061
tehran,21062
tehran,21064
tehran,21065
tehran,21066
tehran,21067
tehran,21068
tehran,21069
tehran,21070
tehran,21071
tehran,21072
tehran,21073
tehran,21074
tehran,21076
tehran,21077
tehran,21079
tehran,21080
tehran,21082
tehran,21083
tehran,21084
tehran,21087
tehran,21088
tehran,21089
tehran,21090
tehran,21092
tehran,21094
tehran,21095
tehran,21097
tehran,21098
tehran,21099
tehran,21101
tehran,21102
tehran,21103
tehran,21104
tehran,21105
tehran,21106
tehran,21108
tehran,21109
tehran,21110
tehran,21111
tehran,21113
tehran,21115
tehran,21117
tehran,21119
tehran,21120
tehran,21122
tehran,21123
tehran,21124
tehran,21125
tehran,21126
tehran,21127
tehran,21128
tehran,21130
tehran,21131
tehran,21132
tehran,21133
tehran,21134
tehran,21135
tehran,21136
tehran,21137
tehran,21138
tehran,21139
tehran,21140
tehran,21141
tehran,21142
tehran,21143
tehran,21144
tehran,21146
tehran,21148
tehran,21149
tehran,21150
tehran,21151
tehran,21152
tehran,21153
tehran,21155
tehran,21156
tehran,21157
tehran,21158
tehran,21160
tehran,21161
tehran,21162
tehran,21163
tehran,21164
tehran,21166
tehran,21167
tehran,21168
tehran,21171
tehran,21172
tehran,21176
tehran,21177
tehran,21178
tehran,21179
tehran,21181
tehran,21182
tehran,21183
tehran,21185
tehran,21186
tehran,21191
tehran,21193
tehran,21195
tehran,21197
tehran,21198
tehran,21200
tehran,21201
tehran,21202
tehran,21204
tehran,21206
tehran,21207
tehran,21208
tehran,21209
tehran,21211
tehran,21215
tehran,21216
tehran,21217
tehran,21218
tehran,21219
tehran,21220
tehran,21222
tehran,21223
tehran,21224
tehran,21225
tehran,21227
tehran,21228
tehran,21229
tehran,21230
tehran,21231
tehran,21232
tehran,21233
tehran,21235
tehran,21236
tehran,21237
tehran,21238
tehran,21239
tehran,21242
tehran,21243
tehran,21244
tehran,21245
tehran,21246
tehran,21248
tehran,21250
tehran,21251
tehran,21252
tehran,21253
tehran,21256
tehran,21257
tehran,21258
tehran,21260
tehran,21262
tehran,21264
tehran,21265
tehran,21266
tehran,21267
tehran,21268
tehran,21269
tehran,21271
tehran,21272
tehran,21273
tehran,21274
tehran,21275
tehran,21276
tehran,21277
tehran,21279
tehran,21280
tehran,21281
tehran,21282
tehran,21283
tehran,21284
tehran,21286
tehran,21287
tehran,21288
tehran,21289
tehran,21290
tehran,21291
tehran,21292
tehran,21293
tehran,21295
tehran,21296
tehran,21297
tehran,21298
tehran,21299
tehran,21300
tehran,21301
tehran,21302
tehran,21304
tehran,21305
tehran,21307
tehran,21308
tehran,21467
tehran,21468
tehran,21469
tehran,21471
tehran,21472
tehran,21473
tehran,21474
tehran,21475
tehran,21476
tehran,21477
tehran,21478
tehran,21479
tehran,21481
tehran,21482
tehran,21483
tehran,21484
tehran,21486
tehran,21488
tehran,21490
tehran,21491
tehran,21492
tehran,21493
tehran,21495
tehran,21496
tehran,21497
tehran,21498
tehran,21499
tehran,21500
tehran,21501
tehran,21502
tehran,21503
tehran,21504
tehran,21505
tehran,21506
tehran,21507
tehran,21508
tehran,21510
tehran,21511
tehran,21512
tehran,21513
tehran,21514
tehran,21515
tehran,21516
tehran,21517
tehran,21518
tehran,21519
tehran,21521
tehran,21523
tehran,21525
tehran,21526
tehran,21527
tehran,21528
tehran,21529
tehran,21530
tehran,21531
tehran,21532
tehran,21533
tehran,21534
tehran,21535
tehran,21536
tehran,21537
tehran,21538
tehran,21539
tehran,21540
tehran,21541
tehran,21542
tehran,21543
tehran,21544
tehran,21546
tehran,21547
tehran,21548
tehran,21549
tehran,21550
tehran,21551
tehran,21552
tehran,21553
tehran,21554
tehran,21557
tehran,21558
tehran,21559
tehran,21560
tehran,21561
tehran,21562
tehran,21563
tehran,21564
tehran,21565
tehran,21566
tehran,21567
tehran,21568
tehran,21569
tehran,21572
tehran,21573
tehran,21574
tehran,21575
tehran,21578
tehran,21579
tehran,21580
tehran,21598
tehran,21599
tehran,21600
tehran,21601
tehran,21602
tehran,21603
tehran,21604
tehran,21607
tehran,21610
tehran,21612
tehran,21613
tehran,21614
tehran,21615
tehran,21616
tehran,21617
tehran,21619
tehran,21620
tehran,21621
tehran,21622
tehran,21623
tehran,21625
tehran,21626
tehran,21627
tehran,21628
tehran,21630
tehran,21631
tehran,21632
tehran,21635
tehran,21636
tehran,21637
tehran,21638
tehran,21639
tehran,21640
tehran,21641
tehran,21642
tehran,21643
tehran,21644
tehran,21645
tehran,21647
tehran,21649
tehran,21650
tehran,21652
tehran,21653
tehran,21654
tehran,21655
tehran,21658
tehran,21661
tehran,21663
tehran,21665
tehran,21666
tehran,21669
tehran,21670
tehran,21672
tehran,21673
tehran,21676
tehran,21677
tehran,21678
tehran,21679
tehran,21680
tehran,21681
tehran,21682
tehran,21684
tehran,21685
tehran,21686
tehran,21688
tehran,21690
tehran,21691
tehran,21692
tehran,21693
tehran,21694
tehran,21698
tehran,21699
tehran,21702
tehran,21703
tehran,21705
tehran,21706
tehran,21708
tehran,21710
tehran,21711
tehran,21714
tehran,21715
tehran,21716
tehran,21717
tehran,21719
tehran,21722
tehran,21724
tehran,21725
tehran,21728
tehran,21729
tehran,21730
tehran,21731
tehran,21732
tehran,21733
tehran,21735
tehran,21736
tehran,21737
tehran,21738
tehran,21740
tehran,21741
tehran,21742
tehran,21743
tehran,21744
tehran,21745
tehran,21746
tehran,21748
tehran,21749
tehran,21751
tehran,21753
tehran,21754
tehran,21755
tehran,21756
tehran,21757
tehran,21758
tehran,21759
tehran,21761
tehran,21762
tehran,21765
tehran,21769
tehran,21771
tehran,21772
tehran,21775
tehran,21776
tehran,21777
tehran,21778
tehran,21781
tehran,21782
tehran,21783
tehran,21784
tehran,21785
tehran,21787
tehran,21789
tehran,21791
tehran,21792
tehran,21795
tehran,21796
tehran,21798
tehran,21802
tehran,21803
tehran,21806
tehran,21807
tehran,21808
tehran,21809
tehran,21810
tehran,21812
tehran,21815
tehran,21816
tehran,21820
tehran,21821
tehran,21822
tehran,21823
tehran,21825
tehran,21826
tehran,21828
tehran,21830
tehran,21831
tehran,21832
tehran,21833
tehran,21836
tehran,21839
tehran,21841
tehran,21843
tehran,21846
tehran,21848
tehran,21849
tehran,21850
tehran,21851
tehran,21855
tehran,21857
tehran,21860
tehran,21862
tehran,21865
tehran,21866
tehran,21870
tehran,21872
tehran,21873
tehran,21875
tehran,21876
tehran,21878
tehran,21881
tehran,21883
tehran,21885
tehran,21888
tehran,21889
tehran,21892
tehran,21893
tehran,21894
tehran,21895
tehran,21896
tehran,21897
tehran,21898
tehran,21901
tehran,21903
tehran,21904
tehran,21905
tehran,21906
tehran,21908
tehran,21910
tehran,21911
tehran,21912
tehran,21913
tehran,21916
tehran,21919
tehran,21921
tehran,21922
tehran,21924
tehran,21925
tehran,21926
tehran,21927
tehran,21928
tehran,21929
tehran,21931
tehran,21932
tehran,21933
tehran,21935
tehran,21937
tehran,21938
tehran,21940
tehran,21941
tehran,21944
tehran,21946
tehran,21949
tehran,21951
tehran,21952
tehran,21955
tehran,21956
tehran,21958
tehran,21962
tehran,21964
tehran,21965
tehran,21966
tehran,21967
tehran,21970
tehran,21971
tehran,21972
tehran,21973
tehran,21974
tehran,21976
tehran,21978
tehran,21979
tehran,21980
tehran,21982
tehran,21984
tehran,21985
tehran,21988
tehran,21989
tehran,21991
tehran,21992
tehran,21993
tehran,21995
tehran,21997
tehran,21998
tehran,21999
tehran,22000
tehran,22001
tehran,22002
tehran,22004
tehran,22005
tehran,22007
tehran,22008
tehran,22009
tehran,22010
tehran,22014
tehran,22015
tehran,22017
tehran,22018
tehran,22019
tehran,22020
tehran,22021
tehran,22022
tehran,22023
tehran,22024
tehran,22025
tehran,22026
tehran,22028
tehran,22029
tehran,22030
tehran,22031
tehran,22032
tehran,22033
tehran,22037
tehran,22038
tehran,22040
tehran,22043
tehran,22044
tehran,22045
tehran,22046
tehran,22048
tehran,22049
tehran,22050
tehran,22051
tehran,22052
tehran,22054
tehran,22055
tehran,22057
tehran,22058
tehran,22059
tehran,22060
tehran,22061
tehran,22062
tehran,22064
tehran,22065
tehran,22068
tehran,22069
tehran,22070
tehran,22071
tehran,22072
tehran,22075
tehran,22077
tehran,22078
tehran,22079
tehran,22082
tehran,22083
tehran,22084
tehran,22085
tehran,22086
tehran,22088
tehran,22090
tehran,22091
tehran,22092
tehran,22093
tehran,22095
tehran,22097
tehran,22098
tehran,22099
tehran,22100
tehran,22101
tehran,22102
tehran,22104
tehran,22106
tehran,22107
tehran,22108
tehran,22109
tehran,22110
tehran,22112
tehran,22114
tehran,22115
tehran,22117
tehran,22118
tehran,22119
tehran,22120
tehran,22121
tehran,22122
tehran,22123
tehran,22124
tehran,22125
tehran,22126
tehran,22127
tehran,22128
tehran,22129
tehran,22130
tehran,22131
tehran,22133
tehran,22134
tehran,22136
tehran,22137
tehran,22138
tehran,22139
tehran,22140
tehran,22141
tehran,22142
tehran,22143
tehran,22144
tehran,22145
tehran,22146
tehran,22149
tehran,22150
tehran,22151
tehran,22153
tehran,22154
tehran,22155
tehran,22157
tehran,22164
tehran,22166
tehran,22169
tehran,22170
tehran,22171
tehran,22172
tehran,22174
tehran,22175
tehran,22176
tehran,22177
tehran,22180
tehran,22182
tehran,22183
tehran,22186
tehran,22188
tehran,22189
tehran,22190
tehran,22191
tehran,22193
tehran,22194
tehran,22195
tehran,22197
tehran,22198
tehran,22199
tehran,22200
tehran,22201
tehran,22202
tehran,22203
tehran,22204
tehran,22206
tehran,22207
tehran,22209
tehran,22211
tehran,22212
tehran,22214
tehran,22215
tehran,22217
tehran,22218
tehran,22219
tehran,22221
tehran,22224
tehran,22226
tehran,22227
tehran,22229
tehran,22230
tehran,22231
tehran,22232
tehran,22233
tehran,22234
tehran,22235
tehran,22236
tehran,22237
tehran,22238
tehran,22240
tehran,22241
tehran,22242
tehran,22243
tehran,22244
tehran,22245
tehran,22246
tehran,22248
tehran,22249
tehran,22251
tehran,22252
tehran,22253
tehran,22254
tehran,22255
tehran,22257
tehran,22259
tehran,22262
tehran,22263
tehran,22264
tehran,22265
tehran,22266
tehran,22269
tehran,22270
tehran,22272
tehran,22273
tehran,22275
tehran,22276
tehran,22277
tehran,22278
tehran,22281
tehran,22282
tehran,22283
tehran,22285
tehran,22286
tehran,22288
tehran,22291
tehran,22292
tehran,22293
tehran,22294
tehran,22295
tehran,22297
tehran,22299
tehran,22300
tehran,22302
tehran,22303
tehran,22305
tehran,22306
tehran,22307
tehran,22308
tehran,22309
tehran,22310
tehran,22312
tehran,22314
tehran,22315
tehran,22316
tehran,22317
tehran,22319
tehran,22320
tehran,22321
tehran,22322
tehran,22323
tehran,22324
tehran,22326
tehran,22327
tehran,22328
tehran,22329
tehran,22331
tehran,22332
tehran,22334
tehran,22336
tehran,22337
tehran,22338
tehran,22339
tehran,22340
tehran,22341
tehran,22342
tehran,22343
tehran,22344
tehran,22345
tehran,22346
tehran,22349
tehran,22350
tehran,22352
tehran,22353
tehran,22354
tehran,22355
tehran,22356
tehran,22357
tehran,22359
tehran,22361
tehran,22362
tehran,22363
tehran,22364
tehran,22365
tehran,22366
tehran,22368
tehran,22370
tehran,22371
tehran,22372
tehran,22374
tehran,22375
tehran,22376
tehran,22377
tehran,22378
tehran,22379
tehran,22381
tehran,22384
tehran,22387
tehran,22388
tehran,22390
tehran,22391
tehran,22392
tehran,22393
tehran,22394
tehran,22395
tehran,22396
tehran,22400
tehran,22403
tehran,22405
tehran,22408
tehran,22410
tehran,22411
tehran,22412
tehran,22416
tehran,22417
tehran,22420
tehran,22421
tehran,22422
tehran,22423
tehran,22424
tehran,22425
tehran,22426
tehran,22427
tehran,22428
tehran,22429
tehran,22430
tehran,22431
tehran,22432
tehran,22434
tehran,22435
tehran,22436
tehran,22437
tehran,22438
tehran,22440
tehran,22442
tehran,22443
tehran,22444
tehran,22445
tehran,22446
tehran,22448
tehran,22449
tehran,22450
tehran,22451
tehran,22452
tehran,22453
tehran,22454
tehran,22455
tehran,22457
tehran,22464
tehran,22465
tehran,22466
tehran,22467
tehran,22468
tehran,22469
tehran,22471
tehran,22473
tehran,22474
tehran,22476
tehran,22477
tehran,22478
tehran,22479
tehran,22480
tehran,22481
tehran,22482
tehran,22483
tehran,22484
tehran,22485
tehran,22487
tehran,22488
tehran,22489
tehran,22491
tehran,22492
tehran,22493
tehran,22495
tehran,22496
tehran,22497
tehran,22498
tehran,22500
tehran,22501
tehran,22502
tehran,22503
tehran,22505
tehran,22506
tehran,22507
tehran,22509
tehran,22510
tehran,22511
tehran,22512
tehran,22513
tehran,22514
tehran,22517
tehran,22519
tehran,22520
tehran,22521
tehran,22522
tehran,22523
tehran,22524
tehran,22525
tehran,22528
tehran,22529
tehran,22530
tehran,22531
tehran,22532
tehran,22533
tehran,22534
tehran,22535
tehran,22536
tehran,22537
tehran,22538
tehran,22539
tehran,22540
tehran,22541
tehran,22542
tehran,22543
tehran,22544
tehran,22545
tehran,22546
tehran,22548
tehran,22549
tehran,22550
tehran,22551
tehran,22552
tehran,22553
tehran,22554
tehran,22555
tehran,22556
tehran,22557
tehran,22558
tehran,22559
tehran,22560
tehran,22561
tehran,22562
tehran,22563
tehran,22564
tehran,22567
tehran,22568
tehran,22570
tehran,22571
tehran,22572
tehran,22573
tehran,22574
tehran,22575
tehran,22576
tehran,22577
tehran,22578
tehran,22579
tehran,22580
tehran,22581
tehran,22582
tehran,22583
tehran,22584
tehran,22585
tehran,22587
tehran,22588
tehran,22590
tehran,22591
tehran,22592
tehran,22593
tehran,22594
tehran,22595
tehran,22597
tehran,22598
tehran,22599
tehran,22601
tehran,22602
tehran,22603
tehran,22604
tehran,22606
tehran,22607
tehran,22608
tehran,22610
tehran,22611
tehran,22612
tehran,22615
tehran,22616
tehran,22617
tehran,22620
tehran,22622
tehran,22624
tehran,22625
tehran,22626
tehran,22628
tehran,22629
tehran,22631
tehran,22632
tehran,22633
tehran,22635
tehran,22637
tehran,22638
tehran,22641
tehran,22642
tehran,22643
tehran,22644
tehran,22645
tehran,22646
tehran,22647
tehran,22648
tehran,22649
tehran,22650
tehran,22651
tehran,22652
tehran,22654
tehran,22655
tehran,22656
tehran,22657
tehran,22658
tehran,22659
tehran,22661
tehran,22663
tehran,22664
tehran,22665
tehran,22666
tehran,22667
tehran,22668
tehran,22671
tehran,22672
tehran,22673
tehran,22674
tehran,22675
tehran,22676
tehran,22677
tehran,22679
tehran,22680
tehran,22681
tehran,22682
tehran,22684
tehran,22687
tehran,22688
tehran,22691
tehran,22692
tehran,22693
tehran,22694
tehran,22695
tehran,22697
tehran,22698
tehran,22699
tehran,22700
tehran,22701
tehran,22702
tehran,22703
tehran,22705
tehran,22706
tehran,22707
tehran,22708
tehran,22709
tehran,22710
tehran,22712
tehran,22713
tehran,22714
tehran,22715
tehran,22716
tehran,22718
tehran,22719
tehran,22721
tehran,22724
tehran,22725
tehran,22727
tehran,22728
tehran,22729
tehran,22730
tehran,22733
tehran,22734
tehran,22736
tehran,22738
tehran,22739
tehran,22742
tehran,22745
tehran,22746
tehran,22747
tehran,22748
tehran,22749
tehran,22750
tehran,22751
tehran,22752
tehran,22755
tehran,22756
tehran,22757
tehran,22758
tehran,22759
tehran,22760
tehran,22761
tehran,22762
tehran,22763
tehran,22766
tehran,22767
tehran,22769
tehran,22770
tehran,22771
tehran,22772
tehran,22773
tehran,22774
tehran,22775
tehran,22777
tehran,22778
tehran,22780
tehran,22781
tehran,22782
tehran,22783
tehran,22784
tehran,22785
tehran,22786
tehran,22788
tehran,22789
tehran,22794
tehran,22795
tehran,22796
tehran,22798
tehran,22799
tehran,22800
tehran,22801
tehran,22802
tehran,22803
tehran,22804
tehran,22805
tehran,22806
tehran,22808
tehran,22809
tehran,22810
tehran,22811
tehran,22814
tehran,22815
tehran,22816
tehran,22817
tehran,22818
tehran,22823
tehran,22824
tehran,22825
tehran,22829
tehran,22830
tehran,22832
tehran,22833
tehran,22834
tehran,22835
tehran,22837
tehran,22838
tehran,22840
tehran,22841
tehran,22843
tehran,22844
tehran,22845
tehran,22846
tehran,22847
tehran,22848
tehran,22849
tehran,22851
tehran,22852
tehran,22853
tehran,22854
tehran,22856
tehran,22860
tehran,22861
tehran,22863
tehran,22864
tehran,22865
tehran,22867
tehran,22868
tehran,22869
tehran,22870
tehran,22871
tehran,22873
tehran,22875
tehran,22876
tehran,22877
tehran,22878
tehran,22879
tehran,22880
tehran,22881
tehran,22882
tehran,22883
tehran,22884
tehran,22886
tehran,22888
tehran,22889
tehran,22890
tehran,22891
tehran,22892
tehran,22893
tehran,22894
tehran,22896
tehran,22898
tehran,22899
tehran,22900
tehran,22903
tehran,22904
tehran,22905
tehran,22906
tehran,22907
tehran,22909
tehran,22912
tehran,22913
tehran,22914
tehran,22916
tehran,22917
tehran,22920
tehran,22921
tehran,22922
tehran,22923
tehran,22924
tehran,22925
tehran,22926
tehran,22927
tehran,22929
tehran,22930
tehran,22931
tehran,22932
tehran,22933
tehran,22934
tehran,22936
tehran,22937
tehran,22938
tehran,22939
tehran,22940
tehran,22941
tehran,22942
tehran,22943
tehran,22944
tehran,22953
tehran,22955
tehran,22958
tehran,22959
tehran,22960
tehran,22961
tehran,22965
tehran,22967
tehran,22968
tehran,22969
tehran,22971
tehran,22973
tehran,22974
tehran,22975
tehran,22976
tehran,22977
tehran,22978
tehran,22979
tehran,22980
tehran,22981
tehran,22982
tehran,22983
tehran,22984
tehran,22985
tehran,22987
tehran,22989
tehran,22990
tehran,22992
tehran,22993
tehran,22995
tehran,22996
tehran,22998
tehran,22999
tehran,23000
tehran,23001
tehran,23003
tehran,23004
tehran,23006
tehran,23007
tehran,23009
tehran,23010
tehran,23011
tehran,23012
tehran,23013
tehran,23014
tehran,23015
tehran,23016
tehran,23017
tehran,23018
tehran,23021
tehran,23022
tehran,23023
tehran,23024
tehran,23025
tehran,23026
tehran,23027
tehran,23030
tehran,23032
tehran,23035
tehran,23037
tehran,23038
tehran,23039
tehran,23040
tehran,23043
tehran,23045
tehran,23047
tehran,23048
tehran,23049
tehran,23050
tehran,23053
tehran,23054
tehran,23056
tehran,23057
tehran,23059
tehran,23060
tehran,23061
tehran,23063
tehran,23064
tehran,23067
tehran,23071
tehran,23073
tehran,23075
tehran,23078
tehran,23079
tehran,23080
tehran,23081
tehran,23083
tehran,23084
tehran,23085
tehran,23086
tehran,23087
tehran,23088
tehran,23089
tehran,23090
tehran,23091
tehran,23092
tehran,23093
tehran,23094
tehran,23096
tehran,23097
tehran,23098
tehran,23102
tehran,23103
tehran,23104
tehran,23105
tehran,23106
tehran,23108
tehran,23109
tehran,23110
tehran,23111
tehran,23113
tehran,23114
tehran,23115
tehran,23117
tehran,23118
tehran,23119
tehran,23120
tehran,23121
tehran,23124
tehran,23126
tehran,23127
tehran,23130
tehran,23132
tehran,23135
tehran,23136
tehran,23137
tehran,23138
tehran,23140
tehran,23142
tehran,23145
tehran,23146
tehran,23147
tehran,23149
tehran,23152
tehran,23154
tehran,23155
tehran,23156
tehran,23157
tehran,23159
tehran,23161
tehran,23162
tehran,23163
tehran,23164
tehran,23165
tehran,23166
tehran,23167
tehran,23168
tehran,23169
tehran,23170
tehran,23171
tehran,23172
tehran,23175
tehran,23176
tehran,23178
tehran,23179
tehran,23181
tehran,23182
tehran,23183
tehran,23184
tehran,23185
tehran,23186
tehran,23188
tehran,23190
tehran,23191
tehran,23193
tehran,23194
tehran,23195
tehran,23197
tehran,23199
tehran,23200
tehran,23202
tehran,23203
tehran,23205
tehran,23206
tehran,23207
tehran,23208
tehran,23209
tehran,23210
tehran,23212
tehran,23213
tehran,23214
tehran,23215
tehran,23216
tehran,23217
tehran,23218
tehran,23221
tehran,23223
tehran,23224
tehran,23225
tehran,23227
tehran,23228
tehran,23229
tehran,23231
tehran,23232
tehran,23233
tehran,23234
tehran,23235
tehran,23236
tehran,23237
tehran,23238
tehran,23239
tehran,23241
tehran,23242
tehran,23243
tehran,23244
tehran,23246
tehran,23247
tehran,23249
tehran,23251
tehran,23253
tehran,23254
tehran,23256
tehran,23257
tehran,23258
tehran,23260
tehran,23261
tehran,23262
tehran,23263
tehran,23264
tehran,23265
tehran,23266
tehran,23267
tehran,23269
tehran,23270
tehran,23271
tehran,23273
tehran,23274
tehran,23275
tehran,23276
tehran,23277
tehran,23278
tehran,23279
tehran,23280
tehran,23282
tehran,23283
tehran,23285
tehran,23288
tehran,23289
tehran,23291
tehran,23292
tehran,23293
tehran,23295
tehran,23297
tehran,23298
tehran,23300
tehran,23301
tehran,23302
tehran,23303
tehran,23304
tehran,23307
tehran,23309
tehran,23311
tehran,23312
tehran,23313
tehran,23314
tehran,23315
tehran,23316
tehran,23319
tehran,23320
tehran,23322
tehran,23323
tehran,23324
tehran,23325
tehran,23326
tehran,23327
tehran,23328
tehran,23330
tehran,23331
tehran,23333
tehran,23335
tehran,23336
tehran,23337
tehran,23338
tehran,23341
tehran,23342
tehran,23346
tehran,23348
tehran,23350
tehran,23351
tehran,23353
tehran,23355
tehran,23356
tehran,23357
tehran,23358
tehran,23361
tehran,23363
tehran,23364
tehran,23365
tehran,23368
tehran,23369
tehran,23370
tehran,23372
tehran,23373
tehran,23374
tehran,23375
tehran,23378
tehran,23379
tehran,23380
tehran,23381
tehran,23382
tehran,23383
tehran,23384
tehran,23386
tehran,23387
tehran,23388
tehran,23390
tehran,23391
tehran,23392
tehran,23393
tehran,23395
tehran,23397
tehran,23398
tehran,23399
tehran,23400
tehran,23401
tehran,23402
tehran,23403
tehran,23404
tehran,23405
tehran,23406
tehran,23407
tehran,23409
tehran,23411
tehran,23435
tehran,23437
tehran,23440
tehran,23442
tehran,23444
tehran,23445
tehran,23447
tehran,23448
tehran,23449
tehran,23450
tehran,23451
tehran,23452
tehran,23453
tehran,23454
tehran,23455
tehran,23457
tehran,23458
tehran,23459
tehran,23460
tehran,23461
tehran,23462
tehran,23464
tehran,23465
tehran,23468
tehran,23469
tehran,23471
tehran,23475
tehran,23478
tehran,23479
tehran,23480
tehran,23481
tehran,23483
tehran,23485
tehran,23486
tehran,23487
tehran,23489
tehran,23491
tehran,23492
tehran,23494
tehran,23496
tehran,23497
tehran,23499
tehran,23500
tehran,23502
tehran,23504
tehran,23505
tehran,23510
tehran,23511
tehran,23512
tehran,23513
tehran,23515
tehran,23518
tehran,23519
tehran,23522
tehran,23523
tehran,23525
tehran,23529
tehran,23530
tehran,23532
tehran,23534
tehran,23536
tehran,23537
tehran,23540
tehran,23543
tehran,23545
tehran,23546
tehran,23548
tehran,23551
tehran,23553
tehran,23556
tehran,23557
tehran,23558
tehran,23562
tehran,23563
tehran,23564
tehran,23566
tehran,23567
tehran,23568
tehran,23570
tehran,23573
tehran,23574
tehran,23575
tehran,23577
tehran,23579
tehran,23582
tehran,23583
tehran,23584
tehran,23589
tehran,23590
tehran,23591
tehran,23593
tehran,23594
tehran,23597
tehran,23599
tehran,23600
tehran,23601
tehran,23603
tehran,23607
tehran,23608
tehran,23611
tehran,23612
tehran,23614
tehran,23616
tehran,23618
tehran,23620
tehran,23621
tehran,23625
tehran,23627
tehran,23628
tehran,23629
tehran,23630
tehran,23633
tehran,23635
tehran,23638
tehran,23639
tehran,23641
tehran,23642
tehran,23644
tehran,23646
tehran,23647
tehran,23650
tehran,23651
tehran,23652
tehran,23653
tehran,23654
tehran,23655
tehran,23656
tehran,23658
tehran,23659
tehran,23660
tehran,23662
tehran,23664
tehran,23666
tehran,23667
tehran,23670
tehran,23671
tehran,23672
tehran,23674
tehran,23677
tehran,23678
tehran,23680
tehran,23683
tehran,23686
tehran,23687
tehran,23688
tehran,23690
tehran,23692
tehran,23694
tehran,23696
tehran,23699
tehran,23700
tehran,23703
tehran,23705
tehran,23707
tehran,23710
tehran,23711
tehran,23712
tehran,23713
tehran,23715
tehran,23719
tehran,23720
tehran,23724
tehran,23727
tehran,23729
tehran,23731
tehran,23732
tehran,23736
tehran,23738
tehran,23740
tehran,23741
tehran,23746
tehran,23748
tehran,23749
tehran,23750
tehran,23753
tehran,23755
tehran,23756
tehran,23758
tehran,23760
tehran,23762
tehran,23763
tehran,23765
tehran,23766
tehran,23767
tehran,23769
tehran,23772
tehran,23774
tehran,23776
tehran,23778
tehran,23779
tehran,23781
tehran,23782
tehran,23783
tehran,23784
tehran,23785
tehran,23786
tehran,23787
tehran,23788
tehran,23789
tehran,23790
tehran,23792
tehran,23794
tehran,23796
tehran,23797
tehran,23798
tehran,23799
tehran,23801
tehran,23802
tehran,23804
tehran,23805
tehran,23806
tehran,23809
tehran,23810
tehran,23811
tehran,23812
tehran,23813
tehran,23815
tehran,23817
tehran,23818
tehran,23821
tehran,23822
tehran,23823
tehran,23825
tehran,23829
tehran,23830
tehran,23831
tehran,23833
tehran,23835
tehran,23838
tehran,23839
tehran,23840
tehran,23842
tehran,23843
tehran,23844
tehran,23847
tehran,23849
tehran,23850
tehran,23851
tehran,23853
tehran,23855
tehran,23857
tehran,23859
tehran,23860
tehran,23861
tehran,23864
tehran,23865
tehran,23867
tehran,23869
tehran,23871
tehran,23873
tehran,23874
tehran,23875
tehran,23876
tehran,23877
tehran,23880
tehran,23882
tehran,23884
tehran,23885
tehran,23886
tehran,23888
tehran,23889
tehran,23890
tehran,23892
tehran,23893
tehran,23894
tehran,23895
tehran,23896
tehran,23897
tehran,23898
tehran,23899
tehran,23901
tehran,23903
tehran,23904
tehran,23906
tehran,23908
tehran,23912
tehran,23913
tehran,23915
tehran,23916
tehran,23918
tehran,23919
tehran,23920
tehran,23922
tehran,23924
tehran,23926
tehran,23927
tehran,23928
tehran,23929
tehran,23930
tehran,23932
tehran,23934
tehran,23935
tehran,23936
tehran,23937
tehran,23939
tehran,23941
tehran,23942
tehran,23944
tehran,23945
tehran,23946
tehran,23948
tehran,23951
tehran,23952
tehran,23953
tehran,23955
tehran,23956
tehran,23959
tehran,23961
tehran,23962
tehran,23963
tehran,23965
tehran,23967
tehran,23970
tehran,23972
tehran,23973
tehran,23975
tehran,23976
tehran,23978
tehran,23981
tehran,23982
tehran,23983
tehran,23984
tehran,23986
tehran,23987
tehran,23989
tehran,23990
tehran,23992
tehran,23994
tehran,23995
tehran,23999
tehran,24000
tehran,24001
tehran,24002
tehran,24004
tehran,24006
tehran,24009
tehran,24011
tehran,24014
tehran,24015
tehran,24016
tehran,24017
tehran,24018
tehran,24020
tehran,24021
tehran,24023
tehran,24024
tehran,24025
tehran,24026
tehran,24027
tehran,24029
tehran,24032
tehran,24034
tehran,24035
tehran,24037
tehran,24038
tehran,24039
tehran,24040
tehran,24042
tehran,24043
tehran,24045
tehran,24049
tehran,24050
tehran,24051
tehran,24054
tehran,24055
tehran,24056
tehran,24058
tehran,24059
tehran,24061
tehran,24062
tehran,24063
tehran,24065
tehran,24069
tehran,24073
tehran,24076
tehran,24080
tehran,24082
tehran,24085
tehran,24087
tehran,24091
tehran,24093
tehran,24094
tehran,24095
tehran,24096
tehran,24098
tehran,24099
tehran,24100
tehran,24102
tehran,24103
tehran,24104
tehran,24106
tehran,24108
tehran,24110
tehran,24112
tehran,24115
tehran,24116
tehran,24118
tehran,24121
tehran,24124
tehran,24125
tehran,24126
tehran,24128
tehran,24129
tehran,24130
tehran,24132
tehran,24133
tehran,24134
tehran,24135
tehran,24136
tehran,24137
tehran,24138
tehran,24139
tehran,24140
tehran,24141
tehran,24142
tehran,24144
tehran,24145
tehran,24146
tehran,24149
tehran,24150
tehran,24152
tehran,24154
tehran,24160
tehran,24161
tehran,24162
tehran,24163
tehran,24165
tehran,24167
tehran,24168
tehran,24169
tehran,24172
tehran,24174
tehran,24177
tehran,24178
tehran,24179
tehran,24180
tehran,24181
tehran,24184
tehran,24186
tehran,24187
tehran,24188
tehran,24189
tehran,24190
tehran,24191
tehran,24195
tehran,24197
tehran,24199
tehran,24201
tehran,24204
tehran,24206
tehran,24208
tehran,24209
tehran,24210
tehran,24211
tehran,24212
tehran,24214
tehran,24215
tehran,24217
tehran,24218
tehran,24220
tehran,24221
tehran,24222
tehran,24223
tehran,24224
tehran,24225
tehran,24227
tehran,24228
tehran,24231
tehran,24232
tehran,24234
tehran,24239
tehran,24241
tehran,24249
tehran,24252
tehran,24253
tehran,24255
tehran,24257
tehran,24262
tehran,24263
tehran,24266
tehran,24268
tehran,24269
tehran,24272
tehran,24276
tehran,24279
tehran,24282
tehran,24285
tehran,24288
tehran,24290
tehran,24291
tehran,24297
tehran,24300
tehran,24304
tehran,24307
tehran,24311
tehran,24318
tehran,24320
tehran,24321
tehran,24324
tehran,24331
tehran,24332
tehran,24335
tehran,24337
tehran,24341
tehran,24342
tehran,24343
tehran,24346
tehran,24351
tehran,24353
tehran,24357
tehran,24358
tehran,24361
tehran,24362
tehran,24363
tehran,24364
tehran,24367
tehran,24373
tehran,24375
tehran,24380
tehran,24382
tehran,24386
tehran,24388
tehran,24390
tehran,24394
tehran,24397
tehran,24399
tehran,24400
tehran,24401
tehran,24402
tehran,24406
tehran,24413
tehran,24414
tehran,24415
tehran,24416
tehran,24418
tehran,24419
tehran,24423
tehran,24425
tehran,24427
tehran,24428
tehran,24430
tehran,24433
tehran,24434
tehran,24438
tehran,24441
tehran,24447
tehran,24449
tehran,24450
tehran,24452
tehran,24453
tehran,24454
tehran,24455
tehran,24457
tehran,24461
tehran,24462
tehran,24463
tehran,24464
tehran,24466
tehran,24469
tehran,24470
tehran,24473
tehran,24477
tehran,24481
tehran,24482
tehran,24486
tehran,24488
tehran,24490
tehran,24491
tehran,24494
tehran,24496
tehran,24501
tehran,24503
tehran,24504
tehran,24510
tehran,24511
tehran,24517
tehran,24521
tehran,24522
tehran,24527
tehran,24531
tehran,24532
tehran,24535
tehran,24537
tehran,24539
tehran,24543
tehran,24545
tehran,24549
tehran,24554
tehran,24557
tehran,24560
tehran,24566
tehran,24567
tehran,24570
tehran,24572
tehran,24574
tehran,24575
tehran,24578
tehran,24579
tehran,24580
tehran,24584
tehran,24587
tehran,24589
tehran,24591
tehran,24592
tehran,24598
tehran,24600
tehran,24604
tehran,24609
tehran,24611
tehran,24613
tehran,24615
tehran,24618
tehran,24624
tehran,24629
tehran,24633
tehran,24639
tehran,24644
tehran,24651
tehran,24654
tehran,24658
tehran,24659
tehran,24662
tehran,24666
tehran,24675
tehran,24681
tehran,24686
tehran,24687
tehran,24690
tehran,24693
tehran,24702
tehran,24706
tehran,24710
tehran,24711
tehran,24713
tehran,24714
tehran,24716
tehran,24721
tehran,24723
tehran,24726
tehran,24731
tehran,24738
tehran,24739
tehran,24740
tehran,24743
tehran,24747
tehran,24749
tehran,24752
tehran,24754
tehran,24760
tehran,24763
tehran,24769
tehran,24773
tehran,24776
tehran,24778
tehran,24781
tehran,24788
tehran,24792
tehran,24793
tehran,24797
tehran,24800
tehran,24802
tehran,24806
tehran,24808
tehran,24809
tehran,24814
tehran,24818
tehran,24819
tehran,24820
tehran,24826
tehran,24833
tehran,24835
tehran,24837
tehran,24842
tehran,24843
tehran,24846
tehran,24847
tehran,24850
tehran,24854
tehran,24855
tehran,24860
tehran,24862
tehran,24865
tehran,24868
tehran,24870
tehran,24872
tehran,24873
tehran,24877
tehran,24878
tehran,24879
tehran,24882
tehran,24888
tehran,24891
tehran,24896
tehran,24898
tehran,24901
tehran,24903
tehran,24905
tehran,24906
tehran,24909
tehran,24910
tehran,24912
tehran,24914
tehran,24917
tehran,24922
tehran,24926
tehran,24928
tehran,24930
tehran,24934
tehran,24936
tehran,24939
tehran,24942
tehran,24945
tehran,24947
tehran,24949
tehran,24951
tehran,24953
tehran,24954
tehran,24955
tehran,24956
tehran,24958
tehran,24962
tehran,24965
tehran,24966
tehran,24970
tehran,24973
tehran,24977
tehran,24978
tehran,24981
tehran,24984
tehran,24986
tehran,24994
tehran,24997
tehran,25002
tehran,25004
tehran,25011
tehran,25015
tehran,25017
tehran,25021
tehran,25023
tehran,25031
tehran,25032
tehran,25052
tehran,25053
tehran,25059
tehran,25062
tehran,25064
tehran,25065
tehran,25067
tehran,25068
tehran,25069
tehran,25073
tehran,25076
tehran,25081
tehran,25084
tehran,25088
tehran,25094
tehran,25097
tehran,25101
tehran,25104
tehran,25108
tehran,25109
tehran,25113
tehran,25117
tehran,25121
tehran,25123
tehran,25127
tehran,25128
tehran,25129
tehran,25131
tehran,25132
tehran,25135
tehran,25140
tehran,25143
tehran,25144
tehran,25146
tehran,25147
tehran,25152
tehran,25155
tehran,25157
tehran,25158
tehran,25161
tehran,25165
tehran,25169
tehran,25171
tehran,25174
tehran,25176
tehran,25179
tehran,25180
tehran,25183
tehran,25184
tehran,25186
tehran,25187
tehran,25189
tehran,25194
tehran,25199
tehran,25201
tehran,25205
tehran,25208
tehran,25209
tehran,25213
tehran,25215
tehran,25218
tehran,25221
tehran,25224
tehran,25226
tehran,25228
tehran,25232
tehran,25238
tehran,25244
tehran,25245
tehran,25247
tehran,25250
tehran,25257
tehran,25260
tehran,25263
tehran,25266
tehran,25272
tehran,25273
tehran,25281
tehran,25283
tehran,25286
tehran,25292
tehran,25303
tehran,25309
tehran,25323
tehran,25326
tehran,25335
tehran,25341
tehran,25343
tehran,25349
tehran,25352
tehran,25358
tehran,25365
tehran,25373
tehran,25386
tehran,25395
tehran,25400
tehran,25406
tehran,25408
tehran,25410
tehran,25412
tehran,25414
tehran,25425
tehran,25427
tehran,25433
tehran,25439
tehran,25440
tehran,25449
tehran,25455
tehran,25456
tehran,25457
tehran,25461
tehran,25462
tehran,25465
tehran,25466
tehran,25471
tehran,25475
tehran,25476
tehran,25477
tehran,25482
tehran,25485
tehran,25488
tehran,25494
tehran,25499
tehran,25506
tehran,25512
tehran,25515
tehran,25522
tehran,25527
tehran,25533
tehran,25538
tehran,25539
tehran,25542
tehran,25543
tehran,25544
tehran,25545
tehran,25549
tehran,25556
tehran,25562
tehran,25569
tehran,25572
tehran,25574
tehran,25576
tehran,25577
tehran,25581
tehran,25582
tehran,25586
tehran,25596
tehran,25599
tehran,25604
tehran,25605
tehran,25611
tehran,25616
tehran,25622
tehran,25628
tehran,25632
tehran,25633
tehran,25640
tehran,25643
tehran,25646
tehran,25648
tehran,25660
tehran,25676
tehran,25716
tehran,25811
tehran,25816
tehran,25829
tehran,25832
tehran,25834
tehran,25841
tehran,25846
tehran,25850
tehran,25859
tehran,25863
tehran,25864
tehran,25867
tehran,25870
tehran,25871
tehran,25875
tehran,25877
tehran,25880
tehran,25882
tehran,25884
tehran,25888
tehran,25889
tehran,25893
tehran,25895
tehran,25904
tehran,25909
tehran,25913
tehran,25917
tehran,25921
tehran,25922
tehran,25928
tehran,25931
tehran,25938
tehran,25939
tehran,25941
tehran,25945
tehran,25947
tehran,25951
tehran,25952
tehran,25955
tehran,25958
tehran,25961
tehran,25963
tehran,25967
tehran,25969
tehran,25977
tehran,25979
tehran,25984
tehran,25987
tehran,25988
tehran,25990
tehran,25993
tehran,25996
tehran,25997
tehran,26001
tehran,26006
tehran,26009
tehran,26012
tehran,26016
tehran,26018
tehran,26022
tehran,26024
tehran,26029
tehran,26031
tehran,26034
tehran,26036
tehran,26039
tehran,26041
tehran,26044
tehran,26046
tehran,26049
tehran,26052
tehran,26054
tehran,26055
tehran,26062
tehran,26064
tehran,26068
tehran,26072
tehran,26074
tehran,26077
tehran,26078
tehran,26080
tehran,26085
tehran,26087
tehran,26088
tehran,26089
tehran,26091
tehran,26092
tehran,26093
tehran,26094
tehran,26096
tehran,26098
tehran,26099
tehran,26103
tehran,26106
tehran,26110
tehran,26112
tehran,26113
tehran,26120
tehran,26121
tehran,26123
tehran,26125
tehran,26126
tehran,26127
tehran,26129
tehran,26134
tehran,26136
tehran,26140
tehran,26141
tehran,26143
tehran,26145
tehran,26147
tehran,26149
tehran,26153
tehran,26155
tehran,26157
tehran,26160
tehran,26163
tehran,26165
tehran,26167
tehran,26171
tehran,26173
tehran,26176
tehran,26179
tehran,26180
tehran,26185
tehran,26251
tehran,26252
tehran,26254
tehran,26257
tehran,26259
tehran,26260
tehran,26261
tehran,26265
tehran,26267
tehran,26270
tehran,26271
tehran,26273
tehran,26274
tehran,26275
tehran,26276
tehran,26277
tehran,26278
tehran,26279
tehran,26280
tehran,26283
tehran,26285
tehran,26289
tehran,26290
tehran,26293
tehran,26297
tehran,26299
tehran,26301
tehran,26305
tehran,26307
tehran,26308
tehran,26311
tehran,26319
tehran,26326
tehran,26330
tehran,26332
tehran,26342
tehran,26344
tehran,26347
tehran,26350
tehran,26357
tehran,26359
tehran,26362
tehran,26366
tehran,26371
tehran,26376
tehran,26377
tehran,26379
tehran,26382
tehran,26383
tehran,26388
tehran,26394
tehran,26398
tehran,26401
tehran,26402
tehran,26404
tehran,26409
tehran,26410
tehran,26416
tehran,26423
tehran,26424
tehran,26425
tehran,26428
tehran,26432
tehran,26434
tehran,26435
tehran,26439
tehran,26444
tehran,26446
tehran,26452
tehran,26453
tehran,26457
tehran,26459
tehran,26460
tehran,26463
tehran,26464
tehran,26466
tehran,26468
tehran,26473
tehran,26477
tehran,26480
tehran,26482
tehran,26486
tehran,26489
tehran,26491
tehran,26494
tehran,26497
tehran,26499
tehran,26503
tehran,26505
tehran,26506
tehran,26507
tehran,26516
tehran,26519
tehran,26525
tehran,26526
tehran,26527
tehran,26528
tehran,26533
tehran,26536
tehran,26540
tehran,26541
tehran,26543
tehran,26549
tehran,26556
tehran,26557
tehran,26558
tehran,26561
tehran,26563
tehran,26567
tehran,26570
tehran,26574
tehran,26575
tehran,26579
tehran,26584
tehran,26589
tehran,26593
tehran,26605
tehran,26606
tehran,26608
tehran,26609
tehran,26611
tehran,26615
tehran,26617
tehran,26623
tehran,26628
tehran,26630
tehran,26639
tehran,26642
tehran,26648
tehran,26650
tehran,26655
tehran,26687
tehran,26689
tehran,26691
tehran,26692
tehran,26696
tehran,26699
tehran,26700
tehran,26701
tehran,26704
tehran,26705
tehran,26707
tehran,26710
tehran,26715
tehran,26717
tehran,26720
tehran,26721
tehran,26725
tehran,26727
tehran,26728
tehran,26730
tehran,26731
tehran,26733
tehran,26736
tehran,26741
tehran,26748
tehran,26750
tehran,26753
tehran,26756
tehran,26757
tehran,26759
tehran,26761
tehran,26768
tehran,26769
tehran,26773
tehran,26774
tehran,26782
tehran,26783
tehran,26787
tehran,26791
tehran,26793
tehran,26798
tehran,26809
tehran,26813
tehran,26847
tehran,26853
tehran,26854
tehran,26857
tehran,26911
tehran,26912
tehran,26918
tehran,26919
tehran,26921
tehran,26924
tehran,26926
tehran,26928
tehran,26931
tehran,26932
tehran,26934
tehran,26935
tehran,26938
tehran,26940
tehran,26941
tehran,26942
tehran,26944
tehran,26946
tehran,26949
tehran,26950
tehran,26954
tehran,26956
tehran,26957
tehran,26958
tehran,26962
tehran,26966
tehran,26969
tehran,26970
tehran,26972
tehran,26977
tehran,26981
tehran,26983
tehran,26989
tehran,26991
tehran,26995
tehran,26997
tehran,26998
tehran,27000
tehran,27002
tehran,27006
tehran,27012
tehran,27019
tehran,27022
tehran,27026
tehran,27029
tehran,27032
tehran,27033
tehran,27034
tehran,27037
tehran,27038
tehran,27039
tehran,27042
tehran,27045
tehran,27050
tehran,27053
tehran,27055
tehran,27057
tehran,27060
tehran,27065
tehran,27069
tehran,27071
tehran,27073
tehran,27076
tehran,27080
tehran,27082
tehran,27086
tehran,27088
tehran,27089
tehran,27093
tehran,27097
tehran,27099
tehran,27100
tehran,27101
tehran,27105
tehran,27110
tehran,27112
tehran,27114
tehran,27116
tehran,27118
tehran,27122
tehran,27130
tehran,27131
tehran,27136
tehran,27140
tehran,27142
tehran,27143
tehran,27144
tehran,27145
tehran,27151
tehran,27157
tehran,27163
tehran,27170
tehran,27172
tehran,27175
tehran,27180
tehran,27182
tehran,27184
tehran,27186
tehran,27189
tehran,27190
tehran,27192
tehran,27197
tehran,27205
tehran,27208
tehran,27210
tehran,27213
tehran,27220
tehran,27224
tehran,27229
tehran,27231
tehran,27237
tehran,27238
tehran,27240
tehran,27241
tehran,27248
tehran,27253
tehran,27254
tehran,27257
tehran,27260
tehran,27263
tehran,27266
tehran,27272
tehran,27275
tehran,27279
tehran,27281
tehran,27283
tehran,27286
tehran,27291
tehran,27293
tehran,27294
tehran,27297
tehran,27308
tehran,27309
tehran,27312
tehran,27314
tehran,27319
tehran,27323
tehran,27326
tehran,27330
tehran,27337
tehran,27338
tehran,27339
tehran,27344
tehran,27346
tehran,27349
tehran,27350
tehran,27351
tehran,27352
tehran,27355
tehran,27357
tehran,27358
tehran,27360
tehran,27362
tehran,27365
tehran,27367
tehran,27369
tehran,27371
tehran,27372
tehran,27374
tehran,27379
tehran,27385
tehran,27392
tehran,27393
tehran,27396
tehran,27400
tehran,27404
tehran,27405
tehran,27406
tehran,27408
tehran,27409
tehran,27410
tehran,27415
tehran,27421
tehran,27423
tehran,27424
tehran,27428
tehran,27432
tehran,27435
tehran,27439
tehran,27440
tehran,27441
tehran,27442
tehran,27444
tehran,27445
tehran,27447
tehran,27449
tehran,27450
tehran,27453
tehran,27455
tehran,27456
tehran,27458
tehran,27459
tehran,27462
tehran,27469
tehran,27473
tehran,27479
tehran,27480
tehran,27484
tehran,27487
tehran,27491
tehran,27495
tehran,27496
tehran,27498
tehran,27501
tehran,27504
tehran,27505
tehran,27507
tehran,27513
tehran,27515
tehran,27518
tehran,27520
tehran,27521
tehran,27524
tehran,27525
tehran,27528
tehran,27529
tehran,27531
tehran,27533
tehran,27534
tehran,27539
tehran,27543
tehran,27545
tehran,27546
tehran,27549
tehran,27553
tehran,27557
tehran,27559
tehran,27561
tehran,27565
tehran,27566
tehran,27568
tehran,27573
tehran,27575
tehran,27579
tehran,27583
tehran,27585
tehran,27587
tehran,27589
tehran,27591
tehran,27592
tehran,27596
tehran,27598
tehran,27602
tehran,27606
tehran,27611
tehran,27613
tehran,27616
tehran,27617
tehran,27618
tehran,27625
tehran,27628
tehran,27629
tehran,27632
tehran,27635
tehran,27637
tehran,27642
tehran,27643
tehran,27650
tehran,27652
tehran,27653
tehran,27657
tehran,27659
tehran,27665
tehran,27666
tehran,27668
tehran,27673
tehran,27676
tehran,27678
tehran,27680
tehran,27683
tehran,27687
tehran,27690
tehran,27696
tehran,27699
tehran,27700
tehran,27704
tehran,27707
tehran,27709
tehran,27717
tehran,27721
tehran,27722
tehran,27725
tehran,27727
tehran,27731
tehran,27732
tehran,27738
tehran,27739
tehran,27741
tehran,27747
tehran,27751
tehran,27755
tehran,27757
tehran,27760
tehran,27762
tehran,27767
tehran,27771
tehran,27774
tehran,27775
tehran,27778
tehran,27779
tehran,27780
tehran,27781
tehran,27782
tehran,27789
tehran,27790
tehran,27796
tehran,27797
tehran,27801
tehran,27808
tehran,27809
tehran,27812
tehran,27817
tehran,27825
tehran,27826
tehran,27830
tehran,27838
tehran,27839
tehran,27840
tehran,27844
tehran,27845
tehran,27848
tehran,27849
tehran,27852
tehran,27853
tehran,27855
tehran,27856
tehran,27860
tehran,27862
tehran,27865
tehran,27867
tehran,27870
tehran,27873
tehran,27875
tehran,27876
tehran,27877
tehran,27882
tehran,27885
tehran,27887
tehran,27890
tehran,27894
tehran,27896
tehran,27898
tehran,27905
tehran,27913
tehran,27917
tehran,27920
tehran,27921
tehran,27925
tehran,27926
tehran,27929
tehran,27930
tehran,27933
tehran,27940
tehran,27943
tehran,27944
tehran,27947
tehran,27949
tehran,27951
tehran,27952
tehran,27955
tehran,27957
tehran,27962
tehran,27967
tehran,27972
tehran,27977
tehran,27978
tehran,27980
tehran,27984
tehran,27985
tehran,27988
tehran,27992
tehran,27995
tehran,27997
tehran,28000
tehran,28002
tehran,28008
tehran,28011
tehran,28016
tehran,28017
tehran,28018
tehran,28019
tehran,28022
tehran,28023
tehran,28024
tehran,28027
tehran,28028
tehran,28035
tehran,28036
tehran,28037
tehran,28040
tehran,28042
tehran,28046
tehran,28050
tehran,28054
tehran,28055
tehran,28058
tehran,28062
tehran,28064
tehran,28068
tehran,28072
tehran,28074
tehran,28076
tehran,28081
tehran,28083
tehran,28089
tehran,28091
tehran,28095
tehran,28098
tehran,28099
tehran,28102
tehran,28104
tehran,28108
tehran,28109
tehran,28111
tehran,28114
tehran,28119
tehran,28125
tehran,28129
tehran,28131
tehran,28133
tehran,28137
tehran,28139
tehran,28140
tehran,28143
tehran,28144
tehran,28145
tehran,28147
tehran,28148
tehran,28151
tehran,28154
tehran,28155
tehran,28158
tehran,28162
tehran,28164
tehran,28165
tehran,28168
tehran,28169
tehran,28174
tehran,28176
tehran,28180
tehran,28181
tehran,28182
tehran,28189
tehran,28190
tehran,28193
tehran,28194
tehran,28196
tehran,28197
tehran,28200
tehran,28201
tehran,28202
tehran,28206
tehran,28209
tehran,28211
tehran,28214
tehran,28217
tehran,28219
tehran,28220
tehran,28225
tehran,28230
tehran,28231
tehran,28236
tehran,28237
tehran,28241
tehran,28242
tehran,28247
tehran,28251
tehran,28252
tehran,28254
tehran,28257
tehran,28259
tehran,28262
tehran,28265
tehran,28266
tehran,28270
tehran,28272
tehran,28274
tehran,28276
tehran,28279
tehran,28282
tehran,28285
tehran,28286
tehran,28288
tehran,28291
tehran,28292
tehran,28293
tehran,28296
tehran,28298
tehran,28299
tehran,28302
tehran,28303
tehran,28304
tehran,28307
tehran,28308
tehran,28309
tehran,28311
tehran,28316
tehran,28318
tehran,28319
tehran,28321
tehran,28322
tehran,28323
tehran,28324
tehran,28326
tehran,28327
tehran,28328
tehran,28329
tehran,28333
tehran,28334
tehran,28338
tehran,28340
tehran,28341
tehran,28342
tehran,28345
tehran,28346
tehran,28347
tehran,28348
tehran,28350
tehran,28351
tehran,28353
tehran,28354
tehran,28355
tehran,28356
tehran,28360
tehran,28362
tehran,28366
tehran,28369
tehran,28370
tehran,28376
tehran,28380
tehran,28384
tehran,28387
tehran,28389
tehran,28391
tehran,28395
tehran,28398
tehran,28400
tehran,28403
tehran,28405
tehran,28408
tehran,28413
tehran,28414
tehran,28416
tehran,28419
tehran,28420
tehran,28424
tehran,28429
tehran,28432
tehran,28434
tehran,28437
tehran,28441
tehran,28443
tehran,28444
tehran,28446
tehran,28448
tehran,28449
tehran,28450
tehran,28451
tehran,28453
tehran,28455
tehran,28459
tehran,28461
tehran,28463
tehran,28465
tehran,28466
tehran,28467
tehran,28468
tehran,28473
tehran,28474
tehran,28476
tehran,28477
tehran,28479
tehran,28482
tehran,28484
tehran,28486
tehran,28490
tehran,28491
tehran,28494
tehran,28497
tehran,28501
tehran,28503
tehran,28507
tehran,28509
tehran,28514
tehran,28517
tehran,28521
tehran,28525
tehran,28529
tehran,28532
tehran,28534
tehran,28535
tehran,28541
tehran,28543
tehran,28548
tehran,28551
tehran,28558
tehran,28560
tehran,28562
tehran,28564
tehran,28568
tehran,28569
tehran,28573
tehran,28576
tehran,28578
tehran,28581
tehran,28582
tehran,28584
tehran,28586
tehran,28589
tehran,28592
tehran,28593
tehran,28594
tehran,28597
tehran,28601
tehran,28605
tehran,28608
tehran,28609
tehran,28610
tehran,28613
tehran,28615
tehran,28619
tehran,28620
tehran,28624
tehran,28627
tehran,28629
tehran,28631
tehran,28636
tehran,28638
tehran,28642
tehran,28648
tehran,28652
tehran,28653
tehran,28654
tehran,28657
tehran,28661
tehran,28664
tehran,28666
tehran,28672
tehran,28675
tehran,28677
tehran,28683
tehran,28684
tehran,28687
tehran,28689
tehran,28691
tehran,28692
tehran,28752
tehran,28799
tehran,28805
tehran,28811
tehran,28814
tehran,28817
tehran,28822
tehran,28825
tehran,28832
tehran,28835
tehran,28838
tehran,28843
tehran,28851
tehran,28854
tehran,28858
tehran,28859
tehran,28868
tehran,28871
tehran,28880
tehran,28881
tehran,28883
tehran,28888
tehran,28894
tehran,28896
tehran,28901
tehran,28903
tehran,28907
tehran,28910
tehran,28915
tehran,28917
tehran,28918
tehran,28921
tehran,28926
tehran,28928
tehran,28929
tehran,28930
tehran,28933
tehran,28935
tehran,28940
tehran,28941
tehran,28943
tehran,28947
tehran,28948
tehran,28950
tehran,28951
tehran,28959
tehran,28962
tehran,28964
tehran,28970
tehran,28973
tehran,28978
tehran,28984
tehran,28986
tehran,28990
tehran,28992
tehran,28994
tehran,28999
tehran,29000
tehran,29005
tehran,29008
tehran,29014
tehran,29015
tehran,29017
tehran,29021
tehran,29026
tehran,29029
tehran,29037
tehran,29039
tehran,29042
tehran,29045
tehran,29048
tehran,29059
tehran,29062
tehran,29066
tehran,29067
tehran,29071
tehran,29073
tehran,29076
tehran,29078
tehran,29080
tehran,29082
tehran,29084
tehran,29088
tehran,29090
tehran,29093
tehran,29094
tehran,29097
tehran,29099
tehran,29104
tehran,29108
tehran,29113
tehran,29117
tehran,29122
tehran,29125
tehran,29129
tehran,29132
tehran,29134
tehran,29135
tehran,29139
tehran,29142
tehran,29148
tehran,29159
tehran,29160
tehran,29163
tehran,29166
tehran,29167
tehran,29168
tehran,29170
tehran,29171
tehran,29173
tehran,29176
tehran,29178
tehran,29180
tehran,29182
tehran,29186
tehran,29188
tehran,29189
tehran,29193
tehran,29197
tehran,29207
tehran,29214
tehran,29216
tehran,29217
tehran,29222
tehran,29224
tehran,29228
tehran,29231
tehran,29233
tehran,29236
tehran,29238
tehran,29239
tehran,29240
tehran,29243
tehran,29245
tehran,29252
tehran,29258
tehran,29260
tehran,29264
tehran,29272
tehran,29273
tehran,29276
tehran,29281
tehran,29291
tehran,29294
tehran,29296
tehran,29298
tehran,29301
tehran,29307
tehran,29308
tehran,29313
tehran,29317
tehran,29319
tehran,29322
tehran,29330
tehran,29333
tehran,29340
tehran,29347
tehran,29350
tehran,29351
tehran,29353
tehran,29361
tehran,29368
tehran,29371
tehran,29372
tehran,29373
tehran,29378
tehran,29379
tehran,29381
tehran,29382
tehran,29386
tehran,29389
tehran,29393
tehran,29397
tehran,29403
tehran,29406
tehran,29408
tehran,29412
tehran,29414
tehran,29415
tehran,29418
tehran,29421
tehran,29425
tehran,29427
tehran,29431
tehran,29437
tehran,29441
tehran,29450
tehran,29456
tehran,29459
tehran,29460
tehran,29463
tehran,29468
tehran,29470
tehran,29471
tehran,29473
tehran,29475
tehran,29476
tehran,29480
tehran,29485
tehran,29491
tehran,29494
tehran,29504
tehran,29510
tehran,29513
tehran,29516
tehran,29523
tehran,29527
tehran,29532
tehran,29534
tehran,29537
tehran,29540
tehran,29545
tehran,29549
tehran,29552
tehran,29554
tehran,29566
tehran,29570
tehran,29571
tehran,29573
tehran,29575
tehran,29579
tehran,29582
tehran,29584
tehran,29587
tehran,29588
tehran,29592
tehran,29595
tehran,29598
tehran,29606
tehran,29608
tehran,29609
tehran,29613
tehran,29614
tehran,29616
tehran,29618
tehran,29620
tehran,29622
tehran,29624
tehran,29633
tehran,29635
tehran,29637
tehran,29640
tehran,29641
tehran,29647
tehran,29649
tehran,29653
tehran,29657
tehran,29661
tehran,29666
tehran,29669
tehran,29673
tehran,29674
tehran,29676
tehran,29678
tehran,29680
tehran,29682
tehran,29686
tehran,29687
tehran,29690
tehran,29697
tehran,29699
tehran,29700
tehran,29703
tehran,29704
tehran,29705
tehran,29713
tehran,29720
tehran,29727
tehran,29732
tehran,29734
tehran,29735
tehran,29738
tehran,29739
tehran,29742
tehran,29746
tehran,29750
tehran,29758
tehran,29760
tehran,29765
tehran,29771
tehran,29776
tehran,29780
tehran,29782
tehran,29789
tehran,29794
tehran,29797
tehran,29801
tehran,29804
tehran,29808
tehran,29812
tehran,29813
tehran,29818
tehran,29821
tehran,29826
tehran,29832
tehran,29841
tehran,29843
tehran,29847
tehran,29849
tehran,29852
tehran,29861
tehran,29865
tehran,29871
tehran,29873
tehran,29881
tehran,29887
tehran,29890
tehran,29896
tehran,29898
tehran,29901
tehran,29904
tehran,29910
tehran,29918
tehran,29919
tehran,29920
tehran,29923
tehran,29926
tehran,29927
tehran,29932
tehran,29937
tehran,29944
tehran,29945
tehran,29951
tehran,29962
tehran,29966
tehran,29969
tehran,29977
tehran,29985
tehran,29988
tehran,29991
tehran,29993
tehran,29999
tehran,30000
tehran,30004
tehran,30005
tehran,30010
tehran,30013
tehran,30016
tehran,30022
tehran,30029
tehran,30034
tehran,30040
tehran,30045
tehran,30052
tehran,30060
tehran,30062
tehran,30067
tehran,30070
tehran,30075
tehran,30078
tehran,30081
tehran,30087
tehran,30095
tehran,30104
tehran,30110
tehran,30117
tehran,30120
tehran,30127
tehran,30129
tehran,30143
tehran,30150
tehran,30169
tehran,30178
tehran,30218
tehran,30223
tehran,30229
tehran,30234
tehran,30239
tehran,30241
tehran,30243
tehran,30247
tehran,30250
tehran,30256
tehran,30259
tehran,30264
tehran,30279
tehran,30286
tehran,30295
tehran,30299
tehran,30307
tehran,30312
tehran,30318
tehran,30325
tehran,30337
tehran,30343
tehran,30347
tehran,30368
tehran,30386
tehran,30395
tehran,30406
tehran,30413
tehran,30420
tehran,30423
tehran,30426
tehran,30431
tehran,30437
tehran,30445
tehran,30452
tehran,30453
tehran,30462
tehran,30469
tehran,30478
tehran,30479
tehran,30486
tehran,30492
tehran,30502
tehran,30507
tehran,30521
tehran,30524
tehran,30532
tehran,30533
tehran,30538
tehran,30540
tehran,30545
tehran,30556
tehran,30557
tehran,30565
tehran,30570
tehran,30576
tehran,30584
tehran,30592
tehran,30595
tehran,30600
tehran,30610
tehran,30612
tehran,30616
tehran,30628
tehran,30637
tehran,30647
tehran,30655
tehran,30666
tehran,30671
tehran,30678
tehran,30683
tehran,30691
tehran,30700
tehran,30708
tehran,30716
tehran,30725
tehran,30728
tehran,30730
tehran,30741
tehran,30744
tehran,30753
tehran,30761
tehran,30769
tehran,30771
tehran,30784
tehran,30788
tehran,30797
tehran,30811
tehran,30817
tehran,30822
tehran,30828
tehran,30835
tehran,30842
tehran,30843
tehran,30847
tehran,30854
tehran,30866
tehran,30867
tehran,30872
tehran,30883
tehran,30889
tehran,30893
tehran,30894
tehran,30910
tehran,30916
tehran,30919
tehran,30920
tehran,30925
tehran,30928
tehran,30940
tehran,30947
tehran,30955
tehran,30961
tehran,30968
tehran,30970
tehran,30979
tehran,30983
tehran,30988
tehran,30993
tehran,31002
tehran,31005
tehran,31009
tehran,31014
tehran,31018
tehran,31019
tehran,31021
tehran,31028
tehran,31030
tehran,31039
tehran,31047
tehran,31058
tehran,31064
tehran,31072
tehran,31077
tehran,31081
tehran,31088
tehran,31102
tehran,31106
tehran,31111
tehran,31118
tehran,31120
tehran,31125
tehran,31132
tehran,31135
tehran,31142
tehran,31146
tehran,31150
tehran,31151
tehran,31156
tehran,31157
tehran,31159
tehran,31166
tehran,31168
tehran,31170
tehran,31175
tehran,31181
tehran,31184
tehran,31195
tehran,31203
tehran,31210
tehran,31218
tehran,31221
tehran,31223
tehran,31227
tehran,31232
tehran,31238
tehran,31240
tehran,31243
tehran,31245
tehran,31246
tehran,31249
tehran,31258
tehran,31269
tehran,31270
tehran,31279
tehran,31286
tehran,31288
tehran,31289
tehran,31295
tehran,31300
tehran,31308
tehran,31309
tehran,31311
tehran,31318
tehran,31319
tehran,31323
tehran,31326
tehran,31334
tehran,31346
tehran,31347
tehran,31350
tehran,31357
tehran,31360
tehran,31361
tehran,31373
tehran,31381
tehran,31384
tehran,31388
tehran,31394
tehran,31397
tehran,31416
tehran,31426
tehran,31430
tehran,31441
tehran,31448
tehran,31451
tehran,31459
tehran,31466
tehran,31472
tehran,31473
tehran,31480
tehran,31484
tehran,31489
tehran,31492
tehran,31495
tehran,31501
tehran,31507
tehran,31515
tehran,31531
tehran,31532
tehran,31538
tehran,31544
tehran,31547
tehran,31550
tehran,31551
tehran,31556
tehran,31557
tehran,31563
tehran,31564
tehran,31567
tehran,31568
tehran,31569
tehran,31574
tehran,31576
tehran,31577
tehran,31594
tehran,31600
tehran,31604
tehran,31613
tehran,31616
tehran,31622
tehran,31627
tehran,31631
tehran,31634
tehran,31642
tehran,31647
tehran,31655
tehran,31661
tehran,31667
tehran,31668
tehran,31669
tehran,31674
tehran,31677
tehran,31685
tehran,31690
tehran,31695
tehran,31699
tehran,31708
tehran,31710
tehran,31714
tehran,31728
tehran,31733
tehran,31736
tehran,31741
tehran,31752
tehran,31762
tehran,31764
tehran,31767
tehran,31768
tehran,31778
tehran,31780
tehran,31784
tehran,31790
tehran,31791
tehran,31795
tehran,31796
tehran,31803
tehran,31805
tehran,31811
tehran,31824
tehran,31833
tehran,31838
tehran,31846
tehran,31856
tehran,31858
tehran,31860
tehran,31866
tehran,31869
tehran,31879
tehran,31882
tehran,31887
tehran,31888
tehran,31897
tehran,31899
tehran,31902
tehran,31909
tehran,31914
tehran,31923
tehran,31926
tehran,31927
tehran,31936
tehran,31942
tehran,31946
tehran,31949
tehran,31950
tehran,31951
tehran,31953
tehran,31957
tehran,31958
tehran,31963
tehran,31966
tehran,31967
tehran,31970
tehran,31972
tehran,31978
tehran,31986
tehran,31993
tehran,31997
tehran,31999
tehran,32001
tehran,32005
tehran,32016
tehran,32020
tehran,32021
tehran,32023
tehran,32026
tehran,32032
tehran,32036
tehran,32038
tehran,32041
tehran,32047
tehran,32053
tehran,32066
tehran,32072
tehran,32081
tehran,32083
tehran,32093
tehran,32095
tehran,32102
tehran,32114
tehran,32117
tehran,32120
tehran,32128
tehran,32137
tehran,32145
tehran,32155
tehran,32158
tehran,32163
tehran,32165
tehran,32176
tehran,32185
tehran,32197
tehran,32203
tehran,32205
tehran,32209
tehran,32214
tehran,32222
tehran,32232
tehran,32244
tehran,32258
tehran,32263
tehran,32267
tehran,32270
tehran,32275
tehran,32283
tehran,32285
tehran,32288
tehran,32292
tehran,32294
tehran,32299
tehran,32303
tehran,32311
tehran,32314
tehran,32319
tehran,32328
tehran,32332
tehran,32341
tehran,32344
tehran,32345
tehran,32349
tehran,32353
tehran,32365
tehran,32366
tehran,32373
tehran,32381
tehran,32387
tehran,32396
tehran,32401
tehran,32406
tehran,32408
tehran,32413
tehran,32421
tehran,32428
tehran,32431
tehran,32438
tehran,32440
tehran,32444
tehran,32452
tehran,32455
tehran,32461
tehran,32466
tehran,32471
tehran,32472
tehran,32476
tehran,32479
tehran,32481
tehran,32485
tehran,32489
tehran,32495
tehran,32496
tehran,32498
tehran,32503
tehran,32510
tehran,32516
tehran,32519
tehran,32522
tehran,32533
tehran,32536
tehran,32541
tehran,32543
tehran,32551
tehran,32553
tehran,32558
tehran,32567
tehran,32571
tehran,32576
tehran,32578
tehran,32580
tehran,32589
tehran,32590
tehran,32591
tehran,32593
tehran,32604
tehran,32610
tehran,32612
tehran,32618
tehran,32623
tehran,32628
tehran,32634
tehran,32639
tehran,32645
tehran,32653
tehran,32657
tehran,32663
tehran,32671
tehran,32684
tehran,32693
tehran,32700
tehran,32709
tehran,32711
tehran,32715
tehran,32723
tehran,32725
tehran,32728
tehran,32733
tehran,32735
tehran,32738
tehran,32742
tehran,32747
tehran,32751
tehran,32756
tehran,32766
tehran,32775
tehran,32783
tehran,32787
tehran,32795
tehran,32797
tehran,32805
tehran,32829
tehran,32832
tehran,32841
tehran,32843
tehran,32854
tehran,32855
tehran,32860
tehran,32867
tehran,32869
tehran,32875
tehran,32892
tehran,32893
tehran,32907
tehran,32920
tehran,32926
tehran,32927
tehran,32938
tehran,32949
tehran,32956
tehran,32960
tehran,32970
tehran,32974
tehran,32976
tehran,32984
tehran,32991
tehran,33000
tehran,33004
tehran,33009
tehran,33016
tehran,33022
tehran,33025
tehran,33026
tehran,33030
tehran,33037
tehran,33047
tehran,33056
tehran,33059
tehran,33060
tehran,33064
tehran,33068
tehran,33075
tehran,33085
tehran,33091
tehran,33100
tehran,33105
tehran,33115
tehran,33121
tehran,33126
tehran,33137
tehran,33143
tehran,33154
tehran,33168
tehran,33182
tehran,33187
tehran,33190
tehran,33200
tehran,33204
tehran,33211
tehran,33215
tehran,33221
tehran,33224
tehran,33235
tehran,33243
tehran,33256
tehran,33267
tehran,33272
tehran,33275
tehran,33286
tehran,33291
tehran,33294
tehran,33297
tehran,33305
tehran,33314
tehran,33315
tehran,33319
tehran,33328
tehran,33331
tehran,33338
tehran,33341
tehran,33350
tehran,33358
tehran,33362
tehran,33368
tehran,33370
tehran,33375
tehran,33376
tehran,33383
tehran,33393
tehran,33395
tehran,33405
tehran,33412
tehran,33413
tehran,33420
tehran,33421
tehran,33430
tehran,33434
tehran,33436
tehran,33441
tehran,33445
tehran,33450
tehran,33457
tehran,33460
tehran,33468
tehran,33472
tehran,33481
tehran,33484
tehran,33487
tehran,33491
tehran,33496
tehran,33502
tehran,33506
tehran,33518
tehran,33520
tehran,33523
tehran,33531
tehran,33540
tehran,33549
tehran,33554
tehran,33566
tehran,33577
tehran,33584
tehran,33593
tehran,33594
tehran,33601
tehran,33607
tehran,33610
tehran,33616
tehran,33622
tehran,33627
tehran,33629
tehran,33631
tehran,33634
tehran,33641
tehran,33647
tehran,33654
tehran,33657
tehran,33664
tehran,33665
tehran,33667
tehran,33670
tehran,33675
tehran,33684
tehran,33689
tehran,33696
tehran,33705
tehran,33707
tehran,33710
tehran,33724
tehran,33728
tehran,33734
tehran,33737
tehran,33741
tehran,33744
tehran,33747
tehran,33758
tehran,33760
tehran,33765
tehran,33766
tehran,33771
tehran,33780
tehran,33793
tehran,33794
tehran,33795
tehran,33797
tehran,33801
tehran,33803
tehran,33811
tehran,33813
tehran,33822
tehran,33830
tehran,33838
tehran,33842
tehran,33843
tehran,33846
tehran,33850
tehran,33852
tehran,33860
tehran,33866
tehran,33870
tehran,33878
tehran,33885
tehran,33890
tehran,33896
tehran,33904
tehran,33912
tehran,33916
tehran,33917
tehran,33922
tehran,33927
tehran,33932
tehran,33936
tehran,33943
tehran,33946
tehran,33952
tehran,33953
tehran,33955
tehran,33960
tehran,33968
tehran,33977
tehran,33982
tehran,33987
tehran,33990
tehran,33995
tehran,34001
tehran,34014
tehran,34021
tehran,34027
tehran,34035
tehran,34038
tehran,34049
tehran,34051
tehran,34053
tehran,34059
tehran,34067
tehran,34072
tehran,34088
tehran,34094
tehran,34095
tehran,34097
tehran,34102
tehran,34110
tehran,34117
tehran,34130
tehran,34138
tehran,34140
tehran,34144
tehran,34146
tehran,34157
tehran,34160
tehran,34167
tehran,34168
tehran,34170
tehran,34171
tehran,34176
tehran,34185
tehran,34194
tehran,34203
tehran,34206
tehran,34209
tehran,34220
tehran,34224
tehran,34227
tehran,34232
tehran,34235
tehran,34242
tehran,34243
tehran,34256
tehran,34261
tehran,34262
tehran,34273
tehran,34281
tehran,34286
tehran,34293
tehran,34294
tehran,34300
tehran,34304
tehran,34310
tehran,34321
tehran,34327
tehran,34332
tehran,34337
tehran,34339
tehran,34343
tehran,34350
tehran,34353
tehran,34363
tehran,34366
tehran,34376
tehran,34382
tehran,34390
tehran,34403
tehran,34405
tehran,34407
tehran,34413
tehran,34438
tehran,34447
tehran,34456
tehran,34457
tehran,34463
tehran,34470
tehran,34477
tehran,34485
tehran,34492
tehran,34494
tehran,34502
tehran,34504
tehran,34510
tehran,34513
tehran,34519
tehran,34524
tehran,34526
tehran,34531
tehran,34535
tehran,34540
tehran,34552
tehran,34555
tehran,34562
tehran,34569
tehran,34575
tehran,34581
tehran,34584
tehran,34590
tehran,34598
tehran,34607
tehran,34613
tehran,34619
tehran,34620
tehran,34622
tehran,34624
tehran,34630
tehran,34632
tehran,34634
tehran,34636
tehran,34637
tehran,34640
tehran,34647
tehran,34648
tehran,34653
tehran,34661
tehran,34664
tehran,34670
tehran,34672
tehran,34675
tehran,34677
tehran,34684
tehran,34685
tehran,34686
tehran,34697
tehran,34701
tehran,34715
tehran,34719
tehran,34720
tehran,34728
tehran,34732
tehran,34734
tehran,34738
tehran,34741
tehran,34748
tehran,34751
tehran,34752
tehran,34753
tehran,34755
tehran,34756
tehran,34761
tehran,34768
tehran,34784
tehran,34786
tehran,34804
tehran,34808
tehran,34812
tehran,34813
tehran,34819
tehran,34822
tehran,34824
tehran,34833
tehran,34836
tehran,34844
tehran,34849
tehran,34859
tehran,34863
tehran,34867
tehran,34877
tehran,34879
tehran,34880
tehran,34882
tehran,34891
tehran,34898
tehran,34902
tehran,34905
tehran,34909
tehran,34915
tehran,34920
tehran,34925
tehran,34926
tehran,34928
tehran,34933
tehran,34938
tehran,34942
tehran,34946
tehran,34947
tehran,34949
tehran,34951
tehran,34952
tehran,34957
tehran,34965
tehran,34973
tehran,34975
tehran,34978
tehran,34984
tehran,34988
tehran,34992
tehran,34993
tehran,34996
tehran,34998
tehran,35002
tehran,35007
tehran,35011
tehran,35018
tehran,35025
tehran,35026
tehran,35031
tehran,35032
tehran,35036
tehran,35038
tehran,35039
tehran,35044
tehran,35046
tehran,35048
tehran,35053
tehran,35060
tehran,35063
tehran,35066
tehran,35068
tehran,35076
tehran,35081
tehran,35084
tehran,35087
tehran,35091
tehran,35094
tehran,35104
tehran,35106
tehran,35109
tehran,35112
tehran,35121
tehran,35125
tehran,35128
tehran,35137
tehran,35144
tehran,35145
tehran,35155
tehran,35158
tehran,35159
tehran,35160
tehran,35168
tehran,35174
tehran,35177
tehran,35184
tehran,35187
tehran,35190
tehran,35195
tehran,35200
tehran,35203
tehran,35511
tehran,35519
tehran,35527
tehran,35562
tehran,35563
tehran,35568
tehran,35573
tehran,35595
tehran,35599
tehran,35612
tehran,35616
tehran,35623
tehran,35631
tehran,35640
tehran,35651
tehran,35657
tehran,35665
tehran,35675
tehran,35689
tehran,35692
tehran,35702
tehran,35713
tehran,35719
tehran,35721
tehran,35724
tehran,35727
tehran,35735
tehran,35741
tehran,35744
tehran,35751
tehran,35753
tehran,35755
tehran,35767
tehran,35770
tehran,35773
tehran,35778
tehran,35784
tehran,35788
tehran,35791
tehran,35800
tehran,35807
tehran,35814
tehran,35817
tehran,35819
tehran,35822
tehran,35828
tehran,35836
tehran,35839
tehran,35845
tehran,35851
tehran,35853
tehran,35859
tehran,35860
tehran,35865
tehran,35868
tehran,35876
tehran,35880
tehran,35888
tehran,35894
tehran,35896
tehran,35904
tehran,35916
tehran,35919
tehran,35923
tehran,35930
tehran,35932
tehran,35936
tehran,35938
tehran,35942
tehran,35946
tehran,35952
tehran,35953
tehran,35959
tehran,35960
tehran,35967
tehran,35977
tehran,35978
tehran,35986
tehran,35998
tehran,36006
tehran,36013
tehran,36017
tehran,36024
tehran,36025
tehran,36027
tehran,36030
tehran,36031
tehran,36037
tehran,36046
tehran,36048
tehran,36050
tehran,36056
tehran,36057
tehran,36068
tehran,36072
tehran,36079
tehran,36084
tehran,36088
tehran,36092
tehran,36107
tehran,36112
tehran,36114
tehran,36115
tehran,36122
tehran,36135
tehran,36138
tehran,36146
tehran,36153
tehran,36162
tehran,36172
tehran,36183
tehran,36189
tehran,36191
tehran,36197
tehran,36208
tehran,36223
tehran,36224
tehran,36230
tehran,36235
tehran,36239
tehran,36248
tehran,36251
tehran,36260
tehran,36262
tehran,36264
tehran,36273
tehran,36275
tehran,36287
tehran,36299
tehran,36308
tehran,36314
tehran,36323
tehran,36327
tehran,36334
tehran,36343
tehran,36349
tehran,36354
tehran,36359
tehran,36364
tehran,36368
tehran,36374
tehran,36378
tehran,36381
tehran,36383
tehran,36388
tehran,36395
tehran,36401
tehran,36407
tehran,36417
tehran,36421
tehran,36423
tehran,36432
tehran,36437
tehran,36454
tehran,36458
tehran,36464
tehran,36466
tehran,36474
tehran,36485
tehran,36493
tehran,36501
tehran,36502
tehran,36509
tehran,36513
tehran,36518
tehran,36524
tehran,36535
tehran,36538
tehran,36541
tehran,36550
tehran,36555
tehran,36564
tehran,36569
tehran,36580
tehran,36585
tehran,36588
tehran,36598
tehran,36604
tehran,36610
tehran,36619
tehran,36630
tehran,36635
tehran,36642
tehran,36646
tehran,36655
tehran,36661
tehran,36665
tehran,36669
tehran,36683
tehran,36694
tehran,36696
tehran,36699
tehran,36701
tehran,36711
tehran,36718
tehran,36722
tehran,36725
tehran,36735
tehran,36737
tehran,36743
tehran,36744
tehran,36746
tehran,36756
tehran,36757
tehran,36760
tehran,36763
tehran,36767
tehran,36772
tehran,36781
tehran,36786
tehran,36787
tehran,36793
tehran,36802
tehran,36805
tehran,36812
tehran,36818
tehran,36826
tehran,36832
tehran,36839
tehran,36847
tehran,36852
tehran,36862
tehran,36871
tehran,36875
tehran,36883
tehran,36884
tehran,36889
tehran,36897
tehran,36917
tehran,36929
tehran,36934
tehran,36939
tehran,36960
tehran,36967
tehran,36980
tehran,36990
tehran,36995
tehran,37012
tehran,37015
tehran,37021
tehran,37026
tehran,37034
tehran,37049
tehran,37050
tehran,37061
tehran,37070
tehran,37078
tehran,37086
tehran,37096
tehran,37098
tehran,37100
tehran,37106
tehran,37115
tehran,37120
tehran,37124
tehran,37138
tehran,37146
tehran,37153
tehran,37160
tehran,37168
tehran,37179
tehran,37181
tehran,37192
tehran,37197
tehran,37205
tehran,37216
tehran,37222
tehran,37224
tehran,37232
tehran,37241
tehran,37244
tehran,37246
tehran,37254
tehran,37271
tehran,37278
tehran,37293
tehran,37301
tehran,37303
tehran,37308
tehran,37311
tehran,37738
tehran,37764
tehran,37797
tehran,37804
tehran,37808
tehran,37809
tehran,37815
tehran,37819
tehran,37825
tehran,37838
tehran,37850
tehran,37852
tehran,37864
tehran,37869
tehran,37878
tehran,37883
tehran,37893
tehran,37899
tehran,37915
tehran,37927
tehran,37931
tehran,37944
tehran,37957
tehran,37968
tehran,37978
tehran,37985
tehran,37996
tehran,38004
tehran,38005
tehran,38017
tehran,38025
tehran,38034
tehran,38047
tehran,38060
tehran,38074
tehran,38081
tehran,38090
tehran,38098
tehran,38104
tehran,38108
tehran,38116
tehran,38118
tehran,38127
tehran,38129
tehran,38143
tehran,38150
tehran,38160
tehran,38168
tehran,38175
tehran,38183
tehran,38192
tehran,38197
tehran,38201
tehran,38205
tehran,38207
tehran,38210
tehran,38213
tehran,38215
tehran,38219
tehran,38244
tehran,38256
tehran,38258
tehran,38267
tehran,38277
tehran,38283
tehran,38293
tehran,38304
tehran,38309
tehran,38316
tehran,38332
tehran,38335
tehran,38349
tehran,38357
tehran,38364
tehran,38375
tehran,38376
tehran,38381
tehran,38391
tehran,38398
tehran,38400
tehran,38410
tehran,38420
tehran,38435
tehran,38445
tehran,38463
tehran,38472
tehran,38482
tehran,38496
tehran,38499
tehran,38504
tehran,38511
tehran,38514
tehran,38520
tehran,38523
tehran,38528
tehran,38532
tehran,38544
tehran,38555
tehran,38560
tehran,38568
tehran,38576
tehran,38578
tehran,38583
tehran,38588
tehran,38590
tehran,38597
tehran,38606
tehran,38612
tehran,38613
tehran,38620
tehran,38621
tehran,38625
tehran,38637
tehran,38653
tehran,38655
tehran,38662
tehran,38674
tehran,38679
tehran,38686
tehran,38689
tehran,38696
tehran,38707
tehran,38712
tehran,38721
tehran,38726
tehran,38734
tehran,38741
tehran,38751
tehran,38752
tehran,38761
tehran,38767
tehran,38771
tehran,38779
tehran,38792
tehran,38797
tehran,38809
tehran,38819
tehran,38820
tehran,38832
tehran,38838
tehran,38848
tehran,38863
tehran,38873
tehran,38878
tehran,38884
tehran,38891
tehran,38895
tehran,38905
tehran,38924
tehran,38933
tehran,38939
tehran,38948
tehran,38951
tehran,38961
tehran,38967
tehran,38972
tehran,38979
tehran,38982
tehran,38988
tehran,39000
tehran,39013
tehran,39017
tehran,39031
tehran,39040
tehran,39045
tehran,39057
tehran,39058
tehran,39059
tehran,39063
tehran,39066
tehran,39074
tehran,39082
tehran,39084
tehran,39088
tehran,39094
tehran,39103
tehran,39106
tehran,39108
tehran,39116
tehran,39124
tehran,39130
tehran,39131
tehran,39140
tehran,39148
tehran,39157
tehran,39166
tehran,39174
tehran,39180
tehran,39189
tehran,39200
tehran,39211
tehran,39214
tehran,39217
tehran,39221
tehran,39229
tehran,39236
tehran,39242
tehran,39244
tehran,39256
tehran,39259
tehran,39264
tehran,39268
tehran,39273
tehran,39282
tehran,39290
tehran,39294
tehran,39304
tehran,39308
tehran,39320
tehran,39329
tehran,39339
tehran,39347
tehran,39353
tehran,39356
tehran,39361
tehran,39366
tehran,39376
tehran,39381
tehran,39387
tehran,39390
tehran,39393
tehran,39404
tehran,39410
tehran,39416
tehran,39419
tehran,39421
tehran,39425
tehran,39429
tehran,39434
tehran,39446
tehran,39448
tehran,39452
tehran,39465
tehran,39471
tehran,39474
tehran,39479
tehran,39481
tehran,39491
tehran,39495
tehran,39500
tehran,39517
tehran,39522
tehran,39526
tehran,39541
tehran,39548
tehran,39552
tehran,39559
tehran,39572
tehran,39575
tehran,39584
tehran,39587
tehran,39597
tehran,39601
tehran,39607
tehran,39616
tehran,39629
tehran,39633
tehran,39641
tehran,39647
tehran,39648
tehran,39650
tehran,39655
tehran,39661
tehran,39663
tehran,39670
tehran,39680
tehran,39684
tehran,39694
tehran,39698
tehran,39707
tehran,39729
tehran,39740
tehran,39747
tehran,39754
tehran,39759
tehran,39762
tehran,39764
tehran,39770
tehran,39776
tehran,39781
tehran,39788
tehran,39813
tehran,39827
tehran,39830
tehran,39839
tehran,39844
tehran,39849
tehran,39855
tehran,39859
tehran,39865
tehran,39868
tehran,39872
tehran,39879
tehran,39889
tehran,39900
tehran,39903
tehran,39905
tehran,39909
tehran,39912
tehran,39915
tehran,39928
tehran,39934
tehran,39951
tehran,39959
tehran,39968
tehran,39983
tehran,39987
tehran,39991
tehran,40000
tehran,40018
tehran,40028
tehran,40037
tehran,40039
tehran,40047
tehran,40057
tehran,40066
tehran,40074
tehran,40083
tehran,40093
tehran,40099
tehran,40116
tehran,40138
tehran,40149
tehran,40161
tehran,40166
tehran,40169
tehran,40176
tehran,40182
tehran,40184
tehran,40190
tehran,40196
tehran,40203
tehran,40215
tehran,40227
tehran,40229
tehran,40247
tehran,40252
tehran,40260
tehran,40268
tehran,40273
tehran,40292
tehran,40296
tehran,40306
tehran,40313
tehran,40316
tehran,40322
tehran,40328
tehran,40341
tehran,40349
tehran,40357
tehran,40363
tehran,40369
tehran,40370
tehran,40377
tehran,40397
tehran,40404
tehran,40412
tehran,40415
tehran,40421
tehran,40426
tehran,40435
tehran,40437
tehran,40441
tehran,40457
tehran,40462
tehran,40467
tehran,40483
tehran,40489
tehran,40497
tehran,40504
tehran,40507
tehran,40515
tehran,40528
tehran,40533
tehran,40544
tehran,40555
tehran,40561
tehran,40566
tehran,40580
tehran,40590
tehran,40595
tehran,40596
tehran,40602
tehran,40612
tehran,40617
tehran,40627
tehran,40637
tehran,40647
tehran,40653
tehran,40666
tehran,40674
tehran,40678
tehran,40686
tehran,40698
tehran,40702
tehran,40716
tehran,40720
tehran,40733
tehran,40734
tehran,40741
tehran,40744
tehran,40754
tehran,40765
tehran,40770
tehran,40783
tehran,40797
tehran,40808
tehran,40815
tehran,40822
tehran,40837
tehran,40838
tehran,40848
tehran,40855
tehran,40863
tehran,40867
tehran,40873
tehran,40885
tehran,40902
tehran,40911
tehran,40915
tehran,40924
tehran,40927
tehran,40938
tehran,40939
tehran,40946
tehran,40956
tehran,40961
tehran,40968
tehran,40976
tehran,40991
tehran,40995
tehran,41002
tehran,41010
tehran,41015
tehran,41022
tehran,41027
tehran,41029
tehran,41034
tehran,41047
tehran,41057
tehran,41066
tehran,41073
tehran,41087
tehran,41090
tehran,41095
tehran,41096
tehran,41104
tehran,41106
tehran,41110
tehran,41117
tehran,41123
tehran,41138
tehran,41148
tehran,41162
tehran,41168
tehran,41178
tehran,41190
tehran,41191
tehran,41192
tehran,41200
tehran,41205
tehran,41213
tehran,41215
tehran,41223
tehran,41233
tehran,41240
tehran,41250
tehran,41252
tehran,41263
tehran,41279
tehran,41293
tehran,41307
tehran,41319
tehran,41330
tehran,41334
tehran,41341
tehran,41349
tehran,41361
tehran,41370
tehran,41389
tehran,41411
tehran,41417
tehran,41430
tehran,41440
tehran,41448
tehran,41459
tehran,41478
tehran,41494
tehran,41502
tehran,41512
tehran,41524
tehran,41531
tehran,41545
tehran,41555
tehran,41570
tehran,41585
tehran,41590
tehran,41607
tehran,41614
tehran,41621
tehran,41633
tehran,41641
tehran,41646
tehran,41652
tehran,41657
tehran,41663
tehran,41664
tehran,41678
tehran,41686
tehran,41690
tehran,41695
tehran,41702
tehran,41708
tehran,41715
tehran,41719
tehran,41728
tehran,41735
tehran,41750
tehran,41757
tehran,41762
tehran,41768
tehran,41775
tehran,41779
tehran,41784
tehran,41787
tehran,41802
tehran,41818
tehran,41826
tehran,41831
tehran,41848
tehran,41853
tehran,41860
tehran,41866
tehran,41869
tehran,41880
tehran,41887
tehran,41893
tehran,41894
tehran,41899
tehran,41912
tehran,41914
tehran,41932
tehran,41936
tehran,41949
tehran,41957
tehran,41962
tehran,41972
tehran,41983
tehran,41995
tehran,42004
tehran,42008
tehran,42024
tehran,42037
tehran,42039
tehran,42055
tehran,42062
tehran,42069
tehran,42074
tehran,42085
tehran,42097
tehran,42102
tehran,42117
tehran,42131
tehran,42141
tehran,42146
tehran,42154
tehran,42159
tehran,42173
tehran,42183
tehran,42199
tehran,42202
tehran,42213
tehran,42220
tehran,42233
tehran,42241
tehran,42248
tehran,42266
tehran,42274
tehran,42283
tehran,42291
tehran,42299
tehran,42311
tehran,42319
tehran,42324
tehran,42331
tehran,42338
tehran,42345
tehran,42346
tehran,42347
tehran,42349
tehran,42360
tehran,42369
tehran,42380
tehran,42383
tehran,42387
tehran,42392
tehran,42396
tehran,42399
tehran,42409
tehran,42413
tehran,42421
tehran,42430
tehran,42445
tehran,42466
tehran,42471
tehran,42476
tehran,42479
tehran,42480
tehran,42490
tehran,42497
tehran,42503
tehran,42509
tehran,42518
tehran,42527
tehran,42537
tehran,42544
tehran,42550
tehran,42552
tehran,42557
tehran,42569
tehran,42574
tehran,42581
tehran,42592
tehran,42599
tehran,42616
tehran,42618
tehran,42623
tehran,42636
tehran,42639
tehran,42648
tehran,42655
tehran,42656
tehran,42658
tehran,42659
tehran,42661
tehran,42663
tehran,42669
tehran,42671
tehran,42676
tehran,42679
tehran,42681
tehran,42686
tehran,42692
tehran,42699
tehran,42704
tehran,42709
tehran,42711
tehran,42713
tehran,42721
tehran,42726
tehran,42730
tehran,42737
tehran,42738
tehran,42740
tehran,42748
tehran,42753
tehran,42766
tehran,42769
tehran,42773
tehran,42776
tehran,42779
tehran,42787
tehran,42794
tehran,42797
tehran,42800
tehran,42807
tehran,42825
tehran,42830
tehran,42831
tehran,42845
tehran,42853
tehran,42861
tehran,42874
tehran,42883
tehran,42886
tehran,42900
tehran,42907
tehran,42924
tehran,42929
tehran,42935
tehran,42946
tehran,42956
tehran,42958
tehran,42970
tehran,42979
tehran,42994
tehran,43004
tehran,43010
tehran,43015
tehran,43021
tehran,43024
tehran,43031
tehran,43038
tehran,43041
tehran,43044
tehran,43053
tehran,43061
tehran,43063
tehran,43074
tehran,43083
tehran,43094
tehran,43100
tehran,43104
tehran,43112
tehran,43119
tehran,43132
tehran,43135
tehran,43141
tehran,43156
tehran,43161
tehran,43165
tehran,43169
tehran,43173
tehran,43181
tehran,43193
tehran,43203
tehran,43208
tehran,43215
tehran,43218
tehran,43226
tehran,43227
tehran,43232
tehran,43236
tehran,43239
tehran,43247
tehran,43257
tehran,43265
tehran,43277
tehran,43284
tehran,43292
tehran,43298
tehran,43302
tehran,43311
tehran,43321
tehran,43328
tehran,43334
tehran,43343
tehran,43348
tehran,43355
tehran,43369
tehran,43383
tehran,43401
tehran,43408
tehran,43412
tehran,43425
tehran,43433
tehran,43439
tehran,43449
tehran,43458
tehran,43464
tehran,43468
tehran,43480
tehran,43482
tehran,43507
tehran,43514
tehran,43521
tehran,43526
tehran,43535
tehran,43539
tehran,43545
tehran,43547
tehran,43556
tehran,43562
tehran,43563
tehran,43566
tehran,43576
tehran,43583
tehran,43601
tehran,43607
tehran,43610
tehran,43619
tehran,43627
tehran,43632
tehran,43634
tehran,43640
tehran,43650
tehran,43654
tehran,43673
tehran,43676
tehran,43683
tehran,43689
tehran,43695
tehran,43700
tehran,43704
tehran,43709
tehran,43713
tehran,43723
tehran,43732
tehran,43733
tehran,43739
tehran,43745
tehran,43753
tehran,43764
tehran,43776
tehran,43780
tehran,43792
tehran,43801
tehran,43810
tehran,43817
tehran,43827
tehran,43837
tehran,43849
tehran,43852
tehran,43859
tehran,43868
tehran,43870
tehran,43872
tehran,43880
tehran,43884
tehran,43894
tehran,43896
tehran,43900
tehran,43910
tehran,43922
tehran,43929
tehran,43932
tehran,43936
tehran,43937
tehran,43945
tehran,43957
tehran,43969
tehran,43973
tehran,43975
tehran,43982
tehran,43989
tehran,44000
tehran,44001
tehran,44011
tehran,44013
tehran,44022
tehran,44026
tehran,44031
tehran,44041
tehran,44047
tehran,44056
tehran,44070
tehran,44078
tehran,44087
tehran,44093
tehran,44097
tehran,44101
tehran,44112
tehran,44119
tehran,44123
tehran,44131
tehran,44133
tehran,44173
tehran,44218
tehran,44232
tehran,44234
tehran,44237
tehran,44276
tehran,44280
tehran,44288
tehran,44309
tehran,44316
tehran,44319
tehran,44327
tehran,44329
tehran,44338
tehran,44340
tehran,44343
tehran,44344
tehran,44351
tehran,44357
tehran,44364
tehran,44371
tehran,44374
tehran,44381
tehran,44387
tehran,44397
tehran,44404
tehran,44408
tehran,44410
tehran,44418
tehran,44422
tehran,44430
tehran,44433
tehran,44437
tehran,44443
tehran,44454
tehran,44461
tehran,44467
tehran,44472
tehran,44486
tehran,44502
tehran,44510
tehran,44517
tehran,44521
tehran,44525
tehran,44528
tehran,44530
tehran,44536
tehran,44540
tehran,44541
tehran,44549
tehran,44558
tehran,44565
tehran,44567
tehran,44571
tehran,44575
tehran,44580
tehran,44586
tehran,44595
tehran,44599
tehran,44601
tehran,44607
tehran,44612
tehran,44616
tehran,44620
tehran,44627
tehran,44633
tehran,44645
tehran,44652
tehran,44669
tehran,44679
tehran,44696
tehran,44701
tehran,44708
tehran,44713
tehran,44717
tehran,44730
tehran,44732
tehran,44741
tehran,44743
tehran,44752
tehran,44764
tehran,44768
tehran,44776
tehran,44777
tehran,44782
tehran,44789
tehran,44791
tehran,44792
tehran,44798
tehran,44807
tehran,44812
tehran,44818
tehran,44823
tehran,44828
tehran,44834
tehran,44838
tehran,44852
tehran,44858
tehran,44870
tehran,44878
tehran,44880
tehran,44885
tehran,44887
tehran,44896
tehran,44898
tehran,44905
tehran,44910
tehran,44915
tehran,44923
tehran,44942
tehran,44946
tehran,44948
tehran,44955
tehran,44957
tehran,44961
tehran,44965
tehran,44966
tehran,44969
tehran,44976
tehran,44981
tehran,44983
tehran,44989
tehran,44995
tehran,45000
tehran,45003
tehran,45011
tehran,45017
tehran,45019
tehran,45030
tehran,45051
tehran,45059
tehran,45065
tehran,45071
tehran,45077
tehran,45089
tehran,45091
tehran,45095
tehran,45107
tehran,45112
tehran,45120
tehran,45126
tehran,45129
tehran,45137
tehran,45145
tehran,45149
tehran,45156
tehran,45159
tehran,45164
tehran,45168
tehran,45172
tehran,45179
tehran,45187
tehran,45190
tehran,45199
tehran,45204
tehran,45209
tehran,45211
tehran,45215
tehran,45219
tehran,45221
tehran,45227
tehran,45229
tehran,45235
tehran,45241
tehran,45250
tehran,45253
tehran,45257
tehran,45262
tehran,45275
tehran,45278
tehran,45287
tehran,45290
tehran,45294
tehran,45298
tehran,45306
tehran,45310
tehran,45311
tehran,45317
tehran,45324
tehran,45325
tehran,45329
tehran,45335
tehran,45339
tehran,45345
tehran,45350
tehran,45359
tehran,45376
tehran,45378
tehran,45383
tehran,45389
tehran,45393
tehran,45398
tehran,45404
tehran,45414
tehran,45418
tehran,45420
tehran,45422
tehran,45432
tehran,45436
tehran,45442
tehran,45451
tehran,45452
tehran,45459
tehran,45465
tehran,45472
tehran,45480
tehran,45485
tehran,45489
tehran,45494
tehran,45495
tehran,45501
tehran,45504
tehran,45507
tehran,45512
tehran,45519
tehran,45521
tehran,45527
tehran,45537
tehran,45541
tehran,45543
tehran,45545
tehran,45556
tehran,45561
tehran,45572
tehran,45576
tehran,45584
tehran,45586
tehran,45587
tehran,45590
tehran,45594
tehran,45600
tehran,45609
tehran,45610
tehran,45618
tehran,45622
tehran,45626
tehran,45631
tehran,45640
tehran,45642
tehran,45655
tehran,45663
tehran,45670
tehran,45677
tehran,45689
tehran,45693
tehran,45698
tehran,45705
tehran,45709
tehran,45722
tehran,45736
tehran,45740
tehran,45748
tehran,45766
tehran,45773
tehran,45780
tehran,45783
tehran,45784
tehran,45795
tehran,45803
tehran,45806
tehran,45814
tehran,45823
tehran,45828
tehran,45829
tehran,45831
tehran,45838
tehran,45840
tehran,45844
tehran,45850
tehran,45854
tehran,45858
tehran,45866
tehran,45868
tehran,45875
tehran,45882
tehran,45885
tehran,45889
tehran,45897
tehran,45941
tehran,45945
tehran,45948
tehran,45955
tehran,45960
tehran,45968
tehran,45975
tehran,45981
tehran,45986
tehran,45995
tehran,46006
tehran,46011
tehran,46014
tehran,46022
tehran,46033
tehran,46045
tehran,46054
tehran,46060
tehran,46077
tehran,46084
tehran,46093
tehran,46108
tehran,46110
tehran,46119
tehran,46124
tehran,46129
tehran,46137
tehran,46144
tehran,46145
tehran,46149
tehran,46150
tehran,46164
tehran,46167
tehran,46180
tehran,46183
tehran,46186
tehran,46193
tehran,46201
tehran,46206
tehran,46208
tehran,46220
tehran,46225
tehran,46231
tehran,46238
tehran,46246
tehran,46254
tehran,46260
tehran,46268
tehran,46270
tehran,46278
tehran,46280
tehran,46288
tehran,46293
tehran,46302
tehran,46305
tehran,46310
tehran,46322
tehran,46328
tehran,46337
tehran,46339
tehran,46347
tehran,46352
tehran,46365
tehran,46368
tehran,46373
tehran,46382
tehran,46386
tehran,46393
tehran,46398
tehran,46403
tehran,46407
tehran,46416
tehran,46423
tehran,46427
tehran,46441
tehran,46453
tehran,46457
tehran,46459
tehran,46467
tehran,46472
tehran,46474
tehran,46479
tehran,46481
tehran,46492
tehran,46506
tehran,46511
tehran,46518
tehran,46523
tehran,46528
tehran,46544
tehran,46556
tehran,46566
tehran,46569
tehran,46574
tehran,46578
tehran,46585
tehran,46588
tehran,46591
tehran,46602
tehran,46608
tehran,46619
tehran,46627
tehran,46630
tehran,46637
tehran,46642
tehran,46651
tehran,46662
tehran,46665
tehran,46670
tehran,46672
tehran,46677
tehran,46684
tehran,46691
tehran,46702
tehran,46706
tehran,46710
tehran,46712
tehran,46725
tehran,46734
tehran,46758
tehran,46764
tehran,46771
tehran,46776
tehran,46781
tehran,46792
tehran,46794
tehran,46797
tehran,46802
tehran,46807
tehran,46814
tehran,46816
tehran,46821
tehran,46830
tehran,46841
tehran,46844
tehran,46854
tehran,46860
tehran,46866
tehran,46872
tehran,46881
tehran,46893
tehran,46901
tehran,46905
tehran,46917
tehran,46922
tehran,46927
tehran,46940
tehran,46944
tehran,46945
tehran,46948
tehran,46963
tehran,46966
tehran,46974
tehran,46986
tehran,46993
tehran,46999
tehran,47006
tehran,47009
tehran,47020
tehran,47027
tehran,47037
tehran,47046
tehran,47053
tehran,47066
tehran,47080
tehran,47084
tehran,47093
tehran,47105
tehran,47120
tehran,47121
tehran,47126
tehran,47138
tehran,47145
tehran,47146
tehran,47151
tehran,47152
tehran,47156
tehran,47161
tehran,47162
tehran,47164
tehran,47173
tehran,47179
tehran,47187
tehran,47204
tehran,47218
tehran,47229
tehran,47237
tehran,47243
tehran,47251
tehran,47256
tehran,47267
tehran,47272
tehran,47290
tehran,47313
tehran,47317
tehran,47322
tehran,47325
tehran,47334
tehran,47344
tehran,47355
tehran,47358
tehran,47362
tehran,47369
tehran,47379
tehran,47386
tehran,47390
tehran,47393
tehran,47403
tehran,47405
tehran,47413
tehran,47420
tehran,47433
tehran,47444
tehran,47448
tehran,47453
tehran,47459
tehran,47466
tehran,47470
tehran,47477
tehran,47486
tehran,47495
tehran,47499
tehran,47504
tehran,47514
tehran,47527
tehran,47528
tehran,47537
tehran,47550
tehran,47562
tehran,47565
tehran,47568
tehran,47576
tehran,47582
tehran,47585
tehran,47588
tehran,47592
tehran,47602
tehran,47614
tehran,47626
tehran,47629
tehran,47631
tehran,47645
tehran,47655
tehran,47671
tehran,47674
tehran,47686
tehran,47694
tehran,47698
tehran,47700
tehran,47705
tehran,47719
tehran,47726
tehran,47741
tehran,47744
tehran,47751
tehran,47754
tehran,47762
tehran,47772
tehran,47777
tehran,47787
tehran,47796
tehran,47825
tehran,47830
tehran,47849
tehran,47859
tehran,47862
tehran,47866
tehran,47878
tehran,47893
tehran,47899
tehran,47909
tehran,47920
tehran,47932
tehran,47943
tehran,47958
tehran,47964
tehran,47973
tehran,47978
tehran,47987
tehran,48003
tehran,48011
tehran,48019
tehran,48030
tehran,48043
tehran,48052
tehran,48063
tehran,48077
tehran,48086
tehran,48092
tehran,48098
tehran,48102
tehran,48110
tehran,48131
tehran,48137
tehran,48146
tehran,48153
tehran,48171
tehran,48176
tehran,48186
tehran,48197
tehran,48204
tehran,48207
tehran,48217
tehran,48219
tehran,48252
tehran,48277
tehran,48294
tehran,48346
tehran,48349
tehran,48358
tehran,48368
tehran,48378
tehran,48389
tehran,48392
tehran,48397
tehran,48400
tehran,48403
tehran,48406
tehran,48414
tehran,48434
tehran,48441
tehran,48444
tehran,48457
tehran,48461
tehran,48466
tehran,48477
tehran,48482
tehran,48488
tehran,48498
tehran,48503
tehran,48504
tehran,48507
tehran,48509
tehran,48513
tehran,48526
tehran,48528
tehran,48531
tehran,48543
tehran,48548
tehran,48551
tehran,48559
tehran,48564
tehran,48578
tehran,48584
tehran,48588
tehran,48597
tehran,48602
tehran,48609
tehran,48618
tehran,48624
tehran,48636
tehran,48648
tehran,48660
tehran,48668
tehran,48676
tehran,48681
tehran,48688
tehran,48704
tehran,48706
tehran,48707
tehran,48716
tehran,48722
tehran,48727
tehran,48730
tehran,48737
tehran,48742
tehran,48748
tehran,48762
tehran,48765
tehran,48770
tehran,48775
tehran,48780
tehran,48788
tehran,48796
tehran,48800
tehran,48803
tehran,48806
tehran,48812
tehran,48829
tehran,48834
tehran,48842
tehran,48871
tehran,48912
tehran,48920
tehran,48931
tehran,48943
tehran,48949
tehran,48953
tehran,48960
tehran,48967
tehran,48973
tehran,48977
tehran,48985
tehran,48987
tehran,48993
tehran,49005
tehran,49012
tehran,49015
tehran,49024
tehran,49028
tehran,49032
tehran,49040
tehran,49051
tehran,49059
tehran,49070
tehran,49073
tehran,49076
tehran,49081
tehran,49085
tehran,49088
tehran,49095
tehran,49103
tehran,49107
tehran,49115
tehran,49119
tehran,49121
tehran,49126
tehran,49130
tehran,49136
tehran,49152
tehran,49158
tehran,49164
tehran,49171
tehran,49173
tehran,49174
tehran,49180
tehran,49191
tehran,49195
tehran,49203
tehran,49206
tehran,49210
tehran,49216
tehran,49228
tehran,49238
tehran,49250
tehran,49260
tehran,49268
tehran,49274
tehran,49281
tehran,49286
tehran,49292
tehran,49297
tehran,49305
tehran,49315
tehran,49319
tehran,49327
tehran,49339
tehran,49352
tehran,49372
tehran,49383
tehran,49395
tehran,49404
tehran,49415
tehran,49423
tehran,49431
tehran,49443
tehran,49463
tehran,49469
tehran,49476
tehran,49480
tehran,49483
tehran,49797
tehran,49867
tehran,49957
tehran,49958
