side,height
lopp,8047
lopp,8048
lopp,8049
lopp,8050
lopp,8052
lopp,8053
lopp,8054
lopp,8055
lopp,8056
lopp,8057
lopp,8058
lopp,8059
lopp,8060
lopp,8062
lopp,8063
lopp,8064
lopp,8065
lopp,8067
lopp,8068
lopp,8069
lopp,8070
lopp,8071
lopp,8073
lopp,8076
lopp,8078
lopp,8079
lopp,8080
lopp,8082
lopp,8083
lopp,8084
lopp,8085
lopp,8087
lopp,8090
lopp,8091
lopp,8092
lopp,8093
lopp,8094
lopp,8096
lopp,8097
lopp,8099
lopp,8100
lopp,8101
lopp,8103
lopp,8104
lopp,8105
lopp,8106
lopp,8107
lopp,8109
lopp,8110
lopp,8111
lopp,8112
lopp,8114
lopp,8116
lopp,8117
lopp,8118
lopp,8119
lopp,8120
lopp,8122
lopp,8123
lopp,8125
lopp,8126
lopp,8127
lopp,8130
lopp,8131
lopp,8132
lopp,8133
lopp,8134
lopp,8135
lopp,8136
lopp,8137
lopp,8139
lopp,8140
lopp,8141
lopp,8142
lopp,8143
lopp,8144
lopp,8146
lopp,8147
lopp,8148
lopp,8149
lopp,8150
lopp,8152
lopp,8154
lopp,8155
lopp,8157
lopp,8158
lopp,8160
lopp,8161
lopp,8162
lopp,8163
lopp,8164
lopp,8165
lopp,8167
lopp,8169
lopp,8170
lopp,8171
lopp,8174
lopp,8175
lopp,8176
lopp,8178
lopp,8180
lopp,8181
lopp,8182
lopp,8185
lopp,8186
lopp,8188
lopp,8190
lopp,8191
lopp,8194
lopp,8195
lopp,8196
lopp,8197
lopp,8198
lopp,8200
lopp,8201
lopp,8202
lopp,8204
lopp,8207
lopp,8208
lopp,8209
lopp,8210
lopp,8232
lopp,8233
lopp,8234
lopp,8237
lopp,8239
lopp,8242
lopp,8244
lopp,8246
lopp,8247
lopp,8248
lopp,8249
lopp,8250
lopp,8253
lopp,8254
lopp,8257
lopp,8258
lopp,8259
lopp,8260
lopp,8261
lopp,8262
lopp,8264
lopp,8265
lopp,8266
lopp,8267
lopp,8268
lopp,8269
lopp,8270
lopp,8271
lopp,8273
lopp,8275
lopp,8277
lopp,8278
lopp,8302
lopp,8303
lopp,8304
lopp,8306
lopp,8307
lopp,8309
lopp,8310
lopp,8311
lopp,8312
lopp,8314
lopp,8316
lopp,8318
lopp,8319
lopp,8320
lopp,8321
lopp,8322
lopp,8324
lopp,8325
lopp,8327
lopp,8329
lopp,8330
lopp,8331
lopp,8332
lopp,8334
lopp,8335
lopp,8336
lopp,8337
lopp,8340
lopp,8342
lopp,8343
lopp,8344
lopp,8345
lopp,8346
lopp,8347
lopp,8348
lopp,8349
lopp,8350
lopp,8352
lopp,8353
lopp,8354
lopp,8355
lopp,8359
lopp,8360
lopp,8361
lopp,8362
lopp,8364
lopp,8365
lopp,8366
lopp,8369
lopp,8372
lopp,8373
lopp,8374
lopp,8375
lopp,8376
lopp,8377
lopp,8378
lopp,8379
lopp,8380
lopp,8381
lopp,8382
lopp,8384
lopp,8385
lopp,8386
lopp,8387
lopp,8388
lopp,8389
lopp,8391
lopp,8393
lopp,8394
lopp,8395
lopp,8396
lopp,8398
lopp,8399
lopp,8400
lopp,8403
lopp,8404
lopp,8405
lopp,8406
lopp,8407
lopp,8408
lopp,8409
lopp,8410
lopp,8411
lopp,8412
lopp,8416
lopp,8418
lopp,8419
lopp,8420
lopp,8421
lopp,8422
lopp,8424
lopp,8428
lopp,8429
lopp,8431
lopp,8432
lopp,8434
lopp,8435
lopp,8436
lopp,8438
lopp,8439
lopp,8440
lopp,8441
lopp,8442
lopp,8444
lopp,8445
lopp,8447
lopp,8449
lopp,8450
lopp,8452
lopp,8453
lopp,8454
lopp,8455
lopp,8456
lopp,8457
lopp,8459
lopp,8460
lopp,8461
lopp,8462
lopp,8463
lopp,8464
lopp,8465
lopp,8466
lopp,8467
lopp,8468
lopp,8469
lopp,8470
lopp,8471
lopp,8473
lopp,8474
lopp,8475
lopp,8476
lopp,8477
lopp,8478
lopp,8479
lopp,8480
lopp,8481
lopp,8482
lopp,8483
lopp,8484
lopp,8485
lopp,8486
lopp,8487
lopp,8489
lopp,8490
lopp,8491
lopp,8492
lopp,8494
lopp,8495
lopp,8496
lopp,8497
lopp,8498
lopp,8499
lopp,8500
lopp,8501
lopp,8502
lopp,8503
lopp,8506
lopp,8507
lopp,8508
lopp,8510
lopp,8511
lopp,8512
lopp,8513
lopp,8514
lopp,8515
lopp,8516
lopp,8518
lopp,8519
lopp,8520
lopp,8521
lopp,8522
lopp,8523
lopp,8524
lopp,8525
lopp,8526
lopp,8527
lopp,8528
lopp,8531
lopp,8534
lopp,8535
lopp,8536
lopp,8537
lopp,8538
lopp,8539
lopp,8540
lopp,8541
lopp,8542
lopp,8543
lopp,8544
lopp,8546
lopp,8547
lopp,8548
lopp,8549
lopp,8550
lopp,8551
lopp,8552
lopp,8553
lopp,8555
lopp,8556
lopp,8557
lopp,8558
lopp,8559
lopp,8560
lopp,8561
lopp,8563
lopp,8564
lopp,8565
lopp,8566
lopp,8567
lopp,8569
lopp,8570
lopp,8571
lopp,8573
lopp,8574
lopp,8575
lopp,8576
lopp,8577
lopp,8579
lopp,8580
lopp,8581
lopp,8582
lopp,8583
lopp,8585
lopp,8586
lopp,8588
lopp,8589
lopp,8590
lopp,8591
lopp,8592
lopp,8593
lopp,8596
lopp,8598
lopp,8599
lopp,8600
lopp,8601
lopp,8603
lopp,8605
lopp,8606
lopp,8607
lopp,8608
lopp,8609
lopp,8610
lopp,8612
lopp,8613
lopp,8614
lopp,8616
lopp,8617
lopp,8618
lopp,8619
lopp,8621
lopp,8622
lopp,8624
lopp,8625
lopp,8628
lopp,8629
lopp,8630
lopp,8631
lopp,8632
lopp,8634
lopp,8635
lopp,8636
lopp,8638
lopp,8639
lopp,8640
lopp,8641
lopp,8642
lopp,8643
lopp,8644
lopp,8650
lopp,8652
lopp,8653
lopp,8655
lopp,8656
lopp,8657
lopp,8658
lopp,8659
lopp,8661
lopp,8663
lopp,8664
lopp,8665
lopp,8667
lopp,8668
lopp,8669
lopp,8670
lopp,8671
lopp,8672
lopp,8673
lopp,8674
lopp,8675
lopp,8676
lopp,8677
lopp,8678
lopp,8679
lopp,8680
lopp,8681
lopp,8682
lopp,8683
lopp,8685
lopp,8686
lopp,8688
lopp,8690
lopp,8691
lopp,8693
lopp,8694
lopp,8695
lopp,8696
lopp,8697
lopp,8699
lopp,8701
lopp,8702
lopp,8704
lopp,8705
lopp,8706
lopp,8707
lopp,8710
lopp,8712
lopp,8713
lopp,8715
lopp,8718
lopp,8719
lopp,8720
lopp,8722
lopp,8724
lopp,8725
lopp,8726
lopp,8728
lopp,8729
lopp,8730
lopp,8732
lopp,8733
lopp,8734
lopp,8735
lopp,8736
lopp,8737
lopp,8738
lopp,8739
lopp,8740
lopp,8742
lopp,8743
lopp,8744
lopp,8745
lopp,8746
lopp,8747
lopp,8748
lopp,8749
lopp,8751
lopp,8752
lopp,8753
lopp,8754
lopp,8755
lopp,8756
lopp,8757
lopp,8758
lopp,8759
lopp,8760
lopp,8761
lopp,8762
lopp,8763
lopp,8766
lopp,8768
lopp,8769
lopp,8770
lopp,8771
lopp,8772
lopp,8773
lopp,8774
lopp,8775
lopp,8776
lopp,8777
lopp,8778
lopp,8779
lopp,8781
lopp,8783
lopp,8785
lopp,8786
lopp,8787
lopp,8788
lopp,8789
lopp,8790
lopp,8791
lopp,8792
lopp,8793
lopp,8795
lopp,8796
lopp,8797
lopp,8798
lopp,8799
lopp,8800
lopp,8801
lopp,8802
lopp,8803
lopp,8804
lopp,8806
lopp,8807
lopp,8809
lopp,8810
lopp,8811
lopp,8812
lopp,8813
lopp,8815
lopp,8816
lopp,8818
lopp,8820
lopp,8821
lopp,8822
lopp,8823
lopp,8824
lopp,8825
lopp,8826
lopp,8828
lopp,8829
lopp,8830
lopp,8831
lopp,8832
lopp,8833
lopp,8834
lopp,8835
lopp,8836
lopp,8837
lopp,8839
lopp,8840
lopp,8842
lopp,8843
lopp,8844
lopp,8846
lopp,8847
lopp,8848
lopp,8850
lopp,8851
lopp,8852
lopp,8853
lopp,8855
lopp,8856
lopp,8857
lopp,8859
lopp,8860
lopp,8861
lopp,8862
lopp,8863
lopp,8866
lopp,8868
lopp,8870
lopp,8871
lopp,8872
lopp,8873
lopp,8874
lopp,8875
lopp,8876
lopp,8877
lopp,8878
lopp,8879
lopp,8880
lopp,8881
lopp,8882
lopp,8883
lopp,8884
lopp,8885
lopp,8886
lopp,8887
lopp,8888
lopp,8889
lopp,8890
lopp,8891
lopp,8893
lopp,8894
lopp,8895
lopp,8896
lopp,8897
lopp,8898
lopp,8900
lopp,8901
lopp,8902
lopp,8904
lopp,8906
lopp,8907
lopp,8910
lopp,8911
lopp,8912
lopp,8913
lopp,8914
lopp,8915
lopp,8916
lopp,8917
lopp,8919
lopp,8923
lopp,8924
lopp,8925
lopp,8926
lopp,8927
lopp,8929
lopp,8930
lopp,8931
lopp,8933
lopp,8936
lopp,8937
lopp,8939
lopp,8940
lopp,8942
lopp,8943
lopp,8944
lopp,8945
lopp,8946
lopp,8947
lopp,8948
lopp,8949
lopp,8951
lopp,8953
lopp,8955
lopp,8956
lopp,8957
lopp,8959
lopp,8960
lopp,8961
lopp,8962
lopp,8963
lopp,8965
lopp,8966
lopp,8969
lopp,8971
lopp,8972
lopp,8973
lopp,8974
lopp,8975
lopp,8976
lopp,8977
lopp,8978
lopp,8979
lopp,8981
lopp,8983
lopp,8985
lopp,8986
lopp,8987
lopp,8988
lopp,8990
lopp,8991
lopp,8993
lopp,8994
lopp,8996
lopp,8997
lopp,8998
lopp,8999
lopp,9000
lopp,9001
lopp,9004
lopp,9005
lopp,9007
lopp,9008
lopp,9009
lopp,9011
lopp,9012
lopp,9013
lopp,9014
lopp,9015
lopp,9016
lopp,9018
lopp,9020
lopp,9021
lopp,9022
lopp,9023
lopp,9025
lopp,9027
lopp,9028
lopp,9029
lopp,9030
lopp,9031
lopp,9032
lopp,9033
lopp,9034
lopp,9035
lopp,9036
lopp,9037
lopp,9038
lopp,9039
lopp,9040
lopp,9041
lopp,9043
lopp,9044
lopp,9046
lopp,9047
lopp,9048
lopp,9049
lopp,9050
lopp,9051
lopp,9053
lopp,9054
lopp,9055
lopp,9056
lopp,9057
lopp,9058
lopp,9059
lopp,9061
lopp,9062
lopp,9063
lopp,9064
lopp,9065
lopp,9066
lopp,9067
lopp,9068
lopp,9069
lopp,9070
lopp,9071
lopp,9072
lopp,9073
lopp,9074
lopp,9075
lopp,9076
lopp,9078
lopp,9079
lopp,9080
lopp,9081
lopp,9082
lopp,9083
lopp,9084
lopp,9085
lopp,9087
lopp,9088
lopp,9089
lopp,9090
lopp,9092
lopp,9093
lopp,9095
lopp,9096
lopp,9097
lopp,9099
lopp,9100
lopp,9101
lopp,9102
lopp,9104
lopp,9105
lopp,9106
lopp,9107
lopp,9108
lopp,9110
lopp,9113
lopp,9114
lopp,9115
lopp,9116
lopp,9118
lopp,9119
lopp,9120
lopp,9123
lopp,9124
lopp,9126
lopp,9127
lopp,9128
lopp,9129
lopp,9130
lopp,9132
lopp,9133
lopp,9135
lopp,9136
lopp,9137
lopp,9138
lopp,9139
lopp,9140
lopp,9141
lopp,9143
lopp,9144
lopp,9147
lopp,9148
lopp,9149
lopp,9150
lopp,9151
lopp,9153
lopp,9154
lopp,9159
lopp,9161
lopp,9162
lopp,9163
lopp,9164
lopp,9165
lopp,9166
lopp,9167
lopp,9168
lopp,9169
lopp,9171
lopp,9172
lopp,9173
lopp,9174
lopp,9175
lopp,9179
lopp,9180
lopp,9181
lopp,9182
lopp,9184
lopp,9185
lopp,9187
lopp,9188
lopp,9189
lopp,9192
lopp,9193
lopp,9194
lopp,9195
lopp,9198
lopp,9200
lopp,9201
lopp,9202
lopp,9203
lopp,9205
lopp,9207
lopp,9208
lopp,9209
lopp,9210
lopp,9213
lopp,9215
lopp,9216
lopp,9218
lopp,9219
lopp,9222
lopp,9223
lopp,9225
lopp,9226
lopp,9227
lopp,9229
lopp,9231
lopp,9232
lopp,9236
lopp,9237
lopp,9238
lopp,9239
lopp,9241
lopp,9242
lopp,9244
lopp,9245
lopp,9246
lopp,9248
lopp,9249
lopp,9250
lopp,9252
lopp,9253
lopp,9254
lopp,9256
lopp,9257
lopp,9258
lopp,9259
lopp,9260
lopp,9262
lopp,9263
lopp,9264
lopp,9265
lopp,9266
lopp,9267
lopp,9268
lopp,9270
lopp,9271
lopp,9273
lopp,9275
lopp,9276
lopp,9277
lopp,9278
lopp,9280
lopp,9281
lopp,9282
lopp,9283
lopp,9284
lopp,9286
lopp,9287
lopp,9288
lopp,9289
lopp,9290
lopp,9291
lopp,9292
lopp,9293
lopp,9294
lopp,9295
lopp,9297
lopp,9298
lopp,9299
lopp,9301
lopp,9303
lopp,9304
lopp,9305
lopp,9307
lopp,9310
lopp,9311
lopp,9312
lopp,9313
lopp,9314
lopp,9315
lopp,9318
lopp,9319
lopp,9320
lopp,9321
lopp,9323
lopp,9324
lopp,9325
lopp,9326
lopp,9327
lopp,9328
lopp,9330
lopp,9331
lopp,9332
lopp,9333
lopp,9334
lopp,9335
lopp,9336
lopp,9337
lopp,9339
lopp,9341
lopp,9343
lopp,9344
lopp,9345
lopp,9346
lopp,9347
lopp,9348
lopp,9349
lopp,9350
lopp,9351
lopp,9352
lopp,9353
lopp,9354
lopp,9355
lopp,9356
lopp,9360
lopp,9361
lopp,9362
lopp,9363
lopp,9365
lopp,9366
lopp,9367
lopp,9368
lopp,9369
lopp,9371
lopp,9372
lopp,9373
lopp,9374
lopp,9375
lopp,9376
lopp,9377
lopp,9378
lopp,9379
lopp,9380
lopp,9381
lopp,9382
lopp,9383
lopp,9384
lopp,9385
lopp,9386
lopp,9387
lopp,9388
lopp,9389
lopp,9390
lopp,9391
lopp,9392
lopp,9393
lopp,9394
lopp,9395
lopp,9396
lopp,9397
lopp,9399
lopp,9400
lopp,9401
lopp,9402
lopp,9404
lopp,9405
lopp,9407
lopp,9408
lopp,9409
lopp,9410
lopp,9411
lopp,9413
lopp,9414
lopp,9415
lopp,9416
lopp,9417
lopp,9418
lopp,9419
lopp,9420
lopp,9421
lopp,9422
lopp,9423
lopp,9425
lopp,9426
lopp,9428
lopp,9429
lopp,9430
lopp,9431
lopp,9432
lopp,9433
lopp,9434
lopp,9435
lopp,9437
lopp,9439
lopp,9440
lopp,9443
lopp,9444
lopp,9445
lopp,9446
lopp,9447
lopp,9448
lopp,9450
lopp,9452
lopp,9453
lopp,9454
lopp,9456
lopp,9457
lopp,9458
lopp,9460
lopp,9461
lopp,9463
lopp,9465
lopp,9468
lopp,9469
lopp,9470
lopp,9471
lopp,9473
lopp,9475
lopp,9476
lopp,9477
lopp,9478
lopp,9479
lopp,9480
lopp,9481
lopp,9482
lopp,9483
lopp,9484
lopp,9485
lopp,9486
lopp,9488
lopp,9489
lopp,9490
lopp,9491
lopp,9492
lopp,9493
lopp,9494
lopp,9497
lopp,9498
lopp,9499
lopp,9501
lopp,9502
lopp,9503
lopp,9504
lopp,9506
lopp,9508
lopp,9509
lopp,9510
lopp,9513
lopp,9514
lopp,9515
lopp,9517
lopp,9518
lopp,9521
lopp,9522
lopp,9526
lopp,9527
lopp,9529
lopp,9531
lopp,9532
lopp,9535
lopp,9537
lopp,9538
lopp,9540
lopp,9541
lopp,9542
lopp,9543
lopp,9544
lopp,9545
lopp,9546
lopp,9547
lopp,9548
lopp,9549
lopp,9550
lopp,9551
lopp,9552
lopp,9554
lopp,9557
lopp,9558
lopp,9560
lopp,9561
lopp,9562
lopp,9563
lopp,9564
lopp,9565
lopp,9567
lopp,9568
lopp,9570
lopp,9571
lopp,9572
lopp,9574
lopp,9575
lopp,9577
lopp,9578
lopp,9579
lopp,9580
lopp,9581
lopp,9582
lopp,9583
lopp,9584
lopp,9585
lopp,9586
lopp,9588
lopp,9589
lopp,9590
lopp,9591
lopp,9592
lopp,9593
lopp,9594
lopp,9595
lopp,9596
lopp,9597
lopp,9598
lopp,9599
lopp,9600
lopp,9601
lopp,9602
lopp,9603
lopp,9604
lopp,9606
lopp,9607
lopp,9608
lopp,9609
lopp,9610
lopp,9611
lopp,9612
lopp,9613
lopp,9614
lopp,9615
lopp,9616
lopp,9617
lopp,9618
lopp,9619
lopp,9620
lopp,9621
lopp,9624
lopp,9626
lopp,9627
lopp,9629
lopp,9630
lopp,9631
lopp,9633
lopp,9634
lopp,9636
lopp,9637
lopp,9638
lopp,9639
lopp,9642
lopp,9643
lopp,9644
lopp,9645
lopp,9646
lopp,9648
lopp,9649
lopp,9650
lopp,9651
lopp,9652
lopp,9653
lopp,9654
lopp,9655
lopp,9658
lopp,9660
lopp,9661
lopp,9662
lopp,9663
lopp,9664
lopp,9665
lopp,9667
lopp,9668
lopp,9669
lopp,9671
lopp,9672
lopp,9673
lopp,9674
lopp,9675
lopp,9677
lopp,9678
lopp,9680
lopp,9681
lopp,9682
lopp,9683
lopp,9684
lopp,9685
lopp,9686
lopp,9687
lopp,9690
lopp,9691
lopp,9692
lopp,9694
lopp,9696
lopp,9697
lopp,9698
lopp,9700
lopp,9702
lopp,9703
lopp,9704
lopp,9705
lopp,9707
lopp,9709
lopp,9710
lopp,9712
lopp,9713
lopp,9715
lopp,9717
lopp,9718
lopp,9720
lopp,9721
lopp,9722
lopp,9723
lopp,9725
lopp,9726
lopp,9728
lopp,9729
lopp,9730
lopp,9732
lopp,9733
lopp,9734
lopp,9737
lopp,9738
lopp,9740
lopp,9741
lopp,9742
lopp,9744
lopp,9745
lopp,9746
lopp,9747
lopp,9748
lopp,9749
lopp,9750
lopp,9751
lopp,9752
lopp,9753
lopp,9754
lopp,9756
lopp,9757
lopp,9758
lopp,9759
lopp,9761
lopp,9762
lopp,9763
lopp,9764
lopp,9765
lopp,9766
lopp,9767
lopp,9768
lopp,9769
lopp,9771
lopp,9772
lopp,9773
lopp,9774
lopp,9776
lopp,9777
lopp,9778
lopp,9781
lopp,9782
lopp,9783
lopp,9784
lopp,9785
lopp,9786
lopp,9788
lopp,9790
lopp,9791
lopp,9793
lopp,9794
lopp,9796
lopp,9799
lopp,9800
lopp,9801
lopp,9802
lopp,9803
lopp,9808
lopp,9810
lopp,9812
lopp,9813
lopp,9814
lopp,9815
lopp,9816
lopp,9818
lopp,9819
lopp,9820
lopp,9821
lopp,9822
lopp,9823
lopp,9824
lopp,9825
lopp,9826
lopp,9827
lopp,9828
lopp,9830
lopp,9831
lopp,9833
lopp,9835
lopp,9836
lopp,9837
lopp,9839
lopp,9840
lopp,9841
lopp,9842
lopp,9844
lopp,9845
lopp,9846
lopp,9847
lopp,9848
lopp,9849
lopp,9850
lopp,9851
lopp,9852
lopp,9854
lopp,9855
lopp,9858
lopp,9860
lopp,9861
lopp,9862
lopp,9863
lopp,9864
lopp,9866
lopp,9867
lopp,9869
lopp,9871
lopp,9873
lopp,9874
lopp,9875
lopp,9877
lopp,9879
lopp,9880
lopp,9882
lopp,9883
lopp,9884
lopp,9885
lopp,9886
lopp,9889
lopp,9891
lopp,9892
lopp,9894
lopp,9895
lopp,9898
lopp,9899
lopp,9900
lopp,9902
lopp,9903
lopp,9906
lopp,9908
lopp,9909
lopp,9910
lopp,9911
lopp,9912
lopp,9913
lopp,9914
lopp,9917
lopp,9918
lopp,9922
lopp,9923
lopp,9924
lopp,9925
lopp,9926
lopp,9927
lopp,9928
lopp,9929
lopp,9931
lopp,9932
lopp,9933
lopp,9934
lopp,9936
lopp,9939
lopp,9940
lopp,9942
lopp,9944
lopp,9945
lopp,9946
lopp,9947
lopp,9948
lopp,9951
lopp,9952
lopp,9953
lopp,9955
lopp,9956
lopp,9957
lopp,9959
lopp,9960
lopp,9961
lopp,9962
lopp,9963
lopp,9964
lopp,9965
lopp,9967
lopp,9968
lopp,9969
lopp,9970
lopp,9971
lopp,9972
lopp,9974
lopp,9976
lopp,9977
lopp,9980
lopp,9984
lopp,9985
lopp,9986
lopp,9987
lopp,9989
lopp,9990
lopp,9991
lopp,9994
lopp,9996
lopp,9997
lopp,9999
lopp,10000
lopp,10001
lopp,10002
lopp,10003
lopp,10004
lopp,10005
lopp,10006
lopp,10008
lopp,10009
lopp,10011
lopp,10012
lopp,10013
lopp,10014
lopp,10016
lopp,10017
lopp,10018
lopp,10019
lopp,10020
lopp,10021
lopp,10022
lopp,10023
lopp,10024
lopp,10025
lopp,10026
lopp,10027
lopp,10028
lopp,10029
lopp,10030
lopp,10031
lopp,10032
lopp,10033
lopp,10034
lopp,10035
lopp,10036
lopp,10037
lopp,10039
lopp,10041
lopp,10042
lopp,10043
lopp,10044
lopp,10045
lopp,10046
lopp,10047
lopp,10048
lopp,10050
lopp,10051
lopp,10052
lopp,10054
lopp,10055
lopp,10058
lopp,10059
lopp,10060
lopp,10061
lopp,10063
lopp,10064
lopp,10065
lopp,10066
lopp,10067
lopp,10068
lopp,10069
lopp,10070
lopp,10072
lopp,10073
lopp,10074
lopp,10075
lopp,10076
lopp,10077
lopp,10079
lopp,10080
lopp,10081
lopp,10082
lopp,10083
lopp,10084
lopp,10085
lopp,10086
lopp,10087
lopp,10088
lopp,10089
lopp,10090
lopp,10091
lopp,10092
lopp,10094
lopp,10095
lopp,10096
lopp,10097
lopp,10098
lopp,10099
lopp,10100
lopp,10101
lopp,10102
lopp,10103
lopp,10105
lopp,10106
lopp,10108
lopp,10109
lopp,10110
lopp,10111
lopp,10112
lopp,10113
lopp,10114
lopp,10115
lopp,10116
lopp,10118
lopp,10119
lopp,10120
lopp,10121
lopp,10122
lopp,10123
lopp,10124
lopp,10125
lopp,10127
lopp,10128
lopp,10129
lopp,10130
lopp,10131
lopp,10132
lopp,10134
lopp,10135
lopp,10136
lopp,10137
lopp,10138
lopp,10139
lopp,10140
lopp,10141
lopp,10142
lopp,10143
lopp,10144
lopp,10145
lopp,10146
lopp,10147
lopp,10148
lopp,10149
lopp,10150
lopp,10151
lopp,10152
lopp,10153
lopp,10154
lopp,10156
lopp,10157
lopp,10158
lopp,10160
lopp,10161
lopp,10162
lopp,10163
lopp,10164
lopp,10165
lopp,10166
lopp,10167
lopp,10168
lopp,10169
lopp,10170
lopp,10171
lopp,10173
lopp,10174
lopp,10175
lopp,10176
lopp,10177
lopp,10178
lopp,10179
lopp,10181
lopp,10182
lopp,10183
lopp,10184
lopp,10185
lopp,10186
lopp,10187
lopp,10189
lopp,10190
lopp,10191
lopp,10192
lopp,10193
lopp,10194
lopp,10195
lopp,10197
lopp,10198
lopp,10200
lopp,10201
lopp,10202
lopp,10203
lopp,10204
lopp,10205
lopp,10206
lopp,10207
lopp,10208
lopp,10209
lopp,10211
lopp,10213
lopp,10215
lopp,10216
lopp,10218
lopp,10219
lopp,10220
lopp,10221
lopp,10222
lopp,10223
lopp,10224
lopp,10226
lopp,10227
lopp,10228
lopp,10230
lopp,10231
lopp,10235
lopp,10236
lopp,10237
lopp,10238
lopp,10240
lopp,10241
lopp,10242
lopp,10245
lopp,10246
lopp,10247
lopp,10248
lopp,10249
lopp,10250
lopp,10251
lopp,10252
lopp,10253
lopp,10254
lopp,10255
lopp,10256
lopp,10257
lopp,10258
lopp,10260
lopp,10261
lopp,10262
lopp,10263
lopp,10264
lopp,10265
lopp,10266
lopp,10267
lopp,10268
lopp,10269
lopp,10274
lopp,10275
lopp,10276
lopp,10277
lopp,10279
lopp,10280
lopp,10281
lopp,10282
lopp,10283
lopp,10284
lopp,10285
lopp,10287
lopp,10288
lopp,10289
lopp,10291
lopp,10292
lopp,10293
lopp,10294
lopp,10295
lopp,10296
lopp,10298
lopp,10299
lopp,10300
lopp,10301
lopp,10302
lopp,10303
lopp,10304
lopp,10305
lopp,10306
lopp,10307
lopp,10308
lopp,10309
lopp,10310
lopp,10312
lopp,10313
lopp,10314
lopp,10315
lopp,10316
lopp,10317
lopp,10320
lopp,10321
lopp,10322
lopp,10323
lopp,10324
lopp,10325
lopp,10326
lopp,10327
lopp,10328
lopp,10329
lopp,10330
lopp,10331
lopp,10333
lopp,10334
lopp,10335
lopp,10336
lopp,10337
lopp,10338
lopp,10340
lopp,10341
lopp,10342
lopp,10343
lopp,10344
lopp,10345
lopp,10346
lopp,10347
lopp,10348
lopp,10350
lopp,10352
lopp,10353
lopp,10356
lopp,10357
lopp,10359
lopp,10361
lopp,10362
lopp,10364
lopp,10365
lopp,10367
lopp,10368
lopp,10369
lopp,10370
lopp,10371
lopp,10372
lopp,10373
lopp,10375
lopp,10376
lopp,10377
lopp,10378
lopp,10379
lopp,10381
lopp,10382
lopp,10383
lopp,10384
lopp,10385
lopp,10388
lopp,10390
lopp,10391
lopp,10392
lopp,10394
lopp,10395
lopp,10397
lopp,10398
lopp,10399
lopp,10401
lopp,10402
lopp,10403
lopp,10404
lopp,10405
lopp,10406
lopp,10407
lopp,10409
lopp,10410
lopp,10411
lopp,10412
lopp,10414
lopp,10415
lopp,10416
lopp,10417
lopp,10418
lopp,10419
lopp,10422
lopp,10423
lopp,10424
lopp,10425
lopp,10426
lopp,10427
lopp,10428
lopp,10429
lopp,10430
lopp,10431
lopp,10433
lopp,10434
lopp,10435
lopp,10436
lopp,10438
lopp,10439
lopp,10441
lopp,10442
lopp,10443
lopp,10444
lopp,10445
lopp,10446
lopp,10447
lopp,10448
lopp,10449
lopp,10450
lopp,10451
lopp,10452
lopp,10454
lopp,10456
lopp,10459
lopp,10460
lopp,10462
lopp,10464
lopp,10466
lopp,10467
lopp,10470
lopp,10471
lopp,10472
lopp,10473
lopp,10474
lopp,10475
lopp,10476
lopp,10477
lopp,10478
lopp,10479
lopp,10480
lopp,10481
lopp,10482
lopp,10483
lopp,10485
lopp,10486
lopp,10487
lopp,10488
lopp,10489
lopp,10490
lopp,10491
lopp,10493
lopp,10494
lopp,10495
lopp,10497
lopp,10498
lopp,10499
lopp,10500
lopp,10502
lopp,10503
lopp,10504
lopp,10506
lopp,10507
lopp,10508
lopp,10511
lopp,10512
lopp,10513
lopp,10515
lopp,10516
lopp,10518
lopp,10520
lopp,10522
lopp,10523
lopp,10525
lopp,10526
lopp,10527
lopp,10528
lopp,10530
lopp,10531
lopp,10532
lopp,10533
lopp,10534
lopp,10535
lopp,10537
lopp,10538
lopp,10539
lopp,10540
lopp,10542
lopp,10543
lopp,10544
lopp,10546
lopp,10548
lopp,10549
lopp,10550
lopp,10552
lopp,10554
lopp,10555
lopp,10561
lopp,10562
lopp,10563
lopp,10564
lopp,10565
lopp,10567
lopp,10568
lopp,10569
lopp,10570
lopp,10571
lopp,10572
lopp,10573
lopp,10575
lopp,10577
lopp,10579
lopp,10580
lopp,10581
lopp,10582
lopp,10583
lopp,10584
lopp,10586
lopp,10587
lopp,10588
lopp,10589
lopp,10590
lopp,10591
lopp,10592
lopp,10594
lopp,10595
lopp,10596
lopp,10597
lopp,10599
lopp,10601
lopp,10602
lopp,10603
lopp,10604
lopp,10607
lopp,10608
lopp,10609
lopp,10610
lopp,10611
lopp,10612
lopp,10613
lopp,10614
lopp,10615
lopp,10616
lopp,10617
lopp,10618
lopp,10620
lopp,10621
lopp,10622
lopp,10623
lopp,10624
lopp,10625
lopp,10627
lopp,10629
lopp,10630
lopp,10631
lopp,10632
lopp,10633
lopp,10634
lopp,10635
lopp,10637
lopp,10638
lopp,10639
lopp,10640
lopp,10641
lopp,10642
lopp,10643
lopp,10645
lopp,10647
lopp,10648
lopp,10649
lopp,10650
lopp,10652
lopp,10653
lopp,10654
lopp,10655
lopp,10656
lopp,10658
lopp,10659
lopp,10660
lopp,10661
lopp,10662
lopp,10663
lopp,10665
lopp,10666
lopp,10668
lopp,10669
lopp,10670
lopp,10671
lopp,10672
lopp,10673
lopp,10674
lopp,10675
lopp,10676
lopp,10678
lopp,10679
lopp,10680
lopp,10681
lopp,10682
lopp,10685
lopp,10686
lopp,10687
lopp,10688
lopp,10689
lopp,10691
lopp,10692
lopp,10693
lopp,10694
lopp,10695
lopp,10696
lopp,10697
lopp,10698
lopp,10699
lopp,10700
lopp,10701
lopp,10703
lopp,10704
lopp,10705
lopp,10706
lopp,10707
lopp,10708
lopp,10709
lopp,10710
lopp,10712
lopp,10713
lopp,10714
lopp,10715
lopp,10716
lopp,10717
lopp,10718
lopp,10722
lopp,10723
lopp,10724
lopp,10725
lopp,10727
lopp,10729
lopp,10730
lopp,10732
lopp,10733
lopp,10735
lopp,10736
lopp,10737
lopp,10738
lopp,10739
lopp,10740
lopp,10741
lopp,10744
lopp,10746
lopp,10747
lopp,10749
lopp,10750
lopp,10751
lopp,10752
lopp,10754
lopp,10755
lopp,10757
lopp,10758
lopp,10759
lopp,10760
lopp,10761
lopp,10762
lopp,10764
lopp,10765
lopp,10766
lopp,10768
lopp,10769
lopp,10770
lopp,10771
lopp,10773
lopp,10775
lopp,10776
lopp,10778
lopp,10779
lopp,10780
lopp,10781
lopp,10782
lopp,10784
lopp,10785
lopp,10786
lopp,10787
lopp,10788
lopp,10789
lopp,10790
lopp,10791
lopp,10792
lopp,10793
lopp,10795
lopp,10796
lopp,10798
lopp,10799
lopp,10800
lopp,10801
lopp,10802
lopp,10803
lopp,10804
lopp,10805
lopp,10807
lopp,10808
lopp,10809
lopp,10811
lopp,10813
lopp,10814
lopp,10815
lopp,10816
lopp,10817
lopp,10818
lopp,10819
lopp,10820
lopp,10821
lopp,10822
lopp,10824
lopp,10826
lopp,10828
lopp,10829
lopp,10830
lopp,10831
lopp,10832
lopp,10835
lopp,10837
lopp,10838
lopp,10839
lopp,10840
lopp,10841
lopp,10842
lopp,10843
lopp,10845
lopp,10846
lopp,10847
lopp,10848
lopp,10849
lopp,10851
lopp,10853
lopp,10856
lopp,10857
lopp,10858
lopp,10859
lopp,10863
lopp,10864
lopp,10868
lopp,10869
lopp,10870
lopp,10871
lopp,10872
lopp,10873
lopp,10874
lopp,10875
lopp,10877
lopp,10878
lopp,10880
lopp,10881
lopp,10882
lopp,10884
lopp,10885
lopp,10886
lopp,10887
lopp,10889
lopp,10890
lopp,10891
lopp,10893
lopp,10894
lopp,10895
lopp,10896
lopp,10898
lopp,10900
lopp,10901
lopp,10902
lopp,10904
lopp,10905
lopp,10906
lopp,10908
lopp,10910
lopp,10911
lopp,10912
lopp,10913
lopp,10915
lopp,10916
lopp,10917
lopp,10918
lopp,10921
lopp,10923
lopp,10924
lopp,10925
lopp,10927
lopp,10928
lopp,10929
lopp,10932
lopp,10933
lopp,10934
lopp,10936
lopp,10937
lopp,10938
lopp,10939
lopp,10940
lopp,10941
lopp,10943
lopp,10944
lopp,10945
lopp,10946
lopp,10947
lopp,10948
lopp,10949
lopp,10950
lopp,10953
lopp,10954
lopp,10955
lopp,10956
lopp,10958
lopp,10960
lopp,10961
lopp,10962
lopp,10963
lopp,10964
lopp,10965
lopp,10966
lopp,10967
lopp,10969
lopp,10971
lopp,10972
lopp,10973
lopp,10975
lopp,10976
lopp,10977
lopp,10978
lopp,10980
lopp,10981
lopp,10982
lopp,10984
lopp,10985
lopp,10986
lopp,10988
lopp,10989
lopp,10991
lopp,10992
lopp,10993
lopp,10994
lopp,10995
lopp,10996
lopp,10997
lopp,10999
lopp,11001
lopp,11002
lopp,11003
lopp,11004
lopp,11007
lopp,11008
lopp,11009
lopp,11010
lopp,11011
lopp,11012
lopp,11013
lopp,11014
lopp,11016
lopp,11017
lopp,11019
lopp,11020
lopp,11022
lopp,11023
lopp,11025
lopp,11026
lopp,11027
lopp,11028
lopp,11029
lopp,11031
lopp,11032
lopp,11033
lopp,11034
lopp,11036
lopp,11040
lopp,11041
lopp,11042
lopp,11043
lopp,11044
lopp,11045
lopp,11047
lopp,11048
lopp,11049
lopp,11050
lopp,11052
lopp,11054
lopp,11056
lopp,11057
lopp,11059
lopp,11060
lopp,11061
lopp,11062
lopp,11063
lopp,11064
lopp,11066
lopp,11068
lopp,11069
lopp,11070
lopp,11071
lopp,11073
lopp,11074
lopp,11076
lopp,11078
lopp,11079
lopp,11081
lopp,11082
lopp,11083
lopp,11084
lopp,11085
lopp,11086
lopp,11087
lopp,11090
lopp,11091
lopp,11093
lopp,11094
lopp,11096
lopp,11097
lopp,11098
lopp,11099
lopp,11101
lopp,11103
lopp,11104
lopp,11106
lopp,11107
lopp,11109
lopp,11111
lopp,11112
lopp,11113
lopp,11114
lopp,11115
lopp,11116
lopp,11118
lopp,11119
lopp,11120
lopp,11121
lopp,11122
lopp,11123
lopp,11124
lopp,11125
lopp,11126
lopp,11128
lopp,11130
lopp,11131
lopp,11133
lopp,11135
lopp,11136
lopp,11138
lopp,11139
lopp,11140
lopp,11141
lopp,11143
lopp,11144
lopp,11145
lopp,11146
lopp,11148
lopp,11149
lopp,11152
lopp,11154
lopp,11155
lopp,11159
lopp,11160
lopp,11161
lopp,11162
lopp,11163
lopp,11164
lopp,11166
lopp,11167
lopp,11168
lopp,11169
lopp,11170
lopp,11171
lopp,11172
lopp,11174
lopp,11175
lopp,11176
lopp,11178
lopp,11179
lopp,11181
lopp,11182
lopp,11183
lopp,11185
lopp,11188
lopp,11189
lopp,11191
lopp,11192
lopp,11193
lopp,11195
lopp,11196
lopp,11197
lopp,11198
lopp,11199
lopp,11200
lopp,11201
lopp,11203
lopp,11204
lopp,11206
lopp,11207
lopp,11208
lopp,11210
lopp,11211
lopp,11214
lopp,11215
lopp,11216
lopp,11219
lopp,11221
lopp,11222
lopp,11223
lopp,11225
lopp,11226
lopp,11227
lopp,11228
lopp,11230
lopp,11231
lopp,11232
lopp,11233
lopp,11234
lopp,11235
lopp,11236
lopp,11237
lopp,11239
lopp,11241
lopp,11243
lopp,11245
lopp,11246
lopp,11247
lopp,11248
lopp,11249
lopp,11250
lopp,11252
lopp,11253
lopp,11254
lopp,11255
lopp,11257
lopp,11259
lopp,11260
lopp,11261
lopp,11262
lopp,11263
lopp,11265
lopp,11266
lopp,11269
lopp,11271
lopp,11272
lopp,11273
lopp,11274
lopp,11276
lopp,11277
lopp,11280
lopp,11281
lopp,11282
lopp,11283
lopp,11284
lopp,11285
lopp,11286
lopp,11287
lopp,11288
lopp,11289
lopp,11290
lopp,11291
lopp,11292
lopp,11293
lopp,11294
lopp,11295
lopp,11296
lopp,11297
lopp,11298
lopp,11301
lopp,11302
lopp,11303
lopp,11304
lopp,11306
lopp,11307
lopp,11308
lopp,11309
lopp,11312
lopp,11313
lopp,11314
lopp,11315
lopp,11316
lopp,11318
lopp,11319
lopp,11321
lopp,11322
lopp,11323
lopp,11324
lopp,11326
lopp,11327
lopp,11328
lopp,11330
lopp,11331
lopp,11332
lopp,11333
lopp,11334
lopp,11335
lopp,11336
lopp,11338
lopp,11339
lopp,11340
lopp,11341
lopp,11342
lopp,11343
lopp,11344
lopp,11345
lopp,11347
lopp,11348
lopp,11349
lopp,11350
lopp,11351
lopp,11353
lopp,11354
lopp,11355
lopp,11356
lopp,11357
lopp,11358
lopp,11360
lopp,11361
lopp,11362
lopp,11363
lopp,11365
lopp,11367
lopp,11369
lopp,11372
lopp,11373
lopp,11374
lopp,11375
lopp,11377
lopp,11379
lopp,11381
lopp,11383
lopp,11386
lopp,11387
lopp,11388
lopp,11389
lopp,11391
lopp,11393
lopp,11394
lopp,11395
lopp,11396
lopp,11399
lopp,11400
lopp,11401
lopp,11402
lopp,11403
lopp,11405
lopp,11407
lopp,11408
lopp,11409
lopp,11413
lopp,11414
lopp,11415
lopp,11417
lopp,11418
lopp,11419
lopp,11420
lopp,11421
lopp,11422
lopp,11423
lopp,11424
lopp,11425
lopp,11426
lopp,11428
lopp,11429
lopp,11430
lopp,11431
lopp,11433
lopp,11434
lopp,11435
lopp,11436
lopp,11440
lopp,11441
lopp,11444
lopp,11445
lopp,11446
lopp,11447
lopp,11448
lopp,11449
lopp,11450
lopp,11451
lopp,11453
lopp,11454
lopp,11455
lopp,11456
lopp,11457
lopp,11458
lopp,11459
lopp,11460
lopp,11462
lopp,11463
lopp,11465
lopp,11467
lopp,11468
lopp,11470
lopp,11471
lopp,11472
lopp,11473
lopp,11474
lopp,11476
lopp,11477
lopp,11479
lopp,11480
lopp,11481
lopp,11483
lopp,11485
lopp,11486
lopp,11488
lopp,11490
lopp,11491
lopp,11493
lopp,11494
lopp,11495
lopp,11496
lopp,11497
lopp,11498
lopp,11502
lopp,11503
lopp,11505
lopp,11506
lopp,11507
lopp,11508
lopp,11509
lopp,11510
lopp,11512
lopp,11513
lopp,11514
lopp,11515
lopp,11516
lopp,11518
lopp,11519
lopp,11522
lopp,11524
lopp,11525
lopp,11526
lopp,11528
lopp,11529
lopp,11531
lopp,11532
lopp,11533
lopp,11534
lopp,11535
lopp,11536
lopp,11537
lopp,11538
lopp,11539
lopp,11540
lopp,11541
lopp,11542
lopp,11544
lopp,11546
lopp,11548
lopp,11549
lopp,11550
lopp,11551
lopp,11553
lopp,11554
lopp,11556
lopp,11557
lopp,11558
lopp,11559
lopp,11560
lopp,11562
lopp,11563
lopp,11564
lopp,11565
lopp,11566
lopp,11567
lopp,11569
lopp,11571
lopp,11572
lopp,11573
lopp,11576
lopp,11577
lopp,11578
lopp,11581
lopp,11582
lopp,11585
lopp,11586
lopp,11587
lopp,11588
lopp,11589
lopp,11590
lopp,11591
lopp,11592
lopp,11593
lopp,11595
lopp,11596
lopp,11597
lopp,11598
lopp,11599
lopp,11600
lopp,11601
lopp,11603
lopp,11604
lopp,11607
lopp,11608
lopp,11609
lopp,11611
lopp,11613
lopp,11615
lopp,11617
lopp,11618
lopp,11620
lopp,11623
lopp,11625
lopp,11628
lopp,11629
lopp,11630
lopp,11631
lopp,11633
lopp,11634
lopp,11635
lopp,11636
lopp,11638
lopp,11640
lopp,11641
lopp,11643
lopp,11644
lopp,11645
lopp,11646
lopp,11647
lopp,11648
lopp,11649
lopp,11651
lopp,11652
lopp,11653
lopp,11654
lopp,11655
lopp,11656
lopp,11659
lopp,11660
lopp,11661
lopp,11662
lopp,11663
lopp,11664
lopp,11665
lopp,11666
lopp,11667
lopp,11668
lopp,11671
lopp,11673
lopp,11675
lopp,11676
lopp,11678
lopp,11680
lopp,11682
lopp,11683
lopp,11685
lopp,11687
lopp,11689
lopp,11691
lopp,11692
lopp,11693
lopp,11694
lopp,11695
lopp,11696
lopp,11697
lopp,11698
lopp,11700
lopp,11701
lopp,11702
lopp,11703
lopp,11704
lopp,11706
lopp,11707
lopp,11708
lopp,11709
lopp,11711
lopp,11712
lopp,11713
lopp,11714
lopp,11715
lopp,11718
lopp,11719
lopp,11720
lopp,11721
lopp,11723
lopp,11724
lopp,11727
lopp,11729
lopp,11731
lopp,11732
lopp,11733
lopp,11734
lopp,11735
lopp,11736
lopp,11741
lopp,11742
lopp,11743
lopp,11744
lopp,11745
lopp,11746
lopp,11748
lopp,11750
lopp,11753
lopp,11754
lopp,11756
lopp,11757
lopp,11758
lopp,11760
lopp,11761
lopp,11762
lopp,11764
lopp,11765
lopp,11766
lopp,11767
lopp,11769
lopp,11771
lopp,11773
lopp,11774
lopp,11775
lopp,11777
lopp,11778
lopp,11780
lopp,11781
lopp,11782
lopp,11783
lopp,11784
lopp,11786
lopp,11787
lopp,11788
lopp,11789
lopp,11790
lopp,11793
lopp,11794
lopp,11795
lopp,11796
lopp,11797
lopp,11799
lopp,11800
lopp,11802
lopp,11805
lopp,11806
lopp,11808
lopp,11809
lopp,11810
lopp,11811
lopp,11812
lopp,11813
lopp,11814
lopp,11815
lopp,11816
lopp,11817
lopp,11820
lopp,11821
lopp,11822
lopp,11823
lopp,11824
lopp,11825
lopp,11826
lopp,11827
lopp,11829
lopp,11830
lopp,11831
lopp,11832
lopp,11833
lopp,11834
lopp,11836
lopp,11837
lopp,11839
lopp,11842
lopp,11843
lopp,11844
lopp,11845
lopp,11846
lopp,11848
lopp,11850
lopp,11851
lopp,11852
lopp,11853
lopp,11854
lopp,11855
lopp,11856
lopp,11857
lopp,11858
lopp,11861
lopp,11862
lopp,11863
lopp,11864
lopp,11865
lopp,11867
lopp,11868
lopp,11869
lopp,11870
lopp,11871
lopp,11873
lopp,11874
lopp,11875
lopp,11878
lopp,11879
lopp,11881
lopp,11883
lopp,11884
lopp,11887
lopp,11888
lopp,11889
lopp,11892
lopp,11893
lopp,11894
lopp,11895
lopp,11898
lopp,11899
lopp,11900
lopp,11901
lopp,11903
lopp,11905
lopp,11906
lopp,11908
lopp,11909
lopp,11910
lopp,11912
lopp,11913
lopp,11914
lopp,11915
lopp,11916
lopp,11917
lopp,11918
lopp,11920
lopp,11923
lopp,11924
lopp,11925
lopp,11927
lopp,11929
lopp,11930
lopp,11931
lopp,11932
lopp,11933
lopp,11934
lopp,11936
lopp,11938
lopp,11939
lopp,11940
lopp,11941
lopp,11942
lopp,11943
lopp,11944
lopp,11945
lopp,11946
lopp,11947
lopp,11949
lopp,11950
lopp,11951
lopp,11952
lopp,11953
lopp,11954
lopp,11955
lopp,11957
lopp,11958
lopp,11959
lopp,11960
lopp,11961
lopp,11962
lopp,11963
lopp,11968
lopp,11969
lopp,11970
lopp,11971
lopp,11972
lopp,11973
lopp,11974
lopp,11977
lopp,11978
lopp,11979
lopp,11980
lopp,11981
lopp,11982
lopp,11984
lopp,11985
lopp,11986
lopp,11988
lopp,11989
lopp,11990
lopp,11991
lopp,11993
lopp,11994
lopp,11995
lopp,11996
lopp,11997
lopp,11998
lopp,12000
lopp,12002
lopp,12003
lopp,12004
lopp,12006
lopp,12007
lopp,12009
lopp,12011
lopp,12012
lopp,12013
lopp,12014
lopp,12015
lopp,12017
lopp,12018
lopp,12019
lopp,12020
lopp,12021
lopp,12022
lopp,12023
lopp,12026
lopp,12027
lopp,12029
lopp,12031
lopp,12034
lopp,12035
lopp,12037
lopp,12038
lopp,12039
lopp,12040
lopp,12041
lopp,12042
lopp,12043
lopp,12044
lopp,12045
lopp,12046
lopp,12047
lopp,12049
lopp,12050
lopp,12051
lopp,12052
lopp,12053
lopp,12054
lopp,12055
lopp,12056
lopp,12057
lopp,12058
lopp,12060
lopp,12061
lopp,12062
lopp,12063
lopp,12065
lopp,12067
lopp,12068
lopp,12069
lopp,12070
lopp,12071
lopp,12073
lopp,12074
lopp,12075
lopp,12076
lopp,12077
lopp,12078
lopp,12079
lopp,12080
lopp,12081
lopp,12082
lopp,12085
lopp,12086
lopp,12087
lopp,12088
lopp,12089
lopp,12090
lopp,12092
lopp,12093
lopp,12094
lopp,12095
lopp,12097
lopp,12099
lopp,12100
lopp,12101
lopp,12102
lopp,12103
lopp,12104
lopp,12105
lopp,12107
lopp,12108
lopp,12109
lopp,12111
lopp,12112
lopp,12113
lopp,12115
lopp,12116
lopp,12117
lopp,12118
lopp,12119
lopp,12121
lopp,12122
lopp,12124
lopp,12125
lopp,12126
lopp,12128
lopp,12129
lopp,12131
lopp,12132
lopp,12133
lopp,12134
lopp,12135
lopp,12136
lopp,12137
lopp,12139
lopp,12141
lopp,12142
lopp,12144
lopp,12146
lopp,12147
lopp,12148
lopp,12150
lopp,12151
lopp,12152
lopp,12154
lopp,12155
lopp,12156
lopp,12157
lopp,12159
lopp,12160
lopp,12162
lopp,12163
lopp,12165
lopp,12167
lopp,12169
lopp,12171
lopp,12172
lopp,12173
lopp,12174
lopp,12175
lopp,12177
lopp,12178
lopp,12179
lopp,12180
lopp,12181
lopp,12183
lopp,12184
lopp,12187
lopp,12189
lopp,12192
lopp,12194
lopp,12195
lopp,12196
lopp,12197
lopp,12199
lopp,12200
lopp,12202
lopp,12203
lopp,12204
lopp,12205
lopp,12207
lopp,12208
lopp,12209
lopp,12210
lopp,12211
lopp,12212
lopp,12214
lopp,12215
lopp,12216
lopp,12217
lopp,12219
lopp,12220
lopp,12221
lopp,12222
lopp,12223
lopp,12224
lopp,12225
lopp,12226
lopp,12227
lopp,12228
lopp,12229
lopp,12230
lopp,12231
lopp,12232
lopp,12235
lopp,12237
lopp,12238
lopp,12240
lopp,12242
lopp,12243
lopp,12244
lopp,12245
lopp,12246
lopp,12247
lopp,12248
lopp,12250
lopp,12251
lopp,12253
lopp,12254
lopp,12256
lopp,12257
lopp,12258
lopp,12259
lopp,12260
lopp,12261
lopp,12262
lopp,12263
lopp,12264
lopp,12266
lopp,12267
lopp,12268
lopp,12269
lopp,12271
lopp,12272
lopp,12274
lopp,12276
lopp,12277
lopp,12279
lopp,12280
lopp,12281
lopp,12283
lopp,12285
lopp,12286
lopp,12287
lopp,12289
lopp,12290
lopp,12291
lopp,12292
lopp,12293
lopp,12294
lopp,12295
lopp,12296
lopp,12297
lopp,12298
lopp,12300
lopp,12301
lopp,12302
lopp,12303
lopp,12304
lopp,12305
lopp,12306
lopp,12307
lopp,12308
lopp,12309
lopp,12310
lopp,12312
lopp,12313
lopp,12315
lopp,12317
lopp,12318
lopp,12319
lopp,12320
lopp,12321
lopp,12322
lopp,12324
lopp,12325
lopp,12326
lopp,12327
lopp,12328
lopp,12329
lopp,12331
lopp,12332
lopp,12336
lopp,12337
lopp,12338
lopp,12341
lopp,12344
lopp,12345
lopp,12346
lopp,12347
lopp,12348
lopp,12350
lopp,12351
lopp,12352
lopp,12353
lopp,12354
lopp,12355
lopp,12356
lopp,12357
lopp,12358
lopp,12359
lopp,12360
lopp,12361
lopp,12363
lopp,12365
lopp,12366
lopp,12367
lopp,12368
lopp,12369
lopp,12370
lopp,12371
lopp,12372
lopp,12373
lopp,12374
lopp,12375
lopp,12376
lopp,12377
lopp,12378
lopp,12379
lopp,12380
lopp,12381
lopp,12382
lopp,12383
lopp,12384
lopp,12386
lopp,12387
lopp,12388
lopp,12389
lopp,12390
lopp,12391
lopp,12393
lopp,12394
lopp,12395
lopp,12396
lopp,12397
lopp,12398
lopp,12399
lopp,12400
lopp,12402
lopp,12403
lopp,12405
lopp,12406
lopp,12408
lopp,12409
lopp,12410
lopp,12412
lopp,12413
lopp,12414
lopp,12415
lopp,12416
lopp,12417
lopp,12419
lopp,12420
lopp,12421
lopp,12422
lopp,12423
lopp,12424
lopp,12425
lopp,12427
lopp,12428
lopp,12429
lopp,12431
lopp,12433
lopp,12435
lopp,12436
lopp,12438
lopp,12439
lopp,12440
lopp,12442
lopp,12443
lopp,12444
lopp,12445
lopp,12446
lopp,12448
lopp,12449
lopp,12451
lopp,12452
lopp,12454
lopp,12455
lopp,12457
lopp,12458
lopp,12460
lopp,12462
lopp,12464
lopp,12465
lopp,12466
lopp,12467
lopp,12469
lopp,12471
lopp,12472
lopp,12473
lopp,12475
lopp,12476
lopp,12477
lopp,12479
lopp,12480
lopp,12481
lopp,12483
lopp,12485
lopp,12486
lopp,12487
lopp,12488
lopp,12489
lopp,12490
lopp,12491
lopp,12492
lopp,12496
lopp,12497
lopp,12498
lopp,12500
lopp,12501
lopp,12504
lopp,12505
lopp,12507
lopp,12509
lopp,12510
lopp,12511
lopp,12513
lopp,12514
lopp,12516
lopp,12517
lopp,12518
lopp,12519
lopp,12521
lopp,12523
lopp,12524
lopp,12526
lopp,12529
lopp,12530
lopp,12531
lopp,12533
lopp,12534
lopp,12535
lopp,12536
lopp,12538
lopp,12540
lopp,12541
lopp,12543
lopp,12544
lopp,12546
lopp,12547
lopp,12548
lopp,12549
lopp,12550
lopp,12552
lopp,12554
lopp,12555
lopp,12557
lopp,12558
lopp,12559
lopp,12560
lopp,12562
lopp,12564
lopp,12565
lopp,12566
lopp,12567
lopp,12569
lopp,12570
lopp,12571
lopp,12572
lopp,12573
lopp,12574
lopp,12575
lopp,12576
lopp,12577
lopp,12579
lopp,12580
lopp,12582
lopp,12583
lopp,12584
lopp,12585
lopp,12586
lopp,12587
lopp,12589
lopp,12590
lopp,12591
lopp,12592
lopp,12594
lopp,12595
lopp,12596
lopp,12597
lopp,12598
lopp,12599
lopp,12600
lopp,12601
lopp,12602
lopp,12603
lopp,12604
lopp,12605
lopp,12606
lopp,12607
lopp,12608
lopp,12609
lopp,12610
lopp,12611
lopp,12612
lopp,12613
lopp,12616
lopp,12617
lopp,12619
lopp,12620
lopp,12621
lopp,12622
lopp,12623
lopp,12626
lopp,12628
lopp,12631
lopp,12632
lopp,12633
lopp,12634
lopp,12635
lopp,12638
lopp,12642
lopp,12644
lopp,12647
lopp,12648
lopp,12649
lopp,12650
lopp,12651
lopp,12652
lopp,12654
lopp,12655
lopp,12656
lopp,12657
lopp,12660
lopp,12661
lopp,12663
lopp,12664
lopp,12666
lopp,12667
lopp,12668
lopp,12670
lopp,12672
lopp,12674
lopp,12675
lopp,12676
lopp,12677
lopp,12678
lopp,12679
lopp,12681
lopp,12682
lopp,12683
lopp,12684
lopp,12685
lopp,12686
lopp,12687
lopp,12690
lopp,12692
lopp,12693
lopp,12695
lopp,12696
lopp,12697
lopp,12699
lopp,12700
lopp,12701
lopp,12702
lopp,12703
lopp,12704
lopp,12705
lopp,12706
lopp,12707
lopp,12708
lopp,12710
lopp,12711
lopp,12714
lopp,12715
lopp,12717
lopp,12718
lopp,12719
lopp,12721
lopp,12722
lopp,12724
lopp,12725
lopp,12726
lopp,12727
lopp,12730
lopp,12731
lopp,12732
lopp,12734
lopp,12736
lopp,12738
lopp,12739
lopp,12740
lopp,12742
lopp,12743
lopp,12744
lopp,12745
lopp,12746
lopp,12748
lopp,12750
lopp,12752
lopp,12755
lopp,12756
lopp,12757
lopp,12758
lopp,12759
lopp,12762
lopp,12763
lopp,12765
lopp,12766
lopp,12767
lopp,12769
lopp,12771
lopp,12773
lopp,12774
lopp,12776
lopp,12777
lopp,12778
lopp,12780
lopp,12781
lopp,12782
lopp,12783
lopp,12784
lopp,12785
lopp,12786
lopp,12787
lopp,12788
lopp,12789
lopp,12791
lopp,12792
lopp,12793
lopp,12794
lopp,12795
lopp,12796
lopp,12797
lopp,12798
lopp,12799
lopp,12800
lopp,12803
lopp,12804
lopp,12805
lopp,12807
lopp,12808
lopp,12809
lopp,12810
lopp,12811
lopp,12813
lopp,12815
lopp,12817
lopp,12818
lopp,12819
lopp,12821
lopp,12822
lopp,12823
lopp,12826
lopp,12827
lopp,12828
lopp,12829
lopp,12830
lopp,12831
lopp,12832
lopp,12834
lopp,12835
lopp,12838
lopp,12839
lopp,12840
lopp,12842
lopp,12845
lopp,12846
lopp,12847
lopp,12848
lopp,12850
lopp,12851
lopp,12852
lopp,12853
lopp,12854
lopp,12856
lopp,12858
lopp,12859
lopp,12860
lopp,12861
lopp,12862
lopp,12863
lopp,12865
lopp,12866
lopp,12867
lopp,12868
lopp,12869
lopp,12870
lopp,12871
lopp,12872
lopp,12873
lopp,12877
lopp,12878
lopp,12881
lopp,12883
lopp,12884
lopp,12885
lopp,12886
lopp,12888
lopp,12890
lopp,12891
lopp,12892
lopp,12893
lopp,12894
lopp,12895
lopp,12896
lopp,12897
lopp,12898
lopp,12899
lopp,12900
lopp,12901
lopp,12903
lopp,12904
lopp,12908
lopp,12909
lopp,12910
lopp,12911
lopp,12912
lopp,12915
lopp,12916
lopp,12918
lopp,12920
lopp,12922
lopp,12923
lopp,12925
lopp,12926
lopp,12928
lopp,12929
lopp,12930
lopp,12931
lopp,12932
lopp,12933
lopp,12935
lopp,12936
lopp,12937
lopp,12938
lopp,12940
lopp,12943
lopp,12944
lopp,12945
lopp,12946
lopp,12947
lopp,12948
lopp,12949
lopp,12950
lopp,12951
lopp,12952
lopp,12953
lopp,12954
lopp,12956
lopp,12957
lopp,12958
lopp,12962
lopp,12964
lopp,12965
lopp,12966
lopp,12969
lopp,12970
lopp,12972
lopp,12973
lopp,12975
lopp,12979
lopp,12981
lopp,12984
lopp,12985
lopp,12987
lopp,12988
lopp,12990
lopp,12991
lopp,12993
lopp,12994
lopp,12996
lopp,12997
lopp,12998
lopp,12999
lopp,13000
lopp,13001
lopp,13002
lopp,13004
lopp,13007
lopp,13009
lopp,13010
lopp,13011
lopp,13012
lopp,13013
lopp,13014
lopp,13016
lopp,13017
lopp,13018
lopp,13019
lopp,13020
lopp,13021
lopp,13022
lopp,13023
lopp,13024
lopp,13025
lopp,13026
lopp,13028
lopp,13030
lopp,13031
lopp,13032
lopp,13033
lopp,13035
lopp,13036
lopp,13037
lopp,13038
lopp,13039
lopp,13042
lopp,13043
lopp,13044
lopp,13045
lopp,13047
lopp,13048
lopp,13049
lopp,13050
lopp,13051
lopp,13052
lopp,13054
lopp,13056
lopp,13057
lopp,13059
lopp,13061
lopp,13063
lopp,13066
lopp,13067
lopp,13068
lopp,13069
lopp,13070
lopp,13071
lopp,13072
lopp,13074
lopp,13075
lopp,13076
lopp,13078
lopp,13080
lopp,13082
lopp,13083
lopp,13084
lopp,13085
lopp,13086
lopp,13087
lopp,13088
lopp,13090
lopp,13091
lopp,13092
lopp,13094
lopp,13095
lopp,13096
lopp,13097
lopp,13098
lopp,13099
lopp,13100
lopp,13101
lopp,13105
lopp,13106
lopp,13107
lopp,13108
lopp,13109
lopp,13110
lopp,13111
lopp,13112
lopp,13113
lopp,13114
lopp,13116
lopp,13118
lopp,13119
lopp,13120
lopp,13121
lopp,13122
lopp,13124
lopp,13125
lopp,13126
lopp,13127
lopp,13129
lopp,13132
lopp,13134
lopp,13138
lopp,13139
lopp,13140
lopp,13141
lopp,13142
lopp,13144
lopp,13149
lopp,13151
lopp,13152
lopp,13153
lopp,13154
lopp,13155
lopp,13156
lopp,13157
lopp,13160
lopp,13161
lopp,13163
lopp,13165
lopp,13166
lopp,13168
lopp,13169
lopp,13171
lopp,13172
lopp,13173
lopp,13174
lopp,13175
lopp,13176
lopp,13177
lopp,13178
lopp,13180
lopp,13183
lopp,13184
lopp,13185
lopp,13187
lopp,13188
lopp,13190
lopp,13192
lopp,13193
lopp,13194
lopp,13197
lopp,13201
lopp,13202
lopp,13203
lopp,13204
lopp,13206
lopp,13207
lopp,13208
lopp,13209
lopp,13211
lopp,13212
lopp,13214
lopp,13215
lopp,13218
lopp,13219
lopp,13221
lopp,13222
lopp,13223
lopp,13224
lopp,13225
lopp,13226
lopp,13227
lopp,13228
lopp,13229
lopp,13230
lopp,13231
lopp,13232
lopp,13233
lopp,13234
lopp,13235
lopp,13236
lopp,13237
lopp,13238
lopp,13240
lopp,13241
lopp,13242
lopp,13244
lopp,13247
lopp,13249
lopp,13250
lopp,13252
lopp,13253
lopp,13255
lopp,13258
lopp,13259
lopp,13260
lopp,13261
lopp,13262
lopp,13263
lopp,13266
lopp,13267
lopp,13268
lopp,13269
lopp,13273
lopp,13274
lopp,13275
lopp,13276
lopp,13278
lopp,13279
lopp,13280
lopp,13281
lopp,13282
lopp,13283
lopp,13284
lopp,13286
lopp,13287
lopp,13288
lopp,13289
lopp,13292
lopp,13293
lopp,13296
lopp,13298
lopp,13299
lopp,13300
lopp,13301
lopp,13302
lopp,13303
lopp,13304
lopp,13305
lopp,13306
lopp,13309
lopp,13310
lopp,13311
lopp,13312
lopp,13313
lopp,13314
lopp,13317
lopp,13320
lopp,13321
lopp,13322
lopp,13323
lopp,13325
lopp,13326
lopp,13327
lopp,13328
lopp,13329
lopp,13330
lopp,13333
lopp,13335
lopp,13336
lopp,13337
lopp,13338
lopp,13340
lopp,13344
lopp,13347
lopp,13348
lopp,13349
lopp,13352
lopp,13353
lopp,13354
lopp,13355
lopp,13357
lopp,13360
lopp,13361
lopp,13362
lopp,13364
lopp,13365
lopp,13366
lopp,13367
lopp,13369
lopp,13370
lopp,13371
lopp,13372
lopp,13375
lopp,13376
lopp,13377
lopp,13378
lopp,13380
lopp,13381
lopp,13382
lopp,13383
lopp,13386
lopp,13389
lopp,13390
lopp,13391
lopp,13392
lopp,13394
lopp,13395
lopp,13396
lopp,13397
lopp,13398
lopp,13399
lopp,13400
lopp,13401
lopp,13402
lopp,13403
lopp,13404
lopp,13405
lopp,13406
lopp,13407
lopp,13408
lopp,13409
lopp,13410
lopp,13411
lopp,13415
lopp,13416
lopp,13417
lopp,13419
lopp,13421
lopp,13422
lopp,13427
lopp,13429
lopp,13430
lopp,13431
lopp,13432
lopp,13434
lopp,13437
lopp,13439
lopp,13440
lopp,13442
lopp,13443
lopp,13445
lopp,13446
lopp,13447
lopp,13448
lopp,13451
lopp,13452
lopp,13456
lopp,13458
lopp,13460
lopp,13461
lopp,13462
lopp,13465
lopp,13466
lopp,13469
lopp,13470
lopp,13473
lopp,13474
lopp,13475
lopp,13476
lopp,13477
lopp,13478
lopp,13479
lopp,13480
lopp,13482
lopp,13483
lopp,13484
lopp,13485
lopp,13487
lopp,13488
lopp,13491
lopp,13492
lopp,13493
lopp,13496
lopp,13497
lopp,13498
lopp,13499
lopp,13500
lopp,13501
lopp,13502
lopp,13503
lopp,13504
lopp,13506
lopp,13507
lopp,13508
lopp,13509
lopp,13512
lopp,13513
lopp,13514
lopp,13515
lopp,13517
lopp,13519
lopp,13520
lopp,13521
lopp,13524
lopp,13526
lopp,13527
lopp,13528
lopp,13530
lopp,13531
lopp,13532
lopp,13535
lopp,13538
lopp,13541
lopp,13542
lopp,13544
lopp,13545
lopp,13547
lopp,13549
lopp,13550
lopp,13551
lopp,13552
lopp,13553
lopp,13554
lopp,13555
lopp,13557
lopp,13558
lopp,13559
lopp,13560
lopp,13561
lopp,13562
lopp,13563
lopp,13564
lopp,13566
lopp,13569
lopp,13572
lopp,13574
lopp,13575
lopp,13576
lopp,13577
lopp,13580
lopp,13584
lopp,13585
lopp,13587
lopp,13589
lopp,13590
lopp,13591
lopp,13592
lopp,13594
lopp,13596
lopp,13597
lopp,13598
lopp,13599
lopp,13601
lopp,13602
lopp,13604
lopp,13605
lopp,13607
lopp,13608
lopp,13609
lopp,13610
lopp,13612
lopp,13614
lopp,13615
lopp,13616
lopp,13617
lopp,13619
lopp,13620
lopp,13622
lopp,13624
lopp,13625
lopp,13626
lopp,13627
lopp,13628
lopp,13629
lopp,13631
lopp,13633
lopp,13636
lopp,13637
lopp,13639
lopp,13640
lopp,13641
lopp,13642
lopp,13644
lopp,13645
lopp,13647
lopp,13649
lopp,13650
lopp,13652
lopp,13653
lopp,13654
lopp,13655
lopp,13657
lopp,13658
lopp,13660
lopp,13663
lopp,13664
lopp,13666
lopp,13668
lopp,13670
lopp,13671
lopp,13672
lopp,13673
lopp,13674
lopp,13676
lopp,13677
lopp,13678
lopp,13679
lopp,13680
lopp,13681
lopp,13682
lopp,13685
lopp,13686
lopp,13688
lopp,13689
lopp,13690
lopp,13691
lopp,13692
lopp,13695
lopp,13697
lopp,13698
lopp,13699
lopp,13702
lopp,13705
lopp,13707
lopp,13708
lopp,13709
lopp,13710
lopp,13711
lopp,13712
lopp,13714
lopp,13715
lopp,13717
lopp,13719
lopp,13720
lopp,13722
lopp,13723
lopp,13724
lopp,13725
lopp,13726
lopp,13728
lopp,13730
lopp,13731
lopp,13732
lopp,13733
lopp,13735
lopp,13736
lopp,13738
lopp,13739
lopp,13740
lopp,13741
lopp,13743
lopp,13744
lopp,13745
lopp,13747
lopp,13751
lopp,13752
lopp,13753
lopp,13754
lopp,13755
lopp,13757
lopp,13759
lopp,13760
lopp,13761
lopp,13762
lopp,13763
lopp,13766
lopp,13767
lopp,13768
lopp,13769
lopp,13771
lopp,13772
lopp,13773
lopp,13774
lopp,13775
lopp,13776
lopp,13778
lopp,13779
lopp,13780
lopp,13781
lopp,13783
lopp,13784
lopp,13785
lopp,13786
lopp,13787
lopp,13788
lopp,13790
lopp,13791
lopp,13793
lopp,13794
lopp,13795
lopp,13796
lopp,13797
lopp,13798
lopp,13799
lopp,13801
lopp,13802
lopp,13803
lopp,13805
lopp,13806
lopp,13807
lopp,13808
lopp,13810
lopp,13811
lopp,13812
lopp,13813
lopp,13814
lopp,13815
lopp,13817
lopp,13820
lopp,13822
lopp,13823
lopp,13824
lopp,13825
lopp,13826
lopp,13827
lopp,13829
lopp,13830
lopp,13836
lopp,13837
lopp,13838
lopp,13839
lopp,13841
lopp,13843
lopp,13844
lopp,13846
lopp,13847
lopp,13849
lopp,13850
lopp,13855
lopp,13856
lopp,13857
lopp,13858
lopp,13859
lopp,13860
lopp,13861
lopp,13862
lopp,13863
lopp,13864
lopp,13865
lopp,13866
lopp,13867
lopp,13868
lopp,13870
lopp,13871
lopp,13872
lopp,13873
lopp,13874
lopp,13875
lopp,13876
lopp,13877
lopp,13878
lopp,13899
lopp,13900
lopp,13901
lopp,13902
lopp,13903
lopp,13905
lopp,13906
lopp,13907
lopp,13908
lopp,13909
lopp,13910
lopp,13911
lopp,13914
lopp,13915
lopp,13916
lopp,13917
lopp,13919
lopp,13920
lopp,13921
lopp,13922
lopp,13924
lopp,13925
lopp,13928
lopp,13930
lopp,13932
lopp,13933
lopp,13935
lopp,13936
lopp,13937
lopp,13938
lopp,13939
lopp,13940
lopp,13941
lopp,13942
lopp,13943
lopp,13944
lopp,13946
lopp,13947
lopp,13948
lopp,13949
lopp,13951
lopp,13953
lopp,13954
lopp,13955
lopp,13957
lopp,13958
lopp,13959
lopp,13960
lopp,13961
lopp,13963
lopp,13964
lopp,13965
lopp,13968
lopp,13969
lopp,13970
lopp,13972
lopp,13974
lopp,13975
lopp,13976
lopp,13978
lopp,13979
lopp,13980
lopp,13981
lopp,13982
lopp,13985
lopp,13986
lopp,13987
lopp,13989
lopp,13990
lopp,13991
lopp,13993
lopp,13994
lopp,13995
lopp,13996
lopp,13998
lopp,13999
lopp,14000
lopp,14001
lopp,14003
lopp,14004
lopp,14006
lopp,14008
lopp,14009
lopp,14010
lopp,14012
lopp,14015
lopp,14016
lopp,14019
lopp,14020
lopp,14021
lopp,14023
lopp,14024
lopp,14025
lopp,14026
lopp,14027
lopp,14028
lopp,14030
lopp,14031
lopp,14032
lopp,14033
lopp,14034
lopp,14035
lopp,14038
lopp,14039
lopp,14040
lopp,14041
lopp,14043
lopp,14045
lopp,14046
lopp,14048
lopp,14049
lopp,14051
lopp,14052
lopp,14053
lopp,14057
lopp,14058
lopp,14059
lopp,14060
lopp,14062
lopp,14063
lopp,14064
lopp,14065
lopp,14066
lopp,14067
lopp,14068
lopp,14069
lopp,14070
lopp,14071
lopp,14072
lopp,14073
lopp,14074
lopp,14075
lopp,14077
lopp,14078
lopp,14080
lopp,14081
lopp,14082
lopp,14084
lopp,14086
lopp,14087
lopp,14088
lopp,14089
lopp,14091
lopp,14092
lopp,14093
lopp,14094
lopp,14095
lopp,14096
lopp,14098
lopp,14099
lopp,14100
lopp,14101
lopp,14103
lopp,14105
lopp,14107
lopp,14108
lopp,14111
lopp,14112
lopp,14114
lopp,14115
lopp,14116
lopp,14117
lopp,14118
lopp,14120
lopp,14121
lopp,14123
lopp,14124
lopp,14125
lopp,14127
lopp,14129
lopp,14131
lopp,14132
lopp,14134
lopp,14135
lopp,14136
lopp,14137
lopp,14139
lopp,14140
lopp,14141
lopp,14142
lopp,14144
lopp,14145
lopp,14147
lopp,14148
lopp,14149
lopp,14152
lopp,14153
lopp,14154
lopp,14156
lopp,14157
lopp,14158
lopp,14160
lopp,14161
lopp,14162
lopp,14163
lopp,14164
lopp,14165
lopp,14167
lopp,14168
lopp,14169
lopp,14172
lopp,14173
lopp,14174
lopp,14176
lopp,14177
lopp,14178
lopp,14180
lopp,14182
lopp,14183
lopp,14184
lopp,14185
lopp,14186
lopp,14187
lopp,14188
lopp,14190
lopp,14192
lopp,14193
lopp,14194
lopp,14195
lopp,14196
lopp,14197
lopp,14198
lopp,14200
lopp,14202
lopp,14204
lopp,14206
lopp,14207
lopp,14208
lopp,14209
lopp,14210
lopp,14211
lopp,14213
lopp,14214
lopp,14216
lopp,14218
lopp,14219
lopp,14220
lopp,14221
lopp,14222
lopp,14224
lopp,14225
lopp,14227
lopp,14229
lopp,14230
lopp,14231
lopp,14233
lopp,14234
lopp,14237
lopp,14238
lopp,14240
lopp,14242
lopp,14244
lopp,14245
lopp,14246
lopp,14248
lopp,14249
lopp,14250
lopp,14251
lopp,14252
lopp,14253
lopp,14254
lopp,14255
lopp,14256
lopp,14258
lopp,14259
lopp,14261
lopp,14262
lopp,14265
lopp,14267
lopp,14268
lopp,14269
lopp,14270
lopp,14272
lopp,14273
lopp,14274
lopp,14275
lopp,14277
lopp,14278
lopp,14280
lopp,14281
lopp,14283
lopp,14285
lopp,14286
lopp,14287
lopp,14289
lopp,14290
lopp,14293
lopp,14294
lopp,14299
lopp,14300
lopp,14301
lopp,14302
lopp,14304
lopp,14306
lopp,14307
lopp,14308
lopp,14309
lopp,14312
lopp,14313
lopp,14314
lopp,14315
lopp,14316
lopp,14318
lopp,14320
lopp,14321
lopp,14322
lopp,14326
lopp,14329
lopp,14330
lopp,14332
lopp,14333
lopp,14334
lopp,14335
lopp,14336
lopp,14337
lopp,14339
lopp,14341
lopp,14342
lopp,14343
lopp,14344
lopp,14345
lopp,14347
lopp,14348
lopp,14349
lopp,14351
lopp,14352
lopp,14354
lopp,14357
lopp,14358
lopp,14360
lopp,14364
lopp,14366
lopp,14367
lopp,14368
lopp,14369
lopp,14370
lopp,14371
lopp,14373
lopp,14375
lopp,14376
lopp,14377
lopp,14378
lopp,14379
lopp,14380
lopp,14381
lopp,14382
lopp,14383
lopp,14384
lopp,14387
lopp,14389
lopp,14391
lopp,14392
lopp,14393
lopp,14396
lopp,14398
lopp,14400
lopp,14402
lopp,14403
lopp,14404
lopp,14405
lopp,14406
lopp,14407
lopp,14408
lopp,14409
lopp,14410
lopp,14411
lopp,14413
lopp,14416
lopp,14417
lopp,14419
lopp,14420
lopp,14422
lopp,14423
lopp,14426
lopp,14427
lopp,14428
lopp,14429
lopp,14431
lopp,14433
lopp,14435
lopp,14436
lopp,14445
lopp,14446
lopp,14447
lopp,14448
lopp,14449
lopp,14453
lopp,14455
lopp,14458
lopp,14460
lopp,14462
lopp,14464
lopp,14467
lopp,14468
lopp,14469
lopp,14470
lopp,14472
lopp,14474
lopp,14475
lopp,14477
lopp,14479
lopp,14481
lopp,14482
lopp,14484
lopp,14485
lopp,14488
lopp,14489
lopp,14490
lopp,14491
lopp,14494
lopp,14495
lopp,14497
lopp,14498
lopp,14499
lopp,14501
lopp,14502
lopp,14503
lopp,14505
lopp,14506
lopp,14508
lopp,14511
lopp,14513
lopp,14515
lopp,14516
lopp,14517
lopp,14518
lopp,14519
lopp,14520
lopp,14521
lopp,14523
lopp,14525
lopp,14526
lopp,14529
lopp,14531
lopp,14534
lopp,14535
lopp,14539
lopp,14540
lopp,14541
lopp,14543
lopp,14545
lopp,14549
lopp,14551
lopp,14552
lopp,14553
lopp,14554
lopp,14555
lopp,14556
lopp,14558
lopp,14559
lopp,14560
lopp,14561
lopp,14562
lopp,14563
lopp,14566
lopp,14567
lopp,14568
lopp,14569
lopp,14571
lopp,14572
lopp,14573
lopp,14576
lopp,14577
lopp,14578
lopp,14580
lopp,14581
lopp,14582
lopp,14583
lopp,14585
lopp,14586
lopp,14588
lopp,14589
lopp,14590
lopp,14591
lopp,14592
lopp,14593
lopp,14594
lopp,14595
lopp,14596
lopp,14597
lopp,14598
lopp,14599
lopp,14600
lopp,14601
lopp,14602
lopp,14603
lopp,14604
lopp,14606
lopp,14608
lopp,14610
lopp,14611
lopp,14612
lopp,14614
lopp,14615
lopp,14617
lopp,14618
lopp,14619
lopp,14621
lopp,14623
lopp,14625
lopp,14626
lopp,14627
lopp,14630
lopp,14631
lopp,14632
lopp,14633
lopp,14635
lopp,14637
lopp,14639
lopp,14641
lopp,14642
lopp,14643
lopp,14644
lopp,14645
lopp,14647
lopp,14648
lopp,14649
lopp,14651
lopp,14652
lopp,14654
lopp,14656
lopp,14657
lopp,14658
lopp,14661
lopp,14662
lopp,14664
lopp,14666
lopp,14667
lopp,14668
lopp,14669
lopp,14670
lopp,14671
lopp,14672
lopp,14673
lopp,14675
lopp,14676
lopp,14677
lopp,14678
lopp,14680
lopp,14681
lopp,14682
lopp,14683
lopp,14684
lopp,14685
lopp,14686
lopp,14687
lopp,14688
lopp,14689
lopp,14690
lopp,14692
lopp,14693
lopp,14694
lopp,14695
lopp,14696
lopp,14697
lopp,14698
lopp,14699
lopp,14700
lopp,14701
lopp,14704
lopp,14706
lopp,14709
lopp,14710
lopp,14711
lopp,14712
lopp,14713
lopp,14715
lopp,14716
lopp,14717
lopp,14719
lopp,14720
lopp,14721
lopp,14722
lopp,14723
lopp,14724
lopp,14727
lopp,14728
lopp,14729
lopp,14730
lopp,14731
lopp,14732
lopp,14733
lopp,14734
lopp,14735
lopp,14737
lopp,14738
lopp,14739
lopp,14740
lopp,14741
lopp,14743
lopp,14745
lopp,14746
lopp,14747
lopp,14749
lopp,14750
lopp,14751
lopp,14752
lopp,14753
lopp,14754
lopp,14755
lopp,14756
lopp,14758
lopp,14759
lopp,14760
lopp,14761
lopp,14762
lopp,14763
lopp,14764
lopp,14765
lopp,14766
lopp,14768
lopp,14769
lopp,14771
lopp,14772
lopp,14773
lopp,14774
lopp,14776
lopp,14777
lopp,14779
lopp,14780
lopp,14782
lopp,14783
lopp,14785
lopp,14787
lopp,14789
lopp,14790
lopp,14792
lopp,14793
lopp,14794
lopp,14795
lopp,14797
lopp,14798
lopp,14799
lopp,14801
lopp,14803
lopp,14804
lopp,14805
lopp,14806
lopp,14808
lopp,14809
lopp,14810
lopp,14811
lopp,14812
lopp,14814
lopp,14816
lopp,14817
lopp,14818
lopp,14819
lopp,14820
lopp,14823
lopp,14824
lopp,14825
lopp,14827
lopp,14828
lopp,14829
lopp,14830
lopp,14831
lopp,14833
lopp,14836
lopp,14837
lopp,14838
lopp,14839
lopp,14840
lopp,14841
lopp,14842
lopp,14843
lopp,14845
lopp,14847
lopp,14848
lopp,14849
lopp,14851
lopp,14852
lopp,14853
lopp,14855
lopp,14856
lopp,14857
lopp,14858
lopp,14859
lopp,14860
lopp,14862
lopp,14863
lopp,14865
lopp,14866
lopp,14868
lopp,14869
lopp,14870
lopp,14871
lopp,14873
lopp,14874
lopp,14875
lopp,14876
lopp,14877
lopp,14878
lopp,14879
lopp,14880
lopp,14881
lopp,14883
lopp,14884
lopp,14886
lopp,14887
lopp,14888
lopp,14889
lopp,14890
lopp,14891
lopp,14892
lopp,14893
lopp,14894
lopp,14897
lopp,14898
lopp,14899
lopp,14901
lopp,14902
lopp,14903
lopp,14904
lopp,14905
lopp,14906
lopp,14908
lopp,14909
lopp,14911
lopp,14912
lopp,14913
lopp,14915
lopp,14916
lopp,14917
lopp,14919
lopp,14921
lopp,14922
lopp,14924
lopp,14925
lopp,14926
lopp,14927
lopp,14928
lopp,14929
lopp,14930
lopp,14931
lopp,14933
lopp,14934
lopp,14935
lopp,14938
lopp,14940
lopp,14943
lopp,14946
lopp,14947
lopp,14948
lopp,14950
lopp,14951
lopp,14952
lopp,14953
lopp,14954
lopp,14955
lopp,14956
lopp,14959
lopp,14960
lopp,14961
lopp,14962
lopp,14963
lopp,14964
lopp,14965
lopp,14966
lopp,14967
lopp,14968
lopp,14969
lopp,14970
lopp,14971
lopp,14972
lopp,14973
lopp,14974
lopp,14975
lopp,14976
lopp,14978
lopp,14980
lopp,14981
lopp,14983
lopp,14984
lopp,14985
lopp,14986
lopp,14988
lopp,14989
lopp,14990
lopp,14991
lopp,14993
lopp,14994
lopp,14996
lopp,14997
lopp,14998
lopp,15000
lopp,15001
lopp,15003
lopp,15004
lopp,15007
lopp,15008
lopp,15009
lopp,15010
lopp,15011
lopp,15013
lopp,15015
lopp,15016
lopp,15017
lopp,15018
lopp,15019
lopp,15020
lopp,15021
lopp,15022
lopp,15023
lopp,15024
lopp,15025
lopp,15026
lopp,15027
lopp,15028
lopp,15029
lopp,15031
lopp,15032
lopp,15035
lopp,15036
lopp,15038
lopp,15041
lopp,15042
lopp,15043
lopp,15044
lopp,15045
lopp,15046
lopp,15047
lopp,15048
lopp,15049
lopp,15050
lopp,15051
lopp,15052
lopp,15053
lopp,15054
lopp,15056
lopp,15057
lopp,15058
lopp,15061
lopp,15062
lopp,15063
lopp,15064
lopp,15065
lopp,15066
lopp,15068
lopp,15069
lopp,15070
lopp,15074
lopp,15075
lopp,15076
lopp,15077
lopp,15078
lopp,15079
lopp,15081
lopp,15083
lopp,15085
lopp,15087
lopp,15089
lopp,15091
lopp,15092
lopp,15093
lopp,15095
lopp,15097
lopp,15100
lopp,15101
lopp,15102
lopp,15103
lopp,15104
lopp,15105
lopp,15106
lopp,15107
lopp,15108
lopp,15109
lopp,15111
lopp,15112
lopp,15113
lopp,15114
lopp,15115
lopp,15116
lopp,15117
lopp,15118
lopp,15120
lopp,15121
lopp,15122
lopp,15123
lopp,15124
lopp,15125
lopp,15126
lopp,15127
lopp,15128
lopp,15129
lopp,15130
lopp,15132
lopp,15133
lopp,15135
lopp,15136
lopp,15137
lopp,15138
lopp,15140
lopp,15141
lopp,15142
lopp,15143
lopp,15147
lopp,15150
lopp,15152
lopp,15153
lopp,15154
lopp,15156
lopp,15157
lopp,15159
lopp,15161
lopp,15162
lopp,15163
lopp,15165
lopp,15168
lopp,15170
lopp,15171
lopp,15172
lopp,15173
lopp,15174
lopp,15175
lopp,15177
lopp,15178
lopp,15179
lopp,15180
lopp,15181
lopp,15183
lopp,15184
lopp,15188
lopp,15189
lopp,15190
lopp,15192
lopp,15194
lopp,15195
lopp,15196
lopp,15197
lopp,15198
lopp,15200
lopp,15202
lopp,15203
lopp,15204
lopp,15205
lopp,15207
lopp,15209
lopp,15210
lopp,15212
lopp,15214
lopp,15215
lopp,15216
lopp,15217
lopp,15218
lopp,15219
lopp,15220
lopp,15221
lopp,15222
lopp,15223
lopp,15225
lopp,15226
lopp,15227
lopp,15228
lopp,15229
lopp,15230
lopp,15231
lopp,15232
lopp,15233
lopp,15234
lopp,15236
lopp,15237
lopp,15238
lopp,15239
lopp,15242
lopp,15243
lopp,15244
lopp,15245
lopp,15246
lopp,15247
lopp,15249
lopp,15250
lopp,15251
lopp,15252
lopp,15253
lopp,15254
lopp,15255
lopp,15256
lopp,15257
lopp,15258
lopp,15259
lopp,15260
lopp,15261
lopp,15262
lopp,15263
lopp,15264
lopp,15265
lopp,15266
lopp,15267
lopp,15270
lopp,15271
lopp,15272
lopp,15273
lopp,15274
lopp,15276
lopp,15277
lopp,15278
lopp,15279
lopp,15280
lopp,15281
lopp,15282
lopp,15284
lopp,15285
lopp,15286
lopp,15288
lopp,15289
lopp,15290
lopp,15291
lopp,15292
lopp,15293
lopp,15294
lopp,15295
lopp,15296
lopp,15297
lopp,15298
lopp,15299
lopp,15301
lopp,15302
lopp,15303
lopp,15304
lopp,15306
lopp,15307
lopp,15308
lopp,15309
lopp,15310
lopp,15311
lopp,15314
lopp,15315
lopp,15316
lopp,15317
lopp,15318
lopp,15320
lopp,15321
lopp,15322
lopp,15323
lopp,15324
lopp,15325
lopp,15326
lopp,15327
lopp,15328
lopp,15329
lopp,15330
lopp,15331
lopp,15332
lopp,15333
lopp,15334
lopp,15335
lopp,15336
lopp,15337
lopp,15338
lopp,15339
lopp,15340
lopp,15341
lopp,15342
lopp,15343
lopp,15344
lopp,15345
lopp,15346
lopp,15347
lopp,15349
lopp,15350
lopp,15352
lopp,15353
lopp,15356
lopp,15358
lopp,15359
lopp,15360
lopp,15361
lopp,15362
lopp,15364
lopp,15365
lopp,15366
lopp,15367
lopp,15368
lopp,15370
lopp,15372
lopp,15374
lopp,15375
lopp,15376
lopp,15379
lopp,15380
lopp,15382
lopp,15383
lopp,15384
lopp,15385
lopp,15386
lopp,15387
lopp,15388
lopp,15389
lopp,15390
lopp,15391
lopp,15392
lopp,15393
lopp,15394
lopp,15395
lopp,15397
lopp,15398
lopp,15400
lopp,15401
lopp,15404
lopp,15405
lopp,15406
lopp,15408
lopp,15409
lopp,15410
lopp,15411
lopp,15412
lopp,15415
lopp,15416
lopp,15417
lopp,15418
lopp,15420
lopp,15422
lopp,15423
lopp,15427
lopp,15428
lopp,15429
lopp,15431
lopp,15432
lopp,15434
lopp,15435
lopp,15436
lopp,15437
lopp,15438
lopp,15439
lopp,15442
lopp,15443
lopp,15444
lopp,15445
lopp,15446
lopp,15447
lopp,15448
lopp,15449
lopp,15451
lopp,15452
lopp,15453
lopp,15454
lopp,15455
lopp,15456
lopp,15457
lopp,15458
lopp,15459
lopp,15460
lopp,15461
lopp,15462
lopp,15464
lopp,15465
lopp,15466
lopp,15467
lopp,15468
lopp,15469
lopp,15470
lopp,15471
lopp,15472
lopp,15473
lopp,15474
lopp,15475
lopp,15476
lopp,15477
lopp,15479
lopp,15480
lopp,15481
lopp,15482
lopp,15484
lopp,15485
lopp,15486
lopp,15487
lopp,15488
lopp,15489
lopp,15490
lopp,15491
lopp,15492
lopp,15493
lopp,15494
lopp,15495
lopp,15496
lopp,15497
lopp,15499
lopp,15501
lopp,15502
lopp,15503
lopp,15504
lopp,15505
lopp,15506
lopp,15507
lopp,15508
lopp,15509
lopp,15511
lopp,15513
lopp,15514
lopp,15515
lopp,15516
lopp,15517
lopp,15518
lopp,15519
lopp,15520
lopp,15521
lopp,15522
lopp,15523
lopp,15524
lopp,15526
lopp,15530
lopp,15531
lopp,15532
lopp,15534
lopp,15536
lopp,15538
lopp,15539
lopp,15541
lopp,15542
lopp,15543
lopp,15544
lopp,15546
lopp,15547
lopp,15548
lopp,15549
lopp,15550
lopp,15551
lopp,15553
lopp,15554
lopp,15555
lopp,15556
lopp,15557
lopp,15558
lopp,15559
lopp,15560
lopp,15561
lopp,15563
lopp,15565
lopp,15566
lopp,15570
lopp,15572
lopp,15573
lopp,15574
lopp,15575
lopp,15576
lopp,15578
lopp,15579
lopp,15580
lopp,15581
lopp,15582
lopp,15583
lopp,15584
lopp,15585
lopp,15586
lopp,15588
lopp,15589
lopp,15590
lopp,15592
lopp,15593
lopp,15594
lopp,15595
lopp,15596
lopp,15598
lopp,15599
lopp,15600
lopp,15601
lopp,15602
lopp,15603
lopp,15605
lopp,15606
lopp,15607
lopp,15608
lopp,15609
lopp,15610
lopp,15611
lopp,15612
lopp,15613
lopp,15614
lopp,15615
lopp,15617
lopp,15618
lopp,15619
lopp,15620
lopp,15621
lopp,15623
lopp,15624
lopp,15625
lopp,15627
lopp,15628
lopp,15630
lopp,15631
lopp,15634
lopp,15635
lopp,15636
lopp,15637
lopp,15639
lopp,15640
lopp,15641
lopp,15642
lopp,15644
lopp,15646
lopp,15647
lopp,15650
lopp,15651
lopp,15652
lopp,15654
lopp,15657
lopp,15658
lopp,15659
lopp,15660
lopp,15666
lopp,15667
lopp,15670
lopp,15672
lopp,15673
lopp,15674
lopp,15675
lopp,15676
lopp,15677
lopp,15680
lopp,15683
lopp,15684
lopp,15686
lopp,15687
lopp,15689
lopp,15690
lopp,15692
lopp,15693
lopp,15699
lopp,15702
lopp,15703
lopp,15705
lopp,15707
lopp,15708
lopp,15709
lopp,15710
lopp,15711
lopp,15713
lopp,15715
lopp,15716
lopp,15718
lopp,15720
lopp,15723
lopp,15724
lopp,15725
lopp,15726
lopp,15727
lopp,15728
lopp,15729
lopp,15730
lopp,15731
lopp,15733
lopp,15734
lopp,15735
lopp,15737
lopp,15738
lopp,15740
lopp,15741
lopp,15742
lopp,15743
lopp,15744
lopp,15745
lopp,15747
lopp,15748
lopp,15749
lopp,15750
lopp,15751
lopp,15752
lopp,15753
lopp,15754
lopp,15755
lopp,15756
lopp,15758
lopp,15759
lopp,15760
lopp,15761
lopp,15763
lopp,15765
lopp,15766
lopp,15767
lopp,15769
lopp,15771
lopp,15772
lopp,15773
lopp,15774
lopp,15775
lopp,15777
lopp,15779
lopp,15780
lopp,15782
lopp,15784
lopp,15786
lopp,15788
lopp,15789
lopp,15791
lopp,15792
lopp,15793
lopp,15796
lopp,15797
lopp,15798
lopp,15800
lopp,15801
lopp,15802
lopp,15805
lopp,15806
lopp,15808
lopp,15809
lopp,15811
lopp,15813
lopp,15814
lopp,15815
lopp,15816
lopp,15817
lopp,15818
lopp,15819
lopp,15820
lopp,15823
lopp,15824
lopp,15825
lopp,15826
lopp,15827
lopp,15828
lopp,15829
lopp,15830
lopp,15831
lopp,15832
lopp,15833
lopp,15834
lopp,15835
lopp,15836
lopp,15837
lopp,15838
lopp,15839
lopp,15840
lopp,15841
lopp,15842
lopp,15843
lopp,15844
lopp,15845
lopp,15846
lopp,15847
lopp,15848
lopp,15849
lopp,15852
lopp,15853
lopp,15854
lopp,15855
lopp,15856
lopp,15857
lopp,15859
lopp,15861
lopp,15862
lopp,15864
lopp,15865
lopp,15866
lopp,15867
lopp,15868
lopp,15869
lopp,15870
lopp,15871
lopp,15872
lopp,15873
lopp,15874
lopp,15876
lopp,15877
lopp,15878
lopp,15879
lopp,15880
lopp,15882
lopp,15883
lopp,15884
lopp,15887
lopp,15888
lopp,15890
lopp,15891
lopp,15892
lopp,15893
lopp,15894
lopp,15895
lopp,15896
lopp,15897
lopp,15898
lopp,15899
lopp,15900
lopp,15901
lopp,15902
lopp,15904
lopp,15906
lopp,15907
lopp,15908
lopp,15909
lopp,15910
lopp,15911
lopp,15912
lopp,15913
lopp,15914
lopp,15915
lopp,15916
lopp,15917
lopp,15918
lopp,15919
lopp,15920
lopp,15922
lopp,15924
lopp,15925
lopp,15926
lopp,15928
lopp,15929
lopp,15930
lopp,15931
lopp,15932
lopp,15933
lopp,15934
lopp,15935
lopp,15936
lopp,15937
lopp,15938
lopp,15939
lopp,15940
lopp,15941
lopp,15942
lopp,15944
lopp,15945
lopp,15948
lopp,15949
lopp,15950
lopp,15951
lopp,15952
lopp,15953
lopp,15954
lopp,15955
lopp,15956
lopp,15957
lopp,15958
lopp,15960
lopp,15961
lopp,15962
lopp,15964
lopp,15965
lopp,15967
lopp,15968
lopp,15969
lopp,15972
lopp,15974
lopp,15976
lopp,15977
lopp,15978
lopp,15980
lopp,15981
lopp,15982
lopp,15983
lopp,15985
lopp,15986
lopp,15987
lopp,15989
lopp,15990
lopp,15991
lopp,15992
lopp,15993
lopp,15994
lopp,15995
lopp,15996
lopp,15997
lopp,15998
lopp,15999
lopp,16003
lopp,16004
lopp,16005
lopp,16006
lopp,16007
lopp,16008
lopp,16009
lopp,16014
lopp,16015
lopp,16016
lopp,16017
lopp,16018
lopp,16019
lopp,16020
lopp,16021
lopp,16022
lopp,16023
lopp,16024
lopp,16025
lopp,16026
lopp,16028
lopp,16029
lopp,16030
lopp,16031
lopp,16032
lopp,16033
lopp,16034
lopp,16035
lopp,16036
lopp,16037
lopp,16038
lopp,16040
lopp,16041
lopp,16042
lopp,16043
lopp,16044
lopp,16045
lopp,16047
lopp,16048
lopp,16049
lopp,16050
lopp,16051
lopp,16052
lopp,16053
lopp,16054
lopp,16055
lopp,16056
lopp,16058
lopp,16059
lopp,16060
lopp,16061
lopp,16063
lopp,16064
lopp,16065
lopp,16067
lopp,16068
lopp,16069
lopp,16070
lopp,16072
lopp,16073
lopp,16075
lopp,16076
lopp,16078
lopp,16080
lopp,16081
lopp,16082
lopp,16084
lopp,16087
lopp,16088
lopp,16090
lopp,16091
lopp,16092
lopp,16093
lopp,16094
lopp,16095
lopp,16096
lopp,16097
lopp,16098
lopp,16099
lopp,16100
lopp,16101
lopp,16102
lopp,16103
lopp,16104
lopp,16105
lopp,16106
lopp,16107
lopp,16108
lopp,16110
lopp,16112
lopp,16114
lopp,16115
lopp,16117
lopp,16118
lopp,16119
lopp,16121
lopp,16123
lopp,16124
lopp,16125
lopp,16126
lopp,16127
lopp,16128
lopp,16129
lopp,16131
lopp,16133
lopp,16134
lopp,16135
lopp,16136
lopp,16137
lopp,16138
lopp,16139
lopp,16142
lopp,16143
lopp,16144
lopp,16145
lopp,16146
lopp,16147
lopp,16149
lopp,16150
lopp,16152
lopp,16153
lopp,16154
lopp,16156
lopp,16157
lopp,16160
lopp,16161
lopp,16162
lopp,16164
lopp,16165
lopp,16166
lopp,16167
lopp,16168
lopp,16169
lopp,16170
lopp,16171
lopp,16172
lopp,16173
lopp,16175
lopp,16177
lopp,16180
lopp,16182
lopp,16184
lopp,16186
lopp,16187
lopp,16188
lopp,16189
lopp,16191
lopp,16192
lopp,16193
lopp,16194
lopp,16195
lopp,16196
lopp,16197
lopp,16198
lopp,16199
lopp,16200
lopp,16201
lopp,16202
lopp,16205
lopp,16206
lopp,16208
lopp,16209
lopp,16210
lopp,16211
lopp,16213
lopp,16214
lopp,16215
lopp,16216
lopp,16218
lopp,16219
lopp,16220
lopp,16221
lopp,16222
lopp,16223
lopp,16224
lopp,16227
lopp,16228
lopp,16230
lopp,16231
lopp,16233
lopp,16234
lopp,16235
lopp,16236
lopp,16238
lopp,16239
lopp,16240
lopp,16243
lopp,16244
lopp,16245
lopp,16247
lopp,16248
lopp,16249
lopp,16250
lopp,16251
lopp,16252
lopp,16253
lopp,16254
lopp,16256
lopp,16257
lopp,16259
lopp,16260
lopp,16261
lopp,16262
lopp,16263
lopp,16264
lopp,16265
lopp,16266
lopp,16268
lopp,16269
lopp,16270
lopp,16272
lopp,16273
lopp,16274
lopp,16275
lopp,16276
lopp,16277
lopp,16278
lopp,16279
lopp,16280
lopp,16281
lopp,16282
lopp,16283
lopp,16284
lopp,16285
lopp,16286
lopp,16287
lopp,16288
lopp,16289
lopp,16290
lopp,16292
lopp,16293
lopp,16294
lopp,16296
lopp,16297
lopp,16298
lopp,16299
lopp,16300
lopp,16301
lopp,16302
lopp,16303
lopp,16304
lopp,16305
lopp,16306
lopp,16307
lopp,16308
lopp,16309
lopp,16310
lopp,16314
lopp,16315
lopp,16316
lopp,16317
lopp,16318
lopp,16319
lopp,16320
lopp,16321
lopp,16322
lopp,16323
lopp,16326
lopp,16327
lopp,16328
lopp,16329
lopp,16330
lopp,16331
lopp,16333
lopp,16334
lopp,16335
lopp,16337
lopp,16338
lopp,16339
lopp,16340
lopp,16341
lopp,16342
lopp,16344
lopp,16345
lopp,16346
lopp,16347
lopp,16349
lopp,16350
lopp,16351
lopp,16352
lopp,16353
lopp,16354
lopp,16355
lopp,16356
lopp,16357
lopp,16358
lopp,16360
lopp,16361
lopp,16362
lopp,16363
lopp,16364
lopp,16365
lopp,16367
lopp,16368
lopp,16369
lopp,16370
lopp,16371
lopp,16372
lopp,16373
lopp,16374
lopp,16376
lopp,16377
lopp,16378
lopp,16379
lopp,16380
lopp,16381
lopp,16382
lopp,16383
lopp,16384
lopp,16385
lopp,16386
lopp,16387
lopp,16388
lopp,16389
lopp,16390
lopp,16392
lopp,16393
lopp,16394
lopp,16395
lopp,16396
lopp,16397
lopp,16398
lopp,16399
lopp,16400
lopp,16401
lopp,16402
lopp,16403
lopp,16404
lopp,16406
lopp,16407
lopp,16408
lopp,16409
lopp,16410
lopp,16411
lopp,16412
lopp,16413
lopp,16415
lopp,16416
lopp,16417
lopp,16418
lopp,16419
lopp,16420
lopp,16421
lopp,16422
lopp,16424
lopp,16425
lopp,16426
lopp,16428
lopp,16429
lopp,16430
lopp,16431
lopp,16432
lopp,16434
lopp,16435
lopp,16436
lopp,16438
lopp,16439
lopp,16441
lopp,16442
lopp,16443
lopp,16444
lopp,16445
lopp,16446
lopp,16447
lopp,16448
lopp,16449
lopp,16450
lopp,16451
lopp,16452
lopp,16453
lopp,16454
lopp,16455
lopp,16456
lopp,16457
lopp,16458
lopp,16459
lopp,16460
lopp,16461
lopp,16462
lopp,16463
lopp,16464
lopp,16467
lopp,16468
lopp,16469
lopp,16470
lopp,16471
lopp,16472
lopp,16473
lopp,16474
lopp,16475
lopp,16476
lopp,16477
lopp,16478
lopp,16479
lopp,16480
lopp,16481
lopp,16482
lopp,16483
lopp,16484
lopp,16485
lopp,16486
lopp,16487
lopp,16488
lopp,16489
lopp,16490
lopp,16491
lopp,16492
lopp,16494
lopp,16495
lopp,16496
lopp,16497
lopp,16498
lopp,16499
lopp,16500
lopp,16501
lopp,16502
lopp,16503
lopp,16504
lopp,16505
lopp,16506
lopp,16507
lopp,16509
lopp,16510
lopp,16511
lopp,16512
lopp,16513
lopp,16514
lopp,16515
lopp,16516
lopp,16517
lopp,16518
lopp,16519
lopp,16520
lopp,16521
lopp,16522
lopp,16523
lopp,16524
lopp,16525
lopp,16526
lopp,16528
lopp,16529
lopp,16531
lopp,16533
lopp,16535
lopp,16536
lopp,16537
lopp,16538
lopp,16539
lopp,16540
lopp,16541
lopp,16543
lopp,16545
lopp,16546
lopp,16547
lopp,16548
lopp,16550
lopp,16551
lopp,16552
lopp,16553
lopp,16554
lopp,16555
lopp,16556
lopp,16557
lopp,16558
lopp,16559
lopp,16560
lopp,16562
lopp,16563
lopp,16564
lopp,16565
lopp,16566
lopp,16567
lopp,16569
lopp,16570
lopp,16571
lopp,16572
lopp,16573
lopp,16575
lopp,16576
lopp,16577
lopp,16578
lopp,16579
lopp,16580
lopp,16581
lopp,16582
lopp,16583
lopp,16584
lopp,16585
lopp,16586
lopp,16587
lopp,16588
lopp,16589
lopp,16590
lopp,16591
lopp,16592
lopp,16593
lopp,16595
lopp,16596
lopp,16597
lopp,16598
lopp,16599
lopp,16600
lopp,16601
lopp,16602
lopp,16604
lopp,16605
lopp,16607
lopp,16609
lopp,16610
lopp,16611
lopp,16612
lopp,16613
lopp,16618
lopp,16620
lopp,16622
lopp,16623
lopp,16625
lopp,16627
lopp,16628
lopp,16630
lopp,16632
lopp,16633
lopp,16634
lopp,16635
lopp,16637
lopp,16639
lopp,16641
lopp,16642
lopp,16643
lopp,16644
lopp,16645
lopp,16646
lopp,16647
lopp,16649
lopp,16650
lopp,16651
lopp,16652
lopp,16653
lopp,16654
lopp,16655
lopp,16657
lopp,16658
lopp,16659
lopp,16660
lopp,16662
lopp,16664
lopp,16666
lopp,16668
lopp,16671
lopp,16673
lopp,16675
lopp,16677
lopp,16678
lopp,16682
lopp,16684
lopp,16686
lopp,16689
lopp,16690
lopp,16692
lopp,16693
lopp,16695
lopp,16696
lopp,16698
lopp,16701
lopp,16703
lopp,16704
lopp,16705
lopp,16706
lopp,16708
lopp,16709
lopp,16711
lopp,16712
lopp,16714
lopp,16717
lopp,16722
lopp,16723
lopp,16724
lopp,16725
lopp,16726
lopp,16728
lopp,16729
lopp,16730
lopp,16731
lopp,16732
lopp,16733
lopp,16734
lopp,16735
lopp,16736
lopp,16737
lopp,16738
lopp,16739
lopp,16741
lopp,16742
lopp,16743
lopp,16744
lopp,16746
lopp,16749
lopp,16750
lopp,16753
lopp,16756
lopp,16757
lopp,16758
lopp,16760
lopp,16761
lopp,16762
lopp,16764
lopp,16765
lopp,16767
lopp,16769
lopp,16770
lopp,16771
lopp,16773
lopp,16775
lopp,16776
lopp,16779
lopp,16780
lopp,16782
lopp,16784
lopp,16785
lopp,16786
lopp,16787
lopp,16790
lopp,16791
lopp,16792
lopp,16793
lopp,16795
lopp,16798
lopp,16799
lopp,16800
lopp,16802
lopp,16804
lopp,16805
lopp,16808
lopp,16809
lopp,16810
lopp,16811
lopp,16812
lopp,16813
lopp,16815
lopp,16816
lopp,16817
lopp,16819
lopp,16820
lopp,16823
lopp,16824
lopp,16826
lopp,16828
lopp,16829
lopp,16830
lopp,16832
lopp,16833
lopp,16834
lopp,16835
lopp,16836
lopp,16837
lopp,16840
lopp,16841
lopp,16842
lopp,16846
lopp,16847
lopp,16849
lopp,16850
lopp,16851
lopp,16852
lopp,16853
lopp,16854
lopp,16855
lopp,16856
lopp,16858
lopp,16860
lopp,16863
lopp,16864
lopp,16865
lopp,16866
lopp,16867
lopp,16869
lopp,16870
lopp,16872
lopp,16876
lopp,16877
lopp,16878
lopp,16879
lopp,16881
lopp,16882
lopp,16884
lopp,16886
lopp,16887
lopp,16888
lopp,16889
lopp,16890
lopp,16891
lopp,16893
lopp,16894
lopp,16896
lopp,16898
lopp,16900
lopp,16906
lopp,16907
lopp,16908
lopp,16909
lopp,16911
lopp,16913
lopp,16914
lopp,16916
lopp,16919
lopp,16920
lopp,16923
lopp,16925
lopp,16926
lopp,16930
lopp,16933
lopp,16935
lopp,16936
lopp,16937
lopp,16939
lopp,16940
lopp,16941
lopp,16942
lopp,16945
lopp,16947
lopp,16948
lopp,16951
lopp,16952
lopp,16953
lopp,16955
lopp,16957
lopp,16958
lopp,16961
lopp,16964
lopp,16969
lopp,16970
lopp,16971
lopp,16972
lopp,16974
lopp,16975
lopp,16978
lopp,16979
lopp,16982
lopp,16984
lopp,16985
lopp,16986
lopp,16988
lopp,16992
lopp,16993
lopp,16994
lopp,16997
lopp,17000
lopp,17001
lopp,17003
lopp,17004
lopp,17005
lopp,17006
lopp,17007
lopp,17010
lopp,17011
lopp,17013
lopp,17015
lopp,17016
lopp,17017
lopp,17019
lopp,17020
lopp,17021
lopp,17022
lopp,17024
lopp,17025
lopp,17026
lopp,17027
lopp,17028
lopp,17030
lopp,17031
lopp,17032
lopp,17033
lopp,17035
lopp,17038
lopp,17040
lopp,17042
lopp,17043
lopp,17044
lopp,17045
lopp,17046
lopp,17047
lopp,17050
lopp,17051
lopp,17053
lopp,17055
lopp,17056
lopp,17057
lopp,17058
lopp,17059
lopp,17060
lopp,17061
lopp,17063
lopp,17064
lopp,17066
lopp,17067
lopp,17068
lopp,17069
lopp,17070
lopp,17071
lopp,17073
lopp,17075
lopp,17076
lopp,17079
lopp,17080
lopp,17081
lopp,17082
lopp,17083
lopp,17084
lopp,17085
lopp,17087
lopp,17088
lopp,17090
lopp,17091
lopp,17092
lopp,17093
lopp,17095
lopp,17098
lopp,17099
lopp,17101
lopp,17103
lopp,17106
lopp,17107
lopp,17108
lopp,17110
lopp,17112
lopp,17113
lopp,17114
lopp,17115
lopp,17117
lopp,17118
lopp,17120
lopp,17121
lopp,17122
lopp,17126
lopp,17128
lopp,17129
lopp,17131
lopp,17132
lopp,17136
lopp,17141
lopp,17142
lopp,17144
lopp,17145
lopp,17158
lopp,17159
lopp,17160
lopp,17161
lopp,17163
lopp,17165
lopp,17166
lopp,17167
lopp,17168
lopp,17169
lopp,17170
lopp,17171
lopp,17172
lopp,17173
lopp,17174
lopp,17175
lopp,17177
lopp,17179
lopp,17180
lopp,17182
lopp,17184
lopp,17186
lopp,17187
lopp,17189
lopp,17190
lopp,17191
lopp,17192
lopp,17194
lopp,17196
lopp,17198
lopp,17200
lopp,17201
lopp,17202
lopp,17203
lopp,17205
lopp,17206
lopp,17208
lopp,17210
lopp,17212
lopp,17213
lopp,17214
lopp,17216
lopp,17217
lopp,17219
lopp,17220
lopp,17222
lopp,17223
lopp,17224
lopp,17225
lopp,17226
lopp,17227
lopp,17229
lopp,17231
lopp,17232
lopp,17234
lopp,17235
lopp,17236
lopp,17238
lopp,17239
lopp,17240
lopp,17241
lopp,17243
lopp,17245
lopp,17247
lopp,17249
lopp,17250
lopp,17251
lopp,17252
lopp,17253
lopp,17254
lopp,17256
lopp,17258
lopp,17260
lopp,17261
lopp,17263
lopp,17266
lopp,17267
lopp,17268
lopp,17270
lopp,17272
lopp,17275
lopp,17276
lopp,17278
lopp,17281
lopp,17282
lopp,17284
lopp,17285
lopp,17286
lopp,17288
lopp,17289
lopp,17290
lopp,17291
lopp,17292
lopp,17293
lopp,17294
lopp,17297
lopp,17299
lopp,17300
lopp,17301
lopp,17302
lopp,17303
lopp,17304
lopp,17305
lopp,17306
lopp,17307
lopp,17308
lopp,17309
lopp,17311
lopp,17313
lopp,17314
lopp,17315
lopp,17316
lopp,17317
lopp,17318
lopp,17319
lopp,17320
lopp,17321
lopp,17322
lopp,17323
lopp,17324
lopp,17325
lopp,17326
lopp,17328
lopp,17329
lopp,17331
lopp,17336
lopp,17337
lopp,17339
lopp,17340
lopp,17341
lopp,17342
lopp,17344
lopp,17345
lopp,17347
lopp,17348
lopp,17349
lopp,17350
lopp,17351
lopp,17352
lopp,17353
lopp,17354
lopp,17355
lopp,17356
lopp,17358
lopp,17359
lopp,17360
lopp,17361
lopp,17362
lopp,17365
lopp,17369
lopp,17370
lopp,17371
lopp,17372
lopp,17373
lopp,17375
lopp,17377
lopp,17378
lopp,17381
lopp,17382
lopp,17383
lopp,17384
lopp,17385
lopp,17386
lopp,17387
lopp,17389
lopp,17390
lopp,17391
lopp,17392
lopp,17393
lopp,17394
lopp,17395
lopp,17396
lopp,17397
lopp,17398
lopp,17399
lopp,17400
lopp,17401
lopp,17402
lopp,17403
lopp,17405
lopp,17406
lopp,17408
lopp,17409
lopp,17411
lopp,17412
lopp,17413
lopp,17416
lopp,17417
lopp,17421
lopp,17422
lopp,17426
lopp,17429
lopp,17430
lopp,17431
lopp,17432
lopp,17435
lopp,17437
lopp,17438
lopp,17442
lopp,17443
lopp,17445
lopp,17446
lopp,17447
lopp,17448
lopp,17450
lopp,17451
lopp,17454
lopp,17455
lopp,17457
lopp,17459
lopp,17460
lopp,17461
lopp,17462
lopp,17463
lopp,17464
lopp,17465
lopp,17467
lopp,17468
lopp,17469
lopp,17470
lopp,17471
lopp,17472
lopp,17473
lopp,17474
lopp,17476
lopp,17477
lopp,17478
lopp,17479
lopp,17481
lopp,17482
lopp,17484
lopp,17485
lopp,17486
lopp,17487
lopp,17489
lopp,17490
lopp,17491
lopp,17492
lopp,17493
lopp,17494
lopp,17495
lopp,17496
lopp,17497
lopp,17499
lopp,17501
lopp,17504
lopp,17507
lopp,17509
lopp,17510
lopp,17511
lopp,17513
lopp,17515
lopp,17516
lopp,17519
lopp,17521
lopp,17522
lopp,17523
lopp,17524
lopp,17526
lopp,17527
lopp,17528
lopp,17530
lopp,17532
lopp,17534
lopp,17536
lopp,17539
lopp,17541
lopp,17542
lopp,17543
lopp,17544
lopp,17547
lopp,17548
lopp,17550
lopp,17551
lopp,17553
lopp,17556
lopp,17557
lopp,17559
lopp,17560
lopp,17562
lopp,17563
lopp,17564
lopp,17566
lopp,17567
lopp,17568
lopp,17569
lopp,17570
lopp,17571
lopp,17574
lopp,17575
lopp,17578
lopp,17579
lopp,17581
lopp,17582
lopp,17583
lopp,17584
lopp,17586
lopp,17587
lopp,17588
lopp,17590
lopp,17592
lopp,17594
lopp,17595
lopp,17596
lopp,17597
lopp,17600
lopp,17601
lopp,17602
lopp,17603
lopp,17604
lopp,17605
lopp,17607
lopp,17608
lopp,17609
lopp,17610
lopp,17611
lopp,17612
lopp,17614
lopp,17615
lopp,17620
lopp,17621
lopp,17622
lopp,17624
lopp,17625
lopp,17626
lopp,17629
lopp,17630
lopp,17634
lopp,17635
lopp,17636
lopp,17637
lopp,17638
lopp,17639
lopp,17640
lopp,17641
lopp,17642
lopp,17643
lopp,17644
lopp,17647
lopp,17650
lopp,17652
lopp,17655
lopp,17656
lopp,17659
lopp,17660
lopp,17662
lopp,17663
lopp,17664
lopp,17665
lopp,17666
lopp,17667
lopp,17669
lopp,17670
lopp,17674
lopp,17675
lopp,17676
lopp,17677
lopp,17678
lopp,17679
lopp,17682
lopp,17683
lopp,17684
lopp,17685
lopp,17686
lopp,17687
lopp,17688
lopp,17689
lopp,17690
lopp,17692
lopp,17694
lopp,17696
lopp,17697
lopp,17698
lopp,17701
lopp,17702
lopp,17703
lopp,17705
lopp,17706
lopp,17707
lopp,17708
lopp,17710
lopp,17711
lopp,17714
lopp,17716
lopp,17717
lopp,17718
lopp,17721
lopp,17722
lopp,17723
lopp,17725
lopp,17726
lopp,17727
lopp,17728
lopp,17730
lopp,17731
lopp,17733
lopp,17735
lopp,17738
lopp,17739
lopp,17740
lopp,17741
lopp,17743
lopp,17744
lopp,17745
lopp,17746
lopp,17747
lopp,17748
lopp,17749
lopp,17750
lopp,17751
lopp,17752
lopp,17753
lopp,17756
lopp,17757
lopp,17758
lopp,17759
lopp,17760
lopp,17762
lopp,17764
lopp,17765
lopp,17767
lopp,17769
lopp,17772
lopp,17773
lopp,17778
lopp,17779
lopp,17781
lopp,17783
lopp,17786
lopp,17788
lopp,17789
lopp,17790
lopp,17791
lopp,17792
lopp,17793
lopp,17795
lopp,17796
lopp,17797
lopp,17799
lopp,17800
lopp,17801
lopp,17804
lopp,17805
lopp,17806
lopp,17807
lopp,17808
lopp,17809
lopp,17810
lopp,17811
lopp,17813
lopp,17815
lopp,17817
lopp,17818
lopp,17819
lopp,17821
lopp,17822
lopp,17823
lopp,17824
lopp,17826
lopp,17827
lopp,17828
lopp,17830
lopp,17832
lopp,17833
lopp,17834
lopp,17836
lopp,17837
lopp,17838
lopp,17839
lopp,17840
lopp,17841
lopp,17844
lopp,17847
lopp,17852
lopp,17853
lopp,17854
lopp,17855
lopp,17856
lopp,17858
lopp,17862
lopp,17863
lopp,17864
lopp,17865
lopp,17866
lopp,17867
lopp,17868
lopp,17870
lopp,17872
lopp,17873
lopp,17876
lopp,17877
lopp,17879
lopp,17880
lopp,17881
lopp,17882
lopp,17883
lopp,17884
lopp,17886
lopp,17888
lopp,17889
lopp,17890
lopp,17891
lopp,17892
lopp,17894
lopp,17895
lopp,17896
lopp,17897
lopp,17898
lopp,17899
lopp,17900
lopp,17901
lopp,17902
lopp,17905
lopp,17906
lopp,17907
lopp,17909
lopp,17910
lopp,17911
lopp,17913
lopp,17915
lopp,17916
lopp,17920
lopp,17921
lopp,17922
lopp,17923
lopp,17929
lopp,17930
lopp,17932
lopp,17933
lopp,17937
lopp,17939
lopp,17943
lopp,17944
lopp,17947
lopp,17948
lopp,17950
lopp,17951
lopp,17953
lopp,17954
lopp,17956
lopp,17958
lopp,17959
lopp,17960
lopp,17962
lopp,17963
lopp,17964
lopp,17967
lopp,17969
lopp,17970
lopp,17971
lopp,17972
lopp,17976
lopp,17978
lopp,17981
lopp,17983
lopp,17986
lopp,17987
lopp,17988
lopp,17991
lopp,17992
lopp,17994
lopp,17995
lopp,17996
lopp,17999
lopp,18000
lopp,18001
lopp,18002
lopp,18004
lopp,18006
lopp,18009
lopp,18011
lopp,18013
lopp,18014
lopp,18015
lopp,18033
lopp,18034
lopp,18035
lopp,18036
lopp,18037
lopp,18042
lopp,18044
lopp,18046
lopp,18049
lopp,18052
lopp,18053
lopp,18054
lopp,18058
lopp,18059
lopp,18060
lopp,18063
lopp,18064
lopp,18065
lopp,18069
lopp,18070
lopp,18073
lopp,18076
lopp,18079
lopp,18081
lopp,18083
lopp,18084
lopp,18086
lopp,18087
lopp,18088
lopp,18089
lopp,18092
lopp,18093
lopp,18094
lopp,18095
lopp,18097
lopp,18098
lopp,18101
lopp,18103
lopp,18105
lopp,18107
lopp,18108
lopp,18109
lopp,18110
lopp,18111
lopp,18112
lopp,18113
lopp,18114
lopp,18115
lopp,18117
lopp,18118
lopp,18120
lopp,18124
lopp,18127
lopp,18128
lopp,18129
lopp,18131
lopp,18132
lopp,18134
lopp,18135
lopp,18137
lopp,18138
lopp,18139
lopp,18142
lopp,18145
lopp,18146
lopp,18147
lopp,18149
lopp,18151
lopp,18155
lopp,18157
lopp,18158
lopp,18160
lopp,18161
lopp,18162
lopp,18163
lopp,18164
lopp,18166
lopp,18167
lopp,18168
lopp,18170
lopp,18171
lopp,18173
lopp,18174
lopp,18175
lopp,18177
lopp,18178
lopp,18179
lopp,18180
lopp,18181
lopp,18184
lopp,18185
lopp,18188
lopp,18189
lopp,18192
lopp,18194
lopp,18195
lopp,18196
lopp,18198
lopp,18199
lopp,18200
lopp,18202
lopp,18204
lopp,18205
lopp,18206
lopp,18208
lopp,18210
lopp,18212
lopp,18214
lopp,18216
lopp,18217
lopp,18221
lopp,18222
lopp,18223
lopp,18224
lopp,18225
lopp,18227
lopp,18232
lopp,18233
lopp,18234
lopp,18235
lopp,18236
lopp,18237
lopp,18238
lopp,18239
lopp,18240
lopp,18241
lopp,18243
lopp,18245
lopp,18246
lopp,18247
lopp,18248
lopp,18250
lopp,18251
lopp,18265
lopp,18266
lopp,18267
lopp,18268
lopp,18269
lopp,18270
lopp,18271
lopp,18272
lopp,18274
lopp,18275
lopp,18277
lopp,18278
lopp,18280
lopp,18281
lopp,18282
lopp,18283
lopp,18286
lopp,18288
lopp,18289
lopp,18291
lopp,18293
lopp,18294
lopp,18295
lopp,18296
lopp,18298
lopp,18299
lopp,18301
lopp,18302
lopp,18303
lopp,18305
lopp,18306
lopp,18308
lopp,18309
lopp,18312
lopp,18313
lopp,18314
lopp,18315
lopp,18317
lopp,18318
lopp,18319
lopp,18320
lopp,18322
lopp,18323
lopp,18325
lopp,18327
lopp,18329
lopp,18330
lopp,18331
lopp,18332
lopp,18333
lopp,18335
lopp,18337
lopp,18340
lopp,18341
lopp,18343
lopp,18345
lopp,18348
lopp,18349
lopp,18350
lopp,18351
lopp,18352
lopp,18354
lopp,18355
lopp,18356
lopp,18357
lopp,18359
lopp,18363
lopp,18365
lopp,18366
lopp,18367
lopp,18369
lopp,18370
lopp,18371
lopp,18373
lopp,18375
lopp,18377
lopp,18378
lopp,18379
lopp,18381
lopp,18382
lopp,18383
lopp,18384
lopp,18386
lopp,18387
lopp,18388
lopp,18389
lopp,18390
lopp,18394
lopp,18395
lopp,18397
lopp,18398
lopp,18400
lopp,18401
lopp,18403
lopp,18404
lopp,18405
lopp,18407
lopp,18409
lopp,18413
lopp,18415
lopp,18417
lopp,18419
lopp,18420
lopp,18421
lopp,18422
lopp,18425
lopp,18427
lopp,18428
lopp,18430
lopp,18433
lopp,18434
lopp,18436
lopp,18438
lopp,18439
lopp,18441
lopp,18442
lopp,18443
lopp,18444
lopp,18445
lopp,18446
lopp,18448
lopp,18449
lopp,18451
lopp,18452
lopp,18455
lopp,18456
lopp,18457
lopp,18458
lopp,18460
lopp,18464
lopp,18466
lopp,18467
lopp,18470
lopp,18472
lopp,18474
lopp,18475
lopp,18476
lopp,18477
lopp,18478
lopp,18479
lopp,18481
lopp,18483
lopp,18485
lopp,18487
lopp,18489
lopp,18490
lopp,18491
lopp,18494
lopp,18497
lopp,18498
lopp,18501
lopp,18502
lopp,18503
lopp,18506
lopp,18507
lopp,18510
lopp,18511
lopp,18512
lopp,18513
lopp,18514
lopp,18515
lopp,18516
lopp,18517
lopp,18518
lopp,18519
lopp,18520
lopp,18523
lopp,18524
lopp,18525
lopp,18526
lopp,18527
lopp,18530
lopp,18531
lopp,18533
lopp,18535
lopp,18536
lopp,18537
lopp,18539
lopp,18541
lopp,18542
lopp,18545
lopp,18546
lopp,18547
lopp,18550
lopp,18551
lopp,18553
lopp,18554
lopp,18555
lopp,18556
lopp,18558
lopp,18560
lopp,18562
lopp,18566
lopp,18568
lopp,18569
lopp,18570
lopp,18571
lopp,18573
lopp,18574
lopp,18575
lopp,18576
lopp,18577
lopp,18580
lopp,18581
lopp,18583
lopp,18584
lopp,18586
lopp,18589
lopp,18591
lopp,18593
lopp,18594
lopp,18596
lopp,18598
lopp,18601
lopp,18603
lopp,18605
lopp,18607
lopp,18609
lopp,18610
lopp,18612
lopp,18614
lopp,18616
lopp,18617
lopp,18618
lopp,18619
lopp,18621
lopp,18622
lopp,18623
lopp,18624
lopp,18626
lopp,18628
lopp,18629
lopp,18630
lopp,18631
lopp,18632
lopp,18633
lopp,18634
lopp,18636
lopp,18637
lopp,18638
lopp,18641
lopp,18642
lopp,18643
lopp,18644
lopp,18646
lopp,18648
lopp,18651
lopp,18653
lopp,18655
lopp,18656
lopp,18657
lopp,18659
lopp,18660
lopp,18663
lopp,18664
lopp,18666
lopp,18668
lopp,18673
lopp,18674
lopp,18676
lopp,18677
lopp,18678
lopp,18679
lopp,18680
lopp,18681
lopp,18683
lopp,18684
lopp,18685
lopp,18687
lopp,18689
lopp,18690
lopp,18691
lopp,18693
lopp,18694
lopp,18696
lopp,18697
lopp,18699
lopp,18701
lopp,18702
lopp,18703
lopp,18704
lopp,18706
lopp,18708
lopp,18710
lopp,18711
lopp,18712
lopp,18713
lopp,18716
lopp,18718
lopp,18720
lopp,18721
lopp,18722
lopp,18723
lopp,18724
lopp,18725
lopp,18727
lopp,18728
lopp,18729
lopp,18730
lopp,18733
lopp,18735
lopp,18736
lopp,18738
lopp,18739
lopp,18742
lopp,18743
lopp,18744
lopp,18746
lopp,18747
lopp,18750
lopp,18752
lopp,18753
lopp,18755
lopp,18757
lopp,18759
lopp,18761
lopp,18764
lopp,18766
lopp,18767
lopp,18768
lopp,18769
lopp,18770
lopp,18772
lopp,18773
lopp,18776
lopp,18777
lopp,18778
lopp,18779
lopp,18780
lopp,18781
lopp,18782
lopp,18784
lopp,18785
lopp,18786
lopp,18788
lopp,18789
lopp,18790
lopp,18792
lopp,18794
lopp,18795
lopp,18796
lopp,18797
lopp,18799
lopp,18801
lopp,18803
lopp,18804
lopp,18805
lopp,18807
lopp,18808
lopp,18809
lopp,18810
lopp,18812
lopp,18814
lopp,18815
lopp,18816
lopp,18817
lopp,18819
lopp,18820
lopp,18822
lopp,18823
lopp,18825
lopp,18827
lopp,18830
lopp,18831
lopp,18834
lopp,18835
lopp,18837
lopp,18838
lopp,18839
lopp,18841
lopp,18842
lopp,18844
lopp,18846
lopp,18847
lopp,18849
lopp,18851
lopp,18854
lopp,18855
lopp,18857
lopp,18858
lopp,18860
lopp,18861
lopp,18862
lopp,18863
lopp,18864
lopp,18865
lopp,18866
lopp,18868
lopp,18870
lopp,18873
lopp,18874
lopp,18875
lopp,18877
lopp,18878
lopp,18879
lopp,18882
lopp,18884
lopp,18886
lopp,18887
lopp,18888
lopp,18890
lopp,18892
lopp,18893
lopp,18895
lopp,18897
lopp,18898
lopp,18900
lopp,18901
lopp,18903
lopp,18904
lopp,18905
lopp,18906
lopp,18909
lopp,18910
lopp,18911
lopp,18914
lopp,18915
lopp,18917
lopp,18919
lopp,18920
lopp,18921
lopp,18923
lopp,18924
lopp,18927
lopp,18929
lopp,18930
lopp,18932
lopp,18933
lopp,18934
lopp,18936
lopp,18937
lopp,18938
lopp,18939
lopp,18940
lopp,18941
lopp,18942
lopp,18943
lopp,18944
lopp,18946
lopp,18948
lopp,18949
lopp,18950
lopp,18952
lopp,18954
lopp,18956
lopp,18957
lopp,18958
lopp,18960
lopp,18961
lopp,18964
lopp,18965
lopp,18966
lopp,18967
lopp,18968
lopp,18969
lopp,18970
lopp,18971
lopp,18972
lopp,18973
lopp,18974
lopp,18975
lopp,18976
lopp,18977
lopp,18978
lopp,18980
lopp,18981
lopp,18982
lopp,18984
lopp,18985
lopp,18986
lopp,18988
lopp,18990
lopp,18991
lopp,18993
lopp,18994
lopp,18995
lopp,18999
lopp,19001
lopp,19002
lopp,19003
lopp,19005
lopp,19006
lopp,19008
lopp,19009
lopp,19010
lopp,19011
lopp,19014
lopp,19016
lopp,19017
lopp,19018
lopp,19020
lopp,19022
lopp,19025
lopp,19026
lopp,19027
lopp,19028
lopp,19029
lopp,19030
lopp,19031
lopp,19032
lopp,19034
lopp,19035
lopp,19037
lopp,19038
lopp,19040
lopp,19041
lopp,19042
lopp,19043
lopp,19044
lopp,19045
lopp,19047
lopp,19048
lopp,19049
lopp,19050
lopp,19053
lopp,19054
lopp,19055
lopp,19056
lopp,19057
lopp,19058
lopp,19059
lopp,19060
lopp,19061
lopp,19062
lopp,19065
lopp,19068
lopp,19069
lopp,19070
lopp,19071
lopp,19072
lopp,19073
lopp,19074
lopp,19075
lopp,19076
lopp,19078
lopp,19079
lopp,19080
lopp,19081
lopp,19082
lopp,19083
lopp,19085
lopp,19086
lopp,19087
lopp,19088
lopp,19089
lopp,19090
lopp,19091
lopp,19092
lopp,19093
lopp,19097
lopp,19100
lopp,19101
lopp,19102
lopp,19103
lopp,19105
lopp,19113
lopp,19114
lopp,19115
lopp,19116
lopp,19117
lopp,19118
lopp,19121
lopp,19122
lopp,19123
lopp,19124
lopp,19127
lopp,19128
lopp,19130
lopp,19131
lopp,19133
lopp,19134
lopp,19136
lopp,19137
lopp,19140
lopp,19142
lopp,19145
lopp,19146
lopp,19149
lopp,19150
lopp,19151
lopp,19152
lopp,19155
lopp,19156
lopp,19157
lopp,19159
lopp,19160
lopp,19162
lopp,19163
lopp,19164
lopp,19165
lopp,19166
lopp,19167
lopp,19169
lopp,19170
lopp,19171
lopp,19173
lopp,19174
lopp,19176
lopp,19177
lopp,19179
lopp,19180
lopp,19181
lopp,19183
lopp,19185
lopp,19187
lopp,19189
lopp,19192
lopp,19193
lopp,19194
lopp,19195
lopp,19199
lopp,19200
lopp,19203
lopp,19204
lopp,19206
lopp,19208
lopp,19209
lopp,19210
lopp,19211
lopp,19212
lopp,19214
lopp,19215
lopp,19217
lopp,19219
lopp,19221
lopp,19223
lopp,19224
lopp,19225
lopp,19227
lopp,19228
lopp,19229
lopp,19232
lopp,19233
lopp,19234
lopp,19235
lopp,19236
lopp,19237
lopp,19238
lopp,19239
lopp,19240
lopp,19241
lopp,19243
lopp,19246
lopp,19247
lopp,19248
lopp,19251
lopp,19252
lopp,19253
lopp,19255
lopp,19256
lopp,19257
lopp,19258
lopp,19259
lopp,19262
lopp,19263
lopp,19264
lopp,19265
lopp,19267
lopp,19270
lopp,19271
lopp,19275
lopp,19276
lopp,19278
lopp,19279
lopp,19280
lopp,19281
lopp,19283
lopp,19284
lopp,19286
lopp,19288
lopp,19290
lopp,19292
lopp,19294
lopp,19295
lopp,19297
lopp,19299
lopp,19300
lopp,19301
lopp,19302
lopp,19303
lopp,19306
lopp,19307
lopp,19309
lopp,19313
lopp,19316
lopp,19317
lopp,19318
lopp,19319
lopp,19321
lopp,19322
lopp,19323
lopp,19325
lopp,19326
lopp,19328
lopp,19330
lopp,19331
lopp,19332
lopp,19333
lopp,19334
lopp,19336
lopp,19337
lopp,19338
lopp,19340
lopp,19341
lopp,19342
lopp,19343
lopp,19344
lopp,19345
lopp,19346
lopp,19347
lopp,19348
lopp,19349
lopp,19352
lopp,19353
lopp,19354
lopp,19356
lopp,19358
lopp,19359
lopp,19360
lopp,19361
lopp,19363
lopp,19364
lopp,19365
lopp,19367
lopp,19368
lopp,19371
lopp,19372
lopp,19376
lopp,19377
lopp,19379
lopp,19381
lopp,19382
lopp,19384
lopp,19386
lopp,19387
lopp,19390
lopp,19391
lopp,19393
lopp,19394
lopp,19395
lopp,19397
lopp,19398
lopp,19399
lopp,19400
lopp,19402
lopp,19406
lopp,19407
lopp,19408
lopp,19409
lopp,19410
lopp,19411
lopp,19412
lopp,19415
lopp,19418
lopp,19419
lopp,19421
lopp,19424
lopp,19425
lopp,19426
lopp,19427
lopp,19429
lopp,19430
lopp,19431
lopp,19433
lopp,19434
lopp,19436
lopp,19438
lopp,19439
lopp,19440
lopp,19441
lopp,19443
lopp,19444
lopp,19445
lopp,19446
lopp,19448
lopp,19449
lopp,19451
lopp,19452
lopp,19454
lopp,19455
lopp,19456
lopp,19457
lopp,19458
lopp,19459
lopp,19460
lopp,19461
lopp,19462
lopp,19463
lopp,19465
lopp,19466
lopp,19467
lopp,19469
lopp,19471
lopp,19472
lopp,19473
lopp,19474
lopp,19476
lopp,19477
lopp,19478
lopp,19479
lopp,19481
lopp,19482
lopp,19483
lopp,19486
lopp,19489
lopp,19490
lopp,19493
lopp,19494
lopp,19495
lopp,19496
lopp,19497
lopp,19498
lopp,19500
lopp,19501
lopp,19502
lopp,19503
lopp,19504
lopp,19506
lopp,19507
lopp,19508
lopp,19509
lopp,19510
lopp,19511
lopp,19512
lopp,19513
lopp,19514
lopp,19515
lopp,19516
lopp,19517
lopp,19518
lopp,19519
lopp,19521
lopp,19523
lopp,19524
lopp,19526
lopp,19528
lopp,19529
lopp,19530
lopp,19531
lopp,19532
lopp,19533
lopp,19534
lopp,19535
lopp,19536
lopp,19537
lopp,19538
lopp,19539
lopp,19541
lopp,19542
lopp,19543
lopp,19544
lopp,19545
lopp,19546
lopp,19547
lopp,19548
lopp,19549
lopp,19551
lopp,19552
lopp,19553
lopp,19556
lopp,19557
lopp,19559
lopp,19560
lopp,19562
lopp,19563
lopp,19564
lopp,19565
lopp,19566
lopp,19568
lopp,19569
lopp,19570
lopp,19571
lopp,19572
lopp,19573
lopp,19574
lopp,19575
lopp,19576
lopp,19577
lopp,19578
lopp,19579
lopp,19580
lopp,19581
lopp,19583
lopp,19587
lopp,19588
lopp,19589
lopp,19590
lopp,19592
lopp,19593
lopp,19594
lopp,19595
lopp,19596
lopp,19597
lopp,19598
lopp,19601
lopp,19602
lopp,19603
lopp,19604
lopp,19605
lopp,19606
lopp,19607
lopp,19608
lopp,19609
lopp,19610
lopp,19611
lopp,19612
lopp,19613
lopp,19614
lopp,19615
lopp,19616
lopp,19617
lopp,19618
lopp,19619
lopp,19621
lopp,19622
lopp,19623
lopp,19625
lopp,19626
lopp,19628
lopp,19630
lopp,19632
lopp,19633
lopp,19634
lopp,19635
lopp,19637
lopp,19638
lopp,19639
lopp,19640
lopp,19641
lopp,19642
lopp,19643
lopp,19644
lopp,19645
lopp,19646
lopp,19648
lopp,19649
lopp,19650
lopp,19652
lopp,19653
lopp,19654
lopp,19656
lopp,19657
lopp,19658
lopp,19662
lopp,19665
lopp,19666
lopp,19667
lopp,19668
lopp,19669
lopp,19670
lopp,19672
lopp,19673
lopp,19674
lopp,19675
lopp,19676
lopp,19677
lopp,19678
lopp,19679
lopp,19681
lopp,19682
lopp,19684
lopp,19686
lopp,19688
lopp,19689
lopp,19690
lopp,19692
lopp,19693
lopp,19694
lopp,19695
lopp,19696
lopp,19697
lopp,19698
lopp,19700
lopp,19703
lopp,19705
lopp,19706
lopp,19707
lopp,19708
lopp,19709
lopp,19710
lopp,19711
lopp,19714
lopp,19715
lopp,19716
lopp,19717
lopp,19719
lopp,19720
lopp,19721
lopp,19727
lopp,19728
lopp,19730
lopp,19731
lopp,19732
lopp,19734
lopp,19735
lopp,19737
lopp,19738
lopp,19739
lopp,19741
lopp,19742
lopp,19743
lopp,19744
lopp,19745
lopp,19746
lopp,19747
lopp,19748
lopp,19750
lopp,19751
lopp,19753
lopp,19754
lopp,19755
lopp,19756
lopp,19758
lopp,19759
lopp,19762
lopp,19763
lopp,19765
lopp,19767
lopp,19768
lopp,19770
lopp,19771
lopp,19773
lopp,19774
lopp,19777
lopp,19778
lopp,19783
lopp,19784
lopp,19785
lopp,19786
lopp,19789
lopp,19790
lopp,19791
lopp,19792
lopp,19794
lopp,19795
lopp,19796
lopp,19797
lopp,19798
lopp,19799
lopp,19800
lopp,19801
lopp,19802
lopp,19803
lopp,19804
lopp,19805
lopp,19806
lopp,19807
lopp,19808
lopp,19809
lopp,19811
lopp,19812
lopp,19814
lopp,19816
lopp,19817
lopp,19818
lopp,19821
lopp,19823
lopp,19824
lopp,19825
lopp,19826
lopp,19827
lopp,19828
lopp,19829
lopp,19832
lopp,19833
lopp,19834
lopp,19836
lopp,19837
lopp,19840
lopp,19841
lopp,19843
lopp,19845
lopp,19848
lopp,19849
lopp,19852
lopp,19853
lopp,19854
lopp,19855
lopp,19856
lopp,19857
lopp,19859
lopp,19860
lopp,19861
lopp,19863
lopp,19864
lopp,19865
lopp,19868
lopp,19869
lopp,19870
lopp,19871
lopp,19872
lopp,19873
lopp,19874
lopp,19875
lopp,19877
lopp,19878
lopp,19879
lopp,19880
lopp,19882
lopp,19884
lopp,19887
lopp,19888
lopp,19889
lopp,19890
lopp,19891
lopp,19892
lopp,19894
lopp,19895
lopp,19897
lopp,19898
lopp,19899
lopp,19900
lopp,19902
lopp,19903
lopp,19904
lopp,19905
lopp,19906
lopp,19907
lopp,19908
lopp,19910
lopp,19911
lopp,19912
lopp,19913
lopp,19914
lopp,19915
lopp,19916
lopp,19917
lopp,19918
lopp,19919
lopp,19920
lopp,19921
lopp,19922
lopp,19925
lopp,19926
lopp,19927
lopp,19928
lopp,19930
lopp,19931
lopp,19932
lopp,19933
lopp,19934
lopp,19936
lopp,19937
lopp,19939
lopp,19940
lopp,19943
lopp,19944
lopp,19945
lopp,19947
lopp,19949
lopp,19951
lopp,19952
lopp,19953
lopp,19955
lopp,19956
lopp,19959
lopp,19960
lopp,19962
lopp,19963
lopp,19965
lopp,19967
lopp,19968
lopp,19970
lopp,19972
lopp,19973
lopp,19974
lopp,19975
lopp,19976
lopp,19978
lopp,19979
lopp,19980
lopp,19983
lopp,19985
lopp,19986
lopp,19988
lopp,19989
lopp,19990
lopp,19991
lopp,19992
lopp,19993
lopp,19994
lopp,19995
lopp,19996
lopp,19997
lopp,19999
lopp,20000
lopp,20004
lopp,20008
lopp,20009
lopp,20010
lopp,20011
lopp,20012
lopp,20013
lopp,20014
lopp,20015
lopp,20016
lopp,20017
lopp,20018
lopp,20020
lopp,20021
lopp,20022
lopp,20023
lopp,20026
lopp,20027
lopp,20028
lopp,20030
lopp,20032
lopp,20033
lopp,20034
lopp,20035
lopp,20037
lopp,20038
lopp,20039
lopp,20040
lopp,20041
lopp,20043
lopp,20044
lopp,20045
lopp,20047
lopp,20048
lopp,20051
lopp,20052
lopp,20053
lopp,20054
lopp,20057
lopp,20058
lopp,20059
lopp,20060
lopp,20061
lopp,20062
lopp,20063
lopp,20065
lopp,20066
lopp,20068
lopp,20071
lopp,20073
lopp,20074
lopp,20075
lopp,20078
lopp,20081
lopp,20083
lopp,20087
lopp,20089
lopp,20091
lopp,20092
lopp,20093
lopp,20094
lopp,20096
lopp,20097
lopp,20098
lopp,20099
lopp,20101
lopp,20102
lopp,20103
lopp,20104
lopp,20106
lopp,20107
lopp,20108
lopp,20109
lopp,20110
lopp,20111
lopp,20112
lopp,20114
lopp,20117
lopp,20118
lopp,20119
lopp,20121
lopp,20124
lopp,20125
lopp,20127
lopp,20128
lopp,20129
lopp,20130
lopp,20131
lopp,20133
lopp,20134
lopp,20135
lopp,20136
lopp,20138
lopp,20139
lopp,20141
lopp,20143
lopp,20144
lopp,20145
lopp,20146
lopp,20147
lopp,20148
lopp,20150
lopp,20151
lopp,20152
lopp,20153
lopp,20155
lopp,20156
lopp,20157
lopp,20161
lopp,20162
lopp,20164
lopp,20165
lopp,20166
lopp,20167
lopp,20168
lopp,20169
lopp,20171
lopp,20173
lopp,20174
lopp,20176
lopp,20177
lopp,20179
lopp,20180
lopp,20181
lopp,20182
lopp,20183
lopp,20184
lopp,20185
lopp,20186
lopp,20211
lopp,20212
lopp,20213
lopp,20214
lopp,20216
lopp,20217
lopp,20218
lopp,20219
lopp,20220
lopp,20221
lopp,20222
lopp,20223
lopp,20224
lopp,20226
lopp,20229
lopp,20230
lopp,20231
lopp,20232
lopp,20233
lopp,20234
lopp,20235
lopp,20237
lopp,20238
lopp,20239
lopp,20240
lopp,20241
lopp,20242
lopp,20243
lopp,20248
lopp,20251
lopp,20252
lopp,20253
lopp,20254
lopp,20256
lopp,20257
lopp,20258
lopp,20259
lopp,20261
lopp,20262
lopp,20263
lopp,20264
lopp,20265
lopp,20266
lopp,20267
lopp,20268
lopp,20270
lopp,20271
lopp,20273
lopp,20274
lopp,20275
lopp,20276
lopp,20277
lopp,20279
lopp,20281
lopp,20282
lopp,20283
lopp,20284
lopp,20286
lopp,20287
lopp,20289
lopp,20290
lopp,20291
lopp,20292
lopp,20295
lopp,20297
lopp,20298
lopp,20312
lopp,20313
lopp,20314
lopp,20315
lopp,20317
lopp,20318
lopp,20319
lopp,20321
lopp,20322
lopp,20323
lopp,20340
lopp,20341
lopp,20342
lopp,20442
lopp,20444
lopp,20445
lopp,20446
lopp,20449
lopp,20451
lopp,20453
lopp,20454
lopp,20455
lopp,20456
lopp,20457
lopp,20459
lopp,20460
lopp,20462
lopp,20463
lopp,20465
lopp,20467
lopp,20469
lopp,20471
lopp,20472
lopp,20473
lopp,20475
lopp,20476
lopp,20477
lopp,20478
lopp,20480
lopp,20482
lopp,20485
lopp,20486
lopp,20487
lopp,20488
lopp,20489
lopp,20490
lopp,20492
lopp,20494
lopp,20495
lopp,20496
lopp,20497
lopp,20498
lopp,20499
lopp,20500
lopp,20501
lopp,20506
lopp,20509
lopp,20510
lopp,20511
lopp,20513
lopp,20515
lopp,20516
lopp,20517
lopp,20520
lopp,20521
lopp,20527
lopp,20528
lopp,20529
lopp,20530
lopp,20531
lopp,20532
lopp,20533
lopp,20534
lopp,20536
lopp,20537
lopp,20538
lopp,20542
lopp,20544
lopp,20545
lopp,20546
lopp,20547
lopp,20550
lopp,20551
lopp,20552
lopp,20554
lopp,20555
lopp,20556
lopp,20559
lopp,20560
lopp,20561
lopp,20562
lopp,20563
lopp,20564
lopp,20566
lopp,20568
lopp,20569
lopp,20571
lopp,20573
lopp,20574
lopp,20576
lopp,20577
lopp,20579
lopp,20580
lopp,20581
lopp,20584
lopp,20585
lopp,20586
lopp,20587
lopp,20590
lopp,20591
lopp,20593
lopp,20594
lopp,20598
lopp,20600
lopp,20601
lopp,20604
lopp,20606
lopp,20608
lopp,20613
lopp,20615
lopp,20617
lopp,20618
lopp,20619
lopp,20620
lopp,20621
lopp,20622
lopp,20623
lopp,20627
lopp,20628
lopp,20630
lopp,20631
lopp,20633
lopp,20634
lopp,20635
lopp,20637
lopp,20639
lopp,20640
lopp,20641
lopp,20643
lopp,20644
lopp,20646
lopp,20648
lopp,20649
lopp,20651
lopp,20652
lopp,20654
lopp,20655
lopp,20657
lopp,20658
lopp,20660
lopp,20661
lopp,20662
lopp,20664
lopp,20666
lopp,20670
lopp,20672
lopp,20674
lopp,20675
lopp,20677
lopp,20679
lopp,20680
lopp,20681
lopp,20684
lopp,20685
lopp,20687
lopp,20688
lopp,20689
lopp,20690
lopp,20691
lopp,20692
lopp,20693
lopp,20694
lopp,20695
lopp,20697
lopp,20699
lopp,20700
lopp,20702
lopp,20703
lopp,20705
lopp,20706
lopp,20707
lopp,20708
lopp,20709
lopp,20710
lopp,20711
lopp,20713
lopp,20714
lopp,20715
lopp,20718
lopp,20719
lopp,20720
lopp,20723
lopp,20725
lopp,20726
lopp,20731
lopp,20732
lopp,20733
lopp,20734
lopp,20739
lopp,20740
lopp,20742
lopp,20744
lopp,20745
lopp,20746
lopp,20748
lopp,20750
lopp,20753
lopp,20755
lopp,20756
lopp,20757
lopp,20758
lopp,20759
lopp,20760
lopp,20761
lopp,20762
lopp,20764
lopp,20765
lopp,20767
lopp,20771
lopp,20772
lopp,20773
lopp,20777
lopp,20778
lopp,20779
lopp,20782
lopp,20783
lopp,20784
lopp,20786
lopp,20788
lopp,20789
lopp,20791
lopp,20793
lopp,20794
lopp,20795
lopp,20796
lopp,20797
lopp,20798
lopp,20801
lopp,20802
lopp,20803
lopp,20804
lopp,20806
lopp,20808
lopp,20810
lopp,20814
lopp,20815
lopp,20817
lopp,20818
lopp,20819
lopp,20820
lopp,20821
lopp,20824
lopp,20826
lopp,20827
lopp,20828
lopp,20829
lopp,20832
lopp,20833
lopp,20835
lopp,20837
lopp,20840
lopp,20841
lopp,20843
lopp,20844
lopp,20847
lopp,20849
lopp,20850
lopp,20852
lopp,20853
lopp,20854
lopp,20856
lopp,20857
lopp,20858
lopp,20860
lopp,20861
lopp,20863
lopp,20864
lopp,20865
lopp,20866
lopp,20867
lopp,20869
lopp,20870
lopp,20872
lopp,20873
lopp,20874
lopp,20877
lopp,20880
lopp,20881
lopp,20884
lopp,20885
lopp,20887
lopp,20889
lopp,20892
lopp,20893
lopp,20894
lopp,20897
lopp,20898
lopp,20899
lopp,20901
lopp,20902
lopp,20904
lopp,20907
lopp,20908
lopp,20912
lopp,20913
lopp,20914
lopp,20915
lopp,20918
lopp,20919
lopp,20923
lopp,20924
lopp,20926
lopp,20928
lopp,20929
lopp,20930
lopp,20932
lopp,20934
lopp,20936
lopp,20939
lopp,20940
lopp,20942
lopp,20945
lopp,20947
lopp,20949
lopp,20951
lopp,20952
lopp,20953
lopp,20955
lopp,20956
lopp,20957
lopp,20958
lopp,20959
lopp,20960
lopp,20961
lopp,20963
lopp,20965
lopp,20966
lopp,20969
lopp,20970
lopp,20971
lopp,20972
lopp,20973
lopp,20974
lopp,20975
lopp,20976
lopp,20977
lopp,20979
lopp,20980
lopp,20982
lopp,20985
lopp,20986
lopp,20988
lopp,20989
lopp,20990
lopp,20991
lopp,20993
lopp,20994
lopp,20995
lopp,20996
lopp,20997
lopp,20998
lopp,21000
lopp,21001
lopp,21003
lopp,21004
lopp,21006
lopp,21007
lopp,21009
lopp,21010
lopp,21012
lopp,21014
lopp,21015
lopp,21016
lopp,21017
lopp,21018
lopp,21020
lopp,21021
lopp,21022
lopp,21023
lopp,21024
lopp,21026
lopp,21027
lopp,21028
lopp,21030
lopp,21031
lopp,21032
lopp,21033
lopp,21034
lopp,21035
lopp,21038
lopp,21039
lopp,21040
lopp,21042
lopp,21043
lopp,21044
lopp,21046
lopp,21047
lopp,21049
lopp,21050
lopp,21051
lopp,21052
lopp,21054
lopp,21055
lopp,21056
lopp,21058
lopp,21060
lopp,21061
lopp,21062
lopp,21064
lopp,21065
lopp,21066
lopp,21067
lopp,21068
lopp,21069
lopp,21070
lopp,21071
lopp,21072
lopp,21073
lopp,21074
lopp,21076
lopp,21077
lopp,21079
lopp,21080
lopp,21082
lopp,21083
lopp,21084
lopp,21087
lopp,21088
lopp,21089
lopp,21090
lopp,21092
lopp,21094
lopp,21095
lopp,21097
lopp,21098
lopp,21099
lopp,21101
lopp,21102
lopp,21103
lopp,21104
lopp,21105
lopp,21106
lopp,21108
lopp,21109
lopp,21110
lopp,21111
lopp,21113
lopp,21115
lopp,21117
lopp,21119
lopp,21120
lopp,21122
lopp,21123
lopp,21124
lopp,21125
lopp,21126
lopp,21127
lopp,21128
lopp,21130
lopp,21131
lopp,21132
lopp,21133
lopp,21134
lopp,21135
lopp,21136
lopp,21137
lopp,21138
lopp,21139
lopp,21140
lopp,21141
lopp,21142
lopp,21143
lopp,21144
lopp,21146
lopp,21148
lopp,21149
lopp,21150
lopp,21151
lopp,21152
lopp,21153
lopp,21155
lopp,21156
lopp,21157
lopp,21158
lopp,21160
lopp,21161
lopp,21162
lopp,21163
lopp,21164
lopp,21166
lopp,21167
lopp,21168
lopp,21171
lopp,21172
lopp,21176
lopp,21177
lopp,21178
lopp,21179
lopp,21181
lopp,21182
lopp,21183
lopp,21185
lopp,21186
lopp,21191
lopp,21193
lopp,21195
lopp,21197
lopp,21198
lopp,21200
lopp,21201
lopp,21202
lopp,21204
lopp,21206
lopp,21207
lopp,21208
lopp,21209
lopp,21211
lopp,21215
lopp,21216
lopp,21217
lopp,21218
lopp,21219
lopp,21220
lopp,21222
lopp,21223
lopp,21224
lopp,21225
lopp,21227
lopp,21228
lopp,21229
lopp,21230
lopp,21231
lopp,21232
lopp,21233
lopp,21235
lopp,21236
lopp,21237
lopp,21238
lopp,21239
lopp,21242
lopp,21243
lopp,21244
lopp,21245
lopp,21246
lopp,21248
lopp,21250
lopp,21251
lopp,21252
lopp,21253
lopp,21256
lopp,21257
lopp,21258
lopp,21260
lopp,21262
lopp,21264
lopp,21265
lopp,21266
lopp,21267
lopp,21268
lopp,21269
lopp,21271
lopp,21272
lopp,21273
lopp,21274
lopp,21275
lopp,21276
lopp,21277
lopp,21279
lopp,21280
lopp,21281
lopp,21282
lopp,21283
lopp,21284
lopp,21286
lopp,21287
lopp,21288
lopp,21289
lopp,21290
lopp,21291
lopp,21292
lopp,21293
lopp,21295
lopp,21296
lopp,21297
lopp,21298
lopp,21299
lopp,21300
lopp,21301
lopp,21302
lopp,21304
lopp,21305
lopp,21307
lopp,21308
lopp,21467
lopp,21468
lopp,21469
lopp,21471
lopp,21472
lopp,21473
lopp,21474
lopp,21475
lopp,21476
lopp,21477
lopp,21478
lopp,21479
lopp,21481
lopp,21482
lopp,21483
lopp,21484
lopp,21486
lopp,21488
lopp,21490
lopp,21491
lopp,21492
lopp,21493
lopp,21495
lopp,21496
lopp,21497
lopp,21498
lopp,21499
lopp,21500
lopp,21501
lopp,21502
lopp,21503
lopp,21504
lopp,21505
lopp,21506
lopp,21507
lopp,21508
lopp,21510
lopp,21511
lopp,21512
lopp,21513
lopp,21514
lopp,21515
lopp,21516
lopp,21517
lopp,21518
lopp,21519
lopp,21521
lopp,21523
lopp,21525
lopp,21526
lopp,21527
lopp,21528
lopp,21529
lopp,21530
lopp,21531
lopp,21532
lopp,21533
lopp,21534
lopp,21535
lopp,21536
lopp,21537
lopp,21538
lopp,21539
lopp,21540
lopp,21541
lopp,21542
lopp,21543
lopp,21544
lopp,21546
lopp,21547
lopp,21548
lopp,21549
lopp,21550
lopp,21551
lopp,21552
lopp,21553
lopp,21554
lopp,21557
lopp,21558
lopp,21559
lopp,21560
lopp,21561
lopp,21562
lopp,21563
lopp,21564
lopp,21565
lopp,21566
lopp,21567
lopp,21568
lopp,21569
lopp,21572
lopp,21573
lopp,21574
lopp,21575
lopp,21578
lopp,21579
lopp,21580
lopp,21598
lopp,21599
lopp,21600
lopp,21601
lopp,21602
lopp,21603
lopp,21604
lopp,21607
lopp,21610
lopp,21612
lopp,21613
lopp,21614
lopp,21615
lopp,21616
lopp,21617
lopp,21619
lopp,21620
lopp,21621
lopp,21622
lopp,21623
lopp,21625
lopp,21626
lopp,21627
lopp,21628
lopp,21630
lopp,21631
lopp,21632
lopp,21635
lopp,21636
lopp,21637
lopp,21638
lopp,21639
lopp,21640
lopp,21641
lopp,21642
lopp,21643
lopp,21644
lopp,21645
lopp,21647
lopp,21649
lopp,21650
lopp,21652
lopp,21653
lopp,21654
lopp,21655
lopp,21658
lopp,21661
lopp,21663
lopp,21665
lopp,21666
lopp,21669
lopp,21670
lopp,21672
lopp,21673
lopp,21676
lopp,21677
lopp,21678
lopp,21679
lopp,21680
lopp,21681
lopp,21682
lopp,21684
lopp,21685
lopp,21686
lopp,21688
lopp,21690
lopp,21691
lopp,21692
lopp,21693
lopp,21694
lopp,21698
lopp,21699
lopp,21702
lopp,21703
lopp,21705
lopp,21706
lopp,21708
lopp,21710
lopp,21711
lopp,21714
lopp,21715
lopp,21716
lopp,21717
lopp,21719
lopp,21722
lopp,21724
lopp,21725
lopp,21728
lopp,21729
lopp,21730
lopp,21731
lopp,21732
lopp,21733
lopp,21735
lopp,21736
lopp,21737
lopp,21738
lopp,21740
lopp,21741
lopp,21742
lopp,21743
lopp,21744
lopp,21745
lopp,21746
lopp,21748
lopp,21749
lopp,21751
lopp,21753
lopp,21754
lopp,21755
lopp,21756
lopp,21757
lopp,21758
lopp,21759
lopp,21761
lopp,21762
lopp,21765
lopp,21769
lopp,21771
lopp,21772
lopp,21775
lopp,21776
lopp,21777
lopp,21778
lopp,21781
lopp,21782
lopp,21783
lopp,21784
lopp,21785
lopp,21787
lopp,21789
lopp,21791
lopp,21792
lopp,21795
lopp,21796
lopp,21798
lopp,21802
lopp,21803
lopp,21806
lopp,21807
lopp,21808
lopp,21809
lopp,21810
lopp,21812
lopp,21815
lopp,21816
lopp,21820
lopp,21821
lopp,21822
lopp,21823
lopp,21825
lopp,21826
lopp,21828
lopp,21830
lopp,21831
lopp,21832
lopp,21833
lopp,21836
lopp,21839
lopp,21841
lopp,21843
lopp,21846
lopp,21848
lopp,21849
lopp,21850
lopp,21851
lopp,21855
lopp,21857
lopp,21860
lopp,21862
lopp,21865
lopp,21866
lopp,21870
lopp,21872
lopp,21873
lopp,21875
lopp,21876
lopp,21878
lopp,21881
lopp,21883
lopp,21885
lopp,21888
lopp,21889
lopp,21892
lopp,21893
lopp,21894
lopp,21895
lopp,21896
lopp,21897
lopp,21898
lopp,21901
lopp,21903
lopp,21904
lopp,21905
lopp,21906
lopp,21908
lopp,21910
lopp,21911
lopp,21912
lopp,21913
lopp,21916
lopp,21919
lopp,21921
lopp,21922
lopp,21924
lopp,21925
lopp,21926
lopp,21927
lopp,21928
lopp,21929
lopp,21931
lopp,21932
lopp,21933
lopp,21935
lopp,21937
lopp,21938
lopp,21940
lopp,21941
lopp,21944
lopp,21946
lopp,21949
lopp,21951
lopp,21952
lopp,21955
lopp,21956
lopp,21958
lopp,21962
lopp,21964
lopp,21965
lopp,21966
lopp,21967
lopp,21970
lopp,21971
lopp,21972
lopp,21973
lopp,21974
lopp,21976
lopp,21978
lopp,21979
lopp,21980
lopp,21982
lopp,21984
lopp,21985
lopp,21988
lopp,21989
lopp,21991
lopp,21992
lopp,21993
lopp,21995
lopp,21997
lopp,21998
lopp,21999
lopp,22000
lopp,22001
lopp,22002
lopp,22004
lopp,22005
lopp,22007
lopp,22008
lopp,22009
lopp,22010
lopp,22014
lopp,22015
lopp,22017
lopp,22018
lopp,22019
lopp,22020
lopp,22021
lopp,22022
lopp,22023
lopp,22024
lopp,22025
lopp,22026
lopp,22028
lopp,22029
lopp,22030
lopp,22031
lopp,22032
lopp,22033
lopp,22037
lopp,22038
lopp,22040
lopp,22043
lopp,22044
lopp,22045
lopp,22046
lopp,22048
lopp,22049
lopp,22050
lopp,22051
lopp,22052
lopp,22054
lopp,22055
lopp,22057
lopp,22058
lopp,22059
lopp,22060
lopp,22061
lopp,22062
lopp,22064
lopp,22065
lopp,22068
lopp,22069
lopp,22070
lopp,22071
lopp,22072
lopp,22075
lopp,22077
lopp,22078
lopp,22079
lopp,22082
lopp,22083
lopp,22084
lopp,22085
lopp,22086
lopp,22088
lopp,22090
lopp,22091
lopp,22092
lopp,22093
lopp,22095
lopp,22097
lopp,22098
lopp,22099
lopp,22100
lopp,22101
lopp,22102
lopp,22104
lopp,22106
lopp,22107
lopp,22108
lopp,22109
lopp,22110
lopp,22112
lopp,22114
lopp,22115
lopp,22117
lopp,22118
lopp,22119
lopp,22120
lopp,22121
lopp,22122
lopp,22123
lopp,22124
lopp,22125
lopp,22126
lopp,22127
lopp,22128
lopp,22129
lopp,22130
lopp,22131
lopp,22133
lopp,22134
lopp,22136
lopp,22137
lopp,22138
lopp,22139
lopp,22140
lopp,22141
lopp,22142
lopp,22143
lopp,22144
lopp,22145
lopp,22146
lopp,22149
lopp,22150
lopp,22151
lopp,22153
lopp,22154
lopp,22155
lopp,22157
lopp,22164
lopp,22166
lopp,22169
lopp,22170
lopp,22171
lopp,22172
lopp,22174
lopp,22175
lopp,22176
lopp,22177
lopp,22180
lopp,22182
lopp,22183
lopp,22186
lopp,22188
lopp,22189
lopp,22190
lopp,22191
lopp,22193
lopp,22194
lopp,22195
lopp,22197
lopp,22198
lopp,22199
lopp,22200
lopp,22201
lopp,22202
lopp,22203
lopp,22204
lopp,22206
lopp,22207
lopp,22209
lopp,22211
lopp,22212
lopp,22214
lopp,22215
lopp,22217
lopp,22218
lopp,22219
lopp,22221
lopp,22224
lopp,22226
lopp,22227
lopp,22229
lopp,22230
lopp,22231
lopp,22232
lopp,22233
lopp,22234
lopp,22235
lopp,22236
lopp,22237
lopp,22238
lopp,22240
lopp,22241
lopp,22242
lopp,22243
lopp,22244
lopp,22245
lopp,22246
lopp,22248
lopp,22249
lopp,22251
lopp,22252
lopp,22253
lopp,22254
lopp,22255
lopp,22257
lopp,22259
lopp,22262
lopp,22263
lopp,22264
lopp,22265
lopp,22266
lopp,22269
lopp,22270
lopp,22272
lopp,22273
lopp,22275
lopp,22276
lopp,22277
lopp,22278
lopp,22281
lopp,22282
lopp,22283
lopp,22285
lopp,22286
lopp,22288
lopp,22291
lopp,22292
lopp,22293
lopp,22294
lopp,22295
lopp,22297
lopp,22299
lopp,22300
lopp,22302
lopp,22303
lopp,22305
lopp,22306
lopp,22307
lopp,22308
lopp,22309
lopp,22310
lopp,22312
lopp,22314
lopp,22315
lopp,22316
lopp,22317
lopp,22319
lopp,22320
lopp,22321
lopp,22322
lopp,22323
lopp,22324
lopp,22326
lopp,22327
lopp,22328
lopp,22329
lopp,22331
lopp,22332
lopp,22334
lopp,22336
lopp,22337
lopp,22338
lopp,22339
lopp,22340
lopp,22341
lopp,22342
lopp,22343
lopp,22344
lopp,22345
lopp,22346
lopp,22349
lopp,22350
lopp,22352
lopp,22353
lopp,22354
lopp,22355
lopp,22356
lopp,22357
lopp,22359
lopp,22361
lopp,22362
lopp,22363
lopp,22364
lopp,22365
lopp,22366
lopp,22368
lopp,22370
lopp,22371
lopp,22372
lopp,22374
lopp,22375
lopp,22376
lopp,22377
lopp,22378
lopp,22379
lopp,22381
lopp,22384
lopp,22387
lopp,22388
lopp,22390
lopp,22391
lopp,22392
lopp,22393
lopp,22394
lopp,22395
lopp,22396
lopp,22400
lopp,22403
lopp,22405
lopp,22408
lopp,22410
lopp,22411
lopp,22412
lopp,22416
lopp,22417
lopp,22420
lopp,22421
lopp,22422
lopp,22423
lopp,22424
lopp,22425
lopp,22426
lopp,22427
lopp,22428
lopp,22429
lopp,22430
lopp,22431
lopp,22432
lopp,22434
lopp,22435
lopp,22436
lopp,22437
lopp,22438
lopp,22440
lopp,22442
lopp,22443
lopp,22444
lopp,22445
lopp,22446
lopp,22448
lopp,22449
lopp,22450
lopp,22451
lopp,22452
lopp,22453
lopp,22454
lopp,22455
lopp,22457
lopp,22464
lopp,22465
lopp,22466
lopp,22467
lopp,22468
lopp,22469
lopp,22471
lopp,22473
lopp,22474
lopp,22476
lopp,22477
lopp,22478
lopp,22479
lopp,22480
lopp,22481
lopp,22482
lopp,22483
lopp,22484
lopp,22485
lopp,22487
lopp,22488
lopp,22489
lopp,22491
lopp,22492
lopp,22493
lopp,22495
lopp,22496
lopp,22497
lopp,22498
lopp,22500
lopp,22501
lopp,22502
lopp,22503
lopp,22505
lopp,22506
lopp,22507
lopp,22509
lopp,22510
lopp,22511
lopp,22512
lopp,22513
lopp,22514
lopp,22517
lopp,22519
lopp,22520
lopp,22521
lopp,22522
lopp,22523
lopp,22524
lopp,22525
lopp,22528
lopp,22529
lopp,22530
lopp,22531
lopp,22532
lopp,22533
lopp,22534
lopp,22535
lopp,22536
lopp,22537
lopp,22538
lopp,22539
lopp,22540
lopp,22541
lopp,22542
lopp,22543
lopp,22544
lopp,22545
lopp,22546
lopp,22548
lopp,22549
lopp,22550
lopp,22551
lopp,22552
lopp,22553
lopp,22554
lopp,22555
lopp,22556
lopp,22557
lopp,22558
lopp,22559
lopp,22560
lopp,22561
lopp,22562
lopp,22563
lopp,22564
lopp,22567
lopp,22568
lopp,22570
lopp,22571
lopp,22572
lopp,22573
lopp,22574
lopp,22575
lopp,22576
lopp,22577
lopp,22578
lopp,22579
lopp,22580
lopp,22581
lopp,22582
lopp,22583
lopp,22584
lopp,22585
lopp,22587
lopp,22588
lopp,22590
lopp,22591
lopp,22592
lopp,22593
lopp,22594
lopp,22595
lopp,22597
lopp,22598
lopp,22599
lopp,22601
lopp,22602
lopp,22603
lopp,22604
lopp,22606
lopp,22607
lopp,22608
lopp,22610
lopp,22611
lopp,22612
lopp,22615
lopp,22616
lopp,22617
lopp,22620
lopp,22622
lopp,22624
lopp,22625
lopp,22626
lopp,22628
lopp,22629
lopp,22631
lopp,22632
lopp,22633
lopp,22635
lopp,22637
lopp,22638
lopp,22641
lopp,22642
lopp,22643
lopp,22644
lopp,22645
lopp,22646
lopp,22647
lopp,22648
lopp,22649
lopp,22650
lopp,22651
lopp,22652
lopp,22654
lopp,22655
lopp,22656
lopp,22657
lopp,22658
lopp,22659
lopp,22661
lopp,22663
lopp,22664
lopp,22665
lopp,22666
lopp,22667
lopp,22668
lopp,22671
lopp,22672
lopp,22673
lopp,22674
lopp,22675
lopp,22676
lopp,22677
lopp,22679
lopp,22680
lopp,22681
lopp,22682
lopp,22684
lopp,22687
lopp,22688
lopp,22691
lopp,22692
lopp,22693
lopp,22694
lopp,22695
lopp,22697
lopp,22698
lopp,22699
lopp,22700
lopp,22701
lopp,22702
lopp,22703
lopp,22705
lopp,22706
lopp,22707
lopp,22708
lopp,22709
lopp,22710
lopp,22712
lopp,22713
lopp,22714
lopp,22715
lopp,22716
lopp,22718
lopp,22719
lopp,22721
lopp,22724
lopp,22725
lopp,22727
lopp,22728
lopp,22729
lopp,22730
lopp,22733
lopp,22734
lopp,22736
lopp,22738
lopp,22739
lopp,22742
lopp,22745
lopp,22746
lopp,22747
lopp,22748
lopp,22749
lopp,22750
lopp,22751
lopp,22752
lopp,22755
lopp,22756
lopp,22757
lopp,22758
lopp,22759
lopp,22760
lopp,22761
lopp,22762
lopp,22763
lopp,22766
lopp,22767
lopp,22769
lopp,22770
lopp,22771
lopp,22772
lopp,22773
lopp,22774
lopp,22775
lopp,22777
lopp,22778
lopp,22780
lopp,22781
lopp,22782
lopp,22783
lopp,22784
lopp,22785
lopp,22786
lopp,22788
lopp,22789
lopp,22794
lopp,22795
lopp,22796
lopp,22798
lopp,22799
lopp,22800
lopp,22801
lopp,22802
lopp,22803
lopp,22804
lopp,22805
lopp,22806
lopp,22808
lopp,22809
lopp,22810
lopp,22811
lopp,22814
lopp,22815
lopp,22816
lopp,22817
lopp,22818
lopp,22823
lopp,22824
lopp,22825
lopp,22829
lopp,22830
lopp,22832
lopp,22833
lopp,22834
lopp,22835
lopp,22837
lopp,22838
lopp,22840
lopp,22841
lopp,22843
lopp,22844
lopp,22845
lopp,22846
lopp,22847
lopp,22848
lopp,22849
lopp,22851
lopp,22852
lopp,22853
lopp,22854
lopp,22856
lopp,22860
lopp,22861
lopp,22863
lopp,22864
lopp,22865
lopp,22867
lopp,22868
lopp,22869
lopp,22870
lopp,22871
lopp,22873
lopp,22875
lopp,22876
lopp,22877
lopp,22878
lopp,22879
lopp,22880
lopp,22881
lopp,22882
lopp,22883
lopp,22884
lopp,22886
lopp,22888
lopp,22889
lopp,22890
lopp,22891
lopp,22892
lopp,22893
lopp,22894
lopp,22896
lopp,22898
lopp,22899
lopp,22900
lopp,22903
lopp,22904
lopp,22905
lopp,22906
lopp,22907
lopp,22909
lopp,22912
lopp,22913
lopp,22914
lopp,22916
lopp,22917
lopp,22920
lopp,22921
lopp,22922
lopp,22923
lopp,22924
lopp,22925
lopp,22926
lopp,22927
lopp,22929
lopp,22930
lopp,22931
lopp,22932
lopp,22933
lopp,22934
lopp,22936
lopp,22937
lopp,22938
lopp,22939
lopp,22940
lopp,22941
lopp,22942
lopp,22943
lopp,22944
lopp,22953
lopp,22955
lopp,22958
lopp,22959
lopp,22960
lopp,22961
lopp,22965
lopp,22967
lopp,22968
lopp,22969
lopp,22971
lopp,22973
lopp,22974
lopp,22975
lopp,22976
lopp,22977
lopp,22978
lopp,22979
lopp,22980
lopp,22981
lopp,22982
lopp,22983
lopp,22984
lopp,22985
lopp,22987
lopp,22989
lopp,22990
lopp,22992
lopp,22993
lopp,22995
lopp,22996
lopp,22998
lopp,22999
lopp,23000
lopp,23001
lopp,23003
lopp,23004
lopp,23006
lopp,23007
lopp,23009
lopp,23010
lopp,23011
lopp,23012
lopp,23013
lopp,23014
lopp,23015
lopp,23016
lopp,23017
lopp,23018
lopp,23021
lopp,23022
lopp,23023
lopp,23024
lopp,23025
lopp,23026
lopp,23027
lopp,23030
lopp,23032
lopp,23035
lopp,23037
lopp,23038
lopp,23039
lopp,23040
lopp,23043
lopp,23045
lopp,23047
lopp,23048
lopp,23049
lopp,23050
lopp,23053
lopp,23054
lopp,23056
lopp,23057
lopp,23059
lopp,23060
lopp,23061
lopp,23063
lopp,23064
lopp,23067
lopp,23071
lopp,23073
lopp,23075
lopp,23078
lopp,23079
lopp,23080
lopp,23081
lopp,23083
lopp,23084
lopp,23085
lopp,23086
lopp,23087
lopp,23088
lopp,23089
lopp,23090
lopp,23091
lopp,23092
lopp,23093
lopp,23094
lopp,23096
lopp,23097
lopp,23098
lopp,23102
lopp,23103
lopp,23104
lopp,23105
lopp,23106
lopp,23108
lopp,23109
lopp,23110
lopp,23111
lopp,23113
lopp,23114
lopp,23115
lopp,23117
lopp,23118
lopp,23119
lopp,23120
lopp,23121
lopp,23124
lopp,23126
lopp,23127
lopp,23130
lopp,23132
lopp,23135
lopp,23136
lopp,23137
lopp,23138
lopp,23140
lopp,23142
lopp,23145
lopp,23146
lopp,23147
lopp,23149
lopp,23152
lopp,23154
lopp,23155
lopp,23156
lopp,23157
lopp,23159
lopp,23161
lopp,23162
lopp,23163
lopp,23164
lopp,23165
lopp,23166
lopp,23167
lopp,23168
lopp,23169
lopp,23170
lopp,23171
lopp,23172
lopp,23175
lopp,23176
lopp,23178
lopp,23179
lopp,23181
lopp,23182
lopp,23183
lopp,23184
lopp,23185
lopp,23186
lopp,23188
lopp,23190
lopp,23191
lopp,23193
lopp,23194
lopp,23195
lopp,23197
lopp,23199
lopp,23200
lopp,23202
lopp,23203
lopp,23205
lopp,23206
lopp,23207
lopp,23208
lopp,23209
lopp,23210
lopp,23212
lopp,23213
lopp,23214
lopp,23215
lopp,23216
lopp,23217
lopp,23218
lopp,23221
lopp,23223
lopp,23224
lopp,23225
lopp,23227
lopp,23228
lopp,23229
lopp,23231
lopp,23232
lopp,23233
lopp,23234
lopp,23235
lopp,23236
lopp,23237
lopp,23238
lopp,23239
lopp,23241
lopp,23242
lopp,23243
lopp,23244
lopp,23246
lopp,23247
lopp,23249
lopp,23251
lopp,23253
lopp,23254
lopp,23256
lopp,23257
lopp,23258
lopp,23260
lopp,23261
lopp,23262
lopp,23263
lopp,23264
lopp,23265
lopp,23266
lopp,23267
lopp,23269
lopp,23270
lopp,23271
lopp,23273
lopp,23274
lopp,23275
lopp,23276
lopp,23277
lopp,23278
lopp,23279
lopp,23280
lopp,23282
lopp,23283
lopp,23285
lopp,23288
lopp,23289
lopp,23291
lopp,23292
lopp,23293
lopp,23295
lopp,23297
lopp,23298
lopp,23300
lopp,23301
lopp,23302
lopp,23303
lopp,23304
lopp,23307
lopp,23309
lopp,23311
lopp,23312
lopp,23313
lopp,23314
lopp,23315
lopp,23316
lopp,23319
lopp,23320
lopp,23322
lopp,23323
lopp,23324
lopp,23325
lopp,23326
lopp,23327
lopp,23328
lopp,23330
lopp,23331
lopp,23333
lopp,23335
lopp,23336
lopp,23337
lopp,23338
lopp,23341
lopp,23342
lopp,23346
lopp,23348
lopp,23350
lopp,23351
lopp,23353
lopp,23355
lopp,23356
lopp,23357
lopp,23358
lopp,23361
lopp,23363
lopp,23364
lopp,23365
lopp,23368
lopp,23369
lopp,23370
lopp,23372
lopp,23373
lopp,23374
lopp,23375
lopp,23378
lopp,23379
lopp,23380
lopp,23381
lopp,23382
lopp,23383
lopp,23384
lopp,23386
lopp,23387
lopp,23388
lopp,23390
lopp,23391
lopp,23392
lopp,23393
lopp,23395
lopp,23397
lopp,23398
lopp,23399
lopp,23400
lopp,23401
lopp,23402
lopp,23403
lopp,23404
lopp,23405
lopp,23406
lopp,23407
lopp,23409
lopp,23411
lopp,23435
lopp,23437
lopp,23440
lopp,23442
lopp,23444
lopp,23445
lopp,23447
lopp,23448
lopp,23449
lopp,23450
lopp,23451
lopp,23452
lopp,23453
lopp,23454
lopp,23455
lopp,23457
lopp,23458
lopp,23459
lopp,23460
lopp,23461
lopp,23462
lopp,23464
lopp,23465
lopp,23468
lopp,23469
lopp,23471
lopp,23475
lopp,23478
lopp,23479
lopp,23480
lopp,23481
lopp,23483
lopp,23485
lopp,23486
lopp,23487
lopp,23489
lopp,23491
lopp,23492
lopp,23494
lopp,23496
lopp,23497
lopp,23499
lopp,23500
lopp,23502
lopp,23504
lopp,23505
lopp,23510
lopp,23511
lopp,23512
lopp,23513
lopp,23515
lopp,23518
lopp,23519
lopp,23522
lopp,23523
lopp,23525
lopp,23529
lopp,23530
lopp,23532
lopp,23534
lopp,23536
lopp,23537
lopp,23540
lopp,23543
lopp,23545
lopp,23546
lopp,23548
lopp,23551
lopp,23553
lopp,23556
lopp,23557
lopp,23558
lopp,23562
lopp,23563
lopp,23564
lopp,23566
lopp,23567
lopp,23568
lopp,23570
lopp,23573
lopp,23574
lopp,23575
lopp,23577
lopp,23579
lopp,23582
lopp,23583
lopp,23584
lopp,23589
lopp,23590
lopp,23591
lopp,23593
lopp,23594
lopp,23597
lopp,23599
lopp,23600
lopp,23601
lopp,23603
lopp,23607
lopp,23608
lopp,23611
lopp,23612
lopp,23614
lopp,23616
lopp,23618
lopp,23620
lopp,23621
lopp,23625
lopp,23627
lopp,23628
lopp,23629
lopp,23630
lopp,23633
lopp,23635
lopp,23638
lopp,23639
lopp,23641
lopp,23642
lopp,23644
lopp,23646
lopp,23647
lopp,23650
lopp,23651
lopp,23652
lopp,23653
lopp,23654
lopp,23655
lopp,23656
lopp,23658
lopp,23659
lopp,23660
lopp,23662
lopp,23664
lopp,23666
lopp,23667
lopp,23670
lopp,23671
lopp,23672
lopp,23674
lopp,23677
lopp,23678
lopp,23680
lopp,23683
lopp,23686
lopp,23687
lopp,23688
lopp,23690
lopp,23692
lopp,23694
lopp,23696
lopp,23699
lopp,23700
lopp,23703
lopp,23705
lopp,23707
lopp,23710
lopp,23711
lopp,23712
lopp,23713
lopp,23715
lopp,23719
lopp,23720
lopp,23724
lopp,23727
lopp,23729
lopp,23731
lopp,23732
lopp,23736
lopp,23738
lopp,23740
lopp,23741
lopp,23746
lopp,23748
lopp,23749
lopp,23750
lopp,23753
lopp,23755
lopp,23756
lopp,23758
lopp,23760
lopp,23762
lopp,23763
lopp,23765
lopp,23766
lopp,23767
lopp,23769
lopp,23772
lopp,23774
lopp,23776
lopp,23778
lopp,23779
lopp,23781
lopp,23782
lopp,23783
lopp,23784
lopp,23785
lopp,23786
lopp,23787
lopp,23788
lopp,23789
lopp,23790
lopp,23792
lopp,23794
lopp,23796
lopp,23797
lopp,23798
lopp,23799
lopp,23801
lopp,23802
lopp,23804
lopp,23805
lopp,23806
lopp,23809
lopp,23810
lopp,23811
lopp,23812
lopp,23813
lopp,23815
lopp,23817
lopp,23818
lopp,23821
lopp,23822
lopp,23823
lopp,23825
lopp,23829
lopp,23830
lopp,23831
lopp,23833
lopp,23835
lopp,23838
lopp,23839
lopp,23840
lopp,23842
lopp,23843
lopp,23844
lopp,23847
lopp,23849
lopp,23850
lopp,23851
lopp,23853
lopp,23855
lopp,23857
lopp,23859
lopp,23860
lopp,23861
lopp,23864
lopp,23865
lopp,23867
lopp,23869
lopp,23871
lopp,23873
lopp,23874
lopp,23875
lopp,23876
lopp,23877
lopp,23880
lopp,23882
lopp,23884
lopp,23885
lopp,23886
lopp,23888
lopp,23889
lopp,23890
lopp,23892
lopp,23893
lopp,23894
lopp,23895
lopp,23896
lopp,23897
lopp,23898
lopp,23899
lopp,23901
lopp,23903
lopp,23904
lopp,23906
lopp,23908
lopp,23912
lopp,23913
lopp,23915
lopp,23916
lopp,23918
lopp,23919
lopp,23920
lopp,23922
lopp,23924
lopp,23926
lopp,23927
lopp,23928
lopp,23929
lopp,23930
lopp,23932
lopp,23934
lopp,23935
lopp,23936
lopp,23937
lopp,23939
lopp,23941
lopp,23942
lopp,23944
lopp,23945
lopp,23946
lopp,23948
lopp,23951
lopp,23952
lopp,23953
lopp,23955
lopp,23956
lopp,23959
lopp,23961
lopp,23962
lopp,23963
lopp,23965
lopp,23967
lopp,23970
lopp,23972
lopp,23973
lopp,23975
lopp,23976
lopp,23978
lopp,23981
lopp,23982
lopp,23983
lopp,23984
lopp,23986
lopp,23987
lopp,23989
lopp,23990
lopp,23992
lopp,23994
lopp,23995
lopp,23999
lopp,24000
lopp,24001
lopp,24002
lopp,24004
lopp,24006
lopp,24009
lopp,24011
lopp,24014
lopp,24015
lopp,24016
lopp,24017
lopp,24018
lopp,24020
lopp,24021
lopp,24023
lopp,24024
lopp,24025
lopp,24026
lopp,24027
lopp,24029
lopp,24032
lopp,24034
lopp,24035
lopp,24037
lopp,24038
lopp,24039
lopp,24040
lopp,24042
lopp,24043
lopp,24045
lopp,24049
lopp,24050
lopp,24051
lopp,24054
lopp,24055
lopp,24056
lopp,24058
lopp,24059
lopp,24061
lopp,24062
lopp,24063
lopp,24065
lopp,24069
lopp,24073
lopp,24076
lopp,24080
lopp,24082
lopp,24085
lopp,24087
lopp,24091
lopp,24093
lopp,24094
lopp,24095
lopp,24096
lopp,24098
lopp,24099
lopp,24100
lopp,24102
lopp,24103
lopp,24104
lopp,24106
lopp,24108
lopp,24110
lopp,24112
lopp,24115
lopp,24116
lopp,24118
lopp,24121
lopp,24124
lopp,24125
lopp,24126
lopp,24128
lopp,24129
lopp,24130
lopp,24132
lopp,24133
lopp,24134
lopp,24135
lopp,24136
lopp,24137
lopp,24138
lopp,24139
lopp,24140
lopp,24141
lopp,24142
lopp,24144
lopp,24145
lopp,24146
lopp,24149
lopp,24150
lopp,24152
lopp,24154
lopp,24160
lopp,24161
lopp,24162
lopp,24163
lopp,24165
lopp,24167
lopp,24168
lopp,24169
lopp,24172
lopp,24174
lopp,24177
lopp,24178
lopp,24179
lopp,24180
lopp,24181
lopp,24184
lopp,24186
lopp,24187
lopp,24188
lopp,24189
lopp,24190
lopp,24191
lopp,24195
lopp,24197
lopp,24199
lopp,24201
lopp,24204
lopp,24206
lopp,24208
lopp,24209
lopp,24210
lopp,24211
lopp,24212
lopp,24214
lopp,24215
lopp,24217
lopp,24218
lopp,24220
lopp,24221
lopp,24222
lopp,24223
lopp,24224
lopp,24225
lopp,24227
lopp,24228
lopp,24231
lopp,24232
lopp,24234
lopp,24239
lopp,24241
lopp,24249
lopp,24252
lopp,24253
lopp,24255
lopp,24257
lopp,24262
lopp,24263
lopp,24266
lopp,24268
lopp,24269
lopp,24272
lopp,24276
lopp,24279
lopp,24282
lopp,24285
lopp,24288
lopp,24290
lopp,24291
lopp,24297
lopp,24300
lopp,24304
lopp,24307
lopp,24311
lopp,24318
lopp,24320
lopp,24321
lopp,24324
lopp,24331
lopp,24332
lopp,24335
lopp,24337
lopp,24341
lopp,24342
lopp,24343
lopp,24346
lopp,24351
lopp,24353
lopp,24357
lopp,24358
lopp,24361
lopp,24362
lopp,24363
lopp,24364
lopp,24367
lopp,24373
lopp,24375
lopp,24380
lopp,24382
lopp,24386
lopp,24388
lopp,24390
lopp,24394
lopp,24397
lopp,24399
lopp,24400
lopp,24401
lopp,24402
lopp,24406
lopp,24413
lopp,24414
lopp,24415
lopp,24416
lopp,24418
lopp,24419
lopp,24423
lopp,24425
lopp,24427
lopp,24428
lopp,24430
lopp,24433
lopp,24434
lopp,24438
lopp,24441
lopp,24447
lopp,24449
lopp,24450
lopp,24452
lopp,24453
lopp,24454
lopp,24455
lopp,24457
lopp,24461
lopp,24462
lopp,24463
lopp,24464
lopp,24466
lopp,24469
lopp,24470
lopp,24473
lopp,24477
lopp,24481
lopp,24482
lopp,24486
lopp,24488
lopp,24490
lopp,24491
lopp,24494
lopp,24496
lopp,24501
lopp,24503
lopp,24504
lopp,24510
lopp,24511
lopp,24517
lopp,24521
lopp,24522
lopp,24527
lopp,24531
lopp,24532
lopp,24535
lopp,24537
lopp,24539
lopp,24543
lopp,24545
lopp,24549
lopp,24554
lopp,24557
lopp,24560
lopp,24566
lopp,24567
lopp,24570
lopp,24572
lopp,24574
lopp,24575
lopp,24578
lopp,24579
lopp,24580
lopp,24584
lopp,24587
lopp,24589
lopp,24591
lopp,24592
lopp,24598
lopp,24600
lopp,24604
lopp,24609
lopp,24611
lopp,24613
lopp,24615
lopp,24618
lopp,24624
lopp,24629
lopp,24633
lopp,24639
lopp,24644
lopp,24651
lopp,24654
lopp,24658
lopp,24659
lopp,24662
lopp,24666
lopp,24675
lopp,24681
lopp,24686
lopp,24687
lopp,24690
lopp,24693
lopp,24702
lopp,24706
lopp,24710
lopp,24711
lopp,24713
lopp,24714
lopp,24716
lopp,24721
lopp,24723
lopp,24726
lopp,24731
lopp,24738
lopp,24739
lopp,24740
lopp,24743
lopp,24747
lopp,24749
lopp,24752
lopp,24754
lopp,24760
lopp,24763
lopp,24769
lopp,24773
lopp,24776
lopp,24778
lopp,24781
lopp,24788
lopp,24792
lopp,24793
lopp,24797
lopp,24800
lopp,24802
lopp,24806
lopp,24808
lopp,24809
lopp,24814
lopp,24818
lopp,24819
lopp,24820
lopp,24826
lopp,24833
lopp,24835
lopp,24837
lopp,24842
lopp,24843
lopp,24846
lopp,24847
lopp,24850
lopp,24854
lopp,24855
lopp,24860
lopp,24862
lopp,24865
lopp,24868
lopp,24870
lopp,24872
lopp,24873
lopp,24877
lopp,24878
lopp,24879
lopp,24882
lopp,24888
lopp,24891
lopp,24896
lopp,24898
lopp,24901
lopp,24903
lopp,24905
lopp,24906
lopp,24909
lopp,24910
lopp,24912
lopp,24914
lopp,24917
lopp,24922
lopp,24926
lopp,24928
lopp,24930
lopp,24934
lopp,24936
lopp,24939
lopp,24942
lopp,24945
lopp,24947
lopp,24949
lopp,24951
lopp,24953
lopp,24954
lopp,24955
lopp,24956
lopp,24958
lopp,24962
lopp,24965
lopp,24966
lopp,24970
lopp,24973
lopp,24977
lopp,24978
lopp,24981
lopp,24984
lopp,24986
lopp,24994
lopp,24997
lopp,25002
lopp,25004
lopp,25011
lopp,25015
lopp,25017
lopp,25021
lopp,25023
lopp,25031
lopp,25032
lopp,25052
lopp,25053
lopp,25059
lopp,25062
lopp,25064
lopp,25065
lopp,25067
lopp,25068
lopp,25069
lopp,25073
lopp,25076
lopp,25081
lopp,25084
lopp,25088
lopp,25094
lopp,25097
lopp,25101
lopp,25104
lopp,25108
lopp,25109
lopp,25113
lopp,25117
lopp,25121
lopp,25123
lopp,25127
lopp,25128
lopp,25129
lopp,25131
lopp,25132
lopp,25135
lopp,25140
lopp,25143
lopp,25144
lopp,25146
lopp,25147
lopp,25152
lopp,25155
lopp,25157
lopp,25158
lopp,25161
lopp,25165
lopp,25169
lopp,25171
lopp,25174
lopp,25176
lopp,25179
lopp,25180
lopp,25183
lopp,25184
lopp,25186
lopp,25187
lopp,25189
lopp,25194
lopp,25199
lopp,25201
lopp,25205
lopp,25208
lopp,25209
lopp,25213
lopp,25215
lopp,25218
lopp,25221
lopp,25224
lopp,25226
lopp,25228
lopp,25232
lopp,25238
lopp,25244
lopp,25245
lopp,25247
lopp,25250
lopp,25257
lopp,25260
lopp,25263
lopp,25266
lopp,25272
lopp,25273
lopp,25281
lopp,25283
lopp,25286
lopp,25292
lopp,25303
lopp,25309
lopp,25323
lopp,25326
lopp,25335
lopp,25341
lopp,25343
lopp,25349
lopp,25352
lopp,25358
lopp,25365
lopp,25373
lopp,25386
lopp,25395
lopp,25400
lopp,25406
lopp,25408
lopp,25410
lopp,25412
lopp,25414
lopp,25425
lopp,25427
lopp,25433
lopp,25439
lopp,25440
lopp,25449
lopp,25455
lopp,25456
lopp,25457
lopp,25461
lopp,25462
lopp,25465
lopp,25466
lopp,25471
lopp,25475
lopp,25476
lopp,25477
lopp,25482
lopp,25485
lopp,25488
lopp,25494
lopp,25499
lopp,25506
lopp,25512
lopp,25515
lopp,25522
lopp,25527
lopp,25533
lopp,25538
lopp,25539
lopp,25542
lopp,25543
lopp,25544
lopp,25545
lopp,25549
lopp,25556
lopp,25562
lopp,25569
lopp,25572
lopp,25574
lopp,25576
lopp,25577
lopp,25581
lopp,25582
lopp,25586
lopp,25596
lopp,25599
lopp,25604
lopp,25605
lopp,25611
lopp,25616
lopp,25622
lopp,25628
lopp,25632
lopp,25633
lopp,25640
lopp,25643
lopp,25646
lopp,25648
lopp,25660
lopp,25676
lopp,25716
lopp,25811
lopp,25816
lopp,25829
lopp,25832
lopp,25834
lopp,25841
lopp,25846
lopp,25850
lopp,25859
lopp,25863
lopp,25864
lopp,25867
lopp,25870
lopp,25871
lopp,25875
lopp,25877
lopp,25880
lopp,25882
lopp,25884
lopp,25888
lopp,25889
lopp,25893
lopp,25895
lopp,25904
lopp,25909
lopp,25913
lopp,25917
lopp,25921
lopp,25922
lopp,25928
lopp,25931
lopp,25938
lopp,25939
lopp,25941
lopp,25945
lopp,25947
lopp,25951
lopp,25952
lopp,25955
lopp,25958
lopp,25961
lopp,25963
lopp,25967
lopp,25969
lopp,25977
lopp,25979
lopp,25984
lopp,25987
lopp,25988
lopp,25990
lopp,25993
lopp,25996
lopp,25997
lopp,26001
lopp,26006
lopp,26009
lopp,26012
lopp,26016
lopp,26018
lopp,26022
lopp,26024
lopp,26029
lopp,26031
lopp,26034
lopp,26036
lopp,26039
lopp,26041
lopp,26044
lopp,26046
lopp,26049
lopp,26052
lopp,26054
lopp,26055
lopp,26062
lopp,26064
lopp,26068
lopp,26072
lopp,26074
lopp,26077
lopp,26078
lopp,26080
lopp,26085
lopp,26087
lopp,26088
lopp,26089
lopp,26091
lopp,26092
lopp,26093
lopp,26094
lopp,26096
lopp,26098
lopp,26099
lopp,26103
lopp,26106
lopp,26110
lopp,26112
lopp,26113
lopp,26120
lopp,26121
lopp,26123
lopp,26125
lopp,26126
lopp,26127
lopp,26129
lopp,26134
lopp,26136
lopp,26140
lopp,26141
lopp,26143
lopp,26145
lopp,26147
lopp,26149
lopp,26153
lopp,26155
lopp,26157
lopp,26160
lopp,26163
lopp,26165
lopp,26167
lopp,26171
lopp,26173
lopp,26176
lopp,26179
lopp,26180
lopp,26185
lopp,26251
lopp,26252
lopp,26254
lopp,26257
lopp,26259
lopp,26260
lopp,26261
lopp,26265
lopp,26267
lopp,26270
lopp,26271
lopp,26273
lopp,26274
lopp,26275
lopp,26276
lopp,26277
lopp,26278
lopp,26279
lopp,26280
lopp,26283
lopp,26285
lopp,26289
lopp,26290
lopp,26293
lopp,26297
lopp,26299
lopp,26301
lopp,26305
lopp,26307
lopp,26308
lopp,26311
lopp,26319
lopp,26326
lopp,26330
lopp,26332
lopp,26342
lopp,26344
lopp,26347
lopp,26350
lopp,26357
lopp,26359
lopp,26362
lopp,26366
lopp,26371
lopp,26376
lopp,26377
lopp,26379
lopp,26382
lopp,26383
lopp,26388
lopp,26394
lopp,26398
lopp,26401
lopp,26402
lopp,26404
lopp,26409
lopp,26410
lopp,26416
lopp,26423
lopp,26424
lopp,26425
lopp,26428
lopp,26432
lopp,26434
lopp,26435
lopp,26439
lopp,26444
lopp,26446
lopp,26452
lopp,26453
lopp,26457
lopp,26459
lopp,26460
lopp,26463
lopp,26464
lopp,26466
lopp,26468
lopp,26473
lopp,26477
lopp,26480
lopp,26482
lopp,26486
lopp,26489
lopp,26491
lopp,26494
lopp,26497
lopp,26499
lopp,26503
lopp,26505
lopp,26506
lopp,26507
lopp,26516
lopp,26519
lopp,26525
lopp,26526
lopp,26527
lopp,26528
lopp,26533
lopp,26536
lopp,26540
lopp,26541
lopp,26543
lopp,26549
lopp,26556
lopp,26557
lopp,26558
lopp,26561
lopp,26563
lopp,26567
lopp,26570
lopp,26574
lopp,26575
lopp,26579
lopp,26584
lopp,26589
lopp,26593
lopp,26605
lopp,26606
lopp,26608
lopp,26609
lopp,26611
lopp,26615
lopp,26617
lopp,26623
lopp,26628
lopp,26630
lopp,26639
lopp,26642
lopp,26648
lopp,26650
lopp,26655
lopp,26687
lopp,26689
lopp,26691
lopp,26692
lopp,26696
lopp,26699
lopp,26700
lopp,26701
lopp,26704
lopp,26705
lopp,26707
lopp,26710
lopp,26715
lopp,26717
lopp,26720
lopp,26721
lopp,26725
lopp,26727
lopp,26728
lopp,26730
lopp,26731
lopp,26733
lopp,26736
lopp,26741
lopp,26748
lopp,26750
lopp,26753
lopp,26756
lopp,26757
lopp,26759
lopp,26761
lopp,26768
lopp,26769
lopp,26773
lopp,26774
lopp,26782
lopp,26783
lopp,26787
lopp,26791
lopp,26793
lopp,26798
lopp,26809
lopp,26813
lopp,26847
lopp,26853
lopp,26854
lopp,26857
lopp,26911
lopp,26912
lopp,26918
lopp,26919
lopp,26921
lopp,26924
lopp,26926
lopp,26928
lopp,26931
lopp,26932
lopp,26934
lopp,26935
lopp,26938
lopp,26940
lopp,26941
lopp,26942
lopp,26944
lopp,26946
lopp,26949
lopp,26950
lopp,26954
lopp,26956
lopp,26957
lopp,26958
lopp,26962
lopp,26966
lopp,26969
lopp,26970
lopp,26972
lopp,26977
lopp,26981
lopp,26983
lopp,26989
lopp,26991
lopp,26995
lopp,26997
lopp,26998
lopp,27000
lopp,27002
lopp,27006
lopp,27012
lopp,27019
lopp,27022
lopp,27026
lopp,27029
lopp,27032
lopp,27033
lopp,27034
lopp,27037
lopp,27038
lopp,27039
lopp,27042
lopp,27045
lopp,27050
lopp,27053
lopp,27055
lopp,27057
lopp,27060
lopp,27065
lopp,27069
lopp,27071
lopp,27073
lopp,27076
lopp,27080
lopp,27082
lopp,27086
lopp,27088
lopp,27089
lopp,27093
lopp,27097
lopp,27099
lopp,27100
lopp,27101
lopp,27105
lopp,27110
lopp,27112
lopp,27114
lopp,27116
lopp,27118
lopp,27122
lopp,27130
lopp,27131
lopp,27136
lopp,27140
lopp,27142
lopp,27143
lopp,27144
lopp,27145
lopp,27151
lopp,27157
lopp,27163
lopp,27170
lopp,27172
lopp,27175
lopp,27180
lopp,27182
lopp,27184
lopp,27186
lopp,27189
lopp,27190
lopp,27192
lopp,27197
lopp,27205
lopp,27208
lopp,27210
lopp,27213
lopp,27220
lopp,27224
lopp,27229
lopp,27231
lopp,27237
lopp,27238
lopp,27240
lopp,27241
lopp,27248
lopp,27253
lopp,27254
lopp,27257
lopp,27260
lopp,27263
lopp,27266
lopp,27272
lopp,27275
lopp,27279
lopp,27281
lopp,27283
lopp,27286
lopp,27291
lopp,27293
lopp,27294
lopp,27297
lopp,27308
lopp,27309
lopp,27312
lopp,27314
lopp,27319
lopp,27323
lopp,27326
lopp,27330
lopp,27337
lopp,27338
lopp,27339
lopp,27344
lopp,27346
lopp,27349
lopp,27350
lopp,27351
lopp,27352
lopp,27355
lopp,27357
lopp,27358
lopp,27360
lopp,27362
lopp,27365
lopp,27367
lopp,27369
lopp,27371
lopp,27372
lopp,27374
lopp,27379
lopp,27385
lopp,27392
lopp,27393
lopp,27396
lopp,27400
lopp,27404
lopp,27405
lopp,27406
lopp,27408
lopp,27409
lopp,27410
lopp,27415
lopp,27421
lopp,27423
lopp,27424
lopp,27428
lopp,27432
lopp,27435
lopp,27439
lopp,27440
lopp,27441
lopp,27442
lopp,27444
lopp,27445
lopp,27447
lopp,27449
lopp,27450
lopp,27453
lopp,27455
lopp,27456
lopp,27458
lopp,27459
lopp,27462
lopp,27469
lopp,27473
lopp,27479
lopp,27480
lopp,27484
lopp,27487
lopp,27491
lopp,27495
lopp,27496
lopp,27498
lopp,27501
lopp,27504
lopp,27505
lopp,27507
lopp,27513
lopp,27515
lopp,27518
lopp,27520
lopp,27521
lopp,27524
lopp,27525
lopp,27528
lopp,27529
lopp,27531
lopp,27533
lopp,27534
lopp,27539
lopp,27543
lopp,27545
lopp,27546
lopp,27549
lopp,27553
lopp,27557
lopp,27559
lopp,27561
lopp,27565
lopp,27566
lopp,27568
lopp,27573
lopp,27575
lopp,27579
lopp,27583
lopp,27585
lopp,27587
lopp,27589
lopp,27591
lopp,27592
lopp,27596
lopp,27598
lopp,27602
lopp,27606
lopp,27611
lopp,27613
lopp,27616
lopp,27617
lopp,27618
lopp,27625
lopp,27628
lopp,27629
lopp,27632
lopp,27635
lopp,27637
lopp,27642
lopp,27643
lopp,27650
lopp,27652
lopp,27653
lopp,27657
lopp,27659
lopp,27665
lopp,27666
lopp,27668
lopp,27673
lopp,27676
lopp,27678
lopp,27680
lopp,27683
lopp,27687
lopp,27690
lopp,27696
lopp,27699
lopp,27700
lopp,27704
lopp,27707
lopp,27709
lopp,27717
lopp,27721
lopp,27722
lopp,27725
lopp,27727
lopp,27731
lopp,27732
lopp,27738
lopp,27739
lopp,27741
lopp,27747
lopp,27751
lopp,27755
lopp,27757
lopp,27760
lopp,27762
lopp,27767
lopp,27771
lopp,27774
lopp,27775
lopp,27778
lopp,27779
lopp,27780
lopp,27781
lopp,27782
lopp,27789
lopp,27790
lopp,27796
lopp,27797
lopp,27801
lopp,27808
lopp,27809
lopp,27812
lopp,27817
lopp,27825
lopp,27826
lopp,27830
lopp,27838
lopp,27839
lopp,27840
lopp,27844
lopp,27845
lopp,27848
lopp,27849
lopp,27852
lopp,27853
lopp,27855
lopp,27856
lopp,27860
lopp,27862
lopp,27865
lopp,27867
lopp,27870
lopp,27873
lopp,27875
lopp,27876
lopp,27877
lopp,27882
lopp,27885
lopp,27887
lopp,27890
lopp,27894
lopp,27896
lopp,27898
lopp,27905
lopp,27913
lopp,27917
lopp,27920
lopp,27921
lopp,27925
lopp,27926
lopp,27929
lopp,27930
lopp,27933
lopp,27940
lopp,27943
lopp,27944
lopp,27947
lopp,27949
lopp,27951
lopp,27952
lopp,27955
lopp,27957
lopp,27962
lopp,27967
lopp,27972
lopp,27977
lopp,27978
lopp,27980
lopp,27984
lopp,27985
lopp,27988
lopp,27992
lopp,27995
lopp,27997
lopp,28000
lopp,28002
lopp,28008
lopp,28011
lopp,28016
lopp,28017
lopp,28018
lopp,28019
lopp,28022
lopp,28023
lopp,28024
lopp,28027
lopp,28028
lopp,28035
lopp,28036
lopp,28037
lopp,28040
lopp,28042
lopp,28046
lopp,28050
lopp,28054
lopp,28055
lopp,28058
lopp,28062
lopp,28064
lopp,28068
lopp,28072
lopp,28074
lopp,28076
lopp,28081
lopp,28083
lopp,28089
lopp,28091
lopp,28095
lopp,28098
lopp,28099
lopp,28102
lopp,28104
lopp,28108
lopp,28109
lopp,28111
lopp,28114
lopp,28119
lopp,28125
lopp,28129
lopp,28131
lopp,28133
lopp,28137
lopp,28139
lopp,28140
lopp,28143
lopp,28144
lopp,28145
lopp,28147
lopp,28148
lopp,28151
lopp,28154
lopp,28155
lopp,28158
lopp,28162
lopp,28164
lopp,28165
lopp,28168
lopp,28169
lopp,28174
lopp,28176
lopp,28180
lopp,28181
lopp,28182
lopp,28189
lopp,28190
lopp,28193
lopp,28194
lopp,28196
lopp,28197
lopp,28200
lopp,28201
lopp,28202
lopp,28206
lopp,28209
lopp,28211
lopp,28214
lopp,28217
lopp,28219
lopp,28220
lopp,28225
lopp,28230
lopp,28231
lopp,28236
lopp,28237
lopp,28241
lopp,28242
lopp,28247
lopp,28251
lopp,28252
lopp,28254
lopp,28257
lopp,28259
lopp,28262
lopp,28265
lopp,28266
lopp,28270
lopp,28272
lopp,28274
lopp,28276
lopp,28279
lopp,28282
lopp,28285
lopp,28286
lopp,28288
lopp,28291
lopp,28292
lopp,28293
lopp,28296
lopp,28298
lopp,28299
lopp,28302
lopp,28303
lopp,28304
lopp,28307
lopp,28308
lopp,28309
lopp,28311
lopp,28316
lopp,28318
lopp,28319
lopp,28321
lopp,28322
lopp,28323
lopp,28324
lopp,28326
lopp,28327
lopp,28328
lopp,28329
lopp,28333
lopp,28334
lopp,28338
lopp,28340
lopp,28341
lopp,28342
lopp,28345
lopp,28346
lopp,28347
lopp,28348
lopp,28350
lopp,28351
lopp,28353
lopp,28354
lopp,28355
lopp,28356
lopp,28360
lopp,28362
lopp,28366
lopp,28369
lopp,28370
lopp,28376
lopp,28380
lopp,28384
lopp,28387
lopp,28389
lopp,28391
lopp,28395
lopp,28398
lopp,28400
lopp,28403
lopp,28405
lopp,28408
lopp,28413
lopp,28414
lopp,28416
lopp,28419
lopp,28420
lopp,28424
lopp,28429
lopp,28432
lopp,28434
lopp,28437
lopp,28441
lopp,28443
lopp,28444
lopp,28446
lopp,28448
lopp,28449
lopp,28450
lopp,28451
lopp,28453
lopp,28455
lopp,28459
lopp,28461
lopp,28463
lopp,28465
lopp,28466
lopp,28467
lopp,28468
lopp,28473
lopp,28474
lopp,28476
lopp,28477
lopp,28479
lopp,28482
lopp,28484
lopp,28486
lopp,28490
lopp,28491
lopp,28494
lopp,28497
lopp,28501
lopp,28503
lopp,28507
lopp,28509
lopp,28514
lopp,28517
lopp,28521
lopp,28525
lopp,28529
lopp,28532
lopp,28534
lopp,28535
lopp,28541
lopp,28543
lopp,28548
lopp,28551
lopp,28558
lopp,28560
lopp,28562
lopp,28564
lopp,28568
lopp,28569
lopp,28573
lopp,28576
lopp,28578
lopp,28581
lopp,28582
lopp,28584
lopp,28586
lopp,28589
lopp,28592
lopp,28593
lopp,28594
lopp,28597
lopp,28601
lopp,28605
lopp,28608
lopp,28609
lopp,28610
lopp,28613
lopp,28615
lopp,28619
lopp,28620
lopp,28624
lopp,28627
lopp,28629
lopp,28631
lopp,28636
lopp,28638
lopp,28642
lopp,28648
lopp,28652
lopp,28653
lopp,28654
lopp,28657
lopp,28661
lopp,28664
lopp,28666
lopp,28672
lopp,28675
lopp,28677
lopp,28683
lopp,28684
lopp,28687
lopp,28689
lopp,28691
lopp,28692
lopp,28752
lopp,28799
lopp,28805
lopp,28811
lopp,28814
lopp,28817
lopp,28822
lopp,28825
lopp,28832
lopp,28835
lopp,28838
lopp,28843
lopp,28851
lopp,28854
lopp,28858
lopp,28859
lopp,28868
lopp,28871
lopp,28880
lopp,28881
lopp,28883
lopp,28888
lopp,28894
lopp,28896
lopp,28901
lopp,28903
lopp,28907
lopp,28910
lopp,28915
lopp,28917
lopp,28918
lopp,28921
lopp,28926
lopp,28928
lopp,28929
lopp,28930
lopp,28933
lopp,28935
lopp,28940
lopp,28941
lopp,28943
lopp,28947
lopp,28948
lopp,28950
lopp,28951
lopp,28959
lopp,28962
lopp,28964
lopp,28970
lopp,28973
lopp,28978
lopp,28984
lopp,28986
lopp,28990
lopp,28992
lopp,28994
lopp,28999
lopp,29000
lopp,29005
lopp,29008
lopp,29014
lopp,29015
lopp,29017
lopp,29021
lopp,29026
lopp,29029
lopp,29037
lopp,29039
lopp,29042
lopp,29045
lopp,29048
lopp,29059
lopp,29062
lopp,29066
lopp,29067
lopp,29071
lopp,29073
lopp,29076
lopp,29078
lopp,29080
lopp,29082
lopp,29084
lopp,29088
lopp,29090
lopp,29093
lopp,29094
lopp,29097
lopp,29099
lopp,29104
lopp,29108
lopp,29113
lopp,29117
lopp,29122
lopp,29125
lopp,29129
lopp,29132
lopp,29134
lopp,29135
lopp,29139
lopp,29142
lopp,29148
lopp,29159
lopp,29160
lopp,29163
lopp,29166
lopp,29167
lopp,29168
lopp,29170
lopp,29171
lopp,29173
lopp,29176
lopp,29178
lopp,29180
lopp,29182
lopp,29186
lopp,29188
lopp,29189
lopp,29193
lopp,29197
lopp,29207
lopp,29214
lopp,29216
lopp,29217
lopp,29222
lopp,29224
lopp,29228
lopp,29231
lopp,29233
lopp,29236
lopp,29238
lopp,29239
lopp,29240
lopp,29243
lopp,29245
lopp,29252
lopp,29258
lopp,29260
lopp,29264
lopp,29272
lopp,29273
lopp,29276
lopp,29281
lopp,29291
lopp,29294
lopp,29296
lopp,29298
lopp,29301
lopp,29307
lopp,29308
lopp,29313
lopp,29317
lopp,29319
lopp,29322
lopp,29330
lopp,29333
lopp,29340
lopp,29347
lopp,29350
lopp,29351
lopp,29353
lopp,29361
lopp,29368
lopp,29371
lopp,29372
lopp,29373
lopp,29378
lopp,29379
lopp,29381
lopp,29382
lopp,29386
lopp,29389
lopp,29393
lopp,29397
lopp,29403
lopp,29406
lopp,29408
lopp,29412
lopp,29414
lopp,29415
lopp,29418
lopp,29421
lopp,29425
lopp,29427
lopp,29431
lopp,29437
lopp,29441
lopp,29450
lopp,29456
lopp,29459
lopp,29460
lopp,29463
lopp,29468
lopp,29470
lopp,29471
lopp,29473
lopp,29475
lopp,29476
lopp,29480
lopp,29485
lopp,29491
lopp,29494
lopp,29504
lopp,29510
lopp,29513
lopp,29516
lopp,29523
lopp,29527
lopp,29532
lopp,29534
lopp,29537
lopp,29540
lopp,29545
lopp,29549
lopp,29552
lopp,29554
lopp,29566
lopp,29570
lopp,29571
lopp,29573
lopp,29575
lopp,29579
lopp,29582
lopp,29584
lopp,29587
lopp,29588
lopp,29592
lopp,29595
lopp,29598
lopp,29606
lopp,29608
lopp,29609
lopp,29613
lopp,29614
lopp,29616
lopp,29618
lopp,29620
lopp,29622
lopp,29624
lopp,29633
lopp,29635
lopp,29637
lopp,29640
lopp,29641
lopp,29647
lopp,29649
lopp,29653
lopp,29657
lopp,29661
lopp,29666
lopp,29669
lopp,29673
lopp,29674
lopp,29676
lopp,29678
lopp,29680
lopp,29682
lopp,29686
lopp,29687
lopp,29690
lopp,29697
lopp,29699
lopp,29700
lopp,29703
lopp,29704
lopp,29705
lopp,29713
lopp,29720
lopp,29727
lopp,29732
lopp,29734
lopp,29735
lopp,29738
lopp,29739
lopp,29742
lopp,29746
lopp,29750
lopp,29758
lopp,29760
lopp,29765
lopp,29771
lopp,29776
lopp,29780
lopp,29782
lopp,29789
lopp,29794
lopp,29797
lopp,29801
lopp,29804
lopp,29808
lopp,29812
lopp,29813
lopp,29818
lopp,29821
lopp,29826
lopp,29832
lopp,29841
lopp,29843
lopp,29847
lopp,29849
lopp,29852
lopp,29861
lopp,29865
lopp,29871
lopp,29873
lopp,29881
lopp,29887
lopp,29890
lopp,29896
lopp,29898
lopp,29901
lopp,29904
lopp,29910
lopp,29918
lopp,29919
lopp,29920
lopp,29923
lopp,29926
lopp,29927
lopp,29932
lopp,29937
lopp,29944
lopp,29945
lopp,29951
lopp,29962
lopp,29966
lopp,29969
lopp,29977
lopp,29985
lopp,29988
lopp,29991
lopp,29993
lopp,29999
lopp,30000
lopp,30004
lopp,30005
lopp,30010
lopp,30013
lopp,30016
lopp,30022
lopp,30029
lopp,30034
lopp,30040
lopp,30045
lopp,30052
lopp,30060
lopp,30062
lopp,30067
lopp,30070
lopp,30075
lopp,30078
lopp,30081
lopp,30087
lopp,30095
lopp,30104
lopp,30110
lopp,30117
lopp,30120
lopp,30127
lopp,30129
lopp,30143
lopp,30150
lopp,30169
lopp,30178
lopp,30218
lopp,30223
lopp,30229
lopp,30234
lopp,30239
lopp,30241
lopp,30243
lopp,30247
lopp,30250
lopp,30256
lopp,30259
lopp,30264
lopp,30279
lopp,30286
lopp,30295
lopp,30299
lopp,30307
lopp,30312
lopp,30318
lopp,30325
lopp,30337
lopp,30343
lopp,30347
lopp,30368
lopp,30386
lopp,30395
lopp,30406
lopp,30413
lopp,30420
lopp,30423
lopp,30426
lopp,30431
lopp,30437
lopp,30445
lopp,30452
lopp,30453
lopp,30462
lopp,30469
lopp,30478
lopp,30479
lopp,30486
lopp,30492
lopp,30502
lopp,30507
lopp,30521
lopp,30524
lopp,30532
lopp,30533
lopp,30538
lopp,30540
lopp,30545
lopp,30556
lopp,30557
lopp,30565
lopp,30570
lopp,30576
lopp,30584
lopp,30592
lopp,30595
lopp,30600
lopp,30610
lopp,30612
lopp,30616
lopp,30628
lopp,30637
lopp,30647
lopp,30655
lopp,30666
lopp,30671
lopp,30678
lopp,30683
lopp,30691
lopp,30700
lopp,30708
lopp,30716
lopp,30725
lopp,30728
lopp,30730
lopp,30741
lopp,30744
lopp,30753
lopp,30761
lopp,30769
lopp,30771
lopp,30784
lopp,30788
lopp,30797
lopp,30811
lopp,30817
lopp,30822
lopp,30828
lopp,30835
lopp,30842
lopp,30843
lopp,30847
lopp,30854
lopp,30866
lopp,30867
lopp,30872
lopp,30883
lopp,30889
lopp,30893
lopp,30894
lopp,30910
lopp,30916
lopp,30919
lopp,30920
lopp,30925
lopp,30928
lopp,30940
lopp,30947
lopp,30955
lopp,30961
lopp,30968
lopp,30970
lopp,30979
lopp,30983
lopp,30988
lopp,30993
lopp,31002
lopp,31005
lopp,31009
lopp,31014
lopp,31018
lopp,31019
lopp,31021
lopp,31028
lopp,31030
lopp,31039
lopp,31047
lopp,31058
lopp,31064
lopp,31072
lopp,31077
lopp,31081
lopp,31088
lopp,31102
lopp,31106
lopp,31111
lopp,31118
lopp,31120
lopp,31125
lopp,31132
lopp,31135
lopp,31142
lopp,31146
lopp,31150
lopp,31151
lopp,31156
lopp,31157
lopp,31159
lopp,31166
lopp,31168
lopp,31170
lopp,31175
lopp,31181
lopp,31184
lopp,31195
lopp,31203
lopp,31210
lopp,31218
lopp,31221
lopp,31223
lopp,31227
lopp,31232
lopp,31238
lopp,31240
lopp,31243
lopp,31245
lopp,31246
lopp,31249
lopp,31258
lopp,31269
lopp,31270
lopp,31279
lopp,31286
lopp,31288
lopp,31289
lopp,31295
lopp,31300
lopp,31308
lopp,31309
lopp,31311
lopp,31318
lopp,31319
lopp,31323
lopp,31326
lopp,31334
lopp,31346
lopp,31347
lopp,31350
lopp,31357
lopp,31360
lopp,31361
lopp,31373
lopp,31381
lopp,31384
lopp,31388
lopp,31394
lopp,31397
lopp,31416
lopp,31426
lopp,31430
lopp,31441
lopp,31448
lopp,31451
lopp,31459
lopp,31466
lopp,31472
lopp,31473
lopp,31480
lopp,31484
lopp,31489
lopp,31492
lopp,31495
lopp,31501
lopp,31507
lopp,31515
lopp,31531
lopp,31532
lopp,31538
lopp,31544
lopp,31547
lopp,31550
lopp,31551
lopp,31556
lopp,31557
lopp,31563
lopp,31564
lopp,31567
lopp,31568
lopp,31569
lopp,31574
lopp,31576
lopp,31577
lopp,31594
lopp,31600
lopp,31604
lopp,31613
lopp,31616
lopp,31622
lopp,31627
lopp,31631
lopp,31634
lopp,31642
lopp,31647
lopp,31655
lopp,31661
lopp,31667
lopp,31668
lopp,31669
lopp,31674
lopp,31677
lopp,31685
lopp,31690
lopp,31695
lopp,31699
lopp,31708
lopp,31710
lopp,31714
lopp,31728
lopp,31733
lopp,31736
lopp,31741
lopp,31752
lopp,31762
lopp,31764
lopp,31767
lopp,31768
lopp,31778
lopp,31780
lopp,31784
lopp,31790
lopp,31791
lopp,31795
lopp,31796
lopp,31803
lopp,31805
lopp,31811
lopp,31824
lopp,31833
lopp,31838
lopp,31846
lopp,31856
lopp,31858
lopp,31860
lopp,31866
lopp,31869
lopp,31879
lopp,31882
lopp,31887
lopp,31888
lopp,31897
lopp,31899
lopp,31902
lopp,31909
lopp,31914
lopp,31923
lopp,31926
lopp,31927
lopp,31936
lopp,31942
lopp,31946
lopp,31949
lopp,31950
lopp,31951
lopp,31953
lopp,31957
lopp,31958
lopp,31963
lopp,31966
lopp,31967
lopp,31970
lopp,31972
lopp,31978
lopp,31986
lopp,31993
lopp,31997
lopp,31999
lopp,32001
lopp,32005
lopp,32016
lopp,32020
lopp,32021
lopp,32023
lopp,32026
lopp,32032
lopp,32036
lopp,32038
lopp,32041
lopp,32047
lopp,32053
lopp,32066
lopp,32072
lopp,32081
lopp,32083
lopp,32093
lopp,32095
lopp,32102
lopp,32114
lopp,32117
lopp,32120
lopp,32128
lopp,32137
lopp,32145
lopp,32155
lopp,32158
lopp,32163
lopp,32165
lopp,32176
lopp,32185
lopp,32197
lopp,32203
lopp,32205
lopp,32209
lopp,32214
lopp,32222
lopp,32232
lopp,32244
lopp,32258
lopp,32263
lopp,32267
lopp,32270
lopp,32275
lopp,32283
lopp,32285
lopp,32288
lopp,32292
lopp,32294
lopp,32299
lopp,32303
lopp,32311
lopp,32314
lopp,32319
lopp,32328
lopp,32332
lopp,32341
lopp,32344
lopp,32345
lopp,32349
lopp,32353
lopp,32365
lopp,32366
lopp,32373
lopp,32381
lopp,32387
lopp,32396
lopp,32401
lopp,32406
lopp,32408
lopp,32413
lopp,32421
lopp,32428
lopp,32431
lopp,32438
lopp,32440
lopp,32444
lopp,32452
lopp,32455
lopp,32461
lopp,32466
lopp,32471
lopp,32472
lopp,32476
lopp,32479
lopp,32481
lopp,32485
lopp,32489
lopp,32495
lopp,32496
lopp,32498
lopp,32503
lopp,32510
lopp,32516
lopp,32519
lopp,32522
lopp,32533
lopp,32536
lopp,32541
lopp,32543
lopp,32551
lopp,32553
lopp,32558
lopp,32567
lopp,32571
lopp,32576
lopp,32578
lopp,32580
lopp,32589
lopp,32590
lopp,32591
lopp,32593
lopp,32604
lopp,32610
lopp,32612
lopp,32618
lopp,32623
lopp,32628
lopp,32634
lopp,32639
lopp,32645
lopp,32653
lopp,32657
lopp,32663
lopp,32671
lopp,32684
lopp,32693
lopp,32700
lopp,32709
lopp,32711
lopp,32715
lopp,32723
lopp,32725
lopp,32728
lopp,32733
lopp,32735
lopp,32738
lopp,32742
lopp,32747
lopp,32751
lopp,32756
lopp,32766
lopp,32775
lopp,32783
lopp,32787
lopp,32795
lopp,32797
lopp,32805
lopp,32829
lopp,32832
lopp,32841
lopp,32843
lopp,32854
lopp,32855
lopp,32860
lopp,32867
lopp,32869
lopp,32875
lopp,32892
lopp,32893
lopp,32907
lopp,32920
lopp,32926
lopp,32927
lopp,32938
lopp,32949
lopp,32956
lopp,32960
lopp,32970
lopp,32974
lopp,32976
lopp,32984
lopp,32991
lopp,33000
lopp,33004
lopp,33009
lopp,33016
lopp,33022
lopp,33025
lopp,33026
lopp,33030
lopp,33037
lopp,33047
lopp,33056
lopp,33059
lopp,33060
lopp,33064
lopp,33068
lopp,33075
lopp,33085
lopp,33091
lopp,33100
lopp,33105
lopp,33115
lopp,33121
lopp,33126
lopp,33137
lopp,33143
lopp,33154
lopp,33168
lopp,33182
lopp,33187
lopp,33190
lopp,33200
lopp,33204
lopp,33211
lopp,33215
lopp,33221
lopp,33224
lopp,33235
lopp,33243
lopp,33256
lopp,33267
lopp,33272
lopp,33275
lopp,33286
lopp,33291
lopp,33294
lopp,33297
lopp,33305
lopp,33314
lopp,33315
lopp,33319
lopp,33328
lopp,33331
lopp,33338
lopp,33341
lopp,33350
lopp,33358
lopp,33362
lopp,33368
lopp,33370
lopp,33375
lopp,33376
lopp,33383
lopp,33393
lopp,33395
lopp,33405
lopp,33412
lopp,33413
lopp,33420
lopp,33421
lopp,33430
lopp,33434
lopp,33436
lopp,33441
lopp,33445
lopp,33450
lopp,33457
lopp,33460
lopp,33468
lopp,33472
lopp,33481
lopp,33484
lopp,33487
lopp,33491
lopp,33496
lopp,33502
lopp,33506
lopp,33518
lopp,33520
lopp,33523
lopp,33531
lopp,33540
lopp,33549
lopp,33554
lopp,33566
lopp,33577
lopp,33584
lopp,33593
lopp,33594
lopp,33601
lopp,33607
lopp,33610
lopp,33616
lopp,33622
lopp,33627
lopp,33629
lopp,33631
lopp,33634
lopp,33641
lopp,33647
lopp,33654
lopp,33657
lopp,33664
lopp,33665
lopp,33667
lopp,33670
lopp,33675
lopp,33684
lopp,33689
lopp,33696
lopp,33705
lopp,33707
lopp,33710
lopp,33724
lopp,33728
lopp,33734
lopp,33737
lopp,33741
lopp,33744
lopp,33747
lopp,33758
lopp,33760
lopp,33765
lopp,33766
lopp,33771
lopp,33780
lopp,33793
lopp,33794
lopp,33795
lopp,33797
lopp,33801
lopp,33803
lopp,33811
lopp,33813
lopp,33822
lopp,33830
lopp,33838
lopp,33842
lopp,33843
lopp,33846
lopp,33850
lopp,33852
lopp,33860
lopp,33866
lopp,33870
lopp,33878
lopp,33885
lopp,33890
lopp,33896
lopp,33904
lopp,33912
lopp,33916
lopp,33917
lopp,33922
lopp,33927
lopp,33932
lopp,33936
lopp,33943
lopp,33946
lopp,33952
lopp,33953
lopp,33955
lopp,33960
lopp,33968
lopp,33977
lopp,33982
lopp,33987
lopp,33990
lopp,33995
lopp,34001
lopp,34014
lopp,34021
lopp,34027
lopp,34035
lopp,34038
lopp,34049
lopp,34051
lopp,34053
lopp,34059
lopp,34067
lopp,34072
lopp,34088
lopp,34094
lopp,34095
lopp,34097
lopp,34102
lopp,34110
lopp,34117
lopp,34130
lopp,34138
lopp,34140
lopp,34144
lopp,34146
lopp,34157
lopp,34160
lopp,34167
lopp,34168
lopp,34170
lopp,34171
lopp,34176
lopp,34185
lopp,34194
lopp,34203
lopp,34206
lopp,34209
lopp,34220
lopp,34224
lopp,34227
lopp,34232
lopp,34235
lopp,34242
lopp,34243
lopp,34256
lopp,34261
lopp,34262
lopp,34273
lopp,34281
lopp,34286
lopp,34293
lopp,34294
lopp,34300
lopp,34304
lopp,34310
lopp,34321
lopp,34327
lopp,34332
lopp,34337
lopp,34339
lopp,34343
lopp,34350
lopp,34353
lopp,34363
lopp,34366
lopp,34376
lopp,34382
lopp,34390
lopp,34403
lopp,34405
lopp,34407
lopp,34413
lopp,34438
lopp,34447
lopp,34456
lopp,34457
lopp,34463
lopp,34470
lopp,34477
lopp,34485
lopp,34492
lopp,34494
lopp,34502
lopp,34504
lopp,34510
lopp,34513
lopp,34519
lopp,34524
lopp,34526
lopp,34531
lopp,34535
lopp,34540
lopp,34552
lopp,34555
lopp,34562
lopp,34569
lopp,34575
lopp,34581
lopp,34584
lopp,34590
lopp,34598
lopp,34607
lopp,34613
lopp,34619
lopp,34620
lopp,34622
lopp,34624
lopp,34630
lopp,34632
lopp,34634
lopp,34636
lopp,34637
lopp,34640
lopp,34647
lopp,34648
lopp,34653
lopp,34661
lopp,34664
lopp,34670
lopp,34672
lopp,34675
lopp,34677
lopp,34684
lopp,34685
lopp,34686
lopp,34697
lopp,34701
lopp,34715
lopp,34719
lopp,34720
lopp,34728
lopp,34732
lopp,34734
lopp,34738
lopp,34741
lopp,34748
lopp,34751
lopp,34752
lopp,34753
lopp,34755
lopp,34756
lopp,34761
lopp,34768
lopp,34784
lopp,34786
lopp,34804
lopp,34808
lopp,34812
lopp,34813
lopp,34819
lopp,34822
lopp,34824
lopp,34833
lopp,34836
lopp,34844
lopp,34849
lopp,34859
lopp,34863
lopp,34867
lopp,34877
lopp,34879
lopp,34880
lopp,34882
lopp,34891
lopp,34898
lopp,34902
lopp,34905
lopp,34909
lopp,34915
lopp,34920
lopp,34925
lopp,34926
lopp,34928
lopp,34933
lopp,34938
lopp,34942
lopp,34946
lopp,34947
lopp,34949
lopp,34951
lopp,34952
lopp,34957
lopp,34965
lopp,34973
lopp,34975
lopp,34978
lopp,34984
lopp,34988
lopp,34992
lopp,34993
lopp,34996
lopp,34998
lopp,35002
lopp,35007
lopp,35011
lopp,35018
lopp,35025
lopp,35026
lopp,35031
lopp,35032
lopp,35036
lopp,35038
lopp,35039
lopp,35044
lopp,35046
lopp,35048
lopp,35053
lopp,35060
lopp,35063
lopp,35066
lopp,35068
lopp,35076
lopp,35081
lopp,35084
lopp,35087
lopp,35091
lopp,35094
lopp,35104
lopp,35106
lopp,35109
lopp,35112
lopp,35121
lopp,35125
lopp,35128
lopp,35137
lopp,35144
lopp,35145
lopp,35155
lopp,35158
lopp,35159
lopp,35160
lopp,35168
lopp,35174
lopp,35177
lopp,35184
lopp,35187
lopp,35190
lopp,35195
lopp,35200
lopp,35203
lopp,35511
lopp,35519
lopp,35527
lopp,35562
lopp,35563
lopp,35568
lopp,35573
lopp,35595
lopp,35599
lopp,35612
lopp,35616
lopp,35623
lopp,35631
lopp,35640
lopp,35651
lopp,35657
lopp,35665
lopp,35675
lopp,35689
lopp,35692
lopp,35702
lopp,35713
lopp,35719
lopp,35721
lopp,35724
lopp,35727
lopp,35735
lopp,35741
lopp,35744
lopp,35751
lopp,35753
lopp,35755
lopp,35767
lopp,35770
lopp,35773
lopp,35778
lopp,35784
lopp,35788
lopp,35791
lopp,35800
lopp,35807
lopp,35814
lopp,35817
lopp,35819
lopp,35822
lopp,35828
lopp,35836
lopp,35839
lopp,35845
lopp,35851
lopp,35853
lopp,35859
lopp,35860
lopp,35865
lopp,35868
lopp,35876
lopp,35880
lopp,35888
lopp,35894
lopp,35896
lopp,35904
lopp,35916
lopp,35919
lopp,35923
lopp,35930
lopp,35932
lopp,35936
lopp,35938
lopp,35942
lopp,35946
lopp,35952
lopp,35953
lopp,35959
lopp,35960
lopp,35967
lopp,35977
lopp,35978
lopp,35986
lopp,35998
lopp,36006
lopp,36013
lopp,36017
lopp,36024
lopp,36025
lopp,36027
lopp,36030
lopp,36031
lopp,36037
lopp,36046
lopp,36048
lopp,36050
lopp,36056
lopp,36057
lopp,36068
lopp,36072
lopp,36079
lopp,36084
lopp,36088
lopp,36092
lopp,36107
lopp,36112
lopp,36114
lopp,36115
lopp,36122
lopp,36135
lopp,36138
lopp,36146
lopp,36153
lopp,36162
lopp,36172
lopp,36183
lopp,36189
lopp,36191
lopp,36197
lopp,36208
lopp,36223
lopp,36224
lopp,36230
lopp,36235
lopp,36239
lopp,36248
lopp,36251
lopp,36260
lopp,36262
lopp,36264
lopp,36273
lopp,36275
lopp,36287
lopp,36299
lopp,36308
lopp,36314
lopp,36323
lopp,36327
lopp,36334
lopp,36343
lopp,36349
lopp,36354
lopp,36359
lopp,36364
lopp,36368
lopp,36374
lopp,36378
lopp,36381
lopp,36383
lopp,36388
lopp,36395
lopp,36401
lopp,36407
lopp,36417
lopp,36421
lopp,36423
lopp,36432
lopp,36437
lopp,36454
lopp,36458
lopp,36464
lopp,36466
lopp,36474
lopp,36485
lopp,36493
lopp,36501
lopp,36502
lopp,36509
lopp,36513
lopp,36518
lopp,36524
lopp,36535
lopp,36538
lopp,36541
lopp,36550
lopp,36555
lopp,36564
lopp,36569
lopp,36580
lopp,36585
lopp,36588
lopp,36598
lopp,36604
lopp,36610
lopp,36619
lopp,36630
lopp,36635
lopp,36642
lopp,36646
lopp,36655
lopp,36661
lopp,36665
lopp,36669
lopp,36683
lopp,36694
lopp,36696
lopp,36699
lopp,36701
lopp,36711
lopp,36718
lopp,36722
lopp,36725
lopp,36735
lopp,36737
lopp,36743
lopp,36744
lopp,36746
lopp,36756
lopp,36757
lopp,36760
lopp,36763
lopp,36767
lopp,36772
lopp,36781
lopp,36786
lopp,36787
lopp,36793
lopp,36802
lopp,36805
lopp,36812
lopp,36818
lopp,36826
lopp,36832
lopp,36839
lopp,36847
lopp,36852
lopp,36862
lopp,36871
lopp,36875
lopp,36883
lopp,36884
lopp,36889
lopp,36897
lopp,36917
lopp,36929
lopp,36934
lopp,36939
lopp,36960
lopp,36967
lopp,36980
lopp,36990
lopp,36995
lopp,37012
lopp,37015
lopp,37021
lopp,37026
lopp,37034
lopp,37049
lopp,37050
lopp,37061
lopp,37070
lopp,37078
lopp,37086
lopp,37096
lopp,37098
lopp,37100
lopp,37106
lopp,37115
lopp,37120
lopp,37124
lopp,37138
lopp,37146
lopp,37153
lopp,37160
lopp,37168
lopp,37179
lopp,37181
lopp,37192
lopp,37197
lopp,37205
lopp,37216
lopp,37222
lopp,37224
lopp,37232
lopp,37241
lopp,37244
lopp,37246
lopp,37254
lopp,37271
lopp,37278
lopp,37293
lopp,37301
lopp,37303
lopp,37308
lopp,37311
lopp,37738
lopp,37764
lopp,37797
lopp,37804
lopp,37808
lopp,37809
lopp,37815
lopp,37819
lopp,37825
lopp,37838
lopp,37850
lopp,37852
lopp,37864
lopp,37869
lopp,37878
lopp,37883
lopp,37893
lopp,37899
lopp,37915
lopp,37927
lopp,37931
lopp,37944
lopp,37957
lopp,37968
lopp,37978
lopp,37985
lopp,37996
lopp,38004
lopp,38005
lopp,38017
lopp,38025
lopp,38034
lopp,38047
lopp,38060
lopp,38074
lopp,38081
lopp,38090
lopp,38098
lopp,38104
lopp,38108
lopp,38116
lopp,38118
lopp,38127
lopp,38129
lopp,38143
lopp,38150
lopp,38160
lopp,38168
lopp,38175
lopp,38183
lopp,38192
lopp,38197
lopp,38201
lopp,38205
lopp,38207
lopp,38210
lopp,38213
lopp,38215
lopp,38219
lopp,38244
lopp,38256
lopp,38258
lopp,38267
lopp,38277
lopp,38283
lopp,38293
lopp,38304
lopp,38309
lopp,38316
lopp,38332
lopp,38335
lopp,38349
lopp,38357
lopp,38364
lopp,38375
lopp,38376
lopp,38381
lopp,38391
lopp,38398
lopp,38400
lopp,38410
lopp,38420
lopp,38435
lopp,38445
lopp,38463
lopp,38472
lopp,38482
lopp,38496
lopp,38499
lopp,38504
lopp,38511
lopp,38514
lopp,38520
lopp,38523
lopp,38528
lopp,38532
lopp,38544
lopp,38555
lopp,38560
lopp,38568
lopp,38576
lopp,38578
lopp,38583
lopp,38588
lopp,38590
lopp,38597
lopp,38606
lopp,38612
lopp,38613
lopp,38620
lopp,38621
lopp,38625
lopp,38637
lopp,38653
lopp,38655
lopp,38662
lopp,38674
lopp,38679
lopp,38686
lopp,38689
lopp,38696
lopp,38707
lopp,38712
lopp,38721
lopp,38726
lopp,38734
lopp,38741
lopp,38751
lopp,38752
lopp,38761
lopp,38767
lopp,38771
lopp,38779
lopp,38792
lopp,38797
lopp,38809
lopp,38819
lopp,38820
lopp,38832
lopp,38838
lopp,38848
lopp,38863
lopp,38873
lopp,38878
lopp,38884
lopp,38891
lopp,38895
lopp,38905
lopp,38924
lopp,38933
lopp,38939
lopp,38948
lopp,38951
lopp,38961
lopp,38967
lopp,38972
lopp,38979
lopp,38982
lopp,38988
lopp,39000
lopp,39013
lopp,39017
lopp,39031
lopp,39040
lopp,39045
lopp,39057
lopp,39058
lopp,39059
lopp,39063
lopp,39066
lopp,39074
lopp,39082
lopp,39084
lopp,39088
lopp,39094
lopp,39103
lopp,39106
lopp,39108
lopp,39116
lopp,39124
lopp,39130
lopp,39131
lopp,39140
lopp,39148
lopp,39157
lopp,39166
lopp,39174
lopp,39180
lopp,39189
lopp,39200
lopp,39211
lopp,39214
lopp,39217
lopp,39221
lopp,39229
lopp,39236
lopp,39242
lopp,39244
lopp,39256
lopp,39259
lopp,39264
lopp,39268
lopp,39273
lopp,39282
lopp,39290
lopp,39294
lopp,39304
lopp,39308
lopp,39320
lopp,39329
lopp,39339
lopp,39347
lopp,39353
lopp,39356
lopp,39361
lopp,39366
lopp,39376
lopp,39381
lopp,39387
lopp,39390
lopp,39393
lopp,39404
lopp,39410
lopp,39416
lopp,39419
lopp,39421
lopp,39425
lopp,39429
lopp,39434
lopp,39446
lopp,39448
lopp,39452
lopp,39465
lopp,39471
lopp,39474
lopp,39479
lopp,39481
lopp,39491
lopp,39495
lopp,39500
lopp,39517
lopp,39522
lopp,39526
lopp,39541
lopp,39548
lopp,39552
lopp,39559
lopp,39572
lopp,39575
lopp,39584
lopp,39587
lopp,39597
lopp,39601
lopp,39607
lopp,39616
lopp,39629
lopp,39633
lopp,39641
lopp,39647
lopp,39648
lopp,39650
lopp,39655
lopp,39661
lopp,39663
lopp,39670
lopp,39680
lopp,39684
lopp,39694
lopp,39698
lopp,39707
lopp,39729
lopp,39740
lopp,39747
lopp,39754
lopp,39759
lopp,39762
lopp,39764
lopp,39770
lopp,39776
lopp,39781
lopp,39788
lopp,39813
lopp,39827
lopp,39830
lopp,39839
lopp,39844
lopp,39849
lopp,39855
lopp,39859
lopp,39865
lopp,39868
lopp,39872
lopp,39879
lopp,39889
lopp,39900
lopp,39903
lopp,39905
lopp,39909
lopp,39912
lopp,39915
lopp,39928
lopp,39934
lopp,39951
lopp,39959
lopp,39968
lopp,39983
lopp,39987
lopp,39991
lopp,40000
lopp,40018
lopp,40028
lopp,40037
lopp,40039
lopp,40047
lopp,40057
lopp,40066
lopp,40074
lopp,40083
lopp,40093
lopp,40099
lopp,40116
lopp,40138
lopp,40149
lopp,40161
lopp,40166
lopp,40169
lopp,40176
lopp,40182
lopp,40184
lopp,40190
lopp,40196
lopp,40203
lopp,40215
lopp,40227
lopp,40229
lopp,40247
lopp,40252
lopp,40260
lopp,40268
lopp,40273
lopp,40292
lopp,40296
lopp,40306
lopp,40313
lopp,40316
lopp,40322
lopp,40328
lopp,40341
lopp,40349
lopp,40357
lopp,40363
lopp,40369
lopp,40370
lopp,40377
lopp,40397
lopp,40404
lopp,40412
lopp,40415
lopp,40421
lopp,40426
lopp,40435
lopp,40437
lopp,40441
lopp,40457
lopp,40462
lopp,40467
lopp,40483
lopp,40489
lopp,40497
lopp,40504
lopp,40507
lopp,40515
lopp,40528
lopp,40533
lopp,40544
lopp,40555
lopp,40561
lopp,40566
lopp,40580
lopp,40590
lopp,40595
lopp,40596
lopp,40602
lopp,40612
lopp,40617
lopp,40627
lopp,40637
lopp,40647
lopp,40653
lopp,40666
lopp,40674
lopp,40678
lopp,40686
lopp,40698
lopp,40702
lopp,40716
lopp,40720
lopp,40733
lopp,40734
lopp,40741
lopp,40744
lopp,40754
lopp,40765
lopp,40770
lopp,40783
lopp,40797
lopp,40808
lopp,40815
lopp,40822
lopp,40837
lopp,40838
lopp,40848
lopp,40855
lopp,40863
lopp,40867
lopp,40873
lopp,40885
lopp,40902
lopp,40911
lopp,40915
lopp,40924
lopp,40927
lopp,40938
lopp,40939
lopp,40946
lopp,40956
lopp,40961
lopp,40968
lopp,40976
lopp,40991
lopp,40995
lopp,41002
lopp,41010
lopp,41015
lopp,41022
lopp,41027
lopp,41029
lopp,41034
lopp,41047
lopp,41057
lopp,41066
lopp,41073
lopp,41087
lopp,41090
lopp,41095
lopp,41096
lopp,41104
lopp,41106
lopp,41110
lopp,41117
lopp,41123
lopp,41138
lopp,41148
lopp,41162
lopp,41168
lopp,41178
lopp,41190
lopp,41191
lopp,41192
lopp,41200
lopp,41205
lopp,41213
lopp,41215
lopp,41223
lopp,41233
lopp,41240
lopp,41250
lopp,41252
lopp,41263
lopp,41279
lopp,41293
lopp,41307
lopp,41319
lopp,41330
lopp,41334
lopp,41341
lopp,41349
lopp,41361
lopp,41370
lopp,41389
lopp,41411
lopp,41417
lopp,41430
lopp,41440
lopp,41448
lopp,41459
lopp,41478
lopp,41494
lopp,41502
lopp,41512
lopp,41524
lopp,41531
lopp,41545
lopp,41555
lopp,41570
lopp,41585
lopp,41590
lopp,41607
lopp,41614
lopp,41621
lopp,41633
lopp,41641
lopp,41646
lopp,41652
lopp,41657
lopp,41663
lopp,41664
lopp,41678
lopp,41686
lopp,41690
lopp,41695
lopp,41702
lopp,41708
lopp,41715
lopp,41719
lopp,41728
lopp,41735
lopp,41750
lopp,41757
lopp,41762
lopp,41768
lopp,41775
lopp,41779
lopp,41784
lopp,41787
lopp,41802
lopp,41818
lopp,41826
lopp,41831
lopp,41848
lopp,41853
lopp,41860
lopp,41866
lopp,41869
lopp,41880
lopp,41887
lopp,41893
lopp,41894
lopp,41899
lopp,41912
lopp,41914
lopp,41932
lopp,41936
lopp,41949
lopp,41957
lopp,41962
lopp,41972
lopp,41983
lopp,41995
lopp,42004
lopp,42008
lopp,42024
lopp,42037
lopp,42039
lopp,42055
lopp,42062
lopp,42069
lopp,42074
lopp,42085
lopp,42097
lopp,42102
lopp,42117
lopp,42131
lopp,42141
lopp,42146
lopp,42154
lopp,42159
lopp,42173
lopp,42183
lopp,42199
lopp,42202
lopp,42213
lopp,42220
lopp,42233
lopp,42241
lopp,42248
lopp,42266
lopp,42274
lopp,42283
lopp,42291
lopp,42299
lopp,42311
lopp,42319
lopp,42324
lopp,42331
lopp,42338
lopp,42345
lopp,42346
lopp,42347
lopp,42349
lopp,42360
lopp,42369
lopp,42380
lopp,42383
lopp,42387
lopp,42392
lopp,42396
lopp,42399
lopp,42409
lopp,42413
lopp,42421
lopp,42430
lopp,42445
lopp,42466
lopp,42471
lopp,42476
lopp,42479
lopp,42480
lopp,42490
lopp,42497
lopp,42503
lopp,42509
lopp,42518
lopp,42527
lopp,42537
lopp,42544
lopp,42550
lopp,42552
lopp,42557
lopp,42569
lopp,42574
lopp,42581
lopp,42592
lopp,42599
lopp,42616
lopp,42618
lopp,42623
lopp,42636
lopp,42639
lopp,42648
lopp,42655
lopp,42656
lopp,42658
lopp,42659
lopp,42661
lopp,42663
lopp,42669
lopp,42671
lopp,42676
lopp,42679
lopp,42681
lopp,42686
lopp,42692
lopp,42699
lopp,42704
lopp,42709
lopp,42711
lopp,42713
lopp,42721
lopp,42726
lopp,42730
lopp,42737
lopp,42738
lopp,42740
lopp,42748
lopp,42753
lopp,42766
lopp,42769
lopp,42773
lopp,42776
lopp,42779
lopp,42787
lopp,42794
lopp,42797
lopp,42800
lopp,42807
lopp,42825
lopp,42830
lopp,42831
lopp,42845
lopp,42853
lopp,42861
lopp,42874
lopp,42883
lopp,42886
lopp,42900
lopp,42907
lopp,42924
lopp,42929
lopp,42935
lopp,42946
lopp,42956
lopp,42958
lopp,42970
lopp,42979
lopp,42994
lopp,43004
lopp,43010
lopp,43015
lopp,43021
lopp,43024
lopp,43031
lopp,43038
lopp,43041
lopp,43044
lopp,43053
lopp,43061
lopp,43063
lopp,43074
lopp,43083
lopp,43094
lopp,43100
lopp,43104
lopp,43112
lopp,43119
lopp,43132
lopp,43135
lopp,43141
lopp,43156
lopp,43161
lopp,43165
lopp,43169
lopp,43173
lopp,43181
lopp,43193
lopp,43203
lopp,43208
lopp,43215
lopp,43218
lopp,43226
lopp,43227
lopp,43232
lopp,43236
lopp,43239
lopp,43247
lopp,43257
lopp,43265
lopp,43277
lopp,43284
lopp,43292
lopp,43298
lopp,43302
lopp,43311
lopp,43321
lopp,43328
lopp,43334
lopp,43343
lopp,43348
lopp,43355
lopp,43369
lopp,43383
lopp,43401
lopp,43408
lopp,43412
lopp,43425
lopp,43433
lopp,43439
lopp,43449
lopp,43458
lopp,43464
lopp,43468
lopp,43480
lopp,43482
lopp,43507
lopp,43514
lopp,43521
lopp,43526
lopp,43535
lopp,43539
lopp,43545
lopp,43547
lopp,43556
lopp,43562
lopp,43563
lopp,43566
lopp,43576
lopp,43583
lopp,43601
lopp,43607
lopp,43610
lopp,43619
lopp,43627
lopp,43632
lopp,43634
lopp,43640
lopp,43650
lopp,43654
lopp,43673
lopp,43676
lopp,43683
lopp,43689
lopp,43695
lopp,43700
lopp,43704
lopp,43709
lopp,43713
lopp,43723
lopp,43732
lopp,43733
lopp,43739
lopp,43745
lopp,43753
lopp,43764
lopp,43776
lopp,43780
lopp,43792
lopp,43801
lopp,43810
lopp,43817
lopp,43827
lopp,43837
lopp,43849
lopp,43852
lopp,43859
lopp,43868
lopp,43870
lopp,43872
lopp,43880
lopp,43884
lopp,43894
lopp,43896
lopp,43900
lopp,43910
lopp,43922
lopp,43929
lopp,43932
lopp,43936
lopp,43937
lopp,43945
lopp,43957
lopp,43969
lopp,43973
lopp,43975
lopp,43982
lopp,43989
lopp,44000
lopp,44001
lopp,44011
lopp,44013
lopp,44022
lopp,44026
lopp,44031
lopp,44041
lopp,44047
lopp,44056
lopp,44070
lopp,44078
lopp,44087
lopp,44093
lopp,44097
lopp,44101
lopp,44112
lopp,44119
lopp,44123
lopp,44131
lopp,44133
lopp,44173
lopp,44218
lopp,44232
lopp,44234
lopp,44237
lopp,44276
lopp,44280
lopp,44288
lopp,44309
lopp,44316
lopp,44319
lopp,44327
lopp,44329
lopp,44338
lopp,44340
lopp,44343
lopp,44344
lopp,44351
lopp,44357
lopp,44364
lopp,44371
lopp,44374
lopp,44381
lopp,44387
lopp,44397
lopp,44404
lopp,44408
lopp,44410
lopp,44418
lopp,44422
lopp,44430
lopp,44433
lopp,44437
lopp,44443
lopp,44454
lopp,44461
lopp,44467
lopp,44472
lopp,44486
lopp,44502
lopp,44510
lopp,44517
lopp,44521
lopp,44525
lopp,44528
lopp,44530
lopp,44536
lopp,44540
lopp,44541
lopp,44549
lopp,44558
lopp,44565
lopp,44567
lopp,44571
lopp,44575
lopp,44580
lopp,44586
lopp,44595
lopp,44599
lopp,44601
lopp,44607
lopp,44612
lopp,44616
lopp,44620
lopp,44627
lopp,44633
lopp,44645
lopp,44652
lopp,44669
lopp,44679
lopp,44696
lopp,44701
lopp,44708
lopp,44713
lopp,44717
lopp,44730
lopp,44732
lopp,44741
lopp,44743
lopp,44752
lopp,44764
lopp,44768
lopp,44776
lopp,44777
lopp,44782
lopp,44789
lopp,44791
lopp,44792
lopp,44798
lopp,44807
lopp,44812
lopp,44818
lopp,44823
lopp,44828
lopp,44834
lopp,44838
lopp,44852
lopp,44858
lopp,44870
lopp,44878
lopp,44880
lopp,44885
lopp,44887
lopp,44896
lopp,44898
lopp,44905
lopp,44910
lopp,44915
lopp,44923
lopp,44942
lopp,44946
lopp,44948
lopp,44955
lopp,44957
lopp,44961
lopp,44965
lopp,44966
lopp,44969
lopp,44976
lopp,44981
lopp,44983
lopp,44989
lopp,44995
lopp,45000
lopp,45003
lopp,45011
lopp,45017
lopp,45019
lopp,45030
lopp,45051
lopp,45059
lopp,45065
lopp,45071
lopp,45077
lopp,45089
lopp,45091
lopp,45095
lopp,45107
lopp,45112
lopp,45120
lopp,45126
lopp,45129
lopp,45137
lopp,45145
lopp,45149
lopp,45156
lopp,45159
lopp,45164
lopp,45168
lopp,45172
lopp,45179
lopp,45187
lopp,45190
lopp,45199
lopp,45204
lopp,45209
lopp,45211
lopp,45215
lopp,45219
lopp,45221
lopp,45227
lopp,45229
lopp,45235
lopp,45241
lopp,45250
lopp,45253
lopp,45257
lopp,45262
lopp,45275
lopp,45278
lopp,45287
lopp,45290
lopp,45294
lopp,45298
lopp,45306
lopp,45310
lopp,45311
lopp,45317
lopp,45324
lopp,45325
lopp,45329
lopp,45335
lopp,45339
lopp,45345
lopp,45350
lopp,45359
lopp,45376
lopp,45378
lopp,45383
lopp,45389
lopp,45393
lopp,45398
lopp,45404
lopp,45414
lopp,45418
lopp,45420
lopp,45422
lopp,45432
lopp,45436
lopp,45442
lopp,45451
lopp,45452
lopp,45459
lopp,45465
lopp,45472
lopp,45480
lopp,45485
lopp,45489
lopp,45494
lopp,45495
lopp,45501
lopp,45504
lopp,45507
lopp,45512
lopp,45519
lopp,45521
lopp,45527
lopp,45537
lopp,45541
lopp,45543
lopp,45545
lopp,45556
lopp,45561
lopp,45572
lopp,45576
lopp,45584
lopp,45586
lopp,45587
lopp,45590
lopp,45594
lopp,45600
lopp,45609
lopp,45610
lopp,45618
lopp,45622
lopp,45626
lopp,45631
lopp,45640
lopp,45642
lopp,45655
lopp,45663
lopp,45670
lopp,45677
lopp,45689
lopp,45693
lopp,45698
lopp,45705
lopp,45709
lopp,45722
lopp,45736
lopp,45740
lopp,45748
lopp,45766
lopp,45773
lopp,45780
lopp,45783
lopp,45784
lopp,45795
lopp,45803
lopp,45806
lopp,45814
lopp,45823
lopp,45828
lopp,45829
lopp,45831
lopp,45838
lopp,45840
lopp,45844
lopp,45850
lopp,45854
lopp,45858
lopp,45866
lopp,45868
lopp,45875
lopp,45882
lopp,45885
lopp,45889
lopp,45897
lopp,45941
lopp,45945
lopp,45948
lopp,45955
lopp,45960
lopp,45968
lopp,45975
lopp,45981
lopp,45986
lopp,45995
lopp,46006
lopp,46011
lopp,46014
lopp,46022
lopp,46033
lopp,46045
lopp,46054
lopp,46060
lopp,46077
lopp,46084
lopp,46093
lopp,46108
lopp,46110
lopp,46119
lopp,46124
lopp,46129
lopp,46137
lopp,46144
lopp,46145
lopp,46149
lopp,46150
lopp,46164
lopp,46167
lopp,46180
lopp,46183
lopp,46186
lopp,46193
lopp,46201
lopp,46206
lopp,46208
lopp,46220
lopp,46225
lopp,46231
lopp,46238
lopp,46246
lopp,46254
lopp,46260
lopp,46268
lopp,46270
lopp,46278
lopp,46280
lopp,46288
lopp,46293
lopp,46302
lopp,46305
lopp,46310
lopp,46322
lopp,46328
lopp,46337
lopp,46339
lopp,46347
lopp,46352
lopp,46365
lopp,46368
lopp,46373
lopp,46382
lopp,46386
lopp,46393
lopp,46398
lopp,46403
lopp,46407
lopp,46416
lopp,46423
lopp,46427
lopp,46441
lopp,46453
lopp,46457
lopp,46459
lopp,46467
lopp,46472
lopp,46474
lopp,46479
lopp,46481
lopp,46492
lopp,46506
lopp,46511
lopp,46518
lopp,46523
lopp,46528
lopp,46544
lopp,46556
lopp,46566
lopp,46569
lopp,46574
lopp,46578
lopp,46585
lopp,46588
lopp,46591
lopp,46602
lopp,46608
lopp,46619
lopp,46627
lopp,46630
lopp,46637
lopp,46642
lopp,46651
lopp,46662
lopp,46665
lopp,46670
lopp,46672
lopp,46677
lopp,46684
lopp,46691
lopp,46702
lopp,46706
lopp,46710
lopp,46712
lopp,46725
lopp,46734
lopp,46758
lopp,46764
lopp,46771
lopp,46776
lopp,46781
lopp,46792
lopp,46794
lopp,46797
lopp,46802
lopp,46807
lopp,46814
lopp,46816
lopp,46821
lopp,46830
lopp,46841
lopp,46844
lopp,46854
lopp,46860
lopp,46866
lopp,46872
lopp,46881
lopp,46893
lopp,46901
lopp,46905
lopp,46917
lopp,46922
lopp,46927
lopp,46940
lopp,46944
lopp,46945
lopp,46948
lopp,46963
lopp,46966
lopp,46974
lopp,46986
lopp,46993
lopp,46999
lopp,47006
lopp,47009
lopp,47020
lopp,47027
lopp,47037
lopp,47046
lopp,47053
lopp,47066
lopp,47080
lopp,47084
lopp,47093
lopp,47105
lopp,47120
lopp,47121
lopp,47126
lopp,47138
lopp,47145
lopp,47146
lopp,47151
lopp,47152
lopp,47156
lopp,47161
lopp,47162
lopp,47164
lopp,47173
lopp,47179
lopp,47187
lopp,47204
lopp,47218
lopp,47229
lopp,47237
lopp,47243
lopp,47251
lopp,47256
lopp,47267
lopp,47272
lopp,47290
lopp,47313
lopp,47317
lopp,47322
lopp,47325
lopp,47334
lopp,47344
lopp,47355
lopp,47358
lopp,47362
lopp,47369
lopp,47379
lopp,47386
lopp,47390
lopp,47393
lopp,47403
lopp,47405
lopp,47413
lopp,47420
lopp,47433
lopp,47444
lopp,47448
lopp,47453
lopp,47459
lopp,47466
lopp,47470
lopp,47477
lopp,47486
lopp,47495
lopp,47499
lopp,47504
lopp,47514
lopp,47527
lopp,47528
lopp,47537
lopp,47550
lopp,47562
lopp,47565
lopp,47568
lopp,47576
lopp,47582
lopp,47585
lopp,47588
lopp,47592
lopp,47602
lopp,47614
lopp,47626
lopp,47629
lopp,47631
lopp,47645
lopp,47655
lopp,47671
lopp,47674
lopp,47686
lopp,47694
lopp,47698
lopp,47700
lopp,47705
lopp,47719
lopp,47726
lopp,47741
lopp,47744
lopp,47751
lopp,47754
lopp,47762
lopp,47772
lopp,47777
lopp,47787
lopp,47796
lopp,47825
lopp,47830
lopp,47849
lopp,47859
lopp,47862
lopp,47866
lopp,47878
lopp,47893
lopp,47899
lopp,47909
lopp,47920
lopp,47932
lopp,47943
lopp,47958
lopp,47964
lopp,47973
lopp,47978
lopp,47987
lopp,48003
lopp,48011
lopp,48019
lopp,48030
lopp,48043
lopp,48052
lopp,48063
lopp,48077
lopp,48086
lopp,48092
lopp,48098
lopp,48102
lopp,48110
lopp,48131
lopp,48137
lopp,48146
lopp,48153
lopp,48171
lopp,48176
lopp,48186
lopp,48197
lopp,48204
lopp,48207
lopp,48217
lopp,48219
lopp,48252
lopp,48277
lopp,48294
lopp,48346
lopp,48349
lopp,48358
lopp,48368
lopp,48378
lopp,48389
lopp,48392
lopp,48397
lopp,48400
lopp,48403
lopp,48406
lopp,48414
lopp,48434
lopp,48441
lopp,48444
lopp,48457
lopp,48461
lopp,48466
lopp,48477
lopp,48482
lopp,48488
lopp,48498
lopp,48503
lopp,48504
lopp,48507
lopp,48509
lopp,48513
lopp,48526
lopp,48528
lopp,48531
lopp,48543
lopp,48548
lopp,48551
lopp,48559
lopp,48564
lopp,48578
lopp,48584
lopp,48588
lopp,48597
lopp,48602
lopp,48609
lopp,48618
lopp,48624
lopp,48636
lopp,48648
lopp,48660
lopp,48668
lopp,48676
lopp,48681
lopp,48688
lopp,48704
lopp,48706
lopp,48707
lopp,48716
lopp,48722
lopp,48727
lopp,48730
lopp,48737
lopp,48742
lopp,48748
lopp,48762
lopp,48765
lopp,48770
lopp,48775
lopp,48780
lopp,48788
lopp,48796
lopp,48800
lopp,48803
lopp,48806
lopp,48812
lopp,48829
lopp,48834
lopp,48842
lopp,48871
lopp,48912
lopp,48920
lopp,48931
lopp,48943
lopp,48949
lopp,48953
lopp,48960
lopp,48967
lopp,48973
lopp,48977
lopp,48985
lopp,48987
lopp,48993
lopp,49005
lopp,49012
lopp,49015
lopp,49024
lopp,49028
lopp,49032
lopp,49040
lopp,49051
lopp,49059
lopp,49070
lopp,49073
lopp,49076
lopp,49081
lopp,49085
lopp,49088
lopp,49095
lopp,49103
lopp,49107
lopp,49115
lopp,49119
lopp,49121
lopp,49126
lopp,49130
lopp,49136
lopp,49152
lopp,49158
lopp,49164
lopp,49171
lopp,49173
lopp,49174
lopp,49180
lopp,49191
lopp,49195
lopp,49203
lopp,49206
lopp,49210
lopp,49216
lopp,49228
lopp,49238
lopp,49250
lopp,49260
lopp,49268
lopp,49274
lopp,49281
lopp,49286
lopp,49292
lopp,49297
lopp,49305
lopp,49315
lopp,49319
lopp,49327
lopp,49339
lopp,49352
lopp,49372
lopp,49383
lopp,49395
lopp,49404
lopp,49415
lopp,49423
lopp,49431
lopp,49443
lopp,49463
lopp,49469
lopp,49476
lopp,49480
lopp,49483
lopp,49797
lopp,49867
lopp,49957
lopp,49958
